,Time,Media,Plate,Well,Sample,Strain,Strain2,Phylum,Class,Order,Family,Genus,Phylum_alternative,OD600
1,T0,Glucose,P1.1,A1, S1 ,R4,Root4,Actinobacteria,Actinobacteria,Actinomycetales,Microbacteriaceae,Agromyces,Actinobacteria,0.087399997
2,T0,Glucose,P1.1,A2, S2 ,R9,Root9,Proteobacteria,Gammaproteobacteria,Pseudomonadales,Pseudomonadaceae,Pseudomonas,Gammaproteobacteria,0.085900001
3,T0,Glucose,P1.1,A3, S3 ,R11,Root11,Firmicutes,Bacilli,Bacillales,Bacillaceae,Bacillus,Firmicutes,0.0845
4,T0,Glucose,P1.1,A4, S4 ,R16D2,Root16D2,Proteobacteria,Betaproteobacteria,Burkholderiales,Comamonadaceae,#REF!,Betaproteobacteria,0.087099999
5,T0,Glucose,P1.1,A5, S5 ,R22,Root22,Actinobacteria,Actinobacteria,Actinomycetales,Promicromonosporaceae,#REF!,Actinobacteria,0.083499998
6,T0,Glucose,P1.1,A6, S6 ,R53,Root53,Actinobacteria,Actinobacteria,Actinomycetales,Microbacteriaceae,Microbacterium,Actinobacteria,0.087800004
7,T0,3OMG,P1.1,A7, S1 ,R4,Root4,Actinobacteria,Actinobacteria,Actinomycetales,Microbacteriaceae,Agromyces,Actinobacteria,0.089599997
8,T0,3OMG,P1.1,A8, S2 ,R9,Root9,Proteobacteria,Gammaproteobacteria,Pseudomonadales,Pseudomonadaceae,Pseudomonas,Gammaproteobacteria,0.086599998
9,T0,3OMG,P1.1,A9, S3 ,R11,Root11,Firmicutes,Bacilli,Bacillales,Bacillaceae,Bacillus,Firmicutes,0.084600002
10,T0,3OMG,P1.1,A10, S4 ,R16D2,Root16D2,Proteobacteria,Betaproteobacteria,Burkholderiales,Comamonadaceae,#REF!,Betaproteobacteria,0.086900003
11,T0,3OMG,P1.1,A11, S5 ,R22,Root22,Actinobacteria,Actinobacteria,Actinomycetales,Promicromonosporaceae,#REF!,Actinobacteria,0.082500003
12,T0,3OMG,P1.1,A12, S6 ,R53,Root53,Actinobacteria,Actinobacteria,Actinomycetales,Microbacteriaceae,Microbacterium,Actinobacteria,0.086800002
13,T0,Glucose,P1.1,B1, S7 ,R61,Root61,Actinobacteria,Actinobacteria,Actinomycetales,Microbacteriaceae,Microbacterium,Actinobacteria,0.101499997
14,T0,Glucose,P1.1,B2, S8 ,R65,Root65,Proteobacteria,Gammaproteobacteria,Xanthomonadales,Xanthomonadaceae,Pseudoxanthomonas,Gammaproteobacteria,0.110699996
15,T0,Glucose,P1.1,B3, S9 ,R68,Root68,Proteobacteria,Gammaproteobacteria,Pseudomonadales,Pseudomonadaceae,Pseudomonas,Gammaproteobacteria,0.109499998
16,T0,Glucose,P1.1,B4, S10 ,R70,Root70,Proteobacteria,Betaproteobacteria,Burkholderiales,Comamonadaceae,Acidovorax,Betaproteobacteria,0.0999
17,T0,Glucose,P1.1,B5, S11 ,R71,Root71,Proteobacteria,Gammaproteobacteria,Pseudomonadales,Pseudomonadaceae,Pseudomonas,Gammaproteobacteria,0.103399999
18,T0,Glucose,P1.1,B6, S12 ,R81,Root81,Actinobacteria,Actinobacteria,Actinomycetales,Microbacteriaceae,Agromyces,Actinobacteria,0.111500002
19,T0,3OMG,P1.1,B7, S7 ,R61,Root61,Actinobacteria,Actinobacteria,Actinomycetales,Microbacteriaceae,Microbacterium,Actinobacteria,0.099299997
20,T0,3OMG,P1.1,B8, S8 ,R65,Root65,Proteobacteria,Gammaproteobacteria,Xanthomonadales,Xanthomonadaceae,Pseudoxanthomonas,Gammaproteobacteria,0.108000003
21,T0,3OMG,P1.1,B9, S9 ,R68,Root68,Proteobacteria,Gammaproteobacteria,Pseudomonadales,Pseudomonadaceae,Pseudomonas,Gammaproteobacteria,0.104999997
22,T0,3OMG,P1.1,B10, S10 ,R70,Root70,Proteobacteria,Betaproteobacteria,Burkholderiales,Comamonadaceae,Acidovorax,Betaproteobacteria,0.101199999
23,T0,3OMG,P1.1,B11, S11 ,R71,Root71,Proteobacteria,Gammaproteobacteria,Pseudomonadales,Pseudomonadaceae,Pseudomonas,Gammaproteobacteria,0.102700002
24,T0,3OMG,P1.1,B12, S12 ,R81,Root81,Actinobacteria,Actinobacteria,Actinomycetales,Microbacteriaceae,Agromyces,Actinobacteria,0.090700001
25,T0,Glucose,P1.1,C1, S13 ,R83,Root83,Proteobacteria,Betaproteobacteria,Burkholderiales,Alcaligenaceae,Achromobacter,Betaproteobacteria,0.096500002
26,T0,Glucose,P1.1,C2, S14 ,R85,Root85,Actinobacteria,Actinobacteria,Actinomycetales,Intrasporangiaceae,#REF!,Actinobacteria,0.109800003
27,T0,Glucose,P1.1,C3, S15 ,R101,Root101,Actinobacteria,Actinobacteria,Actinomycetales,Intrasporangiaceae,Janibacter,Actinobacteria,0.101199999
28,T0,Glucose,P1.1,C4, S16 ,R107,Root107,Actinobacteria,Actinobacteria,Actinomycetales,Streptomycetaceae,#REF!,Actinobacteria,0.099600002
29,T0,Glucose,P1.1,C5, S17 ,R112D2,Root112D2,Actinobacteria,Actinobacteria,Actinomycetales,Microbacteriaceae,#REF!,Actinobacteria,0.0995
30,T0,Glucose,P1.1,C6, S18 ,R123D2,Root123D2,Proteobacteria,Alphaproteobacteria,Rhizobiales,Bradyrhizobiaceae,Afipia,Alphaproteobacteria,0.105099998
31,T0,3OMG,P1.1,C7, S13 ,R83,Root83,Proteobacteria,Betaproteobacteria,Burkholderiales,Alcaligenaceae,Achromobacter,Betaproteobacteria,0.101599999
32,T0,3OMG,P1.1,C8, S14 ,R85,Root85,Actinobacteria,Actinobacteria,Actinomycetales,Intrasporangiaceae,#REF!,Actinobacteria,0.100900002
33,T0,3OMG,P1.1,C9, S15 ,R101,Root101,Actinobacteria,Actinobacteria,Actinomycetales,Intrasporangiaceae,Janibacter,Actinobacteria,0.098399997
34,T0,3OMG,P1.1,C10, S16 ,R107,Root107,Actinobacteria,Actinobacteria,Actinomycetales,Streptomycetaceae,#REF!,Actinobacteria,0.1052
35,T0,3OMG,P1.1,C11, S17 ,R112D2,Root112D2,Actinobacteria,Actinobacteria,Actinomycetales,Microbacteriaceae,#REF!,Actinobacteria,0.107600003
36,T0,3OMG,P1.1,C12, S18 ,R123D2,Root123D2,Proteobacteria,Alphaproteobacteria,Rhizobiales,Bradyrhizobiaceae,Afipia,Alphaproteobacteria,0.095200002
37,T0,Glucose,P1.1,D1, S19 ,R135,Root135,Actinobacteria,Actinobacteria,Actinomycetales,Mycobacteriaceae,Mycobacterium,Actinobacteria,0.096900001
38,T0,Glucose,P1.1,D2, S20 ,R136,Root136,Actinobacteria,Actinobacteria,Actinomycetales,Nocardiaceae,Nocardia,Actinobacteria,0.107299998
39,T0,Glucose,P1.1,D3, S21 ,R140,Root140,Actinobacteria,Actinobacteria,Actinomycetales,Nocardioidaceae,Nocardioides,Actinobacteria,0.1105
40,T0,Glucose,P1.1,D4, S22 ,R147,Root147,Firmicutes,Bacilli,Bacillales,Bacillaceae,#REF!,Firmicutes,0.100400001
41,T0,Glucose,P1.1,D5, S23 ,R149,Root149,Proteobacteria,Alphaproteobacteria,Rhizobiales,Rhizobiaceae,Rhizobium,Alphaproteobacteria,0.106600001
42,T0,Glucose,P1.1,D6, S24 ,R157,Root157,Proteobacteria,Alphaproteobacteria,Rhizobiales,Phyllobacteriaceae,Mesorhizobium,Alphaproteobacteria,0.110600002
43,T0,3OMG,P1.1,D7, S19 ,R135,Root135,Actinobacteria,Actinobacteria,Actinomycetales,Mycobacteriaceae,Mycobacterium,Actinobacteria,0.109999999
44,T0,3OMG,P1.1,D8, S20 ,R136,Root136,Actinobacteria,Actinobacteria,Actinomycetales,Nocardiaceae,Nocardia,Actinobacteria,0.108400002
45,T0,3OMG,P1.1,D9, S21 ,R140,Root140,Actinobacteria,Actinobacteria,Actinomycetales,Nocardioidaceae,Nocardioides,Actinobacteria,0.101599999
46,T0,3OMG,P1.1,D10,S22,R147,Root147,Firmicutes,Bacilli,Bacillales,Bacillaceae,#REF!,Firmicutes,0.104800001
47,T0,3OMG,P1.1,D11,S23,R149,Root149,Proteobacteria,Alphaproteobacteria,Rhizobiales,Rhizobiaceae,Rhizobium,Alphaproteobacteria,0.114699997
48,T0,3OMG,P1.1,D12,S24,R157,Root157,Proteobacteria,Alphaproteobacteria,Rhizobiales,Phyllobacteriaceae,Mesorhizobium,Alphaproteobacteria,0.099399999
49,T0,Glucose,P1.1,E1,S25,R166,Root166,Actinobacteria,Actinobacteria,Actinomycetales,Microbacteriaceae,Microbacterium,Actinobacteria,0.097099997
50,T0,Glucose,P1.1,E2,S26,R170,Root170,Proteobacteria,Betaproteobacteria,Burkholderiales,Alcaligenaceae,Achromobacter,Betaproteobacteria,0.108199999
51,T0,Glucose,P1.1,E3,S27,R172,Root172,Proteobacteria,Alphaproteobacteria,Rhizobiales,Phyllobacteriaceae,Mesorhizobium,Alphaproteobacteria,0.111000001
52,T0,Glucose,P1.1,E4,S28,R179,Root179,Proteobacteria,Gammaproteobacteria,Xanthomonadales,Xanthomonadaceae,Rhodanobacter,Gammaproteobacteria,0.1074
53,T0,Glucose,P1.1,E5,S29,R186,Root186,Bacteroidetes,Flavobacteriia,Flavobacteriales,Flavobacteriaceae,Flavobacterium,Bacteroidetes,0.106299996
54,T0,Glucose,P1.1,E6,S30,R189,Root189,Proteobacteria,Betaproteobacteria,Burkholderiales,Oxalobacteraceae,Herbaspirillum,Betaproteobacteria,0.108400002
55,T0,3OMG,P1.1,E7,S25,R166,Root166,Actinobacteria,Actinobacteria,Actinomycetales,Microbacteriaceae,Microbacterium,Actinobacteria,0.105400003
56,T0,3OMG,P1.1,E8,S26,R170,Root170,Proteobacteria,Betaproteobacteria,Burkholderiales,Alcaligenaceae,Achromobacter,Betaproteobacteria,0.1017
57,T0,3OMG,P1.1,E9,S27,R172,Root172,Proteobacteria,Alphaproteobacteria,Rhizobiales,Phyllobacteriaceae,Mesorhizobium,Alphaproteobacteria,0.103399999
58,T0,3OMG,P1.1,E10,S28,R179,Root179,Proteobacteria,Gammaproteobacteria,Xanthomonadales,Xanthomonadaceae,Rhodanobacter,Gammaproteobacteria,0.117700003
59,T0,3OMG,P1.1,E11,S29,R186,Root186,Bacteroidetes,Flavobacteriia,Flavobacteriales,Flavobacteriaceae,Flavobacterium,Bacteroidetes,0.115699999
60,T0,3OMG,P1.1,E12,S30,R189,Root189,Proteobacteria,Betaproteobacteria,Burkholderiales,Oxalobacteraceae,Herbaspirillum,Betaproteobacteria,0.102799997
61,T0,Glucose,P1.1,F1,S31,R190,Root190,Actinobacteria,Actinobacteria,Actinomycetales,Nocardioidaceae,Nocardioides,Actinobacteria,0.083899997
62,T0,Glucose,P1.1,F2,S32,R198D2,Root198D2,Proteobacteria,Betaproteobacteria,Burkholderiales,Oxalobacteraceae,#REF!,Betaproteobacteria,0.1074
63,T0,Glucose,P1.1,F3,S33,R209,Root209,Proteobacteria,Betaproteobacteria,Burkholderiales,Comamonadaceae,#REF!,Betaproteobacteria,0.1105
64,T0,Glucose,P1.1,F4,S34,R224,Root224,Actinobacteria,Actinobacteria,Actinomycetales,Nocardioidaceae,Nocardioides,Actinobacteria,0.108400002
65,T0,Glucose,P1.1,F5,S35,R227,Root227,Actinobacteria,Actinobacteria,Actinomycetales,Microbacteriaceae,#REF!,Actinobacteria,0.105300002
66,T0,Glucose,P1.1,F6,S36,R240,Root240,Actinobacteria,Actinobacteria,Actinomycetales,Nocardioidaceae,Nocardioides,Actinobacteria,0.101999998
67,T0,3OMG,P1.1,F7,S31,R190,Root190,Actinobacteria,Actinobacteria,Actinomycetales,Nocardioidaceae,Nocardioides,Actinobacteria,0.103799999
68,T0,3OMG,P1.1,F8,S32,R198D2,Root198D2,Proteobacteria,Betaproteobacteria,Burkholderiales,Oxalobacteraceae,#REF!,Betaproteobacteria,0.103600003
69,T0,3OMG,P1.1,F9,S33,R209,Root209,Proteobacteria,Betaproteobacteria,Burkholderiales,Comamonadaceae,#REF!,Betaproteobacteria,0.111100003
70,T0,3OMG,P1.1,F10,S34,R224,Root224,Actinobacteria,Actinobacteria,Actinomycetales,Nocardioidaceae,Nocardioides,Actinobacteria,0.108800001
71,T0,3OMG,P1.1,F11,S35,R227,Root227,Actinobacteria,Actinobacteria,Actinomycetales,Microbacteriaceae,#REF!,Actinobacteria,0.115599997
72,T0,3OMG,P1.1,F12,S36,R240,Root240,Actinobacteria,Actinobacteria,Actinomycetales,Nocardioidaceae,Nocardioides,Actinobacteria,0.095899999
73,T0,Glucose,P1.1,G1,S37,R241,Root241,Proteobacteria,Alphaproteobacteria,Sphingomonadales,Sphingomonadaceae,Sphingomonas,Alphaproteobacteria,0.085500002
74,T0,Glucose,P1.1,G2,S38,R265,Root265,Actinobacteria,Actinobacteria,Actinomycetales,Mycobacteriaceae,Mycobacterium,Actinobacteria,0.1109
75,T0,Glucose,P1.1,G3,S39,R268,Root268,Proteobacteria,Alphaproteobacteria,Rhizobiales,Rhizobiaceae,Rhizobium,Alphaproteobacteria,0.109700002
76,T0,Glucose,P1.1,G4,S40,R280D1,Root280D1,Actinobacteria,Actinobacteria,Actinomycetales,Microbacteriaceae,Microbacterium,Actinobacteria,0.105099998
77,T0,Glucose,P1.1,G5,S41,R318D1,Root318D1,Proteobacteria,Betaproteobacteria,Burkholderiales,Comamonadaceae,Variovorax,Betaproteobacteria,0.099299997
78,T0,Glucose,P1.1,G6,S42,R329,Root329,Proteobacteria,Gammaproteobacteria,Pseudomonadales,Pseudomonadaceae,Pseudomonas,Gammaproteobacteria,0.098999999
79,T0,3OMG,P1.1,G7,S37,R241,Root241,Proteobacteria,Alphaproteobacteria,Sphingomonadales,Sphingomonadaceae,Sphingomonas,Alphaproteobacteria,0.101199999
80,T0,3OMG,P1.1,G8,S38,R265,Root265,Actinobacteria,Actinobacteria,Actinomycetales,Mycobacteriaceae,Mycobacterium,Actinobacteria,0.103500001
81,T0,3OMG,P1.1,G9,S39,R268,Root268,Proteobacteria,Alphaproteobacteria,Rhizobiales,Rhizobiaceae,Rhizobium,Alphaproteobacteria,0.104599997
82,T0,3OMG,P1.1,G10,S40,R280D1,Root280D1,Actinobacteria,Actinobacteria,Actinomycetales,Microbacteriaceae,Microbacterium,Actinobacteria,0.114799999
83,T0,3OMG,P1.1,G11,S41,R318D1,Root318D1,Proteobacteria,Betaproteobacteria,Burkholderiales,Comamonadaceae,Variovorax,Betaproteobacteria,0.108599998
84,T0,3OMG,P1.1,G12,S42,R329,Root329,Proteobacteria,Gammaproteobacteria,Pseudomonadales,Pseudomonadaceae,Pseudomonas,Gammaproteobacteria,0.085600004
85,T0,Glucose,P1.1,H1,S43,R332,Root332,Actinobacteria,Actinobacteria,Actinomycetales,Microbacteriaceae,#REF!,Actinobacteria,0.086599998
86,T0,Glucose,P1.1,H2,S44,R336D2,Root336D2,Proteobacteria,Betaproteobacteria,Burkholderiales,Oxalobacteraceae,#REF!,Betaproteobacteria,0.087800004
87,T0,Glucose,P1.1,H3,S45,R369,Root369,Actinobacteria,Actinobacteria,Actinomycetales,Streptomycetaceae,Streptomyces,Actinobacteria,0.081
88,T0,Glucose,P1.1,H4,Water,Water,Water,#N/A,#N/A,#N/A,#N/A,#N/A,#N/A,0.082400002
89,T0,Glucose,P1.1,H5,Water,Water,Water,#N/A,#N/A,#N/A,#N/A,#N/A,#N/A,0.0801
90,T0,Glucose,P1.1,H6,Water,Water,Water,#N/A,#N/A,#N/A,#N/A,#N/A,#N/A,0.077500001
91,T0,3OMG,P1.1,H7,S43,R332,Root332,Actinobacteria,Actinobacteria,Actinomycetales,Microbacteriaceae,#REF!,Actinobacteria,0.086300001
92,T0,3OMG,P1.1,H8,S44,R336D2,Root336D2,Proteobacteria,Betaproteobacteria,Burkholderiales,Oxalobacteraceae,#REF!,Betaproteobacteria,0.084899999
93,T0,3OMG,P1.1,H9,S45,R369,Root369,Actinobacteria,Actinobacteria,Actinomycetales,Streptomycetaceae,Streptomyces,Actinobacteria,0.077100001
94,T0,3OMG,P1.1,H10,Water,Water,Water,#N/A,#N/A,#N/A,#N/A,#N/A,#N/A,0.077100001
95,T0,3OMG,P1.1,H11,Water,Water,Water,#N/A,#N/A,#N/A,#N/A,#N/A,#N/A,0.0766
96,T0,3OMG,P1.1,H12,Water,Water,Water,#N/A,#N/A,#N/A,#N/A,#N/A,#N/A,0.076099999
97,T0,Glucose,P1.2,A1, S1 ,R4,Root4,Actinobacteria,Actinobacteria,Actinomycetales,Microbacteriaceae,Agromyces,Actinobacteria,0.086400002
98,T0,Glucose,P1.2,A2, S2 ,R9,Root9,Proteobacteria,Gammaproteobacteria,Pseudomonadales,Pseudomonadaceae,Pseudomonas,Gammaproteobacteria,0.085100003
99,T0,Glucose,P1.2,A3, S3 ,R11,Root11,Firmicutes,Bacilli,Bacillales,Bacillaceae,Bacillus,Firmicutes,0.084399998
100,T0,Glucose,P1.2,A4, S4 ,R16D2,Root16D2,Proteobacteria,Betaproteobacteria,Burkholderiales,Comamonadaceae,#REF!,Betaproteobacteria,0.085600004
101,T0,Glucose,P1.2,A5, S5 ,R22,Root22,Actinobacteria,Actinobacteria,Actinomycetales,Promicromonosporaceae,#REF!,Actinobacteria,0.082900003
102,T0,Glucose,P1.2,A6, S6 ,R53,Root53,Actinobacteria,Actinobacteria,Actinomycetales,Microbacteriaceae,Microbacterium,Actinobacteria,0.085299999
103,T0,3OMG,P1.2,A7, S1 ,R4,Root4,Actinobacteria,Actinobacteria,Actinomycetales,Microbacteriaceae,Agromyces,Actinobacteria,0.086000003
104,T0,3OMG,P1.2,A8, S2 ,R9,Root9,Proteobacteria,Gammaproteobacteria,Pseudomonadales,Pseudomonadaceae,Pseudomonas,Gammaproteobacteria,0.085000001
105,T0,3OMG,P1.2,A9, S3 ,R11,Root11,Firmicutes,Bacilli,Bacillales,Bacillaceae,Bacillus,Firmicutes,0.083899997
106,T0,3OMG,P1.2,A10, S4 ,R16D2,Root16D2,Proteobacteria,Betaproteobacteria,Burkholderiales,Comamonadaceae,#REF!,Betaproteobacteria,0.085100003
107,T0,3OMG,P1.2,A11, S5 ,R22,Root22,Actinobacteria,Actinobacteria,Actinomycetales,Promicromonosporaceae,#REF!,Actinobacteria,0.086599998
108,T0,3OMG,P1.2,A12, S6 ,R53,Root53,Actinobacteria,Actinobacteria,Actinomycetales,Microbacteriaceae,Microbacterium,Actinobacteria,0.085500002
109,T0,Glucose,P1.2,B1, S7 ,R61,Root61,Actinobacteria,Actinobacteria,Actinomycetales,Microbacteriaceae,Microbacterium,Actinobacteria,0.086099997
110,T0,Glucose,P1.2,B2, S8 ,R65,Root65,Proteobacteria,Gammaproteobacteria,Xanthomonadales,Xanthomonadaceae,Pseudoxanthomonas,Gammaproteobacteria,0.086800002
111,T0,Glucose,P1.2,B3, S9 ,R68,Root68,Proteobacteria,Gammaproteobacteria,Pseudomonadales,Pseudomonadaceae,Pseudomonas,Gammaproteobacteria,0.083700001
112,T0,Glucose,P1.2,B4, S10 ,R70,Root70,Proteobacteria,Betaproteobacteria,Burkholderiales,Comamonadaceae,Acidovorax,Betaproteobacteria,0.082999997
113,T0,Glucose,P1.2,B5, S11 ,R71,Root71,Proteobacteria,Gammaproteobacteria,Pseudomonadales,Pseudomonadaceae,Pseudomonas,Gammaproteobacteria,0.084200002
114,T0,Glucose,P1.2,B6, S12 ,R81,Root81,Actinobacteria,Actinobacteria,Actinomycetales,Microbacteriaceae,Agromyces,Actinobacteria,0.086199999
115,T0,3OMG,P1.2,B7, S7 ,R61,Root61,Actinobacteria,Actinobacteria,Actinomycetales,Microbacteriaceae,Microbacterium,Actinobacteria,0.084299996
116,T0,3OMG,P1.2,B8, S8 ,R65,Root65,Proteobacteria,Gammaproteobacteria,Xanthomonadales,Xanthomonadaceae,Pseudoxanthomonas,Gammaproteobacteria,0.087300003
117,T0,3OMG,P1.2,B9, S9 ,R68,Root68,Proteobacteria,Gammaproteobacteria,Pseudomonadales,Pseudomonadaceae,Pseudomonas,Gammaproteobacteria,0.083700001
118,T0,3OMG,P1.2,B10, S10 ,R70,Root70,Proteobacteria,Betaproteobacteria,Burkholderiales,Comamonadaceae,Acidovorax,Betaproteobacteria,0.082400002
119,T0,3OMG,P1.2,B11, S11 ,R71,Root71,Proteobacteria,Gammaproteobacteria,Pseudomonadales,Pseudomonadaceae,Pseudomonas,Gammaproteobacteria,0.083300002
120,T0,3OMG,P1.2,B12, S12 ,R81,Root81,Actinobacteria,Actinobacteria,Actinomycetales,Microbacteriaceae,Agromyces,Actinobacteria,0.086300001
121,T0,Glucose,P1.2,C1, S13 ,R83,Root83,Proteobacteria,Betaproteobacteria,Burkholderiales,Alcaligenaceae,Achromobacter,Betaproteobacteria,0.0836
122,T0,Glucose,P1.2,C2, S14 ,R85,Root85,Actinobacteria,Actinobacteria,Actinomycetales,Intrasporangiaceae,#REF!,Actinobacteria,0.0889
123,T0,Glucose,P1.2,C3, S15 ,R101,Root101,Actinobacteria,Actinobacteria,Actinomycetales,Intrasporangiaceae,Janibacter,Actinobacteria,0.079000004
124,T0,Glucose,P1.2,C4, S16 ,R107,Root107,Actinobacteria,Actinobacteria,Actinomycetales,Streptomycetaceae,#REF!,Actinobacteria,0.082699999
125,T0,Glucose,P1.2,C5, S17 ,R112D2,Root112D2,Actinobacteria,Actinobacteria,Actinomycetales,Microbacteriaceae,#REF!,Actinobacteria,0.086199999
126,T0,Glucose,P1.2,C6, S18 ,R123D2,Root123D2,Proteobacteria,Alphaproteobacteria,Rhizobiales,Bradyrhizobiaceae,Afipia,Alphaproteobacteria,0.0858
127,T0,3OMG,P1.2,C7, S13 ,R83,Root83,Proteobacteria,Betaproteobacteria,Burkholderiales,Alcaligenaceae,Achromobacter,Betaproteobacteria,0.083700001
128,T0,3OMG,P1.2,C8, S14 ,R85,Root85,Actinobacteria,Actinobacteria,Actinomycetales,Intrasporangiaceae,#REF!,Actinobacteria,0.084799998
129,T0,3OMG,P1.2,C9, S15 ,R101,Root101,Actinobacteria,Actinobacteria,Actinomycetales,Intrasporangiaceae,Janibacter,Actinobacteria,0.079099998
130,T0,3OMG,P1.2,C10, S16 ,R107,Root107,Actinobacteria,Actinobacteria,Actinomycetales,Streptomycetaceae,#REF!,Actinobacteria,0.082900003
131,T0,3OMG,P1.2,C11, S17 ,R112D2,Root112D2,Actinobacteria,Actinobacteria,Actinomycetales,Microbacteriaceae,#REF!,Actinobacteria,0.0845
132,T0,3OMG,P1.2,C12, S18 ,R123D2,Root123D2,Proteobacteria,Alphaproteobacteria,Rhizobiales,Bradyrhizobiaceae,Afipia,Alphaproteobacteria,0.085699998
133,T0,Glucose,P1.2,D1, S19 ,R135,Root135,Actinobacteria,Actinobacteria,Actinomycetales,Mycobacteriaceae,Mycobacterium,Actinobacteria,0.083300002
134,T0,Glucose,P1.2,D2, S20 ,R136,Root136,Actinobacteria,Actinobacteria,Actinomycetales,Nocardiaceae,Nocardia,Actinobacteria,0.083400004
135,T0,Glucose,P1.2,D3, S21 ,R140,Root140,Actinobacteria,Actinobacteria,Actinomycetales,Nocardioidaceae,Nocardioides,Actinobacteria,0.081
136,T0,Glucose,P1.2,D4, S22 ,R147,Root147,Firmicutes,Bacilli,Bacillales,Bacillaceae,#REF!,Firmicutes,0.081
137,T0,Glucose,P1.2,D5, S23 ,R149,Root149,Proteobacteria,Alphaproteobacteria,Rhizobiales,Rhizobiaceae,Rhizobium,Alphaproteobacteria,0.084899999
138,T0,Glucose,P1.2,D6, S24 ,R157,Root157,Proteobacteria,Alphaproteobacteria,Rhizobiales,Phyllobacteriaceae,Mesorhizobium,Alphaproteobacteria,0.085600004
139,T0,3OMG,P1.2,D7, S19 ,R135,Root135,Actinobacteria,Actinobacteria,Actinomycetales,Mycobacteriaceae,Mycobacterium,Actinobacteria,0.083899997
140,T0,3OMG,P1.2,D8, S20 ,R136,Root136,Actinobacteria,Actinobacteria,Actinomycetales,Nocardiaceae,Nocardia,Actinobacteria,0.084200002
141,T0,3OMG,P1.2,D9, S21 ,R140,Root140,Actinobacteria,Actinobacteria,Actinomycetales,Nocardioidaceae,Nocardioides,Actinobacteria,0.082699999
142,T0,3OMG,P1.2,D10,S22,R147,Root147,Firmicutes,Bacilli,Bacillales,Bacillaceae,#REF!,Firmicutes,0.082400002
143,T0,3OMG,P1.2,D11,S23,R149,Root149,Proteobacteria,Alphaproteobacteria,Rhizobiales,Rhizobiaceae,Rhizobium,Alphaproteobacteria,0.084600002
144,T0,3OMG,P1.2,D12,S24,R157,Root157,Proteobacteria,Alphaproteobacteria,Rhizobiales,Phyllobacteriaceae,Mesorhizobium,Alphaproteobacteria,0.084899999
145,T0,Glucose,P1.2,E1,S25,R166,Root166,Actinobacteria,Actinobacteria,Actinomycetales,Microbacteriaceae,Microbacterium,Actinobacteria,0.084799998
146,T0,Glucose,P1.2,E2,S26,R170,Root170,Proteobacteria,Betaproteobacteria,Burkholderiales,Alcaligenaceae,Achromobacter,Betaproteobacteria,0.081699997
147,T0,Glucose,P1.2,E3,S27,R172,Root172,Proteobacteria,Alphaproteobacteria,Rhizobiales,Phyllobacteriaceae,Mesorhizobium,Alphaproteobacteria,0.086199999
148,T0,Glucose,P1.2,E4,S28,R179,Root179,Proteobacteria,Gammaproteobacteria,Xanthomonadales,Xanthomonadaceae,Rhodanobacter,Gammaproteobacteria,0.087899998
149,T0,Glucose,P1.2,E5,S29,R186,Root186,Bacteroidetes,Flavobacteriia,Flavobacteriales,Flavobacteriaceae,Flavobacterium,Bacteroidetes,0.084700003
150,T0,Glucose,P1.2,E6,S30,R189,Root189,Proteobacteria,Betaproteobacteria,Burkholderiales,Oxalobacteraceae,Herbaspirillum,Betaproteobacteria,0.085900001
151,T0,3OMG,P1.2,E7,S25,R166,Root166,Actinobacteria,Actinobacteria,Actinomycetales,Microbacteriaceae,Microbacterium,Actinobacteria,0.0867
152,T0,3OMG,P1.2,E8,S26,R170,Root170,Proteobacteria,Betaproteobacteria,Burkholderiales,Alcaligenaceae,Achromobacter,Betaproteobacteria,0.081699997
153,T0,3OMG,P1.2,E9,S27,R172,Root172,Proteobacteria,Alphaproteobacteria,Rhizobiales,Phyllobacteriaceae,Mesorhizobium,Alphaproteobacteria,0.085500002
154,T0,3OMG,P1.2,E10,S28,R179,Root179,Proteobacteria,Gammaproteobacteria,Xanthomonadales,Xanthomonadaceae,Rhodanobacter,Gammaproteobacteria,0.0858
155,T0,3OMG,P1.2,E11,S29,R186,Root186,Bacteroidetes,Flavobacteriia,Flavobacteriales,Flavobacteriaceae,Flavobacterium,Bacteroidetes,0.086900003
156,T0,3OMG,P1.2,E12,S30,R189,Root189,Proteobacteria,Betaproteobacteria,Burkholderiales,Oxalobacteraceae,Herbaspirillum,Betaproteobacteria,0.093599997
157,T0,Glucose,P1.2,F1,S31,R190,Root190,Actinobacteria,Actinobacteria,Actinomycetales,Nocardioidaceae,Nocardioides,Actinobacteria,0.083300002
158,T0,Glucose,P1.2,F2,S32,R198D2,Root198D2,Proteobacteria,Betaproteobacteria,Burkholderiales,Oxalobacteraceae,#REF!,Betaproteobacteria,0.084600002
159,T0,Glucose,P1.2,F3,S33,R209,Root209,Proteobacteria,Betaproteobacteria,Burkholderiales,Comamonadaceae,#REF!,Betaproteobacteria,0.0854
160,T0,Glucose,P1.2,F4,S34,R224,Root224,Actinobacteria,Actinobacteria,Actinomycetales,Nocardioidaceae,Nocardioides,Actinobacteria,0.084200002
161,T0,Glucose,P1.2,F5,S35,R227,Root227,Actinobacteria,Actinobacteria,Actinomycetales,Microbacteriaceae,#REF!,Actinobacteria,0.085699998
162,T0,Glucose,P1.2,F6,S36,R240,Root240,Actinobacteria,Actinobacteria,Actinomycetales,Nocardioidaceae,Nocardioides,Actinobacteria,0.0836
163,T0,3OMG,P1.2,F7,S31,R190,Root190,Actinobacteria,Actinobacteria,Actinomycetales,Nocardioidaceae,Nocardioides,Actinobacteria,0.082999997
164,T0,3OMG,P1.2,F8,S32,R198D2,Root198D2,Proteobacteria,Betaproteobacteria,Burkholderiales,Oxalobacteraceae,#REF!,Betaproteobacteria,0.083999999
165,T0,3OMG,P1.2,F9,S33,R209,Root209,Proteobacteria,Betaproteobacteria,Burkholderiales,Comamonadaceae,#REF!,Betaproteobacteria,0.085199997
166,T0,3OMG,P1.2,F10,S34,R224,Root224,Actinobacteria,Actinobacteria,Actinomycetales,Nocardioidaceae,Nocardioides,Actinobacteria,0.084700003
167,T0,3OMG,P1.2,F11,S35,R227,Root227,Actinobacteria,Actinobacteria,Actinomycetales,Microbacteriaceae,#REF!,Actinobacteria,0.086099997
168,T0,3OMG,P1.2,F12,S36,R240,Root240,Actinobacteria,Actinobacteria,Actinomycetales,Nocardioidaceae,Nocardioides,Actinobacteria,0.082199998
169,T0,Glucose,P1.2,G1,S37,R241,Root241,Proteobacteria,Alphaproteobacteria,Sphingomonadales,Sphingomonadaceae,Sphingomonas,Alphaproteobacteria,0.0845
170,T0,Glucose,P1.2,G2,S38,R265,Root265,Actinobacteria,Actinobacteria,Actinomycetales,Mycobacteriaceae,Mycobacterium,Actinobacteria,0.087800004
171,T0,Glucose,P1.2,G3,S39,R268,Root268,Proteobacteria,Alphaproteobacteria,Rhizobiales,Rhizobiaceae,Rhizobium,Alphaproteobacteria,0.084799998
172,T0,Glucose,P1.2,G4,S40,R280D1,Root280D1,Actinobacteria,Actinobacteria,Actinomycetales,Microbacteriaceae,Microbacterium,Actinobacteria,0.085500002
173,T0,Glucose,P1.2,G5,S41,R318D1,Root318D1,Proteobacteria,Betaproteobacteria,Burkholderiales,Comamonadaceae,Variovorax,Betaproteobacteria,0.080200002
174,T0,Glucose,P1.2,G6,S42,R329,Root329,Proteobacteria,Gammaproteobacteria,Pseudomonadales,Pseudomonadaceae,Pseudomonas,Gammaproteobacteria,0.085199997
175,T0,3OMG,P1.2,G7,S37,R241,Root241,Proteobacteria,Alphaproteobacteria,Sphingomonadales,Sphingomonadaceae,Sphingomonas,Alphaproteobacteria,0.084100001
176,T0,3OMG,P1.2,G8,S38,R265,Root265,Actinobacteria,Actinobacteria,Actinomycetales,Mycobacteriaceae,Mycobacterium,Actinobacteria,0.085000001
177,T0,3OMG,P1.2,G9,S39,R268,Root268,Proteobacteria,Alphaproteobacteria,Rhizobiales,Rhizobiaceae,Rhizobium,Alphaproteobacteria,0.084700003
178,T0,3OMG,P1.2,G10,S40,R280D1,Root280D1,Actinobacteria,Actinobacteria,Actinomycetales,Microbacteriaceae,Microbacterium,Actinobacteria,0.086099997
179,T0,3OMG,P1.2,G11,S41,R318D1,Root318D1,Proteobacteria,Betaproteobacteria,Burkholderiales,Comamonadaceae,Variovorax,Betaproteobacteria,0.079599999
180,T0,3OMG,P1.2,G12,S42,R329,Root329,Proteobacteria,Gammaproteobacteria,Pseudomonadales,Pseudomonadaceae,Pseudomonas,Gammaproteobacteria,0.084700003
181,T0,Glucose,P1.2,H1,S43,R332,Root332,Actinobacteria,Actinobacteria,Actinomycetales,Microbacteriaceae,#REF!,Actinobacteria,0.086800002
182,T0,Glucose,P1.2,H2,S44,R336D2,Root336D2,Proteobacteria,Betaproteobacteria,Burkholderiales,Oxalobacteraceae,#REF!,Betaproteobacteria,0.084299996
183,T0,Glucose,P1.2,H3,S45,R369,Root369,Actinobacteria,Actinobacteria,Actinomycetales,Streptomycetaceae,Streptomyces,Actinobacteria,0.077799998
184,T0,Glucose,P1.2,H4,Water,Water,Water,#N/A,#N/A,#N/A,#N/A,#N/A,#N/A,0.077699997
185,T0,Glucose,P1.2,H5,Water,Water,Water,#N/A,#N/A,#N/A,#N/A,#N/A,#N/A,0.078199998
186,T0,Glucose,P1.2,H6,Water,Water,Water,#N/A,#N/A,#N/A,#N/A,#N/A,#N/A,0.078299999
187,T0,3OMG,P1.2,H7,S43,R332,Root332,Actinobacteria,Actinobacteria,Actinomycetales,Microbacteriaceae,#REF!,Actinobacteria,0.086400002
188,T0,3OMG,P1.2,H8,S44,R336D2,Root336D2,Proteobacteria,Betaproteobacteria,Burkholderiales,Oxalobacteraceae,#REF!,Betaproteobacteria,0.084600002
189,T0,3OMG,P1.2,H9,S45,R369,Root369,Actinobacteria,Actinobacteria,Actinomycetales,Streptomycetaceae,Streptomyces,Actinobacteria,0.077600002
190,T0,3OMG,P1.2,H10,Water,Water,Water,#N/A,#N/A,#N/A,#N/A,#N/A,#N/A,0.077500001
191,T0,3OMG,P1.2,H11,Water,Water,Water,#N/A,#N/A,#N/A,#N/A,#N/A,#N/A,0.077100001
192,T0,3OMG,P1.2,H12,Water,Water,Water,#N/A,#N/A,#N/A,#N/A,#N/A,#N/A,0.076800004
193,T0,Glucose,P1.3,A1, S1 ,R4,Root4,Actinobacteria,Actinobacteria,Actinomycetales,Microbacteriaceae,Agromyces,Actinobacteria,0.0854
194,T0,Glucose,P1.3,A2, S2 ,R9,Root9,Proteobacteria,Gammaproteobacteria,Pseudomonadales,Pseudomonadaceae,Pseudomonas,Gammaproteobacteria,0.084899999
195,T0,Glucose,P1.3,A3, S3 ,R11,Root11,Firmicutes,Bacilli,Bacillales,Bacillaceae,Bacillus,Firmicutes,0.083300002
196,T0,Glucose,P1.3,A4, S4 ,R16D2,Root16D2,Proteobacteria,Betaproteobacteria,Burkholderiales,Comamonadaceae,#REF!,Betaproteobacteria,0.084700003
197,T0,Glucose,P1.3,A5, S5 ,R22,Root22,Actinobacteria,Actinobacteria,Actinomycetales,Promicromonosporaceae,#REF!,Actinobacteria,0.0814
198,T0,Glucose,P1.3,A6, S6 ,R53,Root53,Actinobacteria,Actinobacteria,Actinomycetales,Microbacteriaceae,Microbacterium,Actinobacteria,0.084799998
199,T0,3OMG,P1.3,A7, S1 ,R4,Root4,Actinobacteria,Actinobacteria,Actinomycetales,Microbacteriaceae,Agromyces,Actinobacteria,0.086099997
200,T0,3OMG,P1.3,A8, S2 ,R9,Root9,Proteobacteria,Gammaproteobacteria,Pseudomonadales,Pseudomonadaceae,Pseudomonas,Gammaproteobacteria,0.084799998
201,T0,3OMG,P1.3,A9, S3 ,R11,Root11,Firmicutes,Bacilli,Bacillales,Bacillaceae,Bacillus,Firmicutes,0.083899997
202,T0,3OMG,P1.3,A10, S4 ,R16D2,Root16D2,Proteobacteria,Betaproteobacteria,Burkholderiales,Comamonadaceae,#REF!,Betaproteobacteria,0.085600004
203,T0,3OMG,P1.3,A11, S5 ,R22,Root22,Actinobacteria,Actinobacteria,Actinomycetales,Promicromonosporaceae,#REF!,Actinobacteria,0.082800001
204,T0,3OMG,P1.3,A12, S6 ,R53,Root53,Actinobacteria,Actinobacteria,Actinomycetales,Microbacteriaceae,Microbacterium,Actinobacteria,0.085500002
205,T0,Glucose,P1.3,B1, S7 ,R61,Root61,Actinobacteria,Actinobacteria,Actinomycetales,Microbacteriaceae,Microbacterium,Actinobacteria,0.085100003
206,T0,Glucose,P1.3,B2, S8 ,R65,Root65,Proteobacteria,Gammaproteobacteria,Xanthomonadales,Xanthomonadaceae,Pseudoxanthomonas,Gammaproteobacteria,0.086099997
207,T0,Glucose,P1.3,B3, S9 ,R68,Root68,Proteobacteria,Gammaproteobacteria,Pseudomonadales,Pseudomonadaceae,Pseudomonas,Gammaproteobacteria,0.0836
208,T0,Glucose,P1.3,B4, S10 ,R70,Root70,Proteobacteria,Betaproteobacteria,Burkholderiales,Comamonadaceae,Acidovorax,Betaproteobacteria,0.082400002
209,T0,Glucose,P1.3,B5, S11 ,R71,Root71,Proteobacteria,Gammaproteobacteria,Pseudomonadales,Pseudomonadaceae,Pseudomonas,Gammaproteobacteria,0.083700001
210,T0,Glucose,P1.3,B6, S12 ,R81,Root81,Actinobacteria,Actinobacteria,Actinomycetales,Microbacteriaceae,Agromyces,Actinobacteria,0.086999997
211,T0,3OMG,P1.3,B7, S7 ,R61,Root61,Actinobacteria,Actinobacteria,Actinomycetales,Microbacteriaceae,Microbacterium,Actinobacteria,0.085600004
212,T0,3OMG,P1.3,B8, S8 ,R65,Root65,Proteobacteria,Gammaproteobacteria,Xanthomonadales,Xanthomonadaceae,Pseudoxanthomonas,Gammaproteobacteria,0.086800002
213,T0,3OMG,P1.3,B9, S9 ,R68,Root68,Proteobacteria,Gammaproteobacteria,Pseudomonadales,Pseudomonadaceae,Pseudomonas,Gammaproteobacteria,0.083800003
214,T0,3OMG,P1.3,B10, S10 ,R70,Root70,Proteobacteria,Betaproteobacteria,Burkholderiales,Comamonadaceae,Acidovorax,Betaproteobacteria,0.082199998
215,T0,3OMG,P1.3,B11, S11 ,R71,Root71,Proteobacteria,Gammaproteobacteria,Pseudomonadales,Pseudomonadaceae,Pseudomonas,Gammaproteobacteria,0.083499998
216,T0,3OMG,P1.3,B12, S12 ,R81,Root81,Actinobacteria,Actinobacteria,Actinomycetales,Microbacteriaceae,Agromyces,Actinobacteria,0.086599998
217,T0,Glucose,P1.3,C1, S13 ,R83,Root83,Proteobacteria,Betaproteobacteria,Burkholderiales,Alcaligenaceae,Achromobacter,Betaproteobacteria,0.082599998
218,T0,Glucose,P1.3,C2, S14 ,R85,Root85,Actinobacteria,Actinobacteria,Actinomycetales,Intrasporangiaceae,#REF!,Actinobacteria,0.083800003
219,T0,Glucose,P1.3,C3, S15 ,R101,Root101,Actinobacteria,Actinobacteria,Actinomycetales,Intrasporangiaceae,Janibacter,Actinobacteria,0.078000002
220,T0,Glucose,P1.3,C4, S16 ,R107,Root107,Actinobacteria,Actinobacteria,Actinomycetales,Streptomycetaceae,#REF!,Actinobacteria,0.0823
221,T0,Glucose,P1.3,C5, S17 ,R112D2,Root112D2,Actinobacteria,Actinobacteria,Actinomycetales,Microbacteriaceae,#REF!,Actinobacteria,0.085500002
222,T0,Glucose,P1.3,C6, S18 ,R123D2,Root123D2,Proteobacteria,Alphaproteobacteria,Rhizobiales,Bradyrhizobiaceae,Afipia,Alphaproteobacteria,0.0854
223,T0,3OMG,P1.3,C7, S13 ,R83,Root83,Proteobacteria,Betaproteobacteria,Burkholderiales,Alcaligenaceae,Achromobacter,Betaproteobacteria,0.083400004
224,T0,3OMG,P1.3,C8, S14 ,R85,Root85,Actinobacteria,Actinobacteria,Actinomycetales,Intrasporangiaceae,#REF!,Actinobacteria,0.0854
225,T0,3OMG,P1.3,C9, S15 ,R101,Root101,Actinobacteria,Actinobacteria,Actinomycetales,Intrasporangiaceae,Janibacter,Actinobacteria,0.0788
226,T0,3OMG,P1.3,C10, S16 ,R107,Root107,Actinobacteria,Actinobacteria,Actinomycetales,Streptomycetaceae,#REF!,Actinobacteria,0.082099997
227,T0,3OMG,P1.3,C11, S17 ,R112D2,Root112D2,Actinobacteria,Actinobacteria,Actinomycetales,Microbacteriaceae,#REF!,Actinobacteria,0.084700003
228,T0,3OMG,P1.3,C12, S18 ,R123D2,Root123D2,Proteobacteria,Alphaproteobacteria,Rhizobiales,Bradyrhizobiaceae,Afipia,Alphaproteobacteria,0.085699998
229,T0,Glucose,P1.3,D1, S19 ,R135,Root135,Actinobacteria,Actinobacteria,Actinomycetales,Mycobacteriaceae,Mycobacterium,Actinobacteria,0.082999997
230,T0,Glucose,P1.3,D2, S20 ,R136,Root136,Actinobacteria,Actinobacteria,Actinomycetales,Nocardiaceae,Nocardia,Actinobacteria,0.0836
231,T0,Glucose,P1.3,D3, S21 ,R140,Root140,Actinobacteria,Actinobacteria,Actinomycetales,Nocardioidaceae,Nocardioides,Actinobacteria,0.0814
232,T0,Glucose,P1.3,D4, S22 ,R147,Root147,Firmicutes,Bacilli,Bacillales,Bacillaceae,#REF!,Firmicutes,0.080899999
233,T0,Glucose,P1.3,D5, S23 ,R149,Root149,Proteobacteria,Alphaproteobacteria,Rhizobiales,Rhizobiaceae,Rhizobium,Alphaproteobacteria,0.084700003
234,T0,Glucose,P1.3,D6, S24 ,R157,Root157,Proteobacteria,Alphaproteobacteria,Rhizobiales,Phyllobacteriaceae,Mesorhizobium,Alphaproteobacteria,0.086000003
235,T0,3OMG,P1.3,D7, S19 ,R135,Root135,Actinobacteria,Actinobacteria,Actinomycetales,Mycobacteriaceae,Mycobacterium,Actinobacteria,0.083700001
236,T0,3OMG,P1.3,D8, S20 ,R136,Root136,Actinobacteria,Actinobacteria,Actinomycetales,Nocardiaceae,Nocardia,Actinobacteria,0.084399998
237,T0,3OMG,P1.3,D9, S21 ,R140,Root140,Actinobacteria,Actinobacteria,Actinomycetales,Nocardioidaceae,Nocardioides,Actinobacteria,0.0814
238,T0,3OMG,P1.3,D10,S22,R147,Root147,Firmicutes,Bacilli,Bacillales,Bacillaceae,#REF!,Firmicutes,0.080499999
239,T0,3OMG,P1.3,D11,S23,R149,Root149,Proteobacteria,Alphaproteobacteria,Rhizobiales,Rhizobiaceae,Rhizobium,Alphaproteobacteria,0.084299996
240,T0,3OMG,P1.3,D12,S24,R157,Root157,Proteobacteria,Alphaproteobacteria,Rhizobiales,Phyllobacteriaceae,Mesorhizobium,Alphaproteobacteria,0.0858
241,T0,Glucose,P1.3,E1,S25,R166,Root166,Actinobacteria,Actinobacteria,Actinomycetales,Microbacteriaceae,Microbacterium,Actinobacteria,0.083700001
242,T0,Glucose,P1.3,E2,S26,R170,Root170,Proteobacteria,Betaproteobacteria,Burkholderiales,Alcaligenaceae,Achromobacter,Betaproteobacteria,0.084100001
243,T0,Glucose,P1.3,E3,S27,R172,Root172,Proteobacteria,Alphaproteobacteria,Rhizobiales,Phyllobacteriaceae,Mesorhizobium,Alphaproteobacteria,0.088799998
244,T0,Glucose,P1.3,E4,S28,R179,Root179,Proteobacteria,Gammaproteobacteria,Xanthomonadales,Xanthomonadaceae,Rhodanobacter,Gammaproteobacteria,0.089599997
245,T0,Glucose,P1.3,E5,S29,R186,Root186,Bacteroidetes,Flavobacteriia,Flavobacteriales,Flavobacteriaceae,Flavobacterium,Bacteroidetes,0.088200003
246,T0,Glucose,P1.3,E6,S30,R189,Root189,Proteobacteria,Betaproteobacteria,Burkholderiales,Oxalobacteraceae,Herbaspirillum,Betaproteobacteria,0.086999997
247,T0,3OMG,P1.3,E7,S25,R166,Root166,Actinobacteria,Actinobacteria,Actinomycetales,Microbacteriaceae,Microbacterium,Actinobacteria,0.087300003
248,T0,3OMG,P1.3,E8,S26,R170,Root170,Proteobacteria,Betaproteobacteria,Burkholderiales,Alcaligenaceae,Achromobacter,Betaproteobacteria,0.081600003
249,T0,3OMG,P1.3,E9,S27,R172,Root172,Proteobacteria,Alphaproteobacteria,Rhizobiales,Phyllobacteriaceae,Mesorhizobium,Alphaproteobacteria,0.085900001
250,T0,3OMG,P1.3,E10,S28,R179,Root179,Proteobacteria,Gammaproteobacteria,Xanthomonadales,Xanthomonadaceae,Rhodanobacter,Gammaproteobacteria,0.085900001
251,T0,3OMG,P1.3,E11,S29,R186,Root186,Bacteroidetes,Flavobacteriia,Flavobacteriales,Flavobacteriaceae,Flavobacterium,Bacteroidetes,0.085000001
252,T0,3OMG,P1.3,E12,S30,R189,Root189,Proteobacteria,Betaproteobacteria,Burkholderiales,Oxalobacteraceae,Herbaspirillum,Betaproteobacteria,0.084700003
253,T0,Glucose,P1.3,F1,S31,R190,Root190,Actinobacteria,Actinobacteria,Actinomycetales,Nocardioidaceae,Nocardioides,Actinobacteria,0.082999997
254,T0,Glucose,P1.3,F2,S32,R198D2,Root198D2,Proteobacteria,Betaproteobacteria,Burkholderiales,Oxalobacteraceae,#REF!,Betaproteobacteria,0.084799998
255,T0,Glucose,P1.3,F3,S33,R209,Root209,Proteobacteria,Betaproteobacteria,Burkholderiales,Comamonadaceae,#REF!,Betaproteobacteria,0.085000001
256,T0,Glucose,P1.3,F4,S34,R224,Root224,Actinobacteria,Actinobacteria,Actinomycetales,Nocardioidaceae,Nocardioides,Actinobacteria,0.083999999
257,T0,Glucose,P1.3,F5,S35,R227,Root227,Actinobacteria,Actinobacteria,Actinomycetales,Microbacteriaceae,#REF!,Actinobacteria,0.0854
258,T0,Glucose,P1.3,F6,S36,R240,Root240,Actinobacteria,Actinobacteria,Actinomycetales,Nocardioidaceae,Nocardioides,Actinobacteria,0.0832
259,T0,3OMG,P1.3,F7,S31,R190,Root190,Actinobacteria,Actinobacteria,Actinomycetales,Nocardioidaceae,Nocardioides,Actinobacteria,0.084200002
260,T0,3OMG,P1.3,F8,S32,R198D2,Root198D2,Proteobacteria,Betaproteobacteria,Burkholderiales,Oxalobacteraceae,#REF!,Betaproteobacteria,0.084100001
261,T0,3OMG,P1.3,F9,S33,R209,Root209,Proteobacteria,Betaproteobacteria,Burkholderiales,Comamonadaceae,#REF!,Betaproteobacteria,0.085600004
262,T0,3OMG,P1.3,F10,S34,R224,Root224,Actinobacteria,Actinobacteria,Actinomycetales,Nocardioidaceae,Nocardioides,Actinobacteria,0.085000001
263,T0,3OMG,P1.3,F11,S35,R227,Root227,Actinobacteria,Actinobacteria,Actinomycetales,Microbacteriaceae,#REF!,Actinobacteria,0.086000003
264,T0,3OMG,P1.3,F12,S36,R240,Root240,Actinobacteria,Actinobacteria,Actinomycetales,Nocardioidaceae,Nocardioides,Actinobacteria,0.082999997
265,T0,Glucose,P1.3,G1,S37,R241,Root241,Proteobacteria,Alphaproteobacteria,Sphingomonadales,Sphingomonadaceae,Sphingomonas,Alphaproteobacteria,0.083999999
266,T0,Glucose,P1.3,G2,S38,R265,Root265,Actinobacteria,Actinobacteria,Actinomycetales,Mycobacteriaceae,Mycobacterium,Actinobacteria,0.085000001
267,T0,Glucose,P1.3,G3,S39,R268,Root268,Proteobacteria,Alphaproteobacteria,Rhizobiales,Rhizobiaceae,Rhizobium,Alphaproteobacteria,0.085100003
268,T0,Glucose,P1.3,G4,S40,R280D1,Root280D1,Actinobacteria,Actinobacteria,Actinomycetales,Microbacteriaceae,Microbacterium,Actinobacteria,0.084799998
269,T0,Glucose,P1.3,G5,S41,R318D1,Root318D1,Proteobacteria,Betaproteobacteria,Burkholderiales,Comamonadaceae,Variovorax,Betaproteobacteria,0.079800002
270,T0,Glucose,P1.3,G6,S42,R329,Root329,Proteobacteria,Gammaproteobacteria,Pseudomonadales,Pseudomonadaceae,Pseudomonas,Gammaproteobacteria,0.085199997
271,T0,3OMG,P1.3,G7,S37,R241,Root241,Proteobacteria,Alphaproteobacteria,Sphingomonadales,Sphingomonadaceae,Sphingomonas,Alphaproteobacteria,0.085199997
272,T0,3OMG,P1.3,G8,S38,R265,Root265,Actinobacteria,Actinobacteria,Actinomycetales,Mycobacteriaceae,Mycobacterium,Actinobacteria,0.084899999
273,T0,3OMG,P1.3,G9,S39,R268,Root268,Proteobacteria,Alphaproteobacteria,Rhizobiales,Rhizobiaceae,Rhizobium,Alphaproteobacteria,0.0854
274,T0,3OMG,P1.3,G10,S40,R280D1,Root280D1,Actinobacteria,Actinobacteria,Actinomycetales,Microbacteriaceae,Microbacterium,Actinobacteria,0.0854
275,T0,3OMG,P1.3,G11,S41,R318D1,Root318D1,Proteobacteria,Betaproteobacteria,Burkholderiales,Comamonadaceae,Variovorax,Betaproteobacteria,0.080300003
276,T0,3OMG,P1.3,G12,S42,R329,Root329,Proteobacteria,Gammaproteobacteria,Pseudomonadales,Pseudomonadaceae,Pseudomonas,Gammaproteobacteria,0.085000001
277,T0,Glucose,P1.3,H1,S43,R332,Root332,Actinobacteria,Actinobacteria,Actinomycetales,Microbacteriaceae,#REF!,Actinobacteria,0.087300003
278,T0,Glucose,P1.3,H2,S44,R336D2,Root336D2,Proteobacteria,Betaproteobacteria,Burkholderiales,Oxalobacteraceae,#REF!,Betaproteobacteria,0.085299999
279,T0,Glucose,P1.3,H3,S45,R369,Root369,Actinobacteria,Actinobacteria,Actinomycetales,Streptomycetaceae,Streptomyces,Actinobacteria,0.078699999
280,T0,Glucose,P1.3,H4,Water,Water,Water,#N/A,#N/A,#N/A,#N/A,#N/A,#N/A,0.078100003
281,T0,Glucose,P1.3,H5,Water,Water,Water,#N/A,#N/A,#N/A,#N/A,#N/A,#N/A,0.078299999
282,T0,Glucose,P1.3,H6,Water,Water,Water,#N/A,#N/A,#N/A,#N/A,#N/A,#N/A,0.078199998
283,T0,3OMG,P1.3,H7,S43,R332,Root332,Actinobacteria,Actinobacteria,Actinomycetales,Microbacteriaceae,#REF!,Actinobacteria,0.087399997
284,T0,3OMG,P1.3,H8,S44,R336D2,Root336D2,Proteobacteria,Betaproteobacteria,Burkholderiales,Oxalobacteraceae,#REF!,Betaproteobacteria,0.085100003
285,T0,3OMG,P1.3,H9,S45,R369,Root369,Actinobacteria,Actinobacteria,Actinomycetales,Streptomycetaceae,Streptomyces,Actinobacteria,0.078000002
286,T0,3OMG,P1.3,H10,Water,Water,Water,#N/A,#N/A,#N/A,#N/A,#N/A,#N/A,0.0779
287,T0,3OMG,P1.3,H11,Water,Water,Water,#N/A,#N/A,#N/A,#N/A,#N/A,#N/A,0.077500001
288,T0,3OMG,P1.3,H12,Water,Water,Water,#N/A,#N/A,#N/A,#N/A,#N/A,#N/A,0.077299997
289,T0,Glucose,P2.1,A1,S46,R381,Root381,Proteobacteria,Alphaproteobacteria,Rhizobiales,Bradyrhizobiaceae,Bosea,Alphaproteobacteria,0.077399999
290,T0,Glucose,P2.1,A2,S47,R401,Root401,Proteobacteria,Gammaproteobacteria,Pseudomonadales,Pseudomonadaceae,Pseudomonas,Gammaproteobacteria,0.084600002
291,T0,Glucose,P2.1,A3,S48,R418,Root418,Proteobacteria,Betaproteobacteria,Burkholderiales,Oxalobacteraceae,Janthinobacterium,Betaproteobacteria,0.080499999
292,T0,Glucose,P2.1,A4,S49,R420,Root420,Bacteroidetes,Flavobacteriia,Flavobacteriales,Flavobacteriaceae,Flavobacterium,Bacteroidetes,0.082800001
293,T0,Glucose,P2.1,A5,S50,R431,Root431,Actinobacteria,Actinobacteria,Actinomycetales,Streptomycetaceae,Streptomyces,Actinobacteria,0.077100001
294,T0,Glucose,P2.1,A6,S51,R436,Root436,Proteobacteria,Alphaproteobacteria,Rhizobiales,Hyphomicrobiaceae,#REF!,Alphaproteobacteria,0.0832
295,T0,3OMG,P2.1,A7,S46,R381,Root381,Proteobacteria,Alphaproteobacteria,Rhizobiales,Bradyrhizobiaceae,Bosea,Alphaproteobacteria,0.081900001
296,T0,3OMG,P2.1,A8,S47,R401,Root401,Proteobacteria,Gammaproteobacteria,Pseudomonadales,Pseudomonadaceae,Pseudomonas,Gammaproteobacteria,0.086099997
297,T0,3OMG,P2.1,A9,S48,R418,Root418,Proteobacteria,Betaproteobacteria,Burkholderiales,Oxalobacteraceae,Janthinobacterium,Betaproteobacteria,0.082599998
298,T0,3OMG,P2.1,A10,S49,R420,Root420,Bacteroidetes,Flavobacteriia,Flavobacteriales,Flavobacteriaceae,Flavobacterium,Bacteroidetes,0.084100001
299,T0,3OMG,P2.1,A11,S50,R431,Root431,Actinobacteria,Actinobacteria,Actinomycetales,Streptomycetaceae,Streptomyces,Actinobacteria,0.081100002
300,T0,3OMG,P2.1,A12,S51,R436,Root436,Proteobacteria,Alphaproteobacteria,Rhizobiales,Hyphomicrobiaceae,#REF!,Alphaproteobacteria,0.086199999
301,T0,Glucose,P2.1,B1,S52,R444D2,Root444D2,Firmicutes,Bacilli,Bacillales,Paenibacillaceae,Paenibacillus,Firmicutes,0.084200002
302,T0,Glucose,P2.1,B2,S53,R456,Root456,Actinobacteria,Actinobacteria,Actinomycetales,Intrasporangiaceae,#REF!,Actinobacteria,0.088699996
303,T0,Glucose,P2.1,B3,S54,R480,Root480,Proteobacteria,Gammaproteobacteria,Xanthomonadales,Xanthomonadaceae,#REF!,Gammaproteobacteria,0.082699999
304,T0,Glucose,P2.1,B4,S55,R482,Root482,Proteobacteria,Alphaproteobacteria,Rhizobiales,Rhizobiaceae,Rhizobium,Alphaproteobacteria,0.089000002
305,T0,Glucose,P2.1,B5,S56,R483D1,Root483D1,Proteobacteria,Alphaproteobacteria,Rhizobiales,Bradyrhizobiaceae,Bosea,Alphaproteobacteria,0.0836
306,T0,Glucose,P2.1,B6,S57,R487D2Y,Root487D2Y,Proteobacteria,Alphaproteobacteria,Caulobacterales,Caulobacteraceae,Caulobacter,Alphaproteobacteria,0.084899999
307,T0,3OMG,P2.1,B7,S52,R444D2,Root444D2,Firmicutes,Bacilli,Bacillales,Paenibacillaceae,Paenibacillus,Firmicutes,0.084399998
308,T0,3OMG,P2.1,B8,S53,R456,Root456,Actinobacteria,Actinobacteria,Actinomycetales,Intrasporangiaceae,#REF!,Actinobacteria,0.089500003
309,T0,3OMG,P2.1,B9,S54,R480,Root480,Proteobacteria,Gammaproteobacteria,Xanthomonadales,Xanthomonadaceae,#REF!,Gammaproteobacteria,0.084700003
310,T0,3OMG,P2.1,B10,S55,R482,Root482,Proteobacteria,Alphaproteobacteria,Rhizobiales,Rhizobiaceae,Rhizobium,Alphaproteobacteria,0.089000002
311,T0,3OMG,P2.1,B11,S56,R483D1,Root483D1,Proteobacteria,Alphaproteobacteria,Rhizobiales,Bradyrhizobiaceae,Bosea,Alphaproteobacteria,0.0836
312,T0,3OMG,P2.1,B12,S57,R487D2Y,Root487D2Y,Proteobacteria,Alphaproteobacteria,Caulobacterales,Caulobacteraceae,Caulobacter,Alphaproteobacteria,0.086599998
313,T0,Glucose,P2.1,C1,S58,R552,Root552,Proteobacteria,Alphaproteobacteria,Rhizobiales,Phyllobacteriaceae,Mesorhizobium,Alphaproteobacteria,0.079899997
314,T0,Glucose,P2.1,C2,S59,R558,Root558,Proteobacteria,Alphaproteobacteria,Rhizobiales,Rhizobiaceae,Sinorhizobium,Alphaproteobacteria,0.0845
315,T0,Glucose,P2.1,C3,S60,R562,Root562,Proteobacteria,Gammaproteobacteria,Pseudomonadales,Pseudomonadaceae,Pseudomonas,Gammaproteobacteria,0.084700003
316,T0,Glucose,P2.1,C4,S61,R564,Root564,Proteobacteria,Alphaproteobacteria,Rhizobiales,Rhizobiaceae,Agrobacterium,Alphaproteobacteria,0.080799997
317,T0,Glucose,P2.1,C5,S62,R565,Root565,Proteobacteria,Betaproteobacteria,Burkholderiales,Alcaligenaceae,Achromobacter,Betaproteobacteria,0.078599997
318,T0,Glucose,P2.1,C6,S63,R568,Root568,Proteobacteria,Betaproteobacteria,Burkholderiales,Comamonadaceae,#REF!,Betaproteobacteria,0.081500001
319,T0,3OMG,P2.1,C7,S58,R552,Root552,Proteobacteria,Alphaproteobacteria,Rhizobiales,Phyllobacteriaceae,Mesorhizobium,Alphaproteobacteria,0.083099999
320,T0,3OMG,P2.1,C8,S59,R558,Root558,Proteobacteria,Alphaproteobacteria,Rhizobiales,Rhizobiaceae,Sinorhizobium,Alphaproteobacteria,0.086599998
321,T0,3OMG,P2.1,C9,S60,R562,Root562,Proteobacteria,Gammaproteobacteria,Pseudomonadales,Pseudomonadaceae,Pseudomonas,Gammaproteobacteria,0.086300001
322,T0,3OMG,P2.1,C10,S61,R564,Root564,Proteobacteria,Alphaproteobacteria,Rhizobiales,Rhizobiaceae,Agrobacterium,Alphaproteobacteria,0.083300002
323,T0,3OMG,P2.1,C11,S62,R565,Root565,Proteobacteria,Betaproteobacteria,Burkholderiales,Alcaligenaceae,Achromobacter,Betaproteobacteria,0.0814
324,T0,3OMG,P2.1,C12,S63,R568,Root568,Proteobacteria,Betaproteobacteria,Burkholderiales,Comamonadaceae,#REF!,Betaproteobacteria,0.083800003
325,T0,Glucose,P2.1,D1,S64,R569,Root569,Proteobacteria,Gammaproteobacteria,Pseudomonadales,Pseudomonadaceae,Pseudomonas,Gammaproteobacteria,0.079099998
326,T0,Glucose,P2.1,D2,S65,R604,Root604,Proteobacteria,Gammaproteobacteria,Xanthomonadales,Xanthomonadaceae,#REF!,Gammaproteobacteria,0.083800003
327,T0,Glucose,P2.1,D3,S66,R608,Root608,Proteobacteria,Alphaproteobacteria,Caulobacterales,Caulobacteraceae,Brevundimonas,Alphaproteobacteria,0.0845
328,T0,Glucose,P2.1,D4,S67,R635,Root635,Proteobacteria,Alphaproteobacteria,Rhizobiales,Hyphomicrobiaceae,#REF!,Alphaproteobacteria,0.082599998
329,T0,Glucose,P2.1,D5,S68,R651,Root651,Proteobacteria,Alphaproteobacteria,Rhizobiales,Rhizobiaceae,Agrobacterium,Alphaproteobacteria,0.084299996
330,T0,Glucose,P2.1,D6,S69,R670,Root670,Proteobacteria,Alphaproteobacteria,Rhizobiales,Bradyrhizobiaceae,Bosea,Alphaproteobacteria,0.084899999
331,T0,3OMG,P2.1,D7,S64,R569,Root569,Proteobacteria,Gammaproteobacteria,Pseudomonadales,Pseudomonadaceae,Pseudomonas,Gammaproteobacteria,0.081100002
332,T0,3OMG,P2.1,D8,S65,R604,Root604,Proteobacteria,Gammaproteobacteria,Xanthomonadales,Xanthomonadaceae,#REF!,Gammaproteobacteria,0.084799998
333,T0,3OMG,P2.1,D9,S66,R608,Root608,Proteobacteria,Alphaproteobacteria,Caulobacterales,Caulobacteraceae,Brevundimonas,Alphaproteobacteria,0.085600004
334,T0,3OMG,P2.1,D10,S67,R635,Root635,Proteobacteria,Alphaproteobacteria,Rhizobiales,Hyphomicrobiaceae,#REF!,Alphaproteobacteria,0.083999999
335,T0,3OMG,P2.1,D11,S68,R651,Root651,Proteobacteria,Alphaproteobacteria,Rhizobiales,Rhizobiaceae,Agrobacterium,Alphaproteobacteria,0.085000001
336,T0,3OMG,P2.1,D12,S69,R670,Root670,Proteobacteria,Alphaproteobacteria,Rhizobiales,Bradyrhizobiaceae,Bosea,Alphaproteobacteria,0.0854
337,T0,Glucose,P2.1,E1,S70,R672,Root672,Proteobacteria,Alphaproteobacteria,Sphingomonadales,Sphingomonadaceae,Novosphingobium,Alphaproteobacteria,0.087499999
338,T0,Glucose,P2.1,E2,S71,R682,Root682,Actinobacteria,Actinobacteria,Actinomycetales,Nocardioidaceae,#REF!,Actinobacteria,0.081
339,T0,Glucose,P2.1,E3,S72,R685,Root685,Proteobacteria,Alphaproteobacteria,Rhizobiales,Hyphomicrobiaceae,#REF!,Alphaproteobacteria,0.083899997
340,T0,Glucose,P2.1,E4,S73,R695,Root695,Proteobacteria,Alphaproteobacteria,Rhizobiales,Phyllobacteriaceae,Mesorhizobium,Alphaproteobacteria,0.086099997
341,T0,Glucose,P2.1,E5,S74,R700,Root700,Proteobacteria,Alphaproteobacteria,Caulobacterales,Caulobacteraceae,#REF!,Alphaproteobacteria,0.085100003
342,T0,Glucose,P2.1,E6,S75,R708,Root708,Proteobacteria,Alphaproteobacteria,Rhizobiales,Rhizobiaceae,Rhizobium,Alphaproteobacteria,0.091799997
343,T0,3OMG,P2.1,E7,S70,R672,Root672,Proteobacteria,Alphaproteobacteria,Sphingomonadales,Sphingomonadaceae,Novosphingobium,Alphaproteobacteria,0.091600001
344,T0,3OMG,P2.1,E8,S71,R682,Root682,Actinobacteria,Actinobacteria,Actinomycetales,Nocardioidaceae,#REF!,Actinobacteria,0.085500002
345,T0,3OMG,P2.1,E9,S72,R685,Root685,Proteobacteria,Alphaproteobacteria,Rhizobiales,Hyphomicrobiaceae,#REF!,Alphaproteobacteria,0.086000003
346,T0,3OMG,P2.1,E10,S73,R695,Root695,Proteobacteria,Alphaproteobacteria,Rhizobiales,Phyllobacteriaceae,Mesorhizobium,Alphaproteobacteria,0.085000001
347,T0,3OMG,P2.1,E11,S74,R700,Root700,Proteobacteria,Alphaproteobacteria,Caulobacterales,Caulobacteraceae,#REF!,Alphaproteobacteria,0.085299999
348,T0,3OMG,P2.1,E12,S75,R708,Root708,Proteobacteria,Alphaproteobacteria,Rhizobiales,Rhizobiaceae,Rhizobium,Alphaproteobacteria,0.094499998
349,T0,Glucose,P2.1,F1,S76,R901,Root901,Bacteroidetes,Flavobacteriia,Flavobacteriales,Flavobacteriaceae,Flavobacterium,Bacteroidetes,0.076700002
350,T0,Glucose,P2.1,F2,S77,R918,Root918,Actinobacteria,Actinobacteria,Actinomycetales,Promicromonosporaceae,#REF!,Actinobacteria,0.083899997
351,T0,Glucose,P2.1,F3,S78,R930,Root930,Actinobacteria,Actinobacteria,Actinomycetales,Cellulomonadaceae,#REF!,Actinobacteria,0.085100003
352,T0,Glucose,P2.1,F4,S79,R935,Root935,Bacteroidetes,Flavobacteriia,Flavobacteriales,Flavobacteriaceae,Flavobacterium,Bacteroidetes,0.082000002
353,T0,Glucose,P2.1,F5,S80,R1203,Root1203,Proteobacteria,Alphaproteobacteria,Rhizobiales,Rhizobiaceae,Rhizobium,Alphaproteobacteria,0.0845
354,T0,Glucose,P2.1,F6,S81,R1212,Root1212,Proteobacteria,Alphaproteobacteria,Rhizobiales,Rhizobiaceae,Rhizobium,Alphaproteobacteria,0.084399998
355,T0,3OMG,P2.1,F7,S76,R901,Root901,Bacteroidetes,Flavobacteriia,Flavobacteriales,Flavobacteriaceae,Flavobacterium,Bacteroidetes,0.077600002
356,T0,3OMG,P2.1,F8,S77,R918,Root918,Actinobacteria,Actinobacteria,Actinomycetales,Promicromonosporaceae,#REF!,Actinobacteria,0.084299996
357,T0,3OMG,P2.1,F9,S78,R930,Root930,Actinobacteria,Actinobacteria,Actinomycetales,Cellulomonadaceae,#REF!,Actinobacteria,0.086400002
358,T0,3OMG,P2.1,F10,S79,R935,Root935,Bacteroidetes,Flavobacteriia,Flavobacteriales,Flavobacteriaceae,Flavobacterium,Bacteroidetes,0.082900003
359,T0,3OMG,P2.1,F11,S80,R1203,Root1203,Proteobacteria,Alphaproteobacteria,Rhizobiales,Rhizobiaceae,Rhizobium,Alphaproteobacteria,0.086400002
360,T0,3OMG,P2.1,F12,S81,R1212,Root1212,Proteobacteria,Alphaproteobacteria,Rhizobiales,Rhizobiaceae,Rhizobium,Alphaproteobacteria,0.084600002
361,T0,Glucose,P2.1,G1,S82,R1220,Root1220,Proteobacteria,Alphaproteobacteria,Rhizobiales,Rhizobiaceae,Rhizobium,Alphaproteobacteria,0.085000001
362,T0,Glucose,P2.1,G2,S83,R1240,Root1240,Proteobacteria,Alphaproteobacteria,Rhizobiales,Rhizobiaceae,Agrobacterium,Alphaproteobacteria,0.082999997
363,T0,Glucose,P2.1,G3,S84,R1252,Root1252,Proteobacteria,Alphaproteobacteria,Rhizobiales,Rhizobiaceae,Sinorhizobium,Alphaproteobacteria,0.086800002
364,T0,Glucose,P2.1,G4,S85,R1280,Root1280,Proteobacteria,Gammaproteobacteria,Pseudomonadales,Moraxellaceae,Acinetobacter,Gammaproteobacteria,0.081200004
365,T0,Glucose,P2.1,G5,S86,R1294,Root1294,Proteobacteria,Alphaproteobacteria,Sphingomonadales,Sphingomonadaceae,Sphingomonas,Alphaproteobacteria,0.079300001
366,T0,Glucose,P2.1,G6,S87,R1295,Root1295,Actinobacteria,Actinobacteria,Actinomycetales,Streptomycetaceae,Streptomyces,Actinobacteria,0.077699997
367,T0,3OMG,P2.1,G7,S82,R1220,Root1220,Proteobacteria,Alphaproteobacteria,Rhizobiales,Rhizobiaceae,Rhizobium,Alphaproteobacteria,0.0867
368,T0,3OMG,P2.1,G8,S83,R1240,Root1240,Proteobacteria,Alphaproteobacteria,Rhizobiales,Rhizobiaceae,Agrobacterium,Alphaproteobacteria,0.0854
369,T0,3OMG,P2.1,G9,S84,R1252,Root1252,Proteobacteria,Alphaproteobacteria,Rhizobiales,Rhizobiaceae,Sinorhizobium,Alphaproteobacteria,0.0876
370,T0,3OMG,P2.1,G10,S85,R1280,Root1280,Proteobacteria,Gammaproteobacteria,Pseudomonadales,Moraxellaceae,Acinetobacter,Gammaproteobacteria,0.082699999
371,T0,3OMG,P2.1,G11,S86,R1294,Root1294,Proteobacteria,Alphaproteobacteria,Sphingomonadales,Sphingomonadaceae,Sphingomonas,Alphaproteobacteria,0.079099998
372,T0,3OMG,P2.1,G12,S87,R1295,Root1295,Actinobacteria,Actinobacteria,Actinomycetales,Streptomycetaceae,Streptomyces,Actinobacteria,0.079800002
373,T0,Glucose,P2.1,H1,S88,R1310,Root1310,Actinobacteria,Actinobacteria,Actinomycetales,Streptomycetaceae,Streptomyces,Actinobacteria,0.079800002
374,T0,Glucose,P2.1,H2,S89,R1464,Root1464,Actinobacteria,Actinobacteria,Actinomycetales,Microbacteriaceae,Agromyces,Actinobacteria,0.0845
375,T0,Glucose,P2.1,H3,S90,R1497,Root1497,Proteobacteria,Alphaproteobacteria,Sphingomonadales,Sphingomonadaceae,Sphingopyxis,Alphaproteobacteria,0.0836
376,T0,Glucose,P2.1,H4,Water,Water,Water,#N/A,#N/A,#N/A,#N/A,#N/A,#N/A,0.076800004
377,T0,Glucose,P2.1,H5,Water,Water,Water,#N/A,#N/A,#N/A,#N/A,#N/A,#N/A,0.078299999
378,T0,Glucose,P2.1,H6,Water,Water,Water,#N/A,#N/A,#N/A,#N/A,#N/A,#N/A,0.076200001
379,T0,3OMG,P2.1,H7,S88,R1310,Root1310,Actinobacteria,Actinobacteria,Actinomycetales,Streptomycetaceae,Streptomyces,Actinobacteria,0.078699999
380,T0,3OMG,P2.1,H8,S89,R1464,Root1464,Actinobacteria,Actinobacteria,Actinomycetales,Microbacteriaceae,Agromyces,Actinobacteria,0.085199997
381,T0,3OMG,P2.1,H9,S90,R1497,Root1497,Proteobacteria,Alphaproteobacteria,Sphingomonadales,Sphingomonadaceae,Sphingopyxis,Alphaproteobacteria,0.084299996
382,T0,3OMG,P2.1,H10,Water,Water,Water,#N/A,#N/A,#N/A,#N/A,#N/A,#N/A,0.077699997
383,T0,3OMG,P2.1,H11,Water,Water,Water,#N/A,#N/A,#N/A,#N/A,#N/A,#N/A,0.077399999
384,T0,3OMG,P2.1,H12,Water,Water,Water,#N/A,#N/A,#N/A,#N/A,#N/A,#N/A,0.077
385,T0,Glucose,P2.2,A1,S46,R381,Root381,Proteobacteria,Alphaproteobacteria,Rhizobiales,Bradyrhizobiaceae,Bosea,Alphaproteobacteria,0.080899999
386,T0,Glucose,P2.2,A2,S47,R401,Root401,Proteobacteria,Gammaproteobacteria,Pseudomonadales,Pseudomonadaceae,Pseudomonas,Gammaproteobacteria,0.084899999
387,T0,Glucose,P2.2,A3,S48,R418,Root418,Proteobacteria,Betaproteobacteria,Burkholderiales,Oxalobacteraceae,Janthinobacterium,Betaproteobacteria,0.080899999
388,T0,Glucose,P2.2,A4,S49,R420,Root420,Bacteroidetes,Flavobacteriia,Flavobacteriales,Flavobacteriaceae,Flavobacterium,Bacteroidetes,0.083999999
389,T0,Glucose,P2.2,A5,S50,R431,Root431,Actinobacteria,Actinobacteria,Actinomycetales,Streptomycetaceae,Streptomyces,Actinobacteria,0.077799998
390,T0,Glucose,P2.2,A6,S51,R436,Root436,Proteobacteria,Alphaproteobacteria,Rhizobiales,Hyphomicrobiaceae,#REF!,Alphaproteobacteria,0.083899997
391,T0,3OMG,P2.2,A7,S46,R381,Root381,Proteobacteria,Alphaproteobacteria,Rhizobiales,Bradyrhizobiaceae,Bosea,Alphaproteobacteria,0.090999998
392,T0,3OMG,P2.2,A8,S47,R401,Root401,Proteobacteria,Gammaproteobacteria,Pseudomonadales,Pseudomonadaceae,Pseudomonas,Gammaproteobacteria,0.085500002
393,T0,3OMG,P2.2,A9,S48,R418,Root418,Proteobacteria,Betaproteobacteria,Burkholderiales,Oxalobacteraceae,Janthinobacterium,Betaproteobacteria,0.082099997
394,T0,3OMG,P2.2,A10,S49,R420,Root420,Bacteroidetes,Flavobacteriia,Flavobacteriales,Flavobacteriaceae,Flavobacterium,Bacteroidetes,0.084399998
395,T0,3OMG,P2.2,A11,S50,R431,Root431,Actinobacteria,Actinobacteria,Actinomycetales,Streptomycetaceae,Streptomyces,Actinobacteria,0.079700001
396,T0,3OMG,P2.2,A12,S51,R436,Root436,Proteobacteria,Alphaproteobacteria,Rhizobiales,Hyphomicrobiaceae,#REF!,Alphaproteobacteria,0.087499999
397,T0,Glucose,P2.2,B1,S52,R444D2,Root444D2,Firmicutes,Bacilli,Bacillales,Paenibacillaceae,Paenibacillus,Firmicutes,0.083899997
398,T0,Glucose,P2.2,B2,S53,R456,Root456,Actinobacteria,Actinobacteria,Actinomycetales,Intrasporangiaceae,#REF!,Actinobacteria,0.088299997
399,T0,Glucose,P2.2,B3,S54,R480,Root480,Proteobacteria,Gammaproteobacteria,Xanthomonadales,Xanthomonadaceae,#REF!,Gammaproteobacteria,0.083099999
400,T0,Glucose,P2.2,B4,S55,R482,Root482,Proteobacteria,Alphaproteobacteria,Rhizobiales,Rhizobiaceae,Rhizobium,Alphaproteobacteria,0.088600002
401,T0,Glucose,P2.2,B5,S56,R483D1,Root483D1,Proteobacteria,Alphaproteobacteria,Rhizobiales,Bradyrhizobiaceae,Bosea,Alphaproteobacteria,0.082599998
402,T0,Glucose,P2.2,B6,S57,R487D2Y,Root487D2Y,Proteobacteria,Alphaproteobacteria,Caulobacterales,Caulobacteraceae,Caulobacter,Alphaproteobacteria,0.0858
403,T0,3OMG,P2.2,B7,S52,R444D2,Root444D2,Firmicutes,Bacilli,Bacillales,Paenibacillaceae,Paenibacillus,Firmicutes,0.085500002
404,T0,3OMG,P2.2,B8,S53,R456,Root456,Actinobacteria,Actinobacteria,Actinomycetales,Intrasporangiaceae,#REF!,Actinobacteria,0.089900002
405,T0,3OMG,P2.2,B9,S54,R480,Root480,Proteobacteria,Gammaproteobacteria,Xanthomonadales,Xanthomonadaceae,#REF!,Gammaproteobacteria,0.084899999
406,T0,3OMG,P2.2,B10,S55,R482,Root482,Proteobacteria,Alphaproteobacteria,Rhizobiales,Rhizobiaceae,Rhizobium,Alphaproteobacteria,0.089900002
407,T0,3OMG,P2.2,B11,S56,R483D1,Root483D1,Proteobacteria,Alphaproteobacteria,Rhizobiales,Bradyrhizobiaceae,Bosea,Alphaproteobacteria,0.084100001
408,T0,3OMG,P2.2,B12,S57,R487D2Y,Root487D2Y,Proteobacteria,Alphaproteobacteria,Caulobacterales,Caulobacteraceae,Caulobacter,Alphaproteobacteria,0.1162
409,T0,Glucose,P2.2,C1,S58,R552,Root552,Proteobacteria,Alphaproteobacteria,Rhizobiales,Phyllobacteriaceae,Mesorhizobium,Alphaproteobacteria,0.081200004
410,T0,Glucose,P2.2,C2,S59,R558,Root558,Proteobacteria,Alphaproteobacteria,Rhizobiales,Rhizobiaceae,Sinorhizobium,Alphaproteobacteria,0.085600004
411,T0,Glucose,P2.2,C3,S60,R562,Root562,Proteobacteria,Gammaproteobacteria,Pseudomonadales,Pseudomonadaceae,Pseudomonas,Gammaproteobacteria,0.085900001
412,T0,Glucose,P2.2,C4,S61,R564,Root564,Proteobacteria,Alphaproteobacteria,Rhizobiales,Rhizobiaceae,Agrobacterium,Alphaproteobacteria,0.082199998
413,T0,Glucose,P2.2,C5,S62,R565,Root565,Proteobacteria,Betaproteobacteria,Burkholderiales,Alcaligenaceae,Achromobacter,Betaproteobacteria,0.080200002
414,T0,Glucose,P2.2,C6,S63,R568,Root568,Proteobacteria,Betaproteobacteria,Burkholderiales,Comamonadaceae,#REF!,Betaproteobacteria,0.083899997
415,T0,3OMG,P2.2,C7,S58,R552,Root552,Proteobacteria,Alphaproteobacteria,Rhizobiales,Phyllobacteriaceae,Mesorhizobium,Alphaproteobacteria,0.083800003
416,T0,3OMG,P2.2,C8,S59,R558,Root558,Proteobacteria,Alphaproteobacteria,Rhizobiales,Rhizobiaceae,Sinorhizobium,Alphaproteobacteria,0.087300003
417,T0,3OMG,P2.2,C9,S60,R562,Root562,Proteobacteria,Gammaproteobacteria,Pseudomonadales,Pseudomonadaceae,Pseudomonas,Gammaproteobacteria,0.086599998
418,T0,3OMG,P2.2,C10,S61,R564,Root564,Proteobacteria,Alphaproteobacteria,Rhizobiales,Rhizobiaceae,Agrobacterium,Alphaproteobacteria,0.083700001
419,T0,3OMG,P2.2,C11,S62,R565,Root565,Proteobacteria,Betaproteobacteria,Burkholderiales,Alcaligenaceae,Achromobacter,Betaproteobacteria,0.081799999
420,T0,3OMG,P2.2,C12,S63,R568,Root568,Proteobacteria,Betaproteobacteria,Burkholderiales,Comamonadaceae,#REF!,Betaproteobacteria,0.084700003
421,T0,Glucose,P2.2,D1,S64,R569,Root569,Proteobacteria,Gammaproteobacteria,Pseudomonadales,Pseudomonadaceae,Pseudomonas,Gammaproteobacteria,0.079800002
422,T0,Glucose,P2.2,D2,S65,R604,Root604,Proteobacteria,Gammaproteobacteria,Xanthomonadales,Xanthomonadaceae,#REF!,Gammaproteobacteria,0.087200001
423,T0,Glucose,P2.2,D3,S66,R608,Root608,Proteobacteria,Alphaproteobacteria,Caulobacterales,Caulobacteraceae,Brevundimonas,Alphaproteobacteria,0.084799998
424,T0,Glucose,P2.2,D4,S67,R635,Root635,Proteobacteria,Alphaproteobacteria,Rhizobiales,Hyphomicrobiaceae,#REF!,Alphaproteobacteria,0.083400004
425,T0,Glucose,P2.2,D5,S68,R651,Root651,Proteobacteria,Alphaproteobacteria,Rhizobiales,Rhizobiaceae,Agrobacterium,Alphaproteobacteria,0.084100001
426,T0,Glucose,P2.2,D6,S69,R670,Root670,Proteobacteria,Alphaproteobacteria,Rhizobiales,Bradyrhizobiaceae,Bosea,Alphaproteobacteria,0.085299999
427,T0,3OMG,P2.2,D7,S64,R569,Root569,Proteobacteria,Gammaproteobacteria,Pseudomonadales,Pseudomonadaceae,Pseudomonas,Gammaproteobacteria,0.082900003
428,T0,3OMG,P2.2,D8,S65,R604,Root604,Proteobacteria,Gammaproteobacteria,Xanthomonadales,Xanthomonadaceae,#REF!,Gammaproteobacteria,0.085199997
429,T0,3OMG,P2.2,D9,S66,R608,Root608,Proteobacteria,Alphaproteobacteria,Caulobacterales,Caulobacteraceae,Brevundimonas,Alphaproteobacteria,0.086199999
430,T0,3OMG,P2.2,D10,S67,R635,Root635,Proteobacteria,Alphaproteobacteria,Rhizobiales,Hyphomicrobiaceae,#REF!,Alphaproteobacteria,0.084600002
431,T0,3OMG,P2.2,D11,S68,R651,Root651,Proteobacteria,Alphaproteobacteria,Rhizobiales,Rhizobiaceae,Agrobacterium,Alphaproteobacteria,0.085100003
432,T0,3OMG,P2.2,D12,S69,R670,Root670,Proteobacteria,Alphaproteobacteria,Rhizobiales,Bradyrhizobiaceae,Bosea,Alphaproteobacteria,0.0867
433,T0,Glucose,P2.2,E1,S70,R672,Root672,Proteobacteria,Alphaproteobacteria,Sphingomonadales,Sphingomonadaceae,Novosphingobium,Alphaproteobacteria,0.087399997
434,T0,Glucose,P2.2,E2,S71,R682,Root682,Actinobacteria,Actinobacteria,Actinomycetales,Nocardioidaceae,#REF!,Actinobacteria,0.081900001
435,T0,Glucose,P2.2,E3,S72,R685,Root685,Proteobacteria,Alphaproteobacteria,Rhizobiales,Hyphomicrobiaceae,#REF!,Alphaproteobacteria,0.084299996
436,T0,Glucose,P2.2,E4,S73,R695,Root695,Proteobacteria,Alphaproteobacteria,Rhizobiales,Phyllobacteriaceae,Mesorhizobium,Alphaproteobacteria,0.083300002
437,T0,Glucose,P2.2,E5,S74,R700,Root700,Proteobacteria,Alphaproteobacteria,Caulobacterales,Caulobacteraceae,#REF!,Alphaproteobacteria,0.086599998
438,T0,Glucose,P2.2,E6,S75,R708,Root708,Proteobacteria,Alphaproteobacteria,Rhizobiales,Rhizobiaceae,Rhizobium,Alphaproteobacteria,0.091200002
439,T0,3OMG,P2.2,E7,S70,R672,Root672,Proteobacteria,Alphaproteobacteria,Sphingomonadales,Sphingomonadaceae,Novosphingobium,Alphaproteobacteria,0.094499998
440,T0,3OMG,P2.2,E8,S71,R682,Root682,Actinobacteria,Actinobacteria,Actinomycetales,Nocardioidaceae,#REF!,Actinobacteria,0.086999997
441,T0,3OMG,P2.2,E9,S72,R685,Root685,Proteobacteria,Alphaproteobacteria,Rhizobiales,Hyphomicrobiaceae,#REF!,Alphaproteobacteria,0.089599997
442,T0,3OMG,P2.2,E10,S73,R695,Root695,Proteobacteria,Alphaproteobacteria,Rhizobiales,Phyllobacteriaceae,Mesorhizobium,Alphaproteobacteria,0.093199998
443,T0,3OMG,P2.2,E11,S74,R700,Root700,Proteobacteria,Alphaproteobacteria,Caulobacterales,Caulobacteraceae,#REF!,Alphaproteobacteria,0.087399997
444,T0,3OMG,P2.2,E12,S75,R708,Root708,Proteobacteria,Alphaproteobacteria,Rhizobiales,Rhizobiaceae,Rhizobium,Alphaproteobacteria,0.086900003
445,T0,Glucose,P2.2,F1,S76,R901,Root901,Bacteroidetes,Flavobacteriia,Flavobacteriales,Flavobacteriaceae,Flavobacterium,Bacteroidetes,0.075900003
446,T0,Glucose,P2.2,F2,S77,R918,Root918,Actinobacteria,Actinobacteria,Actinomycetales,Promicromonosporaceae,#REF!,Actinobacteria,0.082699999
447,T0,Glucose,P2.2,F3,S78,R930,Root930,Actinobacteria,Actinobacteria,Actinomycetales,Cellulomonadaceae,#REF!,Actinobacteria,0.084600002
448,T0,Glucose,P2.2,F4,S79,R935,Root935,Bacteroidetes,Flavobacteriia,Flavobacteriales,Flavobacteriaceae,Flavobacterium,Bacteroidetes,0.083400004
449,T0,Glucose,P2.2,F5,S80,R1203,Root1203,Proteobacteria,Alphaproteobacteria,Rhizobiales,Rhizobiaceae,Rhizobium,Alphaproteobacteria,0.085299999
450,T0,Glucose,P2.2,F6,S81,R1212,Root1212,Proteobacteria,Alphaproteobacteria,Rhizobiales,Rhizobiaceae,Rhizobium,Alphaproteobacteria,0.085299999
451,T0,3OMG,P2.2,F7,S76,R901,Root901,Bacteroidetes,Flavobacteriia,Flavobacteriales,Flavobacteriaceae,Flavobacterium,Bacteroidetes,0.078900002
452,T0,3OMG,P2.2,F8,S77,R918,Root918,Actinobacteria,Actinobacteria,Actinomycetales,Promicromonosporaceae,#REF!,Actinobacteria,0.085900001
453,T0,3OMG,P2.2,F9,S78,R930,Root930,Actinobacteria,Actinobacteria,Actinomycetales,Cellulomonadaceae,#REF!,Actinobacteria,0.086300001
454,T0,3OMG,P2.2,F10,S79,R935,Root935,Bacteroidetes,Flavobacteriia,Flavobacteriales,Flavobacteriaceae,Flavobacterium,Bacteroidetes,0.083700001
455,T0,3OMG,P2.2,F11,S80,R1203,Root1203,Proteobacteria,Alphaproteobacteria,Rhizobiales,Rhizobiaceae,Rhizobium,Alphaproteobacteria,0.087099999
456,T0,3OMG,P2.2,F12,S81,R1212,Root1212,Proteobacteria,Alphaproteobacteria,Rhizobiales,Rhizobiaceae,Rhizobium,Alphaproteobacteria,0.0867
457,T0,Glucose,P2.2,G1,S82,R1220,Root1220,Proteobacteria,Alphaproteobacteria,Rhizobiales,Rhizobiaceae,Rhizobium,Alphaproteobacteria,0.084899999
458,T0,Glucose,P2.2,G2,S83,R1240,Root1240,Proteobacteria,Alphaproteobacteria,Rhizobiales,Rhizobiaceae,Agrobacterium,Alphaproteobacteria,0.0845
459,T0,Glucose,P2.2,G3,S84,R1252,Root1252,Proteobacteria,Alphaproteobacteria,Rhizobiales,Rhizobiaceae,Sinorhizobium,Alphaproteobacteria,0.088
460,T0,Glucose,P2.2,G4,S85,R1280,Root1280,Proteobacteria,Gammaproteobacteria,Pseudomonadales,Moraxellaceae,Acinetobacter,Gammaproteobacteria,0.081299998
461,T0,Glucose,P2.2,G5,S86,R1294,Root1294,Proteobacteria,Alphaproteobacteria,Sphingomonadales,Sphingomonadaceae,Sphingomonas,Alphaproteobacteria,0.079000004
462,T0,Glucose,P2.2,G6,S87,R1295,Root1295,Actinobacteria,Actinobacteria,Actinomycetales,Streptomycetaceae,Streptomyces,Actinobacteria,0.0792
463,T0,3OMG,P2.2,G7,S82,R1220,Root1220,Proteobacteria,Alphaproteobacteria,Rhizobiales,Rhizobiaceae,Rhizobium,Alphaproteobacteria,0.086400002
464,T0,3OMG,P2.2,G8,S83,R1240,Root1240,Proteobacteria,Alphaproteobacteria,Rhizobiales,Rhizobiaceae,Agrobacterium,Alphaproteobacteria,0.085699998
465,T0,3OMG,P2.2,G9,S84,R1252,Root1252,Proteobacteria,Alphaproteobacteria,Rhizobiales,Rhizobiaceae,Sinorhizobium,Alphaproteobacteria,0.088399999
466,T0,3OMG,P2.2,G10,S85,R1280,Root1280,Proteobacteria,Gammaproteobacteria,Pseudomonadales,Moraxellaceae,Acinetobacter,Gammaproteobacteria,0.083499998
467,T0,3OMG,P2.2,G11,S86,R1294,Root1294,Proteobacteria,Alphaproteobacteria,Sphingomonadales,Sphingomonadaceae,Sphingomonas,Alphaproteobacteria,0.079899997
468,T0,3OMG,P2.2,G12,S87,R1295,Root1295,Actinobacteria,Actinobacteria,Actinomycetales,Streptomycetaceae,Streptomyces,Actinobacteria,0.079999998
469,T0,Glucose,P2.2,H1,S88,R1310,Root1310,Actinobacteria,Actinobacteria,Actinomycetales,Streptomycetaceae,Streptomyces,Actinobacteria,0.079499997
470,T0,Glucose,P2.2,H2,S89,R1464,Root1464,Actinobacteria,Actinobacteria,Actinomycetales,Microbacteriaceae,Agromyces,Actinobacteria,0.089000002
471,T0,Glucose,P2.2,H3,S90,R1497,Root1497,Proteobacteria,Alphaproteobacteria,Sphingomonadales,Sphingomonadaceae,Sphingopyxis,Alphaproteobacteria,0.083899997
472,T0,Glucose,P2.2,H4,Water,Water,Water,#N/A,#N/A,#N/A,#N/A,#N/A,#N/A,0.077100001
473,T0,Glucose,P2.2,H5,Water,Water,Water,#N/A,#N/A,#N/A,#N/A,#N/A,#N/A,0.077500001
474,T0,Glucose,P2.2,H6,Water,Water,Water,#N/A,#N/A,#N/A,#N/A,#N/A,#N/A,0.077200003
475,T0,3OMG,P2.2,H7,S88,R1310,Root1310,Actinobacteria,Actinobacteria,Actinomycetales,Streptomycetaceae,Streptomyces,Actinobacteria,0.079099998
476,T0,3OMG,P2.2,H8,S89,R1464,Root1464,Actinobacteria,Actinobacteria,Actinomycetales,Microbacteriaceae,Agromyces,Actinobacteria,0.0854
477,T0,3OMG,P2.2,H9,S90,R1497,Root1497,Proteobacteria,Alphaproteobacteria,Sphingomonadales,Sphingomonadaceae,Sphingopyxis,Alphaproteobacteria,0.0845
478,T0,3OMG,P2.2,H10,Water,Water,Water,#N/A,#N/A,#N/A,#N/A,#N/A,#N/A,0.0779
479,T0,3OMG,P2.2,H11,Water,Water,Water,#N/A,#N/A,#N/A,#N/A,#N/A,#N/A,0.078100003
480,T0,3OMG,P2.2,H12,Water,Water,Water,#N/A,#N/A,#N/A,#N/A,#N/A,#N/A,0.0779
481,T0,Glucose,P2.3,A1,S46,R381,Root381,Proteobacteria,Alphaproteobacteria,Rhizobiales,Bradyrhizobiaceae,Bosea,Alphaproteobacteria,0.078699999
482,T0,Glucose,P2.3,A2,S47,R401,Root401,Proteobacteria,Gammaproteobacteria,Pseudomonadales,Pseudomonadaceae,Pseudomonas,Gammaproteobacteria,0.083899997
483,T0,Glucose,P2.3,A3,S48,R418,Root418,Proteobacteria,Betaproteobacteria,Burkholderiales,Oxalobacteraceae,Janthinobacterium,Betaproteobacteria,0.082000002
484,T0,Glucose,P2.3,A4,S49,R420,Root420,Bacteroidetes,Flavobacteriia,Flavobacteriales,Flavobacteriaceae,Flavobacterium,Bacteroidetes,0.083300002
485,T0,Glucose,P2.3,A5,S50,R431,Root431,Actinobacteria,Actinobacteria,Actinomycetales,Streptomycetaceae,Streptomyces,Actinobacteria,0.078100003
486,T0,Glucose,P2.3,A6,S51,R436,Root436,Proteobacteria,Alphaproteobacteria,Rhizobiales,Hyphomicrobiaceae,#REF!,Alphaproteobacteria,0.0832
487,T0,3OMG,P2.3,A7,S46,R381,Root381,Proteobacteria,Alphaproteobacteria,Rhizobiales,Bradyrhizobiaceae,Bosea,Alphaproteobacteria,0.0836
488,T0,3OMG,P2.3,A8,S47,R401,Root401,Proteobacteria,Gammaproteobacteria,Pseudomonadales,Pseudomonadaceae,Pseudomonas,Gammaproteobacteria,0.086199999
489,T0,3OMG,P2.3,A9,S48,R418,Root418,Proteobacteria,Betaproteobacteria,Burkholderiales,Oxalobacteraceae,Janthinobacterium,Betaproteobacteria,0.081900001
490,T0,3OMG,P2.3,A10,S49,R420,Root420,Bacteroidetes,Flavobacteriia,Flavobacteriales,Flavobacteriaceae,Flavobacterium,Bacteroidetes,0.084200002
491,T0,3OMG,P2.3,A11,S50,R431,Root431,Actinobacteria,Actinobacteria,Actinomycetales,Streptomycetaceae,Streptomyces,Actinobacteria,0.079300001
492,T0,3OMG,P2.3,A12,S51,R436,Root436,Proteobacteria,Alphaproteobacteria,Rhizobiales,Hyphomicrobiaceae,#REF!,Alphaproteobacteria,0.089400001
493,T0,Glucose,P2.3,B1,S52,R444D2,Root444D2,Firmicutes,Bacilli,Bacillales,Paenibacillaceae,Paenibacillus,Firmicutes,0.083999999
494,T0,Glucose,P2.3,B2,S53,R456,Root456,Actinobacteria,Actinobacteria,Actinomycetales,Intrasporangiaceae,#REF!,Actinobacteria,0.087800004
495,T0,Glucose,P2.3,B3,S54,R480,Root480,Proteobacteria,Gammaproteobacteria,Xanthomonadales,Xanthomonadaceae,#REF!,Gammaproteobacteria,0.082400002
496,T0,Glucose,P2.3,B4,S55,R482,Root482,Proteobacteria,Alphaproteobacteria,Rhizobiales,Rhizobiaceae,Rhizobium,Alphaproteobacteria,0.089100003
497,T0,Glucose,P2.3,B5,S56,R483D1,Root483D1,Proteobacteria,Alphaproteobacteria,Rhizobiales,Bradyrhizobiaceae,Bosea,Alphaproteobacteria,0.0832
498,T0,Glucose,P2.3,B6,S57,R487D2Y,Root487D2Y,Proteobacteria,Alphaproteobacteria,Caulobacterales,Caulobacteraceae,Caulobacter,Alphaproteobacteria,0.086800002
499,T0,3OMG,P2.3,B7,S52,R444D2,Root444D2,Firmicutes,Bacilli,Bacillales,Paenibacillaceae,Paenibacillus,Firmicutes,0.085100003
500,T0,3OMG,P2.3,B8,S53,R456,Root456,Actinobacteria,Actinobacteria,Actinomycetales,Intrasporangiaceae,#REF!,Actinobacteria,0.090499997
501,T0,3OMG,P2.3,B9,S54,R480,Root480,Proteobacteria,Gammaproteobacteria,Xanthomonadales,Xanthomonadaceae,#REF!,Gammaproteobacteria,0.084700003
502,T0,3OMG,P2.3,B10,S55,R482,Root482,Proteobacteria,Alphaproteobacteria,Rhizobiales,Rhizobiaceae,Rhizobium,Alphaproteobacteria,0.089400001
503,T0,3OMG,P2.3,B11,S56,R483D1,Root483D1,Proteobacteria,Alphaproteobacteria,Rhizobiales,Bradyrhizobiaceae,Bosea,Alphaproteobacteria,0.083700001
504,T0,3OMG,P2.3,B12,S57,R487D2Y,Root487D2Y,Proteobacteria,Alphaproteobacteria,Caulobacterales,Caulobacteraceae,Caulobacter,Alphaproteobacteria,0.085500002
505,T0,Glucose,P2.3,C1,S58,R552,Root552,Proteobacteria,Alphaproteobacteria,Rhizobiales,Phyllobacteriaceae,Mesorhizobium,Alphaproteobacteria,0.080700003
506,T0,Glucose,P2.3,C2,S59,R558,Root558,Proteobacteria,Alphaproteobacteria,Rhizobiales,Rhizobiaceae,Sinorhizobium,Alphaproteobacteria,0.085500002
507,T0,Glucose,P2.3,C3,S60,R562,Root562,Proteobacteria,Gammaproteobacteria,Pseudomonadales,Pseudomonadaceae,Pseudomonas,Gammaproteobacteria,0.083800003
508,T0,Glucose,P2.3,C4,S61,R564,Root564,Proteobacteria,Alphaproteobacteria,Rhizobiales,Rhizobiaceae,Agrobacterium,Alphaproteobacteria,0.081699997
509,T0,Glucose,P2.3,C5,S62,R565,Root565,Proteobacteria,Betaproteobacteria,Burkholderiales,Alcaligenaceae,Achromobacter,Betaproteobacteria,0.079700001
510,T0,Glucose,P2.3,C6,S63,R568,Root568,Proteobacteria,Betaproteobacteria,Burkholderiales,Comamonadaceae,#REF!,Betaproteobacteria,0.083099999
511,T0,3OMG,P2.3,C7,S58,R552,Root552,Proteobacteria,Alphaproteobacteria,Rhizobiales,Phyllobacteriaceae,Mesorhizobium,Alphaproteobacteria,0.083899997
512,T0,3OMG,P2.3,C8,S59,R558,Root558,Proteobacteria,Alphaproteobacteria,Rhizobiales,Rhizobiaceae,Sinorhizobium,Alphaproteobacteria,0.086499996
513,T0,3OMG,P2.3,C9,S60,R562,Root562,Proteobacteria,Gammaproteobacteria,Pseudomonadales,Pseudomonadaceae,Pseudomonas,Gammaproteobacteria,0.086800002
514,T0,3OMG,P2.3,C10,S61,R564,Root564,Proteobacteria,Alphaproteobacteria,Rhizobiales,Rhizobiaceae,Agrobacterium,Alphaproteobacteria,0.0832
515,T0,3OMG,P2.3,C11,S62,R565,Root565,Proteobacteria,Betaproteobacteria,Burkholderiales,Alcaligenaceae,Achromobacter,Betaproteobacteria,0.081100002
516,T0,3OMG,P2.3,C12,S63,R568,Root568,Proteobacteria,Betaproteobacteria,Burkholderiales,Comamonadaceae,#REF!,Betaproteobacteria,0.083700001
517,T0,Glucose,P2.3,D1,S64,R569,Root569,Proteobacteria,Gammaproteobacteria,Pseudomonadales,Pseudomonadaceae,Pseudomonas,Gammaproteobacteria,0.0792
518,T0,Glucose,P2.3,D2,S65,R604,Root604,Proteobacteria,Gammaproteobacteria,Xanthomonadales,Xanthomonadaceae,#REF!,Gammaproteobacteria,0.084899999
519,T0,Glucose,P2.3,D3,S66,R608,Root608,Proteobacteria,Alphaproteobacteria,Caulobacterales,Caulobacteraceae,Brevundimonas,Alphaproteobacteria,0.085100003
520,T0,Glucose,P2.3,D4,S67,R635,Root635,Proteobacteria,Alphaproteobacteria,Rhizobiales,Hyphomicrobiaceae,#REF!,Alphaproteobacteria,0.087499999
521,T0,Glucose,P2.3,D5,S68,R651,Root651,Proteobacteria,Alphaproteobacteria,Rhizobiales,Rhizobiaceae,Agrobacterium,Alphaproteobacteria,0.083700001
522,T0,Glucose,P2.3,D6,S69,R670,Root670,Proteobacteria,Alphaproteobacteria,Rhizobiales,Bradyrhizobiaceae,Bosea,Alphaproteobacteria,0.0858
523,T0,3OMG,P2.3,D7,S64,R569,Root569,Proteobacteria,Gammaproteobacteria,Pseudomonadales,Pseudomonadaceae,Pseudomonas,Gammaproteobacteria,0.081600003
524,T0,3OMG,P2.3,D8,S65,R604,Root604,Proteobacteria,Gammaproteobacteria,Xanthomonadales,Xanthomonadaceae,#REF!,Gammaproteobacteria,0.085500002
525,T0,3OMG,P2.3,D9,S66,R608,Root608,Proteobacteria,Alphaproteobacteria,Caulobacterales,Caulobacteraceae,Brevundimonas,Alphaproteobacteria,0.086099997
526,T0,3OMG,P2.3,D10,S67,R635,Root635,Proteobacteria,Alphaproteobacteria,Rhizobiales,Hyphomicrobiaceae,#REF!,Alphaproteobacteria,0.084100001
527,T0,3OMG,P2.3,D11,S68,R651,Root651,Proteobacteria,Alphaproteobacteria,Rhizobiales,Rhizobiaceae,Agrobacterium,Alphaproteobacteria,0.085100003
528,T0,3OMG,P2.3,D12,S69,R670,Root670,Proteobacteria,Alphaproteobacteria,Rhizobiales,Bradyrhizobiaceae,Bosea,Alphaproteobacteria,0.085699998
529,T0,Glucose,P2.3,E1,S70,R672,Root672,Proteobacteria,Alphaproteobacteria,Sphingomonadales,Sphingomonadaceae,Novosphingobium,Alphaproteobacteria,0.089100003
530,T0,Glucose,P2.3,E2,S71,R682,Root682,Actinobacteria,Actinobacteria,Actinomycetales,Nocardioidaceae,#REF!,Actinobacteria,0.085199997
531,T0,Glucose,P2.3,E3,S72,R685,Root685,Proteobacteria,Alphaproteobacteria,Rhizobiales,Hyphomicrobiaceae,#REF!,Alphaproteobacteria,0.082900003
532,T0,Glucose,P2.3,E4,S73,R695,Root695,Proteobacteria,Alphaproteobacteria,Rhizobiales,Phyllobacteriaceae,Mesorhizobium,Alphaproteobacteria,0.083400004
533,T0,Glucose,P2.3,E5,S74,R700,Root700,Proteobacteria,Alphaproteobacteria,Caulobacterales,Caulobacteraceae,#REF!,Alphaproteobacteria,0.0832
534,T0,Glucose,P2.3,E6,S75,R708,Root708,Proteobacteria,Alphaproteobacteria,Rhizobiales,Rhizobiaceae,Rhizobium,Alphaproteobacteria,0.0845
535,T0,3OMG,P2.3,E7,S70,R672,Root672,Proteobacteria,Alphaproteobacteria,Sphingomonadales,Sphingomonadaceae,Novosphingobium,Alphaproteobacteria,0.091300003
536,T0,3OMG,P2.3,E8,S71,R682,Root682,Actinobacteria,Actinobacteria,Actinomycetales,Nocardioidaceae,#REF!,Actinobacteria,0.0911
537,T0,3OMG,P2.3,E9,S72,R685,Root685,Proteobacteria,Alphaproteobacteria,Rhizobiales,Hyphomicrobiaceae,#REF!,Alphaproteobacteria,0.086300001
538,T0,3OMG,P2.3,E10,S73,R695,Root695,Proteobacteria,Alphaproteobacteria,Rhizobiales,Phyllobacteriaceae,Mesorhizobium,Alphaproteobacteria,0.085900001
539,T0,3OMG,P2.3,E11,S74,R700,Root700,Proteobacteria,Alphaproteobacteria,Caulobacterales,Caulobacteraceae,#REF!,Alphaproteobacteria,0.086000003
540,T0,3OMG,P2.3,E12,S75,R708,Root708,Proteobacteria,Alphaproteobacteria,Rhizobiales,Rhizobiaceae,Rhizobium,Alphaproteobacteria,0.087099999
541,T0,Glucose,P2.3,F1,S76,R901,Root901,Bacteroidetes,Flavobacteriia,Flavobacteriales,Flavobacteriaceae,Flavobacterium,Bacteroidetes,0.077799998
542,T0,Glucose,P2.3,F2,S77,R918,Root918,Actinobacteria,Actinobacteria,Actinomycetales,Promicromonosporaceae,#REF!,Actinobacteria,0.086599998
543,T0,Glucose,P2.3,F3,S78,R930,Root930,Actinobacteria,Actinobacteria,Actinomycetales,Cellulomonadaceae,#REF!,Actinobacteria,0.084399998
544,T0,Glucose,P2.3,F4,S79,R935,Root935,Bacteroidetes,Flavobacteriia,Flavobacteriales,Flavobacteriaceae,Flavobacterium,Bacteroidetes,0.081900001
545,T0,Glucose,P2.3,F5,S80,R1203,Root1203,Proteobacteria,Alphaproteobacteria,Rhizobiales,Rhizobiaceae,Rhizobium,Alphaproteobacteria,0.0867
546,T0,Glucose,P2.3,F6,S81,R1212,Root1212,Proteobacteria,Alphaproteobacteria,Rhizobiales,Rhizobiaceae,Rhizobium,Alphaproteobacteria,0.083400004
547,T0,3OMG,P2.3,F7,S76,R901,Root901,Bacteroidetes,Flavobacteriia,Flavobacteriales,Flavobacteriaceae,Flavobacterium,Bacteroidetes,0.078299999
548,T0,3OMG,P2.3,F8,S77,R918,Root918,Actinobacteria,Actinobacteria,Actinomycetales,Promicromonosporaceae,#REF!,Actinobacteria,0.085100003
549,T0,3OMG,P2.3,F9,S78,R930,Root930,Actinobacteria,Actinobacteria,Actinomycetales,Cellulomonadaceae,#REF!,Actinobacteria,0.086099997
550,T0,3OMG,P2.3,F10,S79,R935,Root935,Bacteroidetes,Flavobacteriia,Flavobacteriales,Flavobacteriaceae,Flavobacterium,Bacteroidetes,0.082400002
551,T0,3OMG,P2.3,F11,S80,R1203,Root1203,Proteobacteria,Alphaproteobacteria,Rhizobiales,Rhizobiaceae,Rhizobium,Alphaproteobacteria,0.087099999
552,T0,3OMG,P2.3,F12,S81,R1212,Root1212,Proteobacteria,Alphaproteobacteria,Rhizobiales,Rhizobiaceae,Rhizobium,Alphaproteobacteria,0.0845
553,T0,Glucose,P2.3,G1,S82,R1220,Root1220,Proteobacteria,Alphaproteobacteria,Rhizobiales,Rhizobiaceae,Rhizobium,Alphaproteobacteria,0.084600002
554,T0,Glucose,P2.3,G2,S83,R1240,Root1240,Proteobacteria,Alphaproteobacteria,Rhizobiales,Rhizobiaceae,Agrobacterium,Alphaproteobacteria,0.0836
555,T0,Glucose,P2.3,G3,S84,R1252,Root1252,Proteobacteria,Alphaproteobacteria,Rhizobiales,Rhizobiaceae,Sinorhizobium,Alphaproteobacteria,0.090999998
556,T0,Glucose,P2.3,G4,S85,R1280,Root1280,Proteobacteria,Gammaproteobacteria,Pseudomonadales,Moraxellaceae,Acinetobacter,Gammaproteobacteria,0.081500001
557,T0,Glucose,P2.3,G5,S86,R1294,Root1294,Proteobacteria,Alphaproteobacteria,Sphingomonadales,Sphingomonadaceae,Sphingomonas,Alphaproteobacteria,0.079400003
558,T0,Glucose,P2.3,G6,S87,R1295,Root1295,Actinobacteria,Actinobacteria,Actinomycetales,Streptomycetaceae,Streptomyces,Actinobacteria,0.078500003
559,T0,3OMG,P2.3,G7,S82,R1220,Root1220,Proteobacteria,Alphaproteobacteria,Rhizobiales,Rhizobiaceae,Rhizobium,Alphaproteobacteria,0.0867
560,T0,3OMG,P2.3,G8,S83,R1240,Root1240,Proteobacteria,Alphaproteobacteria,Rhizobiales,Rhizobiaceae,Agrobacterium,Alphaproteobacteria,0.0854
561,T0,3OMG,P2.3,G9,S84,R1252,Root1252,Proteobacteria,Alphaproteobacteria,Rhizobiales,Rhizobiaceae,Sinorhizobium,Alphaproteobacteria,0.088100001
562,T0,3OMG,P2.3,G10,S85,R1280,Root1280,Proteobacteria,Gammaproteobacteria,Pseudomonadales,Moraxellaceae,Acinetobacter,Gammaproteobacteria,0.083499998
563,T0,3OMG,P2.3,G11,S86,R1294,Root1294,Proteobacteria,Alphaproteobacteria,Sphingomonadales,Sphingomonadaceae,Sphingomonas,Alphaproteobacteria,0.079400003
564,T0,3OMG,P2.3,G12,S87,R1295,Root1295,Actinobacteria,Actinobacteria,Actinomycetales,Streptomycetaceae,Streptomyces,Actinobacteria,0.080600001
565,T0,Glucose,P2.3,H1,S88,R1310,Root1310,Actinobacteria,Actinobacteria,Actinomycetales,Streptomycetaceae,Streptomyces,Actinobacteria,0.077600002
566,T0,Glucose,P2.3,H2,S89,R1464,Root1464,Actinobacteria,Actinobacteria,Actinomycetales,Microbacteriaceae,Agromyces,Actinobacteria,0.084100001
567,T0,Glucose,P2.3,H3,S90,R1497,Root1497,Proteobacteria,Alphaproteobacteria,Sphingomonadales,Sphingomonadaceae,Sphingopyxis,Alphaproteobacteria,0.087099999
568,T0,Glucose,P2.3,H4,Water,Water,Water,#N/A,#N/A,#N/A,#N/A,#N/A,#N/A,0.083099999
569,T0,Glucose,P2.3,H5,Water,Water,Water,#N/A,#N/A,#N/A,#N/A,#N/A,#N/A,0.077299997
570,T0,Glucose,P2.3,H6,Water,Water,Water,#N/A,#N/A,#N/A,#N/A,#N/A,#N/A,0.0766
571,T0,3OMG,P2.3,H7,S88,R1310,Root1310,Actinobacteria,Actinobacteria,Actinomycetales,Streptomycetaceae,Streptomyces,Actinobacteria,0.0792
572,T0,3OMG,P2.3,H8,S89,R1464,Root1464,Actinobacteria,Actinobacteria,Actinomycetales,Microbacteriaceae,Agromyces,Actinobacteria,0.085900001
573,T0,3OMG,P2.3,H9,S90,R1497,Root1497,Proteobacteria,Alphaproteobacteria,Sphingomonadales,Sphingomonadaceae,Sphingopyxis,Alphaproteobacteria,0.084100001
574,T0,3OMG,P2.3,H10,Water,Water,Water,#N/A,#N/A,#N/A,#N/A,#N/A,#N/A,0.079499997
575,T0,3OMG,P2.3,H11,Water,Water,Water,#N/A,#N/A,#N/A,#N/A,#N/A,#N/A,0.077799998
576,T0,3OMG,P2.3,H12,Water,Water,Water,#N/A,#N/A,#N/A,#N/A,#N/A,#N/A,0.077799998
577,T120,Glucose,P1.1,A1, S1 ,R4,Root4,Actinobacteria,Actinobacteria,Actinomycetales,Microbacteriaceae,Agromyces,Actinobacteria,0.093099996
578,T120,Glucose,P1.1,A2, S2 ,R9,Root9,Proteobacteria,Gammaproteobacteria,Pseudomonadales,Pseudomonadaceae,Pseudomonas,Gammaproteobacteria,0.193399996
579,T120,Glucose,P1.1,A3, S3 ,R11,Root11,Firmicutes,Bacilli,Bacillales,Bacillaceae,Bacillus,Firmicutes,0.091499999
580,T120,Glucose,P1.1,A4, S4 ,R16D2,Root16D2,Proteobacteria,Betaproteobacteria,Burkholderiales,Comamonadaceae,#REF!,Betaproteobacteria,0.0977
581,T120,Glucose,P1.1,A5, S5 ,R22,Root22,Actinobacteria,Actinobacteria,Actinomycetales,Promicromonosporaceae,#REF!,Actinobacteria,0.149599999
582,T120,Glucose,P1.1,A6, S6 ,R53,Root53,Actinobacteria,Actinobacteria,Actinomycetales,Microbacteriaceae,Microbacterium,Actinobacteria,0.248699993
583,T120,3OMG,P1.1,A7, S1 ,R4,Root4,Actinobacteria,Actinobacteria,Actinomycetales,Microbacteriaceae,Agromyces,Actinobacteria,0.090499997
584,T120,3OMG,P1.1,A8, S2 ,R9,Root9,Proteobacteria,Gammaproteobacteria,Pseudomonadales,Pseudomonadaceae,Pseudomonas,Gammaproteobacteria,0.090599999
585,T120,3OMG,P1.1,A9, S3 ,R11,Root11,Firmicutes,Bacilli,Bacillales,Bacillaceae,Bacillus,Firmicutes,0.092399999
586,T120,3OMG,P1.1,A10, S4 ,R16D2,Root16D2,Proteobacteria,Betaproteobacteria,Burkholderiales,Comamonadaceae,#REF!,Betaproteobacteria,0.094099998
587,T120,3OMG,P1.1,A11, S5 ,R22,Root22,Actinobacteria,Actinobacteria,Actinomycetales,Promicromonosporaceae,#REF!,Actinobacteria,0.090899996
588,T120,3OMG,P1.1,A12, S6 ,R53,Root53,Actinobacteria,Actinobacteria,Actinomycetales,Microbacteriaceae,Microbacterium,Actinobacteria,0.220400006
589,T120,Glucose,P1.1,B1, S7 ,R61,Root61,Actinobacteria,Actinobacteria,Actinomycetales,Microbacteriaceae,Microbacterium,Actinobacteria,0.099100001
590,T120,Glucose,P1.1,B2, S8 ,R65,Root65,Proteobacteria,Gammaproteobacteria,Xanthomonadales,Xanthomonadaceae,Pseudoxanthomonas,Gammaproteobacteria,0.273499995
591,T120,Glucose,P1.1,B3, S9 ,R68,Root68,Proteobacteria,Gammaproteobacteria,Pseudomonadales,Pseudomonadaceae,Pseudomonas,Gammaproteobacteria,0.147100002
592,T120,Glucose,P1.1,B4, S10 ,R70,Root70,Proteobacteria,Betaproteobacteria,Burkholderiales,Comamonadaceae,Acidovorax,Betaproteobacteria,0.194999993
593,T120,Glucose,P1.1,B5, S11 ,R71,Root71,Proteobacteria,Gammaproteobacteria,Pseudomonadales,Pseudomonadaceae,Pseudomonas,Gammaproteobacteria,0.140200004
594,T120,Glucose,P1.1,B6, S12 ,R81,Root81,Actinobacteria,Actinobacteria,Actinomycetales,Microbacteriaceae,Agromyces,Actinobacteria,0.250800014
595,T120,3OMG,P1.1,B7, S7 ,R61,Root61,Actinobacteria,Actinobacteria,Actinomycetales,Microbacteriaceae,Microbacterium,Actinobacteria,0.092200004
596,T120,3OMG,P1.1,B8, S8 ,R65,Root65,Proteobacteria,Gammaproteobacteria,Xanthomonadales,Xanthomonadaceae,Pseudoxanthomonas,Gammaproteobacteria,0.130099997
597,T120,3OMG,P1.1,B9, S9 ,R68,Root68,Proteobacteria,Gammaproteobacteria,Pseudomonadales,Pseudomonadaceae,Pseudomonas,Gammaproteobacteria,0.100900002
598,T120,3OMG,P1.1,B10, S10 ,R70,Root70,Proteobacteria,Betaproteobacteria,Burkholderiales,Comamonadaceae,Acidovorax,Betaproteobacteria,0.090599999
599,T120,3OMG,P1.1,B11, S11 ,R71,Root71,Proteobacteria,Gammaproteobacteria,Pseudomonadales,Pseudomonadaceae,Pseudomonas,Gammaproteobacteria,0.101099998
600,T120,3OMG,P1.1,B12, S12 ,R81,Root81,Actinobacteria,Actinobacteria,Actinomycetales,Microbacteriaceae,Agromyces,Actinobacteria,0.229699999
601,T120,Glucose,P1.1,C1, S13 ,R83,Root83,Proteobacteria,Betaproteobacteria,Burkholderiales,Alcaligenaceae,Achromobacter,Betaproteobacteria,0.094899997
602,T120,Glucose,P1.1,C2, S14 ,R85,Root85,Actinobacteria,Actinobacteria,Actinomycetales,Intrasporangiaceae,#REF!,Actinobacteria,0.0942
603,T120,Glucose,P1.1,C3, S15 ,R101,Root101,Actinobacteria,Actinobacteria,Actinomycetales,Intrasporangiaceae,Janibacter,Actinobacteria,0.090499997
604,T120,Glucose,P1.1,C4, S16 ,R107,Root107,Actinobacteria,Actinobacteria,Actinomycetales,Streptomycetaceae,#REF!,Actinobacteria,0.182600006
605,T120,Glucose,P1.1,C5, S17 ,R112D2,Root112D2,Actinobacteria,Actinobacteria,Actinomycetales,Microbacteriaceae,#REF!,Actinobacteria,0.105099998
606,T120,Glucose,P1.1,C6, S18 ,R123D2,Root123D2,Proteobacteria,Alphaproteobacteria,Rhizobiales,Bradyrhizobiaceae,Afipia,Alphaproteobacteria,0.090899996
607,T120,3OMG,P1.1,C7, S13 ,R83,Root83,Proteobacteria,Betaproteobacteria,Burkholderiales,Alcaligenaceae,Achromobacter,Betaproteobacteria,0.0933
608,T120,3OMG,P1.1,C8, S14 ,R85,Root85,Actinobacteria,Actinobacteria,Actinomycetales,Intrasporangiaceae,#REF!,Actinobacteria,0.088600002
609,T120,3OMG,P1.1,C9, S15 ,R101,Root101,Actinobacteria,Actinobacteria,Actinomycetales,Intrasporangiaceae,Janibacter,Actinobacteria,0.089599997
610,T120,3OMG,P1.1,C10, S16 ,R107,Root107,Actinobacteria,Actinobacteria,Actinomycetales,Streptomycetaceae,#REF!,Actinobacteria,0.092299998
611,T120,3OMG,P1.1,C11, S17 ,R112D2,Root112D2,Actinobacteria,Actinobacteria,Actinomycetales,Microbacteriaceae,#REF!,Actinobacteria,0.093599997
612,T120,3OMG,P1.1,C12, S18 ,R123D2,Root123D2,Proteobacteria,Alphaproteobacteria,Rhizobiales,Bradyrhizobiaceae,Afipia,Alphaproteobacteria,0.093900003
613,T120,Glucose,P1.1,D1, S19 ,R135,Root135,Actinobacteria,Actinobacteria,Actinomycetales,Mycobacteriaceae,Mycobacterium,Actinobacteria,0.119199999
614,T120,Glucose,P1.1,D2, S20 ,R136,Root136,Actinobacteria,Actinobacteria,Actinomycetales,Nocardiaceae,Nocardia,Actinobacteria,0.226799995
615,T120,Glucose,P1.1,D3, S21 ,R140,Root140,Actinobacteria,Actinobacteria,Actinomycetales,Nocardioidaceae,Nocardioides,Actinobacteria,0.101400003
616,T120,Glucose,P1.1,D4, S22 ,R147,Root147,Firmicutes,Bacilli,Bacillales,Bacillaceae,#REF!,Firmicutes,0.134900004
617,T120,Glucose,P1.1,D5, S23 ,R149,Root149,Proteobacteria,Alphaproteobacteria,Rhizobiales,Rhizobiaceae,Rhizobium,Alphaproteobacteria,0.243399993
618,T120,Glucose,P1.1,D6, S24 ,R157,Root157,Proteobacteria,Alphaproteobacteria,Rhizobiales,Phyllobacteriaceae,Mesorhizobium,Alphaproteobacteria,0.244599998
619,T120,3OMG,P1.1,D7, S19 ,R135,Root135,Actinobacteria,Actinobacteria,Actinomycetales,Mycobacteriaceae,Mycobacterium,Actinobacteria,0.102200001
620,T120,3OMG,P1.1,D8, S20 ,R136,Root136,Actinobacteria,Actinobacteria,Actinomycetales,Nocardiaceae,Nocardia,Actinobacteria,0.222599998
621,T120,3OMG,P1.1,D9, S21 ,R140,Root140,Actinobacteria,Actinobacteria,Actinomycetales,Nocardioidaceae,Nocardioides,Actinobacteria,0.113200001
622,T120,3OMG,P1.1,D10,S22,R147,Root147,Firmicutes,Bacilli,Bacillales,Bacillaceae,#REF!,Firmicutes,0.091300003
623,T120,3OMG,P1.1,D11,S23,R149,Root149,Proteobacteria,Alphaproteobacteria,Rhizobiales,Rhizobiaceae,Rhizobium,Alphaproteobacteria,0.099100001
624,T120,3OMG,P1.1,D12,S24,R157,Root157,Proteobacteria,Alphaproteobacteria,Rhizobiales,Phyllobacteriaceae,Mesorhizobium,Alphaproteobacteria,0.204999998
625,T120,Glucose,P1.1,E1,S25,R166,Root166,Actinobacteria,Actinobacteria,Actinomycetales,Microbacteriaceae,Microbacterium,Actinobacteria,0.104000002
626,T120,Glucose,P1.1,E2,S26,R170,Root170,Proteobacteria,Betaproteobacteria,Burkholderiales,Alcaligenaceae,Achromobacter,Betaproteobacteria,0.0973
627,T120,Glucose,P1.1,E3,S27,R172,Root172,Proteobacteria,Alphaproteobacteria,Rhizobiales,Phyllobacteriaceae,Mesorhizobium,Alphaproteobacteria,0.140200004
628,T120,Glucose,P1.1,E4,S28,R179,Root179,Proteobacteria,Gammaproteobacteria,Xanthomonadales,Xanthomonadaceae,Rhodanobacter,Gammaproteobacteria,0.189500004
629,T120,Glucose,P1.1,E5,S29,R186,Root186,Bacteroidetes,Flavobacteriia,Flavobacteriales,Flavobacteriaceae,Flavobacterium,Bacteroidetes,0.091899998
630,T120,Glucose,P1.1,E6,S30,R189,Root189,Proteobacteria,Betaproteobacteria,Burkholderiales,Oxalobacteraceae,Herbaspirillum,Betaproteobacteria,0.267699987
631,T120,3OMG,P1.1,E7,S25,R166,Root166,Actinobacteria,Actinobacteria,Actinomycetales,Microbacteriaceae,Microbacterium,Actinobacteria,0.090300001
632,T120,3OMG,P1.1,E8,S26,R170,Root170,Proteobacteria,Betaproteobacteria,Burkholderiales,Alcaligenaceae,Achromobacter,Betaproteobacteria,0.092399999
633,T120,3OMG,P1.1,E9,S27,R172,Root172,Proteobacteria,Alphaproteobacteria,Rhizobiales,Phyllobacteriaceae,Mesorhizobium,Alphaproteobacteria,0.100500003
634,T120,3OMG,P1.1,E10,S28,R179,Root179,Proteobacteria,Gammaproteobacteria,Xanthomonadales,Xanthomonadaceae,Rhodanobacter,Gammaproteobacteria,0.097000003
635,T120,3OMG,P1.1,E11,S29,R186,Root186,Bacteroidetes,Flavobacteriia,Flavobacteriales,Flavobacteriaceae,Flavobacterium,Bacteroidetes,0.093999997
636,T120,3OMG,P1.1,E12,S30,R189,Root189,Proteobacteria,Betaproteobacteria,Burkholderiales,Oxalobacteraceae,Herbaspirillum,Betaproteobacteria,0.1831
637,T120,Glucose,P1.1,F1,S31,R190,Root190,Actinobacteria,Actinobacteria,Actinomycetales,Nocardioidaceae,Nocardioides,Actinobacteria,0.1505
638,T120,Glucose,P1.1,F2,S32,R198D2,Root198D2,Proteobacteria,Betaproteobacteria,Burkholderiales,Oxalobacteraceae,#REF!,Betaproteobacteria,0.189099997
639,T120,Glucose,P1.1,F3,S33,R209,Root209,Proteobacteria,Betaproteobacteria,Burkholderiales,Comamonadaceae,#REF!,Betaproteobacteria,0.186000004
640,T120,Glucose,P1.1,F4,S34,R224,Root224,Actinobacteria,Actinobacteria,Actinomycetales,Nocardioidaceae,Nocardioides,Actinobacteria,0.095600002
641,T120,Glucose,P1.1,F5,S35,R227,Root227,Actinobacteria,Actinobacteria,Actinomycetales,Microbacteriaceae,#REF!,Actinobacteria,0.211500004
642,T120,Glucose,P1.1,F6,S36,R240,Root240,Actinobacteria,Actinobacteria,Actinomycetales,Nocardioidaceae,Nocardioides,Actinobacteria,0.140599996
643,T120,3OMG,P1.1,F7,S31,R190,Root190,Actinobacteria,Actinobacteria,Actinomycetales,Nocardioidaceae,Nocardioides,Actinobacteria,0.101000004
644,T120,3OMG,P1.1,F8,S32,R198D2,Root198D2,Proteobacteria,Betaproteobacteria,Burkholderiales,Oxalobacteraceae,#REF!,Betaproteobacteria,0.098999999
645,T120,3OMG,P1.1,F9,S33,R209,Root209,Proteobacteria,Betaproteobacteria,Burkholderiales,Comamonadaceae,#REF!,Betaproteobacteria,0.104699999
646,T120,3OMG,P1.1,F10,S34,R224,Root224,Actinobacteria,Actinobacteria,Actinomycetales,Nocardioidaceae,Nocardioides,Actinobacteria,0.097400002
647,T120,3OMG,P1.1,F11,S35,R227,Root227,Actinobacteria,Actinobacteria,Actinomycetales,Microbacteriaceae,#REF!,Actinobacteria,0.172900006
648,T120,3OMG,P1.1,F12,S36,R240,Root240,Actinobacteria,Actinobacteria,Actinomycetales,Nocardioidaceae,Nocardioides,Actinobacteria,0.109300002
649,T120,Glucose,P1.1,G1,S37,R241,Root241,Proteobacteria,Alphaproteobacteria,Sphingomonadales,Sphingomonadaceae,Sphingomonas,Alphaproteobacteria,0.100500003
650,T120,Glucose,P1.1,G2,S38,R265,Root265,Actinobacteria,Actinobacteria,Actinomycetales,Mycobacteriaceae,Mycobacterium,Actinobacteria,0.146200001
651,T120,Glucose,P1.1,G3,S39,R268,Root268,Proteobacteria,Alphaproteobacteria,Rhizobiales,Rhizobiaceae,Rhizobium,Alphaproteobacteria,0.100400001
652,T120,Glucose,P1.1,G4,S40,R280D1,Root280D1,Actinobacteria,Actinobacteria,Actinomycetales,Microbacteriaceae,Microbacterium,Actinobacteria,0.1039
653,T120,Glucose,P1.1,G5,S41,R318D1,Root318D1,Proteobacteria,Betaproteobacteria,Burkholderiales,Comamonadaceae,Variovorax,Betaproteobacteria,0.1052
654,T120,Glucose,P1.1,G6,S42,R329,Root329,Proteobacteria,Gammaproteobacteria,Pseudomonadales,Pseudomonadaceae,Pseudomonas,Gammaproteobacteria,0.178200006
655,T120,3OMG,P1.1,G7,S37,R241,Root241,Proteobacteria,Alphaproteobacteria,Sphingomonadales,Sphingomonadaceae,Sphingomonas,Alphaproteobacteria,0.096600004
656,T120,3OMG,P1.1,G8,S38,R265,Root265,Actinobacteria,Actinobacteria,Actinomycetales,Mycobacteriaceae,Mycobacterium,Actinobacteria,0.098200001
657,T120,3OMG,P1.1,G9,S39,R268,Root268,Proteobacteria,Alphaproteobacteria,Rhizobiales,Rhizobiaceae,Rhizobium,Alphaproteobacteria,0.097499996
658,T120,3OMG,P1.1,G10,S40,R280D1,Root280D1,Actinobacteria,Actinobacteria,Actinomycetales,Microbacteriaceae,Microbacterium,Actinobacteria,0.101099998
659,T120,3OMG,P1.1,G11,S41,R318D1,Root318D1,Proteobacteria,Betaproteobacteria,Burkholderiales,Comamonadaceae,Variovorax,Betaproteobacteria,0.097900003
660,T120,3OMG,P1.1,G12,S42,R329,Root329,Proteobacteria,Gammaproteobacteria,Pseudomonadales,Pseudomonadaceae,Pseudomonas,Gammaproteobacteria,0.110600002
661,T120,Glucose,P1.1,H1,S43,R332,Root332,Actinobacteria,Actinobacteria,Actinomycetales,Microbacteriaceae,#REF!,Actinobacteria,0.100000001
662,T120,Glucose,P1.1,H2,S44,R336D2,Root336D2,Proteobacteria,Betaproteobacteria,Burkholderiales,Oxalobacteraceae,#REF!,Betaproteobacteria,0.251599997
663,T120,Glucose,P1.1,H3,S45,R369,Root369,Actinobacteria,Actinobacteria,Actinomycetales,Streptomycetaceae,Streptomyces,Actinobacteria,0.217500001
664,T120,Glucose,P1.1,H4,Water,Water,Water,#N/A,#N/A,#N/A,#N/A,#N/A,#N/A,0.096500002
665,T120,Glucose,P1.1,H5,Water,Water,Water,#N/A,#N/A,#N/A,#N/A,#N/A,#N/A,0.094800003
666,T120,Glucose,P1.1,H6,Water,Water,Water,#N/A,#N/A,#N/A,#N/A,#N/A,#N/A,0.094700001
667,T120,3OMG,P1.1,H7,S43,R332,Root332,Actinobacteria,Actinobacteria,Actinomycetales,Microbacteriaceae,#REF!,Actinobacteria,0.100299999
668,T120,3OMG,P1.1,H8,S44,R336D2,Root336D2,Proteobacteria,Betaproteobacteria,Burkholderiales,Oxalobacteraceae,#REF!,Betaproteobacteria,0.260699987
669,T120,3OMG,P1.1,H9,S45,R369,Root369,Actinobacteria,Actinobacteria,Actinomycetales,Streptomycetaceae,Streptomyces,Actinobacteria,0.096100003
670,T120,3OMG,P1.1,H10,Water,Water,Water,#N/A,#N/A,#N/A,#N/A,#N/A,#N/A,0.092200004
671,T120,3OMG,P1.1,H11,Water,Water,Water,#N/A,#N/A,#N/A,#N/A,#N/A,#N/A,0.091200002
672,T120,3OMG,P1.1,H12,Water,Water,Water,#N/A,#N/A,#N/A,#N/A,#N/A,#N/A,0.089400001
673,T120,Glucose,P1.2,A1, S1 ,R4,Root4,Actinobacteria,Actinobacteria,Actinomycetales,Microbacteriaceae,Agromyces,Actinobacteria,0.088799998
674,T120,Glucose,P1.2,A2, S2 ,R9,Root9,Proteobacteria,Gammaproteobacteria,Pseudomonadales,Pseudomonadaceae,Pseudomonas,Gammaproteobacteria,0.188700005
675,T120,Glucose,P1.2,A3, S3 ,R11,Root11,Firmicutes,Bacilli,Bacillales,Bacillaceae,Bacillus,Firmicutes,0.089100003
676,T120,Glucose,P1.2,A4, S4 ,R16D2,Root16D2,Proteobacteria,Betaproteobacteria,Burkholderiales,Comamonadaceae,#REF!,Betaproteobacteria,0.093800001
677,T120,Glucose,P1.2,A5, S5 ,R22,Root22,Actinobacteria,Actinobacteria,Actinomycetales,Promicromonosporaceae,#REF!,Actinobacteria,0.151999995
678,T120,Glucose,P1.2,A6, S6 ,R53,Root53,Actinobacteria,Actinobacteria,Actinomycetales,Microbacteriaceae,Microbacterium,Actinobacteria,0.239500001
679,T120,3OMG,P1.2,A7, S1 ,R4,Root4,Actinobacteria,Actinobacteria,Actinomycetales,Microbacteriaceae,Agromyces,Actinobacteria,0.088100001
680,T120,3OMG,P1.2,A8, S2 ,R9,Root9,Proteobacteria,Gammaproteobacteria,Pseudomonadales,Pseudomonadaceae,Pseudomonas,Gammaproteobacteria,0.087800004
681,T120,3OMG,P1.2,A9, S3 ,R11,Root11,Firmicutes,Bacilli,Bacillales,Bacillaceae,Bacillus,Firmicutes,0.089000002
682,T120,3OMG,P1.2,A10, S4 ,R16D2,Root16D2,Proteobacteria,Betaproteobacteria,Burkholderiales,Comamonadaceae,#REF!,Betaproteobacteria,0.089599997
683,T120,3OMG,P1.2,A11, S5 ,R22,Root22,Actinobacteria,Actinobacteria,Actinomycetales,Promicromonosporaceae,#REF!,Actinobacteria,0.092200004
684,T120,3OMG,P1.2,A12, S6 ,R53,Root53,Actinobacteria,Actinobacteria,Actinomycetales,Microbacteriaceae,Microbacterium,Actinobacteria,0.209299996
685,T120,Glucose,P1.2,B1, S7 ,R61,Root61,Actinobacteria,Actinobacteria,Actinomycetales,Microbacteriaceae,Microbacterium,Actinobacteria,0.093999997
686,T120,Glucose,P1.2,B2, S8 ,R65,Root65,Proteobacteria,Gammaproteobacteria,Xanthomonadales,Xanthomonadaceae,Pseudoxanthomonas,Gammaproteobacteria,0.268900007
687,T120,Glucose,P1.2,B3, S9 ,R68,Root68,Proteobacteria,Gammaproteobacteria,Pseudomonadales,Pseudomonadaceae,Pseudomonas,Gammaproteobacteria,0.136199996
688,T120,Glucose,P1.2,B4, S10 ,R70,Root70,Proteobacteria,Betaproteobacteria,Burkholderiales,Comamonadaceae,Acidovorax,Betaproteobacteria,0.1866
689,T120,Glucose,P1.2,B5, S11 ,R71,Root71,Proteobacteria,Gammaproteobacteria,Pseudomonadales,Pseudomonadaceae,Pseudomonas,Gammaproteobacteria,0.132699996
690,T120,Glucose,P1.2,B6, S12 ,R81,Root81,Actinobacteria,Actinobacteria,Actinomycetales,Microbacteriaceae,Agromyces,Actinobacteria,0.247700006
691,T120,3OMG,P1.2,B7, S7 ,R61,Root61,Actinobacteria,Actinobacteria,Actinomycetales,Microbacteriaceae,Microbacterium,Actinobacteria,0.089000002
692,T120,3OMG,P1.2,B8, S8 ,R65,Root65,Proteobacteria,Gammaproteobacteria,Xanthomonadales,Xanthomonadaceae,Pseudoxanthomonas,Gammaproteobacteria,0.133399993
693,T120,3OMG,P1.2,B9, S9 ,R68,Root68,Proteobacteria,Gammaproteobacteria,Pseudomonadales,Pseudomonadaceae,Pseudomonas,Gammaproteobacteria,0.1039
694,T120,3OMG,P1.2,B10, S10 ,R70,Root70,Proteobacteria,Betaproteobacteria,Burkholderiales,Comamonadaceae,Acidovorax,Betaproteobacteria,0.087399997
695,T120,3OMG,P1.2,B11, S11 ,R71,Root71,Proteobacteria,Gammaproteobacteria,Pseudomonadales,Pseudomonadaceae,Pseudomonas,Gammaproteobacteria,0.098200001
696,T120,3OMG,P1.2,B12, S12 ,R81,Root81,Actinobacteria,Actinobacteria,Actinomycetales,Microbacteriaceae,Agromyces,Actinobacteria,0.227799997
697,T120,Glucose,P1.2,C1, S13 ,R83,Root83,Proteobacteria,Betaproteobacteria,Burkholderiales,Alcaligenaceae,Achromobacter,Betaproteobacteria,0.093699999
698,T120,Glucose,P1.2,C2, S14 ,R85,Root85,Actinobacteria,Actinobacteria,Actinomycetales,Intrasporangiaceae,#REF!,Actinobacteria,0.093900003
699,T120,Glucose,P1.2,C3, S15 ,R101,Root101,Actinobacteria,Actinobacteria,Actinomycetales,Intrasporangiaceae,Janibacter,Actinobacteria,0.088500001
700,T120,Glucose,P1.2,C4, S16 ,R107,Root107,Actinobacteria,Actinobacteria,Actinomycetales,Streptomycetaceae,#REF!,Actinobacteria,0.092200004
701,T120,Glucose,P1.2,C5, S17 ,R112D2,Root112D2,Actinobacteria,Actinobacteria,Actinomycetales,Microbacteriaceae,#REF!,Actinobacteria,0.149599999
702,T120,Glucose,P1.2,C6, S18 ,R123D2,Root123D2,Proteobacteria,Alphaproteobacteria,Rhizobiales,Bradyrhizobiaceae,Afipia,Alphaproteobacteria,0.088399999
703,T120,3OMG,P1.2,C7, S13 ,R83,Root83,Proteobacteria,Betaproteobacteria,Burkholderiales,Alcaligenaceae,Achromobacter,Betaproteobacteria,0.0902
704,T120,3OMG,P1.2,C8, S14 ,R85,Root85,Actinobacteria,Actinobacteria,Actinomycetales,Intrasporangiaceae,#REF!,Actinobacteria,0.086599998
705,T120,3OMG,P1.2,C9, S15 ,R101,Root101,Actinobacteria,Actinobacteria,Actinomycetales,Intrasporangiaceae,Janibacter,Actinobacteria,0.087200001
706,T120,3OMG,P1.2,C10, S16 ,R107,Root107,Actinobacteria,Actinobacteria,Actinomycetales,Streptomycetaceae,#REF!,Actinobacteria,0.090899996
707,T120,3OMG,P1.2,C11, S17 ,R112D2,Root112D2,Actinobacteria,Actinobacteria,Actinomycetales,Microbacteriaceae,#REF!,Actinobacteria,0.090599999
708,T120,3OMG,P1.2,C12, S18 ,R123D2,Root123D2,Proteobacteria,Alphaproteobacteria,Rhizobiales,Bradyrhizobiaceae,Afipia,Alphaproteobacteria,0.090899996
709,T120,Glucose,P1.2,D1, S19 ,R135,Root135,Actinobacteria,Actinobacteria,Actinomycetales,Mycobacteriaceae,Mycobacterium,Actinobacteria,0.118199997
710,T120,Glucose,P1.2,D2, S20 ,R136,Root136,Actinobacteria,Actinobacteria,Actinomycetales,Nocardiaceae,Nocardia,Actinobacteria,0.222499996
711,T120,Glucose,P1.2,D3, S21 ,R140,Root140,Actinobacteria,Actinobacteria,Actinomycetales,Nocardioidaceae,Nocardioides,Actinobacteria,0.0977
712,T120,Glucose,P1.2,D4, S22 ,R147,Root147,Firmicutes,Bacilli,Bacillales,Bacillaceae,#REF!,Firmicutes,0.137899995
713,T120,Glucose,P1.2,D5, S23 ,R149,Root149,Proteobacteria,Alphaproteobacteria,Rhizobiales,Rhizobiaceae,Rhizobium,Alphaproteobacteria,0.238600001
714,T120,Glucose,P1.2,D6, S24 ,R157,Root157,Proteobacteria,Alphaproteobacteria,Rhizobiales,Phyllobacteriaceae,Mesorhizobium,Alphaproteobacteria,0.238399997
715,T120,3OMG,P1.2,D7, S19 ,R135,Root135,Actinobacteria,Actinobacteria,Actinomycetales,Mycobacteriaceae,Mycobacterium,Actinobacteria,0.097900003
716,T120,3OMG,P1.2,D8, S20 ,R136,Root136,Actinobacteria,Actinobacteria,Actinomycetales,Nocardiaceae,Nocardia,Actinobacteria,0.151800007
717,T120,3OMG,P1.2,D9, S21 ,R140,Root140,Actinobacteria,Actinobacteria,Actinomycetales,Nocardioidaceae,Nocardioides,Actinobacteria,0.108400002
718,T120,3OMG,P1.2,D10,S22,R147,Root147,Firmicutes,Bacilli,Bacillales,Bacillaceae,#REF!,Firmicutes,0.089199997
719,T120,3OMG,P1.2,D11,S23,R149,Root149,Proteobacteria,Alphaproteobacteria,Rhizobiales,Rhizobiaceae,Rhizobium,Alphaproteobacteria,0.092299998
720,T120,3OMG,P1.2,D12,S24,R157,Root157,Proteobacteria,Alphaproteobacteria,Rhizobiales,Phyllobacteriaceae,Mesorhizobium,Alphaproteobacteria,0.198500007
721,T120,Glucose,P1.2,E1,S25,R166,Root166,Actinobacteria,Actinobacteria,Actinomycetales,Microbacteriaceae,Microbacterium,Actinobacteria,0.101899996
722,T120,Glucose,P1.2,E2,S26,R170,Root170,Proteobacteria,Betaproteobacteria,Burkholderiales,Alcaligenaceae,Achromobacter,Betaproteobacteria,0.094899997
723,T120,Glucose,P1.2,E3,S27,R172,Root172,Proteobacteria,Alphaproteobacteria,Rhizobiales,Phyllobacteriaceae,Mesorhizobium,Alphaproteobacteria,0.142900005
724,T120,Glucose,P1.2,E4,S28,R179,Root179,Proteobacteria,Gammaproteobacteria,Xanthomonadales,Xanthomonadaceae,Rhodanobacter,Gammaproteobacteria,0.187099993
725,T120,Glucose,P1.2,E5,S29,R186,Root186,Bacteroidetes,Flavobacteriia,Flavobacteriales,Flavobacteriaceae,Flavobacterium,Bacteroidetes,0.091300003
726,T120,Glucose,P1.2,E6,S30,R189,Root189,Proteobacteria,Betaproteobacteria,Burkholderiales,Oxalobacteraceae,Herbaspirillum,Betaproteobacteria,0.25909999
727,T120,3OMG,P1.2,E7,S25,R166,Root166,Actinobacteria,Actinobacteria,Actinomycetales,Microbacteriaceae,Microbacterium,Actinobacteria,0.093000002
728,T120,3OMG,P1.2,E8,S26,R170,Root170,Proteobacteria,Betaproteobacteria,Burkholderiales,Alcaligenaceae,Achromobacter,Betaproteobacteria,0.0902
729,T120,3OMG,P1.2,E9,S27,R172,Root172,Proteobacteria,Alphaproteobacteria,Rhizobiales,Phyllobacteriaceae,Mesorhizobium,Alphaproteobacteria,0.096199997
730,T120,3OMG,P1.2,E10,S28,R179,Root179,Proteobacteria,Gammaproteobacteria,Xanthomonadales,Xanthomonadaceae,Rhodanobacter,Gammaproteobacteria,0.095600002
731,T120,3OMG,P1.2,E11,S29,R186,Root186,Bacteroidetes,Flavobacteriia,Flavobacteriales,Flavobacteriaceae,Flavobacterium,Bacteroidetes,0.093900003
732,T120,3OMG,P1.2,E12,S30,R189,Root189,Proteobacteria,Betaproteobacteria,Burkholderiales,Oxalobacteraceae,Herbaspirillum,Betaproteobacteria,0.182600006
733,T120,Glucose,P1.2,F1,S31,R190,Root190,Actinobacteria,Actinobacteria,Actinomycetales,Nocardioidaceae,Nocardioides,Actinobacteria,0.144500002
734,T120,Glucose,P1.2,F2,S32,R198D2,Root198D2,Proteobacteria,Betaproteobacteria,Burkholderiales,Oxalobacteraceae,#REF!,Betaproteobacteria,0.188299999
735,T120,Glucose,P1.2,F3,S33,R209,Root209,Proteobacteria,Betaproteobacteria,Burkholderiales,Comamonadaceae,#REF!,Betaproteobacteria,0.098899998
736,T120,Glucose,P1.2,F4,S34,R224,Root224,Actinobacteria,Actinobacteria,Actinomycetales,Nocardioidaceae,Nocardioides,Actinobacteria,0.095100001
737,T120,Glucose,P1.2,F5,S35,R227,Root227,Actinobacteria,Actinobacteria,Actinomycetales,Microbacteriaceae,#REF!,Actinobacteria,0.209299996
738,T120,Glucose,P1.2,F6,S36,R240,Root240,Actinobacteria,Actinobacteria,Actinomycetales,Nocardioidaceae,Nocardioides,Actinobacteria,0.140400007
739,T120,3OMG,P1.2,F7,S31,R190,Root190,Actinobacteria,Actinobacteria,Actinomycetales,Nocardioidaceae,Nocardioides,Actinobacteria,0.097999997
740,T120,3OMG,P1.2,F8,S32,R198D2,Root198D2,Proteobacteria,Betaproteobacteria,Burkholderiales,Oxalobacteraceae,#REF!,Betaproteobacteria,0.097000003
741,T120,3OMG,P1.2,F9,S33,R209,Root209,Proteobacteria,Betaproteobacteria,Burkholderiales,Comamonadaceae,#REF!,Betaproteobacteria,0.096799999
742,T120,3OMG,P1.2,F10,S34,R224,Root224,Actinobacteria,Actinobacteria,Actinomycetales,Nocardioidaceae,Nocardioides,Actinobacteria,0.093800001
743,T120,3OMG,P1.2,F11,S35,R227,Root227,Actinobacteria,Actinobacteria,Actinomycetales,Microbacteriaceae,#REF!,Actinobacteria,0.147599995
744,T120,3OMG,P1.2,F12,S36,R240,Root240,Actinobacteria,Actinobacteria,Actinomycetales,Nocardioidaceae,Nocardioides,Actinobacteria,0.098499998
745,T120,Glucose,P1.2,G1,S37,R241,Root241,Proteobacteria,Alphaproteobacteria,Sphingomonadales,Sphingomonadaceae,Sphingomonas,Alphaproteobacteria,0.093699999
746,T120,Glucose,P1.2,G2,S38,R265,Root265,Actinobacteria,Actinobacteria,Actinomycetales,Mycobacteriaceae,Mycobacterium,Actinobacteria,0.141200006
747,T120,Glucose,P1.2,G3,S39,R268,Root268,Proteobacteria,Alphaproteobacteria,Rhizobiales,Rhizobiaceae,Rhizobium,Alphaproteobacteria,0.097400002
748,T120,Glucose,P1.2,G4,S40,R280D1,Root280D1,Actinobacteria,Actinobacteria,Actinomycetales,Microbacteriaceae,Microbacterium,Actinobacteria,0.102799997
749,T120,Glucose,P1.2,G5,S41,R318D1,Root318D1,Proteobacteria,Betaproteobacteria,Burkholderiales,Comamonadaceae,Variovorax,Betaproteobacteria,0.1021
750,T120,Glucose,P1.2,G6,S42,R329,Root329,Proteobacteria,Gammaproteobacteria,Pseudomonadales,Pseudomonadaceae,Pseudomonas,Gammaproteobacteria,0.177000001
751,T120,3OMG,P1.2,G7,S37,R241,Root241,Proteobacteria,Alphaproteobacteria,Sphingomonadales,Sphingomonadaceae,Sphingomonas,Alphaproteobacteria,0.094800003
752,T120,3OMG,P1.2,G8,S38,R265,Root265,Actinobacteria,Actinobacteria,Actinomycetales,Mycobacteriaceae,Mycobacterium,Actinobacteria,0.0964
753,T120,3OMG,P1.2,G9,S39,R268,Root268,Proteobacteria,Alphaproteobacteria,Rhizobiales,Rhizobiaceae,Rhizobium,Alphaproteobacteria,0.095299996
754,T120,3OMG,P1.2,G10,S40,R280D1,Root280D1,Actinobacteria,Actinobacteria,Actinomycetales,Microbacteriaceae,Microbacterium,Actinobacteria,0.098700002
755,T120,3OMG,P1.2,G11,S41,R318D1,Root318D1,Proteobacteria,Betaproteobacteria,Burkholderiales,Comamonadaceae,Variovorax,Betaproteobacteria,0.095700003
756,T120,3OMG,P1.2,G12,S42,R329,Root329,Proteobacteria,Gammaproteobacteria,Pseudomonadales,Pseudomonadaceae,Pseudomonas,Gammaproteobacteria,0.105300002
757,T120,Glucose,P1.2,H1,S43,R332,Root332,Actinobacteria,Actinobacteria,Actinomycetales,Microbacteriaceae,#REF!,Actinobacteria,0.104000002
758,T120,Glucose,P1.2,H2,S44,R336D2,Root336D2,Proteobacteria,Betaproteobacteria,Burkholderiales,Oxalobacteraceae,#REF!,Betaproteobacteria,0.245399997
759,T120,Glucose,P1.2,H3,S45,R369,Root369,Actinobacteria,Actinobacteria,Actinomycetales,Streptomycetaceae,Streptomyces,Actinobacteria,0.191200003
760,T120,Glucose,P1.2,H4,Water,Water,Water,#N/A,#N/A,#N/A,#N/A,#N/A,#N/A,0.095600002
761,T120,Glucose,P1.2,H5,Water,Water,Water,#N/A,#N/A,#N/A,#N/A,#N/A,#N/A,0.092600003
762,T120,Glucose,P1.2,H6,Water,Water,Water,#N/A,#N/A,#N/A,#N/A,#N/A,#N/A,0.095100001
763,T120,3OMG,P1.2,H7,S43,R332,Root332,Actinobacteria,Actinobacteria,Actinomycetales,Microbacteriaceae,#REF!,Actinobacteria,0.097999997
764,T120,3OMG,P1.2,H8,S44,R336D2,Root336D2,Proteobacteria,Betaproteobacteria,Burkholderiales,Oxalobacteraceae,#REF!,Betaproteobacteria,0.257299989
765,T120,3OMG,P1.2,H9,S45,R369,Root369,Actinobacteria,Actinobacteria,Actinomycetales,Streptomycetaceae,Streptomyces,Actinobacteria,0.097499996
766,T120,3OMG,P1.2,H10,Water,Water,Water,#N/A,#N/A,#N/A,#N/A,#N/A,#N/A,0.093800001
767,T120,3OMG,P1.2,H11,Water,Water,Water,#N/A,#N/A,#N/A,#N/A,#N/A,#N/A,0.090300001
768,T120,3OMG,P1.2,H12,Water,Water,Water,#N/A,#N/A,#N/A,#N/A,#N/A,#N/A,0.089299999
769,T120,Glucose,P1.3,A1, S1 ,R4,Root4,Actinobacteria,Actinobacteria,Actinomycetales,Microbacteriaceae,Agromyces,Actinobacteria,0.0867
770,T120,Glucose,P1.3,A2, S2 ,R9,Root9,Proteobacteria,Gammaproteobacteria,Pseudomonadales,Pseudomonadaceae,Pseudomonas,Gammaproteobacteria,0.200800002
771,T120,Glucose,P1.3,A3, S3 ,R11,Root11,Firmicutes,Bacilli,Bacillales,Bacillaceae,Bacillus,Firmicutes,0.086599998
772,T120,Glucose,P1.3,A4, S4 ,R16D2,Root16D2,Proteobacteria,Betaproteobacteria,Burkholderiales,Comamonadaceae,#REF!,Betaproteobacteria,0.091700003
773,T120,Glucose,P1.3,A5, S5 ,R22,Root22,Actinobacteria,Actinobacteria,Actinomycetales,Promicromonosporaceae,#REF!,Actinobacteria,0.142900005
774,T120,Glucose,P1.3,A6, S6 ,R53,Root53,Actinobacteria,Actinobacteria,Actinomycetales,Microbacteriaceae,Microbacterium,Actinobacteria,0.263700008
775,T120,3OMG,P1.3,A7, S1 ,R4,Root4,Actinobacteria,Actinobacteria,Actinomycetales,Microbacteriaceae,Agromyces,Actinobacteria,0.085699998
776,T120,3OMG,P1.3,A8, S2 ,R9,Root9,Proteobacteria,Gammaproteobacteria,Pseudomonadales,Pseudomonadaceae,Pseudomonas,Gammaproteobacteria,0.085699998
777,T120,3OMG,P1.3,A9, S3 ,R11,Root11,Firmicutes,Bacilli,Bacillales,Bacillaceae,Bacillus,Firmicutes,0.086999997
778,T120,3OMG,P1.3,A10, S4 ,R16D2,Root16D2,Proteobacteria,Betaproteobacteria,Burkholderiales,Comamonadaceae,#REF!,Betaproteobacteria,0.088100001
779,T120,3OMG,P1.3,A11, S5 ,R22,Root22,Actinobacteria,Actinobacteria,Actinomycetales,Promicromonosporaceae,#REF!,Actinobacteria,0.086099997
780,T120,3OMG,P1.3,A12, S6 ,R53,Root53,Actinobacteria,Actinobacteria,Actinomycetales,Microbacteriaceae,Microbacterium,Actinobacteria,0.211999997
781,T120,Glucose,P1.3,B1, S7 ,R61,Root61,Actinobacteria,Actinobacteria,Actinomycetales,Microbacteriaceae,Microbacterium,Actinobacteria,0.089100003
782,T120,Glucose,P1.3,B2, S8 ,R65,Root65,Proteobacteria,Gammaproteobacteria,Xanthomonadales,Xanthomonadaceae,Pseudoxanthomonas,Gammaproteobacteria,0.272399992
783,T120,Glucose,P1.3,B3, S9 ,R68,Root68,Proteobacteria,Gammaproteobacteria,Pseudomonadales,Pseudomonadaceae,Pseudomonas,Gammaproteobacteria,0.137600005
784,T120,Glucose,P1.3,B4, S10 ,R70,Root70,Proteobacteria,Betaproteobacteria,Burkholderiales,Comamonadaceae,Acidovorax,Betaproteobacteria,0.178100005
785,T120,Glucose,P1.3,B5, S11 ,R71,Root71,Proteobacteria,Gammaproteobacteria,Pseudomonadales,Pseudomonadaceae,Pseudomonas,Gammaproteobacteria,0.133900002
786,T120,Glucose,P1.3,B6, S12 ,R81,Root81,Actinobacteria,Actinobacteria,Actinomycetales,Microbacteriaceae,Agromyces,Actinobacteria,0.257600009
787,T120,3OMG,P1.3,B7, S7 ,R61,Root61,Actinobacteria,Actinobacteria,Actinomycetales,Microbacteriaceae,Microbacterium,Actinobacteria,0.088399999
788,T120,3OMG,P1.3,B8, S8 ,R65,Root65,Proteobacteria,Gammaproteobacteria,Xanthomonadales,Xanthomonadaceae,Pseudoxanthomonas,Gammaproteobacteria,0.134299994
789,T120,3OMG,P1.3,B9, S9 ,R68,Root68,Proteobacteria,Gammaproteobacteria,Pseudomonadales,Pseudomonadaceae,Pseudomonas,Gammaproteobacteria,0.097800002
790,T120,3OMG,P1.3,B10, S10 ,R70,Root70,Proteobacteria,Betaproteobacteria,Burkholderiales,Comamonadaceae,Acidovorax,Betaproteobacteria,0.086599998
791,T120,3OMG,P1.3,B11, S11 ,R71,Root71,Proteobacteria,Gammaproteobacteria,Pseudomonadales,Pseudomonadaceae,Pseudomonas,Gammaproteobacteria,0.097199999
792,T120,3OMG,P1.3,B12, S12 ,R81,Root81,Actinobacteria,Actinobacteria,Actinomycetales,Microbacteriaceae,Agromyces,Actinobacteria,0.231199995
793,T120,Glucose,P1.3,C1, S13 ,R83,Root83,Proteobacteria,Betaproteobacteria,Burkholderiales,Alcaligenaceae,Achromobacter,Betaproteobacteria,0.087399997
794,T120,Glucose,P1.3,C2, S14 ,R85,Root85,Actinobacteria,Actinobacteria,Actinomycetales,Intrasporangiaceae,#REF!,Actinobacteria,0.087899998
795,T120,Glucose,P1.3,C3, S15 ,R101,Root101,Actinobacteria,Actinobacteria,Actinomycetales,Intrasporangiaceae,Janibacter,Actinobacteria,0.084799998
796,T120,Glucose,P1.3,C4, S16 ,R107,Root107,Actinobacteria,Actinobacteria,Actinomycetales,Streptomycetaceae,#REF!,Actinobacteria,0.185599998
797,T120,Glucose,P1.3,C5, S17 ,R112D2,Root112D2,Actinobacteria,Actinobacteria,Actinomycetales,Microbacteriaceae,#REF!,Actinobacteria,0.098200001
798,T120,Glucose,P1.3,C6, S18 ,R123D2,Root123D2,Proteobacteria,Alphaproteobacteria,Rhizobiales,Bradyrhizobiaceae,Afipia,Alphaproteobacteria,0.086900003
799,T120,3OMG,P1.3,C7, S13 ,R83,Root83,Proteobacteria,Betaproteobacteria,Burkholderiales,Alcaligenaceae,Achromobacter,Betaproteobacteria,0.088299997
800,T120,3OMG,P1.3,C8, S14 ,R85,Root85,Actinobacteria,Actinobacteria,Actinomycetales,Intrasporangiaceae,#REF!,Actinobacteria,0.085000001
801,T120,3OMG,P1.3,C9, S15 ,R101,Root101,Actinobacteria,Actinobacteria,Actinomycetales,Intrasporangiaceae,Janibacter,Actinobacteria,0.085699998
802,T120,3OMG,P1.3,C10, S16 ,R107,Root107,Actinobacteria,Actinobacteria,Actinomycetales,Streptomycetaceae,#REF!,Actinobacteria,0.090099998
803,T120,3OMG,P1.3,C11, S17 ,R112D2,Root112D2,Actinobacteria,Actinobacteria,Actinomycetales,Microbacteriaceae,#REF!,Actinobacteria,0.087700002
804,T120,3OMG,P1.3,C12, S18 ,R123D2,Root123D2,Proteobacteria,Alphaproteobacteria,Rhizobiales,Bradyrhizobiaceae,Afipia,Alphaproteobacteria,0.087499999
805,T120,Glucose,P1.3,D1, S19 ,R135,Root135,Actinobacteria,Actinobacteria,Actinomycetales,Mycobacteriaceae,Mycobacterium,Actinobacteria,0.111100003
806,T120,Glucose,P1.3,D2, S20 ,R136,Root136,Actinobacteria,Actinobacteria,Actinomycetales,Nocardiaceae,Nocardia,Actinobacteria,0.234300002
807,T120,Glucose,P1.3,D3, S21 ,R140,Root140,Actinobacteria,Actinobacteria,Actinomycetales,Nocardioidaceae,Nocardioides,Actinobacteria,0.094700001
808,T120,Glucose,P1.3,D4, S22 ,R147,Root147,Firmicutes,Bacilli,Bacillales,Bacillaceae,#REF!,Firmicutes,0.150199994
809,T120,Glucose,P1.3,D5, S23 ,R149,Root149,Proteobacteria,Alphaproteobacteria,Rhizobiales,Rhizobiaceae,Rhizobium,Alphaproteobacteria,0.246600002
810,T120,Glucose,P1.3,D6, S24 ,R157,Root157,Proteobacteria,Alphaproteobacteria,Rhizobiales,Phyllobacteriaceae,Mesorhizobium,Alphaproteobacteria,0.247600004
811,T120,3OMG,P1.3,D7, S19 ,R135,Root135,Actinobacteria,Actinobacteria,Actinomycetales,Mycobacteriaceae,Mycobacterium,Actinobacteria,0.095700003
812,T120,3OMG,P1.3,D8, S20 ,R136,Root136,Actinobacteria,Actinobacteria,Actinomycetales,Nocardiaceae,Nocardia,Actinobacteria,0.118199997
813,T120,3OMG,P1.3,D9, S21 ,R140,Root140,Actinobacteria,Actinobacteria,Actinomycetales,Nocardioidaceae,Nocardioides,Actinobacteria,0.105700001
814,T120,3OMG,P1.3,D10,S22,R147,Root147,Firmicutes,Bacilli,Bacillales,Bacillaceae,#REF!,Firmicutes,0.084600002
815,T120,3OMG,P1.3,D11,S23,R149,Root149,Proteobacteria,Alphaproteobacteria,Rhizobiales,Rhizobiaceae,Rhizobium,Alphaproteobacteria,0.090300001
816,T120,3OMG,P1.3,D12,S24,R157,Root157,Proteobacteria,Alphaproteobacteria,Rhizobiales,Phyllobacteriaceae,Mesorhizobium,Alphaproteobacteria,0.194800004
817,T120,Glucose,P1.3,E1,S25,R166,Root166,Actinobacteria,Actinobacteria,Actinomycetales,Microbacteriaceae,Microbacterium,Actinobacteria,0.093400002
818,T120,Glucose,P1.3,E2,S26,R170,Root170,Proteobacteria,Betaproteobacteria,Burkholderiales,Alcaligenaceae,Achromobacter,Betaproteobacteria,0.090899996
819,T120,Glucose,P1.3,E3,S27,R172,Root172,Proteobacteria,Alphaproteobacteria,Rhizobiales,Phyllobacteriaceae,Mesorhizobium,Alphaproteobacteria,0.140599996
820,T120,Glucose,P1.3,E4,S28,R179,Root179,Proteobacteria,Gammaproteobacteria,Xanthomonadales,Xanthomonadaceae,Rhodanobacter,Gammaproteobacteria,0.186100006
821,T120,Glucose,P1.3,E5,S29,R186,Root186,Bacteroidetes,Flavobacteriia,Flavobacteriales,Flavobacteriaceae,Flavobacterium,Bacteroidetes,0.092200004
822,T120,Glucose,P1.3,E6,S30,R189,Root189,Proteobacteria,Betaproteobacteria,Burkholderiales,Oxalobacteraceae,Herbaspirillum,Betaproteobacteria,0.270599991
823,T120,3OMG,P1.3,E7,S25,R166,Root166,Actinobacteria,Actinobacteria,Actinomycetales,Microbacteriaceae,Microbacterium,Actinobacteria,0.0898
824,T120,3OMG,P1.3,E8,S26,R170,Root170,Proteobacteria,Betaproteobacteria,Burkholderiales,Alcaligenaceae,Achromobacter,Betaproteobacteria,0.089100003
825,T120,3OMG,P1.3,E9,S27,R172,Root172,Proteobacteria,Alphaproteobacteria,Rhizobiales,Phyllobacteriaceae,Mesorhizobium,Alphaproteobacteria,0.094099998
826,T120,3OMG,P1.3,E10,S28,R179,Root179,Proteobacteria,Gammaproteobacteria,Xanthomonadales,Xanthomonadaceae,Rhodanobacter,Gammaproteobacteria,0.091200002
827,T120,3OMG,P1.3,E11,S29,R186,Root186,Bacteroidetes,Flavobacteriia,Flavobacteriales,Flavobacteriaceae,Flavobacterium,Bacteroidetes,0.0889
828,T120,3OMG,P1.3,E12,S30,R189,Root189,Proteobacteria,Betaproteobacteria,Burkholderiales,Oxalobacteraceae,Herbaspirillum,Betaproteobacteria,0.088699996
829,T120,Glucose,P1.3,F1,S31,R190,Root190,Actinobacteria,Actinobacteria,Actinomycetales,Nocardioidaceae,Nocardioides,Actinobacteria,0.138400003
830,T120,Glucose,P1.3,F2,S32,R198D2,Root198D2,Proteobacteria,Betaproteobacteria,Burkholderiales,Oxalobacteraceae,#REF!,Betaproteobacteria,0.184400007
831,T120,Glucose,P1.3,F3,S33,R209,Root209,Proteobacteria,Betaproteobacteria,Burkholderiales,Comamonadaceae,#REF!,Betaproteobacteria,0.091499999
832,T120,Glucose,P1.3,F4,S34,R224,Root224,Actinobacteria,Actinobacteria,Actinomycetales,Nocardioidaceae,Nocardioides,Actinobacteria,0.093099996
833,T120,Glucose,P1.3,F5,S35,R227,Root227,Actinobacteria,Actinobacteria,Actinomycetales,Microbacteriaceae,#REF!,Actinobacteria,0.215499997
834,T120,Glucose,P1.3,F6,S36,R240,Root240,Actinobacteria,Actinobacteria,Actinomycetales,Nocardioidaceae,Nocardioides,Actinobacteria,0.131799996
835,T120,3OMG,P1.3,F7,S31,R190,Root190,Actinobacteria,Actinobacteria,Actinomycetales,Nocardioidaceae,Nocardioides,Actinobacteria,0.094300002
836,T120,3OMG,P1.3,F8,S32,R198D2,Root198D2,Proteobacteria,Betaproteobacteria,Burkholderiales,Oxalobacteraceae,#REF!,Betaproteobacteria,0.093800001
837,T120,3OMG,P1.3,F9,S33,R209,Root209,Proteobacteria,Betaproteobacteria,Burkholderiales,Comamonadaceae,#REF!,Betaproteobacteria,0.090400003
838,T120,3OMG,P1.3,F10,S34,R224,Root224,Actinobacteria,Actinobacteria,Actinomycetales,Nocardioidaceae,Nocardioides,Actinobacteria,0.092600003
839,T120,3OMG,P1.3,F11,S35,R227,Root227,Actinobacteria,Actinobacteria,Actinomycetales,Microbacteriaceae,#REF!,Actinobacteria,0.142900005
840,T120,3OMG,P1.3,F12,S36,R240,Root240,Actinobacteria,Actinobacteria,Actinomycetales,Nocardioidaceae,Nocardioides,Actinobacteria,0.093400002
841,T120,Glucose,P1.3,G1,S37,R241,Root241,Proteobacteria,Alphaproteobacteria,Sphingomonadales,Sphingomonadaceae,Sphingomonas,Alphaproteobacteria,0.088
842,T120,Glucose,P1.3,G2,S38,R265,Root265,Actinobacteria,Actinobacteria,Actinomycetales,Mycobacteriaceae,Mycobacterium,Actinobacteria,0.142299995
843,T120,Glucose,P1.3,G3,S39,R268,Root268,Proteobacteria,Alphaproteobacteria,Rhizobiales,Rhizobiaceae,Rhizobium,Alphaproteobacteria,0.092699997
844,T120,Glucose,P1.3,G4,S40,R280D1,Root280D1,Actinobacteria,Actinobacteria,Actinomycetales,Microbacteriaceae,Microbacterium,Actinobacteria,0.093099996
845,T120,Glucose,P1.3,G5,S41,R318D1,Root318D1,Proteobacteria,Betaproteobacteria,Burkholderiales,Comamonadaceae,Variovorax,Betaproteobacteria,0.095799997
846,T120,Glucose,P1.3,G6,S42,R329,Root329,Proteobacteria,Gammaproteobacteria,Pseudomonadales,Pseudomonadaceae,Pseudomonas,Gammaproteobacteria,0.185900003
847,T120,3OMG,P1.3,G7,S37,R241,Root241,Proteobacteria,Alphaproteobacteria,Sphingomonadales,Sphingomonadaceae,Sphingomonas,Alphaproteobacteria,0.090000004
848,T120,3OMG,P1.3,G8,S38,R265,Root265,Actinobacteria,Actinobacteria,Actinomycetales,Mycobacteriaceae,Mycobacterium,Actinobacteria,0.091499999
849,T120,3OMG,P1.3,G9,S39,R268,Root268,Proteobacteria,Alphaproteobacteria,Rhizobiales,Rhizobiaceae,Rhizobium,Alphaproteobacteria,0.090899996
850,T120,3OMG,P1.3,G10,S40,R280D1,Root280D1,Actinobacteria,Actinobacteria,Actinomycetales,Microbacteriaceae,Microbacterium,Actinobacteria,0.094400004
851,T120,3OMG,P1.3,G11,S41,R318D1,Root318D1,Proteobacteria,Betaproteobacteria,Burkholderiales,Comamonadaceae,Variovorax,Betaproteobacteria,0.091300003
852,T120,3OMG,P1.3,G12,S42,R329,Root329,Proteobacteria,Gammaproteobacteria,Pseudomonadales,Pseudomonadaceae,Pseudomonas,Gammaproteobacteria,0.0977
853,T120,Glucose,P1.3,H1,S43,R332,Root332,Actinobacteria,Actinobacteria,Actinomycetales,Microbacteriaceae,#REF!,Actinobacteria,0.096900001
854,T120,Glucose,P1.3,H2,S44,R336D2,Root336D2,Proteobacteria,Betaproteobacteria,Burkholderiales,Oxalobacteraceae,#REF!,Betaproteobacteria,0.241699994
855,T120,Glucose,P1.3,H3,S45,R369,Root369,Actinobacteria,Actinobacteria,Actinomycetales,Streptomycetaceae,Streptomyces,Actinobacteria,0.210999995
856,T120,Glucose,P1.3,H4,Water,Water,Water,#N/A,#N/A,#N/A,#N/A,#N/A,#N/A,0.090099998
857,T120,Glucose,P1.3,H5,Water,Water,Water,#N/A,#N/A,#N/A,#N/A,#N/A,#N/A,0.089500003
858,T120,Glucose,P1.3,H6,Water,Water,Water,#N/A,#N/A,#N/A,#N/A,#N/A,#N/A,0.0876
859,T120,3OMG,P1.3,H7,S43,R332,Root332,Actinobacteria,Actinobacteria,Actinomycetales,Microbacteriaceae,#REF!,Actinobacteria,0.093000002
860,T120,3OMG,P1.3,H8,S44,R336D2,Root336D2,Proteobacteria,Betaproteobacteria,Burkholderiales,Oxalobacteraceae,#REF!,Betaproteobacteria,0.247799993
861,T120,3OMG,P1.3,H9,S45,R369,Root369,Actinobacteria,Actinobacteria,Actinomycetales,Streptomycetaceae,Streptomyces,Actinobacteria,0.089699998
862,T120,3OMG,P1.3,H10,Water,Water,Water,#N/A,#N/A,#N/A,#N/A,#N/A,#N/A,0.087099999
863,T120,3OMG,P1.3,H11,Water,Water,Water,#N/A,#N/A,#N/A,#N/A,#N/A,#N/A,0.084600002
864,T120,3OMG,P1.3,H12,Water,Water,Water,#N/A,#N/A,#N/A,#N/A,#N/A,#N/A,0.083300002
865,T120,Glucose,P2.1,A1,S46,R381,Root381,Proteobacteria,Alphaproteobacteria,Rhizobiales,Bradyrhizobiaceae,Bosea,Alphaproteobacteria,0.080499999
866,T120,Glucose,P2.1,A2,S47,R401,Root401,Proteobacteria,Gammaproteobacteria,Pseudomonadales,Pseudomonadaceae,Pseudomonas,Gammaproteobacteria,0.211099997
867,T120,Glucose,P2.1,A3,S48,R418,Root418,Proteobacteria,Betaproteobacteria,Burkholderiales,Oxalobacteraceae,Janthinobacterium,Betaproteobacteria,0.083400004
868,T120,Glucose,P2.1,A4,S49,R420,Root420,Bacteroidetes,Flavobacteriia,Flavobacteriales,Flavobacteriaceae,Flavobacterium,Bacteroidetes,0.082500003
869,T120,Glucose,P2.1,A5,S50,R431,Root431,Actinobacteria,Actinobacteria,Actinomycetales,Streptomycetaceae,Streptomyces,Actinobacteria,0.131899998
870,T120,Glucose,P2.1,A6,S51,R436,Root436,Proteobacteria,Alphaproteobacteria,Rhizobiales,Hyphomicrobiaceae,#REF!,Alphaproteobacteria,0.083899997
871,T120,3OMG,P2.1,A7,S46,R381,Root381,Proteobacteria,Alphaproteobacteria,Rhizobiales,Bradyrhizobiaceae,Bosea,Alphaproteobacteria,0.080700003
872,T120,3OMG,P2.1,A8,S47,R401,Root401,Proteobacteria,Gammaproteobacteria,Pseudomonadales,Pseudomonadaceae,Pseudomonas,Gammaproteobacteria,0.091399997
873,T120,3OMG,P2.1,A9,S48,R418,Root418,Proteobacteria,Betaproteobacteria,Burkholderiales,Oxalobacteraceae,Janthinobacterium,Betaproteobacteria,0.084100001
874,T120,3OMG,P2.1,A10,S49,R420,Root420,Bacteroidetes,Flavobacteriia,Flavobacteriales,Flavobacteriaceae,Flavobacterium,Bacteroidetes,0.088299997
875,T120,3OMG,P2.1,A11,S50,R431,Root431,Actinobacteria,Actinobacteria,Actinomycetales,Streptomycetaceae,Streptomyces,Actinobacteria,0.083999999
876,T120,3OMG,P2.1,A12,S51,R436,Root436,Proteobacteria,Alphaproteobacteria,Rhizobiales,Hyphomicrobiaceae,#REF!,Alphaproteobacteria,0.080300003
877,T120,Glucose,P2.1,B1,S52,R444D2,Root444D2,Firmicutes,Bacilli,Bacillales,Paenibacillaceae,Paenibacillus,Firmicutes,0.086300001
878,T120,Glucose,P2.1,B2,S53,R456,Root456,Actinobacteria,Actinobacteria,Actinomycetales,Intrasporangiaceae,#REF!,Actinobacteria,0.085600004
879,T120,Glucose,P2.1,B3,S54,R480,Root480,Proteobacteria,Gammaproteobacteria,Xanthomonadales,Xanthomonadaceae,#REF!,Gammaproteobacteria,0.171599999
880,T120,Glucose,P2.1,B4,S55,R482,Root482,Proteobacteria,Alphaproteobacteria,Rhizobiales,Rhizobiaceae,Rhizobium,Alphaproteobacteria,0.103799999
881,T120,Glucose,P2.1,B5,S56,R483D1,Root483D1,Proteobacteria,Alphaproteobacteria,Rhizobiales,Bradyrhizobiaceae,Bosea,Alphaproteobacteria,0.098800004
882,T120,Glucose,P2.1,B6,S57,R487D2Y,Root487D2Y,Proteobacteria,Alphaproteobacteria,Caulobacterales,Caulobacteraceae,Caulobacter,Alphaproteobacteria,0.082099997
883,T120,3OMG,P2.1,B7,S52,R444D2,Root444D2,Firmicutes,Bacilli,Bacillales,Paenibacillaceae,Paenibacillus,Firmicutes,0.083700001
884,T120,3OMG,P2.1,B8,S53,R456,Root456,Actinobacteria,Actinobacteria,Actinomycetales,Intrasporangiaceae,#REF!,Actinobacteria,0.081900001
885,T120,3OMG,P2.1,B9,S54,R480,Root480,Proteobacteria,Gammaproteobacteria,Xanthomonadales,Xanthomonadaceae,#REF!,Gammaproteobacteria,0.082999997
886,T120,3OMG,P2.1,B10,S55,R482,Root482,Proteobacteria,Alphaproteobacteria,Rhizobiales,Rhizobiaceae,Rhizobium,Alphaproteobacteria,0.081299998
887,T120,3OMG,P2.1,B11,S56,R483D1,Root483D1,Proteobacteria,Alphaproteobacteria,Rhizobiales,Bradyrhizobiaceae,Bosea,Alphaproteobacteria,0.082900003
888,T120,3OMG,P2.1,B12,S57,R487D2Y,Root487D2Y,Proteobacteria,Alphaproteobacteria,Caulobacterales,Caulobacteraceae,Caulobacter,Alphaproteobacteria,0.084299996
889,T120,Glucose,P2.1,C1,S58,R552,Root552,Proteobacteria,Alphaproteobacteria,Rhizobiales,Phyllobacteriaceae,Mesorhizobium,Alphaproteobacteria,0.204500005
890,T120,Glucose,P2.1,C2,S59,R558,Root558,Proteobacteria,Alphaproteobacteria,Rhizobiales,Rhizobiaceae,Sinorhizobium,Alphaproteobacteria,0.333400011
891,T120,Glucose,P2.1,C3,S60,R562,Root562,Proteobacteria,Gammaproteobacteria,Pseudomonadales,Pseudomonadaceae,Pseudomonas,Gammaproteobacteria,0.174099997
892,T120,Glucose,P2.1,C4,S61,R564,Root564,Proteobacteria,Alphaproteobacteria,Rhizobiales,Rhizobiaceae,Agrobacterium,Alphaproteobacteria,0.220599994
893,T120,Glucose,P2.1,C5,S62,R565,Root565,Proteobacteria,Betaproteobacteria,Burkholderiales,Alcaligenaceae,Achromobacter,Betaproteobacteria,0.082900003
894,T120,Glucose,P2.1,C6,S63,R568,Root568,Proteobacteria,Betaproteobacteria,Burkholderiales,Comamonadaceae,#REF!,Betaproteobacteria,0.123999998
895,T120,3OMG,P2.1,C7,S58,R552,Root552,Proteobacteria,Alphaproteobacteria,Rhizobiales,Phyllobacteriaceae,Mesorhizobium,Alphaproteobacteria,0.086400002
896,T120,3OMG,P2.1,C8,S59,R558,Root558,Proteobacteria,Alphaproteobacteria,Rhizobiales,Rhizobiaceae,Sinorhizobium,Alphaproteobacteria,0.093800001
897,T120,3OMG,P2.1,C9,S60,R562,Root562,Proteobacteria,Gammaproteobacteria,Pseudomonadales,Pseudomonadaceae,Pseudomonas,Gammaproteobacteria,0.092299998
898,T120,3OMG,P2.1,C10,S61,R564,Root564,Proteobacteria,Alphaproteobacteria,Rhizobiales,Rhizobiaceae,Agrobacterium,Alphaproteobacteria,0.086000003
899,T120,3OMG,P2.1,C11,S62,R565,Root565,Proteobacteria,Betaproteobacteria,Burkholderiales,Alcaligenaceae,Achromobacter,Betaproteobacteria,0.0854
900,T120,3OMG,P2.1,C12,S63,R568,Root568,Proteobacteria,Betaproteobacteria,Burkholderiales,Comamonadaceae,#REF!,Betaproteobacteria,0.083700001
901,T120,Glucose,P2.1,D1,S64,R569,Root569,Proteobacteria,Gammaproteobacteria,Pseudomonadales,Pseudomonadaceae,Pseudomonas,Gammaproteobacteria,0.196600005
902,T120,Glucose,P2.1,D2,S65,R604,Root604,Proteobacteria,Gammaproteobacteria,Xanthomonadales,Xanthomonadaceae,#REF!,Gammaproteobacteria,0.286500007
903,T120,Glucose,P2.1,D3,S66,R608,Root608,Proteobacteria,Alphaproteobacteria,Caulobacterales,Caulobacteraceae,Brevundimonas,Alphaproteobacteria,0.0836
904,T120,Glucose,P2.1,D4,S67,R635,Root635,Proteobacteria,Alphaproteobacteria,Rhizobiales,Hyphomicrobiaceae,#REF!,Alphaproteobacteria,0.084100001
905,T120,Glucose,P2.1,D5,S68,R651,Root651,Proteobacteria,Alphaproteobacteria,Rhizobiales,Rhizobiaceae,Agrobacterium,Alphaproteobacteria,0.219400004
906,T120,Glucose,P2.1,D6,S69,R670,Root670,Proteobacteria,Alphaproteobacteria,Rhizobiales,Bradyrhizobiaceae,Bosea,Alphaproteobacteria,0.082599998
907,T120,3OMG,P2.1,D7,S64,R569,Root569,Proteobacteria,Gammaproteobacteria,Pseudomonadales,Pseudomonadaceae,Pseudomonas,Gammaproteobacteria,0.080300003
908,T120,3OMG,P2.1,D8,S65,R604,Root604,Proteobacteria,Gammaproteobacteria,Xanthomonadales,Xanthomonadaceae,#REF!,Gammaproteobacteria,0.081200004
909,T120,3OMG,P2.1,D9,S66,R608,Root608,Proteobacteria,Alphaproteobacteria,Caulobacterales,Caulobacteraceae,Brevundimonas,Alphaproteobacteria,0.082000002
910,T120,3OMG,P2.1,D10,S67,R635,Root635,Proteobacteria,Alphaproteobacteria,Rhizobiales,Hyphomicrobiaceae,#REF!,Alphaproteobacteria,0.084899999
911,T120,3OMG,P2.1,D11,S68,R651,Root651,Proteobacteria,Alphaproteobacteria,Rhizobiales,Rhizobiaceae,Agrobacterium,Alphaproteobacteria,0.095899999
912,T120,3OMG,P2.1,D12,S69,R670,Root670,Proteobacteria,Alphaproteobacteria,Rhizobiales,Bradyrhizobiaceae,Bosea,Alphaproteobacteria,0.080799997
913,T120,Glucose,P2.1,E1,S70,R672,Root672,Proteobacteria,Alphaproteobacteria,Sphingomonadales,Sphingomonadaceae,Novosphingobium,Alphaproteobacteria,0.090700001
914,T120,Glucose,P2.1,E2,S71,R682,Root682,Actinobacteria,Actinobacteria,Actinomycetales,Nocardioidaceae,#REF!,Actinobacteria,0.082900003
915,T120,Glucose,P2.1,E3,S72,R685,Root685,Proteobacteria,Alphaproteobacteria,Rhizobiales,Hyphomicrobiaceae,#REF!,Alphaproteobacteria,0.087099999
916,T120,Glucose,P2.1,E4,S73,R695,Root695,Proteobacteria,Alphaproteobacteria,Rhizobiales,Phyllobacteriaceae,Mesorhizobium,Alphaproteobacteria,0.093099996
917,T120,Glucose,P2.1,E5,S74,R700,Root700,Proteobacteria,Alphaproteobacteria,Caulobacterales,Caulobacteraceae,#REF!,Alphaproteobacteria,0.175799996
918,T120,Glucose,P2.1,E6,S75,R708,Root708,Proteobacteria,Alphaproteobacteria,Rhizobiales,Rhizobiaceae,Rhizobium,Alphaproteobacteria,0.167500004
919,T120,3OMG,P2.1,E7,S70,R672,Root672,Proteobacteria,Alphaproteobacteria,Sphingomonadales,Sphingomonadaceae,Novosphingobium,Alphaproteobacteria,0.089299999
920,T120,3OMG,P2.1,E8,S71,R682,Root682,Actinobacteria,Actinobacteria,Actinomycetales,Nocardioidaceae,#REF!,Actinobacteria,0.087300003
921,T120,3OMG,P2.1,E9,S72,R685,Root685,Proteobacteria,Alphaproteobacteria,Rhizobiales,Hyphomicrobiaceae,#REF!,Alphaproteobacteria,0.084899999
922,T120,3OMG,P2.1,E10,S73,R695,Root695,Proteobacteria,Alphaproteobacteria,Rhizobiales,Phyllobacteriaceae,Mesorhizobium,Alphaproteobacteria,0.0858
923,T120,3OMG,P2.1,E11,S74,R700,Root700,Proteobacteria,Alphaproteobacteria,Caulobacterales,Caulobacteraceae,#REF!,Alphaproteobacteria,0.0845
924,T120,3OMG,P2.1,E12,S75,R708,Root708,Proteobacteria,Alphaproteobacteria,Rhizobiales,Rhizobiaceae,Rhizobium,Alphaproteobacteria,0.093199998
925,T120,Glucose,P2.1,F1,S76,R901,Root901,Bacteroidetes,Flavobacteriia,Flavobacteriales,Flavobacteriaceae,Flavobacterium,Bacteroidetes,0.078400001
926,T120,Glucose,P2.1,F2,S77,R918,Root918,Actinobacteria,Actinobacteria,Actinomycetales,Promicromonosporaceae,#REF!,Actinobacteria,0.178499997
927,T120,Glucose,P2.1,F3,S78,R930,Root930,Actinobacteria,Actinobacteria,Actinomycetales,Cellulomonadaceae,#REF!,Actinobacteria,0.107299998
928,T120,Glucose,P2.1,F4,S79,R935,Root935,Bacteroidetes,Flavobacteriia,Flavobacteriales,Flavobacteriaceae,Flavobacterium,Bacteroidetes,0.0854
929,T120,Glucose,P2.1,F5,S80,R1203,Root1203,Proteobacteria,Alphaproteobacteria,Rhizobiales,Rhizobiaceae,Rhizobium,Alphaproteobacteria,0.140000001
930,T120,Glucose,P2.1,F6,S81,R1212,Root1212,Proteobacteria,Alphaproteobacteria,Rhizobiales,Rhizobiaceae,Rhizobium,Alphaproteobacteria,0.093099996
931,T120,3OMG,P2.1,F7,S76,R901,Root901,Bacteroidetes,Flavobacteriia,Flavobacteriales,Flavobacteriaceae,Flavobacterium,Bacteroidetes,0.0792
932,T120,3OMG,P2.1,F8,S77,R918,Root918,Actinobacteria,Actinobacteria,Actinomycetales,Promicromonosporaceae,#REF!,Actinobacteria,0.086199999
933,T120,3OMG,P2.1,F9,S78,R930,Root930,Actinobacteria,Actinobacteria,Actinomycetales,Cellulomonadaceae,#REF!,Actinobacteria,0.085199997
934,T120,3OMG,P2.1,F10,S79,R935,Root935,Bacteroidetes,Flavobacteriia,Flavobacteriales,Flavobacteriaceae,Flavobacterium,Bacteroidetes,0.087899998
935,T120,3OMG,P2.1,F11,S80,R1203,Root1203,Proteobacteria,Alphaproteobacteria,Rhizobiales,Rhizobiaceae,Rhizobium,Alphaproteobacteria,0.084299996
936,T120,3OMG,P2.1,F12,S81,R1212,Root1212,Proteobacteria,Alphaproteobacteria,Rhizobiales,Rhizobiaceae,Rhizobium,Alphaproteobacteria,0.082400002
937,T120,Glucose,P2.1,G1,S82,R1220,Root1220,Proteobacteria,Alphaproteobacteria,Rhizobiales,Rhizobiaceae,Rhizobium,Alphaproteobacteria,0.088600002
938,T120,Glucose,P2.1,G2,S83,R1240,Root1240,Proteobacteria,Alphaproteobacteria,Rhizobiales,Rhizobiaceae,Agrobacterium,Alphaproteobacteria,0.123000003
939,T120,Glucose,P2.1,G3,S84,R1252,Root1252,Proteobacteria,Alphaproteobacteria,Rhizobiales,Rhizobiaceae,Sinorhizobium,Alphaproteobacteria,0.194900006
940,T120,Glucose,P2.1,G4,S85,R1280,Root1280,Proteobacteria,Gammaproteobacteria,Pseudomonadales,Moraxellaceae,Acinetobacter,Gammaproteobacteria,0.097000003
941,T120,Glucose,P2.1,G5,S86,R1294,Root1294,Proteobacteria,Alphaproteobacteria,Sphingomonadales,Sphingomonadaceae,Sphingomonas,Alphaproteobacteria,0.082000002
942,T120,Glucose,P2.1,G6,S87,R1295,Root1295,Actinobacteria,Actinobacteria,Actinomycetales,Streptomycetaceae,Streptomyces,Actinobacteria,0.134100005
943,T120,3OMG,P2.1,G7,S82,R1220,Root1220,Proteobacteria,Alphaproteobacteria,Rhizobiales,Rhizobiaceae,Rhizobium,Alphaproteobacteria,0.087800004
944,T120,3OMG,P2.1,G8,S83,R1240,Root1240,Proteobacteria,Alphaproteobacteria,Rhizobiales,Rhizobiaceae,Agrobacterium,Alphaproteobacteria,0.097599998
945,T120,3OMG,P2.1,G9,S84,R1252,Root1252,Proteobacteria,Alphaproteobacteria,Rhizobiales,Rhizobiaceae,Sinorhizobium,Alphaproteobacteria,0.193100005
946,T120,3OMG,P2.1,G10,S85,R1280,Root1280,Proteobacteria,Gammaproteobacteria,Pseudomonadales,Moraxellaceae,Acinetobacter,Gammaproteobacteria,0.095700003
947,T120,3OMG,P2.1,G11,S86,R1294,Root1294,Proteobacteria,Alphaproteobacteria,Sphingomonadales,Sphingomonadaceae,Sphingomonas,Alphaproteobacteria,0.081699997
948,T120,3OMG,P2.1,G12,S87,R1295,Root1295,Actinobacteria,Actinobacteria,Actinomycetales,Streptomycetaceae,Streptomyces,Actinobacteria,0.082500003
949,T120,Glucose,P2.1,H1,S88,R1310,Root1310,Actinobacteria,Actinobacteria,Actinomycetales,Streptomycetaceae,Streptomyces,Actinobacteria,0.148499995
950,T120,Glucose,P2.1,H2,S89,R1464,Root1464,Actinobacteria,Actinobacteria,Actinomycetales,Microbacteriaceae,Agromyces,Actinobacteria,0.099399999
951,T120,Glucose,P2.1,H3,S90,R1497,Root1497,Proteobacteria,Alphaproteobacteria,Sphingomonadales,Sphingomonadaceae,Sphingopyxis,Alphaproteobacteria,0.266299993
952,T120,Glucose,P2.1,H4,Water,Water,Water,#N/A,#N/A,#N/A,#N/A,#N/A,#N/A,0.080200002
953,T120,Glucose,P2.1,H5,Water,Water,Water,#N/A,#N/A,#N/A,#N/A,#N/A,#N/A,0.081900001
954,T120,Glucose,P2.1,H6,Water,Water,Water,#N/A,#N/A,#N/A,#N/A,#N/A,#N/A,0.079899997
955,T120,3OMG,P2.1,H7,S88,R1310,Root1310,Actinobacteria,Actinobacteria,Actinomycetales,Streptomycetaceae,Streptomyces,Actinobacteria,0.081699997
956,T120,3OMG,P2.1,H8,S89,R1464,Root1464,Actinobacteria,Actinobacteria,Actinomycetales,Microbacteriaceae,Agromyces,Actinobacteria,0.086300001
957,T120,3OMG,P2.1,H9,S90,R1497,Root1497,Proteobacteria,Alphaproteobacteria,Sphingomonadales,Sphingomonadaceae,Sphingopyxis,Alphaproteobacteria,0.0836
958,T120,3OMG,P2.1,H10,Water,Water,Water,#N/A,#N/A,#N/A,#N/A,#N/A,#N/A,0.079700001
959,T120,3OMG,P2.1,H11,Water,Water,Water,#N/A,#N/A,#N/A,#N/A,#N/A,#N/A,0.078699999
960,T120,3OMG,P2.1,H12,Water,Water,Water,#N/A,#N/A,#N/A,#N/A,#N/A,#N/A,0.079000004
961,T120,Glucose,P2.2,A1,S46,R381,Root381,Proteobacteria,Alphaproteobacteria,Rhizobiales,Bradyrhizobiaceae,Bosea,Alphaproteobacteria,0.088500001
962,T120,Glucose,P2.2,A2,S47,R401,Root401,Proteobacteria,Gammaproteobacteria,Pseudomonadales,Pseudomonadaceae,Pseudomonas,Gammaproteobacteria,0.172600001
963,T120,Glucose,P2.2,A3,S48,R418,Root418,Proteobacteria,Betaproteobacteria,Burkholderiales,Oxalobacteraceae,Janthinobacterium,Betaproteobacteria,0.082900003
964,T120,Glucose,P2.2,A4,S49,R420,Root420,Bacteroidetes,Flavobacteriia,Flavobacteriales,Flavobacteriaceae,Flavobacterium,Bacteroidetes,0.082800001
965,T120,Glucose,P2.2,A5,S50,R431,Root431,Actinobacteria,Actinobacteria,Actinomycetales,Streptomycetaceae,Streptomyces,Actinobacteria,0.140300006
966,T120,Glucose,P2.2,A6,S51,R436,Root436,Proteobacteria,Alphaproteobacteria,Rhizobiales,Hyphomicrobiaceae,#REF!,Alphaproteobacteria,0.088
967,T120,3OMG,P2.2,A7,S46,R381,Root381,Proteobacteria,Alphaproteobacteria,Rhizobiales,Bradyrhizobiaceae,Bosea,Alphaproteobacteria,0.083800003
968,T120,3OMG,P2.2,A8,S47,R401,Root401,Proteobacteria,Gammaproteobacteria,Pseudomonadales,Pseudomonadaceae,Pseudomonas,Gammaproteobacteria,0.090899996
969,T120,3OMG,P2.2,A9,S48,R418,Root418,Proteobacteria,Betaproteobacteria,Burkholderiales,Oxalobacteraceae,Janthinobacterium,Betaproteobacteria,0.0832
970,T120,3OMG,P2.2,A10,S49,R420,Root420,Bacteroidetes,Flavobacteriia,Flavobacteriales,Flavobacteriaceae,Flavobacterium,Bacteroidetes,0.083999999
971,T120,3OMG,P2.2,A11,S50,R431,Root431,Actinobacteria,Actinobacteria,Actinomycetales,Streptomycetaceae,Streptomyces,Actinobacteria,0.083300002
972,T120,3OMG,P2.2,A12,S51,R436,Root436,Proteobacteria,Alphaproteobacteria,Rhizobiales,Hyphomicrobiaceae,#REF!,Alphaproteobacteria,0.081299998
973,T120,Glucose,P2.2,B1,S52,R444D2,Root444D2,Firmicutes,Bacilli,Bacillales,Paenibacillaceae,Paenibacillus,Firmicutes,0.085500002
974,T120,Glucose,P2.2,B2,S53,R456,Root456,Actinobacteria,Actinobacteria,Actinomycetales,Intrasporangiaceae,#REF!,Actinobacteria,0.086999997
975,T120,Glucose,P2.2,B3,S54,R480,Root480,Proteobacteria,Gammaproteobacteria,Xanthomonadales,Xanthomonadaceae,#REF!,Gammaproteobacteria,0.171499997
976,T120,Glucose,P2.2,B4,S55,R482,Root482,Proteobacteria,Alphaproteobacteria,Rhizobiales,Rhizobiaceae,Rhizobium,Alphaproteobacteria,0.100699998
977,T120,Glucose,P2.2,B5,S56,R483D1,Root483D1,Proteobacteria,Alphaproteobacteria,Rhizobiales,Bradyrhizobiaceae,Bosea,Alphaproteobacteria,0.099100001
978,T120,Glucose,P2.2,B6,S57,R487D2Y,Root487D2Y,Proteobacteria,Alphaproteobacteria,Caulobacterales,Caulobacteraceae,Caulobacter,Alphaproteobacteria,0.083400004
979,T120,3OMG,P2.2,B7,S52,R444D2,Root444D2,Firmicutes,Bacilli,Bacillales,Paenibacillaceae,Paenibacillus,Firmicutes,0.0845
980,T120,3OMG,P2.2,B8,S53,R456,Root456,Actinobacteria,Actinobacteria,Actinomycetales,Intrasporangiaceae,#REF!,Actinobacteria,0.083499998
981,T120,3OMG,P2.2,B9,S54,R480,Root480,Proteobacteria,Gammaproteobacteria,Xanthomonadales,Xanthomonadaceae,#REF!,Gammaproteobacteria,0.084899999
982,T120,3OMG,P2.2,B10,S55,R482,Root482,Proteobacteria,Alphaproteobacteria,Rhizobiales,Rhizobiaceae,Rhizobium,Alphaproteobacteria,0.083800003
983,T120,3OMG,P2.2,B11,S56,R483D1,Root483D1,Proteobacteria,Alphaproteobacteria,Rhizobiales,Bradyrhizobiaceae,Bosea,Alphaproteobacteria,0.084200002
984,T120,3OMG,P2.2,B12,S57,R487D2Y,Root487D2Y,Proteobacteria,Alphaproteobacteria,Caulobacterales,Caulobacteraceae,Caulobacter,Alphaproteobacteria,0.101199999
985,T120,Glucose,P2.2,C1,S58,R552,Root552,Proteobacteria,Alphaproteobacteria,Rhizobiales,Phyllobacteriaceae,Mesorhizobium,Alphaproteobacteria,0.198799998
986,T120,Glucose,P2.2,C2,S59,R558,Root558,Proteobacteria,Alphaproteobacteria,Rhizobiales,Rhizobiaceae,Sinorhizobium,Alphaproteobacteria,0.333299994
987,T120,Glucose,P2.2,C3,S60,R562,Root562,Proteobacteria,Gammaproteobacteria,Pseudomonadales,Pseudomonadaceae,Pseudomonas,Gammaproteobacteria,0.180500001
988,T120,Glucose,P2.2,C4,S61,R564,Root564,Proteobacteria,Alphaproteobacteria,Rhizobiales,Rhizobiaceae,Agrobacterium,Alphaproteobacteria,0.209000006
989,T120,Glucose,P2.2,C5,S62,R565,Root565,Proteobacteria,Betaproteobacteria,Burkholderiales,Alcaligenaceae,Achromobacter,Betaproteobacteria,0.085100003
990,T120,Glucose,P2.2,C6,S63,R568,Root568,Proteobacteria,Betaproteobacteria,Burkholderiales,Comamonadaceae,#REF!,Betaproteobacteria,0.116999999
991,T120,3OMG,P2.2,C7,S58,R552,Root552,Proteobacteria,Alphaproteobacteria,Rhizobiales,Phyllobacteriaceae,Mesorhizobium,Alphaproteobacteria,0.086099997
992,T120,3OMG,P2.2,C8,S59,R558,Root558,Proteobacteria,Alphaproteobacteria,Rhizobiales,Rhizobiaceae,Sinorhizobium,Alphaproteobacteria,0.0889
993,T120,3OMG,P2.2,C9,S60,R562,Root562,Proteobacteria,Gammaproteobacteria,Pseudomonadales,Pseudomonadaceae,Pseudomonas,Gammaproteobacteria,0.093900003
994,T120,3OMG,P2.2,C10,S61,R564,Root564,Proteobacteria,Alphaproteobacteria,Rhizobiales,Rhizobiaceae,Agrobacterium,Alphaproteobacteria,0.089400001
995,T120,3OMG,P2.2,C11,S62,R565,Root565,Proteobacteria,Betaproteobacteria,Burkholderiales,Alcaligenaceae,Achromobacter,Betaproteobacteria,0.087200001
996,T120,3OMG,P2.2,C12,S63,R568,Root568,Proteobacteria,Betaproteobacteria,Burkholderiales,Comamonadaceae,#REF!,Betaproteobacteria,0.082999997
997,T120,Glucose,P2.2,D1,S64,R569,Root569,Proteobacteria,Gammaproteobacteria,Pseudomonadales,Pseudomonadaceae,Pseudomonas,Gammaproteobacteria,0.206300005
998,T120,Glucose,P2.2,D2,S65,R604,Root604,Proteobacteria,Gammaproteobacteria,Xanthomonadales,Xanthomonadaceae,#REF!,Gammaproteobacteria,0.088600002
999,T120,Glucose,P2.2,D3,S66,R608,Root608,Proteobacteria,Alphaproteobacteria,Caulobacterales,Caulobacteraceae,Brevundimonas,Alphaproteobacteria,0.084700003
1000,T120,Glucose,P2.2,D4,S67,R635,Root635,Proteobacteria,Alphaproteobacteria,Rhizobiales,Hyphomicrobiaceae,#REF!,Alphaproteobacteria,0.0858
1001,T120,Glucose,P2.2,D5,S68,R651,Root651,Proteobacteria,Alphaproteobacteria,Rhizobiales,Rhizobiaceae,Agrobacterium,Alphaproteobacteria,0.224000007
1002,T120,Glucose,P2.2,D6,S69,R670,Root670,Proteobacteria,Alphaproteobacteria,Rhizobiales,Bradyrhizobiaceae,Bosea,Alphaproteobacteria,0.083800003
1003,T120,3OMG,P2.2,D7,S64,R569,Root569,Proteobacteria,Gammaproteobacteria,Pseudomonadales,Pseudomonadaceae,Pseudomonas,Gammaproteobacteria,0.082099997
1004,T120,3OMG,P2.2,D8,S65,R604,Root604,Proteobacteria,Gammaproteobacteria,Xanthomonadales,Xanthomonadaceae,#REF!,Gammaproteobacteria,0.082999997
1005,T120,3OMG,P2.2,D9,S66,R608,Root608,Proteobacteria,Alphaproteobacteria,Caulobacterales,Caulobacteraceae,Brevundimonas,Alphaproteobacteria,0.084100001
1006,T120,3OMG,P2.2,D10,S67,R635,Root635,Proteobacteria,Alphaproteobacteria,Rhizobiales,Hyphomicrobiaceae,#REF!,Alphaproteobacteria,0.087200001
1007,T120,3OMG,P2.2,D11,S68,R651,Root651,Proteobacteria,Alphaproteobacteria,Rhizobiales,Rhizobiaceae,Agrobacterium,Alphaproteobacteria,0.096500002
1008,T120,3OMG,P2.2,D12,S69,R670,Root670,Proteobacteria,Alphaproteobacteria,Rhizobiales,Bradyrhizobiaceae,Bosea,Alphaproteobacteria,0.082699999
1009,T120,Glucose,P2.2,E1,S70,R672,Root672,Proteobacteria,Alphaproteobacteria,Sphingomonadales,Sphingomonadaceae,Novosphingobium,Alphaproteobacteria,0.094899997
1010,T120,Glucose,P2.2,E2,S71,R682,Root682,Actinobacteria,Actinobacteria,Actinomycetales,Nocardioidaceae,#REF!,Actinobacteria,0.085699998
1011,T120,Glucose,P2.2,E3,S72,R685,Root685,Proteobacteria,Alphaproteobacteria,Rhizobiales,Hyphomicrobiaceae,#REF!,Alphaproteobacteria,0.088600002
1012,T120,Glucose,P2.2,E4,S73,R695,Root695,Proteobacteria,Alphaproteobacteria,Rhizobiales,Phyllobacteriaceae,Mesorhizobium,Alphaproteobacteria,0.091300003
1013,T120,Glucose,P2.2,E5,S74,R700,Root700,Proteobacteria,Alphaproteobacteria,Caulobacterales,Caulobacteraceae,#REF!,Alphaproteobacteria,0.171599999
1014,T120,Glucose,P2.2,E6,S75,R708,Root708,Proteobacteria,Alphaproteobacteria,Rhizobiales,Rhizobiaceae,Rhizobium,Alphaproteobacteria,0.169200003
1015,T120,3OMG,P2.2,E7,S70,R672,Root672,Proteobacteria,Alphaproteobacteria,Sphingomonadales,Sphingomonadaceae,Novosphingobium,Alphaproteobacteria,0.089400001
1016,T120,3OMG,P2.2,E8,S71,R682,Root682,Actinobacteria,Actinobacteria,Actinomycetales,Nocardioidaceae,#REF!,Actinobacteria,0.089199997
1017,T120,3OMG,P2.2,E9,S72,R685,Root685,Proteobacteria,Alphaproteobacteria,Rhizobiales,Hyphomicrobiaceae,#REF!,Alphaproteobacteria,0.089699998
1018,T120,3OMG,P2.2,E10,S73,R695,Root695,Proteobacteria,Alphaproteobacteria,Rhizobiales,Phyllobacteriaceae,Mesorhizobium,Alphaproteobacteria,0.096799999
1019,T120,3OMG,P2.2,E11,S74,R700,Root700,Proteobacteria,Alphaproteobacteria,Caulobacterales,Caulobacteraceae,#REF!,Alphaproteobacteria,0.088799998
1020,T120,3OMG,P2.2,E12,S75,R708,Root708,Proteobacteria,Alphaproteobacteria,Rhizobiales,Rhizobiaceae,Rhizobium,Alphaproteobacteria,0.087099999
1021,T120,Glucose,P2.2,F1,S76,R901,Root901,Bacteroidetes,Flavobacteriia,Flavobacteriales,Flavobacteriaceae,Flavobacterium,Bacteroidetes,0.079400003
1022,T120,Glucose,P2.2,F2,S77,R918,Root918,Actinobacteria,Actinobacteria,Actinomycetales,Promicromonosporaceae,#REF!,Actinobacteria,0.185499996
1023,T120,Glucose,P2.2,F3,S78,R930,Root930,Actinobacteria,Actinobacteria,Actinomycetales,Cellulomonadaceae,#REF!,Actinobacteria,0.1096
1024,T120,Glucose,P2.2,F4,S79,R935,Root935,Bacteroidetes,Flavobacteriia,Flavobacteriales,Flavobacteriaceae,Flavobacterium,Bacteroidetes,0.094099998
1025,T120,Glucose,P2.2,F5,S80,R1203,Root1203,Proteobacteria,Alphaproteobacteria,Rhizobiales,Rhizobiaceae,Rhizobium,Alphaproteobacteria,0.133499995
1026,T120,Glucose,P2.2,F6,S81,R1212,Root1212,Proteobacteria,Alphaproteobacteria,Rhizobiales,Rhizobiaceae,Rhizobium,Alphaproteobacteria,0.096100003
1027,T120,3OMG,P2.2,F7,S76,R901,Root901,Bacteroidetes,Flavobacteriia,Flavobacteriales,Flavobacteriaceae,Flavobacterium,Bacteroidetes,0.080300003
1028,T120,3OMG,P2.2,F8,S77,R918,Root918,Actinobacteria,Actinobacteria,Actinomycetales,Promicromonosporaceae,#REF!,Actinobacteria,0.0876
1029,T120,3OMG,P2.2,F9,S78,R930,Root930,Actinobacteria,Actinobacteria,Actinomycetales,Cellulomonadaceae,#REF!,Actinobacteria,0.086400002
1030,T120,3OMG,P2.2,F10,S79,R935,Root935,Bacteroidetes,Flavobacteriia,Flavobacteriales,Flavobacteriaceae,Flavobacterium,Bacteroidetes,0.087800004
1031,T120,3OMG,P2.2,F11,S80,R1203,Root1203,Proteobacteria,Alphaproteobacteria,Rhizobiales,Rhizobiaceae,Rhizobium,Alphaproteobacteria,0.087899998
1032,T120,3OMG,P2.2,F12,S81,R1212,Root1212,Proteobacteria,Alphaproteobacteria,Rhizobiales,Rhizobiaceae,Rhizobium,Alphaproteobacteria,0.085500002
1033,T120,Glucose,P2.2,G1,S82,R1220,Root1220,Proteobacteria,Alphaproteobacteria,Rhizobiales,Rhizobiaceae,Rhizobium,Alphaproteobacteria,0.0902
1034,T120,Glucose,P2.2,G2,S83,R1240,Root1240,Proteobacteria,Alphaproteobacteria,Rhizobiales,Rhizobiaceae,Agrobacterium,Alphaproteobacteria,0.126399994
1035,T120,Glucose,P2.2,G3,S84,R1252,Root1252,Proteobacteria,Alphaproteobacteria,Rhizobiales,Rhizobiaceae,Sinorhizobium,Alphaproteobacteria,0.198699996
1036,T120,Glucose,P2.2,G4,S85,R1280,Root1280,Proteobacteria,Gammaproteobacteria,Pseudomonadales,Moraxellaceae,Acinetobacter,Gammaproteobacteria,0.097000003
1037,T120,Glucose,P2.2,G5,S86,R1294,Root1294,Proteobacteria,Alphaproteobacteria,Sphingomonadales,Sphingomonadaceae,Sphingomonas,Alphaproteobacteria,0.082900003
1038,T120,Glucose,P2.2,G6,S87,R1295,Root1295,Actinobacteria,Actinobacteria,Actinomycetales,Streptomycetaceae,Streptomyces,Actinobacteria,0.136700004
1039,T120,3OMG,P2.2,G7,S82,R1220,Root1220,Proteobacteria,Alphaproteobacteria,Rhizobiales,Rhizobiaceae,Rhizobium,Alphaproteobacteria,0.088299997
1040,T120,3OMG,P2.2,G8,S83,R1240,Root1240,Proteobacteria,Alphaproteobacteria,Rhizobiales,Rhizobiaceae,Agrobacterium,Alphaproteobacteria,0.098099999
1041,T120,3OMG,P2.2,G9,S84,R1252,Root1252,Proteobacteria,Alphaproteobacteria,Rhizobiales,Rhizobiaceae,Sinorhizobium,Alphaproteobacteria,0.188700005
1042,T120,3OMG,P2.2,G10,S85,R1280,Root1280,Proteobacteria,Gammaproteobacteria,Pseudomonadales,Moraxellaceae,Acinetobacter,Gammaproteobacteria,0.099600002
1043,T120,3OMG,P2.2,G11,S86,R1294,Root1294,Proteobacteria,Alphaproteobacteria,Sphingomonadales,Sphingomonadaceae,Sphingomonas,Alphaproteobacteria,0.0845
1044,T120,3OMG,P2.2,G12,S87,R1295,Root1295,Actinobacteria,Actinobacteria,Actinomycetales,Streptomycetaceae,Streptomyces,Actinobacteria,0.084100001
1045,T120,Glucose,P2.2,H1,S88,R1310,Root1310,Actinobacteria,Actinobacteria,Actinomycetales,Streptomycetaceae,Streptomyces,Actinobacteria,0.155499995
1046,T120,Glucose,P2.2,H2,S89,R1464,Root1464,Actinobacteria,Actinobacteria,Actinomycetales,Microbacteriaceae,Agromyces,Actinobacteria,0.104999997
1047,T120,Glucose,P2.2,H3,S90,R1497,Root1497,Proteobacteria,Alphaproteobacteria,Sphingomonadales,Sphingomonadaceae,Sphingopyxis,Alphaproteobacteria,0.254700005
1048,T120,Glucose,P2.2,H4,Water,Water,Water,#N/A,#N/A,#N/A,#N/A,#N/A,#N/A,0.0814
1049,T120,Glucose,P2.2,H5,Water,Water,Water,#N/A,#N/A,#N/A,#N/A,#N/A,#N/A,0.082699999
1050,T120,Glucose,P2.2,H6,Water,Water,Water,#N/A,#N/A,#N/A,#N/A,#N/A,#N/A,0.081299998
1051,T120,3OMG,P2.2,H7,S88,R1310,Root1310,Actinobacteria,Actinobacteria,Actinomycetales,Streptomycetaceae,Streptomyces,Actinobacteria,0.0845
1052,T120,3OMG,P2.2,H8,S89,R1464,Root1464,Actinobacteria,Actinobacteria,Actinomycetales,Microbacteriaceae,Agromyces,Actinobacteria,0.086400002
1053,T120,3OMG,P2.2,H9,S90,R1497,Root1497,Proteobacteria,Alphaproteobacteria,Sphingomonadales,Sphingomonadaceae,Sphingopyxis,Alphaproteobacteria,0.085000001
1054,T120,3OMG,P2.2,H10,Water,Water,Water,#N/A,#N/A,#N/A,#N/A,#N/A,#N/A,0.080799997
1055,T120,3OMG,P2.2,H11,Water,Water,Water,#N/A,#N/A,#N/A,#N/A,#N/A,#N/A,0.079899997
1056,T120,3OMG,P2.2,H12,Water,Water,Water,#N/A,#N/A,#N/A,#N/A,#N/A,#N/A,0.079400003
1057,T120,Glucose,P2.3,A1,S46,R381,Root381,Proteobacteria,Alphaproteobacteria,Rhizobiales,Bradyrhizobiaceae,Bosea,Alphaproteobacteria,0.086300001
1058,T120,Glucose,P2.3,A2,S47,R401,Root401,Proteobacteria,Gammaproteobacteria,Pseudomonadales,Pseudomonadaceae,Pseudomonas,Gammaproteobacteria,0.2051
1059,T120,Glucose,P2.3,A3,S48,R418,Root418,Proteobacteria,Betaproteobacteria,Burkholderiales,Oxalobacteraceae,Janthinobacterium,Betaproteobacteria,0.086000003
1060,T120,Glucose,P2.3,A4,S49,R420,Root420,Bacteroidetes,Flavobacteriia,Flavobacteriales,Flavobacteriaceae,Flavobacterium,Bacteroidetes,0.084100001
1061,T120,Glucose,P2.3,A5,S50,R431,Root431,Actinobacteria,Actinobacteria,Actinomycetales,Streptomycetaceae,Streptomyces,Actinobacteria,0.155699998
1062,T120,Glucose,P2.3,A6,S51,R436,Root436,Proteobacteria,Alphaproteobacteria,Rhizobiales,Hyphomicrobiaceae,#REF!,Alphaproteobacteria,0.085199997
1063,T120,3OMG,P2.3,A7,S46,R381,Root381,Proteobacteria,Alphaproteobacteria,Rhizobiales,Bradyrhizobiaceae,Bosea,Alphaproteobacteria,0.084299996
1064,T120,3OMG,P2.3,A8,S47,R401,Root401,Proteobacteria,Gammaproteobacteria,Pseudomonadales,Pseudomonadaceae,Pseudomonas,Gammaproteobacteria,0.092399999
1065,T120,3OMG,P2.3,A9,S48,R418,Root418,Proteobacteria,Betaproteobacteria,Burkholderiales,Oxalobacteraceae,Janthinobacterium,Betaproteobacteria,0.085000001
1066,T120,3OMG,P2.3,A10,S49,R420,Root420,Bacteroidetes,Flavobacteriia,Flavobacteriales,Flavobacteriaceae,Flavobacterium,Bacteroidetes,0.084100001
1067,T120,3OMG,P2.3,A11,S50,R431,Root431,Actinobacteria,Actinobacteria,Actinomycetales,Streptomycetaceae,Streptomyces,Actinobacteria,0.082500003
1068,T120,3OMG,P2.3,A12,S51,R436,Root436,Proteobacteria,Alphaproteobacteria,Rhizobiales,Hyphomicrobiaceae,#REF!,Alphaproteobacteria,0.0854
1069,T120,Glucose,P2.3,B1,S52,R444D2,Root444D2,Firmicutes,Bacilli,Bacillales,Paenibacillaceae,Paenibacillus,Firmicutes,0.093999997
1070,T120,Glucose,P2.3,B2,S53,R456,Root456,Actinobacteria,Actinobacteria,Actinomycetales,Intrasporangiaceae,#REF!,Actinobacteria,0.0955
1071,T120,Glucose,P2.3,B3,S54,R480,Root480,Proteobacteria,Gammaproteobacteria,Xanthomonadales,Xanthomonadaceae,#REF!,Gammaproteobacteria,0.179800004
1072,T120,Glucose,P2.3,B4,S55,R482,Root482,Proteobacteria,Alphaproteobacteria,Rhizobiales,Rhizobiaceae,Rhizobium,Alphaproteobacteria,0.116800003
1073,T120,Glucose,P2.3,B5,S56,R483D1,Root483D1,Proteobacteria,Alphaproteobacteria,Rhizobiales,Bradyrhizobiaceae,Bosea,Alphaproteobacteria,0.107100002
1074,T120,Glucose,P2.3,B6,S57,R487D2Y,Root487D2Y,Proteobacteria,Alphaproteobacteria,Caulobacterales,Caulobacteraceae,Caulobacter,Alphaproteobacteria,0.089699998
1075,T120,3OMG,P2.3,B7,S52,R444D2,Root444D2,Firmicutes,Bacilli,Bacillales,Paenibacillaceae,Paenibacillus,Firmicutes,0.091200002
1076,T120,3OMG,P2.3,B8,S53,R456,Root456,Actinobacteria,Actinobacteria,Actinomycetales,Intrasporangiaceae,#REF!,Actinobacteria,0.089000002
1077,T120,3OMG,P2.3,B9,S54,R480,Root480,Proteobacteria,Gammaproteobacteria,Xanthomonadales,Xanthomonadaceae,#REF!,Gammaproteobacteria,0.091799997
1078,T120,3OMG,P2.3,B10,S55,R482,Root482,Proteobacteria,Alphaproteobacteria,Rhizobiales,Rhizobiaceae,Rhizobium,Alphaproteobacteria,0.091300003
1079,T120,3OMG,P2.3,B11,S56,R483D1,Root483D1,Proteobacteria,Alphaproteobacteria,Rhizobiales,Bradyrhizobiaceae,Bosea,Alphaproteobacteria,0.092699997
1080,T120,3OMG,P2.3,B12,S57,R487D2Y,Root487D2Y,Proteobacteria,Alphaproteobacteria,Caulobacterales,Caulobacteraceae,Caulobacter,Alphaproteobacteria,0.088799998
1081,T120,Glucose,P2.3,C1,S58,R552,Root552,Proteobacteria,Alphaproteobacteria,Rhizobiales,Phyllobacteriaceae,Mesorhizobium,Alphaproteobacteria,0.210600004
1082,T120,Glucose,P2.3,C2,S59,R558,Root558,Proteobacteria,Alphaproteobacteria,Rhizobiales,Rhizobiaceae,Sinorhizobium,Alphaproteobacteria,0.350699991
1083,T120,Glucose,P2.3,C3,S60,R562,Root562,Proteobacteria,Gammaproteobacteria,Pseudomonadales,Pseudomonadaceae,Pseudomonas,Gammaproteobacteria,0.185900003
1084,T120,Glucose,P2.3,C4,S61,R564,Root564,Proteobacteria,Alphaproteobacteria,Rhizobiales,Rhizobiaceae,Agrobacterium,Alphaproteobacteria,0.213400006
1085,T120,Glucose,P2.3,C5,S62,R565,Root565,Proteobacteria,Betaproteobacteria,Burkholderiales,Alcaligenaceae,Achromobacter,Betaproteobacteria,0.086499996
1086,T120,Glucose,P2.3,C6,S63,R568,Root568,Proteobacteria,Betaproteobacteria,Burkholderiales,Comamonadaceae,#REF!,Betaproteobacteria,0.120999999
1087,T120,3OMG,P2.3,C7,S58,R552,Root552,Proteobacteria,Alphaproteobacteria,Rhizobiales,Phyllobacteriaceae,Mesorhizobium,Alphaproteobacteria,0.085299999
1088,T120,3OMG,P2.3,C8,S59,R558,Root558,Proteobacteria,Alphaproteobacteria,Rhizobiales,Rhizobiaceae,Sinorhizobium,Alphaproteobacteria,0.093199998
1089,T120,3OMG,P2.3,C9,S60,R562,Root562,Proteobacteria,Gammaproteobacteria,Pseudomonadales,Pseudomonadaceae,Pseudomonas,Gammaproteobacteria,0.0977
1090,T120,3OMG,P2.3,C10,S61,R564,Root564,Proteobacteria,Alphaproteobacteria,Rhizobiales,Rhizobiaceae,Agrobacterium,Alphaproteobacteria,0.091799997
1091,T120,3OMG,P2.3,C11,S62,R565,Root565,Proteobacteria,Betaproteobacteria,Burkholderiales,Alcaligenaceae,Achromobacter,Betaproteobacteria,0.094499998
1092,T120,3OMG,P2.3,C12,S63,R568,Root568,Proteobacteria,Betaproteobacteria,Burkholderiales,Comamonadaceae,#REF!,Betaproteobacteria,0.088399999
1093,T120,Glucose,P2.3,D1,S64,R569,Root569,Proteobacteria,Gammaproteobacteria,Pseudomonadales,Pseudomonadaceae,Pseudomonas,Gammaproteobacteria,0.211899996
1094,T120,Glucose,P2.3,D2,S65,R604,Root604,Proteobacteria,Gammaproteobacteria,Xanthomonadales,Xanthomonadaceae,#REF!,Gammaproteobacteria,0.096000001
1095,T120,Glucose,P2.3,D3,S66,R608,Root608,Proteobacteria,Alphaproteobacteria,Caulobacterales,Caulobacteraceae,Brevundimonas,Alphaproteobacteria,0.090499997
1096,T120,Glucose,P2.3,D4,S67,R635,Root635,Proteobacteria,Alphaproteobacteria,Rhizobiales,Hyphomicrobiaceae,#REF!,Alphaproteobacteria,0.089100003
1097,T120,Glucose,P2.3,D5,S68,R651,Root651,Proteobacteria,Alphaproteobacteria,Rhizobiales,Rhizobiaceae,Agrobacterium,Alphaproteobacteria,0.223700002
1098,T120,Glucose,P2.3,D6,S69,R670,Root670,Proteobacteria,Alphaproteobacteria,Rhizobiales,Bradyrhizobiaceae,Bosea,Alphaproteobacteria,0.0858
1099,T120,3OMG,P2.3,D7,S64,R569,Root569,Proteobacteria,Gammaproteobacteria,Pseudomonadales,Pseudomonadaceae,Pseudomonas,Gammaproteobacteria,0.082800001
1100,T120,3OMG,P2.3,D8,S65,R604,Root604,Proteobacteria,Gammaproteobacteria,Xanthomonadales,Xanthomonadaceae,#REF!,Gammaproteobacteria,0.083899997
1101,T120,3OMG,P2.3,D9,S66,R608,Root608,Proteobacteria,Alphaproteobacteria,Caulobacterales,Caulobacteraceae,Brevundimonas,Alphaproteobacteria,0.087700002
1102,T120,3OMG,P2.3,D10,S67,R635,Root635,Proteobacteria,Alphaproteobacteria,Rhizobiales,Hyphomicrobiaceae,#REF!,Alphaproteobacteria,0.096299998
1103,T120,3OMG,P2.3,D11,S68,R651,Root651,Proteobacteria,Alphaproteobacteria,Rhizobiales,Rhizobiaceae,Agrobacterium,Alphaproteobacteria,0.098999999
1104,T120,3OMG,P2.3,D12,S69,R670,Root670,Proteobacteria,Alphaproteobacteria,Rhizobiales,Bradyrhizobiaceae,Bosea,Alphaproteobacteria,0.087399997
1105,T120,Glucose,P2.3,E1,S70,R672,Root672,Proteobacteria,Alphaproteobacteria,Sphingomonadales,Sphingomonadaceae,Novosphingobium,Alphaproteobacteria,0.1008
1106,T120,Glucose,P2.3,E2,S71,R682,Root682,Actinobacteria,Actinobacteria,Actinomycetales,Nocardioidaceae,#REF!,Actinobacteria,0.097000003
1107,T120,Glucose,P2.3,E3,S72,R685,Root685,Proteobacteria,Alphaproteobacteria,Rhizobiales,Hyphomicrobiaceae,#REF!,Alphaproteobacteria,0.094400004
1108,T120,Glucose,P2.3,E4,S73,R695,Root695,Proteobacteria,Alphaproteobacteria,Rhizobiales,Phyllobacteriaceae,Mesorhizobium,Alphaproteobacteria,0.093000002
1109,T120,Glucose,P2.3,E5,S74,R700,Root700,Proteobacteria,Alphaproteobacteria,Caulobacterales,Caulobacteraceae,#REF!,Alphaproteobacteria,0.172700003
1110,T120,Glucose,P2.3,E6,S75,R708,Root708,Proteobacteria,Alphaproteobacteria,Rhizobiales,Rhizobiaceae,Rhizobium,Alphaproteobacteria,0.168699995
1111,T120,3OMG,P2.3,E7,S70,R672,Root672,Proteobacteria,Alphaproteobacteria,Sphingomonadales,Sphingomonadaceae,Novosphingobium,Alphaproteobacteria,0.090300001
1112,T120,3OMG,P2.3,E8,S71,R682,Root682,Actinobacteria,Actinobacteria,Actinomycetales,Nocardioidaceae,#REF!,Actinobacteria,0.089199997
1113,T120,3OMG,P2.3,E9,S72,R685,Root685,Proteobacteria,Alphaproteobacteria,Rhizobiales,Hyphomicrobiaceae,#REF!,Alphaproteobacteria,0.092100002
1114,T120,3OMG,P2.3,E10,S73,R695,Root695,Proteobacteria,Alphaproteobacteria,Rhizobiales,Phyllobacteriaceae,Mesorhizobium,Alphaproteobacteria,0.0942
1115,T120,3OMG,P2.3,E11,S74,R700,Root700,Proteobacteria,Alphaproteobacteria,Caulobacterales,Caulobacteraceae,#REF!,Alphaproteobacteria,0.093099996
1116,T120,3OMG,P2.3,E12,S75,R708,Root708,Proteobacteria,Alphaproteobacteria,Rhizobiales,Rhizobiaceae,Rhizobium,Alphaproteobacteria,0.0977
1117,T120,Glucose,P2.3,F1,S76,R901,Root901,Bacteroidetes,Flavobacteriia,Flavobacteriales,Flavobacteriaceae,Flavobacterium,Bacteroidetes,0.094300002
1118,T120,Glucose,P2.3,F2,S77,R918,Root918,Actinobacteria,Actinobacteria,Actinomycetales,Promicromonosporaceae,#REF!,Actinobacteria,0.196600005
1119,T120,Glucose,P2.3,F3,S78,R930,Root930,Actinobacteria,Actinobacteria,Actinomycetales,Cellulomonadaceae,#REF!,Actinobacteria,0.1193
1120,T120,Glucose,P2.3,F4,S79,R935,Root935,Bacteroidetes,Flavobacteriia,Flavobacteriales,Flavobacteriaceae,Flavobacterium,Bacteroidetes,0.093199998
1121,T120,Glucose,P2.3,F5,S80,R1203,Root1203,Proteobacteria,Alphaproteobacteria,Rhizobiales,Rhizobiaceae,Rhizobium,Alphaproteobacteria,0.137500003
1122,T120,Glucose,P2.3,F6,S81,R1212,Root1212,Proteobacteria,Alphaproteobacteria,Rhizobiales,Rhizobiaceae,Rhizobium,Alphaproteobacteria,0.098899998
1123,T120,3OMG,P2.3,F7,S76,R901,Root901,Bacteroidetes,Flavobacteriia,Flavobacteriales,Flavobacteriaceae,Flavobacterium,Bacteroidetes,0.083899997
1124,T120,3OMG,P2.3,F8,S77,R918,Root918,Actinobacteria,Actinobacteria,Actinomycetales,Promicromonosporaceae,#REF!,Actinobacteria,0.094099998
1125,T120,3OMG,P2.3,F9,S78,R930,Root930,Actinobacteria,Actinobacteria,Actinomycetales,Cellulomonadaceae,#REF!,Actinobacteria,0.093400002
1126,T120,3OMG,P2.3,F10,S79,R935,Root935,Bacteroidetes,Flavobacteriia,Flavobacteriales,Flavobacteriaceae,Flavobacterium,Bacteroidetes,0.095600002
1127,T120,3OMG,P2.3,F11,S80,R1203,Root1203,Proteobacteria,Alphaproteobacteria,Rhizobiales,Rhizobiaceae,Rhizobium,Alphaproteobacteria,0.091499999
1128,T120,3OMG,P2.3,F12,S81,R1212,Root1212,Proteobacteria,Alphaproteobacteria,Rhizobiales,Rhizobiaceae,Rhizobium,Alphaproteobacteria,0.094999999
1129,T120,Glucose,P2.3,G1,S82,R1220,Root1220,Proteobacteria,Alphaproteobacteria,Rhizobiales,Rhizobiaceae,Rhizobium,Alphaproteobacteria,0.103100002
1130,T120,Glucose,P2.3,G2,S83,R1240,Root1240,Proteobacteria,Alphaproteobacteria,Rhizobiales,Rhizobiaceae,Agrobacterium,Alphaproteobacteria,0.136399999
1131,T120,Glucose,P2.3,G3,S84,R1252,Root1252,Proteobacteria,Alphaproteobacteria,Rhizobiales,Rhizobiaceae,Sinorhizobium,Alphaproteobacteria,0.205500007
1132,T120,Glucose,P2.3,G4,S85,R1280,Root1280,Proteobacteria,Gammaproteobacteria,Pseudomonadales,Moraxellaceae,Acinetobacter,Gammaproteobacteria,0.1039
1133,T120,Glucose,P2.3,G5,S86,R1294,Root1294,Proteobacteria,Alphaproteobacteria,Sphingomonadales,Sphingomonadaceae,Sphingomonas,Alphaproteobacteria,0.091799997
1134,T120,Glucose,P2.3,G6,S87,R1295,Root1295,Actinobacteria,Actinobacteria,Actinomycetales,Streptomycetaceae,Streptomyces,Actinobacteria,0.138999999
1135,T120,3OMG,P2.3,G7,S82,R1220,Root1220,Proteobacteria,Alphaproteobacteria,Rhizobiales,Rhizobiaceae,Rhizobium,Alphaproteobacteria,0.093800001
1136,T120,3OMG,P2.3,G8,S83,R1240,Root1240,Proteobacteria,Alphaproteobacteria,Rhizobiales,Rhizobiaceae,Agrobacterium,Alphaproteobacteria,0.103799999
1137,T120,3OMG,P2.3,G9,S84,R1252,Root1252,Proteobacteria,Alphaproteobacteria,Rhizobiales,Rhizobiaceae,Sinorhizobium,Alphaproteobacteria,0.197300002
1138,T120,3OMG,P2.3,G10,S85,R1280,Root1280,Proteobacteria,Gammaproteobacteria,Pseudomonadales,Moraxellaceae,Acinetobacter,Gammaproteobacteria,0.103
1139,T120,3OMG,P2.3,G11,S86,R1294,Root1294,Proteobacteria,Alphaproteobacteria,Sphingomonadales,Sphingomonadaceae,Sphingomonas,Alphaproteobacteria,0.0911
1140,T120,3OMG,P2.3,G12,S87,R1295,Root1295,Actinobacteria,Actinobacteria,Actinomycetales,Streptomycetaceae,Streptomyces,Actinobacteria,0.094999999
1141,T120,Glucose,P2.3,H1,S88,R1310,Root1310,Actinobacteria,Actinobacteria,Actinomycetales,Streptomycetaceae,Streptomyces,Actinobacteria,0.173199996
1142,T120,Glucose,P2.3,H2,S89,R1464,Root1464,Actinobacteria,Actinobacteria,Actinomycetales,Microbacteriaceae,Agromyces,Actinobacteria,0.112800002
1143,T120,Glucose,P2.3,H3,S90,R1497,Root1497,Proteobacteria,Alphaproteobacteria,Sphingomonadales,Sphingomonadaceae,Sphingopyxis,Alphaproteobacteria,0.295599997
1144,T120,Glucose,P2.3,H4,Water,Water,Water,#N/A,#N/A,#N/A,#N/A,#N/A,#N/A,0.101099998
1145,T120,Glucose,P2.3,H5,Water,Water,Water,#N/A,#N/A,#N/A,#N/A,#N/A,#N/A,0.097199999
1146,T120,Glucose,P2.3,H6,Water,Water,Water,#N/A,#N/A,#N/A,#N/A,#N/A,#N/A,0.096799999
1147,T120,3OMG,P2.3,H7,S88,R1310,Root1310,Actinobacteria,Actinobacteria,Actinomycetales,Streptomycetaceae,Streptomyces,Actinobacteria,0.111400001
1148,T120,3OMG,P2.3,H8,S89,R1464,Root1464,Actinobacteria,Actinobacteria,Actinomycetales,Microbacteriaceae,Agromyces,Actinobacteria,0.101499997
1149,T120,3OMG,P2.3,H9,S90,R1497,Root1497,Proteobacteria,Alphaproteobacteria,Sphingomonadales,Sphingomonadaceae,Sphingopyxis,Alphaproteobacteria,0.096900001
1150,T120,3OMG,P2.3,H10,Water,Water,Water,#N/A,#N/A,#N/A,#N/A,#N/A,#N/A,0.089000002
1151,T120,3OMG,P2.3,H11,Water,Water,Water,#N/A,#N/A,#N/A,#N/A,#N/A,#N/A,0.095600002
1152,T120,3OMG,P2.3,H12,Water,Water,Water,#N/A,#N/A,#N/A,#N/A,#N/A,#N/A,0.084299996
1153,T1W,Glucose,P1.1,A1, S1 ,R4,Root4,Actinobacteria,Actinobacteria,Actinomycetales,Microbacteriaceae,Agromyces,Actinobacteria,0.087499999
1154,T1W,Glucose,P1.1,A2, S2 ,R9,Root9,Proteobacteria,Gammaproteobacteria,Pseudomonadales,Pseudomonadaceae,Pseudomonas,Gammaproteobacteria,0.197099999
1155,T1W,Glucose,P1.1,A3, S3 ,R11,Root11,Firmicutes,Bacilli,Bacillales,Bacillaceae,Bacillus,Firmicutes,0.085000001
1156,T1W,Glucose,P1.1,A4, S4 ,R16D2,Root16D2,Proteobacteria,Betaproteobacteria,Burkholderiales,Comamonadaceae,#REF!,Betaproteobacteria,0.091899998
1157,T1W,Glucose,P1.1,A5, S5 ,R22,Root22,Actinobacteria,Actinobacteria,Actinomycetales,Promicromonosporaceae,#REF!,Actinobacteria,0.139899999
1158,T1W,Glucose,P1.1,A6, S6 ,R53,Root53,Actinobacteria,Actinobacteria,Actinomycetales,Microbacteriaceae,Microbacterium,Actinobacteria,0.2958
1159,T1W,3OMG,P1.1,A7, S1 ,R4,Root4,Actinobacteria,Actinobacteria,Actinomycetales,Microbacteriaceae,Agromyces,Actinobacteria,0.084399998
1160,T1W,3OMG,P1.1,A8, S2 ,R9,Root9,Proteobacteria,Gammaproteobacteria,Pseudomonadales,Pseudomonadaceae,Pseudomonas,Gammaproteobacteria,0.087700002
1161,T1W,3OMG,P1.1,A9, S3 ,R11,Root11,Firmicutes,Bacilli,Bacillales,Bacillaceae,Bacillus,Firmicutes,0.085900001
1162,T1W,3OMG,P1.1,A10, S4 ,R16D2,Root16D2,Proteobacteria,Betaproteobacteria,Burkholderiales,Comamonadaceae,#REF!,Betaproteobacteria,0.090999998
1163,T1W,3OMG,P1.1,A11, S5 ,R22,Root22,Actinobacteria,Actinobacteria,Actinomycetales,Promicromonosporaceae,#REF!,Actinobacteria,0.0854
1164,T1W,3OMG,P1.1,A12, S6 ,R53,Root53,Actinobacteria,Actinobacteria,Actinomycetales,Microbacteriaceae,Microbacterium,Actinobacteria,0.25060001
1165,T1W,Glucose,P1.1,B1, S7 ,R61,Root61,Actinobacteria,Actinobacteria,Actinomycetales,Microbacteriaceae,Microbacterium,Actinobacteria,0.092
1166,T1W,Glucose,P1.1,B2, S8 ,R65,Root65,Proteobacteria,Gammaproteobacteria,Xanthomonadales,Xanthomonadaceae,Pseudoxanthomonas,Gammaproteobacteria,0.291999996
1167,T1W,Glucose,P1.1,B3, S9 ,R68,Root68,Proteobacteria,Gammaproteobacteria,Pseudomonadales,Pseudomonadaceae,Pseudomonas,Gammaproteobacteria,0.193499997
1168,T1W,Glucose,P1.1,B4, S10 ,R70,Root70,Proteobacteria,Betaproteobacteria,Burkholderiales,Comamonadaceae,Acidovorax,Betaproteobacteria,0.160099998
1169,T1W,Glucose,P1.1,B5, S11 ,R71,Root71,Proteobacteria,Gammaproteobacteria,Pseudomonadales,Pseudomonadaceae,Pseudomonas,Gammaproteobacteria,0.175300002
1170,T1W,Glucose,P1.1,B6, S12 ,R81,Root81,Actinobacteria,Actinobacteria,Actinomycetales,Microbacteriaceae,Agromyces,Actinobacteria,0.283899993
1171,T1W,3OMG,P1.1,B7, S7 ,R61,Root61,Actinobacteria,Actinobacteria,Actinomycetales,Microbacteriaceae,Microbacterium,Actinobacteria,0.086000003
1172,T1W,3OMG,P1.1,B8, S8 ,R65,Root65,Proteobacteria,Gammaproteobacteria,Xanthomonadales,Xanthomonadaceae,Pseudoxanthomonas,Gammaproteobacteria,0.169699997
1173,T1W,3OMG,P1.1,B9, S9 ,R68,Root68,Proteobacteria,Gammaproteobacteria,Pseudomonadales,Pseudomonadaceae,Pseudomonas,Gammaproteobacteria,0.093699999
1174,T1W,3OMG,P1.1,B10, S10 ,R70,Root70,Proteobacteria,Betaproteobacteria,Burkholderiales,Comamonadaceae,Acidovorax,Betaproteobacteria,0.083099999
1175,T1W,3OMG,P1.1,B11, S11 ,R71,Root71,Proteobacteria,Gammaproteobacteria,Pseudomonadales,Pseudomonadaceae,Pseudomonas,Gammaproteobacteria,0.094300002
1176,T1W,3OMG,P1.1,B12, S12 ,R81,Root81,Actinobacteria,Actinobacteria,Actinomycetales,Microbacteriaceae,Agromyces,Actinobacteria,0.269699991
1177,T1W,Glucose,P1.1,C1, S13 ,R83,Root83,Proteobacteria,Betaproteobacteria,Burkholderiales,Alcaligenaceae,Achromobacter,Betaproteobacteria,0.086199999
1178,T1W,Glucose,P1.1,C2, S14 ,R85,Root85,Actinobacteria,Actinobacteria,Actinomycetales,Intrasporangiaceae,#REF!,Actinobacteria,0.0889
1179,T1W,Glucose,P1.1,C3, S15 ,R101,Root101,Actinobacteria,Actinobacteria,Actinomycetales,Intrasporangiaceae,Janibacter,Actinobacteria,0.080200002
1180,T1W,Glucose,P1.1,C4, S16 ,R107,Root107,Actinobacteria,Actinobacteria,Actinomycetales,Streptomycetaceae,#REF!,Actinobacteria,0.191100001
1181,T1W,Glucose,P1.1,C5, S17 ,R112D2,Root112D2,Actinobacteria,Actinobacteria,Actinomycetales,Microbacteriaceae,#REF!,Actinobacteria,0.097800002
1182,T1W,Glucose,P1.1,C6, S18 ,R123D2,Root123D2,Proteobacteria,Alphaproteobacteria,Rhizobiales,Bradyrhizobiaceae,Afipia,Alphaproteobacteria,0.086000003
1183,T1W,3OMG,P1.1,C7, S13 ,R83,Root83,Proteobacteria,Betaproteobacteria,Burkholderiales,Alcaligenaceae,Achromobacter,Betaproteobacteria,0.085500002
1184,T1W,3OMG,P1.1,C8, S14 ,R85,Root85,Actinobacteria,Actinobacteria,Actinomycetales,Intrasporangiaceae,#REF!,Actinobacteria,0.081100002
1185,T1W,3OMG,P1.1,C9, S15 ,R101,Root101,Actinobacteria,Actinobacteria,Actinomycetales,Intrasporangiaceae,Janibacter,Actinobacteria,0.079899997
1186,T1W,3OMG,P1.1,C10, S16 ,R107,Root107,Actinobacteria,Actinobacteria,Actinomycetales,Streptomycetaceae,#REF!,Actinobacteria,0.081299998
1187,T1W,3OMG,P1.1,C11, S17 ,R112D2,Root112D2,Actinobacteria,Actinobacteria,Actinomycetales,Microbacteriaceae,#REF!,Actinobacteria,0.083400004
1188,T1W,3OMG,P1.1,C12, S18 ,R123D2,Root123D2,Proteobacteria,Alphaproteobacteria,Rhizobiales,Bradyrhizobiaceae,Afipia,Alphaproteobacteria,0.084200002
1189,T1W,Glucose,P1.1,D1, S19 ,R135,Root135,Actinobacteria,Actinobacteria,Actinomycetales,Mycobacteriaceae,Mycobacterium,Actinobacteria,0.118299998
1190,T1W,Glucose,P1.1,D2, S20 ,R136,Root136,Actinobacteria,Actinobacteria,Actinomycetales,Nocardiaceae,Nocardia,Actinobacteria,0.232700005
1191,T1W,Glucose,P1.1,D3, S21 ,R140,Root140,Actinobacteria,Actinobacteria,Actinomycetales,Nocardioidaceae,Nocardioides,Actinobacteria,0.088399999
1192,T1W,Glucose,P1.1,D4, S22 ,R147,Root147,Firmicutes,Bacilli,Bacillales,Bacillaceae,#REF!,Firmicutes,0.123599999
1193,T1W,Glucose,P1.1,D5, S23 ,R149,Root149,Proteobacteria,Alphaproteobacteria,Rhizobiales,Rhizobiaceae,Rhizobium,Alphaproteobacteria,0.220699996
1194,T1W,Glucose,P1.1,D6, S24 ,R157,Root157,Proteobacteria,Alphaproteobacteria,Rhizobiales,Phyllobacteriaceae,Mesorhizobium,Alphaproteobacteria,0.276800007
1195,T1W,3OMG,P1.1,D7, S19 ,R135,Root135,Actinobacteria,Actinobacteria,Actinomycetales,Mycobacteriaceae,Mycobacterium,Actinobacteria,0.093000002
1196,T1W,3OMG,P1.1,D8, S20 ,R136,Root136,Actinobacteria,Actinobacteria,Actinomycetales,Nocardiaceae,Nocardia,Actinobacteria,0.266299993
1197,T1W,3OMG,P1.1,D9, S21 ,R140,Root140,Actinobacteria,Actinobacteria,Actinomycetales,Nocardioidaceae,Nocardioides,Actinobacteria,0.096500002
1198,T1W,3OMG,P1.1,D10,S22,R147,Root147,Firmicutes,Bacilli,Bacillales,Bacillaceae,#REF!,Firmicutes,0.080499999
1199,T1W,3OMG,P1.1,D11,S23,R149,Root149,Proteobacteria,Alphaproteobacteria,Rhizobiales,Rhizobiaceae,Rhizobium,Alphaproteobacteria,0.088200003
1200,T1W,3OMG,P1.1,D12,S24,R157,Root157,Proteobacteria,Alphaproteobacteria,Rhizobiales,Phyllobacteriaceae,Mesorhizobium,Alphaproteobacteria,0.216800004
1201,T1W,Glucose,P1.1,E1,S25,R166,Root166,Actinobacteria,Actinobacteria,Actinomycetales,Microbacteriaceae,Microbacterium,Actinobacteria,0.092900001
1202,T1W,Glucose,P1.1,E2,S26,R170,Root170,Proteobacteria,Betaproteobacteria,Burkholderiales,Alcaligenaceae,Achromobacter,Betaproteobacteria,0.084200002
1203,T1W,Glucose,P1.1,E3,S27,R172,Root172,Proteobacteria,Alphaproteobacteria,Rhizobiales,Phyllobacteriaceae,Mesorhizobium,Alphaproteobacteria,0.131699994
1204,T1W,Glucose,P1.1,E4,S28,R179,Root179,Proteobacteria,Gammaproteobacteria,Xanthomonadales,Xanthomonadaceae,Rhodanobacter,Gammaproteobacteria,0.196799994
1205,T1W,Glucose,P1.1,E5,S29,R186,Root186,Bacteroidetes,Flavobacteriia,Flavobacteriales,Flavobacteriaceae,Flavobacterium,Bacteroidetes,0.083300002
1206,T1W,Glucose,P1.1,E6,S30,R189,Root189,Proteobacteria,Betaproteobacteria,Burkholderiales,Oxalobacteraceae,Herbaspirillum,Betaproteobacteria,0.283499986
1207,T1W,3OMG,P1.1,E7,S25,R166,Root166,Actinobacteria,Actinobacteria,Actinomycetales,Microbacteriaceae,Microbacterium,Actinobacteria,0.084100001
1208,T1W,3OMG,P1.1,E8,S26,R170,Root170,Proteobacteria,Betaproteobacteria,Burkholderiales,Alcaligenaceae,Achromobacter,Betaproteobacteria,0.082599998
1209,T1W,3OMG,P1.1,E9,S27,R172,Root172,Proteobacteria,Alphaproteobacteria,Rhizobiales,Phyllobacteriaceae,Mesorhizobium,Alphaproteobacteria,0.090300001
1210,T1W,3OMG,P1.1,E10,S28,R179,Root179,Proteobacteria,Gammaproteobacteria,Xanthomonadales,Xanthomonadaceae,Rhodanobacter,Gammaproteobacteria,0.085000001
1211,T1W,3OMG,P1.1,E11,S29,R186,Root186,Bacteroidetes,Flavobacteriia,Flavobacteriales,Flavobacteriaceae,Flavobacterium,Bacteroidetes,0.081799999
1212,T1W,3OMG,P1.1,E12,S30,R189,Root189,Proteobacteria,Betaproteobacteria,Burkholderiales,Oxalobacteraceae,Herbaspirillum,Betaproteobacteria,0.193000004
1213,T1W,Glucose,P1.1,F1,S31,R190,Root190,Actinobacteria,Actinobacteria,Actinomycetales,Nocardioidaceae,Nocardioides,Actinobacteria,0.1875
1214,T1W,Glucose,P1.1,F2,S32,R198D2,Root198D2,Proteobacteria,Betaproteobacteria,Burkholderiales,Oxalobacteraceae,#REF!,Betaproteobacteria,0.171800002
1215,T1W,Glucose,P1.1,F3,S33,R209,Root209,Proteobacteria,Betaproteobacteria,Burkholderiales,Comamonadaceae,#REF!,Betaproteobacteria,0.189199999
1216,T1W,Glucose,P1.1,F4,S34,R224,Root224,Actinobacteria,Actinobacteria,Actinomycetales,Nocardioidaceae,Nocardioides,Actinobacteria,0.082900003
1217,T1W,Glucose,P1.1,F5,S35,R227,Root227,Actinobacteria,Actinobacteria,Actinomycetales,Microbacteriaceae,#REF!,Actinobacteria,0.203400001
1218,T1W,Glucose,P1.1,F6,S36,R240,Root240,Actinobacteria,Actinobacteria,Actinomycetales,Nocardioidaceae,Nocardioides,Actinobacteria,0.139699996
1219,T1W,3OMG,P1.1,F7,S31,R190,Root190,Actinobacteria,Actinobacteria,Actinomycetales,Nocardioidaceae,Nocardioides,Actinobacteria,0.095399998
1220,T1W,3OMG,P1.1,F8,S32,R198D2,Root198D2,Proteobacteria,Betaproteobacteria,Burkholderiales,Oxalobacteraceae,#REF!,Betaproteobacteria,0.087700002
1221,T1W,3OMG,P1.1,F9,S33,R209,Root209,Proteobacteria,Betaproteobacteria,Burkholderiales,Comamonadaceae,#REF!,Betaproteobacteria,0.090499997
1222,T1W,3OMG,P1.1,F10,S34,R224,Root224,Actinobacteria,Actinobacteria,Actinomycetales,Nocardioidaceae,Nocardioides,Actinobacteria,0.083999999
1223,T1W,3OMG,P1.1,F11,S35,R227,Root227,Actinobacteria,Actinobacteria,Actinomycetales,Microbacteriaceae,#REF!,Actinobacteria,0.170200005
1224,T1W,3OMG,P1.1,F12,S36,R240,Root240,Actinobacteria,Actinobacteria,Actinomycetales,Nocardioidaceae,Nocardioides,Actinobacteria,0.094599999
1225,T1W,Glucose,P1.1,G1,S37,R241,Root241,Proteobacteria,Alphaproteobacteria,Sphingomonadales,Sphingomonadaceae,Sphingomonas,Alphaproteobacteria,0.085299999
1226,T1W,Glucose,P1.1,G2,S38,R265,Root265,Actinobacteria,Actinobacteria,Actinomycetales,Mycobacteriaceae,Mycobacterium,Actinobacteria,0.241899997
1227,T1W,Glucose,P1.1,G3,S39,R268,Root268,Proteobacteria,Alphaproteobacteria,Rhizobiales,Rhizobiaceae,Rhizobium,Alphaproteobacteria,0.083899997
1228,T1W,Glucose,P1.1,G4,S40,R280D1,Root280D1,Actinobacteria,Actinobacteria,Actinomycetales,Microbacteriaceae,Microbacterium,Actinobacteria,0.089100003
1229,T1W,Glucose,P1.1,G5,S41,R318D1,Root318D1,Proteobacteria,Betaproteobacteria,Burkholderiales,Comamonadaceae,Variovorax,Betaproteobacteria,0.091899998
1230,T1W,Glucose,P1.1,G6,S42,R329,Root329,Proteobacteria,Gammaproteobacteria,Pseudomonadales,Pseudomonadaceae,Pseudomonas,Gammaproteobacteria,0.225799993
1231,T1W,3OMG,P1.1,G7,S37,R241,Root241,Proteobacteria,Alphaproteobacteria,Sphingomonadales,Sphingomonadaceae,Sphingomonas,Alphaproteobacteria,0.0823
1232,T1W,3OMG,P1.1,G8,S38,R265,Root265,Actinobacteria,Actinobacteria,Actinomycetales,Mycobacteriaceae,Mycobacterium,Actinobacteria,0.082800001
1233,T1W,3OMG,P1.1,G9,S39,R268,Root268,Proteobacteria,Alphaproteobacteria,Rhizobiales,Rhizobiaceae,Rhizobium,Alphaproteobacteria,0.0814
1234,T1W,3OMG,P1.1,G10,S40,R280D1,Root280D1,Actinobacteria,Actinobacteria,Actinomycetales,Microbacteriaceae,Microbacterium,Actinobacteria,0.086099997
1235,T1W,3OMG,P1.1,G11,S41,R318D1,Root318D1,Proteobacteria,Betaproteobacteria,Burkholderiales,Comamonadaceae,Variovorax,Betaproteobacteria,0.083700001
1236,T1W,3OMG,P1.1,G12,S42,R329,Root329,Proteobacteria,Gammaproteobacteria,Pseudomonadales,Pseudomonadaceae,Pseudomonas,Gammaproteobacteria,0.096599999
1237,T1W,Glucose,P1.1,H1,S43,R332,Root332,Actinobacteria,Actinobacteria,Actinomycetales,Microbacteriaceae,#REF!,Actinobacteria,0.088699996
1238,T1W,Glucose,P1.1,H2,S44,R336D2,Root336D2,Proteobacteria,Betaproteobacteria,Burkholderiales,Oxalobacteraceae,#REF!,Betaproteobacteria,0.243399993
1239,T1W,Glucose,P1.1,H3,S45,R369,Root369,Actinobacteria,Actinobacteria,Actinomycetales,Streptomycetaceae,Streptomyces,Actinobacteria,0.182300001
1240,T1W,Glucose,P1.1,H4,Water,Water,Water,#N/A,#N/A,#N/A,#N/A,#N/A,#N/A,0.081799999
1241,T1W,Glucose,P1.1,H5,Water,Water,Water,#N/A,#N/A,#N/A,#N/A,#N/A,#N/A,0.085000001
1242,T1W,Glucose,P1.1,H6,Water,Water,Water,#N/A,#N/A,#N/A,#N/A,#N/A,#N/A,0.081100002
1243,T1W,3OMG,P1.1,H7,S43,R332,Root332,Actinobacteria,Actinobacteria,Actinomycetales,Microbacteriaceae,#REF!,Actinobacteria,0.084399998
1244,T1W,3OMG,P1.1,H8,S44,R336D2,Root336D2,Proteobacteria,Betaproteobacteria,Burkholderiales,Oxalobacteraceae,#REF!,Betaproteobacteria,0.241799995
1245,T1W,3OMG,P1.1,H9,S45,R369,Root369,Actinobacteria,Actinobacteria,Actinomycetales,Streptomycetaceae,Streptomyces,Actinobacteria,0.082599998
1246,T1W,3OMG,P1.1,H10,Water,Water,Water,#N/A,#N/A,#N/A,#N/A,#N/A,#N/A,0.080600001
1247,T1W,3OMG,P1.1,H11,Water,Water,Water,#N/A,#N/A,#N/A,#N/A,#N/A,#N/A,0.079400003
1248,T1W,3OMG,P1.1,H12,Water,Water,Water,#N/A,#N/A,#N/A,#N/A,#N/A,#N/A,0.079300001
1249,T1W,Glucose,P1.2,A1, S1 ,R4,Root4,Actinobacteria,Actinobacteria,Actinomycetales,Microbacteriaceae,Agromyces,Actinobacteria,0.086999997
1250,T1W,Glucose,P1.2,A2, S2 ,R9,Root9,Proteobacteria,Gammaproteobacteria,Pseudomonadales,Pseudomonadaceae,Pseudomonas,Gammaproteobacteria,0.191599995
1251,T1W,Glucose,P1.2,A3, S3 ,R11,Root11,Firmicutes,Bacilli,Bacillales,Bacillaceae,Bacillus,Firmicutes,0.090499997
1252,T1W,Glucose,P1.2,A4, S4 ,R16D2,Root16D2,Proteobacteria,Betaproteobacteria,Burkholderiales,Comamonadaceae,#REF!,Betaproteobacteria,0.089299999
1253,T1W,Glucose,P1.2,A5, S5 ,R22,Root22,Actinobacteria,Actinobacteria,Actinomycetales,Promicromonosporaceae,#REF!,Actinobacteria,0.150800005
1254,T1W,Glucose,P1.2,A6, S6 ,R53,Root53,Actinobacteria,Actinobacteria,Actinomycetales,Microbacteriaceae,Microbacterium,Actinobacteria,0.277399987
1255,T1W,3OMG,P1.2,A7, S1 ,R4,Root4,Actinobacteria,Actinobacteria,Actinomycetales,Microbacteriaceae,Agromyces,Actinobacteria,0.086199999
1256,T1W,3OMG,P1.2,A8, S2 ,R9,Root9,Proteobacteria,Gammaproteobacteria,Pseudomonadales,Pseudomonadaceae,Pseudomonas,Gammaproteobacteria,0.089699998
1257,T1W,3OMG,P1.2,A9, S3 ,R11,Root11,Firmicutes,Bacilli,Bacillales,Bacillaceae,Bacillus,Firmicutes,0.0858
1258,T1W,3OMG,P1.2,A10, S4 ,R16D2,Root16D2,Proteobacteria,Betaproteobacteria,Burkholderiales,Comamonadaceae,#REF!,Betaproteobacteria,0.085199997
1259,T1W,3OMG,P1.2,A11, S5 ,R22,Root22,Actinobacteria,Actinobacteria,Actinomycetales,Promicromonosporaceae,#REF!,Actinobacteria,0.086199999
1260,T1W,3OMG,P1.2,A12, S6 ,R53,Root53,Actinobacteria,Actinobacteria,Actinomycetales,Microbacteriaceae,Microbacterium,Actinobacteria,0.25060001
1261,T1W,Glucose,P1.2,B1, S7 ,R61,Root61,Actinobacteria,Actinobacteria,Actinomycetales,Microbacteriaceae,Microbacterium,Actinobacteria,0.090999998
1262,T1W,Glucose,P1.2,B2, S8 ,R65,Root65,Proteobacteria,Gammaproteobacteria,Xanthomonadales,Xanthomonadaceae,Pseudoxanthomonas,Gammaproteobacteria,0.274100006
1263,T1W,Glucose,P1.2,B3, S9 ,R68,Root68,Proteobacteria,Gammaproteobacteria,Pseudomonadales,Pseudomonadaceae,Pseudomonas,Gammaproteobacteria,0.207000002
1264,T1W,Glucose,P1.2,B4, S10 ,R70,Root70,Proteobacteria,Betaproteobacteria,Burkholderiales,Comamonadaceae,Acidovorax,Betaproteobacteria,0.156399995
1265,T1W,Glucose,P1.2,B5, S11 ,R71,Root71,Proteobacteria,Gammaproteobacteria,Pseudomonadales,Pseudomonadaceae,Pseudomonas,Gammaproteobacteria,0.199300006
1266,T1W,Glucose,P1.2,B6, S12 ,R81,Root81,Actinobacteria,Actinobacteria,Actinomycetales,Microbacteriaceae,Agromyces,Actinobacteria,0.296299994
1267,T1W,3OMG,P1.2,B7, S7 ,R61,Root61,Actinobacteria,Actinobacteria,Actinomycetales,Microbacteriaceae,Microbacterium,Actinobacteria,0.085600004
1268,T1W,3OMG,P1.2,B8, S8 ,R65,Root65,Proteobacteria,Gammaproteobacteria,Xanthomonadales,Xanthomonadaceae,Pseudoxanthomonas,Gammaproteobacteria,0.226600006
1269,T1W,3OMG,P1.2,B9, S9 ,R68,Root68,Proteobacteria,Gammaproteobacteria,Pseudomonadales,Pseudomonadaceae,Pseudomonas,Gammaproteobacteria,0.092600003
1270,T1W,3OMG,P1.2,B10, S10 ,R70,Root70,Proteobacteria,Betaproteobacteria,Burkholderiales,Comamonadaceae,Acidovorax,Betaproteobacteria,0.082900003
1271,T1W,3OMG,P1.2,B11, S11 ,R71,Root71,Proteobacteria,Gammaproteobacteria,Pseudomonadales,Pseudomonadaceae,Pseudomonas,Gammaproteobacteria,0.094300002
1272,T1W,3OMG,P1.2,B12, S12 ,R81,Root81,Actinobacteria,Actinobacteria,Actinomycetales,Microbacteriaceae,Agromyces,Actinobacteria,0.277099997
1273,T1W,Glucose,P1.2,C1, S13 ,R83,Root83,Proteobacteria,Betaproteobacteria,Burkholderiales,Alcaligenaceae,Achromobacter,Betaproteobacteria,0.087099999
1274,T1W,Glucose,P1.2,C2, S14 ,R85,Root85,Actinobacteria,Actinobacteria,Actinomycetales,Intrasporangiaceae,#REF!,Actinobacteria,0.125300005
1275,T1W,Glucose,P1.2,C3, S15 ,R101,Root101,Actinobacteria,Actinobacteria,Actinomycetales,Intrasporangiaceae,Janibacter,Actinobacteria,0.082500003
1276,T1W,Glucose,P1.2,C4, S16 ,R107,Root107,Actinobacteria,Actinobacteria,Actinomycetales,Streptomycetaceae,#REF!,Actinobacteria,0.084200002
1277,T1W,Glucose,P1.2,C5, S17 ,R112D2,Root112D2,Actinobacteria,Actinobacteria,Actinomycetales,Microbacteriaceae,#REF!,Actinobacteria,0.199300006
1278,T1W,Glucose,P1.2,C6, S18 ,R123D2,Root123D2,Proteobacteria,Alphaproteobacteria,Rhizobiales,Bradyrhizobiaceae,Afipia,Alphaproteobacteria,0.083899997
1279,T1W,3OMG,P1.2,C7, S13 ,R83,Root83,Proteobacteria,Betaproteobacteria,Burkholderiales,Alcaligenaceae,Achromobacter,Betaproteobacteria,0.085000001
1280,T1W,3OMG,P1.2,C8, S14 ,R85,Root85,Actinobacteria,Actinobacteria,Actinomycetales,Intrasporangiaceae,#REF!,Actinobacteria,0.081900001
1281,T1W,3OMG,P1.2,C9, S15 ,R101,Root101,Actinobacteria,Actinobacteria,Actinomycetales,Intrasporangiaceae,Janibacter,Actinobacteria,0.080499999
1282,T1W,3OMG,P1.2,C10, S16 ,R107,Root107,Actinobacteria,Actinobacteria,Actinomycetales,Streptomycetaceae,#REF!,Actinobacteria,0.084200002
1283,T1W,3OMG,P1.2,C11, S17 ,R112D2,Root112D2,Actinobacteria,Actinobacteria,Actinomycetales,Microbacteriaceae,#REF!,Actinobacteria,0.090000004
1284,T1W,3OMG,P1.2,C12, S18 ,R123D2,Root123D2,Proteobacteria,Alphaproteobacteria,Rhizobiales,Bradyrhizobiaceae,Afipia,Alphaproteobacteria,0.084700003
1285,T1W,Glucose,P1.2,D1, S19 ,R135,Root135,Actinobacteria,Actinobacteria,Actinomycetales,Mycobacteriaceae,Mycobacterium,Actinobacteria,0.131500006
1286,T1W,Glucose,P1.2,D2, S20 ,R136,Root136,Actinobacteria,Actinobacteria,Actinomycetales,Nocardiaceae,Nocardia,Actinobacteria,0.231099993
1287,T1W,Glucose,P1.2,D3, S21 ,R140,Root140,Actinobacteria,Actinobacteria,Actinomycetales,Nocardioidaceae,Nocardioides,Actinobacteria,0.089400001
1288,T1W,Glucose,P1.2,D4, S22 ,R147,Root147,Firmicutes,Bacilli,Bacillales,Bacillaceae,#REF!,Firmicutes,0.128099993
1289,T1W,Glucose,P1.2,D5, S23 ,R149,Root149,Proteobacteria,Alphaproteobacteria,Rhizobiales,Rhizobiaceae,Rhizobium,Alphaproteobacteria,0.219999999
1290,T1W,Glucose,P1.2,D6, S24 ,R157,Root157,Proteobacteria,Alphaproteobacteria,Rhizobiales,Phyllobacteriaceae,Mesorhizobium,Alphaproteobacteria,0.287699997
1291,T1W,3OMG,P1.2,D7, S19 ,R135,Root135,Actinobacteria,Actinobacteria,Actinomycetales,Mycobacteriaceae,Mycobacterium,Actinobacteria,0.101599999
1292,T1W,3OMG,P1.2,D8, S20 ,R136,Root136,Actinobacteria,Actinobacteria,Actinomycetales,Nocardiaceae,Nocardia,Actinobacteria,0.294499993
1293,T1W,3OMG,P1.2,D9, S21 ,R140,Root140,Actinobacteria,Actinobacteria,Actinomycetales,Nocardioidaceae,Nocardioides,Actinobacteria,0.106700003
1294,T1W,3OMG,P1.2,D10,S22,R147,Root147,Firmicutes,Bacilli,Bacillales,Bacillaceae,#REF!,Firmicutes,0.080499999
1295,T1W,3OMG,P1.2,D11,S23,R149,Root149,Proteobacteria,Alphaproteobacteria,Rhizobiales,Rhizobiaceae,Rhizobium,Alphaproteobacteria,0.087300003
1296,T1W,3OMG,P1.2,D12,S24,R157,Root157,Proteobacteria,Alphaproteobacteria,Rhizobiales,Phyllobacteriaceae,Mesorhizobium,Alphaproteobacteria,0.214100003
1297,T1W,Glucose,P1.2,E1,S25,R166,Root166,Actinobacteria,Actinobacteria,Actinomycetales,Microbacteriaceae,Microbacterium,Actinobacteria,0.093000002
1298,T1W,Glucose,P1.2,E2,S26,R170,Root170,Proteobacteria,Betaproteobacteria,Burkholderiales,Alcaligenaceae,Achromobacter,Betaproteobacteria,0.085699998
1299,T1W,Glucose,P1.2,E3,S27,R172,Root172,Proteobacteria,Alphaproteobacteria,Rhizobiales,Phyllobacteriaceae,Mesorhizobium,Alphaproteobacteria,0.131799996
1300,T1W,Glucose,P1.2,E4,S28,R179,Root179,Proteobacteria,Gammaproteobacteria,Xanthomonadales,Xanthomonadaceae,Rhodanobacter,Gammaproteobacteria,0.200599998
1301,T1W,Glucose,P1.2,E5,S29,R186,Root186,Bacteroidetes,Flavobacteriia,Flavobacteriales,Flavobacteriaceae,Flavobacterium,Bacteroidetes,0.083999999
1302,T1W,Glucose,P1.2,E6,S30,R189,Root189,Proteobacteria,Betaproteobacteria,Burkholderiales,Oxalobacteraceae,Herbaspirillum,Betaproteobacteria,0.27579999
1303,T1W,3OMG,P1.2,E7,S25,R166,Root166,Actinobacteria,Actinobacteria,Actinomycetales,Microbacteriaceae,Microbacterium,Actinobacteria,0.084200002
1304,T1W,3OMG,P1.2,E8,S26,R170,Root170,Proteobacteria,Betaproteobacteria,Burkholderiales,Alcaligenaceae,Achromobacter,Betaproteobacteria,0.0836
1305,T1W,3OMG,P1.2,E9,S27,R172,Root172,Proteobacteria,Alphaproteobacteria,Rhizobiales,Phyllobacteriaceae,Mesorhizobium,Alphaproteobacteria,0.090800002
1306,T1W,3OMG,P1.2,E10,S28,R179,Root179,Proteobacteria,Gammaproteobacteria,Xanthomonadales,Xanthomonadaceae,Rhodanobacter,Gammaproteobacteria,0.0845
1307,T1W,3OMG,P1.2,E11,S29,R186,Root186,Bacteroidetes,Flavobacteriia,Flavobacteriales,Flavobacteriaceae,Flavobacterium,Bacteroidetes,0.084200002
1308,T1W,3OMG,P1.2,E12,S30,R189,Root189,Proteobacteria,Betaproteobacteria,Burkholderiales,Oxalobacteraceae,Herbaspirillum,Betaproteobacteria,0.194100007
1309,T1W,Glucose,P1.2,F1,S31,R190,Root190,Actinobacteria,Actinobacteria,Actinomycetales,Nocardioidaceae,Nocardioides,Actinobacteria,0.207800001
1310,T1W,Glucose,P1.2,F2,S32,R198D2,Root198D2,Proteobacteria,Betaproteobacteria,Burkholderiales,Oxalobacteraceae,#REF!,Betaproteobacteria,0.169699997
1311,T1W,Glucose,P1.2,F3,S33,R209,Root209,Proteobacteria,Betaproteobacteria,Burkholderiales,Comamonadaceae,#REF!,Betaproteobacteria,0.086099997
1312,T1W,Glucose,P1.2,F4,S34,R224,Root224,Actinobacteria,Actinobacteria,Actinomycetales,Nocardioidaceae,Nocardioides,Actinobacteria,0.084600002
1313,T1W,Glucose,P1.2,F5,S35,R227,Root227,Actinobacteria,Actinobacteria,Actinomycetales,Microbacteriaceae,#REF!,Actinobacteria,0.209800005
1314,T1W,Glucose,P1.2,F6,S36,R240,Root240,Actinobacteria,Actinobacteria,Actinomycetales,Nocardioidaceae,Nocardioides,Actinobacteria,0.142100006
1315,T1W,3OMG,P1.2,F7,S31,R190,Root190,Actinobacteria,Actinobacteria,Actinomycetales,Nocardioidaceae,Nocardioides,Actinobacteria,0.093900003
1316,T1W,3OMG,P1.2,F8,S32,R198D2,Root198D2,Proteobacteria,Betaproteobacteria,Burkholderiales,Oxalobacteraceae,#REF!,Betaproteobacteria,0.088600002
1317,T1W,3OMG,P1.2,F9,S33,R209,Root209,Proteobacteria,Betaproteobacteria,Burkholderiales,Comamonadaceae,#REF!,Betaproteobacteria,0.087099999
1318,T1W,3OMG,P1.2,F10,S34,R224,Root224,Actinobacteria,Actinobacteria,Actinomycetales,Nocardioidaceae,Nocardioides,Actinobacteria,0.083099999
1319,T1W,3OMG,P1.2,F11,S35,R227,Root227,Actinobacteria,Actinobacteria,Actinomycetales,Microbacteriaceae,#REF!,Actinobacteria,0.160999998
1320,T1W,3OMG,P1.2,F12,S36,R240,Root240,Actinobacteria,Actinobacteria,Actinomycetales,Nocardioidaceae,Nocardioides,Actinobacteria,0.088799998
1321,T1W,Glucose,P1.2,G1,S37,R241,Root241,Proteobacteria,Alphaproteobacteria,Sphingomonadales,Sphingomonadaceae,Sphingomonas,Alphaproteobacteria,0.084200002
1322,T1W,Glucose,P1.2,G2,S38,R265,Root265,Actinobacteria,Actinobacteria,Actinomycetales,Mycobacteriaceae,Mycobacterium,Actinobacteria,0.280999988
1323,T1W,Glucose,P1.2,G3,S39,R268,Root268,Proteobacteria,Alphaproteobacteria,Rhizobiales,Rhizobiaceae,Rhizobium,Alphaproteobacteria,0.084600002
1324,T1W,Glucose,P1.2,G4,S40,R280D1,Root280D1,Actinobacteria,Actinobacteria,Actinomycetales,Microbacteriaceae,Microbacterium,Actinobacteria,0.087099999
1325,T1W,Glucose,P1.2,G5,S41,R318D1,Root318D1,Proteobacteria,Betaproteobacteria,Burkholderiales,Comamonadaceae,Variovorax,Betaproteobacteria,0.091799997
1326,T1W,Glucose,P1.2,G6,S42,R329,Root329,Proteobacteria,Gammaproteobacteria,Pseudomonadales,Pseudomonadaceae,Pseudomonas,Gammaproteobacteria,0.245700002
1327,T1W,3OMG,P1.2,G7,S37,R241,Root241,Proteobacteria,Alphaproteobacteria,Sphingomonadales,Sphingomonadaceae,Sphingomonas,Alphaproteobacteria,0.083800003
1328,T1W,3OMG,P1.2,G8,S38,R265,Root265,Actinobacteria,Actinobacteria,Actinomycetales,Mycobacteriaceae,Mycobacterium,Actinobacteria,0.084100001
1329,T1W,3OMG,P1.2,G9,S39,R268,Root268,Proteobacteria,Alphaproteobacteria,Rhizobiales,Rhizobiaceae,Rhizobium,Alphaproteobacteria,0.081799999
1330,T1W,3OMG,P1.2,G10,S40,R280D1,Root280D1,Actinobacteria,Actinobacteria,Actinomycetales,Microbacteriaceae,Microbacterium,Actinobacteria,0.085900001
1331,T1W,3OMG,P1.2,G11,S41,R318D1,Root318D1,Proteobacteria,Betaproteobacteria,Burkholderiales,Comamonadaceae,Variovorax,Betaproteobacteria,0.0858
1332,T1W,3OMG,P1.2,G12,S42,R329,Root329,Proteobacteria,Gammaproteobacteria,Pseudomonadales,Pseudomonadaceae,Pseudomonas,Gammaproteobacteria,0.094299998
1333,T1W,Glucose,P1.2,H1,S43,R332,Root332,Actinobacteria,Actinobacteria,Actinomycetales,Microbacteriaceae,#REF!,Actinobacteria,0.086999997
1334,T1W,Glucose,P1.2,H2,S44,R336D2,Root336D2,Proteobacteria,Betaproteobacteria,Burkholderiales,Oxalobacteraceae,#REF!,Betaproteobacteria,0.2421
1335,T1W,Glucose,P1.2,H3,S45,R369,Root369,Actinobacteria,Actinobacteria,Actinomycetales,Streptomycetaceae,Streptomyces,Actinobacteria,0.1796
1336,T1W,Glucose,P1.2,H4,Water,Water,Water,#N/A,#N/A,#N/A,#N/A,#N/A,#N/A,0.080600001
1337,T1W,Glucose,P1.2,H5,Water,Water,Water,#N/A,#N/A,#N/A,#N/A,#N/A,#N/A,0.080499999
1338,T1W,Glucose,P1.2,H6,Water,Water,Water,#N/A,#N/A,#N/A,#N/A,#N/A,#N/A,0.080600001
1339,T1W,3OMG,P1.2,H7,S43,R332,Root332,Actinobacteria,Actinobacteria,Actinomycetales,Microbacteriaceae,#REF!,Actinobacteria,0.084399998
1340,T1W,3OMG,P1.2,H8,S44,R336D2,Root336D2,Proteobacteria,Betaproteobacteria,Burkholderiales,Oxalobacteraceae,#REF!,Betaproteobacteria,0.249400005
1341,T1W,3OMG,P1.2,H9,S45,R369,Root369,Actinobacteria,Actinobacteria,Actinomycetales,Streptomycetaceae,Streptomyces,Actinobacteria,0.0823
1342,T1W,3OMG,P1.2,H10,Water,Water,Water,#N/A,#N/A,#N/A,#N/A,#N/A,#N/A,0.080600001
1343,T1W,3OMG,P1.2,H11,Water,Water,Water,#N/A,#N/A,#N/A,#N/A,#N/A,#N/A,0.079700001
1344,T1W,3OMG,P1.2,H12,Water,Water,Water,#N/A,#N/A,#N/A,#N/A,#N/A,#N/A,0.078599997
1345,T1W,Glucose,P1.3,A1, S1 ,R4,Root4,Actinobacteria,Actinobacteria,Actinomycetales,Microbacteriaceae,Agromyces,Actinobacteria,0.085500002
1346,T1W,Glucose,P1.3,A2, S2 ,R9,Root9,Proteobacteria,Gammaproteobacteria,Pseudomonadales,Pseudomonadaceae,Pseudomonas,Gammaproteobacteria,0.183799997
1347,T1W,Glucose,P1.3,A3, S3 ,R11,Root11,Firmicutes,Bacilli,Bacillales,Bacillaceae,Bacillus,Firmicutes,0.083700001
1348,T1W,Glucose,P1.3,A4, S4 ,R16D2,Root16D2,Proteobacteria,Betaproteobacteria,Burkholderiales,Comamonadaceae,#REF!,Betaproteobacteria,0.090499997
1349,T1W,Glucose,P1.3,A5, S5 ,R22,Root22,Actinobacteria,Actinobacteria,Actinomycetales,Promicromonosporaceae,#REF!,Actinobacteria,0.134800002
1350,T1W,Glucose,P1.3,A6, S6 ,R53,Root53,Actinobacteria,Actinobacteria,Actinomycetales,Microbacteriaceae,Microbacterium,Actinobacteria,0.2861
1351,T1W,3OMG,P1.3,A7, S1 ,R4,Root4,Actinobacteria,Actinobacteria,Actinomycetales,Microbacteriaceae,Agromyces,Actinobacteria,0.082699999
1352,T1W,3OMG,P1.3,A8, S2 ,R9,Root9,Proteobacteria,Gammaproteobacteria,Pseudomonadales,Pseudomonadaceae,Pseudomonas,Gammaproteobacteria,0.086999997
1353,T1W,3OMG,P1.3,A9, S3 ,R11,Root11,Firmicutes,Bacilli,Bacillales,Bacillaceae,Bacillus,Firmicutes,0.083800003
1354,T1W,3OMG,P1.3,A10, S4 ,R16D2,Root16D2,Proteobacteria,Betaproteobacteria,Burkholderiales,Comamonadaceae,#REF!,Betaproteobacteria,0.084700003
1355,T1W,3OMG,P1.3,A11, S5 ,R22,Root22,Actinobacteria,Actinobacteria,Actinomycetales,Promicromonosporaceae,#REF!,Actinobacteria,0.0854
1356,T1W,3OMG,P1.3,A12, S6 ,R53,Root53,Actinobacteria,Actinobacteria,Actinomycetales,Microbacteriaceae,Microbacterium,Actinobacteria,0.247400001
1357,T1W,Glucose,P1.3,B1, S7 ,R61,Root61,Actinobacteria,Actinobacteria,Actinomycetales,Microbacteriaceae,Microbacterium,Actinobacteria,0.086599998
1358,T1W,Glucose,P1.3,B2, S8 ,R65,Root65,Proteobacteria,Gammaproteobacteria,Xanthomonadales,Xanthomonadaceae,Pseudoxanthomonas,Gammaproteobacteria,0.282099992
1359,T1W,Glucose,P1.3,B3, S9 ,R68,Root68,Proteobacteria,Gammaproteobacteria,Pseudomonadales,Pseudomonadaceae,Pseudomonas,Gammaproteobacteria,0.192399994
1360,T1W,Glucose,P1.3,B4, S10 ,R70,Root70,Proteobacteria,Betaproteobacteria,Burkholderiales,Comamonadaceae,Acidovorax,Betaproteobacteria,0.149100006
1361,T1W,Glucose,P1.3,B5, S11 ,R71,Root71,Proteobacteria,Gammaproteobacteria,Pseudomonadales,Pseudomonadaceae,Pseudomonas,Gammaproteobacteria,0.187600002
1362,T1W,Glucose,P1.3,B6, S12 ,R81,Root81,Actinobacteria,Actinobacteria,Actinomycetales,Microbacteriaceae,Agromyces,Actinobacteria,0.291599989
1363,T1W,3OMG,P1.3,B7, S7 ,R61,Root61,Actinobacteria,Actinobacteria,Actinomycetales,Microbacteriaceae,Microbacterium,Actinobacteria,0.0845
1364,T1W,3OMG,P1.3,B8, S8 ,R65,Root65,Proteobacteria,Gammaproteobacteria,Xanthomonadales,Xanthomonadaceae,Pseudoxanthomonas,Gammaproteobacteria,0.214399993
1365,T1W,3OMG,P1.3,B9, S9 ,R68,Root68,Proteobacteria,Gammaproteobacteria,Pseudomonadales,Pseudomonadaceae,Pseudomonas,Gammaproteobacteria,0.092399999
1366,T1W,3OMG,P1.3,B10, S10 ,R70,Root70,Proteobacteria,Betaproteobacteria,Burkholderiales,Comamonadaceae,Acidovorax,Betaproteobacteria,0.081500001
1367,T1W,3OMG,P1.3,B11, S11 ,R71,Root71,Proteobacteria,Gammaproteobacteria,Pseudomonadales,Pseudomonadaceae,Pseudomonas,Gammaproteobacteria,0.090999998
1368,T1W,3OMG,P1.3,B12, S12 ,R81,Root81,Actinobacteria,Actinobacteria,Actinomycetales,Microbacteriaceae,Agromyces,Actinobacteria,0.283899993
1369,T1W,Glucose,P1.3,C1, S13 ,R83,Root83,Proteobacteria,Betaproteobacteria,Burkholderiales,Alcaligenaceae,Achromobacter,Betaproteobacteria,0.084899999
1370,T1W,Glucose,P1.3,C2, S14 ,R85,Root85,Actinobacteria,Actinobacteria,Actinomycetales,Intrasporangiaceae,#REF!,Actinobacteria,0.113799997
1371,T1W,Glucose,P1.3,C3, S15 ,R101,Root101,Actinobacteria,Actinobacteria,Actinomycetales,Intrasporangiaceae,Janibacter,Actinobacteria,0.079099998
1372,T1W,Glucose,P1.3,C4, S16 ,R107,Root107,Actinobacteria,Actinobacteria,Actinomycetales,Streptomycetaceae,#REF!,Actinobacteria,0.207699999
1373,T1W,Glucose,P1.3,C5, S17 ,R112D2,Root112D2,Actinobacteria,Actinobacteria,Actinomycetales,Microbacteriaceae,#REF!,Actinobacteria,0.096699998
1374,T1W,Glucose,P1.3,C6, S18 ,R123D2,Root123D2,Proteobacteria,Alphaproteobacteria,Rhizobiales,Bradyrhizobiaceae,Afipia,Alphaproteobacteria,0.0832
1375,T1W,3OMG,P1.3,C7, S13 ,R83,Root83,Proteobacteria,Betaproteobacteria,Burkholderiales,Alcaligenaceae,Achromobacter,Betaproteobacteria,0.084100001
1376,T1W,3OMG,P1.3,C8, S14 ,R85,Root85,Actinobacteria,Actinobacteria,Actinomycetales,Intrasporangiaceae,#REF!,Actinobacteria,0.0801
1377,T1W,3OMG,P1.3,C9, S15 ,R101,Root101,Actinobacteria,Actinobacteria,Actinomycetales,Intrasporangiaceae,Janibacter,Actinobacteria,0.081500001
1378,T1W,3OMG,P1.3,C10, S16 ,R107,Root107,Actinobacteria,Actinobacteria,Actinomycetales,Streptomycetaceae,#REF!,Actinobacteria,0.082400002
1379,T1W,3OMG,P1.3,C11, S17 ,R112D2,Root112D2,Actinobacteria,Actinobacteria,Actinomycetales,Microbacteriaceae,#REF!,Actinobacteria,0.082999997
1380,T1W,3OMG,P1.3,C12, S18 ,R123D2,Root123D2,Proteobacteria,Alphaproteobacteria,Rhizobiales,Bradyrhizobiaceae,Afipia,Alphaproteobacteria,0.083300002
1381,T1W,Glucose,P1.3,D1, S19 ,R135,Root135,Actinobacteria,Actinobacteria,Actinomycetales,Mycobacteriaceae,Mycobacterium,Actinobacteria,0.111000001
1382,T1W,Glucose,P1.3,D2, S20 ,R136,Root136,Actinobacteria,Actinobacteria,Actinomycetales,Nocardiaceae,Nocardia,Actinobacteria,0.246099994
1383,T1W,Glucose,P1.3,D3, S21 ,R140,Root140,Actinobacteria,Actinobacteria,Actinomycetales,Nocardioidaceae,Nocardioides,Actinobacteria,0.107900001
1384,T1W,Glucose,P1.3,D4, S22 ,R147,Root147,Firmicutes,Bacilli,Bacillales,Bacillaceae,#REF!,Firmicutes,0.143800005
1385,T1W,Glucose,P1.3,D5, S23 ,R149,Root149,Proteobacteria,Alphaproteobacteria,Rhizobiales,Rhizobiaceae,Rhizobium,Alphaproteobacteria,0.221200004
1386,T1W,Glucose,P1.3,D6, S24 ,R157,Root157,Proteobacteria,Alphaproteobacteria,Rhizobiales,Phyllobacteriaceae,Mesorhizobium,Alphaproteobacteria,0.267199993
1387,T1W,3OMG,P1.3,D7, S19 ,R135,Root135,Actinobacteria,Actinobacteria,Actinomycetales,Mycobacteriaceae,Mycobacterium,Actinobacteria,0.098700002
1388,T1W,3OMG,P1.3,D8, S20 ,R136,Root136,Actinobacteria,Actinobacteria,Actinomycetales,Nocardiaceae,Nocardia,Actinobacteria,0.255800009
1389,T1W,3OMG,P1.3,D9, S21 ,R140,Root140,Actinobacteria,Actinobacteria,Actinomycetales,Nocardioidaceae,Nocardioides,Actinobacteria,0.102399997
1390,T1W,3OMG,P1.3,D10,S22,R147,Root147,Firmicutes,Bacilli,Bacillales,Bacillaceae,#REF!,Firmicutes,0.086199999
1391,T1W,3OMG,P1.3,D11,S23,R149,Root149,Proteobacteria,Alphaproteobacteria,Rhizobiales,Rhizobiaceae,Rhizobium,Alphaproteobacteria,0.083800003
1392,T1W,3OMG,P1.3,D12,S24,R157,Root157,Proteobacteria,Alphaproteobacteria,Rhizobiales,Phyllobacteriaceae,Mesorhizobium,Alphaproteobacteria,0.208900005
1393,T1W,Glucose,P1.3,E1,S25,R166,Root166,Actinobacteria,Actinobacteria,Actinomycetales,Microbacteriaceae,Microbacterium,Actinobacteria,0.089000002
1394,T1W,Glucose,P1.3,E2,S26,R170,Root170,Proteobacteria,Betaproteobacteria,Burkholderiales,Alcaligenaceae,Achromobacter,Betaproteobacteria,0.085500002
1395,T1W,Glucose,P1.3,E3,S27,R172,Root172,Proteobacteria,Alphaproteobacteria,Rhizobiales,Phyllobacteriaceae,Mesorhizobium,Alphaproteobacteria,0.131200001
1396,T1W,Glucose,P1.3,E4,S28,R179,Root179,Proteobacteria,Gammaproteobacteria,Xanthomonadales,Xanthomonadaceae,Rhodanobacter,Gammaproteobacteria,0.193700001
1397,T1W,Glucose,P1.3,E5,S29,R186,Root186,Bacteroidetes,Flavobacteriia,Flavobacteriales,Flavobacteriaceae,Flavobacterium,Bacteroidetes,0.086999997
1398,T1W,Glucose,P1.3,E6,S30,R189,Root189,Proteobacteria,Betaproteobacteria,Burkholderiales,Oxalobacteraceae,Herbaspirillum,Betaproteobacteria,0.277399987
1399,T1W,3OMG,P1.3,E7,S25,R166,Root166,Actinobacteria,Actinobacteria,Actinomycetales,Microbacteriaceae,Microbacterium,Actinobacteria,0.085600004
1400,T1W,3OMG,P1.3,E8,S26,R170,Root170,Proteobacteria,Betaproteobacteria,Burkholderiales,Alcaligenaceae,Achromobacter,Betaproteobacteria,0.0823
1401,T1W,3OMG,P1.3,E9,S27,R172,Root172,Proteobacteria,Alphaproteobacteria,Rhizobiales,Phyllobacteriaceae,Mesorhizobium,Alphaproteobacteria,0.086499996
1402,T1W,3OMG,P1.3,E10,S28,R179,Root179,Proteobacteria,Gammaproteobacteria,Xanthomonadales,Xanthomonadaceae,Rhodanobacter,Gammaproteobacteria,0.083899997
1403,T1W,3OMG,P1.3,E11,S29,R186,Root186,Bacteroidetes,Flavobacteriia,Flavobacteriales,Flavobacteriaceae,Flavobacterium,Bacteroidetes,0.080600001
1404,T1W,3OMG,P1.3,E12,S30,R189,Root189,Proteobacteria,Betaproteobacteria,Burkholderiales,Oxalobacteraceae,Herbaspirillum,Betaproteobacteria,0.083400004
1405,T1W,Glucose,P1.3,F1,S31,R190,Root190,Actinobacteria,Actinobacteria,Actinomycetales,Nocardioidaceae,Nocardioides,Actinobacteria,0.217700005
1406,T1W,Glucose,P1.3,F2,S32,R198D2,Root198D2,Proteobacteria,Betaproteobacteria,Burkholderiales,Oxalobacteraceae,#REF!,Betaproteobacteria,0.167099997
1407,T1W,Glucose,P1.3,F3,S33,R209,Root209,Proteobacteria,Betaproteobacteria,Burkholderiales,Comamonadaceae,#REF!,Betaproteobacteria,0.084299996
1408,T1W,Glucose,P1.3,F4,S34,R224,Root224,Actinobacteria,Actinobacteria,Actinomycetales,Nocardioidaceae,Nocardioides,Actinobacteria,0.091399997
1409,T1W,Glucose,P1.3,F5,S35,R227,Root227,Actinobacteria,Actinobacteria,Actinomycetales,Microbacteriaceae,#REF!,Actinobacteria,0.205799997
1410,T1W,Glucose,P1.3,F6,S36,R240,Root240,Actinobacteria,Actinobacteria,Actinomycetales,Nocardioidaceae,Nocardioides,Actinobacteria,0.136099994
1411,T1W,3OMG,P1.3,F7,S31,R190,Root190,Actinobacteria,Actinobacteria,Actinomycetales,Nocardioidaceae,Nocardioides,Actinobacteria,0.094999999
1412,T1W,3OMG,P1.3,F8,S32,R198D2,Root198D2,Proteobacteria,Betaproteobacteria,Burkholderiales,Oxalobacteraceae,#REF!,Betaproteobacteria,0.086400002
1413,T1W,3OMG,P1.3,F9,S33,R209,Root209,Proteobacteria,Betaproteobacteria,Burkholderiales,Comamonadaceae,#REF!,Betaproteobacteria,0.083300002
1414,T1W,3OMG,P1.3,F10,S34,R224,Root224,Actinobacteria,Actinobacteria,Actinomycetales,Nocardioidaceae,Nocardioides,Actinobacteria,0.083400004
1415,T1W,3OMG,P1.3,F11,S35,R227,Root227,Actinobacteria,Actinobacteria,Actinomycetales,Microbacteriaceae,#REF!,Actinobacteria,0.162599996
1416,T1W,3OMG,P1.3,F12,S36,R240,Root240,Actinobacteria,Actinobacteria,Actinomycetales,Nocardioidaceae,Nocardioides,Actinobacteria,0.086900003
1417,T1W,Glucose,P1.3,G1,S37,R241,Root241,Proteobacteria,Alphaproteobacteria,Sphingomonadales,Sphingomonadaceae,Sphingomonas,Alphaproteobacteria,0.084899999
1418,T1W,Glucose,P1.3,G2,S38,R265,Root265,Actinobacteria,Actinobacteria,Actinomycetales,Mycobacteriaceae,Mycobacterium,Actinobacteria,0.323300004
1419,T1W,Glucose,P1.3,G3,S39,R268,Root268,Proteobacteria,Alphaproteobacteria,Rhizobiales,Rhizobiaceae,Rhizobium,Alphaproteobacteria,0.082099997
1420,T1W,Glucose,P1.3,G4,S40,R280D1,Root280D1,Actinobacteria,Actinobacteria,Actinomycetales,Microbacteriaceae,Microbacterium,Actinobacteria,0.085500002
1421,T1W,Glucose,P1.3,G5,S41,R318D1,Root318D1,Proteobacteria,Betaproteobacteria,Burkholderiales,Comamonadaceae,Variovorax,Betaproteobacteria,0.090000004
1422,T1W,Glucose,P1.3,G6,S42,R329,Root329,Proteobacteria,Gammaproteobacteria,Pseudomonadales,Pseudomonadaceae,Pseudomonas,Gammaproteobacteria,0.230700001
1423,T1W,3OMG,P1.3,G7,S37,R241,Root241,Proteobacteria,Alphaproteobacteria,Sphingomonadales,Sphingomonadaceae,Sphingomonas,Alphaproteobacteria,0.082900003
1424,T1W,3OMG,P1.3,G8,S38,R265,Root265,Actinobacteria,Actinobacteria,Actinomycetales,Mycobacteriaceae,Mycobacterium,Actinobacteria,0.084700003
1425,T1W,3OMG,P1.3,G9,S39,R268,Root268,Proteobacteria,Alphaproteobacteria,Rhizobiales,Rhizobiaceae,Rhizobium,Alphaproteobacteria,0.081200004
1426,T1W,3OMG,P1.3,G10,S40,R280D1,Root280D1,Actinobacteria,Actinobacteria,Actinomycetales,Microbacteriaceae,Microbacterium,Actinobacteria,0.084799998
1427,T1W,3OMG,P1.3,G11,S41,R318D1,Root318D1,Proteobacteria,Betaproteobacteria,Burkholderiales,Comamonadaceae,Variovorax,Betaproteobacteria,0.0858
1428,T1W,3OMG,P1.3,G12,S42,R329,Root329,Proteobacteria,Gammaproteobacteria,Pseudomonadales,Pseudomonadaceae,Pseudomonas,Gammaproteobacteria,0.0944
1429,T1W,Glucose,P1.3,H1,S43,R332,Root332,Actinobacteria,Actinobacteria,Actinomycetales,Microbacteriaceae,#REF!,Actinobacteria,0.086900003
1430,T1W,Glucose,P1.3,H2,S44,R336D2,Root336D2,Proteobacteria,Betaproteobacteria,Burkholderiales,Oxalobacteraceae,#REF!,Betaproteobacteria,0.239199996
1431,T1W,Glucose,P1.3,H3,S45,R369,Root369,Actinobacteria,Actinobacteria,Actinomycetales,Streptomycetaceae,Streptomyces,Actinobacteria,0.200800002
1432,T1W,Glucose,P1.3,H4,Water,Water,Water,#N/A,#N/A,#N/A,#N/A,#N/A,#N/A,0.0792
1433,T1W,Glucose,P1.3,H5,Water,Water,Water,#N/A,#N/A,#N/A,#N/A,#N/A,#N/A,0.080200002
1434,T1W,Glucose,P1.3,H6,Water,Water,Water,#N/A,#N/A,#N/A,#N/A,#N/A,#N/A,0.079599999
1435,T1W,3OMG,P1.3,H7,S43,R332,Root332,Actinobacteria,Actinobacteria,Actinomycetales,Microbacteriaceae,#REF!,Actinobacteria,0.0836
1436,T1W,3OMG,P1.3,H8,S44,R336D2,Root336D2,Proteobacteria,Betaproteobacteria,Burkholderiales,Oxalobacteraceae,#REF!,Betaproteobacteria,0.253699988
1437,T1W,3OMG,P1.3,H9,S45,R369,Root369,Actinobacteria,Actinobacteria,Actinomycetales,Streptomycetaceae,Streptomyces,Actinobacteria,0.084600002
1438,T1W,3OMG,P1.3,H10,Water,Water,Water,#N/A,#N/A,#N/A,#N/A,#N/A,#N/A,0.0792
1439,T1W,3OMG,P1.3,H11,Water,Water,Water,#N/A,#N/A,#N/A,#N/A,#N/A,#N/A,0.078699999
1440,T1W,3OMG,P1.3,H12,Water,Water,Water,#N/A,#N/A,#N/A,#N/A,#N/A,#N/A,0.078500003
1441,T1W,Glucose,P2.1,A1,S46,R381,Root381,Proteobacteria,Alphaproteobacteria,Rhizobiales,Bradyrhizobiaceae,Bosea,Alphaproteobacteria,0.081699997
1442,T1W,Glucose,P2.1,A2,S47,R401,Root401,Proteobacteria,Gammaproteobacteria,Pseudomonadales,Pseudomonadaceae,Pseudomonas,Gammaproteobacteria,0.119199999
1443,T1W,Glucose,P2.1,A3,S48,R418,Root418,Proteobacteria,Betaproteobacteria,Burkholderiales,Oxalobacteraceae,Janthinobacterium,Betaproteobacteria,0.084100001
1444,T1W,Glucose,P2.1,A4,S49,R420,Root420,Bacteroidetes,Flavobacteriia,Flavobacteriales,Flavobacteriaceae,Flavobacterium,Bacteroidetes,0.083800003
1445,T1W,Glucose,P2.1,A5,S50,R431,Root431,Actinobacteria,Actinobacteria,Actinomycetales,Streptomycetaceae,Streptomyces,Actinobacteria,0.142800003
1446,T1W,Glucose,P2.1,A6,S51,R436,Root436,Proteobacteria,Alphaproteobacteria,Rhizobiales,Hyphomicrobiaceae,#REF!,Alphaproteobacteria,0.083400004
1447,T1W,3OMG,P2.1,A7,S46,R381,Root381,Proteobacteria,Alphaproteobacteria,Rhizobiales,Bradyrhizobiaceae,Bosea,Alphaproteobacteria,0.081500001
1448,T1W,3OMG,P2.1,A8,S47,R401,Root401,Proteobacteria,Gammaproteobacteria,Pseudomonadales,Pseudomonadaceae,Pseudomonas,Gammaproteobacteria,0.095299996
1449,T1W,3OMG,P2.1,A9,S48,R418,Root418,Proteobacteria,Betaproteobacteria,Burkholderiales,Oxalobacteraceae,Janthinobacterium,Betaproteobacteria,0.085299999
1450,T1W,3OMG,P2.1,A10,S49,R420,Root420,Bacteroidetes,Flavobacteriia,Flavobacteriales,Flavobacteriaceae,Flavobacterium,Bacteroidetes,0.085100003
1451,T1W,3OMG,P2.1,A11,S50,R431,Root431,Actinobacteria,Actinobacteria,Actinomycetales,Streptomycetaceae,Streptomyces,Actinobacteria,0.085100003
1452,T1W,3OMG,P2.1,A12,S51,R436,Root436,Proteobacteria,Alphaproteobacteria,Rhizobiales,Hyphomicrobiaceae,#REF!,Alphaproteobacteria,0.080899999
1453,T1W,Glucose,P2.1,B1,S52,R444D2,Root444D2,Firmicutes,Bacilli,Bacillales,Paenibacillaceae,Paenibacillus,Firmicutes,0.0898
1454,T1W,Glucose,P2.1,B2,S53,R456,Root456,Actinobacteria,Actinobacteria,Actinomycetales,Intrasporangiaceae,#REF!,Actinobacteria,0.084600002
1455,T1W,Glucose,P2.1,B3,S54,R480,Root480,Proteobacteria,Gammaproteobacteria,Xanthomonadales,Xanthomonadaceae,#REF!,Gammaproteobacteria,0.146699995
1456,T1W,Glucose,P2.1,B4,S55,R482,Root482,Proteobacteria,Alphaproteobacteria,Rhizobiales,Rhizobiaceae,Rhizobium,Alphaproteobacteria,0.1087
1457,T1W,Glucose,P2.1,B5,S56,R483D1,Root483D1,Proteobacteria,Alphaproteobacteria,Rhizobiales,Bradyrhizobiaceae,Bosea,Alphaproteobacteria,0.098700002
1458,T1W,Glucose,P2.1,B6,S57,R487D2Y,Root487D2Y,Proteobacteria,Alphaproteobacteria,Caulobacterales,Caulobacteraceae,Caulobacter,Alphaproteobacteria,0.0823
1459,T1W,3OMG,P2.1,B7,S52,R444D2,Root444D2,Firmicutes,Bacilli,Bacillales,Paenibacillaceae,Paenibacillus,Firmicutes,0.0845
1460,T1W,3OMG,P2.1,B8,S53,R456,Root456,Actinobacteria,Actinobacteria,Actinomycetales,Intrasporangiaceae,#REF!,Actinobacteria,0.081799999
1461,T1W,3OMG,P2.1,B9,S54,R480,Root480,Proteobacteria,Gammaproteobacteria,Xanthomonadales,Xanthomonadaceae,#REF!,Gammaproteobacteria,0.083099999
1462,T1W,3OMG,P2.1,B10,S55,R482,Root482,Proteobacteria,Alphaproteobacteria,Rhizobiales,Rhizobiaceae,Rhizobium,Alphaproteobacteria,0.081299998
1463,T1W,3OMG,P2.1,B11,S56,R483D1,Root483D1,Proteobacteria,Alphaproteobacteria,Rhizobiales,Bradyrhizobiaceae,Bosea,Alphaproteobacteria,0.084799998
1464,T1W,3OMG,P2.1,B12,S57,R487D2Y,Root487D2Y,Proteobacteria,Alphaproteobacteria,Caulobacterales,Caulobacteraceae,Caulobacter,Alphaproteobacteria,0.085000001
1465,T1W,Glucose,P2.1,C1,S58,R552,Root552,Proteobacteria,Alphaproteobacteria,Rhizobiales,Phyllobacteriaceae,Mesorhizobium,Alphaproteobacteria,0.177699998
1466,T1W,Glucose,P2.1,C2,S59,R558,Root558,Proteobacteria,Alphaproteobacteria,Rhizobiales,Rhizobiaceae,Sinorhizobium,Alphaproteobacteria,0.350100011
1467,T1W,Glucose,P2.1,C3,S60,R562,Root562,Proteobacteria,Gammaproteobacteria,Pseudomonadales,Pseudomonadaceae,Pseudomonas,Gammaproteobacteria,0.161500007
1468,T1W,Glucose,P2.1,C4,S61,R564,Root564,Proteobacteria,Alphaproteobacteria,Rhizobiales,Rhizobiaceae,Agrobacterium,Alphaproteobacteria,0.197999999
1469,T1W,Glucose,P2.1,C5,S62,R565,Root565,Proteobacteria,Betaproteobacteria,Burkholderiales,Alcaligenaceae,Achromobacter,Betaproteobacteria,0.083300002
1470,T1W,Glucose,P2.1,C6,S63,R568,Root568,Proteobacteria,Betaproteobacteria,Burkholderiales,Comamonadaceae,#REF!,Betaproteobacteria,0.126499996
1471,T1W,3OMG,P2.1,C7,S58,R552,Root552,Proteobacteria,Alphaproteobacteria,Rhizobiales,Phyllobacteriaceae,Mesorhizobium,Alphaproteobacteria,0.086999997
1472,T1W,3OMG,P2.1,C8,S59,R558,Root558,Proteobacteria,Alphaproteobacteria,Rhizobiales,Rhizobiaceae,Sinorhizobium,Alphaproteobacteria,0.083800003
1473,T1W,3OMG,P2.1,C9,S60,R562,Root562,Proteobacteria,Gammaproteobacteria,Pseudomonadales,Pseudomonadaceae,Pseudomonas,Gammaproteobacteria,0.093400002
1474,T1W,3OMG,P2.1,C10,S61,R564,Root564,Proteobacteria,Alphaproteobacteria,Rhizobiales,Rhizobiaceae,Agrobacterium,Alphaproteobacteria,0.090899996
1475,T1W,3OMG,P2.1,C11,S62,R565,Root565,Proteobacteria,Betaproteobacteria,Burkholderiales,Alcaligenaceae,Achromobacter,Betaproteobacteria,0.086099997
1476,T1W,3OMG,P2.1,C12,S63,R568,Root568,Proteobacteria,Betaproteobacteria,Burkholderiales,Comamonadaceae,#REF!,Betaproteobacteria,0.084399998
1477,T1W,Glucose,P2.1,D1,S64,R569,Root569,Proteobacteria,Gammaproteobacteria,Pseudomonadales,Pseudomonadaceae,Pseudomonas,Gammaproteobacteria,0.156499997
1478,T1W,Glucose,P2.1,D2,S65,R604,Root604,Proteobacteria,Gammaproteobacteria,Xanthomonadales,Xanthomonadaceae,#REF!,Gammaproteobacteria,0.352299988
1479,T1W,Glucose,P2.1,D3,S66,R608,Root608,Proteobacteria,Alphaproteobacteria,Caulobacterales,Caulobacteraceae,Brevundimonas,Alphaproteobacteria,0.090000004
1480,T1W,Glucose,P2.1,D4,S67,R635,Root635,Proteobacteria,Alphaproteobacteria,Rhizobiales,Hyphomicrobiaceae,#REF!,Alphaproteobacteria,0.083700001
1481,T1W,Glucose,P2.1,D5,S68,R651,Root651,Proteobacteria,Alphaproteobacteria,Rhizobiales,Rhizobiaceae,Agrobacterium,Alphaproteobacteria,0.210099995
1482,T1W,Glucose,P2.1,D6,S69,R670,Root670,Proteobacteria,Alphaproteobacteria,Rhizobiales,Bradyrhizobiaceae,Bosea,Alphaproteobacteria,0.081500001
1483,T1W,3OMG,P2.1,D7,S64,R569,Root569,Proteobacteria,Gammaproteobacteria,Pseudomonadales,Pseudomonadaceae,Pseudomonas,Gammaproteobacteria,0.081200004
1484,T1W,3OMG,P2.1,D8,S65,R604,Root604,Proteobacteria,Gammaproteobacteria,Xanthomonadales,Xanthomonadaceae,#REF!,Gammaproteobacteria,0.080899999
1485,T1W,3OMG,P2.1,D9,S66,R608,Root608,Proteobacteria,Alphaproteobacteria,Caulobacterales,Caulobacteraceae,Brevundimonas,Alphaproteobacteria,0.082699999
1486,T1W,3OMG,P2.1,D10,S67,R635,Root635,Proteobacteria,Alphaproteobacteria,Rhizobiales,Hyphomicrobiaceae,#REF!,Alphaproteobacteria,0.085500002
1487,T1W,3OMG,P2.1,D11,S68,R651,Root651,Proteobacteria,Alphaproteobacteria,Rhizobiales,Rhizobiaceae,Agrobacterium,Alphaproteobacteria,0.095399998
1488,T1W,3OMG,P2.1,D12,S69,R670,Root670,Proteobacteria,Alphaproteobacteria,Rhizobiales,Bradyrhizobiaceae,Bosea,Alphaproteobacteria,0.080799997
1489,T1W,Glucose,P2.1,E1,S70,R672,Root672,Proteobacteria,Alphaproteobacteria,Sphingomonadales,Sphingomonadaceae,Novosphingobium,Alphaproteobacteria,0.086400002
1490,T1W,Glucose,P2.1,E2,S71,R682,Root682,Actinobacteria,Actinobacteria,Actinomycetales,Nocardioidaceae,#REF!,Actinobacteria,0.082599998
1491,T1W,Glucose,P2.1,E3,S72,R685,Root685,Proteobacteria,Alphaproteobacteria,Rhizobiales,Hyphomicrobiaceae,#REF!,Alphaproteobacteria,0.085900001
1492,T1W,Glucose,P2.1,E4,S73,R695,Root695,Proteobacteria,Alphaproteobacteria,Rhizobiales,Phyllobacteriaceae,Mesorhizobium,Alphaproteobacteria,0.090899996
1493,T1W,Glucose,P2.1,E5,S74,R700,Root700,Proteobacteria,Alphaproteobacteria,Caulobacterales,Caulobacteraceae,#REF!,Alphaproteobacteria,0.112000003
1494,T1W,Glucose,P2.1,E6,S75,R708,Root708,Proteobacteria,Alphaproteobacteria,Rhizobiales,Rhizobiaceae,Rhizobium,Alphaproteobacteria,0.196999997
1495,T1W,3OMG,P2.1,E7,S70,R672,Root672,Proteobacteria,Alphaproteobacteria,Sphingomonadales,Sphingomonadaceae,Novosphingobium,Alphaproteobacteria,0.085000001
1496,T1W,3OMG,P2.1,E8,S71,R682,Root682,Actinobacteria,Actinobacteria,Actinomycetales,Nocardioidaceae,#REF!,Actinobacteria,0.086800002
1497,T1W,3OMG,P2.1,E9,S72,R685,Root685,Proteobacteria,Alphaproteobacteria,Rhizobiales,Hyphomicrobiaceae,#REF!,Alphaproteobacteria,0.0845
1498,T1W,3OMG,P2.1,E10,S73,R695,Root695,Proteobacteria,Alphaproteobacteria,Rhizobiales,Phyllobacteriaceae,Mesorhizobium,Alphaproteobacteria,0.085299999
1499,T1W,3OMG,P2.1,E11,S74,R700,Root700,Proteobacteria,Alphaproteobacteria,Caulobacterales,Caulobacteraceae,#REF!,Alphaproteobacteria,0.084200002
1500,T1W,3OMG,P2.1,E12,S75,R708,Root708,Proteobacteria,Alphaproteobacteria,Rhizobiales,Rhizobiaceae,Rhizobium,Alphaproteobacteria,0.094800003
1501,T1W,Glucose,P2.1,F1,S76,R901,Root901,Bacteroidetes,Flavobacteriia,Flavobacteriales,Flavobacteriaceae,Flavobacterium,Bacteroidetes,0.079099998
1502,T1W,Glucose,P2.1,F2,S77,R918,Root918,Actinobacteria,Actinobacteria,Actinomycetales,Promicromonosporaceae,#REF!,Actinobacteria,0.183699995
1503,T1W,Glucose,P2.1,F3,S78,R930,Root930,Actinobacteria,Actinobacteria,Actinomycetales,Cellulomonadaceae,#REF!,Actinobacteria,0.106200002
1504,T1W,Glucose,P2.1,F4,S79,R935,Root935,Bacteroidetes,Flavobacteriia,Flavobacteriales,Flavobacteriaceae,Flavobacterium,Bacteroidetes,0.0845
1505,T1W,Glucose,P2.1,F5,S80,R1203,Root1203,Proteobacteria,Alphaproteobacteria,Rhizobiales,Rhizobiaceae,Rhizobium,Alphaproteobacteria,0.157800004
1506,T1W,Glucose,P2.1,F6,S81,R1212,Root1212,Proteobacteria,Alphaproteobacteria,Rhizobiales,Rhizobiaceae,Rhizobium,Alphaproteobacteria,0.099299997
1507,T1W,3OMG,P2.1,F7,S76,R901,Root901,Bacteroidetes,Flavobacteriia,Flavobacteriales,Flavobacteriaceae,Flavobacterium,Bacteroidetes,0.079300001
1508,T1W,3OMG,P2.1,F8,S77,R918,Root918,Actinobacteria,Actinobacteria,Actinomycetales,Promicromonosporaceae,#REF!,Actinobacteria,0.086499996
1509,T1W,3OMG,P2.1,F9,S78,R930,Root930,Actinobacteria,Actinobacteria,Actinomycetales,Cellulomonadaceae,#REF!,Actinobacteria,0.084100001
1510,T1W,3OMG,P2.1,F10,S79,R935,Root935,Bacteroidetes,Flavobacteriia,Flavobacteriales,Flavobacteriaceae,Flavobacterium,Bacteroidetes,0.086800002
1511,T1W,3OMG,P2.1,F11,S80,R1203,Root1203,Proteobacteria,Alphaproteobacteria,Rhizobiales,Rhizobiaceae,Rhizobium,Alphaproteobacteria,0.083400004
1512,T1W,3OMG,P2.1,F12,S81,R1212,Root1212,Proteobacteria,Alphaproteobacteria,Rhizobiales,Rhizobiaceae,Rhizobium,Alphaproteobacteria,0.082199998
1513,T1W,Glucose,P2.1,G1,S82,R1220,Root1220,Proteobacteria,Alphaproteobacteria,Rhizobiales,Rhizobiaceae,Rhizobium,Alphaproteobacteria,0.089000002
1514,T1W,Glucose,P2.1,G2,S83,R1240,Root1240,Proteobacteria,Alphaproteobacteria,Rhizobiales,Rhizobiaceae,Agrobacterium,Alphaproteobacteria,0.144299999
1515,T1W,Glucose,P2.1,G3,S84,R1252,Root1252,Proteobacteria,Alphaproteobacteria,Rhizobiales,Rhizobiaceae,Sinorhizobium,Alphaproteobacteria,0.275999993
1516,T1W,Glucose,P2.1,G4,S85,R1280,Root1280,Proteobacteria,Gammaproteobacteria,Pseudomonadales,Moraxellaceae,Acinetobacter,Gammaproteobacteria,0.0955
1517,T1W,Glucose,P2.1,G5,S86,R1294,Root1294,Proteobacteria,Alphaproteobacteria,Sphingomonadales,Sphingomonadaceae,Sphingomonas,Alphaproteobacteria,0.081299998
1518,T1W,Glucose,P2.1,G6,S87,R1295,Root1295,Actinobacteria,Actinobacteria,Actinomycetales,Streptomycetaceae,Streptomyces,Actinobacteria,0.141299993
1519,T1W,3OMG,P2.1,G7,S82,R1220,Root1220,Proteobacteria,Alphaproteobacteria,Rhizobiales,Rhizobiaceae,Rhizobium,Alphaproteobacteria,0.0867
1520,T1W,3OMG,P2.1,G8,S83,R1240,Root1240,Proteobacteria,Alphaproteobacteria,Rhizobiales,Rhizobiaceae,Agrobacterium,Alphaproteobacteria,0.096100003
1521,T1W,3OMG,P2.1,G9,S84,R1252,Root1252,Proteobacteria,Alphaproteobacteria,Rhizobiales,Rhizobiaceae,Sinorhizobium,Alphaproteobacteria,0.202900007
1522,T1W,3OMG,P2.1,G10,S85,R1280,Root1280,Proteobacteria,Gammaproteobacteria,Pseudomonadales,Moraxellaceae,Acinetobacter,Gammaproteobacteria,0.097999997
1523,T1W,3OMG,P2.1,G11,S86,R1294,Root1294,Proteobacteria,Alphaproteobacteria,Sphingomonadales,Sphingomonadaceae,Sphingomonas,Alphaproteobacteria,0.080700003
1524,T1W,3OMG,P2.1,G12,S87,R1295,Root1295,Actinobacteria,Actinobacteria,Actinomycetales,Streptomycetaceae,Streptomyces,Actinobacteria,0.083099999
1525,T1W,Glucose,P2.1,H1,S88,R1310,Root1310,Actinobacteria,Actinobacteria,Actinomycetales,Streptomycetaceae,Streptomyces,Actinobacteria,0.1558
1526,T1W,Glucose,P2.1,H2,S89,R1464,Root1464,Actinobacteria,Actinobacteria,Actinomycetales,Microbacteriaceae,Agromyces,Actinobacteria,0.100599997
1527,T1W,Glucose,P2.1,H3,S90,R1497,Root1497,Proteobacteria,Alphaproteobacteria,Sphingomonadales,Sphingomonadaceae,Sphingopyxis,Alphaproteobacteria,0.268400013
1528,T1W,Glucose,P2.1,H4,Water,Water,Water,#N/A,#N/A,#N/A,#N/A,#N/A,#N/A,0.079400003
1529,T1W,Glucose,P2.1,H5,Water,Water,Water,#N/A,#N/A,#N/A,#N/A,#N/A,#N/A,0.0814
1530,T1W,Glucose,P2.1,H6,Water,Water,Water,#N/A,#N/A,#N/A,#N/A,#N/A,#N/A,0.079599999
1531,T1W,3OMG,P2.1,H7,S88,R1310,Root1310,Actinobacteria,Actinobacteria,Actinomycetales,Streptomycetaceae,Streptomyces,Actinobacteria,0.0832
1532,T1W,3OMG,P2.1,H8,S89,R1464,Root1464,Actinobacteria,Actinobacteria,Actinomycetales,Microbacteriaceae,Agromyces,Actinobacteria,0.086000003
1533,T1W,3OMG,P2.1,H9,S90,R1497,Root1497,Proteobacteria,Alphaproteobacteria,Sphingomonadales,Sphingomonadaceae,Sphingopyxis,Alphaproteobacteria,0.0845
1534,T1W,3OMG,P2.1,H10,Water,Water,Water,#N/A,#N/A,#N/A,#N/A,#N/A,#N/A,0.079999998
1535,T1W,3OMG,P2.1,H11,Water,Water,Water,#N/A,#N/A,#N/A,#N/A,#N/A,#N/A,0.079599999
1536,T1W,3OMG,P2.1,H12,Water,Water,Water,#N/A,#N/A,#N/A,#N/A,#N/A,#N/A,0.079300001
1537,T1W,Glucose,P2.2,A1,S46,R381,Root381,Proteobacteria,Alphaproteobacteria,Rhizobiales,Bradyrhizobiaceae,Bosea,Alphaproteobacteria,0.0889
1538,T1W,Glucose,P2.2,A2,S47,R401,Root401,Proteobacteria,Gammaproteobacteria,Pseudomonadales,Pseudomonadaceae,Pseudomonas,Gammaproteobacteria,0.119199999
1539,T1W,Glucose,P2.2,A3,S48,R418,Root418,Proteobacteria,Betaproteobacteria,Burkholderiales,Oxalobacteraceae,Janthinobacterium,Betaproteobacteria,0.084200002
1540,T1W,Glucose,P2.2,A4,S49,R420,Root420,Bacteroidetes,Flavobacteriia,Flavobacteriales,Flavobacteriaceae,Flavobacterium,Bacteroidetes,0.085500002
1541,T1W,Glucose,P2.2,A5,S50,R431,Root431,Actinobacteria,Actinobacteria,Actinomycetales,Streptomycetaceae,Streptomyces,Actinobacteria,0.146500006
1542,T1W,Glucose,P2.2,A6,S51,R436,Root436,Proteobacteria,Alphaproteobacteria,Rhizobiales,Hyphomicrobiaceae,#REF!,Alphaproteobacteria,0.094899997
1543,T1W,3OMG,P2.2,A7,S46,R381,Root381,Proteobacteria,Alphaproteobacteria,Rhizobiales,Bradyrhizobiaceae,Bosea,Alphaproteobacteria,0.084299996
1544,T1W,3OMG,P2.2,A8,S47,R401,Root401,Proteobacteria,Gammaproteobacteria,Pseudomonadales,Pseudomonadaceae,Pseudomonas,Gammaproteobacteria,0.096299998
1545,T1W,3OMG,P2.2,A9,S48,R418,Root418,Proteobacteria,Betaproteobacteria,Burkholderiales,Oxalobacteraceae,Janthinobacterium,Betaproteobacteria,0.089900002
1546,T1W,3OMG,P2.2,A10,S49,R420,Root420,Bacteroidetes,Flavobacteriia,Flavobacteriales,Flavobacteriaceae,Flavobacterium,Bacteroidetes,0.088500001
1547,T1W,3OMG,P2.2,A11,S50,R431,Root431,Actinobacteria,Actinobacteria,Actinomycetales,Streptomycetaceae,Streptomyces,Actinobacteria,0.084200002
1548,T1W,3OMG,P2.2,A12,S51,R436,Root436,Proteobacteria,Alphaproteobacteria,Rhizobiales,Hyphomicrobiaceae,#REF!,Alphaproteobacteria,0.081799999
1549,T1W,Glucose,P2.2,B1,S52,R444D2,Root444D2,Firmicutes,Bacilli,Bacillales,Paenibacillaceae,Paenibacillus,Firmicutes,0.088399999
1550,T1W,Glucose,P2.2,B2,S53,R456,Root456,Actinobacteria,Actinobacteria,Actinomycetales,Intrasporangiaceae,#REF!,Actinobacteria,0.090000004
1551,T1W,Glucose,P2.2,B3,S54,R480,Root480,Proteobacteria,Gammaproteobacteria,Xanthomonadales,Xanthomonadaceae,#REF!,Gammaproteobacteria,0.150700003
1552,T1W,Glucose,P2.2,B4,S55,R482,Root482,Proteobacteria,Alphaproteobacteria,Rhizobiales,Rhizobiaceae,Rhizobium,Alphaproteobacteria,0.119199999
1553,T1W,Glucose,P2.2,B5,S56,R483D1,Root483D1,Proteobacteria,Alphaproteobacteria,Rhizobiales,Bradyrhizobiaceae,Bosea,Alphaproteobacteria,0.103600003
1554,T1W,Glucose,P2.2,B6,S57,R487D2Y,Root487D2Y,Proteobacteria,Alphaproteobacteria,Caulobacterales,Caulobacteraceae,Caulobacter,Alphaproteobacteria,0.087499999
1555,T1W,3OMG,P2.2,B7,S52,R444D2,Root444D2,Firmicutes,Bacilli,Bacillales,Paenibacillaceae,Paenibacillus,Firmicutes,0.090000004
1556,T1W,3OMG,P2.2,B8,S53,R456,Root456,Actinobacteria,Actinobacteria,Actinomycetales,Intrasporangiaceae,#REF!,Actinobacteria,0.088200003
1557,T1W,3OMG,P2.2,B9,S54,R480,Root480,Proteobacteria,Gammaproteobacteria,Xanthomonadales,Xanthomonadaceae,#REF!,Gammaproteobacteria,0.090300001
1558,T1W,3OMG,P2.2,B10,S55,R482,Root482,Proteobacteria,Alphaproteobacteria,Rhizobiales,Rhizobiaceae,Rhizobium,Alphaproteobacteria,0.090099998
1559,T1W,3OMG,P2.2,B11,S56,R483D1,Root483D1,Proteobacteria,Alphaproteobacteria,Rhizobiales,Bradyrhizobiaceae,Bosea,Alphaproteobacteria,0.090400003
1560,T1W,3OMG,P2.2,B12,S57,R487D2Y,Root487D2Y,Proteobacteria,Alphaproteobacteria,Caulobacterales,Caulobacteraceae,Caulobacter,Alphaproteobacteria,0.084700003
1561,T1W,Glucose,P2.2,C1,S58,R552,Root552,Proteobacteria,Alphaproteobacteria,Rhizobiales,Phyllobacteriaceae,Mesorhizobium,Alphaproteobacteria,0.173199996
1562,T1W,Glucose,P2.2,C2,S59,R558,Root558,Proteobacteria,Alphaproteobacteria,Rhizobiales,Rhizobiaceae,Sinorhizobium,Alphaproteobacteria,0.345699996
1563,T1W,Glucose,P2.2,C3,S60,R562,Root562,Proteobacteria,Gammaproteobacteria,Pseudomonadales,Pseudomonadaceae,Pseudomonas,Gammaproteobacteria,0.167300001
1564,T1W,Glucose,P2.2,C4,S61,R564,Root564,Proteobacteria,Alphaproteobacteria,Rhizobiales,Rhizobiaceae,Agrobacterium,Alphaproteobacteria,0.191300005
1565,T1W,Glucose,P2.2,C5,S62,R565,Root565,Proteobacteria,Betaproteobacteria,Burkholderiales,Alcaligenaceae,Achromobacter,Betaproteobacteria,0.089400001
1566,T1W,Glucose,P2.2,C6,S63,R568,Root568,Proteobacteria,Betaproteobacteria,Burkholderiales,Comamonadaceae,#REF!,Betaproteobacteria,0.131999999
1567,T1W,3OMG,P2.2,C7,S58,R552,Root552,Proteobacteria,Alphaproteobacteria,Rhizobiales,Phyllobacteriaceae,Mesorhizobium,Alphaproteobacteria,0.092900001
1568,T1W,3OMG,P2.2,C8,S59,R558,Root558,Proteobacteria,Alphaproteobacteria,Rhizobiales,Rhizobiaceae,Sinorhizobium,Alphaproteobacteria,0.092799999
1569,T1W,3OMG,P2.2,C9,S60,R562,Root562,Proteobacteria,Gammaproteobacteria,Pseudomonadales,Pseudomonadaceae,Pseudomonas,Gammaproteobacteria,0.102799997
1570,T1W,3OMG,P2.2,C10,S61,R564,Root564,Proteobacteria,Alphaproteobacteria,Rhizobiales,Rhizobiaceae,Agrobacterium,Alphaproteobacteria,0.099200003
1571,T1W,3OMG,P2.2,C11,S62,R565,Root565,Proteobacteria,Betaproteobacteria,Burkholderiales,Alcaligenaceae,Achromobacter,Betaproteobacteria,0.094300002
1572,T1W,3OMG,P2.2,C12,S63,R568,Root568,Proteobacteria,Betaproteobacteria,Burkholderiales,Comamonadaceae,#REF!,Betaproteobacteria,0.086499996
1573,T1W,Glucose,P2.2,D1,S64,R569,Root569,Proteobacteria,Gammaproteobacteria,Pseudomonadales,Pseudomonadaceae,Pseudomonas,Gammaproteobacteria,0.165399998
1574,T1W,Glucose,P2.2,D2,S65,R604,Root604,Proteobacteria,Gammaproteobacteria,Xanthomonadales,Xanthomonadaceae,#REF!,Gammaproteobacteria,0.096100003
1575,T1W,Glucose,P2.2,D3,S66,R608,Root608,Proteobacteria,Alphaproteobacteria,Caulobacterales,Caulobacteraceae,Brevundimonas,Alphaproteobacteria,0.096299998
1576,T1W,Glucose,P2.2,D4,S67,R635,Root635,Proteobacteria,Alphaproteobacteria,Rhizobiales,Hyphomicrobiaceae,#REF!,Alphaproteobacteria,0.096100003
1577,T1W,Glucose,P2.2,D5,S68,R651,Root651,Proteobacteria,Alphaproteobacteria,Rhizobiales,Rhizobiaceae,Agrobacterium,Alphaproteobacteria,0.212300003
1578,T1W,Glucose,P2.2,D6,S69,R670,Root670,Proteobacteria,Alphaproteobacteria,Rhizobiales,Bradyrhizobiaceae,Bosea,Alphaproteobacteria,0.088100001
1579,T1W,3OMG,P2.2,D7,S64,R569,Root569,Proteobacteria,Gammaproteobacteria,Pseudomonadales,Pseudomonadaceae,Pseudomonas,Gammaproteobacteria,0.088399999
1580,T1W,3OMG,P2.2,D8,S65,R604,Root604,Proteobacteria,Gammaproteobacteria,Xanthomonadales,Xanthomonadaceae,#REF!,Gammaproteobacteria,0.090599999
1581,T1W,3OMG,P2.2,D9,S66,R608,Root608,Proteobacteria,Alphaproteobacteria,Caulobacterales,Caulobacteraceae,Brevundimonas,Alphaproteobacteria,0.094599999
1582,T1W,3OMG,P2.2,D10,S67,R635,Root635,Proteobacteria,Alphaproteobacteria,Rhizobiales,Hyphomicrobiaceae,#REF!,Alphaproteobacteria,0.101999998
1583,T1W,3OMG,P2.2,D11,S68,R651,Root651,Proteobacteria,Alphaproteobacteria,Rhizobiales,Rhizobiaceae,Agrobacterium,Alphaproteobacteria,0.105899997
1584,T1W,3OMG,P2.2,D12,S69,R670,Root670,Proteobacteria,Alphaproteobacteria,Rhizobiales,Bradyrhizobiaceae,Bosea,Alphaproteobacteria,0.0858
1585,T1W,Glucose,P2.2,E1,S70,R672,Root672,Proteobacteria,Alphaproteobacteria,Sphingomonadales,Sphingomonadaceae,Novosphingobium,Alphaproteobacteria,0.095600002
1586,T1W,Glucose,P2.2,E2,S71,R682,Root682,Actinobacteria,Actinobacteria,Actinomycetales,Nocardioidaceae,#REF!,Actinobacteria,0.098800004
1587,T1W,Glucose,P2.2,E3,S72,R685,Root685,Proteobacteria,Alphaproteobacteria,Rhizobiales,Hyphomicrobiaceae,#REF!,Alphaproteobacteria,0.102799997
1588,T1W,Glucose,P2.2,E4,S73,R695,Root695,Proteobacteria,Alphaproteobacteria,Rhizobiales,Phyllobacteriaceae,Mesorhizobium,Alphaproteobacteria,0.103
1589,T1W,Glucose,P2.2,E5,S74,R700,Root700,Proteobacteria,Alphaproteobacteria,Caulobacterales,Caulobacteraceae,#REF!,Alphaproteobacteria,0.125100002
1590,T1W,Glucose,P2.2,E6,S75,R708,Root708,Proteobacteria,Alphaproteobacteria,Rhizobiales,Rhizobiaceae,Rhizobium,Alphaproteobacteria,0.202999994
1591,T1W,3OMG,P2.2,E7,S70,R672,Root672,Proteobacteria,Alphaproteobacteria,Sphingomonadales,Sphingomonadaceae,Novosphingobium,Alphaproteobacteria,0.094099998
1592,T1W,3OMG,P2.2,E8,S71,R682,Root682,Actinobacteria,Actinobacteria,Actinomycetales,Nocardioidaceae,#REF!,Actinobacteria,0.097000003
1593,T1W,3OMG,P2.2,E9,S72,R685,Root685,Proteobacteria,Alphaproteobacteria,Rhizobiales,Hyphomicrobiaceae,#REF!,Alphaproteobacteria,0.1021
1594,T1W,3OMG,P2.2,E10,S73,R695,Root695,Proteobacteria,Alphaproteobacteria,Rhizobiales,Phyllobacteriaceae,Mesorhizobium,Alphaproteobacteria,0.114100002
1595,T1W,3OMG,P2.2,E11,S74,R700,Root700,Proteobacteria,Alphaproteobacteria,Caulobacterales,Caulobacteraceae,#REF!,Alphaproteobacteria,0.1074
1596,T1W,3OMG,P2.2,E12,S75,R708,Root708,Proteobacteria,Alphaproteobacteria,Rhizobiales,Rhizobiaceae,Rhizobium,Alphaproteobacteria,0.091200002
1597,T1W,Glucose,P2.2,F1,S76,R901,Root901,Bacteroidetes,Flavobacteriia,Flavobacteriales,Flavobacteriaceae,Flavobacterium,Bacteroidetes,0.084700003
1598,T1W,Glucose,P2.2,F2,S77,R918,Root918,Actinobacteria,Actinobacteria,Actinomycetales,Promicromonosporaceae,#REF!,Actinobacteria,0.202600002
1599,T1W,Glucose,P2.2,F3,S78,R930,Root930,Actinobacteria,Actinobacteria,Actinomycetales,Cellulomonadaceae,#REF!,Actinobacteria,0.1294
1600,T1W,Glucose,P2.2,F4,S79,R935,Root935,Bacteroidetes,Flavobacteriia,Flavobacteriales,Flavobacteriaceae,Flavobacterium,Bacteroidetes,0.108000003
1601,T1W,Glucose,P2.2,F5,S80,R1203,Root1203,Proteobacteria,Alphaproteobacteria,Rhizobiales,Rhizobiaceae,Rhizobium,Alphaproteobacteria,0.163000003
1602,T1W,Glucose,P2.2,F6,S81,R1212,Root1212,Proteobacteria,Alphaproteobacteria,Rhizobiales,Rhizobiaceae,Rhizobium,Alphaproteobacteria,0.109700002
1603,T1W,3OMG,P2.2,F7,S76,R901,Root901,Bacteroidetes,Flavobacteriia,Flavobacteriales,Flavobacteriaceae,Flavobacterium,Bacteroidetes,0.086400002
1604,T1W,3OMG,P2.2,F8,S77,R918,Root918,Actinobacteria,Actinobacteria,Actinomycetales,Promicromonosporaceae,#REF!,Actinobacteria,0.0977
1605,T1W,3OMG,P2.2,F9,S78,R930,Root930,Actinobacteria,Actinobacteria,Actinomycetales,Cellulomonadaceae,#REF!,Actinobacteria,0.100599997
1606,T1W,3OMG,P2.2,F10,S79,R935,Root935,Bacteroidetes,Flavobacteriia,Flavobacteriales,Flavobacteriaceae,Flavobacterium,Bacteroidetes,0.105899997
1607,T1W,3OMG,P2.2,F11,S80,R1203,Root1203,Proteobacteria,Alphaproteobacteria,Rhizobiales,Rhizobiaceae,Rhizobium,Alphaproteobacteria,0.103600003
1608,T1W,3OMG,P2.2,F12,S81,R1212,Root1212,Proteobacteria,Alphaproteobacteria,Rhizobiales,Rhizobiaceae,Rhizobium,Alphaproteobacteria,0.088500001
1609,T1W,Glucose,P2.2,G1,S82,R1220,Root1220,Proteobacteria,Alphaproteobacteria,Rhizobiales,Rhizobiaceae,Rhizobium,Alphaproteobacteria,0.097199999
1610,T1W,Glucose,P2.2,G2,S83,R1240,Root1240,Proteobacteria,Alphaproteobacteria,Rhizobiales,Rhizobiaceae,Agrobacterium,Alphaproteobacteria,0.160300002
1611,T1W,Glucose,P2.2,G3,S84,R1252,Root1252,Proteobacteria,Alphaproteobacteria,Rhizobiales,Rhizobiaceae,Sinorhizobium,Alphaproteobacteria,0.306899995
1612,T1W,Glucose,P2.2,G4,S85,R1280,Root1280,Proteobacteria,Gammaproteobacteria,Pseudomonadales,Moraxellaceae,Acinetobacter,Gammaproteobacteria,0.105700001
1613,T1W,Glucose,P2.2,G5,S86,R1294,Root1294,Proteobacteria,Alphaproteobacteria,Sphingomonadales,Sphingomonadaceae,Sphingomonas,Alphaproteobacteria,0.097000003
1614,T1W,Glucose,P2.2,G6,S87,R1295,Root1295,Actinobacteria,Actinobacteria,Actinomycetales,Streptomycetaceae,Streptomyces,Actinobacteria,0.155699998
1615,T1W,3OMG,P2.2,G7,S82,R1220,Root1220,Proteobacteria,Alphaproteobacteria,Rhizobiales,Rhizobiaceae,Rhizobium,Alphaproteobacteria,0.095600002
1616,T1W,3OMG,P2.2,G8,S83,R1240,Root1240,Proteobacteria,Alphaproteobacteria,Rhizobiales,Rhizobiaceae,Agrobacterium,Alphaproteobacteria,0.1105
1617,T1W,3OMG,P2.2,G9,S84,R1252,Root1252,Proteobacteria,Alphaproteobacteria,Rhizobiales,Rhizobiaceae,Sinorhizobium,Alphaproteobacteria,0.236699998
1618,T1W,3OMG,P2.2,G10,S85,R1280,Root1280,Proteobacteria,Gammaproteobacteria,Pseudomonadales,Moraxellaceae,Acinetobacter,Gammaproteobacteria,0.117799997
1619,T1W,3OMG,P2.2,G11,S86,R1294,Root1294,Proteobacteria,Alphaproteobacteria,Sphingomonadales,Sphingomonadaceae,Sphingomonas,Alphaproteobacteria,0.0955
1620,T1W,3OMG,P2.2,G12,S87,R1295,Root1295,Actinobacteria,Actinobacteria,Actinomycetales,Streptomycetaceae,Streptomyces,Actinobacteria,0.0858
1621,T1W,Glucose,P2.2,H1,S88,R1310,Root1310,Actinobacteria,Actinobacteria,Actinomycetales,Streptomycetaceae,Streptomyces,Actinobacteria,0.165199995
1622,T1W,Glucose,P2.2,H2,S89,R1464,Root1464,Actinobacteria,Actinobacteria,Actinomycetales,Microbacteriaceae,Agromyces,Actinobacteria,0.103100002
1623,T1W,Glucose,P2.2,H3,S90,R1497,Root1497,Proteobacteria,Alphaproteobacteria,Sphingomonadales,Sphingomonadaceae,Sphingopyxis,Alphaproteobacteria,0.270300001
1624,T1W,Glucose,P2.2,H4,Water,Water,Water,#N/A,#N/A,#N/A,#N/A,#N/A,#N/A,0.079300001
1625,T1W,Glucose,P2.2,H5,Water,Water,Water,#N/A,#N/A,#N/A,#N/A,#N/A,#N/A,0.082800001
1626,T1W,Glucose,P2.2,H6,Water,Water,Water,#N/A,#N/A,#N/A,#N/A,#N/A,#N/A,0.082800001
1627,T1W,3OMG,P2.2,H7,S88,R1310,Root1310,Actinobacteria,Actinobacteria,Actinomycetales,Streptomycetaceae,Streptomyces,Actinobacteria,0.086400002
1628,T1W,3OMG,P2.2,H8,S89,R1464,Root1464,Actinobacteria,Actinobacteria,Actinomycetales,Microbacteriaceae,Agromyces,Actinobacteria,0.085900001
1629,T1W,3OMG,P2.2,H9,S90,R1497,Root1497,Proteobacteria,Alphaproteobacteria,Sphingomonadales,Sphingomonadaceae,Sphingopyxis,Alphaproteobacteria,0.084299996
1630,T1W,3OMG,P2.2,H10,Water,Water,Water,#N/A,#N/A,#N/A,#N/A,#N/A,#N/A,0.079300001
1631,T1W,3OMG,P2.2,H11,Water,Water,Water,#N/A,#N/A,#N/A,#N/A,#N/A,#N/A,0.079000004
1632,T1W,3OMG,P2.2,H12,Water,Water,Water,#N/A,#N/A,#N/A,#N/A,#N/A,#N/A,0.079000004
1633,T1W,Glucose,P2.3,A1,S46,R381,Root381,Proteobacteria,Alphaproteobacteria,Rhizobiales,Bradyrhizobiaceae,Bosea,Alphaproteobacteria,0.085699998
1634,T1W,Glucose,P2.3,A2,S47,R401,Root401,Proteobacteria,Gammaproteobacteria,Pseudomonadales,Pseudomonadaceae,Pseudomonas,Gammaproteobacteria,0.1193
1635,T1W,Glucose,P2.3,A3,S48,R418,Root418,Proteobacteria,Betaproteobacteria,Burkholderiales,Oxalobacteraceae,Janthinobacterium,Betaproteobacteria,0.086900003
1636,T1W,Glucose,P2.3,A4,S49,R420,Root420,Bacteroidetes,Flavobacteriia,Flavobacteriales,Flavobacteriaceae,Flavobacterium,Bacteroidetes,0.084100001
1637,T1W,Glucose,P2.3,A5,S50,R431,Root431,Actinobacteria,Actinobacteria,Actinomycetales,Streptomycetaceae,Streptomyces,Actinobacteria,0.158600003
1638,T1W,Glucose,P2.3,A6,S51,R436,Root436,Proteobacteria,Alphaproteobacteria,Rhizobiales,Hyphomicrobiaceae,#REF!,Alphaproteobacteria,0.084600002
1639,T1W,3OMG,P2.3,A7,S46,R381,Root381,Proteobacteria,Alphaproteobacteria,Rhizobiales,Bradyrhizobiaceae,Bosea,Alphaproteobacteria,0.084700003
1640,T1W,3OMG,P2.3,A8,S47,R401,Root401,Proteobacteria,Gammaproteobacteria,Pseudomonadales,Pseudomonadaceae,Pseudomonas,Gammaproteobacteria,0.094999999
1641,T1W,3OMG,P2.3,A9,S48,R418,Root418,Proteobacteria,Betaproteobacteria,Burkholderiales,Oxalobacteraceae,Janthinobacterium,Betaproteobacteria,0.088399999
1642,T1W,3OMG,P2.3,A10,S49,R420,Root420,Bacteroidetes,Flavobacteriia,Flavobacteriales,Flavobacteriaceae,Flavobacterium,Bacteroidetes,0.084200002
1643,T1W,3OMG,P2.3,A11,S50,R431,Root431,Actinobacteria,Actinobacteria,Actinomycetales,Streptomycetaceae,Streptomyces,Actinobacteria,0.086000003
1644,T1W,3OMG,P2.3,A12,S51,R436,Root436,Proteobacteria,Alphaproteobacteria,Rhizobiales,Hyphomicrobiaceae,#REF!,Alphaproteobacteria,0.0876
1645,T1W,Glucose,P2.3,B1,S52,R444D2,Root444D2,Firmicutes,Bacilli,Bacillales,Paenibacillaceae,Paenibacillus,Firmicutes,0.090099998
1646,T1W,Glucose,P2.3,B2,S53,R456,Root456,Actinobacteria,Actinobacteria,Actinomycetales,Intrasporangiaceae,#REF!,Actinobacteria,0.084799998
1647,T1W,Glucose,P2.3,B3,S54,R480,Root480,Proteobacteria,Gammaproteobacteria,Xanthomonadales,Xanthomonadaceae,#REF!,Gammaproteobacteria,0.142399997
1648,T1W,Glucose,P2.3,B4,S55,R482,Root482,Proteobacteria,Alphaproteobacteria,Rhizobiales,Rhizobiaceae,Rhizobium,Alphaproteobacteria,0.1074
1649,T1W,Glucose,P2.3,B5,S56,R483D1,Root483D1,Proteobacteria,Alphaproteobacteria,Rhizobiales,Bradyrhizobiaceae,Bosea,Alphaproteobacteria,0.100500003
1650,T1W,Glucose,P2.3,B6,S57,R487D2Y,Root487D2Y,Proteobacteria,Alphaproteobacteria,Caulobacterales,Caulobacteraceae,Caulobacter,Alphaproteobacteria,0.082699999
1651,T1W,3OMG,P2.3,B7,S52,R444D2,Root444D2,Firmicutes,Bacilli,Bacillales,Paenibacillaceae,Paenibacillus,Firmicutes,0.085000001
1652,T1W,3OMG,P2.3,B8,S53,R456,Root456,Actinobacteria,Actinobacteria,Actinomycetales,Intrasporangiaceae,#REF!,Actinobacteria,0.082599998
1653,T1W,3OMG,P2.3,B9,S54,R480,Root480,Proteobacteria,Gammaproteobacteria,Xanthomonadales,Xanthomonadaceae,#REF!,Gammaproteobacteria,0.086800002
1654,T1W,3OMG,P2.3,B10,S55,R482,Root482,Proteobacteria,Alphaproteobacteria,Rhizobiales,Rhizobiaceae,Rhizobium,Alphaproteobacteria,0.081699997
1655,T1W,3OMG,P2.3,B11,S56,R483D1,Root483D1,Proteobacteria,Alphaproteobacteria,Rhizobiales,Bradyrhizobiaceae,Bosea,Alphaproteobacteria,0.085199997
1656,T1W,3OMG,P2.3,B12,S57,R487D2Y,Root487D2Y,Proteobacteria,Alphaproteobacteria,Caulobacterales,Caulobacteraceae,Caulobacter,Alphaproteobacteria,0.082900003
1657,T1W,Glucose,P2.3,C1,S58,R552,Root552,Proteobacteria,Alphaproteobacteria,Rhizobiales,Phyllobacteriaceae,Mesorhizobium,Alphaproteobacteria,0.176799998
1658,T1W,Glucose,P2.3,C2,S59,R558,Root558,Proteobacteria,Alphaproteobacteria,Rhizobiales,Rhizobiaceae,Sinorhizobium,Alphaproteobacteria,0.342200011
1659,T1W,Glucose,P2.3,C3,S60,R562,Root562,Proteobacteria,Gammaproteobacteria,Pseudomonadales,Pseudomonadaceae,Pseudomonas,Gammaproteobacteria,0.157100007
1660,T1W,Glucose,P2.3,C4,S61,R564,Root564,Proteobacteria,Alphaproteobacteria,Rhizobiales,Rhizobiaceae,Agrobacterium,Alphaproteobacteria,0.1875
1661,T1W,Glucose,P2.3,C5,S62,R565,Root565,Proteobacteria,Betaproteobacteria,Burkholderiales,Alcaligenaceae,Achromobacter,Betaproteobacteria,0.083899997
1662,T1W,Glucose,P2.3,C6,S63,R568,Root568,Proteobacteria,Betaproteobacteria,Burkholderiales,Comamonadaceae,#REF!,Betaproteobacteria,0.125699997
1663,T1W,3OMG,P2.3,C7,S58,R552,Root552,Proteobacteria,Alphaproteobacteria,Rhizobiales,Phyllobacteriaceae,Mesorhizobium,Alphaproteobacteria,0.084200002
1664,T1W,3OMG,P2.3,C8,S59,R558,Root558,Proteobacteria,Alphaproteobacteria,Rhizobiales,Rhizobiaceae,Sinorhizobium,Alphaproteobacteria,0.084799998
1665,T1W,3OMG,P2.3,C9,S60,R562,Root562,Proteobacteria,Gammaproteobacteria,Pseudomonadales,Pseudomonadaceae,Pseudomonas,Gammaproteobacteria,0.093999997
1666,T1W,3OMG,P2.3,C10,S61,R564,Root564,Proteobacteria,Alphaproteobacteria,Rhizobiales,Rhizobiaceae,Agrobacterium,Alphaproteobacteria,0.090800002
1667,T1W,3OMG,P2.3,C11,S62,R565,Root565,Proteobacteria,Betaproteobacteria,Burkholderiales,Alcaligenaceae,Achromobacter,Betaproteobacteria,0.084899999
1668,T1W,3OMG,P2.3,C12,S63,R568,Root568,Proteobacteria,Betaproteobacteria,Burkholderiales,Comamonadaceae,#REF!,Betaproteobacteria,0.0845
1669,T1W,Glucose,P2.3,D1,S64,R569,Root569,Proteobacteria,Gammaproteobacteria,Pseudomonadales,Pseudomonadaceae,Pseudomonas,Gammaproteobacteria,0.165199995
1670,T1W,Glucose,P2.3,D2,S65,R604,Root604,Proteobacteria,Gammaproteobacteria,Xanthomonadales,Xanthomonadaceae,#REF!,Gammaproteobacteria,0.087200001
1671,T1W,Glucose,P2.3,D3,S66,R608,Root608,Proteobacteria,Alphaproteobacteria,Caulobacterales,Caulobacteraceae,Brevundimonas,Alphaproteobacteria,0.085199997
1672,T1W,Glucose,P2.3,D4,S67,R635,Root635,Proteobacteria,Alphaproteobacteria,Rhizobiales,Hyphomicrobiaceae,#REF!,Alphaproteobacteria,0.085900001
1673,T1W,Glucose,P2.3,D5,S68,R651,Root651,Proteobacteria,Alphaproteobacteria,Rhizobiales,Rhizobiaceae,Agrobacterium,Alphaproteobacteria,0.196799994
1674,T1W,Glucose,P2.3,D6,S69,R670,Root670,Proteobacteria,Alphaproteobacteria,Rhizobiales,Bradyrhizobiaceae,Bosea,Alphaproteobacteria,0.082800001
1675,T1W,3OMG,P2.3,D7,S64,R569,Root569,Proteobacteria,Gammaproteobacteria,Pseudomonadales,Pseudomonadaceae,Pseudomonas,Gammaproteobacteria,0.082500003
1676,T1W,3OMG,P2.3,D8,S65,R604,Root604,Proteobacteria,Gammaproteobacteria,Xanthomonadales,Xanthomonadaceae,#REF!,Gammaproteobacteria,0.0823
1677,T1W,3OMG,P2.3,D9,S66,R608,Root608,Proteobacteria,Alphaproteobacteria,Caulobacterales,Caulobacteraceae,Brevundimonas,Alphaproteobacteria,0.084299996
1678,T1W,3OMG,P2.3,D10,S67,R635,Root635,Proteobacteria,Alphaproteobacteria,Rhizobiales,Hyphomicrobiaceae,#REF!,Alphaproteobacteria,0.091600001
1679,T1W,3OMG,P2.3,D11,S68,R651,Root651,Proteobacteria,Alphaproteobacteria,Rhizobiales,Rhizobiaceae,Agrobacterium,Alphaproteobacteria,0.091899998
1680,T1W,3OMG,P2.3,D12,S69,R670,Root670,Proteobacteria,Alphaproteobacteria,Rhizobiales,Bradyrhizobiaceae,Bosea,Alphaproteobacteria,0.081200004
1681,T1W,Glucose,P2.3,E1,S70,R672,Root672,Proteobacteria,Alphaproteobacteria,Sphingomonadales,Sphingomonadaceae,Novosphingobium,Alphaproteobacteria,0.089000002
1682,T1W,Glucose,P2.3,E2,S71,R682,Root682,Actinobacteria,Actinobacteria,Actinomycetales,Nocardioidaceae,#REF!,Actinobacteria,0.089599997
1683,T1W,Glucose,P2.3,E3,S72,R685,Root685,Proteobacteria,Alphaproteobacteria,Rhizobiales,Hyphomicrobiaceae,#REF!,Alphaproteobacteria,0.088299997
1684,T1W,Glucose,P2.3,E4,S73,R695,Root695,Proteobacteria,Alphaproteobacteria,Rhizobiales,Phyllobacteriaceae,Mesorhizobium,Alphaproteobacteria,0.090999998
1685,T1W,Glucose,P2.3,E5,S74,R700,Root700,Proteobacteria,Alphaproteobacteria,Caulobacterales,Caulobacteraceae,#REF!,Alphaproteobacteria,0.118100002
1686,T1W,Glucose,P2.3,E6,S75,R708,Root708,Proteobacteria,Alphaproteobacteria,Rhizobiales,Rhizobiaceae,Rhizobium,Alphaproteobacteria,0.191699997
1687,T1W,3OMG,P2.3,E7,S70,R672,Root672,Proteobacteria,Alphaproteobacteria,Sphingomonadales,Sphingomonadaceae,Novosphingobium,Alphaproteobacteria,0.085299999
1688,T1W,3OMG,P2.3,E8,S71,R682,Root682,Actinobacteria,Actinobacteria,Actinomycetales,Nocardioidaceae,#REF!,Actinobacteria,0.087200001
1689,T1W,3OMG,P2.3,E9,S72,R685,Root685,Proteobacteria,Alphaproteobacteria,Rhizobiales,Hyphomicrobiaceae,#REF!,Alphaproteobacteria,0.087099999
1690,T1W,3OMG,P2.3,E10,S73,R695,Root695,Proteobacteria,Alphaproteobacteria,Rhizobiales,Phyllobacteriaceae,Mesorhizobium,Alphaproteobacteria,0.089400001
1691,T1W,3OMG,P2.3,E11,S74,R700,Root700,Proteobacteria,Alphaproteobacteria,Caulobacterales,Caulobacteraceae,#REF!,Alphaproteobacteria,0.085600004
1692,T1W,3OMG,P2.3,E12,S75,R708,Root708,Proteobacteria,Alphaproteobacteria,Rhizobiales,Rhizobiaceae,Rhizobium,Alphaproteobacteria,0.086000003
1693,T1W,Glucose,P2.3,F1,S76,R901,Root901,Bacteroidetes,Flavobacteriia,Flavobacteriales,Flavobacteriaceae,Flavobacterium,Bacteroidetes,0.080399998
1694,T1W,Glucose,P2.3,F2,S77,R918,Root918,Actinobacteria,Actinobacteria,Actinomycetales,Promicromonosporaceae,#REF!,Actinobacteria,0.192599997
1695,T1W,Glucose,P2.3,F3,S78,R930,Root930,Actinobacteria,Actinobacteria,Actinomycetales,Cellulomonadaceae,#REF!,Actinobacteria,0.109800003
1696,T1W,Glucose,P2.3,F4,S79,R935,Root935,Bacteroidetes,Flavobacteriia,Flavobacteriales,Flavobacteriaceae,Flavobacterium,Bacteroidetes,0.087899998
1697,T1W,Glucose,P2.3,F5,S80,R1203,Root1203,Proteobacteria,Alphaproteobacteria,Rhizobiales,Rhizobiaceae,Rhizobium,Alphaproteobacteria,0.152099997
1698,T1W,Glucose,P2.3,F6,S81,R1212,Root1212,Proteobacteria,Alphaproteobacteria,Rhizobiales,Rhizobiaceae,Rhizobium,Alphaproteobacteria,0.1017
1699,T1W,3OMG,P2.3,F7,S76,R901,Root901,Bacteroidetes,Flavobacteriia,Flavobacteriales,Flavobacteriaceae,Flavobacterium,Bacteroidetes,0.080499999
1700,T1W,3OMG,P2.3,F8,S77,R918,Root918,Actinobacteria,Actinobacteria,Actinomycetales,Promicromonosporaceae,#REF!,Actinobacteria,0.088799998
1701,T1W,3OMG,P2.3,F9,S78,R930,Root930,Actinobacteria,Actinobacteria,Actinomycetales,Cellulomonadaceae,#REF!,Actinobacteria,0.085600004
1702,T1W,3OMG,P2.3,F10,S79,R935,Root935,Bacteroidetes,Flavobacteriia,Flavobacteriales,Flavobacteriaceae,Flavobacterium,Bacteroidetes,0.085699998
1703,T1W,3OMG,P2.3,F11,S80,R1203,Root1203,Proteobacteria,Alphaproteobacteria,Rhizobiales,Rhizobiaceae,Rhizobium,Alphaproteobacteria,0.083899997
1704,T1W,3OMG,P2.3,F12,S81,R1212,Root1212,Proteobacteria,Alphaproteobacteria,Rhizobiales,Rhizobiaceae,Rhizobium,Alphaproteobacteria,0.084200002
1705,T1W,Glucose,P2.3,G1,S82,R1220,Root1220,Proteobacteria,Alphaproteobacteria,Rhizobiales,Rhizobiaceae,Rhizobium,Alphaproteobacteria,0.090800002
1706,T1W,Glucose,P2.3,G2,S83,R1240,Root1240,Proteobacteria,Alphaproteobacteria,Rhizobiales,Rhizobiaceae,Agrobacterium,Alphaproteobacteria,0.145199999
1707,T1W,Glucose,P2.3,G3,S84,R1252,Root1252,Proteobacteria,Alphaproteobacteria,Rhizobiales,Rhizobiaceae,Sinorhizobium,Alphaproteobacteria,0.240199998
1708,T1W,Glucose,P2.3,G4,S85,R1280,Root1280,Proteobacteria,Gammaproteobacteria,Pseudomonadales,Moraxellaceae,Acinetobacter,Gammaproteobacteria,0.098099999
1709,T1W,Glucose,P2.3,G5,S86,R1294,Root1294,Proteobacteria,Alphaproteobacteria,Sphingomonadales,Sphingomonadaceae,Sphingomonas,Alphaproteobacteria,0.083999999
1710,T1W,Glucose,P2.3,G6,S87,R1295,Root1295,Actinobacteria,Actinobacteria,Actinomycetales,Streptomycetaceae,Streptomyces,Actinobacteria,0.142900005
1711,T1W,3OMG,P2.3,G7,S82,R1220,Root1220,Proteobacteria,Alphaproteobacteria,Rhizobiales,Rhizobiaceae,Rhizobium,Alphaproteobacteria,0.088600002
1712,T1W,3OMG,P2.3,G8,S83,R1240,Root1240,Proteobacteria,Alphaproteobacteria,Rhizobiales,Rhizobiaceae,Agrobacterium,Alphaproteobacteria,0.093599997
1713,T1W,3OMG,P2.3,G9,S84,R1252,Root1252,Proteobacteria,Alphaproteobacteria,Rhizobiales,Rhizobiaceae,Sinorhizobium,Alphaproteobacteria,0.223100007
1714,T1W,3OMG,P2.3,G10,S85,R1280,Root1280,Proteobacteria,Gammaproteobacteria,Pseudomonadales,Moraxellaceae,Acinetobacter,Gammaproteobacteria,0.097499996
1715,T1W,3OMG,P2.3,G11,S86,R1294,Root1294,Proteobacteria,Alphaproteobacteria,Sphingomonadales,Sphingomonadaceae,Sphingomonas,Alphaproteobacteria,0.0823
1716,T1W,3OMG,P2.3,G12,S87,R1295,Root1295,Actinobacteria,Actinobacteria,Actinomycetales,Streptomycetaceae,Streptomyces,Actinobacteria,0.084899999
1717,T1W,Glucose,P2.3,H1,S88,R1310,Root1310,Actinobacteria,Actinobacteria,Actinomycetales,Streptomycetaceae,Streptomyces,Actinobacteria,0.179499999
1718,T1W,Glucose,P2.3,H2,S89,R1464,Root1464,Actinobacteria,Actinobacteria,Actinomycetales,Microbacteriaceae,Agromyces,Actinobacteria,0.101199999
1719,T1W,Glucose,P2.3,H3,S90,R1497,Root1497,Proteobacteria,Alphaproteobacteria,Sphingomonadales,Sphingomonadaceae,Sphingopyxis,Alphaproteobacteria,0.271699995
1720,T1W,Glucose,P2.3,H4,Water,Water,Water,#N/A,#N/A,#N/A,#N/A,#N/A,#N/A,0.079499997
1721,T1W,Glucose,P2.3,H5,Water,Water,Water,#N/A,#N/A,#N/A,#N/A,#N/A,#N/A,0.082000002
1722,T1W,Glucose,P2.3,H6,Water,Water,Water,#N/A,#N/A,#N/A,#N/A,#N/A,#N/A,0.082400002
1723,T1W,3OMG,P2.3,H7,S88,R1310,Root1310,Actinobacteria,Actinobacteria,Actinomycetales,Streptomycetaceae,Streptomyces,Actinobacteria,0.0955
1724,T1W,3OMG,P2.3,H8,S89,R1464,Root1464,Actinobacteria,Actinobacteria,Actinomycetales,Microbacteriaceae,Agromyces,Actinobacteria,0.0854
1725,T1W,3OMG,P2.3,H9,S90,R1497,Root1497,Proteobacteria,Alphaproteobacteria,Sphingomonadales,Sphingomonadaceae,Sphingopyxis,Alphaproteobacteria,0.084299996
1726,T1W,3OMG,P2.3,H10,Water,Water,Water,#N/A,#N/A,#N/A,#N/A,#N/A,#N/A,0.079700001
1727,T1W,3OMG,P2.3,H11,Water,Water,Water,#N/A,#N/A,#N/A,#N/A,#N/A,#N/A,0.079400003
1728,T1W,3OMG,P2.3,H12,Water,Water,Water,#N/A,#N/A,#N/A,#N/A,#N/A,#N/A,0.078599997