Experiment,ID,Plant,Plant2,Microbes,Treatment,System,Bio_rep,Rep,Time,Nb,Root.length.Weight,Seeds
Thalianol,ThaS2_MF_Water_Agar_Rep 1_10_72h,ThaS1,ThaS1-2,MF,Water,Agar,Rep 1,10,72h,NA,0.02,45
Thalianol,ThaD_MF_Water_Agar_Rep 1_3_1week,ThaD,ThaD,MF,Water,Agar,Rep 1,3,1week,NA,0.043,39
Thalianol,ThaS2_MF_Water_Agar_Rep 1_25_72h,ThaS1,ThaS1-2,MF,Water,Agar,Rep 1,25,72h,NA,0.044,45
Thalianol,ThaH_MF_3OMG_Agar_Rep 1_4_72h,ThaH,ThaH,MF,3OMG,Agar,Rep 1,4,72h,NA,0.047,31
Thalianol,ThaH_MF_Water_Agar_Rep 1_18_2weeks,ThaH,ThaH,MF,Water,Agar,Rep 1,18,2weeks,NA,0.047,31
Thalianol,ThaD_F16_3OMG_Agar_Rep 1_12_72h,ThaD,ThaD,F16,3OMG,Agar,Rep 1,12,72h,NA,0.05,27
Thalianol,ThaS2_MF_Water_Agar_Rep 1_34_72h,ThaS1,ThaS1-2,MF,Water,Agar,Rep 1,34,72h,NA,0.051,45
Thalianol,ThaS2_F16_Water_Agar_Rep 1_17_72h,ThaS1,ThaS1-2,F16,Water,Agar,Rep 1,17,72h,NA,0.053,30
Thalianol,ThaS2_MF_3OMG_Agar_Rep 1_13_72h,ThaS1,ThaS1-2,MF,3OMG,Agar,Rep 1,13,72h,NA,0.056,37
Thalianol,ThaD_F16_Water_Agar_Rep 1_12_72h,ThaD,ThaD,F16,Water,Agar,Rep 1,12,72h,NA,0.057,21
Thalianol,ThaH_MF_Water_Agar_Rep 1_5_72h,ThaH,ThaH,MF,Water,Agar,Rep 1,5,72h,NA,0.057,31
Thalianol,ThaS2_MF_Water_Agar_Rep 1_9_72h,ThaS1,ThaS1-2,MF,Water,Agar,Rep 1,9,72h,NA,0.057,45
Thalianol,ThaS2_F16_Water_Agar_Rep 1_22_1week,ThaS1,ThaS1-2,F16,Water,Agar,Rep 1,22,1week,NA,0.057,30
Thalianol,ThaH_F16_3OMG_Agar_Rep 1_8_72h,ThaH,ThaH,F16,3OMG,Agar,Rep 1,8,72h,NA,0.059,33
Thalianol,ThaS2_F16_3OMG_Agar_Rep 1_15_72h,ThaS1,ThaS1-2,F16,3OMG,Agar,Rep 1,15,72h,NA,0.06,34
Thalianol,ThaS2_MF_3OMG_Agar_Rep 1_8_72h,ThaS1,ThaS1-2,MF,3OMG,Agar,Rep 1,8,72h,NA,0.065,37
Thalianol,ThaD_F16_Water_Agar_Rep 1_16_1week,ThaD,ThaD,F16,Water,Agar,Rep 1,16,1week,NA,0.067,21
Thalianol,ThaH_MF_Water_Agar_Rep 1_3_72h,ThaH,ThaH,MF,Water,Agar,Rep 1,3,72h,NA,0.067,31
Thalianol,ThaH_MF_Water_Agar_Rep 1_1_72h,ThaH,ThaH,MF,Water,Agar,Rep 1,1,72h,NA,0.071,31
Thalianol,ThaS2_F16_3OMG_Agar_Rep 1_24_72h,ThaS1,ThaS1-2,F16,3OMG,Agar,Rep 1,24,72h,NA,0.071,34
Thalianol,ThaH_MF_3OMG_Agar_Rep 1_6_72h,ThaH,ThaH,MF,3OMG,Agar,Rep 1,6,72h,NA,0.072,31
Thalianol,ThaS2_MF_3OMG_Agar_Rep 1_4_72h,ThaS1,ThaS1-2,MF,3OMG,Agar,Rep 1,4,72h,NA,0.073,37
Thalianol,ThaD_MF_Water_Agar_Rep 1_1_2weeks,ThaD,ThaD,MF,Water,Agar,Rep 1,1,2weeks,NA,0.074,39
Thalianol,ThaH_MF_Water_Agar_Rep 1_7_72h,ThaH,ThaH,MF,Water,Agar,Rep 1,7,72h,NA,0.077,31
Thalianol,ThaH_MF_3OMG_Agar_Rep 1_3_2weeks,ThaH,ThaH,MF,3OMG,Agar,Rep 1,3,2weeks,NA,0.077,31
Thalianol,ThaS2_MF_Water_Agar_Rep 1_24_72h,ThaS1,ThaS1-2,MF,Water,Agar,Rep 1,24,72h,NA,0.077,45
Thalianol,ThaD_MF_Water_Agar_Rep 1_12_72h,ThaD,ThaD,MF,Water,Agar,Rep 1,12,72h,NA,0.079,39
Thalianol,ThaS2_F16_Water_Agar_Rep 1_15_1week,ThaS1,ThaS1-2,F16,Water,Agar,Rep 1,15,1week,NA,0.081,30
Thalianol,ThaD_F16_3OMG_Agar_Rep 1_13_72h,ThaD,ThaD,F16,3OMG,Agar,Rep 1,13,72h,NA,0.082,27
Thalianol,ThaH_MF_3OMG_Agar_Rep 1_5_72h,ThaH,ThaH,MF,3OMG,Agar,Rep 1,5,72h,NA,0.083,31
Thalianol,ThaS2_MF_Water_Agar_Rep 1_1_72h,ThaS1,ThaS1-2,MF,Water,Agar,Rep 1,1,72h,NA,0.083,45
Thalianol,ThaD_F16_3OMG_Agar_Rep 1_6_72h,ThaD,ThaD,F16,3OMG,Agar,Rep 1,6,72h,NA,0.084,27
Thalianol,ThaD_MF_3OMG_Agar_Rep 1_13_72h,ThaD,ThaD,MF,3OMG,Agar,Rep 1,13,72h,NA,0.086,27
Thalianol,Col0_F16_3OMG_Agar_Rep 1_15_72h,Col0,Col0,F16,3OMG,Agar,Rep 1,15,72h,NA,0.089,34
Thalianol,ThaS1_MF_Water_Agar_Rep 1_2_2weeks,ThaS1,ThaS1-1,MF,Water,Agar,Rep 1,2,2weeks,NA,0.089,32
Thalianol,ThaS2_MF_Water_Agar_Rep 1_18_72h,ThaS1,ThaS1-2,MF,Water,Agar,Rep 1,18,72h,NA,0.089,45
Thalianol,ThaD_MF_3OMG_Agar_Rep 1_20_2weeks,ThaD,ThaD,MF,3OMG,Agar,Rep 1,20,2weeks,NA,0.09,27
Thalianol,ThaH_F16_3OMG_Agar_Rep 1_7_72h,ThaH,ThaH,F16,3OMG,Agar,Rep 1,7,72h,NA,0.09,33
Thalianol,ThaS2_MF_Water_Agar_Rep 1_13_72h,ThaS1,ThaS1-2,MF,Water,Agar,Rep 1,13,72h,NA,0.09,45
Thalianol,ThaS2_MF_Water_Agar_Rep 1_35_72h,ThaS1,ThaS1-2,MF,Water,Agar,Rep 1,35,72h,NA,0.09,45
Thalianol,ThaH_MF_Water_Agar_Rep 1_4_72h,ThaH,ThaH,MF,Water,Agar,Rep 1,4,72h,NA,0.091,31
Thalianol,ThaH_MF_Water_Agar_Rep 1_9_72h,ThaH,ThaH,MF,Water,Agar,Rep 1,9,72h,NA,0.091,31
Thalianol,ThaH_MF_Water_Agar_Rep 1_14_72h,ThaH,ThaH,MF,Water,Agar,Rep 1,14,72h,NA,0.091,31
Thalianol,ThaH_F16_3OMG_Agar_Rep 1_5_72h,ThaH,ThaH,F16,3OMG,Agar,Rep 1,5,72h,NA,0.091,33
Thalianol,ThaH_F16_3OMG_Agar_Rep 1_12_72h,ThaH,ThaH,F16,3OMG,Agar,Rep 1,12,72h,NA,0.091,33
Thalianol,ThaH_F16_Water_Agar_Rep 1_4_72h,ThaH,ThaH,F16,Water,Agar,Rep 1,4,72h,NA,0.092,33
Thalianol,ThaH_F16_Water_Agar_Rep 1_12_1week,ThaH,ThaH,F16,Water,Agar,Rep 1,12,1week,NA,0.092,33
Thalianol,ThaS2_MF_3OMG_Agar_Rep 1_20_72h,ThaS1,ThaS1-2,MF,3OMG,Agar,Rep 1,20,72h,NA,0.092,37
Thalianol,ThaS2_F16_Water_Agar_Rep 1_29_1week,ThaS1,ThaS1-2,F16,Water,Agar,Rep 1,29,1week,NA,0.092,30
Thalianol,Col0_F16_3OMG_Agar_Rep 1_27_72h,Col0,Col0,F16,3OMG,Agar,Rep 1,27,72h,NA,0.093,34
Thalianol,ThaD_F16_Water_Agar_Rep 1_13_1week,ThaD,ThaD,F16,Water,Agar,Rep 1,13,1week,NA,0.093,21
Thalianol,Col0_F16_3OMG_Agar_Rep 1_8_72h,Col0,Col0,F16,3OMG,Agar,Rep 1,8,72h,NA,0.094,34
Thalianol,ThaH_MF_Water_Agar_Rep 1_11_72h,ThaH,ThaH,MF,Water,Agar,Rep 1,11,72h,NA,0.095,31
Thalianol,ThaH_MF_Water_Agar_Rep 1_13_72h,ThaH,ThaH,MF,Water,Agar,Rep 1,13,72h,NA,0.095,31
Thalianol,ThaS2_MF_Water_Agar_Rep 1_36_72h,ThaS1,ThaS1-2,MF,Water,Agar,Rep 1,36,72h,NA,0.095,45
Thalianol,ThaD_MF_Water_Agar_Rep 1_7_72h,ThaD,ThaD,MF,Water,Agar,Rep 1,7,72h,NA,0.097,39
Thalianol,ThaS2_MF_Water_Agar_Rep 1_22_72h,ThaS1,ThaS1-2,MF,Water,Agar,Rep 1,22,72h,NA,0.098,45
Thalianol,ThaS2_MF_Water_Agar_Rep 1_8_72h,ThaS1,ThaS1-2,MF,Water,Agar,Rep 1,8,72h,NA,0.099,45
Thalianol,ThaD_MF_Water_Agar_Rep 1_1_72h,ThaD,ThaD,MF,Water,Agar,Rep 1,1,72h,NA,0.1,39
Thalianol,ThaD_MF_Water_Agar_Rep 1_4_72h,ThaD,ThaD,MF,Water,Agar,Rep 1,4,72h,NA,0.102,39
Thalianol,ThaD_MF_3OMG_Agar_Rep 1_5_72h,ThaD,ThaD,MF,3OMG,Agar,Rep 1,5,72h,NA,0.102,27
Thalianol,ThaS2_MF_Water_Agar_Rep 1_7_72h,ThaS1,ThaS1-2,MF,Water,Agar,Rep 1,7,72h,NA,0.102,45
Thalianol,Col0_F16_3OMG_Agar_Rep 1_11_72h,Col0,Col0,F16,3OMG,Agar,Rep 1,11,72h,NA,0.104,34
Thalianol,ThaD_MF_Water_Agar_Rep 1_28_72h,ThaD,ThaD,MF,Water,Agar,Rep 1,28,72h,NA,0.104,39
Thalianol,ThaH_F16_Water_Agar_Rep 1_3_72h,ThaH,ThaH,F16,Water,Agar,Rep 1,3,72h,NA,0.104,33
Thalianol,ThaS2_MF_3OMG_Agar_Rep 1_17_72h,ThaS1,ThaS1-2,MF,3OMG,Agar,Rep 1,17,72h,NA,0.104,37
Thalianol,ThaS2_F16_3OMG_Agar_Rep 1_1_72h,ThaS1,ThaS1-2,F16,3OMG,Agar,Rep 1,1,72h,NA,0.104,34
Thalianol,ThaS2_MF_3OMG_Agar_Rep 1_25_72h,ThaS1,ThaS1-2,MF,3OMG,Agar,Rep 1,25,72h,NA,0.105,37
Thalianol,ThaH_F16_3OMG_Agar_Rep 1_7_2weeks,ThaH,ThaH,F16,3OMG,Agar,Rep 1,7,2weeks,NA,0.106,33
Thalianol,Col0_F16_3OMG_Agar_Rep 1_14_72h,Col0,Col0,F16,3OMG,Agar,Rep 1,14,72h,NA,0.107,34
Thalianol,ThaD_F16_Water_Agar_Rep 1_18_1week,ThaD,ThaD,F16,Water,Agar,Rep 1,18,1week,NA,0.107,21
Thalianol,ThaH_F16_3OMG_Agar_Rep 1_1_72h,ThaH,ThaH,F16,3OMG,Agar,Rep 1,1,72h,NA,0.108,33
Thalianol,ThaS2_MF_3OMG_Agar_Rep 1_6_1week,ThaS1,ThaS1-2,MF,3OMG,Agar,Rep 1,6,1week,NA,0.109,37
Thalianol,ThaH_F16_Water_Agar_Rep 1_7_72h,ThaH,ThaH,F16,Water,Agar,Rep 1,7,72h,NA,0.11,33
Thalianol,Col0_MF_Water_Agar_Rep 1_9_72h,Col0,Col0,MF,Water,Agar,Rep 1,9,72h,NA,0.111,43
Thalianol,ThaD_F16_Water_Agar_Rep 1_8_72h,ThaD,ThaD,F16,Water,Agar,Rep 1,8,72h,NA,0.111,21
Thalianol,ThaS2_MF_3OMG_Agar_Rep 1_10_72h,ThaS1,ThaS1-2,MF,3OMG,Agar,Rep 1,10,72h,NA,0.111,37
Thalianol,ThaD_F16_3OMG_Agar_Rep 1_4_2weeks,ThaD,ThaD,F16,3OMG,Agar,Rep 1,4,2weeks,NA,0.112,27
Thalianol,ThaS2_MF_3OMG_Agar_Rep 1_14_72h,ThaS1,ThaS1-2,MF,3OMG,Agar,Rep 1,14,72h,NA,0.112,37
Thalianol,ThaS2_F16_Water_Agar_Rep 1_16_1week,ThaS1,ThaS1-2,F16,Water,Agar,Rep 1,16,1week,NA,0.112,30
Thalianol,Col0_F16_Water_Agar_Rep 1_18_2weeks,Col0,Col0,F16,Water,Agar,Rep 1,18,2weeks,NA,0.113,30
Thalianol,Col0_MF_Water_Agar_Rep 1_25_72h,Col0,Col0,MF,Water,Agar,Rep 1,25,72h,NA,0.114,43
Thalianol,Col0_F16_Water_Agar_Rep 1_2_72h,Col0,Col0,F16,Water,Agar,Rep 1,2,72h,NA,0.114,30
Thalianol,ThaD_MF_Water_Agar_Rep 1_14_72h,ThaD,ThaD,MF,Water,Agar,Rep 1,14,72h,NA,0.114,39
Thalianol,ThaD_MF_3OMG_Agar_Rep 1_10_72h,ThaD,ThaD,MF,3OMG,Agar,Rep 1,10,72h,NA,0.114,27
Thalianol,ThaD_F16_3OMG_Agar_Rep 1_6_2weeks,ThaD,ThaD,F16,3OMG,Agar,Rep 1,6,2weeks,NA,0.114,27
Thalianol,ThaD_MF_Water_Agar_Rep 1_11_72h,ThaD,ThaD,MF,Water,Agar,Rep 1,11,72h,NA,0.115,39
Thalianol,ThaH_F16_3OMG_Agar_Rep 1_3_72h,ThaH,ThaH,F16,3OMG,Agar,Rep 1,3,72h,NA,0.115,33
Thalianol,ThaH_F16_Water_Agar_Rep 1_5_72h,ThaH,ThaH,F16,Water,Agar,Rep 1,5,72h,NA,0.116,33
Thalianol,ThaD_F16_3OMG_Agar_Rep 1_18_1week,ThaD,ThaD,F16,3OMG,Agar,Rep 1,18,1week,NA,0.117,27
Thalianol,ThaH_F16_Water_Agar_Rep 1_6_1week,ThaH,ThaH,F16,Water,Agar,Rep 1,6,1week,NA,0.117,33
Thalianol,Col0_F16_Water_Agar_Rep 1_4_72h,Col0,Col0,F16,Water,Agar,Rep 1,4,72h,NA,0.118,30
Thalianol,ThaS2_F16_Water_Agar_Rep 1_3_72h,ThaS1,ThaS1-2,F16,Water,Agar,Rep 1,3,72h,NA,0.118,30
Thalianol,ThaD_MF_3OMG_Agar_Rep 1_12_72h,ThaD,ThaD,MF,3OMG,Agar,Rep 1,12,72h,NA,0.119,27
Thalianol,ThaD_F16_Water_Agar_Rep 1_6_72h,ThaD,ThaD,F16,Water,Agar,Rep 1,6,72h,NA,0.119,21
Thalianol,ThaH_MF_3OMG_Agar_Rep 1_3_72h,ThaH,ThaH,MF,3OMG,Agar,Rep 1,3,72h,NA,0.119,31
Thalianol,ThaS2_MF_Water_Agar_Rep 1_27_1week,ThaS1,ThaS1-2,MF,Water,Agar,Rep 1,27,1week,NA,0.12,45
Thalianol,Col0_MF_3OMG_Agar_Rep 1_21_72h,Col0,Col0,MF,3OMG,Agar,Rep 1,21,72h,NA,0.121,31
Thalianol,ThaS2_MF_3OMG_Agar_Rep 1_12_72h,ThaS1,ThaS1-2,MF,3OMG,Agar,Rep 1,12,72h,NA,0.121,37
Thalianol,ThaS2_MF_3OMG_Agar_Rep 1_23_72h,ThaS1,ThaS1-2,MF,3OMG,Agar,Rep 1,23,72h,NA,0.121,37
Thalianol,ThaS2_F16_Water_Agar_Rep 1_30_1week,ThaS1,ThaS1-2,F16,Water,Agar,Rep 1,30,1week,NA,0.121,30
Thalianol,ThaD_MF_Water_Agar_Rep 1_22_72h,ThaD,ThaD,MF,Water,Agar,Rep 1,22,72h,NA,0.122,39
Thalianol,ThaS2_MF_Water_Agar_Rep 1_12_72h,ThaS1,ThaS1-2,MF,Water,Agar,Rep 1,12,72h,NA,0.122,45
Thalianol,ThaS2_MF_Water_Agar_Rep 1_30_72h,ThaS1,ThaS1-2,MF,Water,Agar,Rep 1,30,72h,NA,0.122,45
Thalianol,ThaS2_MF_Water_Agar_Rep 1_35_2weeks,ThaS1,ThaS1-2,MF,Water,Agar,Rep 1,35,2weeks,NA,0.122,45
Thalianol,Col0_F16_Water_Agar_Rep 1_25_2weeks,Col0,Col0,F16,Water,Agar,Rep 1,25,2weeks,NA,0.123,30
Thalianol,ThaD_MF_Water_Agar_Rep 1_27_72h,ThaD,ThaD,MF,Water,Agar,Rep 1,27,72h,NA,0.125,39
Thalianol,ThaH_MF_Water_Agar_Rep 1_10_1week,ThaH,ThaH,MF,Water,Agar,Rep 1,10,1week,NA,0.125,31
Thalianol,Col0_MF_Water_Agar_Rep 1_39_1week,Col0,Col0,MF,Water,Agar,Rep 1,39,1week,NA,0.126,43
Thalianol,ThaS2_MF_Water_Agar_Rep 1_4_72h,ThaS1,ThaS1-2,MF,Water,Agar,Rep 1,4,72h,NA,0.126,45
Thalianol,Col0_MF_Water_Agar_Rep 1_32_72h,Col0,Col0,MF,Water,Agar,Rep 1,32,72h,NA,0.127,43
Thalianol,Col0_F16_3OMG_Agar_Rep 1_25_72h,Col0,Col0,F16,3OMG,Agar,Rep 1,25,72h,NA,0.127,34
Thalianol,ThaD_MF_Water_Agar_Rep 1_3_72h,ThaD,ThaD,MF,Water,Agar,Rep 1,3,72h,NA,0.127,39
Thalianol,ThaD_F16_3OMG_Agar_Rep 1_7_1week,ThaD,ThaD,F16,3OMG,Agar,Rep 1,7,1week,NA,0.127,27
Thalianol,ThaH_F16_3OMG_Agar_Rep 1_8_1week,ThaH,ThaH,F16,3OMG,Agar,Rep 1,8,1week,NA,0.127,33
Thalianol,ThaS2_F16_3OMG_Agar_Rep 1_23_72h,ThaS1,ThaS1-2,F16,3OMG,Agar,Rep 1,23,72h,NA,0.127,34
Thalianol,ThaD_F16_3OMG_Agar_Rep 1_7_2weeks,ThaD,ThaD,F16,3OMG,Agar,Rep 1,7,2weeks,NA,0.128,27
Thalianol,ThaS2_MF_Water_Agar_Rep 1_29_72h,ThaS1,ThaS1-2,MF,Water,Agar,Rep 1,29,72h,NA,0.128,45
Thalianol,ThaS2_F16_3OMG_Agar_Rep 1_25_72h,ThaS1,ThaS1-2,F16,3OMG,Agar,Rep 1,25,72h,NA,0.128,34
Thalianol,ThaS2_MF_3OMG_Agar_Rep 1_22_72h,ThaS1,ThaS1-2,MF,3OMG,Agar,Rep 1,22,72h,NA,0.129,37
Thalianol,ThaD_F16_Water_Agar_Rep 1_10_72h,ThaD,ThaD,F16,Water,Agar,Rep 1,10,72h,NA,0.13,21
Thalianol,ThaD_F16_Water_Agar_Rep 1_1_1week,ThaD,ThaD,F16,Water,Agar,Rep 1,1,1week,NA,0.13,21
Thalianol,ThaH_MF_Water_Agar_Rep 1_10_72h,ThaH,ThaH,MF,Water,Agar,Rep 1,10,72h,NA,0.13,31
Thalianol,ThaD_MF_Water_Agar_Rep 1_5_72h,ThaD,ThaD,MF,Water,Agar,Rep 1,5,72h,NA,0.131,39
Thalianol,ThaD_F16_Water_Agar_Rep 1_2_2weeks,ThaD,ThaD,F16,Water,Agar,Rep 1,2,2weeks,NA,0.131,21
Thalianol,ThaS2_F16_Water_Agar_Rep 1_1_1week,ThaS1,ThaS1-2,F16,Water,Agar,Rep 1,1,1week,NA,0.131,30
Thalianol,Col0_MF_3OMG_Agar_Rep 1_18_72h,Col0,Col0,MF,3OMG,Agar,Rep 1,18,72h,NA,0.132,31
Thalianol,ThaD_F16_Water_Agar_Rep 1_1_2weeks,ThaD,ThaD,F16,Water,Agar,Rep 1,1,2weeks,NA,0.132,21
Thalianol,ThaS2_MF_Water_Agar_Rep 1_19_72h,ThaS1,ThaS1-2,MF,Water,Agar,Rep 1,19,72h,NA,0.132,45
Thalianol,ThaS2_F16_Water_Agar_Rep 1_28_1week,ThaS1,ThaS1-2,F16,Water,Agar,Rep 1,28,1week,NA,0.132,30
Thalianol,ThaD_MF_Water_Agar_Rep 1_19_72h,ThaD,ThaD,MF,Water,Agar,Rep 1,19,72h,NA,0.133,39
Thalianol,ThaH_F16_Water_Agar_Rep 1_6_2weeks,ThaH,ThaH,F16,Water,Agar,Rep 1,6,2weeks,NA,0.133,33
Thalianol,Col0_MF_3OMG_Agar_Rep 1_17_72h,Col0,Col0,MF,3OMG,Agar,Rep 1,17,72h,NA,0.134,31
Thalianol,ThaS2_MF_Water_Agar_Rep 1_27_72h,ThaS1,ThaS1-2,MF,Water,Agar,Rep 1,27,72h,NA,0.134,45
Thalianol,ThaS2_MF_Water_Agar_Rep 1_41_1week,ThaS1,ThaS1-2,MF,Water,Agar,Rep 1,41,1week,NA,0.134,45
Thalianol,Col0_F16_Water_Agar_Rep 1_5_72h,Col0,Col0,F16,Water,Agar,Rep 1,5,72h,NA,0.135,30
Thalianol,ThaD_F16_3OMG_Agar_Rep 1_10_72h,ThaD,ThaD,F16,3OMG,Agar,Rep 1,10,72h,NA,0.135,27
Thalianol,ThaH_F16_3OMG_Agar_Rep 1_9_72h,ThaH,ThaH,F16,3OMG,Agar,Rep 1,9,72h,NA,0.135,33
Thalianol,ThaH_F16_3OMG_Agar_Rep 1_11_72h,ThaH,ThaH,F16,3OMG,Agar,Rep 1,11,72h,NA,0.135,33
Thalianol,ThaH_MF_Water_Agar_Rep 1_8_1week,ThaH,ThaH,MF,Water,Agar,Rep 1,8,1week,NA,0.135,31
Thalianol,ThaS2_MF_3OMG_Agar_Rep 1_1_2weeks,ThaS1,ThaS1-2,MF,3OMG,Agar,Rep 1,1,2weeks,NA,0.135,37
Thalianol,ThaS2_MF_3OMG_Agar_Rep 1_2_2weeks,ThaS1,ThaS1-2,MF,3OMG,Agar,Rep 1,2,2weeks,NA,0.135,37
Thalianol,ThaS2_F16_3OMG_Agar_Rep 1_16_2weeks,ThaS1,ThaS1-2,F16,3OMG,Agar,Rep 1,16,2weeks,NA,0.135,34
Thalianol,ThaD_MF_Water_Agar_Rep 1_13_72h,ThaD,ThaD,MF,Water,Agar,Rep 1,13,72h,NA,0.136,39
Thalianol,ThaD_F16_3OMG_Agar_Rep 1_1_72h,ThaD,ThaD,F16,3OMG,Agar,Rep 1,1,72h,NA,0.136,27
Thalianol,ThaS2_MF_Water_Agar_Rep 1_20_72h,ThaS1,ThaS1-2,MF,Water,Agar,Rep 1,20,72h,NA,0.136,45
Thalianol,ThaS2_MF_Water_Agar_Rep 1_33_72h,ThaS1,ThaS1-2,MF,Water,Agar,Rep 1,33,72h,NA,0.136,45
Thalianol,Col0_F16_Water_Agar_Rep 1_19_72h,Col0,Col0,F16,Water,Agar,Rep 1,19,72h,NA,0.137,30
Thalianol,Col0_F16_3OMG_Agar_Rep 1_2_72h,Col0,Col0,F16,3OMG,Agar,Rep 1,2,72h,NA,0.137,34
Thalianol,ThaH_F16_Water_Agar_Rep 1_9_72h,ThaH,ThaH,F16,Water,Agar,Rep 1,9,72h,NA,0.137,33
Thalianol,Col0_MF_Water_Agar_Rep 1_13_72h,Col0,Col0,MF,Water,Agar,Rep 1,13,72h,NA,0.139,43
Thalianol,Col0_F16_Water_Agar_Rep 1_13_2weeks,Col0,Col0,F16,Water,Agar,Rep 1,13,2weeks,NA,0.139,30
Thalianol,ThaH_F16_3OMG_Agar_Rep 1_10_72h,ThaH,ThaH,F16,3OMG,Agar,Rep 1,10,72h,NA,0.139,33
Thalianol,ThaS2_F16_Water_Agar_Rep 1_1_2weeks,ThaS1,ThaS1-2,F16,Water,Agar,Rep 1,1,2weeks,NA,0.139,30
Thalianol,Col0_F16_Water_Agar_Rep 1_9_72h,Col0,Col0,F16,Water,Agar,Rep 1,9,72h,NA,0.14,30
Thalianol,ThaD_F16_3OMG_Agar_Rep 1_16_1week,ThaD,ThaD,F16,3OMG,Agar,Rep 1,16,1week,NA,0.14,27
Thalianol,ThaH_F16_3OMG_Agar_Rep 1_13_1week,ThaH,ThaH,F16,3OMG,Agar,Rep 1,13,1week,NA,0.14,33
Thalianol,ThaH_MF_Water_Agar_Rep 1_15_1week,ThaH,ThaH,MF,Water,Agar,Rep 1,15,1week,NA,0.141,31
Thalianol,ThaS2_F16_Water_Agar_Rep 1_5_72h,ThaS1,ThaS1-2,F16,Water,Agar,Rep 1,5,72h,NA,0.141,30
Thalianol,ThaS2_MF_3OMG_Agar_Rep 1_18_72h,ThaS1,ThaS1-2,MF,3OMG,Agar,Rep 1,18,72h,NA,0.142,37
Thalianol,ThaS2_MF_3OMG_Agar_Rep 1_24_2weeks,ThaS1,ThaS1-2,MF,3OMG,Agar,Rep 1,24,2weeks,NA,0.142,37
Thalianol,Col0_MF_Water_Agar_Rep 1_21_72h,Col0,Col0,MF,Water,Agar,Rep 1,21,72h,NA,0.143,43
Thalianol,ThaH_MF_Water_Agar_Rep 1_6_72h,ThaH,ThaH,MF,Water,Agar,Rep 1,6,72h,NA,0.143,31
Thalianol,ThaH_F16_Water_Agar_Rep 1_8_1week,ThaH,ThaH,F16,Water,Agar,Rep 1,8,1week,NA,0.143,33
Thalianol,ThaS2_F16_Water_Agar_Rep 1_6_72h,ThaS1,ThaS1-2,F16,Water,Agar,Rep 1,6,72h,NA,0.143,30
Thalianol,Col0_MF_Water_Agar_Rep 1_23_72h,Col0,Col0,MF,Water,Agar,Rep 1,23,72h,NA,0.144,43
Thalianol,ThaD_F16_3OMG_Agar_Rep 1_3_72h,ThaD,ThaD,F16,3OMG,Agar,Rep 1,3,72h,NA,0.144,27
Thalianol,ThaD_MF_3OMG_Agar_Rep 1_16_1week,ThaD,ThaD,MF,3OMG,Agar,Rep 1,16,1week,NA,0.144,27
Thalianol,ThaS2_MF_3OMG_Agar_Rep 1_7_72h,ThaS1,ThaS1-2,MF,3OMG,Agar,Rep 1,7,72h,NA,0.144,37
Thalianol,ThaD_MF_Water_Agar_Rep 1_10_72h,ThaD,ThaD,MF,Water,Agar,Rep 1,10,72h,NA,0.145,39
Thalianol,ThaD_MF_Water_Agar_Rep 1_15_72h,ThaD,ThaD,MF,Water,Agar,Rep 1,15,72h,NA,0.145,39
Thalianol,ThaD_MF_Water_Agar_Rep 1_21_72h,ThaD,ThaD,MF,Water,Agar,Rep 1,21,72h,NA,0.145,39
Thalianol,Col0_F16_3OMG_Agar_Rep 1_7_2weeks,Col0,Col0,F16,3OMG,Agar,Rep 1,7,2weeks,NA,0.146,34
Thalianol,ThaD_MF_Water_Agar_Rep 1_26_72h,ThaD,ThaD,MF,Water,Agar,Rep 1,26,72h,NA,0.146,39
Thalianol,ThaS2_MF_Water_Agar_Rep 1_14_72h,ThaS1,ThaS1-2,MF,Water,Agar,Rep 1,14,72h,NA,0.146,45
Thalianol,ThaS2_MF_3OMG_Agar_Rep 1_24_72h,ThaS1,ThaS1-2,MF,3OMG,Agar,Rep 1,24,72h,NA,0.146,37
Thalianol,ThaD_MF_Water_Agar_Rep 1_8_72h,ThaD,ThaD,MF,Water,Agar,Rep 1,8,72h,NA,0.147,39
Thalianol,ThaD_F16_Water_Agar_Rep 1_8_1week,ThaD,ThaD,F16,Water,Agar,Rep 1,8,1week,NA,0.147,21
Thalianol,ThaS1_MF_3OMG_Agar_Rep 1_1_2weeks,ThaS1,ThaS1-1,MF,3OMG,Agar,Rep 1,1,2weeks,NA,0.147,38
Thalianol,Col0_F16_3OMG_Agar_Rep 1_6_72h,Col0,Col0,F16,3OMG,Agar,Rep 1,6,72h,NA,0.148,34
Thalianol,Col0_MF_Water_Agar_Rep 1_32_1week,Col0,Col0,MF,Water,Agar,Rep 1,32,1week,NA,0.148,43
Thalianol,ThaS2_MF_Water_Agar_Rep 1_21_72h,ThaS1,ThaS1-2,MF,Water,Agar,Rep 1,21,72h,NA,0.148,45
Thalianol,Col0_F16_3OMG_Agar_Rep 1_28_72h,Col0,Col0,F16,3OMG,Agar,Rep 1,28,72h,NA,0.149,34
Thalianol,ThaH_F16_3OMG_Agar_Rep 1_6_72h,ThaH,ThaH,F16,3OMG,Agar,Rep 1,6,72h,NA,0.149,33
Thalianol,ThaS2_MF_Water_Agar_Rep 1_3_72h,ThaS1,ThaS1-2,MF,Water,Agar,Rep 1,3,72h,NA,0.149,45
Thalianol,ThaS2_F16_3OMG_Agar_Rep 1_25_2weeks,ThaS1,ThaS1-2,F16,3OMG,Agar,Rep 1,25,2weeks,NA,0.149,34
Thalianol,Col0_MF_Water_Agar_Rep 1_4_72h,Col0,Col0,MF,Water,Agar,Rep 1,4,72h,NA,0.15,43
Thalianol,ThaH_MF_Water_Agar_Rep 1_12_72h,ThaH,ThaH,MF,Water,Agar,Rep 1,12,72h,NA,0.15,31
Thalianol,ThaH_MF_3OMG_Agar_Rep 1_14_2weeks,ThaH,ThaH,MF,3OMG,Agar,Rep 1,14,2weeks,NA,0.15,31
Thalianol,ThaS2_F16_Water_Agar_Rep 1_1_72h,ThaS1,ThaS1-2,F16,Water,Agar,Rep 1,1,72h,NA,0.15,30
Thalianol,ThaS2_F16_3OMG_Agar_Rep 1_12_72h,ThaS1,ThaS1-2,F16,3OMG,Agar,Rep 1,12,72h,NA,0.15,34
Thalianol,ThaS2_MF_Water_Agar_Rep 1_6_72h,ThaS1,ThaS1-2,MF,Water,Agar,Rep 1,6,72h,NA,0.151,45
Thalianol,ThaS2_MF_3OMG_Agar_Rep 1_27_72h,ThaS1,ThaS1-2,MF,3OMG,Agar,Rep 1,27,72h,NA,0.151,37
Thalianol,ThaS2_F16_3OMG_Agar_Rep 1_13_72h,ThaS1,ThaS1-2,F16,3OMG,Agar,Rep 1,13,72h,NA,0.151,34
Thalianol,ThaS2_MF_Water_Agar_Rep 1_23_72h,ThaS1,ThaS1-2,MF,Water,Agar,Rep 1,23,72h,NA,0.152,45
Thalianol,ThaS2_MF_3OMG_Agar_Rep 1_2_72h,ThaS1,ThaS1-2,MF,3OMG,Agar,Rep 1,2,72h,NA,0.152,37
Thalianol,ThaS2_MF_3OMG_Agar_Rep 1_5_72h,ThaS1,ThaS1-2,MF,3OMG,Agar,Rep 1,5,72h,NA,0.152,37
Thalianol,Col0_F16_Water_Agar_Rep 1_11_72h,Col0,Col0,F16,Water,Agar,Rep 1,11,72h,NA,0.153,30
Thalianol,ThaD_F16_Water_Agar_Rep 1_12_1week,ThaD,ThaD,F16,Water,Agar,Rep 1,12,1week,NA,0.153,21
Thalianol,ThaH_MF_Water_Agar_Rep 1_8_72h,ThaH,ThaH,MF,Water,Agar,Rep 1,8,72h,NA,0.153,31
Thalianol,ThaH_MF_3OMG_Agar_Rep 1_7_1week,ThaH,ThaH,MF,3OMG,Agar,Rep 1,7,1week,NA,0.153,31
Thalianol,ThaD_MF_3OMG_Agar_Rep 1_3_72h,ThaD,ThaD,MF,3OMG,Agar,Rep 1,3,72h,NA,0.154,27
Thalianol,ThaD_MF_3OMG_Agar_Rep 1_11_72h,ThaD,ThaD,MF,3OMG,Agar,Rep 1,11,72h,NA,0.154,27
Thalianol,ThaH_MF_Water_Agar_Rep 1_2_72h,ThaH,ThaH,MF,Water,Agar,Rep 1,2,72h,NA,0.154,31
Thalianol,ThaS2_F16_3OMG_Agar_Rep 1_3_72h,ThaS1,ThaS1-2,F16,3OMG,Agar,Rep 1,3,72h,NA,0.154,34
Thalianol,Col0_F16_3OMG_Agar_Rep 1_18_72h,Col0,Col0,F16,3OMG,Agar,Rep 1,18,72h,NA,0.155,34
Thalianol,ThaS2_F16_Water_Agar_Rep 1_8_72h,ThaS1,ThaS1-2,F16,Water,Agar,Rep 1,8,72h,NA,0.155,30
Thalianol,ThaS2_F16_3OMG_Agar_Rep 1_9_72h,ThaS1,ThaS1-2,F16,3OMG,Agar,Rep 1,9,72h,NA,0.155,34
Thalianol,ThaS2_MF_Water_Agar_Rep 1_2_1week,ThaS1,ThaS1-2,MF,Water,Agar,Rep 1,2,1week,NA,0.155,45
Thalianol,ThaD_F16_Water_Agar_Rep 1_14_2weeks,ThaD,ThaD,F16,Water,Agar,Rep 1,14,2weeks,NA,0.156,21
Thalianol,ThaH_MF_3OMG_Agar_Rep 1_2_72h,ThaH,ThaH,MF,3OMG,Agar,Rep 1,2,72h,NA,0.156,31
Thalianol,ThaH_F16_Water_Agar_Rep 1_8_72h,ThaH,ThaH,F16,Water,Agar,Rep 1,8,72h,NA,0.158,33
Thalianol,ThaS2_MF_Water_Agar_Rep 1_5_72h,ThaS1,ThaS1-2,MF,Water,Agar,Rep 1,5,72h,NA,0.158,45
Thalianol,ThaS2_F16_Water_Agar_Rep 1_7_72h,ThaS1,ThaS1-2,F16,Water,Agar,Rep 1,7,72h,NA,0.159,30
Thalianol,ThaS2_F16_3OMG_Agar_Rep 1_18_72h,ThaS1,ThaS1-2,F16,3OMG,Agar,Rep 1,18,72h,NA,0.159,34
Thalianol,Col0_F16_Water_Agar_Rep 1_18_72h,Col0,Col0,F16,Water,Agar,Rep 1,18,72h,NA,0.16,30
Thalianol,ThaD_F16_Water_Agar_Rep 1_2_72h,ThaD,ThaD,F16,Water,Agar,Rep 1,2,72h,NA,0.16,21
Thalianol,ThaS2_F16_3OMG_Agar_Rep 1_21_72h,ThaS1,ThaS1-2,F16,3OMG,Agar,Rep 1,21,72h,NA,0.16,34
Thalianol,ThaS2_MF_Water_Agar_Rep 1_21_2weeks,ThaS1,ThaS1-2,MF,Water,Agar,Rep 1,21,2weeks,NA,0.16,45
Thalianol,ThaD_MF_3OMG_Agar_Rep 1_2_72h,ThaD,ThaD,MF,3OMG,Agar,Rep 1,2,72h,NA,0.161,27
Thalianol,ThaD_MF_Water_Agar_Rep 1_19_2weeks,ThaD,ThaD,MF,Water,Agar,Rep 1,19,2weeks,NA,0.161,39
Thalianol,ThaH_MF_3OMG_Agar_Rep 1_9_1week,ThaH,ThaH,MF,3OMG,Agar,Rep 1,9,1week,NA,0.161,31
Thalianol,Col0_F16_3OMG_Agar_Rep 1_24_72h,Col0,Col0,F16,3OMG,Agar,Rep 1,24,72h,NA,0.162,34
Thalianol,ThaD_MF_Water_Agar_Rep 1_18_72h,ThaD,ThaD,MF,Water,Agar,Rep 1,18,72h,NA,0.162,39
Thalianol,ThaS2_MF_3OMG_Agar_Rep 1_19_72h,ThaS1,ThaS1-2,MF,3OMG,Agar,Rep 1,19,72h,NA,0.162,37
Thalianol,ThaS2_MF_3OMG_Agar_Rep 1_26_72h,ThaS1,ThaS1-2,MF,3OMG,Agar,Rep 1,26,72h,NA,0.162,37
Thalianol,ThaS2_F16_Water_Agar_Rep 1_17_1week,ThaS1,ThaS1-2,F16,Water,Agar,Rep 1,17,1week,NA,0.162,30
Thalianol,Col0_MF_Water_Agar_Rep 1_17_72h,Col0,Col0,MF,Water,Agar,Rep 1,17,72h,NA,0.163,43
Thalianol,Col0_MF_Water_Agar_Rep 1_35_72h,Col0,Col0,MF,Water,Agar,Rep 1,35,72h,NA,0.163,43
Thalianol,ThaD_MF_Water_Agar_Rep 1_16_72h,ThaD,ThaD,MF,Water,Agar,Rep 1,16,72h,NA,0.163,39
Thalianol,Col0_F16_Water_Agar_Rep 1_6_72h,Col0,Col0,F16,Water,Agar,Rep 1,6,72h,NA,0.164,30
Thalianol,ThaD_F16_3OMG_Agar_Rep 1_4_72h,ThaD,ThaD,F16,3OMG,Agar,Rep 1,4,72h,NA,0.164,27
Thalianol,ThaD_F16_3OMG_Agar_Rep 1_17_1week,ThaD,ThaD,F16,3OMG,Agar,Rep 1,17,1week,NA,0.164,27
Thalianol,ThaH_F16_3OMG_Agar_Rep 1_19_2weeks,ThaH,ThaH,F16,3OMG,Agar,Rep 1,19,2weeks,NA,0.164,33
Thalianol,Col0_MF_Water_Agar_Rep 1_2_72h,Col0,Col0,MF,Water,Agar,Rep 1,2,72h,NA,0.165,43
Thalianol,ThaD_F16_3OMG_Agar_Rep 1_9_72h,ThaD,ThaD,F16,3OMG,Agar,Rep 1,9,72h,NA,0.165,27
Thalianol,ThaH_MF_3OMG_Agar_Rep 1_1_2weeks,ThaH,ThaH,MF,3OMG,Agar,Rep 1,1,2weeks,NA,0.165,31
Thalianol,ThaD_MF_Water_Agar_Rep 1_23_72h,ThaD,ThaD,MF,Water,Agar,Rep 1,23,72h,NA,0.166,39
Thalianol,ThaD_F16_3OMG_Agar_Rep 1_11_72h,ThaD,ThaD,F16,3OMG,Agar,Rep 1,11,72h,NA,0.166,27
Thalianol,ThaS2_MF_Water_Agar_Rep 1_11_72h,ThaS1,ThaS1-2,MF,Water,Agar,Rep 1,11,72h,NA,0.166,45
Thalianol,ThaS2_MF_3OMG_Agar_Rep 1_21_72h,ThaS1,ThaS1-2,MF,3OMG,Agar,Rep 1,21,72h,NA,0.166,37
Thalianol,Col0_F16_Water_Agar_Rep 1_21_72h,Col0,Col0,F16,Water,Agar,Rep 1,21,72h,NA,0.167,30
Thalianol,Col0_F16_3OMG_Agar_Rep 1_19_72h,Col0,Col0,F16,3OMG,Agar,Rep 1,19,72h,NA,0.167,34
Thalianol,Col0_MF_3OMG_Agar_Rep 1_3_72h,Col0,Col0,MF,3OMG,Agar,Rep 1,3,72h,NA,0.168,31
Thalianol,Col0_MF_3OMG_Agar_Rep 1_5_1week,Col0,Col0,MF,3OMG,Agar,Rep 1,5,1week,NA,0.168,31
Thalianol,Col0_MF_Water_Agar_Rep 1_29_72h,Col0,Col0,MF,Water,Agar,Rep 1,29,72h,NA,0.169,43
Thalianol,Col0_MF_Water_Agar_Rep 1_30_72h,Col0,Col0,MF,Water,Agar,Rep 1,30,72h,NA,0.169,43
Thalianol,ThaD_F16_3OMG_Agar_Rep 1_7_72h,ThaD,ThaD,F16,3OMG,Agar,Rep 1,7,72h,NA,0.169,27
Thalianol,ThaS2_MF_Water_Agar_Rep 1_15_72h,ThaS1,ThaS1-2,MF,Water,Agar,Rep 1,15,72h,NA,0.169,45
Thalianol,ThaS2_MF_Water_Agar_Rep 1_17_72h,ThaS1,ThaS1-2,MF,Water,Agar,Rep 1,17,72h,NA,0.169,45
Thalianol,ThaS2_MF_3OMG_Agar_Rep 1_16_72h,ThaS1,ThaS1-2,MF,3OMG,Agar,Rep 1,16,72h,NA,0.169,37
Thalianol,ThaH_F16_Water_Agar_Rep 1_6_72h,ThaH,ThaH,F16,Water,Agar,Rep 1,6,72h,NA,0.17,33
Thalianol,ThaS2_MF_Water_Agar_Rep 1_16_72h,ThaS1,ThaS1-2,MF,Water,Agar,Rep 1,16,72h,NA,0.17,45
Thalianol,ThaS2_F16_3OMG_Agar_Rep 1_19_2weeks,ThaS1,ThaS1-2,F16,3OMG,Agar,Rep 1,19,2weeks,NA,0.17,34
Thalianol,ThaD_MF_Water_Agar_Rep 1_25_72h,ThaD,ThaD,MF,Water,Agar,Rep 1,25,72h,NA,0.171,39
Thalianol,ThaD_MF_3OMG_Agar_Rep 1_4_72h,ThaD,ThaD,MF,3OMG,Agar,Rep 1,4,72h,NA,0.171,27
Thalianol,ThaS2_MF_3OMG_Agar_Rep 1_28_72h,ThaS1,ThaS1-2,MF,3OMG,Agar,Rep 1,28,72h,NA,0.171,37
Thalianol,Col0_F16_Water_Agar_Rep 1_22_1week,Col0,Col0,F16,Water,Agar,Rep 1,22,1week,NA,0.172,30
Thalianol,ThaH_F16_3OMG_Agar_Rep 1_16_1week,ThaH,ThaH,F16,3OMG,Agar,Rep 1,16,1week,NA,0.172,33
Thalianol,ThaS2_MF_Water_Agar_Rep 1_36_1week,ThaS1,ThaS1-2,MF,Water,Agar,Rep 1,36,1week,NA,0.172,45
Thalianol,Col0_MF_3OMG_Agar_Rep 1_13_72h,Col0,Col0,MF,3OMG,Agar,Rep 1,13,72h,NA,0.173,31
Thalianol,Col0_F16_3OMG_Agar_Rep 1_6_2weeks,Col0,Col0,F16,3OMG,Agar,Rep 1,6,2weeks,NA,0.173,34
Thalianol,Col0_F16_Water_Agar_Rep 1_19_2weeks,Col0,Col0,F16,Water,Agar,Rep 1,19,2weeks,NA,0.174,30
Thalianol,ThaH_F16_Water_Agar_Rep 1_9_1week,ThaH,ThaH,F16,Water,Agar,Rep 1,9,1week,NA,0.174,33
Thalianol,ThaH_F16_Water_Agar_Rep 1_14_2weeks,ThaH,ThaH,F16,Water,Agar,Rep 1,14,2weeks,NA,0.174,33
Thalianol,ThaS2_MF_3OMG_Agar_Rep 1_11_72h,ThaS1,ThaS1-2,MF,3OMG,Agar,Rep 1,11,72h,NA,0.174,37
Thalianol,Col0_F16_Water_Agar_Rep 1_12_72h,Col0,Col0,F16,Water,Agar,Rep 1,12,72h,NA,0.175,30
Thalianol,Col0_F16_Water_Agar_Rep 1_20_72h,Col0,Col0,F16,Water,Agar,Rep 1,20,72h,NA,0.175,30
Thalianol,ThaS2_F16_Water_Agar_Rep 1_11_72h,ThaS1,ThaS1-2,F16,Water,Agar,Rep 1,11,72h,NA,0.175,30
Thalianol,Col0_F16_Water_Agar_Rep 1_2_1week,Col0,Col0,F16,Water,Agar,Rep 1,2,1week,NA,0.176,30
Thalianol,Col0_F16_Water_Agar_Rep 1_24_1week,Col0,Col0,F16,Water,Agar,Rep 1,24,1week,NA,0.177,30
Thalianol,ThaD_F16_3OMG_Agar_Rep 1_21_1week,ThaD,ThaD,F16,3OMG,Agar,Rep 1,21,1week,NA,0.178,27
Thalianol,ThaH_F16_Water_Agar_Rep 1_16_2weeks,ThaH,ThaH,F16,Water,Agar,Rep 1,16,2weeks,NA,0.178,33
Thalianol,ThaS2_MF_3OMG_Agar_Rep 1_21_2weeks,ThaS1,ThaS1-2,MF,3OMG,Agar,Rep 1,21,2weeks,NA,0.178,37
Thalianol,ThaS2_F16_Water_Agar_Rep 1_24_2weeks,ThaS1,ThaS1-2,F16,Water,Agar,Rep 1,24,2weeks,NA,0.178,30
Thalianol,Col0_MF_Water_Agar_Rep 1_14_72h,Col0,Col0,MF,Water,Agar,Rep 1,14,72h,NA,0.179,43
Thalianol,Col0_MF_Water_Agar_Rep 1_37_72h,Col0,Col0,MF,Water,Agar,Rep 1,37,72h,NA,0.179,43
Thalianol,ThaD_MF_3OMG_Agar_Rep 1_6_72h,ThaD,ThaD,MF,3OMG,Agar,Rep 1,6,72h,NA,0.179,27
Thalianol,ThaD_F16_Water_Agar_Rep 1_3_2weeks,ThaD,ThaD,F16,Water,Agar,Rep 1,3,2weeks,NA,0.179,21
Thalianol,ThaS2_F16_3OMG_Agar_Rep 1_8_72h,ThaS1,ThaS1-2,F16,3OMG,Agar,Rep 1,8,72h,NA,0.179,34
Thalianol,ThaD_MF_3OMG_Agar_Rep 1_7_72h,ThaD,ThaD,MF,3OMG,Agar,Rep 1,7,72h,NA,0.18,27
Thalianol,ThaD_F16_3OMG_Agar_Rep 1_8_72h,ThaD,ThaD,F16,3OMG,Agar,Rep 1,8,72h,NA,0.18,27
Thalianol,ThaS2_MF_Water_Agar_Rep 1_32_72h,ThaS1,ThaS1-2,MF,Water,Agar,Rep 1,32,72h,NA,0.18,45
Thalianol,ThaD_MF_3OMG_Agar_Rep 1_8_72h,ThaD,ThaD,MF,3OMG,Agar,Rep 1,8,72h,NA,0.181,27
Thalianol,ThaD_F16_Water_Agar_Rep 1_11_72h,ThaD,ThaD,F16,Water,Agar,Rep 1,11,72h,NA,0.181,21
Thalianol,ThaD_F16_Water_Agar_Rep 1_6_1week,ThaD,ThaD,F16,Water,Agar,Rep 1,6,1week,NA,0.181,21
Thalianol,ThaS2_MF_Water_Agar_Rep 1_26_72h,ThaS1,ThaS1-2,MF,Water,Agar,Rep 1,26,72h,NA,0.182,45
Thalianol,Col0_F16_Water_Agar_Rep 1_22_72h,Col0,Col0,F16,Water,Agar,Rep 1,22,72h,NA,0.183,30
Thalianol,Col0_F16_Water_Agar_Rep 1_26_1week,Col0,Col0,F16,Water,Agar,Rep 1,26,1week,NA,0.183,30
Thalianol,ThaD_F16_3OMG_Agar_Rep 1_2_72h,ThaD,ThaD,F16,3OMG,Agar,Rep 1,2,72h,NA,0.183,27
Thalianol,ThaD_F16_3OMG_Agar_Rep 1_5_72h,ThaD,ThaD,F16,3OMG,Agar,Rep 1,5,72h,NA,0.183,27
Thalianol,ThaH_MF_3OMG_Agar_Rep 1_1_72h,ThaH,ThaH,MF,3OMG,Agar,Rep 1,1,72h,NA,0.183,31
Thalianol,Col0_MF_Water_Agar_Rep 1_5_72h,Col0,Col0,MF,Water,Agar,Rep 1,5,72h,NA,0.184,43
Thalianol,ThaD_MF_3OMG_Agar_Rep 1_4_1week,ThaD,ThaD,MF,3OMG,Agar,Rep 1,4,1week,NA,0.184,27
Thalianol,ThaS2_MF_Water_Agar_Rep 1_2_72h,ThaS1,ThaS1-2,MF,Water,Agar,Rep 1,2,72h,NA,0.184,45
Thalianol,ThaS1_MF_Water_Agar_Rep 1_1_1week,ThaS1,ThaS1-1,MF,Water,Agar,Rep 1,1,1week,NA,0.185,32
Thalianol,ThaS2_F16_Water_Agar_Rep 1_16_72h,ThaS1,ThaS1-2,F16,Water,Agar,Rep 1,16,72h,NA,0.185,30
Thalianol,ThaS2_MF_Water_Agar_Rep 1_7_1week,ThaS1,ThaS1-2,MF,Water,Agar,Rep 1,7,1week,NA,0.185,45
Thalianol,ThaH_F16_Water_Agar_Rep 1_13_1week,ThaH,ThaH,F16,Water,Agar,Rep 1,13,1week,NA,0.186,33
Thalianol,Col0_F16_Water_Agar_Rep 1_3_72h,Col0,Col0,F16,Water,Agar,Rep 1,3,72h,NA,0.187,30
Thalianol,ThaS2_F16_Water_Agar_Rep 1_14_72h,ThaS1,ThaS1-2,F16,Water,Agar,Rep 1,14,72h,NA,0.187,30
Thalianol,ThaS2_F16_3OMG_Agar_Rep 1_1_2weeks,ThaS1,ThaS1-2,F16,3OMG,Agar,Rep 1,1,2weeks,NA,0.188,34
Thalianol,Col0_MF_3OMG_Agar_Rep 1_22_72h,Col0,Col0,MF,3OMG,Agar,Rep 1,22,72h,NA,0.189,31
Thalianol,ThaD_MF_3OMG_Agar_Rep 1_3_2weeks,ThaD,ThaD,MF,3OMG,Agar,Rep 1,3,2weeks,NA,0.189,27
Thalianol,ThaS2_MF_3OMG_Agar_Rep 1_5_1week,ThaS1,ThaS1-2,MF,3OMG,Agar,Rep 1,5,1week,NA,0.189,37
Thalianol,ThaS2_F16_Water_Agar_Rep 1_27_2weeks,ThaS1,ThaS1-2,F16,Water,Agar,Rep 1,27,2weeks,NA,0.189,30
Thalianol,ThaS2_MF_Water_Agar_Rep 1_28_72h,ThaS1,ThaS1-2,MF,Water,Agar,Rep 1,28,72h,NA,0.19,45
Thalianol,ThaS2_MF_3OMG_Agar_Rep 1_3_72h,ThaS1,ThaS1-2,MF,3OMG,Agar,Rep 1,3,72h,NA,0.191,37
Thalianol,Col0_MF_3OMG_Agar_Rep 1_9_72h,Col0,Col0,MF,3OMG,Agar,Rep 1,9,72h,NA,0.192,31
Thalianol,ThaH_F16_3OMG_Agar_Rep 1_4_72h,ThaH,ThaH,F16,3OMG,Agar,Rep 1,4,72h,NA,0.192,33
Thalianol,ThaH_MF_Water_Agar_Rep 1_5_2weeks,ThaH,ThaH,MF,Water,Agar,Rep 1,5,2weeks,NA,0.192,31
Thalianol,ThaS2_MF_3OMG_Agar_Rep 1_6_72h,ThaS1,ThaS1-2,MF,3OMG,Agar,Rep 1,6,72h,NA,0.192,37
Thalianol,Col0_MF_Water_Agar_Rep 1_19_72h,Col0,Col0,MF,Water,Agar,Rep 1,19,72h,NA,0.193,43
Thalianol,ThaD_F16_Water_Agar_Rep 1_9_72h,ThaD,ThaD,F16,Water,Agar,Rep 1,9,72h,NA,0.193,21
Thalianol,ThaH_F16_3OMG_Agar_Rep 1_2_1week,ThaH,ThaH,F16,3OMG,Agar,Rep 1,2,1week,NA,0.193,33
Thalianol,Col0_MF_Water_Agar_Rep 1_7_72h,Col0,Col0,MF,Water,Agar,Rep 1,7,72h,NA,0.194,43
Thalianol,ThaS2_MF_Water_Agar_Rep 1_31_72h,ThaS1,ThaS1-2,MF,Water,Agar,Rep 1,31,72h,NA,0.194,45
Thalianol,Col0_MF_Water_Agar_Rep 1_24_72h,Col0,Col0,MF,Water,Agar,Rep 1,24,72h,NA,0.195,43
Thalianol,Col0_MF_Water_Agar_Rep 1_36_72h,Col0,Col0,MF,Water,Agar,Rep 1,36,72h,NA,0.195,43
Thalianol,Col0_F16_Water_Agar_Rep 1_16_1week,Col0,Col0,F16,Water,Agar,Rep 1,16,1week,NA,0.195,30
Thalianol,ThaD_MF_3OMG_Agar_Rep 1_19_2weeks,ThaD,ThaD,MF,3OMG,Agar,Rep 1,19,2weeks,NA,0.195,27
Thalianol,Col0_MF_Water_Agar_Rep 1_27_72h,Col0,Col0,MF,Water,Agar,Rep 1,27,72h,NA,0.196,43
Thalianol,Col0_F16_3OMG_Agar_Rep 1_5_72h,Col0,Col0,F16,3OMG,Agar,Rep 1,5,72h,NA,0.196,34
Thalianol,Col0_F16_3OMG_Agar_Rep 1_10_72h,Col0,Col0,F16,3OMG,Agar,Rep 1,10,72h,NA,0.196,34
Thalianol,Col0_MF_3OMG_Agar_Rep 1_7_72h,Col0,Col0,MF,3OMG,Agar,Rep 1,7,72h,NA,0.197,31
Thalianol,Col0_MF_Water_Agar_Rep 1_26_72h,Col0,Col0,MF,Water,Agar,Rep 1,26,72h,NA,0.198,43
Thalianol,ThaS2_MF_Water_Agar_Rep 1_37_72h,ThaS1,ThaS1-2,MF,Water,Agar,Rep 1,37,72h,NA,0.198,45
Thalianol,Col0_F16_3OMG_Agar_Rep 1_17_72h,Col0,Col0,F16,3OMG,Agar,Rep 1,17,72h,NA,0.199,34
Thalianol,Col0_MF_3OMG_Agar_Rep 1_25_1week,Col0,Col0,MF,3OMG,Agar,Rep 1,25,1week,NA,0.199,31
Thalianol,ThaS2_F16_3OMG_Agar_Rep 1_4_72h,ThaS1,ThaS1-2,F16,3OMG,Agar,Rep 1,4,72h,NA,0.199,34
Thalianol,ThaS2_F16_3OMG_Agar_Rep 1_14_72h,ThaS1,ThaS1-2,F16,3OMG,Agar,Rep 1,14,72h,NA,0.199,34
Thalianol,ThaD_F16_3OMG_Agar_Rep 1_18_2weeks,ThaD,ThaD,F16,3OMG,Agar,Rep 1,18,2weeks,NA,0.2,27
Thalianol,ThaS2_F16_3OMG_Agar_Rep 1_16_72h,ThaS1,ThaS1-2,F16,3OMG,Agar,Rep 1,16,72h,NA,0.2,34
Thalianol,Col0_F16_Water_Agar_Rep 1_16_72h,Col0,Col0,F16,Water,Agar,Rep 1,16,72h,NA,0.201,30
Thalianol,Col0_F16_Water_Agar_Rep 1_4_1week,Col0,Col0,F16,Water,Agar,Rep 1,4,1week,NA,0.201,30
Thalianol,ThaH_MF_3OMG_Agar_Rep 1_5_2weeks,ThaH,ThaH,MF,3OMG,Agar,Rep 1,5,2weeks,NA,0.201,31
Thalianol,ThaS2_F16_Water_Agar_Rep 1_13_72h,ThaS1,ThaS1-2,F16,Water,Agar,Rep 1,13,72h,NA,0.201,30
Thalianol,ThaS2_MF_Water_Agar_Rep 1_5_1week,ThaS1,ThaS1-2,MF,Water,Agar,Rep 1,5,1week,NA,0.201,45
Thalianol,ThaH_F16_Water_Agar_Rep 1_1_72h,ThaH,ThaH,F16,Water,Agar,Rep 1,1,72h,NA,0.202,33
Thalianol,ThaD_F16_Water_Agar_Rep 1_4_72h,ThaD,ThaD,F16,Water,Agar,Rep 1,4,72h,NA,0.203,21
Thalianol,ThaS2_F16_Water_Agar_Rep 1_3_2weeks,ThaS1,ThaS1-2,F16,Water,Agar,Rep 1,3,2weeks,NA,0.203,30
Thalianol,ThaS2_F16_Water_Agar_Rep 1_28_2weeks,ThaS1,ThaS1-2,F16,Water,Agar,Rep 1,28,2weeks,NA,0.203,30
Thalianol,Col0_MF_Water_Agar_Rep 1_11_72h,Col0,Col0,MF,Water,Agar,Rep 1,11,72h,NA,0.204,43
Thalianol,ThaS2_MF_3OMG_Agar_Rep 1_15_72h,ThaS1,ThaS1-2,MF,3OMG,Agar,Rep 1,15,72h,NA,0.204,37
Thalianol,Col0_MF_3OMG_Agar_Rep 1_4_72h,Col0,Col0,MF,3OMG,Agar,Rep 1,4,72h,NA,0.205,31
Thalianol,Col0_MF_3OMG_Agar_Rep 1_5_72h,Col0,Col0,MF,3OMG,Agar,Rep 1,5,72h,NA,0.205,31
Thalianol,Col0_MF_3OMG_Agar_Rep 1_24_72h,Col0,Col0,MF,3OMG,Agar,Rep 1,24,72h,NA,0.205,31
Thalianol,Col0_MF_Water_Agar_Rep 1_27_2weeks,Col0,Col0,MF,Water,Agar,Rep 1,27,2weeks,NA,0.205,43
Thalianol,Col0_MF_3OMG_Agar_Rep 1_8_72h,Col0,Col0,MF,3OMG,Agar,Rep 1,8,72h,NA,0.206,31
Thalianol,Col0_MF_3OMG_Agar_Rep 1_16_72h,Col0,Col0,MF,3OMG,Agar,Rep 1,16,72h,NA,0.206,31
Thalianol,ThaD_MF_Water_Agar_Rep 1_20_72h,ThaD,ThaD,MF,Water,Agar,Rep 1,20,72h,NA,0.206,39
Thalianol,ThaH_F16_3OMG_Agar_Rep 1_2_72h,ThaH,ThaH,F16,3OMG,Agar,Rep 1,2,72h,NA,0.206,33
Thalianol,ThaS2_F16_Water_Agar_Rep 1_2_72h,ThaS1,ThaS1-2,F16,Water,Agar,Rep 1,2,72h,NA,0.206,30
Thalianol,ThaS2_F16_3OMG_Agar_Rep 1_10_72h,ThaS1,ThaS1-2,F16,3OMG,Agar,Rep 1,10,72h,NA,0.206,34
Thalianol,ThaS2_F16_Water_Agar_Rep 1_10_72h,ThaS1,ThaS1-2,F16,Water,Agar,Rep 1,10,72h,NA,0.207,30
Thalianol,ThaS2_MF_Water_Agar_Rep 1_37_1week,ThaS1,ThaS1-2,MF,Water,Agar,Rep 1,37,1week,NA,0.207,45
Thalianol,ThaD_MF_3OMG_Agar_Rep 1_15_1week,ThaD,ThaD,MF,3OMG,Agar,Rep 1,15,1week,NA,0.208,27
Thalianol,Col0_MF_Water_Agar_Rep 1_18_72h,Col0,Col0,MF,Water,Agar,Rep 1,18,72h,NA,0.209,43
Thalianol,Col0_F16_Water_Agar_Rep 1_24_72h,Col0,Col0,F16,Water,Agar,Rep 1,24,72h,NA,0.209,30
Thalianol,Col0_F16_3OMG_Agar_Rep 1_22_1week,Col0,Col0,F16,3OMG,Agar,Rep 1,22,1week,NA,0.209,34
Thalianol,Col0_MF_Water_Agar_Rep 1_28_2weeks,Col0,Col0,MF,Water,Agar,Rep 1,28,2weeks,NA,0.209,43
Thalianol,ThaD_F16_Water_Agar_Rep 1_12_2weeks,ThaD,ThaD,F16,Water,Agar,Rep 1,12,2weeks,NA,0.209,21
Thalianol,Col0_MF_3OMG_Agar_Rep 1_15_72h,Col0,Col0,MF,3OMG,Agar,Rep 1,15,72h,NA,0.211,31
Thalianol,Col0_MF_3OMG_Agar_Rep 1_19_72h,Col0,Col0,MF,3OMG,Agar,Rep 1,19,72h,NA,0.211,31
Thalianol,ThaD_MF_Water_Agar_Rep 1_17_72h,ThaD,ThaD,MF,Water,Agar,Rep 1,17,72h,NA,0.211,39
Thalianol,ThaH_F16_Water_Agar_Rep 1_9_2weeks,ThaH,ThaH,F16,Water,Agar,Rep 1,9,2weeks,NA,0.211,33
Thalianol,ThaS2_MF_3OMG_Agar_Rep 1_9_72h,ThaS1,ThaS1-2,MF,3OMG,Agar,Rep 1,9,72h,NA,0.211,37
Thalianol,Col0_F16_Water_Agar_Rep 1_15_72h,Col0,Col0,F16,Water,Agar,Rep 1,15,72h,NA,0.212,30
Thalianol,Col0_MF_Water_Agar_Rep 1_3_72h,Col0,Col0,MF,Water,Agar,Rep 1,3,72h,NA,0.213,43
Thalianol,Col0_F16_3OMG_Agar_Rep 1_12_72h,Col0,Col0,F16,3OMG,Agar,Rep 1,12,72h,NA,0.214,34
Thalianol,ThaH_MF_Water_Agar_Rep 1_3_2weeks,ThaH,ThaH,MF,Water,Agar,Rep 1,3,2weeks,NA,0.214,31
Thalianol,ThaS2_F16_Water_Agar_Rep 1_15_72h,ThaS1,ThaS1-2,F16,Water,Agar,Rep 1,15,72h,NA,0.215,30
Thalianol,Col0_MF_3OMG_Agar_Rep 1_6_72h,Col0,Col0,MF,3OMG,Agar,Rep 1,6,72h,NA,0.216,31
Thalianol,Col0_F16_3OMG_Agar_Rep 1_7_72h,Col0,Col0,F16,3OMG,Agar,Rep 1,7,72h,NA,0.217,34
Thalianol,ThaD_MF_3OMG_Agar_Rep 1_8_2weeks,ThaD,ThaD,MF,3OMG,Agar,Rep 1,8,2weeks,NA,0.217,27
Thalianol,Col0_F16_Water_Agar_Rep 1_12_1week,Col0,Col0,F16,Water,Agar,Rep 1,12,1week,NA,0.218,30
Thalianol,Col0_F16_3OMG_Agar_Rep 1_6_1week,Col0,Col0,F16,3OMG,Agar,Rep 1,6,1week,NA,0.218,34
Thalianol,ThaD_MF_3OMG_Agar_Rep 1_9_72h,ThaD,ThaD,MF,3OMG,Agar,Rep 1,9,72h,NA,0.218,27
Thalianol,ThaH_MF_3OMG_Agar_Rep 1_12_2weeks,ThaH,ThaH,MF,3OMG,Agar,Rep 1,12,2weeks,NA,0.218,31
Thalianol,ThaD_F16_Water_Agar_Rep 1_4_2weeks,ThaD,ThaD,F16,Water,Agar,Rep 1,4,2weeks,NA,0.219,21
Thalianol,ThaD_F16_Water_Agar_Rep 1_19_1week,ThaD,ThaD,F16,Water,Agar,Rep 1,19,1week,NA,0.22,21
Thalianol,ThaH_F16_Water_Agar_Rep 1_7_2weeks,ThaH,ThaH,F16,Water,Agar,Rep 1,7,2weeks,NA,0.22,33
Thalianol,Col0_F16_3OMG_Agar_Rep 1_13_72h,Col0,Col0,F16,3OMG,Agar,Rep 1,13,72h,NA,0.221,34
Thalianol,Col0_MF_Water_Agar_Rep 1_15_1week,Col0,Col0,MF,Water,Agar,Rep 1,15,1week,NA,0.221,43
Thalianol,ThaS2_F16_Water_Agar_Rep 1_4_72h,ThaS1,ThaS1-2,F16,Water,Agar,Rep 1,4,72h,NA,0.221,30
Thalianol,Col0_F16_Water_Agar_Rep 1_10_72h,Col0,Col0,F16,Water,Agar,Rep 1,10,72h,NA,0.222,30
Thalianol,Col0_F16_3OMG_Agar_Rep 1_9_72h,Col0,Col0,F16,3OMG,Agar,Rep 1,9,72h,NA,0.222,34
Thalianol,ThaH_MF_Water_Agar_Rep 1_19_1week,ThaH,ThaH,MF,Water,Agar,Rep 1,19,1week,NA,0.222,31
Thalianol,Col0_MF_Water_Agar_Rep 1_20_72h,Col0,Col0,MF,Water,Agar,Rep 1,20,72h,NA,0.223,43
Thalianol,ThaD_MF_Water_Agar_Rep 1_10_1week,ThaD,ThaD,MF,Water,Agar,Rep 1,10,1week,NA,0.224,39
Thalianol,ThaS2_F16_3OMG_Agar_Rep 1_19_72h,ThaS1,ThaS1-2,F16,3OMG,Agar,Rep 1,19,72h,NA,0.224,34
Thalianol,Col0_F16_Water_Agar_Rep 1_14_72h,Col0,Col0,F16,Water,Agar,Rep 1,14,72h,NA,0.225,30
Thalianol,ThaD_F16_Water_Agar_Rep 1_7_72h,ThaD,ThaD,F16,Water,Agar,Rep 1,7,72h,NA,0.225,21
Thalianol,Col0_MF_3OMG_Agar_Rep 1_14_72h,Col0,Col0,MF,3OMG,Agar,Rep 1,14,72h,NA,0.226,31
Thalianol,Col0_F16_3OMG_Agar_Rep 1_16_72h,Col0,Col0,F16,3OMG,Agar,Rep 1,16,72h,NA,0.227,34
Thalianol,Col0_F16_3OMG_Agar_Rep 1_22_72h,Col0,Col0,F16,3OMG,Agar,Rep 1,22,72h,NA,0.227,34
Thalianol,Col0_MF_Water_Agar_Rep 1_28_72h,Col0,Col0,MF,Water,Agar,Rep 1,28,72h,NA,0.228,43
Thalianol,Col0_F16_Water_Agar_Rep 1_17_72h,Col0,Col0,F16,Water,Agar,Rep 1,17,72h,NA,0.228,30
Thalianol,Col0_F16_Water_Agar_Rep 1_21_1week,Col0,Col0,F16,Water,Agar,Rep 1,21,1week,NA,0.228,30
Thalianol,ThaS2_F16_Water_Agar_Rep 1_30_2weeks,ThaS1,ThaS1-2,F16,Water,Agar,Rep 1,30,2weeks,NA,0.228,30
Thalianol,Col0_MF_Water_Agar_Rep 1_6_72h,Col0,Col0,MF,Water,Agar,Rep 1,6,72h,NA,0.229,43
Thalianol,Col0_F16_Water_Agar_Rep 1_1_72h,Col0,Col0,F16,Water,Agar,Rep 1,1,72h,NA,0.229,30
Thalianol,Col0_F16_3OMG_Agar_Rep 1_4_72h,Col0,Col0,F16,3OMG,Agar,Rep 1,4,72h,NA,0.229,34
Thalianol,Col0_F16_Water_Agar_Rep 1_10_1week,Col0,Col0,F16,Water,Agar,Rep 1,10,1week,NA,0.229,30
Thalianol,Col0_MF_Water_Agar_Rep 1_22_72h,Col0,Col0,MF,Water,Agar,Rep 1,22,72h,NA,0.23,43
Thalianol,ThaD_MF_3OMG_Agar_Rep 1_17_1week,ThaD,ThaD,MF,3OMG,Agar,Rep 1,17,1week,NA,0.23,27
Thalianol,ThaS2_F16_Water_Agar_Rep 1_12_72h,ThaS1,ThaS1-2,F16,Water,Agar,Rep 1,12,72h,NA,0.23,30
Thalianol,Col0_F16_3OMG_Agar_Rep 1_3_72h,Col0,Col0,F16,3OMG,Agar,Rep 1,3,72h,NA,0.231,34
Thalianol,Col0_MF_3OMG_Agar_Rep 1_7_2weeks,Col0,Col0,MF,3OMG,Agar,Rep 1,7,2weeks,NA,0.231,31
Thalianol,ThaS2_F16_3OMG_Agar_Rep 1_6_72h,ThaS1,ThaS1-2,F16,3OMG,Agar,Rep 1,6,72h,NA,0.231,34
Thalianol,ThaS2_MF_Water_Agar_Rep 1_1_1week,ThaS1,ThaS1-2,MF,Water,Agar,Rep 1,1,1week,NA,0.231,45
Thalianol,Col0_F16_Water_Agar_Rep 1_27_2weeks,Col0,Col0,F16,Water,Agar,Rep 1,27,2weeks,NA,0.232,30
Thalianol,ThaS2_MF_Water_Agar_Rep 1_43_2weeks,ThaS1,ThaS1-2,MF,Water,Agar,Rep 1,43,2weeks,NA,0.232,45
Thalianol,Col0_MF_3OMG_Agar_Rep 1_4_2weeks,Col0,Col0,MF,3OMG,Agar,Rep 1,4,2weeks,NA,0.233,31
Thalianol,ThaS2_F16_Water_Agar_Rep 1_19_1week,ThaS1,ThaS1-2,F16,Water,Agar,Rep 1,19,1week,NA,0.233,30
Thalianol,Col0_MF_Water_Agar_Rep 1_16_72h,Col0,Col0,MF,Water,Agar,Rep 1,16,72h,NA,0.234,43
Thalianol,Col0_F16_Water_Agar_Rep 1_7_72h,Col0,Col0,F16,Water,Agar,Rep 1,7,72h,NA,0.234,30
Thalianol,Col0_MF_Water_Agar_Rep 1_10_72h,Col0,Col0,MF,Water,Agar,Rep 1,10,72h,NA,0.235,43
Thalianol,Col0_MF_Water_Agar_Rep 1_15_72h,Col0,Col0,MF,Water,Agar,Rep 1,15,72h,NA,0.235,43
Thalianol,ThaD_MF_Water_Agar_Rep 1_24_72h,ThaD,ThaD,MF,Water,Agar,Rep 1,24,72h,NA,0.235,39
Thalianol,Col0_F16_Water_Agar_Rep 1_22_2weeks,Col0,Col0,F16,Water,Agar,Rep 1,22,2weeks,NA,0.237,30
Thalianol,ThaD_F16_Water_Agar_Rep 1_5_72h,ThaD,ThaD,F16,Water,Agar,Rep 1,5,72h,NA,0.237,21
Thalianol,ThaH_F16_Water_Agar_Rep 1_7_1week,ThaH,ThaH,F16,Water,Agar,Rep 1,7,1week,NA,0.237,33
Thalianol,ThaD_MF_Water_Agar_Rep 1_6_72h,ThaD,ThaD,MF,Water,Agar,Rep 1,6,72h,NA,0.238,39
Thalianol,ThaD_F16_Water_Agar_Rep 1_14_1week,ThaD,ThaD,F16,Water,Agar,Rep 1,14,1week,NA,0.239,21
Thalianol,ThaH_MF_Water_Agar_Rep 1_16_1week,ThaH,ThaH,MF,Water,Agar,Rep 1,16,1week,NA,0.239,31
Thalianol,Col0_MF_3OMG_Agar_Rep 1_26_1week,Col0,Col0,MF,3OMG,Agar,Rep 1,26,1week,NA,0.24,31
Thalianol,ThaS2_F16_3OMG_Agar_Rep 1_11_72h,ThaS1,ThaS1-2,F16,3OMG,Agar,Rep 1,11,72h,NA,0.24,34
Thalianol,ThaS2_F16_Water_Agar_Rep 1_24_1week,ThaS1,ThaS1-2,F16,Water,Agar,Rep 1,24,1week,NA,0.24,30
Thalianol,ThaS2_F16_Water_Agar_Rep 1_11_1week,ThaS1,ThaS1-2,F16,Water,Agar,Rep 1,11,1week,NA,0.242,30
Thalianol,ThaS2_MF_Water_Agar_Rep 1_44_2weeks,ThaS1,ThaS1-2,MF,Water,Agar,Rep 1,44,2weeks,NA,0.242,45
Thalianol,Col0_F16_Water_Agar_Rep 1_25_1week,Col0,Col0,F16,Water,Agar,Rep 1,25,1week,NA,0.243,30
Thalianol,ThaH_MF_3OMG_Agar_Rep 1_5_1week,ThaH,ThaH,MF,3OMG,Agar,Rep 1,5,1week,NA,0.243,31
Thalianol,ThaS2_F16_Water_Agar_Rep 1_9_72h,ThaS1,ThaS1-2,F16,Water,Agar,Rep 1,9,72h,NA,0.243,30
Thalianol,ThaS2_MF_Water_Agar_Rep 1_3_1week,ThaS1,ThaS1-2,MF,Water,Agar,Rep 1,3,1week,NA,0.244,45
Thalianol,ThaS2_MF_3OMG_Agar_Rep 1_1_1week,ThaS1,ThaS1-2,MF,3OMG,Agar,Rep 1,1,1week,NA,0.244,37
Thalianol,ThaS2_F16_3OMG_Agar_Rep 1_17_72h,ThaS1,ThaS1-2,F16,3OMG,Agar,Rep 1,17,72h,NA,0.246,34
Thalianol,ThaS2_MF_3OMG_Agar_Rep 1_1_72h,ThaS1,ThaS1-2,MF,3OMG,Agar,Rep 1,1,72h,NA,0.247,37
Thalianol,ThaS2_MF_3OMG_Agar_Rep 1_29_72h,ThaS1,ThaS1-2,MF,3OMG,Agar,Rep 1,29,72h,NA,0.247,37
Thalianol,Col0_F16_3OMG_Agar_Rep 1_29_72h,Col0,Col0,F16,3OMG,Agar,Rep 1,29,72h,NA,0.249,34
Thalianol,Col0_F16_3OMG_Agar_Rep 1_19_1week,Col0,Col0,F16,3OMG,Agar,Rep 1,19,1week,NA,0.25,34
Thalianol,ThaD_MF_Water_Agar_Rep 1_9_72h,ThaD,ThaD,MF,Water,Agar,Rep 1,9,72h,NA,0.25,39
Thalianol,ThaH_F16_3OMG_Agar_Rep 1_20_2weeks,ThaH,ThaH,F16,3OMG,Agar,Rep 1,20,2weeks,NA,0.25,33
Thalianol,ThaD_MF_Water_Agar_Rep 1_7_1week,ThaD,ThaD,MF,Water,Agar,Rep 1,7,1week,NA,0.251,39
Thalianol,ThaD_MF_3OMG_Agar_Rep 1_13_1week,ThaD,ThaD,MF,3OMG,Agar,Rep 1,13,1week,NA,0.251,27
Thalianol,ThaH_MF_3OMG_Agar_Rep 1_14_1week,ThaH,ThaH,MF,3OMG,Agar,Rep 1,14,1week,NA,0.251,31
Thalianol,ThaS2_F16_3OMG_Agar_Rep 1_20_72h,ThaS1,ThaS1-2,F16,3OMG,Agar,Rep 1,20,72h,NA,0.251,34
Thalianol,Col0_MF_3OMG_Agar_Rep 1_12_72h,Col0,Col0,MF,3OMG,Agar,Rep 1,12,72h,NA,0.253,31
Thalianol,ThaS2_F16_3OMG_Agar_Rep 1_2_72h,ThaS1,ThaS1-2,F16,3OMG,Agar,Rep 1,2,72h,NA,0.253,34
Thalianol,Col0_MF_3OMG_Agar_Rep 1_11_72h,Col0,Col0,MF,3OMG,Agar,Rep 1,11,72h,NA,0.255,31
Thalianol,Col0_F16_Water_Agar_Rep 1_13_72h,Col0,Col0,F16,Water,Agar,Rep 1,13,72h,NA,0.255,30
Thalianol,Col0_MF_Water_Agar_Rep 1_33_72h,Col0,Col0,MF,Water,Agar,Rep 1,33,72h,NA,0.256,43
Thalianol,Col0_F16_3OMG_Agar_Rep 1_21_72h,Col0,Col0,F16,3OMG,Agar,Rep 1,21,72h,NA,0.256,34
Thalianol,ThaH_F16_Water_Agar_Rep 1_8_2weeks,ThaH,ThaH,F16,Water,Agar,Rep 1,8,2weeks,NA,0.256,33
Thalianol,Col0_F16_Water_Agar_Rep 1_8_72h,Col0,Col0,F16,Water,Agar,Rep 1,8,72h,NA,0.258,30
Thalianol,ThaH_MF_3OMG_Agar_Rep 1_13_1week,ThaH,ThaH,MF,3OMG,Agar,Rep 1,13,1week,NA,0.258,31
Thalianol,ThaS2_F16_3OMG_Agar_Rep 1_5_72h,ThaS1,ThaS1-2,F16,3OMG,Agar,Rep 1,5,72h,NA,0.258,34
Thalianol,Col0_MF_Water_Agar_Rep 1_12_72h,Col0,Col0,MF,Water,Agar,Rep 1,12,72h,NA,0.259,43
Thalianol,ThaH_MF_3OMG_Agar_Rep 1_8_2weeks,ThaH,ThaH,MF,3OMG,Agar,Rep 1,8,2weeks,NA,0.259,31
Thalianol,Col0_F16_Water_Agar_Rep 1_12_2weeks,Col0,Col0,F16,Water,Agar,Rep 1,12,2weeks,NA,0.26,30
Thalianol,ThaS2_F16_Water_Agar_Rep 1_29_2weeks,ThaS1,ThaS1-2,F16,Water,Agar,Rep 1,29,2weeks,NA,0.26,30
Thalianol,Col0_MF_3OMG_Agar_Rep 1_20_72h,Col0,Col0,MF,3OMG,Agar,Rep 1,20,72h,NA,0.261,31
Thalianol,Col0_F16_Water_Agar_Rep 1_26_2weeks,Col0,Col0,F16,Water,Agar,Rep 1,26,2weeks,NA,0.261,30
Thalianol,ThaD_F16_Water_Agar_Rep 1_3_72h,ThaD,ThaD,F16,Water,Agar,Rep 1,3,72h,NA,0.261,21
Thalianol,ThaH_MF_Water_Agar_Rep 1_14_1week,ThaH,ThaH,MF,Water,Agar,Rep 1,14,1week,NA,0.264,31
Thalianol,ThaH_F16_Water_Agar_Rep 1_4_1week,ThaH,ThaH,F16,Water,Agar,Rep 1,4,1week,NA,0.264,33
Thalianol,Col0_MF_3OMG_Agar_Rep 1_10_72h,Col0,Col0,MF,3OMG,Agar,Rep 1,10,72h,NA,0.266,31
Thalianol,ThaH_MF_Water_Agar_Rep 1_20_1week,ThaH,ThaH,MF,Water,Agar,Rep 1,20,1week,NA,0.266,31
Thalianol,Col0_F16_3OMG_Agar_Rep 1_1_72h,Col0,Col0,F16,3OMG,Agar,Rep 1,1,72h,NA,0.267,34
Thalianol,ThaD_F16_Water_Agar_Rep 1_9_1week,ThaD,ThaD,F16,Water,Agar,Rep 1,9,1week,NA,0.267,21
Thalianol,Col0_MF_3OMG_Agar_Rep 1_23_72h,Col0,Col0,MF,3OMG,Agar,Rep 1,23,72h,NA,0.269,31
Thalianol,ThaD_MF_Water_Agar_Rep 1_2_72h,ThaD,ThaD,MF,Water,Agar,Rep 1,2,72h,NA,0.27,39
Thalianol,Col0_F16_3OMG_Agar_Rep 1_13_1week,Col0,Col0,F16,3OMG,Agar,Rep 1,13,1week,NA,0.272,34
Thalianol,ThaH_MF_3OMG_Agar_Rep 1_6_1week,ThaH,ThaH,MF,3OMG,Agar,Rep 1,6,1week,NA,0.273,31
Thalianol,ThaS2_F16_Water_Agar_Rep 1_26_2weeks,ThaS1,ThaS1-2,F16,Water,Agar,Rep 1,26,2weeks,NA,0.273,30
Thalianol,ThaH_MF_Water_Agar_Rep 1_20_2weeks,ThaH,ThaH,MF,Water,Agar,Rep 1,20,2weeks,NA,0.274,31
Thalianol,Col0_F16_3OMG_Agar_Rep 1_23_72h,Col0,Col0,F16,3OMG,Agar,Rep 1,23,72h,NA,0.276,34
Thalianol,Col0_MF_Water_Agar_Rep 1_8_72h,Col0,Col0,MF,Water,Agar,Rep 1,8,72h,NA,0.277,43
Thalianol,Col0_MF_3OMG_Agar_Rep 1_1_72h,Col0,Col0,MF,3OMG,Agar,Rep 1,1,72h,NA,0.277,31
Thalianol,Col0_F16_3OMG_Agar_Rep 1_20_72h,Col0,Col0,F16,3OMG,Agar,Rep 1,20,72h,NA,0.277,34
Thalianol,ThaD_F16_Water_Agar_Rep 1_1_72h,ThaD,ThaD,F16,Water,Agar,Rep 1,1,72h,NA,0.277,21
Thalianol,ThaS2_F16_3OMG_Agar_Rep 1_22_72h,ThaS1,ThaS1-2,F16,3OMG,Agar,Rep 1,22,72h,NA,0.277,34
Thalianol,Col0_F16_3OMG_Agar_Rep 1_26_72h,Col0,Col0,F16,3OMG,Agar,Rep 1,26,72h,NA,0.278,34
Thalianol,ThaH_F16_3OMG_Agar_Rep 1_13_2weeks,ThaH,ThaH,F16,3OMG,Agar,Rep 1,13,2weeks,NA,0.279,33
Thalianol,ThaD_F16_3OMG_Agar_Rep 1_13_2weeks,ThaD,ThaD,F16,3OMG,Agar,Rep 1,13,2weeks,NA,0.28,27
Thalianol,Col0_F16_Water_Agar_Rep 1_14_1week,Col0,Col0,F16,Water,Agar,Rep 1,14,1week,NA,0.281,30
Thalianol,Col0_MF_Water_Agar_Rep 1_34_72h,Col0,Col0,MF,Water,Agar,Rep 1,34,72h,NA,0.282,43
Thalianol,Col0_MF_3OMG_Agar_Rep 1_2_72h,Col0,Col0,MF,3OMG,Agar,Rep 1,2,72h,NA,0.282,31
Thalianol,Col0_F16_Water_Agar_Rep 1_15_1week,Col0,Col0,F16,Water,Agar,Rep 1,15,1week,NA,0.282,30
Thalianol,ThaS2_F16_Water_Agar_Rep 1_12_1week,ThaS1,ThaS1-2,F16,Water,Agar,Rep 1,12,1week,NA,0.283,30
Thalianol,Col0_MF_Water_Agar_Rep 1_31_72h,Col0,Col0,MF,Water,Agar,Rep 1,31,72h,NA,0.285,43
Thalianol,ThaS2_MF_Water_Agar_Rep 1_38_1week,ThaS1,ThaS1-2,MF,Water,Agar,Rep 1,38,1week,NA,0.285,45
Thalianol,Col0_MF_3OMG_Agar_Rep 1_17_1week,Col0,Col0,MF,3OMG,Agar,Rep 1,17,1week,NA,0.286,31
Thalianol,Col0_F16_3OMG_Agar_Rep 1_15_1week,Col0,Col0,F16,3OMG,Agar,Rep 1,15,1week,NA,0.286,34
Thalianol,ThaD_MF_3OMG_Agar_Rep 1_18_1week,ThaD,ThaD,MF,3OMG,Agar,Rep 1,18,1week,NA,0.286,27
Thalianol,ThaD_MF_3OMG_Agar_Rep 1_4_2weeks,ThaD,ThaD,MF,3OMG,Agar,Rep 1,4,2weeks,NA,0.289,27
Thalianol,ThaS2_MF_3OMG_Agar_Rep 1_32_2weeks,ThaS1,ThaS1-2,MF,3OMG,Agar,Rep 1,32,2weeks,NA,0.289,37
Thalianol,ThaD_MF_3OMG_Agar_Rep 1_2_1week,ThaD,ThaD,MF,3OMG,Agar,Rep 1,2,1week,NA,0.29,27
Thalianol,Col0_F16_Water_Agar_Rep 1_5_1week,Col0,Col0,F16,Water,Agar,Rep 1,5,1week,NA,0.291,30
Thalianol,ThaS2_MF_Water_Agar_Rep 1_5_2weeks,ThaS1,ThaS1-2,MF,Water,Agar,Rep 1,5,2weeks,NA,0.292,45
Thalianol,ThaD_MF_3OMG_Agar_Rep 1_1_72h,ThaD,ThaD,MF,3OMG,Agar,Rep 1,1,72h,NA,0.293,27
Thalianol,Col0_MF_Water_Agar_Rep 1_1_72h,Col0,Col0,MF,Water,Agar,Rep 1,1,72h,NA,0.294,43
Thalianol,Col0_F16_Water_Agar_Rep 1_17_1week,Col0,Col0,F16,Water,Agar,Rep 1,17,1week,NA,0.294,30
Thalianol,Col0_MF_3OMG_Agar_Rep 1_10_2weeks,Col0,Col0,MF,3OMG,Agar,Rep 1,10,2weeks,NA,0.294,31
Thalianol,ThaS2_F16_3OMG_Agar_Rep 1_26_1week,ThaS1,ThaS1-2,F16,3OMG,Agar,Rep 1,26,1week,NA,0.295,34
Thalianol,ThaS2_MF_3OMG_Agar_Rep 1_3_2weeks,ThaS1,ThaS1-2,MF,3OMG,Agar,Rep 1,3,2weeks,NA,0.296,37
Thalianol,ThaS2_F16_Water_Agar_Rep 1_25_2weeks,ThaS1,ThaS1-2,F16,Water,Agar,Rep 1,25,2weeks,NA,0.296,30
Thalianol,ThaD_MF_Water_Agar_Rep 1_14_1week,ThaD,ThaD,MF,Water,Agar,Rep 1,14,1week,NA,0.299,39
Thalianol,ThaS2_F16_3OMG_Agar_Rep 1_17_1week,ThaS1,ThaS1-2,F16,3OMG,Agar,Rep 1,17,1week,NA,0.299,34
Thalianol,Col0_MF_Water_Agar_Rep 1_16_1week,Col0,Col0,MF,Water,Agar,Rep 1,16,1week,NA,0.303,43
Thalianol,Col0_F16_Water_Agar_Rep 1_9_2weeks,Col0,Col0,F16,Water,Agar,Rep 1,9,2weeks,NA,0.303,30
Thalianol,ThaS2_F16_3OMG_Agar_Rep 1_12_1week,ThaS1,ThaS1-2,F16,3OMG,Agar,Rep 1,12,1week,NA,0.303,34
Thalianol,ThaD_F16_Water_Agar_Rep 1_8_2weeks,ThaD,ThaD,F16,Water,Agar,Rep 1,8,2weeks,NA,0.306,21
Thalianol,ThaS2_MF_Water_Agar_Rep 1_30_1week,ThaS1,ThaS1-2,MF,Water,Agar,Rep 1,30,1week,NA,0.306,45
Thalianol,Col0_F16_Water_Agar_Rep 1_23_72h,Col0,Col0,F16,Water,Agar,Rep 1,23,72h,NA,0.309,30
Thalianol,Col0_F16_Water_Agar_Rep 1_13_1week,Col0,Col0,F16,Water,Agar,Rep 1,13,1week,NA,0.309,30
Thalianol,Col0_F16_Water_Agar_Rep 1_6_1week,Col0,Col0,F16,Water,Agar,Rep 1,6,1week,NA,0.31,30
Thalianol,Col0_F16_Water_Agar_Rep 1_20_1week,Col0,Col0,F16,Water,Agar,Rep 1,20,1week,NA,0.31,30
Thalianol,Col0_F16_3OMG_Agar_Rep 1_17_1week,Col0,Col0,F16,3OMG,Agar,Rep 1,17,1week,NA,0.311,34
Thalianol,Col0_F16_Water_Agar_Rep 1_23_1week,Col0,Col0,F16,Water,Agar,Rep 1,23,1week,NA,0.312,30
Thalianol,ThaS2_MF_3OMG_Agar_Rep 1_22_2weeks,ThaS1,ThaS1-2,MF,3OMG,Agar,Rep 1,22,2weeks,NA,0.312,37
Thalianol,ThaS2_F16_3OMG_Agar_Rep 1_22_2weeks,ThaS1,ThaS1-2,F16,3OMG,Agar,Rep 1,22,2weeks,NA,0.312,34
Thalianol,ThaS2_F16_Water_Agar_Rep 1_4_1week,ThaS1,ThaS1-2,F16,Water,Agar,Rep 1,4,1week,NA,0.314,30
Thalianol,ThaD_F16_Water_Agar_Rep 1_17_2weeks,ThaD,ThaD,F16,Water,Agar,Rep 1,17,2weeks,NA,0.317,21
Thalianol,ThaD_F16_Water_Agar_Rep 1_17_1week,ThaD,ThaD,F16,Water,Agar,Rep 1,17,1week,NA,0.318,21
Thalianol,ThaH_F16_Water_Agar_Rep 1_2_72h,ThaH,ThaH,F16,Water,Agar,Rep 1,2,72h,NA,0.318,33
Thalianol,ThaH_F16_Water_Agar_Rep 1_3_2weeks,ThaH,ThaH,F16,Water,Agar,Rep 1,3,2weeks,NA,0.318,33
Thalianol,Col0_MF_3OMG_Agar_Rep 1_23_2weeks,Col0,Col0,MF,3OMG,Agar,Rep 1,23,2weeks,NA,0.322,31
Thalianol,ThaS2_MF_Water_Agar_Rep 1_41_2weeks,ThaS1,ThaS1-2,MF,Water,Agar,Rep 1,41,2weeks,NA,0.322,45
Thalianol,ThaH_MF_Water_Agar_Rep 1_13_2weeks,ThaH,ThaH,MF,Water,Agar,Rep 1,13,2weeks,NA,0.324,31
Thalianol,Col0_MF_Water_Agar_Rep 1_23_1week,Col0,Col0,MF,Water,Agar,Rep 1,23,1week,NA,0.326,43
Thalianol,Col0_F16_Water_Agar_Rep 1_18_1week,Col0,Col0,F16,Water,Agar,Rep 1,18,1week,NA,0.329,30
Thalianol,Col0_MF_3OMG_Agar_Rep 1_8_1week,Col0,Col0,MF,3OMG,Agar,Rep 1,8,1week,NA,0.332,31
Thalianol,Col0_MF_3OMG_Agar_Rep 1_9_1week,Col0,Col0,MF,3OMG,Agar,Rep 1,9,1week,NA,0.332,31
Thalianol,Col0_F16_Water_Agar_Rep 1_28_2weeks,Col0,Col0,F16,Water,Agar,Rep 1,28,2weeks,NA,0.332,30
Thalianol,ThaD_F16_3OMG_Agar_Rep 1_6_1week,ThaD,ThaD,F16,3OMG,Agar,Rep 1,6,1week,NA,0.333,27
Thalianol,ThaS2_F16_Water_Agar_Rep 1_9_1week,ThaS1,ThaS1-2,F16,Water,Agar,Rep 1,9,1week,NA,0.333,30
Thalianol,Col0_F16_Water_Agar_Rep 1_11_1week,Col0,Col0,F16,Water,Agar,Rep 1,11,1week,NA,0.336,30
Thalianol,Col0_F16_Water_Agar_Rep 1_6_2weeks,Col0,Col0,F16,Water,Agar,Rep 1,6,2weeks,NA,0.337,30
Thalianol,ThaS2_MF_3OMG_Agar_Rep 1_30_2weeks,ThaS1,ThaS1-2,MF,3OMG,Agar,Rep 1,30,2weeks,NA,0.337,37
Thalianol,ThaD_F16_3OMG_Agar_Rep 1_8_1week,ThaD,ThaD,F16,3OMG,Agar,Rep 1,8,1week,NA,0.338,27
Thalianol,ThaS2_MF_Water_Agar_Rep 1_34_2weeks,ThaS1,ThaS1-2,MF,Water,Agar,Rep 1,34,2weeks,NA,0.339,45
Thalianol,Col0_F16_Water_Agar_Rep 1_8_2weeks,Col0,Col0,F16,Water,Agar,Rep 1,8,2weeks,NA,0.34,30
Thalianol,Col0_F16_Water_Agar_Rep 1_8_1week,Col0,Col0,F16,Water,Agar,Rep 1,8,1week,NA,0.341,30
Thalianol,ThaD_F16_Water_Agar_Rep 1_7_2weeks,ThaD,ThaD,F16,Water,Agar,Rep 1,7,2weeks,NA,0.344,21
Thalianol,Col0_MF_Water_Agar_Rep 1_2_1week,Col0,Col0,MF,Water,Agar,Rep 1,2,1week,NA,0.345,43
Thalianol,Col0_MF_Water_Agar_Rep 1_22_1week,Col0,Col0,MF,Water,Agar,Rep 1,22,1week,NA,0.346,43
Thalianol,ThaS2_MF_Water_Agar_Rep 1_31_1week,ThaS1,ThaS1-2,MF,Water,Agar,Rep 1,31,1week,NA,0.348,45
Thalianol,ThaS2_MF_Water_Agar_Rep 1_42_2weeks,ThaS1,ThaS1-2,MF,Water,Agar,Rep 1,42,2weeks,NA,0.348,45
Thalianol,ThaH_MF_Water_Agar_Rep 1_21_1week,ThaH,ThaH,MF,Water,Agar,Rep 1,21,1week,NA,0.349,31
Thalianol,Col0_F16_Water_Agar_Rep 1_23_2weeks,Col0,Col0,F16,Water,Agar,Rep 1,23,2weeks,NA,0.35,30
Thalianol,Col0_MF_Water_Agar_Rep 1_41_2weeks,Col0,Col0,MF,Water,Agar,Rep 1,41,2weeks,NA,0.355,43
Thalianol,Col0_MF_Water_Agar_Rep 1_25_1week,Col0,Col0,MF,Water,Agar,Rep 1,25,1week,NA,0.356,43
Thalianol,ThaS2_F16_3OMG_Agar_Rep 1_24_1week,ThaS1,ThaS1-2,F16,3OMG,Agar,Rep 1,24,1week,NA,0.356,34
Thalianol,Col0_MF_Water_Agar_Rep 1_36_1week,Col0,Col0,MF,Water,Agar,Rep 1,36,1week,NA,0.36,43
Thalianol,Col0_MF_Water_Agar_Rep 1_35_2weeks,Col0,Col0,MF,Water,Agar,Rep 1,35,2weeks,NA,0.36,43
Thalianol,Col0_F16_Water_Agar_Rep 1_20_2weeks,Col0,Col0,F16,Water,Agar,Rep 1,20,2weeks,NA,0.36,30
Thalianol,ThaS2_MF_Water_Agar_Rep 1_31_2weeks,ThaS1,ThaS1-2,MF,Water,Agar,Rep 1,31,2weeks,NA,0.362,45
Thalianol,Col0_F16_Water_Agar_Rep 1_21_2weeks,Col0,Col0,F16,Water,Agar,Rep 1,21,2weeks,NA,0.363,30
Thalianol,ThaS2_F16_3OMG_Agar_Rep 1_14_1week,ThaS1,ThaS1-2,F16,3OMG,Agar,Rep 1,14,1week,NA,0.363,34
Thalianol,ThaH_MF_3OMG_Agar_Rep 1_3_1week,ThaH,ThaH,MF,3OMG,Agar,Rep 1,3,1week,NA,0.371,31
Thalianol,ThaS2_F16_3OMG_Agar_Rep 1_8_2weeks,ThaS1,ThaS1-2,F16,3OMG,Agar,Rep 1,8,2weeks,NA,0.371,34
Thalianol,Col0_MF_3OMG_Agar_Rep 1_15_1week,Col0,Col0,MF,3OMG,Agar,Rep 1,15,1week,NA,0.373,31
Thalianol,Col0_F16_Water_Agar_Rep 1_7_1week,Col0,Col0,F16,Water,Agar,Rep 1,7,1week,NA,0.375,30
Thalianol,ThaH_F16_Water_Agar_Rep 1_15_1week,ThaH,ThaH,F16,Water,Agar,Rep 1,15,1week,NA,0.375,33
Thalianol,ThaD_MF_3OMG_Agar_Rep 1_10_2weeks,ThaD,ThaD,MF,3OMG,Agar,Rep 1,10,2weeks,NA,0.376,27
Thalianol,ThaS2_F16_Water_Agar_Rep 1_10_1week,ThaS1,ThaS1-2,F16,Water,Agar,Rep 1,10,1week,NA,0.376,30
Thalianol,ThaH_MF_Water_Agar_Rep 1_18_1week,ThaH,ThaH,MF,Water,Agar,Rep 1,18,1week,NA,0.378,31
Thalianol,Col0_F16_Water_Agar_Rep 1_19_1week,Col0,Col0,F16,Water,Agar,Rep 1,19,1week,NA,0.38,30
Thalianol,ThaS2_F16_Water_Agar_Rep 1_21_1week,ThaS1,ThaS1-2,F16,Water,Agar,Rep 1,21,1week,NA,0.38,30
Thalianol,ThaD_MF_Water_Agar_Rep 1_8_2weeks,ThaD,ThaD,MF,Water,Agar,Rep 1,8,2weeks,NA,0.382,39
Thalianol,ThaD_MF_3OMG_Agar_Rep 1_16_2weeks,ThaD,ThaD,MF,3OMG,Agar,Rep 1,16,2weeks,NA,0.383,27
Thalianol,ThaH_F16_3OMG_Agar_Rep 1_20_1week,ThaH,ThaH,F16,3OMG,Agar,Rep 1,20,1week,NA,0.383,33
Thalianol,Col0_MF_Water_Agar_Rep 1_40_2weeks,Col0,Col0,MF,Water,Agar,Rep 1,40,2weeks,NA,0.386,43
Thalianol,ThaS2_MF_3OMG_Agar_Rep 1_3_1week,ThaS1,ThaS1-2,MF,3OMG,Agar,Rep 1,3,1week,NA,0.386,37
Thalianol,ThaS2_MF_3OMG_Agar_Rep 1_32_1week,ThaS1,ThaS1-2,MF,3OMG,Agar,Rep 1,32,1week,NA,0.386,37
Thalianol,Col0_F16_3OMG_Agar_Rep 1_14_1week,Col0,Col0,F16,3OMG,Agar,Rep 1,14,1week,NA,0.387,34
Thalianol,Col0_MF_Water_Agar_Rep 1_42_2weeks,Col0,Col0,MF,Water,Agar,Rep 1,42,2weeks,NA,0.387,43
Thalianol,ThaD_F16_Water_Agar_Rep 1_16_2weeks,ThaD,ThaD,F16,Water,Agar,Rep 1,16,2weeks,NA,0.387,21
Thalianol,ThaS2_F16_Water_Agar_Rep 1_14_1week,ThaS1,ThaS1-2,F16,Water,Agar,Rep 1,14,1week,NA,0.387,30
Thalianol,Col0_MF_3OMG_Agar_Rep 1_20_2weeks,Col0,Col0,MF,3OMG,Agar,Rep 1,20,2weeks,NA,0.388,31
Thalianol,ThaS2_MF_Water_Agar_Rep 1_40_2weeks,ThaS1,ThaS1-2,MF,Water,Agar,Rep 1,40,2weeks,NA,0.388,45
Thalianol,ThaH_F16_3OMG_Agar_Rep 1_6_1week,ThaH,ThaH,F16,3OMG,Agar,Rep 1,6,1week,NA,0.389,33
Thalianol,ThaS2_MF_Water_Agar_Rep 1_17_1week,ThaS1,ThaS1-2,MF,Water,Agar,Rep 1,17,1week,NA,0.392,45
Thalianol,ThaS2_MF_Water_Agar_Rep 1_39_1week,ThaS1,ThaS1-2,MF,Water,Agar,Rep 1,39,1week,NA,0.392,45
Thalianol,Col0_F16_3OMG_Agar_Rep 1_9_2weeks,Col0,Col0,F16,3OMG,Agar,Rep 1,9,2weeks,NA,0.393,34
Thalianol,ThaS2_F16_3OMG_Agar_Rep 1_23_2weeks,ThaS1,ThaS1-2,F16,3OMG,Agar,Rep 1,23,2weeks,NA,0.394,34
Thalianol,Col0_MF_3OMG_Agar_Rep 1_14_2weeks,Col0,Col0,MF,3OMG,Agar,Rep 1,14,2weeks,NA,0.397,31
Thalianol,ThaD_F16_Water_Agar_Rep 1_2_1week,ThaD,ThaD,F16,Water,Agar,Rep 1,2,1week,NA,0.397,21
Thalianol,ThaS2_F16_3OMG_Agar_Rep 1_9_1week,ThaS1,ThaS1-2,F16,3OMG,Agar,Rep 1,9,1week,NA,0.399,34
Thalianol,ThaS2_F16_Water_Agar_Rep 1_17_2weeks,ThaS1,ThaS1-2,F16,Water,Agar,Rep 1,17,2weeks,NA,0.4,30
Thalianol,ThaH_F16_3OMG_Agar_Rep 1_4_1week,ThaH,ThaH,F16,3OMG,Agar,Rep 1,4,1week,NA,0.401,33
Thalianol,ThaH_MF_3OMG_Agar_Rep 1_1_1week,ThaH,ThaH,MF,3OMG,Agar,Rep 1,1,1week,NA,0.402,31
Thalianol,ThaH_F16_3OMG_Agar_Rep 1_21_2weeks,ThaH,ThaH,F16,3OMG,Agar,Rep 1,21,2weeks,NA,0.402,33
Thalianol,ThaH_MF_Water_Agar_Rep 1_23_2weeks,ThaH,ThaH,MF,Water,Agar,Rep 1,23,2weeks,NA,0.404,31
Thalianol,ThaH_F16_Water_Agar_Rep 1_3_1week,ThaH,ThaH,F16,Water,Agar,Rep 1,3,1week,NA,0.405,33
Thalianol,ThaH_MF_Water_Agar_Rep 1_19_2weeks,ThaH,ThaH,MF,Water,Agar,Rep 1,19,2weeks,NA,0.406,31
Thalianol,ThaH_F16_3OMG_Agar_Rep 1_18_1week,ThaH,ThaH,F16,3OMG,Agar,Rep 1,18,1week,NA,0.407,33
Thalianol,ThaS2_MF_Water_Agar_Rep 1_33_2weeks,ThaS1,ThaS1-2,MF,Water,Agar,Rep 1,33,2weeks,NA,0.407,45
Thalianol,ThaS2_F16_Water_Agar_Rep 1_18_1week,ThaS1,ThaS1-2,F16,Water,Agar,Rep 1,18,1week,NA,0.408,30
Thalianol,ThaS2_F16_Water_Agar_Rep 1_26_1week,ThaS1,ThaS1-2,F16,Water,Agar,Rep 1,26,1week,NA,0.41,30
Thalianol,ThaH_F16_Water_Agar_Rep 1_14_1week,ThaH,ThaH,F16,Water,Agar,Rep 1,14,1week,NA,0.415,33
Thalianol,ThaS2_F16_Water_Agar_Rep 1_6_2weeks,ThaS1,ThaS1-2,F16,Water,Agar,Rep 1,6,2weeks,NA,0.415,30
Thalianol,Col0_MF_Water_Agar_Rep 1_30_1week,Col0,Col0,MF,Water,Agar,Rep 1,30,1week,NA,0.416,43
Thalianol,ThaD_MF_3OMG_Agar_Rep 1_9_1week,ThaD,ThaD,MF,3OMG,Agar,Rep 1,9,1week,NA,0.416,27
Thalianol,ThaD_F16_Water_Agar_Rep 1_4_1week,ThaD,ThaD,F16,Water,Agar,Rep 1,4,1week,NA,0.416,21
Thalianol,Col0_MF_3OMG_Agar_Rep 1_12_2weeks,Col0,Col0,MF,3OMG,Agar,Rep 1,12,2weeks,NA,0.417,31
Thalianol,ThaD_F16_3OMG_Agar_Rep 1_10_2weeks,ThaD,ThaD,F16,3OMG,Agar,Rep 1,10,2weeks,NA,0.418,27
Thalianol,ThaS2_F16_3OMG_Agar_Rep 1_27_1week,ThaS1,ThaS1-2,F16,3OMG,Agar,Rep 1,27,1week,NA,0.419,34
Thalianol,ThaS2_F16_Water_Agar_Rep 1_18_2weeks,ThaS1,ThaS1-2,F16,Water,Agar,Rep 1,18,2weeks,NA,0.419,30
Thalianol,ThaH_MF_Water_Agar_Rep 1_5_1week,ThaH,ThaH,MF,Water,Agar,Rep 1,5,1week,NA,0.421,31
Thalianol,ThaH_F16_Water_Agar_Rep 1_12_2weeks,ThaH,ThaH,F16,Water,Agar,Rep 1,12,2weeks,NA,0.421,33
Thalianol,ThaD_MF_Water_Agar_Rep 1_24_1week,ThaD,ThaD,MF,Water,Agar,Rep 1,24,1week,NA,0.423,39
Thalianol,ThaH_F16_Water_Agar_Rep 1_5_1week,ThaH,ThaH,F16,Water,Agar,Rep 1,5,1week,NA,0.423,33
Thalianol,ThaD_MF_Water_Agar_Rep 1_5_1week,ThaD,ThaD,MF,Water,Agar,Rep 1,5,1week,NA,0.424,39
Thalianol,ThaD_F16_3OMG_Agar_Rep 1_3_1week,ThaD,ThaD,F16,3OMG,Agar,Rep 1,3,1week,NA,0.424,27
Thalianol,ThaH_F16_3OMG_Agar_Rep 1_7_1week,ThaH,ThaH,F16,3OMG,Agar,Rep 1,7,1week,NA,0.426,33
Thalianol,Col0_F16_Water_Agar_Rep 1_9_1week,Col0,Col0,F16,Water,Agar,Rep 1,9,1week,NA,0.428,30
Thalianol,ThaD_F16_3OMG_Agar_Rep 1_20_1week,ThaD,ThaD,F16,3OMG,Agar,Rep 1,20,1week,NA,0.428,27
Thalianol,ThaS2_MF_3OMG_Agar_Rep 1_17_1week,ThaS1,ThaS1-2,MF,3OMG,Agar,Rep 1,17,1week,NA,0.428,37
Thalianol,ThaD_F16_3OMG_Agar_Rep 1_15_1week,ThaD,ThaD,F16,3OMG,Agar,Rep 1,15,1week,NA,0.43,27
Thalianol,Col0_MF_Water_Agar_Rep 1_21_1week,Col0,Col0,MF,Water,Agar,Rep 1,21,1week,NA,0.432,43
Thalianol,Col0_MF_Water_Agar_Rep 1_14_1week,Col0,Col0,MF,Water,Agar,Rep 1,14,1week,NA,0.433,43
Thalianol,ThaD_F16_3OMG_Agar_Rep 1_1_1week,ThaD,ThaD,F16,3OMG,Agar,Rep 1,1,1week,NA,0.435,27
Thalianol,ThaD_MF_3OMG_Agar_Rep 1_18_2weeks,ThaD,ThaD,MF,3OMG,Agar,Rep 1,18,2weeks,NA,0.438,27
Thalianol,ThaH_F16_Water_Agar_Rep 1_15_2weeks,ThaH,ThaH,F16,Water,Agar,Rep 1,15,2weeks,NA,0.438,33
Thalianol,ThaH_MF_Water_Agar_Rep 1_1_1week,ThaH,ThaH,MF,Water,Agar,Rep 1,1,1week,NA,0.441,31
Thalianol,ThaS2_F16_Water_Agar_Rep 1_8_1week,ThaS1,ThaS1-2,F16,Water,Agar,Rep 1,8,1week,NA,0.443,30
Thalianol,ThaS2_MF_Water_Agar_Rep 1_12_2weeks,ThaS1,ThaS1-2,MF,Water,Agar,Rep 1,12,2weeks,NA,0.443,45
Thalianol,ThaS2_F16_3OMG_Agar_Rep 1_21_1week,ThaS1,ThaS1-2,F16,3OMG,Agar,Rep 1,21,1week,NA,0.444,34
Thalianol,ThaD_F16_Water_Agar_Rep 1_3_1week,ThaD,ThaD,F16,Water,Agar,Rep 1,3,1week,NA,0.447,21
Thalianol,ThaS2_MF_3OMG_Agar_Rep 1_25_1week,ThaS1,ThaS1-2,MF,3OMG,Agar,Rep 1,25,1week,NA,0.448,37
Thalianol,ThaS2_MF_3OMG_Agar_Rep 1_22_1week,ThaS1,ThaS1-2,MF,3OMG,Agar,Rep 1,22,1week,NA,0.452,37
Thalianol,ThaD_F16_3OMG_Agar_Rep 1_5_1week,ThaD,ThaD,F16,3OMG,Agar,Rep 1,5,1week,NA,0.454,27
Thalianol,ThaS2_F16_Water_Agar_Rep 1_13_2weeks,ThaS1,ThaS1-2,F16,Water,Agar,Rep 1,13,2weeks,NA,0.455,30
Thalianol,Col0_F16_Water_Agar_Rep 1_3_1week,Col0,Col0,F16,Water,Agar,Rep 1,3,1week,NA,0.457,30
Thalianol,ThaH_MF_Water_Agar_Rep 1_22_1week,ThaH,ThaH,MF,Water,Agar,Rep 1,22,1week,NA,0.46,31
Thalianol,ThaS2_F16_3OMG_Agar_Rep 1_24_2weeks,ThaS1,ThaS1-2,F16,3OMG,Agar,Rep 1,24,2weeks,NA,0.46,34
Thalianol,ThaH_F16_3OMG_Agar_Rep 1_17_2weeks,ThaH,ThaH,F16,3OMG,Agar,Rep 1,17,2weeks,NA,0.471,33
Thalianol,ThaS2_MF_3OMG_Agar_Rep 1_33_1week,ThaS1,ThaS1-2,MF,3OMG,Agar,Rep 1,33,1week,NA,0.471,37
Thalianol,ThaD_F16_3OMG_Agar_Rep 1_9_1week,ThaD,ThaD,F16,3OMG,Agar,Rep 1,9,1week,NA,0.472,27
Thalianol,ThaD_F16_3OMG_Agar_Rep 1_10_1week,ThaD,ThaD,F16,3OMG,Agar,Rep 1,10,1week,NA,0.473,27
Thalianol,ThaH_F16_3OMG_Agar_Rep 1_9_1week,ThaH,ThaH,F16,3OMG,Agar,Rep 1,9,1week,NA,0.474,33
Thalianol,ThaS2_MF_3OMG_Agar_Rep 1_35_2weeks,ThaS1,ThaS1-2,MF,3OMG,Agar,Rep 1,35,2weeks,NA,0.482,37
Thalianol,ThaS2_MF_Water_Agar_Rep 1_19_2weeks,ThaS1,ThaS1-2,MF,Water,Agar,Rep 1,19,2weeks,NA,0.484,45
Thalianol,ThaD_F16_3OMG_Agar_Rep 1_4_1week,ThaD,ThaD,F16,3OMG,Agar,Rep 1,4,1week,NA,0.485,27
Thalianol,ThaD_F16_3OMG_Agar_Rep 1_19_2weeks,ThaD,ThaD,F16,3OMG,Agar,Rep 1,19,2weeks,NA,0.485,27
Thalianol,ThaS2_MF_3OMG_Agar_Rep 1_18_1week,ThaS1,ThaS1-2,MF,3OMG,Agar,Rep 1,18,1week,NA,0.485,37
Thalianol,Col0_F16_Water_Agar_Rep 1_5_2weeks,Col0,Col0,F16,Water,Agar,Rep 1,5,2weeks,NA,0.488,30
Thalianol,ThaH_MF_3OMG_Agar_Rep 1_11_1week,ThaH,ThaH,MF,3OMG,Agar,Rep 1,11,1week,NA,0.488,31
Thalianol,ThaS2_F16_Water_Agar_Rep 1_7_1week,ThaS1,ThaS1-2,F16,Water,Agar,Rep 1,7,1week,NA,0.488,30
Thalianol,ThaS2_F16_Water_Agar_Rep 1_13_1week,ThaS1,ThaS1-2,F16,Water,Agar,Rep 1,13,1week,NA,0.488,30
Thalianol,ThaS2_F16_3OMG_Agar_Rep 1_16_1week,ThaS1,ThaS1-2,F16,3OMG,Agar,Rep 1,16,1week,NA,0.488,34
Thalianol,ThaS2_MF_3OMG_Agar_Rep 1_16_1week,ThaS1,ThaS1-2,MF,3OMG,Agar,Rep 1,16,1week,NA,0.489,37
Thalianol,ThaS2_MF_Water_Agar_Rep 1_14_1week,ThaS1,ThaS1-2,MF,Water,Agar,Rep 1,14,1week,NA,0.492,45
Thalianol,ThaS2_MF_3OMG_Agar_Rep 1_2_1week,ThaS1,ThaS1-2,MF,3OMG,Agar,Rep 1,2,1week,NA,0.494,37
Thalianol,ThaS2_MF_Water_Agar_Rep 1_1_2weeks,ThaS1,ThaS1-2,MF,Water,Agar,Rep 1,1,2weeks,NA,0.495,45
Thalianol,ThaD_F16_3OMG_Agar_Rep 1_14_1week,ThaD,ThaD,F16,3OMG,Agar,Rep 1,14,1week,NA,0.497,27
Thalianol,ThaD_F16_3OMG_Agar_Rep 1_12_1week,ThaD,ThaD,F16,3OMG,Agar,Rep 1,12,1week,NA,0.499,27
Thalianol,ThaS2_F16_3OMG_Agar_Rep 1_22_1week,ThaS1,ThaS1-2,F16,3OMG,Agar,Rep 1,22,1week,NA,0.499,34
Thalianol,Col0_F16_3OMG_Agar_Rep 1_8_2weeks,Col0,Col0,F16,3OMG,Agar,Rep 1,8,2weeks,NA,0.5,34
Thalianol,ThaS2_F16_Water_Agar_Rep 1_6_1week,ThaS1,ThaS1-2,F16,Water,Agar,Rep 1,6,1week,NA,0.5,30
Thalianol,ThaS2_F16_3OMG_Agar_Rep 1_4_1week,ThaS1,ThaS1-2,F16,3OMG,Agar,Rep 1,4,1week,NA,0.5,34
Thalianol,ThaD_MF_Water_Agar_Rep 1_4_2weeks,ThaD,ThaD,MF,Water,Agar,Rep 1,4,2weeks,NA,0.501,39
Thalianol,ThaS2_F16_3OMG_Agar_Rep 1_19_1week,ThaS1,ThaS1-2,F16,3OMG,Agar,Rep 1,19,1week,NA,0.501,34
Thalianol,Col0_MF_Water_Agar_Rep 1_29_1week,Col0,Col0,MF,Water,Agar,Rep 1,29,1week,NA,0.504,43
Thalianol,ThaH_MF_3OMG_Agar_Rep 1_10_1week,ThaH,ThaH,MF,3OMG,Agar,Rep 1,10,1week,NA,0.505,31
Thalianol,ThaS2_F16_Water_Agar_Rep 1_19_2weeks,ThaS1,ThaS1-2,F16,Water,Agar,Rep 1,19,2weeks,NA,0.51,30
Thalianol,ThaH_MF_Water_Agar_Rep 1_11_1week,ThaH,ThaH,MF,Water,Agar,Rep 1,11,1week,NA,0.511,31
Thalianol,Col0_MF_3OMG_Agar_Rep 1_23_1week,Col0,Col0,MF,3OMG,Agar,Rep 1,23,1week,NA,0.512,31
Thalianol,Col0_F16_3OMG_Agar_Rep 1_29_1week,Col0,Col0,F16,3OMG,Agar,Rep 1,29,1week,NA,0.513,34
Thalianol,ThaH_MF_3OMG_Agar_Rep 1_4_1week,ThaH,ThaH,MF,3OMG,Agar,Rep 1,4,1week,NA,0.513,31
Thalianol,ThaS2_MF_Water_Agar_Rep 1_16_2weeks,ThaS1,ThaS1-2,MF,Water,Agar,Rep 1,16,2weeks,NA,0.521,45
Thalianol,ThaH_MF_3OMG_Agar_Rep 1_2_2weeks,ThaH,ThaH,MF,3OMG,Agar,Rep 1,2,2weeks,NA,0.523,31
Thalianol,Col0_MF_Water_Agar_Rep 1_7_1week,Col0,Col0,MF,Water,Agar,Rep 1,7,1week,NA,0.524,43
Thalianol,ThaS2_F16_3OMG_Agar_Rep 1_1_1week,ThaS1,ThaS1-2,F16,3OMG,Agar,Rep 1,1,1week,NA,0.525,34
Thalianol,ThaS1_MF_3OMG_Agar_Rep 1_1_72h,ThaS1,ThaS1-1,MF,3OMG,Agar,Rep 1,1,72h,NA,0.527,38
Thalianol,ThaH_F16_3OMG_Agar_Rep 1_5_1week,ThaH,ThaH,F16,3OMG,Agar,Rep 1,5,1week,NA,0.528,33
Thalianol,ThaS2_MF_3OMG_Agar_Rep 1_16_2weeks,ThaS1,ThaS1-2,MF,3OMG,Agar,Rep 1,16,2weeks,NA,0.528,37
Thalianol,ThaH_F16_Water_Agar_Rep 1_2_1week,ThaH,ThaH,F16,Water,Agar,Rep 1,2,1week,NA,0.529,33
Thalianol,ThaS2_F16_3OMG_Agar_Rep 1_2_1week,ThaS1,ThaS1-2,F16,3OMG,Agar,Rep 1,2,1week,NA,0.53,34
Thalianol,ThaS2_F16_3OMG_Agar_Rep 1_13_1week,ThaS1,ThaS1-2,F16,3OMG,Agar,Rep 1,13,1week,NA,0.532,34
Thalianol,ThaS2_F16_Water_Agar_Rep 1_7_2weeks,ThaS1,ThaS1-2,F16,Water,Agar,Rep 1,7,2weeks,NA,0.534,30
Thalianol,Col0_MF_3OMG_Agar_Rep 1_19_2weeks,Col0,Col0,MF,3OMG,Agar,Rep 1,19,2weeks,NA,0.536,31
Thalianol,Col0_F16_Water_Agar_Rep 1_27_1week,Col0,Col0,F16,Water,Agar,Rep 1,27,1week,NA,0.537,30
Thalianol,ThaS2_F16_3OMG_Agar_Rep 1_18_1week,ThaS1,ThaS1-2,F16,3OMG,Agar,Rep 1,18,1week,NA,0.538,34
Thalianol,ThaS2_F16_3OMG_Agar_Rep 1_13_2weeks,ThaS1,ThaS1-2,F16,3OMG,Agar,Rep 1,13,2weeks,NA,0.538,34
Thalianol,Col0_MF_Water_Agar_Rep 1_40_1week,Col0,Col0,MF,Water,Agar,Rep 1,40,1week,NA,0.539,43
Thalianol,Col0_MF_3OMG_Agar_Rep 1_9_2weeks,Col0,Col0,MF,3OMG,Agar,Rep 1,9,2weeks,NA,0.54,31
Thalianol,ThaH_F16_Water_Agar_Rep 1_13_2weeks,ThaH,ThaH,F16,Water,Agar,Rep 1,13,2weeks,NA,0.542,33
Thalianol,ThaS2_MF_3OMG_Agar_Rep 1_21_1week,ThaS1,ThaS1-2,MF,3OMG,Agar,Rep 1,21,1week,NA,0.544,37
Thalianol,ThaS2_MF_3OMG_Agar_Rep 1_12_1week,ThaS1,ThaS1-2,MF,3OMG,Agar,Rep 1,12,1week,NA,0.545,37
Thalianol,ThaD_F16_Water_Agar_Rep 1_11_1week,ThaD,ThaD,F16,Water,Agar,Rep 1,11,1week,NA,0.547,21
Thalianol,ThaH_MF_3OMG_Agar_Rep 1_2_1week,ThaH,ThaH,MF,3OMG,Agar,Rep 1,2,1week,NA,0.547,31
Thalianol,ThaS2_MF_3OMG_Agar_Rep 1_17_2weeks,ThaS1,ThaS1-2,MF,3OMG,Agar,Rep 1,17,2weeks,NA,0.551,37
Thalianol,ThaH_F16_Water_Agar_Rep 1_1_1week,ThaH,ThaH,F16,Water,Agar,Rep 1,1,1week,NA,0.552,33
Thalianol,ThaS2_MF_Water_Agar_Rep 1_22_1week,ThaS1,ThaS1-2,MF,Water,Agar,Rep 1,22,1week,NA,0.552,45
Thalianol,Col0_MF_Water_Agar_Rep 1_13_2weeks,Col0,Col0,MF,Water,Agar,Rep 1,13,2weeks,NA,0.553,43
Thalianol,ThaS2_MF_3OMG_Agar_Rep 1_7_1week,ThaS1,ThaS1-2,MF,3OMG,Agar,Rep 1,7,1week,NA,0.554,37
Thalianol,ThaD_MF_Water_Agar_Rep 1_5_2weeks,ThaD,ThaD,MF,Water,Agar,Rep 1,5,2weeks,NA,0.555,39
Thalianol,ThaD_F16_Water_Agar_Rep 1_7_1week,ThaD,ThaD,F16,Water,Agar,Rep 1,7,1week,NA,0.557,21
Thalianol,ThaH_MF_Water_Agar_Rep 1_21_2weeks,ThaH,ThaH,MF,Water,Agar,Rep 1,21,2weeks,NA,0.557,31
Thalianol,ThaS2_MF_3OMG_Agar_Rep 1_6_2weeks,ThaS1,ThaS1-2,MF,3OMG,Agar,Rep 1,6,2weeks,NA,0.557,37
Thalianol,Col0_MF_3OMG_Agar_Rep 1_10_1week,Col0,Col0,MF,3OMG,Agar,Rep 1,10,1week,NA,0.558,31
Thalianol,ThaD_MF_Water_Agar_Rep 1_4_1week,ThaD,ThaD,MF,Water,Agar,Rep 1,4,1week,NA,0.56,39
Thalianol,ThaD_F16_3OMG_Agar_Rep 1_20_2weeks,ThaD,ThaD,F16,3OMG,Agar,Rep 1,20,2weeks,NA,0.562,27
Thalianol,ThaS2_MF_3OMG_Agar_Rep 1_36_1week,ThaS1,ThaS1-2,MF,3OMG,Agar,Rep 1,36,1week,NA,0.562,37
Thalianol,ThaH_F16_3OMG_Agar_Rep 1_11_1week,ThaH,ThaH,F16,3OMG,Agar,Rep 1,11,1week,NA,0.563,33
Thalianol,ThaD_F16_Water_Agar_Rep 1_10_1week,ThaD,ThaD,F16,Water,Agar,Rep 1,10,1week,NA,0.565,21
Thalianol,ThaS2_F16_Water_Agar_Rep 1_23_1week,ThaS1,ThaS1-2,F16,Water,Agar,Rep 1,23,1week,NA,0.566,30
Thalianol,Col0_F16_3OMG_Agar_Rep 1_8_1week,Col0,Col0,F16,3OMG,Agar,Rep 1,8,1week,NA,0.567,34
Thalianol,ThaH_F16_Water_Agar_Rep 1_2_2weeks,ThaH,ThaH,F16,Water,Agar,Rep 1,2,2weeks,NA,0.572,33
Thalianol,Col0_MF_3OMG_Agar_Rep 1_20_1week,Col0,Col0,MF,3OMG,Agar,Rep 1,20,1week,NA,0.581,31
Thalianol,ThaS2_F16_3OMG_Agar_Rep 1_5_2weeks,ThaS1,ThaS1-2,F16,3OMG,Agar,Rep 1,5,2weeks,NA,0.581,34
Thalianol,ThaH_MF_3OMG_Agar_Rep 1_4_2weeks,ThaH,ThaH,MF,3OMG,Agar,Rep 1,4,2weeks,NA,0.585,31
Thalianol,ThaS2_F16_Water_Agar_Rep 1_2_1week,ThaS1,ThaS1-2,F16,Water,Agar,Rep 1,2,1week,NA,0.585,30
Thalianol,Col0_MF_3OMG_Agar_Rep 1_6_2weeks,Col0,Col0,MF,3OMG,Agar,Rep 1,6,2weeks,NA,0.588,31
Thalianol,ThaD_F16_Water_Agar_Rep 1_9_2weeks,ThaD,ThaD,F16,Water,Agar,Rep 1,9,2weeks,NA,0.591,21
Thalianol,ThaD_F16_Water_Agar_Rep 1_15_1week,ThaD,ThaD,F16,Water,Agar,Rep 1,15,1week,NA,0.594,21
Thalianol,Col0_F16_3OMG_Agar_Rep 1_12_1week,Col0,Col0,F16,3OMG,Agar,Rep 1,12,1week,NA,0.599,34
Thalianol,ThaH_MF_Water_Agar_Rep 1_15_2weeks,ThaH,ThaH,MF,Water,Agar,Rep 1,15,2weeks,NA,0.599,31
Thalianol,ThaS2_MF_Water_Agar_Rep 1_32_2weeks,ThaS1,ThaS1-2,MF,Water,Agar,Rep 1,32,2weeks,NA,0.603,45
Thalianol,ThaS2_F16_3OMG_Agar_Rep 1_6_1week,ThaS1,ThaS1-2,F16,3OMG,Agar,Rep 1,6,1week,NA,0.614,34
Thalianol,ThaS2_F16_Water_Agar_Rep 1_11_2weeks,ThaS1,ThaS1-2,F16,Water,Agar,Rep 1,11,2weeks,NA,0.614,30
Thalianol,ThaS2_F16_3OMG_Agar_Rep 1_10_2weeks,ThaS1,ThaS1-2,F16,3OMG,Agar,Rep 1,10,2weeks,NA,0.616,34
Thalianol,Col0_F16_3OMG_Agar_Rep 1_2_1week,Col0,Col0,F16,3OMG,Agar,Rep 1,2,1week,NA,0.617,34
Thalianol,ThaS2_MF_3OMG_Agar_Rep 1_14_1week,ThaS1,ThaS1-2,MF,3OMG,Agar,Rep 1,14,1week,NA,0.62,37
Thalianol,ThaS2_MF_3OMG_Agar_Rep 1_18_2weeks,ThaS1,ThaS1-2,MF,3OMG,Agar,Rep 1,18,2weeks,NA,0.621,37
Thalianol,ThaS2_MF_3OMG_Agar_Rep 1_25_2weeks,ThaS1,ThaS1-2,MF,3OMG,Agar,Rep 1,25,2weeks,NA,0.621,37
Thalianol,ThaD_MF_Water_Agar_Rep 1_1_1week,ThaD,ThaD,MF,Water,Agar,Rep 1,1,1week,NA,0.629,39
Thalianol,ThaS2_MF_3OMG_Agar_Rep 1_35_1week,ThaS1,ThaS1-2,MF,3OMG,Agar,Rep 1,35,1week,NA,0.629,37
Thalianol,ThaH_F16_3OMG_Agar_Rep 1_19_1week,ThaH,ThaH,F16,3OMG,Agar,Rep 1,19,1week,NA,0.63,33
Thalianol,Col0_MF_Water_Agar_Rep 1_29_2weeks,Col0,Col0,MF,Water,Agar,Rep 1,29,2weeks,NA,0.632,43
Thalianol,ThaS2_MF_Water_Agar_Rep 1_35_1week,ThaS1,ThaS1-2,MF,Water,Agar,Rep 1,35,1week,NA,0.632,45
Thalianol,ThaS2_MF_3OMG_Agar_Rep 1_9_1week,ThaS1,ThaS1-2,MF,3OMG,Agar,Rep 1,9,1week,NA,0.634,37
Thalianol,ThaS2_MF_3OMG_Agar_Rep 1_26_1week,ThaS1,ThaS1-2,MF,3OMG,Agar,Rep 1,26,1week,NA,0.634,37
Thalianol,ThaS2_MF_3OMG_Agar_Rep 1_36_2weeks,ThaS1,ThaS1-2,MF,3OMG,Agar,Rep 1,36,2weeks,NA,0.635,37
Thalianol,Col0_F16_Water_Agar_Rep 1_28_1week,Col0,Col0,F16,Water,Agar,Rep 1,28,1week,NA,0.636,30
Thalianol,ThaD_MF_3OMG_Agar_Rep 1_6_1week,ThaD,ThaD,MF,3OMG,Agar,Rep 1,6,1week,NA,0.637,27
Thalianol,Col0_MF_3OMG_Agar_Rep 1_21_2weeks,Col0,Col0,MF,3OMG,Agar,Rep 1,21,2weeks,NA,0.639,31
Thalianol,ThaS2_MF_Water_Agar_Rep 1_40_1week,ThaS1,ThaS1-2,MF,Water,Agar,Rep 1,40,1week,NA,0.64,45
Thalianol,Col0_F16_3OMG_Agar_Rep 1_28_1week,Col0,Col0,F16,3OMG,Agar,Rep 1,28,1week,NA,0.641,34
Thalianol,ThaD_MF_3OMG_Agar_Rep 1_5_2weeks,ThaD,ThaD,MF,3OMG,Agar,Rep 1,5,2weeks,NA,0.641,27
Thalianol,Col0_MF_3OMG_Agar_Rep 1_24_1week,Col0,Col0,MF,3OMG,Agar,Rep 1,24,1week,NA,0.642,31
Thalianol,ThaS2_MF_Water_Agar_Rep 1_34_1week,ThaS1,ThaS1-2,MF,Water,Agar,Rep 1,34,1week,NA,0.643,45
Thalianol,ThaH_MF_Water_Agar_Rep 1_13_1week,ThaH,ThaH,MF,Water,Agar,Rep 1,13,1week,NA,0.649,31
Thalianol,ThaS2_F16_3OMG_Agar_Rep 1_25_1week,ThaS1,ThaS1-2,F16,3OMG,Agar,Rep 1,25,1week,NA,0.65,34
Thalianol,ThaD_MF_3OMG_Agar_Rep 1_3_1week,ThaD,ThaD,MF,3OMG,Agar,Rep 1,3,1week,NA,0.652,27
Thalianol,ThaS2_MF_Water_Agar_Rep 1_29_1week,ThaS1,ThaS1-2,MF,Water,Agar,Rep 1,29,1week,NA,0.652,45
Thalianol,Col0_MF_3OMG_Agar_Rep 1_22_2weeks,Col0,Col0,MF,3OMG,Agar,Rep 1,22,2weeks,NA,0.653,31
Thalianol,Col0_F16_3OMG_Agar_Rep 1_23_1week,Col0,Col0,F16,3OMG,Agar,Rep 1,23,1week,NA,0.654,34
Thalianol,ThaS2_MF_Water_Agar_Rep 1_9_1week,ThaS1,ThaS1-2,MF,Water,Agar,Rep 1,9,1week,NA,0.659,45
Thalianol,ThaD_MF_3OMG_Agar_Rep 1_14_1week,ThaD,ThaD,MF,3OMG,Agar,Rep 1,14,1week,NA,0.661,27
Thalianol,ThaS2_F16_3OMG_Agar_Rep 1_15_1week,ThaS1,ThaS1-2,F16,3OMG,Agar,Rep 1,15,1week,NA,0.663,34
Thalianol,Col0_F16_3OMG_Agar_Rep 1_31_1week,Col0,Col0,F16,3OMG,Agar,Rep 1,31,1week,NA,0.666,34
Thalianol,ThaD_MF_Water_Agar_Rep 1_2_2weeks,ThaD,ThaD,MF,Water,Agar,Rep 1,2,2weeks,NA,0.666,39
Thalianol,Col0_MF_Water_Agar_Rep 1_18_1week,Col0,Col0,MF,Water,Agar,Rep 1,18,1week,NA,0.667,43
Thalianol,ThaD_MF_3OMG_Agar_Rep 1_6_2weeks,ThaD,ThaD,MF,3OMG,Agar,Rep 1,6,2weeks,NA,0.669,27
Thalianol,ThaD_F16_Water_Agar_Rep 1_19_2weeks,ThaD,ThaD,F16,Water,Agar,Rep 1,19,2weeks,NA,0.669,21
Thalianol,ThaH_MF_Water_Agar_Rep 1_23_1week,ThaH,ThaH,MF,Water,Agar,Rep 1,23,1week,NA,0.669,31
Thalianol,Col0_F16_Water_Agar_Rep 1_7_2weeks,Col0,Col0,F16,Water,Agar,Rep 1,7,2weeks,NA,0.672,30
Thalianol,ThaS2_F16_3OMG_Agar_Rep 1_8_1week,ThaS1,ThaS1-2,F16,3OMG,Agar,Rep 1,8,1week,NA,0.673,34
Thalianol,ThaS2_MF_3OMG_Agar_Rep 1_20_1week,ThaS1,ThaS1-2,MF,3OMG,Agar,Rep 1,20,1week,NA,0.679,37
Thalianol,ThaD_MF_Water_Agar_Rep 1_25_1week,ThaD,ThaD,MF,Water,Agar,Rep 1,25,1week,NA,0.68,39
Thalianol,ThaH_F16_3OMG_Agar_Rep 1_15_1week,ThaH,ThaH,F16,3OMG,Agar,Rep 1,15,1week,NA,0.682,33
Thalianol,ThaS2_MF_3OMG_Agar_Rep 1_15_1week,ThaS1,ThaS1-2,MF,3OMG,Agar,Rep 1,15,1week,NA,0.683,37
Thalianol,Col0_F16_3OMG_Agar_Rep 1_26_1week,Col0,Col0,F16,3OMG,Agar,Rep 1,26,1week,NA,0.684,34
Thalianol,ThaD_F16_Water_Agar_Rep 1_5_1week,ThaD,ThaD,F16,Water,Agar,Rep 1,5,1week,NA,0.684,21
Thalianol,ThaS2_MF_Water_Agar_Rep 1_8_1week,ThaS1,ThaS1-2,MF,Water,Agar,Rep 1,8,1week,NA,0.685,45
Thalianol,ThaS2_MF_3OMG_Agar_Rep 1_29_1week,ThaS1,ThaS1-2,MF,3OMG,Agar,Rep 1,29,1week,NA,0.685,37
Thalianol,Col0_F16_3OMG_Agar_Rep 1_25_1week,Col0,Col0,F16,3OMG,Agar,Rep 1,25,1week,NA,0.687,34
Thalianol,Col0_MF_3OMG_Agar_Rep 1_2_1week,Col0,Col0,MF,3OMG,Agar,Rep 1,2,1week,NA,0.688,31
Thalianol,ThaD_MF_Water_Agar_Rep 1_15_1week,ThaD,ThaD,MF,Water,Agar,Rep 1,15,1week,NA,0.688,39
Thalianol,ThaD_F16_Water_Agar_Rep 1_11_2weeks,ThaD,ThaD,F16,Water,Agar,Rep 1,11,2weeks,NA,0.693,21
Thalianol,ThaH_MF_3OMG_Agar_Rep 1_10_2weeks,ThaH,ThaH,MF,3OMG,Agar,Rep 1,10,2weeks,NA,0.693,31
Thalianol,ThaS2_MF_Water_Agar_Rep 1_9_2weeks,ThaS1,ThaS1-2,MF,Water,Agar,Rep 1,9,2weeks,NA,0.695,45
Thalianol,ThaD_MF_Water_Agar_Rep 1_8_1week,ThaD,ThaD,MF,Water,Agar,Rep 1,8,1week,NA,0.697,39
Thalianol,Col0_MF_Water_Agar_Rep 1_35_1week,Col0,Col0,MF,Water,Agar,Rep 1,35,1week,NA,0.698,43
Thalianol,ThaD_MF_Water_Agar_Rep 1_22_1week,ThaD,ThaD,MF,Water,Agar,Rep 1,22,1week,NA,0.699,39
Thalianol,Col0_MF_Water_Agar_Rep 1_41_1week,Col0,Col0,MF,Water,Agar,Rep 1,41,1week,NA,0.701,43
Thalianol,ThaS2_MF_Water_Agar_Rep 1_22_2weeks,ThaS1,ThaS1-2,MF,Water,Agar,Rep 1,22,2weeks,NA,0.703,45
Thalianol,ThaS2_MF_Water_Agar_Rep 1_44_1week,ThaS1,ThaS1-2,MF,Water,Agar,Rep 1,44,1week,NA,0.705,45
Thalianol,ThaS2_F16_3OMG_Agar_Rep 1_10_1week,ThaS1,ThaS1-2,F16,3OMG,Agar,Rep 1,10,1week,NA,0.707,34
Thalianol,ThaH_MF_Water_Agar_Rep 1_7_1week,ThaH,ThaH,MF,Water,Agar,Rep 1,7,1week,NA,0.708,31
Thalianol,ThaD_F16_Water_Agar_Rep 1_10_2weeks,ThaD,ThaD,F16,Water,Agar,Rep 1,10,2weeks,NA,0.709,21
Thalianol,ThaH_F16_3OMG_Agar_Rep 1_17_1week,ThaH,ThaH,F16,3OMG,Agar,Rep 1,17,1week,NA,0.711,33
Thalianol,ThaS2_MF_3OMG_Agar_Rep 1_24_1week,ThaS1,ThaS1-2,MF,3OMG,Agar,Rep 1,24,1week,NA,0.711,37
Thalianol,ThaD_MF_3OMG_Agar_Rep 1_1_1week,ThaD,ThaD,MF,3OMG,Agar,Rep 1,1,1week,NA,0.716,27
Thalianol,ThaS2_MF_Water_Agar_Rep 1_19_1week,ThaS1,ThaS1-2,MF,Water,Agar,Rep 1,19,1week,NA,0.717,45
Thalianol,Col0_F16_Water_Agar_Rep 1_11_2weeks,Col0,Col0,F16,Water,Agar,Rep 1,11,2weeks,NA,0.724,30
Thalianol,Col0_F16_3OMG_Agar_Rep 1_30_1week,Col0,Col0,F16,3OMG,Agar,Rep 1,30,1week,NA,0.725,34
Thalianol,ThaD_MF_Water_Agar_Rep 1_23_1week,ThaD,ThaD,MF,Water,Agar,Rep 1,23,1week,NA,0.727,39
Thalianol,ThaH_F16_Water_Agar_Rep 1_4_2weeks,ThaH,ThaH,F16,Water,Agar,Rep 1,4,2weeks,NA,0.728,33
Thalianol,ThaS2_F16_Water_Agar_Rep 1_20_2weeks,ThaS1,ThaS1-2,F16,Water,Agar,Rep 1,20,2weeks,NA,0.729,30
Thalianol,ThaS2_MF_3OMG_Agar_Rep 1_33_2weeks,ThaS1,ThaS1-2,MF,3OMG,Agar,Rep 1,33,2weeks,NA,0.731,37
Thalianol,ThaS2_F16_3OMG_Agar_Rep 1_5_1week,ThaS1,ThaS1-2,F16,3OMG,Agar,Rep 1,5,1week,NA,0.732,34
Thalianol,ThaD_MF_Water_Agar_Rep 1_20_1week,ThaD,ThaD,MF,Water,Agar,Rep 1,20,1week,NA,0.734,39
Thalianol,ThaD_F16_3OMG_Agar_Rep 1_2_1week,ThaD,ThaD,F16,3OMG,Agar,Rep 1,2,1week,NA,0.734,27
Thalianol,ThaS2_MF_Water_Agar_Rep 1_23_1week,ThaS1,ThaS1-2,MF,Water,Agar,Rep 1,23,1week,NA,0.736,45
Thalianol,ThaS2_F16_Water_Agar_Rep 1_25_1week,ThaS1,ThaS1-2,F16,Water,Agar,Rep 1,25,1week,NA,0.736,30
Thalianol,ThaS2_F16_Water_Agar_Rep 1_12_2weeks,ThaS1,ThaS1-2,F16,Water,Agar,Rep 1,12,2weeks,NA,0.736,30
Thalianol,ThaS2_F16_3OMG_Agar_Rep 1_3_1week,ThaS1,ThaS1-2,F16,3OMG,Agar,Rep 1,3,1week,NA,0.738,34
Thalianol,ThaH_MF_Water_Agar_Rep 1_16_2weeks,ThaH,ThaH,MF,Water,Agar,Rep 1,16,2weeks,NA,0.74,31
Thalianol,ThaS2_MF_Water_Agar_Rep 1_11_1week,ThaS1,ThaS1-2,MF,Water,Agar,Rep 1,11,1week,NA,0.74,45
Thalianol,ThaH_MF_3OMG_Agar_Rep 1_12_1week,ThaH,ThaH,MF,3OMG,Agar,Rep 1,12,1week,NA,0.741,31
Thalianol,Col0_F16_3OMG_Agar_Rep 1_11_1week,Col0,Col0,F16,3OMG,Agar,Rep 1,11,1week,NA,0.742,34
Thalianol,ThaH_F16_3OMG_Agar_Rep 1_2_2weeks,ThaH,ThaH,F16,3OMG,Agar,Rep 1,2,2weeks,NA,0.742,33
Thalianol,Col0_F16_Water_Agar_Rep 1_2_2weeks,Col0,Col0,F16,Water,Agar,Rep 1,2,2weeks,NA,0.744,30
Thalianol,ThaH_F16_3OMG_Agar_Rep 1_21_1week,ThaH,ThaH,F16,3OMG,Agar,Rep 1,21,1week,NA,0.748,33
Thalianol,ThaS2_MF_Water_Agar_Rep 1_33_1week,ThaS1,ThaS1-2,MF,Water,Agar,Rep 1,33,1week,NA,0.748,45
Thalianol,ThaS2_F16_Water_Agar_Rep 1_3_1week,ThaS1,ThaS1-2,F16,Water,Agar,Rep 1,3,1week,NA,0.748,30
Thalianol,ThaS2_MF_Water_Agar_Rep 1_4_2weeks,ThaS1,ThaS1-2,MF,Water,Agar,Rep 1,4,2weeks,NA,0.751,45
Thalianol,ThaS2_MF_Water_Agar_Rep 1_32_1week,ThaS1,ThaS1-2,MF,Water,Agar,Rep 1,32,1week,NA,0.756,45
Thalianol,ThaS2_MF_Water_Agar_Rep 1_43_1week,ThaS1,ThaS1-2,MF,Water,Agar,Rep 1,43,1week,NA,0.757,45
Thalianol,ThaH_F16_3OMG_Agar_Rep 1_1_1week,ThaH,ThaH,F16,3OMG,Agar,Rep 1,1,1week,NA,0.758,33
Thalianol,ThaS2_MF_Water_Agar_Rep 1_12_1week,ThaS1,ThaS1-2,MF,Water,Agar,Rep 1,12,1week,NA,0.761,45
Thalianol,ThaS2_MF_Water_Agar_Rep 1_10_1week,ThaS1,ThaS1-2,MF,Water,Agar,Rep 1,10,1week,NA,0.763,45
Thalianol,Col0_F16_Water_Agar_Rep 1_1_1week,Col0,Col0,F16,Water,Agar,Rep 1,1,1week,NA,0.764,30
Thalianol,Col0_F16_Water_Agar_Rep 1_16_2weeks,Col0,Col0,F16,Water,Agar,Rep 1,16,2weeks,NA,0.766,30
Thalianol,ThaD_MF_3OMG_Agar_Rep 1_19_1week,ThaD,ThaD,MF,3OMG,Agar,Rep 1,19,1week,NA,0.77,27
Thalianol,ThaS2_F16_Water_Agar_Rep 1_8_2weeks,ThaS1,ThaS1-2,F16,Water,Agar,Rep 1,8,2weeks,NA,0.773,30
Thalianol,ThaS2_MF_Water_Agar_Rep 1_15_1week,ThaS1,ThaS1-2,MF,Water,Agar,Rep 1,15,1week,NA,0.775,45
Thalianol,ThaH_F16_3OMG_Agar_Rep 1_14_1week,ThaH,ThaH,F16,3OMG,Agar,Rep 1,14,1week,NA,0.776,33
Thalianol,ThaS2_F16_3OMG_Agar_Rep 1_11_1week,ThaS1,ThaS1-2,F16,3OMG,Agar,Rep 1,11,1week,NA,0.778,34
Thalianol,ThaS2_MF_Water_Agar_Rep 1_20_1week,ThaS1,ThaS1-2,MF,Water,Agar,Rep 1,20,1week,NA,0.779,45
Thalianol,ThaS2_MF_Water_Agar_Rep 1_36_2weeks,ThaS1,ThaS1-2,MF,Water,Agar,Rep 1,36,2weeks,NA,0.779,45
Thalianol,ThaS2_MF_Water_Agar_Rep 1_39_2weeks,ThaS1,ThaS1-2,MF,Water,Agar,Rep 1,39,2weeks,NA,0.779,45
Thalianol,Col0_MF_Water_Agar_Rep 1_26_1week,Col0,Col0,MF,Water,Agar,Rep 1,26,1week,NA,0.78,43
Thalianol,ThaS2_MF_Water_Agar_Rep 1_38_2weeks,ThaS1,ThaS1-2,MF,Water,Agar,Rep 1,38,2weeks,NA,0.78,45
Thalianol,Col0_F16_3OMG_Agar_Rep 1_5_1week,Col0,Col0,F16,3OMG,Agar,Rep 1,5,1week,NA,0.781,34
Thalianol,ThaS2_MF_Water_Agar_Rep 1_6_1week,ThaS1,ThaS1-2,MF,Water,Agar,Rep 1,6,1week,NA,0.781,45
Thalianol,ThaS2_MF_Water_Agar_Rep 1_28_2weeks,ThaS1,ThaS1-2,MF,Water,Agar,Rep 1,28,2weeks,NA,0.781,45
Thalianol,ThaD_MF_Water_Agar_Rep 1_9_1week,ThaD,ThaD,MF,Water,Agar,Rep 1,9,1week,NA,0.782,39
Thalianol,ThaS2_MF_Water_Agar_Rep 1_26_1week,ThaS1,ThaS1-2,MF,Water,Agar,Rep 1,26,1week,NA,0.783,45
Thalianol,ThaH_MF_Water_Agar_Rep 1_4_2weeks,ThaH,ThaH,MF,Water,Agar,Rep 1,4,2weeks,NA,0.784,31
Thalianol,ThaS2_MF_Water_Agar_Rep 1_28_1week,ThaS1,ThaS1-2,MF,Water,Agar,Rep 1,28,1week,NA,0.784,45
Thalianol,ThaS2_MF_Water_Agar_Rep 1_14_2weeks,ThaS1,ThaS1-2,MF,Water,Agar,Rep 1,14,2weeks,NA,0.785,45
Thalianol,Col0_F16_3OMG_Agar_Rep 1_20_1week,Col0,Col0,F16,3OMG,Agar,Rep 1,20,1week,NA,0.787,34
Thalianol,ThaS2_MF_Water_Agar_Rep 1_18_1week,ThaS1,ThaS1-2,MF,Water,Agar,Rep 1,18,1week,NA,0.788,45
Thalianol,ThaS2_MF_Water_Agar_Rep 1_26_2weeks,ThaS1,ThaS1-2,MF,Water,Agar,Rep 1,26,2weeks,NA,0.788,45
Thalianol,Col0_F16_3OMG_Agar_Rep 1_9_1week,Col0,Col0,F16,3OMG,Agar,Rep 1,9,1week,NA,0.792,34
Thalianol,ThaH_F16_3OMG_Agar_Rep 1_12_2weeks,ThaH,ThaH,F16,3OMG,Agar,Rep 1,12,2weeks,NA,0.794,33
Thalianol,ThaS2_F16_3OMG_Agar_Rep 1_20_1week,ThaS1,ThaS1-2,F16,3OMG,Agar,Rep 1,20,1week,NA,0.798,34
Thalianol,ThaS2_MF_Water_Agar_Rep 1_11_2weeks,ThaS1,ThaS1-2,MF,Water,Agar,Rep 1,11,2weeks,NA,0.798,45
Thalianol,ThaD_MF_3OMG_Agar_Rep 1_5_1week,ThaD,ThaD,MF,3OMG,Agar,Rep 1,5,1week,NA,0.799,27
Thalianol,ThaS2_MF_Water_Agar_Rep 1_37_2weeks,ThaS1,ThaS1-2,MF,Water,Agar,Rep 1,37,2weeks,NA,0.799,45
Thalianol,ThaS2_F16_Water_Agar_Rep 1_16_2weeks,ThaS1,ThaS1-2,F16,Water,Agar,Rep 1,16,2weeks,NA,0.801,30
Thalianol,ThaH_MF_Water_Agar_Rep 1_6_1week,ThaH,ThaH,MF,Water,Agar,Rep 1,6,1week,NA,0.804,31
Thalianol,ThaS2_F16_Water_Agar_Rep 1_27_1week,ThaS1,ThaS1-2,F16,Water,Agar,Rep 1,27,1week,NA,0.804,30
Thalianol,Col0_F16_Water_Agar_Rep 1_24_2weeks,Col0,Col0,F16,Water,Agar,Rep 1,24,2weeks,NA,0.808,30
Thalianol,ThaS2_F16_Water_Agar_Rep 1_5_1week,ThaS1,ThaS1-2,F16,Water,Agar,Rep 1,5,1week,NA,0.808,30
Thalianol,ThaS2_MF_Water_Agar_Rep 1_21_1week,ThaS1,ThaS1-2,MF,Water,Agar,Rep 1,21,1week,NA,0.809,45
Thalianol,ThaS2_MF_3OMG_Agar_Rep 1_31_1week,ThaS1,ThaS1-2,MF,3OMG,Agar,Rep 1,31,1week,NA,0.809,37
Thalianol,ThaS2_MF_Water_Agar_Rep 1_25_1week,ThaS1,ThaS1-2,MF,Water,Agar,Rep 1,25,1week,NA,0.811,45
Thalianol,ThaD_F16_3OMG_Agar_Rep 1_16_2weeks,ThaD,ThaD,F16,3OMG,Agar,Rep 1,16,2weeks,NA,0.815,27
Thalianol,ThaS2_MF_Water_Agar_Rep 1_13_1week,ThaS1,ThaS1-2,MF,Water,Agar,Rep 1,13,1week,NA,0.817,45
Thalianol,ThaS2_MF_3OMG_Agar_Rep 1_8_1week,ThaS1,ThaS1-2,MF,3OMG,Agar,Rep 1,8,1week,NA,0.826,37
Thalianol,ThaH_F16_Water_Agar_Rep 1_5_2weeks,ThaH,ThaH,F16,Water,Agar,Rep 1,5,2weeks,NA,0.83,33
Thalianol,ThaH_MF_Water_Agar_Rep 1_6_2weeks,ThaH,ThaH,MF,Water,Agar,Rep 1,6,2weeks,NA,0.832,31
Thalianol,Col0_F16_3OMG_Agar_Rep 1_1_2weeks,Col0,Col0,F16,3OMG,Agar,Rep 1,1,2weeks,NA,0.836,34
Thalianol,ThaH_F16_3OMG_Agar_Rep 1_11_2weeks,ThaH,ThaH,F16,3OMG,Agar,Rep 1,11,2weeks,NA,0.837,33
Thalianol,ThaS2_MF_Water_Agar_Rep 1_24_2weeks,ThaS1,ThaS1-2,MF,Water,Agar,Rep 1,24,2weeks,NA,0.838,45
Thalianol,ThaH_F16_3OMG_Agar_Rep 1_10_1week,ThaH,ThaH,F16,3OMG,Agar,Rep 1,10,1week,NA,0.84,33
Thalianol,ThaD_MF_Water_Agar_Rep 1_17_1week,ThaD,ThaD,MF,Water,Agar,Rep 1,17,1week,NA,0.842,39
Thalianol,ThaS2_MF_Water_Agar_Rep 1_25_2weeks,ThaS1,ThaS1-2,MF,Water,Agar,Rep 1,25,2weeks,NA,0.844,45
Thalianol,Col0_MF_3OMG_Agar_Rep 1_3_1week,Col0,Col0,MF,3OMG,Agar,Rep 1,3,1week,NA,0.845,31
Thalianol,ThaS2_MF_3OMG_Agar_Rep 1_28_1week,ThaS1,ThaS1-2,MF,3OMG,Agar,Rep 1,28,1week,NA,0.845,37
Thalianol,ThaS2_MF_Water_Agar_Rep 1_30_2weeks,ThaS1,ThaS1-2,MF,Water,Agar,Rep 1,30,2weeks,NA,0.846,45
Thalianol,ThaS2_MF_Water_Agar_Rep 1_7_2weeks,ThaS1,ThaS1-2,MF,Water,Agar,Rep 1,7,2weeks,NA,0.854,45
Thalianol,ThaH_F16_3OMG_Agar_Rep 1_12_1week,ThaH,ThaH,F16,3OMG,Agar,Rep 1,12,1week,NA,0.857,33
Thalianol,ThaH_F16_3OMG_Agar_Rep 1_5_2weeks,ThaH,ThaH,F16,3OMG,Agar,Rep 1,5,2weeks,NA,0.857,33
Thalianol,ThaD_F16_3OMG_Agar_Rep 1_11_1week,ThaD,ThaD,F16,3OMG,Agar,Rep 1,11,1week,NA,0.862,27
Thalianol,ThaS2_MF_Water_Agar_Rep 1_23_2weeks,ThaS1,ThaS1-2,MF,Water,Agar,Rep 1,23,2weeks,NA,0.862,45
Thalianol,ThaS2_MF_Water_Agar_Rep 1_18_2weeks,ThaS1,ThaS1-2,MF,Water,Agar,Rep 1,18,2weeks,NA,0.867,45
Thalianol,ThaS2_MF_Water_Agar_Rep 1_24_1week,ThaS1,ThaS1-2,MF,Water,Agar,Rep 1,24,1week,NA,0.868,45
Thalianol,ThaS2_MF_Water_Agar_Rep 1_6_2weeks,ThaS1,ThaS1-2,MF,Water,Agar,Rep 1,6,2weeks,NA,0.869,45
Thalianol,Col0_F16_3OMG_Agar_Rep 1_18_1week,Col0,Col0,F16,3OMG,Agar,Rep 1,18,1week,NA,0.87,34
Thalianol,ThaD_MF_Water_Agar_Rep 1_13_1week,ThaD,ThaD,MF,Water,Agar,Rep 1,13,1week,NA,0.871,39
Thalianol,Col0_F16_Water_Agar_Rep 1_3_2weeks,Col0,Col0,F16,Water,Agar,Rep 1,3,2weeks,NA,0.875,30
Thalianol,Col0_MF_Water_Agar_Rep 1_42_1week,Col0,Col0,MF,Water,Agar,Rep 1,42,1week,NA,0.879,43
Thalianol,ThaH_MF_Water_Agar_Rep 1_9_1week,ThaH,ThaH,MF,Water,Agar,Rep 1,9,1week,NA,0.879,31
Thalianol,ThaS2_F16_3OMG_Agar_Rep 1_23_1week,ThaS1,ThaS1-2,F16,3OMG,Agar,Rep 1,23,1week,NA,0.882,34
Thalianol,ThaS2_MF_3OMG_Agar_Rep 1_19_1week,ThaS1,ThaS1-2,MF,3OMG,Agar,Rep 1,19,1week,NA,0.886,37
Thalianol,ThaH_F16_Water_Agar_Rep 1_10_1week,ThaH,ThaH,F16,Water,Agar,Rep 1,10,1week,NA,0.893,33
Thalianol,ThaH_F16_3OMG_Agar_Rep 1_14_2weeks,ThaH,ThaH,F16,3OMG,Agar,Rep 1,14,2weeks,NA,0.894,33
Thalianol,ThaD_MF_Water_Agar_Rep 1_18_1week,ThaD,ThaD,MF,Water,Agar,Rep 1,18,1week,NA,0.9,39
Thalianol,ThaS2_F16_3OMG_Agar_Rep 1_30_2weeks,ThaS1,ThaS1-2,F16,3OMG,Agar,Rep 1,30,2weeks,NA,0.9,34
Thalianol,ThaS2_MF_3OMG_Agar_Rep 1_14_2weeks,ThaS1,ThaS1-2,MF,3OMG,Agar,Rep 1,14,2weeks,NA,0.909,37
Thalianol,ThaH_MF_Water_Agar_Rep 1_2_1week,ThaH,ThaH,MF,Water,Agar,Rep 1,2,1week,NA,0.912,31
Thalianol,ThaS2_MF_Water_Agar_Rep 1_10_2weeks,ThaS1,ThaS1-2,MF,Water,Agar,Rep 1,10,2weeks,NA,0.917,45
Thalianol,ThaD_MF_3OMG_Agar_Rep 1_17_2weeks,ThaD,ThaD,MF,3OMG,Agar,Rep 1,17,2weeks,NA,0.918,27
Thalianol,ThaD_F16_3OMG_Agar_Rep 1_3_2weeks,ThaD,ThaD,F16,3OMG,Agar,Rep 1,3,2weeks,NA,0.918,27
Thalianol,Col0_MF_Water_Agar_Rep 1_36_2weeks,Col0,Col0,MF,Water,Agar,Rep 1,36,2weeks,NA,0.921,43
Thalianol,Col0_F16_3OMG_Agar_Rep 1_30_2weeks,Col0,Col0,F16,3OMG,Agar,Rep 1,30,2weeks,NA,0.938,34
Thalianol,Col0_F16_3OMG_Agar_Rep 1_24_1week,Col0,Col0,F16,3OMG,Agar,Rep 1,24,1week,NA,0.943,34
Thalianol,ThaD_MF_3OMG_Agar_Rep 1_12_1week,ThaD,ThaD,MF,3OMG,Agar,Rep 1,12,1week,NA,0.944,27
Thalianol,ThaS2_MF_3OMG_Agar_Rep 1_30_1week,ThaS1,ThaS1-2,MF,3OMG,Agar,Rep 1,30,1week,NA,0.946,37
Thalianol,Col0_MF_Water_Agar_Rep 1_20_1week,Col0,Col0,MF,Water,Agar,Rep 1,20,1week,NA,0.952,43
Thalianol,ThaS2_MF_Water_Agar_Rep 1_29_2weeks,ThaS1,ThaS1-2,MF,Water,Agar,Rep 1,29,2weeks,NA,0.953,45
Thalianol,Col0_F16_3OMG_Agar_Rep 1_10_1week,Col0,Col0,F16,3OMG,Agar,Rep 1,10,1week,NA,0.954,34
Thalianol,ThaS2_MF_Water_Agar_Rep 1_2_2weeks,ThaS1,ThaS1-2,MF,Water,Agar,Rep 1,2,2weeks,NA,0.955,45
Thalianol,Col0_MF_3OMG_Agar_Rep 1_13_1week,Col0,Col0,MF,3OMG,Agar,Rep 1,13,1week,NA,0.963,31
Thalianol,ThaS2_MF_3OMG_Agar_Rep 1_8_2weeks,ThaS1,ThaS1-2,MF,3OMG,Agar,Rep 1,8,2weeks,NA,0.963,37
Thalianol,Col0_MF_Water_Agar_Rep 1_30_2weeks,Col0,Col0,MF,Water,Agar,Rep 1,30,2weeks,NA,0.967,43
Thalianol,ThaS2_MF_3OMG_Agar_Rep 1_27_1week,ThaS1,ThaS1-2,MF,3OMG,Agar,Rep 1,27,1week,NA,0.972,37
Thalianol,ThaD_MF_Water_Agar_Rep 1_21_1week,ThaD,ThaD,MF,Water,Agar,Rep 1,21,1week,NA,0.976,39
Thalianol,ThaS2_MF_3OMG_Agar_Rep 1_34_1week,ThaS1,ThaS1-2,MF,3OMG,Agar,Rep 1,34,1week,NA,0.976,37
Thalianol,Col0_MF_3OMG_Agar_Rep 1_14_1week,Col0,Col0,MF,3OMG,Agar,Rep 1,14,1week,NA,0.979,31
Thalianol,ThaS2_MF_3OMG_Agar_Rep 1_23_1week,ThaS1,ThaS1-2,MF,3OMG,Agar,Rep 1,23,1week,NA,0.979,37
Thalianol,ThaH_MF_Water_Agar_Rep 1_3_1week,ThaH,ThaH,MF,Water,Agar,Rep 1,3,1week,NA,0.98,31
Thalianol,Col0_MF_3OMG_Agar_Rep 1_1_2weeks,Col0,Col0,MF,3OMG,Agar,Rep 1,1,2weeks,NA,0.981,31
Thalianol,ThaH_F16_Water_Agar_Rep 1_11_1week,ThaH,ThaH,F16,Water,Agar,Rep 1,11,1week,NA,0.982,33
Thalianol,Col0_MF_3OMG_Agar_Rep 1_12_1week,Col0,Col0,MF,3OMG,Agar,Rep 1,12,1week,NA,0.983,31
Thalianol,ThaD_F16_3OMG_Agar_Rep 1_1_2weeks,ThaD,ThaD,F16,3OMG,Agar,Rep 1,1,2weeks,NA,0.983,27
Thalianol,Col0_MF_3OMG_Agar_Rep 1_7_1week,Col0,Col0,MF,3OMG,Agar,Rep 1,7,1week,NA,0.987,31
Thalianol,ThaS2_MF_Water_Agar_Rep 1_42_1week,ThaS1,ThaS1-2,MF,Water,Agar,Rep 1,42,1week,NA,0.987,45
Thalianol,ThaD_F16_Water_Agar_Rep 1_5_2weeks,ThaD,ThaD,F16,Water,Agar,Rep 1,5,2weeks,NA,0.991,21
Thalianol,Col0_MF_Water_Agar_Rep 1_12_1week,Col0,Col0,MF,Water,Agar,Rep 1,12,1week,NA,0.992,43
Thalianol,ThaD_MF_Water_Agar_Rep 1_2_1week,ThaD,ThaD,MF,Water,Agar,Rep 1,2,1week,NA,0.992,39
Thalianol,ThaS2_MF_3OMG_Agar_Rep 1_4_1week,ThaS1,ThaS1-2,MF,3OMG,Agar,Rep 1,4,1week,NA,0.994,37
Thalianol,ThaH_F16_Water_Agar_Rep 1_1_2weeks,ThaH,ThaH,F16,Water,Agar,Rep 1,1,2weeks,NA,0.995,33
Thalianol,ThaD_MF_Water_Agar_Rep 1_19_1week,ThaD,ThaD,MF,Water,Agar,Rep 1,19,1week,NA,0.999,39
Thalianol,ThaS2_F16_Water_Agar_Rep 1_4_2weeks,ThaS1,ThaS1-2,F16,Water,Agar,Rep 1,4,2weeks,NA,1.001,30
Thalianol,ThaD_MF_3OMG_Agar_Rep 1_11_1week,ThaD,ThaD,MF,3OMG,Agar,Rep 1,11,1week,NA,1.003,27
Thalianol,Col0_F16_3OMG_Agar_Rep 1_27_2weeks,Col0,Col0,F16,3OMG,Agar,Rep 1,27,2weeks,NA,1.008,34
Thalianol,ThaD_F16_Water_Agar_Rep 1_13_2weeks,ThaD,ThaD,F16,Water,Agar,Rep 1,13,2weeks,NA,1.011,21
Thalianol,ThaS2_MF_3OMG_Agar_Rep 1_10_1week,ThaS1,ThaS1-2,MF,3OMG,Agar,Rep 1,10,1week,NA,1.012,37
Thalianol,ThaH_F16_3OMG_Agar_Rep 1_6_2weeks,ThaH,ThaH,F16,3OMG,Agar,Rep 1,6,2weeks,NA,1.015,33
Thalianol,ThaD_MF_3OMG_Agar_Rep 1_1_2weeks,ThaD,ThaD,MF,3OMG,Agar,Rep 1,1,2weeks,NA,1.019,27
Thalianol,Col0_MF_Water_Agar_Rep 1_17_1week,Col0,Col0,MF,Water,Agar,Rep 1,17,1week,NA,1.021,43
Thalianol,ThaS2_MF_Water_Agar_Rep 1_3_2weeks,ThaS1,ThaS1-2,MF,Water,Agar,Rep 1,3,2weeks,NA,1.021,45
Thalianol,Col0_F16_3OMG_Agar_Rep 1_27_1week,Col0,Col0,F16,3OMG,Agar,Rep 1,27,1week,NA,1.024,34
Thalianol,Col0_MF_Water_Agar_Rep 1_10_1week,Col0,Col0,MF,Water,Agar,Rep 1,10,1week,NA,1.031,43
Thalianol,Col0_F16_3OMG_Agar_Rep 1_7_1week,Col0,Col0,F16,3OMG,Agar,Rep 1,7,1week,NA,1.036,34
Thalianol,ThaD_MF_3OMG_Agar_Rep 1_15_2weeks,ThaD,ThaD,MF,3OMG,Agar,Rep 1,15,2weeks,NA,1.037,27
Thalianol,ThaH_F16_3OMG_Agar_Rep 1_3_1week,ThaH,ThaH,F16,3OMG,Agar,Rep 1,3,1week,NA,1.038,33
Thalianol,Col0_F16_3OMG_Agar_Rep 1_16_1week,Col0,Col0,F16,3OMG,Agar,Rep 1,16,1week,NA,1.04,34
Thalianol,ThaD_MF_Water_Agar_Rep 1_24_2weeks,ThaD,ThaD,MF,Water,Agar,Rep 1,24,2weeks,NA,1.04,39
Thalianol,ThaS2_MF_3OMG_Agar_Rep 1_13_1week,ThaS1,ThaS1-2,MF,3OMG,Agar,Rep 1,13,1week,NA,1.041,37
Thalianol,ThaS2_F16_3OMG_Agar_Rep 1_7_1week,ThaS1,ThaS1-2,F16,3OMG,Agar,Rep 1,7,1week,NA,1.045,34
Thalianol,ThaD_MF_3OMG_Agar_Rep 1_2_2weeks,ThaD,ThaD,MF,3OMG,Agar,Rep 1,2,2weeks,NA,1.049,27
Thalianol,ThaS2_F16_Water_Agar_Rep 1_5_2weeks,ThaS1,ThaS1-2,F16,Water,Agar,Rep 1,5,2weeks,NA,1.049,30
Thalianol,ThaH_MF_Water_Agar_Rep 1_12_1week,ThaH,ThaH,MF,Water,Agar,Rep 1,12,1week,NA,1.052,31
Thalianol,ThaD_F16_3OMG_Agar_Rep 1_19_1week,ThaD,ThaD,F16,3OMG,Agar,Rep 1,19,1week,NA,1.057,27
Thalianol,ThaS2_MF_Water_Agar_Rep 1_27_2weeks,ThaS1,ThaS1-2,MF,Water,Agar,Rep 1,27,2weeks,NA,1.059,45
Thalianol,ThaS2_MF_3OMG_Agar_Rep 1_11_1week,ThaS1,ThaS1-2,MF,3OMG,Agar,Rep 1,11,1week,NA,1.062,37
Thalianol,ThaH_MF_Water_Agar_Rep 1_24_2weeks,ThaH,ThaH,MF,Water,Agar,Rep 1,24,2weeks,NA,1.07,31
Thalianol,ThaS2_F16_Water_Agar_Rep 1_15_2weeks,ThaS1,ThaS1-2,F16,Water,Agar,Rep 1,15,2weeks,NA,1.07,30
Thalianol,Col0_MF_Water_Agar_Rep 1_24_1week,Col0,Col0,MF,Water,Agar,Rep 1,24,1week,NA,1.08,43
Thalianol,ThaH_MF_Water_Agar_Rep 1_4_1week,ThaH,ThaH,MF,Water,Agar,Rep 1,4,1week,NA,1.086,31
Thalianol,ThaH_MF_Water_Agar_Rep 1_17_1week,ThaH,ThaH,MF,Water,Agar,Rep 1,17,1week,NA,1.099,31
Thalianol,ThaS2_MF_Water_Agar_Rep 1_16_1week,ThaS1,ThaS1-2,MF,Water,Agar,Rep 1,16,1week,NA,1.101,45
Thalianol,Col0_MF_3OMG_Agar_Rep 1_15_2weeks,Col0,Col0,MF,3OMG,Agar,Rep 1,15,2weeks,NA,1.106,31
Thalianol,ThaD_MF_3OMG_Agar_Rep 1_13_2weeks,ThaD,ThaD,MF,3OMG,Agar,Rep 1,13,2weeks,NA,1.112,27
Thalianol,ThaD_F16_3OMG_Agar_Rep 1_2_2weeks,ThaD,ThaD,F16,3OMG,Agar,Rep 1,2,2weeks,NA,1.119,27
Thalianol,ThaS2_MF_3OMG_Agar_Rep 1_23_2weeks,ThaS1,ThaS1-2,MF,3OMG,Agar,Rep 1,23,2weeks,NA,1.12,37
Thalianol,ThaD_F16_3OMG_Agar_Rep 1_21_2weeks,ThaD,ThaD,F16,3OMG,Agar,Rep 1,21,2weeks,NA,1.121,27
Thalianol,Col0_MF_3OMG_Agar_Rep 1_4_1week,Col0,Col0,MF,3OMG,Agar,Rep 1,4,1week,NA,1.126,31
Thalianol,Col0_F16_3OMG_Agar_Rep 1_4_1week,Col0,Col0,F16,3OMG,Agar,Rep 1,4,1week,NA,1.128,34
Thalianol,ThaD_MF_3OMG_Agar_Rep 1_10_1week,ThaD,ThaD,MF,3OMG,Agar,Rep 1,10,1week,NA,1.132,27
Thalianol,Col0_MF_3OMG_Agar_Rep 1_3_2weeks,Col0,Col0,MF,3OMG,Agar,Rep 1,3,2weeks,NA,1.134,31
Thalianol,ThaD_MF_Water_Agar_Rep 1_6_1week,ThaD,ThaD,MF,Water,Agar,Rep 1,6,1week,NA,1.136,39
Thalianol,ThaD_MF_Water_Agar_Rep 1_16_1week,ThaD,ThaD,MF,Water,Agar,Rep 1,16,1week,NA,1.136,39
Thalianol,ThaH_F16_3OMG_Agar_Rep 1_10_2weeks,ThaH,ThaH,F16,3OMG,Agar,Rep 1,10,2weeks,NA,1.147,33
Thalianol,Col0_F16_Water_Agar_Rep 1_4_2weeks,Col0,Col0,F16,Water,Agar,Rep 1,4,2weeks,NA,1.148,30
Thalianol,Col0_MF_Water_Agar_Rep 1_24_2weeks,Col0,Col0,MF,Water,Agar,Rep 1,24,2weeks,NA,1.15,43
Thalianol,Col0_F16_3OMG_Agar_Rep 1_26_2weeks,Col0,Col0,F16,3OMG,Agar,Rep 1,26,2weeks,NA,1.154,34
Thalianol,Col0_MF_3OMG_Agar_Rep 1_16_1week,Col0,Col0,MF,3OMG,Agar,Rep 1,16,1week,NA,1.155,31
Thalianol,Col0_F16_3OMG_Agar_Rep 1_10_2weeks,Col0,Col0,F16,3OMG,Agar,Rep 1,10,2weeks,NA,1.155,34
Thalianol,Col0_MF_Water_Agar_Rep 1_8_1week,Col0,Col0,MF,Water,Agar,Rep 1,8,1week,NA,1.166,43
Thalianol,Col0_F16_Water_Agar_Rep 1_10_2weeks,Col0,Col0,F16,Water,Agar,Rep 1,10,2weeks,NA,1.168,30
Thalianol,ThaD_MF_3OMG_Agar_Rep 1_8_1week,ThaD,ThaD,MF,3OMG,Agar,Rep 1,8,1week,NA,1.169,27
Thalianol,Col0_MF_Water_Agar_Rep 1_16_2weeks,Col0,Col0,MF,Water,Agar,Rep 1,16,2weeks,NA,1.172,43
Thalianol,Col0_F16_3OMG_Agar_Rep 1_23_2weeks,Col0,Col0,F16,3OMG,Agar,Rep 1,23,2weeks,NA,1.176,34
Thalianol,Col0_MF_Water_Agar_Rep 1_9_1week,Col0,Col0,MF,Water,Agar,Rep 1,9,1week,NA,1.178,43
Thalianol,ThaH_MF_Water_Agar_Rep 1_24_1week,ThaH,ThaH,MF,Water,Agar,Rep 1,24,1week,NA,1.185,31
Thalianol,ThaH_F16_Water_Agar_Rep 1_10_2weeks,ThaH,ThaH,F16,Water,Agar,Rep 1,10,2weeks,NA,1.185,33
Thalianol,Col0_F16_Water_Agar_Rep 1_30_2weeks,Col0,Col0,F16,Water,Agar,Rep 1,30,2weeks,NA,1.194,30
Thalianol,Col0_MF_Water_Agar_Rep 1_27_1week,Col0,Col0,MF,Water,Agar,Rep 1,27,1week,NA,1.196,43
Thalianol,ThaH_MF_3OMG_Agar_Rep 1_6_2weeks,ThaH,ThaH,MF,3OMG,Agar,Rep 1,6,2weeks,NA,1.199,31
Thalianol,Col0_MF_Water_Agar_Rep 1_13_1week,Col0,Col0,MF,Water,Agar,Rep 1,13,1week,NA,1.2,43
Thalianol,ThaD_MF_Water_Agar_Rep 1_12_1week,ThaD,ThaD,MF,Water,Agar,Rep 1,12,1week,NA,1.209,39
Thalianol,Col0_MF_3OMG_Agar_Rep 1_13_2weeks,Col0,Col0,MF,3OMG,Agar,Rep 1,13,2weeks,NA,1.213,31
Thalianol,ThaS2_F16_Water_Agar_Rep 1_14_2weeks,ThaS1,ThaS1-2,F16,Water,Agar,Rep 1,14,2weeks,NA,1.219,30
Thalianol,Col0_F16_3OMG_Agar_Rep 1_21_2weeks,Col0,Col0,F16,3OMG,Agar,Rep 1,21,2weeks,NA,1.222,34
Thalianol,Col0_F16_3OMG_Agar_Rep 1_3_1week,Col0,Col0,F16,3OMG,Agar,Rep 1,3,1week,NA,1.227,34
Thalianol,ThaS2_MF_Water_Agar_Rep 1_20_2weeks,ThaS1,ThaS1-2,MF,Water,Agar,Rep 1,20,2weeks,NA,1.227,45
Thalianol,Col0_F16_3OMG_Agar_Rep 1_22_2weeks,Col0,Col0,F16,3OMG,Agar,Rep 1,22,2weeks,NA,1.23,34
Thalianol,ThaS2_F16_Water_Agar_Rep 1_2_2weeks,ThaS1,ThaS1-2,F16,Water,Agar,Rep 1,2,2weeks,NA,1.238,30
Thalianol,Col0_F16_3OMG_Agar_Rep 1_1_1week,Col0,Col0,F16,3OMG,Agar,Rep 1,1,1week,NA,1.243,34
Thalianol,ThaS2_F16_Water_Agar_Rep 1_10_2weeks,ThaS1,ThaS1-2,F16,Water,Agar,Rep 1,10,2weeks,NA,1.243,30
Thalianol,Col0_F16_Water_Agar_Rep 1_1_2weeks,Col0,Col0,F16,Water,Agar,Rep 1,1,2weeks,NA,1.244,30
Thalianol,Col0_MF_3OMG_Agar_Rep 1_18_1week,Col0,Col0,MF,3OMG,Agar,Rep 1,18,1week,NA,1.253,31
Thalianol,ThaS2_F16_3OMG_Agar_Rep 1_7_2weeks,ThaS1,ThaS1-2,F16,3OMG,Agar,Rep 1,7,2weeks,NA,1.255,34
Thalianol,ThaD_F16_3OMG_Agar_Rep 1_13_1week,ThaD,ThaD,F16,3OMG,Agar,Rep 1,13,1week,NA,1.257,27
Thalianol,ThaD_F16_3OMG_Agar_Rep 1_15_2weeks,ThaD,ThaD,F16,3OMG,Agar,Rep 1,15,2weeks,NA,1.265,27
Thalianol,ThaS2_MF_Water_Agar_Rep 1_4_1week,ThaS1,ThaS1-2,MF,Water,Agar,Rep 1,4,1week,NA,1.267,45
Thalianol,ThaD_MF_3OMG_Agar_Rep 1_7_1week,ThaD,ThaD,MF,3OMG,Agar,Rep 1,7,1week,NA,1.276,27
Thalianol,ThaS2_MF_3OMG_Agar_Rep 1_28_2weeks,ThaS1,ThaS1-2,MF,3OMG,Agar,Rep 1,28,2weeks,NA,1.282,37
Thalianol,ThaH_MF_Water_Agar_Rep 1_17_2weeks,ThaH,ThaH,MF,Water,Agar,Rep 1,17,2weeks,NA,1.285,31
Thalianol,Col0_MF_3OMG_Agar_Rep 1_11_1week,Col0,Col0,MF,3OMG,Agar,Rep 1,11,1week,NA,1.288,31
Thalianol,ThaD_MF_Water_Agar_Rep 1_11_1week,ThaD,ThaD,MF,Water,Agar,Rep 1,11,1week,NA,1.299,39
Thalianol,Col0_MF_3OMG_Agar_Rep 1_2_2weeks,Col0,Col0,MF,3OMG,Agar,Rep 1,2,2weeks,NA,1.312,31
Thalianol,ThaH_F16_3OMG_Agar_Rep 1_3_2weeks,ThaH,ThaH,F16,3OMG,Agar,Rep 1,3,2weeks,NA,1.316,33
Thalianol,ThaS2_MF_3OMG_Agar_Rep 1_11_2weeks,ThaS1,ThaS1-2,MF,3OMG,Agar,Rep 1,11,2weeks,NA,1.318,37
Thalianol,Col0_F16_3OMG_Agar_Rep 1_21_1week,Col0,Col0,F16,3OMG,Agar,Rep 1,21,1week,NA,1.319,34
Thalianol,Col0_F16_3OMG_Agar_Rep 1_2_2weeks,Col0,Col0,F16,3OMG,Agar,Rep 1,2,2weeks,NA,1.333,34
Thalianol,Col0_MF_3OMG_Agar_Rep 1_22_1week,Col0,Col0,MF,3OMG,Agar,Rep 1,22,1week,NA,1.336,31
Thalianol,ThaD_F16_3OMG_Agar_Rep 1_5_2weeks,ThaD,ThaD,F16,3OMG,Agar,Rep 1,5,2weeks,NA,1.337,27
Thalianol,ThaH_F16_3OMG_Agar_Rep 1_18_2weeks,ThaH,ThaH,F16,3OMG,Agar,Rep 1,18,2weeks,NA,1.342,33
Thalianol,ThaD_F16_Water_Agar_Rep 1_18_2weeks,ThaD,ThaD,F16,Water,Agar,Rep 1,18,2weeks,NA,1.348,21
Thalianol,ThaS2_F16_3OMG_Agar_Rep 1_21_2weeks,ThaS1,ThaS1-2,F16,3OMG,Agar,Rep 1,21,2weeks,NA,1.35,34
Thalianol,ThaS2_MF_Water_Agar_Rep 1_13_2weeks,ThaS1,ThaS1-2,MF,Water,Agar,Rep 1,13,2weeks,NA,1.357,45
Thalianol,ThaS2_F16_Water_Agar_Rep 1_9_2weeks,ThaS1,ThaS1-2,F16,Water,Agar,Rep 1,9,2weeks,NA,1.358,30
Thalianol,Col0_MF_Water_Agar_Rep 1_38_2weeks,Col0,Col0,MF,Water,Agar,Rep 1,38,2weeks,NA,1.364,43
Thalianol,Col0_MF_Water_Agar_Rep 1_31_1week,Col0,Col0,MF,Water,Agar,Rep 1,31,1week,NA,1.367,43
Thalianol,ThaH_MF_3OMG_Agar_Rep 1_17_2weeks,ThaH,ThaH,MF,3OMG,Agar,Rep 1,17,2weeks,NA,1.367,31
Thalianol,Col0_MF_3OMG_Agar_Rep 1_21_1week,Col0,Col0,MF,3OMG,Agar,Rep 1,21,1week,NA,1.38,31
Thalianol,Col0_F16_3OMG_Agar_Rep 1_31_2weeks,Col0,Col0,F16,3OMG,Agar,Rep 1,31,2weeks,NA,1.38,34
Thalianol,ThaS2_F16_3OMG_Agar_Rep 1_29_2weeks,ThaS1,ThaS1-2,F16,3OMG,Agar,Rep 1,29,2weeks,NA,1.381,34
Thalianol,ThaS2_F16_3OMG_Agar_Rep 1_11_2weeks,ThaS1,ThaS1-2,F16,3OMG,Agar,Rep 1,11,2weeks,NA,1.383,34
Thalianol,Col0_MF_Water_Agar_Rep 1_11_2weeks,Col0,Col0,MF,Water,Agar,Rep 1,11,2weeks,NA,1.385,43
Thalianol,ThaD_MF_3OMG_Agar_Rep 1_12_2weeks,ThaD,ThaD,MF,3OMG,Agar,Rep 1,12,2weeks,NA,1.397,27
Thalianol,ThaH_MF_3OMG_Agar_Rep 1_13_2weeks,ThaH,ThaH,MF,3OMG,Agar,Rep 1,13,2weeks,NA,1.397,31
Thalianol,ThaD_MF_3OMG_Agar_Rep 1_14_2weeks,ThaD,ThaD,MF,3OMG,Agar,Rep 1,14,2weeks,NA,1.404,27
Thalianol,Col0_MF_Water_Agar_Rep 1_34_1week,Col0,Col0,MF,Water,Agar,Rep 1,34,1week,NA,1.408,43
Thalianol,Col0_MF_Water_Agar_Rep 1_11_1week,Col0,Col0,MF,Water,Agar,Rep 1,11,1week,NA,1.414,43
Thalianol,Col0_F16_3OMG_Agar_Rep 1_11_2weeks,Col0,Col0,F16,3OMG,Agar,Rep 1,11,2weeks,NA,1.414,34
Thalianol,ThaD_F16_3OMG_Agar_Rep 1_14_2weeks,ThaD,ThaD,F16,3OMG,Agar,Rep 1,14,2weeks,NA,1.415,27
Thalianol,Col0_MF_3OMG_Agar_Rep 1_19_1week,Col0,Col0,MF,3OMG,Agar,Rep 1,19,1week,NA,1.428,31
Thalianol,Col0_MF_Water_Agar_Rep 1_28_1week,Col0,Col0,MF,Water,Agar,Rep 1,28,1week,NA,1.432,43
Thalianol,ThaH_MF_3OMG_Agar_Rep 1_8_1week,ThaH,ThaH,MF,3OMG,Agar,Rep 1,8,1week,NA,1.442,31
Thalianol,Col0_F16_3OMG_Agar_Rep 1_3_2weeks,Col0,Col0,F16,3OMG,Agar,Rep 1,3,2weeks,NA,1.45,34
Thalianol,ThaS2_MF_3OMG_Agar_Rep 1_4_2weeks,ThaS1,ThaS1-2,MF,3OMG,Agar,Rep 1,4,2weeks,NA,1.45,37
Thalianol,Col0_F16_Water_Agar_Rep 1_14_2weeks,Col0,Col0,F16,Water,Agar,Rep 1,14,2weeks,NA,1.479,30
Thalianol,ThaS2_MF_3OMG_Agar_Rep 1_12_2weeks,ThaS1,ThaS1-2,MF,3OMG,Agar,Rep 1,12,2weeks,NA,1.483,37
Thalianol,Col0_MF_Water_Agar_Rep 1_38_1week,Col0,Col0,MF,Water,Agar,Rep 1,38,1week,NA,1.487,43
Thalianol,ThaH_MF_3OMG_Agar_Rep 1_11_2weeks,ThaH,ThaH,MF,3OMG,Agar,Rep 1,11,2weeks,NA,1.487,31
Thalianol,Col0_MF_Water_Agar_Rep 1_5_1week,Col0,Col0,MF,Water,Agar,Rep 1,5,1week,NA,1.5,43
Thalianol,Col0_MF_Water_Agar_Rep 1_37_1week,Col0,Col0,MF,Water,Agar,Rep 1,37,1week,NA,1.5,43
Thalianol,ThaD_F16_3OMG_Agar_Rep 1_11_2weeks,ThaD,ThaD,F16,3OMG,Agar,Rep 1,11,2weeks,NA,1.504,27
Thalianol,ThaS2_MF_3OMG_Agar_Rep 1_13_2weeks,ThaS1,ThaS1-2,MF,3OMG,Agar,Rep 1,13,2weeks,NA,1.515,37
Thalianol,Col0_MF_3OMG_Agar_Rep 1_6_1week,Col0,Col0,MF,3OMG,Agar,Rep 1,6,1week,NA,1.531,31
Thalianol,ThaS2_MF_Water_Agar_Rep 1_8_2weeks,ThaS1,ThaS1-2,MF,Water,Agar,Rep 1,8,2weeks,NA,1.538,45
Thalianol,Col0_MF_Water_Agar_Rep 1_3_1week,Col0,Col0,MF,Water,Agar,Rep 1,3,1week,NA,1.552,43
Thalianol,ThaD_MF_Water_Agar_Rep 1_13_2weeks,ThaD,ThaD,MF,Water,Agar,Rep 1,13,2weeks,NA,1.555,39
Thalianol,ThaS2_F16_3OMG_Agar_Rep 1_3_2weeks,ThaS1,ThaS1-2,F16,3OMG,Agar,Rep 1,3,2weeks,NA,1.557,34
Thalianol,Col0_F16_3OMG_Agar_Rep 1_17_2weeks,Col0,Col0,F16,3OMG,Agar,Rep 1,17,2weeks,NA,1.558,34
Thalianol,ThaH_F16_3OMG_Agar_Rep 1_4_2weeks,ThaH,ThaH,F16,3OMG,Agar,Rep 1,4,2weeks,NA,1.574,33
Thalianol,ThaD_MF_Water_Agar_Rep 1_25_2weeks,ThaD,ThaD,MF,Water,Agar,Rep 1,25,2weeks,NA,1.591,39
Thalianol,Col0_MF_3OMG_Agar_Rep 1_1_1week,Col0,Col0,MF,3OMG,Agar,Rep 1,1,1week,NA,1.6,31
Thalianol,Col0_MF_Water_Agar_Rep 1_17_2weeks,Col0,Col0,MF,Water,Agar,Rep 1,17,2weeks,NA,1.601,43
Thalianol,ThaS2_F16_3OMG_Agar_Rep 1_12_2weeks,ThaS1,ThaS1-2,F16,3OMG,Agar,Rep 1,12,2weeks,NA,1.603,34
Thalianol,Col0_MF_Water_Agar_Rep 1_6_1week,Col0,Col0,MF,Water,Agar,Rep 1,6,1week,NA,1.613,43
Thalianol,ThaD_MF_Water_Agar_Rep 1_3_2weeks,ThaD,ThaD,MF,Water,Agar,Rep 1,3,2weeks,NA,1.618,39
Thalianol,ThaS2_F16_3OMG_Agar_Rep 1_20_2weeks,ThaS1,ThaS1-2,F16,3OMG,Agar,Rep 1,20,2weeks,NA,1.63,34
Thalianol,ThaS2_F16_3OMG_Agar_Rep 1_15_2weeks,ThaS1,ThaS1-2,F16,3OMG,Agar,Rep 1,15,2weeks,NA,1.638,34
Thalianol,ThaD_F16_Water_Agar_Rep 1_6_2weeks,ThaD,ThaD,F16,Water,Agar,Rep 1,6,2weeks,NA,1.641,21
Thalianol,Col0_MF_3OMG_Agar_Rep 1_16_2weeks,Col0,Col0,MF,3OMG,Agar,Rep 1,16,2weeks,NA,1.643,31
Thalianol,Col0_MF_Water_Agar_Rep 1_33_1week,Col0,Col0,MF,Water,Agar,Rep 1,33,1week,NA,1.645,43
Thalianol,Col0_MF_3OMG_Agar_Rep 1_26_2weeks,Col0,Col0,MF,3OMG,Agar,Rep 1,26,2weeks,NA,1.648,31
Thalianol,Col0_MF_Water_Agar_Rep 1_19_1week,Col0,Col0,MF,Water,Agar,Rep 1,19,1week,NA,1.649,43
Thalianol,Col0_MF_Water_Agar_Rep 1_1_1week,Col0,Col0,MF,Water,Agar,Rep 1,1,1week,NA,1.653,43
Thalianol,Col0_MF_3OMG_Agar_Rep 1_25_2weeks,Col0,Col0,MF,3OMG,Agar,Rep 1,25,2weeks,NA,1.66,31
Thalianol,ThaD_MF_Water_Agar_Rep 1_17_2weeks,ThaD,ThaD,MF,Water,Agar,Rep 1,17,2weeks,NA,1.677,39
Thalianol,Col0_MF_3OMG_Agar_Rep 1_17_2weeks,Col0,Col0,MF,3OMG,Agar,Rep 1,17,2weeks,NA,1.684,31
Thalianol,ThaD_F16_Water_Agar_Rep 1_15_2weeks,ThaD,ThaD,F16,Water,Agar,Rep 1,15,2weeks,NA,1.692,21
Thalianol,ThaD_MF_Water_Agar_Rep 1_14_2weeks,ThaD,ThaD,MF,Water,Agar,Rep 1,14,2weeks,NA,1.706,39
Thalianol,Col0_MF_Water_Agar_Rep 1_4_1week,Col0,Col0,MF,Water,Agar,Rep 1,4,1week,NA,1.715,43
Thalianol,ThaH_F16_3OMG_Agar_Rep 1_16_2weeks,ThaH,ThaH,F16,3OMG,Agar,Rep 1,16,2weeks,NA,1.72,33
Thalianol,ThaH_MF_Water_Agar_Rep 1_7_2weeks,ThaH,ThaH,MF,Water,Agar,Rep 1,7,2weeks,NA,1.741,31
Thalianol,ThaD_F16_3OMG_Agar_Rep 1_17_2weeks,ThaD,ThaD,F16,3OMG,Agar,Rep 1,17,2weeks,NA,1.766,27
Thalianol,ThaH_MF_3OMG_Agar_Rep 1_15_2weeks,ThaH,ThaH,MF,3OMG,Agar,Rep 1,15,2weeks,NA,1.782,31
Thalianol,ThaS2_F16_3OMG_Agar_Rep 1_2_2weeks,ThaS1,ThaS1-2,F16,3OMG,Agar,Rep 1,2,2weeks,NA,1.789,34
Thalianol,Col0_MF_3OMG_Agar_Rep 1_24_2weeks,Col0,Col0,MF,3OMG,Agar,Rep 1,24,2weeks,NA,1.791,31
Thalianol,Col0_MF_Water_Agar_Rep 1_6_2weeks,Col0,Col0,MF,Water,Agar,Rep 1,6,2weeks,NA,1.792,43
Thalianol,Col0_MF_Water_Agar_Rep 1_3_2weeks,Col0,Col0,MF,Water,Agar,Rep 1,3,2weeks,NA,1.794,43
Thalianol,ThaS2_F16_3OMG_Agar_Rep 1_31_2weeks,ThaS1,ThaS1-2,F16,3OMG,Agar,Rep 1,31,2weeks,NA,1.799,34
Thalianol,ThaS2_F16_Water_Agar_Rep 1_21_2weeks,ThaS1,ThaS1-2,F16,Water,Agar,Rep 1,21,2weeks,NA,1.805,30
Thalianol,ThaS2_MF_Water_Agar_Rep 1_15_2weeks,ThaS1,ThaS1-2,MF,Water,Agar,Rep 1,15,2weeks,NA,1.82,45
Thalianol,ThaS2_F16_Water_Agar_Rep 1_22_2weeks,ThaS1,ThaS1-2,F16,Water,Agar,Rep 1,22,2weeks,NA,1.821,30
Thalianol,ThaH_F16_3OMG_Agar_Rep 1_1_2weeks,ThaH,ThaH,F16,3OMG,Agar,Rep 1,1,2weeks,NA,1.823,33
Thalianol,ThaS2_F16_3OMG_Agar_Rep 1_28_2weeks,ThaS1,ThaS1-2,F16,3OMG,Agar,Rep 1,28,2weeks,NA,1.852,34
Thalianol,Col0_F16_3OMG_Agar_Rep 1_13_2weeks,Col0,Col0,F16,3OMG,Agar,Rep 1,13,2weeks,NA,1.86,34
Thalianol,ThaD_MF_Water_Agar_Rep 1_10_2weeks,ThaD,ThaD,MF,Water,Agar,Rep 1,10,2weeks,NA,1.862,39
Thalianol,Col0_MF_3OMG_Agar_Rep 1_8_2weeks,Col0,Col0,MF,3OMG,Agar,Rep 1,8,2weeks,NA,1.893,31
Thalianol,Col0_MF_Water_Agar_Rep 1_37_2weeks,Col0,Col0,MF,Water,Agar,Rep 1,37,2weeks,NA,1.902,43
Thalianol,ThaH_F16_3OMG_Agar_Rep 1_23_2weeks,ThaH,ThaH,F16,3OMG,Agar,Rep 1,23,2weeks,NA,1.915,33
Thalianol,ThaS2_F16_3OMG_Agar_Rep 1_14_2weeks,ThaS1,ThaS1-2,F16,3OMG,Agar,Rep 1,14,2weeks,NA,1.936,34
Thalianol,ThaH_F16_3OMG_Agar_Rep 1_22_2weeks,ThaH,ThaH,F16,3OMG,Agar,Rep 1,22,2weeks,NA,1.937,33
Thalianol,ThaD_MF_Water_Agar_Rep 1_11_2weeks,ThaD,ThaD,MF,Water,Agar,Rep 1,11,2weeks,NA,1.939,39
Thalianol,Col0_MF_Water_Agar_Rep 1_1_2weeks,Col0,Col0,MF,Water,Agar,Rep 1,1,2weeks,NA,1.96,43
Thalianol,ThaH_MF_3OMG_Agar_Rep 1_18_2weeks,ThaH,ThaH,MF,3OMG,Agar,Rep 1,18,2weeks,NA,1.972,31
Thalianol,Col0_MF_3OMG_Agar_Rep 1_18_2weeks,Col0,Col0,MF,3OMG,Agar,Rep 1,18,2weeks,NA,1.99,31
Thalianol,ThaS2_MF_Water_Agar_Rep 1_17_2weeks,ThaS1,ThaS1-2,MF,Water,Agar,Rep 1,17,2weeks,NA,1.991,45
Thalianol,ThaD_MF_Water_Agar_Rep 1_22_2weeks,ThaD,ThaD,MF,Water,Agar,Rep 1,22,2weeks,NA,1.995,39
Thalianol,ThaS2_MF_3OMG_Agar_Rep 1_34_2weeks,ThaS1,ThaS1-2,MF,3OMG,Agar,Rep 1,34,2weeks,NA,2.016,37
Thalianol,ThaH_MF_Water_Agar_Rep 1_22_2weeks,ThaH,ThaH,MF,Water,Agar,Rep 1,22,2weeks,NA,2.048,31
Thalianol,Col0_MF_3OMG_Agar_Rep 1_11_2weeks,Col0,Col0,MF,3OMG,Agar,Rep 1,11,2weeks,NA,2.058,31
Thalianol,ThaH_F16_Water_Agar_Rep 1_11_2weeks,ThaH,ThaH,F16,Water,Agar,Rep 1,11,2weeks,NA,2.083,33
Thalianol,Col0_F16_Water_Agar_Rep 1_29_2weeks,Col0,Col0,F16,Water,Agar,Rep 1,29,2weeks,NA,2.123,30
Thalianol,ThaS2_F16_3OMG_Agar_Rep 1_18_2weeks,ThaS1,ThaS1-2,F16,3OMG,Agar,Rep 1,18,2weeks,NA,2.128,34
Thalianol,ThaH_F16_3OMG_Agar_Rep 1_9_2weeks,ThaH,ThaH,F16,3OMG,Agar,Rep 1,9,2weeks,NA,2.13,33
Thalianol,ThaH_F16_3OMG_Agar_Rep 1_15_2weeks,ThaH,ThaH,F16,3OMG,Agar,Rep 1,15,2weeks,NA,2.153,33
Thalianol,ThaS2_F16_3OMG_Agar_Rep 1_17_2weeks,ThaS1,ThaS1-2,F16,3OMG,Agar,Rep 1,17,2weeks,NA,2.181,34
Thalianol,ThaH_F16_3OMG_Agar_Rep 1_8_2weeks,ThaH,ThaH,F16,3OMG,Agar,Rep 1,8,2weeks,NA,2.191,33
Thalianol,ThaS1_MF_3OMG_Agar_Rep 1_1_1week,ThaS1,ThaS1-1,MF,3OMG,Agar,Rep 1,1,1week,NA,2.191,38
Thalianol,ThaS2_MF_3OMG_Agar_Rep 1_10_2weeks,ThaS1,ThaS1-2,MF,3OMG,Agar,Rep 1,10,2weeks,NA,2.197,37
Thalianol,ThaH_MF_3OMG_Agar_Rep 1_9_2weeks,ThaH,ThaH,MF,3OMG,Agar,Rep 1,9,2weeks,NA,2.2,31
Thalianol,ThaS2_F16_3OMG_Agar_Rep 1_27_2weeks,ThaS1,ThaS1-2,F16,3OMG,Agar,Rep 1,27,2weeks,NA,2.205,34
Thalianol,ThaD_MF_Water_Agar_Rep 1_21_2weeks,ThaD,ThaD,MF,Water,Agar,Rep 1,21,2weeks,NA,2.207,39
Thalianol,Col0_MF_Water_Agar_Rep 1_39_2weeks,Col0,Col0,MF,Water,Agar,Rep 1,39,2weeks,NA,2.234,43
Thalianol,ThaD_F16_3OMG_Agar_Rep 1_12_2weeks,ThaD,ThaD,F16,3OMG,Agar,Rep 1,12,2weeks,NA,2.276,27
Thalianol,ThaD_F16_3OMG_Agar_Rep 1_8_2weeks,ThaD,ThaD,F16,3OMG,Agar,Rep 1,8,2weeks,NA,2.303,27
Thalianol,Col0_MF_3OMG_Agar_Rep 1_5_2weeks,Col0,Col0,MF,3OMG,Agar,Rep 1,5,2weeks,NA,2.304,31
Thalianol,ThaH_MF_Water_Agar_Rep 1_11_2weeks,ThaH,ThaH,MF,Water,Agar,Rep 1,11,2weeks,NA,2.306,31
Thalianol,Col0_F16_Water_Agar_Rep 1_17_2weeks,Col0,Col0,F16,Water,Agar,Rep 1,17,2weeks,NA,2.323,30
Thalianol,Col0_F16_3OMG_Agar_Rep 1_24_2weeks,Col0,Col0,F16,3OMG,Agar,Rep 1,24,2weeks,NA,2.329,34
Thalianol,Col0_MF_Water_Agar_Rep 1_2_2weeks,Col0,Col0,MF,Water,Agar,Rep 1,2,2weeks,NA,2.334,43
Thalianol,ThaD_MF_3OMG_Agar_Rep 1_11_2weeks,ThaD,ThaD,MF,3OMG,Agar,Rep 1,11,2weeks,NA,2.342,27
Thalianol,ThaH_MF_3OMG_Agar_Rep 1_16_2weeks,ThaH,ThaH,MF,3OMG,Agar,Rep 1,16,2weeks,NA,2.353,31
Thalianol,ThaD_MF_Water_Agar_Rep 1_18_2weeks,ThaD,ThaD,MF,Water,Agar,Rep 1,18,2weeks,NA,2.358,39
Thalianol,ThaS2_MF_3OMG_Agar_Rep 1_20_2weeks,ThaS1,ThaS1-2,MF,3OMG,Agar,Rep 1,20,2weeks,NA,2.388,37
Thalianol,Col0_F16_3OMG_Agar_Rep 1_4_2weeks,Col0,Col0,F16,3OMG,Agar,Rep 1,4,2weeks,NA,2.392,34
Thalianol,Col0_F16_Water_Agar_Rep 1_15_2weeks,Col0,Col0,F16,Water,Agar,Rep 1,15,2weeks,NA,2.401,30
Thalianol,ThaH_MF_Water_Agar_Rep 1_14_2weeks,ThaH,ThaH,MF,Water,Agar,Rep 1,14,2weeks,NA,2.416,31
Thalianol,ThaS2_MF_3OMG_Agar_Rep 1_7_2weeks,ThaS1,ThaS1-2,MF,3OMG,Agar,Rep 1,7,2weeks,NA,2.42,37
Thalianol,ThaS2_MF_3OMG_Agar_Rep 1_15_2weeks,ThaS1,ThaS1-2,MF,3OMG,Agar,Rep 1,15,2weeks,NA,2.445,37
Thalianol,ThaH_MF_Water_Agar_Rep 1_25_2weeks,ThaH,ThaH,MF,Water,Agar,Rep 1,25,2weeks,NA,2.457,31
Thalianol,ThaD_MF_Water_Agar_Rep 1_12_2weeks,ThaD,ThaD,MF,Water,Agar,Rep 1,12,2weeks,NA,2.466,39
Thalianol,ThaS2_F16_Water_Agar_Rep 1_23_2weeks,ThaS1,ThaS1-2,F16,Water,Agar,Rep 1,23,2weeks,NA,2.473,30
Thalianol,ThaS2_MF_3OMG_Agar_Rep 1_5_2weeks,ThaS1,ThaS1-2,MF,3OMG,Agar,Rep 1,5,2weeks,NA,2.476,37
Thalianol,Col0_MF_Water_Agar_Rep 1_19_2weeks,Col0,Col0,MF,Water,Agar,Rep 1,19,2weeks,NA,2.485,43
Thalianol,ThaS1_MF_Water_Agar_Rep 1_1_2weeks,ThaS1,ThaS1-1,MF,Water,Agar,Rep 1,1,2weeks,NA,2.501,32
Thalianol,Col0_F16_3OMG_Agar_Rep 1_28_2weeks,Col0,Col0,F16,3OMG,Agar,Rep 1,28,2weeks,NA,2.502,34
Thalianol,Col0_F16_3OMG_Agar_Rep 1_16_2weeks,Col0,Col0,F16,3OMG,Agar,Rep 1,16,2weeks,NA,2.529,34
Thalianol,ThaS2_F16_3OMG_Agar_Rep 1_6_2weeks,ThaS1,ThaS1-2,F16,3OMG,Agar,Rep 1,6,2weeks,NA,2.545,34
Thalianol,ThaS2_MF_3OMG_Agar_Rep 1_31_2weeks,ThaS1,ThaS1-2,MF,3OMG,Agar,Rep 1,31,2weeks,NA,2.549,37
Thalianol,Col0_F16_3OMG_Agar_Rep 1_14_2weeks,Col0,Col0,F16,3OMG,Agar,Rep 1,14,2weeks,NA,2.596,34
Thalianol,ThaS2_F16_3OMG_Agar_Rep 1_9_2weeks,ThaS1,ThaS1-2,F16,3OMG,Agar,Rep 1,9,2weeks,NA,2.628,34
Thalianol,Col0_MF_Water_Agar_Rep 1_4_2weeks,Col0,Col0,MF,Water,Agar,Rep 1,4,2weeks,NA,2.63,43
Thalianol,Col0_F16_3OMG_Agar_Rep 1_12_2weeks,Col0,Col0,F16,3OMG,Agar,Rep 1,12,2weeks,NA,2.639,34
Thalianol,ThaS2_MF_3OMG_Agar_Rep 1_37_2weeks,ThaS1,ThaS1-2,MF,3OMG,Agar,Rep 1,37,2weeks,NA,2.663,37
Thalianol,Col0_MF_Water_Agar_Rep 1_10_2weeks,Col0,Col0,MF,Water,Agar,Rep 1,10,2weeks,NA,2.711,43
Thalianol,Col0_F16_3OMG_Agar_Rep 1_20_2weeks,Col0,Col0,F16,3OMG,Agar,Rep 1,20,2weeks,NA,2.711,34
Thalianol,ThaS2_MF_3OMG_Agar_Rep 1_19_2weeks,ThaS1,ThaS1-2,MF,3OMG,Agar,Rep 1,19,2weeks,NA,2.754,37
Thalianol,Col0_MF_Water_Agar_Rep 1_18_2weeks,Col0,Col0,MF,Water,Agar,Rep 1,18,2weeks,NA,2.764,43
Thalianol,ThaD_MF_3OMG_Agar_Rep 1_7_2weeks,ThaD,ThaD,MF,3OMG,Agar,Rep 1,7,2weeks,NA,2.821,27
Thalianol,ThaS2_F16_3OMG_Agar_Rep 1_4_2weeks,ThaS1,ThaS1-2,F16,3OMG,Agar,Rep 1,4,2weeks,NA,2.833,34
Thalianol,ThaH_MF_Water_Agar_Rep 1_8_2weeks,ThaH,ThaH,MF,Water,Agar,Rep 1,8,2weeks,NA,2.846,31
Thalianol,ThaD_MF_3OMG_Agar_Rep 1_9_2weeks,ThaD,ThaD,MF,3OMG,Agar,Rep 1,9,2weeks,NA,2.848,27
Thalianol,ThaD_F16_3OMG_Agar_Rep 1_9_2weeks,ThaD,ThaD,F16,3OMG,Agar,Rep 1,9,2weeks,NA,2.851,27
Thalianol,ThaS2_MF_3OMG_Agar_Rep 1_29_2weeks,ThaS1,ThaS1-2,MF,3OMG,Agar,Rep 1,29,2weeks,NA,2.91,37
Thalianol,ThaH_MF_Water_Agar_Rep 1_1_2weeks,ThaH,ThaH,MF,Water,Agar,Rep 1,1,2weeks,NA,2.941,31
Thalianol,Col0_MF_Water_Agar_Rep 1_22_2weeks,Col0,Col0,MF,Water,Agar,Rep 1,22,2weeks,NA,2.948,43
Thalianol,ThaD_MF_Water_Agar_Rep 1_20_2weeks,ThaD,ThaD,MF,Water,Agar,Rep 1,20,2weeks,NA,2.949,39
Thalianol,ThaD_MF_Water_Agar_Rep 1_15_2weeks,ThaD,ThaD,MF,Water,Agar,Rep 1,15,2weeks,NA,2.965,39
Thalianol,Col0_MF_Water_Agar_Rep 1_20_2weeks,Col0,Col0,MF,Water,Agar,Rep 1,20,2weeks,NA,3.052,43
Thalianol,Col0_MF_Water_Agar_Rep 1_14_2weeks,Col0,Col0,MF,Water,Agar,Rep 1,14,2weeks,NA,3.074,43
Thalianol,Col0_F16_3OMG_Agar_Rep 1_29_2weeks,Col0,Col0,F16,3OMG,Agar,Rep 1,29,2weeks,NA,3.09,34
Thalianol,ThaS2_F16_3OMG_Agar_Rep 1_26_2weeks,ThaS1,ThaS1-2,F16,3OMG,Agar,Rep 1,26,2weeks,NA,3.102,34
Thalianol,Col0_F16_3OMG_Agar_Rep 1_25_2weeks,Col0,Col0,F16,3OMG,Agar,Rep 1,25,2weeks,NA,3.162,34
Thalianol,ThaS2_MF_3OMG_Agar_Rep 1_27_2weeks,ThaS1,ThaS1-2,MF,3OMG,Agar,Rep 1,27,2weeks,NA,3.162,37
Thalianol,Col0_MF_Water_Agar_Rep 1_5_2weeks,Col0,Col0,MF,Water,Agar,Rep 1,5,2weeks,NA,3.177,43
Thalianol,ThaH_MF_Water_Agar_Rep 1_2_2weeks,ThaH,ThaH,MF,Water,Agar,Rep 1,2,2weeks,NA,3.202,31
Thalianol,Col0_F16_3OMG_Agar_Rep 1_19_2weeks,Col0,Col0,F16,3OMG,Agar,Rep 1,19,2weeks,NA,3.234,34
Thalianol,Col0_MF_Water_Agar_Rep 1_31_2weeks,Col0,Col0,MF,Water,Agar,Rep 1,31,2weeks,NA,3.291,43
Thalianol,Col0_MF_Water_Agar_Rep 1_32_2weeks,Col0,Col0,MF,Water,Agar,Rep 1,32,2weeks,NA,3.355,43
Thalianol,ThaS2_MF_3OMG_Agar_Rep 1_26_2weeks,ThaS1,ThaS1-2,MF,3OMG,Agar,Rep 1,26,2weeks,NA,3.389,37
Thalianol,Col0_MF_Water_Agar_Rep 1_23_2weeks,Col0,Col0,MF,Water,Agar,Rep 1,23,2weeks,NA,3.398,43
Thalianol,ThaD_MF_Water_Agar_Rep 1_16_2weeks,ThaD,ThaD,MF,Water,Agar,Rep 1,16,2weeks,NA,3.446,39
Thalianol,Col0_F16_3OMG_Agar_Rep 1_15_2weeks,Col0,Col0,F16,3OMG,Agar,Rep 1,15,2weeks,NA,3.512,34
Thalianol,ThaD_MF_Water_Agar_Rep 1_23_2weeks,ThaD,ThaD,MF,Water,Agar,Rep 1,23,2weeks,NA,3.529,39
Thalianol,Col0_F16_3OMG_Agar_Rep 1_18_2weeks,Col0,Col0,F16,3OMG,Agar,Rep 1,18,2weeks,NA,3.629,34
Thalianol,ThaS2_MF_3OMG_Agar_Rep 1_9_2weeks,ThaS1,ThaS1-2,MF,3OMG,Agar,Rep 1,9,2weeks,NA,3.719,37
Thalianol,ThaH_MF_Water_Agar_Rep 1_10_2weeks,ThaH,ThaH,MF,Water,Agar,Rep 1,10,2weeks,NA,3.733,31
Thalianol,ThaD_MF_Water_Agar_Rep 1_6_2weeks,ThaD,ThaD,MF,Water,Agar,Rep 1,6,2weeks,NA,3.742,39
Thalianol,ThaD_MF_Water_Agar_Rep 1_9_2weeks,ThaD,ThaD,MF,Water,Agar,Rep 1,9,2weeks,NA,3.771,39
Thalianol,ThaH_MF_3OMG_Agar_Rep 1_7_2weeks,ThaH,ThaH,MF,3OMG,Agar,Rep 1,7,2weeks,NA,3.809,31
Thalianol,Col0_MF_Water_Agar_Rep 1_21_2weeks,Col0,Col0,MF,Water,Agar,Rep 1,21,2weeks,NA,3.996,43
Thalianol,ThaH_MF_Water_Agar_Rep 1_9_2weeks,ThaH,ThaH,MF,Water,Agar,Rep 1,9,2weeks,NA,4.081,31
Thalianol,ThaH_MF_Water_Agar_Rep 1_12_2weeks,ThaH,ThaH,MF,Water,Agar,Rep 1,12,2weeks,NA,4.156,31
Thalianol,Col0_F16_3OMG_Agar_Rep 1_5_2weeks,Col0,Col0,F16,3OMG,Agar,Rep 1,5,2weeks,NA,4.189,34
Thalianol,ThaD_MF_Water_Agar_Rep 1_7_2weeks,ThaD,ThaD,MF,Water,Agar,Rep 1,7,2weeks,NA,4.191,39
Thalianol,Col0_MF_Water_Agar_Rep 1_33_2weeks,Col0,Col0,MF,Water,Agar,Rep 1,33,2weeks,NA,4.335,43
Thalianol,Col0_MF_Water_Agar_Rep 1_15_2weeks,Col0,Col0,MF,Water,Agar,Rep 1,15,2weeks,NA,4.628,43
Thalianol,Col0_MF_Water_Agar_Rep 1_12_2weeks,Col0,Col0,MF,Water,Agar,Rep 1,12,2weeks,NA,4.645,43
Thalianol,Col0_MF_Water_Agar_Rep 1_25_2weeks,Col0,Col0,MF,Water,Agar,Rep 1,25,2weeks,NA,4.645,43
Thalianol,Col0_MF_Water_Agar_Rep 1_8_2weeks,Col0,Col0,MF,Water,Agar,Rep 1,8,2weeks,NA,4.851,43
Thalianol,Col0_MF_Water_Agar_Rep 1_34_2weeks,Col0,Col0,MF,Water,Agar,Rep 1,34,2weeks,NA,4.908,43
Thalianol,Col0_MF_Water_Agar_Rep 1_26_2weeks,Col0,Col0,MF,Water,Agar,Rep 1,26,2weeks,NA,4.958,43
Thalianol,Col0_MF_Water_Agar_Rep 1_9_2weeks,Col0,Col0,MF,Water,Agar,Rep 1,9,2weeks,NA,5.008,43
Thalianol,Col0_MF_Water_Agar_Rep 1_7_2weeks,Col0,Col0,MF,Water,Agar,Rep 1,7,2weeks,NA,5.448,43
Thalianol,ThaS1_MF_3OMG_Agar_Rep 1_2_2weeks,ThaS1,ThaS1-1,MF,3OMG,Agar,Rep 1,2,2weeks,NA,5.937,38
Thalianol,Col0_F16_Water_Flowpots_Rep 1_3_5weeks,Col0,Col0,F16,Water,Flowpots,Rep 1,3,5weeks,0,0,5
Thalianol,Col0_F16_Water_Flowpots_Rep 1_4_5weeks,Col0,Col0,F16,Water,Flowpots,Rep 1,4,5weeks,0,0,5
Thalianol,ThaH_F16_Water_Flowpots_Rep 1_1_5weeks,ThaH,ThaH,F16,Water,Flowpots,Rep 1,1,5weeks,0,0,5
Thalianol,ThaH_F16_Water_Flowpots_Rep 1_2_5weeks,ThaH,ThaH,F16,Water,Flowpots,Rep 1,2,5weeks,0,0,5
Thalianol,ThaH_F16_Water_Flowpots_Rep 1_4_5weeks,ThaH,ThaH,F16,Water,Flowpots,Rep 1,4,5weeks,0,0,5
Thalianol,ThaD_F16_Water_Flowpots_Rep 1_1_5weeks,ThaD,ThaD,F16,Water,Flowpots,Rep 1,1,5weeks,0,0,5
Thalianol,ThaD_F16_Water_Flowpots_Rep 1_2_5weeks,ThaD,ThaD,F16,Water,Flowpots,Rep 1,2,5weeks,0,0,5
Thalianol,ThaD_F16_Water_Flowpots_Rep 1_4_5weeks,ThaD,ThaD,F16,Water,Flowpots,Rep 1,4,5weeks,0,0,5
Thalianol,STP1+13_MF_Water_Flowpots_Rep 1_2_5weeks,STP1+13,STP1+13,MF,Water,Flowpots,Rep 1,2,5weeks,0,0,5
Thalianol,STP1+13_MF_3OMG_Flowpots_Rep 1_1_5weeks,STP1+13,STP1+13,MF,3OMG,Flowpots,Rep 1,1,5weeks,1,0,5
Thalianol,STP1+13_MF_3OMG_Flowpots_Rep 1_2_5weeks,STP1+13,STP1+13,MF,3OMG,Flowpots,Rep 1,2,5weeks,0,0,5
Thalianol,STP1+13_MF_3OMG_Flowpots_Rep 1_3_5weeks,STP1+13,STP1+13,MF,3OMG,Flowpots,Rep 1,3,5weeks,1,0,5
Thalianol,STP1+13_MF_3OMG_Flowpots_Rep 1_4_5weeks,STP1+13,STP1+13,MF,3OMG,Flowpots,Rep 1,4,5weeks,1,0,5
Thalianol,STP1+13_F16_Water_Flowpots_Rep 1_1_5weeks,STP1+13,STP1+13,F16,Water,Flowpots,Rep 1,1,5weeks,0,0,5
Thalianol,STP1+13_F16_Water_Flowpots_Rep 1_2_5weeks,STP1+13,STP1+13,F16,Water,Flowpots,Rep 1,2,5weeks,0,0,5
Thalianol,STP1+13_F16_Water_Flowpots_Rep 1_3_5weeks,STP1+13,STP1+13,F16,Water,Flowpots,Rep 1,3,5weeks,0,0,5
Thalianol,STP1+13_F16_Water_Flowpots_Rep 1_4_5weeks,STP1+13,STP1+13,F16,Water,Flowpots,Rep 1,4,5weeks,0,0,5
Thalianol,STP1+13_F16_3OMG_Flowpots_Rep 1_3_5weeks,STP1+13,STP1+13,F16,3OMG,Flowpots,Rep 1,3,5weeks,0,0,5
Thalianol,Col0_F16_Water_Flowpots_Rep 2_2_5weeks,Col0,Col0,F16,Water,Flowpots,Rep 2,2,5weeks,0,0,5
Thalianol,ThaS1_F16_Water_Flowpots_Rep 2_1_5weeks,ThaS1,ThaS1-1,F16,Water,Flowpots,Rep 2,1,5weeks,0,0,5
Thalianol,ThaH_F16_Water_Flowpots_Rep 2_1_5weeks,ThaH,ThaH,F16,Water,Flowpots,Rep 2,1,5weeks,0,0,5
Thalianol,ThaH_F16_Water_Flowpots_Rep 2_2_5weeks,ThaH,ThaH,F16,Water,Flowpots,Rep 2,2,5weeks,0,0,5
Thalianol,ThaH_F16_Water_Flowpots_Rep 2_4_5weeks,ThaH,ThaH,F16,Water,Flowpots,Rep 2,4,5weeks,0,0,5
Thalianol,ThaD_F16_Water_Flowpots_Rep 2_1_5weeks,ThaD,ThaD,F16,Water,Flowpots,Rep 2,1,5weeks,0,0,5
Thalianol,STP1+13_MF_3OMG_Flowpots_Rep 2_1_5weeks,STP1+13,STP1+13,MF,3OMG,Flowpots,Rep 2,1,5weeks,0,0,5
Thalianol,STP1+13_MF_3OMG_Flowpots_Rep 2_4_5weeks,STP1+13,STP1+13,MF,3OMG,Flowpots,Rep 2,4,5weeks,1,0,5
Thalianol,STP1+13_F16_Water_Flowpots_Rep 2_1_5weeks,STP1+13,STP1+13,F16,Water,Flowpots,Rep 2,1,5weeks,0,0,5
Thalianol,STP1+13_F16_Water_Flowpots_Rep 2_3_5weeks,STP1+13,STP1+13,F16,Water,Flowpots,Rep 2,3,5weeks,0,0,5
Thalianol,STP1+13_F16_Water_Flowpots_Rep 2_4_5weeks,STP1+13,STP1+13,F16,Water,Flowpots,Rep 2,4,5weeks,0,0,5
Thalianol,STP1+13_F16_3OMG_Flowpots_Rep 2_4_5weeks,STP1+13,STP1+13,F16,3OMG,Flowpots,Rep 2,4,5weeks,0,0,5
Thalianol,ThaD_F16_Water_Flowpots_Rep 1_3_5weeks,ThaD,ThaD,F16,Water,Flowpots,Rep 1,3,5weeks,2,0.2,5
Thalianol,STP1+13_F16_3OMG_Flowpots_Rep 2_2_5weeks,STP1+13,STP1+13,F16,3OMG,Flowpots,Rep 2,2,5weeks,1,0.2,5
Thalianol,ThaD_F16_Water_Flowpots_Rep 2_3_5weeks,ThaD,ThaD,F16,Water,Flowpots,Rep 2,3,5weeks,1,0.4,5
Thalianol,STP1+13_F16_3OMG_Flowpots_Rep 2_3_5weeks,STP1+13,STP1+13,F16,3OMG,Flowpots,Rep 2,3,5weeks,1,0.4,5
Thalianol,STP1+13_MF_Water_Flowpots_Rep 1_4_5weeks,STP1+13,STP1+13,MF,Water,Flowpots,Rep 1,4,5weeks,1,0.8,5
Thalianol,STP1+13_MF_Water_Flowpots_Rep 2_1_5weeks,STP1+13,STP1+13,MF,Water,Flowpots,Rep 2,1,5weeks,1,0.9,5
Thalianol,STP1+13_MF_Water_Flowpots_Rep 2_3_5weeks,STP1+13,STP1+13,MF,Water,Flowpots,Rep 2,3,5weeks,3,1.3,5
Thalianol,STP1+13_MF_3OMG_Flowpots_Rep 2_2_5weeks,STP1+13,STP1+13,MF,3OMG,Flowpots,Rep 2,2,5weeks,1,1.7,5
Thalianol,ThaS1_F16_Water_Flowpots_Rep 1_2_5weeks,ThaS1,ThaS1-1,F16,Water,Flowpots,Rep 1,2,5weeks,1,1.8,5
Thalianol,ThaS1_F16_Water_Flowpots_Rep 1_3_5weeks,ThaS1,ThaS1-1,F16,Water,Flowpots,Rep 1,3,5weeks,1,1.9,5
Thalianol,ThaH_MF_Water_Flowpots_Rep 2_4_5weeks,ThaH,ThaH,MF,Water,Flowpots,Rep 2,4,5weeks,2,1.9,5
Thalianol,STP1+13_F16_Water_Flowpots_Rep 2_2_5weeks,STP1+13,STP1+13,F16,Water,Flowpots,Rep 2,2,5weeks,1,1.9,5
Thalianol,STP1+13_MF_Water_Flowpots_Rep 1_1_5weeks,STP1+13,STP1+13,MF,Water,Flowpots,Rep 1,1,5weeks,2,2,5
Thalianol,STP1+13_MF_Water_Flowpots_Rep 2_2_5weeks,STP1+13,STP1+13,MF,Water,Flowpots,Rep 2,2,5weeks,2,2,5
Thalianol,ThaH_F16_Water_Flowpots_Rep 1_3_5weeks,ThaH,ThaH,F16,Water,Flowpots,Rep 1,3,5weeks,1,2.1,5
Thalianol,ThaD_F16_3OMG_Flowpots_Rep 2_3_5weeks,ThaD,ThaD,F16,3OMG,Flowpots,Rep 2,3,5weeks,1,2.1,5
Thalianol,ThaH_MF_3OMG_Flowpots_Rep 1_1_5weeks,ThaH,ThaH,MF,3OMG,Flowpots,Rep 1,1,5weeks,4,2.2,5
Thalianol,STP1+13_F16_3OMG_Flowpots_Rep 1_1_5weeks,STP1+13,STP1+13,F16,3OMG,Flowpots,Rep 1,1,5weeks,1,2.2,5
Thalianol,Col0_F16_Water_Flowpots_Rep 1_2_5weeks,Col0,Col0,F16,Water,Flowpots,Rep 1,2,5weeks,2,2.3,5
Thalianol,STP1+13_MF_Water_Flowpots_Rep 2_4_5weeks,STP1+13,STP1+13,MF,Water,Flowpots,Rep 2,4,5weeks,3,2.4,5
Thalianol,STP1+13_MF_Water_Flowpots_Rep 1_3_5weeks,STP1+13,STP1+13,MF,Water,Flowpots,Rep 1,3,5weeks,2,2.5,5
Thalianol,ThaH_MF_Water_Flowpots_Rep 1_2_5weeks,ThaH,ThaH,MF,Water,Flowpots,Rep 1,2,5weeks,4,2.6,5
Thalianol,ThaH_MF_3OMG_Flowpots_Rep 2_3_5weeks,ThaH,ThaH,MF,3OMG,Flowpots,Rep 2,3,5weeks,1,2.7,5
Thalianol,Col0_F16_Water_Flowpots_Rep 2_3_5weeks,Col0,Col0,F16,Water,Flowpots,Rep 2,3,5weeks,1,2.8,5
Thalianol,ThaD_MF_3OMG_Flowpots_Rep 2_2_5weeks,ThaD,ThaD,MF,3OMG,Flowpots,Rep 2,2,5weeks,2,2.9,5
Thalianol,ThaH_F16_Water_Flowpots_Rep 2_3_5weeks,ThaH,ThaH,F16,Water,Flowpots,Rep 2,3,5weeks,1,3,5
Thalianol,ThaD_MF_Water_Flowpots_Rep 1_3_5weeks,ThaD,ThaD,MF,Water,Flowpots,Rep 1,3,5weeks,5,3.3,5
Thalianol,STP1+13_F16_3OMG_Flowpots_Rep 1_2_5weeks,STP1+13,STP1+13,F16,3OMG,Flowpots,Rep 1,2,5weeks,3,3.9,5
Thalianol,ThaH_MF_3OMG_Flowpots_Rep 2_4_5weeks,ThaH,ThaH,MF,3OMG,Flowpots,Rep 2,4,5weeks,3,4,5
Thalianol,ThaD_MF_Water_Flowpots_Rep 2_1_5weeks,ThaD,ThaD,MF,Water,Flowpots,Rep 2,1,5weeks,3,4,5
Thalianol,ThaH_MF_3OMG_Flowpots_Rep 1_2_5weeks,ThaH,ThaH,MF,3OMG,Flowpots,Rep 1,2,5weeks,5,4.4,5
Thalianol,ThaH_MF_3OMG_Flowpots_Rep 1_4_5weeks,ThaH,ThaH,MF,3OMG,Flowpots,Rep 1,4,5weeks,4,4.5,5
Thalianol,ThaD_MF_Water_Flowpots_Rep 1_2_5weeks,ThaD,ThaD,MF,Water,Flowpots,Rep 1,2,5weeks,3,4.8,5
Thalianol,STP1+13_MF_3OMG_Flowpots_Rep 2_3_5weeks,STP1+13,STP1+13,MF,3OMG,Flowpots,Rep 2,3,5weeks,2,4.8,5
Thalianol,ThaS1_F16_Water_Flowpots_Rep 1_4_5weeks,ThaS1,ThaS1-1,F16,Water,Flowpots,Rep 1,4,5weeks,2,4.9,5
Thalianol,ThaS1_F16_Water_Flowpots_Rep 2_2_5weeks,ThaS1,ThaS1-1,F16,Water,Flowpots,Rep 2,2,5weeks,2,5.1,5
Thalianol,ThaH_MF_3OMG_Flowpots_Rep 2_1_5weeks,ThaH,ThaH,MF,3OMG,Flowpots,Rep 2,1,5weeks,3,5.2,5
Thalianol,ThaH_MF_Water_Flowpots_Rep 1_4_5weeks,ThaH,ThaH,MF,Water,Flowpots,Rep 1,4,5weeks,4,5.3,5
Thalianol,ThaS1_F16_Water_Flowpots_Rep 1_1_5weeks,ThaS1,ThaS1-1,F16,Water,Flowpots,Rep 1,1,5weeks,4,5.6,5
Thalianol,ThaD_F16_3OMG_Flowpots_Rep 1_4_5weeks,ThaD,ThaD,F16,3OMG,Flowpots,Rep 1,4,5weeks,1,5.9,5
Thalianol,Col0_F16_Water_Flowpots_Rep 1_1_5weeks,Col0,Col0,F16,Water,Flowpots,Rep 1,1,5weeks,2,6,5
Thalianol,Col0_F16_3OMG_Flowpots_Rep 2_1_5weeks,Col0,Col0,F16,3OMG,Flowpots,Rep 2,1,5weeks,1,6,5
Thalianol,ThaH_MF_Water_Flowpots_Rep 1_3_5weeks,ThaH,ThaH,MF,Water,Flowpots,Rep 1,3,5weeks,4,6.2,5
Thalianol,Col0_MF_Water_Flowpots_Rep 1_4_5weeks,Col0,Col0,MF,Water,Flowpots,Rep 1,4,5weeks,4,6.5,5
Thalianol,ThaS1_F16_Water_Flowpots_Rep 2_4_5weeks,ThaS1,ThaS1-1,F16,Water,Flowpots,Rep 2,4,5weeks,2,6.6,5
Thalianol,ThaS1_MF_3OMG_Flowpots_Rep 1_3_5weeks,ThaS1,ThaS1-1,MF,3OMG,Flowpots,Rep 1,3,5weeks,4,6.8,5
Thalianol,ThaH_F16_3OMG_Flowpots_Rep 1_2_5weeks,ThaH,ThaH,F16,3OMG,Flowpots,Rep 1,2,5weeks,3,6.8,5
Thalianol,Col0_MF_3OMG_Flowpots_Rep 1_3_5weeks,Col0,Col0,MF,3OMG,Flowpots,Rep 1,3,5weeks,3,7.1,5
Thalianol,ThaH_F16_3OMG_Flowpots_Rep 1_4_5weeks,ThaH,ThaH,F16,3OMG,Flowpots,Rep 1,4,5weeks,1,7.1,5
Thalianol,ThaD_MF_3OMG_Flowpots_Rep 1_2_5weeks,ThaD,ThaD,MF,3OMG,Flowpots,Rep 1,2,5weeks,5,7.1,5
Thalianol,ThaH_MF_Water_Flowpots_Rep 1_1_5weeks,ThaH,ThaH,MF,Water,Flowpots,Rep 1,1,5weeks,4,7.6,5
Thalianol,ThaS1_MF_3OMG_Flowpots_Rep 1_4_5weeks,ThaS1,ThaS1-1,MF,3OMG,Flowpots,Rep 1,4,5weeks,4,7.8,5
Thalianol,ThaS1_F16_Water_Flowpots_Rep 2_3_5weeks,ThaS1,ThaS1-1,F16,Water,Flowpots,Rep 2,3,5weeks,3,8,5
Thalianol,Col0_F16_Water_Flowpots_Rep 2_1_5weeks,Col0,Col0,F16,Water,Flowpots,Rep 2,1,5weeks,1,8.2,5
Thalianol,Col0_MF_Water_Flowpots_Rep 2_4_5weeks,Col0,Col0,MF,Water,Flowpots,Rep 2,4,5weeks,4,8.5,5
Thalianol,ThaH_MF_3OMG_Flowpots_Rep 2_2_5weeks,ThaH,ThaH,MF,3OMG,Flowpots,Rep 2,2,5weeks,5,8.5,5
Thalianol,Col0_MF_Water_Flowpots_Rep 1_3_5weeks,Col0,Col0,MF,Water,Flowpots,Rep 1,3,5weeks,3,8.6,5
Thalianol,ThaD_MF_Water_Flowpots_Rep 1_1_5weeks,ThaD,ThaD,MF,Water,Flowpots,Rep 1,1,5weeks,5,8.6,5
Thalianol,ThaD_MF_3OMG_Flowpots_Rep 1_4_5weeks,ThaD,ThaD,MF,3OMG,Flowpots,Rep 1,4,5weeks,5,8.7,5
Thalianol,Col0_F16_3OMG_Flowpots_Rep 1_4_5weeks,Col0,Col0,F16,3OMG,Flowpots,Rep 1,4,5weeks,2,8.9,5
Thalianol,ThaH_MF_Water_Flowpots_Rep 2_2_5weeks,ThaH,ThaH,MF,Water,Flowpots,Rep 2,2,5weeks,2,9.1,5
Thalianol,ThaD_F16_3OMG_Flowpots_Rep 1_3_5weeks,ThaD,ThaD,F16,3OMG,Flowpots,Rep 1,3,5weeks,2,9.2,5
Thalianol,ThaH_MF_Water_Flowpots_Rep 2_1_5weeks,ThaH,ThaH,MF,Water,Flowpots,Rep 2,1,5weeks,3,9.3,5
Thalianol,STP1+13_F16_3OMG_Flowpots_Rep 2_1_5weeks,STP1+13,STP1+13,F16,3OMG,Flowpots,Rep 2,1,5weeks,3,9.3,5
Thalianol,ThaS1_MF_3OMG_Flowpots_Rep 1_1_5weeks,ThaS1,ThaS1-1,MF,3OMG,Flowpots,Rep 1,1,5weeks,5,9.4,5
Thalianol,Col0_MF_Water_Flowpots_Rep 1_1_5weeks,Col0,Col0,MF,Water,Flowpots,Rep 1,1,5weeks,5,9.5,5
Thalianol,ThaS1_MF_Water_Flowpots_Rep 1_1_5weeks,ThaS1,ThaS1-1,MF,Water,Flowpots,Rep 1,1,5weeks,4,10,5
Thalianol,Col0_F16_3OMG_Flowpots_Rep 1_1_5weeks,Col0,Col0,F16,3OMG,Flowpots,Rep 1,1,5weeks,4,10.2,5
Thalianol,ThaD_MF_Water_Flowpots_Rep 1_4_5weeks,ThaD,ThaD,MF,Water,Flowpots,Rep 1,4,5weeks,5,10.3,5
Thalianol,STP1+13_F16_3OMG_Flowpots_Rep 1_4_5weeks,STP1+13,STP1+13,F16,3OMG,Flowpots,Rep 1,4,5weeks,2,10.3,5
Thalianol,Col0_MF_3OMG_Flowpots_Rep 2_3_5weeks,Col0,Col0,MF,3OMG,Flowpots,Rep 2,3,5weeks,4,10.5,5
Thalianol,ThaD_F16_3OMG_Flowpots_Rep 1_2_5weeks,ThaD,ThaD,F16,3OMG,Flowpots,Rep 1,2,5weeks,2,11,5
Thalianol,ThaH_F16_3OMG_Flowpots_Rep 1_3_5weeks,ThaH,ThaH,F16,3OMG,Flowpots,Rep 1,3,5weeks,2,11.1,5
Thalianol,ThaS1_MF_Water_Flowpots_Rep 1_2_5weeks,ThaS1,ThaS1-1,MF,Water,Flowpots,Rep 1,2,5weeks,5,11.2,5
Thalianol,ThaH_MF_Water_Flowpots_Rep 2_3_5weeks,ThaH,ThaH,MF,Water,Flowpots,Rep 2,3,5weeks,4,11.2,5
Thalianol,ThaS1_MF_Water_Flowpots_Rep 1_4_5weeks,ThaS1,ThaS1-1,MF,Water,Flowpots,Rep 1,4,5weeks,5,11.4,5
Thalianol,ThaD_MF_3OMG_Flowpots_Rep 2_1_5weeks,ThaD,ThaD,MF,3OMG,Flowpots,Rep 2,1,5weeks,5,11.4,5
Thalianol,ThaD_MF_3OMG_Flowpots_Rep 2_3_5weeks,ThaD,ThaD,MF,3OMG,Flowpots,Rep 2,3,5weeks,4,11.4,5
Thalianol,ThaS1_MF_Water_Flowpots_Rep 1_3_5weeks,ThaS1,ThaS1-1,MF,Water,Flowpots,Rep 1,3,5weeks,5,11.5,5
Thalianol,Col0_MF_3OMG_Flowpots_Rep 2_2_5weeks,Col0,Col0,MF,3OMG,Flowpots,Rep 2,2,5weeks,4,11.5,5
Thalianol,Col0_F16_Water_Flowpots_Rep 2_4_5weeks,Col0,Col0,F16,Water,Flowpots,Rep 2,4,5weeks,1,11.5,5
Thalianol,ThaS1_MF_3OMG_Flowpots_Rep 1_2_5weeks,ThaS1,ThaS1-1,MF,3OMG,Flowpots,Rep 1,2,5weeks,5,11.6,5
Thalianol,Col0_MF_3OMG_Flowpots_Rep 2_1_5weeks,Col0,Col0,MF,3OMG,Flowpots,Rep 2,1,5weeks,4,11.7,5
Thalianol,Col0_F16_3OMG_Flowpots_Rep 1_3_5weeks,Col0,Col0,F16,3OMG,Flowpots,Rep 1,3,5weeks,5,11.8,5
Thalianol,ThaS1_F16_3OMG_Flowpots_Rep 1_4_5weeks,ThaS1,ThaS1-1,F16,3OMG,Flowpots,Rep 1,4,5weeks,3,12,5
Thalianol,ThaD_MF_3OMG_Flowpots_Rep 1_3_5weeks,ThaD,ThaD,MF,3OMG,Flowpots,Rep 1,3,5weeks,5,12,5
Thalianol,Col0_F16_3OMG_Flowpots_Rep 1_2_5weeks,Col0,Col0,F16,3OMG,Flowpots,Rep 1,2,5weeks,5,12.2,5
Thalianol,Col0_MF_Water_Flowpots_Rep 1_2_5weeks,Col0,Col0,MF,Water,Flowpots,Rep 1,2,5weeks,5,12.3,5
Thalianol,ThaS1_F16_3OMG_Flowpots_Rep 1_3_5weeks,ThaS1,ThaS1-1,F16,3OMG,Flowpots,Rep 1,3,5weeks,5,12.6,5
Thalianol,Col0_MF_Water_Flowpots_Rep 2_3_5weeks,Col0,Col0,MF,Water,Flowpots,Rep 2,3,5weeks,5,12.6,5
Thalianol,Col0_MF_3OMG_Flowpots_Rep 1_4_5weeks,Col0,Col0,MF,3OMG,Flowpots,Rep 1,4,5weeks,5,12.9,5
Thalianol,Col0_MF_3OMG_Flowpots_Rep 1_2_5weeks,Col0,Col0,MF,3OMG,Flowpots,Rep 1,2,5weeks,5,13.8,5
Thalianol,ThaS1_MF_3OMG_Flowpots_Rep 2_3_5weeks,ThaS1,ThaS1-1,MF,3OMG,Flowpots,Rep 2,3,5weeks,5,14.4,5
Thalianol,Col0_MF_3OMG_Flowpots_Rep 1_1_5weeks,Col0,Col0,MF,3OMG,Flowpots,Rep 1,1,5weeks,5,14.9,5
Thalianol,ThaD_MF_3OMG_Flowpots_Rep 1_1_5weeks,ThaD,ThaD,MF,3OMG,Flowpots,Rep 1,1,5weeks,5,15.6,5
Thalianol,Col0_MF_Water_Flowpots_Rep 2_1_5weeks,Col0,Col0,MF,Water,Flowpots,Rep 2,1,5weeks,5,16.1,5
Thalianol,ThaH_F16_3OMG_Flowpots_Rep 1_1_5weeks,ThaH,ThaH,F16,3OMG,Flowpots,Rep 1,1,5weeks,5,16.6,5
Thalianol,ThaD_F16_3OMG_Flowpots_Rep 1_1_5weeks,ThaD,ThaD,F16,3OMG,Flowpots,Rep 1,1,5weeks,4,16.6,5
Thalianol,ThaS1_MF_3OMG_Flowpots_Rep 2_4_5weeks,ThaS1,ThaS1-1,MF,3OMG,Flowpots,Rep 2,4,5weeks,5,16.7,5
Thalianol,Col0_MF_Water_Flowpots_Rep 2_2_5weeks,Col0,Col0,MF,Water,Flowpots,Rep 2,2,5weeks,4,16.8,5
Thalianol,ThaD_MF_Water_Flowpots_Rep 2_2_5weeks,ThaD,ThaD,MF,Water,Flowpots,Rep 2,2,5weeks,4,16.9,5
Thalianol,ThaD_MF_Water_Flowpots_Rep 2_4_5weeks,ThaD,ThaD,MF,Water,Flowpots,Rep 2,4,5weeks,4,17.2,5
Thalianol,ThaS1_MF_Water_Flowpots_Rep 2_2_5weeks,ThaS1,ThaS1-1,MF,Water,Flowpots,Rep 2,2,5weeks,5,18.1,5
Thalianol,ThaS1_MF_Water_Flowpots_Rep 2_1_5weeks,ThaS1,ThaS1-1,MF,Water,Flowpots,Rep 2,1,5weeks,5,18.4,5
Thalianol,ThaS1_F16_3OMG_Flowpots_Rep 1_2_5weeks,ThaS1,ThaS1-1,F16,3OMG,Flowpots,Rep 1,2,5weeks,3,19.2,5
Thalianol,ThaH_F16_3OMG_Flowpots_Rep 2_2_5weeks,ThaH,ThaH,F16,3OMG,Flowpots,Rep 2,2,5weeks,2,20.1,5
Thalianol,ThaS1_MF_3OMG_Flowpots_Rep 2_2_5weeks,ThaS1,ThaS1-1,MF,3OMG,Flowpots,Rep 2,2,5weeks,5,20.3,5
Thalianol,ThaD_MF_3OMG_Flowpots_Rep 2_4_5weeks,ThaD,ThaD,MF,3OMG,Flowpots,Rep 2,4,5weeks,5,20.7,5
Thalianol,ThaS1_MF_3OMG_Flowpots_Rep 2_1_5weeks,ThaS1,ThaS1-1,MF,3OMG,Flowpots,Rep 2,1,5weeks,4,21,5
Thalianol,Col0_MF_3OMG_Flowpots_Rep 2_4_5weeks,Col0,Col0,MF,3OMG,Flowpots,Rep 2,4,5weeks,5,21.2,5
Thalianol,ThaS1_F16_3OMG_Flowpots_Rep 1_1_5weeks,ThaS1,ThaS1-1,F16,3OMG,Flowpots,Rep 1,1,5weeks,5,21.4,5
Thalianol,ThaS1_MF_Water_Flowpots_Rep 2_4_5weeks,ThaS1,ThaS1-1,MF,Water,Flowpots,Rep 2,4,5weeks,5,21.5,5
Thalianol,ThaD_F16_3OMG_Flowpots_Rep 2_4_5weeks,ThaD,ThaD,F16,3OMG,Flowpots,Rep 2,4,5weeks,4,21.8,5
Thalianol,ThaD_MF_Water_Flowpots_Rep 2_3_5weeks,ThaD,ThaD,MF,Water,Flowpots,Rep 2,3,5weeks,3,21.9,5
Thalianol,ThaD_F16_Water_Flowpots_Rep 2_4_5weeks,ThaD,ThaD,F16,Water,Flowpots,Rep 2,4,5weeks,2,22,5
Thalianol,ThaH_F16_3OMG_Flowpots_Rep 2_3_5weeks,ThaH,ThaH,F16,3OMG,Flowpots,Rep 2,3,5weeks,4,22.3,5
Thalianol,ThaS1_MF_Water_Flowpots_Rep 2_3_5weeks,ThaS1,ThaS1-1,MF,Water,Flowpots,Rep 2,3,5weeks,5,22.8,5
Thalianol,Col0_F16_3OMG_Flowpots_Rep 2_2_5weeks,Col0,Col0,F16,3OMG,Flowpots,Rep 2,2,5weeks,5,24.2,5
Thalianol,ThaH_F16_3OMG_Flowpots_Rep 2_4_5weeks,ThaH,ThaH,F16,3OMG,Flowpots,Rep 2,4,5weeks,3,24.3,5
Thalianol,Col0_F16_3OMG_Flowpots_Rep 2_3_5weeks,Col0,Col0,F16,3OMG,Flowpots,Rep 2,3,5weeks,4,25.8,5
Thalianol,Col0_F16_3OMG_Flowpots_Rep 2_4_5weeks,Col0,Col0,F16,3OMG,Flowpots,Rep 2,4,5weeks,4,25.9,5
Thalianol,ThaD_F16_3OMG_Flowpots_Rep 2_2_5weeks,ThaD,ThaD,F16,3OMG,Flowpots,Rep 2,2,5weeks,5,27.8,5
Thalianol,ThaH_F16_3OMG_Flowpots_Rep 2_1_5weeks,ThaH,ThaH,F16,3OMG,Flowpots,Rep 2,1,5weeks,3,28.4,5
Thalianol,ThaS1_F16_3OMG_Flowpots_Rep 2_4_5weeks,ThaS1,ThaS1-1,F16,3OMG,Flowpots,Rep 2,4,5weeks,5,30,5
Thalianol,ThaD_F16_3OMG_Flowpots_Rep 2_1_5weeks,ThaD,ThaD,F16,3OMG,Flowpots,Rep 2,1,5weeks,4,30.4,5
Thalianol,ThaS1_F16_3OMG_Flowpots_Rep 2_2_5weeks,ThaS1,ThaS1-1,F16,3OMG,Flowpots,Rep 2,2,5weeks,5,32.5,5
Thalianol,ThaS1_F16_3OMG_Flowpots_Rep 2_3_5weeks,ThaS1,ThaS1-1,F16,3OMG,Flowpots,Rep 2,3,5weeks,4,34.3,5
Thalianol,ThaS1_F16_3OMG_Flowpots_Rep 2_1_5weeks,ThaS1,ThaS1-1,F16,3OMG,Flowpots,Rep 2,1,5weeks,5,45.8,5
Thalianol,ThaD_F16_Water_Flowpots_Rep 2_2_5weeks,ThaD,ThaD,F16,Water,Flowpots,Rep 2,2,5weeks,5,47.2,5