ID,Treatment,Bio_Rep,Plant,Concentration,Time_Inoc,Time_Measurement,Time_Inoc2,Time_Measurement2,DAI,Date,Root_Length,Comment,No.growth
3OMG_R1_1_15mM_D0_D03,3OMG,R0,1,15mM,D0,D03,0,3,3,22.09.25,2.45,,
3OMG_R1_2_15mM_D0_D03,3OMG,R0,2,15mM,D0,D03,0,3,3,22.09.25,3.209,,
3OMG_R1_3_15mM_D0_D03,3OMG,R0,3,15mM,D0,D03,0,3,3,22.09.25,3.797,,
3OMG_R1_4_15mM_D0_D03,3OMG,R0,4,15mM,D0,D03,0,3,3,22.09.25,3.031,,
3OMG_R1_5_15mM_D0_D03,3OMG,R0,5,15mM,D0,D03,0,3,3,22.09.25,1.909,,
3OMG_R1_6_15mM_D0_D03,3OMG,R0,6,15mM,D0,D03,0,3,3,22.09.25,2.557,,
3OMG_R1_7_15mM_D0_D03,3OMG,R0,7,15mM,D0,D03,0,3,3,22.09.25,2.964,,
3OMG_R1_8_15mM_D0_D03,3OMG,R0,8,15mM,D0,D03,0,3,3,22.09.25,3.425,,
3OMG_R1_9_15mM_D0_D03,3OMG,R0,9,15mM,D0,D03,0,3,3,22.09.25,2.791,,
3OMG_R1_10_15mM_D0_D03,3OMG,R0,10,15mM,D0,D03,0,3,3,22.09.25,3.982,,
3OMG_R1_11_15mM_D0_D03,3OMG,R0,11,15mM,D0,D03,0,3,3,22.09.25,3.553,,
3OMG_R1_12_15mM_D0_D03,3OMG,R0,12,15mM,D0,D03,0,3,3,22.09.25,3.89,,
Water_R1_1_15mM_D0_D03,Water,R0,1,15mM,D0,D03,0,3,3,22.09.25,2.71,,
Water_R1_2_15mM_D0_D03,Water,R0,2,15mM,D0,D03,0,3,3,22.09.25,2.856,,
Water_R1_3_15mM_D0_D03,Water,R0,3,15mM,D0,D03,0,3,3,22.09.25,3.327,,
Water_R1_4_15mM_D0_D03,Water,R0,4,15mM,D0,D03,0,3,3,22.09.25,2.822,,
Water_R1_5_15mM_D0_D03,Water,R0,5,15mM,D0,D03,0,3,3,22.09.25,2.912,,
Water_R1_6_15mM_D0_D03,Water,R0,6,15mM,D0,D03,0,3,3,22.09.25,3.68,,
Water_R1_7_15mM_D0_D03,Water,R0,7,15mM,D0,D03,0,3,3,22.09.25,1.943,,
Water_R1_8_15mM_D0_D03,Water,R0,8,15mM,D0,D03,0,3,3,22.09.25,2.457,,
Water_R1_9_15mM_D0_D03,Water,R0,9,15mM,D0,D03,0,3,3,22.09.25,3.261,,
Water_R1_10_15mM_D0_D03,Water,R0,10,15mM,D0,D03,0,3,3,22.09.25,4.132,,
Water_R1_11_15mM_D0_D03,Water,R0,11,15mM,D0,D03,0,3,3,22.09.25,4.02,,
Water_R1_12_15mM_D0_D03,Water,R0,12,15mM,D0,D03,0,3,3,22.09.25,3.219,,
3OMG_R1_1_15mM_D0_D04,3OMG,R0,1,15mM,D0,D04,0,4,4,23.09.25,4.069,,
3OMG_R1_2_15mM_D0_D04,3OMG,R0,2,15mM,D0,D04,0,4,4,23.09.25,5.468,,
3OMG_R1_3_15mM_D0_D04,3OMG,R0,3,15mM,D0,D04,0,4,4,23.09.25,5.484,,
3OMG_R1_4_15mM_D0_D04,3OMG,R0,4,15mM,D0,D04,0,4,4,23.09.25,4.619,,
3OMG_R1_5_15mM_D0_D04,3OMG,R0,5,15mM,D0,D04,0,4,4,23.09.25,3.225,,
3OMG_R1_6_15mM_D0_D04,3OMG,R0,6,15mM,D0,D04,0,4,4,23.09.25,3.836,,
3OMG_R1_7_15mM_D0_D04,3OMG,R0,7,15mM,D0,D04,0,4,4,23.09.25,3.712,,
3OMG_R1_8_15mM_D0_D04,3OMG,R0,8,15mM,D0,D04,0,4,4,23.09.25,5.57,,
3OMG_R1_9_15mM_D0_D04,3OMG,R0,9,15mM,D0,D04,0,4,4,23.09.25,4.415,,
3OMG_R1_10_15mM_D0_D04,3OMG,R0,10,15mM,D0,D04,0,4,4,23.09.25,5.455,,
3OMG_R1_11_15mM_D0_D04,3OMG,R0,11,15mM,D0,D04,0,4,4,23.09.25,5.591,,
3OMG_R1_12_15mM_D0_D04,3OMG,R0,12,15mM,D0,D04,0,4,4,23.09.25,6.303,,
Water_R1_1_15mM_D0_D04,Water,R0,1,15mM,D0,D04,0,4,4,23.09.25,4.69,,
Water_R1_2_15mM_D0_D04,Water,R0,2,15mM,D0,D04,0,4,4,23.09.25,4.922,,
Water_R1_3_15mM_D0_D04,Water,R0,3,15mM,D0,D04,0,4,4,23.09.25,5.443,,
Water_R1_4_15mM_D0_D04,Water,R0,4,15mM,D0,D04,0,4,4,23.09.25,4.705,,
Water_R1_5_15mM_D0_D04,Water,R0,5,15mM,D0,D04,0,4,4,23.09.25,4.635,,
Water_R1_6_15mM_D0_D04,Water,R0,6,15mM,D0,D04,0,4,4,23.09.25,6.645,,
Water_R1_7_15mM_D0_D04,Water,R0,7,15mM,D0,D04,0,4,4,23.09.25,1.581,,
Water_R1_8_15mM_D0_D04,Water,R0,8,15mM,D0,D04,0,4,4,23.09.25,4.25,,
Water_R1_9_15mM_D0_D04,Water,R0,9,15mM,D0,D04,0,4,4,23.09.25,5.656,,
Water_R1_10_15mM_D0_D04,Water,R0,10,15mM,D0,D04,0,4,4,23.09.25,6.887,,
Water_R1_11_15mM_D0_D04,Water,R0,11,15mM,D0,D04,0,4,4,23.09.25,6.285,,
Water_R1_12_15mM_D0_D04,Water,R0,12,15mM,D0,D04,0,4,4,23.09.25,5.233,,
3OMG_R1_1_15mM_D03_D04,3OMG,R1,1,15mM,D03,D04,3,4,1,23.09.25,1.974,,
3OMG_R1_2_15mM_D03_D04,3OMG,R1,2,15mM,D03,D04,3,4,1,23.09.25,1.482,,
3OMG_R1_3_15mM_D03_D04,3OMG,R1,3,15mM,D03,D04,3,4,1,23.09.25,1.528,,
3OMG_R1_4_15mM_D03_D04,3OMG,R1,4,15mM,D03,D04,3,4,1,23.09.25,2.15,,
3OMG_R1_5_15mM_D03_D04,3OMG,R1,5,15mM,D03,D04,3,4,1,23.09.25,1.637,,
3OMG_R1_6_15mM_D03_D04,3OMG,R1,6,15mM,D03,D04,3,4,1,23.09.25,2.406,,
3OMG_R1_7_15mM_D03_D04,3OMG,R1,7,15mM,D03,D04,3,4,1,23.09.25,1.826,,
3OMG_R1_8_15mM_D03_D04,3OMG,R1,8,15mM,D03,D04,3,4,1,23.09.25,0.77,,No growth
3OMG_R1_9_15mM_D03_D04,3OMG,R1,9,15mM,D03,D04,3,4,1,23.09.25,3.832,,
3OMG_R1_10_15mM_D03_D04,3OMG,R1,10,15mM,D03,D04,3,4,1,23.09.25,1.856,,
3OMG_R1_11_15mM_D03_D04,3OMG,R1,11,15mM,D03,D04,3,4,1,23.09.25,2.362,,
3OMG_R1_12_15mM_D03_D04,3OMG,R1,12,15mM,D03,D04,3,4,1,23.09.25,1.933,,
Water_R1_1_15mM_D03_D04,Water,R1,1,15mM,D03,D04,3,4,1,23.09.25,2.614,,
Water_R1_2_15mM_D03_D04,Water,R1,2,15mM,D03,D04,3,4,1,23.09.25,2.652,,
Water_R1_3_15mM_D03_D04,Water,R1,3,15mM,D03,D04,3,4,1,23.09.25,2.714,,
Water_R1_4_15mM_D03_D04,Water,R1,4,15mM,D03,D04,3,4,1,23.09.25,2.573,,
Water_R1_5_15mM_D03_D04,Water,R1,5,15mM,D03,D04,3,4,1,23.09.25,2.332,,
Water_R1_6_15mM_D03_D04,Water,R1,6,15mM,D03,D04,3,4,1,23.09.25,1.198,,No growth
Water_R1_7_15mM_D03_D04,Water,R1,7,15mM,D03,D04,3,4,1,23.09.25,1.985,,
Water_R1_8_15mM_D03_D04,Water,R1,8,15mM,D03,D04,3,4,1,23.09.25,2.58,,
Water_R1_9_15mM_D03_D04,Water,R1,9,15mM,D03,D04,3,4,1,23.09.25,1.775,,
Water_R1_10_15mM_D03_D04,Water,R1,10,15mM,D03,D04,3,4,1,23.09.25,1.397,,
Water_R1_11_15mM_D03_D04,Water,R1,11,15mM,D03,D04,3,4,1,23.09.25,1.954,,
Water_R1_12_15mM_D03_D04,Water,R1,12,15mM,D03,D04,3,4,1,23.09.25,2.491,,
3OMG_R1_1_15mM_D0_D05,3OMG,R0,1,15mM,D0,D05,0,5,5,24.09.25,7.12,,
3OMG_R1_2_15mM_D0_D05,3OMG,R0,2,15mM,D0,D05,0,5,5,24.09.25,8.418,,
3OMG_R1_3_15mM_D0_D05,3OMG,R0,3,15mM,D0,D05,0,5,5,24.09.25,9.127,,
3OMG_R1_4_15mM_D0_D05,3OMG,R0,4,15mM,D0,D05,0,5,5,24.09.25,7.87,,
3OMG_R1_5_15mM_D0_D05,3OMG,R0,5,15mM,D0,D05,0,5,5,24.09.25,5.851,,
3OMG_R1_6_15mM_D0_D05,3OMG,R0,6,15mM,D0,D05,0,5,5,24.09.25,6.412,,
3OMG_R1_7_15mM_D0_D05,3OMG,R0,7,15mM,D0,D05,0,5,5,24.09.25,6.834,,
3OMG_R1_8_15mM_D0_D05,3OMG,R0,8,15mM,D0,D05,0,5,5,24.09.25,8.557,,
3OMG_R1_9_15mM_D0_D05,3OMG,R0,9,15mM,D0,D05,0,5,5,24.09.25,7.72,,
3OMG_R1_10_15mM_D0_D05,3OMG,R0,10,15mM,D0,D05,0,5,5,24.09.25,8.319,,
3OMG_R1_11_15mM_D0_D05,3OMG,R0,11,15mM,D0,D05,0,5,5,24.09.25,8.902,,
3OMG_R1_12_15mM_D0_D05,3OMG,R0,12,15mM,D0,D05,0,5,5,24.09.25,9.631,,
Water_R1_1_15mM_D0_D05,Water,R0,1,15mM,D0,D05,0,5,5,24.09.25,7.313,,
Water_R1_2_15mM_D0_D05,Water,R0,2,15mM,D0,D05,0,5,5,24.09.25,7.954,,
Water_R1_3_15mM_D0_D05,Water,R0,3,15mM,D0,D05,0,5,5,24.09.25,8.86,,
Water_R1_4_15mM_D0_D05,Water,R0,4,15mM,D0,D05,0,5,5,24.09.25,8.009,,
Water_R1_5_15mM_D0_D05,Water,R0,5,15mM,D0,D05,0,5,5,24.09.25,7.944,,
Water_R1_6_15mM_D0_D05,Water,R0,6,15mM,D0,D05,0,5,5,24.09.25,9.974,,
Water_R1_7_15mM_D0_D05,Water,R0,7,15mM,D0,D05,0,5,5,24.09.25,1.255,,
Water_R1_8_15mM_D0_D05,Water,R0,8,15mM,D0,D05,0,5,5,24.09.25,7.674,,
Water_R1_9_15mM_D0_D05,Water,R0,9,15mM,D0,D05,0,5,5,24.09.25,9.313,,
Water_R1_10_15mM_D0_D05,Water,R0,10,15mM,D0,D05,0,5,5,24.09.25,10.651,,
Water_R1_11_15mM_D0_D05,Water,R0,11,15mM,D0,D05,0,5,5,24.09.25,9.4,,
Water_R1_12_15mM_D0_D05,Water,R0,12,15mM,D0,D05,0,5,5,24.09.25,8.761,,
3OMG_R1_1_15mM_D03_D05,3OMG,R1,1,15mM,D03,D05,3,5,2,24.09.25,4.343,,
3OMG_R1_2_15mM_D03_D05,3OMG,R1,2,15mM,D03,D05,3,5,2,24.09.25,3.555,,
3OMG_R1_3_15mM_D03_D05,3OMG,R1,3,15mM,D03,D05,3,5,2,24.09.25,3.54,,
3OMG_R1_4_15mM_D03_D05,3OMG,R1,4,15mM,D03,D05,3,5,2,24.09.25,5.322,,
3OMG_R1_5_15mM_D03_D05,3OMG,R1,5,15mM,D03,D05,3,5,2,24.09.25,4.288,,
3OMG_R1_6_15mM_D03_D05,3OMG,R1,6,15mM,D03,D05,3,5,2,24.09.25,7.937,,
3OMG_R1_7_15mM_D03_D05,3OMG,R1,7,15mM,D03,D05,3,5,2,24.09.25,4.615,,
3OMG_R1_8_15mM_D03_D05,3OMG,R1,8,15mM,D03,D05,3,5,2,24.09.25,0.881,,No growth
3OMG_R1_9_15mM_D03_D05,3OMG,R1,9,15mM,D03,D05,3,5,2,24.09.25,6.249,,
3OMG_R1_10_15mM_D03_D05,3OMG,R1,10,15mM,D03,D05,3,5,2,24.09.25,4.156,,
3OMG_R1_11_15mM_D03_D05,3OMG,R1,11,15mM,D03,D05,3,5,2,24.09.25,5.343,,
3OMG_R1_12_15mM_D03_D05,3OMG,R1,12,15mM,D03,D05,3,5,2,24.09.25,4.443,,
Water_R1_1_15mM_D03_D05,Water,R1,1,15mM,D03,D05,3,5,2,24.09.25,5.726,,
Water_R1_2_15mM_D03_D05,Water,R1,2,15mM,D03,D05,3,5,2,24.09.25,5.762,,
Water_R1_3_15mM_D03_D05,Water,R1,3,15mM,D03,D05,3,5,2,24.09.25,5.75,,
Water_R1_4_15mM_D03_D05,Water,R1,4,15mM,D03,D05,3,5,2,24.09.25,6.171,,
Water_R1_5_15mM_D03_D05,Water,R1,5,15mM,D03,D05,3,5,2,24.09.25,5.554,,
Water_R1_6_15mM_D03_D05,Water,R1,6,15mM,D03,D05,3,5,2,24.09.25,0.997,,No growth
Water_R1_7_15mM_D03_D05,Water,R1,7,15mM,D03,D05,3,5,2,24.09.25,3.615,,
Water_R1_8_15mM_D03_D05,Water,R1,8,15mM,D03,D05,3,5,2,24.09.25,5.318,,
Water_R1_9_15mM_D03_D05,Water,R1,9,15mM,D03,D05,3,5,2,24.09.25,4.893,,
Water_R1_10_15mM_D03_D05,Water,R1,10,15mM,D03,D05,3,5,2,24.09.25,4.194,,
Water_R1_11_15mM_D03_D05,Water,R1,11,15mM,D03,D05,3,5,2,24.09.25,4.409,,
Water_R1_12_15mM_D03_D05,Water,R1,12,15mM,D03,D05,3,5,2,24.09.25,5.635,,
3OMG_R1_1_15mM_D0_D06,3OMG,R0,1,15mM,D0,D06,0,6,6,25.09.25,11.492,,
3OMG_R1_2_15mM_D0_D06,3OMG,R0,2,15mM,D0,D06,0,6,6,25.09.25,12.056,,
3OMG_R1_3_15mM_D0_D06,3OMG,R0,3,15mM,D0,D06,0,6,6,25.09.25,12.482,,
3OMG_R1_4_15mM_D0_D06,3OMG,R0,4,15mM,D0,D06,0,6,6,25.09.25,11.685,,
3OMG_R1_5_15mM_D0_D06,3OMG,R0,5,15mM,D0,D06,0,6,6,25.09.25,7.849,,
3OMG_R1_6_15mM_D0_D06,3OMG,R0,6,15mM,D0,D06,0,6,6,25.09.25,9.949,,
3OMG_R1_7_15mM_D0_D06,3OMG,R0,7,15mM,D0,D06,0,6,6,25.09.25,9.145,,
3OMG_R1_8_15mM_D0_D06,3OMG,R0,8,15mM,D0,D06,0,6,6,25.09.25,12.382,,
3OMG_R1_9_15mM_D0_D06,3OMG,R0,9,15mM,D0,D06,0,6,6,25.09.25,9.945,,
3OMG_R1_10_15mM_D0_D06,3OMG,R0,10,15mM,D0,D06,0,6,6,25.09.25,12.468,,
3OMG_R1_11_15mM_D0_D06,3OMG,R0,11,15mM,D0,D06,0,6,6,25.09.25,13.35,,
3OMG_R1_12_15mM_D0_D06,3OMG,R0,12,15mM,D0,D06,0,6,6,25.09.25,13.718,,
Water_R1_1_15mM_D0_D06,Water,R0,1,15mM,D0,D06,0,6,6,25.09.25,11.505,,
Water_R1_2_15mM_D0_D06,Water,R0,2,15mM,D0,D06,0,6,6,25.09.25,12.207,,
Water_R1_3_15mM_D0_D06,Water,R0,3,15mM,D0,D06,0,6,6,25.09.25,12.139,,
Water_R1_4_15mM_D0_D06,Water,R0,4,15mM,D0,D06,0,6,6,25.09.25,11.43,,
Water_R1_5_15mM_D0_D06,Water,R0,5,15mM,D0,D06,0,6,6,25.09.25,11.833,,
Water_R1_6_15mM_D0_D06,Water,R0,6,15mM,D0,D06,0,6,6,25.09.25,14.286,,
Water_R1_7_15mM_D0_D06,Water,R0,7,15mM,D0,D06,0,6,6,25.09.25,1.648,,
Water_R1_8_15mM_D0_D06,Water,R0,8,15mM,D0,D06,0,6,6,25.09.25,12.48,,
Water_R1_9_15mM_D0_D06,Water,R0,9,15mM,D0,D06,0,6,6,25.09.25,14.271,,
Water_R1_10_15mM_D0_D06,Water,R0,10,15mM,D0,D06,0,6,6,25.09.25,15.581,,
Water_R1_11_15mM_D0_D06,Water,R0,11,15mM,D0,D06,0,6,6,25.09.25,14.503,,
Water_R1_12_15mM_D0_D06,Water,R0,12,15mM,D0,D06,0,6,6,25.09.25,13.15,,
3OMG_R1_1_15mM_D03_D06,3OMG,R1,1,15mM,D03,D06,3,6,3,25.09.25,7.804,,
3OMG_R1_2_15mM_D03_D06,3OMG,R1,2,15mM,D03,D06,3,6,3,25.09.25,6.851,,
3OMG_R1_3_15mM_D03_D06,3OMG,R1,3,15mM,D03,D06,3,6,3,25.09.25,7.094,,
3OMG_R1_4_15mM_D03_D06,3OMG,R1,4,15mM,D03,D06,3,6,3,25.09.25,9.271,,
3OMG_R1_5_15mM_D03_D06,3OMG,R1,5,15mM,D03,D06,3,6,3,25.09.25,8.844,,
3OMG_R1_6_15mM_D03_D06,3OMG,R1,6,15mM,D03,D06,3,6,3,25.09.25,9.309,,
3OMG_R1_7_15mM_D03_D06,3OMG,R1,7,15mM,D03,D06,3,6,3,25.09.25,8.751,,
3OMG_R1_8_15mM_D03_D06,3OMG,R1,8,15mM,D03,D06,3,6,3,25.09.25,1.188,,No growth
3OMG_R1_9_15mM_D03_D06,3OMG,R1,9,15mM,D03,D06,3,6,3,25.09.25,10.621,,
3OMG_R1_10_15mM_D03_D06,3OMG,R1,10,15mM,D03,D06,3,6,3,25.09.25,6.977,,
3OMG_R1_11_15mM_D03_D06,3OMG,R1,11,15mM,D03,D06,3,6,3,25.09.25,10.238,,
3OMG_R1_12_15mM_D03_D06,3OMG,R1,12,15mM,D03,D06,3,6,3,25.09.25,8.062,,
Water_R1_1_15mM_D03_D06,Water,R1,1,15mM,D03,D06,3,6,3,25.09.25,10.602,,
Water_R1_2_15mM_D03_D06,Water,R1,2,15mM,D03,D06,3,6,3,25.09.25,9.672,,
Water_R1_3_15mM_D03_D06,Water,R1,3,15mM,D03,D06,3,6,3,25.09.25,9.253,,
Water_R1_4_15mM_D03_D06,Water,R1,4,15mM,D03,D06,3,6,3,25.09.25,11.047,,
Water_R1_5_15mM_D03_D06,Water,R1,5,15mM,D03,D06,3,6,3,25.09.25,8.936,,
Water_R1_6_15mM_D03_D06,Water,R1,6,15mM,D03,D06,3,6,3,25.09.25,1.156,,No growth
Water_R1_7_15mM_D03_D06,Water,R1,7,15mM,D03,D06,3,6,3,25.09.25,7.002,,
Water_R1_8_15mM_D03_D06,Water,R1,8,15mM,D03,D06,3,6,3,25.09.25,9.438,,
Water_R1_9_15mM_D03_D06,Water,R1,9,15mM,D03,D06,3,6,3,25.09.25,9.298,,
Water_R1_10_15mM_D03_D06,Water,R1,10,15mM,D03,D06,3,6,3,25.09.25,7.472,,
Water_R1_11_15mM_D03_D06,Water,R1,11,15mM,D03,D06,3,6,3,25.09.25,8.022,,
Water_R1_12_15mM_D03_D06,Water,R1,12,15mM,D03,D06,3,6,3,25.09.25,10.139,,
3OMG_R1_1_15mM_D0_D07,3OMG,R0,1,15mM,D0,D07,0,7,7,26.09.25,14.228,,
3OMG_R1_2_15mM_D0_D07,3OMG,R0,2,15mM,D0,D07,0,7,7,26.09.25,16.087,,
3OMG_R1_3_15mM_D0_D07,3OMG,R0,3,15mM,D0,D07,0,7,7,26.09.25,16.745,,
3OMG_R1_4_15mM_D0_D07,3OMG,R0,4,15mM,D0,D07,0,7,7,26.09.25,14.551,,
3OMG_R1_5_15mM_D0_D07,3OMG,R0,5,15mM,D0,D07,0,7,7,26.09.25,12.091,,
3OMG_R1_6_15mM_D0_D07,3OMG,R0,6,15mM,D0,D07,0,7,7,26.09.25,14.23,,
3OMG_R1_7_15mM_D0_D07,3OMG,R0,7,15mM,D0,D07,0,7,7,26.09.25,13.208,,
3OMG_R1_8_15mM_D0_D07,3OMG,R0,8,15mM,D0,D07,0,7,7,26.09.25,16.477,,
3OMG_R1_9_15mM_D0_D07,3OMG,R0,9,15mM,D0,D07,0,7,7,26.09.25,15.575,,
3OMG_R1_10_15mM_D0_D07,3OMG,R0,10,15mM,D0,D07,0,7,7,26.09.25,16.73,,
3OMG_R1_11_15mM_D0_D07,3OMG,R0,11,15mM,D0,D07,0,7,7,26.09.25,17.943,,
3OMG_R1_12_15mM_D0_D07,3OMG,R0,12,15mM,D0,D07,0,7,7,26.09.25,18.423,,
Water_R1_1_15mM_D0_D07,Water,R0,1,15mM,D0,D07,0,7,7,26.09.25,16.053,,
Water_R1_2_15mM_D0_D07,Water,R0,2,15mM,D0,D07,0,7,7,26.09.25,16.572,,
Water_R1_3_15mM_D0_D07,Water,R0,3,15mM,D0,D07,0,7,7,26.09.25,17.289,,
Water_R1_4_15mM_D0_D07,Water,R0,4,15mM,D0,D07,0,7,7,26.09.25,15.578,,
Water_R1_5_15mM_D0_D07,Water,R0,5,15mM,D0,D07,0,7,7,26.09.25,16.632,,
Water_R1_6_15mM_D0_D07,Water,R0,6,15mM,D0,D07,0,7,7,26.09.25,19.015,,
Water_R1_7_15mM_D0_D07,Water,R0,7,15mM,D0,D07,0,7,7,26.09.25,4.188,,
Water_R1_8_15mM_D0_D07,Water,R0,8,15mM,D0,D07,0,7,7,26.09.25,16.503,,
Water_R1_9_15mM_D0_D07,Water,R0,9,15mM,D0,D07,0,7,7,26.09.25,18.33,,
Water_R1_10_15mM_D0_D07,Water,R0,10,15mM,D0,D07,0,7,7,26.09.25,20.024,,
Water_R1_11_15mM_D0_D07,Water,R0,11,15mM,D0,D07,0,7,7,26.09.25,18.274,,
Water_R1_12_15mM_D0_D07,Water,R0,12,15mM,D0,D07,0,7,7,26.09.25,16.214,,
3OMG_R1_1_15mM_D03_D07,3OMG,R1,1,15mM,D03,D07,3,7,4,26.09.25,11.945,,
3OMG_R1_2_15mM_D03_D07,3OMG,R1,2,15mM,D03,D07,3,7,4,26.09.25,11.102,,
3OMG_R1_3_15mM_D03_D07,3OMG,R1,3,15mM,D03,D07,3,7,4,26.09.25,11.681,,
3OMG_R1_4_15mM_D03_D07,3OMG,R1,4,15mM,D03,D07,3,7,4,26.09.25,14.425,,
3OMG_R1_5_15mM_D03_D07,3OMG,R1,5,15mM,D03,D07,3,7,4,26.09.25,14.251,,
3OMG_R1_6_15mM_D03_D07,3OMG,R1,6,15mM,D03,D07,3,7,4,26.09.25,14.176,,
3OMG_R1_7_15mM_D03_D07,3OMG,R1,7,15mM,D03,D07,3,7,4,26.09.25,13.606,,
3OMG_R1_8_15mM_D03_D07,3OMG,R1,8,15mM,D03,D07,3,7,4,26.09.25,1.62,,No growth
3OMG_R1_9_15mM_D03_D07,3OMG,R1,9,15mM,D03,D07,3,7,4,26.09.25,14.986,,
3OMG_R1_10_15mM_D03_D07,3OMG,R1,10,15mM,D03,D07,3,7,4,26.09.25,11.879,,
3OMG_R1_11_15mM_D03_D07,3OMG,R1,11,15mM,D03,D07,3,7,4,26.09.25,14.391,,
3OMG_R1_12_15mM_D03_D07,3OMG,R1,12,15mM,D03,D07,3,7,4,26.09.25,11.725,,
Water_R1_1_15mM_D03_D07,Water,R1,1,15mM,D03,D07,3,7,4,26.09.25,15.003,,
Water_R1_2_15mM_D03_D07,Water,R1,2,15mM,D03,D07,3,7,4,26.09.25,14.807,,
Water_R1_3_15mM_D03_D07,Water,R1,3,15mM,D03,D07,3,7,4,26.09.25,14.064,,
Water_R1_4_15mM_D03_D07,Water,R1,4,15mM,D03,D07,3,7,4,26.09.25,16.922,,
Water_R1_5_15mM_D03_D07,Water,R1,5,15mM,D03,D07,3,7,4,26.09.25,14.467,,
Water_R1_6_15mM_D03_D07,Water,R1,6,15mM,D03,D07,3,7,4,26.09.25,1.455,,No growth
Water_R1_7_15mM_D03_D07,Water,R1,7,15mM,D03,D07,3,7,4,26.09.25,8.894,,
Water_R1_8_15mM_D03_D07,Water,R1,8,15mM,D03,D07,3,7,4,26.09.25,13.8,,
Water_R1_9_15mM_D03_D07,Water,R1,9,15mM,D03,D07,3,7,4,26.09.25,12.826,,
Water_R1_10_15mM_D03_D07,Water,R1,10,15mM,D03,D07,3,7,4,26.09.25,11.438,,
Water_R1_11_15mM_D03_D07,Water,R1,11,15mM,D03,D07,3,7,4,26.09.25,12.234,,
Water_R1_12_15mM_D03_D07,Water,R1,12,15mM,D03,D07,3,7,4,26.09.25,15.361,,
3OMG_R1_1_15mM_D0_D09,3OMG,R0,1,15mM,D0,D09,0,9,9,28.09.25,22.986,,
3OMG_R1_2_15mM_D0_D09,3OMG,R0,2,15mM,D0,D09,0,9,9,28.09.25,24.896,,
3OMG_R1_3_15mM_D0_D09,3OMG,R0,3,15mM,D0,D09,0,9,9,28.09.25,25.921,,
3OMG_R1_4_15mM_D0_D09,3OMG,R0,4,15mM,D0,D09,0,9,9,28.09.25,24.936,,
3OMG_R1_5_15mM_D0_D09,3OMG,R0,5,15mM,D0,D09,0,9,9,28.09.25,20.481,,
3OMG_R1_6_15mM_D0_D09,3OMG,R0,6,15mM,D0,D09,0,9,9,28.09.25,22.69,,
3OMG_R1_7_15mM_D0_D09,3OMG,R0,7,15mM,D0,D09,0,9,9,28.09.25,21.981,,
3OMG_R1_8_15mM_D0_D09,3OMG,R0,8,15mM,D0,D09,0,9,9,28.09.25,26.118,,
3OMG_R1_9_15mM_D0_D09,3OMG,R0,9,15mM,D0,D09,0,9,9,28.09.25,24.788,,
3OMG_R1_10_15mM_D0_D09,3OMG,R0,10,15mM,D0,D09,0,9,9,28.09.25,26.649,,
3OMG_R1_11_15mM_D0_D09,3OMG,R0,11,15mM,D0,D09,0,9,9,28.09.25,27.081,,
3OMG_R1_12_15mM_D0_D09,3OMG,R0,12,15mM,D0,D09,0,9,9,28.09.25,26.128,,
Water_R1_1_15mM_D0_D09,Water,R0,1,15mM,D0,D09,0,9,9,28.09.25,25.427,,
Water_R1_2_15mM_D0_D09,Water,R0,2,15mM,D0,D09,0,9,9,28.09.25,25.807,,
Water_R1_3_15mM_D0_D09,Water,R0,3,15mM,D0,D09,0,9,9,28.09.25,27.141,,
Water_R1_4_15mM_D0_D09,Water,R0,4,15mM,D0,D09,0,9,9,28.09.25,25.863,,
Water_R1_5_15mM_D0_D09,Water,R0,5,15mM,D0,D09,0,9,9,28.09.25,25.864,,
Water_R1_6_15mM_D0_D09,Water,R0,6,15mM,D0,D09,0,9,9,28.09.25,30.829,,
Water_R1_7_15mM_D0_D09,Water,R0,7,15mM,D0,D09,0,9,9,28.09.25,12.893,,
Water_R1_8_15mM_D0_D09,Water,R0,8,15mM,D0,D09,0,9,9,28.09.25,25.611,,
Water_R1_9_15mM_D0_D09,Water,R0,9,15mM,D0,D09,0,9,9,28.09.25,29.759,,
Water_R1_10_15mM_D0_D09,Water,R0,10,15mM,D0,D09,0,9,9,28.09.25,31.587,,
Water_R1_11_15mM_D0_D09,Water,R0,11,15mM,D0,D09,0,9,9,28.09.25,30.004,,
Water_R1_12_15mM_D0_D09,Water,R0,12,15mM,D0,D09,0,9,9,28.09.25,28.535,,
3OMG_R1_1_15mM_D03_D09,3OMG,R1,1,15mM,D03,D09,3,9,6,28.09.25,22.155,,
3OMG_R1_2_15mM_D03_D09,3OMG,R1,2,15mM,D03,D09,3,9,6,28.09.25,20.928,,
3OMG_R1_3_15mM_D03_D09,3OMG,R1,3,15mM,D03,D09,3,9,6,28.09.25,21.701,,
3OMG_R1_4_15mM_D03_D09,3OMG,R1,4,15mM,D03,D09,3,9,6,28.09.25,24.747,,
3OMG_R1_5_15mM_D03_D09,3OMG,R1,5,15mM,D03,D09,3,9,6,28.09.25,24.678,,
3OMG_R1_6_15mM_D03_D09,3OMG,R1,6,15mM,D03,D09,3,9,6,28.09.25,24.399,,
3OMG_R1_7_15mM_D03_D09,3OMG,R1,7,15mM,D03,D09,3,9,6,28.09.25,23.304,,
3OMG_R1_8_15mM_D03_D09,3OMG,R1,8,15mM,D03,D09,3,9,6,28.09.25,1.018,,No growth
3OMG_R1_9_15mM_D03_D09,3OMG,R1,9,15mM,D03,D09,3,9,6,28.09.25,22.336,,
3OMG_R1_10_15mM_D03_D09,3OMG,R1,10,15mM,D03,D09,3,9,6,28.09.25,20.537,,
3OMG_R1_11_15mM_D03_D09,3OMG,R1,11,15mM,D03,D09,3,9,6,28.09.25,25.123,,
3OMG_R1_12_15mM_D03_D09,3OMG,R1,12,15mM,D03,D09,3,9,6,28.09.25,22.856,,
Water_R1_1_15mM_D03_D09,Water,R1,1,15mM,D03,D09,3,9,6,28.09.25,26.673,,
Water_R1_2_15mM_D03_D09,Water,R1,2,15mM,D03,D09,3,9,6,28.09.25,26.233,,
Water_R1_3_15mM_D03_D09,Water,R1,3,15mM,D03,D09,3,9,6,28.09.25,26.37,,
Water_R1_4_15mM_D03_D09,Water,R1,4,15mM,D03,D09,3,9,6,28.09.25,29.342,,
Water_R1_5_15mM_D03_D09,Water,R1,5,15mM,D03,D09,3,9,6,28.09.25,26.773,,
Water_R1_6_15mM_D03_D09,Water,R1,6,15mM,D03,D09,3,9,6,28.09.25,1.061,,No growth
Water_R1_7_15mM_D03_D09,Water,R1,7,15mM,D03,D09,3,9,6,28.09.25,16.783,,
Water_R1_8_15mM_D03_D09,Water,R1,8,15mM,D03,D09,3,9,6,28.09.25,24.627,,
Water_R1_9_15mM_D03_D09,Water,R1,9,15mM,D03,D09,3,9,6,28.09.25,27.299,,
Water_R1_10_15mM_D03_D09,Water,R1,10,15mM,D03,D09,3,9,6,28.09.25,23.907,,
Water_R1_11_15mM_D03_D09,Water,R1,11,15mM,D03,D09,3,9,6,28.09.25,23.86,,
Water_R1_12_15mM_D03_D09,Water,R1,12,15mM,D03,D09,3,9,6,28.09.25,28.431,,
3OMG_R1_1_15mM_D07_D09,3OMG,R1,1,15mM,D07,D09,7,9,2,28.09.25,9.03,,
3OMG_R1_2_15mM_D07_D09,3OMG,R1,2,15mM,D07,D09,7,9,2,28.09.25,9.376,,
3OMG_R1_3_15mM_D07_D09,3OMG,R1,3,15mM,D07,D09,7,9,2,28.09.25,7.449,,
3OMG_R1_4_15mM_D07_D09,3OMG,R1,4,15mM,D07,D09,7,9,2,28.09.25,6.858,,
3OMG_R1_5_15mM_D07_D09,3OMG,R1,5,15mM,D07,D09,7,9,2,28.09.25,9.206,,
3OMG_R1_6_15mM_D07_D09,3OMG,R1,6,15mM,D07,D09,7,9,2,28.09.25,7.902,,
3OMG_R1_7_15mM_D07_D09,3OMG,R1,7,15mM,D07,D09,7,9,2,28.09.25,7.97,,
3OMG_R1_8_15mM_D07_D09,3OMG,R1,8,15mM,D07,D09,7,9,2,28.09.25,8.417,,
3OMG_R1_9_15mM_D07_D09,3OMG,R1,9,15mM,D07,D09,7,9,2,28.09.25,6.888,,
3OMG_R1_10_15mM_D07_D09,3OMG,R1,10,15mM,D07,D09,7,9,2,28.09.25,7.841,,
3OMG_R1_11_15mM_D07_D09,3OMG,R1,11,15mM,D07,D09,7,9,2,28.09.25,7.319,,
3OMG_R1_12_15mM_D07_D09,3OMG,R1,12,15mM,D07,D09,7,9,2,28.09.25,7.793,,
Water_R1_1_15mM_D07_D09,Water,R1,1,15mM,D07,D09,7,9,2,28.09.25,7.874,,
Water_R1_2_15mM_D07_D09,Water,R1,2,15mM,D07,D09,7,9,2,28.09.25,9.809,,
Water_R1_3_15mM_D07_D09,Water,R1,3,15mM,D07,D09,7,9,2,28.09.25,6.394,,
Water_R1_4_15mM_D07_D09,Water,R1,4,15mM,D07,D09,7,9,2,28.09.25,9.78,,
Water_R1_5_15mM_D07_D09,Water,R1,5,15mM,D07,D09,7,9,2,28.09.25,6.969,,
Water_R1_6_15mM_D07_D09,Water,R1,6,15mM,D07,D09,7,9,2,28.09.25,6.706,,
Water_R1_7_15mM_D07_D09,Water,R1,7,15mM,D07,D09,7,9,2,28.09.25,8.293,,
Water_R1_8_15mM_D07_D09,Water,R1,8,15mM,D07,D09,7,9,2,28.09.25,7.786,,
Water_R1_9_15mM_D07_D09,Water,R1,9,15mM,D07,D09,7,9,2,28.09.25,7.193,,
Water_R1_10_15mM_D07_D09,Water,R1,10,15mM,D07,D09,7,9,2,28.09.25,8.569,,
Water_R1_11_15mM_D07_D09,Water,R1,11,15mM,D07,D09,7,9,2,28.09.25,9.052,,
Water_R1_12_15mM_D07_D09,Water,R1,12,15mM,D07,D09,7,9,2,28.09.25,8.921,,
3OMG_R1_1_15mM_D0_D10,3OMG,R0,1,15mM,D0,D10,0,10,10,29.09.25,29.142,,
3OMG_R1_2_15mM_D0_D10,3OMG,R0,2,15mM,D0,D10,0,10,10,29.09.25,28.68,,
3OMG_R1_3_15mM_D0_D10,3OMG,R0,3,15mM,D0,D10,0,10,10,29.09.25,31.015,,
3OMG_R1_4_15mM_D0_D10,3OMG,R0,4,15mM,D0,D10,0,10,10,29.09.25,30.074,,
3OMG_R1_5_15mM_D0_D10,3OMG,R0,5,15mM,D0,D10,0,10,10,29.09.25,25.994,,
3OMG_R1_6_15mM_D0_D10,3OMG,R0,6,15mM,D0,D10,0,10,10,29.09.25,27.409,,
3OMG_R1_7_15mM_D0_D10,3OMG,R0,7,15mM,D0,D10,0,10,10,29.09.25,26.055,,
3OMG_R1_8_15mM_D0_D10,3OMG,R0,8,15mM,D0,D10,0,10,10,29.09.25,30.781,,
3OMG_R1_9_15mM_D0_D10,3OMG,R0,9,15mM,D0,D10,0,10,10,29.09.25,28.105,,
3OMG_R1_10_15mM_D0_D10,3OMG,R0,10,15mM,D0,D10,0,10,10,29.09.25,31.595,,
3OMG_R1_11_15mM_D0_D10,3OMG,R0,11,15mM,D0,D10,0,10,10,29.09.25,32.62,,
3OMG_R1_12_15mM_D0_D10,3OMG,R0,12,15mM,D0,D10,0,10,10,29.09.25,30.964,,
Water_R1_1_15mM_D0_D10,Water,R0,1,15mM,D0,D10,0,10,10,29.09.25,30.803,,
Water_R1_2_15mM_D0_D10,Water,R0,2,15mM,D0,D10,0,10,10,29.09.25,32.542,,
Water_R1_3_15mM_D0_D10,Water,R0,3,15mM,D0,D10,0,10,10,29.09.25,32.52,,
Water_R1_4_15mM_D0_D10,Water,R0,4,15mM,D0,D10,0,10,10,29.09.25,31.505,,
Water_R1_5_15mM_D0_D10,Water,R0,5,15mM,D0,D10,0,10,10,29.09.25,32.934,,
Water_R1_6_15mM_D0_D10,Water,R0,6,15mM,D0,D10,0,10,10,29.09.25,36.214,,
Water_R1_7_15mM_D0_D10,Water,R0,7,15mM,D0,D10,0,10,10,29.09.25,19.076,,
Water_R1_8_15mM_D0_D10,Water,R0,8,15mM,D0,D10,0,10,10,29.09.25,34.488,,
Water_R1_9_15mM_D0_D10,Water,R0,9,15mM,D0,D10,0,10,10,29.09.25,37.856,,
Water_R1_10_15mM_D0_D10,Water,R0,10,15mM,D0,D10,0,10,10,29.09.25,39.375,,
Water_R1_11_15mM_D0_D10,Water,R0,11,15mM,D0,D10,0,10,10,29.09.25,40.082,,
Water_R1_12_15mM_D0_D10,Water,R0,12,15mM,D0,D10,0,10,10,29.09.25,37.562,,
3OMG_R1_1_15mM_D03_D10,3OMG,R1,1,15mM,D03,D10,3,10,7,29.09.25,30.109,,
3OMG_R1_2_15mM_D03_D10,3OMG,R1,2,15mM,D03,D10,3,10,7,29.09.25,29.204,,
3OMG_R1_3_15mM_D03_D10,3OMG,R1,3,15mM,D03,D10,3,10,7,29.09.25,30.158,,
3OMG_R1_4_15mM_D03_D10,3OMG,R1,4,15mM,D03,D10,3,10,7,29.09.25,32.781,,
3OMG_R1_5_15mM_D03_D10,3OMG,R1,5,15mM,D03,D10,3,10,7,29.09.25,33.586,,
3OMG_R1_6_15mM_D03_D10,3OMG,R1,6,15mM,D03,D10,3,10,7,29.09.25,31.512,,
3OMG_R1_7_15mM_D03_D10,3OMG,R1,7,15mM,D03,D10,3,10,7,29.09.25,33.176,,
3OMG_R1_8_15mM_D03_D10,3OMG,R1,8,15mM,D03,D10,3,10,7,29.09.25,1.331,,No growth
3OMG_R1_9_15mM_D03_D10,3OMG,R1,9,15mM,D03,D10,3,10,7,29.09.25,30.933,,
3OMG_R1_10_15mM_D03_D10,3OMG,R1,10,15mM,D03,D10,3,10,7,29.09.25,26.398,,
3OMG_R1_11_15mM_D03_D10,3OMG,R1,11,15mM,D03,D10,3,10,7,29.09.25,34.225,,
3OMG_R1_12_15mM_D03_D10,3OMG,R1,12,15mM,D03,D10,3,10,7,29.09.25,29.993,,
Water_R1_1_15mM_D03_D10,Water,R1,1,15mM,D03,D10,3,10,7,29.09.25,36.073,,
Water_R1_2_15mM_D03_D10,Water,R1,2,15mM,D03,D10,3,10,7,29.09.25,34.713,,
Water_R1_3_15mM_D03_D10,Water,R1,3,15mM,D03,D10,3,10,7,29.09.25,35,,
Water_R1_4_15mM_D03_D10,Water,R1,4,15mM,D03,D10,3,10,7,29.09.25,38.382,,
Water_R1_5_15mM_D03_D10,Water,R1,5,15mM,D03,D10,3,10,7,29.09.25,36.079,,
Water_R1_6_15mM_D03_D10,Water,R1,6,15mM,D03,D10,3,10,7,29.09.25,1.011,,No growth
Water_R1_7_15mM_D03_D10,Water,R1,7,15mM,D03,D10,3,10,7,29.09.25,22.464,,
Water_R1_8_15mM_D03_D10,Water,R1,8,15mM,D03,D10,3,10,7,29.09.25,34.644,,
Water_R1_9_15mM_D03_D10,Water,R1,9,15mM,D03,D10,3,10,7,29.09.25,34.457,,
Water_R1_10_15mM_D03_D10,Water,R1,10,15mM,D03,D10,3,10,7,29.09.25,31.569,,
Water_R1_11_15mM_D03_D10,Water,R1,11,15mM,D03,D10,3,10,7,29.09.25,32.319,,
Water_R1_12_15mM_D03_D10,Water,R1,12,15mM,D03,D10,3,10,7,29.09.25,39.005,,
3OMG_R1_1_15mM_D07_D10,3OMG,R1,1,15mM,D07,D10,7,10,3,29.09.25,17.081,,
3OMG_R1_2_15mM_D07_D10,3OMG,R1,2,15mM,D07,D10,7,10,3,29.09.25,16.769,,
3OMG_R1_3_15mM_D07_D10,3OMG,R1,3,15mM,D07,D10,7,10,3,29.09.25,14.707,,
3OMG_R1_4_15mM_D07_D10,3OMG,R1,4,15mM,D07,D10,7,10,3,29.09.25,14.188,,
3OMG_R1_5_15mM_D07_D10,3OMG,R1,5,15mM,D07,D10,7,10,3,29.09.25,17.048,,
3OMG_R1_6_15mM_D07_D10,3OMG,R1,6,15mM,D07,D10,7,10,3,29.09.25,15.078,,
3OMG_R1_7_15mM_D07_D10,3OMG,R1,7,15mM,D07,D10,7,10,3,29.09.25,16.16,,
3OMG_R1_8_15mM_D07_D10,3OMG,R1,8,15mM,D07,D10,7,10,3,29.09.25,16.221,,
3OMG_R1_9_15mM_D07_D10,3OMG,R1,9,15mM,D07,D10,7,10,3,29.09.25,16.15,,
3OMG_R1_10_15mM_D07_D10,3OMG,R1,10,15mM,D07,D10,7,10,3,29.09.25,15.645,,
3OMG_R1_11_15mM_D07_D10,3OMG,R1,11,15mM,D07,D10,7,10,3,29.09.25,14.645,,
3OMG_R1_12_15mM_D07_D10,3OMG,R1,12,15mM,D07,D10,7,10,3,29.09.25,13.233,,
Water_R1_1_15mM_D07_D10,Water,R1,1,15mM,D07,D10,7,10,3,29.09.25,15.72,,
Water_R1_2_15mM_D07_D10,Water,R1,2,15mM,D07,D10,7,10,3,29.09.25,17.472,,
Water_R1_3_15mM_D07_D10,Water,R1,3,15mM,D07,D10,7,10,3,29.09.25,15.051,,
Water_R1_4_15mM_D07_D10,Water,R1,4,15mM,D07,D10,7,10,3,29.09.25,18.795,,
Water_R1_5_15mM_D07_D10,Water,R1,5,15mM,D07,D10,7,10,3,29.09.25,14.099,,
Water_R1_6_15mM_D07_D10,Water,R1,6,15mM,D07,D10,7,10,3,29.09.25,14.347,,
Water_R1_7_15mM_D07_D10,Water,R1,7,15mM,D07,D10,7,10,3,29.09.25,18.025,,
Water_R1_8_15mM_D07_D10,Water,R1,8,15mM,D07,D10,7,10,3,29.09.25,15.65,,
Water_R1_9_15mM_D07_D10,Water,R1,9,15mM,D07,D10,7,10,3,29.09.25,16.564,,
Water_R1_10_15mM_D07_D10,Water,R1,10,15mM,D07,D10,7,10,3,29.09.25,17.961,,
Water_R1_11_15mM_D07_D10,Water,R1,11,15mM,D07,D10,7,10,3,29.09.25,17.176,,
Water_R1_12_15mM_D07_D10,Water,R1,12,15mM,D07,D10,7,10,3,29.09.25,19.21,,
3OMG_R1_1_15mM_D0_D11,3OMG,R0,1,15mM,D0,D11,0,11,11,30.09.25,31.353,,
3OMG_R1_2_15mM_D0_D11,3OMG,R0,2,15mM,D0,D11,0,11,11,30.09.25,33.136,,
3OMG_R1_3_15mM_D0_D11,3OMG,R0,3,15mM,D0,D11,0,11,11,30.09.25,35.661,,
3OMG_R1_4_15mM_D0_D11,3OMG,R0,4,15mM,D0,D11,0,11,11,30.09.25,35.488,,
3OMG_R1_5_15mM_D0_D11,3OMG,R0,5,15mM,D0,D11,0,11,11,30.09.25,31.511,,
3OMG_R1_6_15mM_D0_D11,3OMG,R0,6,15mM,D0,D11,0,11,11,30.09.25,31.326,,
3OMG_R1_7_15mM_D0_D11,3OMG,R0,7,15mM,D0,D11,0,11,11,30.09.25,30.774,,
3OMG_R1_8_15mM_D0_D11,3OMG,R0,8,15mM,D0,D11,0,11,11,30.09.25,36.101,,
3OMG_R1_9_15mM_D0_D11,3OMG,R0,9,15mM,D0,D11,0,11,11,30.09.25,33.638,,
3OMG_R1_10_15mM_D0_D11,3OMG,R0,10,15mM,D0,D11,0,11,11,30.09.25,36.253,,
3OMG_R1_11_15mM_D0_D11,3OMG,R0,11,15mM,D0,D11,0,11,11,30.09.25,35.762,,
3OMG_R1_12_15mM_D0_D11,3OMG,R0,12,15mM,D0,D11,0,11,11,30.09.25,34.785,,
Water_R1_1_15mM_D0_D11,Water,R0,1,15mM,D0,D11,0,11,11,30.09.25,35.996,,
Water_R1_2_15mM_D0_D11,Water,R0,2,15mM,D0,D11,0,11,11,30.09.25,37.982,,
Water_R1_3_15mM_D0_D11,Water,R0,3,15mM,D0,D11,0,11,11,30.09.25,37.789,,
Water_R1_4_15mM_D0_D11,Water,R0,4,15mM,D0,D11,0,11,11,30.09.25,37.007,,
Water_R1_5_15mM_D0_D11,Water,R0,5,15mM,D0,D11,0,11,11,30.09.25,37.821,,
Water_R1_6_15mM_D0_D11,Water,R0,6,15mM,D0,D11,0,11,11,30.09.25,40.939,,
Water_R1_7_15mM_D0_D11,Water,R0,7,15mM,D0,D11,0,11,11,30.09.25,25.679,,
Water_R1_8_15mM_D0_D11,Water,R0,8,15mM,D0,D11,0,11,11,30.09.25,39.16,,
Water_R1_9_15mM_D0_D11,Water,R0,9,15mM,D0,D11,0,11,11,30.09.25,42.212,,
Water_R1_10_15mM_D0_D11,Water,R0,10,15mM,D0,D11,0,11,11,30.09.25,46.068,,
Water_R1_11_15mM_D0_D11,Water,R0,11,15mM,D0,D11,0,11,11,30.09.25,44.632,,
Water_R1_12_15mM_D0_D11,Water,R0,12,15mM,D0,D11,0,11,11,30.09.25,42.381,,
3OMG_R1_1_15mM_D03_D11,3OMG,R1,1,15mM,D03,D11,3,11,8,30.09.25,35.895,,
3OMG_R1_2_15mM_D03_D11,3OMG,R1,2,15mM,D03,D11,3,11,8,30.09.25,34.919,,
3OMG_R1_3_15mM_D03_D11,3OMG,R1,3,15mM,D03,D11,3,11,8,30.09.25,36.594,,
3OMG_R1_4_15mM_D03_D11,3OMG,R1,4,15mM,D03,D11,3,11,8,30.09.25,38.9,,
3OMG_R1_5_15mM_D03_D11,3OMG,R1,5,15mM,D03,D11,3,11,8,30.09.25,40.237,,
3OMG_R1_6_15mM_D03_D11,3OMG,R1,6,15mM,D03,D11,3,11,8,30.09.25,38.262,,
3OMG_R1_7_15mM_D03_D11,3OMG,R1,7,15mM,D03,D11,3,11,8,30.09.25,37.842,,
3OMG_R1_8_15mM_D03_D11,3OMG,R1,8,15mM,D03,D11,3,11,8,30.09.25,1.462,,No growth
3OMG_R1_9_15mM_D03_D11,3OMG,R1,9,15mM,D03,D11,3,11,8,30.09.25,35.439,,
3OMG_R1_10_15mM_D03_D11,3OMG,R1,10,15mM,D03,D11,3,11,8,30.09.25,33.569,,
3OMG_R1_11_15mM_D03_D11,3OMG,R1,11,15mM,D03,D11,3,11,8,30.09.25,38.506,,
3OMG_R1_12_15mM_D03_D11,3OMG,R1,12,15mM,D03,D11,3,11,8,30.09.25,35.393,,
Water_R1_1_15mM_D03_D11,Water,R1,1,15mM,D03,D11,3,11,8,30.09.25,41.883,,
Water_R1_2_15mM_D03_D11,Water,R1,2,15mM,D03,D11,3,11,8,30.09.25,40.646,,
Water_R1_3_15mM_D03_D11,Water,R1,3,15mM,D03,D11,3,11,8,30.09.25,41.407,,
Water_R1_4_15mM_D03_D11,Water,R1,4,15mM,D03,D11,3,11,8,30.09.25,44.901,,
Water_R1_5_15mM_D03_D11,Water,R1,5,15mM,D03,D11,3,11,8,30.09.25,42.77,,
Water_R1_6_15mM_D03_D11,Water,R1,6,15mM,D03,D11,3,11,8,30.09.25,1.337,,No growth
Water_R1_7_15mM_D03_D11,Water,R1,7,15mM,D03,D11,3,11,8,30.09.25,27.189,,
Water_R1_8_15mM_D03_D11,Water,R1,8,15mM,D03,D11,3,11,8,30.09.25,43.429,,
Water_R1_9_15mM_D03_D11,Water,R1,9,15mM,D03,D11,3,11,8,30.09.25,42.36,,
Water_R1_10_15mM_D03_D11,Water,R1,10,15mM,D03,D11,3,11,8,30.09.25,37.508,,
Water_R1_11_15mM_D03_D11,Water,R1,11,15mM,D03,D11,3,11,8,30.09.25,37.41,,
Water_R1_12_15mM_D03_D11,Water,R1,12,15mM,D03,D11,3,11,8,30.09.25,42.27,,
3OMG_R1_1_15mM_D07_D11,3OMG,R1,1,15mM,D07,D11,7,11,4,30.09.25,23.891,,
3OMG_R1_2_15mM_D07_D11,3OMG,R1,2,15mM,D07,D11,7,11,4,30.09.25,23.468,,
3OMG_R1_3_15mM_D07_D11,3OMG,R1,3,15mM,D07,D11,7,11,4,30.09.25,22.321,,
3OMG_R1_4_15mM_D07_D11,3OMG,R1,4,15mM,D07,D11,7,11,4,30.09.25,19.743,,
3OMG_R1_5_15mM_D07_D11,3OMG,R1,5,15mM,D07,D11,7,11,4,30.09.25,22.506,,
3OMG_R1_6_15mM_D07_D11,3OMG,R1,6,15mM,D07,D11,7,11,4,30.09.25,21.788,,
3OMG_R1_7_15mM_D07_D11,3OMG,R1,7,15mM,D07,D11,7,11,4,30.09.25,23.419,,
3OMG_R1_8_15mM_D07_D11,3OMG,R1,8,15mM,D07,D11,7,11,4,30.09.25,22.827,,
3OMG_R1_9_15mM_D07_D11,3OMG,R1,9,15mM,D07,D11,7,11,4,30.09.25,21.203,,
3OMG_R1_10_15mM_D07_D11,3OMG,R1,10,15mM,D07,D11,7,11,4,30.09.25,21.181,,
3OMG_R1_11_15mM_D07_D11,3OMG,R1,11,15mM,D07,D11,7,11,4,30.09.25,21.944,,
3OMG_R1_12_15mM_D07_D11,3OMG,R1,12,15mM,D07,D11,7,11,4,30.09.25,19.042,,
Water_R1_1_15mM_D07_D11,Water,R1,1,15mM,D07,D11,7,11,4,30.09.25,23.04,,
Water_R1_2_15mM_D07_D11,Water,R1,2,15mM,D07,D11,7,11,4,30.09.25,23.31,,
Water_R1_3_15mM_D07_D11,Water,R1,3,15mM,D07,D11,7,11,4,30.09.25,19.628,,
Water_R1_4_15mM_D07_D11,Water,R1,4,15mM,D07,D11,7,11,4,30.09.25,25.326,,
Water_R1_5_15mM_D07_D11,Water,R1,5,15mM,D07,D11,7,11,4,30.09.25,20.781,,
Water_R1_6_15mM_D07_D11,Water,R1,6,15mM,D07,D11,7,11,4,30.09.25,19.354,,
Water_R1_7_15mM_D07_D11,Water,R1,7,15mM,D07,D11,7,11,4,30.09.25,23.123,,
Water_R1_8_15mM_D07_D11,Water,R1,8,15mM,D07,D11,7,11,4,30.09.25,21.456,,
Water_R1_9_15mM_D07_D11,Water,R1,9,15mM,D07,D11,7,11,4,30.09.25,23.022,,
Water_R1_10_15mM_D07_D11,Water,R1,10,15mM,D07,D11,7,11,4,30.09.25,26.414,,
Water_R1_11_15mM_D07_D11,Water,R1,11,15mM,D07,D11,7,11,4,30.09.25,23.398,,
Water_R1_12_15mM_D07_D11,Water,R1,12,15mM,D07,D11,7,11,4,30.09.25,25.295,,
3OMG_R1_1_15mM_D10_D11,3OMG,R1,1,15mM,D10,D11,10,11,1,30.09.25,5.912,,
3OMG_R1_2_15mM_D10_D11,3OMG,R1,2,15mM,D10,D11,10,11,1,30.09.25,4.311,,
3OMG_R1_3_15mM_D10_D11,3OMG,R1,3,15mM,D10,D11,10,11,1,30.09.25,5.221,,
3OMG_R1_4_15mM_D10_D11,3OMG,R1,4,15mM,D10,D11,10,11,1,30.09.25,4.11,,
3OMG_R1_5_15mM_D10_D11,3OMG,R1,5,15mM,D10,D11,10,11,1,30.09.25,5.233,,
3OMG_R1_6_15mM_D10_D11,3OMG,R1,6,15mM,D10,D11,10,11,1,30.09.25,3.774,,
3OMG_R1_7_15mM_D10_D11,3OMG,R1,7,15mM,D10,D11,10,11,1,30.09.25,5.5,,
3OMG_R1_8_15mM_D10_D11,3OMG,R1,8,15mM,D10,D11,10,11,1,30.09.25,4.008,,
3OMG_R1_9_15mM_D10_D11,3OMG,R1,9,15mM,D10,D11,10,11,1,30.09.25,5.154,,
3OMG_R1_10_15mM_D10_D11,3OMG,R1,10,15mM,D10,D11,10,11,1,30.09.25,4.415,,
3OMG_R1_11_15mM_D10_D11,3OMG,R1,11,15mM,D10,D11,10,11,1,30.09.25,4.52,,
3OMG_R1_12_15mM_D10_D11,3OMG,R1,12,15mM,D10,D11,10,11,1,30.09.25,4.952,,
Water_R1_1_15mM_D10_D11,Water,R1,1,15mM,D10,D11,10,11,1,30.09.25,4.234,,
Water_R1_2_15mM_D10_D11,Water,R1,2,15mM,D10,D11,10,11,1,30.09.25,4.811,,
Water_R1_3_15mM_D10_D11,Water,R1,3,15mM,D10,D11,10,11,1,30.09.25,4.343,,
Water_R1_4_15mM_D10_D11,Water,R1,4,15mM,D10,D11,10,11,1,30.09.25,4.172,,
Water_R1_5_15mM_D10_D11,Water,R1,5,15mM,D10,D11,10,11,1,30.09.25,5.931,,
Water_R1_6_15mM_D10_D11,Water,R1,6,15mM,D10,D11,10,11,1,30.09.25,4.308,,
Water_R1_7_15mM_D10_D11,Water,R1,7,15mM,D10,D11,10,11,1,30.09.25,3.66,,
Water_R1_8_15mM_D10_D11,Water,R1,8,15mM,D10,D11,10,11,1,30.09.25,5.417,,
Water_R1_9_15mM_D10_D11,Water,R1,9,15mM,D10,D11,10,11,1,30.09.25,4.819,,
Water_R1_10_15mM_D10_D11,Water,R1,10,15mM,D10,D11,10,11,1,30.09.25,4.683,,
Water_R1_11_15mM_D10_D11,Water,R1,11,15mM,D10,D11,10,11,1,30.09.25,4.532,,
Water_R1_12_15mM_D10_D11,Water,R1,12,15mM,D10,D11,10,11,1,30.09.25,5.079,,
3OMG_R1_1_15mM_D0_D12,3OMG,R0,1,15mM,D0,D12,0,12,12,01.10.25,35.709,,
3OMG_R1_2_15mM_D0_D12,3OMG,R0,2,15mM,D0,D12,0,12,12,01.10.25,36.573,,
3OMG_R1_3_15mM_D0_D12,3OMG,R0,3,15mM,D0,D12,0,12,12,01.10.25,38.843,,
3OMG_R1_4_15mM_D0_D12,3OMG,R0,4,15mM,D0,D12,0,12,12,01.10.25,39.516,,
3OMG_R1_5_15mM_D0_D12,3OMG,R0,5,15mM,D0,D12,0,12,12,01.10.25,34.676,,
3OMG_R1_6_15mM_D0_D12,3OMG,R0,6,15mM,D0,D12,0,12,12,01.10.25,37.224,,
3OMG_R1_7_15mM_D0_D12,3OMG,R0,7,15mM,D0,D12,0,12,12,01.10.25,34.969,,
3OMG_R1_8_15mM_D0_D12,3OMG,R0,8,15mM,D0,D12,0,12,12,01.10.25,40.363,,
3OMG_R1_9_15mM_D0_D12,3OMG,R0,9,15mM,D0,D12,0,12,12,01.10.25,38.031,,
3OMG_R1_10_15mM_D0_D12,3OMG,R0,10,15mM,D0,D12,0,12,12,01.10.25,40.259,,
3OMG_R1_11_15mM_D0_D12,3OMG,R0,11,15mM,D0,D12,0,12,12,01.10.25,40.963,,
3OMG_R1_12_15mM_D0_D12,3OMG,R0,12,15mM,D0,D12,0,12,12,01.10.25,37.387,,
Water_R1_1_15mM_D0_D12,Water,R0,1,15mM,D0,D12,0,12,12,01.10.25,38.64,,
Water_R1_2_15mM_D0_D12,Water,R0,2,15mM,D0,D12,0,12,12,01.10.25,41.494,,
Water_R1_3_15mM_D0_D12,Water,R0,3,15mM,D0,D12,0,12,12,01.10.25,42.975,,
Water_R1_4_15mM_D0_D12,Water,R0,4,15mM,D0,D12,0,12,12,01.10.25,42.229,,
Water_R1_5_15mM_D0_D12,Water,R0,5,15mM,D0,D12,0,12,12,01.10.25,44.308,,
Water_R1_6_15mM_D0_D12,Water,R0,6,15mM,D0,D12,0,12,12,01.10.25,48.047,,
Water_R1_7_15mM_D0_D12,Water,R0,7,15mM,D0,D12,0,12,12,01.10.25,30.366,,
Water_R1_8_15mM_D0_D12,Water,R0,8,15mM,D0,D12,0,12,12,01.10.25,44.709,,
Water_R1_9_15mM_D0_D12,Water,R0,9,15mM,D0,D12,0,12,12,01.10.25,48.077,,
Water_R1_10_15mM_D0_D12,Water,R0,10,15mM,D0,D12,0,12,12,01.10.25,50.795,,
Water_R1_11_15mM_D0_D12,Water,R0,11,15mM,D0,D12,0,12,12,01.10.25,51.291,,
Water_R1_12_15mM_D0_D12,Water,R0,12,15mM,D0,D12,0,12,12,01.10.25,49.91,,
3OMG_R1_1_15mM_D03_D12,3OMG,R1,1,15mM,D03,D12,3,12,9,01.10.25,40.954,,
3OMG_R1_2_15mM_D03_D12,3OMG,R1,2,15mM,D03,D12,3,12,9,01.10.25,41.799,,
3OMG_R1_3_15mM_D03_D12,3OMG,R1,3,15mM,D03,D12,3,12,9,01.10.25,41.98,,
3OMG_R1_4_15mM_D03_D12,3OMG,R1,4,15mM,D03,D12,3,12,9,01.10.25,43.75,,
3OMG_R1_5_15mM_D03_D12,3OMG,R1,5,15mM,D03,D12,3,12,9,01.10.25,44.264,,
3OMG_R1_6_15mM_D03_D12,3OMG,R1,6,15mM,D03,D12,3,12,9,01.10.25,44.889,,
3OMG_R1_7_15mM_D03_D12,3OMG,R1,7,15mM,D03,D12,3,12,9,01.10.25,43.621,,
3OMG_R1_8_15mM_D03_D12,3OMG,R1,8,15mM,D03,D12,3,12,9,01.10.25,1.232,,No growth
3OMG_R1_9_15mM_D03_D12,3OMG,R1,9,15mM,D03,D12,3,12,9,01.10.25,40.314,,
3OMG_R1_10_15mM_D03_D12,3OMG,R1,10,15mM,D03,D12,3,12,9,01.10.25,37.827,,
3OMG_R1_11_15mM_D03_D12,3OMG,R1,11,15mM,D03,D12,3,12,9,01.10.25,44.838,,
3OMG_R1_12_15mM_D03_D12,3OMG,R1,12,15mM,D03,D12,3,12,9,01.10.25,42.581,,
Water_R1_1_15mM_D03_D12,Water,R1,1,15mM,D03,D12,3,12,9,01.10.25,51.086,,
Water_R1_2_15mM_D03_D12,Water,R1,2,15mM,D03,D12,3,12,9,01.10.25,50.031,,
Water_R1_3_15mM_D03_D12,Water,R1,3,15mM,D03,D12,3,12,9,01.10.25,48.641,,
Water_R1_4_15mM_D03_D12,Water,R1,4,15mM,D03,D12,3,12,9,01.10.25,51.831,,
Water_R1_5_15mM_D03_D12,Water,R1,5,15mM,D03,D12,3,12,9,01.10.25,49.863,,
Water_R1_6_15mM_D03_D12,Water,R1,6,15mM,D03,D12,3,12,9,01.10.25,0.681,,No growth
Water_R1_7_15mM_D03_D12,Water,R1,7,15mM,D03,D12,3,12,9,01.10.25,33.953,,
Water_R1_8_15mM_D03_D12,Water,R1,8,15mM,D03,D12,3,12,9,01.10.25,50.074,,
Water_R1_9_15mM_D03_D12,Water,R1,9,15mM,D03,D12,3,12,9,01.10.25,48.983,,
Water_R1_10_15mM_D03_D12,Water,R1,10,15mM,D03,D12,3,12,9,01.10.25,47.665,,
Water_R1_11_15mM_D03_D12,Water,R1,11,15mM,D03,D12,3,12,9,01.10.25,46.907,,
Water_R1_12_15mM_D03_D12,Water,R1,12,15mM,D03,D12,3,12,9,01.10.25,53.568,,
3OMG_R1_1_15mM_D07_D12,3OMG,R1,1,15mM,D07,D12,7,12,5,01.10.25,30.625,,
3OMG_R1_2_15mM_D07_D12,3OMG,R1,2,15mM,D07,D12,7,12,5,01.10.25,30.308,,
3OMG_R1_3_15mM_D07_D12,3OMG,R1,3,15mM,D07,D12,7,12,5,01.10.25,29.497,,
3OMG_R1_4_15mM_D07_D12,3OMG,R1,4,15mM,D07,D12,7,12,5,01.10.25,26.776,,
3OMG_R1_5_15mM_D07_D12,3OMG,R1,5,15mM,D07,D12,7,12,5,01.10.25,31.415,,
3OMG_R1_6_15mM_D07_D12,3OMG,R1,6,15mM,D07,D12,7,12,5,01.10.25,30.464,,
3OMG_R1_7_15mM_D07_D12,3OMG,R1,7,15mM,D07,D12,7,12,5,01.10.25,31.478,,
3OMG_R1_8_15mM_D07_D12,3OMG,R1,8,15mM,D07,D12,7,12,5,01.10.25,31.172,,
3OMG_R1_9_15mM_D07_D12,3OMG,R1,9,15mM,D07,D12,7,12,5,01.10.25,29.416,,
3OMG_R1_10_15mM_D07_D12,3OMG,R1,10,15mM,D07,D12,7,12,5,01.10.25,30.651,,
3OMG_R1_11_15mM_D07_D12,3OMG,R1,11,15mM,D07,D12,7,12,5,01.10.25,30,,
3OMG_R1_12_15mM_D07_D12,3OMG,R1,12,15mM,D07,D12,7,12,5,01.10.25,29.138,,
Water_R1_1_15mM_D07_D12,Water,R1,1,15mM,D07,D12,7,12,5,01.10.25,32.181,,
Water_R1_2_15mM_D07_D12,Water,R1,2,15mM,D07,D12,7,12,5,01.10.25,34.412,,
Water_R1_3_15mM_D07_D12,Water,R1,3,15mM,D07,D12,7,12,5,01.10.25,31.059,,
Water_R1_4_15mM_D07_D12,Water,R1,4,15mM,D07,D12,7,12,5,01.10.25,35.787,,
Water_R1_5_15mM_D07_D12,Water,R1,5,15mM,D07,D12,7,12,5,01.10.25,30.631,,
Water_R1_6_15mM_D07_D12,Water,R1,6,15mM,D07,D12,7,12,5,01.10.25,29.411,,
Water_R1_7_15mM_D07_D12,Water,R1,7,15mM,D07,D12,7,12,5,01.10.25,31.853,,
Water_R1_8_15mM_D07_D12,Water,R1,8,15mM,D07,D12,7,12,5,01.10.25,32.348,,
Water_R1_9_15mM_D07_D12,Water,R1,9,15mM,D07,D12,7,12,5,01.10.25,32.593,,
Water_R1_10_15mM_D07_D12,Water,R1,10,15mM,D07,D12,7,12,5,01.10.25,34.903,,
Water_R1_11_15mM_D07_D12,Water,R1,11,15mM,D07,D12,7,12,5,01.10.25,34.017,,
Water_R1_12_15mM_D07_D12,Water,R1,12,15mM,D07,D12,7,12,5,01.10.25,36.161,,
3OMG_R1_1_15mM_D10_D12,3OMG,R1,1,15mM,D10,D12,10,12,2,01.10.25,14.122,,
3OMG_R1_2_15mM_D10_D12,3OMG,R1,2,15mM,D10,D12,10,12,2,01.10.25,12.769,,
3OMG_R1_3_15mM_D10_D12,3OMG,R1,3,15mM,D10,D12,10,12,2,01.10.25,13.143,,
3OMG_R1_4_15mM_D10_D12,3OMG,R1,4,15mM,D10,D12,10,12,2,01.10.25,11.975,,
3OMG_R1_5_15mM_D10_D12,3OMG,R1,5,15mM,D10,D12,10,12,2,01.10.25,15.923,,
3OMG_R1_6_15mM_D10_D12,3OMG,R1,6,15mM,D10,D12,10,12,2,01.10.25,14.902,,
3OMG_R1_7_15mM_D10_D12,3OMG,R1,7,15mM,D10,D12,10,12,2,01.10.25,12.408,,
3OMG_R1_8_15mM_D10_D12,3OMG,R1,8,15mM,D10,D12,10,12,2,01.10.25,12.626,,
3OMG_R1_9_15mM_D10_D12,3OMG,R1,9,15mM,D10,D12,10,12,2,01.10.25,14.052,,
3OMG_R1_10_15mM_D10_D12,3OMG,R1,10,15mM,D10,D12,10,12,2,01.10.25,12.497,,
3OMG_R1_11_15mM_D10_D12,3OMG,R1,11,15mM,D10,D12,10,12,2,01.10.25,11.407,,
3OMG_R1_12_15mM_D10_D12,3OMG,R1,12,15mM,D10,D12,10,12,2,01.10.25,12.428,,
Water_R1_1_15mM_D10_D12,Water,R1,1,15mM,D10,D12,10,12,2,01.10.25,12.83,,
Water_R1_2_15mM_D10_D12,Water,R1,2,15mM,D10,D12,10,12,2,01.10.25,13.346,,
Water_R1_3_15mM_D10_D12,Water,R1,3,15mM,D10,D12,10,12,2,01.10.25,12.321,,
Water_R1_4_15mM_D10_D12,Water,R1,4,15mM,D10,D12,10,12,2,01.10.25,11.392,,
Water_R1_5_15mM_D10_D12,Water,R1,5,15mM,D10,D12,10,12,2,01.10.25,14.075,,
Water_R1_6_15mM_D10_D12,Water,R1,6,15mM,D10,D12,10,12,2,01.10.25,11.485,,
Water_R1_7_15mM_D10_D12,Water,R1,7,15mM,D10,D12,10,12,2,01.10.25,12.869,,
Water_R1_8_15mM_D10_D12,Water,R1,8,15mM,D10,D12,10,12,2,01.10.25,11.45,,
Water_R1_9_15mM_D10_D12,Water,R1,9,15mM,D10,D12,10,12,2,01.10.25,14.322,,
Water_R1_10_15mM_D10_D12,Water,R1,10,15mM,D10,D12,10,12,2,01.10.25,12.346,,
Water_R1_11_15mM_D10_D12,Water,R1,11,15mM,D10,D12,10,12,2,01.10.25,13.645,,
Water_R1_12_15mM_D10_D12,Water,R1,12,15mM,D10,D12,10,12,2,01.10.25,13.111,,
3OMG_R1_1_15mM_D0_D13,3OMG,R0,1,15mM,D0,D13,0,13,13,02.01.00,40.988,,
3OMG_R1_2_15mM_D0_D13,3OMG,R0,2,15mM,D0,D13,0,13,13,02.01.00,40.687,,
3OMG_R1_3_15mM_D0_D13,3OMG,R0,3,15mM,D0,D13,0,13,13,02.01.00,41.962,,
3OMG_R1_4_15mM_D0_D13,3OMG,R0,4,15mM,D0,D13,0,13,13,02.01.00,42.911,,
3OMG_R1_5_15mM_D0_D13,3OMG,R0,5,15mM,D0,D13,0,13,13,02.01.00,37.387,,
3OMG_R1_6_15mM_D0_D13,3OMG,R0,6,15mM,D0,D13,0,13,13,02.01.00,41.848,,
3OMG_R1_7_15mM_D0_D13,3OMG,R0,7,15mM,D0,D13,0,13,13,02.01.00,39.692,,
3OMG_R1_8_15mM_D0_D13,3OMG,R0,8,15mM,D0,D13,0,13,13,02.01.00,42.867,,
3OMG_R1_9_15mM_D0_D13,3OMG,R0,9,15mM,D0,D13,0,13,13,02.01.00,42.656,,
3OMG_R1_10_15mM_D0_D13,3OMG,R0,10,15mM,D0,D13,0,13,13,02.01.00,44.378,,
3OMG_R1_11_15mM_D0_D13,3OMG,R0,11,15mM,D0,D13,0,13,13,02.01.00,46.45,,
3OMG_R1_12_15mM_D0_D13,3OMG,R0,12,15mM,D0,D13,0,13,13,02.01.00,42.792,,
Water_R1_1_15mM_D0_D13,Water,R0,1,15mM,D0,D13,0,13,13,02.01.00,43.466,,
Water_R1_2_15mM_D0_D13,Water,R0,2,15mM,D0,D13,0,13,13,02.01.00,46.607,,
Water_R1_3_15mM_D0_D13,Water,R0,3,15mM,D0,D13,0,13,13,02.01.00,45.751,,
Water_R1_4_15mM_D0_D13,Water,R0,4,15mM,D0,D13,0,13,13,02.01.00,47.069,,
Water_R1_5_15mM_D0_D13,Water,R0,5,15mM,D0,D13,0,13,13,02.01.00,47.071,,
Water_R1_6_15mM_D0_D13,Water,R0,6,15mM,D0,D13,0,13,13,02.01.00,51.182,,
Water_R1_7_15mM_D0_D13,Water,R0,7,15mM,D0,D13,0,13,13,02.01.00,34.662,,
Water_R1_8_15mM_D0_D13,Water,R0,8,15mM,D0,D13,0,13,13,02.01.00,48.882,,
Water_R1_9_15mM_D0_D13,Water,R0,9,15mM,D0,D13,0,13,13,02.01.00,54.696,,
Water_R1_10_15mM_D0_D13,Water,R0,10,15mM,D0,D13,0,13,13,02.01.00,56.056,,
Water_R1_11_15mM_D0_D13,Water,R0,11,15mM,D0,D13,0,13,13,02.01.00,58.197,,
Water_R1_12_15mM_D0_D13,Water,R0,12,15mM,D0,D13,0,13,13,02.01.00,53.855,,
3OMG_R1_1_15mM_D03_D13,3OMG,R1,1,15mM,D03,D13,3,13,10,02.01.00,44.873,,
3OMG_R1_2_15mM_D03_D13,3OMG,R1,2,15mM,D03,D13,3,13,10,02.01.00,45.561,,
3OMG_R1_3_15mM_D03_D13,3OMG,R1,3,15mM,D03,D13,3,13,10,02.01.00,45.904,,
3OMG_R1_4_15mM_D03_D13,3OMG,R1,4,15mM,D03,D13,3,13,10,02.01.00,48.292,,
3OMG_R1_5_15mM_D03_D13,3OMG,R1,5,15mM,D03,D13,3,13,10,02.01.00,48.906,,
3OMG_R1_6_15mM_D03_D13,3OMG,R1,6,15mM,D03,D13,3,13,10,02.01.00,50.237,,
3OMG_R1_7_15mM_D03_D13,3OMG,R1,7,15mM,D03,D13,3,13,10,02.01.00,48.681,,
3OMG_R1_8_15mM_D03_D13,3OMG,R1,8,15mM,D03,D13,3,13,10,02.01.00,1.967,,No growth
3OMG_R1_9_15mM_D03_D13,3OMG,R1,9,15mM,D03,D13,3,13,10,02.01.00,43.761,,
3OMG_R1_10_15mM_D03_D13,3OMG,R1,10,15mM,D03,D13,3,13,10,02.01.00,42.07,,
3OMG_R1_11_15mM_D03_D13,3OMG,R1,11,15mM,D03,D13,3,13,10,02.01.00,49.264,,
3OMG_R1_12_15mM_D03_D13,3OMG,R1,12,15mM,D03,D13,3,13,10,02.01.00,45.41,,
Water_R1_1_15mM_D03_D13,Water,R1,1,15mM,D03,D13,3,13,10,02.01.00,59.203,,
Water_R1_2_15mM_D03_D13,Water,R1,2,15mM,D03,D13,3,13,10,02.01.00,57.787,,
Water_R1_3_15mM_D03_D13,Water,R1,3,15mM,D03,D13,3,13,10,02.01.00,56.119,,
Water_R1_4_15mM_D03_D13,Water,R1,4,15mM,D03,D13,3,13,10,02.01.00,59.412,,
Water_R1_5_15mM_D03_D13,Water,R1,5,15mM,D03,D13,3,13,10,02.01.00,58.582,,
Water_R1_6_15mM_D03_D13,Water,R1,6,15mM,D03,D13,3,13,10,02.01.00,2.015,,No growth
Water_R1_7_15mM_D03_D13,Water,R1,7,15mM,D03,D13,3,13,10,02.01.00,42.134,,
Water_R1_8_15mM_D03_D13,Water,R1,8,15mM,D03,D13,3,13,10,02.01.00,57.413,,
Water_R1_9_15mM_D03_D13,Water,R1,9,15mM,D03,D13,3,13,10,02.01.00,57.441,,
Water_R1_10_15mM_D03_D13,Water,R1,10,15mM,D03,D13,3,13,10,02.01.00,54.401,,
Water_R1_11_15mM_D03_D13,Water,R1,11,15mM,D03,D13,3,13,10,02.01.00,53.459,,
Water_R1_12_15mM_D03_D13,Water,R1,12,15mM,D03,D13,3,13,10,02.01.00,60.934,,
3OMG_R1_1_15mM_D07_D13,3OMG,R1,1,15mM,D07,D13,7,13,6,02.01.00,35.768,,
3OMG_R1_2_15mM_D07_D13,3OMG,R1,2,15mM,D07,D13,7,13,6,02.01.00,34.86,,
3OMG_R1_3_15mM_D07_D13,3OMG,R1,3,15mM,D07,D13,7,13,6,02.01.00,33.171,,
3OMG_R1_4_15mM_D07_D13,3OMG,R1,4,15mM,D07,D13,7,13,6,02.01.00,32.619,,
3OMG_R1_5_15mM_D07_D13,3OMG,R1,5,15mM,D07,D13,7,13,6,02.01.00,35.816,,
3OMG_R1_6_15mM_D07_D13,3OMG,R1,6,15mM,D07,D13,7,13,6,02.01.00,36.725,,
3OMG_R1_7_15mM_D07_D13,3OMG,R1,7,15mM,D07,D13,7,13,6,02.01.00,36.653,,
3OMG_R1_8_15mM_D07_D13,3OMG,R1,8,15mM,D07,D13,7,13,6,02.01.00,36.918,,
3OMG_R1_9_15mM_D07_D13,3OMG,R1,9,15mM,D07,D13,7,13,6,02.01.00,35.452,,
3OMG_R1_10_15mM_D07_D13,3OMG,R1,10,15mM,D07,D13,7,13,6,02.01.00,34.485,,
3OMG_R1_11_15mM_D07_D13,3OMG,R1,11,15mM,D07,D13,7,13,6,02.01.00,35.599,,
3OMG_R1_12_15mM_D07_D13,3OMG,R1,12,15mM,D07,D13,7,13,6,02.01.00,32.615,,
Water_R1_1_15mM_D07_D13,Water,R1,1,15mM,D07,D13,7,13,6,02.01.00,39.714,,
Water_R1_2_15mM_D07_D13,Water,R1,2,15mM,D07,D13,7,13,6,02.01.00,43.646,,
Water_R1_3_15mM_D07_D13,Water,R1,3,15mM,D07,D13,7,13,6,02.01.00,38,,
Water_R1_4_15mM_D07_D13,Water,R1,4,15mM,D07,D13,7,13,6,02.01.00,42.566,,
Water_R1_5_15mM_D07_D13,Water,R1,5,15mM,D07,D13,7,13,6,02.01.00,38.659,,
Water_R1_6_15mM_D07_D13,Water,R1,6,15mM,D07,D13,7,13,6,02.01.00,38.249,,
Water_R1_7_15mM_D07_D13,Water,R1,7,15mM,D07,D13,7,13,6,02.01.00,39.798,,
Water_R1_8_15mM_D07_D13,Water,R1,8,15mM,D07,D13,7,13,6,02.01.00,39.478,,
Water_R1_9_15mM_D07_D13,Water,R1,9,15mM,D07,D13,7,13,6,02.01.00,41.895,,
Water_R1_10_15mM_D07_D13,Water,R1,10,15mM,D07,D13,7,13,6,02.01.00,41.544,,
Water_R1_11_15mM_D07_D13,Water,R1,11,15mM,D07,D13,7,13,6,02.01.00,41.818,,
Water_R1_12_15mM_D07_D13,Water,R1,12,15mM,D07,D13,7,13,6,02.01.00,41.401,,
3OMG_R1_1_15mM_D10_D13,3OMG,R1,1,15mM,D10,D13,10,13,3,02.01.00,18.32,,
3OMG_R1_2_15mM_D10_D13,3OMG,R1,2,15mM,D10,D13,10,13,3,02.01.00,20.337,,
3OMG_R1_3_15mM_D10_D13,3OMG,R1,3,15mM,D10,D13,10,13,3,02.01.00,16.499,,
3OMG_R1_4_15mM_D10_D13,3OMG,R1,4,15mM,D10,D13,10,13,3,02.01.00,17.002,,
3OMG_R1_5_15mM_D10_D13,3OMG,R1,5,15mM,D10,D13,10,13,3,02.01.00,21.234,,
3OMG_R1_6_15mM_D10_D13,3OMG,R1,6,15mM,D10,D13,10,13,3,02.01.00,18.125,,
3OMG_R1_7_15mM_D10_D13,3OMG,R1,7,15mM,D10,D13,10,13,3,02.01.00,18.473,,
3OMG_R1_8_15mM_D10_D13,3OMG,R1,8,15mM,D10,D13,10,13,3,02.01.00,17.454,,
3OMG_R1_9_15mM_D10_D13,3OMG,R1,9,15mM,D10,D13,10,13,3,02.01.00,21.315,,
3OMG_R1_10_15mM_D10_D13,3OMG,R1,10,15mM,D10,D13,10,13,3,02.01.00,19.419,,
3OMG_R1_11_15mM_D10_D13,3OMG,R1,11,15mM,D10,D13,10,13,3,02.01.00,20.709,,
3OMG_R1_12_15mM_D10_D13,3OMG,R1,12,15mM,D10,D13,10,13,3,02.01.00,19.929,,
Water_R1_1_15mM_D10_D13,Water,R1,1,15mM,D10,D13,10,13,3,02.01.00,20.886,,
Water_R1_2_15mM_D10_D13,Water,R1,2,15mM,D10,D13,10,13,3,02.01.00,19.888,,
Water_R1_3_15mM_D10_D13,Water,R1,3,15mM,D10,D13,10,13,3,02.01.00,20.236,,
Water_R1_4_15mM_D10_D13,Water,R1,4,15mM,D10,D13,10,13,3,02.01.00,19.754,,
Water_R1_5_15mM_D10_D13,Water,R1,5,15mM,D10,D13,10,13,3,02.01.00,22.234,,
Water_R1_6_15mM_D10_D13,Water,R1,6,15mM,D10,D13,10,13,3,02.01.00,21.952,,
Water_R1_7_15mM_D10_D13,Water,R1,7,15mM,D10,D13,10,13,3,02.01.00,19.759,,
Water_R1_8_15mM_D10_D13,Water,R1,8,15mM,D10,D13,10,13,3,02.01.00,20.62,,
Water_R1_9_15mM_D10_D13,Water,R1,9,15mM,D10,D13,10,13,3,02.01.00,21.465,,
Water_R1_10_15mM_D10_D13,Water,R1,10,15mM,D10,D13,10,13,3,02.01.00,19.817,,
Water_R1_11_15mM_D10_D13,Water,R1,11,15mM,D10,D13,10,13,3,02.01.00,18.768,,
Water_R1_12_15mM_D10_D13,Water,R1,12,15mM,D10,D13,10,13,3,02.01.00,19.7,,
3OMG_R1_1_15mM_D0_D14,3OMG,R0,1,15mM,D0,D14,0,14,14,03.10.25,42.95,,
3OMG_R1_2_15mM_D0_D14,3OMG,R0,2,15mM,D0,D14,0,14,14,03.10.25,43.389,,
3OMG_R1_3_15mM_D0_D14,3OMG,R0,3,15mM,D0,D14,0,14,14,03.10.25,44.492,,
3OMG_R1_4_15mM_D0_D14,3OMG,R0,4,15mM,D0,D14,0,14,14,03.10.25,45.612,,
3OMG_R1_5_15mM_D0_D14,3OMG,R0,5,15mM,D0,D14,0,14,14,03.10.25,39.7,,
3OMG_R1_6_15mM_D0_D14,3OMG,R0,6,15mM,D0,D14,0,14,14,03.10.25,44.046,,
3OMG_R1_7_15mM_D0_D14,3OMG,R0,7,15mM,D0,D14,0,14,14,03.10.25,40.338,,
3OMG_R1_8_15mM_D0_D14,3OMG,R0,8,15mM,D0,D14,0,14,14,03.10.25,44.512,,
3OMG_R1_9_15mM_D0_D14,3OMG,R0,9,15mM,D0,D14,0,14,14,03.10.25,45.141,,
3OMG_R1_10_15mM_D0_D14,3OMG,R0,10,15mM,D0,D14,0,14,14,03.10.25,46.382,,
3OMG_R1_11_15mM_D0_D14,3OMG,R0,11,15mM,D0,D14,0,14,14,03.10.25,48.699,,
3OMG_R1_12_15mM_D0_D14,3OMG,R0,12,15mM,D0,D14,0,14,14,03.10.25,45.733,,
Water_R1_1_15mM_D0_D14,Water,R0,1,15mM,D0,D14,0,14,14,03.10.25,45.79,,
Water_R1_2_15mM_D0_D14,Water,R0,2,15mM,D0,D14,0,14,14,03.10.25,49.431,,
Water_R1_3_15mM_D0_D14,Water,R0,3,15mM,D0,D14,0,14,14,03.10.25,48.92,,
Water_R1_4_15mM_D0_D14,Water,R0,4,15mM,D0,D14,0,14,14,03.10.25,50.247,,
Water_R1_5_15mM_D0_D14,Water,R0,5,15mM,D0,D14,0,14,14,03.10.25,50.289,,
Water_R1_6_15mM_D0_D14,Water,R0,6,15mM,D0,D14,0,14,14,03.10.25,55.748,,
Water_R1_7_15mM_D0_D14,Water,R0,7,15mM,D0,D14,0,14,14,03.10.25,36.368,,
Water_R1_8_15mM_D0_D14,Water,R0,8,15mM,D0,D14,0,14,14,03.10.25,52.996,,
Water_R1_9_15mM_D0_D14,Water,R0,9,15mM,D0,D14,0,14,14,03.10.25,58.658,,
Water_R1_10_15mM_D0_D14,Water,R0,10,15mM,D0,D14,0,14,14,03.10.25,59.353,,
Water_R1_11_15mM_D0_D14,Water,R0,11,15mM,D0,D14,0,14,14,03.10.25,60.493,,
Water_R1_12_15mM_D0_D14,Water,R0,12,15mM,D0,D14,0,14,14,03.10.25,59.259,,
3OMG_R1_1_15mM_D03_D14,3OMG,R1,1,15mM,D03,D14,3,14,11,03.10.25,48.702,,
3OMG_R1_2_15mM_D03_D14,3OMG,R1,2,15mM,D03,D14,3,14,11,03.10.25,46.757,,
3OMG_R1_3_15mM_D03_D14,3OMG,R1,3,15mM,D03,D14,3,14,11,03.10.25,48.205,,
3OMG_R1_4_15mM_D03_D14,3OMG,R1,4,15mM,D03,D14,3,14,11,03.10.25,49.588,,
3OMG_R1_5_15mM_D03_D14,3OMG,R1,5,15mM,D03,D14,3,14,11,03.10.25,53.926,,
3OMG_R1_6_15mM_D03_D14,3OMG,R1,6,15mM,D03,D14,3,14,11,03.10.25,51.56,,
3OMG_R1_7_15mM_D03_D14,3OMG,R1,7,15mM,D03,D14,3,14,11,03.10.25,50.283,,
3OMG_R1_8_15mM_D03_D14,3OMG,R1,8,15mM,D03,D14,3,14,11,03.10.25,1.191,,No growth
3OMG_R1_9_15mM_D03_D14,3OMG,R1,9,15mM,D03,D14,3,14,11,03.10.25,46.807,,
3OMG_R1_10_15mM_D03_D14,3OMG,R1,10,15mM,D03,D14,3,14,11,03.10.25,44.812,,
3OMG_R1_11_15mM_D03_D14,3OMG,R1,11,15mM,D03,D14,3,14,11,03.10.25,53.262,,
3OMG_R1_12_15mM_D03_D14,3OMG,R1,12,15mM,D03,D14,3,14,11,03.10.25,50.093,,
Water_R1_1_15mM_D03_D14,Water,R1,1,15mM,D03,D14,3,14,11,03.10.25,64.158,,
Water_R1_2_15mM_D03_D14,Water,R1,2,15mM,D03,D14,3,14,11,03.10.25,61.53,,
Water_R1_3_15mM_D03_D14,Water,R1,3,15mM,D03,D14,3,14,11,03.10.25,59.969,,
Water_R1_4_15mM_D03_D14,Water,R1,4,15mM,D03,D14,3,14,11,03.10.25,65.418,,
Water_R1_5_15mM_D03_D14,Water,R1,5,15mM,D03,D14,3,14,11,03.10.25,63.557,,
Water_R1_6_15mM_D03_D14,Water,R1,6,15mM,D03,D14,3,14,11,03.10.25,1.232,,No growth
Water_R1_7_15mM_D03_D14,Water,R1,7,15mM,D03,D14,3,14,11,03.10.25,47.82,,
Water_R1_8_15mM_D03_D14,Water,R1,8,15mM,D03,D14,3,14,11,03.10.25,62.867,,
Water_R1_9_15mM_D03_D14,Water,R1,9,15mM,D03,D14,3,14,11,03.10.25,62.019,,
Water_R1_10_15mM_D03_D14,Water,R1,10,15mM,D03,D14,3,14,11,03.10.25,60.464,,
Water_R1_11_15mM_D03_D14,Water,R1,11,15mM,D03,D14,3,14,11,03.10.25,57.574,,
Water_R1_12_15mM_D03_D14,Water,R1,12,15mM,D03,D14,3,14,11,03.10.25,63.609,,
3OMG_R1_1_15mM_D07_D14,3OMG,R1,1,15mM,D07,D14,7,14,7,03.10.25,38.986,,
3OMG_R1_2_15mM_D07_D14,3OMG,R1,2,15mM,D07,D14,7,14,7,03.10.25,36.752,,
3OMG_R1_3_15mM_D07_D14,3OMG,R1,3,15mM,D07,D14,7,14,7,03.10.25,35.964,,
3OMG_R1_4_15mM_D07_D14,3OMG,R1,4,15mM,D07,D14,7,14,7,03.10.25,35.667,,
3OMG_R1_5_15mM_D07_D14,3OMG,R1,5,15mM,D07,D14,7,14,7,03.10.25,38.226,,
3OMG_R1_6_15mM_D07_D14,3OMG,R1,6,15mM,D07,D14,7,14,7,03.10.25,38.328,,
3OMG_R1_7_15mM_D07_D14,3OMG,R1,7,15mM,D07,D14,7,14,7,03.10.25,40.917,,
3OMG_R1_8_15mM_D07_D14,3OMG,R1,8,15mM,D07,D14,7,14,7,03.10.25,39.722,,
3OMG_R1_9_15mM_D07_D14,3OMG,R1,9,15mM,D07,D14,7,14,7,03.10.25,38.631,,
3OMG_R1_10_15mM_D07_D14,3OMG,R1,10,15mM,D07,D14,7,14,7,03.10.25,37.252,,
3OMG_R1_11_15mM_D07_D14,3OMG,R1,11,15mM,D07,D14,7,14,7,03.10.25,38.242,,
3OMG_R1_12_15mM_D07_D14,3OMG,R1,12,15mM,D07,D14,7,14,7,03.10.25,36.726,,
Water_R1_1_15mM_D07_D14,Water,R1,1,15mM,D07,D14,7,14,7,03.10.25,43.19,,
Water_R1_2_15mM_D07_D14,Water,R1,2,15mM,D07,D14,7,14,7,03.10.25,48.279,,
Water_R1_3_15mM_D07_D14,Water,R1,3,15mM,D07,D14,7,14,7,03.10.25,41.479,,
Water_R1_4_15mM_D07_D14,Water,R1,4,15mM,D07,D14,7,14,7,03.10.25,49.108,,
Water_R1_5_15mM_D07_D14,Water,R1,5,15mM,D07,D14,7,14,7,03.10.25,45.385,,
Water_R1_6_15mM_D07_D14,Water,R1,6,15mM,D07,D14,7,14,7,03.10.25,42.664,,
Water_R1_7_15mM_D07_D14,Water,R1,7,15mM,D07,D14,7,14,7,03.10.25,46.528,,
Water_R1_8_15mM_D07_D14,Water,R1,8,15mM,D07,D14,7,14,7,03.10.25,43.954,,
Water_R1_9_15mM_D07_D14,Water,R1,9,15mM,D07,D14,7,14,7,03.10.25,46.049,,
Water_R1_10_15mM_D07_D14,Water,R1,10,15mM,D07,D14,7,14,7,03.10.25,47.328,,
Water_R1_11_15mM_D07_D14,Water,R1,11,15mM,D07,D14,7,14,7,03.10.25,48.304,,
Water_R1_12_15mM_D07_D14,Water,R1,12,15mM,D07,D14,7,14,7,03.10.25,51.203,,
3OMG_R1_1_15mM_D10_D14,3OMG,R1,1,15mM,D10,D14,10,14,4,03.10.25,22.764,,
3OMG_R1_2_15mM_D10_D14,3OMG,R1,2,15mM,D10,D14,10,14,4,03.10.25,24.783,,
3OMG_R1_3_15mM_D10_D14,3OMG,R1,3,15mM,D10,D14,10,14,4,03.10.25,20.655,,
3OMG_R1_4_15mM_D10_D14,3OMG,R1,4,15mM,D10,D14,10,14,4,03.10.25,21.297,,
3OMG_R1_5_15mM_D10_D14,3OMG,R1,5,15mM,D10,D14,10,14,4,03.10.25,24.445,,
3OMG_R1_6_15mM_D10_D14,3OMG,R1,6,15mM,D10,D14,10,14,4,03.10.25,22.925,,
3OMG_R1_7_15mM_D10_D14,3OMG,R1,7,15mM,D10,D14,10,14,4,03.10.25,24.392,,
3OMG_R1_8_15mM_D10_D14,3OMG,R1,8,15mM,D10,D14,10,14,4,03.10.25,22.392,,
3OMG_R1_9_15mM_D10_D14,3OMG,R1,9,15mM,D10,D14,10,14,4,03.10.25,25.838,,
3OMG_R1_10_15mM_D10_D14,3OMG,R1,10,15mM,D10,D14,10,14,4,03.10.25,24.601,,
3OMG_R1_11_15mM_D10_D14,3OMG,R1,11,15mM,D10,D14,10,14,4,03.10.25,24.626,,
3OMG_R1_12_15mM_D10_D14,3OMG,R1,12,15mM,D10,D14,10,14,4,03.10.25,25.671,,
Water_R1_1_15mM_D10_D14,Water,R1,1,15mM,D10,D14,10,14,4,03.10.25,27.755,,
Water_R1_2_15mM_D10_D14,Water,R1,2,15mM,D10,D14,10,14,4,03.10.25,25.913,,
Water_R1_3_15mM_D10_D14,Water,R1,3,15mM,D10,D14,10,14,4,03.10.25,26.059,,
Water_R1_4_15mM_D10_D14,Water,R1,4,15mM,D10,D14,10,14,4,03.10.25,25.266,,
Water_R1_5_15mM_D10_D14,Water,R1,5,15mM,D10,D14,10,14,4,03.10.25,28.439,,
Water_R1_6_15mM_D10_D14,Water,R1,6,15mM,D10,D14,10,14,4,03.10.25,27.063,,
Water_R1_7_15mM_D10_D14,Water,R1,7,15mM,D10,D14,10,14,4,03.10.25,26.8,,
Water_R1_8_15mM_D10_D14,Water,R1,8,15mM,D10,D14,10,14,4,03.10.25,26.999,,
Water_R1_9_15mM_D10_D14,Water,R1,9,15mM,D10,D14,10,14,4,03.10.25,26.713,,
Water_R1_10_15mM_D10_D14,Water,R1,10,15mM,D10,D14,10,14,4,03.10.25,25.526,,
Water_R1_11_15mM_D10_D14,Water,R1,11,15mM,D10,D14,10,14,4,03.10.25,24.53,,
Water_R1_12_15mM_D10_D14,Water,R1,12,15mM,D10,D14,10,14,4,03.10.25,27.22,,
3OMG_R1_1_15mM_D0_D17,3OMG,R0,1,15mM,D0,D17,0,17,17,06.10.25,54.989,,
3OMG_R1_2_15mM_D0_D17,3OMG,R0,2,15mM,D0,D17,0,17,17,06.10.25,53.6,,
3OMG_R1_3_15mM_D0_D17,3OMG,R0,3,15mM,D0,D17,0,17,17,06.10.25,52.533,,
3OMG_R1_4_15mM_D0_D17,3OMG,R0,4,15mM,D0,D17,0,17,17,06.10.25,55.712,,
3OMG_R1_5_15mM_D0_D17,3OMG,R0,5,15mM,D0,D17,0,17,17,06.10.25,51.993,,
3OMG_R1_6_15mM_D0_D17,3OMG,R0,6,15mM,D0,D17,0,17,17,06.10.25,55.604,,
3OMG_R1_7_15mM_D0_D17,3OMG,R0,7,15mM,D0,D17,0,17,17,06.10.25,54.023,,
3OMG_R1_8_15mM_D0_D17,3OMG,R0,8,15mM,D0,D17,0,17,17,06.10.25,56.834,,
3OMG_R1_9_15mM_D0_D17,3OMG,R0,9,15mM,D0,D17,0,17,17,06.10.25,59.914,,
3OMG_R1_10_15mM_D0_D17,3OMG,R0,10,15mM,D0,D17,0,17,17,06.10.25,59.904,,
3OMG_R1_11_15mM_D0_D17,3OMG,R0,11,15mM,D0,D17,0,17,17,06.10.25,62.308,,
3OMG_R1_12_15mM_D0_D17,3OMG,R0,12,15mM,D0,D17,0,17,17,06.10.25,54.958,,
Water_R1_1_15mM_D0_D17,Water,R0,1,15mM,D0,D17,0,17,17,06.10.25,56.818,,
Water_R1_2_15mM_D0_D17,Water,R0,2,15mM,D0,D17,0,17,17,06.10.25,59.63,,
Water_R1_3_15mM_D0_D17,Water,R0,3,15mM,D0,D17,0,17,17,06.10.25,61.715,,
Water_R1_4_15mM_D0_D17,Water,R0,4,15mM,D0,D17,0,17,17,06.10.25,62.414,,
Water_R1_5_15mM_D0_D17,Water,R0,5,15mM,D0,D17,0,17,17,06.10.25,64.992,,
Water_R1_6_15mM_D0_D17,Water,R0,6,15mM,D0,D17,0,17,17,06.10.25,69.64,,
Water_R1_7_15mM_D0_D17,Water,R0,7,15mM,D0,D17,0,17,17,06.10.25,51.46,,
Water_R1_8_15mM_D0_D17,Water,R0,8,15mM,D0,D17,0,17,17,06.10.25,68.607,,
Water_R1_9_15mM_D0_D17,Water,R0,9,15mM,D0,D17,0,17,17,06.10.25,73.187,,
Water_R1_10_15mM_D0_D17,Water,R0,10,15mM,D0,D17,0,17,17,06.10.25,75.918,,
Water_R1_11_15mM_D0_D17,Water,R0,11,15mM,D0,D17,0,17,17,06.10.25,72.361,,
Water_R1_12_15mM_D0_D17,Water,R0,12,15mM,D0,D17,0,17,17,06.10.25,75.888,,
3OMG_R1_1_15mM_D03_D17,3OMG,R1,1,15mM,D03,D17,3,17,14,06.10.25,58.864,,
3OMG_R1_2_15mM_D03_D17,3OMG,R1,2,15mM,D03,D17,3,17,14,06.10.25,58.802,,
3OMG_R1_3_15mM_D03_D17,3OMG,R1,3,15mM,D03,D17,3,17,14,06.10.25,59.851,,
3OMG_R1_4_15mM_D03_D17,3OMG,R1,4,15mM,D03,D17,3,17,14,06.10.25,62.661,,
3OMG_R1_5_15mM_D03_D17,3OMG,R1,5,15mM,D03,D17,3,17,14,06.10.25,64.951,,
3OMG_R1_6_15mM_D03_D17,3OMG,R1,6,15mM,D03,D17,3,17,14,06.10.25,63.095,,
3OMG_R1_7_15mM_D03_D17,3OMG,R1,7,15mM,D03,D17,3,17,14,06.10.25,62.819,,
3OMG_R1_8_15mM_D03_D17,3OMG,R1,8,15mM,D03,D17,3,17,14,06.10.25,1.235,,No growth
3OMG_R1_9_15mM_D03_D17,3OMG,R1,9,15mM,D03,D17,3,17,14,06.10.25,57.769,,
3OMG_R1_10_15mM_D03_D17,3OMG,R1,10,15mM,D03,D17,3,17,14,06.10.25,55.279,,
3OMG_R1_11_15mM_D03_D17,3OMG,R1,11,15mM,D03,D17,3,17,14,06.10.25,65.276,,
3OMG_R1_12_15mM_D03_D17,3OMG,R1,12,15mM,D03,D17,3,17,14,06.10.25,59.401,,
Water_R1_1_15mM_D03_D17,Water,R1,1,15mM,D03,D17,3,17,14,06.10.25,83.338,,
Water_R1_2_15mM_D03_D17,Water,R1,2,15mM,D03,D17,3,17,14,06.10.25,82.313,,
Water_R1_3_15mM_D03_D17,Water,R1,3,15mM,D03,D17,3,17,14,06.10.25,75.433,,
Water_R1_4_15mM_D03_D17,Water,R1,4,15mM,D03,D17,3,17,14,06.10.25,84.491,,
Water_R1_5_15mM_D03_D17,Water,R1,5,15mM,D03,D17,3,17,14,06.10.25,83.692,,
Water_R1_6_15mM_D03_D17,Water,R1,6,15mM,D03,D17,3,17,14,06.10.25,1.506,,No growth
Water_R1_7_15mM_D03_D17,Water,R1,7,15mM,D03,D17,3,17,14,06.10.25,67.094,,
Water_R1_8_15mM_D03_D17,Water,R1,8,15mM,D03,D17,3,17,14,06.10.25,82.907,,
Water_R1_9_15mM_D03_D17,Water,R1,9,15mM,D03,D17,3,17,14,06.10.25,82.396,,
Water_R1_10_15mM_D03_D17,Water,R1,10,15mM,D03,D17,3,17,14,06.10.25,77.576,,
Water_R1_11_15mM_D03_D17,Water,R1,11,15mM,D03,D17,3,17,14,06.10.25,78.32,,
Water_R1_12_15mM_D03_D17,Water,R1,12,15mM,D03,D17,3,17,14,06.10.25,80.857,,
3OMG_R1_1_15mM_D07_D17,3OMG,R1,1,15mM,D07,D17,7,17,10,06.10.25,46.25,,
3OMG_R1_2_15mM_D07_D17,3OMG,R1,2,15mM,D07,D17,7,17,10,06.10.25,46.471,,
3OMG_R1_3_15mM_D07_D17,3OMG,R1,3,15mM,D07,D17,7,17,10,06.10.25,46.063,,
3OMG_R1_4_15mM_D07_D17,3OMG,R1,4,15mM,D07,D17,7,17,10,06.10.25,46.034,,
3OMG_R1_5_15mM_D07_D17,3OMG,R1,5,15mM,D07,D17,7,17,10,06.10.25,49.241,,
3OMG_R1_6_15mM_D07_D17,3OMG,R1,6,15mM,D07,D17,7,17,10,06.10.25,49.479,,
3OMG_R1_7_15mM_D07_D17,3OMG,R1,7,15mM,D07,D17,7,17,10,06.10.25,51.728,,
3OMG_R1_8_15mM_D07_D17,3OMG,R1,8,15mM,D07,D17,7,17,10,06.10.25,50.284,,
3OMG_R1_9_15mM_D07_D17,3OMG,R1,9,15mM,D07,D17,7,17,10,06.10.25,47.856,,
3OMG_R1_10_15mM_D07_D17,3OMG,R1,10,15mM,D07,D17,7,17,10,06.10.25,50.345,,
3OMG_R1_11_15mM_D07_D17,3OMG,R1,11,15mM,D07,D17,7,17,10,06.10.25,52.205,,
3OMG_R1_12_15mM_D07_D17,3OMG,R1,12,15mM,D07,D17,7,17,10,06.10.25,46.777,,
Water_R1_1_15mM_D07_D17,Water,R1,1,15mM,D07,D17,7,17,10,06.10.25,62.326,,
Water_R1_2_15mM_D07_D17,Water,R1,2,15mM,D07,D17,7,17,10,06.10.25,68.453,,
Water_R1_3_15mM_D07_D17,Water,R1,3,15mM,D07,D17,7,17,10,06.10.25,61.765,,
Water_R1_4_15mM_D07_D17,Water,R1,4,15mM,D07,D17,7,17,10,06.10.25,72.925,,
Water_R1_5_15mM_D07_D17,Water,R1,5,15mM,D07,D17,7,17,10,06.10.25,63.175,,
Water_R1_6_15mM_D07_D17,Water,R1,6,15mM,D07,D17,7,17,10,06.10.25,64.993,,
Water_R1_7_15mM_D07_D17,Water,R1,7,15mM,D07,D17,7,17,10,06.10.25,68.627,,
Water_R1_8_15mM_D07_D17,Water,R1,8,15mM,D07,D17,7,17,10,06.10.25,66.959,,
Water_R1_9_15mM_D07_D17,Water,R1,9,15mM,D07,D17,7,17,10,06.10.25,66.076,,
Water_R1_10_15mM_D07_D17,Water,R1,10,15mM,D07,D17,7,17,10,06.10.25,73.383,,
Water_R1_11_15mM_D07_D17,Water,R1,11,15mM,D07,D17,7,17,10,06.10.25,69.558,,
Water_R1_12_15mM_D07_D17,Water,R1,12,15mM,D07,D17,7,17,10,06.10.25,64.592,,
3OMG_R1_1_15mM_D10_D17,3OMG,R1,1,15mM,D10,D17,10,17,7,06.10.25,36.435,,
3OMG_R1_2_15mM_D10_D17,3OMG,R1,2,15mM,D10,D17,10,17,7,06.10.25,38.182,,
3OMG_R1_3_15mM_D10_D17,3OMG,R1,3,15mM,D10,D17,10,17,7,06.10.25,32.376,,
3OMG_R1_4_15mM_D10_D17,3OMG,R1,4,15mM,D10,D17,10,17,7,06.10.25,34.359,,
3OMG_R1_5_15mM_D10_D17,3OMG,R1,5,15mM,D10,D17,10,17,7,06.10.25,39.48,,
3OMG_R1_6_15mM_D10_D17,3OMG,R1,6,15mM,D10,D17,10,17,7,06.10.25,37.236,,
3OMG_R1_7_15mM_D10_D17,3OMG,R1,7,15mM,D10,D17,10,17,7,06.10.25,40.024,,
3OMG_R1_8_15mM_D10_D17,3OMG,R1,8,15mM,D10,D17,10,17,7,06.10.25,36.155,,
3OMG_R1_9_15mM_D10_D17,3OMG,R1,9,15mM,D10,D17,10,17,7,06.10.25,39.931,,
3OMG_R1_10_15mM_D10_D17,3OMG,R1,10,15mM,D10,D17,10,17,7,06.10.25,38.076,,
3OMG_R1_11_15mM_D10_D17,3OMG,R1,11,15mM,D10,D17,10,17,7,06.10.25,42.719,,
3OMG_R1_12_15mM_D10_D17,3OMG,R1,12,15mM,D10,D17,10,17,7,06.10.25,35.205,,
Water_R1_1_15mM_D10_D17,Water,R1,1,15mM,D10,D17,10,17,7,06.10.25,53.211,,
Water_R1_2_15mM_D10_D17,Water,R1,2,15mM,D10,D17,10,17,7,06.10.25,50.938,,
Water_R1_3_15mM_D10_D17,Water,R1,3,15mM,D10,D17,10,17,7,06.10.25,44.347,,
Water_R1_4_15mM_D10_D17,Water,R1,4,15mM,D10,D17,10,17,7,06.10.25,49.274,,
Water_R1_5_15mM_D10_D17,Water,R1,5,15mM,D10,D17,10,17,7,06.10.25,57.896,,
Water_R1_6_15mM_D10_D17,Water,R1,6,15mM,D10,D17,10,17,7,06.10.25,52.768,,
Water_R1_7_15mM_D10_D17,Water,R1,7,15mM,D10,D17,10,17,7,06.10.25,52.441,,
Water_R1_8_15mM_D10_D17,Water,R1,8,15mM,D10,D17,10,17,7,06.10.25,55.819,,
Water_R1_9_15mM_D10_D17,Water,R1,9,15mM,D10,D17,10,17,7,06.10.25,53.446,,
Water_R1_10_15mM_D10_D17,Water,R1,10,15mM,D10,D17,10,17,7,06.10.25,50.23,,
Water_R1_11_15mM_D10_D17,Water,R1,11,15mM,D10,D17,10,17,7,06.10.25,50.031,,
Water_R1_12_15mM_D10_D17,Water,R1,12,15mM,D10,D17,10,17,7,06.10.25,53.505,,
3OMG_R1_1_15mM_D14_D17,3OMG,R1,1,15mM,D14,D17,14,17,3,06.10.25,21.823,,
3OMG_R1_2_15mM_D14_D17,3OMG,R1,2,15mM,D14,D17,14,17,3,06.10.25,24.676,,
3OMG_R1_3_15mM_D14_D17,3OMG,R1,3,15mM,D14,D17,14,17,3,06.10.25,16.235,,
3OMG_R1_4_15mM_D14_D17,3OMG,R1,4,15mM,D14,D17,14,17,3,06.10.25,18.812,,
3OMG_R1_5_15mM_D14_D17,3OMG,R1,5,15mM,D14,D17,14,17,3,06.10.25,19.495,,
3OMG_R1_6_15mM_D14_D17,3OMG,R1,6,15mM,D14,D17,14,17,3,06.10.25,20.582,,
3OMG_R1_7_15mM_D14_D17,3OMG,R1,7,15mM,D14,D17,14,17,3,06.10.25,24.499,,
3OMG_R1_8_15mM_D14_D17,3OMG,R1,8,15mM,D14,D17,14,17,3,06.10.25,21.606,,
3OMG_R1_9_15mM_D14_D17,3OMG,R1,9,15mM,D14,D17,14,17,3,06.10.25,20.742,,
3OMG_R1_10_15mM_D14_D17,3OMG,R1,10,15mM,D14,D17,14,17,3,06.10.25,24.733,,
3OMG_R1_11_15mM_D14_D17,3OMG,R1,11,15mM,D14,D17,14,17,3,06.10.25,18.923,,
3OMG_R1_12_15mM_D14_D17,3OMG,R1,12,15mM,D14,D17,14,17,3,06.10.25,NA,,No growth
Water_R1_1_15mM_D14_D17,Water,R1,1,15mM,D14,D17,14,17,3,06.10.25,24.142,,
Water_R1_2_15mM_D14_D17,Water,R1,2,15mM,D14,D17,14,17,3,06.10.25,22.783,,
Water_R1_3_15mM_D14_D17,Water,R1,3,15mM,D14,D17,14,17,3,06.10.25,19.17,,
Water_R1_4_15mM_D14_D17,Water,R1,4,15mM,D14,D17,14,17,3,06.10.25,20.731,,
Water_R1_5_15mM_D14_D17,Water,R1,5,15mM,D14,D17,14,17,3,06.10.25,21.232,,
Water_R1_6_15mM_D14_D17,Water,R1,6,15mM,D14,D17,14,17,3,06.10.25,23.451,,
Water_R1_7_15mM_D14_D17,Water,R1,7,15mM,D14,D17,14,17,3,06.10.25,28.054,,
Water_R1_8_15mM_D14_D17,Water,R1,8,15mM,D14,D17,14,17,3,06.10.25,25.553,,
Water_R1_9_15mM_D14_D17,Water,R1,9,15mM,D14,D17,14,17,3,06.10.25,23.857,,
Water_R1_10_15mM_D14_D17,Water,R1,10,15mM,D14,D17,14,17,3,06.10.25,21.747,,
Water_R1_11_15mM_D14_D17,Water,R1,11,15mM,D14,D17,14,17,3,06.10.25,22.024,,
Water_R1_12_15mM_D14_D17,Water,R1,12,15mM,D14,D17,14,17,3,06.10.25,21.408,,
3OMG_R1_1_15mM_D0_D18,3OMG,R0,1,15mM,D0,D18,0,18,18,07.10.25,58.156,,
3OMG_R1_2_15mM_D0_D18,3OMG,R0,2,15mM,D0,D18,0,18,18,07.10.25,58.007,,
3OMG_R1_3_15mM_D0_D18,3OMG,R0,3,15mM,D0,D18,0,18,18,07.10.25,53.748,,
3OMG_R1_4_15mM_D0_D18,3OMG,R0,4,15mM,D0,D18,0,18,18,07.10.25,58.935,,
3OMG_R1_5_15mM_D0_D18,3OMG,R0,5,15mM,D0,D18,0,18,18,07.10.25,52.802,,
3OMG_R1_6_15mM_D0_D18,3OMG,R0,6,15mM,D0,D18,0,18,18,07.10.25,57.994,,
3OMG_R1_7_15mM_D0_D18,3OMG,R0,7,15mM,D0,D18,0,18,18,07.10.25,56.926,,
3OMG_R1_8_15mM_D0_D18,3OMG,R0,8,15mM,D0,D18,0,18,18,07.10.25,60.112,,
3OMG_R1_9_15mM_D0_D18,3OMG,R0,9,15mM,D0,D18,0,18,18,07.10.25,63.985,,
3OMG_R1_10_15mM_D0_D18,3OMG,R0,10,15mM,D0,D18,0,18,18,07.10.25,64.896,,
3OMG_R1_11_15mM_D0_D18,3OMG,R0,11,15mM,D0,D18,0,18,18,07.10.25,66.81,,
3OMG_R1_12_15mM_D0_D18,3OMG,R0,12,15mM,D0,D18,0,18,18,07.10.25,57.587,,
Water_R1_1_15mM_D0_D18,Water,R0,1,15mM,D0,D18,0,18,18,07.10.25,60.105,,
Water_R1_2_15mM_D0_D18,Water,R0,2,15mM,D0,D18,0,18,18,07.10.25,65.185,,
Water_R1_3_15mM_D0_D18,Water,R0,3,15mM,D0,D18,0,18,18,07.10.25,66.405,,
Water_R1_4_15mM_D0_D18,Water,R0,4,15mM,D0,D18,0,18,18,07.10.25,67.196,,
Water_R1_5_15mM_D0_D18,Water,R0,5,15mM,D0,D18,0,18,18,07.10.25,71.193,,
Water_R1_6_15mM_D0_D18,Water,R0,6,15mM,D0,D18,0,18,18,07.10.25,71.789,,
Water_R1_7_15mM_D0_D18,Water,R0,7,15mM,D0,D18,0,18,18,07.10.25,55.894,,
Water_R1_8_15mM_D0_D18,Water,R0,8,15mM,D0,D18,0,18,18,07.10.25,73.737,,
Water_R1_9_15mM_D0_D18,Water,R0,9,15mM,D0,D18,0,18,18,07.10.25,79.538,,
Water_R1_10_15mM_D0_D18,Water,R0,10,15mM,D0,D18,0,18,18,07.10.25,77.614,,
Water_R1_11_15mM_D0_D18,Water,R0,11,15mM,D0,D18,0,18,18,07.10.25,83.851,,
Water_R1_12_15mM_D0_D18,Water,R0,12,15mM,D0,D18,0,18,18,07.10.25,82.461,,
3OMG_R1_1_15mM_D03_D18,3OMG,R1,1,15mM,D03,D18,3,18,15,07.10.25,61.546,,
3OMG_R1_2_15mM_D03_D18,3OMG,R1,2,15mM,D03,D18,3,18,15,07.10.25,60.824,,
3OMG_R1_3_15mM_D03_D18,3OMG,R1,3,15mM,D03,D18,3,18,15,07.10.25,62.984,,
3OMG_R1_4_15mM_D03_D18,3OMG,R1,4,15mM,D03,D18,3,18,15,07.10.25,67.497,,
3OMG_R1_5_15mM_D03_D18,3OMG,R1,5,15mM,D03,D18,3,18,15,07.10.25,68.393,,
3OMG_R1_6_15mM_D03_D18,3OMG,R1,6,15mM,D03,D18,3,18,15,07.10.25,66.372,,
3OMG_R1_7_15mM_D03_D18,3OMG,R1,7,15mM,D03,D18,3,18,15,07.10.25,69.139,,
3OMG_R1_8_15mM_D03_D18,3OMG,R1,8,15mM,D03,D18,3,18,15,07.10.25,1.7,,No growth
3OMG_R1_9_15mM_D03_D18,3OMG,R1,9,15mM,D03,D18,3,18,15,07.10.25,56.065,,
3OMG_R1_10_15mM_D03_D18,3OMG,R1,10,15mM,D03,D18,3,18,15,07.10.25,57.902,,
3OMG_R1_11_15mM_D03_D18,3OMG,R1,11,15mM,D03,D18,3,18,15,07.10.25,70.105,,
3OMG_R1_12_15mM_D03_D18,3OMG,R1,12,15mM,D03,D18,3,18,15,07.10.25,65.945,,
Water_R1_1_15mM_D03_D18,Water,R1,1,15mM,D03,D18,3,18,15,07.10.25,88.551,,
Water_R1_2_15mM_D03_D18,Water,R1,2,15mM,D03,D18,3,18,15,07.10.25,87.619,,
Water_R1_3_15mM_D03_D18,Water,R1,3,15mM,D03,D18,3,18,15,07.10.25,81.657,,
Water_R1_4_15mM_D03_D18,Water,R1,4,15mM,D03,D18,3,18,15,07.10.25,91.086,,
Water_R1_5_15mM_D03_D18,Water,R1,5,15mM,D03,D18,3,18,15,07.10.25,90.227,,
Water_R1_6_15mM_D03_D18,Water,R1,6,15mM,D03,D18,3,18,15,07.10.25,2.111,,No growth
Water_R1_7_15mM_D03_D18,Water,R1,7,15mM,D03,D18,3,18,15,07.10.25,71.812,,
Water_R1_8_15mM_D03_D18,Water,R1,8,15mM,D03,D18,3,18,15,07.10.25,87.963,,
Water_R1_9_15mM_D03_D18,Water,R1,9,15mM,D03,D18,3,18,15,07.10.25,90.273,,
Water_R1_10_15mM_D03_D18,Water,R1,10,15mM,D03,D18,3,18,15,07.10.25,83.981,,
Water_R1_11_15mM_D03_D18,Water,R1,11,15mM,D03,D18,3,18,15,07.10.25,85.101,,
Water_R1_12_15mM_D03_D18,Water,R1,12,15mM,D03,D18,3,18,15,07.10.25,81.702,,
3OMG_R1_1_15mM_D07_D18,3OMG,R1,1,15mM,D07,D18,7,18,11,07.10.25,49.799,,
3OMG_R1_2_15mM_D07_D18,3OMG,R1,2,15mM,D07,D18,7,18,11,07.10.25,48.457,,
3OMG_R1_3_15mM_D07_D18,3OMG,R1,3,15mM,D07,D18,7,18,11,07.10.25,48.473,,
3OMG_R1_4_15mM_D07_D18,3OMG,R1,4,15mM,D07,D18,7,18,11,07.10.25,52.248,,
3OMG_R1_5_15mM_D07_D18,3OMG,R1,5,15mM,D07,D18,7,18,11,07.10.25,51.556,,
3OMG_R1_6_15mM_D07_D18,3OMG,R1,6,15mM,D07,D18,7,18,11,07.10.25,51.577,,
3OMG_R1_7_15mM_D07_D18,3OMG,R1,7,15mM,D07,D18,7,18,11,07.10.25,54.53,,
3OMG_R1_8_15mM_D07_D18,3OMG,R1,8,15mM,D07,D18,7,18,11,07.10.25,54.757,,
3OMG_R1_9_15mM_D07_D18,3OMG,R1,9,15mM,D07,D18,7,18,11,07.10.25,54.214,,
3OMG_R1_10_15mM_D07_D18,3OMG,R1,10,15mM,D07,D18,7,18,11,07.10.25,53.916,,
3OMG_R1_11_15mM_D07_D18,3OMG,R1,11,15mM,D07,D18,7,18,11,07.10.25,56.806,,
3OMG_R1_12_15mM_D07_D18,3OMG,R1,12,15mM,D07,D18,7,18,11,07.10.25,50.795,,
Water_R1_1_15mM_D07_D18,Water,R1,1,15mM,D07,D18,7,18,11,07.10.25,66.266,,
Water_R1_2_15mM_D07_D18,Water,R1,2,15mM,D07,D18,7,18,11,07.10.25,72.759,,
Water_R1_3_15mM_D07_D18,Water,R1,3,15mM,D07,D18,7,18,11,07.10.25,67.032,,
Water_R1_4_15mM_D07_D18,Water,R1,4,15mM,D07,D18,7,18,11,07.10.25,76.838,,
Water_R1_5_15mM_D07_D18,Water,R1,5,15mM,D07,D18,7,18,11,07.10.25,66.956,,
Water_R1_6_15mM_D07_D18,Water,R1,6,15mM,D07,D18,7,18,11,07.10.25,69.853,,
Water_R1_7_15mM_D07_D18,Water,R1,7,15mM,D07,D18,7,18,11,07.10.25,74.256,,
Water_R1_8_15mM_D07_D18,Water,R1,8,15mM,D07,D18,7,18,11,07.10.25,74.502,,
Water_R1_9_15mM_D07_D18,Water,R1,9,15mM,D07,D18,7,18,11,07.10.25,73.511,,
Water_R1_10_15mM_D07_D18,Water,R1,10,15mM,D07,D18,7,18,11,07.10.25,77.457,,
Water_R1_11_15mM_D07_D18,Water,R1,11,15mM,D07,D18,7,18,11,07.10.25,76.87,,
Water_R1_12_15mM_D07_D18,Water,R1,12,15mM,D07,D18,7,18,11,07.10.25,73.806,,
3OMG_R1_1_15mM_D10_D18,3OMG,R1,1,15mM,D10,D18,10,18,8,07.10.25,40.471,,
3OMG_R1_2_15mM_D10_D18,3OMG,R1,2,15mM,D10,D18,10,18,8,07.10.25,41.985,,
3OMG_R1_3_15mM_D10_D18,3OMG,R1,3,15mM,D10,D18,10,18,8,07.10.25,38.341,,
3OMG_R1_4_15mM_D10_D18,3OMG,R1,4,15mM,D10,D18,10,18,8,07.10.25,39.376,,
3OMG_R1_5_15mM_D10_D18,3OMG,R1,5,15mM,D10,D18,10,18,8,07.10.25,44.139,,
3OMG_R1_6_15mM_D10_D18,3OMG,R1,6,15mM,D10,D18,10,18,8,07.10.25,39.601,,
3OMG_R1_7_15mM_D10_D18,3OMG,R1,7,15mM,D10,D18,10,18,8,07.10.25,45.608,,
3OMG_R1_8_15mM_D10_D18,3OMG,R1,8,15mM,D10,D18,10,18,8,07.10.25,40.857,,
3OMG_R1_9_15mM_D10_D18,3OMG,R1,9,15mM,D10,D18,10,18,8,07.10.25,41.638,,
3OMG_R1_10_15mM_D10_D18,3OMG,R1,10,15mM,D10,D18,10,18,8,07.10.25,41.476,,
3OMG_R1_11_15mM_D10_D18,3OMG,R1,11,15mM,D10,D18,10,18,8,07.10.25,46.269,,
3OMG_R1_12_15mM_D10_D18,3OMG,R1,12,15mM,D10,D18,10,18,8,07.10.25,39.6,,
Water_R1_1_15mM_D10_D18,Water,R1,1,15mM,D10,D18,10,18,8,07.10.25,61.557,,
Water_R1_2_15mM_D10_D18,Water,R1,2,15mM,D10,D18,10,18,8,07.10.25,58.121,,
Water_R1_3_15mM_D10_D18,Water,R1,3,15mM,D10,D18,10,18,8,07.10.25,52.052,,
Water_R1_4_15mM_D10_D18,Water,R1,4,15mM,D10,D18,10,18,8,07.10.25,58.768,,
Water_R1_5_15mM_D10_D18,Water,R1,5,15mM,D10,D18,10,18,8,07.10.25,68.109,,
Water_R1_6_15mM_D10_D18,Water,R1,6,15mM,D10,D18,10,18,8,07.10.25,60.162,,
Water_R1_7_15mM_D10_D18,Water,R1,7,15mM,D10,D18,10,18,8,07.10.25,59.167,,
Water_R1_8_15mM_D10_D18,Water,R1,8,15mM,D10,D18,10,18,8,07.10.25,64.625,,
Water_R1_9_15mM_D10_D18,Water,R1,9,15mM,D10,D18,10,18,8,07.10.25,62.885,,
Water_R1_10_15mM_D10_D18,Water,R1,10,15mM,D10,D18,10,18,8,07.10.25,57.458,,
Water_R1_11_15mM_D10_D18,Water,R1,11,15mM,D10,D18,10,18,8,07.10.25,57.386,,
Water_R1_12_15mM_D10_D18,Water,R1,12,15mM,D10,D18,10,18,8,07.10.25,61.875,,
3OMG_R1_1_15mM_D14_D18,3OMG,R1,1,15mM,D14,D18,14,18,4,07.10.25,28.978,,
3OMG_R1_2_15mM_D14_D18,3OMG,R1,2,15mM,D14,D18,14,18,4,07.10.25,29.582,,
3OMG_R1_3_15mM_D14_D18,3OMG,R1,3,15mM,D14,D18,14,18,4,07.10.25,21.451,,
3OMG_R1_4_15mM_D14_D18,3OMG,R1,4,15mM,D14,D18,14,18,4,07.10.25,27.794,,
3OMG_R1_5_15mM_D14_D18,3OMG,R1,5,15mM,D14,D18,14,18,4,07.10.25,28.801,,
3OMG_R1_6_15mM_D14_D18,3OMG,R1,6,15mM,D14,D18,14,18,4,07.10.25,29.78,,
3OMG_R1_7_15mM_D14_D18,3OMG,R1,7,15mM,D14,D18,14,18,4,07.10.25,34.324,,
3OMG_R1_8_15mM_D14_D18,3OMG,R1,8,15mM,D14,D18,14,18,4,07.10.25,29.55,,
3OMG_R1_9_15mM_D14_D18,3OMG,R1,9,15mM,D14,D18,14,18,4,07.10.25,29.083,,
3OMG_R1_10_15mM_D14_D18,3OMG,R1,10,15mM,D14,D18,14,18,4,07.10.25,33.537,,
3OMG_R1_11_15mM_D14_D18,3OMG,R1,11,15mM,D14,D18,14,18,4,07.10.25,27.47,,
3OMG_R1_12_15mM_D14_D18,3OMG,R1,12,15mM,D14,D18,14,18,4,07.10.25,NA,,No growth
Water_R1_1_15mM_D14_D18,Water,R1,1,15mM,D14,D18,14,18,4,07.10.25,32.735,,
Water_R1_2_15mM_D14_D18,Water,R1,2,15mM,D14,D18,14,18,4,07.10.25,31.523,,
Water_R1_3_15mM_D14_D18,Water,R1,3,15mM,D14,D18,14,18,4,07.10.25,26.318,,
Water_R1_4_15mM_D14_D18,Water,R1,4,15mM,D14,D18,14,18,4,07.10.25,29.982,,
Water_R1_5_15mM_D14_D18,Water,R1,5,15mM,D14,D18,14,18,4,07.10.25,30.218,,
Water_R1_6_15mM_D14_D18,Water,R1,6,15mM,D14,D18,14,18,4,07.10.25,32.648,,
Water_R1_7_15mM_D14_D18,Water,R1,7,15mM,D14,D18,14,18,4,07.10.25,35.702,,
Water_R1_8_15mM_D14_D18,Water,R1,8,15mM,D14,D18,14,18,4,07.10.25,34.009,,
Water_R1_9_15mM_D14_D18,Water,R1,9,15mM,D14,D18,14,18,4,07.10.25,35.727,,
Water_R1_10_15mM_D14_D18,Water,R1,10,15mM,D14,D18,14,18,4,07.10.25,29.887,,
Water_R1_11_15mM_D14_D18,Water,R1,11,15mM,D14,D18,14,18,4,07.10.25,29.772,,
Water_R1_12_15mM_D14_D18,Water,R1,12,15mM,D14,D18,14,18,4,07.10.25,29.112,,
3OMG_R1_1_15mM_D0_D19,3OMG,R0,1,15mM,D0,D19,0,19,19,08.10.25,61.208,,
3OMG_R1_2_15mM_D0_D19,3OMG,R0,2,15mM,D0,D19,0,19,19,08.10.25,60.379,,
3OMG_R1_3_15mM_D0_D19,3OMG,R0,3,15mM,D0,D19,0,19,19,08.10.25,53.183,,
3OMG_R1_4_15mM_D0_D19,3OMG,R0,4,15mM,D0,D19,0,19,19,08.10.25,62.25,,
3OMG_R1_5_15mM_D0_D19,3OMG,R0,5,15mM,D0,D19,0,19,19,08.10.25,56.053,,
3OMG_R1_6_15mM_D0_D19,3OMG,R0,6,15mM,D0,D19,0,19,19,08.10.25,62.767,,
3OMG_R1_7_15mM_D0_D19,3OMG,R0,7,15mM,D0,D19,0,19,19,08.10.25,58.123,,
3OMG_R1_8_15mM_D0_D19,3OMG,R0,8,15mM,D0,D19,0,19,19,08.10.25,64.358,,
3OMG_R1_9_15mM_D0_D19,3OMG,R0,9,15mM,D0,D19,0,19,19,08.10.25,64.797,,
3OMG_R1_10_15mM_D0_D19,3OMG,R0,10,15mM,D0,D19,0,19,19,08.10.25,66.351,,
3OMG_R1_11_15mM_D0_D19,3OMG,R0,11,15mM,D0,D19,0,19,19,08.10.25,68.876,,
3OMG_R1_12_15mM_D0_D19,3OMG,R0,12,15mM,D0,D19,0,19,19,08.10.25,59.103,,
Water_R1_1_15mM_D0_D19,Water,R0,1,15mM,D0,D19,0,19,19,08.10.25,63.547,,
Water_R1_2_15mM_D0_D19,Water,R0,2,15mM,D0,D19,0,19,19,08.10.25,68.142,,
Water_R1_3_15mM_D0_D19,Water,R0,3,15mM,D0,D19,0,19,19,08.10.25,70.081,,
Water_R1_4_15mM_D0_D19,Water,R0,4,15mM,D0,D19,0,19,19,08.10.25,68.734,,
Water_R1_5_15mM_D0_D19,Water,R0,5,15mM,D0,D19,0,19,19,08.10.25,73.244,,
Water_R1_6_15mM_D0_D19,Water,R0,6,15mM,D0,D19,0,19,19,08.10.25,76.735,,
Water_R1_7_15mM_D0_D19,Water,R0,7,15mM,D0,D19,0,19,19,08.10.25,60.898,,
Water_R1_8_15mM_D0_D19,Water,R0,8,15mM,D0,D19,0,19,19,08.10.25,75.11,,
Water_R1_9_15mM_D0_D19,Water,R0,9,15mM,D0,D19,0,19,19,08.10.25,83.561,,
Water_R1_10_15mM_D0_D19,Water,R0,10,15mM,D0,D19,0,19,19,08.10.25,81.868,,
Water_R1_11_15mM_D0_D19,Water,R0,11,15mM,D0,D19,0,19,19,08.10.25,88.746,,
Water_R1_12_15mM_D0_D19,Water,R0,12,15mM,D0,D19,0,19,19,08.10.25,86.278,,
3OMG_R1_1_15mM_D03_D19,3OMG,R1,1,15mM,D03,D19,3,19,16,08.10.25,66.939,,
3OMG_R1_2_15mM_D03_D19,3OMG,R1,2,15mM,D03,D19,3,19,16,08.10.25,64.961,,
3OMG_R1_3_15mM_D03_D19,3OMG,R1,3,15mM,D03,D19,3,19,16,08.10.25,66.306,,
3OMG_R1_4_15mM_D03_D19,3OMG,R1,4,15mM,D03,D19,3,19,16,08.10.25,70.246,,
3OMG_R1_5_15mM_D03_D19,3OMG,R1,5,15mM,D03,D19,3,19,16,08.10.25,72.691,,
3OMG_R1_6_15mM_D03_D19,3OMG,R1,6,15mM,D03,D19,3,19,16,08.10.25,68.453,,
3OMG_R1_7_15mM_D03_D19,3OMG,R1,7,15mM,D03,D19,3,19,16,08.10.25,72.149,,
3OMG_R1_8_15mM_D03_D19,3OMG,R1,8,15mM,D03,D19,3,19,16,08.10.25,1.532,,No growth
3OMG_R1_9_15mM_D03_D19,3OMG,R1,9,15mM,D03,D19,3,19,16,08.10.25,54.245,,
3OMG_R1_10_15mM_D03_D19,3OMG,R1,10,15mM,D03,D19,3,19,16,08.10.25,61.475,,
3OMG_R1_11_15mM_D03_D19,3OMG,R1,11,15mM,D03,D19,3,19,16,08.10.25,71.881,,
3OMG_R1_12_15mM_D03_D19,3OMG,R1,12,15mM,D03,D19,3,19,16,08.10.25,65.978,,
Water_R1_1_15mM_D03_D19,Water,R1,1,15mM,D03,D19,3,19,16,08.10.25,92.962,,
Water_R1_2_15mM_D03_D19,Water,R1,2,15mM,D03,D19,3,19,16,08.10.25,92.172,,
Water_R1_3_15mM_D03_D19,Water,R1,3,15mM,D03,D19,3,19,16,08.10.25,85.915,,
Water_R1_4_15mM_D03_D19,Water,R1,4,15mM,D03,D19,3,19,16,08.10.25,96.027,,
Water_R1_5_15mM_D03_D19,Water,R1,5,15mM,D03,D19,3,19,16,08.10.25,96.38,,
Water_R1_6_15mM_D03_D19,Water,R1,6,15mM,D03,D19,3,19,16,08.10.25,1.689,,No growth
Water_R1_7_15mM_D03_D19,Water,R1,7,15mM,D03,D19,3,19,16,08.10.25,75.627,,
Water_R1_8_15mM_D03_D19,Water,R1,8,15mM,D03,D19,3,19,16,08.10.25,91.498,,
Water_R1_9_15mM_D03_D19,Water,R1,9,15mM,D03,D19,3,19,16,08.10.25,94.888,,
Water_R1_10_15mM_D03_D19,Water,R1,10,15mM,D03,D19,3,19,16,08.10.25,86.857,,
Water_R1_11_15mM_D03_D19,Water,R1,11,15mM,D03,D19,3,19,16,08.10.25,88.456,,
Water_R1_12_15mM_D03_D19,Water,R1,12,15mM,D03,D19,3,19,16,08.10.25,81.195,,
3OMG_R1_1_15mM_D07_D19,3OMG,R1,1,15mM,D07,D19,7,19,12,08.10.25,50.745,,
3OMG_R1_2_15mM_D07_D19,3OMG,R1,2,15mM,D07,D19,7,19,12,08.10.25,50.977,,
3OMG_R1_3_15mM_D07_D19,3OMG,R1,3,15mM,D07,D19,7,19,12,08.10.25,52.465,,
3OMG_R1_4_15mM_D07_D19,3OMG,R1,4,15mM,D07,D19,7,19,12,08.10.25,49.01,,
3OMG_R1_5_15mM_D07_D19,3OMG,R1,5,15mM,D07,D19,7,19,12,08.10.25,53.285,,
3OMG_R1_6_15mM_D07_D19,3OMG,R1,6,15mM,D07,D19,7,19,12,08.10.25,55.44,,
3OMG_R1_7_15mM_D07_D19,3OMG,R1,7,15mM,D07,D19,7,19,12,08.10.25,58.367,,
3OMG_R1_8_15mM_D07_D19,3OMG,R1,8,15mM,D07,D19,7,19,12,08.10.25,54.407,,
3OMG_R1_9_15mM_D07_D19,3OMG,R1,9,15mM,D07,D19,7,19,12,08.10.25,54.279,,
3OMG_R1_10_15mM_D07_D19,3OMG,R1,10,15mM,D07,D19,7,19,12,08.10.25,55.404,,
3OMG_R1_11_15mM_D07_D19,3OMG,R1,11,15mM,D07,D19,7,19,12,08.10.25,58.92,,
3OMG_R1_12_15mM_D07_D19,3OMG,R1,12,15mM,D07,D19,7,19,12,08.10.25,54.56,,
Water_R1_1_15mM_D07_D19,Water,R1,1,15mM,D07,D19,7,19,12,08.10.25,70.624,,
Water_R1_2_15mM_D07_D19,Water,R1,2,15mM,D07,D19,7,19,12,08.10.25,80.355,,
Water_R1_3_15mM_D07_D19,Water,R1,3,15mM,D07,D19,7,19,12,08.10.25,71.28,,
Water_R1_4_15mM_D07_D19,Water,R1,4,15mM,D07,D19,7,19,12,08.10.25,85.811,,
Water_R1_5_15mM_D07_D19,Water,R1,5,15mM,D07,D19,7,19,12,08.10.25,72.018,,
Water_R1_6_15mM_D07_D19,Water,R1,6,15mM,D07,D19,7,19,12,08.10.25,74.93,,
Water_R1_7_15mM_D07_D19,Water,R1,7,15mM,D07,D19,7,19,12,08.10.25,79.906,,
Water_R1_8_15mM_D07_D19,Water,R1,8,15mM,D07,D19,7,19,12,08.10.25,78.386,,
Water_R1_9_15mM_D07_D19,Water,R1,9,15mM,D07,D19,7,19,12,08.10.25,79.351,,
Water_R1_10_15mM_D07_D19,Water,R1,10,15mM,D07,D19,7,19,12,08.10.25,81.982,,
Water_R1_11_15mM_D07_D19,Water,R1,11,15mM,D07,D19,7,19,12,08.10.25,82.742,,
Water_R1_12_15mM_D07_D19,Water,R1,12,15mM,D07,D19,7,19,12,08.10.25,73.301,,
3OMG_R1_1_15mM_D10_D19,3OMG,R1,1,15mM,D10,D19,10,19,9,08.10.25,44.04,,
3OMG_R1_2_15mM_D10_D19,3OMG,R1,2,15mM,D10,D19,10,19,9,08.10.25,43.99,,
3OMG_R1_3_15mM_D10_D19,3OMG,R1,3,15mM,D10,D19,10,19,9,08.10.25,39.829,,
3OMG_R1_4_15mM_D10_D19,3OMG,R1,4,15mM,D10,D19,10,19,9,08.10.25,42.14,,
3OMG_R1_5_15mM_D10_D19,3OMG,R1,5,15mM,D10,D19,10,19,9,08.10.25,46.046,,
3OMG_R1_6_15mM_D10_D19,3OMG,R1,6,15mM,D10,D19,10,19,9,08.10.25,42.677,,
3OMG_R1_7_15mM_D10_D19,3OMG,R1,7,15mM,D10,D19,10,19,9,08.10.25,47.347,,
3OMG_R1_8_15mM_D10_D19,3OMG,R1,8,15mM,D10,D19,10,19,9,08.10.25,42.817,,
3OMG_R1_9_15mM_D10_D19,3OMG,R1,9,15mM,D10,D19,10,19,9,08.10.25,42.765,,
3OMG_R1_10_15mM_D10_D19,3OMG,R1,10,15mM,D10,D19,10,19,9,08.10.25,46.39,,
3OMG_R1_11_15mM_D10_D19,3OMG,R1,11,15mM,D10,D19,10,19,9,08.10.25,49.721,,
3OMG_R1_12_15mM_D10_D19,3OMG,R1,12,15mM,D10,D19,10,19,9,08.10.25,44.033,,
Water_R1_1_15mM_D10_D19,Water,R1,1,15mM,D10,D19,10,19,9,08.10.25,70.251,,
Water_R1_2_15mM_D10_D19,Water,R1,2,15mM,D10,D19,10,19,9,08.10.25,63.703,,
Water_R1_3_15mM_D10_D19,Water,R1,3,15mM,D10,D19,10,19,9,08.10.25,57.106,,
Water_R1_4_15mM_D10_D19,Water,R1,4,15mM,D10,D19,10,19,9,08.10.25,65.927,,
Water_R1_5_15mM_D10_D19,Water,R1,5,15mM,D10,D19,10,19,9,08.10.25,74.035,,
Water_R1_6_15mM_D10_D19,Water,R1,6,15mM,D10,D19,10,19,9,08.10.25,65.916,,
Water_R1_7_15mM_D10_D19,Water,R1,7,15mM,D10,D19,10,19,9,08.10.25,65.503,,
Water_R1_8_15mM_D10_D19,Water,R1,8,15mM,D10,D19,10,19,9,08.10.25,72.095,,
Water_R1_9_15mM_D10_D19,Water,R1,9,15mM,D10,D19,10,19,9,08.10.25,71.475,,
Water_R1_10_15mM_D10_D19,Water,R1,10,15mM,D10,D19,10,19,9,08.10.25,63.321,,
Water_R1_11_15mM_D10_D19,Water,R1,11,15mM,D10,D19,10,19,9,08.10.25,65.103,,
Water_R1_12_15mM_D10_D19,Water,R1,12,15mM,D10,D19,10,19,9,08.10.25,69.877,,
3OMG_R1_1_15mM_D14_D19,3OMG,R1,1,15mM,D14,D19,14,19,5,08.10.25,36.393,,
3OMG_R1_2_15mM_D14_D19,3OMG,R1,2,15mM,D14,D19,14,19,5,08.10.25,36.872,,
3OMG_R1_3_15mM_D14_D19,3OMG,R1,3,15mM,D14,D19,14,19,5,08.10.25,27.844,,
3OMG_R1_4_15mM_D14_D19,3OMG,R1,4,15mM,D14,D19,14,19,5,08.10.25,33.225,,
3OMG_R1_5_15mM_D14_D19,3OMG,R1,5,15mM,D14,D19,14,19,5,08.10.25,35.699,,
3OMG_R1_6_15mM_D14_D19,3OMG,R1,6,15mM,D14,D19,14,19,5,08.10.25,37.227,,
3OMG_R1_7_15mM_D14_D19,3OMG,R1,7,15mM,D14,D19,14,19,5,08.10.25,41.524,,
3OMG_R1_8_15mM_D14_D19,3OMG,R1,8,15mM,D14,D19,14,19,5,08.10.25,38.139,,
3OMG_R1_9_15mM_D14_D19,3OMG,R1,9,15mM,D14,D19,14,19,5,08.10.25,35.311,,
3OMG_R1_10_15mM_D14_D19,3OMG,R1,10,15mM,D14,D19,14,19,5,08.10.25,40.828,,
3OMG_R1_11_15mM_D14_D19,3OMG,R1,11,15mM,D14,D19,14,19,5,08.10.25,36.562,,
3OMG_R1_12_15mM_D14_D19,3OMG,R1,12,15mM,D14,D19,14,19,5,08.10.25,NA,,No growth
Water_R1_1_15mM_D14_D19,Water,R1,1,15mM,D14,D19,14,19,5,08.10.25,43.059,,
Water_R1_2_15mM_D14_D19,Water,R1,2,15mM,D14,D19,14,19,5,08.10.25,41.026,,
Water_R1_3_15mM_D14_D19,Water,R1,3,15mM,D14,D19,14,19,5,08.10.25,34.188,,
Water_R1_4_15mM_D14_D19,Water,R1,4,15mM,D14,D19,14,19,5,08.10.25,38.044,,
Water_R1_5_15mM_D14_D19,Water,R1,5,15mM,D14,D19,14,19,5,08.10.25,36.553,,
Water_R1_6_15mM_D14_D19,Water,R1,6,15mM,D14,D19,14,19,5,08.10.25,38.322,,
Water_R1_7_15mM_D14_D19,Water,R1,7,15mM,D14,D19,14,19,5,08.10.25,38.895,,
Water_R1_8_15mM_D14_D19,Water,R1,8,15mM,D14,D19,14,19,5,08.10.25,41.073,,
Water_R1_9_15mM_D14_D19,Water,R1,9,15mM,D14,D19,14,19,5,08.10.25,42.773,,
Water_R1_10_15mM_D14_D19,Water,R1,10,15mM,D14,D19,14,19,5,08.10.25,36.161,,
Water_R1_11_15mM_D14_D19,Water,R1,11,15mM,D14,D19,14,19,5,08.10.25,35.816,,
Water_R1_12_15mM_D14_D19,Water,R1,12,15mM,D14,D19,14,19,5,08.10.25,35.856,,
3OMG_R1_1_15mM_D0_D21,3OMG,R0,1,15mM,D0,D21,0,21,21,10.10.25,64.613,,
3OMG_R1_2_15mM_D0_D21,3OMG,R0,2,15mM,D0,D21,0,21,21,10.10.25,66.731,,
3OMG_R1_3_15mM_D0_D21,3OMG,R0,3,15mM,D0,D21,0,21,21,10.10.25,50.863,,
3OMG_R1_4_15mM_D0_D21,3OMG,R0,4,15mM,D0,D21,0,21,21,10.10.25,68.647,,
3OMG_R1_5_15mM_D0_D21,3OMG,R0,5,15mM,D0,D21,0,21,21,10.10.25,62.672,,
3OMG_R1_6_15mM_D0_D21,3OMG,R0,6,15mM,D0,D21,0,21,21,10.10.25,66.616,,
3OMG_R1_7_15mM_D0_D21,3OMG,R0,7,15mM,D0,D21,0,21,21,10.10.25,60.551,,
3OMG_R1_8_15mM_D0_D21,3OMG,R0,8,15mM,D0,D21,0,21,21,10.10.25,65.28,,
3OMG_R1_9_15mM_D0_D21,3OMG,R0,9,15mM,D0,D21,0,21,21,10.10.25,68.297,,
3OMG_R1_10_15mM_D0_D21,3OMG,R0,10,15mM,D0,D21,0,21,21,10.10.25,69.302,,
3OMG_R1_11_15mM_D0_D21,3OMG,R0,11,15mM,D0,D21,0,21,21,10.10.25,74.672,,
3OMG_R1_12_15mM_D0_D21,3OMG,R0,12,15mM,D0,D21,0,21,21,10.10.25,63.322,,
Water_R1_1_15mM_D0_D21,Water,R0,1,15mM,D0,D21,0,21,21,10.10.25,69.712,,
Water_R1_2_15mM_D0_D21,Water,R0,2,15mM,D0,D21,0,21,21,10.10.25,68.202,,
Water_R1_3_15mM_D0_D21,Water,R0,3,15mM,D0,D21,0,21,21,10.10.25,72.51,,
Water_R1_4_15mM_D0_D21,Water,R0,4,15mM,D0,D21,0,21,21,10.10.25,71.652,,
Water_R1_5_15mM_D0_D21,Water,R0,5,15mM,D0,D21,0,21,21,10.10.25,75.822,,
Water_R1_6_15mM_D0_D21,Water,R0,6,15mM,D0,D21,0,21,21,10.10.25,81.383,,
Water_R1_7_15mM_D0_D21,Water,R0,7,15mM,D0,D21,0,21,21,10.10.25,67.049,,
Water_R1_8_15mM_D0_D21,Water,R0,8,15mM,D0,D21,0,21,21,10.10.25,79.671,,
Water_R1_9_15mM_D0_D21,Water,R0,9,15mM,D0,D21,0,21,21,10.10.25,93.551,,
Water_R1_10_15mM_D0_D21,Water,R0,10,15mM,D0,D21,0,21,21,10.10.25,93.538,,
Water_R1_11_15mM_D0_D21,Water,R0,11,15mM,D0,D21,0,21,21,10.10.25,92.137,,
Water_R1_12_15mM_D0_D21,Water,R0,12,15mM,D0,D21,0,21,21,10.10.25,90.851,,
3OMG_R1_1_15mM_D03_D21,3OMG,R1,1,15mM,D03,D21,3,21,18,10.10.25,69.957,,
3OMG_R1_2_15mM_D03_D21,3OMG,R1,2,15mM,D03,D21,3,21,18,10.10.25,69.126,,
3OMG_R1_3_15mM_D03_D21,3OMG,R1,3,15mM,D03,D21,3,21,18,10.10.25,70.798,,
3OMG_R1_4_15mM_D03_D21,3OMG,R1,4,15mM,D03,D21,3,21,18,10.10.25,75.239,,
3OMG_R1_5_15mM_D03_D21,3OMG,R1,5,15mM,D03,D21,3,21,18,10.10.25,77.85,,
3OMG_R1_6_15mM_D03_D21,3OMG,R1,6,15mM,D03,D21,3,21,18,10.10.25,67.838,,
3OMG_R1_7_15mM_D03_D21,3OMG,R1,7,15mM,D03,D21,3,21,18,10.10.25,76.827,,
3OMG_R1_8_15mM_D03_D21,3OMG,R1,8,15mM,D03,D21,3,21,18,10.10.25,1.188,,No growth
3OMG_R1_9_15mM_D03_D21,3OMG,R1,9,15mM,D03,D21,3,21,18,10.10.25,55.738,,
3OMG_R1_10_15mM_D03_D21,3OMG,R1,10,15mM,D03,D21,3,21,18,10.10.25,67.551,,
3OMG_R1_11_15mM_D03_D21,3OMG,R1,11,15mM,D03,D21,3,21,18,10.10.25,78.767,,
3OMG_R1_12_15mM_D03_D21,3OMG,R1,12,15mM,D03,D21,3,21,18,10.10.25,70.161,,
Water_R1_1_15mM_D03_D21,Water,R1,1,15mM,D03,D21,3,21,18,10.10.25,94.166,,
Water_R1_2_15mM_D03_D21,Water,R1,2,15mM,D03,D21,3,21,18,10.10.25,97.226,,
Water_R1_3_15mM_D03_D21,Water,R1,3,15mM,D03,D21,3,21,18,10.10.25,91.398,,
Water_R1_4_15mM_D03_D21,Water,R1,4,15mM,D03,D21,3,21,18,10.10.25,102.347,,
Water_R1_5_15mM_D03_D21,Water,R1,5,15mM,D03,D21,3,21,18,10.10.25,102.76,,
Water_R1_6_15mM_D03_D21,Water,R1,6,15mM,D03,D21,3,21,18,10.10.25,1.885,,No growth
Water_R1_7_15mM_D03_D21,Water,R1,7,15mM,D03,D21,3,21,18,10.10.25,83.11,,
Water_R1_8_15mM_D03_D21,Water,R1,8,15mM,D03,D21,3,21,18,10.10.25,92.672,,
Water_R1_9_15mM_D03_D21,Water,R1,9,15mM,D03,D21,3,21,18,10.10.25,99.242,,
Water_R1_10_15mM_D03_D21,Water,R1,10,15mM,D03,D21,3,21,18,10.10.25,95.297,,
Water_R1_11_15mM_D03_D21,Water,R1,11,15mM,D03,D21,3,21,18,10.10.25,93.06,,
Water_R1_12_15mM_D03_D21,Water,R1,12,15mM,D03,D21,3,21,18,10.10.25,71.774,,
3OMG_R1_1_15mM_D07_D21,3OMG,R1,1,15mM,D07,D21,7,21,14,10.10.25,56.131,,
3OMG_R1_2_15mM_D07_D21,3OMG,R1,2,15mM,D07,D21,7,21,14,10.10.25,54.119,,
3OMG_R1_3_15mM_D07_D21,3OMG,R1,3,15mM,D07,D21,7,21,14,10.10.25,54.309,,
3OMG_R1_4_15mM_D07_D21,3OMG,R1,4,15mM,D07,D21,7,21,14,10.10.25,53.147,,
3OMG_R1_5_15mM_D07_D21,3OMG,R1,5,15mM,D07,D21,7,21,14,10.10.25,56.126,,
3OMG_R1_6_15mM_D07_D21,3OMG,R1,6,15mM,D07,D21,7,21,14,10.10.25,59.287,,
3OMG_R1_7_15mM_D07_D21,3OMG,R1,7,15mM,D07,D21,7,21,14,10.10.25,62.716,,
3OMG_R1_8_15mM_D07_D21,3OMG,R1,8,15mM,D07,D21,7,21,14,10.10.25,61.531,,
3OMG_R1_9_15mM_D07_D21,3OMG,R1,9,15mM,D07,D21,7,21,14,10.10.25,60.394,,
3OMG_R1_10_15mM_D07_D21,3OMG,R1,10,15mM,D07,D21,7,21,14,10.10.25,61.739,,
3OMG_R1_11_15mM_D07_D21,3OMG,R1,11,15mM,D07,D21,7,21,14,10.10.25,63.844,,
3OMG_R1_12_15mM_D07_D21,3OMG,R1,12,15mM,D07,D21,7,21,14,10.10.25,60.611,,
Water_R1_1_15mM_D07_D21,Water,R1,1,15mM,D07,D21,7,21,14,10.10.25,79.189,,
Water_R1_2_15mM_D07_D21,Water,R1,2,15mM,D07,D21,7,21,14,10.10.25,85.339,,
Water_R1_3_15mM_D07_D21,Water,R1,3,15mM,D07,D21,7,21,14,10.10.25,78.531,,
Water_R1_4_15mM_D07_D21,Water,R1,4,15mM,D07,D21,7,21,14,10.10.25,91.19,,
Water_R1_5_15mM_D07_D21,Water,R1,5,15mM,D07,D21,7,21,14,10.10.25,76.424,,
Water_R1_6_15mM_D07_D21,Water,R1,6,15mM,D07,D21,7,21,14,10.10.25,84.661,,
Water_R1_7_15mM_D07_D21,Water,R1,7,15mM,D07,D21,7,21,14,10.10.25,87.742,,
Water_R1_8_15mM_D07_D21,Water,R1,8,15mM,D07,D21,7,21,14,10.10.25,85.729,,
Water_R1_9_15mM_D07_D21,Water,R1,9,15mM,D07,D21,7,21,14,10.10.25,87.154,,
Water_R1_10_15mM_D07_D21,Water,R1,10,15mM,D07,D21,7,21,14,10.10.25,94.152,,
Water_R1_11_15mM_D07_D21,Water,R1,11,15mM,D07,D21,7,21,14,10.10.25,89.064,,
Water_R1_12_15mM_D07_D21,Water,R1,12,15mM,D07,D21,7,21,14,10.10.25,74.517,,
3OMG_R1_1_15mM_D10_D21,3OMG,R1,1,15mM,D10,D21,10,21,11,10.10.25,51.504,,
3OMG_R1_2_15mM_D10_D21,3OMG,R1,2,15mM,D10,D21,10,21,11,10.10.25,52.206,,
3OMG_R1_3_15mM_D10_D21,3OMG,R1,3,15mM,D10,D21,10,21,11,10.10.25,45.491,,
3OMG_R1_4_15mM_D10_D21,3OMG,R1,4,15mM,D10,D21,10,21,11,10.10.25,47.381,,
3OMG_R1_5_15mM_D10_D21,3OMG,R1,5,15mM,D10,D21,10,21,11,10.10.25,53.544,,
3OMG_R1_6_15mM_D10_D21,3OMG,R1,6,15mM,D10,D21,10,21,11,10.10.25,48.653,,
3OMG_R1_7_15mM_D10_D21,3OMG,R1,7,15mM,D10,D21,10,21,11,10.10.25,54.555,,
3OMG_R1_8_15mM_D10_D21,3OMG,R1,8,15mM,D10,D21,10,21,11,10.10.25,46.519,,
3OMG_R1_9_15mM_D10_D21,3OMG,R1,9,15mM,D10,D21,10,21,11,10.10.25,50.536,,
3OMG_R1_10_15mM_D10_D21,3OMG,R1,10,15mM,D10,D21,10,21,11,10.10.25,50.502,,
3OMG_R1_11_15mM_D10_D21,3OMG,R1,11,15mM,D10,D21,10,21,11,10.10.25,56.043,,
3OMG_R1_12_15mM_D10_D21,3OMG,R1,12,15mM,D10,D21,10,21,11,10.10.25,51.047,,
Water_R1_1_15mM_D10_D21,Water,R1,1,15mM,D10,D21,10,21,11,10.10.25,76.816,,
Water_R1_2_15mM_D10_D21,Water,R1,2,15mM,D10,D21,10,21,11,10.10.25,72.421,,
Water_R1_3_15mM_D10_D21,Water,R1,3,15mM,D10,D21,10,21,11,10.10.25,65.111,,
Water_R1_4_15mM_D10_D21,Water,R1,4,15mM,D10,D21,10,21,11,10.10.25,74.228,,
Water_R1_5_15mM_D10_D21,Water,R1,5,15mM,D10,D21,10,21,11,10.10.25,81.264,,
Water_R1_6_15mM_D10_D21,Water,R1,6,15mM,D10,D21,10,21,11,10.10.25,77.982,,
Water_R1_7_15mM_D10_D21,Water,R1,7,15mM,D10,D21,10,21,11,10.10.25,76.218,,
Water_R1_8_15mM_D10_D21,Water,R1,8,15mM,D10,D21,10,21,11,10.10.25,75.151,,
Water_R1_9_15mM_D10_D21,Water,R1,9,15mM,D10,D21,10,21,11,10.10.25,75.926,,
Water_R1_10_15mM_D10_D21,Water,R1,10,15mM,D10,D21,10,21,11,10.10.25,73.715,,
Water_R1_11_15mM_D10_D21,Water,R1,11,15mM,D10,D21,10,21,11,10.10.25,76.41,,
Water_R1_12_15mM_D10_D21,Water,R1,12,15mM,D10,D21,10,21,11,10.10.25,80.987,,
3OMG_R1_1_15mM_D14_D21,3OMG,R1,1,15mM,D14,D21,14,21,7,10.10.25,49.845,,
3OMG_R1_2_15mM_D14_D21,3OMG,R1,2,15mM,D14,D21,14,21,7,10.10.25,48.909,,
3OMG_R1_3_15mM_D14_D21,3OMG,R1,3,15mM,D14,D21,14,21,7,10.10.25,41.695,,
3OMG_R1_4_15mM_D14_D21,3OMG,R1,4,15mM,D14,D21,14,21,7,10.10.25,44.224,,
3OMG_R1_5_15mM_D14_D21,3OMG,R1,5,15mM,D14,D21,14,21,7,10.10.25,47.857,,
3OMG_R1_6_15mM_D14_D21,3OMG,R1,6,15mM,D14,D21,14,21,7,10.10.25,51.041,,
3OMG_R1_7_15mM_D14_D21,3OMG,R1,7,15mM,D14,D21,14,21,7,10.10.25,51.028,,
3OMG_R1_8_15mM_D14_D21,3OMG,R1,8,15mM,D14,D21,14,21,7,10.10.25,53.561,,
3OMG_R1_9_15mM_D14_D21,3OMG,R1,9,15mM,D14,D21,14,21,7,10.10.25,43.405,,
3OMG_R1_10_15mM_D14_D21,3OMG,R1,10,15mM,D14,D21,14,21,7,10.10.25,50.26,,
3OMG_R1_11_15mM_D14_D21,3OMG,R1,11,15mM,D14,D21,14,21,7,10.10.25,47.538,,
3OMG_R1_12_15mM_D14_D21,3OMG,R1,12,15mM,D14,D21,14,21,7,10.10.25,NA,,No growth
Water_R1_1_15mM_D14_D21,Water,R1,1,15mM,D14,D21,14,21,7,10.10.25,58.864,,
Water_R1_2_15mM_D14_D21,Water,R1,2,15mM,D14,D21,14,21,7,10.10.25,49.847,,
Water_R1_3_15mM_D14_D21,Water,R1,3,15mM,D14,D21,14,21,7,10.10.25,45.951,,
Water_R1_4_15mM_D14_D21,Water,R1,4,15mM,D14,D21,14,21,7,10.10.25,50.92,,
Water_R1_5_15mM_D14_D21,Water,R1,5,15mM,D14,D21,14,21,7,10.10.25,48.243,,
Water_R1_6_15mM_D14_D21,Water,R1,6,15mM,D14,D21,14,21,7,10.10.25,52.188,,
Water_R1_7_15mM_D14_D21,Water,R1,7,15mM,D14,D21,14,21,7,10.10.25,58.657,,
Water_R1_8_15mM_D14_D21,Water,R1,8,15mM,D14,D21,14,21,7,10.10.25,58.487,,
Water_R1_9_15mM_D14_D21,Water,R1,9,15mM,D14,D21,14,21,7,10.10.25,63.519,,
Water_R1_10_15mM_D14_D21,Water,R1,10,15mM,D14,D21,14,21,7,10.10.25,50.486,,
Water_R1_11_15mM_D14_D21,Water,R1,11,15mM,D14,D21,14,21,7,10.10.25,54.321,,
Water_R1_12_15mM_D14_D21,Water,R1,12,15mM,D14,D21,14,21,7,10.10.25,45.66,,
3OMG_R1_1_7.5mM_D0_D03,3OMG,R0,1,7.5mM,D0,D03,0,3,3,08.09.25,0.593,,
3OMG_R1_2_7.5mM_D0_D03,3OMG,R0,2,7.5mM,D0,D03,0,3,3,08.09.25,2.085,,No growth
3OMG_R1_3_7.5mM_D0_D03,3OMG,R0,3,7.5mM,D0,D03,0,3,3,08.09.25,2.971,,
3OMG_R1_4_7.5mM_D0_D03,3OMG,R0,4,7.5mM,D0,D03,0,3,3,08.09.25,3.008,,
3OMG_R1_5_7.5mM_D0_D03,3OMG,R0,5,7.5mM,D0,D03,0,3,3,08.09.25,2.505,,
3OMG_R1_6_7.5mM_D0_D03,3OMG,R0,6,7.5mM,D0,D03,0,3,3,08.09.25,3.098,,
3OMG_R1_7_7.5mM_D0_D03,3OMG,R0,7,7.5mM,D0,D03,0,3,3,08.09.25,2.43,,
3OMG_R1_8_7.5mM_D0_D03,3OMG,R0,8,7.5mM,D0,D03,0,3,3,08.09.25,2.734,,
3OMG_R1_9_7.5mM_D0_D03,3OMG,R0,9,7.5mM,D0,D03,0,3,3,08.09.25,NA,,No growth
3OMG_R1_10_7.5mM_D0_D03,3OMG,R0,10,7.5mM,D0,D03,0,3,3,08.09.25,NA,,No growth
3OMG_R1_11_7.5mM_D0_D03,3OMG,R0,11,7.5mM,D0,D03,0,3,3,08.09.25,NA,,No growth
3OMG_R1_12_7.5mM_D0_D03,3OMG,R0,12,7.5mM,D0,D03,0,3,3,08.09.25,NA,,No growth
Water_R1_1_7.5mM_D0_D03,Water,R0,1,7.5mM,D0,D03,0,3,3,08.09.25,1.795,,
Water_R1_2_7.5mM_D0_D03,Water,R0,2,7.5mM,D0,D03,0,3,3,08.09.25,2.096,,
Water_R1_3_7.5mM_D0_D03,Water,R0,3,7.5mM,D0,D03,0,3,3,08.09.25,1.017,,
Water_R1_4_7.5mM_D0_D03,Water,R0,4,7.5mM,D0,D03,0,3,3,08.09.25,2.628,,
Water_R1_5_7.5mM_D0_D03,Water,R0,5,7.5mM,D0,D03,0,3,3,08.09.25,2.208,,
Water_R1_6_7.5mM_D0_D03,Water,R0,6,7.5mM,D0,D03,0,3,3,08.09.25,1.453,,No growth
Water_R1_7_7.5mM_D0_D03,Water,R0,7,7.5mM,D0,D03,0,3,3,08.09.25,1.9,,
Water_R1_8_7.5mM_D0_D03,Water,R0,8,7.5mM,D0,D03,0,3,3,08.09.25,1.804,,No growth
Water_R1_9_7.5mM_D0_D03,Water,R0,9,7.5mM,D0,D03,0,3,3,08.09.25,NA,,No growth
Water_R1_10_7.5mM_D0_D03,Water,R0,10,7.5mM,D0,D03,0,3,3,08.09.25,NA,,No growth
Water_R1_11_7.5mM_D0_D03,Water,R0,11,7.5mM,D0,D03,0,3,3,08.09.25,NA,,No growth
Water_R1_12_7.5mM_D0_D03,Water,R0,12,7.5mM,D0,D03,0,3,3,08.09.25,NA,,No growth
3OMG_R1_1_7.5mM_D0_D04,3OMG,R0,1,7.5mM,D0,D04,0,4,4,09.09.25,1.863,,
3OMG_R1_2_7.5mM_D0_D04,3OMG,R0,2,7.5mM,D0,D04,0,4,4,09.09.25,3.814,,No growth
3OMG_R1_3_7.5mM_D0_D04,3OMG,R0,3,7.5mM,D0,D04,0,4,4,09.09.25,5.146,,
3OMG_R1_4_7.5mM_D0_D04,3OMG,R0,4,7.5mM,D0,D04,0,4,4,09.09.25,5.331,,
3OMG_R1_5_7.5mM_D0_D04,3OMG,R0,5,7.5mM,D0,D04,0,4,4,09.09.25,4.854,,
3OMG_R1_6_7.5mM_D0_D04,3OMG,R0,6,7.5mM,D0,D04,0,4,4,09.09.25,6.327,,
3OMG_R1_7_7.5mM_D0_D04,3OMG,R0,7,7.5mM,D0,D04,0,4,4,09.09.25,5.522,,
3OMG_R1_8_7.5mM_D0_D04,3OMG,R0,8,7.5mM,D0,D04,0,4,4,09.09.25,5.18,,
3OMG_R1_9_7.5mM_D0_D04,3OMG,R0,9,7.5mM,D0,D04,0,4,4,09.09.25,NA,,No growth
3OMG_R1_10_7.5mM_D0_D04,3OMG,R0,10,7.5mM,D0,D04,0,4,4,09.09.25,NA,,No growth
3OMG_R1_11_7.5mM_D0_D04,3OMG,R0,11,7.5mM,D0,D04,0,4,4,09.09.25,NA,,No growth
3OMG_R1_12_7.5mM_D0_D04,3OMG,R0,12,7.5mM,D0,D04,0,4,4,09.09.25,NA,,No growth
Water_R1_1_7.5mM_D0_D04,Water,R0,1,7.5mM,D0,D04,0,4,4,09.09.25,4.56,,
Water_R1_2_7.5mM_D0_D04,Water,R0,2,7.5mM,D0,D04,0,4,4,09.09.25,4.7,,
Water_R1_3_7.5mM_D0_D04,Water,R0,3,7.5mM,D0,D04,0,4,4,09.09.25,2.768,,
Water_R1_4_7.5mM_D0_D04,Water,R0,4,7.5mM,D0,D04,0,4,4,09.09.25,5.397,,
Water_R1_5_7.5mM_D0_D04,Water,R0,5,7.5mM,D0,D04,0,4,4,09.09.25,4.304,,
Water_R1_6_7.5mM_D0_D04,Water,R0,6,7.5mM,D0,D04,0,4,4,09.09.25,1.799,,No growth
Water_R1_7_7.5mM_D0_D04,Water,R0,7,7.5mM,D0,D04,0,4,4,09.09.25,3.859,,
Water_R1_8_7.5mM_D0_D04,Water,R0,8,7.5mM,D0,D04,0,4,4,09.09.25,3.536,,No growth
Water_R1_9_7.5mM_D0_D04,Water,R0,9,7.5mM,D0,D04,0,4,4,09.09.25,NA,,No growth
Water_R1_10_7.5mM_D0_D04,Water,R0,10,7.5mM,D0,D04,0,4,4,09.09.25,NA,,No growth
Water_R1_11_7.5mM_D0_D04,Water,R0,11,7.5mM,D0,D04,0,4,4,09.09.25,NA,,No growth
Water_R1_12_7.5mM_D0_D04,Water,R0,12,7.5mM,D0,D04,0,4,4,09.09.25,NA,,No growth
3OMG_R1_1_7.5mM_D03_D04,3OMG,R1,1,7.5mM,D03,D04,3,4,1,09.09.25,0.899,,No growth
3OMG_R1_2_7.5mM_D03_D04,3OMG,R1,2,7.5mM,D03,D04,3,4,1,09.09.25,1.77,,
3OMG_R1_3_7.5mM_D03_D04,3OMG,R1,3,7.5mM,D03,D04,3,4,1,09.09.25,2.847,,
3OMG_R1_4_7.5mM_D03_D04,3OMG,R1,4,7.5mM,D03,D04,3,4,1,09.09.25,1.448,,No growth
3OMG_R1_5_7.5mM_D03_D04,3OMG,R1,5,7.5mM,D03,D04,3,4,1,09.09.25,1.632,,
3OMG_R1_6_7.5mM_D03_D04,3OMG,R1,6,7.5mM,D03,D04,3,4,1,09.09.25,2.49,,
3OMG_R1_7_7.5mM_D03_D04,3OMG,R1,7,7.5mM,D03,D04,3,4,1,09.09.25,3.447,,
3OMG_R1_8_7.5mM_D03_D04,3OMG,R1,8,7.5mM,D03,D04,3,4,1,09.09.25,2.355,,
3OMG_R1_9_7.5mM_D03_D04,3OMG,R1,9,7.5mM,D03,D04,3,4,1,09.09.25,2.643,,
3OMG_R1_10_7.5mM_D03_D04,3OMG,R1,10,7.5mM,D03,D04,3,4,1,09.09.25,0.508,,No growth
3OMG_R1_11_7.5mM_D03_D04,3OMG,R1,11,7.5mM,D03,D04,3,4,1,09.09.25,0.678,,No growth
3OMG_R1_12_7.5mM_D03_D04,3OMG,R1,12,7.5mM,D03,D04,3,4,1,09.09.25,1.886,,
Water_R1_1_7.5mM_D03_D04,Water,R1,1,7.5mM,D03,D04,3,4,1,09.09.25,2.469,,
Water_R1_2_7.5mM_D03_D04,Water,R1,2,7.5mM,D03,D04,3,4,1,09.09.25,1.719,,
Water_R1_3_7.5mM_D03_D04,Water,R1,3,7.5mM,D03,D04,3,4,1,09.09.25,0.424,,No growth
Water_R1_4_7.5mM_D03_D04,Water,R1,4,7.5mM,D03,D04,3,4,1,09.09.25,2.629,,
Water_R1_5_7.5mM_D03_D04,Water,R1,5,7.5mM,D03,D04,3,4,1,09.09.25,3.338,,
Water_R1_6_7.5mM_D03_D04,Water,R1,6,7.5mM,D03,D04,3,4,1,09.09.25,0.805,,No growth
Water_R1_7_7.5mM_D03_D04,Water,R1,7,7.5mM,D03,D04,3,4,1,09.09.25,2.393,,
Water_R1_8_7.5mM_D03_D04,Water,R1,8,7.5mM,D03,D04,3,4,1,09.09.25,0.424,,No growth
Water_R1_9_7.5mM_D03_D04,Water,R1,9,7.5mM,D03,D04,3,4,1,09.09.25,2.634,,
Water_R1_10_7.5mM_D03_D04,Water,R1,10,7.5mM,D03,D04,3,4,1,09.09.25,1.764,,
Water_R1_11_7.5mM_D03_D04,Water,R1,11,7.5mM,D03,D04,3,4,1,09.09.25,2.392,,
Water_R1_12_7.5mM_D03_D04,Water,R1,12,7.5mM,D03,D04,3,4,1,09.09.25,2.921,,
3OMG_R1_1_7.5mM_D0_D05,3OMG,R0,1,7.5mM,D0,D05,0,5,5,10.09.25,3.284,,
3OMG_R1_2_7.5mM_D0_D05,3OMG,R0,2,7.5mM,D0,D05,0,5,5,10.09.25,4.519,,No growth
3OMG_R1_3_7.5mM_D0_D05,3OMG,R0,3,7.5mM,D0,D05,0,5,5,10.09.25,7.298,,
3OMG_R1_4_7.5mM_D0_D05,3OMG,R0,4,7.5mM,D0,D05,0,5,5,10.09.25,7.814,,
3OMG_R1_5_7.5mM_D0_D05,3OMG,R0,5,7.5mM,D0,D05,0,5,5,10.09.25,6.703,,
3OMG_R1_6_7.5mM_D0_D05,3OMG,R0,6,7.5mM,D0,D05,0,5,5,10.09.25,9.385,,
3OMG_R1_7_7.5mM_D0_D05,3OMG,R0,7,7.5mM,D0,D05,0,5,5,10.09.25,8.777,,
3OMG_R1_8_7.5mM_D0_D05,3OMG,R0,8,7.5mM,D0,D05,0,5,5,10.09.25,7.41,,
3OMG_R1_9_7.5mM_D0_D05,3OMG,R0,9,7.5mM,D0,D05,0,5,5,10.09.25,NA,,No growth
3OMG_R1_10_7.5mM_D0_D05,3OMG,R0,10,7.5mM,D0,D05,0,5,5,10.09.25,NA,,No growth
3OMG_R1_11_7.5mM_D0_D05,3OMG,R0,11,7.5mM,D0,D05,0,5,5,10.09.25,NA,,No growth
3OMG_R1_12_7.5mM_D0_D05,3OMG,R0,12,7.5mM,D0,D05,0,5,5,10.09.25,NA,,No growth
Water_R1_1_7.5mM_D0_D05,Water,R0,1,7.5mM,D0,D05,0,5,5,10.09.25,7.19,,
Water_R1_2_7.5mM_D0_D05,Water,R0,2,7.5mM,D0,D05,0,5,5,10.09.25,7.568,,
Water_R1_3_7.5mM_D0_D05,Water,R0,3,7.5mM,D0,D05,0,5,5,10.09.25,3.473,,
Water_R1_4_7.5mM_D0_D05,Water,R0,4,7.5mM,D0,D05,0,5,5,10.09.25,8.815,,
Water_R1_5_7.5mM_D0_D05,Water,R0,5,7.5mM,D0,D05,0,5,5,10.09.25,6.529,,
Water_R1_6_7.5mM_D0_D05,Water,R0,6,7.5mM,D0,D05,0,5,5,10.09.25,1.249,,No growth
Water_R1_7_7.5mM_D0_D05,Water,R0,7,7.5mM,D0,D05,0,5,5,10.09.25,6.375,,
Water_R1_8_7.5mM_D0_D05,Water,R0,8,7.5mM,D0,D05,0,5,5,10.09.25,3.849,,No growth
Water_R1_9_7.5mM_D0_D05,Water,R0,9,7.5mM,D0,D05,0,5,5,10.09.25,NA,,No growth
Water_R1_10_7.5mM_D0_D05,Water,R0,10,7.5mM,D0,D05,0,5,5,10.09.25,NA,,No growth
Water_R1_11_7.5mM_D0_D05,Water,R0,11,7.5mM,D0,D05,0,5,5,10.09.25,NA,,No growth
Water_R1_12_7.5mM_D0_D05,Water,R0,12,7.5mM,D0,D05,0,5,5,10.09.25,NA,,No growth
3OMG_R1_1_7.5mM_D03_D05,3OMG,R1,1,7.5mM,D03,D05,3,5,2,10.09.25,1.282,,No growth
3OMG_R1_2_7.5mM_D03_D05,3OMG,R1,2,7.5mM,D03,D05,3,5,2,10.09.25,4.354,,
3OMG_R1_3_7.5mM_D03_D05,3OMG,R1,3,7.5mM,D03,D05,3,5,2,10.09.25,4.84,,
3OMG_R1_4_7.5mM_D03_D05,3OMG,R1,4,7.5mM,D03,D05,3,5,2,10.09.25,1.445,,No growth
3OMG_R1_5_7.5mM_D03_D05,3OMG,R1,5,7.5mM,D03,D05,3,5,2,10.09.25,3.412,,
3OMG_R1_6_7.5mM_D03_D05,3OMG,R1,6,7.5mM,D03,D05,3,5,2,10.09.25,5.156,,
3OMG_R1_7_7.5mM_D03_D05,3OMG,R1,7,7.5mM,D03,D05,3,5,2,10.09.25,5.814,,
3OMG_R1_8_7.5mM_D03_D05,3OMG,R1,8,7.5mM,D03,D05,3,5,2,10.09.25,4.663,,
3OMG_R1_9_7.5mM_D03_D05,3OMG,R1,9,7.5mM,D03,D05,3,5,2,10.09.25,5.468,,
3OMG_R1_10_7.5mM_D03_D05,3OMG,R1,10,7.5mM,D03,D05,3,5,2,10.09.25,0.769,,No growth
3OMG_R1_11_7.5mM_D03_D05,3OMG,R1,11,7.5mM,D03,D05,3,5,2,10.09.25,1.086,,No growth
3OMG_R1_12_7.5mM_D03_D05,3OMG,R1,12,7.5mM,D03,D05,3,5,2,10.09.25,3.476,,
Water_R1_1_7.5mM_D03_D05,Water,R1,1,7.5mM,D03,D05,3,5,2,10.09.25,4.794,,
Water_R1_2_7.5mM_D03_D05,Water,R1,2,7.5mM,D03,D05,3,5,2,10.09.25,4.315,,
Water_R1_3_7.5mM_D03_D05,Water,R1,3,7.5mM,D03,D05,3,5,2,10.09.25,0.342,,No growth
Water_R1_4_7.5mM_D03_D05,Water,R1,4,7.5mM,D03,D05,3,5,2,10.09.25,3.198,,
Water_R1_5_7.5mM_D03_D05,Water,R1,5,7.5mM,D03,D05,3,5,2,10.09.25,5.085,,
Water_R1_6_7.5mM_D03_D05,Water,R1,6,7.5mM,D03,D05,3,5,2,10.09.25,1.197,,No growth
Water_R1_7_7.5mM_D03_D05,Water,R1,7,7.5mM,D03,D05,3,5,2,10.09.25,4.54,,
Water_R1_8_7.5mM_D03_D05,Water,R1,8,7.5mM,D03,D05,3,5,2,10.09.25,0.631,,No growth
Water_R1_9_7.5mM_D03_D05,Water,R1,9,7.5mM,D03,D05,3,5,2,10.09.25,5.449,,
Water_R1_10_7.5mM_D03_D05,Water,R1,10,7.5mM,D03,D05,3,5,2,10.09.25,4.615,,
Water_R1_11_7.5mM_D03_D05,Water,R1,11,7.5mM,D03,D05,3,5,2,10.09.25,5.012,,
Water_R1_12_7.5mM_D03_D05,Water,R1,12,7.5mM,D03,D05,3,5,2,10.09.25,6.584,,
3OMG_R1_1_7.5mM_D0_D06,3OMG,R0,1,7.5mM,D0,D06,0,6,6,11.09.25,4.847,,
3OMG_R1_2_7.5mM_D0_D06,3OMG,R0,2,7.5mM,D0,D06,0,6,6,11.09.25,3.834,,No growth
3OMG_R1_3_7.5mM_D0_D06,3OMG,R0,3,7.5mM,D0,D06,0,6,6,11.09.25,10.774,,
3OMG_R1_4_7.5mM_D0_D06,3OMG,R0,4,7.5mM,D0,D06,0,6,6,11.09.25,11.57,,
3OMG_R1_5_7.5mM_D0_D06,3OMG,R0,5,7.5mM,D0,D06,0,6,6,11.09.25,10.284,,
3OMG_R1_6_7.5mM_D0_D06,3OMG,R0,6,7.5mM,D0,D06,0,6,6,11.09.25,14.036,,
3OMG_R1_7_7.5mM_D0_D06,3OMG,R0,7,7.5mM,D0,D06,0,6,6,11.09.25,12.839,,
3OMG_R1_8_7.5mM_D0_D06,3OMG,R0,8,7.5mM,D0,D06,0,6,6,11.09.25,10.898,,
3OMG_R1_9_7.5mM_D0_D06,3OMG,R0,9,7.5mM,D0,D06,0,6,6,11.09.25,NA,,No growth
3OMG_R1_10_7.5mM_D0_D06,3OMG,R0,10,7.5mM,D0,D06,0,6,6,11.09.25,NA,,No growth
3OMG_R1_11_7.5mM_D0_D06,3OMG,R0,11,7.5mM,D0,D06,0,6,6,11.09.25,NA,,No growth
3OMG_R1_12_7.5mM_D0_D06,3OMG,R0,12,7.5mM,D0,D06,0,6,6,11.09.25,NA,,No growth
Water_R1_1_7.5mM_D0_D06,Water,R0,1,7.5mM,D0,D06,0,6,6,11.09.25,10.343,,
Water_R1_2_7.5mM_D0_D06,Water,R0,2,7.5mM,D0,D06,0,6,6,11.09.25,10.966,,
Water_R1_3_7.5mM_D0_D06,Water,R0,3,7.5mM,D0,D06,0,6,6,11.09.25,3.728,,
Water_R1_4_7.5mM_D0_D06,Water,R0,4,7.5mM,D0,D06,0,6,6,11.09.25,12.968,,
Water_R1_5_7.5mM_D0_D06,Water,R0,5,7.5mM,D0,D06,0,6,6,11.09.25,9.37,,
Water_R1_6_7.5mM_D0_D06,Water,R0,6,7.5mM,D0,D06,0,6,6,11.09.25,1.118,,No growth
Water_R1_7_7.5mM_D0_D06,Water,R0,7,7.5mM,D0,D06,0,6,6,11.09.25,9.809,,
Water_R1_8_7.5mM_D0_D06,Water,R0,8,7.5mM,D0,D06,0,6,6,11.09.25,4.131,,No growth
Water_R1_9_7.5mM_D0_D06,Water,R0,9,7.5mM,D0,D06,0,6,6,11.09.25,NA,,No growth
Water_R1_10_7.5mM_D0_D06,Water,R0,10,7.5mM,D0,D06,0,6,6,11.09.25,NA,,No growth
Water_R1_11_7.5mM_D0_D06,Water,R0,11,7.5mM,D0,D06,0,6,6,11.09.25,NA,,No growth
Water_R1_12_7.5mM_D0_D06,Water,R0,12,7.5mM,D0,D06,0,6,6,11.09.25,NA,,No growth
3OMG_R1_1_7.5mM_D03_D06,3OMG,R1,1,7.5mM,D03,D06,3,6,3,11.09.25,1.215,,No growth
3OMG_R1_2_7.5mM_D03_D06,3OMG,R1,2,7.5mM,D03,D06,3,6,3,11.09.25,6.81,,
3OMG_R1_3_7.5mM_D03_D06,3OMG,R1,3,7.5mM,D03,D06,3,6,3,11.09.25,8.412,,
3OMG_R1_4_7.5mM_D03_D06,3OMG,R1,4,7.5mM,D03,D06,3,6,3,11.09.25,1.405,,No growth
3OMG_R1_5_7.5mM_D03_D06,3OMG,R1,5,7.5mM,D03,D06,3,6,3,11.09.25,5.99,,
3OMG_R1_6_7.5mM_D03_D06,3OMG,R1,6,7.5mM,D03,D06,3,6,3,11.09.25,9.06,,
3OMG_R1_7_7.5mM_D03_D06,3OMG,R1,7,7.5mM,D03,D06,3,6,3,11.09.25,10.186,,
3OMG_R1_8_7.5mM_D03_D06,3OMG,R1,8,7.5mM,D03,D06,3,6,3,11.09.25,8.194,,
3OMG_R1_9_7.5mM_D03_D06,3OMG,R1,9,7.5mM,D03,D06,3,6,3,11.09.25,9.241,,
3OMG_R1_10_7.5mM_D03_D06,3OMG,R1,10,7.5mM,D03,D06,3,6,3,11.09.25,0.72,,No growth
3OMG_R1_11_7.5mM_D03_D06,3OMG,R1,11,7.5mM,D03,D06,3,6,3,11.09.25,0.678,,No growth
3OMG_R1_12_7.5mM_D03_D06,3OMG,R1,12,7.5mM,D03,D06,3,6,3,11.09.25,7.403,,
Water_R1_1_7.5mM_D03_D06,Water,R1,1,7.5mM,D03,D06,3,6,3,11.09.25,7.861,,
Water_R1_2_7.5mM_D03_D06,Water,R1,2,7.5mM,D03,D06,3,6,3,11.09.25,6.299,,
Water_R1_3_7.5mM_D03_D06,Water,R1,3,7.5mM,D03,D06,3,6,3,11.09.25,0.779,,No growth
Water_R1_4_7.5mM_D03_D06,Water,R1,4,7.5mM,D03,D06,3,6,3,11.09.25,5.094,,
Water_R1_5_7.5mM_D03_D06,Water,R1,5,7.5mM,D03,D06,3,6,3,11.09.25,7.818,,
Water_R1_6_7.5mM_D03_D06,Water,R1,6,7.5mM,D03,D06,3,6,3,11.09.25,0.863,,No growth
Water_R1_7_7.5mM_D03_D06,Water,R1,7,7.5mM,D03,D06,3,6,3,11.09.25,8.414,,
Water_R1_8_7.5mM_D03_D06,Water,R1,8,7.5mM,D03,D06,3,6,3,11.09.25,1.304,,No growth
Water_R1_9_7.5mM_D03_D06,Water,R1,9,7.5mM,D03,D06,3,6,3,11.09.25,8.635,,
Water_R1_10_7.5mM_D03_D06,Water,R1,10,7.5mM,D03,D06,3,6,3,11.09.25,7.281,,
Water_R1_11_7.5mM_D03_D06,Water,R1,11,7.5mM,D03,D06,3,6,3,11.09.25,9.448,,
Water_R1_12_7.5mM_D03_D06,Water,R1,12,7.5mM,D03,D06,3,6,3,11.09.25,10.108,,
3OMG_R1_1_7.5mM_D0_D07,3OMG,R0,1,7.5mM,D0,D07,0,7,7,12.09.25,5.969,,
3OMG_R1_2_7.5mM_D0_D07,3OMG,R0,2,7.5mM,D0,D07,0,7,7,12.09.25,4.407,,No growth
3OMG_R1_3_7.5mM_D0_D07,3OMG,R0,3,7.5mM,D0,D07,0,7,7,12.09.25,16.745,,
3OMG_R1_4_7.5mM_D0_D07,3OMG,R0,4,7.5mM,D0,D07,0,7,7,12.09.25,16.277,,
3OMG_R1_5_7.5mM_D0_D07,3OMG,R0,5,7.5mM,D0,D07,0,7,7,12.09.25,15.399,,
3OMG_R1_6_7.5mM_D0_D07,3OMG,R0,6,7.5mM,D0,D07,0,7,7,12.09.25,20.47,,
3OMG_R1_7_7.5mM_D0_D07,3OMG,R0,7,7.5mM,D0,D07,0,7,7,12.09.25,18.806,,
3OMG_R1_8_7.5mM_D0_D07,3OMG,R0,8,7.5mM,D0,D07,0,7,7,12.09.25,15.602,,
3OMG_R1_9_7.5mM_D0_D07,3OMG,R0,9,7.5mM,D0,D07,0,7,7,12.09.25,NA,,No growth
3OMG_R1_10_7.5mM_D0_D07,3OMG,R0,10,7.5mM,D0,D07,0,7,7,12.09.25,NA,,No growth
3OMG_R1_11_7.5mM_D0_D07,3OMG,R0,11,7.5mM,D0,D07,0,7,7,12.09.25,NA,,No growth
3OMG_R1_12_7.5mM_D0_D07,3OMG,R0,12,7.5mM,D0,D07,0,7,7,12.09.25,NA,,No growth
Water_R1_1_7.5mM_D0_D07,Water,R0,1,7.5mM,D0,D07,0,7,7,12.09.25,14.401,,
Water_R1_2_7.5mM_D0_D07,Water,R0,2,7.5mM,D0,D07,0,7,7,12.09.25,15.807,,
Water_R1_3_7.5mM_D0_D07,Water,R0,3,7.5mM,D0,D07,0,7,7,12.09.25,4.435,,
Water_R1_4_7.5mM_D0_D07,Water,R0,4,7.5mM,D0,D07,0,7,7,12.09.25,18.509,,
Water_R1_5_7.5mM_D0_D07,Water,R0,5,7.5mM,D0,D07,0,7,7,12.09.25,13.868,,
Water_R1_6_7.5mM_D0_D07,Water,R0,6,7.5mM,D0,D07,0,7,7,12.09.25,1.78,,
Water_R1_7_7.5mM_D0_D07,Water,R0,7,7.5mM,D0,D07,0,7,7,12.09.25,13.887,,
Water_R1_8_7.5mM_D0_D07,Water,R0,8,7.5mM,D0,D07,0,7,7,12.09.25,4.281,,No growth
Water_R1_9_7.5mM_D0_D07,Water,R0,9,7.5mM,D0,D07,0,7,7,12.09.25,NA,,No growth
Water_R1_10_7.5mM_D0_D07,Water,R0,10,7.5mM,D0,D07,0,7,7,12.09.25,NA,,No growth
Water_R1_11_7.5mM_D0_D07,Water,R0,11,7.5mM,D0,D07,0,7,7,12.09.25,NA,,No growth
Water_R1_12_7.5mM_D0_D07,Water,R0,12,7.5mM,D0,D07,0,7,7,12.09.25,NA,,No growth
3OMG_R1_1_7.5mM_D03_D07,3OMG,R1,1,7.5mM,D03,D07,3,7,4,12.09.25,1.539,,No growth
3OMG_R1_2_7.5mM_D03_D07,3OMG,R1,2,7.5mM,D03,D07,3,7,4,12.09.25,10.659,,
3OMG_R1_3_7.5mM_D03_D07,3OMG,R1,3,7.5mM,D03,D07,3,7,4,12.09.25,12.971,,
3OMG_R1_4_7.5mM_D03_D07,3OMG,R1,4,7.5mM,D03,D07,3,7,4,12.09.25,1.484,,No growth
3OMG_R1_5_7.5mM_D03_D07,3OMG,R1,5,7.5mM,D03,D07,3,7,4,12.09.25,9.521,,
3OMG_R1_6_7.5mM_D03_D07,3OMG,R1,6,7.5mM,D03,D07,3,7,4,12.09.25,13.85,,
3OMG_R1_7_7.5mM_D03_D07,3OMG,R1,7,7.5mM,D03,D07,3,7,4,12.09.25,15.458,,
3OMG_R1_8_7.5mM_D03_D07,3OMG,R1,8,7.5mM,D03,D07,3,7,4,12.09.25,12.684,,
3OMG_R1_9_7.5mM_D03_D07,3OMG,R1,9,7.5mM,D03,D07,3,7,4,12.09.25,14.729,,
3OMG_R1_10_7.5mM_D03_D07,3OMG,R1,10,7.5mM,D03,D07,3,7,4,12.09.25,1.073,,No growth
3OMG_R1_11_7.5mM_D03_D07,3OMG,R1,11,7.5mM,D03,D07,3,7,4,12.09.25,0.678,,No growth
3OMG_R1_12_7.5mM_D03_D07,3OMG,R1,12,7.5mM,D03,D07,3,7,4,12.09.25,10.206,,
Water_R1_1_7.5mM_D03_D07,Water,R1,1,7.5mM,D03,D07,3,7,4,12.09.25,12.481,,
Water_R1_2_7.5mM_D03_D07,Water,R1,2,7.5mM,D03,D07,3,7,4,12.09.25,9.439,,
Water_R1_3_7.5mM_D03_D07,Water,R1,3,7.5mM,D03,D07,3,7,4,12.09.25,0.522,,No growth
Water_R1_4_7.5mM_D03_D07,Water,R1,4,7.5mM,D03,D07,3,7,4,12.09.25,6.212,,
Water_R1_5_7.5mM_D03_D07,Water,R1,5,7.5mM,D03,D07,3,7,4,12.09.25,12.109,,
Water_R1_6_7.5mM_D03_D07,Water,R1,6,7.5mM,D03,D07,3,7,4,12.09.25,0.847,,No growth
Water_R1_7_7.5mM_D03_D07,Water,R1,7,7.5mM,D03,D07,3,7,4,12.09.25,12.096,,
Water_R1_8_7.5mM_D03_D07,Water,R1,8,7.5mM,D03,D07,3,7,4,12.09.25,1.037,,No growth
Water_R1_9_7.5mM_D03_D07,Water,R1,9,7.5mM,D03,D07,3,7,4,12.09.25,13.545,,
Water_R1_10_7.5mM_D03_D07,Water,R1,10,7.5mM,D03,D07,3,7,4,12.09.25,11.64,,
Water_R1_11_7.5mM_D03_D07,Water,R1,11,7.5mM,D03,D07,3,7,4,12.09.25,15.141,,
Water_R1_12_7.5mM_D03_D07,Water,R1,12,7.5mM,D03,D07,3,7,4,12.09.25,15.412,,
3OMG_R1_1_7.5mM_D0_D09,3OMG,R0,1,7.5mM,D0,D09,0,9,9,14.09.25,8.525,,
3OMG_R1_2_7.5mM_D0_D09,3OMG,R0,2,7.5mM,D0,D09,0,9,9,14.09.25,3.784,,No growth
3OMG_R1_3_7.5mM_D0_D09,3OMG,R0,3,7.5mM,D0,D09,0,9,9,14.09.25,24.895,,
3OMG_R1_4_7.5mM_D0_D09,3OMG,R0,4,7.5mM,D0,D09,0,9,9,14.09.25,24.698,,
3OMG_R1_5_7.5mM_D0_D09,3OMG,R0,5,7.5mM,D0,D09,0,9,9,14.09.25,24.445,,
3OMG_R1_6_7.5mM_D0_D09,3OMG,R0,6,7.5mM,D0,D09,0,9,9,14.09.25,29.899,,
3OMG_R1_7_7.5mM_D0_D09,3OMG,R0,7,7.5mM,D0,D09,0,9,9,14.09.25,28.704,,
3OMG_R1_8_7.5mM_D0_D09,3OMG,R0,8,7.5mM,D0,D09,0,9,9,14.09.25,23.143,,
3OMG_R1_9_7.5mM_D0_D09,3OMG,R0,9,7.5mM,D0,D09,0,9,9,14.09.25,NA,,No growth
3OMG_R1_10_7.5mM_D0_D09,3OMG,R0,10,7.5mM,D0,D09,0,9,9,14.09.25,NA,,No growth
3OMG_R1_11_7.5mM_D0_D09,3OMG,R0,11,7.5mM,D0,D09,0,9,9,14.09.25,NA,,No growth
3OMG_R1_12_7.5mM_D0_D09,3OMG,R0,12,7.5mM,D0,D09,0,9,9,14.09.25,NA,,No growth
Water_R1_1_7.5mM_D0_D09,Water,R0,1,7.5mM,D0,D09,0,9,9,14.09.25,22.689,,
Water_R1_2_7.5mM_D0_D09,Water,R0,2,7.5mM,D0,D09,0,9,9,14.09.25,25.428,,
Water_R1_3_7.5mM_D0_D09,Water,R0,3,7.5mM,D0,D09,0,9,9,14.09.25,7.198,,
Water_R1_4_7.5mM_D0_D09,Water,R0,4,7.5mM,D0,D09,0,9,9,14.09.25,27.606,,
Water_R1_5_7.5mM_D0_D09,Water,R0,5,7.5mM,D0,D09,0,9,9,14.09.25,22.301,,
Water_R1_6_7.5mM_D0_D09,Water,R0,6,7.5mM,D0,D09,0,9,9,14.09.25,1.538,,No growth
Water_R1_7_7.5mM_D0_D09,Water,R0,7,7.5mM,D0,D09,0,9,9,14.09.25,22.592,,
Water_R1_8_7.5mM_D0_D09,Water,R0,8,7.5mM,D0,D09,0,9,9,14.09.25,2.906,,No growth
Water_R1_9_7.5mM_D0_D09,Water,R0,9,7.5mM,D0,D09,0,9,9,14.09.25,NA,,No growth
Water_R1_10_7.5mM_D0_D09,Water,R0,10,7.5mM,D0,D09,0,9,9,14.09.25,NA,,No growth
Water_R1_11_7.5mM_D0_D09,Water,R0,11,7.5mM,D0,D09,0,9,9,14.09.25,NA,,No growth
Water_R1_12_7.5mM_D0_D09,Water,R0,12,7.5mM,D0,D09,0,9,9,14.09.25,NA,,No growth
3OMG_R1_1_7.5mM_D03_D09,3OMG,R1,1,7.5mM,D03,D09,3,9,6,14.09.25,22.184,,No growth
3OMG_R1_2_7.5mM_D03_D09,3OMG,R1,2,7.5mM,D03,D09,3,9,6,14.09.25,17.711,,
3OMG_R1_3_7.5mM_D03_D09,3OMG,R1,3,7.5mM,D03,D09,3,9,6,14.09.25,0.427,,
3OMG_R1_4_7.5mM_D03_D09,3OMG,R1,4,7.5mM,D03,D09,3,9,6,14.09.25,9.437,,No growth
3OMG_R1_5_7.5mM_D03_D09,3OMG,R1,5,7.5mM,D03,D09,3,9,6,14.09.25,21.746,,
3OMG_R1_6_7.5mM_D03_D09,3OMG,R1,6,7.5mM,D03,D09,3,9,6,14.09.25,1.026,,
3OMG_R1_7_7.5mM_D03_D09,3OMG,R1,7,7.5mM,D03,D09,3,9,6,14.09.25,22.209,,
3OMG_R1_8_7.5mM_D03_D09,3OMG,R1,8,7.5mM,D03,D09,3,9,6,14.09.25,0.66,,
3OMG_R1_9_7.5mM_D03_D09,3OMG,R1,9,7.5mM,D03,D09,3,9,6,14.09.25,26.959,,
3OMG_R1_10_7.5mM_D03_D09,3OMG,R1,10,7.5mM,D03,D09,3,9,6,14.09.25,22.366,,No growth
3OMG_R1_11_7.5mM_D03_D09,3OMG,R1,11,7.5mM,D03,D09,3,9,6,14.09.25,28.088,,No growth
3OMG_R1_12_7.5mM_D03_D09,3OMG,R1,12,7.5mM,D03,D09,3,9,6,14.09.25,28.376,,
Water_R1_1_7.5mM_D03_D09,Water,R1,1,7.5mM,D03,D09,3,9,6,14.09.25,2.238,,
Water_R1_2_7.5mM_D03_D09,Water,R1,2,7.5mM,D03,D09,3,9,6,14.09.25,19.635,,
Water_R1_3_7.5mM_D03_D09,Water,R1,3,7.5mM,D03,D09,3,9,6,14.09.25,23.474,,No growth
Water_R1_4_7.5mM_D03_D09,Water,R1,4,7.5mM,D03,D09,3,9,6,14.09.25,1.716,,
Water_R1_5_7.5mM_D03_D09,Water,R1,5,7.5mM,D03,D09,3,9,6,14.09.25,18.969,,
Water_R1_6_7.5mM_D03_D09,Water,R1,6,7.5mM,D03,D09,3,9,6,14.09.25,25.204,,No growth
Water_R1_7_7.5mM_D03_D09,Water,R1,7,7.5mM,D03,D09,3,9,6,14.09.25,26.974,,
Water_R1_8_7.5mM_D03_D09,Water,R1,8,7.5mM,D03,D09,3,9,6,14.09.25,22.958,,No growth
Water_R1_9_7.5mM_D03_D09,Water,R1,9,7.5mM,D03,D09,3,9,6,14.09.25,24.201,,
Water_R1_10_7.5mM_D03_D09,Water,R1,10,7.5mM,D03,D09,3,9,6,14.09.25,3.02,,
Water_R1_11_7.5mM_D03_D09,Water,R1,11,7.5mM,D03,D09,3,9,6,14.09.25,1.117,,
Water_R1_12_7.5mM_D03_D09,Water,R1,12,7.5mM,D03,D09,3,9,6,14.09.25,20.277,,
3OMG_R1_1_7.5mM_D07_D09,3OMG,R1,1,7.5mM,D07,D09,7,9,2,14.09.25,NA,Can't find pictures,
3OMG_R1_2_7.5mM_D07_D09,3OMG,R1,2,7.5mM,D07,D09,7,9,2,14.09.25,NA,Can't find pictures,
3OMG_R1_3_7.5mM_D07_D09,3OMG,R1,3,7.5mM,D07,D09,7,9,2,14.09.25,NA,Can't find pictures,
3OMG_R1_4_7.5mM_D07_D09,3OMG,R1,4,7.5mM,D07,D09,7,9,2,14.09.25,NA,Can't find pictures,
3OMG_R1_5_7.5mM_D07_D09,3OMG,R1,5,7.5mM,D07,D09,7,9,2,14.09.25,NA,Can't find pictures,
3OMG_R1_6_7.5mM_D07_D09,3OMG,R1,6,7.5mM,D07,D09,7,9,2,14.09.25,NA,Can't find pictures,
3OMG_R1_7_7.5mM_D07_D09,3OMG,R1,7,7.5mM,D07,D09,7,9,2,14.09.25,NA,Can't find pictures,
3OMG_R1_8_7.5mM_D07_D09,3OMG,R1,8,7.5mM,D07,D09,7,9,2,14.09.25,NA,Can't find pictures,
3OMG_R1_9_7.5mM_D07_D09,3OMG,R1,9,7.5mM,D07,D09,7,9,2,14.09.25,NA,Can't find pictures,
3OMG_R1_10_7.5mM_D07_D09,3OMG,R1,10,7.5mM,D07,D09,7,9,2,14.09.25,NA,Can't find pictures,
3OMG_R1_11_7.5mM_D07_D09,3OMG,R1,11,7.5mM,D07,D09,7,9,2,14.09.25,NA,Can't find pictures,
3OMG_R1_12_7.5mM_D07_D09,3OMG,R1,12,7.5mM,D07,D09,7,9,2,14.09.25,NA,Can't find pictures,
Water_R1_1_7.5mM_D07_D09,Water,R1,1,7.5mM,D07,D09,7,9,2,14.09.25,NA,Can't find pictures,
Water_R1_2_7.5mM_D07_D09,Water,R1,2,7.5mM,D07,D09,7,9,2,14.09.25,NA,Can't find pictures,
Water_R1_3_7.5mM_D07_D09,Water,R1,3,7.5mM,D07,D09,7,9,2,14.09.25,NA,Can't find pictures,
Water_R1_4_7.5mM_D07_D09,Water,R1,4,7.5mM,D07,D09,7,9,2,14.09.25,NA,Can't find pictures,
Water_R1_5_7.5mM_D07_D09,Water,R1,5,7.5mM,D07,D09,7,9,2,14.09.25,NA,Can't find pictures,
Water_R1_6_7.5mM_D07_D09,Water,R1,6,7.5mM,D07,D09,7,9,2,14.09.25,NA,Can't find pictures,
Water_R1_7_7.5mM_D07_D09,Water,R1,7,7.5mM,D07,D09,7,9,2,14.09.25,NA,Can't find pictures,
Water_R1_8_7.5mM_D07_D09,Water,R1,8,7.5mM,D07,D09,7,9,2,14.09.25,NA,Can't find pictures,
Water_R1_9_7.5mM_D07_D09,Water,R1,9,7.5mM,D07,D09,7,9,2,14.09.25,NA,Can't find pictures,
Water_R1_10_7.5mM_D07_D09,Water,R1,10,7.5mM,D07,D09,7,9,2,14.09.25,NA,Can't find pictures,
Water_R1_11_7.5mM_D07_D09,Water,R1,11,7.5mM,D07,D09,7,9,2,14.09.25,NA,Can't find pictures,
Water_R1_12_7.5mM_D07_D09,Water,R1,12,7.5mM,D07,D09,7,9,2,14.09.25,NA,Can't find pictures,
3OMG_R1_1_7.5mM_D0_D10,3OMG,R0,1,7.5mM,D0,D10,0,10,10,15.09.25,12.516,,
3OMG_R1_2_7.5mM_D0_D10,3OMG,R0,2,7.5mM,D0,D10,0,10,10,15.09.25,4.255,,No growth
3OMG_R1_3_7.5mM_D0_D10,3OMG,R0,3,7.5mM,D0,D10,0,10,10,15.09.25,29.447,,
3OMG_R1_4_7.5mM_D0_D10,3OMG,R0,4,7.5mM,D0,D10,0,10,10,15.09.25,28.518,,
3OMG_R1_5_7.5mM_D0_D10,3OMG,R0,5,7.5mM,D0,D10,0,10,10,15.09.25,28.388,,
3OMG_R1_6_7.5mM_D0_D10,3OMG,R0,6,7.5mM,D0,D10,0,10,10,15.09.25,34.664,,
3OMG_R1_7_7.5mM_D0_D10,3OMG,R0,7,7.5mM,D0,D10,0,10,10,15.09.25,35.016,,
3OMG_R1_8_7.5mM_D0_D10,3OMG,R0,8,7.5mM,D0,D10,0,10,10,15.09.25,28.189,,
3OMG_R1_9_7.5mM_D0_D10,3OMG,R0,9,7.5mM,D0,D10,0,10,10,15.09.25,NA,,No growth
3OMG_R1_10_7.5mM_D0_D10,3OMG,R0,10,7.5mM,D0,D10,0,10,10,15.09.25,NA,,No growth
3OMG_R1_11_7.5mM_D0_D10,3OMG,R0,11,7.5mM,D0,D10,0,10,10,15.09.25,NA,,No growth
3OMG_R1_12_7.5mM_D0_D10,3OMG,R0,12,7.5mM,D0,D10,0,10,10,15.09.25,NA,,No growth
Water_R1_1_7.5mM_D0_D10,Water,R0,1,7.5mM,D0,D10,0,10,10,15.09.25,28.253,,
Water_R1_2_7.5mM_D0_D10,Water,R0,2,7.5mM,D0,D10,0,10,10,15.09.25,31.451,,
Water_R1_3_7.5mM_D0_D10,Water,R0,3,7.5mM,D0,D10,0,10,10,15.09.25,10.075,,
Water_R1_4_7.5mM_D0_D10,Water,R0,4,7.5mM,D0,D10,0,10,10,15.09.25,35.106,,
Water_R1_5_7.5mM_D0_D10,Water,R0,5,7.5mM,D0,D10,0,10,10,15.09.25,25.939,,
Water_R1_6_7.5mM_D0_D10,Water,R0,6,7.5mM,D0,D10,0,10,10,15.09.25,1.396,,No growth
Water_R1_7_7.5mM_D0_D10,Water,R0,7,7.5mM,D0,D10,0,10,10,15.09.25,28.392,,
Water_R1_8_7.5mM_D0_D10,Water,R0,8,7.5mM,D0,D10,0,10,10,15.09.25,3.248,,No growth
Water_R1_9_7.5mM_D0_D10,Water,R0,9,7.5mM,D0,D10,0,10,10,15.09.25,NA,,No growth
Water_R1_10_7.5mM_D0_D10,Water,R0,10,7.5mM,D0,D10,0,10,10,15.09.25,NA,,No growth
Water_R1_11_7.5mM_D0_D10,Water,R0,11,7.5mM,D0,D10,0,10,10,15.09.25,NA,,No growth
Water_R1_12_7.5mM_D0_D10,Water,R0,12,7.5mM,D0,D10,0,10,10,15.09.25,NA,,No growth
3OMG_R1_1_7.5mM_D03_D10,3OMG,R1,1,7.5mM,D03,D10,3,10,7,15.09.25,2.396,,No growth
3OMG_R1_2_7.5mM_D03_D10,3OMG,R1,2,7.5mM,D03,D10,3,10,7,15.09.25,27.139,,
3OMG_R1_3_7.5mM_D03_D10,3OMG,R1,3,7.5mM,D03,D10,3,10,7,15.09.25,29.123,,
3OMG_R1_4_7.5mM_D03_D10,3OMG,R1,4,7.5mM,D03,D10,3,10,7,15.09.25,1.647,,No growth
3OMG_R1_5_7.5mM_D03_D10,3OMG,R1,5,7.5mM,D03,D10,3,10,7,15.09.25,25.339,,
3OMG_R1_6_7.5mM_D03_D10,3OMG,R1,6,7.5mM,D03,D10,3,10,7,15.09.25,32.942,,
3OMG_R1_7_7.5mM_D03_D10,3OMG,R1,7,7.5mM,D03,D10,3,10,7,15.09.25,34.155,,
3OMG_R1_8_7.5mM_D03_D10,3OMG,R1,8,7.5mM,D03,D10,3,10,7,15.09.25,29.25,,
3OMG_R1_9_7.5mM_D03_D10,3OMG,R1,9,7.5mM,D03,D10,3,10,7,15.09.25,32.849,,
3OMG_R1_10_7.5mM_D03_D10,3OMG,R1,10,7.5mM,D03,D10,3,10,7,15.09.25,5.893,,No growth
3OMG_R1_11_7.5mM_D03_D10,3OMG,R1,11,7.5mM,D03,D10,3,10,7,15.09.25,1.044,,No growth
3OMG_R1_12_7.5mM_D03_D10,3OMG,R1,12,7.5mM,D03,D10,3,10,7,15.09.25,27.438,,
Water_R1_1_7.5mM_D03_D10,Water,R1,1,7.5mM,D03,D10,3,10,7,15.09.25,28.58,,
Water_R1_2_7.5mM_D03_D10,Water,R1,2,7.5mM,D03,D10,3,10,7,15.09.25,23.631,,
Water_R1_3_7.5mM_D03_D10,Water,R1,3,7.5mM,D03,D10,3,10,7,15.09.25,0.169,,No growth
Water_R1_4_7.5mM_D03_D10,Water,R1,4,7.5mM,D03,D10,3,10,7,15.09.25,11.249,,
Water_R1_5_7.5mM_D03_D10,Water,R1,5,7.5mM,D03,D10,3,10,7,15.09.25,29.451,,
Water_R1_6_7.5mM_D03_D10,Water,R1,6,7.5mM,D03,D10,3,10,7,15.09.25,0.508,,No growth
Water_R1_7_7.5mM_D03_D10,Water,R1,7,7.5mM,D03,D10,3,10,7,15.09.25,29.595,,
Water_R1_8_7.5mM_D03_D10,Water,R1,8,7.5mM,D03,D10,3,10,7,15.09.25,0.678,,No growth
Water_R1_9_7.5mM_D03_D10,Water,R1,9,7.5mM,D03,D10,3,10,7,15.09.25,33.757,,
Water_R1_10_7.5mM_D03_D10,Water,R1,10,7.5mM,D03,D10,3,10,7,15.09.25,29.087,,
Water_R1_11_7.5mM_D03_D10,Water,R1,11,7.5mM,D03,D10,3,10,7,15.09.25,35.819,,
Water_R1_12_7.5mM_D03_D10,Water,R1,12,7.5mM,D03,D10,3,10,7,15.09.25,37.989,,
3OMG_R1_1_7.5mM_D07_D10,3OMG,R1,1,7.5mM,D07,D10,7,10,3,15.09.25,22.324,,
3OMG_R1_2_7.5mM_D07_D10,3OMG,R1,2,7.5mM,D07,D10,7,10,3,15.09.25,21.258,,
3OMG_R1_3_7.5mM_D07_D10,3OMG,R1,3,7.5mM,D07,D10,7,10,3,15.09.25,17.33,,
3OMG_R1_4_7.5mM_D07_D10,3OMG,R1,4,7.5mM,D07,D10,7,10,3,15.09.25,21.596,,
3OMG_R1_5_7.5mM_D07_D10,3OMG,R1,5,7.5mM,D07,D10,7,10,3,15.09.25,17.752,,
3OMG_R1_6_7.5mM_D07_D10,3OMG,R1,6,7.5mM,D07,D10,7,10,3,15.09.25,19.844,,
3OMG_R1_7_7.5mM_D07_D10,3OMG,R1,7,7.5mM,D07,D10,7,10,3,15.09.25,18.795,,
3OMG_R1_8_7.5mM_D07_D10,3OMG,R1,8,7.5mM,D07,D10,7,10,3,15.09.25,18.786,,
3OMG_R1_9_7.5mM_D07_D10,3OMG,R1,9,7.5mM,D07,D10,7,10,3,15.09.25,22.815,,
3OMG_R1_10_7.5mM_D07_D10,3OMG,R1,10,7.5mM,D07,D10,7,10,3,15.09.25,19.639,,
3OMG_R1_11_7.5mM_D07_D10,3OMG,R1,11,7.5mM,D07,D10,7,10,3,15.09.25,15.198,,
3OMG_R1_12_7.5mM_D07_D10,3OMG,R1,12,7.5mM,D07,D10,7,10,3,15.09.25,18.485,,
Water_R1_1_7.5mM_D07_D10,Water,R1,1,7.5mM,D07,D10,7,10,3,15.09.25,18.088,,
Water_R1_2_7.5mM_D07_D10,Water,R1,2,7.5mM,D07,D10,7,10,3,15.09.25,18.919,,
Water_R1_3_7.5mM_D07_D10,Water,R1,3,7.5mM,D07,D10,7,10,3,15.09.25,19.219,,
Water_R1_4_7.5mM_D07_D10,Water,R1,4,7.5mM,D07,D10,7,10,3,15.09.25,21.327,,
Water_R1_5_7.5mM_D07_D10,Water,R1,5,7.5mM,D07,D10,7,10,3,15.09.25,20.697,,
Water_R1_6_7.5mM_D07_D10,Water,R1,6,7.5mM,D07,D10,7,10,3,15.09.25,21.217,,
Water_R1_7_7.5mM_D07_D10,Water,R1,7,7.5mM,D07,D10,7,10,3,15.09.25,20.443,,
Water_R1_8_7.5mM_D07_D10,Water,R1,8,7.5mM,D07,D10,7,10,3,15.09.25,20.476,,
Water_R1_9_7.5mM_D07_D10,Water,R1,9,7.5mM,D07,D10,7,10,3,15.09.25,17.84,,
Water_R1_10_7.5mM_D07_D10,Water,R1,10,7.5mM,D07,D10,7,10,3,15.09.25,23.053,,
Water_R1_11_7.5mM_D07_D10,Water,R1,11,7.5mM,D07,D10,7,10,3,15.09.25,18.818,,
Water_R1_12_7.5mM_D07_D10,Water,R1,12,7.5mM,D07,D10,7,10,3,15.09.25,19.74,,
3OMG_R1_1_7.5mM_D0_D11,3OMG,R0,1,7.5mM,D0,D11,0,11,11,16.09.25,15.579,,
3OMG_R1_2_7.5mM_D0_D11,3OMG,R0,2,7.5mM,D0,D11,0,11,11,16.09.25,3.97,,No growth
3OMG_R1_3_7.5mM_D0_D11,3OMG,R0,3,7.5mM,D0,D11,0,11,11,16.09.25,33.739,,
3OMG_R1_4_7.5mM_D0_D11,3OMG,R0,4,7.5mM,D0,D11,0,11,11,16.09.25,34.224,,
3OMG_R1_5_7.5mM_D0_D11,3OMG,R0,5,7.5mM,D0,D11,0,11,11,16.09.25,33.879,,
3OMG_R1_6_7.5mM_D0_D11,3OMG,R0,6,7.5mM,D0,D11,0,11,11,16.09.25,40.376,,
3OMG_R1_7_7.5mM_D0_D11,3OMG,R0,7,7.5mM,D0,D11,0,11,11,16.09.25,38.371,,
3OMG_R1_8_7.5mM_D0_D11,3OMG,R0,8,7.5mM,D0,D11,0,11,11,16.09.25,32.877,,
3OMG_R1_9_7.5mM_D0_D11,3OMG,R0,9,7.5mM,D0,D11,0,11,11,16.09.25,NA,,No growth
3OMG_R1_10_7.5mM_D0_D11,3OMG,R0,10,7.5mM,D0,D11,0,11,11,16.09.25,NA,,No growth
3OMG_R1_11_7.5mM_D0_D11,3OMG,R0,11,7.5mM,D0,D11,0,11,11,16.09.25,NA,,No growth
3OMG_R1_12_7.5mM_D0_D11,3OMG,R0,12,7.5mM,D0,D11,0,11,11,16.09.25,NA,,No growth
Water_R1_1_7.5mM_D0_D11,Water,R0,1,7.5mM,D0,D11,0,11,11,16.09.25,32.358,,
Water_R1_2_7.5mM_D0_D11,Water,R0,2,7.5mM,D0,D11,0,11,11,16.09.25,35.925,,
Water_R1_3_7.5mM_D0_D11,Water,R0,3,7.5mM,D0,D11,0,11,11,16.09.25,12.018,,
Water_R1_4_7.5mM_D0_D11,Water,R0,4,7.5mM,D0,D11,0,11,11,16.09.25,39.338,,
Water_R1_5_7.5mM_D0_D11,Water,R0,5,7.5mM,D0,D11,0,11,11,16.09.25,31.476,,
Water_R1_6_7.5mM_D0_D11,Water,R0,6,7.5mM,D0,D11,0,11,11,16.09.25,0.847,,No growth
Water_R1_7_7.5mM_D0_D11,Water,R0,7,7.5mM,D0,D11,0,11,11,16.09.25,31.327,,
Water_R1_8_7.5mM_D0_D11,Water,R0,8,7.5mM,D0,D11,0,11,11,16.09.25,3.415,,No growth
Water_R1_9_7.5mM_D0_D11,Water,R0,9,7.5mM,D0,D11,0,11,11,16.09.25,NA,,No growth
Water_R1_10_7.5mM_D0_D11,Water,R0,10,7.5mM,D0,D11,0,11,11,16.09.25,NA,,No growth
Water_R1_11_7.5mM_D0_D11,Water,R0,11,7.5mM,D0,D11,0,11,11,16.09.25,NA,,No growth
Water_R1_12_7.5mM_D0_D11,Water,R0,12,7.5mM,D0,D11,0,11,11,16.09.25,NA,,No growth
3OMG_R1_1_7.5mM_D03_D11,3OMG,R1,1,7.5mM,D03,D11,3,11,8,16.09.25,2.836,,No growth
3OMG_R1_2_7.5mM_D03_D11,3OMG,R1,2,7.5mM,D03,D11,3,11,8,16.09.25,33.113,,
3OMG_R1_3_7.5mM_D03_D11,3OMG,R1,3,7.5mM,D03,D11,3,11,8,16.09.25,34.828,,
3OMG_R1_4_7.5mM_D03_D11,3OMG,R1,4,7.5mM,D03,D11,3,11,8,16.09.25,1.242,,No growth
3OMG_R1_5_7.5mM_D03_D11,3OMG,R1,5,7.5mM,D03,D11,3,11,8,16.09.25,31.393,,
3OMG_R1_6_7.5mM_D03_D11,3OMG,R1,6,7.5mM,D03,D11,3,11,8,16.09.25,39.854,,
3OMG_R1_7_7.5mM_D03_D11,3OMG,R1,7,7.5mM,D03,D11,3,11,8,16.09.25,39.555,,
3OMG_R1_8_7.5mM_D03_D11,3OMG,R1,8,7.5mM,D03,D11,3,11,8,16.09.25,38.039,,
3OMG_R1_9_7.5mM_D03_D11,3OMG,R1,9,7.5mM,D03,D11,3,11,8,16.09.25,38.675,,
3OMG_R1_10_7.5mM_D03_D11,3OMG,R1,10,7.5mM,D03,D11,3,11,8,16.09.25,7.61,,No growth
3OMG_R1_11_7.5mM_D03_D11,3OMG,R1,11,7.5mM,D03,D11,3,11,8,16.09.25,0.847,,No growth
3OMG_R1_12_7.5mM_D03_D11,3OMG,R1,12,7.5mM,D03,D11,3,11,8,16.09.25,33.48,,
Water_R1_1_7.5mM_D03_D11,Water,R1,1,7.5mM,D03,D11,3,11,8,16.09.25,36.411,,
Water_R1_2_7.5mM_D03_D11,Water,R1,2,7.5mM,D03,D11,3,11,8,16.09.25,29.849,,
Water_R1_3_7.5mM_D03_D11,Water,R1,3,7.5mM,D03,D11,3,11,8,16.09.25,0.763,,No growth
Water_R1_4_7.5mM_D03_D11,Water,R1,4,7.5mM,D03,D11,3,11,8,16.09.25,12.512,,
Water_R1_5_7.5mM_D03_D11,Water,R1,5,7.5mM,D03,D11,3,11,8,16.09.25,36.97,,
Water_R1_6_7.5mM_D03_D11,Water,R1,6,7.5mM,D03,D11,3,11,8,16.09.25,1.271,,No growth
Water_R1_7_7.5mM_D03_D11,Water,R1,7,7.5mM,D03,D11,3,11,8,16.09.25,37.065,,
Water_R1_8_7.5mM_D03_D11,Water,R1,8,7.5mM,D03,D11,3,11,8,16.09.25,0.508,,No growth
Water_R1_9_7.5mM_D03_D11,Water,R1,9,7.5mM,D03,D11,3,11,8,16.09.25,42.148,,
Water_R1_10_7.5mM_D03_D11,Water,R1,10,7.5mM,D03,D11,3,11,8,16.09.25,37.942,,
Water_R1_11_7.5mM_D03_D11,Water,R1,11,7.5mM,D03,D11,3,11,8,16.09.25,45.028,,
Water_R1_12_7.5mM_D03_D11,Water,R1,12,7.5mM,D03,D11,3,11,8,16.09.25,45.812,,
3OMG_R1_1_7.5mM_D07_D11,3OMG,R1,1,7.5mM,D07,D11,7,11,4,16.09.25,29.387,,
3OMG_R1_2_7.5mM_D07_D11,3OMG,R1,2,7.5mM,D07,D11,7,11,4,16.09.25,27.252,,
3OMG_R1_3_7.5mM_D07_D11,3OMG,R1,3,7.5mM,D07,D11,7,11,4,16.09.25,24.782,,
3OMG_R1_4_7.5mM_D07_D11,3OMG,R1,4,7.5mM,D07,D11,7,11,4,16.09.25,29.777,,
3OMG_R1_5_7.5mM_D07_D11,3OMG,R1,5,7.5mM,D07,D11,7,11,4,16.09.25,23.268,,
3OMG_R1_6_7.5mM_D07_D11,3OMG,R1,6,7.5mM,D07,D11,7,11,4,16.09.25,27.804,,
3OMG_R1_7_7.5mM_D07_D11,3OMG,R1,7,7.5mM,D07,D11,7,11,4,16.09.25,24.433,,
3OMG_R1_8_7.5mM_D07_D11,3OMG,R1,8,7.5mM,D07,D11,7,11,4,16.09.25,25.492,,
3OMG_R1_9_7.5mM_D07_D11,3OMG,R1,9,7.5mM,D07,D11,7,11,4,16.09.25,30.49,,
3OMG_R1_10_7.5mM_D07_D11,3OMG,R1,10,7.5mM,D07,D11,7,11,4,16.09.25,25.812,,
3OMG_R1_11_7.5mM_D07_D11,3OMG,R1,11,7.5mM,D07,D11,7,11,4,16.09.25,21.111,,
3OMG_R1_12_7.5mM_D07_D11,3OMG,R1,12,7.5mM,D07,D11,7,11,4,16.09.25,23.389,,
Water_R1_1_7.5mM_D07_D11,Water,R1,1,7.5mM,D07,D11,7,11,4,16.09.25,26.077,,
Water_R1_2_7.5mM_D07_D11,Water,R1,2,7.5mM,D07,D11,7,11,4,16.09.25,26.542,,
Water_R1_3_7.5mM_D07_D11,Water,R1,3,7.5mM,D07,D11,7,11,4,16.09.25,27.584,,
Water_R1_4_7.5mM_D07_D11,Water,R1,4,7.5mM,D07,D11,7,11,4,16.09.25,30.237,,
Water_R1_5_7.5mM_D07_D11,Water,R1,5,7.5mM,D07,D11,7,11,4,16.09.25,27.499,,
Water_R1_6_7.5mM_D07_D11,Water,R1,6,7.5mM,D07,D11,7,11,4,16.09.25,29.034,,
Water_R1_7_7.5mM_D07_D11,Water,R1,7,7.5mM,D07,D11,7,11,4,16.09.25,29.305,,
Water_R1_8_7.5mM_D07_D11,Water,R1,8,7.5mM,D07,D11,7,11,4,16.09.25,30.307,,
Water_R1_9_7.5mM_D07_D11,Water,R1,9,7.5mM,D07,D11,7,11,4,16.09.25,24.733,,
Water_R1_10_7.5mM_D07_D11,Water,R1,10,7.5mM,D07,D11,7,11,4,16.09.25,31.283,,
Water_R1_11_7.5mM_D07_D11,Water,R1,11,7.5mM,D07,D11,7,11,4,16.09.25,26.326,,
Water_R1_12_7.5mM_D07_D11,Water,R1,12,7.5mM,D07,D11,7,11,4,16.09.25,28.504,,
3OMG_R1_1_7.5mM_D10_D11,3OMG,R1,1,7.5mM,D10,D11,10,11,1,16.09.25,4.647,,
3OMG_R1_2_7.5mM_D10_D11,3OMG,R1,2,7.5mM,D10,D11,10,11,1,16.09.25,5.461,,
3OMG_R1_3_7.5mM_D10_D11,3OMG,R1,3,7.5mM,D10,D11,10,11,1,16.09.25,5.26,,
3OMG_R1_4_7.5mM_D10_D11,3OMG,R1,4,7.5mM,D10,D11,10,11,1,16.09.25,5.693,,
3OMG_R1_5_7.5mM_D10_D11,3OMG,R1,5,7.5mM,D10,D11,10,11,1,16.09.25,5.326,,
3OMG_R1_6_7.5mM_D10_D11,3OMG,R1,6,7.5mM,D10,D11,10,11,1,16.09.25,5.444,,
3OMG_R1_7_7.5mM_D10_D11,3OMG,R1,7,7.5mM,D10,D11,10,11,1,16.09.25,5.226,,
3OMG_R1_8_7.5mM_D10_D11,3OMG,R1,8,7.5mM,D10,D11,10,11,1,16.09.25,4.82,,
3OMG_R1_9_7.5mM_D10_D11,3OMG,R1,9,7.5mM,D10,D11,10,11,1,16.09.25,5.639,,
3OMG_R1_10_7.5mM_D10_D11,3OMG,R1,10,7.5mM,D10,D11,10,11,1,16.09.25,5.233,,
3OMG_R1_11_7.5mM_D10_D11,3OMG,R1,11,7.5mM,D10,D11,10,11,1,16.09.25,6.298,,
3OMG_R1_12_7.5mM_D10_D11,3OMG,R1,12,7.5mM,D10,D11,10,11,1,16.09.25,6.187,,
Water_R1_1_7.5mM_D10_D11,Water,R1,1,7.5mM,D10,D11,10,11,1,16.09.25,5.253,,
Water_R1_2_7.5mM_D10_D11,Water,R1,2,7.5mM,D10,D11,10,11,1,16.09.25,5.495,,
Water_R1_3_7.5mM_D10_D11,Water,R1,3,7.5mM,D10,D11,10,11,1,16.09.25,5.406,,
Water_R1_4_7.5mM_D10_D11,Water,R1,4,7.5mM,D10,D11,10,11,1,16.09.25,6.093,,
Water_R1_5_7.5mM_D10_D11,Water,R1,5,7.5mM,D10,D11,10,11,1,16.09.25,5.091,,
Water_R1_6_7.5mM_D10_D11,Water,R1,6,7.5mM,D10,D11,10,11,1,16.09.25,5.715,,
Water_R1_7_7.5mM_D10_D11,Water,R1,7,7.5mM,D10,D11,10,11,1,16.09.25,5.027,,
Water_R1_8_7.5mM_D10_D11,Water,R1,8,7.5mM,D10,D11,10,11,1,16.09.25,5.864,,
Water_R1_9_7.5mM_D10_D11,Water,R1,9,7.5mM,D10,D11,10,11,1,16.09.25,6.332,,
Water_R1_10_7.5mM_D10_D11,Water,R1,10,7.5mM,D10,D11,10,11,1,16.09.25,4.628,,
Water_R1_11_7.5mM_D10_D11,Water,R1,11,7.5mM,D10,D11,10,11,1,16.09.25,5.957,,
Water_R1_12_7.5mM_D10_D11,Water,R1,12,7.5mM,D10,D11,10,11,1,16.09.25,4.76,,No growth
3OMG_R1_1_7.5mM_D0_D12,3OMG,R0,1,7.5mM,D0,D12,0,12,12,17.09.25,19.27,,
3OMG_R1_2_7.5mM_D0_D12,3OMG,R0,2,7.5mM,D0,D12,0,12,12,17.09.25,3.59,,No growth
3OMG_R1_3_7.5mM_D0_D12,3OMG,R0,3,7.5mM,D0,D12,0,12,12,17.09.25,36.956,,
3OMG_R1_4_7.5mM_D0_D12,3OMG,R0,4,7.5mM,D0,D12,0,12,12,17.09.25,38.529,,
3OMG_R1_5_7.5mM_D0_D12,3OMG,R0,5,7.5mM,D0,D12,0,12,12,17.09.25,36.196,,
3OMG_R1_6_7.5mM_D0_D12,3OMG,R0,6,7.5mM,D0,D12,0,12,12,17.09.25,45.319,,
3OMG_R1_7_7.5mM_D0_D12,3OMG,R0,7,7.5mM,D0,D12,0,12,12,17.09.25,43.279,,
3OMG_R1_8_7.5mM_D0_D12,3OMG,R0,8,7.5mM,D0,D12,0,12,12,17.09.25,36.96,,
3OMG_R1_9_7.5mM_D0_D12,3OMG,R0,9,7.5mM,D0,D12,0,12,12,17.09.25,NA,,No growth
3OMG_R1_10_7.5mM_D0_D12,3OMG,R0,10,7.5mM,D0,D12,0,12,12,17.09.25,NA,,No growth
3OMG_R1_11_7.5mM_D0_D12,3OMG,R0,11,7.5mM,D0,D12,0,12,12,17.09.25,NA,,No growth
3OMG_R1_12_7.5mM_D0_D12,3OMG,R0,12,7.5mM,D0,D12,0,12,12,17.09.25,NA,,No growth
Water_R1_1_7.5mM_D0_D12,Water,R0,1,7.5mM,D0,D12,0,12,12,17.09.25,37.536,,
Water_R1_2_7.5mM_D0_D12,Water,R0,2,7.5mM,D0,D12,0,12,12,17.09.25,40.4,,
Water_R1_3_7.5mM_D0_D12,Water,R0,3,7.5mM,D0,D12,0,12,12,17.09.25,15.51,,
Water_R1_4_7.5mM_D0_D12,Water,R0,4,7.5mM,D0,D12,0,12,12,17.09.25,43.896,,
Water_R1_5_7.5mM_D0_D12,Water,R0,5,7.5mM,D0,D12,0,12,12,17.09.25,35.844,,
Water_R1_6_7.5mM_D0_D12,Water,R0,6,7.5mM,D0,D12,0,12,12,17.09.25,1.548,,No growth
Water_R1_7_7.5mM_D0_D12,Water,R0,7,7.5mM,D0,D12,0,12,12,17.09.25,38.343,,
Water_R1_8_7.5mM_D0_D12,Water,R0,8,7.5mM,D0,D12,0,12,12,17.09.25,3.63,,No growth
Water_R1_9_7.5mM_D0_D12,Water,R0,9,7.5mM,D0,D12,0,12,12,17.09.25,NA,,No growth
Water_R1_10_7.5mM_D0_D12,Water,R0,10,7.5mM,D0,D12,0,12,12,17.09.25,NA,,No growth
Water_R1_11_7.5mM_D0_D12,Water,R0,11,7.5mM,D0,D12,0,12,12,17.09.25,NA,,No growth
Water_R1_12_7.5mM_D0_D12,Water,R0,12,7.5mM,D0,D12,0,12,12,17.09.25,NA,,No growth
3OMG_R1_1_7.5mM_D03_D12,3OMG,R1,1,7.5mM,D03,D12,3,12,9,17.09.25,2.706,,No growth
3OMG_R1_2_7.5mM_D03_D12,3OMG,R1,2,7.5mM,D03,D12,3,12,9,17.09.25,37.159,,
3OMG_R1_3_7.5mM_D03_D12,3OMG,R1,3,7.5mM,D03,D12,3,12,9,17.09.25,40.321,,
3OMG_R1_4_7.5mM_D03_D12,3OMG,R1,4,7.5mM,D03,D12,3,12,9,17.09.25,1.479,,No growth
3OMG_R1_5_7.5mM_D03_D12,3OMG,R1,5,7.5mM,D03,D12,3,12,9,17.09.25,37.107,,
3OMG_R1_6_7.5mM_D03_D12,3OMG,R1,6,7.5mM,D03,D12,3,12,9,17.09.25,44.712,,
3OMG_R1_7_7.5mM_D03_D12,3OMG,R1,7,7.5mM,D03,D12,3,12,9,17.09.25,45.422,,
3OMG_R1_8_7.5mM_D03_D12,3OMG,R1,8,7.5mM,D03,D12,3,12,9,17.09.25,41.916,,
3OMG_R1_9_7.5mM_D03_D12,3OMG,R1,9,7.5mM,D03,D12,3,12,9,17.09.25,44.993,,
3OMG_R1_10_7.5mM_D03_D12,3OMG,R1,10,7.5mM,D03,D12,3,12,9,17.09.25,13.239,,No growth
3OMG_R1_11_7.5mM_D03_D12,3OMG,R1,11,7.5mM,D03,D12,3,12,9,17.09.25,2.407,,No growth
3OMG_R1_12_7.5mM_D03_D12,3OMG,R1,12,7.5mM,D03,D12,3,12,9,17.09.25,39.438,,
Water_R1_1_7.5mM_D03_D12,Water,R1,1,7.5mM,D03,D12,3,12,9,17.09.25,42.394,,
Water_R1_2_7.5mM_D03_D12,Water,R1,2,7.5mM,D03,D12,3,12,9,17.09.25,35.828,,
Water_R1_3_7.5mM_D03_D12,Water,R1,3,7.5mM,D03,D12,3,12,9,17.09.25,0.513,,No growth
Water_R1_4_7.5mM_D03_D12,Water,R1,4,7.5mM,D03,D12,3,12,9,17.09.25,12.631,,
Water_R1_5_7.5mM_D03_D12,Water,R1,5,7.5mM,D03,D12,3,12,9,17.09.25,44.892,,
Water_R1_6_7.5mM_D03_D12,Water,R1,6,7.5mM,D03,D12,3,12,9,17.09.25,0.855,,No growth
Water_R1_7_7.5mM_D03_D12,Water,R1,7,7.5mM,D03,D12,3,12,9,17.09.25,44.092,,
Water_R1_8_7.5mM_D03_D12,Water,R1,8,7.5mM,D03,D12,3,12,9,17.09.25,1.026,,No growth
Water_R1_9_7.5mM_D03_D12,Water,R1,9,7.5mM,D03,D12,3,12,9,17.09.25,51.008,,
Water_R1_10_7.5mM_D03_D12,Water,R1,10,7.5mM,D03,D12,3,12,9,17.09.25,45.427,,
Water_R1_11_7.5mM_D03_D12,Water,R1,11,7.5mM,D03,D12,3,12,9,17.09.25,52.043,,
Water_R1_12_7.5mM_D03_D12,Water,R1,12,7.5mM,D03,D12,3,12,9,17.09.25,52.99,,
3OMG_R1_1_7.5mM_D07_D12,3OMG,R1,1,7.5mM,D07,D12,7,12,5,17.09.25,35.572,,
3OMG_R1_2_7.5mM_D07_D12,3OMG,R1,2,7.5mM,D07,D12,7,12,5,17.09.25,34.76,,
3OMG_R1_3_7.5mM_D07_D12,3OMG,R1,3,7.5mM,D07,D12,7,12,5,17.09.25,30.763,,
3OMG_R1_4_7.5mM_D07_D12,3OMG,R1,4,7.5mM,D07,D12,7,12,5,17.09.25,37.7,,
3OMG_R1_5_7.5mM_D07_D12,3OMG,R1,5,7.5mM,D07,D12,7,12,5,17.09.25,29.164,,
3OMG_R1_6_7.5mM_D07_D12,3OMG,R1,6,7.5mM,D07,D12,7,12,5,17.09.25,35.077,,
3OMG_R1_7_7.5mM_D07_D12,3OMG,R1,7,7.5mM,D07,D12,7,12,5,17.09.25,30.801,,
3OMG_R1_8_7.5mM_D07_D12,3OMG,R1,8,7.5mM,D07,D12,7,12,5,17.09.25,33.303,,
3OMG_R1_9_7.5mM_D07_D12,3OMG,R1,9,7.5mM,D07,D12,7,12,5,17.09.25,37.537,,
3OMG_R1_10_7.5mM_D07_D12,3OMG,R1,10,7.5mM,D07,D12,7,12,5,17.09.25,31.035,,
3OMG_R1_11_7.5mM_D07_D12,3OMG,R1,11,7.5mM,D07,D12,7,12,5,17.09.25,27.945,,
3OMG_R1_12_7.5mM_D07_D12,3OMG,R1,12,7.5mM,D07,D12,7,12,5,17.09.25,30.147,,
Water_R1_1_7.5mM_D07_D12,Water,R1,1,7.5mM,D07,D12,7,12,5,17.09.25,35.298,,
Water_R1_2_7.5mM_D07_D12,Water,R1,2,7.5mM,D07,D12,7,12,5,17.09.25,33.528,,
Water_R1_3_7.5mM_D07_D12,Water,R1,3,7.5mM,D07,D12,7,12,5,17.09.25,35.476,,
Water_R1_4_7.5mM_D07_D12,Water,R1,4,7.5mM,D07,D12,7,12,5,17.09.25,38.119,,
Water_R1_5_7.5mM_D07_D12,Water,R1,5,7.5mM,D07,D12,7,12,5,17.09.25,37.249,,
Water_R1_6_7.5mM_D07_D12,Water,R1,6,7.5mM,D07,D12,7,12,5,17.09.25,37.985,,
Water_R1_7_7.5mM_D07_D12,Water,R1,7,7.5mM,D07,D12,7,12,5,17.09.25,36.769,,
Water_R1_8_7.5mM_D07_D12,Water,R1,8,7.5mM,D07,D12,7,12,5,17.09.25,37.963,,
Water_R1_9_7.5mM_D07_D12,Water,R1,9,7.5mM,D07,D12,7,12,5,17.09.25,32.034,,
Water_R1_10_7.5mM_D07_D12,Water,R1,10,7.5mM,D07,D12,7,12,5,17.09.25,39.771,,
Water_R1_11_7.5mM_D07_D12,Water,R1,11,7.5mM,D07,D12,7,12,5,17.09.25,34.721,,
Water_R1_12_7.5mM_D07_D12,Water,R1,12,7.5mM,D07,D12,7,12,5,17.09.25,36.026,,
3OMG_R1_1_7.5mM_D10_D12,3OMG,R1,1,7.5mM,D10,D12,10,12,2,17.09.25,11.525,,
3OMG_R1_2_7.5mM_D10_D12,3OMG,R1,2,7.5mM,D10,D12,10,12,2,17.09.25,15.096,,
3OMG_R1_3_7.5mM_D10_D12,3OMG,R1,3,7.5mM,D10,D12,10,12,2,17.09.25,11.251,,
3OMG_R1_4_7.5mM_D10_D12,3OMG,R1,4,7.5mM,D10,D12,10,12,2,17.09.25,12.008,,
3OMG_R1_5_7.5mM_D10_D12,3OMG,R1,5,7.5mM,D10,D12,10,12,2,17.09.25,10.89,,
3OMG_R1_6_7.5mM_D10_D12,3OMG,R1,6,7.5mM,D10,D12,10,12,2,17.09.25,12.76,,
3OMG_R1_7_7.5mM_D10_D12,3OMG,R1,7,7.5mM,D10,D12,10,12,2,17.09.25,12.738,,
3OMG_R1_8_7.5mM_D10_D12,3OMG,R1,8,7.5mM,D10,D12,10,12,2,17.09.25,12.225,,
3OMG_R1_9_7.5mM_D10_D12,3OMG,R1,9,7.5mM,D10,D12,10,12,2,17.09.25,12.02,,
3OMG_R1_10_7.5mM_D10_D12,3OMG,R1,10,7.5mM,D10,D12,10,12,2,17.09.25,12.12,,
3OMG_R1_11_7.5mM_D10_D12,3OMG,R1,11,7.5mM,D10,D12,10,12,2,17.09.25,15.539,,
3OMG_R1_12_7.5mM_D10_D12,3OMG,R1,12,7.5mM,D10,D12,10,12,2,17.09.25,14.6,,
Water_R1_1_7.5mM_D10_D12,Water,R1,1,7.5mM,D10,D12,10,12,2,17.09.25,13.44,,
Water_R1_2_7.5mM_D10_D12,Water,R1,2,7.5mM,D10,D12,10,12,2,17.09.25,14.392,,
Water_R1_3_7.5mM_D10_D12,Water,R1,3,7.5mM,D10,D12,10,12,2,17.09.25,13.372,,
Water_R1_4_7.5mM_D10_D12,Water,R1,4,7.5mM,D10,D12,10,12,2,17.09.25,16.536,,
Water_R1_5_7.5mM_D10_D12,Water,R1,5,7.5mM,D10,D12,10,12,2,17.09.25,13.383,,
Water_R1_6_7.5mM_D10_D12,Water,R1,6,7.5mM,D10,D12,10,12,2,17.09.25,14.815,,
Water_R1_7_7.5mM_D10_D12,Water,R1,7,7.5mM,D10,D12,10,12,2,17.09.25,13.572,,
Water_R1_8_7.5mM_D10_D12,Water,R1,8,7.5mM,D10,D12,10,12,2,17.09.25,14.397,,
Water_R1_9_7.5mM_D10_D12,Water,R1,9,7.5mM,D10,D12,10,12,2,17.09.25,13.779,,
Water_R1_10_7.5mM_D10_D12,Water,R1,10,7.5mM,D10,D12,10,12,2,17.09.25,11.592,,
Water_R1_11_7.5mM_D10_D12,Water,R1,11,7.5mM,D10,D12,10,12,2,17.09.25,13.428,,
Water_R1_12_7.5mM_D10_D12,Water,R1,12,7.5mM,D10,D12,10,12,2,17.09.25,12.502,,
3OMG_R1_1_7.5mM_D0_D13,3OMG,R0,1,7.5mM,D0,D13,0,13,13,18.09.25,22.268,,
3OMG_R1_2_7.5mM_D0_D13,3OMG,R0,2,7.5mM,D0,D13,0,13,13,18.09.25,3.766,,No growth
3OMG_R1_3_7.5mM_D0_D13,3OMG,R0,3,7.5mM,D0,D13,0,13,13,18.09.25,41.135,,
3OMG_R1_4_7.5mM_D0_D13,3OMG,R0,4,7.5mM,D0,D13,0,13,13,18.09.25,40.837,,
3OMG_R1_5_7.5mM_D0_D13,3OMG,R0,5,7.5mM,D0,D13,0,13,13,18.09.25,40.733,,
3OMG_R1_6_7.5mM_D0_D13,3OMG,R0,6,7.5mM,D0,D13,0,13,13,18.09.25,48.807,,
3OMG_R1_7_7.5mM_D0_D13,3OMG,R0,7,7.5mM,D0,D13,0,13,13,18.09.25,46.421,,
3OMG_R1_8_7.5mM_D0_D13,3OMG,R0,8,7.5mM,D0,D13,0,13,13,18.09.25,37.57,,
3OMG_R1_9_7.5mM_D0_D13,3OMG,R0,9,7.5mM,D0,D13,0,13,13,18.09.25,NA,,No growth
3OMG_R1_10_7.5mM_D0_D13,3OMG,R0,10,7.5mM,D0,D13,0,13,13,18.09.25,NA,,No growth
3OMG_R1_11_7.5mM_D0_D13,3OMG,R0,11,7.5mM,D0,D13,0,13,13,18.09.25,NA,,No growth
3OMG_R1_12_7.5mM_D0_D13,3OMG,R0,12,7.5mM,D0,D13,0,13,13,18.09.25,NA,,No growth
Water_R1_1_7.5mM_D0_D13,Water,R0,1,7.5mM,D0,D13,0,13,13,18.09.25,41.031,,
Water_R1_2_7.5mM_D0_D13,Water,R0,2,7.5mM,D0,D13,0,13,13,18.09.25,44.348,,
Water_R1_3_7.5mM_D0_D13,Water,R0,3,7.5mM,D0,D13,0,13,13,18.09.25,19.146,,
Water_R1_4_7.5mM_D0_D13,Water,R0,4,7.5mM,D0,D13,0,13,13,18.09.25,48.717,,
Water_R1_5_7.5mM_D0_D13,Water,R0,5,7.5mM,D0,D13,0,13,13,18.09.25,39.512,,
Water_R1_6_7.5mM_D0_D13,Water,R0,6,7.5mM,D0,D13,0,13,13,18.09.25,1.186,,No growth
Water_R1_7_7.5mM_D0_D13,Water,R0,7,7.5mM,D0,D13,0,13,13,18.09.25,41.216,,
Water_R1_8_7.5mM_D0_D13,Water,R0,8,7.5mM,D0,D13,0,13,13,18.09.25,3.898,,No growth
Water_R1_9_7.5mM_D0_D13,Water,R0,9,7.5mM,D0,D13,0,13,13,18.09.25,NA,,No growth
Water_R1_10_7.5mM_D0_D13,Water,R0,10,7.5mM,D0,D13,0,13,13,18.09.25,NA,,No growth
Water_R1_11_7.5mM_D0_D13,Water,R0,11,7.5mM,D0,D13,0,13,13,18.09.25,NA,,No growth
Water_R1_12_7.5mM_D0_D13,Water,R0,12,7.5mM,D0,D13,0,13,13,18.09.25,NA,,No growth
3OMG_R1_1_7.5mM_D03_D13,3OMG,R1,1,7.5mM,D03,D13,3,13,10,18.09.25,3.556,,No growth
3OMG_R1_2_7.5mM_D03_D13,3OMG,R1,2,7.5mM,D03,D13,3,13,10,18.09.25,40.444,,
3OMG_R1_3_7.5mM_D03_D13,3OMG,R1,3,7.5mM,D03,D13,3,13,10,18.09.25,42.981,,
3OMG_R1_4_7.5mM_D03_D13,3OMG,R1,4,7.5mM,D03,D13,3,13,10,18.09.25,1.197,,No growth
3OMG_R1_5_7.5mM_D03_D13,3OMG,R1,5,7.5mM,D03,D13,3,13,10,18.09.25,41.15,,
3OMG_R1_6_7.5mM_D03_D13,3OMG,R1,6,7.5mM,D03,D13,3,13,10,18.09.25,48.917,,
3OMG_R1_7_7.5mM_D03_D13,3OMG,R1,7,7.5mM,D03,D13,3,13,10,18.09.25,49.512,,
3OMG_R1_8_7.5mM_D03_D13,3OMG,R1,8,7.5mM,D03,D13,3,13,10,18.09.25,44.813,,
3OMG_R1_9_7.5mM_D03_D13,3OMG,R1,9,7.5mM,D03,D13,3,13,10,18.09.25,48.134,,
3OMG_R1_10_7.5mM_D03_D13,3OMG,R1,10,7.5mM,D03,D13,3,13,10,18.09.25,14.573,,No growth
3OMG_R1_11_7.5mM_D03_D13,3OMG,R1,11,7.5mM,D03,D13,3,13,10,18.09.25,2.4,,No growth
3OMG_R1_12_7.5mM_D03_D13,3OMG,R1,12,7.5mM,D03,D13,3,13,10,18.09.25,41.998,,
Water_R1_1_7.5mM_D03_D13,Water,R1,1,7.5mM,D03,D13,3,13,10,18.09.25,49.545,,
Water_R1_2_7.5mM_D03_D13,Water,R1,2,7.5mM,D03,D13,3,13,10,18.09.25,41.423,,
Water_R1_3_7.5mM_D03_D13,Water,R1,3,7.5mM,D03,D13,3,13,10,18.09.25,0.678,,No growth
Water_R1_4_7.5mM_D03_D13,Water,R1,4,7.5mM,D03,D13,3,13,10,18.09.25,15.288,,
Water_R1_5_7.5mM_D03_D13,Water,R1,5,7.5mM,D03,D13,3,13,10,18.09.25,51.585,,
Water_R1_6_7.5mM_D03_D13,Water,R1,6,7.5mM,D03,D13,3,13,10,18.09.25,1.356,,No growth
Water_R1_7_7.5mM_D03_D13,Water,R1,7,7.5mM,D03,D13,3,13,10,18.09.25,51.487,,
Water_R1_8_7.5mM_D03_D13,Water,R1,8,7.5mM,D03,D13,3,13,10,18.09.25,0.875,,No growth
Water_R1_9_7.5mM_D03_D13,Water,R1,9,7.5mM,D03,D13,3,13,10,18.09.25,55.738,,
Water_R1_10_7.5mM_D03_D13,Water,R1,10,7.5mM,D03,D13,3,13,10,18.09.25,52.781,,
Water_R1_11_7.5mM_D03_D13,Water,R1,11,7.5mM,D03,D13,3,13,10,18.09.25,59.091,,
Water_R1_12_7.5mM_D03_D13,Water,R1,12,7.5mM,D03,D13,3,13,10,18.09.25,58.179,,
3OMG_R1_1_7.5mM_D07_D13,3OMG,R1,1,7.5mM,D07,D13,7,13,6,18.09.25,40.905,,
3OMG_R1_2_7.5mM_D07_D13,3OMG,R1,2,7.5mM,D07,D13,7,13,6,18.09.25,38.396,,
3OMG_R1_3_7.5mM_D07_D13,3OMG,R1,3,7.5mM,D07,D13,7,13,6,18.09.25,39.397,,
3OMG_R1_4_7.5mM_D07_D13,3OMG,R1,4,7.5mM,D07,D13,7,13,6,18.09.25,43.309,,
3OMG_R1_5_7.5mM_D07_D13,3OMG,R1,5,7.5mM,D07,D13,7,13,6,18.09.25,34.99,,
3OMG_R1_6_7.5mM_D07_D13,3OMG,R1,6,7.5mM,D07,D13,7,13,6,18.09.25,39.899,,
3OMG_R1_7_7.5mM_D07_D13,3OMG,R1,7,7.5mM,D07,D13,7,13,6,18.09.25,38.634,,
3OMG_R1_8_7.5mM_D07_D13,3OMG,R1,8,7.5mM,D07,D13,7,13,6,18.09.25,40.17,,
3OMG_R1_9_7.5mM_D07_D13,3OMG,R1,9,7.5mM,D07,D13,7,13,6,18.09.25,42.813,,
3OMG_R1_10_7.5mM_D07_D13,3OMG,R1,10,7.5mM,D07,D13,7,13,6,18.09.25,34.876,,
3OMG_R1_11_7.5mM_D07_D13,3OMG,R1,11,7.5mM,D07,D13,7,13,6,18.09.25,30.973,,
3OMG_R1_12_7.5mM_D07_D13,3OMG,R1,12,7.5mM,D07,D13,7,13,6,18.09.25,33.883,,
Water_R1_1_7.5mM_D07_D13,Water,R1,1,7.5mM,D07,D13,7,13,6,18.09.25,41.599,,
Water_R1_2_7.5mM_D07_D13,Water,R1,2,7.5mM,D07,D13,7,13,6,18.09.25,43.122,,
Water_R1_3_7.5mM_D07_D13,Water,R1,3,7.5mM,D07,D13,7,13,6,18.09.25,43.619,,
Water_R1_4_7.5mM_D07_D13,Water,R1,4,7.5mM,D07,D13,7,13,6,18.09.25,45.387,,
Water_R1_5_7.5mM_D07_D13,Water,R1,5,7.5mM,D07,D13,7,13,6,18.09.25,44.494,,
Water_R1_6_7.5mM_D07_D13,Water,R1,6,7.5mM,D07,D13,7,13,6,18.09.25,46.153,,
Water_R1_7_7.5mM_D07_D13,Water,R1,7,7.5mM,D07,D13,7,13,6,18.09.25,44.947,,
Water_R1_8_7.5mM_D07_D13,Water,R1,8,7.5mM,D07,D13,7,13,6,18.09.25,44.895,,
Water_R1_9_7.5mM_D07_D13,Water,R1,9,7.5mM,D07,D13,7,13,6,18.09.25,40.961,,
Water_R1_10_7.5mM_D07_D13,Water,R1,10,7.5mM,D07,D13,7,13,6,18.09.25,49.873,,
Water_R1_11_7.5mM_D07_D13,Water,R1,11,7.5mM,D07,D13,7,13,6,18.09.25,41.846,,
Water_R1_12_7.5mM_D07_D13,Water,R1,12,7.5mM,D07,D13,7,13,6,18.09.25,43.263,,
3OMG_R1_1_7.5mM_D10_D13,3OMG,R1,1,7.5mM,D10,D13,10,13,3,18.09.25,19.106,,
3OMG_R1_2_7.5mM_D10_D13,3OMG,R1,2,7.5mM,D10,D13,10,13,3,18.09.25,22.526,,
3OMG_R1_3_7.5mM_D10_D13,3OMG,R1,3,7.5mM,D10,D13,10,13,3,18.09.25,19.663,,
3OMG_R1_4_7.5mM_D10_D13,3OMG,R1,4,7.5mM,D10,D13,10,13,3,18.09.25,22.074,,
3OMG_R1_5_7.5mM_D10_D13,3OMG,R1,5,7.5mM,D10,D13,10,13,3,18.09.25,20.495,,
3OMG_R1_6_7.5mM_D10_D13,3OMG,R1,6,7.5mM,D10,D13,10,13,3,18.09.25,22.309,,
3OMG_R1_7_7.5mM_D10_D13,3OMG,R1,7,7.5mM,D10,D13,10,13,3,18.09.25,20.049,,
3OMG_R1_8_7.5mM_D10_D13,3OMG,R1,8,7.5mM,D10,D13,10,13,3,18.09.25,20.259,,
3OMG_R1_9_7.5mM_D10_D13,3OMG,R1,9,7.5mM,D10,D13,10,13,3,18.09.25,20.569,,
3OMG_R1_10_7.5mM_D10_D13,3OMG,R1,10,7.5mM,D10,D13,10,13,3,18.09.25,21.289,,
3OMG_R1_11_7.5mM_D10_D13,3OMG,R1,11,7.5mM,D10,D13,10,13,3,18.09.25,22.782,,
3OMG_R1_12_7.5mM_D10_D13,3OMG,R1,12,7.5mM,D10,D13,10,13,3,18.09.25,21.803,,
Water_R1_1_7.5mM_D10_D13,Water,R1,1,7.5mM,D10,D13,10,13,3,18.09.25,20.771,,
Water_R1_2_7.5mM_D10_D13,Water,R1,2,7.5mM,D10,D13,10,13,3,18.09.25,24.019,,
Water_R1_3_7.5mM_D10_D13,Water,R1,3,7.5mM,D10,D13,10,13,3,18.09.25,21.05,,
Water_R1_4_7.5mM_D10_D13,Water,R1,4,7.5mM,D10,D13,10,13,3,18.09.25,23.875,,
Water_R1_5_7.5mM_D10_D13,Water,R1,5,7.5mM,D10,D13,10,13,3,18.09.25,20.824,,
Water_R1_6_7.5mM_D10_D13,Water,R1,6,7.5mM,D10,D13,10,13,3,18.09.25,22.292,,
Water_R1_7_7.5mM_D10_D13,Water,R1,7,7.5mM,D10,D13,10,13,3,18.09.25,19.819,,
Water_R1_8_7.5mM_D10_D13,Water,R1,8,7.5mM,D10,D13,10,13,3,18.09.25,21.655,,
Water_R1_9_7.5mM_D10_D13,Water,R1,9,7.5mM,D10,D13,10,13,3,18.09.25,23.962,,
Water_R1_10_7.5mM_D10_D13,Water,R1,10,7.5mM,D10,D13,10,13,3,18.09.25,20.274,,
Water_R1_11_7.5mM_D10_D13,Water,R1,11,7.5mM,D10,D13,10,13,3,18.09.25,21.15,,
Water_R1_12_7.5mM_D10_D13,Water,R1,12,7.5mM,D10,D13,10,13,3,18.09.25,19.822,,No growth
3OMG_R1_1_7.5mM_D0_D14,3OMG,R0,1,7.5mM,D0,D14,0,14,14,19.09.25,25.758,,
3OMG_R1_2_7.5mM_D0_D14,3OMG,R0,2,7.5mM,D0,D14,0,14,14,19.09.25,4.322,,No growth
3OMG_R1_3_7.5mM_D0_D14,3OMG,R0,3,7.5mM,D0,D14,0,14,14,19.09.25,44.681,,
3OMG_R1_4_7.5mM_D0_D14,3OMG,R0,4,7.5mM,D0,D14,0,14,14,19.09.25,44.69,,
3OMG_R1_5_7.5mM_D0_D14,3OMG,R0,5,7.5mM,D0,D14,0,14,14,19.09.25,46.015,,
3OMG_R1_6_7.5mM_D0_D14,3OMG,R0,6,7.5mM,D0,D14,0,14,14,19.09.25,52.386,,
3OMG_R1_7_7.5mM_D0_D14,3OMG,R0,7,7.5mM,D0,D14,0,14,14,19.09.25,51.4,,
3OMG_R1_8_7.5mM_D0_D14,3OMG,R0,8,7.5mM,D0,D14,0,14,14,19.09.25,41.919,,
3OMG_R1_9_7.5mM_D0_D14,3OMG,R0,9,7.5mM,D0,D14,0,14,14,19.09.25,NA,,No growth
3OMG_R1_10_7.5mM_D0_D14,3OMG,R0,10,7.5mM,D0,D14,0,14,14,19.09.25,NA,,No growth
3OMG_R1_11_7.5mM_D0_D14,3OMG,R0,11,7.5mM,D0,D14,0,14,14,19.09.25,NA,,No growth
3OMG_R1_12_7.5mM_D0_D14,3OMG,R0,12,7.5mM,D0,D14,0,14,14,19.09.25,NA,,No growth
Water_R1_1_7.5mM_D0_D14,Water,R0,1,7.5mM,D0,D14,0,14,14,19.09.25,43.623,,
Water_R1_2_7.5mM_D0_D14,Water,R0,2,7.5mM,D0,D14,0,14,14,19.09.25,48.771,,
Water_R1_3_7.5mM_D0_D14,Water,R0,3,7.5mM,D0,D14,0,14,14,19.09.25,21.497,,
Water_R1_4_7.5mM_D0_D14,Water,R0,4,7.5mM,D0,D14,0,14,14,19.09.25,54.018,,
Water_R1_5_7.5mM_D0_D14,Water,R0,5,7.5mM,D0,D14,0,14,14,19.09.25,42.618,,
Water_R1_6_7.5mM_D0_D14,Water,R0,6,7.5mM,D0,D14,0,14,14,19.09.25,1.017,,No growth
Water_R1_7_7.5mM_D0_D14,Water,R0,7,7.5mM,D0,D14,0,14,14,19.09.25,45.38,,
Water_R1_8_7.5mM_D0_D14,Water,R0,8,7.5mM,D0,D14,0,14,14,19.09.25,4.101,,No growth
Water_R1_9_7.5mM_D0_D14,Water,R0,9,7.5mM,D0,D14,0,14,14,19.09.25,NA,,No growth
Water_R1_10_7.5mM_D0_D14,Water,R0,10,7.5mM,D0,D14,0,14,14,19.09.25,NA,,No growth
Water_R1_11_7.5mM_D0_D14,Water,R0,11,7.5mM,D0,D14,0,14,14,19.09.25,NA,,No growth
Water_R1_12_7.5mM_D0_D14,Water,R0,12,7.5mM,D0,D14,0,14,14,19.09.25,NA,,No growth
3OMG_R1_1_7.5mM_D03_D14,3OMG,R1,1,7.5mM,D03,D14,3,14,11,19.09.25,2.567,,No growth
3OMG_R1_2_7.5mM_D03_D14,3OMG,R1,2,7.5mM,D03,D14,3,14,11,19.09.25,44.049,,
3OMG_R1_3_7.5mM_D03_D14,3OMG,R1,3,7.5mM,D03,D14,3,14,11,19.09.25,45.953,,
3OMG_R1_4_7.5mM_D03_D14,3OMG,R1,4,7.5mM,D03,D14,3,14,11,19.09.25,1.361,,No growth
3OMG_R1_5_7.5mM_D03_D14,3OMG,R1,5,7.5mM,D03,D14,3,14,11,19.09.25,44.68,,
3OMG_R1_6_7.5mM_D03_D14,3OMG,R1,6,7.5mM,D03,D14,3,14,11,19.09.25,55.332,,
3OMG_R1_7_7.5mM_D03_D14,3OMG,R1,7,7.5mM,D03,D14,3,14,11,19.09.25,52.935,,
3OMG_R1_8_7.5mM_D03_D14,3OMG,R1,8,7.5mM,D03,D14,3,14,11,19.09.25,51.305,,
3OMG_R1_9_7.5mM_D03_D14,3OMG,R1,9,7.5mM,D03,D14,3,14,11,19.09.25,52.068,,
3OMG_R1_10_7.5mM_D03_D14,3OMG,R1,10,7.5mM,D03,D14,3,14,11,19.09.25,18.285,,No growth
3OMG_R1_11_7.5mM_D03_D14,3OMG,R1,11,7.5mM,D03,D14,3,14,11,19.09.25,0.78,,No growth
3OMG_R1_12_7.5mM_D03_D14,3OMG,R1,12,7.5mM,D03,D14,3,14,11,19.09.25,43.924,,
Water_R1_1_7.5mM_D03_D14,Water,R1,1,7.5mM,D03,D14,3,14,11,19.09.25,54.133,,
Water_R1_2_7.5mM_D03_D14,Water,R1,2,7.5mM,D03,D14,3,14,11,19.09.25,45.324,,
Water_R1_3_7.5mM_D03_D14,Water,R1,3,7.5mM,D03,D14,3,14,11,19.09.25,0.593,,No growth
Water_R1_4_7.5mM_D03_D14,Water,R1,4,7.5mM,D03,D14,3,14,11,19.09.25,16.59,,
Water_R1_5_7.5mM_D03_D14,Water,R1,5,7.5mM,D03,D14,3,14,11,19.09.25,56.105,,
Water_R1_6_7.5mM_D03_D14,Water,R1,6,7.5mM,D03,D14,3,14,11,19.09.25,0.761,,No growth
Water_R1_7_7.5mM_D03_D14,Water,R1,7,7.5mM,D03,D14,3,14,11,19.09.25,57.044,,
Water_R1_8_7.5mM_D03_D14,Water,R1,8,7.5mM,D03,D14,3,14,11,19.09.25,1.458,,No growth
Water_R1_9_7.5mM_D03_D14,Water,R1,9,7.5mM,D03,D14,3,14,11,19.09.25,57.769,,
Water_R1_10_7.5mM_D03_D14,Water,R1,10,7.5mM,D03,D14,3,14,11,19.09.25,59.468,,
Water_R1_11_7.5mM_D03_D14,Water,R1,11,7.5mM,D03,D14,3,14,11,19.09.25,64.619,,
Water_R1_12_7.5mM_D03_D14,Water,R1,12,7.5mM,D03,D14,3,14,11,19.09.25,64.524,,
3OMG_R1_1_7.5mM_D07_D14,3OMG,R1,1,7.5mM,D07,D14,7,14,7,19.09.25,46.411,,
3OMG_R1_2_7.5mM_D07_D14,3OMG,R1,2,7.5mM,D07,D14,7,14,7,19.09.25,43.756,,
3OMG_R1_3_7.5mM_D07_D14,3OMG,R1,3,7.5mM,D07,D14,7,14,7,19.09.25,43.753,,
3OMG_R1_4_7.5mM_D07_D14,3OMG,R1,4,7.5mM,D07,D14,7,14,7,19.09.25,48.053,,
3OMG_R1_5_7.5mM_D07_D14,3OMG,R1,5,7.5mM,D07,D14,7,14,7,19.09.25,38.684,,
3OMG_R1_6_7.5mM_D07_D14,3OMG,R1,6,7.5mM,D07,D14,7,14,7,19.09.25,45.894,,
3OMG_R1_7_7.5mM_D07_D14,3OMG,R1,7,7.5mM,D07,D14,7,14,7,19.09.25,42.231,,
3OMG_R1_8_7.5mM_D07_D14,3OMG,R1,8,7.5mM,D07,D14,7,14,7,19.09.25,43.178,,
3OMG_R1_9_7.5mM_D07_D14,3OMG,R1,9,7.5mM,D07,D14,7,14,7,19.09.25,48.35,,
3OMG_R1_10_7.5mM_D07_D14,3OMG,R1,10,7.5mM,D07,D14,7,14,7,19.09.25,41.031,,
3OMG_R1_11_7.5mM_D07_D14,3OMG,R1,11,7.5mM,D07,D14,7,14,7,19.09.25,35.677,,
3OMG_R1_12_7.5mM_D07_D14,3OMG,R1,12,7.5mM,D07,D14,7,14,7,19.09.25,39.015,,
Water_R1_1_7.5mM_D07_D14,Water,R1,1,7.5mM,D07,D14,7,14,7,19.09.25,48.331,,
Water_R1_2_7.5mM_D07_D14,Water,R1,2,7.5mM,D07,D14,7,14,7,19.09.25,48.452,,
Water_R1_3_7.5mM_D07_D14,Water,R1,3,7.5mM,D07,D14,7,14,7,19.09.25,50.915,,
Water_R1_4_7.5mM_D07_D14,Water,R1,4,7.5mM,D07,D14,7,14,7,19.09.25,52.47,,
Water_R1_5_7.5mM_D07_D14,Water,R1,5,7.5mM,D07,D14,7,14,7,19.09.25,51.837,,
Water_R1_6_7.5mM_D07_D14,Water,R1,6,7.5mM,D07,D14,7,14,7,19.09.25,51.776,,
Water_R1_7_7.5mM_D07_D14,Water,R1,7,7.5mM,D07,D14,7,14,7,19.09.25,52.233,,
Water_R1_8_7.5mM_D07_D14,Water,R1,8,7.5mM,D07,D14,7,14,7,19.09.25,53.833,,
Water_R1_9_7.5mM_D07_D14,Water,R1,9,7.5mM,D07,D14,7,14,7,19.09.25,47.464,,
Water_R1_10_7.5mM_D07_D14,Water,R1,10,7.5mM,D07,D14,7,14,7,19.09.25,56.295,,
Water_R1_11_7.5mM_D07_D14,Water,R1,11,7.5mM,D07,D14,7,14,7,19.09.25,47.9,,
Water_R1_12_7.5mM_D07_D14,Water,R1,12,7.5mM,D07,D14,7,14,7,19.09.25,51.125,,
3OMG_R1_1_7.5mM_D10_D14,3OMG,R1,1,7.5mM,D10,D14,10,14,4,19.09.25,24.383,,
3OMG_R1_2_7.5mM_D10_D14,3OMG,R1,2,7.5mM,D10,D14,10,14,4,19.09.25,28.24,,
3OMG_R1_3_7.5mM_D10_D14,3OMG,R1,3,7.5mM,D10,D14,10,14,4,19.09.25,24.278,,
3OMG_R1_4_7.5mM_D10_D14,3OMG,R1,4,7.5mM,D10,D14,10,14,4,19.09.25,27.736,,
3OMG_R1_5_7.5mM_D10_D14,3OMG,R1,5,7.5mM,D10,D14,10,14,4,19.09.25,25.392,,
3OMG_R1_6_7.5mM_D10_D14,3OMG,R1,6,7.5mM,D10,D14,10,14,4,19.09.25,27.922,,
3OMG_R1_7_7.5mM_D10_D14,3OMG,R1,7,7.5mM,D10,D14,10,14,4,19.09.25,25.49,,
3OMG_R1_8_7.5mM_D10_D14,3OMG,R1,8,7.5mM,D10,D14,10,14,4,19.09.25,25.725,,
3OMG_R1_9_7.5mM_D10_D14,3OMG,R1,9,7.5mM,D10,D14,10,14,4,19.09.25,26.066,,
3OMG_R1_10_7.5mM_D10_D14,3OMG,R1,10,7.5mM,D10,D14,10,14,4,19.09.25,28.235,,
3OMG_R1_11_7.5mM_D10_D14,3OMG,R1,11,7.5mM,D10,D14,10,14,4,19.09.25,26.657,,
3OMG_R1_12_7.5mM_D10_D14,3OMG,R1,12,7.5mM,D10,D14,10,14,4,19.09.25,27.26,,
Water_R1_1_7.5mM_D10_D14,Water,R1,1,7.5mM,D10,D14,10,14,4,19.09.25,27.216,,
Water_R1_2_7.5mM_D10_D14,Water,R1,2,7.5mM,D10,D14,10,14,4,19.09.25,29.702,,
Water_R1_3_7.5mM_D10_D14,Water,R1,3,7.5mM,D10,D14,10,14,4,19.09.25,27.268,,
Water_R1_4_7.5mM_D10_D14,Water,R1,4,7.5mM,D10,D14,10,14,4,19.09.25,29.292,,
Water_R1_5_7.5mM_D10_D14,Water,R1,5,7.5mM,D10,D14,10,14,4,19.09.25,26.868,,
Water_R1_6_7.5mM_D10_D14,Water,R1,6,7.5mM,D10,D14,10,14,4,19.09.25,28.357,,
Water_R1_7_7.5mM_D10_D14,Water,R1,7,7.5mM,D10,D14,10,14,4,19.09.25,26.146,,
Water_R1_8_7.5mM_D10_D14,Water,R1,8,7.5mM,D10,D14,10,14,4,19.09.25,27.483,,
Water_R1_9_7.5mM_D10_D14,Water,R1,9,7.5mM,D10,D14,10,14,4,19.09.25,29.349,,
Water_R1_10_7.5mM_D10_D14,Water,R1,10,7.5mM,D10,D14,10,14,4,19.09.25,25.512,,
Water_R1_11_7.5mM_D10_D14,Water,R1,11,7.5mM,D10,D14,10,14,4,19.09.25,27.787,,
Water_R1_12_7.5mM_D10_D14,Water,R1,12,7.5mM,D10,D14,10,14,4,19.09.25,28.652,,No growth
3OMG_R1_1_7.5mM_D0_D17,3OMG,R0,1,7.5mM,D0,D17,0,17,17,22.09.25,36.495,,
3OMG_R1_2_7.5mM_D0_D17,3OMG,R0,2,7.5mM,D0,D17,0,17,17,22.09.25,3.559,,No growth
3OMG_R1_3_7.5mM_D0_D17,3OMG,R0,3,7.5mM,D0,D17,0,17,17,22.09.25,56.53,,
3OMG_R1_4_7.5mM_D0_D17,3OMG,R0,4,7.5mM,D0,D17,0,17,17,22.09.25,56.05,,
3OMG_R1_5_7.5mM_D0_D17,3OMG,R0,5,7.5mM,D0,D17,0,17,17,22.09.25,56.157,,
3OMG_R1_6_7.5mM_D0_D17,3OMG,R0,6,7.5mM,D0,D17,0,17,17,22.09.25,65.383,,
3OMG_R1_7_7.5mM_D0_D17,3OMG,R0,7,7.5mM,D0,D17,0,17,17,22.09.25,61.437,,
3OMG_R1_8_7.5mM_D0_D17,3OMG,R0,8,7.5mM,D0,D17,0,17,17,22.09.25,53.66,,
3OMG_R1_9_7.5mM_D0_D17,3OMG,R0,9,7.5mM,D0,D17,0,17,17,22.09.25,NA,,No growth
3OMG_R1_10_7.5mM_D0_D17,3OMG,R0,10,7.5mM,D0,D17,0,17,17,22.09.25,NA,,No growth
3OMG_R1_11_7.5mM_D0_D17,3OMG,R0,11,7.5mM,D0,D17,0,17,17,22.09.25,NA,,No growth
3OMG_R1_12_7.5mM_D0_D17,3OMG,R0,12,7.5mM,D0,D17,0,17,17,22.09.25,NA,,No growth
Water_R1_1_7.5mM_D0_D17,Water,R0,1,7.5mM,D0,D17,0,17,17,22.09.25,55.329,,
Water_R1_2_7.5mM_D0_D17,Water,R0,2,7.5mM,D0,D17,0,17,17,22.09.25,62.527,,
Water_R1_3_7.5mM_D0_D17,Water,R0,3,7.5mM,D0,D17,0,17,17,22.09.25,28.475,,
Water_R1_4_7.5mM_D0_D17,Water,R0,4,7.5mM,D0,D17,0,17,17,22.09.25,66.607,,
Water_R1_5_7.5mM_D0_D17,Water,R0,5,7.5mM,D0,D17,0,17,17,22.09.25,53.225,,
Water_R1_6_7.5mM_D0_D17,Water,R0,6,7.5mM,D0,D17,0,17,17,22.09.25,1.786,,No growth
Water_R1_7_7.5mM_D0_D17,Water,R0,7,7.5mM,D0,D17,0,17,17,22.09.25,60.084,,
Water_R1_8_7.5mM_D0_D17,Water,R0,8,7.5mM,D0,D17,0,17,17,22.09.25,3.22,,No growth
Water_R1_9_7.5mM_D0_D17,Water,R0,9,7.5mM,D0,D17,0,17,17,22.09.25,NA,,No growth
Water_R1_10_7.5mM_D0_D17,Water,R0,10,7.5mM,D0,D17,0,17,17,22.09.25,NA,,No growth
Water_R1_11_7.5mM_D0_D17,Water,R0,11,7.5mM,D0,D17,0,17,17,22.09.25,NA,,No growth
Water_R1_12_7.5mM_D0_D17,Water,R0,12,7.5mM,D0,D17,0,17,17,22.09.25,NA,,No growth
3OMG_R1_1_7.5mM_D03_D17,3OMG,R1,1,7.5mM,D03,D17,3,17,14,22.09.25,10.34,,No growth
3OMG_R1_2_7.5mM_D03_D17,3OMG,R1,2,7.5mM,D03,D17,3,17,14,22.09.25,59.253,,
3OMG_R1_3_7.5mM_D03_D17,3OMG,R1,3,7.5mM,D03,D17,3,17,14,22.09.25,60.628,,
3OMG_R1_4_7.5mM_D03_D17,3OMG,R1,4,7.5mM,D03,D17,3,17,14,22.09.25,1.75,,No growth
3OMG_R1_5_7.5mM_D03_D17,3OMG,R1,5,7.5mM,D03,D17,3,17,14,22.09.25,60.138,,
3OMG_R1_6_7.5mM_D03_D17,3OMG,R1,6,7.5mM,D03,D17,3,17,14,22.09.25,72.234,,
3OMG_R1_7_7.5mM_D03_D17,3OMG,R1,7,7.5mM,D03,D17,3,17,14,22.09.25,67.221,,
3OMG_R1_8_7.5mM_D03_D17,3OMG,R1,8,7.5mM,D03,D17,3,17,14,22.09.25,67.423,,
3OMG_R1_9_7.5mM_D03_D17,3OMG,R1,9,7.5mM,D03,D17,3,17,14,22.09.25,68.997,,
3OMG_R1_10_7.5mM_D03_D17,3OMG,R1,10,7.5mM,D03,D17,3,17,14,22.09.25,27.82,,No growth
3OMG_R1_11_7.5mM_D03_D17,3OMG,R1,11,7.5mM,D03,D17,3,17,14,22.09.25,1.695,,No growth
3OMG_R1_12_7.5mM_D03_D17,3OMG,R1,12,7.5mM,D03,D17,3,17,14,22.09.25,58.555,,
Water_R1_1_7.5mM_D03_D17,Water,R1,1,7.5mM,D03,D17,3,17,14,22.09.25,77.781,,
Water_R1_2_7.5mM_D03_D17,Water,R1,2,7.5mM,D03,D17,3,17,14,22.09.25,61.89,,
Water_R1_3_7.5mM_D03_D17,Water,R1,3,7.5mM,D03,D17,3,17,14,22.09.25,1.356,,No growth
Water_R1_4_7.5mM_D03_D17,Water,R1,4,7.5mM,D03,D17,3,17,14,22.09.25,30.221,,
Water_R1_5_7.5mM_D03_D17,Water,R1,5,7.5mM,D03,D17,3,17,14,22.09.25,77.597,,
Water_R1_6_7.5mM_D03_D17,Water,R1,6,7.5mM,D03,D17,3,17,14,22.09.25,0.847,,No growth
Water_R1_7_7.5mM_D03_D17,Water,R1,7,7.5mM,D03,D17,3,17,14,22.09.25,76.759,,
Water_R1_8_7.5mM_D03_D17,Water,R1,8,7.5mM,D03,D17,3,17,14,22.09.25,1.186,,No growth
Water_R1_9_7.5mM_D03_D17,Water,R1,9,7.5mM,D03,D17,3,17,14,22.09.25,86.555,,
Water_R1_10_7.5mM_D03_D17,Water,R1,10,7.5mM,D03,D17,3,17,14,22.09.25,84.854,,
Water_R1_11_7.5mM_D03_D17,Water,R1,11,7.5mM,D03,D17,3,17,14,22.09.25,93.499,,
Water_R1_12_7.5mM_D03_D17,Water,R1,12,7.5mM,D03,D17,3,17,14,22.09.25,90.098,,
3OMG_R1_1_7.5mM_D07_D17,3OMG,R1,1,7.5mM,D07,D17,7,17,10,22.09.25,63.59,,
3OMG_R1_2_7.5mM_D07_D17,3OMG,R1,2,7.5mM,D07,D17,7,17,10,22.09.25,60.304,,
3OMG_R1_3_7.5mM_D07_D17,3OMG,R1,3,7.5mM,D07,D17,7,17,10,22.09.25,62.026,,
3OMG_R1_4_7.5mM_D07_D17,3OMG,R1,4,7.5mM,D07,D17,7,17,10,22.09.25,66.794,,
3OMG_R1_5_7.5mM_D07_D17,3OMG,R1,5,7.5mM,D07,D17,7,17,10,22.09.25,51.611,,
3OMG_R1_6_7.5mM_D07_D17,3OMG,R1,6,7.5mM,D07,D17,7,17,10,22.09.25,64.796,,
3OMG_R1_7_7.5mM_D07_D17,3OMG,R1,7,7.5mM,D07,D17,7,17,10,22.09.25,57.509,,
3OMG_R1_8_7.5mM_D07_D17,3OMG,R1,8,7.5mM,D07,D17,7,17,10,22.09.25,58.403,,
3OMG_R1_9_7.5mM_D07_D17,3OMG,R1,9,7.5mM,D07,D17,7,17,10,22.09.25,52.767,,
3OMG_R1_10_7.5mM_D07_D17,3OMG,R1,10,7.5mM,D07,D17,7,17,10,22.09.25,70.725,,
3OMG_R1_11_7.5mM_D07_D17,3OMG,R1,11,7.5mM,D07,D17,7,17,10,22.09.25,49.405,,
3OMG_R1_12_7.5mM_D07_D17,3OMG,R1,12,7.5mM,D07,D17,7,17,10,22.09.25,55.635,,
Water_R1_1_7.5mM_D07_D17,Water,R1,1,7.5mM,D07,D17,7,17,10,22.09.25,73.745,,
Water_R1_2_7.5mM_D07_D17,Water,R1,2,7.5mM,D07,D17,7,17,10,22.09.25,73.987,,
Water_R1_3_7.5mM_D07_D17,Water,R1,3,7.5mM,D07,D17,7,17,10,22.09.25,78.582,,
Water_R1_4_7.5mM_D07_D17,Water,R1,4,7.5mM,D07,D17,7,17,10,22.09.25,82.732,,
Water_R1_5_7.5mM_D07_D17,Water,R1,5,7.5mM,D07,D17,7,17,10,22.09.25,81.306,,
Water_R1_6_7.5mM_D07_D17,Water,R1,6,7.5mM,D07,D17,7,17,10,22.09.25,80.693,,
Water_R1_7_7.5mM_D07_D17,Water,R1,7,7.5mM,D07,D17,7,17,10,22.09.25,77.816,,
Water_R1_8_7.5mM_D07_D17,Water,R1,8,7.5mM,D07,D17,7,17,10,22.09.25,81.391,,
Water_R1_9_7.5mM_D07_D17,Water,R1,9,7.5mM,D07,D17,7,17,10,22.09.25,74.991,,
Water_R1_10_7.5mM_D07_D17,Water,R1,10,7.5mM,D07,D17,7,17,10,22.09.25,82.865,,
Water_R1_11_7.5mM_D07_D17,Water,R1,11,7.5mM,D07,D17,7,17,10,22.09.25,74.213,,
Water_R1_12_7.5mM_D07_D17,Water,R1,12,7.5mM,D07,D17,7,17,10,22.09.25,76.044,,
3OMG_R1_1_7.5mM_D10_D17,3OMG,R1,1,7.5mM,D10,D17,10,17,7,22.09.25,42.022,,
3OMG_R1_2_7.5mM_D10_D17,3OMG,R1,2,7.5mM,D10,D17,10,17,7,22.09.25,44.929,,
3OMG_R1_3_7.5mM_D10_D17,3OMG,R1,3,7.5mM,D10,D17,10,17,7,22.09.25,42.491,,
3OMG_R1_4_7.5mM_D10_D17,3OMG,R1,4,7.5mM,D10,D17,10,17,7,22.09.25,44.808,,
3OMG_R1_5_7.5mM_D10_D17,3OMG,R1,5,7.5mM,D10,D17,10,17,7,22.09.25,43.673,,
3OMG_R1_6_7.5mM_D10_D17,3OMG,R1,6,7.5mM,D10,D17,10,17,7,22.09.25,51.842,,
3OMG_R1_7_7.5mM_D10_D17,3OMG,R1,7,7.5mM,D10,D17,10,17,7,22.09.25,45.496,,
3OMG_R1_8_7.5mM_D10_D17,3OMG,R1,8,7.5mM,D10,D17,10,17,7,22.09.25,42.899,,
3OMG_R1_9_7.5mM_D10_D17,3OMG,R1,9,7.5mM,D10,D17,10,17,7,22.09.25,44.048,,
3OMG_R1_10_7.5mM_D10_D17,3OMG,R1,10,7.5mM,D10,D17,10,17,7,22.09.25,48.948,,
3OMG_R1_11_7.5mM_D10_D17,3OMG,R1,11,7.5mM,D10,D17,10,17,7,22.09.25,45.955,,
3OMG_R1_12_7.5mM_D10_D17,3OMG,R1,12,7.5mM,D10,D17,10,17,7,22.09.25,49.317,,
Water_R1_1_7.5mM_D10_D17,Water,R1,1,7.5mM,D10,D17,10,17,7,22.09.25,55.549,,
Water_R1_2_7.5mM_D10_D17,Water,R1,2,7.5mM,D10,D17,10,17,7,22.09.25,56.314,,
Water_R1_3_7.5mM_D10_D17,Water,R1,3,7.5mM,D10,D17,10,17,7,22.09.25,57.062,,
Water_R1_4_7.5mM_D10_D17,Water,R1,4,7.5mM,D10,D17,10,17,7,22.09.25,60.299,,
Water_R1_5_7.5mM_D10_D17,Water,R1,5,7.5mM,D10,D17,10,17,7,22.09.25,56.148,,
Water_R1_6_7.5mM_D10_D17,Water,R1,6,7.5mM,D10,D17,10,17,7,22.09.25,55.699,,
Water_R1_7_7.5mM_D10_D17,Water,R1,7,7.5mM,D10,D17,10,17,7,22.09.25,50.857,,
Water_R1_8_7.5mM_D10_D17,Water,R1,8,7.5mM,D10,D17,10,17,7,22.09.25,57.703,,
Water_R1_9_7.5mM_D10_D17,Water,R1,9,7.5mM,D10,D17,10,17,7,22.09.25,57.265,,
Water_R1_10_7.5mM_D10_D17,Water,R1,10,7.5mM,D10,D17,10,17,7,22.09.25,51.67,,
Water_R1_11_7.5mM_D10_D17,Water,R1,11,7.5mM,D10,D17,10,17,7,22.09.25,55.705,,
Water_R1_12_7.5mM_D10_D17,Water,R1,12,7.5mM,D10,D17,10,17,7,22.09.25,NA,On the side,
3OMG_R1_1_7.5mM_D14_D17,3OMG,R1,1,7.5mM,D14,D17,14,17,3,22.09.25,29.521,,
3OMG_R1_2_7.5mM_D14_D17,3OMG,R1,2,7.5mM,D14,D17,14,17,3,22.09.25,27.381,,
3OMG_R1_3_7.5mM_D14_D17,3OMG,R1,3,7.5mM,D14,D17,14,17,3,22.09.25,27.225,,
3OMG_R1_4_7.5mM_D14_D17,3OMG,R1,4,7.5mM,D14,D17,14,17,3,22.09.25,29.778,,
3OMG_R1_5_7.5mM_D14_D17,3OMG,R1,5,7.5mM,D14,D17,14,17,3,22.09.25,28.521,,
3OMG_R1_6_7.5mM_D14_D17,3OMG,R1,6,7.5mM,D14,D17,14,17,3,22.09.25,24.736,,
3OMG_R1_7_7.5mM_D14_D17,3OMG,R1,7,7.5mM,D14,D17,14,17,3,22.09.25,24.477,,
3OMG_R1_8_7.5mM_D14_D17,3OMG,R1,8,7.5mM,D14,D17,14,17,3,22.09.25,26.936,,
3OMG_R1_9_7.5mM_D14_D17,3OMG,R1,9,7.5mM,D14,D17,14,17,3,22.09.25,29.299,,
3OMG_R1_10_7.5mM_D14_D17,3OMG,R1,10,7.5mM,D14,D17,14,17,3,22.09.25,29.458,,
3OMG_R1_11_7.5mM_D14_D17,3OMG,R1,11,7.5mM,D14,D17,14,17,3,22.09.25,27.334,,
3OMG_R1_12_7.5mM_D14_D17,3OMG,R1,12,7.5mM,D14,D17,14,17,3,22.09.25,NA,,No growth
Water_R1_1_7.5mM_D14_D17,Water,R1,1,7.5mM,D14,D17,14,17,3,22.09.25,28.915,,
Water_R1_2_7.5mM_D14_D17,Water,R1,2,7.5mM,D14,D17,14,17,3,22.09.25,26.922,,
Water_R1_3_7.5mM_D14_D17,Water,R1,3,7.5mM,D14,D17,14,17,3,22.09.25,26.159,,
Water_R1_4_7.5mM_D14_D17,Water,R1,4,7.5mM,D14,D17,14,17,3,22.09.25,23.914,,
Water_R1_5_7.5mM_D14_D17,Water,R1,5,7.5mM,D14,D17,14,17,3,22.09.25,25.971,,
Water_R1_6_7.5mM_D14_D17,Water,R1,6,7.5mM,D14,D17,14,17,3,22.09.25,28.547,,
Water_R1_7_7.5mM_D14_D17,Water,R1,7,7.5mM,D14,D17,14,17,3,22.09.25,31.063,,
Water_R1_8_7.5mM_D14_D17,Water,R1,8,7.5mM,D14,D17,14,17,3,22.09.25,27.38,,
Water_R1_9_7.5mM_D14_D17,Water,R1,9,7.5mM,D14,D17,14,17,3,22.09.25,28.007,,
Water_R1_10_7.5mM_D14_D17,Water,R1,10,7.5mM,D14,D17,14,17,3,22.09.25,25.38,,
Water_R1_11_7.5mM_D14_D17,Water,R1,11,7.5mM,D14,D17,14,17,3,22.09.25,26.99,,
Water_R1_12_7.5mM_D14_D17,Water,R1,12,7.5mM,D14,D17,14,17,3,22.09.25,22.723,,
3OMG_R1_1_7.5mM_D0_D18,3OMG,R0,1,7.5mM,D0,D18,0,18,18,23.09.25,39.634,,
3OMG_R1_2_7.5mM_D0_D18,3OMG,R0,2,7.5mM,D0,D18,0,18,18,23.09.25,4.068,,No growth
3OMG_R1_3_7.5mM_D0_D18,3OMG,R0,3,7.5mM,D0,D18,0,18,18,23.09.25,58.842,,
3OMG_R1_4_7.5mM_D0_D18,3OMG,R0,4,7.5mM,D0,D18,0,18,18,23.09.25,64.731,,
3OMG_R1_5_7.5mM_D0_D18,3OMG,R0,5,7.5mM,D0,D18,0,18,18,23.09.25,62.74,,
3OMG_R1_6_7.5mM_D0_D18,3OMG,R0,6,7.5mM,D0,D18,0,18,18,23.09.25,71.351,,
3OMG_R1_7_7.5mM_D0_D18,3OMG,R0,7,7.5mM,D0,D18,0,18,18,23.09.25,65.903,,
3OMG_R1_8_7.5mM_D0_D18,3OMG,R0,8,7.5mM,D0,D18,0,18,18,23.09.25,52.102,,
3OMG_R1_9_7.5mM_D0_D18,3OMG,R0,9,7.5mM,D0,D18,0,18,18,23.09.25,NA,,No growth
3OMG_R1_10_7.5mM_D0_D18,3OMG,R0,10,7.5mM,D0,D18,0,18,18,23.09.25,NA,,No growth
3OMG_R1_11_7.5mM_D0_D18,3OMG,R0,11,7.5mM,D0,D18,0,18,18,23.09.25,NA,,No growth
3OMG_R1_12_7.5mM_D0_D18,3OMG,R0,12,7.5mM,D0,D18,0,18,18,23.09.25,NA,,No growth
Water_R1_1_7.5mM_D0_D18,Water,R0,1,7.5mM,D0,D18,0,18,18,23.09.25,58.921,,
Water_R1_2_7.5mM_D0_D18,Water,R0,2,7.5mM,D0,D18,0,18,18,23.09.25,66.817,,
Water_R1_3_7.5mM_D0_D18,Water,R0,3,7.5mM,D0,D18,0,18,18,23.09.25,30.07,,
Water_R1_4_7.5mM_D0_D18,Water,R0,4,7.5mM,D0,D18,0,18,18,23.09.25,73.474,,
Water_R1_5_7.5mM_D0_D18,Water,R0,5,7.5mM,D0,D18,0,18,18,23.09.25,53.608,,
Water_R1_6_7.5mM_D0_D18,Water,R0,6,7.5mM,D0,D18,0,18,18,23.09.25,1.356,,No growth
Water_R1_7_7.5mM_D0_D18,Water,R0,7,7.5mM,D0,D18,0,18,18,23.09.25,65.896,,
Water_R1_8_7.5mM_D0_D18,Water,R0,8,7.5mM,D0,D18,0,18,18,23.09.25,3.559,,No growth
Water_R1_9_7.5mM_D0_D18,Water,R0,9,7.5mM,D0,D18,0,18,18,23.09.25,NA,,No growth
Water_R1_10_7.5mM_D0_D18,Water,R0,10,7.5mM,D0,D18,0,18,18,23.09.25,NA,,No growth
Water_R1_11_7.5mM_D0_D18,Water,R0,11,7.5mM,D0,D18,0,18,18,23.09.25,NA,,No growth
Water_R1_12_7.5mM_D0_D18,Water,R0,12,7.5mM,D0,D18,0,18,18,23.09.25,NA,,No growth
3OMG_R1_1_7.5mM_D03_D18,3OMG,R1,1,7.5mM,D03,D18,3,18,15,23.09.25,11.98,,No growth
3OMG_R1_2_7.5mM_D03_D18,3OMG,R1,2,7.5mM,D03,D18,3,18,15,23.09.25,62.064,,
3OMG_R1_3_7.5mM_D03_D18,3OMG,R1,3,7.5mM,D03,D18,3,18,15,23.09.25,65.925,,
3OMG_R1_4_7.5mM_D03_D18,3OMG,R1,4,7.5mM,D03,D18,3,18,15,23.09.25,1.565,,No growth
3OMG_R1_5_7.5mM_D03_D18,3OMG,R1,5,7.5mM,D03,D18,3,18,15,23.09.25,65.109,,
3OMG_R1_6_7.5mM_D03_D18,3OMG,R1,6,7.5mM,D03,D18,3,18,15,23.09.25,78.577,,
3OMG_R1_7_7.5mM_D03_D18,3OMG,R1,7,7.5mM,D03,D18,3,18,15,23.09.25,72.011,,
3OMG_R1_8_7.5mM_D03_D18,3OMG,R1,8,7.5mM,D03,D18,3,18,15,23.09.25,70.007,,
3OMG_R1_9_7.5mM_D03_D18,3OMG,R1,9,7.5mM,D03,D18,3,18,15,23.09.25,72.153,,
3OMG_R1_10_7.5mM_D03_D18,3OMG,R1,10,7.5mM,D03,D18,3,18,15,23.09.25,31.072,,No growth
3OMG_R1_11_7.5mM_D03_D18,3OMG,R1,11,7.5mM,D03,D18,3,18,15,23.09.25,2.6,,No growth
3OMG_R1_12_7.5mM_D03_D18,3OMG,R1,12,7.5mM,D03,D18,3,18,15,23.09.25,61.841,,
Water_R1_1_7.5mM_D03_D18,Water,R1,1,7.5mM,D03,D18,3,18,15,23.09.25,83.021,,
Water_R1_2_7.5mM_D03_D18,Water,R1,2,7.5mM,D03,D18,3,18,15,23.09.25,65.923,,
Water_R1_3_7.5mM_D03_D18,Water,R1,3,7.5mM,D03,D18,3,18,15,23.09.25,0.931,,No growth
Water_R1_4_7.5mM_D03_D18,Water,R1,4,7.5mM,D03,D18,3,18,15,23.09.25,49.088,,
Water_R1_5_7.5mM_D03_D18,Water,R1,5,7.5mM,D03,D18,3,18,15,23.09.25,84.249,,
Water_R1_6_7.5mM_D03_D18,Water,R1,6,7.5mM,D03,D18,3,18,15,23.09.25,1.186,,No growth
Water_R1_7_7.5mM_D03_D18,Water,R1,7,7.5mM,D03,D18,3,18,15,23.09.25,85.657,,
Water_R1_8_7.5mM_D03_D18,Water,R1,8,7.5mM,D03,D18,3,18,15,23.09.25,1.738,,No growth
Water_R1_9_7.5mM_D03_D18,Water,R1,9,7.5mM,D03,D18,3,18,15,23.09.25,91.06,,
Water_R1_10_7.5mM_D03_D18,Water,R1,10,7.5mM,D03,D18,3,18,15,23.09.25,92.983,,
Water_R1_11_7.5mM_D03_D18,Water,R1,11,7.5mM,D03,D18,3,18,15,23.09.25,94.885,,
Water_R1_12_7.5mM_D03_D18,Water,R1,12,7.5mM,D03,D18,3,18,15,23.09.25,87.602,,
3OMG_R1_1_7.5mM_D07_D18,3OMG,R1,1,7.5mM,D07,D18,7,18,11,23.09.25,68.852,,
3OMG_R1_2_7.5mM_D07_D18,3OMG,R1,2,7.5mM,D07,D18,7,18,11,23.09.25,65.344,,
3OMG_R1_3_7.5mM_D07_D18,3OMG,R1,3,7.5mM,D07,D18,7,18,11,23.09.25,67.144,,
3OMG_R1_4_7.5mM_D07_D18,3OMG,R1,4,7.5mM,D07,D18,7,18,11,23.09.25,72.626,,
3OMG_R1_5_7.5mM_D07_D18,3OMG,R1,5,7.5mM,D07,D18,7,18,11,23.09.25,55.563,,
3OMG_R1_6_7.5mM_D07_D18,3OMG,R1,6,7.5mM,D07,D18,7,18,11,23.09.25,71.55,,
3OMG_R1_7_7.5mM_D07_D18,3OMG,R1,7,7.5mM,D07,D18,7,18,11,23.09.25,64.43,,
3OMG_R1_8_7.5mM_D07_D18,3OMG,R1,8,7.5mM,D07,D18,7,18,11,23.09.25,64.095,,
3OMG_R1_9_7.5mM_D07_D18,3OMG,R1,9,7.5mM,D07,D18,7,18,11,23.09.25,71.873,,
3OMG_R1_10_7.5mM_D07_D18,3OMG,R1,10,7.5mM,D07,D18,7,18,11,23.09.25,66.673,,
3OMG_R1_11_7.5mM_D07_D18,3OMG,R1,11,7.5mM,D07,D18,7,18,11,23.09.25,54.71,,
3OMG_R1_12_7.5mM_D07_D18,3OMG,R1,12,7.5mM,D07,D18,7,18,11,23.09.25,62.302,,
Water_R1_1_7.5mM_D07_D18,Water,R1,1,7.5mM,D07,D18,7,18,11,23.09.25,62.196,,
Water_R1_2_7.5mM_D07_D18,Water,R1,2,7.5mM,D07,D18,7,18,11,23.09.25,82.1,,
Water_R1_3_7.5mM_D07_D18,Water,R1,3,7.5mM,D07,D18,7,18,11,23.09.25,86.311,,
Water_R1_4_7.5mM_D07_D18,Water,R1,4,7.5mM,D07,D18,7,18,11,23.09.25,86.878,,
Water_R1_5_7.5mM_D07_D18,Water,R1,5,7.5mM,D07,D18,7,18,11,23.09.25,85.89,,
Water_R1_6_7.5mM_D07_D18,Water,R1,6,7.5mM,D07,D18,7,18,11,23.09.25,85.498,,
Water_R1_7_7.5mM_D07_D18,Water,R1,7,7.5mM,D07,D18,7,18,11,23.09.25,86.089,,
Water_R1_8_7.5mM_D07_D18,Water,R1,8,7.5mM,D07,D18,7,18,11,23.09.25,85.523,,
Water_R1_9_7.5mM_D07_D18,Water,R1,9,7.5mM,D07,D18,7,18,11,23.09.25,81.2,,
Water_R1_10_7.5mM_D07_D18,Water,R1,10,7.5mM,D07,D18,7,18,11,23.09.25,87.647,,
Water_R1_11_7.5mM_D07_D18,Water,R1,11,7.5mM,D07,D18,7,18,11,23.09.25,82.138,,
Water_R1_12_7.5mM_D07_D18,Water,R1,12,7.5mM,D07,D18,7,18,11,23.09.25,69.898,,
3OMG_R1_1_7.5mM_D10_D18,3OMG,R1,1,7.5mM,D10,D18,10,18,8,23.09.25,48.13,,
3OMG_R1_2_7.5mM_D10_D18,3OMG,R1,2,7.5mM,D10,D18,10,18,8,23.09.25,50.878,,
3OMG_R1_3_7.5mM_D10_D18,3OMG,R1,3,7.5mM,D10,D18,10,18,8,23.09.25,47.829,,
3OMG_R1_4_7.5mM_D10_D18,3OMG,R1,4,7.5mM,D10,D18,10,18,8,23.09.25,49.701,,
3OMG_R1_5_7.5mM_D10_D18,3OMG,R1,5,7.5mM,D10,D18,10,18,8,23.09.25,48.954,,
3OMG_R1_6_7.5mM_D10_D18,3OMG,R1,6,7.5mM,D10,D18,10,18,8,23.09.25,57.73,,
3OMG_R1_7_7.5mM_D10_D18,3OMG,R1,7,7.5mM,D10,D18,10,18,8,23.09.25,51.856,,
3OMG_R1_8_7.5mM_D10_D18,3OMG,R1,8,7.5mM,D10,D18,10,18,8,23.09.25,47.78,,
3OMG_R1_9_7.5mM_D10_D18,3OMG,R1,9,7.5mM,D10,D18,10,18,8,23.09.25,49.696,,
3OMG_R1_10_7.5mM_D10_D18,3OMG,R1,10,7.5mM,D10,D18,10,18,8,23.09.25,54.484,,
3OMG_R1_11_7.5mM_D10_D18,3OMG,R1,11,7.5mM,D10,D18,10,18,8,23.09.25,51.387,,
3OMG_R1_12_7.5mM_D10_D18,3OMG,R1,12,7.5mM,D10,D18,10,18,8,23.09.25,56.291,,
Water_R1_1_7.5mM_D10_D18,Water,R1,1,7.5mM,D10,D18,10,18,8,23.09.25,62.455,,
Water_R1_2_7.5mM_D10_D18,Water,R1,2,7.5mM,D10,D18,10,18,8,23.09.25,63.812,,
Water_R1_3_7.5mM_D10_D18,Water,R1,3,7.5mM,D10,D18,10,18,8,23.09.25,63.563,,
Water_R1_4_7.5mM_D10_D18,Water,R1,4,7.5mM,D10,D18,10,18,8,23.09.25,65.482,,
Water_R1_5_7.5mM_D10_D18,Water,R1,5,7.5mM,D10,D18,10,18,8,23.09.25,64.586,,
Water_R1_6_7.5mM_D10_D18,Water,R1,6,7.5mM,D10,D18,10,18,8,23.09.25,65.219,,
Water_R1_7_7.5mM_D10_D18,Water,R1,7,7.5mM,D10,D18,10,18,8,23.09.25,59.519,,
Water_R1_8_7.5mM_D10_D18,Water,R1,8,7.5mM,D10,D18,10,18,8,23.09.25,66.648,,
Water_R1_9_7.5mM_D10_D18,Water,R1,9,7.5mM,D10,D18,10,18,8,23.09.25,64.567,,
Water_R1_10_7.5mM_D10_D18,Water,R1,10,7.5mM,D10,D18,10,18,8,23.09.25,59.213,,
Water_R1_11_7.5mM_D10_D18,Water,R1,11,7.5mM,D10,D18,10,18,8,23.09.25,66.405,,
Water_R1_12_7.5mM_D10_D18,Water,R1,12,7.5mM,D10,D18,10,18,8,23.09.25,NA,On the side,
3OMG_R1_1_7.5mM_D14_D18,3OMG,R1,1,7.5mM,D14,D18,14,18,4,23.09.25,40.778,,
3OMG_R1_2_7.5mM_D14_D18,3OMG,R1,2,7.5mM,D14,D18,14,18,4,23.09.25,38.092,,
3OMG_R1_3_7.5mM_D14_D18,3OMG,R1,3,7.5mM,D14,D18,14,18,4,23.09.25,38.008,,
3OMG_R1_4_7.5mM_D14_D18,3OMG,R1,4,7.5mM,D14,D18,14,18,4,23.09.25,39.067,,
3OMG_R1_5_7.5mM_D14_D18,3OMG,R1,5,7.5mM,D14,D18,14,18,4,23.09.25,38.888,,
3OMG_R1_6_7.5mM_D14_D18,3OMG,R1,6,7.5mM,D14,D18,14,18,4,23.09.25,33.437,,
3OMG_R1_7_7.5mM_D14_D18,3OMG,R1,7,7.5mM,D14,D18,14,18,4,23.09.25,30.769,,
3OMG_R1_8_7.5mM_D14_D18,3OMG,R1,8,7.5mM,D14,D18,14,18,4,23.09.25,38.545,,
3OMG_R1_9_7.5mM_D14_D18,3OMG,R1,9,7.5mM,D14,D18,14,18,4,23.09.25,40.108,,
3OMG_R1_10_7.5mM_D14_D18,3OMG,R1,10,7.5mM,D14,D18,14,18,4,23.09.25,41.616,,
3OMG_R1_11_7.5mM_D14_D18,3OMG,R1,11,7.5mM,D14,D18,14,18,4,23.09.25,37.936,,
3OMG_R1_12_7.5mM_D14_D18,3OMG,R1,12,7.5mM,D14,D18,14,18,4,23.09.25,NA,,No growth
Water_R1_1_7.5mM_D14_D18,Water,R1,1,7.5mM,D14,D18,14,18,4,23.09.25,38.79,,
Water_R1_2_7.5mM_D14_D18,Water,R1,2,7.5mM,D14,D18,14,18,4,23.09.25,39.984,,
Water_R1_3_7.5mM_D14_D18,Water,R1,3,7.5mM,D14,D18,14,18,4,23.09.25,36.049,,
Water_R1_4_7.5mM_D14_D18,Water,R1,4,7.5mM,D14,D18,14,18,4,23.09.25,33.849,,
Water_R1_5_7.5mM_D14_D18,Water,R1,5,7.5mM,D14,D18,14,18,4,23.09.25,35.926,,
Water_R1_6_7.5mM_D14_D18,Water,R1,6,7.5mM,D14,D18,14,18,4,23.09.25,40.923,,
Water_R1_7_7.5mM_D14_D18,Water,R1,7,7.5mM,D14,D18,14,18,4,23.09.25,41.877,,
Water_R1_8_7.5mM_D14_D18,Water,R1,8,7.5mM,D14,D18,14,18,4,23.09.25,37.357,,
Water_R1_9_7.5mM_D14_D18,Water,R1,9,7.5mM,D14,D18,14,18,4,23.09.25,36.894,,
Water_R1_10_7.5mM_D14_D18,Water,R1,10,7.5mM,D14,D18,14,18,4,23.09.25,33.133,,
Water_R1_11_7.5mM_D14_D18,Water,R1,11,7.5mM,D14,D18,14,18,4,23.09.25,38.129,,
Water_R1_12_7.5mM_D14_D18,Water,R1,12,7.5mM,D14,D18,14,18,4,23.09.25,32.124,,
3OMG_R1_1_7.5mM_D0_D19,3OMG,R0,1,7.5mM,D0,D19,0,19,19,24.09.25,42.47,,
3OMG_R1_2_7.5mM_D0_D19,3OMG,R0,2,7.5mM,D0,D19,0,19,19,24.09.25,3.326,,No growth
3OMG_R1_3_7.5mM_D0_D19,3OMG,R0,3,7.5mM,D0,D19,0,19,19,24.09.25,66.135,,
3OMG_R1_4_7.5mM_D0_D19,3OMG,R0,4,7.5mM,D0,D19,0,19,19,24.09.25,71.721,,
3OMG_R1_5_7.5mM_D0_D19,3OMG,R0,5,7.5mM,D0,D19,0,19,19,24.09.25,67.358,,
3OMG_R1_6_7.5mM_D0_D19,3OMG,R0,6,7.5mM,D0,D19,0,19,19,24.09.25,77.452,,
3OMG_R1_7_7.5mM_D0_D19,3OMG,R0,7,7.5mM,D0,D19,0,19,19,24.09.25,69.684,,
3OMG_R1_8_7.5mM_D0_D19,3OMG,R0,8,7.5mM,D0,D19,0,19,19,24.09.25,59.73,,
3OMG_R1_9_7.5mM_D0_D19,3OMG,R0,9,7.5mM,D0,D19,0,19,19,24.09.25,NA,,No growth
3OMG_R1_10_7.5mM_D0_D19,3OMG,R0,10,7.5mM,D0,D19,0,19,19,24.09.25,NA,,No growth
3OMG_R1_11_7.5mM_D0_D19,3OMG,R0,11,7.5mM,D0,D19,0,19,19,24.09.25,NA,,No growth
3OMG_R1_12_7.5mM_D0_D19,3OMG,R0,12,7.5mM,D0,D19,0,19,19,24.09.25,NA,,No growth
Water_R1_1_7.5mM_D0_D19,Water,R0,1,7.5mM,D0,D19,0,19,19,24.09.25,65.124,,
Water_R1_2_7.5mM_D0_D19,Water,R0,2,7.5mM,D0,D19,0,19,19,24.09.25,73.981,,
Water_R1_3_7.5mM_D0_D19,Water,R0,3,7.5mM,D0,D19,0,19,19,24.09.25,33.536,,
Water_R1_4_7.5mM_D0_D19,Water,R0,4,7.5mM,D0,D19,0,19,19,24.09.25,79.386,,
Water_R1_5_7.5mM_D0_D19,Water,R0,5,7.5mM,D0,D19,0,19,19,24.09.25,54.254,,
Water_R1_6_7.5mM_D0_D19,Water,R0,6,7.5mM,D0,D19,0,19,19,24.09.25,1.48,,No growth
Water_R1_7_7.5mM_D0_D19,Water,R0,7,7.5mM,D0,D19,0,19,19,24.09.25,64.147,,
Water_R1_8_7.5mM_D0_D19,Water,R0,8,7.5mM,D0,D19,0,19,19,24.09.25,2.973,,No growth
Water_R1_9_7.5mM_D0_D19,Water,R0,9,7.5mM,D0,D19,0,19,19,24.09.25,NA,,No growth
Water_R1_10_7.5mM_D0_D19,Water,R0,10,7.5mM,D0,D19,0,19,19,24.09.25,NA,,No growth
Water_R1_11_7.5mM_D0_D19,Water,R0,11,7.5mM,D0,D19,0,19,19,24.09.25,NA,,No growth
Water_R1_12_7.5mM_D0_D19,Water,R0,12,7.5mM,D0,D19,0,19,19,24.09.25,NA,,No growth
3OMG_R1_1_7.5mM_D03_D19,3OMG,R1,1,7.5mM,D03,D19,3,19,16,24.09.25,14.083,,No growth
3OMG_R1_2_7.5mM_D03_D19,3OMG,R1,2,7.5mM,D03,D19,3,19,16,24.09.25,70.738,,
3OMG_R1_3_7.5mM_D03_D19,3OMG,R1,3,7.5mM,D03,D19,3,19,16,24.09.25,70.881,,
3OMG_R1_4_7.5mM_D03_D19,3OMG,R1,4,7.5mM,D03,D19,3,19,16,24.09.25,1.06,,No growth
3OMG_R1_5_7.5mM_D03_D19,3OMG,R1,5,7.5mM,D03,D19,3,19,16,24.09.25,69.576,,
3OMG_R1_6_7.5mM_D03_D19,3OMG,R1,6,7.5mM,D03,D19,3,19,16,24.09.25,85.337,,
3OMG_R1_7_7.5mM_D03_D19,3OMG,R1,7,7.5mM,D03,D19,3,19,16,24.09.25,78.627,,
3OMG_R1_8_7.5mM_D03_D19,3OMG,R1,8,7.5mM,D03,D19,3,19,16,24.09.25,77.455,,
3OMG_R1_9_7.5mM_D03_D19,3OMG,R1,9,7.5mM,D03,D19,3,19,16,24.09.25,82.245,,
3OMG_R1_10_7.5mM_D03_D19,3OMG,R1,10,7.5mM,D03,D19,3,19,16,24.09.25,34.152,,No growth
3OMG_R1_11_7.5mM_D03_D19,3OMG,R1,11,7.5mM,D03,D19,3,19,16,24.09.25,1.951,,No growth
3OMG_R1_12_7.5mM_D03_D19,3OMG,R1,12,7.5mM,D03,D19,3,19,16,24.09.25,68.081,,
Water_R1_1_7.5mM_D03_D19,Water,R1,1,7.5mM,D03,D19,3,19,16,24.09.25,93.49,,
Water_R1_2_7.5mM_D03_D19,Water,R1,2,7.5mM,D03,D19,3,19,16,24.09.25,73.292,,
Water_R1_3_7.5mM_D03_D19,Water,R1,3,7.5mM,D03,D19,3,19,16,24.09.25,1.149,,No growth
Water_R1_4_7.5mM_D03_D19,Water,R1,4,7.5mM,D03,D19,3,19,16,24.09.25,38.072,,
Water_R1_5_7.5mM_D03_D19,Water,R1,5,7.5mM,D03,D19,3,19,16,24.09.25,91.522,,
Water_R1_6_7.5mM_D03_D19,Water,R1,6,7.5mM,D03,D19,3,19,16,24.09.25,1.944,,No growth
Water_R1_7_7.5mM_D03_D19,Water,R1,7,7.5mM,D03,D19,3,19,16,24.09.25,94.849,,
Water_R1_8_7.5mM_D03_D19,Water,R1,8,7.5mM,D03,D19,3,19,16,24.09.25,1.16,,No growth
Water_R1_9_7.5mM_D03_D19,Water,R1,9,7.5mM,D03,D19,3,19,16,24.09.25,93.13,,
Water_R1_10_7.5mM_D03_D19,Water,R1,10,7.5mM,D03,D19,3,19,16,24.09.25,98.748,,
Water_R1_11_7.5mM_D03_D19,Water,R1,11,7.5mM,D03,D19,3,19,16,24.09.25,96.018,,
Water_R1_12_7.5mM_D03_D19,Water,R1,12,7.5mM,D03,D19,3,19,16,24.09.25,NA,On the side,
3OMG_R1_1_7.5mM_D07_D19,3OMG,R1,1,7.5mM,D07,D19,7,19,12,24.09.25,73.015,,
3OMG_R1_2_7.5mM_D07_D19,3OMG,R1,2,7.5mM,D07,D19,7,19,12,24.09.25,70.273,,
3OMG_R1_3_7.5mM_D07_D19,3OMG,R1,3,7.5mM,D07,D19,7,19,12,24.09.25,73.625,,
3OMG_R1_4_7.5mM_D07_D19,3OMG,R1,4,7.5mM,D07,D19,7,19,12,24.09.25,78.838,,
3OMG_R1_5_7.5mM_D07_D19,3OMG,R1,5,7.5mM,D07,D19,7,19,12,24.09.25,59.794,,
3OMG_R1_6_7.5mM_D07_D19,3OMG,R1,6,7.5mM,D07,D19,7,19,12,24.09.25,76.526,,
3OMG_R1_7_7.5mM_D07_D19,3OMG,R1,7,7.5mM,D07,D19,7,19,12,24.09.25,72.066,,
3OMG_R1_8_7.5mM_D07_D19,3OMG,R1,8,7.5mM,D07,D19,7,19,12,24.09.25,71.159,,
3OMG_R1_9_7.5mM_D07_D19,3OMG,R1,9,7.5mM,D07,D19,7,19,12,24.09.25,79.021,,
3OMG_R1_10_7.5mM_D07_D19,3OMG,R1,10,7.5mM,D07,D19,7,19,12,24.09.25,82.681,,
3OMG_R1_11_7.5mM_D07_D19,3OMG,R1,11,7.5mM,D07,D19,7,19,12,24.09.25,59.893,,
3OMG_R1_12_7.5mM_D07_D19,3OMG,R1,12,7.5mM,D07,D19,7,19,12,24.09.25,68.511,,
Water_R1_1_7.5mM_D07_D19,Water,R1,1,7.5mM,D07,D19,7,19,12,24.09.25,92.145,,
Water_R1_2_7.5mM_D07_D19,Water,R1,2,7.5mM,D07,D19,7,19,12,24.09.25,91.491,,
Water_R1_3_7.5mM_D07_D19,Water,R1,3,7.5mM,D07,D19,7,19,12,24.09.25,87.154,,
Water_R1_4_7.5mM_D07_D19,Water,R1,4,7.5mM,D07,D19,7,19,12,24.09.25,90.302,,
Water_R1_5_7.5mM_D07_D19,Water,R1,5,7.5mM,D07,D19,7,19,12,24.09.25,89.191,,
Water_R1_6_7.5mM_D07_D19,Water,R1,6,7.5mM,D07,D19,7,19,12,24.09.25,90.496,,
Water_R1_7_7.5mM_D07_D19,Water,R1,7,7.5mM,D07,D19,7,19,12,24.09.25,80.255,,
Water_R1_8_7.5mM_D07_D19,Water,R1,8,7.5mM,D07,D19,7,19,12,24.09.25,84.733,,
Water_R1_9_7.5mM_D07_D19,Water,R1,9,7.5mM,D07,D19,7,19,12,24.09.25,87.81,,
Water_R1_10_7.5mM_D07_D19,Water,R1,10,7.5mM,D07,D19,7,19,12,24.09.25,85.684,,
Water_R1_11_7.5mM_D07_D19,Water,R1,11,7.5mM,D07,D19,7,19,12,24.09.25,86.61,,
Water_R1_12_7.5mM_D07_D19,Water,R1,12,7.5mM,D07,D19,7,19,12,24.09.25,70.701,,
3OMG_R1_1_7.5mM_D10_D19,3OMG,R1,1,7.5mM,D10,D19,10,19,9,24.09.25,53.165,,
3OMG_R1_2_7.5mM_D10_D19,3OMG,R1,2,7.5mM,D10,D19,10,19,9,24.09.25,56.378,,
3OMG_R1_3_7.5mM_D10_D19,3OMG,R1,3,7.5mM,D10,D19,10,19,9,24.09.25,53.427,,
3OMG_R1_4_7.5mM_D10_D19,3OMG,R1,4,7.5mM,D10,D19,10,19,9,24.09.25,55.272,,
3OMG_R1_5_7.5mM_D10_D19,3OMG,R1,5,7.5mM,D10,D19,10,19,9,24.09.25,53.669,,
3OMG_R1_6_7.5mM_D10_D19,3OMG,R1,6,7.5mM,D10,D19,10,19,9,24.09.25,62.974,,
3OMG_R1_7_7.5mM_D10_D19,3OMG,R1,7,7.5mM,D10,D19,10,19,9,24.09.25,57.304,,
3OMG_R1_8_7.5mM_D10_D19,3OMG,R1,8,7.5mM,D10,D19,10,19,9,24.09.25,51.975,,
3OMG_R1_9_7.5mM_D10_D19,3OMG,R1,9,7.5mM,D10,D19,10,19,9,24.09.25,56.142,,
3OMG_R1_10_7.5mM_D10_D19,3OMG,R1,10,7.5mM,D10,D19,10,19,9,24.09.25,58.825,,
3OMG_R1_11_7.5mM_D10_D19,3OMG,R1,11,7.5mM,D10,D19,10,19,9,24.09.25,59.211,,
3OMG_R1_12_7.5mM_D10_D19,3OMG,R1,12,7.5mM,D10,D19,10,19,9,24.09.25,61.688,,
Water_R1_1_7.5mM_D10_D19,Water,R1,1,7.5mM,D10,D19,10,19,9,24.09.25,71.336,,
Water_R1_2_7.5mM_D10_D19,Water,R1,2,7.5mM,D10,D19,10,19,9,24.09.25,69.326,,
Water_R1_3_7.5mM_D10_D19,Water,R1,3,7.5mM,D10,D19,10,19,9,24.09.25,72.144,,
Water_R1_4_7.5mM_D10_D19,Water,R1,4,7.5mM,D10,D19,10,19,9,24.09.25,67.619,,
Water_R1_5_7.5mM_D10_D19,Water,R1,5,7.5mM,D10,D19,10,19,9,24.09.25,72.57,,
Water_R1_6_7.5mM_D10_D19,Water,R1,6,7.5mM,D10,D19,10,19,9,24.09.25,73.089,,
Water_R1_7_7.5mM_D10_D19,Water,R1,7,7.5mM,D10,D19,10,19,9,24.09.25,66.715,,
Water_R1_8_7.5mM_D10_D19,Water,R1,8,7.5mM,D10,D19,10,19,9,24.09.25,75.249,,
Water_R1_9_7.5mM_D10_D19,Water,R1,9,7.5mM,D10,D19,10,19,9,24.09.25,72.814,,
Water_R1_10_7.5mM_D10_D19,Water,R1,10,7.5mM,D10,D19,10,19,9,24.09.25,68.442,,
Water_R1_11_7.5mM_D10_D19,Water,R1,11,7.5mM,D10,D19,10,19,9,24.09.25,77.219,,
Water_R1_12_7.5mM_D10_D19,Water,R1,12,7.5mM,D10,D19,10,19,9,24.09.25,6.848,,
3OMG_R1_1_7.5mM_D14_D19,3OMG,R1,1,7.5mM,D14,D19,14,19,5,24.09.25,49.853,,
3OMG_R1_2_7.5mM_D14_D19,3OMG,R1,2,7.5mM,D14,D19,14,19,5,24.09.25,48.137,,
3OMG_R1_3_7.5mM_D14_D19,3OMG,R1,3,7.5mM,D14,D19,14,19,5,24.09.25,47.958,,
3OMG_R1_4_7.5mM_D14_D19,3OMG,R1,4,7.5mM,D14,D19,14,19,5,24.09.25,48.377,,
3OMG_R1_5_7.5mM_D14_D19,3OMG,R1,5,7.5mM,D14,D19,14,19,5,24.09.25,50.117,,
3OMG_R1_6_7.5mM_D14_D19,3OMG,R1,6,7.5mM,D14,D19,14,19,5,24.09.25,41.57,,
3OMG_R1_7_7.5mM_D14_D19,3OMG,R1,7,7.5mM,D14,D19,14,19,5,24.09.25,38.191,,
3OMG_R1_8_7.5mM_D14_D19,3OMG,R1,8,7.5mM,D14,D19,14,19,5,24.09.25,48.278,,
3OMG_R1_9_7.5mM_D14_D19,3OMG,R1,9,7.5mM,D14,D19,14,19,5,24.09.25,49.425,,
3OMG_R1_10_7.5mM_D14_D19,3OMG,R1,10,7.5mM,D14,D19,14,19,5,24.09.25,53.293,,
3OMG_R1_11_7.5mM_D14_D19,3OMG,R1,11,7.5mM,D14,D19,14,19,5,24.09.25,48.778,,
3OMG_R1_12_7.5mM_D14_D19,3OMG,R1,12,7.5mM,D14,D19,14,19,5,24.09.25,NA,,No growth
Water_R1_1_7.5mM_D14_D19,Water,R1,1,7.5mM,D14,D19,14,19,5,24.09.25,49.881,,
Water_R1_2_7.5mM_D14_D19,Water,R1,2,7.5mM,D14,D19,14,19,5,24.09.25,50.159,,
Water_R1_3_7.5mM_D14_D19,Water,R1,3,7.5mM,D14,D19,14,19,5,24.09.25,45.625,,
Water_R1_4_7.5mM_D14_D19,Water,R1,4,7.5mM,D14,D19,14,19,5,24.09.25,42.149,,
Water_R1_5_7.5mM_D14_D19,Water,R1,5,7.5mM,D14,D19,14,19,5,24.09.25,46.941,,
Water_R1_6_7.5mM_D14_D19,Water,R1,6,7.5mM,D14,D19,14,19,5,24.09.25,44.822,,
Water_R1_7_7.5mM_D14_D19,Water,R1,7,7.5mM,D14,D19,14,19,5,24.09.25,48.07,,
Water_R1_8_7.5mM_D14_D19,Water,R1,8,7.5mM,D14,D19,14,19,5,24.09.25,46.627,,
Water_R1_9_7.5mM_D14_D19,Water,R1,9,7.5mM,D14,D19,14,19,5,24.09.25,46.765,,
Water_R1_10_7.5mM_D14_D19,Water,R1,10,7.5mM,D14,D19,14,19,5,24.09.25,41.831,,
Water_R1_11_7.5mM_D14_D19,Water,R1,11,7.5mM,D14,D19,14,19,5,24.09.25,46.024,,
Water_R1_12_7.5mM_D14_D19,Water,R1,12,7.5mM,D14,D19,14,19,5,24.09.25,40.209,,
3OMG_R1_1_7.5mM_D0_D21,3OMG,R0,1,7.5mM,D0,D21,0,21,21,26.09.25,48.57,,
3OMG_R1_2_7.5mM_D0_D21,3OMG,R0,2,7.5mM,D0,D21,0,21,21,26.09.25,4.237,,No growth
3OMG_R1_3_7.5mM_D0_D21,3OMG,R0,3,7.5mM,D0,D21,0,21,21,26.09.25,76.896,,
3OMG_R1_4_7.5mM_D0_D21,3OMG,R0,4,7.5mM,D0,D21,0,21,21,26.09.25,82.247,,
3OMG_R1_5_7.5mM_D0_D21,3OMG,R0,5,7.5mM,D0,D21,0,21,21,26.09.25,74.96,,
3OMG_R1_6_7.5mM_D0_D21,3OMG,R0,6,7.5mM,D0,D21,0,21,21,26.09.25,87.092,,
3OMG_R1_7_7.5mM_D0_D21,3OMG,R0,7,7.5mM,D0,D21,0,21,21,26.09.25,82.763,,
3OMG_R1_8_7.5mM_D0_D21,3OMG,R0,8,7.5mM,D0,D21,0,21,21,26.09.25,69.011,,
3OMG_R1_9_7.5mM_D0_D21,3OMG,R0,9,7.5mM,D0,D21,0,21,21,26.09.25,NA,,No growth
3OMG_R1_10_7.5mM_D0_D21,3OMG,R0,10,7.5mM,D0,D21,0,21,21,26.09.25,NA,,No growth
3OMG_R1_11_7.5mM_D0_D21,3OMG,R0,11,7.5mM,D0,D21,0,21,21,26.09.25,NA,,No growth
3OMG_R1_12_7.5mM_D0_D21,3OMG,R0,12,7.5mM,D0,D21,0,21,21,26.09.25,NA,,No growth
Water_R1_1_7.5mM_D0_D21,Water,R0,1,7.5mM,D0,D21,0,21,21,26.09.25,74.573,,
Water_R1_2_7.5mM_D0_D21,Water,R0,2,7.5mM,D0,D21,0,21,21,26.09.25,84.818,,
Water_R1_3_7.5mM_D0_D21,Water,R0,3,7.5mM,D0,D21,0,21,21,26.09.25,46.845,,
Water_R1_4_7.5mM_D0_D21,Water,R0,4,7.5mM,D0,D21,0,21,21,26.09.25,90.177,,
Water_R1_5_7.5mM_D0_D21,Water,R0,5,7.5mM,D0,D21,0,21,21,26.09.25,54.557,,
Water_R1_6_7.5mM_D0_D21,Water,R0,6,7.5mM,D0,D21,0,21,21,26.09.25,1.186,,No growth
Water_R1_7_7.5mM_D0_D21,Water,R0,7,7.5mM,D0,D21,0,21,21,26.09.25,68.245,,
Water_R1_8_7.5mM_D0_D21,Water,R0,8,7.5mM,D0,D21,0,21,21,26.09.25,3.671,,No growth
Water_R1_9_7.5mM_D0_D21,Water,R0,9,7.5mM,D0,D21,0,21,21,26.09.25,NA,,No growth
Water_R1_10_7.5mM_D0_D21,Water,R0,10,7.5mM,D0,D21,0,21,21,26.09.25,NA,,No growth
Water_R1_11_7.5mM_D0_D21,Water,R0,11,7.5mM,D0,D21,0,21,21,26.09.25,NA,,No growth
Water_R1_12_7.5mM_D0_D21,Water,R0,12,7.5mM,D0,D21,0,21,21,26.09.25,NA,,No growth
3OMG_R1_1_7.5mM_D03_D21,3OMG,R1,1,7.5mM,D03,D21,3,21,18,26.09.25,18.106,,No growth
3OMG_R1_2_7.5mM_D03_D21,3OMG,R1,2,7.5mM,D03,D21,3,21,18,26.09.25,78.523,,
3OMG_R1_3_7.5mM_D03_D21,3OMG,R1,3,7.5mM,D03,D21,3,21,18,26.09.25,83.179,,
3OMG_R1_4_7.5mM_D03_D21,3OMG,R1,4,7.5mM,D03,D21,3,21,18,26.09.25,1.713,,No growth
3OMG_R1_5_7.5mM_D03_D21,3OMG,R1,5,7.5mM,D03,D21,3,21,18,26.09.25,80.569,,
3OMG_R1_6_7.5mM_D03_D21,3OMG,R1,6,7.5mM,D03,D21,3,21,18,26.09.25,94.994,,
3OMG_R1_7_7.5mM_D03_D21,3OMG,R1,7,7.5mM,D03,D21,3,21,18,26.09.25,90.48,,
3OMG_R1_8_7.5mM_D03_D21,3OMG,R1,8,7.5mM,D03,D21,3,21,18,26.09.25,88.057,,
3OMG_R1_9_7.5mM_D03_D21,3OMG,R1,9,7.5mM,D03,D21,3,21,18,26.09.25,90.188,,
3OMG_R1_10_7.5mM_D03_D21,3OMG,R1,10,7.5mM,D03,D21,3,21,18,26.09.25,38.622,,No growth
3OMG_R1_11_7.5mM_D03_D21,3OMG,R1,11,7.5mM,D03,D21,3,21,18,26.09.25,1.214,,No growth
3OMG_R1_12_7.5mM_D03_D21,3OMG,R1,12,7.5mM,D03,D21,3,21,18,26.09.25,77.506,,
Water_R1_1_7.5mM_D03_D21,Water,R1,1,7.5mM,D03,D21,3,21,18,26.09.25,NA,Difficult to measure to long,
Water_R1_2_7.5mM_D03_D21,Water,R1,2,7.5mM,D03,D21,3,21,18,26.09.25,NA,Difficult to measure to long,
Water_R1_3_7.5mM_D03_D21,Water,R1,3,7.5mM,D03,D21,3,21,18,26.09.25,NA,Difficult to measure to long,No growth
Water_R1_4_7.5mM_D03_D21,Water,R1,4,7.5mM,D03,D21,3,21,18,26.09.25,NA,Difficult to measure to long,
Water_R1_5_7.5mM_D03_D21,Water,R1,5,7.5mM,D03,D21,3,21,18,26.09.25,NA,Difficult to measure to long,
Water_R1_6_7.5mM_D03_D21,Water,R1,6,7.5mM,D03,D21,3,21,18,26.09.25,NA,Difficult to measure to long,No growth
Water_R1_7_7.5mM_D03_D21,Water,R1,7,7.5mM,D03,D21,3,21,18,26.09.25,NA,Difficult to measure to long,
Water_R1_8_7.5mM_D03_D21,Water,R1,8,7.5mM,D03,D21,3,21,18,26.09.25,NA,Difficult to measure to long,No growth
Water_R1_9_7.5mM_D03_D21,Water,R1,9,7.5mM,D03,D21,3,21,18,26.09.25,NA,Difficult to measure to long,
Water_R1_10_7.5mM_D03_D21,Water,R1,10,7.5mM,D03,D21,3,21,18,26.09.25,NA,Difficult to measure to long,
Water_R1_11_7.5mM_D03_D21,Water,R1,11,7.5mM,D03,D21,3,21,18,26.09.25,NA,Difficult to measure to long,
Water_R1_12_7.5mM_D03_D21,Water,R1,12,7.5mM,D03,D21,3,21,18,26.09.25,NA,Difficult to measure to long,
3OMG_R1_1_7.5mM_D07_D21,3OMG,R1,1,7.5mM,D07,D21,7,21,14,26.09.25,NA,Difficult to measure to long,
3OMG_R1_2_7.5mM_D07_D21,3OMG,R1,2,7.5mM,D07,D21,7,21,14,26.09.25,NA,Difficult to measure to long,
3OMG_R1_3_7.5mM_D07_D21,3OMG,R1,3,7.5mM,D07,D21,7,21,14,26.09.25,NA,Difficult to measure to long,
3OMG_R1_4_7.5mM_D07_D21,3OMG,R1,4,7.5mM,D07,D21,7,21,14,26.09.25,NA,Difficult to measure to long,
3OMG_R1_5_7.5mM_D07_D21,3OMG,R1,5,7.5mM,D07,D21,7,21,14,26.09.25,NA,Difficult to measure to long,
3OMG_R1_6_7.5mM_D07_D21,3OMG,R1,6,7.5mM,D07,D21,7,21,14,26.09.25,NA,Difficult to measure to long,
3OMG_R1_7_7.5mM_D07_D21,3OMG,R1,7,7.5mM,D07,D21,7,21,14,26.09.25,NA,Difficult to measure to long,
3OMG_R1_8_7.5mM_D07_D21,3OMG,R1,8,7.5mM,D07,D21,7,21,14,26.09.25,NA,Difficult to measure to long,
3OMG_R1_9_7.5mM_D07_D21,3OMG,R1,9,7.5mM,D07,D21,7,21,14,26.09.25,NA,Difficult to measure to long,
3OMG_R1_10_7.5mM_D07_D21,3OMG,R1,10,7.5mM,D07,D21,7,21,14,26.09.25,NA,Difficult to measure to long,
3OMG_R1_11_7.5mM_D07_D21,3OMG,R1,11,7.5mM,D07,D21,7,21,14,26.09.25,NA,Difficult to measure to long,
3OMG_R1_12_7.5mM_D07_D21,3OMG,R1,12,7.5mM,D07,D21,7,21,14,26.09.25,NA,Difficult to measure to long,
Water_R1_1_7.5mM_D07_D21,Water,R1,1,7.5mM,D07,D21,7,21,14,26.09.25,NA,Difficult to measure to long,
Water_R1_2_7.5mM_D07_D21,Water,R1,2,7.5mM,D07,D21,7,21,14,26.09.25,NA,Difficult to measure to long,
Water_R1_3_7.5mM_D07_D21,Water,R1,3,7.5mM,D07,D21,7,21,14,26.09.25,NA,Difficult to measure to long,
Water_R1_4_7.5mM_D07_D21,Water,R1,4,7.5mM,D07,D21,7,21,14,26.09.25,NA,Difficult to measure to long,
Water_R1_5_7.5mM_D07_D21,Water,R1,5,7.5mM,D07,D21,7,21,14,26.09.25,NA,Difficult to measure to long,
Water_R1_6_7.5mM_D07_D21,Water,R1,6,7.5mM,D07,D21,7,21,14,26.09.25,NA,Difficult to measure to long,
Water_R1_7_7.5mM_D07_D21,Water,R1,7,7.5mM,D07,D21,7,21,14,26.09.25,NA,Difficult to measure to long,
Water_R1_8_7.5mM_D07_D21,Water,R1,8,7.5mM,D07,D21,7,21,14,26.09.25,NA,Difficult to measure to long,
Water_R1_9_7.5mM_D07_D21,Water,R1,9,7.5mM,D07,D21,7,21,14,26.09.25,NA,Difficult to measure to long,
Water_R1_10_7.5mM_D07_D21,Water,R1,10,7.5mM,D07,D21,7,21,14,26.09.25,NA,Difficult to measure to long,
Water_R1_11_7.5mM_D07_D21,Water,R1,11,7.5mM,D07,D21,7,21,14,26.09.25,NA,Difficult to measure to long,
Water_R1_12_7.5mM_D07_D21,Water,R1,12,7.5mM,D07,D21,7,21,14,26.09.25,NA,Difficult to measure to long,
3OMG_R1_1_7.5mM_D10_D21,3OMG,R1,1,7.5mM,D10,D21,10,21,11,26.09.25,58.424,,
3OMG_R1_2_7.5mM_D10_D21,3OMG,R1,2,7.5mM,D10,D21,10,21,11,26.09.25,60.095,,
3OMG_R1_3_7.5mM_D10_D21,3OMG,R1,3,7.5mM,D10,D21,10,21,11,26.09.25,56.851,,
3OMG_R1_4_7.5mM_D10_D21,3OMG,R1,4,7.5mM,D10,D21,10,21,11,26.09.25,59.358,,
3OMG_R1_5_7.5mM_D10_D21,3OMG,R1,5,7.5mM,D10,D21,10,21,11,26.09.25,59.193,,
3OMG_R1_6_7.5mM_D10_D21,3OMG,R1,6,7.5mM,D10,D21,10,21,11,26.09.25,66.075,,
3OMG_R1_7_7.5mM_D10_D21,3OMG,R1,7,7.5mM,D10,D21,10,21,11,26.09.25,64.32,,
3OMG_R1_8_7.5mM_D10_D21,3OMG,R1,8,7.5mM,D10,D21,10,21,11,26.09.25,57.944,,
3OMG_R1_9_7.5mM_D10_D21,3OMG,R1,9,7.5mM,D10,D21,10,21,11,26.09.25,62.294,,
3OMG_R1_10_7.5mM_D10_D21,3OMG,R1,10,7.5mM,D10,D21,10,21,11,26.09.25,64.694,,
3OMG_R1_11_7.5mM_D10_D21,3OMG,R1,11,7.5mM,D10,D21,10,21,11,26.09.25,64.356,,
3OMG_R1_12_7.5mM_D10_D21,3OMG,R1,12,7.5mM,D10,D21,10,21,11,26.09.25,65.283,,
Water_R1_1_7.5mM_D10_D21,Water,R1,1,7.5mM,D10,D21,10,21,11,26.09.25,75.168,,
Water_R1_2_7.5mM_D10_D21,Water,R1,2,7.5mM,D10,D21,10,21,11,26.09.25,72.401,,
Water_R1_3_7.5mM_D10_D21,Water,R1,3,7.5mM,D10,D21,10,21,11,26.09.25,75.647,,
Water_R1_4_7.5mM_D10_D21,Water,R1,4,7.5mM,D10,D21,10,21,11,26.09.25,70.439,,
Water_R1_5_7.5mM_D10_D21,Water,R1,5,7.5mM,D10,D21,10,21,11,26.09.25,76.445,,
Water_R1_6_7.5mM_D10_D21,Water,R1,6,7.5mM,D10,D21,10,21,11,26.09.25,74.853,,
Water_R1_7_7.5mM_D10_D21,Water,R1,7,7.5mM,D10,D21,10,21,11,26.09.25,81.737,,
Water_R1_8_7.5mM_D10_D21,Water,R1,8,7.5mM,D10,D21,10,21,11,26.09.25,68.35,,
Water_R1_9_7.5mM_D10_D21,Water,R1,9,7.5mM,D10,D21,10,21,11,26.09.25,78.435,,
Water_R1_10_7.5mM_D10_D21,Water,R1,10,7.5mM,D10,D21,10,21,11,26.09.25,77.327,,
Water_R1_11_7.5mM_D10_D21,Water,R1,11,7.5mM,D10,D21,10,21,11,26.09.25,79.431,,
Water_R1_12_7.5mM_D10_D21,Water,R1,12,7.5mM,D10,D21,10,21,11,26.09.25,NA,On the side,
3OMG_R1_1_7.5mM_D14_D21,3OMG,R1,1,7.5mM,D14,D21,14,21,7,26.09.25,67.443,,
3OMG_R1_2_7.5mM_D14_D21,3OMG,R1,2,7.5mM,D14,D21,14,21,7,26.09.25,62.385,,
3OMG_R1_3_7.5mM_D14_D21,3OMG,R1,3,7.5mM,D14,D21,14,21,7,26.09.25,58.394,,
3OMG_R1_4_7.5mM_D14_D21,3OMG,R1,4,7.5mM,D14,D21,14,21,7,26.09.25,59.837,,
3OMG_R1_5_7.5mM_D14_D21,3OMG,R1,5,7.5mM,D14,D21,14,21,7,26.09.25,66.336,,
3OMG_R1_6_7.5mM_D14_D21,3OMG,R1,6,7.5mM,D14,D21,14,21,7,26.09.25,51.261,,
3OMG_R1_7_7.5mM_D14_D21,3OMG,R1,7,7.5mM,D14,D21,14,21,7,26.09.25,50.451,,
3OMG_R1_8_7.5mM_D14_D21,3OMG,R1,8,7.5mM,D14,D21,14,21,7,26.09.25,62.61,,
3OMG_R1_9_7.5mM_D14_D21,3OMG,R1,9,7.5mM,D14,D21,14,21,7,26.09.25,64.773,,
3OMG_R1_10_7.5mM_D14_D21,3OMG,R1,10,7.5mM,D14,D21,14,21,7,26.09.25,63.727,,
3OMG_R1_11_7.5mM_D14_D21,3OMG,R1,11,7.5mM,D14,D21,14,21,7,26.09.25,57.46,,
3OMG_R1_12_7.5mM_D14_D21,3OMG,R1,12,7.5mM,D14,D21,14,21,7,26.09.25,NA,,No growth
Water_R1_1_7.5mM_D14_D21,Water,R1,1,7.5mM,D14,D21,14,21,7,26.09.25,63.961,,
Water_R1_2_7.5mM_D14_D21,Water,R1,2,7.5mM,D14,D21,14,21,7,26.09.25,63.103,,
Water_R1_3_7.5mM_D14_D21,Water,R1,3,7.5mM,D14,D21,14,21,7,26.09.25,62.288,,
Water_R1_4_7.5mM_D14_D21,Water,R1,4,7.5mM,D14,D21,14,21,7,26.09.25,52.773,,
Water_R1_5_7.5mM_D14_D21,Water,R1,5,7.5mM,D14,D21,14,21,7,26.09.25,63.963,,
Water_R1_6_7.5mM_D14_D21,Water,R1,6,7.5mM,D14,D21,14,21,7,26.09.25,70.778,,
Water_R1_7_7.5mM_D14_D21,Water,R1,7,7.5mM,D14,D21,14,21,7,26.09.25,67.466,,
Water_R1_8_7.5mM_D14_D21,Water,R1,8,7.5mM,D14,D21,14,21,7,26.09.25,61.359,,
Water_R1_9_7.5mM_D14_D21,Water,R1,9,7.5mM,D14,D21,14,21,7,26.09.25,62.185,,
Water_R1_10_7.5mM_D14_D21,Water,R1,10,7.5mM,D14,D21,14,21,7,26.09.25,55.067,,
Water_R1_11_7.5mM_D14_D21,Water,R1,11,7.5mM,D14,D21,14,21,7,26.09.25,62.58,,
Water_R1_12_7.5mM_D14_D21,Water,R1,12,7.5mM,D14,D21,14,21,7,26.09.25,53.831,,
Water_R2_1_7.5mM_D0_D03,Water,R1,1,7.5mM,D0,D03,0,3,3,27.10.25,1.921,,
Water_R2_2_7.5mM_D0_D03,Water,R1,2,7.5mM,D0,D03,0,3,3,27.10.25,2.185,,
Water_R2_3_7.5mM_D0_D03,Water,R1,3,7.5mM,D0,D03,0,3,3,27.10.25,2.258,,
Water_R2_4_7.5mM_D0_D03,Water,R1,4,7.5mM,D0,D03,0,3,3,27.10.25,2.676,,
Water_R2_5_7.5mM_D0_D03,Water,R1,5,7.5mM,D0,D03,0,3,3,27.10.25,2.286,,
Water_R2_6_7.5mM_D0_D03,Water,R1,6,7.5mM,D0,D03,0,3,3,27.10.25,2.285,,
Water_R2_7_7.5mM_D0_D03,Water,R1,7,7.5mM,D0,D03,0,3,3,27.10.25,2.256,,
Water_R2_8_7.5mM_D0_D03,Water,R1,8,7.5mM,D0,D03,0,3,3,27.10.25,1.478,,
Water_R2_9_7.5mM_D0_D03,Water,R1,9,7.5mM,D0,D03,0,3,3,27.10.25,2.896,,
Water_R2_10_7.5mM_D0_D03,Water,R1,10,7.5mM,D0,D03,0,3,3,27.10.25,2.156,,
Water_R2_11_7.5mM_D0_D03,Water,R1,11,7.5mM,D0,D03,0,3,3,27.10.25,2.238,,
Water_R2_12_7.5mM_D0_D03,Water,R1,12,7.5mM,D0,D03,0,3,3,27.10.25,2.913,,
Water_R2_1_7.5mM_D0_D03,Water,R2,1,7.5mM,D0,D03,0,3,3,27.10.25,2.297,,
Water_R2_2_7.5mM_D0_D03,Water,R2,2,7.5mM,D0,D03,0,3,3,27.10.25,2.45,,
Water_R2_3_7.5mM_D0_D03,Water,R2,3,7.5mM,D0,D03,0,3,3,27.10.25,2.224,,
Water_R2_4_7.5mM_D0_D03,Water,R2,4,7.5mM,D0,D03,0,3,3,27.10.25,2.262,,
Water_R2_5_7.5mM_D0_D03,Water,R2,5,7.5mM,D0,D03,0,3,3,27.10.25,2.44,,
Water_R2_6_7.5mM_D0_D03,Water,R2,6,7.5mM,D0,D03,0,3,3,27.10.25,2.473,,
Water_R2_7_7.5mM_D0_D03,Water,R2,7,7.5mM,D0,D03,0,3,3,27.10.25,2.353,,
Water_R2_8_7.5mM_D0_D03,Water,R2,8,7.5mM,D0,D03,0,3,3,27.10.25,2.252,,
Water_R2_9_7.5mM_D0_D03,Water,R2,9,7.5mM,D0,D03,0,3,3,27.10.25,1.841,,
Water_R2_10_7.5mM_D0_D03,Water,R2,10,7.5mM,D0,D03,0,3,3,27.10.25,2.741,,
Water_R2_11_7.5mM_D0_D03,Water,R2,11,7.5mM,D0,D03,0,3,3,27.10.25,2.491,,
Water_R2_12_7.5mM_D0_D03,Water,R2,12,7.5mM,D0,D03,0,3,3,27.10.25,2.19,,
3OMG_R2_1_7.5mM_D0_D03,3OMG,R1,1,7.5mM,D0,D03,0,3,3,27.10.25,2.273,,
3OMG_R2_2_7.5mM_D0_D03,3OMG,R1,2,7.5mM,D0,D03,0,3,3,27.10.25,2.194,,
3OMG_R2_3_7.5mM_D0_D03,3OMG,R1,3,7.5mM,D0,D03,0,3,3,27.10.25,2.382,,
3OMG_R2_4_7.5mM_D0_D03,3OMG,R1,4,7.5mM,D0,D03,0,3,3,27.10.25,2.315,,
3OMG_R2_5_7.5mM_D0_D03,3OMG,R1,5,7.5mM,D0,D03,0,3,3,27.10.25,0.882,,No growth
3OMG_R2_6_7.5mM_D0_D03,3OMG,R1,6,7.5mM,D0,D03,0,3,3,27.10.25,2.62,,
3OMG_R2_7_7.5mM_D0_D03,3OMG,R1,7,7.5mM,D0,D03,0,3,3,27.10.25,2.597,,
3OMG_R2_8_7.5mM_D0_D03,3OMG,R1,8,7.5mM,D0,D03,0,3,3,27.10.25,2.72,,
3OMG_R2_9_7.5mM_D0_D03,3OMG,R1,9,7.5mM,D0,D03,0,3,3,27.10.25,2.239,,
3OMG_R2_10_7.5mM_D0_D03,3OMG,R1,10,7.5mM,D0,D03,0,3,3,27.10.25,2.299,,
3OMG_R2_11_7.5mM_D0_D03,3OMG,R1,11,7.5mM,D0,D03,0,3,3,27.10.25,2.631,,
3OMG_R2_12_7.5mM_D0_D03,3OMG,R1,12,7.5mM,D0,D03,0,3,3,27.10.25,1.787,,
3OMG_R2_1_7.5mM_D0_D03,3OMG,R2,1,7.5mM,D0,D03,0,3,3,27.10.25,2.056,,
3OMG_R2_2_7.5mM_D0_D03,3OMG,R2,2,7.5mM,D0,D03,0,3,3,27.10.25,2.501,,
3OMG_R2_3_7.5mM_D0_D03,3OMG,R2,3,7.5mM,D0,D03,0,3,3,27.10.25,1.697,,
3OMG_R2_4_7.5mM_D0_D03,3OMG,R2,4,7.5mM,D0,D03,0,3,3,27.10.25,2.8,,
3OMG_R2_5_7.5mM_D0_D03,3OMG,R2,5,7.5mM,D0,D03,0,3,3,27.10.25,1.765,,
3OMG_R2_6_7.5mM_D0_D03,3OMG,R2,6,7.5mM,D0,D03,0,3,3,27.10.25,2.214,,
3OMG_R2_7_7.5mM_D0_D03,3OMG,R2,7,7.5mM,D0,D03,0,3,3,27.10.25,1.989,,
3OMG_R2_8_7.5mM_D0_D03,3OMG,R2,8,7.5mM,D0,D03,0,3,3,27.10.25,2.305,,
3OMG_R2_9_7.5mM_D0_D03,3OMG,R2,9,7.5mM,D0,D03,0,3,3,27.10.25,2.033,,
3OMG_R2_10_7.5mM_D0_D03,3OMG,R2,10,7.5mM,D0,D03,0,3,3,27.10.25,2.046,,
3OMG_R2_11_7.5mM_D0_D03,3OMG,R2,11,7.5mM,D0,D03,0,3,3,27.10.25,2.255,,
3OMG_R2_12_7.5mM_D0_D03,3OMG,R2,12,7.5mM,D0,D03,0,3,3,27.10.25,1.889,,
3OMG_R2_1_15mM_D0_D03,3OMG,R1,1,15mM,D0,D03,0,3,3,27.10.25,1.97,,
3OMG_R2_2_15mM_D0_D03,3OMG,R1,2,15mM,D0,D03,0,3,3,27.10.25,1.876,,
3OMG_R2_3_15mM_D0_D03,3OMG,R1,3,15mM,D0,D03,0,3,3,27.10.25,2.073,,
3OMG_R2_4_15mM_D0_D03,3OMG,R1,4,15mM,D0,D03,0,3,3,27.10.25,2.04,,
3OMG_R2_5_15mM_D0_D03,3OMG,R1,5,15mM,D0,D03,0,3,3,27.10.25,1.644,,
3OMG_R2_6_15mM_D0_D03,3OMG,R1,6,15mM,D0,D03,0,3,3,27.10.25,2.075,,
3OMG_R2_7_15mM_D0_D03,3OMG,R1,7,15mM,D0,D03,0,3,3,27.10.25,2.894,,
3OMG_R2_8_15mM_D0_D03,3OMG,R1,8,15mM,D0,D03,0,3,3,27.10.25,2.597,,
3OMG_R2_9_15mM_D0_D03,3OMG,R1,9,15mM,D0,D03,0,3,3,27.10.25,2.029,,
3OMG_R2_10_15mM_D0_D03,3OMG,R1,10,15mM,D0,D03,0,3,3,27.10.25,2.062,,
3OMG_R2_11_15mM_D0_D03,3OMG,R1,11,15mM,D0,D03,0,3,3,27.10.25,1.866,,
3OMG_R2_12_15mM_D0_D03,3OMG,R1,12,15mM,D0,D03,0,3,3,27.10.25,1.09,,
3OMG_R2_1_15mM_D0_D03,3OMG,R2,1,15mM,D0,D03,0,3,3,27.10.25,2.472,,
3OMG_R2_2_15mM_D0_D03,3OMG,R2,2,15mM,D0,D03,0,3,3,27.10.25,2.206,,
3OMG_R2_3_15mM_D0_D03,3OMG,R2,3,15mM,D0,D03,0,3,3,27.10.25,1.887,,
3OMG_R2_4_15mM_D0_D03,3OMG,R2,4,15mM,D0,D03,0,3,3,27.10.25,2.401,,
3OMG_R2_5_15mM_D0_D03,3OMG,R2,5,15mM,D0,D03,0,3,3,27.10.25,1.711,,
3OMG_R2_6_15mM_D0_D03,3OMG,R2,6,15mM,D0,D03,0,3,3,27.10.25,2.283,,
3OMG_R2_7_15mM_D0_D03,3OMG,R2,7,15mM,D0,D03,0,3,3,27.10.25,2.065,,
3OMG_R2_8_15mM_D0_D03,3OMG,R2,8,15mM,D0,D03,0,3,3,27.10.25,2.513,,
3OMG_R2_9_15mM_D0_D03,3OMG,R2,9,15mM,D0,D03,0,3,3,27.10.25,1.934,,
3OMG_R2_10_15mM_D0_D03,3OMG,R2,10,15mM,D0,D03,0,3,3,27.10.25,1.89,,
3OMG_R2_11_15mM_D0_D03,3OMG,R2,11,15mM,D0,D03,0,3,3,27.10.25,1.688,,
3OMG_R2_12_15mM_D0_D03,3OMG,R2,12,15mM,D0,D03,0,3,3,27.10.25,2.112,,
Water_R2_1_7.5mM_D0_D04,Water,R1,1,7.5mM,D0,D04,0,4,4,28.10.25,3.884,,
Water_R2_2_7.5mM_D0_D04,Water,R1,2,7.5mM,D0,D04,0,4,4,28.10.25,4.436,,
Water_R2_3_7.5mM_D0_D04,Water,R1,3,7.5mM,D0,D04,0,4,4,28.10.25,4.337,,
Water_R2_4_7.5mM_D0_D04,Water,R1,4,7.5mM,D0,D04,0,4,4,28.10.25,5.128,,
Water_R2_5_7.5mM_D0_D04,Water,R1,5,7.5mM,D0,D04,0,4,4,28.10.25,4.507,,
Water_R2_6_7.5mM_D0_D04,Water,R1,6,7.5mM,D0,D04,0,4,4,28.10.25,4.549,,
Water_R2_7_7.5mM_D0_D04,Water,R1,7,7.5mM,D0,D04,0,4,4,28.10.25,4.188,,
Water_R2_8_7.5mM_D0_D04,Water,R1,8,7.5mM,D0,D04,0,4,4,28.10.25,3.751,,
Water_R2_9_7.5mM_D0_D04,Water,R1,9,7.5mM,D0,D04,0,4,4,28.10.25,5.491,,
Water_R2_10_7.5mM_D0_D04,Water,R1,10,7.5mM,D0,D04,0,4,4,28.10.25,4.212,,
Water_R2_11_7.5mM_D0_D04,Water,R1,11,7.5mM,D0,D04,0,4,4,28.10.25,4.26,,
Water_R2_12_7.5mM_D0_D04,Water,R1,12,7.5mM,D0,D04,0,4,4,28.10.25,4.87,,
Water_R2_1_7.5mM_D0_D04,Water,R2,1,7.5mM,D0,D04,0,4,4,28.10.25,4.087,,
Water_R2_2_7.5mM_D0_D04,Water,R2,2,7.5mM,D0,D04,0,4,4,28.10.25,5.203,,
Water_R2_3_7.5mM_D0_D04,Water,R2,3,7.5mM,D0,D04,0,4,4,28.10.25,4.594,,
Water_R2_4_7.5mM_D0_D04,Water,R2,4,7.5mM,D0,D04,0,4,4,28.10.25,4.758,,
Water_R2_5_7.5mM_D0_D04,Water,R2,5,7.5mM,D0,D04,0,4,4,28.10.25,4.506,,
Water_R2_6_7.5mM_D0_D04,Water,R2,6,7.5mM,D0,D04,0,4,4,28.10.25,4.301,,
Water_R2_7_7.5mM_D0_D04,Water,R2,7,7.5mM,D0,D04,0,4,4,28.10.25,4.361,,
Water_R2_8_7.5mM_D0_D04,Water,R2,8,7.5mM,D0,D04,0,4,4,28.10.25,4.682,,
Water_R2_9_7.5mM_D0_D04,Water,R2,9,7.5mM,D0,D04,0,4,4,28.10.25,4.229,,
Water_R2_10_7.5mM_D0_D04,Water,R2,10,7.5mM,D0,D04,0,4,4,28.10.25,5.101,,
Water_R2_11_7.5mM_D0_D04,Water,R2,11,7.5mM,D0,D04,0,4,4,28.10.25,4.198,,
Water_R2_12_7.5mM_D0_D04,Water,R2,12,7.5mM,D0,D04,0,4,4,28.10.25,4.723,,
3OMG_R2_1_7.5mM_D0_D04,3OMG,R1,1,7.5mM,D0,D04,0,4,4,28.10.25,4.571,,
3OMG_R2_2_7.5mM_D0_D04,3OMG,R1,2,7.5mM,D0,D04,0,4,4,28.10.25,3.945,,
3OMG_R2_3_7.5mM_D0_D04,3OMG,R1,3,7.5mM,D0,D04,0,4,4,28.10.25,4.947,,
3OMG_R2_4_7.5mM_D0_D04,3OMG,R1,4,7.5mM,D0,D04,0,4,4,28.10.25,4.875,,
3OMG_R2_5_7.5mM_D0_D04,3OMG,R1,5,7.5mM,D0,D04,0,4,4,28.10.25,0.614,,No growth
3OMG_R2_6_7.5mM_D0_D04,3OMG,R1,6,7.5mM,D0,D04,0,4,4,28.10.25,4.93,,
3OMG_R2_7_7.5mM_D0_D04,3OMG,R1,7,7.5mM,D0,D04,0,4,4,28.10.25,4.959,,
3OMG_R2_8_7.5mM_D0_D04,3OMG,R1,8,7.5mM,D0,D04,0,4,4,28.10.25,5.077,,
3OMG_R2_9_7.5mM_D0_D04,3OMG,R1,9,7.5mM,D0,D04,0,4,4,28.10.25,4.367,,
3OMG_R2_10_7.5mM_D0_D04,3OMG,R1,10,7.5mM,D0,D04,0,4,4,28.10.25,3.233,,
3OMG_R2_11_7.5mM_D0_D04,3OMG,R1,11,7.5mM,D0,D04,0,4,4,28.10.25,4.31,,
3OMG_R2_12_7.5mM_D0_D04,3OMG,R1,12,7.5mM,D0,D04,0,4,4,28.10.25,4.327,,
3OMG_R2_1_7.5mM_D0_D04,3OMG,R2,1,7.5mM,D0,D04,0,4,4,28.10.25,3.439,,
3OMG_R2_2_7.5mM_D0_D04,3OMG,R2,2,7.5mM,D0,D04,0,4,4,28.10.25,4.151,,
3OMG_R2_3_7.5mM_D0_D04,3OMG,R2,3,7.5mM,D0,D04,0,4,4,28.10.25,3.417,,
3OMG_R2_4_7.5mM_D0_D04,3OMG,R2,4,7.5mM,D0,D04,0,4,4,28.10.25,4.663,,
3OMG_R2_5_7.5mM_D0_D04,3OMG,R2,5,7.5mM,D0,D04,0,4,4,28.10.25,3.831,,
3OMG_R2_6_7.5mM_D0_D04,3OMG,R2,6,7.5mM,D0,D04,0,4,4,28.10.25,5.101,,
3OMG_R2_7_7.5mM_D0_D04,3OMG,R2,7,7.5mM,D0,D04,0,4,4,28.10.25,3.517,,
3OMG_R2_8_7.5mM_D0_D04,3OMG,R2,8,7.5mM,D0,D04,0,4,4,28.10.25,5.129,,
3OMG_R2_9_7.5mM_D0_D04,3OMG,R2,9,7.5mM,D0,D04,0,4,4,28.10.25,3.743,,
3OMG_R2_10_7.5mM_D0_D04,3OMG,R2,10,7.5mM,D0,D04,0,4,4,28.10.25,4.716,,
3OMG_R2_11_7.5mM_D0_D04,3OMG,R2,11,7.5mM,D0,D04,0,4,4,28.10.25,4.436,,
3OMG_R2_12_7.5mM_D0_D04,3OMG,R2,12,7.5mM,D0,D04,0,4,4,28.10.25,4.098,,
3OMG_R2_1_15mM_D0_D04,3OMG,R1,1,15mM,D0,D04,0,4,4,28.10.25,3.743,,
3OMG_R2_2_15mM_D0_D04,3OMG,R1,2,15mM,D0,D04,0,4,4,28.10.25,4.674,,
3OMG_R2_3_15mM_D0_D04,3OMG,R1,3,15mM,D0,D04,0,4,4,28.10.25,3.768,,
3OMG_R2_4_15mM_D0_D04,3OMG,R1,4,15mM,D0,D04,0,4,4,28.10.25,4.376,,
3OMG_R2_5_15mM_D0_D04,3OMG,R1,5,15mM,D0,D04,0,4,4,28.10.25,4.298,,
3OMG_R2_6_15mM_D0_D04,3OMG,R1,6,15mM,D0,D04,0,4,4,28.10.25,4.27,,
3OMG_R2_7_15mM_D0_D04,3OMG,R1,7,15mM,D0,D04,0,4,4,28.10.25,5.535,,
3OMG_R2_8_15mM_D0_D04,3OMG,R1,8,15mM,D0,D04,0,4,4,28.10.25,4.445,,
3OMG_R2_9_15mM_D0_D04,3OMG,R1,9,15mM,D0,D04,0,4,4,28.10.25,4.183,,
3OMG_R2_10_15mM_D0_D04,3OMG,R1,10,15mM,D0,D04,0,4,4,28.10.25,4.925,,
3OMG_R2_11_15mM_D0_D04,3OMG,R1,11,15mM,D0,D04,0,4,4,28.10.25,4.156,,
3OMG_R2_12_15mM_D0_D04,3OMG,R1,12,15mM,D0,D04,0,4,4,28.10.25,2.267,,
3OMG_R2_1_15mM_D0_D04,3OMG,R2,1,15mM,D0,D04,0,4,4,28.10.25,4.782,,
3OMG_R2_2_15mM_D0_D04,3OMG,R2,2,15mM,D0,D04,0,4,4,28.10.25,4.303,,
3OMG_R2_3_15mM_D0_D04,3OMG,R2,3,15mM,D0,D04,0,4,4,28.10.25,4.678,,
3OMG_R2_4_15mM_D0_D04,3OMG,R2,4,15mM,D0,D04,0,4,4,28.10.25,3.905,,
3OMG_R2_5_15mM_D0_D04,3OMG,R2,5,15mM,D0,D04,0,4,4,28.10.25,4.003,,
3OMG_R2_6_15mM_D0_D04,3OMG,R2,6,15mM,D0,D04,0,4,4,28.10.25,4.528,,
3OMG_R2_7_15mM_D0_D04,3OMG,R2,7,15mM,D0,D04,0,4,4,28.10.25,4.458,,
3OMG_R2_8_15mM_D0_D04,3OMG,R2,8,15mM,D0,D04,0,4,4,28.10.25,4.465,,
3OMG_R2_9_15mM_D0_D04,3OMG,R2,9,15mM,D0,D04,0,4,4,28.10.25,4.258,,
3OMG_R2_10_15mM_D0_D04,3OMG,R2,10,15mM,D0,D04,0,4,4,28.10.25,4.212,,
3OMG_R2_11_15mM_D0_D04,3OMG,R2,11,15mM,D0,D04,0,4,4,28.10.25,3.882,,
3OMG_R2_12_15mM_D0_D04,3OMG,R2,12,15mM,D0,D04,0,4,4,28.10.25,4.129,,
Water_R2_1_7.5mM_D0_D05,Water,R1,1,7.5mM,D0,D05,0,5,5,29.10.25,5.907,,
Water_R2_2_7.5mM_D0_D05,Water,R1,2,7.5mM,D0,D05,0,5,5,29.10.25,6.494,,
Water_R2_3_7.5mM_D0_D05,Water,R1,3,7.5mM,D0,D05,0,5,5,29.10.25,6.728,,
Water_R2_4_7.5mM_D0_D05,Water,R1,4,7.5mM,D0,D05,0,5,5,29.10.25,8.119,,
Water_R2_5_7.5mM_D0_D05,Water,R1,5,7.5mM,D0,D05,0,5,5,29.10.25,6.284,,
Water_R2_6_7.5mM_D0_D05,Water,R1,6,7.5mM,D0,D05,0,5,5,29.10.25,6.73,,
Water_R2_7_7.5mM_D0_D05,Water,R1,7,7.5mM,D0,D05,0,5,5,29.10.25,6.809,,
Water_R2_8_7.5mM_D0_D05,Water,R1,8,7.5mM,D0,D05,0,5,5,29.10.25,5.295,,
Water_R2_9_7.5mM_D0_D05,Water,R1,9,7.5mM,D0,D05,0,5,5,29.10.25,8.907,,
Water_R2_10_7.5mM_D0_D05,Water,R1,10,7.5mM,D0,D05,0,5,5,29.10.25,7.11,,
Water_R2_11_7.5mM_D0_D05,Water,R1,11,7.5mM,D0,D05,0,5,5,29.10.25,7.237,,
Water_R2_12_7.5mM_D0_D05,Water,R1,12,7.5mM,D0,D05,0,5,5,29.10.25,7.993,,
Water_R2_1_7.5mM_D0_D05,Water,R2,1,7.5mM,D0,D05,0,5,5,29.10.25,6.096,,
Water_R2_2_7.5mM_D0_D05,Water,R2,2,7.5mM,D0,D05,0,5,5,29.10.25,8.049,,
Water_R2_3_7.5mM_D0_D05,Water,R2,3,7.5mM,D0,D05,0,5,5,29.10.25,6.811,,
Water_R2_4_7.5mM_D0_D05,Water,R2,4,7.5mM,D0,D05,0,5,5,29.10.25,7.229,,
Water_R2_5_7.5mM_D0_D05,Water,R2,5,7.5mM,D0,D05,0,5,5,29.10.25,7.381,,
Water_R2_6_7.5mM_D0_D05,Water,R2,6,7.5mM,D0,D05,0,5,5,29.10.25,7.034,,
Water_R2_7_7.5mM_D0_D05,Water,R2,7,7.5mM,D0,D05,0,5,5,29.10.25,6.287,,
Water_R2_8_7.5mM_D0_D05,Water,R2,8,7.5mM,D0,D05,0,5,5,29.10.25,7.498,,
Water_R2_9_7.5mM_D0_D05,Water,R2,9,7.5mM,D0,D05,0,5,5,29.10.25,6.244,,
Water_R2_10_7.5mM_D0_D05,Water,R2,10,7.5mM,D0,D05,0,5,5,29.10.25,7.533,,
Water_R2_11_7.5mM_D0_D05,Water,R2,11,7.5mM,D0,D05,0,5,5,29.10.25,5.088,,
Water_R2_12_7.5mM_D0_D05,Water,R2,12,7.5mM,D0,D05,0,5,5,29.10.25,7.376,,
3OMG_R2_1_7.5mM_D0_D05,3OMG,R1,1,7.5mM,D0,D05,0,5,5,29.10.25,7.236,,
3OMG_R2_2_7.5mM_D0_D05,3OMG,R1,2,7.5mM,D0,D05,0,5,5,29.10.25,6.704,,
3OMG_R2_3_7.5mM_D0_D05,3OMG,R1,3,7.5mM,D0,D05,0,5,5,29.10.25,6.74,,
3OMG_R2_4_7.5mM_D0_D05,3OMG,R1,4,7.5mM,D0,D05,0,5,5,29.10.25,6.7,,
3OMG_R2_5_7.5mM_D0_D05,3OMG,R1,5,7.5mM,D0,D05,0,5,5,29.10.25,0.385,,No growth
3OMG_R2_6_7.5mM_D0_D05,3OMG,R1,6,7.5mM,D0,D05,0,5,5,29.10.25,6.263,,
3OMG_R2_7_7.5mM_D0_D05,3OMG,R1,7,7.5mM,D0,D05,0,5,5,29.10.25,8.112,,
3OMG_R2_8_7.5mM_D0_D05,3OMG,R1,8,7.5mM,D0,D05,0,5,5,29.10.25,7.785,,
3OMG_R2_9_7.5mM_D0_D05,3OMG,R1,9,7.5mM,D0,D05,0,5,5,29.10.25,6.202,,
3OMG_R2_10_7.5mM_D0_D05,3OMG,R1,10,7.5mM,D0,D05,0,5,5,29.10.25,6.113,,
3OMG_R2_11_7.5mM_D0_D05,3OMG,R1,11,7.5mM,D0,D05,0,5,5,29.10.25,6.775,,
3OMG_R2_12_7.5mM_D0_D05,3OMG,R1,12,7.5mM,D0,D05,0,5,5,29.10.25,6.006,,
3OMG_R2_1_7.5mM_D0_D05,3OMG,R2,1,7.5mM,D0,D05,0,5,5,29.10.25,5.565,,
3OMG_R2_2_7.5mM_D0_D05,3OMG,R2,2,7.5mM,D0,D05,0,5,5,29.10.25,6.279,,
3OMG_R2_3_7.5mM_D0_D05,3OMG,R2,3,7.5mM,D0,D05,0,5,5,29.10.25,5.458,,
3OMG_R2_4_7.5mM_D0_D05,3OMG,R2,4,7.5mM,D0,D05,0,5,5,29.10.25,6.513,,
3OMG_R2_5_7.5mM_D0_D05,3OMG,R2,5,7.5mM,D0,D05,0,5,5,29.10.25,5.696,,
3OMG_R2_6_7.5mM_D0_D05,3OMG,R2,6,7.5mM,D0,D05,0,5,5,29.10.25,6.308,,
3OMG_R2_7_7.5mM_D0_D05,3OMG,R2,7,7.5mM,D0,D05,0,5,5,29.10.25,5.701,,
3OMG_R2_8_7.5mM_D0_D05,3OMG,R2,8,7.5mM,D0,D05,0,5,5,29.10.25,7.98,,
3OMG_R2_9_7.5mM_D0_D05,3OMG,R2,9,7.5mM,D0,D05,0,5,5,29.10.25,6.14,,
3OMG_R2_10_7.5mM_D0_D05,3OMG,R2,10,7.5mM,D0,D05,0,5,5,29.10.25,7.705,,
3OMG_R2_11_7.5mM_D0_D05,3OMG,R2,11,7.5mM,D0,D05,0,5,5,29.10.25,6.622,,
3OMG_R2_12_7.5mM_D0_D05,3OMG,R2,12,7.5mM,D0,D05,0,5,5,29.10.25,6.351,,
3OMG_R2_1_15mM_D0_D05,3OMG,R1,1,15mM,D0,D05,0,5,5,29.10.25,5.662,,
3OMG_R2_2_15mM_D0_D05,3OMG,R1,2,15mM,D0,D05,0,5,5,29.10.25,6.853,,
3OMG_R2_3_15mM_D0_D05,3OMG,R1,3,15mM,D0,D05,0,5,5,29.10.25,5.403,,
3OMG_R2_4_15mM_D0_D05,3OMG,R1,4,15mM,D0,D05,0,5,5,29.10.25,5.912,,
3OMG_R2_5_15mM_D0_D05,3OMG,R1,5,15mM,D0,D05,0,5,5,29.10.25,5.885,,
3OMG_R2_6_15mM_D0_D05,3OMG,R1,6,15mM,D0,D05,0,5,5,29.10.25,6.065,,
3OMG_R2_7_15mM_D0_D05,3OMG,R1,7,15mM,D0,D05,0,5,5,29.10.25,7.729,,
3OMG_R2_8_15mM_D0_D05,3OMG,R1,8,15mM,D0,D05,0,5,5,29.10.25,6.828,,
3OMG_R2_9_15mM_D0_D05,3OMG,R1,9,15mM,D0,D05,0,5,5,29.10.25,6.23,,
3OMG_R2_10_15mM_D0_D05,3OMG,R1,10,15mM,D0,D05,0,5,5,29.10.25,7.415,,
3OMG_R2_11_15mM_D0_D05,3OMG,R1,11,15mM,D0,D05,0,5,5,29.10.25,6.125,,
3OMG_R2_12_15mM_D0_D05,3OMG,R1,12,15mM,D0,D05,0,5,5,29.10.25,4.222,,
3OMG_R2_1_15mM_D0_D05,3OMG,R2,1,15mM,D0,D05,0,5,5,29.10.25,7.352,,
3OMG_R2_2_15mM_D0_D05,3OMG,R2,2,15mM,D0,D05,0,5,5,29.10.25,6.761,,
3OMG_R2_3_15mM_D0_D05,3OMG,R2,3,15mM,D0,D05,0,5,5,29.10.25,6.473,,
3OMG_R2_4_15mM_D0_D05,3OMG,R2,4,15mM,D0,D05,0,5,5,29.10.25,6.947,,
3OMG_R2_5_15mM_D0_D05,3OMG,R2,5,15mM,D0,D05,0,5,5,29.10.25,6.097,,
3OMG_R2_6_15mM_D0_D05,3OMG,R2,6,15mM,D0,D05,0,5,5,29.10.25,6.284,,
3OMG_R2_7_15mM_D0_D05,3OMG,R2,7,15mM,D0,D05,0,5,5,29.10.25,6.509,,
3OMG_R2_8_15mM_D0_D05,3OMG,R2,8,15mM,D0,D05,0,5,5,29.10.25,6.778,,
3OMG_R2_9_15mM_D0_D05,3OMG,R2,9,15mM,D0,D05,0,5,5,29.10.25,6.393,,
3OMG_R2_10_15mM_D0_D05,3OMG,R2,10,15mM,D0,D05,0,5,5,29.10.25,6.588,,
3OMG_R2_11_15mM_D0_D05,3OMG,R2,11,15mM,D0,D05,0,5,5,29.10.25,6.792,,
3OMG_R2_12_15mM_D0_D05,3OMG,R2,12,15mM,D0,D05,0,5,5,29.10.25,6.442,,
Water_R2_1_7.5mM_D0_D06,Water,R1,1,7.5mM,D0,D06,0,6,6,30.10.25,8.137,,
Water_R2_2_7.5mM_D0_D06,Water,R1,2,7.5mM,D0,D06,0,6,6,30.10.25,9.373,,
Water_R2_3_7.5mM_D0_D06,Water,R1,3,7.5mM,D0,D06,0,6,6,30.10.25,9.921,,
Water_R2_4_7.5mM_D0_D06,Water,R1,4,7.5mM,D0,D06,0,6,6,30.10.25,11.859,,
Water_R2_5_7.5mM_D0_D06,Water,R1,5,7.5mM,D0,D06,0,6,6,30.10.25,9.473,,
Water_R2_6_7.5mM_D0_D06,Water,R1,6,7.5mM,D0,D06,0,6,6,30.10.25,10.102,,
Water_R2_7_7.5mM_D0_D06,Water,R1,7,7.5mM,D0,D06,0,6,6,30.10.25,10.331,,
Water_R2_8_7.5mM_D0_D06,Water,R1,8,7.5mM,D0,D06,0,6,6,30.10.25,7.991,,
Water_R2_9_7.5mM_D0_D06,Water,R1,9,7.5mM,D0,D06,0,6,6,30.10.25,12.513,,
Water_R2_10_7.5mM_D0_D06,Water,R1,10,7.5mM,D0,D06,0,6,6,30.10.25,10.853,,
Water_R2_11_7.5mM_D0_D06,Water,R1,11,7.5mM,D0,D06,0,6,6,30.10.25,9.502,,
Water_R2_12_7.5mM_D0_D06,Water,R1,12,7.5mM,D0,D06,0,6,6,30.10.25,11.613,,
Water_R2_1_7.5mM_D0_D06,Water,R2,1,7.5mM,D0,D06,0,6,6,30.10.25,8.611,,
Water_R2_2_7.5mM_D0_D06,Water,R2,2,7.5mM,D0,D06,0,6,6,30.10.25,10.844,,
Water_R2_3_7.5mM_D0_D06,Water,R2,3,7.5mM,D0,D06,0,6,6,30.10.25,10.386,,
Water_R2_4_7.5mM_D0_D06,Water,R2,4,7.5mM,D0,D06,0,6,6,30.10.25,10.116,,
Water_R2_5_7.5mM_D0_D06,Water,R2,5,7.5mM,D0,D06,0,6,6,30.10.25,10.264,,
Water_R2_6_7.5mM_D0_D06,Water,R2,6,7.5mM,D0,D06,0,6,6,30.10.25,10.615,,
Water_R2_7_7.5mM_D0_D06,Water,R2,7,7.5mM,D0,D06,0,6,6,30.10.25,8.825,,
Water_R2_8_7.5mM_D0_D06,Water,R2,8,7.5mM,D0,D06,0,6,6,30.10.25,11.321,,
Water_R2_9_7.5mM_D0_D06,Water,R2,9,7.5mM,D0,D06,0,6,6,30.10.25,9.825,,
Water_R2_10_7.5mM_D0_D06,Water,R2,10,7.5mM,D0,D06,0,6,6,30.10.25,11.355,,
Water_R2_11_7.5mM_D0_D06,Water,R2,11,7.5mM,D0,D06,0,6,6,30.10.25,6.428,,
Water_R2_12_7.5mM_D0_D06,Water,R2,12,7.5mM,D0,D06,0,6,6,30.10.25,10.877,,
3OMG_R2_1_7.5mM_D0_D06,3OMG,R1,1,7.5mM,D0,D06,0,6,6,30.10.25,10.361,,
3OMG_R2_2_7.5mM_D0_D06,3OMG,R1,2,7.5mM,D0,D06,0,6,6,30.10.25,9.782,,
3OMG_R2_3_7.5mM_D0_D06,3OMG,R1,3,7.5mM,D0,D06,0,6,6,30.10.25,9.613,,
3OMG_R2_4_7.5mM_D0_D06,3OMG,R1,4,7.5mM,D0,D06,0,6,6,30.10.25,9.761,,
3OMG_R2_5_7.5mM_D0_D06,3OMG,R1,5,7.5mM,D0,D06,0,6,6,30.10.25,3.345,,No growth
3OMG_R2_6_7.5mM_D0_D06,3OMG,R1,6,7.5mM,D0,D06,0,6,6,30.10.25,8.711,,
3OMG_R2_7_7.5mM_D0_D06,3OMG,R1,7,7.5mM,D0,D06,0,6,6,30.10.25,11.444,,
3OMG_R2_8_7.5mM_D0_D06,3OMG,R1,8,7.5mM,D0,D06,0,6,6,30.10.25,11.117,,
3OMG_R2_9_7.5mM_D0_D06,3OMG,R1,9,7.5mM,D0,D06,0,6,6,30.10.25,9.918,,
3OMG_R2_10_7.5mM_D0_D06,3OMG,R1,10,7.5mM,D0,D06,0,6,6,30.10.25,9.38,,
3OMG_R2_11_7.5mM_D0_D06,3OMG,R1,11,7.5mM,D0,D06,0,6,6,30.10.25,9.648,,
3OMG_R2_12_7.5mM_D0_D06,3OMG,R1,12,7.5mM,D0,D06,0,6,6,30.10.25,9.315,,
3OMG_R2_1_7.5mM_D0_D06,3OMG,R2,1,7.5mM,D0,D06,0,6,6,30.10.25,8.953,,
3OMG_R2_2_7.5mM_D0_D06,3OMG,R2,2,7.5mM,D0,D06,0,6,6,30.10.25,9.51,,
3OMG_R2_3_7.5mM_D0_D06,3OMG,R2,3,7.5mM,D0,D06,0,6,6,30.10.25,8.81,,
3OMG_R2_4_7.5mM_D0_D06,3OMG,R2,4,7.5mM,D0,D06,0,6,6,30.10.25,9.756,,
3OMG_R2_5_7.5mM_D0_D06,3OMG,R2,5,7.5mM,D0,D06,0,6,6,30.10.25,8.787,,
3OMG_R2_6_7.5mM_D0_D06,3OMG,R2,6,7.5mM,D0,D06,0,6,6,30.10.25,6.392,,
3OMG_R2_7_7.5mM_D0_D06,3OMG,R2,7,7.5mM,D0,D06,0,6,6,30.10.25,7.508,,
3OMG_R2_8_7.5mM_D0_D06,3OMG,R2,8,7.5mM,D0,D06,0,6,6,30.10.25,11.588,,
3OMG_R2_9_7.5mM_D0_D06,3OMG,R2,9,7.5mM,D0,D06,0,6,6,30.10.25,9.017,,
3OMG_R2_10_7.5mM_D0_D06,3OMG,R2,10,7.5mM,D0,D06,0,6,6,30.10.25,11.099,,
3OMG_R2_11_7.5mM_D0_D06,3OMG,R2,11,7.5mM,D0,D06,0,6,6,30.10.25,10.104,,
3OMG_R2_12_7.5mM_D0_D06,3OMG,R2,12,7.5mM,D0,D06,0,6,6,30.10.25,9.503,,
3OMG_R2_1_15mM_D0_D06,3OMG,R1,1,15mM,D0,D06,0,6,6,30.10.25,8.119,,
3OMG_R2_2_15mM_D0_D06,3OMG,R1,2,15mM,D0,D06,0,6,6,30.10.25,10.156,,
3OMG_R2_3_15mM_D0_D06,3OMG,R1,3,15mM,D0,D06,0,6,6,30.10.25,8.522,,
3OMG_R2_4_15mM_D0_D06,3OMG,R1,4,15mM,D0,D06,0,6,6,30.10.25,7.564,,
3OMG_R2_5_15mM_D0_D06,3OMG,R1,5,15mM,D0,D06,0,6,6,30.10.25,8.901,,
3OMG_R2_6_15mM_D0_D06,3OMG,R1,6,15mM,D0,D06,0,6,6,30.10.25,8.575,,
3OMG_R2_7_15mM_D0_D06,3OMG,R1,7,15mM,D0,D06,0,6,6,30.10.25,10.921,,
3OMG_R2_8_15mM_D0_D06,3OMG,R1,8,15mM,D0,D06,0,6,6,30.10.25,9.98,,
3OMG_R2_9_15mM_D0_D06,3OMG,R1,9,15mM,D0,D06,0,6,6,30.10.25,8.706,,
3OMG_R2_10_15mM_D0_D06,3OMG,R1,10,15mM,D0,D06,0,6,6,30.10.25,10.619,,
3OMG_R2_11_15mM_D0_D06,3OMG,R1,11,15mM,D0,D06,0,6,6,30.10.25,8.769,,
3OMG_R2_12_15mM_D0_D06,3OMG,R1,12,15mM,D0,D06,0,6,6,30.10.25,6.215,,
3OMG_R2_1_15mM_D0_D06,3OMG,R2,1,15mM,D0,D06,0,6,6,30.10.25,10.345,,
3OMG_R2_2_15mM_D0_D06,3OMG,R2,2,15mM,D0,D06,0,6,6,30.10.25,9.59,,
3OMG_R2_3_15mM_D0_D06,3OMG,R2,3,15mM,D0,D06,0,6,6,30.10.25,8.772,,
3OMG_R2_4_15mM_D0_D06,3OMG,R2,4,15mM,D0,D06,0,6,6,30.10.25,9.272,,
3OMG_R2_5_15mM_D0_D06,3OMG,R2,5,15mM,D0,D06,0,6,6,30.10.25,8.884,,
3OMG_R2_6_15mM_D0_D06,3OMG,R2,6,15mM,D0,D06,0,6,6,30.10.25,8.685,,
3OMG_R2_7_15mM_D0_D06,3OMG,R2,7,15mM,D0,D06,0,6,6,30.10.25,9.491,,
3OMG_R2_8_15mM_D0_D06,3OMG,R2,8,15mM,D0,D06,0,6,6,30.10.25,9.657,,
3OMG_R2_9_15mM_D0_D06,3OMG,R2,9,15mM,D0,D06,0,6,6,30.10.25,9.186,,
3OMG_R2_10_15mM_D0_D06,3OMG,R2,10,15mM,D0,D06,0,6,6,30.10.25,9.326,,
3OMG_R2_11_15mM_D0_D06,3OMG,R2,11,15mM,D0,D06,0,6,6,30.10.25,9.594,,
3OMG_R2_12_15mM_D0_D06,3OMG,R2,12,15mM,D0,D06,0,6,6,30.10.25,8.995,,
Water_R2_1_7.5mM_D0_D07,Water,R1,1,7.5mM,D0,D07,0,7,7,31.10.25,10.773,,
Water_R2_2_7.5mM_D0_D07,Water,R1,2,7.5mM,D0,D07,0,7,7,31.10.25,12.574,,
Water_R2_3_7.5mM_D0_D07,Water,R1,3,7.5mM,D0,D07,0,7,7,31.10.25,13.309,,
Water_R2_4_7.5mM_D0_D07,Water,R1,4,7.5mM,D0,D07,0,7,7,31.10.25,15.623,,
Water_R2_5_7.5mM_D0_D07,Water,R1,5,7.5mM,D0,D07,0,7,7,31.10.25,12.877,,
Water_R2_6_7.5mM_D0_D07,Water,R1,6,7.5mM,D0,D07,0,7,7,31.10.25,13.748,,
Water_R2_7_7.5mM_D0_D07,Water,R1,7,7.5mM,D0,D07,0,7,7,31.10.25,13.842,,
Water_R2_8_7.5mM_D0_D07,Water,R1,8,7.5mM,D0,D07,0,7,7,31.10.25,10.427,,
Water_R2_9_7.5mM_D0_D07,Water,R1,9,7.5mM,D0,D07,0,7,7,31.10.25,16.61,,
Water_R2_10_7.5mM_D0_D07,Water,R1,10,7.5mM,D0,D07,0,7,7,31.10.25,14.275,,
Water_R2_11_7.5mM_D0_D07,Water,R1,11,7.5mM,D0,D07,0,7,7,31.10.25,11.96,,
Water_R2_12_7.5mM_D0_D07,Water,R1,12,7.5mM,D0,D07,0,7,7,31.10.25,14.765,,
Water_R2_1_7.5mM_D0_D07,Water,R2,1,7.5mM,D0,D07,0,7,7,31.10.25,11.92,,
Water_R2_2_7.5mM_D0_D07,Water,R2,2,7.5mM,D0,D07,0,7,7,31.10.25,14.979,,
Water_R2_3_7.5mM_D0_D07,Water,R2,3,7.5mM,D0,D07,0,7,7,31.10.25,13.844,,
Water_R2_4_7.5mM_D0_D07,Water,R2,4,7.5mM,D0,D07,0,7,7,31.10.25,13.158,,
Water_R2_5_7.5mM_D0_D07,Water,R2,5,7.5mM,D0,D07,0,7,7,31.10.25,13.605,,
Water_R2_6_7.5mM_D0_D07,Water,R2,6,7.5mM,D0,D07,0,7,7,31.10.25,14.024,,
Water_R2_7_7.5mM_D0_D07,Water,R2,7,7.5mM,D0,D07,0,7,7,31.10.25,11.249,,
Water_R2_8_7.5mM_D0_D07,Water,R2,8,7.5mM,D0,D07,0,7,7,31.10.25,14.432,,
Water_R2_9_7.5mM_D0_D07,Water,R2,9,7.5mM,D0,D07,0,7,7,31.10.25,13.151,,
Water_R2_10_7.5mM_D0_D07,Water,R2,10,7.5mM,D0,D07,0,7,7,31.10.25,14.48,,
Water_R2_11_7.5mM_D0_D07,Water,R2,11,7.5mM,D0,D07,0,7,7,31.10.25,14.238,,
Water_R2_12_7.5mM_D0_D07,Water,R2,12,7.5mM,D0,D07,0,7,7,31.10.25,14.632,,
3OMG_R2_1_7.5mM_D0_D07,3OMG,R1,1,7.5mM,D0,D07,0,7,7,31.10.25,14.18,,
3OMG_R2_2_7.5mM_D0_D07,3OMG,R1,2,7.5mM,D0,D07,0,7,7,31.10.25,13.217,,
3OMG_R2_3_7.5mM_D0_D07,3OMG,R1,3,7.5mM,D0,D07,0,7,7,31.10.25,13.325,,
3OMG_R2_4_7.5mM_D0_D07,3OMG,R1,4,7.5mM,D0,D07,0,7,7,31.10.25,12.84,,
3OMG_R2_5_7.5mM_D0_D07,3OMG,R1,5,7.5mM,D0,D07,0,7,7,31.10.25,5.694,,No growth
3OMG_R2_6_7.5mM_D0_D07,3OMG,R1,6,7.5mM,D0,D07,0,7,7,31.10.25,11.828,,
3OMG_R2_7_7.5mM_D0_D07,3OMG,R1,7,7.5mM,D0,D07,0,7,7,31.10.25,14.479,,
3OMG_R2_8_7.5mM_D0_D07,3OMG,R1,8,7.5mM,D0,D07,0,7,7,31.10.25,14.816,,
3OMG_R2_9_7.5mM_D0_D07,3OMG,R1,9,7.5mM,D0,D07,0,7,7,31.10.25,13.236,,
3OMG_R2_10_7.5mM_D0_D07,3OMG,R1,10,7.5mM,D0,D07,0,7,7,31.10.25,13.028,,
3OMG_R2_11_7.5mM_D0_D07,3OMG,R1,11,7.5mM,D0,D07,0,7,7,31.10.25,11.737,,
3OMG_R2_12_7.5mM_D0_D07,3OMG,R1,12,7.5mM,D0,D07,0,7,7,31.10.25,12.991,,
3OMG_R2_1_7.5mM_D0_D07,3OMG,R2,1,7.5mM,D0,D07,0,7,7,31.10.25,11.939,,
3OMG_R2_2_7.5mM_D0_D07,3OMG,R2,2,7.5mM,D0,D07,0,7,7,31.10.25,11.95,,
3OMG_R2_3_7.5mM_D0_D07,3OMG,R2,3,7.5mM,D0,D07,0,7,7,31.10.25,11.718,,
3OMG_R2_4_7.5mM_D0_D07,3OMG,R2,4,7.5mM,D0,D07,0,7,7,31.10.25,12.805,,
3OMG_R2_5_7.5mM_D0_D07,3OMG,R2,5,7.5mM,D0,D07,0,7,7,31.10.25,11.871,,
3OMG_R2_6_7.5mM_D0_D07,3OMG,R2,6,7.5mM,D0,D07,0,7,7,31.10.25,10.015,,
3OMG_R2_7_7.5mM_D0_D07,3OMG,R2,7,7.5mM,D0,D07,0,7,7,31.10.25,10.446,,
3OMG_R2_8_7.5mM_D0_D07,3OMG,R2,8,7.5mM,D0,D07,0,7,7,31.10.25,15.461,,
3OMG_R2_9_7.5mM_D0_D07,3OMG,R2,9,7.5mM,D0,D07,0,7,7,31.10.25,12.505,,
3OMG_R2_10_7.5mM_D0_D07,3OMG,R2,10,7.5mM,D0,D07,0,7,7,31.10.25,15.463,,
3OMG_R2_11_7.5mM_D0_D07,3OMG,R2,11,7.5mM,D0,D07,0,7,7,31.10.25,12.584,,
3OMG_R2_12_7.5mM_D0_D07,3OMG,R2,12,7.5mM,D0,D07,0,7,7,31.10.25,12.477,,
3OMG_R2_1_15mM_D0_D07,3OMG,R1,1,15mM,D0,D07,0,7,7,31.10.25,11.068,,
3OMG_R2_2_15mM_D0_D07,3OMG,R1,2,15mM,D0,D07,0,7,7,31.10.25,13.257,,
3OMG_R2_3_15mM_D0_D07,3OMG,R1,3,15mM,D0,D07,0,7,7,31.10.25,11.394,,
3OMG_R2_4_15mM_D0_D07,3OMG,R1,4,15mM,D0,D07,0,7,7,31.10.25,10.037,,
3OMG_R2_5_15mM_D0_D07,3OMG,R1,5,15mM,D0,D07,0,7,7,31.10.25,11.642,,
3OMG_R2_6_15mM_D0_D07,3OMG,R1,6,15mM,D0,D07,0,7,7,31.10.25,11.251,,
3OMG_R2_7_15mM_D0_D07,3OMG,R1,7,15mM,D0,D07,0,7,7,31.10.25,13.912,,
3OMG_R2_8_15mM_D0_D07,3OMG,R1,8,15mM,D0,D07,0,7,7,31.10.25,12.567,,
3OMG_R2_9_15mM_D0_D07,3OMG,R1,9,15mM,D0,D07,0,7,7,31.10.25,11.71,,
3OMG_R2_10_15mM_D0_D07,3OMG,R1,10,15mM,D0,D07,0,7,7,31.10.25,13.571,,
3OMG_R2_11_15mM_D0_D07,3OMG,R1,11,15mM,D0,D07,0,7,7,31.10.25,11.289,,
3OMG_R2_12_15mM_D0_D07,3OMG,R1,12,15mM,D0,D07,0,7,7,31.10.25,8.87,,
3OMG_R2_1_15mM_D0_D07,3OMG,R2,1,15mM,D0,D07,0,7,7,31.10.25,12.965,,
3OMG_R2_2_15mM_D0_D07,3OMG,R2,2,15mM,D0,D07,0,7,7,31.10.25,11.983,,
3OMG_R2_3_15mM_D0_D07,3OMG,R2,3,15mM,D0,D07,0,7,7,31.10.25,11.578,,
3OMG_R2_4_15mM_D0_D07,3OMG,R2,4,15mM,D0,D07,0,7,7,31.10.25,11.918,,
3OMG_R2_5_15mM_D0_D07,3OMG,R2,5,15mM,D0,D07,0,7,7,31.10.25,12.068,,
3OMG_R2_6_15mM_D0_D07,3OMG,R2,6,15mM,D0,D07,0,7,7,31.10.25,11.086,,
3OMG_R2_7_15mM_D0_D07,3OMG,R2,7,15mM,D0,D07,0,7,7,31.10.25,11.249,,
3OMG_R2_8_15mM_D0_D07,3OMG,R2,8,15mM,D0,D07,0,7,7,31.10.25,12.519,,
3OMG_R2_9_15mM_D0_D07,3OMG,R2,9,15mM,D0,D07,0,7,7,31.10.25,11.476,,
3OMG_R2_10_15mM_D0_D07,3OMG,R2,10,15mM,D0,D07,0,7,7,31.10.25,12.271,,
3OMG_R2_11_15mM_D0_D07,3OMG,R2,11,15mM,D0,D07,0,7,7,31.10.25,12.675,,
3OMG_R2_12_15mM_D0_D07,3OMG,R2,12,15mM,D0,D07,0,7,7,31.10.25,11.484,,
Water_R2_1_7.5mM_D0_D10,Water,R1,1,7.5mM,D0,D10,0,10,10,03.11.25,19.503,,
Water_R2_2_7.5mM_D0_D10,Water,R1,2,7.5mM,D0,D10,0,10,10,03.11.25,24.173,,
Water_R2_3_7.5mM_D0_D10,Water,R1,3,7.5mM,D0,D10,0,10,10,03.11.25,25.08,,
Water_R2_4_7.5mM_D0_D10,Water,R1,4,7.5mM,D0,D10,0,10,10,03.11.25,27.865,,
Water_R2_5_7.5mM_D0_D10,Water,R1,5,7.5mM,D0,D10,0,10,10,03.11.25,24.664,,
Water_R2_6_7.5mM_D0_D10,Water,R1,6,7.5mM,D0,D10,0,10,10,03.11.25,27.029,,
Water_R2_7_7.5mM_D0_D10,Water,R1,7,7.5mM,D0,D10,0,10,10,03.11.25,26.34,,
Water_R2_8_7.5mM_D0_D10,Water,R1,8,7.5mM,D0,D10,0,10,10,03.11.25,20.655,,
Water_R2_9_7.5mM_D0_D10,Water,R1,9,7.5mM,D0,D10,0,10,10,03.11.25,29.829,,
Water_R2_10_7.5mM_D0_D10,Water,R1,10,7.5mM,D0,D10,0,10,10,03.11.25,26.663,,
Water_R2_11_7.5mM_D0_D10,Water,R1,11,7.5mM,D0,D10,0,10,10,03.11.25,21.981,,
Water_R2_12_7.5mM_D0_D10,Water,R1,12,7.5mM,D0,D10,0,10,10,03.11.25,28.162,,
Water_R2_1_7.5mM_D0_D10,Water,R2,1,7.5mM,D0,D10,0,10,10,03.11.25,23.526,,
Water_R2_2_7.5mM_D0_D10,Water,R2,2,7.5mM,D0,D10,0,10,10,03.11.25,29.604,,
Water_R2_3_7.5mM_D0_D10,Water,R2,3,7.5mM,D0,D10,0,10,10,03.11.25,26.03,,
Water_R2_4_7.5mM_D0_D10,Water,R2,4,7.5mM,D0,D10,0,10,10,03.11.25,26.364,,
Water_R2_5_7.5mM_D0_D10,Water,R2,5,7.5mM,D0,D10,0,10,10,03.11.25,27.103,,
Water_R2_6_7.5mM_D0_D10,Water,R2,6,7.5mM,D0,D10,0,10,10,03.11.25,26.847,,
Water_R2_7_7.5mM_D0_D10,Water,R2,7,7.5mM,D0,D10,0,10,10,03.11.25,20.718,,
Water_R2_8_7.5mM_D0_D10,Water,R2,8,7.5mM,D0,D10,0,10,10,03.11.25,28.804,,
Water_R2_9_7.5mM_D0_D10,Water,R2,9,7.5mM,D0,D10,0,10,10,03.11.25,25.677,,
Water_R2_10_7.5mM_D0_D10,Water,R2,10,7.5mM,D0,D10,0,10,10,03.11.25,27.326,,
Water_R2_11_7.5mM_D0_D10,Water,R2,11,7.5mM,D0,D10,0,10,10,03.11.25,11.159,,
Water_R2_12_7.5mM_D0_D10,Water,R2,12,7.5mM,D0,D10,0,10,10,03.11.25,26.632,,
3OMG_R2_1_7.5mM_D0_D10,3OMG,R1,1,7.5mM,D0,D10,0,10,10,03.11.25,26.22,,
3OMG_R2_2_7.5mM_D0_D10,3OMG,R1,2,7.5mM,D0,D10,0,10,10,03.11.25,24.37,,
3OMG_R2_3_7.5mM_D0_D10,3OMG,R1,3,7.5mM,D0,D10,0,10,10,03.11.25,22.993,,
3OMG_R2_4_7.5mM_D0_D10,3OMG,R1,4,7.5mM,D0,D10,0,10,10,03.11.25,19.749,,
3OMG_R2_5_7.5mM_D0_D10,3OMG,R1,5,7.5mM,D0,D10,0,10,10,03.11.25,7.305,,No growth
3OMG_R2_6_7.5mM_D0_D10,3OMG,R1,6,7.5mM,D0,D10,0,10,10,03.11.25,21.835,,
3OMG_R2_7_7.5mM_D0_D10,3OMG,R1,7,7.5mM,D0,D10,0,10,10,03.11.25,25.808,,
3OMG_R2_8_7.5mM_D0_D10,3OMG,R1,8,7.5mM,D0,D10,0,10,10,03.11.25,25.944,,
3OMG_R2_9_7.5mM_D0_D10,3OMG,R1,9,7.5mM,D0,D10,0,10,10,03.11.25,24.026,,
3OMG_R2_10_7.5mM_D0_D10,3OMG,R1,10,7.5mM,D0,D10,0,10,10,03.11.25,22.242,,
3OMG_R2_11_7.5mM_D0_D10,3OMG,R1,11,7.5mM,D0,D10,0,10,10,03.11.25,21.68,,
3OMG_R2_12_7.5mM_D0_D10,3OMG,R1,12,7.5mM,D0,D10,0,10,10,03.11.25,23.956,,
3OMG_R2_1_7.5mM_D0_D10,3OMG,R2,1,7.5mM,D0,D10,0,10,10,03.11.25,21.519,,
3OMG_R2_2_7.5mM_D0_D10,3OMG,R2,2,7.5mM,D0,D10,0,10,10,03.11.25,22.564,,
3OMG_R2_3_7.5mM_D0_D10,3OMG,R2,3,7.5mM,D0,D10,0,10,10,03.11.25,22.946,,
3OMG_R2_4_7.5mM_D0_D10,3OMG,R2,4,7.5mM,D0,D10,0,10,10,03.11.25,24.905,,
3OMG_R2_5_7.5mM_D0_D10,3OMG,R2,5,7.5mM,D0,D10,0,10,10,03.11.25,21.533,,
3OMG_R2_6_7.5mM_D0_D10,3OMG,R2,6,7.5mM,D0,D10,0,10,10,03.11.25,7.232,,
3OMG_R2_7_7.5mM_D0_D10,3OMG,R2,7,7.5mM,D0,D10,0,10,10,03.11.25,21.127,,
3OMG_R2_8_7.5mM_D0_D10,3OMG,R2,8,7.5mM,D0,D10,0,10,10,03.11.25,27.637,,
3OMG_R2_9_7.5mM_D0_D10,3OMG,R2,9,7.5mM,D0,D10,0,10,10,03.11.25,22.687,,
3OMG_R2_10_7.5mM_D0_D10,3OMG,R2,10,7.5mM,D0,D10,0,10,10,03.11.25,26.853,,
3OMG_R2_11_7.5mM_D0_D10,3OMG,R2,11,7.5mM,D0,D10,0,10,10,03.11.25,21.51,,
3OMG_R2_12_7.5mM_D0_D10,3OMG,R2,12,7.5mM,D0,D10,0,10,10,03.11.25,23.379,,
3OMG_R2_1_15mM_D0_D10,3OMG,R1,1,15mM,D0,D10,0,10,10,03.11.25,20.9,,
3OMG_R2_2_15mM_D0_D10,3OMG,R1,2,15mM,D0,D10,0,10,10,03.11.25,24.368,,
3OMG_R2_3_15mM_D0_D10,3OMG,R1,3,15mM,D0,D10,0,10,10,03.11.25,21.271,,
3OMG_R2_4_15mM_D0_D10,3OMG,R1,4,15mM,D0,D10,0,10,10,03.11.25,18.308,,
3OMG_R2_5_15mM_D0_D10,3OMG,R1,5,15mM,D0,D10,0,10,10,03.11.25,22.188,,
3OMG_R2_6_15mM_D0_D10,3OMG,R1,6,15mM,D0,D10,0,10,10,03.11.25,22.894,,
3OMG_R2_7_15mM_D0_D10,3OMG,R1,7,15mM,D0,D10,0,10,10,03.11.25,22.719,,
3OMG_R2_8_15mM_D0_D10,3OMG,R1,8,15mM,D0,D10,0,10,10,03.11.25,22.518,,
3OMG_R2_9_15mM_D0_D10,3OMG,R1,9,15mM,D0,D10,0,10,10,03.11.25,22.154,,
3OMG_R2_10_15mM_D0_D10,3OMG,R1,10,15mM,D0,D10,0,10,10,03.11.25,23.373,,
3OMG_R2_11_15mM_D0_D10,3OMG,R1,11,15mM,D0,D10,0,10,10,03.11.25,20.398,,
3OMG_R2_12_15mM_D0_D10,3OMG,R1,12,15mM,D0,D10,0,10,10,03.11.25,17.446,,
3OMG_R2_1_15mM_D0_D10,3OMG,R2,1,15mM,D0,D10,0,10,10,03.11.25,22.791,,
3OMG_R2_2_15mM_D0_D10,3OMG,R2,2,15mM,D0,D10,0,10,10,03.11.25,22.793,,
3OMG_R2_3_15mM_D0_D10,3OMG,R2,3,15mM,D0,D10,0,10,10,03.11.25,21.066,,
3OMG_R2_4_15mM_D0_D10,3OMG,R2,4,15mM,D0,D10,0,10,10,03.11.25,22.529,,
3OMG_R2_5_15mM_D0_D10,3OMG,R2,5,15mM,D0,D10,0,10,10,03.11.25,20.378,,
3OMG_R2_6_15mM_D0_D10,3OMG,R2,6,15mM,D0,D10,0,10,10,03.11.25,20.879,,
3OMG_R2_7_15mM_D0_D10,3OMG,R2,7,15mM,D0,D10,0,10,10,03.11.25,20.711,,
3OMG_R2_8_15mM_D0_D10,3OMG,R2,8,15mM,D0,D10,0,10,10,03.11.25,23.57,,
3OMG_R2_9_15mM_D0_D10,3OMG,R2,9,15mM,D0,D10,0,10,10,03.11.25,22.167,,
3OMG_R2_10_15mM_D0_D10,3OMG,R2,10,15mM,D0,D10,0,10,10,03.11.25,22.232,,
3OMG_R2_11_15mM_D0_D10,3OMG,R2,11,15mM,D0,D10,0,10,10,03.11.25,24.41,,
3OMG_R2_12_15mM_D0_D10,3OMG,R2,12,15mM,D0,D10,0,10,10,03.11.25,22.485,,
Water_R2_1_7.5mM_D0_D11,Water,R1,1,7.5mM,D0,D11,0,11,11,04.11.25,23.945,,
Water_R2_2_7.5mM_D0_D11,Water,R1,2,7.5mM,D0,D11,0,11,11,04.11.25,30.11,,
Water_R2_3_7.5mM_D0_D11,Water,R1,3,7.5mM,D0,D11,0,11,11,04.11.25,30.039,,
Water_R2_4_7.5mM_D0_D11,Water,R1,4,7.5mM,D0,D11,0,11,11,04.11.25,32.553,,
Water_R2_5_7.5mM_D0_D11,Water,R1,5,7.5mM,D0,D11,0,11,11,04.11.25,30.274,,
Water_R2_6_7.5mM_D0_D11,Water,R1,6,7.5mM,D0,D11,0,11,11,04.11.25,31.463,,
Water_R2_7_7.5mM_D0_D11,Water,R1,7,7.5mM,D0,D11,0,11,11,04.11.25,31.627,,
Water_R2_8_7.5mM_D0_D11,Water,R1,8,7.5mM,D0,D11,0,11,11,04.11.25,25.022,,
Water_R2_9_7.5mM_D0_D11,Water,R1,9,7.5mM,D0,D11,0,11,11,04.11.25,35.862,,
Water_R2_10_7.5mM_D0_D11,Water,R1,10,7.5mM,D0,D11,0,11,11,04.11.25,30.648,,
Water_R2_11_7.5mM_D0_D11,Water,R1,11,7.5mM,D0,D11,0,11,11,04.11.25,25.962,,
Water_R2_12_7.5mM_D0_D11,Water,R1,12,7.5mM,D0,D11,0,11,11,04.11.25,33.268,,
Water_R2_1_7.5mM_D0_D11,Water,R2,1,7.5mM,D0,D11,0,11,11,04.11.25,28.507,,
Water_R2_2_7.5mM_D0_D11,Water,R2,2,7.5mM,D0,D11,0,11,11,04.11.25,35.205,,
Water_R2_3_7.5mM_D0_D11,Water,R2,3,7.5mM,D0,D11,0,11,11,04.11.25,31.109,,
Water_R2_4_7.5mM_D0_D11,Water,R2,4,7.5mM,D0,D11,0,11,11,04.11.25,31.757,,
Water_R2_5_7.5mM_D0_D11,Water,R2,5,7.5mM,D0,D11,0,11,11,04.11.25,32.225,,
Water_R2_6_7.5mM_D0_D11,Water,R2,6,7.5mM,D0,D11,0,11,11,04.11.25,34.405,,
Water_R2_7_7.5mM_D0_D11,Water,R2,7,7.5mM,D0,D11,0,11,11,04.11.25,24.481,,
Water_R2_8_7.5mM_D0_D11,Water,R2,8,7.5mM,D0,D11,0,11,11,04.11.25,33.913,,
Water_R2_9_7.5mM_D0_D11,Water,R2,9,7.5mM,D0,D11,0,11,11,04.11.25,30.117,,
Water_R2_10_7.5mM_D0_D11,Water,R2,10,7.5mM,D0,D11,0,11,11,04.11.25,33.088,,
Water_R2_11_7.5mM_D0_D11,Water,R2,11,7.5mM,D0,D11,0,11,11,04.11.25,12.152,,
Water_R2_12_7.5mM_D0_D11,Water,R2,12,7.5mM,D0,D11,0,11,11,04.11.25,32.586,,
3OMG_R2_1_7.5mM_D0_D11,3OMG,R1,1,7.5mM,D0,D11,0,11,11,04.11.25,29.742,,
3OMG_R2_2_7.5mM_D0_D11,3OMG,R1,2,7.5mM,D0,D11,0,11,11,04.11.25,29.108,,
3OMG_R2_3_7.5mM_D0_D11,3OMG,R1,3,7.5mM,D0,D11,0,11,11,04.11.25,28.756,,
3OMG_R2_4_7.5mM_D0_D11,3OMG,R1,4,7.5mM,D0,D11,0,11,11,04.11.25,23.268,,
3OMG_R2_5_7.5mM_D0_D11,3OMG,R1,5,7.5mM,D0,D11,0,11,11,04.11.25,7.38,,No growth
3OMG_R2_6_7.5mM_D0_D11,3OMG,R1,6,7.5mM,D0,D11,0,11,11,04.11.25,26.628,,
3OMG_R2_7_7.5mM_D0_D11,3OMG,R1,7,7.5mM,D0,D11,0,11,11,04.11.25,30.596,,
3OMG_R2_8_7.5mM_D0_D11,3OMG,R1,8,7.5mM,D0,D11,0,11,11,04.11.25,31.077,,
3OMG_R2_9_7.5mM_D0_D11,3OMG,R1,9,7.5mM,D0,D11,0,11,11,04.11.25,28.39,,
3OMG_R2_10_7.5mM_D0_D11,3OMG,R1,10,7.5mM,D0,D11,0,11,11,04.11.25,27.331,,
3OMG_R2_11_7.5mM_D0_D11,3OMG,R1,11,7.5mM,D0,D11,0,11,11,04.11.25,25.82,,
3OMG_R2_12_7.5mM_D0_D11,3OMG,R1,12,7.5mM,D0,D11,0,11,11,04.11.25,28.129,,
3OMG_R2_1_7.5mM_D0_D11,3OMG,R2,1,7.5mM,D0,D11,0,11,11,04.11.25,26.294,,
3OMG_R2_2_7.5mM_D0_D11,3OMG,R2,2,7.5mM,D0,D11,0,11,11,04.11.25,26.305,,
3OMG_R2_3_7.5mM_D0_D11,3OMG,R2,3,7.5mM,D0,D11,0,11,11,04.11.25,26.545,,
3OMG_R2_4_7.5mM_D0_D11,3OMG,R2,4,7.5mM,D0,D11,0,11,11,04.11.25,28.686,,
3OMG_R2_5_7.5mM_D0_D11,3OMG,R2,5,7.5mM,D0,D11,0,11,11,04.11.25,25.345,,
3OMG_R2_6_7.5mM_D0_D11,3OMG,R2,6,7.5mM,D0,D11,0,11,11,04.11.25,11.396,,
3OMG_R2_7_7.5mM_D0_D11,3OMG,R2,7,7.5mM,D0,D11,0,11,11,04.11.25,24.407,,
3OMG_R2_8_7.5mM_D0_D11,3OMG,R2,8,7.5mM,D0,D11,0,11,11,04.11.25,30.513,,
3OMG_R2_9_7.5mM_D0_D11,3OMG,R2,9,7.5mM,D0,D11,0,11,11,04.11.25,26.289,,
3OMG_R2_10_7.5mM_D0_D11,3OMG,R2,10,7.5mM,D0,D11,0,11,11,04.11.25,31.925,,
3OMG_R2_11_7.5mM_D0_D11,3OMG,R2,11,7.5mM,D0,D11,0,11,11,04.11.25,25.29,,
3OMG_R2_12_7.5mM_D0_D11,3OMG,R2,12,7.5mM,D0,D11,0,11,11,04.11.25,27.986,,
3OMG_R2_1_15mM_D0_D11,3OMG,R1,1,15mM,D0,D11,0,11,11,04.11.25,23.747,,
3OMG_R2_2_15mM_D0_D11,3OMG,R1,2,15mM,D0,D11,0,11,11,04.11.25,27.463,,
3OMG_R2_3_15mM_D0_D11,3OMG,R1,3,15mM,D0,D11,0,11,11,04.11.25,25.123,,
3OMG_R2_4_15mM_D0_D11,3OMG,R1,4,15mM,D0,D11,0,11,11,04.11.25,22,,
3OMG_R2_5_15mM_D0_D11,3OMG,R1,5,15mM,D0,D11,0,11,11,04.11.25,24.128,,
3OMG_R2_6_15mM_D0_D11,3OMG,R1,6,15mM,D0,D11,0,11,11,04.11.25,24.596,,
3OMG_R2_7_15mM_D0_D11,3OMG,R1,7,15mM,D0,D11,0,11,11,04.11.25,25.746,,
3OMG_R2_8_15mM_D0_D11,3OMG,R1,8,15mM,D0,D11,0,11,11,04.11.25,25.585,,
3OMG_R2_9_15mM_D0_D11,3OMG,R1,9,15mM,D0,D11,0,11,11,04.11.25,26.354,,
3OMG_R2_10_15mM_D0_D11,3OMG,R1,10,15mM,D0,D11,0,11,11,04.11.25,26.065,,
3OMG_R2_11_15mM_D0_D11,3OMG,R1,11,15mM,D0,D11,0,11,11,04.11.25,23.811,,
3OMG_R2_12_15mM_D0_D11,3OMG,R1,12,15mM,D0,D11,0,11,11,04.11.25,20.905,,
3OMG_R2_1_15mM_D0_D11,3OMG,R2,1,15mM,D0,D11,0,11,11,04.11.25,24.744,,
3OMG_R2_2_15mM_D0_D11,3OMG,R2,2,15mM,D0,D11,0,11,11,04.11.25,26.84,,
3OMG_R2_3_15mM_D0_D11,3OMG,R2,3,15mM,D0,D11,0,11,11,04.11.25,24.532,,
3OMG_R2_4_15mM_D0_D11,3OMG,R2,4,15mM,D0,D11,0,11,11,04.11.25,26.578,,
3OMG_R2_5_15mM_D0_D11,3OMG,R2,5,15mM,D0,D11,0,11,11,04.11.25,25.036,,
3OMG_R2_6_15mM_D0_D11,3OMG,R2,6,15mM,D0,D11,0,11,11,04.11.25,23.486,,
3OMG_R2_7_15mM_D0_D11,3OMG,R2,7,15mM,D0,D11,0,11,11,04.11.25,23.409,,
3OMG_R2_8_15mM_D0_D11,3OMG,R2,8,15mM,D0,D11,0,11,11,04.11.25,26.254,,
3OMG_R2_9_15mM_D0_D11,3OMG,R2,9,15mM,D0,D11,0,11,11,04.11.25,25.803,,
3OMG_R2_10_15mM_D0_D11,3OMG,R2,10,15mM,D0,D11,0,11,11,04.11.25,25.78,,
3OMG_R2_11_15mM_D0_D11,3OMG,R2,11,15mM,D0,D11,0,11,11,04.11.25,28.148,,
3OMG_R2_12_15mM_D0_D11,3OMG,R2,12,15mM,D0,D11,0,11,11,04.11.25,25.849,,
Water_R2_1_7.5mM_D0_D12,Water,R1,1,7.5mM,D0,D12,0,12,12,05.11.25,26.998,,
Water_R2_2_7.5mM_D0_D12,Water,R1,2,7.5mM,D0,D12,0,12,12,05.11.25,31.792,,
Water_R2_3_7.5mM_D0_D12,Water,R1,3,7.5mM,D0,D12,0,12,12,05.11.25,32.938,,
Water_R2_4_7.5mM_D0_D12,Water,R1,4,7.5mM,D0,D12,0,12,12,05.11.25,36.406,,
Water_R2_5_7.5mM_D0_D12,Water,R1,5,7.5mM,D0,D12,0,12,12,05.11.25,32.496,,
Water_R2_6_7.5mM_D0_D12,Water,R1,6,7.5mM,D0,D12,0,12,12,05.11.25,37.228,,
Water_R2_7_7.5mM_D0_D12,Water,R1,7,7.5mM,D0,D12,0,12,12,05.11.25,35.786,,
Water_R2_8_7.5mM_D0_D12,Water,R1,8,7.5mM,D0,D12,0,12,12,05.11.25,28.75,,
Water_R2_9_7.5mM_D0_D12,Water,R1,9,7.5mM,D0,D12,0,12,12,05.11.25,40.664,,
Water_R2_10_7.5mM_D0_D12,Water,R1,10,7.5mM,D0,D12,0,12,12,05.11.25,35.35,,
Water_R2_11_7.5mM_D0_D12,Water,R1,11,7.5mM,D0,D12,0,12,12,05.11.25,29.549,,
Water_R2_12_7.5mM_D0_D12,Water,R1,12,7.5mM,D0,D12,0,12,12,05.11.25,37.917,,
Water_R2_1_7.5mM_D0_D12,Water,R2,1,7.5mM,D0,D12,0,12,12,05.11.25,32.334,,
Water_R2_2_7.5mM_D0_D12,Water,R2,2,7.5mM,D0,D12,0,12,12,05.11.25,40.744,,
Water_R2_3_7.5mM_D0_D12,Water,R2,3,7.5mM,D0,D12,0,12,12,05.11.25,34.875,,
Water_R2_4_7.5mM_D0_D12,Water,R2,4,7.5mM,D0,D12,0,12,12,05.11.25,35.302,,
Water_R2_5_7.5mM_D0_D12,Water,R2,5,7.5mM,D0,D12,0,12,12,05.11.25,35.926,,
Water_R2_6_7.5mM_D0_D12,Water,R2,6,7.5mM,D0,D12,0,12,12,05.11.25,38.612,,
Water_R2_7_7.5mM_D0_D12,Water,R2,7,7.5mM,D0,D12,0,12,12,05.11.25,28.551,,
Water_R2_8_7.5mM_D0_D12,Water,R2,8,7.5mM,D0,D12,0,12,12,05.11.25,37.654,,
Water_R2_9_7.5mM_D0_D12,Water,R2,9,7.5mM,D0,D12,0,12,12,05.11.25,34.103,,
Water_R2_10_7.5mM_D0_D12,Water,R2,10,7.5mM,D0,D12,0,12,12,05.11.25,36.263,,
Water_R2_11_7.5mM_D0_D12,Water,R2,11,7.5mM,D0,D12,0,12,12,05.11.25,13.027,,
Water_R2_12_7.5mM_D0_D12,Water,R2,12,7.5mM,D0,D12,0,12,12,05.11.25,36.821,,
3OMG_R2_1_7.5mM_D0_D12,3OMG,R1,1,7.5mM,D0,D12,0,12,12,05.11.25,33.451,,
3OMG_R2_2_7.5mM_D0_D12,3OMG,R1,2,7.5mM,D0,D12,0,12,12,05.11.25,34.355,,
3OMG_R2_3_7.5mM_D0_D12,3OMG,R1,3,7.5mM,D0,D12,0,12,12,05.11.25,31.018,,
3OMG_R2_4_7.5mM_D0_D12,3OMG,R1,4,7.5mM,D0,D12,0,12,12,05.11.25,25.474,,
3OMG_R2_5_7.5mM_D0_D12,3OMG,R1,5,7.5mM,D0,D12,0,12,12,05.11.25,4.453,,No growth
3OMG_R2_6_7.5mM_D0_D12,3OMG,R1,6,7.5mM,D0,D12,0,12,12,05.11.25,30.233,,
3OMG_R2_7_7.5mM_D0_D12,3OMG,R1,7,7.5mM,D0,D12,0,12,12,05.11.25,34.629,,
3OMG_R2_8_7.5mM_D0_D12,3OMG,R1,8,7.5mM,D0,D12,0,12,12,05.11.25,34.623,,
3OMG_R2_9_7.5mM_D0_D12,3OMG,R1,9,7.5mM,D0,D12,0,12,12,05.11.25,31.86,,
3OMG_R2_10_7.5mM_D0_D12,3OMG,R1,10,7.5mM,D0,D12,0,12,12,05.11.25,28.867,,
3OMG_R2_11_7.5mM_D0_D12,3OMG,R1,11,7.5mM,D0,D12,0,12,12,05.11.25,27.99,,
3OMG_R2_12_7.5mM_D0_D12,3OMG,R1,12,7.5mM,D0,D12,0,12,12,05.11.25,31.167,,
3OMG_R2_1_7.5mM_D0_D12,3OMG,R2,1,7.5mM,D0,D12,0,12,12,05.11.25,29.807,,
3OMG_R2_2_7.5mM_D0_D12,3OMG,R2,2,7.5mM,D0,D12,0,12,12,05.11.25,31.544,,
3OMG_R2_3_7.5mM_D0_D12,3OMG,R2,3,7.5mM,D0,D12,0,12,12,05.11.25,30.094,,
3OMG_R2_4_7.5mM_D0_D12,3OMG,R2,4,7.5mM,D0,D12,0,12,12,05.11.25,32.38,,
3OMG_R2_5_7.5mM_D0_D12,3OMG,R2,5,7.5mM,D0,D12,0,12,12,05.11.25,27.849,,
3OMG_R2_6_7.5mM_D0_D12,3OMG,R2,6,7.5mM,D0,D12,0,12,12,05.11.25,14.258,,
3OMG_R2_7_7.5mM_D0_D12,3OMG,R2,7,7.5mM,D0,D12,0,12,12,05.11.25,27.144,,
3OMG_R2_8_7.5mM_D0_D12,3OMG,R2,8,7.5mM,D0,D12,0,12,12,05.11.25,32.315,,
3OMG_R2_9_7.5mM_D0_D12,3OMG,R2,9,7.5mM,D0,D12,0,12,12,05.11.25,30.065,,
3OMG_R2_10_7.5mM_D0_D12,3OMG,R2,10,7.5mM,D0,D12,0,12,12,05.11.25,32.949,,
3OMG_R2_11_7.5mM_D0_D12,3OMG,R2,11,7.5mM,D0,D12,0,12,12,05.11.25,28.516,,
3OMG_R2_12_7.5mM_D0_D12,3OMG,R2,12,7.5mM,D0,D12,0,12,12,05.11.25,30.692,,
3OMG_R2_1_15mM_D0_D12,3OMG,R1,1,15mM,D0,D12,0,12,12,05.11.25,26.97,,
3OMG_R2_2_15mM_D0_D12,3OMG,R1,2,15mM,D0,D12,0,12,12,05.11.25,30.069,,
3OMG_R2_3_15mM_D0_D12,3OMG,R1,3,15mM,D0,D12,0,12,12,05.11.25,26.276,,
3OMG_R2_4_15mM_D0_D12,3OMG,R1,4,15mM,D0,D12,0,12,12,05.11.25,22.566,,
3OMG_R2_5_15mM_D0_D12,3OMG,R1,5,15mM,D0,D12,0,12,12,05.11.25,28.186,,
3OMG_R2_6_15mM_D0_D12,3OMG,R1,6,15mM,D0,D12,0,12,12,05.11.25,26.417,,
3OMG_R2_7_15mM_D0_D12,3OMG,R1,7,15mM,D0,D12,0,12,12,05.11.25,28.265,,
3OMG_R2_8_15mM_D0_D12,3OMG,R1,8,15mM,D0,D12,0,12,12,05.11.25,30.098,,
3OMG_R2_9_15mM_D0_D12,3OMG,R1,9,15mM,D0,D12,0,12,12,05.11.25,29.28,,
3OMG_R2_10_15mM_D0_D12,3OMG,R1,10,15mM,D0,D12,0,12,12,05.11.25,28.521,,
3OMG_R2_11_15mM_D0_D12,3OMG,R1,11,15mM,D0,D12,0,12,12,05.11.25,26.293,,
3OMG_R2_12_15mM_D0_D12,3OMG,R1,12,15mM,D0,D12,0,12,12,05.11.25,23.769,,
3OMG_R2_1_15mM_D0_D12,3OMG,R2,1,15mM,D0,D12,0,12,12,05.11.25,28.093,,
3OMG_R2_2_15mM_D0_D12,3OMG,R2,2,15mM,D0,D12,0,12,12,05.11.25,29.867,,
3OMG_R2_3_15mM_D0_D12,3OMG,R2,3,15mM,D0,D12,0,12,12,05.11.25,25.841,,
3OMG_R2_4_15mM_D0_D12,3OMG,R2,4,15mM,D0,D12,0,12,12,05.11.25,29.488,,
3OMG_R2_5_15mM_D0_D12,3OMG,R2,5,15mM,D0,D12,0,12,12,05.11.25,26.641,,
3OMG_R2_6_15mM_D0_D12,3OMG,R2,6,15mM,D0,D12,0,12,12,05.11.25,24.692,,
3OMG_R2_7_15mM_D0_D12,3OMG,R2,7,15mM,D0,D12,0,12,12,05.11.25,23.678,,
3OMG_R2_8_15mM_D0_D12,3OMG,R2,8,15mM,D0,D12,0,12,12,05.11.25,28.748,,
3OMG_R2_9_15mM_D0_D12,3OMG,R2,9,15mM,D0,D12,0,12,12,05.11.25,27.361,,
3OMG_R2_10_15mM_D0_D12,3OMG,R2,10,15mM,D0,D12,0,12,12,05.11.25,28.707,,
3OMG_R2_11_15mM_D0_D12,3OMG,R2,11,15mM,D0,D12,0,12,12,05.11.25,29.588,,
3OMG_R2_12_15mM_D0_D12,3OMG,R2,12,15mM,D0,D12,0,12,12,05.11.25,27.657,,
Water_R2_1_7.5mM_D0_D13,Water,R1,1,7.5mM,D0,D13,0,13,13,06.11.25,32.453,,
Water_R2_2_7.5mM_D0_D13,Water,R1,2,7.5mM,D0,D13,0,13,13,06.11.25,35.155,,
Water_R2_3_7.5mM_D0_D13,Water,R1,3,7.5mM,D0,D13,0,13,13,06.11.25,38.419,,
Water_R2_4_7.5mM_D0_D13,Water,R1,4,7.5mM,D0,D13,0,13,13,06.11.25,39.572,,
Water_R2_5_7.5mM_D0_D13,Water,R1,5,7.5mM,D0,D13,0,13,13,06.11.25,37.311,,
Water_R2_6_7.5mM_D0_D13,Water,R1,6,7.5mM,D0,D13,0,13,13,06.11.25,39.802,,
Water_R2_7_7.5mM_D0_D13,Water,R1,7,7.5mM,D0,D13,0,13,13,06.11.25,38.863,,
Water_R2_8_7.5mM_D0_D13,Water,R1,8,7.5mM,D0,D13,0,13,13,06.11.25,32.231,,
Water_R2_9_7.5mM_D0_D13,Water,R1,9,7.5mM,D0,D13,0,13,13,06.11.25,43.073,,
Water_R2_10_7.5mM_D0_D13,Water,R1,10,7.5mM,D0,D13,0,13,13,06.11.25,37.321,,
Water_R2_11_7.5mM_D0_D13,Water,R1,11,7.5mM,D0,D13,0,13,13,06.11.25,33.482,,
Water_R2_12_7.5mM_D0_D13,Water,R1,12,7.5mM,D0,D13,0,13,13,06.11.25,41.496,,
Water_R2_1_7.5mM_D0_D13,Water,R2,1,7.5mM,D0,D13,0,13,13,06.11.25,35.203,,
Water_R2_2_7.5mM_D0_D13,Water,R2,2,7.5mM,D0,D13,0,13,13,06.11.25,43.383,,
Water_R2_3_7.5mM_D0_D13,Water,R2,3,7.5mM,D0,D13,0,13,13,06.11.25,40.636,,
Water_R2_4_7.5mM_D0_D13,Water,R2,4,7.5mM,D0,D13,0,13,13,06.11.25,39.173,,
Water_R2_5_7.5mM_D0_D13,Water,R2,5,7.5mM,D0,D13,0,13,13,06.11.25,40.3,,
Water_R2_6_7.5mM_D0_D13,Water,R2,6,7.5mM,D0,D13,0,13,13,06.11.25,40.597,,
Water_R2_7_7.5mM_D0_D13,Water,R2,7,7.5mM,D0,D13,0,13,13,06.11.25,32.168,,
Water_R2_8_7.5mM_D0_D13,Water,R2,8,7.5mM,D0,D13,0,13,13,06.11.25,41.474,,
Water_R2_9_7.5mM_D0_D13,Water,R2,9,7.5mM,D0,D13,0,13,13,06.11.25,37.597,,
Water_R2_10_7.5mM_D0_D13,Water,R2,10,7.5mM,D0,D13,0,13,13,06.11.25,40.221,,
Water_R2_11_7.5mM_D0_D13,Water,R2,11,7.5mM,D0,D13,0,13,13,06.11.25,16.275,,
Water_R2_12_7.5mM_D0_D13,Water,R2,12,7.5mM,D0,D13,0,13,13,06.11.25,39.705,,
3OMG_R2_1_7.5mM_D0_D13,3OMG,R1,1,7.5mM,D0,D13,0,13,13,06.11.25,36.753,,
3OMG_R2_2_7.5mM_D0_D13,3OMG,R1,2,7.5mM,D0,D13,0,13,13,06.11.25,35.314,,
3OMG_R2_3_7.5mM_D0_D13,3OMG,R1,3,7.5mM,D0,D13,0,13,13,06.11.25,34.537,,
3OMG_R2_4_7.5mM_D0_D13,3OMG,R1,4,7.5mM,D0,D13,0,13,13,06.11.25,22.354,,
3OMG_R2_5_7.5mM_D0_D13,3OMG,R1,5,7.5mM,D0,D13,0,13,13,06.11.25,5.673,,No growth
3OMG_R2_6_7.5mM_D0_D13,3OMG,R1,6,7.5mM,D0,D13,0,13,13,06.11.25,32.525,,
3OMG_R2_7_7.5mM_D0_D13,3OMG,R1,7,7.5mM,D0,D13,0,13,13,06.11.25,37.447,,
3OMG_R2_8_7.5mM_D0_D13,3OMG,R1,8,7.5mM,D0,D13,0,13,13,06.11.25,35.293,,
3OMG_R2_9_7.5mM_D0_D13,3OMG,R1,9,7.5mM,D0,D13,0,13,13,06.11.25,34.13,,
3OMG_R2_10_7.5mM_D0_D13,3OMG,R1,10,7.5mM,D0,D13,0,13,13,06.11.25,32.375,,
3OMG_R2_11_7.5mM_D0_D13,3OMG,R1,11,7.5mM,D0,D13,0,13,13,06.11.25,30.384,,
3OMG_R2_12_7.5mM_D0_D13,3OMG,R1,12,7.5mM,D0,D13,0,13,13,06.11.25,34.492,,
3OMG_R2_1_7.5mM_D0_D13,3OMG,R2,1,7.5mM,D0,D13,0,13,13,06.11.25,31.646,,
3OMG_R2_2_7.5mM_D0_D13,3OMG,R2,2,7.5mM,D0,D13,0,13,13,06.11.25,31.536,,
3OMG_R2_3_7.5mM_D0_D13,3OMG,R2,3,7.5mM,D0,D13,0,13,13,06.11.25,32.586,,
3OMG_R2_4_7.5mM_D0_D13,3OMG,R2,4,7.5mM,D0,D13,0,13,13,06.11.25,34.665,,
3OMG_R2_5_7.5mM_D0_D13,3OMG,R2,5,7.5mM,D0,D13,0,13,13,06.11.25,31.623,,
3OMG_R2_6_7.5mM_D0_D13,3OMG,R2,6,7.5mM,D0,D13,0,13,13,06.11.25,16.766,,
3OMG_R2_7_7.5mM_D0_D13,3OMG,R2,7,7.5mM,D0,D13,0,13,13,06.11.25,29.213,,
3OMG_R2_8_7.5mM_D0_D13,3OMG,R2,8,7.5mM,D0,D13,0,13,13,06.11.25,36.664,,
3OMG_R2_9_7.5mM_D0_D13,3OMG,R2,9,7.5mM,D0,D13,0,13,13,06.11.25,34.75,,
3OMG_R2_10_7.5mM_D0_D13,3OMG,R2,10,7.5mM,D0,D13,0,13,13,06.11.25,37.586,,
3OMG_R2_11_7.5mM_D0_D13,3OMG,R2,11,7.5mM,D0,D13,0,13,13,06.11.25,29.25,,
3OMG_R2_12_7.5mM_D0_D13,3OMG,R2,12,7.5mM,D0,D13,0,13,13,06.11.25,32.341,,
3OMG_R2_1_15mM_D0_D13,3OMG,R1,1,15mM,D0,D13,0,13,13,06.11.25,29.647,,
3OMG_R2_2_15mM_D0_D13,3OMG,R1,2,15mM,D0,D13,0,13,13,06.11.25,33.299,,
3OMG_R2_3_15mM_D0_D13,3OMG,R1,3,15mM,D0,D13,0,13,13,06.11.25,29.283,,
3OMG_R2_4_15mM_D0_D13,3OMG,R1,4,15mM,D0,D13,0,13,13,06.11.25,26.697,,
3OMG_R2_5_15mM_D0_D13,3OMG,R1,5,15mM,D0,D13,0,13,13,06.11.25,30.917,,
3OMG_R2_6_15mM_D0_D13,3OMG,R1,6,15mM,D0,D13,0,13,13,06.11.25,28.592,,
3OMG_R2_7_15mM_D0_D13,3OMG,R1,7,15mM,D0,D13,0,13,13,06.11.25,30.843,,
3OMG_R2_8_15mM_D0_D13,3OMG,R1,8,15mM,D0,D13,0,13,13,06.11.25,32.32,,
3OMG_R2_9_15mM_D0_D13,3OMG,R1,9,15mM,D0,D13,0,13,13,06.11.25,31.569,,
3OMG_R2_10_15mM_D0_D13,3OMG,R1,10,15mM,D0,D13,0,13,13,06.11.25,31.423,,
3OMG_R2_11_15mM_D0_D13,3OMG,R1,11,15mM,D0,D13,0,13,13,06.11.25,27.933,,
3OMG_R2_12_15mM_D0_D13,3OMG,R1,12,15mM,D0,D13,0,13,13,06.11.25,25.46,,
3OMG_R2_1_15mM_D0_D13,3OMG,R2,1,15mM,D0,D13,0,13,13,06.11.25,29.638,,
3OMG_R2_2_15mM_D0_D13,3OMG,R2,2,15mM,D0,D13,0,13,13,06.11.25,34.037,,
3OMG_R2_3_15mM_D0_D13,3OMG,R2,3,15mM,D0,D13,0,13,13,06.11.25,28.236,,
3OMG_R2_4_15mM_D0_D13,3OMG,R2,4,15mM,D0,D13,0,13,13,06.11.25,30.47,,
3OMG_R2_5_15mM_D0_D13,3OMG,R2,5,15mM,D0,D13,0,13,13,06.11.25,29.087,,
3OMG_R2_6_15mM_D0_D13,3OMG,R2,6,15mM,D0,D13,0,13,13,06.11.25,26.334,,
3OMG_R2_7_15mM_D0_D13,3OMG,R2,7,15mM,D0,D13,0,13,13,06.11.25,23.952,,
3OMG_R2_8_15mM_D0_D13,3OMG,R2,8,15mM,D0,D13,0,13,13,06.11.25,30.368,,
3OMG_R2_9_15mM_D0_D13,3OMG,R2,9,15mM,D0,D13,0,13,13,06.11.25,29.949,,
3OMG_R2_10_15mM_D0_D13,3OMG,R2,10,15mM,D0,D13,0,13,13,06.11.25,29.473,,
3OMG_R2_11_15mM_D0_D13,3OMG,R2,11,15mM,D0,D13,0,13,13,06.11.25,30.34,,
3OMG_R2_12_15mM_D0_D13,3OMG,R2,12,15mM,D0,D13,0,13,13,06.11.25,27.408,,
Water_R2_1_7.5mM_D0_D14,Water,R1,1,7.5mM,D0,D14,0,14,14,07.11.25,35.159,,
Water_R2_2_7.5mM_D0_D14,Water,R1,2,7.5mM,D0,D14,0,14,14,07.11.25,39.748,,
Water_R2_3_7.5mM_D0_D14,Water,R1,3,7.5mM,D0,D14,0,14,14,07.11.25,41.368,,
Water_R2_4_7.5mM_D0_D14,Water,R1,4,7.5mM,D0,D14,0,14,14,07.11.25,44.635,,
Water_R2_5_7.5mM_D0_D14,Water,R1,5,7.5mM,D0,D14,0,14,14,07.11.25,41.144,,
Water_R2_6_7.5mM_D0_D14,Water,R1,6,7.5mM,D0,D14,0,14,14,07.11.25,44.232,,
Water_R2_7_7.5mM_D0_D14,Water,R1,7,7.5mM,D0,D14,0,14,14,07.11.25,43.107,,
Water_R2_8_7.5mM_D0_D14,Water,R1,8,7.5mM,D0,D14,0,14,14,07.11.25,33.995,,
Water_R2_9_7.5mM_D0_D14,Water,R1,9,7.5mM,D0,D14,0,14,14,07.11.25,47.892,,
Water_R2_10_7.5mM_D0_D14,Water,R1,10,7.5mM,D0,D14,0,14,14,07.11.25,42.639,,
Water_R2_11_7.5mM_D0_D14,Water,R1,11,7.5mM,D0,D14,0,14,14,07.11.25,35.895,,
Water_R2_12_7.5mM_D0_D14,Water,R1,12,7.5mM,D0,D14,0,14,14,07.11.25,43.881,,
Water_R2_1_7.5mM_D0_D14,Water,R2,1,7.5mM,D0,D14,0,14,14,07.11.25,39.917,,
Water_R2_2_7.5mM_D0_D14,Water,R2,2,7.5mM,D0,D14,0,14,14,07.11.25,47.493,,
Water_R2_3_7.5mM_D0_D14,Water,R2,3,7.5mM,D0,D14,0,14,14,07.11.25,42.83,,
Water_R2_4_7.5mM_D0_D14,Water,R2,4,7.5mM,D0,D14,0,14,14,07.11.25,42.361,,
Water_R2_5_7.5mM_D0_D14,Water,R2,5,7.5mM,D0,D14,0,14,14,07.11.25,43.722,,
Water_R2_6_7.5mM_D0_D14,Water,R2,6,7.5mM,D0,D14,0,14,14,07.11.25,44.218,,
Water_R2_7_7.5mM_D0_D14,Water,R2,7,7.5mM,D0,D14,0,14,14,07.11.25,35.032,,
Water_R2_8_7.5mM_D0_D14,Water,R2,8,7.5mM,D0,D14,0,14,14,07.11.25,44.039,,
Water_R2_9_7.5mM_D0_D14,Water,R2,9,7.5mM,D0,D14,0,14,14,07.11.25,40.778,,
Water_R2_10_7.5mM_D0_D14,Water,R2,10,7.5mM,D0,D14,0,14,14,07.11.25,42.625,,
Water_R2_11_7.5mM_D0_D14,Water,R2,11,7.5mM,D0,D14,0,14,14,07.11.25,16.504,,
Water_R2_12_7.5mM_D0_D14,Water,R2,12,7.5mM,D0,D14,0,14,14,07.11.25,42.08,,
3OMG_R2_1_7.5mM_D0_D14,3OMG,R1,1,7.5mM,D0,D14,0,14,14,07.11.25,36.399,,
3OMG_R2_2_7.5mM_D0_D14,3OMG,R1,2,7.5mM,D0,D14,0,14,14,07.11.25,37.202,,
3OMG_R2_3_7.5mM_D0_D14,3OMG,R1,3,7.5mM,D0,D14,0,14,14,07.11.25,37.455,,
3OMG_R2_4_7.5mM_D0_D14,3OMG,R1,4,7.5mM,D0,D14,0,14,14,07.11.25,23.089,,
3OMG_R2_5_7.5mM_D0_D14,3OMG,R1,5,7.5mM,D0,D14,0,14,14,07.11.25,10.322,,No growth
3OMG_R2_6_7.5mM_D0_D14,3OMG,R1,6,7.5mM,D0,D14,0,14,14,07.11.25,36.608,,
3OMG_R2_7_7.5mM_D0_D14,3OMG,R1,7,7.5mM,D0,D14,0,14,14,07.11.25,40.055,,
3OMG_R2_8_7.5mM_D0_D14,3OMG,R1,8,7.5mM,D0,D14,0,14,14,07.11.25,40.956,,
3OMG_R2_9_7.5mM_D0_D14,3OMG,R1,9,7.5mM,D0,D14,0,14,14,07.11.25,36.74,,
3OMG_R2_10_7.5mM_D0_D14,3OMG,R1,10,7.5mM,D0,D14,0,14,14,07.11.25,36.732,,
3OMG_R2_11_7.5mM_D0_D14,3OMG,R1,11,7.5mM,D0,D14,0,14,14,07.11.25,34.195,,
3OMG_R2_12_7.5mM_D0_D14,3OMG,R1,12,7.5mM,D0,D14,0,14,14,07.11.25,38.414,,
3OMG_R2_1_7.5mM_D0_D14,3OMG,R2,1,7.5mM,D0,D14,0,14,14,07.11.25,36.09,,
3OMG_R2_2_7.5mM_D0_D14,3OMG,R2,2,7.5mM,D0,D14,0,14,14,07.11.25,35.939,,
3OMG_R2_3_7.5mM_D0_D14,3OMG,R2,3,7.5mM,D0,D14,0,14,14,07.11.25,37.595,,
3OMG_R2_4_7.5mM_D0_D14,3OMG,R2,4,7.5mM,D0,D14,0,14,14,07.11.25,39.071,,
3OMG_R2_5_7.5mM_D0_D14,3OMG,R2,5,7.5mM,D0,D14,0,14,14,07.11.25,36.115,,
3OMG_R2_6_7.5mM_D0_D14,3OMG,R2,6,7.5mM,D0,D14,0,14,14,07.11.25,20.647,,
3OMG_R2_7_7.5mM_D0_D14,3OMG,R2,7,7.5mM,D0,D14,0,14,14,07.11.25,33.522,,
3OMG_R2_8_7.5mM_D0_D14,3OMG,R2,8,7.5mM,D0,D14,0,14,14,07.11.25,41.578,,
3OMG_R2_9_7.5mM_D0_D14,3OMG,R2,9,7.5mM,D0,D14,0,14,14,07.11.25,35.894,,
3OMG_R2_10_7.5mM_D0_D14,3OMG,R2,10,7.5mM,D0,D14,0,14,14,07.11.25,38.11,,
3OMG_R2_11_7.5mM_D0_D14,3OMG,R2,11,7.5mM,D0,D14,0,14,14,07.11.25,31.006,,
3OMG_R2_12_7.5mM_D0_D14,3OMG,R2,12,7.5mM,D0,D14,0,14,14,07.11.25,30.863,,
3OMG_R2_1_15mM_D0_D14,3OMG,R1,1,15mM,D0,D14,0,14,14,07.11.25,31.775,,
3OMG_R2_2_15mM_D0_D14,3OMG,R1,2,15mM,D0,D14,0,14,14,07.11.25,36.058,,
3OMG_R2_3_15mM_D0_D14,3OMG,R1,3,15mM,D0,D14,0,14,14,07.11.25,29.634,,
3OMG_R2_4_15mM_D0_D14,3OMG,R1,4,15mM,D0,D14,0,14,14,07.11.25,28.288,,
3OMG_R2_5_15mM_D0_D14,3OMG,R1,5,15mM,D0,D14,0,14,14,07.11.25,34.03,,
3OMG_R2_6_15mM_D0_D14,3OMG,R1,6,15mM,D0,D14,0,14,14,07.11.25,31.462,,
3OMG_R2_7_15mM_D0_D14,3OMG,R1,7,15mM,D0,D14,0,14,14,07.11.25,31.781,,
3OMG_R2_8_15mM_D0_D14,3OMG,R1,8,15mM,D0,D14,0,14,14,07.11.25,34.895,,
3OMG_R2_9_15mM_D0_D14,3OMG,R1,9,15mM,D0,D14,0,14,14,07.11.25,33.328,,
3OMG_R2_10_15mM_D0_D14,3OMG,R1,10,15mM,D0,D14,0,14,14,07.11.25,33.961,,
3OMG_R2_11_15mM_D0_D14,3OMG,R1,11,15mM,D0,D14,0,14,14,07.11.25,31.037,,
3OMG_R2_12_15mM_D0_D14,3OMG,R1,12,15mM,D0,D14,0,14,14,07.11.25,27.676,,
3OMG_R2_1_15mM_D0_D14,3OMG,R2,1,15mM,D0,D14,0,14,14,07.11.25,31.506,,
3OMG_R2_2_15mM_D0_D14,3OMG,R2,2,15mM,D0,D14,0,14,14,07.11.25,34.889,,
3OMG_R2_3_15mM_D0_D14,3OMG,R2,3,15mM,D0,D14,0,14,14,07.11.25,31.692,,
3OMG_R2_4_15mM_D0_D14,3OMG,R2,4,15mM,D0,D14,0,14,14,07.11.25,34.806,,
3OMG_R2_5_15mM_D0_D14,3OMG,R2,5,15mM,D0,D14,0,14,14,07.11.25,31.778,,
3OMG_R2_6_15mM_D0_D14,3OMG,R2,6,15mM,D0,D14,0,14,14,07.11.25,26.831,,
3OMG_R2_7_15mM_D0_D14,3OMG,R2,7,15mM,D0,D14,0,14,14,07.11.25,29.066,,
3OMG_R2_8_15mM_D0_D14,3OMG,R2,8,15mM,D0,D14,0,14,14,07.11.25,34.19,,
3OMG_R2_9_15mM_D0_D14,3OMG,R2,9,15mM,D0,D14,0,14,14,07.11.25,32.791,,
3OMG_R2_10_15mM_D0_D14,3OMG,R2,10,15mM,D0,D14,0,14,14,07.11.25,32.258,,
3OMG_R2_11_15mM_D0_D14,3OMG,R2,11,15mM,D0,D14,0,14,14,07.11.25,31.968,,
3OMG_R2_12_15mM_D0_D14,3OMG,R2,12,15mM,D0,D14,0,14,14,07.11.25,30.53,,
Water_R2_1_7.5mM_D0_D17,Water,R1,1,7.5mM,D0,D17,0,17,17,10.11.25,40.171,,
Water_R2_2_7.5mM_D0_D17,Water,R1,2,7.5mM,D0,D17,0,17,17,10.11.25,46.553,,
Water_R2_3_7.5mM_D0_D17,Water,R1,3,7.5mM,D0,D17,0,17,17,10.11.25,46.807,,
Water_R2_4_7.5mM_D0_D17,Water,R1,4,7.5mM,D0,D17,0,17,17,10.11.25,52.328,,
Water_R2_5_7.5mM_D0_D17,Water,R1,5,7.5mM,D0,D17,0,17,17,10.11.25,48.671,,
Water_R2_6_7.5mM_D0_D17,Water,R1,6,7.5mM,D0,D17,0,17,17,10.11.25,52.799,,
Water_R2_7_7.5mM_D0_D17,Water,R1,7,7.5mM,D0,D17,0,17,17,10.11.25,50.505,,
Water_R2_8_7.5mM_D0_D17,Water,R1,8,7.5mM,D0,D17,0,17,17,10.11.25,42.087,,
Water_R2_9_7.5mM_D0_D17,Water,R1,9,7.5mM,D0,D17,0,17,17,10.11.25,54.869,,
Water_R2_10_7.5mM_D0_D17,Water,R1,10,7.5mM,D0,D17,0,17,17,10.11.25,49.194,,
Water_R2_11_7.5mM_D0_D17,Water,R1,11,7.5mM,D0,D17,0,17,17,10.11.25,42.841,,
Water_R2_12_7.5mM_D0_D17,Water,R1,12,7.5mM,D0,D17,0,17,17,10.11.25,52.929,,
Water_R2_1_7.5mM_D0_D17,Water,R2,1,7.5mM,D0,D17,0,17,17,10.11.25,45.036,,
Water_R2_2_7.5mM_D0_D17,Water,R2,2,7.5mM,D0,D17,0,17,17,10.11.25,55.32,,
Water_R2_3_7.5mM_D0_D17,Water,R2,3,7.5mM,D0,D17,0,17,17,10.11.25,51.068,,
Water_R2_4_7.5mM_D0_D17,Water,R2,4,7.5mM,D0,D17,0,17,17,10.11.25,48.4,,
Water_R2_5_7.5mM_D0_D17,Water,R2,5,7.5mM,D0,D17,0,17,17,10.11.25,53.366,,
Water_R2_6_7.5mM_D0_D17,Water,R2,6,7.5mM,D0,D17,0,17,17,10.11.25,54.035,,
Water_R2_7_7.5mM_D0_D17,Water,R2,7,7.5mM,D0,D17,0,17,17,10.11.25,39.611,,
Water_R2_8_7.5mM_D0_D17,Water,R2,8,7.5mM,D0,D17,0,17,17,10.11.25,51.367,,
Water_R2_9_7.5mM_D0_D17,Water,R2,9,7.5mM,D0,D17,0,17,17,10.11.25,48.789,,
Water_R2_10_7.5mM_D0_D17,Water,R2,10,7.5mM,D0,D17,0,17,17,10.11.25,49.728,,
Water_R2_11_7.5mM_D0_D17,Water,R2,11,7.5mM,D0,D17,0,17,17,10.11.25,20.553,,
Water_R2_12_7.5mM_D0_D17,Water,R2,12,7.5mM,D0,D17,0,17,17,10.11.25,49.494,,
3OMG_R2_1_7.5mM_D0_D17,3OMG,R1,1,7.5mM,D0,D17,0,17,17,10.11.25,43.608,,
3OMG_R2_2_7.5mM_D0_D17,3OMG,R1,2,7.5mM,D0,D17,0,17,17,10.11.25,43.282,,
3OMG_R2_3_7.5mM_D0_D17,3OMG,R1,3,7.5mM,D0,D17,0,17,17,10.11.25,43.33,,
3OMG_R2_4_7.5mM_D0_D17,3OMG,R1,4,7.5mM,D0,D17,0,17,17,10.11.25,25.298,,
3OMG_R2_5_7.5mM_D0_D17,3OMG,R1,5,7.5mM,D0,D17,0,17,17,10.11.25,22.572,,No growth
3OMG_R2_6_7.5mM_D0_D17,3OMG,R1,6,7.5mM,D0,D17,0,17,17,10.11.25,37.331,,
3OMG_R2_7_7.5mM_D0_D17,3OMG,R1,7,7.5mM,D0,D17,0,17,17,10.11.25,42.019,,
3OMG_R2_8_7.5mM_D0_D17,3OMG,R1,8,7.5mM,D0,D17,0,17,17,10.11.25,44.991,,
3OMG_R2_9_7.5mM_D0_D17,3OMG,R1,9,7.5mM,D0,D17,0,17,17,10.11.25,41.395,,
3OMG_R2_10_7.5mM_D0_D17,3OMG,R1,10,7.5mM,D0,D17,0,17,17,10.11.25,39.133,,
3OMG_R2_11_7.5mM_D0_D17,3OMG,R1,11,7.5mM,D0,D17,0,17,17,10.11.25,37.939,,
3OMG_R2_12_7.5mM_D0_D17,3OMG,R1,12,7.5mM,D0,D17,0,17,17,10.11.25,42.537,,
3OMG_R2_1_7.5mM_D0_D17,3OMG,R2,1,7.5mM,D0,D17,0,17,17,10.11.25,41.039,,
3OMG_R2_2_7.5mM_D0_D17,3OMG,R2,2,7.5mM,D0,D17,0,17,17,10.11.25,41.829,,
3OMG_R2_3_7.5mM_D0_D17,3OMG,R2,3,7.5mM,D0,D17,0,17,17,10.11.25,41.642,,
3OMG_R2_4_7.5mM_D0_D17,3OMG,R2,4,7.5mM,D0,D17,0,17,17,10.11.25,44.488,,
3OMG_R2_5_7.5mM_D0_D17,3OMG,R2,5,7.5mM,D0,D17,0,17,17,10.11.25,40.237,,
3OMG_R2_6_7.5mM_D0_D17,3OMG,R2,6,7.5mM,D0,D17,0,17,17,10.11.25,27.249,,
3OMG_R2_7_7.5mM_D0_D17,3OMG,R2,7,7.5mM,D0,D17,0,17,17,10.11.25,39.025,,
3OMG_R2_8_7.5mM_D0_D17,3OMG,R2,8,7.5mM,D0,D17,0,17,17,10.11.25,48.523,,
3OMG_R2_9_7.5mM_D0_D17,3OMG,R2,9,7.5mM,D0,D17,0,17,17,10.11.25,44.382,,
3OMG_R2_10_7.5mM_D0_D17,3OMG,R2,10,7.5mM,D0,D17,0,17,17,10.11.25,44.686,,
3OMG_R2_11_7.5mM_D0_D17,3OMG,R2,11,7.5mM,D0,D17,0,17,17,10.11.25,36.181,,
3OMG_R2_12_7.5mM_D0_D17,3OMG,R2,12,7.5mM,D0,D17,0,17,17,10.11.25,34.428,,
3OMG_R2_1_15mM_D0_D17,3OMG,R1,1,15mM,D0,D17,0,17,17,10.11.25,36.759,,
3OMG_R2_2_15mM_D0_D17,3OMG,R1,2,15mM,D0,D17,0,17,17,10.11.25,39.675,,
3OMG_R2_3_15mM_D0_D17,3OMG,R1,3,15mM,D0,D17,0,17,17,10.11.25,34.006,,
3OMG_R2_4_15mM_D0_D17,3OMG,R1,4,15mM,D0,D17,0,17,17,10.11.25,30.387,,
3OMG_R2_5_15mM_D0_D17,3OMG,R1,5,15mM,D0,D17,0,17,17,10.11.25,35.197,,
3OMG_R2_6_15mM_D0_D17,3OMG,R1,6,15mM,D0,D17,0,17,17,10.11.25,31.525,,
3OMG_R2_7_15mM_D0_D17,3OMG,R1,7,15mM,D0,D17,0,17,17,10.11.25,28.645,,
3OMG_R2_8_15mM_D0_D17,3OMG,R1,8,15mM,D0,D17,0,17,17,10.11.25,40.434,,
3OMG_R2_9_15mM_D0_D17,3OMG,R1,9,15mM,D0,D17,0,17,17,10.11.25,40.372,,
3OMG_R2_10_15mM_D0_D17,3OMG,R1,10,15mM,D0,D17,0,17,17,10.11.25,38.863,,
3OMG_R2_11_15mM_D0_D17,3OMG,R1,11,15mM,D0,D17,0,17,17,10.11.25,33.086,,
3OMG_R2_12_15mM_D0_D17,3OMG,R1,12,15mM,D0,D17,0,17,17,10.11.25,28.72,,
3OMG_R2_1_15mM_D0_D17,3OMG,R2,1,15mM,D0,D17,0,17,17,10.11.25,35.086,,
3OMG_R2_2_15mM_D0_D17,3OMG,R2,2,15mM,D0,D17,0,17,17,10.11.25,40.482,,
3OMG_R2_3_15mM_D0_D17,3OMG,R2,3,15mM,D0,D17,0,17,17,10.11.25,36.1,,
3OMG_R2_4_15mM_D0_D17,3OMG,R2,4,15mM,D0,D17,0,17,17,10.11.25,39.977,,
3OMG_R2_5_15mM_D0_D17,3OMG,R2,5,15mM,D0,D17,0,17,17,10.11.25,38.384,,
3OMG_R2_6_15mM_D0_D17,3OMG,R2,6,15mM,D0,D17,0,17,17,10.11.25,27.217,,
3OMG_R2_7_15mM_D0_D17,3OMG,R2,7,15mM,D0,D17,0,17,17,10.11.25,33.694,,
3OMG_R2_8_15mM_D0_D17,3OMG,R2,8,15mM,D0,D17,0,17,17,10.11.25,38.369,,
3OMG_R2_9_15mM_D0_D17,3OMG,R2,9,15mM,D0,D17,0,17,17,10.11.25,37.963,,
3OMG_R2_10_15mM_D0_D17,3OMG,R2,10,15mM,D0,D17,0,17,17,10.11.25,37.539,,
3OMG_R2_11_15mM_D0_D17,3OMG,R2,11,15mM,D0,D17,0,17,17,10.11.25,33.145,,
3OMG_R2_12_15mM_D0_D17,3OMG,R2,12,15mM,D0,D17,0,17,17,10.11.25,36.391,,
Water_R2_1_7.5mM_D0_D18,Water,R1,1,7.5mM,D0,D18,0,18,18,11.11.25,44.181,,
Water_R2_2_7.5mM_D0_D18,Water,R1,2,7.5mM,D0,D18,0,18,18,11.11.25,51.142,,
Water_R2_3_7.5mM_D0_D18,Water,R1,3,7.5mM,D0,D18,0,18,18,11.11.25,53.253,,
Water_R2_4_7.5mM_D0_D18,Water,R1,4,7.5mM,D0,D18,0,18,18,11.11.25,56.078,,
Water_R2_5_7.5mM_D0_D18,Water,R1,5,7.5mM,D0,D18,0,18,18,11.11.25,53.62,,
Water_R2_6_7.5mM_D0_D18,Water,R1,6,7.5mM,D0,D18,0,18,18,11.11.25,59.129,,
Water_R2_7_7.5mM_D0_D18,Water,R1,7,7.5mM,D0,D18,0,18,18,11.11.25,55.271,,
Water_R2_8_7.5mM_D0_D18,Water,R1,8,7.5mM,D0,D18,0,18,18,11.11.25,44.77,,
Water_R2_9_7.5mM_D0_D18,Water,R1,9,7.5mM,D0,D18,0,18,18,11.11.25,58.777,,
Water_R2_10_7.5mM_D0_D18,Water,R1,10,7.5mM,D0,D18,0,18,18,11.11.25,55.653,,
Water_R2_11_7.5mM_D0_D18,Water,R1,11,7.5mM,D0,D18,0,18,18,11.11.25,59.551,,
Water_R2_12_7.5mM_D0_D18,Water,R1,12,7.5mM,D0,D18,0,18,18,11.11.25,47.598,,
Water_R2_1_7.5mM_D0_D18,Water,R2,1,7.5mM,D0,D18,0,18,18,11.11.25,48.273,,
Water_R2_2_7.5mM_D0_D18,Water,R2,2,7.5mM,D0,D18,0,18,18,11.11.25,61.115,,
Water_R2_3_7.5mM_D0_D18,Water,R2,3,7.5mM,D0,D18,0,18,18,11.11.25,55.883,,
Water_R2_4_7.5mM_D0_D18,Water,R2,4,7.5mM,D0,D18,0,18,18,11.11.25,52.936,,
Water_R2_5_7.5mM_D0_D18,Water,R2,5,7.5mM,D0,D18,0,18,18,11.11.25,58.023,,
Water_R2_6_7.5mM_D0_D18,Water,R2,6,7.5mM,D0,D18,0,18,18,11.11.25,59.527,,
Water_R2_7_7.5mM_D0_D18,Water,R2,7,7.5mM,D0,D18,0,18,18,11.11.25,43.621,,
Water_R2_8_7.5mM_D0_D18,Water,R2,8,7.5mM,D0,D18,0,18,18,11.11.25,57.221,,
Water_R2_9_7.5mM_D0_D18,Water,R2,9,7.5mM,D0,D18,0,18,18,11.11.25,53.073,,
Water_R2_10_7.5mM_D0_D18,Water,R2,10,7.5mM,D0,D18,0,18,18,11.11.25,52.709,,
Water_R2_11_7.5mM_D0_D18,Water,R2,11,7.5mM,D0,D18,0,18,18,11.11.25,25.357,,
Water_R2_12_7.5mM_D0_D18,Water,R2,12,7.5mM,D0,D18,0,18,18,11.11.25,52.134,,
3OMG_R2_1_7.5mM_D0_D18,3OMG,R1,1,7.5mM,D0,D18,0,18,18,11.11.25,47.32,,
3OMG_R2_2_7.5mM_D0_D18,3OMG,R1,2,7.5mM,D0,D18,0,18,18,11.11.25,48.984,,
3OMG_R2_3_7.5mM_D0_D18,3OMG,R1,3,7.5mM,D0,D18,0,18,18,11.11.25,45.618,,
3OMG_R2_4_7.5mM_D0_D18,3OMG,R1,4,7.5mM,D0,D18,0,18,18,11.11.25,26.205,,
3OMG_R2_5_7.5mM_D0_D18,3OMG,R1,5,7.5mM,D0,D18,0,18,18,11.11.25,34.596,,No growth
3OMG_R2_6_7.5mM_D0_D18,3OMG,R1,6,7.5mM,D0,D18,0,18,18,11.11.25,41.906,,
3OMG_R2_7_7.5mM_D0_D18,3OMG,R1,7,7.5mM,D0,D18,0,18,18,11.11.25,46.561,,
3OMG_R2_8_7.5mM_D0_D18,3OMG,R1,8,7.5mM,D0,D18,0,18,18,11.11.25,48.169,,
3OMG_R2_9_7.5mM_D0_D18,3OMG,R1,9,7.5mM,D0,D18,0,18,18,11.11.25,44.812,,
3OMG_R2_10_7.5mM_D0_D18,3OMG,R1,10,7.5mM,D0,D18,0,18,18,11.11.25,47.081,,
3OMG_R2_11_7.5mM_D0_D18,3OMG,R1,11,7.5mM,D0,D18,0,18,18,11.11.25,39.039,,
3OMG_R2_12_7.5mM_D0_D18,3OMG,R1,12,7.5mM,D0,D18,0,18,18,11.11.25,47.76,,
3OMG_R2_1_7.5mM_D0_D18,3OMG,R2,1,7.5mM,D0,D18,0,18,18,11.11.25,44.962,,
3OMG_R2_2_7.5mM_D0_D18,3OMG,R2,2,7.5mM,D0,D18,0,18,18,11.11.25,44.009,,
3OMG_R2_3_7.5mM_D0_D18,3OMG,R2,3,7.5mM,D0,D18,0,18,18,11.11.25,46.28,,
3OMG_R2_4_7.5mM_D0_D18,3OMG,R2,4,7.5mM,D0,D18,0,18,18,11.11.25,48.895,,
3OMG_R2_5_7.5mM_D0_D18,3OMG,R2,5,7.5mM,D0,D18,0,18,18,11.11.25,43.773,,
3OMG_R2_6_7.5mM_D0_D18,3OMG,R2,6,7.5mM,D0,D18,0,18,18,11.11.25,31.766,,
3OMG_R2_7_7.5mM_D0_D18,3OMG,R2,7,7.5mM,D0,D18,0,18,18,11.11.25,42.639,,
3OMG_R2_8_7.5mM_D0_D18,3OMG,R2,8,7.5mM,D0,D18,0,18,18,11.11.25,50.772,,
3OMG_R2_9_7.5mM_D0_D18,3OMG,R2,9,7.5mM,D0,D18,0,18,18,11.11.25,46.25,,
3OMG_R2_10_7.5mM_D0_D18,3OMG,R2,10,7.5mM,D0,D18,0,18,18,11.11.25,48.476,,
3OMG_R2_11_7.5mM_D0_D18,3OMG,R2,11,7.5mM,D0,D18,0,18,18,11.11.25,39.045,,
3OMG_R2_12_7.5mM_D0_D18,3OMG,R2,12,7.5mM,D0,D18,0,18,18,11.11.25,41.538,,
3OMG_R2_1_15mM_D0_D18,3OMG,R1,1,15mM,D0,D18,0,18,18,11.11.25,38.602,,
3OMG_R2_2_15mM_D0_D18,3OMG,R1,2,15mM,D0,D18,0,18,18,11.11.25,42.872,,
3OMG_R2_3_15mM_D0_D18,3OMG,R1,3,15mM,D0,D18,0,18,18,11.11.25,36.829,,
3OMG_R2_4_15mM_D0_D18,3OMG,R1,4,15mM,D0,D18,0,18,18,11.11.25,34.017,,
3OMG_R2_5_15mM_D0_D18,3OMG,R1,5,15mM,D0,D18,0,18,18,11.11.25,42.523,,
3OMG_R2_6_15mM_D0_D18,3OMG,R1,6,15mM,D0,D18,0,18,18,11.11.25,39.063,,
3OMG_R2_7_15mM_D0_D18,3OMG,R1,7,15mM,D0,D18,0,18,18,11.11.25,34.808,,
3OMG_R2_8_15mM_D0_D18,3OMG,R1,8,15mM,D0,D18,0,18,18,11.11.25,45.42,,
3OMG_R2_9_15mM_D0_D18,3OMG,R1,9,15mM,D0,D18,0,18,18,11.11.25,44.704,,
3OMG_R2_10_15mM_D0_D18,3OMG,R1,10,15mM,D0,D18,0,18,18,11.11.25,40.259,,
3OMG_R2_11_15mM_D0_D18,3OMG,R1,11,15mM,D0,D18,0,18,18,11.11.25,37.294,,
3OMG_R2_12_15mM_D0_D18,3OMG,R1,12,15mM,D0,D18,0,18,18,11.11.25,29.069,,
3OMG_R2_1_15mM_D0_D18,3OMG,R2,1,15mM,D0,D18,0,18,18,11.11.25,39.034,,
3OMG_R2_2_15mM_D0_D18,3OMG,R2,2,15mM,D0,D18,0,18,18,11.11.25,44.535,,
3OMG_R2_3_15mM_D0_D18,3OMG,R2,3,15mM,D0,D18,0,18,18,11.11.25,40.92,,
3OMG_R2_4_15mM_D0_D18,3OMG,R2,4,15mM,D0,D18,0,18,18,11.11.25,40.416,,
3OMG_R2_5_15mM_D0_D18,3OMG,R2,5,15mM,D0,D18,0,18,18,11.11.25,42.321,,
3OMG_R2_6_15mM_D0_D18,3OMG,R2,6,15mM,D0,D18,0,18,18,11.11.25,31.102,,
3OMG_R2_7_15mM_D0_D18,3OMG,R2,7,15mM,D0,D18,0,18,18,11.11.25,36.997,,
3OMG_R2_8_15mM_D0_D18,3OMG,R2,8,15mM,D0,D18,0,18,18,11.11.25,42.665,,
3OMG_R2_9_15mM_D0_D18,3OMG,R2,9,15mM,D0,D18,0,18,18,11.11.25,41.297,,
3OMG_R2_10_15mM_D0_D18,3OMG,R2,10,15mM,D0,D18,0,18,18,11.11.25,41.726,,
3OMG_R2_11_15mM_D0_D18,3OMG,R2,11,15mM,D0,D18,0,18,18,11.11.25,33.079,,
3OMG_R2_12_15mM_D0_D18,3OMG,R2,12,15mM,D0,D18,0,18,18,11.11.25,38.859,,
Water_R2_1_7.5mM_D0_D19,Water,R1,1,7.5mM,D0,D19,0,19,19,12.11.25,45.904,,
Water_R2_2_7.5mM_D0_D19,Water,R1,2,7.5mM,D0,D19,0,19,19,12.11.25,54.979,,
Water_R2_3_7.5mM_D0_D19,Water,R1,3,7.5mM,D0,D19,0,19,19,12.11.25,57.304,,
Water_R2_4_7.5mM_D0_D19,Water,R1,4,7.5mM,D0,D19,0,19,19,12.11.25,61.663,,
Water_R2_5_7.5mM_D0_D19,Water,R1,5,7.5mM,D0,D19,0,19,19,12.11.25,56.897,,
Water_R2_6_7.5mM_D0_D19,Water,R1,6,7.5mM,D0,D19,0,19,19,12.11.25,62.442,,
Water_R2_7_7.5mM_D0_D19,Water,R1,7,7.5mM,D0,D19,0,19,19,12.11.25,58.153,,
Water_R2_8_7.5mM_D0_D19,Water,R1,8,7.5mM,D0,D19,0,19,19,12.11.25,48.348,,
Water_R2_9_7.5mM_D0_D19,Water,R1,9,7.5mM,D0,D19,0,19,19,12.11.25,64.218,,
Water_R2_10_7.5mM_D0_D19,Water,R1,10,7.5mM,D0,D19,0,19,19,12.11.25,61.384,,
Water_R2_11_7.5mM_D0_D19,Water,R1,11,7.5mM,D0,D19,0,19,19,12.11.25,66.298,,
Water_R2_12_7.5mM_D0_D19,Water,R1,12,7.5mM,D0,D19,0,19,19,12.11.25,48.908,,
Water_R2_1_7.5mM_D0_D19,Water,R2,1,7.5mM,D0,D19,0,19,19,12.11.25,55.649,,
Water_R2_2_7.5mM_D0_D19,Water,R2,2,7.5mM,D0,D19,0,19,19,12.11.25,64.541,,
Water_R2_3_7.5mM_D0_D19,Water,R2,3,7.5mM,D0,D19,0,19,19,12.11.25,61.437,,
Water_R2_4_7.5mM_D0_D19,Water,R2,4,7.5mM,D0,D19,0,19,19,12.11.25,55.755,,
Water_R2_5_7.5mM_D0_D19,Water,R2,5,7.5mM,D0,D19,0,19,19,12.11.25,60.993,,
Water_R2_6_7.5mM_D0_D19,Water,R2,6,7.5mM,D0,D19,0,19,19,12.11.25,63.922,,
Water_R2_7_7.5mM_D0_D19,Water,R2,7,7.5mM,D0,D19,0,19,19,12.11.25,39.517,,
Water_R2_8_7.5mM_D0_D19,Water,R2,8,7.5mM,D0,D19,0,19,19,12.11.25,55.714,,
Water_R2_9_7.5mM_D0_D19,Water,R2,9,7.5mM,D0,D19,0,19,19,12.11.25,59.014,,
Water_R2_10_7.5mM_D0_D19,Water,R2,10,7.5mM,D0,D19,0,19,19,12.11.25,57.661,,
Water_R2_11_7.5mM_D0_D19,Water,R2,11,7.5mM,D0,D19,0,19,19,12.11.25,27.656,,
Water_R2_12_7.5mM_D0_D19,Water,R2,12,7.5mM,D0,D19,0,19,19,12.11.25,61.045,,
3OMG_R2_1_7.5mM_D0_D19,3OMG,R1,1,7.5mM,D0,D19,0,19,19,12.11.25,50.684,,
3OMG_R2_2_7.5mM_D0_D19,3OMG,R1,2,7.5mM,D0,D19,0,19,19,12.11.25,50.36,,
3OMG_R2_3_7.5mM_D0_D19,3OMG,R1,3,7.5mM,D0,D19,0,19,19,12.11.25,48.7,,
3OMG_R2_4_7.5mM_D0_D19,3OMG,R1,4,7.5mM,D0,D19,0,19,19,12.11.25,38.674,,
3OMG_R2_5_7.5mM_D0_D19,3OMG,R1,5,7.5mM,D0,D19,0,19,19,12.11.25,35.823,,No growth
3OMG_R2_6_7.5mM_D0_D19,3OMG,R1,6,7.5mM,D0,D19,0,19,19,12.11.25,45.239,,
3OMG_R2_7_7.5mM_D0_D19,3OMG,R1,7,7.5mM,D0,D19,0,19,19,12.11.25,46.659,,
3OMG_R2_8_7.5mM_D0_D19,3OMG,R1,8,7.5mM,D0,D19,0,19,19,12.11.25,50.81,,
3OMG_R2_9_7.5mM_D0_D19,3OMG,R1,9,7.5mM,D0,D19,0,19,19,12.11.25,47.807,,
3OMG_R2_10_7.5mM_D0_D19,3OMG,R1,10,7.5mM,D0,D19,0,19,19,12.11.25,50.164,,
3OMG_R2_11_7.5mM_D0_D19,3OMG,R1,11,7.5mM,D0,D19,0,19,19,12.11.25,40.431,,
3OMG_R2_12_7.5mM_D0_D19,3OMG,R1,12,7.5mM,D0,D19,0,19,19,12.11.25,50.26,,
3OMG_R2_1_7.5mM_D0_D19,3OMG,R2,1,7.5mM,D0,D19,0,19,19,12.11.25,47.192,,
3OMG_R2_2_7.5mM_D0_D19,3OMG,R2,2,7.5mM,D0,D19,0,19,19,12.11.25,47.654,,
3OMG_R2_3_7.5mM_D0_D19,3OMG,R2,3,7.5mM,D0,D19,0,19,19,12.11.25,48.864,,
3OMG_R2_4_7.5mM_D0_D19,3OMG,R2,4,7.5mM,D0,D19,0,19,19,12.11.25,51.493,,
3OMG_R2_5_7.5mM_D0_D19,3OMG,R2,5,7.5mM,D0,D19,0,19,19,12.11.25,45.722,,
3OMG_R2_6_7.5mM_D0_D19,3OMG,R2,6,7.5mM,D0,D19,0,19,19,12.11.25,34.316,,
3OMG_R2_7_7.5mM_D0_D19,3OMG,R2,7,7.5mM,D0,D19,0,19,19,12.11.25,46.197,,
3OMG_R2_8_7.5mM_D0_D19,3OMG,R2,8,7.5mM,D0,D19,0,19,19,12.11.25,53.69,,
3OMG_R2_9_7.5mM_D0_D19,3OMG,R2,9,7.5mM,D0,D19,0,19,19,12.11.25,48.677,,
3OMG_R2_10_7.5mM_D0_D19,3OMG,R2,10,7.5mM,D0,D19,0,19,19,12.11.25,50.844,,
3OMG_R2_11_7.5mM_D0_D19,3OMG,R2,11,7.5mM,D0,D19,0,19,19,12.11.25,42.825,,
3OMG_R2_12_7.5mM_D0_D19,3OMG,R2,12,7.5mM,D0,D19,0,19,19,12.11.25,47.509,,
3OMG_R2_1_15mM_D0_D19,3OMG,R1,1,15mM,D0,D19,0,19,19,12.11.25,41.148,,
3OMG_R2_2_15mM_D0_D19,3OMG,R1,2,15mM,D0,D19,0,19,19,12.11.25,45.43,,
3OMG_R2_3_15mM_D0_D19,3OMG,R1,3,15mM,D0,D19,0,19,19,12.11.25,39.794,,
3OMG_R2_4_15mM_D0_D19,3OMG,R1,4,15mM,D0,D19,0,19,19,12.11.25,35.176,,
3OMG_R2_5_15mM_D0_D19,3OMG,R1,5,15mM,D0,D19,0,19,19,12.11.25,40.8,,
3OMG_R2_6_15mM_D0_D19,3OMG,R1,6,15mM,D0,D19,0,19,19,12.11.25,46.602,,
3OMG_R2_7_15mM_D0_D19,3OMG,R1,7,15mM,D0,D19,0,19,19,12.11.25,35.504,,
3OMG_R2_8_15mM_D0_D19,3OMG,R1,8,15mM,D0,D19,0,19,19,12.11.25,48.116,,
3OMG_R2_9_15mM_D0_D19,3OMG,R1,9,15mM,D0,D19,0,19,19,12.11.25,42.022,,
3OMG_R2_10_15mM_D0_D19,3OMG,R1,10,15mM,D0,D19,0,19,19,12.11.25,41.565,,
3OMG_R2_11_15mM_D0_D19,3OMG,R1,11,15mM,D0,D19,0,19,19,12.11.25,39.553,,
3OMG_R2_12_15mM_D0_D19,3OMG,R1,12,15mM,D0,D19,0,19,19,12.11.25,29.11,,
3OMG_R2_1_15mM_D0_D19,3OMG,R2,1,15mM,D0,D19,0,19,19,12.11.25,40.749,,
3OMG_R2_2_15mM_D0_D19,3OMG,R2,2,15mM,D0,D19,0,19,19,12.11.25,47.138,,
3OMG_R2_3_15mM_D0_D19,3OMG,R2,3,15mM,D0,D19,0,19,19,12.11.25,43.837,,
3OMG_R2_4_15mM_D0_D19,3OMG,R2,4,15mM,D0,D19,0,19,19,12.11.25,42.9,,
3OMG_R2_5_15mM_D0_D19,3OMG,R2,5,15mM,D0,D19,0,19,19,12.11.25,43.798,,
3OMG_R2_6_15mM_D0_D19,3OMG,R2,6,15mM,D0,D19,0,19,19,12.11.25,33.927,,
3OMG_R2_7_15mM_D0_D19,3OMG,R2,7,15mM,D0,D19,0,19,19,12.11.25,39.883,,
3OMG_R2_8_15mM_D0_D19,3OMG,R2,8,15mM,D0,D19,0,19,19,12.11.25,44.189,,
3OMG_R2_9_15mM_D0_D19,3OMG,R2,9,15mM,D0,D19,0,19,19,12.11.25,45.062,,
3OMG_R2_10_15mM_D0_D19,3OMG,R2,10,15mM,D0,D19,0,19,19,12.11.25,43.751,,
3OMG_R2_11_15mM_D0_D19,3OMG,R2,11,15mM,D0,D19,0,19,19,12.11.25,32.113,,
3OMG_R2_12_15mM_D0_D19,3OMG,R2,12,15mM,D0,D19,0,19,19,12.11.25,42.594,,
Water_R2_1_7.5mM_D0_D20,Water,R1,1,7.5mM,D0,D20,0,20,20,13.11.25,50.029,,
Water_R2_2_7.5mM_D0_D20,Water,R1,2,7.5mM,D0,D20,0,20,20,13.11.25,58.573,,
Water_R2_3_7.5mM_D0_D20,Water,R1,3,7.5mM,D0,D20,0,20,20,13.11.25,60.689,,
Water_R2_4_7.5mM_D0_D20,Water,R1,4,7.5mM,D0,D20,0,20,20,13.11.25,64.329,,
Water_R2_5_7.5mM_D0_D20,Water,R1,5,7.5mM,D0,D20,0,20,20,13.11.25,60.034,,
Water_R2_6_7.5mM_D0_D20,Water,R1,6,7.5mM,D0,D20,0,20,20,13.11.25,66.117,,
Water_R2_7_7.5mM_D0_D20,Water,R1,7,7.5mM,D0,D20,0,20,20,13.11.25,60.307,,
Water_R2_8_7.5mM_D0_D20,Water,R1,8,7.5mM,D0,D20,0,20,20,13.11.25,52.214,,
Water_R2_9_7.5mM_D0_D20,Water,R1,9,7.5mM,D0,D20,0,20,20,13.11.25,68.057,,
Water_R2_10_7.5mM_D0_D20,Water,R1,10,7.5mM,D0,D20,0,20,20,13.11.25,65.357,,
Water_R2_11_7.5mM_D0_D20,Water,R1,11,7.5mM,D0,D20,0,20,20,13.11.25,55.54,,
Water_R2_12_7.5mM_D0_D20,Water,R1,12,7.5mM,D0,D20,0,20,20,13.11.25,64.479,,
Water_R2_1_7.5mM_D0_D20,Water,R2,1,7.5mM,D0,D20,0,20,20,13.11.25,60.764,,
Water_R2_2_7.5mM_D0_D20,Water,R2,2,7.5mM,D0,D20,0,20,20,13.11.25,68.142,,
Water_R2_3_7.5mM_D0_D20,Water,R2,3,7.5mM,D0,D20,0,20,20,13.11.25,64.12,,
Water_R2_4_7.5mM_D0_D20,Water,R2,4,7.5mM,D0,D20,0,20,20,13.11.25,55.403,,
Water_R2_5_7.5mM_D0_D20,Water,R2,5,7.5mM,D0,D20,0,20,20,13.11.25,63.384,,
Water_R2_6_7.5mM_D0_D20,Water,R2,6,7.5mM,D0,D20,0,20,20,13.11.25,67.643,,
Water_R2_7_7.5mM_D0_D20,Water,R2,7,7.5mM,D0,D20,0,20,20,13.11.25,44.169,,
Water_R2_8_7.5mM_D0_D20,Water,R2,8,7.5mM,D0,D20,0,20,20,13.11.25,38.012,,
Water_R2_9_7.5mM_D0_D20,Water,R2,9,7.5mM,D0,D20,0,20,20,13.11.25,68.189,,
Water_R2_10_7.5mM_D0_D20,Water,R2,10,7.5mM,D0,D20,0,20,20,13.11.25,59.914,,
Water_R2_11_7.5mM_D0_D20,Water,R2,11,7.5mM,D0,D20,0,20,20,13.11.25,25.911,,
Water_R2_12_7.5mM_D0_D20,Water,R2,12,7.5mM,D0,D20,0,20,20,13.11.25,63.466,,
3OMG_R2_1_7.5mM_D0_D20,3OMG,R1,1,7.5mM,D0,D20,0,20,20,13.11.25,52.403,,
3OMG_R2_2_7.5mM_D0_D20,3OMG,R1,2,7.5mM,D0,D20,0,20,20,13.11.25,53.124,,
3OMG_R2_3_7.5mM_D0_D20,3OMG,R1,3,7.5mM,D0,D20,0,20,20,13.11.25,51.178,,
3OMG_R2_4_7.5mM_D0_D20,3OMG,R1,4,7.5mM,D0,D20,0,20,20,13.11.25,36.97,,
3OMG_R2_5_7.5mM_D0_D20,3OMG,R1,5,7.5mM,D0,D20,0,20,20,13.11.25,40.938,,No growth
3OMG_R2_6_7.5mM_D0_D20,3OMG,R1,6,7.5mM,D0,D20,0,20,20,13.11.25,47.462,,
3OMG_R2_7_7.5mM_D0_D20,3OMG,R1,7,7.5mM,D0,D20,0,20,20,13.11.25,34.372,,
3OMG_R2_8_7.5mM_D0_D20,3OMG,R1,8,7.5mM,D0,D20,0,20,20,13.11.25,54.394,,
3OMG_R2_9_7.5mM_D0_D20,3OMG,R1,9,7.5mM,D0,D20,0,20,20,13.11.25,52.574,,
3OMG_R2_10_7.5mM_D0_D20,3OMG,R1,10,7.5mM,D0,D20,0,20,20,13.11.25,51.053,,
3OMG_R2_11_7.5mM_D0_D20,3OMG,R1,11,7.5mM,D0,D20,0,20,20,13.11.25,44.391,,
3OMG_R2_12_7.5mM_D0_D20,3OMG,R1,12,7.5mM,D0,D20,0,20,20,13.11.25,52.668,,
3OMG_R2_1_7.5mM_D0_D20,3OMG,R2,1,7.5mM,D0,D20,0,20,20,13.11.25,50.65,,
3OMG_R2_2_7.5mM_D0_D20,3OMG,R2,2,7.5mM,D0,D20,0,20,20,13.11.25,51.013,,
3OMG_R2_3_7.5mM_D0_D20,3OMG,R2,3,7.5mM,D0,D20,0,20,20,13.11.25,50.608,,
3OMG_R2_4_7.5mM_D0_D20,3OMG,R2,4,7.5mM,D0,D20,0,20,20,13.11.25,54.232,,
3OMG_R2_5_7.5mM_D0_D20,3OMG,R2,5,7.5mM,D0,D20,0,20,20,13.11.25,48.152,,
3OMG_R2_6_7.5mM_D0_D20,3OMG,R2,6,7.5mM,D0,D20,0,20,20,13.11.25,39.386,,
3OMG_R2_7_7.5mM_D0_D20,3OMG,R2,7,7.5mM,D0,D20,0,20,20,13.11.25,47.87,,
3OMG_R2_8_7.5mM_D0_D20,3OMG,R2,8,7.5mM,D0,D20,0,20,20,13.11.25,57.929,,
3OMG_R2_9_7.5mM_D0_D20,3OMG,R2,9,7.5mM,D0,D20,0,20,20,13.11.25,53.436,,
3OMG_R2_10_7.5mM_D0_D20,3OMG,R2,10,7.5mM,D0,D20,0,20,20,13.11.25,54.315,,
3OMG_R2_11_7.5mM_D0_D20,3OMG,R2,11,7.5mM,D0,D20,0,20,20,13.11.25,42.808,,
3OMG_R2_12_7.5mM_D0_D20,3OMG,R2,12,7.5mM,D0,D20,0,20,20,13.11.25,50.04,,
3OMG_R2_1_15mM_D0_D20,3OMG,R1,1,15mM,D0,D20,0,20,20,13.11.25,42.733,,
3OMG_R2_2_15mM_D0_D20,3OMG,R1,2,15mM,D0,D20,0,20,20,13.11.25,49.551,,
3OMG_R2_3_15mM_D0_D20,3OMG,R1,3,15mM,D0,D20,0,20,20,13.11.25,41.709,,
3OMG_R2_4_15mM_D0_D20,3OMG,R1,4,15mM,D0,D20,0,20,20,13.11.25,36.977,,
3OMG_R2_5_15mM_D0_D20,3OMG,R1,5,15mM,D0,D20,0,20,20,13.11.25,43.494,,
3OMG_R2_6_15mM_D0_D20,3OMG,R1,6,15mM,D0,D20,0,20,20,13.11.25,50.677,,
3OMG_R2_7_15mM_D0_D20,3OMG,R1,7,15mM,D0,D20,0,20,20,13.11.25,42.473,,
3OMG_R2_8_15mM_D0_D20,3OMG,R1,8,15mM,D0,D20,0,20,20,13.11.25,50.501,,
3OMG_R2_9_15mM_D0_D20,3OMG,R1,9,15mM,D0,D20,0,20,20,13.11.25,42.025,,
3OMG_R2_10_15mM_D0_D20,3OMG,R1,10,15mM,D0,D20,0,20,20,13.11.25,43.33,,
3OMG_R2_11_15mM_D0_D20,3OMG,R1,11,15mM,D0,D20,0,20,20,13.11.25,41.225,,
3OMG_R2_12_15mM_D0_D20,3OMG,R1,12,15mM,D0,D20,0,20,20,13.11.25,46.075,,
3OMG_R2_1_15mM_D0_D20,3OMG,R2,1,15mM,D0,D20,0,20,20,13.11.25,43.267,,
3OMG_R2_2_15mM_D0_D20,3OMG,R2,2,15mM,D0,D20,0,20,20,13.11.25,48.169,,
3OMG_R2_3_15mM_D0_D20,3OMG,R2,3,15mM,D0,D20,0,20,20,13.11.25,46.649,,
3OMG_R2_4_15mM_D0_D20,3OMG,R2,4,15mM,D0,D20,0,20,20,13.11.25,45.132,,
3OMG_R2_5_15mM_D0_D20,3OMG,R2,5,15mM,D0,D20,0,20,20,13.11.25,48.449,,
3OMG_R2_6_15mM_D0_D20,3OMG,R2,6,15mM,D0,D20,0,20,20,13.11.25,36.75,,
3OMG_R2_7_15mM_D0_D20,3OMG,R2,7,15mM,D0,D20,0,20,20,13.11.25,42.172,,
3OMG_R2_8_15mM_D0_D20,3OMG,R2,8,15mM,D0,D20,0,20,20,13.11.25,46.871,,
3OMG_R2_9_15mM_D0_D20,3OMG,R2,9,15mM,D0,D20,0,20,20,13.11.25,47.09,,
3OMG_R2_10_15mM_D0_D20,3OMG,R2,10,15mM,D0,D20,0,20,20,13.11.25,46.669,,
3OMG_R2_11_15mM_D0_D20,3OMG,R2,11,15mM,D0,D20,0,20,20,13.11.25,32.84,,
3OMG_R2_12_15mM_D0_D20,3OMG,R2,12,15mM,D0,D20,0,20,20,13.11.25,45.744,,
Water_R2_1_7.5mM_D0_D21,Water,R1,1,7.5mM,D0,D21,0,21,21,14.11.25,51.217,,
Water_R2_2_7.5mM_D0_D21,Water,R1,2,7.5mM,D0,D21,0,21,21,14.11.25,61.229,,
Water_R2_3_7.5mM_D0_D21,Water,R1,3,7.5mM,D0,D21,0,21,21,14.11.25,63.876,,
Water_R2_4_7.5mM_D0_D21,Water,R1,4,7.5mM,D0,D21,0,21,21,14.11.25,66.801,,
Water_R2_5_7.5mM_D0_D21,Water,R1,5,7.5mM,D0,D21,0,21,21,14.11.25,64.344,,
Water_R2_6_7.5mM_D0_D21,Water,R1,6,7.5mM,D0,D21,0,21,21,14.11.25,70.163,,
Water_R2_7_7.5mM_D0_D21,Water,R1,7,7.5mM,D0,D21,0,21,21,14.11.25,62.287,,
Water_R2_8_7.5mM_D0_D21,Water,R1,8,7.5mM,D0,D21,0,21,21,14.11.25,54.75,,
Water_R2_9_7.5mM_D0_D21,Water,R1,9,7.5mM,D0,D21,0,21,21,14.11.25,71.061,,
Water_R2_10_7.5mM_D0_D21,Water,R1,10,7.5mM,D0,D21,0,21,21,14.11.25,66.54,,
Water_R2_11_7.5mM_D0_D21,Water,R1,11,7.5mM,D0,D21,0,21,21,14.11.25,58.824,,
Water_R2_12_7.5mM_D0_D21,Water,R1,12,7.5mM,D0,D21,0,21,21,14.11.25,69.428,,
Water_R2_1_7.5mM_D0_D21,Water,R2,1,7.5mM,D0,D21,0,21,21,14.11.25,59.997,,
Water_R2_2_7.5mM_D0_D21,Water,R2,2,7.5mM,D0,D21,0,21,21,14.11.25,70.245,,
Water_R2_3_7.5mM_D0_D21,Water,R2,3,7.5mM,D0,D21,0,21,21,14.11.25,67.657,,
Water_R2_4_7.5mM_D0_D21,Water,R2,4,7.5mM,D0,D21,0,21,21,14.11.25,59.832,,
Water_R2_5_7.5mM_D0_D21,Water,R2,5,7.5mM,D0,D21,0,21,21,14.11.25,64.473,,
Water_R2_6_7.5mM_D0_D21,Water,R2,6,7.5mM,D0,D21,0,21,21,14.11.25,71.895,,
Water_R2_7_7.5mM_D0_D21,Water,R2,7,7.5mM,D0,D21,0,21,21,14.11.25,47.583,,
Water_R2_8_7.5mM_D0_D21,Water,R2,8,7.5mM,D0,D21,0,21,21,14.11.25,62.619,,
Water_R2_9_7.5mM_D0_D21,Water,R2,9,7.5mM,D0,D21,0,21,21,14.11.25,64.703,,
Water_R2_10_7.5mM_D0_D21,Water,R2,10,7.5mM,D0,D21,0,21,21,14.11.25,62.111,,
Water_R2_11_7.5mM_D0_D21,Water,R2,11,7.5mM,D0,D21,0,21,21,14.11.25,37.148,,
Water_R2_12_7.5mM_D0_D21,Water,R2,12,7.5mM,D0,D21,0,21,21,14.11.25,64.603,,
3OMG_R2_1_7.5mM_D0_D21,3OMG,R1,1,7.5mM,D0,D21,0,21,21,14.11.25,57.052,,
3OMG_R2_2_7.5mM_D0_D21,3OMG,R1,2,7.5mM,D0,D21,0,21,21,14.11.25,55.386,,
3OMG_R2_3_7.5mM_D0_D21,3OMG,R1,3,7.5mM,D0,D21,0,21,21,14.11.25,54.627,,
3OMG_R2_4_7.5mM_D0_D21,3OMG,R1,4,7.5mM,D0,D21,0,21,21,14.11.25,40.293,,
3OMG_R2_5_7.5mM_D0_D21,3OMG,R1,5,7.5mM,D0,D21,0,21,21,14.11.25,44.14,,No growth
3OMG_R2_6_7.5mM_D0_D21,3OMG,R1,6,7.5mM,D0,D21,0,21,21,14.11.25,48.442,,
3OMG_R2_7_7.5mM_D0_D21,3OMG,R1,7,7.5mM,D0,D21,0,21,21,14.11.25,53.171,,
3OMG_R2_8_7.5mM_D0_D21,3OMG,R1,8,7.5mM,D0,D21,0,21,21,14.11.25,57.68,,
3OMG_R2_9_7.5mM_D0_D21,3OMG,R1,9,7.5mM,D0,D21,0,21,21,14.11.25,52.891,,
3OMG_R2_10_7.5mM_D0_D21,3OMG,R1,10,7.5mM,D0,D21,0,21,21,14.11.25,51.83,,
3OMG_R2_11_7.5mM_D0_D21,3OMG,R1,11,7.5mM,D0,D21,0,21,21,14.11.25,47.62,,
3OMG_R2_12_7.5mM_D0_D21,3OMG,R1,12,7.5mM,D0,D21,0,21,21,14.11.25,55.727,,
3OMG_R2_1_7.5mM_D0_D21,3OMG,R2,1,7.5mM,D0,D21,0,21,21,14.11.25,53.337,,
3OMG_R2_2_7.5mM_D0_D21,3OMG,R2,2,7.5mM,D0,D21,0,21,21,14.11.25,54.548,,
3OMG_R2_3_7.5mM_D0_D21,3OMG,R2,3,7.5mM,D0,D21,0,21,21,14.11.25,54.57,,
3OMG_R2_4_7.5mM_D0_D21,3OMG,R2,4,7.5mM,D0,D21,0,21,21,14.11.25,55.675,,
3OMG_R2_5_7.5mM_D0_D21,3OMG,R2,5,7.5mM,D0,D21,0,21,21,14.11.25,50.76,,
3OMG_R2_6_7.5mM_D0_D21,3OMG,R2,6,7.5mM,D0,D21,0,21,21,14.11.25,40.276,,
3OMG_R2_7_7.5mM_D0_D21,3OMG,R2,7,7.5mM,D0,D21,0,21,21,14.11.25,50.662,,
3OMG_R2_8_7.5mM_D0_D21,3OMG,R2,8,7.5mM,D0,D21,0,21,21,14.11.25,58.467,,
3OMG_R2_9_7.5mM_D0_D21,3OMG,R2,9,7.5mM,D0,D21,0,21,21,14.11.25,54.363,,
3OMG_R2_10_7.5mM_D0_D21,3OMG,R2,10,7.5mM,D0,D21,0,21,21,14.11.25,57.121,,
3OMG_R2_11_7.5mM_D0_D21,3OMG,R2,11,7.5mM,D0,D21,0,21,21,14.11.25,46,,
3OMG_R2_12_7.5mM_D0_D21,3OMG,R2,12,7.5mM,D0,D21,0,21,21,14.11.25,49.388,,
3OMG_R2_1_15mM_D0_D21,3OMG,R1,1,15mM,D0,D21,0,21,21,14.11.25,44.257,,
3OMG_R2_2_15mM_D0_D21,3OMG,R1,2,15mM,D0,D21,0,21,21,14.11.25,51.62,,
3OMG_R2_3_15mM_D0_D21,3OMG,R1,3,15mM,D0,D21,0,21,21,14.11.25,44.146,,
3OMG_R2_4_15mM_D0_D21,3OMG,R1,4,15mM,D0,D21,0,21,21,14.11.25,38.8,,
3OMG_R2_5_15mM_D0_D21,3OMG,R1,5,15mM,D0,D21,0,21,21,14.11.25,45.997,,
3OMG_R2_6_15mM_D0_D21,3OMG,R1,6,15mM,D0,D21,0,21,21,14.11.25,51.601,,
3OMG_R2_7_15mM_D0_D21,3OMG,R1,7,15mM,D0,D21,0,21,21,14.11.25,40.204,,
3OMG_R2_8_15mM_D0_D21,3OMG,R1,8,15mM,D0,D21,0,21,21,14.11.25,52.024,,
3OMG_R2_9_15mM_D0_D21,3OMG,R1,9,15mM,D0,D21,0,21,21,14.11.25,45.869,,
3OMG_R2_10_15mM_D0_D21,3OMG,R1,10,15mM,D0,D21,0,21,21,14.11.25,46.343,,
3OMG_R2_11_15mM_D0_D21,3OMG,R1,11,15mM,D0,D21,0,21,21,14.11.25,42.497,,
3OMG_R2_12_15mM_D0_D21,3OMG,R1,12,15mM,D0,D21,0,21,21,14.11.25,30.122,,
3OMG_R2_1_15mM_D0_D21,3OMG,R2,1,15mM,D0,D21,0,21,21,14.11.25,47.346,,
3OMG_R2_2_15mM_D0_D21,3OMG,R2,2,15mM,D0,D21,0,21,21,14.11.25,48.641,,
3OMG_R2_3_15mM_D0_D21,3OMG,R2,3,15mM,D0,D21,0,21,21,14.11.25,47.339,,
3OMG_R2_4_15mM_D0_D21,3OMG,R2,4,15mM,D0,D21,0,21,21,14.11.25,45.28,,
3OMG_R2_5_15mM_D0_D21,3OMG,R2,5,15mM,D0,D21,0,21,21,14.11.25,50.745,,
3OMG_R2_6_15mM_D0_D21,3OMG,R2,6,15mM,D0,D21,0,21,21,14.11.25,38.279,,
3OMG_R2_7_15mM_D0_D21,3OMG,R2,7,15mM,D0,D21,0,21,21,14.11.25,44.647,,
3OMG_R2_8_15mM_D0_D21,3OMG,R2,8,15mM,D0,D21,0,21,21,14.11.25,48.71,,
3OMG_R2_9_15mM_D0_D21,3OMG,R2,9,15mM,D0,D21,0,21,21,14.11.25,49.809,,
3OMG_R2_10_15mM_D0_D21,3OMG,R2,10,15mM,D0,D21,0,21,21,14.11.25,49.267,,
3OMG_R2_11_15mM_D0_D21,3OMG,R2,11,15mM,D0,D21,0,21,21,14.11.25,32.031,,
3OMG_R2_12_15mM_D0_D21,3OMG,R2,12,15mM,D0,D21,0,21,21,14.11.25,48.614,,
Water_R2_1_15mM_D0_D03,Water,R1,1,15mM,D0,D03,0,3,3,27.10.25,1.921,,
Water_R2_2_15mM_D0_D03,Water,R1,2,15mM,D0,D03,0,3,3,27.10.25,2.185,,
Water_R2_3_15mM_D0_D03,Water,R1,3,15mM,D0,D03,0,3,3,27.10.25,2.258,,
Water_R2_4_15mM_D0_D03,Water,R1,4,15mM,D0,D03,0,3,3,27.10.25,2.676,,
Water_R2_5_15mM_D0_D03,Water,R1,5,15mM,D0,D03,0,3,3,27.10.25,2.286,,
Water_R2_6_15mM_D0_D03,Water,R1,6,15mM,D0,D03,0,3,3,27.10.25,2.285,,
Water_R2_7_15mM_D0_D03,Water,R1,7,15mM,D0,D03,0,3,3,27.10.25,2.256,,
Water_R2_8_15mM_D0_D03,Water,R1,8,15mM,D0,D03,0,3,3,27.10.25,1.478,,
Water_R2_9_15mM_D0_D03,Water,R1,9,15mM,D0,D03,0,3,3,27.10.25,2.896,,
Water_R2_10_15mM_D0_D03,Water,R1,10,15mM,D0,D03,0,3,3,27.10.25,2.156,,
Water_R2_11_15mM_D0_D03,Water,R1,11,15mM,D0,D03,0,3,3,27.10.25,2.238,,
Water_R2_12_15mM_D0_D03,Water,R1,12,15mM,D0,D03,0,3,3,27.10.25,2.913,,
Water_R2_1_15mM_D0_D03,Water,R2,1,15mM,D0,D03,0,3,3,27.10.25,2.297,,
Water_R2_2_15mM_D0_D03,Water,R2,2,15mM,D0,D03,0,3,3,27.10.25,2.45,,
Water_R2_3_15mM_D0_D03,Water,R2,3,15mM,D0,D03,0,3,3,27.10.25,2.224,,
Water_R2_4_15mM_D0_D03,Water,R2,4,15mM,D0,D03,0,3,3,27.10.25,2.262,,
Water_R2_5_15mM_D0_D03,Water,R2,5,15mM,D0,D03,0,3,3,27.10.25,2.44,,
Water_R2_6_15mM_D0_D03,Water,R2,6,15mM,D0,D03,0,3,3,27.10.25,2.473,,
Water_R2_7_15mM_D0_D03,Water,R2,7,15mM,D0,D03,0,3,3,27.10.25,2.353,,
Water_R2_8_15mM_D0_D03,Water,R2,8,15mM,D0,D03,0,3,3,27.10.25,2.252,,
Water_R2_9_15mM_D0_D03,Water,R2,9,15mM,D0,D03,0,3,3,27.10.25,1.841,,
Water_R2_10_15mM_D0_D03,Water,R2,10,15mM,D0,D03,0,3,3,27.10.25,2.741,,
Water_R2_11_15mM_D0_D03,Water,R2,11,15mM,D0,D03,0,3,3,27.10.25,2.491,,
Water_R2_12_15mM_D0_D03,Water,R2,12,15mM,D0,D03,0,3,3,27.10.25,2.19,,
Water_R2_1_15mM_D0_D04,Water,R1,1,15mM,D0,D04,0,4,4,28.10.25,3.884,,
Water_R2_2_15mM_D0_D04,Water,R1,2,15mM,D0,D04,0,4,4,28.10.25,4.436,,
Water_R2_3_15mM_D0_D04,Water,R1,3,15mM,D0,D04,0,4,4,28.10.25,4.337,,
Water_R2_4_15mM_D0_D04,Water,R1,4,15mM,D0,D04,0,4,4,28.10.25,5.128,,
Water_R2_5_15mM_D0_D04,Water,R1,5,15mM,D0,D04,0,4,4,28.10.25,4.507,,
Water_R2_6_15mM_D0_D04,Water,R1,6,15mM,D0,D04,0,4,4,28.10.25,4.549,,
Water_R2_7_15mM_D0_D04,Water,R1,7,15mM,D0,D04,0,4,4,28.10.25,4.188,,
Water_R2_8_15mM_D0_D04,Water,R1,8,15mM,D0,D04,0,4,4,28.10.25,3.751,,
Water_R2_9_15mM_D0_D04,Water,R1,9,15mM,D0,D04,0,4,4,28.10.25,5.491,,
Water_R2_10_15mM_D0_D04,Water,R1,10,15mM,D0,D04,0,4,4,28.10.25,4.212,,
Water_R2_11_15mM_D0_D04,Water,R1,11,15mM,D0,D04,0,4,4,28.10.25,4.26,,
Water_R2_12_15mM_D0_D04,Water,R1,12,15mM,D0,D04,0,4,4,28.10.25,4.87,,
Water_R2_1_15mM_D0_D04,Water,R2,1,15mM,D0,D04,0,4,4,28.10.25,4.087,,
Water_R2_2_15mM_D0_D04,Water,R2,2,15mM,D0,D04,0,4,4,28.10.25,5.203,,
Water_R2_3_15mM_D0_D04,Water,R2,3,15mM,D0,D04,0,4,4,28.10.25,4.594,,
Water_R2_4_15mM_D0_D04,Water,R2,4,15mM,D0,D04,0,4,4,28.10.25,4.758,,
Water_R2_5_15mM_D0_D04,Water,R2,5,15mM,D0,D04,0,4,4,28.10.25,4.506,,
Water_R2_6_15mM_D0_D04,Water,R2,6,15mM,D0,D04,0,4,4,28.10.25,4.301,,
Water_R2_7_15mM_D0_D04,Water,R2,7,15mM,D0,D04,0,4,4,28.10.25,4.361,,
Water_R2_8_15mM_D0_D04,Water,R2,8,15mM,D0,D04,0,4,4,28.10.25,4.682,,
Water_R2_9_15mM_D0_D04,Water,R2,9,15mM,D0,D04,0,4,4,28.10.25,4.229,,
Water_R2_10_15mM_D0_D04,Water,R2,10,15mM,D0,D04,0,4,4,28.10.25,5.101,,
Water_R2_11_15mM_D0_D04,Water,R2,11,15mM,D0,D04,0,4,4,28.10.25,4.198,,
Water_R2_12_15mM_D0_D04,Water,R2,12,15mM,D0,D04,0,4,4,28.10.25,4.723,,
Water_R2_1_15mM_D0_D05,Water,R1,1,15mM,D0,D05,0,5,5,29.10.25,5.907,,
Water_R2_2_15mM_D0_D05,Water,R1,2,15mM,D0,D05,0,5,5,29.10.25,6.494,,
Water_R2_3_15mM_D0_D05,Water,R1,3,15mM,D0,D05,0,5,5,29.10.25,6.728,,
Water_R2_4_15mM_D0_D05,Water,R1,4,15mM,D0,D05,0,5,5,29.10.25,8.119,,
Water_R2_5_15mM_D0_D05,Water,R1,5,15mM,D0,D05,0,5,5,29.10.25,6.284,,
Water_R2_6_15mM_D0_D05,Water,R1,6,15mM,D0,D05,0,5,5,29.10.25,6.73,,
Water_R2_7_15mM_D0_D05,Water,R1,7,15mM,D0,D05,0,5,5,29.10.25,6.809,,
Water_R2_8_15mM_D0_D05,Water,R1,8,15mM,D0,D05,0,5,5,29.10.25,5.295,,
Water_R2_9_15mM_D0_D05,Water,R1,9,15mM,D0,D05,0,5,5,29.10.25,8.907,,
Water_R2_10_15mM_D0_D05,Water,R1,10,15mM,D0,D05,0,5,5,29.10.25,7.11,,
Water_R2_11_15mM_D0_D05,Water,R1,11,15mM,D0,D05,0,5,5,29.10.25,7.237,,
Water_R2_12_15mM_D0_D05,Water,R1,12,15mM,D0,D05,0,5,5,29.10.25,7.993,,
Water_R2_1_15mM_D0_D05,Water,R2,1,15mM,D0,D05,0,5,5,29.10.25,6.096,,
Water_R2_2_15mM_D0_D05,Water,R2,2,15mM,D0,D05,0,5,5,29.10.25,8.049,,
Water_R2_3_15mM_D0_D05,Water,R2,3,15mM,D0,D05,0,5,5,29.10.25,6.811,,
Water_R2_4_15mM_D0_D05,Water,R2,4,15mM,D0,D05,0,5,5,29.10.25,7.229,,
Water_R2_5_15mM_D0_D05,Water,R2,5,15mM,D0,D05,0,5,5,29.10.25,7.381,,
Water_R2_6_15mM_D0_D05,Water,R2,6,15mM,D0,D05,0,5,5,29.10.25,7.034,,
Water_R2_7_15mM_D0_D05,Water,R2,7,15mM,D0,D05,0,5,5,29.10.25,6.287,,
Water_R2_8_15mM_D0_D05,Water,R2,8,15mM,D0,D05,0,5,5,29.10.25,7.498,,
Water_R2_9_15mM_D0_D05,Water,R2,9,15mM,D0,D05,0,5,5,29.10.25,6.244,,
Water_R2_10_15mM_D0_D05,Water,R2,10,15mM,D0,D05,0,5,5,29.10.25,7.533,,
Water_R2_11_15mM_D0_D05,Water,R2,11,15mM,D0,D05,0,5,5,29.10.25,5.088,,
Water_R2_12_15mM_D0_D05,Water,R2,12,15mM,D0,D05,0,5,5,29.10.25,7.376,,
Water_R2_1_15mM_D0_D06,Water,R1,1,15mM,D0,D06,0,6,6,30.10.25,8.137,,
Water_R2_2_15mM_D0_D06,Water,R1,2,15mM,D0,D06,0,6,6,30.10.25,9.373,,
Water_R2_3_15mM_D0_D06,Water,R1,3,15mM,D0,D06,0,6,6,30.10.25,9.921,,
Water_R2_4_15mM_D0_D06,Water,R1,4,15mM,D0,D06,0,6,6,30.10.25,11.859,,
Water_R2_5_15mM_D0_D06,Water,R1,5,15mM,D0,D06,0,6,6,30.10.25,9.473,,
Water_R2_6_15mM_D0_D06,Water,R1,6,15mM,D0,D06,0,6,6,30.10.25,10.102,,
Water_R2_7_15mM_D0_D06,Water,R1,7,15mM,D0,D06,0,6,6,30.10.25,10.331,,
Water_R2_8_15mM_D0_D06,Water,R1,8,15mM,D0,D06,0,6,6,30.10.25,7.991,,
Water_R2_9_15mM_D0_D06,Water,R1,9,15mM,D0,D06,0,6,6,30.10.25,12.513,,
Water_R2_10_15mM_D0_D06,Water,R1,10,15mM,D0,D06,0,6,6,30.10.25,10.853,,
Water_R2_11_15mM_D0_D06,Water,R1,11,15mM,D0,D06,0,6,6,30.10.25,9.502,,
Water_R2_12_15mM_D0_D06,Water,R1,12,15mM,D0,D06,0,6,6,30.10.25,11.613,,
Water_R2_1_15mM_D0_D06,Water,R2,1,15mM,D0,D06,0,6,6,30.10.25,8.611,,
Water_R2_2_15mM_D0_D06,Water,R2,2,15mM,D0,D06,0,6,6,30.10.25,10.844,,
Water_R2_3_15mM_D0_D06,Water,R2,3,15mM,D0,D06,0,6,6,30.10.25,10.386,,
Water_R2_4_15mM_D0_D06,Water,R2,4,15mM,D0,D06,0,6,6,30.10.25,10.116,,
Water_R2_5_15mM_D0_D06,Water,R2,5,15mM,D0,D06,0,6,6,30.10.25,10.264,,
Water_R2_6_15mM_D0_D06,Water,R2,6,15mM,D0,D06,0,6,6,30.10.25,10.615,,
Water_R2_7_15mM_D0_D06,Water,R2,7,15mM,D0,D06,0,6,6,30.10.25,8.825,,
Water_R2_8_15mM_D0_D06,Water,R2,8,15mM,D0,D06,0,6,6,30.10.25,11.321,,
Water_R2_9_15mM_D0_D06,Water,R2,9,15mM,D0,D06,0,6,6,30.10.25,9.825,,
Water_R2_10_15mM_D0_D06,Water,R2,10,15mM,D0,D06,0,6,6,30.10.25,11.355,,
Water_R2_11_15mM_D0_D06,Water,R2,11,15mM,D0,D06,0,6,6,30.10.25,6.428,,
Water_R2_12_15mM_D0_D06,Water,R2,12,15mM,D0,D06,0,6,6,30.10.25,10.877,,
Water_R2_1_15mM_D0_D07,Water,R1,1,15mM,D0,D07,0,7,7,31.10.25,10.773,,
Water_R2_2_15mM_D0_D07,Water,R1,2,15mM,D0,D07,0,7,7,31.10.25,12.574,,
Water_R2_3_15mM_D0_D07,Water,R1,3,15mM,D0,D07,0,7,7,31.10.25,13.309,,
Water_R2_4_15mM_D0_D07,Water,R1,4,15mM,D0,D07,0,7,7,31.10.25,15.623,,
Water_R2_5_15mM_D0_D07,Water,R1,5,15mM,D0,D07,0,7,7,31.10.25,12.877,,
Water_R2_6_15mM_D0_D07,Water,R1,6,15mM,D0,D07,0,7,7,31.10.25,13.748,,
Water_R2_7_15mM_D0_D07,Water,R1,7,15mM,D0,D07,0,7,7,31.10.25,13.842,,
Water_R2_8_15mM_D0_D07,Water,R1,8,15mM,D0,D07,0,7,7,31.10.25,10.427,,
Water_R2_9_15mM_D0_D07,Water,R1,9,15mM,D0,D07,0,7,7,31.10.25,16.61,,
Water_R2_10_15mM_D0_D07,Water,R1,10,15mM,D0,D07,0,7,7,31.10.25,14.275,,
Water_R2_11_15mM_D0_D07,Water,R1,11,15mM,D0,D07,0,7,7,31.10.25,11.96,,
Water_R2_12_15mM_D0_D07,Water,R1,12,15mM,D0,D07,0,7,7,31.10.25,14.765,,
Water_R2_1_15mM_D0_D07,Water,R2,1,15mM,D0,D07,0,7,7,31.10.25,11.92,,
Water_R2_2_15mM_D0_D07,Water,R2,2,15mM,D0,D07,0,7,7,31.10.25,14.979,,
Water_R2_3_15mM_D0_D07,Water,R2,3,15mM,D0,D07,0,7,7,31.10.25,13.844,,
Water_R2_4_15mM_D0_D07,Water,R2,4,15mM,D0,D07,0,7,7,31.10.25,13.158,,
Water_R2_5_15mM_D0_D07,Water,R2,5,15mM,D0,D07,0,7,7,31.10.25,13.605,,
Water_R2_6_15mM_D0_D07,Water,R2,6,15mM,D0,D07,0,7,7,31.10.25,14.024,,
Water_R2_7_15mM_D0_D07,Water,R2,7,15mM,D0,D07,0,7,7,31.10.25,11.249,,
Water_R2_8_15mM_D0_D07,Water,R2,8,15mM,D0,D07,0,7,7,31.10.25,14.432,,
Water_R2_9_15mM_D0_D07,Water,R2,9,15mM,D0,D07,0,7,7,31.10.25,13.151,,
Water_R2_10_15mM_D0_D07,Water,R2,10,15mM,D0,D07,0,7,7,31.10.25,14.48,,
Water_R2_11_15mM_D0_D07,Water,R2,11,15mM,D0,D07,0,7,7,31.10.25,7.238,,
Water_R2_12_15mM_D0_D07,Water,R2,12,15mM,D0,D07,0,7,7,31.10.25,14.632,,
Water_R2_1_15mM_D0_D10,Water,R1,1,15mM,D0,D10,0,10,10,03.11.25,19.503,,
Water_R2_2_15mM_D0_D10,Water,R1,2,15mM,D0,D10,0,10,10,03.11.25,24.173,,
Water_R2_3_15mM_D0_D10,Water,R1,3,15mM,D0,D10,0,10,10,03.11.25,25.08,,
Water_R2_4_15mM_D0_D10,Water,R1,4,15mM,D0,D10,0,10,10,03.11.25,27.865,,
Water_R2_5_15mM_D0_D10,Water,R1,5,15mM,D0,D10,0,10,10,03.11.25,24.664,,
Water_R2_6_15mM_D0_D10,Water,R1,6,15mM,D0,D10,0,10,10,03.11.25,27.029,,
Water_R2_7_15mM_D0_D10,Water,R1,7,15mM,D0,D10,0,10,10,03.11.25,26.34,,
Water_R2_8_15mM_D0_D10,Water,R1,8,15mM,D0,D10,0,10,10,03.11.25,20.655,,
Water_R2_9_15mM_D0_D10,Water,R1,9,15mM,D0,D10,0,10,10,03.11.25,29.829,,
Water_R2_10_15mM_D0_D10,Water,R1,10,15mM,D0,D10,0,10,10,03.11.25,26.663,,
Water_R2_11_15mM_D0_D10,Water,R1,11,15mM,D0,D10,0,10,10,03.11.25,21.981,,
Water_R2_12_15mM_D0_D10,Water,R1,12,15mM,D0,D10,0,10,10,03.11.25,28.162,,
Water_R2_1_15mM_D0_D10,Water,R2,1,15mM,D0,D10,0,10,10,03.11.25,23.526,,
Water_R2_2_15mM_D0_D10,Water,R2,2,15mM,D0,D10,0,10,10,03.11.25,29.604,,
Water_R2_3_15mM_D0_D10,Water,R2,3,15mM,D0,D10,0,10,10,03.11.25,26.03,,
Water_R2_4_15mM_D0_D10,Water,R2,4,15mM,D0,D10,0,10,10,03.11.25,26.364,,
Water_R2_5_15mM_D0_D10,Water,R2,5,15mM,D0,D10,0,10,10,03.11.25,27.103,,
Water_R2_6_15mM_D0_D10,Water,R2,6,15mM,D0,D10,0,10,10,03.11.25,26.847,,
Water_R2_7_15mM_D0_D10,Water,R2,7,15mM,D0,D10,0,10,10,03.11.25,20.718,,
Water_R2_8_15mM_D0_D10,Water,R2,8,15mM,D0,D10,0,10,10,03.11.25,28.804,,
Water_R2_9_15mM_D0_D10,Water,R2,9,15mM,D0,D10,0,10,10,03.11.25,25.677,,
Water_R2_10_15mM_D0_D10,Water,R2,10,15mM,D0,D10,0,10,10,03.11.25,27.326,,
Water_R2_11_15mM_D0_D10,Water,R2,11,15mM,D0,D10,0,10,10,03.11.25,11.159,,
Water_R2_12_15mM_D0_D10,Water,R2,12,15mM,D0,D10,0,10,10,03.11.25,26.632,,
Water_R2_1_15mM_D0_D11,Water,R1,1,15mM,D0,D11,0,11,11,04.11.25,23.945,,
Water_R2_2_15mM_D0_D11,Water,R1,2,15mM,D0,D11,0,11,11,04.11.25,30.11,,
Water_R2_3_15mM_D0_D11,Water,R1,3,15mM,D0,D11,0,11,11,04.11.25,30.039,,
Water_R2_4_15mM_D0_D11,Water,R1,4,15mM,D0,D11,0,11,11,04.11.25,32.553,,
Water_R2_5_15mM_D0_D11,Water,R1,5,15mM,D0,D11,0,11,11,04.11.25,30.274,,
Water_R2_6_15mM_D0_D11,Water,R1,6,15mM,D0,D11,0,11,11,04.11.25,31.463,,
Water_R2_7_15mM_D0_D11,Water,R1,7,15mM,D0,D11,0,11,11,04.11.25,31.627,,
Water_R2_8_15mM_D0_D11,Water,R1,8,15mM,D0,D11,0,11,11,04.11.25,25.022,,
Water_R2_9_15mM_D0_D11,Water,R1,9,15mM,D0,D11,0,11,11,04.11.25,35.862,,
Water_R2_10_15mM_D0_D11,Water,R1,10,15mM,D0,D11,0,11,11,04.11.25,30.648,,
Water_R2_11_15mM_D0_D11,Water,R1,11,15mM,D0,D11,0,11,11,04.11.25,25.962,,
Water_R2_12_15mM_D0_D11,Water,R1,12,15mM,D0,D11,0,11,11,04.11.25,33.268,,
Water_R2_1_15mM_D0_D11,Water,R2,1,15mM,D0,D11,0,11,11,04.11.25,28.507,,
Water_R2_2_15mM_D0_D11,Water,R2,2,15mM,D0,D11,0,11,11,04.11.25,35.205,,
Water_R2_3_15mM_D0_D11,Water,R2,3,15mM,D0,D11,0,11,11,04.11.25,31.109,,
Water_R2_4_15mM_D0_D11,Water,R2,4,15mM,D0,D11,0,11,11,04.11.25,31.757,,
Water_R2_5_15mM_D0_D11,Water,R2,5,15mM,D0,D11,0,11,11,04.11.25,32.225,,
Water_R2_6_15mM_D0_D11,Water,R2,6,15mM,D0,D11,0,11,11,04.11.25,34.405,,
Water_R2_7_15mM_D0_D11,Water,R2,7,15mM,D0,D11,0,11,11,04.11.25,24.481,,
Water_R2_8_15mM_D0_D11,Water,R2,8,15mM,D0,D11,0,11,11,04.11.25,33.913,,
Water_R2_9_15mM_D0_D11,Water,R2,9,15mM,D0,D11,0,11,11,04.11.25,30.117,,
Water_R2_10_15mM_D0_D11,Water,R2,10,15mM,D0,D11,0,11,11,04.11.25,33.088,,
Water_R2_11_15mM_D0_D11,Water,R2,11,15mM,D0,D11,0,11,11,04.11.25,12.152,,
Water_R2_12_15mM_D0_D11,Water,R2,12,15mM,D0,D11,0,11,11,04.11.25,32.586,,
Water_R2_1_15mM_D0_D12,Water,R1,1,15mM,D0,D12,0,12,12,05.11.25,26.998,,
Water_R2_2_15mM_D0_D12,Water,R1,2,15mM,D0,D12,0,12,12,05.11.25,31.792,,
Water_R2_3_15mM_D0_D12,Water,R1,3,15mM,D0,D12,0,12,12,05.11.25,32.938,,
Water_R2_4_15mM_D0_D12,Water,R1,4,15mM,D0,D12,0,12,12,05.11.25,36.406,,
Water_R2_5_15mM_D0_D12,Water,R1,5,15mM,D0,D12,0,12,12,05.11.25,32.496,,
Water_R2_6_15mM_D0_D12,Water,R1,6,15mM,D0,D12,0,12,12,05.11.25,37.228,,
Water_R2_7_15mM_D0_D12,Water,R1,7,15mM,D0,D12,0,12,12,05.11.25,35.786,,
Water_R2_8_15mM_D0_D12,Water,R1,8,15mM,D0,D12,0,12,12,05.11.25,28.75,,
Water_R2_9_15mM_D0_D12,Water,R1,9,15mM,D0,D12,0,12,12,05.11.25,40.664,,
Water_R2_10_15mM_D0_D12,Water,R1,10,15mM,D0,D12,0,12,12,05.11.25,35.35,,
Water_R2_11_15mM_D0_D12,Water,R1,11,15mM,D0,D12,0,12,12,05.11.25,29.549,,
Water_R2_12_15mM_D0_D12,Water,R1,12,15mM,D0,D12,0,12,12,05.11.25,37.917,,
Water_R2_1_15mM_D0_D12,Water,R2,1,15mM,D0,D12,0,12,12,05.11.25,32.334,,
Water_R2_2_15mM_D0_D12,Water,R2,2,15mM,D0,D12,0,12,12,05.11.25,40.744,,
Water_R2_3_15mM_D0_D12,Water,R2,3,15mM,D0,D12,0,12,12,05.11.25,34.875,,
Water_R2_4_15mM_D0_D12,Water,R2,4,15mM,D0,D12,0,12,12,05.11.25,35.302,,
Water_R2_5_15mM_D0_D12,Water,R2,5,15mM,D0,D12,0,12,12,05.11.25,35.926,,
Water_R2_6_15mM_D0_D12,Water,R2,6,15mM,D0,D12,0,12,12,05.11.25,38.612,,
Water_R2_7_15mM_D0_D12,Water,R2,7,15mM,D0,D12,0,12,12,05.11.25,28.551,,
Water_R2_8_15mM_D0_D12,Water,R2,8,15mM,D0,D12,0,12,12,05.11.25,37.654,,
Water_R2_9_15mM_D0_D12,Water,R2,9,15mM,D0,D12,0,12,12,05.11.25,34.103,,
Water_R2_10_15mM_D0_D12,Water,R2,10,15mM,D0,D12,0,12,12,05.11.25,36.263,,
Water_R2_11_15mM_D0_D12,Water,R2,11,15mM,D0,D12,0,12,12,05.11.25,13.027,,
Water_R2_12_15mM_D0_D12,Water,R2,12,15mM,D0,D12,0,12,12,05.11.25,36.821,,
Water_R2_1_15mM_D0_D13,Water,R1,1,15mM,D0,D13,0,13,13,06.11.25,32.453,,
Water_R2_2_15mM_D0_D13,Water,R1,2,15mM,D0,D13,0,13,13,06.11.25,35.155,,
Water_R2_3_15mM_D0_D13,Water,R1,3,15mM,D0,D13,0,13,13,06.11.25,38.419,,
Water_R2_4_15mM_D0_D13,Water,R1,4,15mM,D0,D13,0,13,13,06.11.25,39.572,,
Water_R2_5_15mM_D0_D13,Water,R1,5,15mM,D0,D13,0,13,13,06.11.25,37.311,,
Water_R2_6_15mM_D0_D13,Water,R1,6,15mM,D0,D13,0,13,13,06.11.25,39.802,,
Water_R2_7_15mM_D0_D13,Water,R1,7,15mM,D0,D13,0,13,13,06.11.25,38.863,,
Water_R2_8_15mM_D0_D13,Water,R1,8,15mM,D0,D13,0,13,13,06.11.25,32.231,,
Water_R2_9_15mM_D0_D13,Water,R1,9,15mM,D0,D13,0,13,13,06.11.25,43.073,,
Water_R2_10_15mM_D0_D13,Water,R1,10,15mM,D0,D13,0,13,13,06.11.25,37.321,,
Water_R2_11_15mM_D0_D13,Water,R1,11,15mM,D0,D13,0,13,13,06.11.25,33.482,,
Water_R2_12_15mM_D0_D13,Water,R1,12,15mM,D0,D13,0,13,13,06.11.25,41.496,,
Water_R2_1_15mM_D0_D13,Water,R2,1,15mM,D0,D13,0,13,13,06.11.25,35.203,,
Water_R2_2_15mM_D0_D13,Water,R2,2,15mM,D0,D13,0,13,13,06.11.25,43.383,,
Water_R2_3_15mM_D0_D13,Water,R2,3,15mM,D0,D13,0,13,13,06.11.25,40.636,,
Water_R2_4_15mM_D0_D13,Water,R2,4,15mM,D0,D13,0,13,13,06.11.25,39.173,,
Water_R2_5_15mM_D0_D13,Water,R2,5,15mM,D0,D13,0,13,13,06.11.25,40.3,,
Water_R2_6_15mM_D0_D13,Water,R2,6,15mM,D0,D13,0,13,13,06.11.25,40.597,,
Water_R2_7_15mM_D0_D13,Water,R2,7,15mM,D0,D13,0,13,13,06.11.25,32.168,,
Water_R2_8_15mM_D0_D13,Water,R2,8,15mM,D0,D13,0,13,13,06.11.25,41.474,,
Water_R2_9_15mM_D0_D13,Water,R2,9,15mM,D0,D13,0,13,13,06.11.25,37.597,,
Water_R2_10_15mM_D0_D13,Water,R2,10,15mM,D0,D13,0,13,13,06.11.25,40.221,,
Water_R2_11_15mM_D0_D13,Water,R2,11,15mM,D0,D13,0,13,13,06.11.25,16.275,,
Water_R2_12_15mM_D0_D13,Water,R2,12,15mM,D0,D13,0,13,13,06.11.25,39.705,,
Water_R2_1_15mM_D0_D14,Water,R1,1,15mM,D0,D14,0,14,14,07.11.25,35.159,,
Water_R2_2_15mM_D0_D14,Water,R1,2,15mM,D0,D14,0,14,14,07.11.25,39.748,,
Water_R2_3_15mM_D0_D14,Water,R1,3,15mM,D0,D14,0,14,14,07.11.25,41.368,,
Water_R2_4_15mM_D0_D14,Water,R1,4,15mM,D0,D14,0,14,14,07.11.25,44.635,,
Water_R2_5_15mM_D0_D14,Water,R1,5,15mM,D0,D14,0,14,14,07.11.25,41.144,,
Water_R2_6_15mM_D0_D14,Water,R1,6,15mM,D0,D14,0,14,14,07.11.25,44.232,,
Water_R2_7_15mM_D0_D14,Water,R1,7,15mM,D0,D14,0,14,14,07.11.25,43.107,,
Water_R2_8_15mM_D0_D14,Water,R1,8,15mM,D0,D14,0,14,14,07.11.25,33.995,,
Water_R2_9_15mM_D0_D14,Water,R1,9,15mM,D0,D14,0,14,14,07.11.25,47.892,,
Water_R2_10_15mM_D0_D14,Water,R1,10,15mM,D0,D14,0,14,14,07.11.25,42.639,,
Water_R2_11_15mM_D0_D14,Water,R1,11,15mM,D0,D14,0,14,14,07.11.25,35.895,,
Water_R2_12_15mM_D0_D14,Water,R1,12,15mM,D0,D14,0,14,14,07.11.25,43.881,,
Water_R2_1_15mM_D0_D14,Water,R2,1,15mM,D0,D14,0,14,14,07.11.25,39.917,,
Water_R2_2_15mM_D0_D14,Water,R2,2,15mM,D0,D14,0,14,14,07.11.25,47.493,,
Water_R2_3_15mM_D0_D14,Water,R2,3,15mM,D0,D14,0,14,14,07.11.25,42.83,,
Water_R2_4_15mM_D0_D14,Water,R2,4,15mM,D0,D14,0,14,14,07.11.25,42.361,,
Water_R2_5_15mM_D0_D14,Water,R2,5,15mM,D0,D14,0,14,14,07.11.25,43.722,,
Water_R2_6_15mM_D0_D14,Water,R2,6,15mM,D0,D14,0,14,14,07.11.25,44.218,,
Water_R2_7_15mM_D0_D14,Water,R2,7,15mM,D0,D14,0,14,14,07.11.25,35.032,,
Water_R2_8_15mM_D0_D14,Water,R2,8,15mM,D0,D14,0,14,14,07.11.25,44.039,,
Water_R2_9_15mM_D0_D14,Water,R2,9,15mM,D0,D14,0,14,14,07.11.25,40.778,,
Water_R2_10_15mM_D0_D14,Water,R2,10,15mM,D0,D14,0,14,14,07.11.25,42.625,,
Water_R2_11_15mM_D0_D14,Water,R2,11,15mM,D0,D14,0,14,14,07.11.25,16.504,,
Water_R2_12_15mM_D0_D14,Water,R2,12,15mM,D0,D14,0,14,14,07.11.25,42.08,,
Water_R2_1_15mM_D0_D17,Water,R1,1,15mM,D0,D17,0,17,17,10.11.25,40.171,,
Water_R2_2_15mM_D0_D17,Water,R1,2,15mM,D0,D17,0,17,17,10.11.25,46.553,,
Water_R2_3_15mM_D0_D17,Water,R1,3,15mM,D0,D17,0,17,17,10.11.25,46.807,,
Water_R2_4_15mM_D0_D17,Water,R1,4,15mM,D0,D17,0,17,17,10.11.25,52.328,,
Water_R2_5_15mM_D0_D17,Water,R1,5,15mM,D0,D17,0,17,17,10.11.25,48.671,,
Water_R2_6_15mM_D0_D17,Water,R1,6,15mM,D0,D17,0,17,17,10.11.25,52.799,,
Water_R2_7_15mM_D0_D17,Water,R1,7,15mM,D0,D17,0,17,17,10.11.25,50.505,,
Water_R2_8_15mM_D0_D17,Water,R1,8,15mM,D0,D17,0,17,17,10.11.25,42.087,,
Water_R2_9_15mM_D0_D17,Water,R1,9,15mM,D0,D17,0,17,17,10.11.25,54.869,,
Water_R2_10_15mM_D0_D17,Water,R1,10,15mM,D0,D17,0,17,17,10.11.25,49.194,,
Water_R2_11_15mM_D0_D17,Water,R1,11,15mM,D0,D17,0,17,17,10.11.25,42.841,,
Water_R2_12_15mM_D0_D17,Water,R1,12,15mM,D0,D17,0,17,17,10.11.25,52.929,,
Water_R2_1_15mM_D0_D17,Water,R2,1,15mM,D0,D17,0,17,17,10.11.25,45.036,,
Water_R2_2_15mM_D0_D17,Water,R2,2,15mM,D0,D17,0,17,17,10.11.25,55.32,,
Water_R2_3_15mM_D0_D17,Water,R2,3,15mM,D0,D17,0,17,17,10.11.25,51.068,,
Water_R2_4_15mM_D0_D17,Water,R2,4,15mM,D0,D17,0,17,17,10.11.25,48.4,,
Water_R2_5_15mM_D0_D17,Water,R2,5,15mM,D0,D17,0,17,17,10.11.25,53.366,,
Water_R2_6_15mM_D0_D17,Water,R2,6,15mM,D0,D17,0,17,17,10.11.25,54.035,,
Water_R2_7_15mM_D0_D17,Water,R2,7,15mM,D0,D17,0,17,17,10.11.25,39.611,,
Water_R2_8_15mM_D0_D17,Water,R2,8,15mM,D0,D17,0,17,17,10.11.25,51.367,,
Water_R2_9_15mM_D0_D17,Water,R2,9,15mM,D0,D17,0,17,17,10.11.25,48.789,,
Water_R2_10_15mM_D0_D17,Water,R2,10,15mM,D0,D17,0,17,17,10.11.25,49.728,,
Water_R2_11_15mM_D0_D17,Water,R2,11,15mM,D0,D17,0,17,17,10.11.25,20.553,,
Water_R2_12_15mM_D0_D17,Water,R2,12,15mM,D0,D17,0,17,17,10.11.25,49.494,,
Water_R2_1_15mM_D0_D18,Water,R1,1,15mM,D0,D18,0,18,18,11.11.25,44.181,,
Water_R2_2_15mM_D0_D18,Water,R1,2,15mM,D0,D18,0,18,18,11.11.25,51.142,,
Water_R2_3_15mM_D0_D18,Water,R1,3,15mM,D0,D18,0,18,18,11.11.25,53.253,,
Water_R2_4_15mM_D0_D18,Water,R1,4,15mM,D0,D18,0,18,18,11.11.25,56.078,,
Water_R2_5_15mM_D0_D18,Water,R1,5,15mM,D0,D18,0,18,18,11.11.25,53.62,,
Water_R2_6_15mM_D0_D18,Water,R1,6,15mM,D0,D18,0,18,18,11.11.25,59.129,,
Water_R2_7_15mM_D0_D18,Water,R1,7,15mM,D0,D18,0,18,18,11.11.25,55.271,,
Water_R2_8_15mM_D0_D18,Water,R1,8,15mM,D0,D18,0,18,18,11.11.25,44.77,,
Water_R2_9_15mM_D0_D18,Water,R1,9,15mM,D0,D18,0,18,18,11.11.25,58.777,,
Water_R2_10_15mM_D0_D18,Water,R1,10,15mM,D0,D18,0,18,18,11.11.25,55.653,,
Water_R2_11_15mM_D0_D18,Water,R1,11,15mM,D0,D18,0,18,18,11.11.25,59.551,,
Water_R2_12_15mM_D0_D18,Water,R1,12,15mM,D0,D18,0,18,18,11.11.25,47.598,,
Water_R2_1_15mM_D0_D18,Water,R2,1,15mM,D0,D18,0,18,18,11.11.25,48.273,,
Water_R2_2_15mM_D0_D18,Water,R2,2,15mM,D0,D18,0,18,18,11.11.25,61.115,,
Water_R2_3_15mM_D0_D18,Water,R2,3,15mM,D0,D18,0,18,18,11.11.25,55.883,,
Water_R2_4_15mM_D0_D18,Water,R2,4,15mM,D0,D18,0,18,18,11.11.25,52.936,,
Water_R2_5_15mM_D0_D18,Water,R2,5,15mM,D0,D18,0,18,18,11.11.25,58.023,,
Water_R2_6_15mM_D0_D18,Water,R2,6,15mM,D0,D18,0,18,18,11.11.25,59.527,,
Water_R2_7_15mM_D0_D18,Water,R2,7,15mM,D0,D18,0,18,18,11.11.25,43.621,,
Water_R2_8_15mM_D0_D18,Water,R2,8,15mM,D0,D18,0,18,18,11.11.25,57.221,,
Water_R2_9_15mM_D0_D18,Water,R2,9,15mM,D0,D18,0,18,18,11.11.25,53.073,,
Water_R2_10_15mM_D0_D18,Water,R2,10,15mM,D0,D18,0,18,18,11.11.25,52.709,,
Water_R2_11_15mM_D0_D18,Water,R2,11,15mM,D0,D18,0,18,18,11.11.25,25.357,,
Water_R2_12_15mM_D0_D18,Water,R2,12,15mM,D0,D18,0,18,18,11.11.25,52.134,,
Water_R2_1_15mM_D0_D19,Water,R1,1,15mM,D0,D19,0,19,19,12.11.25,45.904,,
Water_R2_2_15mM_D0_D19,Water,R1,2,15mM,D0,D19,0,19,19,12.11.25,54.979,,
Water_R2_3_15mM_D0_D19,Water,R1,3,15mM,D0,D19,0,19,19,12.11.25,57.304,,
Water_R2_4_15mM_D0_D19,Water,R1,4,15mM,D0,D19,0,19,19,12.11.25,61.663,,
Water_R2_5_15mM_D0_D19,Water,R1,5,15mM,D0,D19,0,19,19,12.11.25,56.897,,
Water_R2_6_15mM_D0_D19,Water,R1,6,15mM,D0,D19,0,19,19,12.11.25,62.442,,
Water_R2_7_15mM_D0_D19,Water,R1,7,15mM,D0,D19,0,19,19,12.11.25,58.153,,
Water_R2_8_15mM_D0_D19,Water,R1,8,15mM,D0,D19,0,19,19,12.11.25,48.348,,
Water_R2_9_15mM_D0_D19,Water,R1,9,15mM,D0,D19,0,19,19,12.11.25,64.218,,
Water_R2_10_15mM_D0_D19,Water,R1,10,15mM,D0,D19,0,19,19,12.11.25,61.384,,
Water_R2_11_15mM_D0_D19,Water,R1,11,15mM,D0,D19,0,19,19,12.11.25,66.298,,
Water_R2_12_15mM_D0_D19,Water,R1,12,15mM,D0,D19,0,19,19,12.11.25,48.908,,
Water_R2_1_15mM_D0_D19,Water,R2,1,15mM,D0,D19,0,19,19,12.11.25,55.649,,
Water_R2_2_15mM_D0_D19,Water,R2,2,15mM,D0,D19,0,19,19,12.11.25,64.541,,
Water_R2_3_15mM_D0_D19,Water,R2,3,15mM,D0,D19,0,19,19,12.11.25,61.437,,
Water_R2_4_15mM_D0_D19,Water,R2,4,15mM,D0,D19,0,19,19,12.11.25,55.755,,
Water_R2_5_15mM_D0_D19,Water,R2,5,15mM,D0,D19,0,19,19,12.11.25,60.993,,
Water_R2_6_15mM_D0_D19,Water,R2,6,15mM,D0,D19,0,19,19,12.11.25,63.922,,
Water_R2_7_15mM_D0_D19,Water,R2,7,15mM,D0,D19,0,19,19,12.11.25,39.517,,
Water_R2_8_15mM_D0_D19,Water,R2,8,15mM,D0,D19,0,19,19,12.11.25,55.714,,
Water_R2_9_15mM_D0_D19,Water,R2,9,15mM,D0,D19,0,19,19,12.11.25,59.014,,
Water_R2_10_15mM_D0_D19,Water,R2,10,15mM,D0,D19,0,19,19,12.11.25,57.661,,
Water_R2_11_15mM_D0_D19,Water,R2,11,15mM,D0,D19,0,19,19,12.11.25,27.656,,
Water_R2_12_15mM_D0_D19,Water,R2,12,15mM,D0,D19,0,19,19,12.11.25,61.045,,
Water_R2_1_15mM_D0_D20,Water,R1,1,15mM,D0,D20,0,20,20,13.11.25,50.029,,
Water_R2_2_15mM_D0_D20,Water,R1,2,15mM,D0,D20,0,20,20,13.11.25,58.573,,
Water_R2_3_15mM_D0_D20,Water,R1,3,15mM,D0,D20,0,20,20,13.11.25,60.689,,
Water_R2_4_15mM_D0_D20,Water,R1,4,15mM,D0,D20,0,20,20,13.11.25,64.329,,
Water_R2_5_15mM_D0_D20,Water,R1,5,15mM,D0,D20,0,20,20,13.11.25,60.034,,
Water_R2_6_15mM_D0_D20,Water,R1,6,15mM,D0,D20,0,20,20,13.11.25,66.117,,
Water_R2_7_15mM_D0_D20,Water,R1,7,15mM,D0,D20,0,20,20,13.11.25,60.307,,
Water_R2_8_15mM_D0_D20,Water,R1,8,15mM,D0,D20,0,20,20,13.11.25,52.214,,
Water_R2_9_15mM_D0_D20,Water,R1,9,15mM,D0,D20,0,20,20,13.11.25,68.057,,
Water_R2_10_15mM_D0_D20,Water,R1,10,15mM,D0,D20,0,20,20,13.11.25,65.357,,
Water_R2_11_15mM_D0_D20,Water,R1,11,15mM,D0,D20,0,20,20,13.11.25,55.54,,
Water_R2_12_15mM_D0_D20,Water,R1,12,15mM,D0,D20,0,20,20,13.11.25,64.479,,
Water_R2_1_15mM_D0_D20,Water,R2,1,15mM,D0,D20,0,20,20,13.11.25,60.764,,
Water_R2_2_15mM_D0_D20,Water,R2,2,15mM,D0,D20,0,20,20,13.11.25,68.142,,
Water_R2_3_15mM_D0_D20,Water,R2,3,15mM,D0,D20,0,20,20,13.11.25,64.12,,
Water_R2_4_15mM_D0_D20,Water,R2,4,15mM,D0,D20,0,20,20,13.11.25,55.403,,
Water_R2_5_15mM_D0_D20,Water,R2,5,15mM,D0,D20,0,20,20,13.11.25,63.384,,
Water_R2_6_15mM_D0_D20,Water,R2,6,15mM,D0,D20,0,20,20,13.11.25,67.643,,
Water_R2_7_15mM_D0_D20,Water,R2,7,15mM,D0,D20,0,20,20,13.11.25,44.169,,
Water_R2_8_15mM_D0_D20,Water,R2,8,15mM,D0,D20,0,20,20,13.11.25,38.012,,
Water_R2_9_15mM_D0_D20,Water,R2,9,15mM,D0,D20,0,20,20,13.11.25,68.189,,
Water_R2_10_15mM_D0_D20,Water,R2,10,15mM,D0,D20,0,20,20,13.11.25,59.914,,
Water_R2_11_15mM_D0_D20,Water,R2,11,15mM,D0,D20,0,20,20,13.11.25,25.911,,
Water_R2_12_15mM_D0_D20,Water,R2,12,15mM,D0,D20,0,20,20,13.11.25,63.466,,
Water_R2_1_15mM_D0_D21,Water,R1,1,15mM,D0,D21,0,21,21,14.11.25,51.217,,
Water_R2_2_15mM_D0_D21,Water,R1,2,15mM,D0,D21,0,21,21,14.11.25,61.229,,
Water_R2_3_15mM_D0_D21,Water,R1,3,15mM,D0,D21,0,21,21,14.11.25,63.876,,
Water_R2_4_15mM_D0_D21,Water,R1,4,15mM,D0,D21,0,21,21,14.11.25,66.801,,
Water_R2_5_15mM_D0_D21,Water,R1,5,15mM,D0,D21,0,21,21,14.11.25,64.344,,
Water_R2_6_15mM_D0_D21,Water,R1,6,15mM,D0,D21,0,21,21,14.11.25,70.163,,
Water_R2_7_15mM_D0_D21,Water,R1,7,15mM,D0,D21,0,21,21,14.11.25,62.287,,
Water_R2_8_15mM_D0_D21,Water,R1,8,15mM,D0,D21,0,21,21,14.11.25,54.75,,
Water_R2_9_15mM_D0_D21,Water,R1,9,15mM,D0,D21,0,21,21,14.11.25,71.061,,
Water_R2_10_15mM_D0_D21,Water,R1,10,15mM,D0,D21,0,21,21,14.11.25,66.54,,
Water_R2_11_15mM_D0_D21,Water,R1,11,15mM,D0,D21,0,21,21,14.11.25,58.824,,
Water_R2_12_15mM_D0_D21,Water,R1,12,15mM,D0,D21,0,21,21,14.11.25,69.428,,
Water_R2_1_15mM_D0_D21,Water,R2,1,15mM,D0,D21,0,21,21,14.11.25,59.997,,
Water_R2_2_15mM_D0_D21,Water,R2,2,15mM,D0,D21,0,21,21,14.11.25,70.245,,
Water_R2_3_15mM_D0_D21,Water,R2,3,15mM,D0,D21,0,21,21,14.11.25,67.657,,
Water_R2_4_15mM_D0_D21,Water,R2,4,15mM,D0,D21,0,21,21,14.11.25,59.832,,
Water_R2_5_15mM_D0_D21,Water,R2,5,15mM,D0,D21,0,21,21,14.11.25,64.473,,
Water_R2_6_15mM_D0_D21,Water,R2,6,15mM,D0,D21,0,21,21,14.11.25,71.895,,
Water_R2_7_15mM_D0_D21,Water,R2,7,15mM,D0,D21,0,21,21,14.11.25,47.583,,
Water_R2_8_15mM_D0_D21,Water,R2,8,15mM,D0,D21,0,21,21,14.11.25,62.619,,
Water_R2_9_15mM_D0_D21,Water,R2,9,15mM,D0,D21,0,21,21,14.11.25,64.703,,
Water_R2_10_15mM_D0_D21,Water,R2,10,15mM,D0,D21,0,21,21,14.11.25,62.111,,
Water_R2_11_15mM_D0_D21,Water,R2,11,15mM,D0,D21,0,21,21,14.11.25,37.148,,
Water_R2_12_15mM_D0_D21,Water,R2,12,15mM,D0,D21,0,21,21,14.11.25,64.603,,