,Strain1,Strain2,Host,Media,Growth,OD600,Phylum,Class,Order,Phylum_alternative
1,AA0104,Mortierella_elongata_MPI-CAGE-AA-0104,A_thaliana,Glucose,Glucose [Tf-T0],0.690455556,Mucoromycota,Mortierellomycetes,Mortierellales,Mucoromycota
2,AA0104,Mortierella_elongata_MPI-CAGE-AA-0104,A_thaliana,Glucose,Glucose [Tf-T0],0.694111111,Mucoromycota,Mortierellomycetes,Mortierellales,Mucoromycota
3,AA0104,Mortierella_elongata_MPI-CAGE-AA-0104,A_thaliana,Glucose,Glucose [Tf-T0],0.703455556,Mucoromycota,Mortierellomycetes,Mortierellales,Mucoromycota
4,AA0113,Fusarium_sp._MPI-CAGE-AA-0113,A_thaliana,Glucose,Glucose [Tf-T0],0.542011111,Ascomycota,Sordariomycetes,Hypocreales,Ascomycota
5,AA0113,Fusarium_sp._MPI-CAGE-AA-0113,A_thaliana,Glucose,Glucose [Tf-T0],0.529533333,Ascomycota,Sordariomycetes,Hypocreales,Ascomycota
6,AA0113,Fusarium_sp._MPI-CAGE-AA-0113,A_thaliana,Glucose,Glucose [Tf-T0],0.512033333,Ascomycota,Sordariomycetes,Hypocreales,Ascomycota
7,AT0016,Plectosphaerella_cucumerina_MPI-CAGE-AT-0016,A_thaliana,Glucose,Glucose [Tf-T0],0.574933333,Ascomycota,Sordariomycetes,Glomerellales,Ascomycota
8,AT0016,Plectosphaerella_cucumerina_MPI-CAGE-AT-0016,A_thaliana,Glucose,Glucose [Tf-T0],0.601344444,Ascomycota,Sordariomycetes,Glomerellales,Ascomycota
9,AT0016,Plectosphaerella_cucumerina_MPI-CAGE-AT-0016,A_thaliana,Glucose,Glucose [Tf-T0],0.591577778,Ascomycota,Sordariomycetes,Glomerellales,Ascomycota
10,AT0023,Fusarium_redolens_MPI-CAGE-AT-0023,A_thaliana,Glucose,Glucose [Tf-T0],0.386688889,Ascomycota,Sordariomycetes,Hypocreales,Ascomycota
11,AT0023,Fusarium_redolens_MPI-CAGE-AT-0023,A_thaliana,Glucose,Glucose [Tf-T0],0.390633333,Ascomycota,Sordariomycetes,Hypocreales,Ascomycota
12,AT0023,Fusarium_redolens_MPI-CAGE-AT-0023,A_thaliana,Glucose,Glucose [Tf-T0],0.387488889,Ascomycota,Sordariomycetes,Hypocreales,Ascomycota
13,AT0026,Ilyonectria_europaea_MPI-CAGE-AT-0026,A_thaliana,Glucose,Glucose [Tf-T0],0.533433333,Ascomycota,Sordariomycetes,Hypocreales,Ascomycota
14,AT0026,Ilyonectria_europaea_MPI-CAGE-AT-0026,A_thaliana,Glucose,Glucose [Tf-T0],0.441466667,Ascomycota,Sordariomycetes,Hypocreales,Ascomycota
15,AT0026,Ilyonectria_europaea_MPI-CAGE-AT-0026,A_thaliana,Glucose,Glucose [Tf-T0],0.488722222,Ascomycota,Sordariomycetes,Hypocreales,Ascomycota
16,AT0040,Alternaria_rosae_MPI-PUGE-AT-0040,A_thaliana,Glucose,Glucose [Tf-T0],0.348844444,Ascomycota,Dothideomycetes,Pleosporales,Ascomycota
17,AT0040,Alternaria_rosae_MPI-PUGE-AT-0040,A_thaliana,Glucose,Glucose [Tf-T0],0.324655556,Ascomycota,Dothideomycetes,Pleosporales,Ascomycota
18,AT0040,Alternaria_rosae_MPI-PUGE-AT-0040,A_thaliana,Glucose,Glucose [Tf-T0],0.385833333,Ascomycota,Dothideomycetes,Pleosporales,Ascomycota
19,AT0064,Alternaria_alternata_MPI-PUGE-AT-0064,A_thaliana,Glucose,Glucose [Tf-T0],0.323388889,Ascomycota,Dothideomycetes,Pleosporales,Ascomycota
20,AT0064,Alternaria_alternata_MPI-PUGE-AT-0064,A_thaliana,Glucose,Glucose [Tf-T0],0.322844444,Ascomycota,Dothideomycetes,Pleosporales,Ascomycota
21,AT0064,Alternaria_alternata_MPI-PUGE-AT-0064,A_thaliana,Glucose,Glucose [Tf-T0],0.351911111,Ascomycota,Dothideomycetes,Pleosporales,Ascomycota
22,AT0079,Chaetomium_globosum_MPI-SDFR-AT-0079,A_thaliana,Glucose,Glucose [Tf-T0],0.405822222,Ascomycota,Sordariomycetes,Sordariales,Ascomycota
23,AT0079,Chaetomium_globosum_MPI-SDFR-AT-0079,A_thaliana,Glucose,Glucose [Tf-T0],0.428622222,Ascomycota,Sordariomycetes,Sordariales,Ascomycota
24,AT0079,Chaetomium_globosum_MPI-SDFR-AT-0079,A_thaliana,Glucose,Glucose [Tf-T0],0.381333333,Ascomycota,Sordariomycetes,Sordariales,Ascomycota
25,AT0100,Boeremia_exigua_MPI-SDFR-AT-0100,A_thaliana,Glucose,Glucose [Tf-T0],0.452222222,Ascomycota,Dothideomycetes,Pleosporales,Ascomycota
26,AT0100,Boeremia_exigua_MPI-SDFR-AT-0100,A_thaliana,Glucose,Glucose [Tf-T0],0.414688889,Ascomycota,Dothideomycetes,Pleosporales,Ascomycota
27,AT0100,Boeremia_exigua_MPI-SDFR-AT-0100,A_thaliana,Glucose,Glucose [Tf-T0],0.478344444,Ascomycota,Dothideomycetes,Pleosporales,Ascomycota
28,AT0134,Ilyonectria_sp._MPI-CAGE-AT-0134,A_thaliana,Glucose,Glucose [Tf-T0],0.6808,Ascomycota,Sordariomycetes,Hypocreales,Ascomycota
29,AT0134,Ilyonectria_sp._MPI-CAGE-AT-0134,A_thaliana,Glucose,Glucose [Tf-T0],0.540055556,Ascomycota,Sordariomycetes,Hypocreales,Ascomycota
30,AT0134,Ilyonectria_sp._MPI-CAGE-AT-0134,A_thaliana,Glucose,Glucose [Tf-T0],0.595555556,Ascomycota,Sordariomycetes,Hypocreales,Ascomycota
31,AT0135,Halenospora_varia_MPI-CAGE-AT-0135,A_thaliana,Glucose,Glucose [Tf-T0],0.489322222,Ascomycota,Leotiomycetes,Helotiales,Ascomycota
32,AT0135,Halenospora_varia_MPI-CAGE-AT-0135,A_thaliana,Glucose,Glucose [Tf-T0],0.503466667,Ascomycota,Leotiomycetes,Helotiales,Ascomycota
33,AT0135,Halenospora_varia_MPI-CAGE-AT-0135,A_thaliana,Glucose,Glucose [Tf-T0],0.556888889,Ascomycota,Leotiomycetes,Helotiales,Ascomycota
34,AT0147,Dactylonectria_macrodidyma_MPI-CAGE-AT-0147,A_thaliana,Glucose,Glucose [Tf-T0],0.465077778,Ascomycota,Sordariomycetes,Hypocreales,Ascomycota
35,AT0147,Dactylonectria_macrodidyma_MPI-CAGE-AT-0147,A_thaliana,Glucose,Glucose [Tf-T0],0.399388889,Ascomycota,Sordariomycetes,Hypocreales,Ascomycota
36,AT0147,Dactylonectria_macrodidyma_MPI-CAGE-AT-0147,A_thaliana,Glucose,Glucose [Tf-T0],0.448144444,Ascomycota,Sordariomycetes,Hypocreales,Ascomycota
37,Bn_01,Bn_01,B_napus,Glucose,Glucose [Tf-T0],0.523855556,Ascomycota,Sordariomycetes,Hypocreales,Ascomycota
38,Bn_01,Bn_01,B_napus,Glucose,Glucose [Tf-T0],0.489055556,Ascomycota,Sordariomycetes,Hypocreales,Ascomycota
39,Bn_01,Bn_01,B_napus,Glucose,Glucose [Tf-T0],0.491088889,Ascomycota,Sordariomycetes,Hypocreales,Ascomycota
40,Bn_03,Bn_03,B_napus,Glucose,Glucose [Tf-T0],0.537455556,Ascomycota,Dothideomycetes,Cladosporiales,Ascomycota
41,Bn_03,Bn_03,B_napus,Glucose,Glucose [Tf-T0],0.5523,Ascomycota,Dothideomycetes,Cladosporiales,Ascomycota
42,Bn_03,Bn_03,B_napus,Glucose,Glucose [Tf-T0],0.562455556,Ascomycota,Dothideomycetes,Cladosporiales,Ascomycota
43,Bn_05,Bn_05,B_napus,Glucose,Glucose [Tf-T0],0.311233333,Ascomycota,Sordariomycetes,Hypocreales,Ascomycota
44,Bn_05,Bn_05,B_napus,Glucose,Glucose [Tf-T0],0.357322222,Ascomycota,Sordariomycetes,Hypocreales,Ascomycota
45,Bn_05,Bn_05,B_napus,Glucose,Glucose [Tf-T0],0.363033333,Ascomycota,Sordariomycetes,Hypocreales,Ascomycota
49,AA0104,Mortierella_elongata_MPI-CAGE-AA-0104,A_thaliana,3OMG,3-O-MG [Tf-T0],0.212344444,Mucoromycota,Mortierellomycetes,Mortierellales,Mucoromycota
50,AA0104,Mortierella_elongata_MPI-CAGE-AA-0104,A_thaliana,3OMG,3-O-MG [Tf-T0],0.0995,Mucoromycota,Mortierellomycetes,Mortierellales,Mucoromycota
51,AA0104,Mortierella_elongata_MPI-CAGE-AA-0104,A_thaliana,3OMG,3-O-MG [Tf-T0],0.104577778,Mucoromycota,Mortierellomycetes,Mortierellales,Mucoromycota
52,AA0113,Fusarium_sp._MPI-CAGE-AA-0113,A_thaliana,3OMG,3-O-MG [Tf-T0],0.124433333,Ascomycota,Sordariomycetes,Hypocreales,Ascomycota
53,AA0113,Fusarium_sp._MPI-CAGE-AA-0113,A_thaliana,3OMG,3-O-MG [Tf-T0],0.115288889,Ascomycota,Sordariomycetes,Hypocreales,Ascomycota
54,AA0113,Fusarium_sp._MPI-CAGE-AA-0113,A_thaliana,3OMG,3-O-MG [Tf-T0],0.104455556,Ascomycota,Sordariomycetes,Hypocreales,Ascomycota
55,AT0016,Plectosphaerella_cucumerina_MPI-CAGE-AT-0016,A_thaliana,3OMG,3-O-MG [Tf-T0],0.028055556,Ascomycota,Sordariomycetes,Glomerellales,Ascomycota
56,AT0016,Plectosphaerella_cucumerina_MPI-CAGE-AT-0016,A_thaliana,3OMG,3-O-MG [Tf-T0],0.109022222,Ascomycota,Sordariomycetes,Glomerellales,Ascomycota
57,AT0016,Plectosphaerella_cucumerina_MPI-CAGE-AT-0016,A_thaliana,3OMG,3-O-MG [Tf-T0],0.111477778,Ascomycota,Sordariomycetes,Glomerellales,Ascomycota
58,AT0023,Fusarium_redolens_MPI-CAGE-AT-0023,A_thaliana,3OMG,3-O-MG [Tf-T0],0.133888889,Ascomycota,Sordariomycetes,Hypocreales,Ascomycota
59,AT0023,Fusarium_redolens_MPI-CAGE-AT-0023,A_thaliana,3OMG,3-O-MG [Tf-T0],0.171988889,Ascomycota,Sordariomycetes,Hypocreales,Ascomycota
60,AT0023,Fusarium_redolens_MPI-CAGE-AT-0023,A_thaliana,3OMG,3-O-MG [Tf-T0],0.191866667,Ascomycota,Sordariomycetes,Hypocreales,Ascomycota
61,AT0026,Ilyonectria_europaea_MPI-CAGE-AT-0026,A_thaliana,3OMG,3-O-MG [Tf-T0],0.241477778,Ascomycota,Sordariomycetes,Hypocreales,Ascomycota
62,AT0026,Ilyonectria_europaea_MPI-CAGE-AT-0026,A_thaliana,3OMG,3-O-MG [Tf-T0],0.1689,Ascomycota,Sordariomycetes,Hypocreales,Ascomycota
63,AT0026,Ilyonectria_europaea_MPI-CAGE-AT-0026,A_thaliana,3OMG,3-O-MG [Tf-T0],0.109077778,Ascomycota,Sordariomycetes,Hypocreales,Ascomycota
64,AT0040,Alternaria_rosae_MPI-PUGE-AT-0040,A_thaliana,3OMG,3-O-MG [Tf-T0],0,Ascomycota,Dothideomycetes,Pleosporales,Ascomycota
65,AT0040,Alternaria_rosae_MPI-PUGE-AT-0040,A_thaliana,3OMG,3-O-MG [Tf-T0],0,Ascomycota,Dothideomycetes,Pleosporales,Ascomycota
66,AT0040,Alternaria_rosae_MPI-PUGE-AT-0040,A_thaliana,3OMG,3-O-MG [Tf-T0],0,Ascomycota,Dothideomycetes,Pleosporales,Ascomycota
67,AT0064,Alternaria_alternata_MPI-PUGE-AT-0064,A_thaliana,3OMG,3-O-MG [Tf-T0],0.138066667,Ascomycota,Dothideomycetes,Pleosporales,Ascomycota
68,AT0064,Alternaria_alternata_MPI-PUGE-AT-0064,A_thaliana,3OMG,3-O-MG [Tf-T0],0.124666667,Ascomycota,Dothideomycetes,Pleosporales,Ascomycota
69,AT0064,Alternaria_alternata_MPI-PUGE-AT-0064,A_thaliana,3OMG,3-O-MG [Tf-T0],0.167322222,Ascomycota,Dothideomycetes,Pleosporales,Ascomycota
70,AT0079,Chaetomium_globosum_MPI-SDFR-AT-0079,A_thaliana,3OMG,3-O-MG [Tf-T0],0.004044444,Ascomycota,Sordariomycetes,Sordariales,Ascomycota
71,AT0079,Chaetomium_globosum_MPI-SDFR-AT-0079,A_thaliana,3OMG,3-O-MG [Tf-T0],0,Ascomycota,Sordariomycetes,Sordariales,Ascomycota
72,AT0079,Chaetomium_globosum_MPI-SDFR-AT-0079,A_thaliana,3OMG,3-O-MG [Tf-T0],0.072177778,Ascomycota,Sordariomycetes,Sordariales,Ascomycota
73,AT0100,Boeremia_exigua_MPI-SDFR-AT-0100,A_thaliana,3OMG,3-O-MG [Tf-T0],0.127155556,Ascomycota,Dothideomycetes,Pleosporales,Ascomycota
74,AT0100,Boeremia_exigua_MPI-SDFR-AT-0100,A_thaliana,3OMG,3-O-MG [Tf-T0],0.014422222,Ascomycota,Dothideomycetes,Pleosporales,Ascomycota
75,AT0100,Boeremia_exigua_MPI-SDFR-AT-0100,A_thaliana,3OMG,3-O-MG [Tf-T0],0,Ascomycota,Dothideomycetes,Pleosporales,Ascomycota
76,AT0134,Ilyonectria_sp._MPI-CAGE-AT-0134,A_thaliana,3OMG,3-O-MG [Tf-T0],0.1467,Ascomycota,Sordariomycetes,Hypocreales,Ascomycota
77,AT0134,Ilyonectria_sp._MPI-CAGE-AT-0134,A_thaliana,3OMG,3-O-MG [Tf-T0],0.117022222,Ascomycota,Sordariomycetes,Hypocreales,Ascomycota
78,AT0134,Ilyonectria_sp._MPI-CAGE-AT-0134,A_thaliana,3OMG,3-O-MG [Tf-T0],0.137433333,Ascomycota,Sordariomycetes,Hypocreales,Ascomycota
79,AT0135,Halenospora_varia_MPI-CAGE-AT-0135,A_thaliana,3OMG,3-O-MG [Tf-T0],0.163444444,Ascomycota,Leotiomycetes,Helotiales,Ascomycota
80,AT0135,Halenospora_varia_MPI-CAGE-AT-0135,A_thaliana,3OMG,3-O-MG [Tf-T0],0.182444444,Ascomycota,Leotiomycetes,Helotiales,Ascomycota
81,AT0135,Halenospora_varia_MPI-CAGE-AT-0135,A_thaliana,3OMG,3-O-MG [Tf-T0],0.179877778,Ascomycota,Leotiomycetes,Helotiales,Ascomycota
82,AT0147,Dactylonectria_macrodidyma_MPI-CAGE-AT-0147,A_thaliana,3OMG,3-O-MG [Tf-T0],0.164955556,Ascomycota,Sordariomycetes,Hypocreales,Ascomycota
83,AT0147,Dactylonectria_macrodidyma_MPI-CAGE-AT-0147,A_thaliana,3OMG,3-O-MG [Tf-T0],0.174211111,Ascomycota,Sordariomycetes,Hypocreales,Ascomycota
84,AT0147,Dactylonectria_macrodidyma_MPI-CAGE-AT-0147,A_thaliana,3OMG,3-O-MG [Tf-T0],0.259122222,Ascomycota,Sordariomycetes,Hypocreales,Ascomycota
85,Bn_01,Bn_01,B_napus,3OMG,3-O-MG [Tf-T0],0.277266667,Ascomycota,Sordariomycetes,Hypocreales,Ascomycota
86,Bn_01,Bn_01,B_napus,3OMG,3-O-MG [Tf-T0],0.207955556,Ascomycota,Sordariomycetes,Hypocreales,Ascomycota
87,Bn_01,Bn_01,B_napus,3OMG,3-O-MG [Tf-T0],0.182811111,Ascomycota,Sordariomycetes,Hypocreales,Ascomycota
88,Bn_03,Bn_03,B_napus,3OMG,3-O-MG [Tf-T0],0.177411111,Ascomycota,Dothideomycetes,Cladosporiales,Ascomycota
89,Bn_03,Bn_03,B_napus,3OMG,3-O-MG [Tf-T0],0.2296,Ascomycota,Dothideomycetes,Cladosporiales,Ascomycota
90,Bn_03,Bn_03,B_napus,3OMG,3-O-MG [Tf-T0],0.209233333,Ascomycota,Dothideomycetes,Cladosporiales,Ascomycota
91,Bn_05,Bn_05,B_napus,3OMG,3-O-MG [Tf-T0],0.207233333,Ascomycota,Sordariomycetes,Hypocreales,Ascomycota
92,Bn_05,Bn_05,B_napus,3OMG,3-O-MG [Tf-T0],0.236444444,Ascomycota,Sordariomycetes,Hypocreales,Ascomycota
93,Bn_05,Bn_05,B_napus,3OMG,3-O-MG [Tf-T0],0.200833333,Ascomycota,Sordariomycetes,Hypocreales,Ascomycota
97,Bn_06,Bn_06,B_napus,Glucose,Glucose [Tf-T0],0.202577778,Mucoromycota,Mucoromycetes,Mucorales,Mucoromycota
98,Bn_06,Bn_06,B_napus,Glucose,Glucose [Tf-T0],0.245377778,Mucoromycota,Mucoromycetes,Mucorales,Mucoromycota
99,Bn_06,Bn_06,B_napus,Glucose,Glucose [Tf-T0],0.251944444,Mucoromycota,Mucoromycetes,Mucorales,Mucoromycota
100,Bn_07,Bn_07,B_napus,Glucose,Glucose [Tf-T0],0.259322222,Mucoromycota,Mucoromycetes,Mucorales,Mucoromycota
101,Bn_07,Bn_07,B_napus,Glucose,Glucose [Tf-T0],0.266311111,Mucoromycota,Mucoromycetes,Mucorales,Mucoromycota
102,Bn_07,Bn_07,B_napus,Glucose,Glucose [Tf-T0],0.264466667,Mucoromycota,Mucoromycetes,Mucorales,Mucoromycota
103,Bn_08,Bn_08,B_napus,Glucose,Glucose [Tf-T0],0.354477778,Mucoromycota,Mucoromycetes,Mucorales,Mucoromycota
104,Bn_08,Bn_08,B_napus,Glucose,Glucose [Tf-T0],0.3907,Mucoromycota,Mucoromycetes,Mucorales,Mucoromycota
105,Bn_08,Bn_08,B_napus,Glucose,Glucose [Tf-T0],0.408833333,Mucoromycota,Mucoromycetes,Mucorales,Mucoromycota
106,Bn_09,Bn_09,B_napus,Glucose,Glucose [Tf-T0],0.459933333,Ascomycota,Sordariomycetes,Hypocreales,Ascomycota
107,Bn_09,Bn_09,B_napus,Glucose,Glucose [Tf-T0],0.352344444,Ascomycota,Sordariomycetes,Hypocreales,Ascomycota
108,Bn_09,Bn_09,B_napus,Glucose,Glucose [Tf-T0],0.473444444,Ascomycota,Sordariomycetes,Hypocreales,Ascomycota
109,Bn_10,Bn_10,B_napus,Glucose,Glucose [Tf-T0],0.471511111,Ascomycota,Sordariomycetes,Hypocreales,Ascomycota
110,Bn_10,Bn_10,B_napus,Glucose,Glucose [Tf-T0],0.458255556,Ascomycota,Sordariomycetes,Hypocreales,Ascomycota
111,Bn_10,Bn_10,B_napus,Glucose,Glucose [Tf-T0],0.311066667,Ascomycota,Sordariomycetes,Hypocreales,Ascomycota
112,Bn_11,Bn_11,B_napus,Glucose,Glucose [Tf-T0],0.642622222,Ascomycota,Eurotiomycetes,Eurotiales,Ascomycota
113,Bn_11,Bn_11,B_napus,Glucose,Glucose [Tf-T0],0.628177778,Ascomycota,Eurotiomycetes,Eurotiales,Ascomycota
114,Bn_11,Bn_11,B_napus,Glucose,Glucose [Tf-T0],0.628588889,Ascomycota,Eurotiomycetes,Eurotiales,Ascomycota
115,Bn_14,Bn_14,B_napus,Glucose,Glucose [Tf-T0],0.680666667,Ascomycota,Dothideomycetes,Pleosporales,Ascomycota
116,Bn_14,Bn_14,B_napus,Glucose,Glucose [Tf-T0],0.709588889,Ascomycota,Dothideomycetes,Pleosporales,Ascomycota
117,Bn_14,Bn_14,B_napus,Glucose,Glucose [Tf-T0],0.576266667,Ascomycota,Dothideomycetes,Pleosporales,Ascomycota
118,Bn_15,Bn_15,B_napus,Glucose,Glucose [Tf-T0],0.272288889,Ascomycota,Dothideomycetes,Cladosporiales,Ascomycota
119,Bn_15,Bn_15,B_napus,Glucose,Glucose [Tf-T0],0.475177778,Ascomycota,Dothideomycetes,Cladosporiales,Ascomycota
120,Bn_15,Bn_15,B_napus,Glucose,Glucose [Tf-T0],0.506233333,Ascomycota,Dothideomycetes,Cladosporiales,Ascomycota
121,Bn_16,Bn_16,B_napus,Glucose,Glucose [Tf-T0],0.316533333,Ascomycota,Sordariomycetes,Hypocreales,Ascomycota
122,Bn_16,Bn_16,B_napus,Glucose,Glucose [Tf-T0],0.301644444,Ascomycota,Sordariomycetes,Hypocreales,Ascomycota
123,Bn_16,Bn_16,B_napus,Glucose,Glucose [Tf-T0],0.277377778,Ascomycota,Sordariomycetes,Hypocreales,Ascomycota
124,Bn_17,Bn_17,B_napus,Glucose,Glucose [Tf-T0],0.522844444,Ascomycota,Eurotiomycetes,Eurotiales,Ascomycota
125,Bn_17,Bn_17,B_napus,Glucose,Glucose [Tf-T0],0.527722222,Ascomycota,Eurotiomycetes,Eurotiales,Ascomycota
126,Bn_17,Bn_17,B_napus,Glucose,Glucose [Tf-T0],0.499788889,Ascomycota,Eurotiomycetes,Eurotiales,Ascomycota
127,Bn_18,Bn_18,B_napus,Glucose,Glucose [Tf-T0],0.647777778,Ascomycota,Sordariomycetes,Hypocreales,Ascomycota
128,Bn_18,Bn_18,B_napus,Glucose,Glucose [Tf-T0],0.696488889,Ascomycota,Sordariomycetes,Hypocreales,Ascomycota
129,Bn_18,Bn_18,B_napus,Glucose,Glucose [Tf-T0],0.664233333,Ascomycota,Sordariomycetes,Hypocreales,Ascomycota
130,Bn_19,Bn_19,B_napus,Glucose,Glucose [Tf-T0],0.188222222,Mucoromycota,Mucoromycetes,Mucorales,Mucoromycota
131,Bn_19,Bn_19,B_napus,Glucose,Glucose [Tf-T0],0.183111111,Mucoromycota,Mucoromycetes,Mucorales,Mucoromycota
132,Bn_19,Bn_19,B_napus,Glucose,Glucose [Tf-T0],0.253144444,Mucoromycota,Mucoromycetes,Mucorales,Mucoromycota
133,Bn_21,Bn_21,B_napus,Glucose,Glucose [Tf-T0],0.294077778,Mucoromycota,Mortierellomycetes,Mortierellales,Mucoromycota
134,Bn_21,Bn_21,B_napus,Glucose,Glucose [Tf-T0],0.360455556,Mucoromycota,Mortierellomycetes,Mortierellales,Mucoromycota
135,Bn_21,Bn_21,B_napus,Glucose,Glucose [Tf-T0],0.310733333,Mucoromycota,Mortierellomycetes,Mortierellales,Mucoromycota
136,Bn_22,Bn_22,B_napus,Glucose,Glucose [Tf-T0],0.543111111,Ascomycota,Eurotiomycetes,Eurotiales,Ascomycota
137,Bn_22,Bn_22,B_napus,Glucose,Glucose [Tf-T0],0.546677778,Ascomycota,Eurotiomycetes,Eurotiales,Ascomycota
138,Bn_22,Bn_22,B_napus,Glucose,Glucose [Tf-T0],0.506566667,Ascomycota,Eurotiomycetes,Eurotiales,Ascomycota
139,Bn_24,Bn_24,B_napus,Glucose,Glucose [Tf-T0],0.689533333,Ascomycota,Dothideomycetes,Pleosporales,Ascomycota
140,Bn_24,Bn_24,B_napus,Glucose,Glucose [Tf-T0],0.670077778,Ascomycota,Dothideomycetes,Pleosporales,Ascomycota
141,Bn_24,Bn_24,B_napus,Glucose,Glucose [Tf-T0],0.734033333,Ascomycota,Dothideomycetes,Pleosporales,Ascomycota
145,Bn_06,Bn_06,B_napus,3OMG,3-O-MG [Tf-T0],0.147388889,Mucoromycota,Mucoromycetes,Mucorales,Mucoromycota
146,Bn_06,Bn_06,B_napus,3OMG,3-O-MG [Tf-T0],0.072455556,Mucoromycota,Mucoromycetes,Mucorales,Mucoromycota
147,Bn_06,Bn_06,B_napus,3OMG,3-O-MG [Tf-T0],0.040155556,Mucoromycota,Mucoromycetes,Mucorales,Mucoromycota
148,Bn_07,Bn_07,B_napus,3OMG,3-O-MG [Tf-T0],0,Mucoromycota,Mucoromycetes,Mucorales,Mucoromycota
149,Bn_07,Bn_07,B_napus,3OMG,3-O-MG [Tf-T0],0,Mucoromycota,Mucoromycetes,Mucorales,Mucoromycota
150,Bn_07,Bn_07,B_napus,3OMG,3-O-MG [Tf-T0],0,Mucoromycota,Mucoromycetes,Mucorales,Mucoromycota
151,Bn_08,Bn_08,B_napus,3OMG,3-O-MG [Tf-T0],0,Mucoromycota,Mucoromycetes,Mucorales,Mucoromycota
152,Bn_08,Bn_08,B_napus,3OMG,3-O-MG [Tf-T0],0.015766667,Mucoromycota,Mucoromycetes,Mucorales,Mucoromycota
153,Bn_08,Bn_08,B_napus,3OMG,3-O-MG [Tf-T0],0,Mucoromycota,Mucoromycetes,Mucorales,Mucoromycota
154,Bn_09,Bn_09,B_napus,3OMG,3-O-MG [Tf-T0],0.150933333,Ascomycota,Sordariomycetes,Hypocreales,Ascomycota
155,Bn_09,Bn_09,B_napus,3OMG,3-O-MG [Tf-T0],0.170733333,Ascomycota,Sordariomycetes,Hypocreales,Ascomycota
156,Bn_09,Bn_09,B_napus,3OMG,3-O-MG [Tf-T0],0.218922222,Ascomycota,Sordariomycetes,Hypocreales,Ascomycota
157,Bn_10,Bn_10,B_napus,3OMG,3-O-MG [Tf-T0],0.193022222,Ascomycota,Sordariomycetes,Hypocreales,Ascomycota
158,Bn_10,Bn_10,B_napus,3OMG,3-O-MG [Tf-T0],0.159266667,Ascomycota,Sordariomycetes,Hypocreales,Ascomycota
159,Bn_10,Bn_10,B_napus,3OMG,3-O-MG [Tf-T0],0.131288889,Ascomycota,Sordariomycetes,Hypocreales,Ascomycota
160,Bn_11,Bn_11,B_napus,3OMG,3-O-MG [Tf-T0],0.093333333,Ascomycota,Eurotiomycetes,Eurotiales,Ascomycota
161,Bn_11,Bn_11,B_napus,3OMG,3-O-MG [Tf-T0],0.0881,Ascomycota,Eurotiomycetes,Eurotiales,Ascomycota
162,Bn_11,Bn_11,B_napus,3OMG,3-O-MG [Tf-T0],0.098977778,Ascomycota,Eurotiomycetes,Eurotiales,Ascomycota
163,Bn_14,Bn_14,B_napus,3OMG,3-O-MG [Tf-T0],0.139111111,Ascomycota,Dothideomycetes,Pleosporales,Ascomycota
164,Bn_14,Bn_14,B_napus,3OMG,3-O-MG [Tf-T0],0.162722222,Ascomycota,Dothideomycetes,Pleosporales,Ascomycota
165,Bn_14,Bn_14,B_napus,3OMG,3-O-MG [Tf-T0],0.201655556,Ascomycota,Dothideomycetes,Pleosporales,Ascomycota
166,Bn_15,Bn_15,B_napus,3OMG,3-O-MG [Tf-T0],0.201788889,Ascomycota,Dothideomycetes,Cladosporiales,Ascomycota
167,Bn_15,Bn_15,B_napus,3OMG,3-O-MG [Tf-T0],0.227266667,Ascomycota,Dothideomycetes,Cladosporiales,Ascomycota
168,Bn_15,Bn_15,B_napus,3OMG,3-O-MG [Tf-T0],0.289511111,Ascomycota,Dothideomycetes,Cladosporiales,Ascomycota
169,Bn_16,Bn_16,B_napus,3OMG,3-O-MG [Tf-T0],0.049988889,Ascomycota,Sordariomycetes,Hypocreales,Ascomycota
170,Bn_16,Bn_16,B_napus,3OMG,3-O-MG [Tf-T0],0.039022222,Ascomycota,Sordariomycetes,Hypocreales,Ascomycota
171,Bn_16,Bn_16,B_napus,3OMG,3-O-MG [Tf-T0],0.037244444,Ascomycota,Sordariomycetes,Hypocreales,Ascomycota
172,Bn_17,Bn_17,B_napus,3OMG,3-O-MG [Tf-T0],0.085166667,Ascomycota,Eurotiomycetes,Eurotiales,Ascomycota
173,Bn_17,Bn_17,B_napus,3OMG,3-O-MG [Tf-T0],0.0635,Ascomycota,Eurotiomycetes,Eurotiales,Ascomycota
174,Bn_17,Bn_17,B_napus,3OMG,3-O-MG [Tf-T0],0.059944444,Ascomycota,Eurotiomycetes,Eurotiales,Ascomycota
175,Bn_18,Bn_18,B_napus,3OMG,3-O-MG [Tf-T0],0.099688889,Ascomycota,Sordariomycetes,Hypocreales,Ascomycota
176,Bn_18,Bn_18,B_napus,3OMG,3-O-MG [Tf-T0],0.132766667,Ascomycota,Sordariomycetes,Hypocreales,Ascomycota
177,Bn_18,Bn_18,B_napus,3OMG,3-O-MG [Tf-T0],0.093988889,Ascomycota,Sordariomycetes,Hypocreales,Ascomycota
178,Bn_19,Bn_19,B_napus,3OMG,3-O-MG [Tf-T0],0,Mucoromycota,Mucoromycetes,Mucorales,Mucoromycota
179,Bn_19,Bn_19,B_napus,3OMG,3-O-MG [Tf-T0],0,Mucoromycota,Mucoromycetes,Mucorales,Mucoromycota
180,Bn_19,Bn_19,B_napus,3OMG,3-O-MG [Tf-T0],0.019277778,Mucoromycota,Mucoromycetes,Mucorales,Mucoromycota
181,Bn_21,Bn_21,B_napus,3OMG,3-O-MG [Tf-T0],0.125677778,Mucoromycota,Mortierellomycetes,Mortierellales,Mucoromycota
182,Bn_21,Bn_21,B_napus,3OMG,3-O-MG [Tf-T0],0.077233333,Mucoromycota,Mortierellomycetes,Mortierellales,Mucoromycota
183,Bn_21,Bn_21,B_napus,3OMG,3-O-MG [Tf-T0],0.105544444,Mucoromycota,Mortierellomycetes,Mortierellales,Mucoromycota
184,Bn_22,Bn_22,B_napus,3OMG,3-O-MG [Tf-T0],0.117722222,Ascomycota,Eurotiomycetes,Eurotiales,Ascomycota
185,Bn_22,Bn_22,B_napus,3OMG,3-O-MG [Tf-T0],0.103177778,Ascomycota,Eurotiomycetes,Eurotiales,Ascomycota
186,Bn_22,Bn_22,B_napus,3OMG,3-O-MG [Tf-T0],0.081833333,Ascomycota,Eurotiomycetes,Eurotiales,Ascomycota
187,Bn_24,Bn_24,B_napus,3OMG,3-O-MG [Tf-T0],0.131577778,Ascomycota,Dothideomycetes,Pleosporales,Ascomycota
188,Bn_24,Bn_24,B_napus,3OMG,3-O-MG [Tf-T0],0.158733333,Ascomycota,Dothideomycetes,Pleosporales,Ascomycota
189,Bn_24,Bn_24,B_napus,3OMG,3-O-MG [Tf-T0],0.192133333,Ascomycota,Dothideomycetes,Pleosporales,Ascomycota
193,Bn_25,Bn_25,B_napus,Glucose,Glucose [Tf-T0],0.501022222,Ascomycota,Eurotiomycetes,Eurotiales,Ascomycota
194,Bn_25,Bn_25,B_napus,Glucose,Glucose [Tf-T0],0.454033333,Ascomycota,Eurotiomycetes,Eurotiales,Ascomycota
195,Bn_25,Bn_25,B_napus,Glucose,Glucose [Tf-T0],0.525955556,Ascomycota,Eurotiomycetes,Eurotiales,Ascomycota
196,Bn_26,Bn_26,B_napus,Glucose,Glucose [Tf-T0],0.513422222,Ascomycota,Eurotiomycetes,Eurotiales,Ascomycota
197,Bn_26,Bn_26,B_napus,Glucose,Glucose [Tf-T0],0.523844444,Ascomycota,Eurotiomycetes,Eurotiales,Ascomycota
198,Bn_26,Bn_26,B_napus,Glucose,Glucose [Tf-T0],0.513144444,Ascomycota,Eurotiomycetes,Eurotiales,Ascomycota
199,Bn_27,Bn_27,B_napus,Glucose,Glucose [Tf-T0],0.379355556,Mucoromycota,Mortierellomycetes,Mortierellales,Mucoromycota
200,Bn_27,Bn_27,B_napus,Glucose,Glucose [Tf-T0],0.3705,Mucoromycota,Mortierellomycetes,Mortierellales,Mucoromycota
201,Bn_27,Bn_27,B_napus,Glucose,Glucose [Tf-T0],0.4259,Mucoromycota,Mortierellomycetes,Mortierellales,Mucoromycota
202,Bn_28,Bn_28,B_napus,Glucose,Glucose [Tf-T0],0.767855556,Ascomycota,Eurotiomycetes,Eurotiales,Ascomycota
203,Bn_28,Bn_28,B_napus,Glucose,Glucose [Tf-T0],0.757555556,Ascomycota,Eurotiomycetes,Eurotiales,Ascomycota
204,Bn_28,Bn_28,B_napus,Glucose,Glucose [Tf-T0],0.787611111,Ascomycota,Eurotiomycetes,Eurotiales,Ascomycota
205,Bn_29,Bn_29,B_napus,Glucose,Glucose [Tf-T0],0.601722222,Ascomycota,Eurotiomycetes,Eurotiales,Ascomycota
206,Bn_29,Bn_29,B_napus,Glucose,Glucose [Tf-T0],0.611288889,Ascomycota,Eurotiomycetes,Eurotiales,Ascomycota
207,Bn_29,Bn_29,B_napus,Glucose,Glucose [Tf-T0],0.593044444,Ascomycota,Eurotiomycetes,Eurotiales,Ascomycota
208,Bn_30,Bn_30,B_napus,Glucose,Glucose [Tf-T0],0.492511111,Ascomycota,Sordariomycetes,Hypocreales,Ascomycota
209,Bn_30,Bn_30,B_napus,Glucose,Glucose [Tf-T0],0.614444444,Ascomycota,Sordariomycetes,Hypocreales,Ascomycota
210,Bn_30,Bn_30,B_napus,Glucose,Glucose [Tf-T0],0.602144444,Ascomycota,Sordariomycetes,Hypocreales,Ascomycota
211,Bn_31,Bn_31,B_napus,Glucose,Glucose [Tf-T0],0.506966667,Ascomycota,Leotiomycetes,Helotiales,Ascomycota
212,Bn_31,Bn_31,B_napus,Glucose,Glucose [Tf-T0],0.262377778,Ascomycota,Leotiomycetes,Helotiales,Ascomycota
213,Bn_31,Bn_31,B_napus,Glucose,Glucose [Tf-T0],0.353755556,Ascomycota,Leotiomycetes,Helotiales,Ascomycota
214,Bn_32,Bn_32,B_napus,Glucose,Glucose [Tf-T0],0.464466667,Ascomycota,Eurotiomycetes,Eurotiales,Ascomycota
215,Bn_32,Bn_32,B_napus,Glucose,Glucose [Tf-T0],0.444088889,Ascomycota,Eurotiomycetes,Eurotiales,Ascomycota
216,Bn_32,Bn_32,B_napus,Glucose,Glucose [Tf-T0],0.414944444,Ascomycota,Eurotiomycetes,Eurotiales,Ascomycota
217,Bn_33,Bn_33,B_napus,Glucose,Glucose [Tf-T0],0.426133333,Ascomycota,Eurotiomycetes,Eurotiales,Ascomycota
218,Bn_33,Bn_33,B_napus,Glucose,Glucose [Tf-T0],0.431455556,Ascomycota,Eurotiomycetes,Eurotiales,Ascomycota
219,Bn_33,Bn_33,B_napus,Glucose,Glucose [Tf-T0],0.409355556,Ascomycota,Eurotiomycetes,Eurotiales,Ascomycota
220,Bn_34,Bn_34,B_napus,Glucose,Glucose [Tf-T0],0.689011111,Ascomycota,Dothideomycetes,Cladosporiales,Ascomycota
221,Bn_34,Bn_34,B_napus,Glucose,Glucose [Tf-T0],0.630744444,Ascomycota,Dothideomycetes,Cladosporiales,Ascomycota
222,Bn_34,Bn_34,B_napus,Glucose,Glucose [Tf-T0],0.633911111,Ascomycota,Dothideomycetes,Cladosporiales,Ascomycota
223,Bn_35,Bn_35,B_napus,Glucose,Glucose [Tf-T0],0.370177778,Ascomycota,Eurotiomycetes,Eurotiales,Ascomycota
224,Bn_35,Bn_35,B_napus,Glucose,Glucose [Tf-T0],0.386366667,Ascomycota,Eurotiomycetes,Eurotiales,Ascomycota
225,Bn_35,Bn_35,B_napus,Glucose,Glucose [Tf-T0],0.349177778,Ascomycota,Eurotiomycetes,Eurotiales,Ascomycota
226,Bn_37,Bn_37,B_napus,Glucose,Glucose [Tf-T0],0.464311111,NA,NA,NA,NA
227,Bn_37,Bn_37,B_napus,Glucose,Glucose [Tf-T0],0.457911111,NA,NA,NA,NA
228,Bn_37,Bn_37,B_napus,Glucose,Glucose [Tf-T0],0.478922222,NA,NA,NA,NA
229,Bn_38,Bn_38,B_napus,Glucose,Glucose [Tf-T0],0.510533333,Ascomycota,Sordariomycetes,Hypocreales,Ascomycota
230,Bn_38,Bn_38,B_napus,Glucose,Glucose [Tf-T0],0.5117,Ascomycota,Sordariomycetes,Hypocreales,Ascomycota
231,Bn_38,Bn_38,B_napus,Glucose,Glucose [Tf-T0],0.4833,Ascomycota,Sordariomycetes,Hypocreales,Ascomycota
232,Bn_41,Bn_41,B_napus,Glucose,Glucose [Tf-T0],0.493644444,Ascomycota,Eurotiomycetes,Eurotiales,Ascomycota
233,Bn_41,Bn_41,B_napus,Glucose,Glucose [Tf-T0],0.531033333,Ascomycota,Eurotiomycetes,Eurotiales,Ascomycota
234,Bn_41,Bn_41,B_napus,Glucose,Glucose [Tf-T0],0.553244444,Ascomycota,Eurotiomycetes,Eurotiales,Ascomycota
235,Bn_43,Bn_43,B_napus,Glucose,Glucose [Tf-T0],0.3055,Ascomycota,Dothideomycetes,Cladosporiales,Ascomycota
236,Bn_43,Bn_43,B_napus,Glucose,Glucose [Tf-T0],0.3113,Ascomycota,Dothideomycetes,Cladosporiales,Ascomycota
237,Bn_43,Bn_43,B_napus,Glucose,Glucose [Tf-T0],0.290488889,Ascomycota,Dothideomycetes,Cladosporiales,Ascomycota
241,Bn_25,Bn_25,B_napus,3OMG,3-O-MG [Tf-T0],0.278255556,Ascomycota,Eurotiomycetes,Eurotiales,Ascomycota
242,Bn_25,Bn_25,B_napus,3OMG,3-O-MG [Tf-T0],0.190344444,Ascomycota,Eurotiomycetes,Eurotiales,Ascomycota
243,Bn_25,Bn_25,B_napus,3OMG,3-O-MG [Tf-T0],0.1214,Ascomycota,Eurotiomycetes,Eurotiales,Ascomycota
244,Bn_26,Bn_26,B_napus,3OMG,3-O-MG [Tf-T0],0.085788889,Ascomycota,Eurotiomycetes,Eurotiales,Ascomycota
245,Bn_26,Bn_26,B_napus,3OMG,3-O-MG [Tf-T0],0.048755556,Ascomycota,Eurotiomycetes,Eurotiales,Ascomycota
246,Bn_26,Bn_26,B_napus,3OMG,3-O-MG [Tf-T0],0.0816,Ascomycota,Eurotiomycetes,Eurotiales,Ascomycota
247,Bn_27,Bn_27,B_napus,3OMG,3-O-MG [Tf-T0],0,Mucoromycota,Mortierellomycetes,Mortierellales,Mucoromycota
248,Bn_27,Bn_27,B_napus,3OMG,3-O-MG [Tf-T0],0,Mucoromycota,Mortierellomycetes,Mortierellales,Mucoromycota
249,Bn_27,Bn_27,B_napus,3OMG,3-O-MG [Tf-T0],0,Mucoromycota,Mortierellomycetes,Mortierellales,Mucoromycota
250,Bn_28,Bn_28,B_napus,3OMG,3-O-MG [Tf-T0],0.128266667,Ascomycota,Eurotiomycetes,Eurotiales,Ascomycota
251,Bn_28,Bn_28,B_napus,3OMG,3-O-MG [Tf-T0],0.121433333,Ascomycota,Eurotiomycetes,Eurotiales,Ascomycota
252,Bn_28,Bn_28,B_napus,3OMG,3-O-MG [Tf-T0],0.214033333,Ascomycota,Eurotiomycetes,Eurotiales,Ascomycota
253,Bn_29,Bn_29,B_napus,3OMG,3-O-MG [Tf-T0],0.215377778,Ascomycota,Eurotiomycetes,Eurotiales,Ascomycota
254,Bn_29,Bn_29,B_napus,3OMG,3-O-MG [Tf-T0],0.0763,Ascomycota,Eurotiomycetes,Eurotiales,Ascomycota
255,Bn_29,Bn_29,B_napus,3OMG,3-O-MG [Tf-T0],0.045255556,Ascomycota,Eurotiomycetes,Eurotiales,Ascomycota
256,Bn_30,Bn_30,B_napus,3OMG,3-O-MG [Tf-T0],0.141922222,Ascomycota,Sordariomycetes,Hypocreales,Ascomycota
257,Bn_30,Bn_30,B_napus,3OMG,3-O-MG [Tf-T0],0.119466667,Ascomycota,Sordariomycetes,Hypocreales,Ascomycota
258,Bn_30,Bn_30,B_napus,3OMG,3-O-MG [Tf-T0],0.146777778,Ascomycota,Sordariomycetes,Hypocreales,Ascomycota
259,Bn_31,Bn_31,B_napus,3OMG,3-O-MG [Tf-T0],0.019133333,Ascomycota,Leotiomycetes,Helotiales,Ascomycota
260,Bn_31,Bn_31,B_napus,3OMG,3-O-MG [Tf-T0],0.0656,Ascomycota,Leotiomycetes,Helotiales,Ascomycota
261,Bn_31,Bn_31,B_napus,3OMG,3-O-MG [Tf-T0],0.022222222,Ascomycota,Leotiomycetes,Helotiales,Ascomycota
262,Bn_32,Bn_32,B_napus,3OMG,3-O-MG [Tf-T0],0.026411111,Ascomycota,Eurotiomycetes,Eurotiales,Ascomycota
263,Bn_32,Bn_32,B_napus,3OMG,3-O-MG [Tf-T0],0,Ascomycota,Eurotiomycetes,Eurotiales,Ascomycota
264,Bn_32,Bn_32,B_napus,3OMG,3-O-MG [Tf-T0],0.057655556,Ascomycota,Eurotiomycetes,Eurotiales,Ascomycota
265,Bn_33,Bn_33,B_napus,3OMG,3-O-MG [Tf-T0],0.215577778,Ascomycota,Eurotiomycetes,Eurotiales,Ascomycota
266,Bn_33,Bn_33,B_napus,3OMG,3-O-MG [Tf-T0],0.117177778,Ascomycota,Eurotiomycetes,Eurotiales,Ascomycota
267,Bn_33,Bn_33,B_napus,3OMG,3-O-MG [Tf-T0],0.096933333,Ascomycota,Eurotiomycetes,Eurotiales,Ascomycota
268,Bn_34,Bn_34,B_napus,3OMG,3-O-MG [Tf-T0],0.073233333,Ascomycota,Dothideomycetes,Cladosporiales,Ascomycota
269,Bn_34,Bn_34,B_napus,3OMG,3-O-MG [Tf-T0],0.097022222,Ascomycota,Dothideomycetes,Cladosporiales,Ascomycota
270,Bn_34,Bn_34,B_napus,3OMG,3-O-MG [Tf-T0],0.134566667,Ascomycota,Dothideomycetes,Cladosporiales,Ascomycota
271,Bn_35,Bn_35,B_napus,3OMG,3-O-MG [Tf-T0],0.145588889,Ascomycota,Eurotiomycetes,Eurotiales,Ascomycota
272,Bn_35,Bn_35,B_napus,3OMG,3-O-MG [Tf-T0],0.171677778,Ascomycota,Eurotiomycetes,Eurotiales,Ascomycota
273,Bn_35,Bn_35,B_napus,3OMG,3-O-MG [Tf-T0],0.243788889,Ascomycota,Eurotiomycetes,Eurotiales,Ascomycota
277,Bn_38,Bn_38,B_napus,3OMG,3-O-MG [Tf-T0],0.224188889,Ascomycota,Sordariomycetes,Hypocreales,Ascomycota
278,Bn_38,Bn_38,B_napus,3OMG,3-O-MG [Tf-T0],0.097177778,Ascomycota,Sordariomycetes,Hypocreales,Ascomycota
279,Bn_38,Bn_38,B_napus,3OMG,3-O-MG [Tf-T0],0.101044444,Ascomycota,Sordariomycetes,Hypocreales,Ascomycota
280,Bn_41,Bn_41,B_napus,3OMG,3-O-MG [Tf-T0],0.142133333,Ascomycota,Eurotiomycetes,Eurotiales,Ascomycota
281,Bn_41,Bn_41,B_napus,3OMG,3-O-MG [Tf-T0],0.137355556,Ascomycota,Eurotiomycetes,Eurotiales,Ascomycota
282,Bn_41,Bn_41,B_napus,3OMG,3-O-MG [Tf-T0],0.156311111,Ascomycota,Eurotiomycetes,Eurotiales,Ascomycota
283,Bn_43,Bn_43,B_napus,3OMG,3-O-MG [Tf-T0],0.010977778,Ascomycota,Dothideomycetes,Cladosporiales,Ascomycota
284,Bn_43,Bn_43,B_napus,3OMG,3-O-MG [Tf-T0],0.019655556,Ascomycota,Dothideomycetes,Cladosporiales,Ascomycota
285,Bn_43,Bn_43,B_napus,3OMG,3-O-MG [Tf-T0],0.013455556,Ascomycota,Dothideomycetes,Cladosporiales,Ascomycota
286,Bn_37,Bn_37,B_napus,3OMG,3-O-MG [Tf-T0],0,NA,NA,NA,NA
287,Bn_37,Bn_37,B_napus,3OMG,3-O-MG [Tf-T0],0.162477778,NA,NA,NA,NA
288,Bn_37,Bn_37,B_napus,3OMG,3-O-MG [Tf-T0],0.225122222,NA,NA,NA,NA
289,Bn_44,Bn_44,B_napus,Glucose,Glucose [Tf-T0],0.601522222,Ascomycota,Eurotiomycetes,Eurotiales,Ascomycota
290,Bn_44,Bn_44,B_napus,Glucose,Glucose [Tf-T0],0.5813,Ascomycota,Eurotiomycetes,Eurotiales,Ascomycota
291,Bn_44,Bn_44,B_napus,Glucose,Glucose [Tf-T0],0.614511111,Ascomycota,Eurotiomycetes,Eurotiales,Ascomycota
292,Bn_46,Bn_46,B_napus,Glucose,Glucose [Tf-T0],0.553755555,Ascomycota,Sordariomycetes,Hypocreales,Ascomycota
293,Bn_46,Bn_46,B_napus,Glucose,Glucose [Tf-T0],0.556788888,Ascomycota,Sordariomycetes,Hypocreales,Ascomycota
294,Bn_46,Bn_46,B_napus,Glucose,Glucose [Tf-T0],0.5478,Ascomycota,Sordariomycetes,Hypocreales,Ascomycota
295,Bn_47,Bn_47,B_napus,Glucose,Glucose [Tf-T0],0.423411111,Ascomycota,Eurotiomycetes,Eurotiales,Ascomycota
296,Bn_47,Bn_47,B_napus,Glucose,Glucose [Tf-T0],0.466688888,Ascomycota,Eurotiomycetes,Eurotiales,Ascomycota
297,Bn_47,Bn_47,B_napus,Glucose,Glucose [Tf-T0],0.411011111,Ascomycota,Eurotiomycetes,Eurotiales,Ascomycota
298,Bn_50,Bn_50,B_napus,Glucose,Glucose [Tf-T0],0.247255555,Mucoromycota,Mucoromycetes,Mucorales,Mucoromycota
299,Bn_50,Bn_50,B_napus,Glucose,Glucose [Tf-T0],0.260144444,Mucoromycota,Mucoromycetes,Mucorales,Mucoromycota
300,Bn_50,Bn_50,B_napus,Glucose,Glucose [Tf-T0],0.247955556,Mucoromycota,Mucoromycetes,Mucorales,Mucoromycota
301,Bn_52,Bn_52,B_napus,Glucose,Glucose [Tf-T0],0.227822222,Mucoromycota,Mucoromycetes,Mucorales,Mucoromycota
302,Bn_52,Bn_52,B_napus,Glucose,Glucose [Tf-T0],0.212077778,Mucoromycota,Mucoromycetes,Mucorales,Mucoromycota
303,Bn_52,Bn_52,B_napus,Glucose,Glucose [Tf-T0],0.2135,Mucoromycota,Mucoromycetes,Mucorales,Mucoromycota
304,Bn_53,Bn_53,B_napus,Glucose,Glucose [Tf-T0],0.334833334,Mucoromycota,Mucoromycetes,Mucorales,Mucoromycota
305,Bn_53,Bn_53,B_napus,Glucose,Glucose [Tf-T0],0.358966666,Mucoromycota,Mucoromycetes,Mucorales,Mucoromycota
306,Bn_53,Bn_53,B_napus,Glucose,Glucose [Tf-T0],0.364166666,Mucoromycota,Mucoromycetes,Mucorales,Mucoromycota
307,Bn_54,Bn_54,B_napus,Glucose,Glucose [Tf-T0],0.484033333,Mucoromycota,Mortierellomycetes,Mortierellales,Mucoromycota
308,Bn_54,Bn_54,B_napus,Glucose,Glucose [Tf-T0],0.572155556,Mucoromycota,Mortierellomycetes,Mortierellales,Mucoromycota
309,Bn_54,Bn_54,B_napus,Glucose,Glucose [Tf-T0],0.519822222,Mucoromycota,Mortierellomycetes,Mortierellales,Mucoromycota
310,Bn_56,Bn_56,B_napus,Glucose,Glucose [Tf-T0],0.288955555,Mucoromycota,Mortierellomycetes,Mortierellales,Mucoromycota
311,Bn_56,Bn_56,B_napus,Glucose,Glucose [Tf-T0],0.279777778,Mucoromycota,Mortierellomycetes,Mortierellales,Mucoromycota
312,Bn_56,Bn_56,B_napus,Glucose,Glucose [Tf-T0],0.315288889,Mucoromycota,Mortierellomycetes,Mortierellales,Mucoromycota
313,Bn_57,Bn_57,B_napus,Glucose,Glucose [Tf-T0],0.520322222,NA,NA,NA,NA
314,Bn_57,Bn_57,B_napus,Glucose,Glucose [Tf-T0],0.5228,NA,NA,NA,NA
315,Bn_57,Bn_57,B_napus,Glucose,Glucose [Tf-T0],0.569411111,NA,NA,NA,NA
316,Bn_59,Bn_59,B_napus,Glucose,Glucose [Tf-T0],0.388388889,Ascomycota,Dothideomycetes,Cladosporiales,Ascomycota
317,Bn_59,Bn_59,B_napus,Glucose,Glucose [Tf-T0],0.364411111,Ascomycota,Dothideomycetes,Cladosporiales,Ascomycota
318,Bn_59,Bn_59,B_napus,Glucose,Glucose [Tf-T0],0.424433333,Ascomycota,Dothideomycetes,Cladosporiales,Ascomycota
319,Bn_60,Bn_60,B_napus,Glucose,Glucose [Tf-T0],0.541122222,Ascomycota,Eurotiomycetes,Eurotiales,Ascomycota
320,Bn_60,Bn_60,B_napus,Glucose,Glucose [Tf-T0],0.679433334,Ascomycota,Eurotiomycetes,Eurotiales,Ascomycota
321,Bn_60,Bn_60,B_napus,Glucose,Glucose [Tf-T0],0.681788889,Ascomycota,Eurotiomycetes,Eurotiales,Ascomycota
322,Bn_62,Bn_62,B_napus,Glucose,Glucose [Tf-T0],0.570711111,Ascomycota,Eurotiomycetes,Eurotiales,Ascomycota
323,Bn_62,Bn_62,B_napus,Glucose,Glucose [Tf-T0],0.5644,Ascomycota,Eurotiomycetes,Eurotiales,Ascomycota
324,Bn_62,Bn_62,B_napus,Glucose,Glucose [Tf-T0],0.540266666,Ascomycota,Eurotiomycetes,Eurotiales,Ascomycota
325,Bn_63,Bn_63,B_napus,Glucose,Glucose [Tf-T0],0.303344445,Ascomycota,Leotiomycetes,Thelebolales,Ascomycota
326,Bn_63,Bn_63,B_napus,Glucose,Glucose [Tf-T0],0.309488889,Ascomycota,Leotiomycetes,Thelebolales,Ascomycota
327,Bn_63,Bn_63,B_napus,Glucose,Glucose [Tf-T0],0.331966667,Ascomycota,Leotiomycetes,Thelebolales,Ascomycota
328,Bn_64,Bn_64,B_napus,Glucose,Glucose [Tf-T0],0.619488889,Ascomycota,Sordariomycetes,Glomerellales,Ascomycota
329,Bn_64,Bn_64,B_napus,Glucose,Glucose [Tf-T0],0.5991,Ascomycota,Sordariomycetes,Glomerellales,Ascomycota
330,Bn_64,Bn_64,B_napus,Glucose,Glucose [Tf-T0],0.568333334,Ascomycota,Sordariomycetes,Glomerellales,Ascomycota
331,Bn_67,Bn_67,B_napus,Glucose,Glucose [Tf-T0],0.711155555,Ascomycota,Dothideomycetes,Pleosporales,Ascomycota
332,Bn_67,Bn_67,B_napus,Glucose,Glucose [Tf-T0],0.6647,Ascomycota,Dothideomycetes,Pleosporales,Ascomycota
333,Bn_67,Bn_67,B_napus,Glucose,Glucose [Tf-T0],0.588122222,Ascomycota,Dothideomycetes,Pleosporales,Ascomycota
337,Bn_44,Bn_44,B_napus,3OMG,3-O-MG [Tf-T0],0.265488889,Ascomycota,Eurotiomycetes,Eurotiales,Ascomycota
338,Bn_44,Bn_44,B_napus,3OMG,3-O-MG [Tf-T0],0.167966667,Ascomycota,Eurotiomycetes,Eurotiales,Ascomycota
339,Bn_44,Bn_44,B_napus,3OMG,3-O-MG [Tf-T0],0.169277777,Ascomycota,Eurotiomycetes,Eurotiales,Ascomycota
340,Bn_46,Bn_46,B_napus,3OMG,3-O-MG [Tf-T0],0.221033334,Ascomycota,Sordariomycetes,Hypocreales,Ascomycota
341,Bn_46,Bn_46,B_napus,3OMG,3-O-MG [Tf-T0],0.100755556,Ascomycota,Sordariomycetes,Hypocreales,Ascomycota
342,Bn_46,Bn_46,B_napus,3OMG,3-O-MG [Tf-T0],0.098033333,Ascomycota,Sordariomycetes,Hypocreales,Ascomycota
343,Bn_47,Bn_47,B_napus,3OMG,3-O-MG [Tf-T0],0,Ascomycota,Eurotiomycetes,Eurotiales,Ascomycota
344,Bn_47,Bn_47,B_napus,3OMG,3-O-MG [Tf-T0],0.0156,Ascomycota,Eurotiomycetes,Eurotiales,Ascomycota
345,Bn_47,Bn_47,B_napus,3OMG,3-O-MG [Tf-T0],0.009711111,Ascomycota,Eurotiomycetes,Eurotiales,Ascomycota
346,Bn_50,Bn_50,B_napus,3OMG,3-O-MG [Tf-T0],0,Mucoromycota,Mucoromycetes,Mucorales,Mucoromycota
347,Bn_50,Bn_50,B_napus,3OMG,3-O-MG [Tf-T0],0,Mucoromycota,Mucoromycetes,Mucorales,Mucoromycota
348,Bn_50,Bn_50,B_napus,3OMG,3-O-MG [Tf-T0],0.078444445,Mucoromycota,Mucoromycetes,Mucorales,Mucoromycota
349,Bn_52,Bn_52,B_napus,3OMG,3-O-MG [Tf-T0],0.035566666,Mucoromycota,Mucoromycetes,Mucorales,Mucoromycota
350,Bn_52,Bn_52,B_napus,3OMG,3-O-MG [Tf-T0],0,Mucoromycota,Mucoromycetes,Mucorales,Mucoromycota
351,Bn_52,Bn_52,B_napus,3OMG,3-O-MG [Tf-T0],0,Mucoromycota,Mucoromycetes,Mucorales,Mucoromycota
352,Bn_53,Bn_53,B_napus,3OMG,3-O-MG [Tf-T0],0.117155556,Mucoromycota,Mucoromycetes,Mucorales,Mucoromycota
353,Bn_53,Bn_53,B_napus,3OMG,3-O-MG [Tf-T0],0.085133333,Mucoromycota,Mucoromycetes,Mucorales,Mucoromycota
354,Bn_53,Bn_53,B_napus,3OMG,3-O-MG [Tf-T0],0.089055555,Mucoromycota,Mucoromycetes,Mucorales,Mucoromycota
355,Bn_54,Bn_54,B_napus,3OMG,3-O-MG [Tf-T0],0.1254,Mucoromycota,Mortierellomycetes,Mortierellales,Mucoromycota
356,Bn_54,Bn_54,B_napus,3OMG,3-O-MG [Tf-T0],0.093311111,Mucoromycota,Mortierellomycetes,Mortierellales,Mucoromycota
357,Bn_54,Bn_54,B_napus,3OMG,3-O-MG [Tf-T0],0.134433333,Mucoromycota,Mortierellomycetes,Mortierellales,Mucoromycota
358,Bn_56,Bn_56,B_napus,3OMG,3-O-MG [Tf-T0],0.157388888,Mucoromycota,Mortierellomycetes,Mortierellales,Mucoromycota
359,Bn_56,Bn_56,B_napus,3OMG,3-O-MG [Tf-T0],0.169,Mucoromycota,Mortierellomycetes,Mortierellales,Mucoromycota
360,Bn_56,Bn_56,B_napus,3OMG,3-O-MG [Tf-T0],0.188188889,Mucoromycota,Mortierellomycetes,Mortierellales,Mucoromycota
361,Bn_57,Bn_57,B_napus,3OMG,3-O-MG [Tf-T0],0.211466666,NA,NA,NA,NA
362,Bn_57,Bn_57,B_napus,3OMG,3-O-MG [Tf-T0],0.1338,NA,NA,NA,NA
363,Bn_57,Bn_57,B_napus,3OMG,3-O-MG [Tf-T0],0.145555556,NA,NA,NA,NA
364,Bn_59,Bn_59,B_napus,3OMG,3-O-MG [Tf-T0],0.039444444,Ascomycota,Dothideomycetes,Cladosporiales,Ascomycota
365,Bn_59,Bn_59,B_napus,3OMG,3-O-MG [Tf-T0],0,Ascomycota,Dothideomycetes,Cladosporiales,Ascomycota
366,Bn_59,Bn_59,B_napus,3OMG,3-O-MG [Tf-T0],0.016633333,Ascomycota,Dothideomycetes,Cladosporiales,Ascomycota
367,Bn_60,Bn_60,B_napus,3OMG,3-O-MG [Tf-T0],0.020966666,Ascomycota,Eurotiomycetes,Eurotiales,Ascomycota
368,Bn_60,Bn_60,B_napus,3OMG,3-O-MG [Tf-T0],0.039933333,Ascomycota,Eurotiomycetes,Eurotiales,Ascomycota
369,Bn_60,Bn_60,B_napus,3OMG,3-O-MG [Tf-T0],0.0824,Ascomycota,Eurotiomycetes,Eurotiales,Ascomycota
370,Bn_62,Bn_62,B_napus,3OMG,3-O-MG [Tf-T0],0.262677777,Ascomycota,Eurotiomycetes,Eurotiales,Ascomycota
371,Bn_62,Bn_62,B_napus,3OMG,3-O-MG [Tf-T0],0.220877777,Ascomycota,Eurotiomycetes,Eurotiales,Ascomycota
372,Bn_62,Bn_62,B_napus,3OMG,3-O-MG [Tf-T0],0.262088889,Ascomycota,Eurotiomycetes,Eurotiales,Ascomycota
373,Bn_63,Bn_63,B_napus,3OMG,3-O-MG [Tf-T0],0.193433333,Ascomycota,Leotiomycetes,Thelebolales,Ascomycota
374,Bn_63,Bn_63,B_napus,3OMG,3-O-MG [Tf-T0],0.090966667,Ascomycota,Leotiomycetes,Thelebolales,Ascomycota
375,Bn_63,Bn_63,B_napus,3OMG,3-O-MG [Tf-T0],0.1112,Ascomycota,Leotiomycetes,Thelebolales,Ascomycota
376,Bn_64,Bn_64,B_napus,3OMG,3-O-MG [Tf-T0],0.302055555,Ascomycota,Sordariomycetes,Glomerellales,Ascomycota
377,Bn_64,Bn_64,B_napus,3OMG,3-O-MG [Tf-T0],0.282233334,Ascomycota,Sordariomycetes,Glomerellales,Ascomycota
378,Bn_64,Bn_64,B_napus,3OMG,3-O-MG [Tf-T0],0.240877778,Ascomycota,Sordariomycetes,Glomerellales,Ascomycota
379,Bn_67,Bn_67,B_napus,3OMG,3-O-MG [Tf-T0],0.096822222,Ascomycota,Dothideomycetes,Pleosporales,Ascomycota
380,Bn_67,Bn_67,B_napus,3OMG,3-O-MG [Tf-T0],0.087144445,Ascomycota,Dothideomycetes,Pleosporales,Ascomycota
381,Bn_67,Bn_67,B_napus,3OMG,3-O-MG [Tf-T0],0.163233334,Ascomycota,Dothideomycetes,Pleosporales,Ascomycota
385,Bn_68,Bn_68,B_napus,Glucose,Glucose [Tf-T0],0.6947,Ascomycota,Eurotiomycetes,Eurotiales,Ascomycota
386,Bn_68,Bn_68,B_napus,Glucose,Glucose [Tf-T0],0.693711111,Ascomycota,Eurotiomycetes,Eurotiales,Ascomycota
387,Bn_68,Bn_68,B_napus,Glucose,Glucose [Tf-T0],0.710922222,Ascomycota,Eurotiomycetes,Eurotiales,Ascomycota
388,F1,Verticillium_dahliae_MPI-CAGE-AT-0001,A_thaliana,Glucose,Glucose [Tf-T0],0.623433333,Ascomycota,Sordariomycetes,Glomerellales,Ascomycota
389,F1,Verticillium_dahliae_MPI-CAGE-AT-0001,A_thaliana,Glucose,Glucose [Tf-T0],0.614066667,Ascomycota,Sordariomycetes,Glomerellales,Ascomycota
390,F1,Verticillium_dahliae_MPI-CAGE-AT-0001,A_thaliana,Glucose,Glucose [Tf-T0],0.6408,Ascomycota,Sordariomycetes,Glomerellales,Ascomycota
391,F129,Chaetomium_sp._MPI-SDFR-AT-0129,A_thaliana,Glucose,Glucose [Tf-T0],0.561166666,Ascomycota,Sordariomycetes,Sordariales,Ascomycota
392,F129,Chaetomium_sp._MPI-SDFR-AT-0129,A_thaliana,Glucose,Glucose [Tf-T0],0.476455555,Ascomycota,Sordariomycetes,Sordariales,Ascomycota
393,F129,Chaetomium_sp._MPI-SDFR-AT-0129,A_thaliana,Glucose,Glucose [Tf-T0],0.428111111,Ascomycota,Sordariomycetes,Sordariales,Ascomycota
394,F201,Fusarium_venenatum_MPI-CAGE-CH-0201,A_thaliana,Glucose,Glucose [Tf-T0],0.524122222,Ascomycota,Sordariomycetes,Hypocreales,Ascomycota
395,F201,Fusarium_venenatum_MPI-CAGE-CH-0201,A_thaliana,Glucose,Glucose [Tf-T0],0.524822222,Ascomycota,Sordariomycetes,Hypocreales,Ascomycota
396,F201,Fusarium_venenatum_MPI-CAGE-CH-0201,A_thaliana,Glucose,Glucose [Tf-T0],0.544044444,Ascomycota,Sordariomycetes,Hypocreales,Ascomycota
397,F212,Fusarium_oxysporum_MPI-CAGE-CH-0212,A_thaliana,Glucose,Glucose [Tf-T0],0.390577778,Ascomycota,Sordariomycetes,Hypocreales,Ascomycota
398,F212,Fusarium_oxysporum_MPI-CAGE-CH-0212,A_thaliana,Glucose,Glucose [Tf-T0],0.390988889,Ascomycota,Sordariomycetes,Hypocreales,Ascomycota
399,F212,Fusarium_oxysporum_MPI-CAGE-CH-0212,A_thaliana,Glucose,Glucose [Tf-T0],0.372233333,Ascomycota,Sordariomycetes,Hypocreales,Ascomycota
400,F44,Fusarium_tricinctum_MPI-SDFR-AT-0044,A_thaliana,Glucose,Glucose [Tf-T0],0.443888889,Ascomycota,Sordariomycetes,Hypocreales,Ascomycota
401,F44,Fusarium_tricinctum_MPI-SDFR-AT-0044,A_thaliana,Glucose,Glucose [Tf-T0],0.454533333,Ascomycota,Sordariomycetes,Hypocreales,Ascomycota
402,F44,Fusarium_tricinctum_MPI-SDFR-AT-0044,A_thaliana,Glucose,Glucose [Tf-T0],0.439455556,Ascomycota,Sordariomycetes,Hypocreales,Ascomycota
403,F68,Fusarium_tricinctum_MPI-SDFR-AT-0068,A_thaliana,Glucose,Glucose [Tf-T0],0.4509,Ascomycota,Sordariomycetes,Hypocreales,Ascomycota
404,F68,Fusarium_tricinctum_MPI-SDFR-AT-0068,A_thaliana,Glucose,Glucose [Tf-T0],0.431855556,Ascomycota,Sordariomycetes,Hypocreales,Ascomycota
405,F68,Fusarium_tricinctum_MPI-SDFR-AT-0068,A_thaliana,Glucose,Glucose [Tf-T0],0.468322222,Ascomycota,Sordariomycetes,Hypocreales,Ascomycota
406,F72,Fusarium_sp._MPI-SDFR-AT-0072,A_thaliana,Glucose,Glucose [Tf-T0],0.307255555,Ascomycota,Sordariomycetes,Hypocreales,Ascomycota
407,F72,Fusarium_sp._MPI-SDFR-AT-0072,A_thaliana,Glucose,Glucose [Tf-T0],0.283066666,Ascomycota,Sordariomycetes,Hypocreales,Ascomycota
408,F72,Fusarium_sp._MPI-SDFR-AT-0072,A_thaliana,Glucose,Glucose [Tf-T0],0.343088889,Ascomycota,Sordariomycetes,Hypocreales,Ascomycota
409,F7374,Truncatella_angustata_MPI-SDFR-AT-0073,A_thaliana,Glucose,Glucose [Tf-T0],0.413855555,Ascomycota,Sordariomycetes,Xylariales,Ascomycota
410,F7374,Truncatella_angustata_MPI-SDFR-AT-0073,A_thaliana,Glucose,Glucose [Tf-T0],0.418377778,Ascomycota,Sordariomycetes,Xylariales,Ascomycota
411,F7374,Truncatella_angustata_MPI-SDFR-AT-0073,A_thaliana,Glucose,Glucose [Tf-T0],0.384533334,Ascomycota,Sordariomycetes,Xylariales,Ascomycota
412,F7374,Truncatella_angustata_MPI-SDFR-AT-0073,A_thaliana,Glucose,Glucose [Tf-T0],0.504988889,Ascomycota,Sordariomycetes,Xylariales,Ascomycota
413,F7374,Truncatella_angustata_MPI-SDFR-AT-0073,A_thaliana,Glucose,Glucose [Tf-T0],0.392133333,Ascomycota,Sordariomycetes,Xylariales,Ascomycota
414,F7374,Truncatella_angustata_MPI-SDFR-AT-0073,A_thaliana,Glucose,Glucose [Tf-T0],0.360444444,Ascomycota,Sordariomycetes,Xylariales,Ascomycota
415,Ta_13,Ta_13,T_aestivum,Glucose,Glucose [Tf-T0],0.524933333,Ascomycota,Eurotiomycetes,Eurotiales,Ascomycota
416,Ta_13,Ta_13,T_aestivum,Glucose,Glucose [Tf-T0],0.561922223,Ascomycota,Eurotiomycetes,Eurotiales,Ascomycota
417,Ta_13,Ta_13,T_aestivum,Glucose,Glucose [Tf-T0],0.592411112,Ascomycota,Eurotiomycetes,Eurotiales,Ascomycota
418,Rhizoctonia,Rhizoctonia,B_napus,Glucose,Glucose [Tf-T0],0.333488889,Basidiomycota,Agaricomycetes,Cantharellales,Basidiomycota
419,Rhizoctonia,Rhizoctonia,B_napus,Glucose,Glucose [Tf-T0],0.288277777,Basidiomycota,Agaricomycetes,Cantharellales,Basidiomycota
420,Rhizoctonia,Rhizoctonia,B_napus,Glucose,Glucose [Tf-T0],0.315311111,Basidiomycota,Agaricomycetes,Cantharellales,Basidiomycota
421,Ta_10,Ta_10,T_aestivum,Glucose,Glucose [Tf-T0],0.480755555,Mucoromycota,Mortierellomycetes,Mortierellales,Mucoromycota
422,Ta_10,Ta_10,T_aestivum,Glucose,Glucose [Tf-T0],0.520188888,Mucoromycota,Mortierellomycetes,Mortierellales,Mucoromycota
423,Ta_10,Ta_10,T_aestivum,Glucose,Glucose [Tf-T0],0.463577778,Mucoromycota,Mortierellomycetes,Mortierellales,Mucoromycota
424,Ta_12,Ta_12,T_aestivum,Glucose,Glucose [Tf-T0],0.665133333,Ascomycota,Dothideomycetes,Pleosporales,Ascomycota
425,Ta_12,Ta_12,T_aestivum,Glucose,Glucose [Tf-T0],0.608944444,Ascomycota,Dothideomycetes,Pleosporales,Ascomycota
426,Ta_12,Ta_12,T_aestivum,Glucose,Glucose [Tf-T0],0.681066666,Ascomycota,Dothideomycetes,Pleosporales,Ascomycota
427,Fusarium,Fusarium,T_aestivum,Glucose,Glucose [Tf-T0],0.303377778,Ascomycota,Sordariomycetes,Hypocreales,Ascomycota
428,Fusarium,Fusarium,T_aestivum,Glucose,Glucose [Tf-T0],0.426744444,Ascomycota,Sordariomycetes,Hypocreales,Ascomycota
429,Fusarium,Fusarium,T_aestivum,Glucose,Glucose [Tf-T0],0.395533333,Ascomycota,Sordariomycetes,Hypocreales,Ascomycota
433,Bn_68,Bn_68,B_napus,3OMG,3-O-MG [Tf-T0],0.215766667,Ascomycota,Eurotiomycetes,Eurotiales,Ascomycota
434,Bn_68,Bn_68,B_napus,3OMG,3-O-MG [Tf-T0],0.155811111,Ascomycota,Eurotiomycetes,Eurotiales,Ascomycota
435,Bn_68,Bn_68,B_napus,3OMG,3-O-MG [Tf-T0],0.149477778,Ascomycota,Eurotiomycetes,Eurotiales,Ascomycota
436,F1,Verticillium_dahliae_MPI-CAGE-AT-0001,A_thaliana,3OMG,3-O-MG [Tf-T0],0.112977778,Ascomycota,Sordariomycetes,Glomerellales,Ascomycota
437,F1,Verticillium_dahliae_MPI-CAGE-AT-0001,A_thaliana,3OMG,3-O-MG [Tf-T0],0.1149,Ascomycota,Sordariomycetes,Glomerellales,Ascomycota
438,F1,Verticillium_dahliae_MPI-CAGE-AT-0001,A_thaliana,3OMG,3-O-MG [Tf-T0],0.119844445,Ascomycota,Sordariomycetes,Glomerellales,Ascomycota
439,F129,Chaetomium_sp._MPI-SDFR-AT-0129,A_thaliana,3OMG,3-O-MG [Tf-T0],0.016644445,Ascomycota,Sordariomycetes,Sordariales,Ascomycota
440,F129,Chaetomium_sp._MPI-SDFR-AT-0129,A_thaliana,3OMG,3-O-MG [Tf-T0],0.046733333,Ascomycota,Sordariomycetes,Sordariales,Ascomycota
441,F129,Chaetomium_sp._MPI-SDFR-AT-0129,A_thaliana,3OMG,3-O-MG [Tf-T0],0.047344445,Ascomycota,Sordariomycetes,Sordariales,Ascomycota
442,F201,Fusarium_venenatum_MPI-CAGE-CH-0201,A_thaliana,3OMG,3-O-MG [Tf-T0],0.225366667,Ascomycota,Sordariomycetes,Hypocreales,Ascomycota
443,F201,Fusarium_venenatum_MPI-CAGE-CH-0201,A_thaliana,3OMG,3-O-MG [Tf-T0],0.213577777,Ascomycota,Sordariomycetes,Hypocreales,Ascomycota
444,F201,Fusarium_venenatum_MPI-CAGE-CH-0201,A_thaliana,3OMG,3-O-MG [Tf-T0],0.275855555,Ascomycota,Sordariomycetes,Hypocreales,Ascomycota
445,F212,Fusarium_oxysporum_MPI-CAGE-CH-0212,A_thaliana,3OMG,3-O-MG [Tf-T0],0.207922223,Ascomycota,Sordariomycetes,Hypocreales,Ascomycota
446,F212,Fusarium_oxysporum_MPI-CAGE-CH-0212,A_thaliana,3OMG,3-O-MG [Tf-T0],0.242288889,Ascomycota,Sordariomycetes,Hypocreales,Ascomycota
447,F212,Fusarium_oxysporum_MPI-CAGE-CH-0212,A_thaliana,3OMG,3-O-MG [Tf-T0],0.114077778,Ascomycota,Sordariomycetes,Hypocreales,Ascomycota
448,F44,Fusarium_tricinctum_MPI-SDFR-AT-0044,A_thaliana,3OMG,3-O-MG [Tf-T0],0.131322222,Ascomycota,Sordariomycetes,Hypocreales,Ascomycota
449,F44,Fusarium_tricinctum_MPI-SDFR-AT-0044,A_thaliana,3OMG,3-O-MG [Tf-T0],0.131755555,Ascomycota,Sordariomycetes,Hypocreales,Ascomycota
450,F44,Fusarium_tricinctum_MPI-SDFR-AT-0044,A_thaliana,3OMG,3-O-MG [Tf-T0],0.129055556,Ascomycota,Sordariomycetes,Hypocreales,Ascomycota
451,F68,Fusarium_tricinctum_MPI-SDFR-AT-0068,A_thaliana,3OMG,3-O-MG [Tf-T0],0.135177778,Ascomycota,Sordariomycetes,Hypocreales,Ascomycota
452,F68,Fusarium_tricinctum_MPI-SDFR-AT-0068,A_thaliana,3OMG,3-O-MG [Tf-T0],0.165688889,Ascomycota,Sordariomycetes,Hypocreales,Ascomycota
453,F68,Fusarium_tricinctum_MPI-SDFR-AT-0068,A_thaliana,3OMG,3-O-MG [Tf-T0],0.1696,Ascomycota,Sordariomycetes,Hypocreales,Ascomycota
454,F72,Fusarium_sp._MPI-SDFR-AT-0072,A_thaliana,3OMG,3-O-MG [Tf-T0],0.177455556,Ascomycota,Sordariomycetes,Hypocreales,Ascomycota
455,F72,Fusarium_sp._MPI-SDFR-AT-0072,A_thaliana,3OMG,3-O-MG [Tf-T0],0.155633333,Ascomycota,Sordariomycetes,Hypocreales,Ascomycota
456,F72,Fusarium_sp._MPI-SDFR-AT-0072,A_thaliana,3OMG,3-O-MG [Tf-T0],0.218666667,Ascomycota,Sordariomycetes,Hypocreales,Ascomycota
457,F7374,Truncatella_angustata_MPI-SDFR-AT-0073,A_thaliana,3OMG,3-O-MG [Tf-T0],0.240788889,Ascomycota,Sordariomycetes,Xylariales,Ascomycota
458,F7374,Truncatella_angustata_MPI-SDFR-AT-0073,A_thaliana,3OMG,3-O-MG [Tf-T0],0.164533333,Ascomycota,Sordariomycetes,Xylariales,Ascomycota
459,F7374,Truncatella_angustata_MPI-SDFR-AT-0073,A_thaliana,3OMG,3-O-MG [Tf-T0],0.135411111,Ascomycota,Sordariomycetes,Xylariales,Ascomycota
460,F7374,Truncatella_angustata_MPI-SDFR-AT-0073,A_thaliana,3OMG,3-O-MG [Tf-T0],0.132577778,Ascomycota,Sordariomycetes,Xylariales,Ascomycota
461,F7374,Truncatella_angustata_MPI-SDFR-AT-0073,A_thaliana,3OMG,3-O-MG [Tf-T0],0.133466667,Ascomycota,Sordariomycetes,Xylariales,Ascomycota
462,F7374,Truncatella_angustata_MPI-SDFR-AT-0073,A_thaliana,3OMG,3-O-MG [Tf-T0],0.147022223,Ascomycota,Sordariomycetes,Xylariales,Ascomycota
463,Ta_13,Ta_13,T_aestivum,3OMG,3-O-MG [Tf-T0],0.189755556,Ascomycota,Eurotiomycetes,Eurotiales,Ascomycota
464,Ta_13,Ta_13,T_aestivum,3OMG,3-O-MG [Tf-T0],0.188344444,Ascomycota,Eurotiomycetes,Eurotiales,Ascomycota
465,Ta_13,Ta_13,T_aestivum,3OMG,3-O-MG [Tf-T0],0.212255555,Ascomycota,Eurotiomycetes,Eurotiales,Ascomycota
466,Rhizoctonia,Rhizoctonia,B_napus,3OMG,3-O-MG [Tf-T0],0.077788889,Basidiomycota,Agaricomycetes,Cantharellales,Basidiomycota
467,Rhizoctonia,Rhizoctonia,B_napus,3OMG,3-O-MG [Tf-T0],0.080633334,Basidiomycota,Agaricomycetes,Cantharellales,Basidiomycota
468,Rhizoctonia,Rhizoctonia,B_napus,3OMG,3-O-MG [Tf-T0],0.196566667,Basidiomycota,Agaricomycetes,Cantharellales,Basidiomycota
469,Ta_10,Ta_10,T_aestivum,3OMG,3-O-MG [Tf-T0],0.339922222,Mucoromycota,Mortierellomycetes,Mortierellales,Mucoromycota
470,Ta_10,Ta_10,T_aestivum,3OMG,3-O-MG [Tf-T0],0.233822222,Mucoromycota,Mortierellomycetes,Mortierellales,Mucoromycota
471,Ta_10,Ta_10,T_aestivum,3OMG,3-O-MG [Tf-T0],0.235488889,Mucoromycota,Mortierellomycetes,Mortierellales,Mucoromycota
472,Ta_12,Ta_12,T_aestivum,3OMG,3-O-MG [Tf-T0],0.227466667,Ascomycota,Dothideomycetes,Pleosporales,Ascomycota
473,Ta_12,Ta_12,T_aestivum,3OMG,3-O-MG [Tf-T0],0.239777778,Ascomycota,Dothideomycetes,Pleosporales,Ascomycota
474,Ta_12,Ta_12,T_aestivum,3OMG,3-O-MG [Tf-T0],0.177455555,Ascomycota,Dothideomycetes,Pleosporales,Ascomycota
475,Fusarium,Fusarium,T_aestivum,3OMG,3-O-MG [Tf-T0],0.133755556,Ascomycota,Sordariomycetes,Hypocreales,Ascomycota
476,Fusarium,Fusarium,T_aestivum,3OMG,3-O-MG [Tf-T0],0.186122222,Ascomycota,Sordariomycetes,Hypocreales,Ascomycota
477,Fusarium,Fusarium,T_aestivum,3OMG,3-O-MG [Tf-T0],0.153011111,Ascomycota,Sordariomycetes,Hypocreales,Ascomycota
481,Ta_14,Ta_14,T_aestivum,Glucose,Glucose [Tf-T0],0.421777778,Ascomycota,Sordariomycetes,Hypocreales,Ascomycota
482,Ta_14,Ta_14,T_aestivum,Glucose,Glucose [Tf-T0],0.437011111,Ascomycota,Sordariomycetes,Hypocreales,Ascomycota
483,Ta_14,Ta_14,T_aestivum,Glucose,Glucose [Tf-T0],0.442722222,Ascomycota,Sordariomycetes,Hypocreales,Ascomycota
484,Ta_15,Ta_15,T_aestivum,Glucose,Glucose [Tf-T0],0.476,Ascomycota,Dothideomycetes,Cladosporiales,Ascomycota
485,Ta_15,Ta_15,T_aestivum,Glucose,Glucose [Tf-T0],0.515444445,Ascomycota,Dothideomycetes,Cladosporiales,Ascomycota
486,Ta_15,Ta_15,T_aestivum,Glucose,Glucose [Tf-T0],0.484488889,Ascomycota,Dothideomycetes,Cladosporiales,Ascomycota
487,Ta_16,Ta_16,T_aestivum,Glucose,Glucose [Tf-T0],0.581577778,Ascomycota,Eurotiomycetes,Eurotiales,Ascomycota
488,Ta_16,Ta_16,T_aestivum,Glucose,Glucose [Tf-T0],0.591355556,Ascomycota,Eurotiomycetes,Eurotiales,Ascomycota
489,Ta_16,Ta_16,T_aestivum,Glucose,Glucose [Tf-T0],0.521644444,Ascomycota,Eurotiomycetes,Eurotiales,Ascomycota
490,Ta_19,Ta_19,T_aestivum,Glucose,Glucose [Tf-T0],0.653011111,Ascomycota,Pezizomycotina,Eurotiomycetes,Ascomycota
491,Ta_19,Ta_19,T_aestivum,Glucose,Glucose [Tf-T0],0.604888889,Ascomycota,Pezizomycotina,Eurotiomycetes,Ascomycota
492,Ta_19,Ta_19,T_aestivum,Glucose,Glucose [Tf-T0],0.678955555,Ascomycota,Pezizomycotina,Eurotiomycetes,Ascomycota
493,Ta_20,Ta_20,T_aestivum,Glucose,Glucose [Tf-T0],0.715844444,Ascomycota,Eurotiomycetes,Eurotiales,Ascomycota
494,Ta_20,Ta_20,T_aestivum,Glucose,Glucose [Tf-T0],0.691444445,Ascomycota,Eurotiomycetes,Eurotiales,Ascomycota
495,Ta_20,Ta_20,T_aestivum,Glucose,Glucose [Tf-T0],0.726066667,Ascomycota,Eurotiomycetes,Eurotiales,Ascomycota
496,Ta_22,Ta_22,T_aestivum,Glucose,Glucose [Tf-T0],0.551688889,Ascomycota,Eurotiomycetes,Eurotiales,Ascomycota
497,Ta_22,Ta_22,T_aestivum,Glucose,Glucose [Tf-T0],0.575277778,Ascomycota,Eurotiomycetes,Eurotiales,Ascomycota
498,Ta_22,Ta_22,T_aestivum,Glucose,Glucose [Tf-T0],0.586211111,Ascomycota,Eurotiomycetes,Eurotiales,Ascomycota
499,Ta_23,Ta_23,T_aestivum,Glucose,Glucose [Tf-T0],0.319688889,Ascomycota,Pezizomycotina,Dothideomycetes,Ascomycota
500,Ta_23,Ta_23,T_aestivum,Glucose,Glucose [Tf-T0],0.347688889,Ascomycota,Pezizomycotina,Dothideomycetes,Ascomycota
501,Ta_23,Ta_23,T_aestivum,Glucose,Glucose [Tf-T0],0.332622223,Ascomycota,Pezizomycotina,Dothideomycetes,Ascomycota
502,Ta_25,Ta_25,T_aestivum,Glucose,Glucose [Tf-T0],0.475777777,Ascomycota,Pezizomycotina,Dothideomycetes,Ascomycota
503,Ta_25,Ta_25,T_aestivum,Glucose,Glucose [Tf-T0],0.499277777,Ascomycota,Pezizomycotina,Dothideomycetes,Ascomycota
504,Ta_25,Ta_25,T_aestivum,Glucose,Glucose [Tf-T0],0.500666667,Ascomycota,Pezizomycotina,Dothideomycetes,Ascomycota
505,Ta_26,Ta_26,T_aestivum,Glucose,Glucose [Tf-T0],0.676166667,Ascomycota,Eurotiomycetes,Eurotiales,Ascomycota
506,Ta_26,Ta_26,T_aestivum,Glucose,Glucose [Tf-T0],0.669877778,Ascomycota,Eurotiomycetes,Eurotiales,Ascomycota
507,Ta_26,Ta_26,T_aestivum,Glucose,Glucose [Tf-T0],0.722066667,Ascomycota,Eurotiomycetes,Eurotiales,Ascomycota
508,Ta_27,Ta_27,T_aestivum,Glucose,Glucose [Tf-T0],0.140577778,Mucoromycota,Mortierellomycetes,Mortierellales,Mucoromycota
509,Ta_27,Ta_27,T_aestivum,Glucose,Glucose [Tf-T0],0.148322223,Mucoromycota,Mortierellomycetes,Mortierellales,Mucoromycota
510,Ta_27,Ta_27,T_aestivum,Glucose,Glucose [Tf-T0],0.160222222,Mucoromycota,Mortierellomycetes,Mortierellales,Mucoromycota
511,Ta_30,Ta_30,T_aestivum,Glucose,Glucose [Tf-T0],0.653944444,Ascomycota,Eurotiomycetes,Eurotiales,Ascomycota
512,Ta_30,Ta_30,T_aestivum,Glucose,Glucose [Tf-T0],0.626611112,Ascomycota,Eurotiomycetes,Eurotiales,Ascomycota
513,Ta_30,Ta_30,T_aestivum,Glucose,Glucose [Tf-T0],0.626011112,Ascomycota,Eurotiomycetes,Eurotiales,Ascomycota
514,Ta_31,Ta_31,T_aestivum,Glucose,Glucose [Tf-T0],0.342366667,Ascomycota,Sordariomycetes,Hypocreales,Ascomycota
515,Ta_31,Ta_31,T_aestivum,Glucose,Glucose [Tf-T0],0.360111111,Ascomycota,Sordariomycetes,Hypocreales,Ascomycota
516,Ta_31,Ta_31,T_aestivum,Glucose,Glucose [Tf-T0],0.361255555,Ascomycota,Sordariomycetes,Hypocreales,Ascomycota
517,Ta_32,Ta_32,T_aestivum,Glucose,Glucose [Tf-T0],0.6028,Ascomycota,Eurotiomycetes,Eurotiales,Ascomycota
518,Ta_32,Ta_32,T_aestivum,Glucose,Glucose [Tf-T0],0.517633334,Ascomycota,Eurotiomycetes,Eurotiales,Ascomycota
519,Ta_32,Ta_32,T_aestivum,Glucose,Glucose [Tf-T0],0.602388889,Ascomycota,Eurotiomycetes,Eurotiales,Ascomycota
520,Ta_33,Ta_33,T_aestivum,Glucose,Glucose [Tf-T0],0.695466667,Ascomycota,Eurotiomycetes,Eurotiales,Ascomycota
521,Ta_33,Ta_33,T_aestivum,Glucose,Glucose [Tf-T0],0.658322222,Ascomycota,Eurotiomycetes,Eurotiales,Ascomycota
522,Ta_33,Ta_33,T_aestivum,Glucose,Glucose [Tf-T0],0.606944444,Ascomycota,Eurotiomycetes,Eurotiales,Ascomycota
523,Ta_34,Ta_34,T_aestivum,Glucose,Glucose [Tf-T0],0.716477778,Ascomycota,Eurotiomycetes,Eurotiales,Ascomycota
524,Ta_34,Ta_34,T_aestivum,Glucose,Glucose [Tf-T0],0.778088889,Ascomycota,Eurotiomycetes,Eurotiales,Ascomycota
525,Ta_34,Ta_34,T_aestivum,Glucose,Glucose [Tf-T0],0.715866667,Ascomycota,Eurotiomycetes,Eurotiales,Ascomycota
529,Ta_14,Ta_14,T_aestivum,3OMG,3-O-MG [Tf-T0],0.116633334,Ascomycota,Sordariomycetes,Hypocreales,Ascomycota
530,Ta_14,Ta_14,T_aestivum,3OMG,3-O-MG [Tf-T0],0.109311111,Ascomycota,Sordariomycetes,Hypocreales,Ascomycota
531,Ta_14,Ta_14,T_aestivum,3OMG,3-O-MG [Tf-T0],0.057011112,Ascomycota,Sordariomycetes,Hypocreales,Ascomycota
532,Ta_15,Ta_15,T_aestivum,3OMG,3-O-MG [Tf-T0],0,Ascomycota,Dothideomycetes,Cladosporiales,Ascomycota
533,Ta_15,Ta_15,T_aestivum,3OMG,3-O-MG [Tf-T0],0,Ascomycota,Dothideomycetes,Cladosporiales,Ascomycota
534,Ta_15,Ta_15,T_aestivum,3OMG,3-O-MG [Tf-T0],0,Ascomycota,Dothideomycetes,Cladosporiales,Ascomycota
535,Ta_16,Ta_16,T_aestivum,3OMG,3-O-MG [Tf-T0],0.049833333,Ascomycota,Eurotiomycetes,Eurotiales,Ascomycota
536,Ta_16,Ta_16,T_aestivum,3OMG,3-O-MG [Tf-T0],0.046366666,Ascomycota,Eurotiomycetes,Eurotiales,Ascomycota
537,Ta_16,Ta_16,T_aestivum,3OMG,3-O-MG [Tf-T0],0.065411111,Ascomycota,Eurotiomycetes,Eurotiales,Ascomycota
538,Ta_19,Ta_19,T_aestivum,3OMG,3-O-MG [Tf-T0],0.119066667,Ascomycota,Pezizomycotina,Eurotiomycetes,Ascomycota
539,Ta_19,Ta_19,T_aestivum,3OMG,3-O-MG [Tf-T0],0.127677778,Ascomycota,Pezizomycotina,Eurotiomycetes,Ascomycota
540,Ta_19,Ta_19,T_aestivum,3OMG,3-O-MG [Tf-T0],0.220422223,Ascomycota,Pezizomycotina,Eurotiomycetes,Ascomycota
541,Ta_20,Ta_20,T_aestivum,3OMG,3-O-MG [Tf-T0],0.161077778,Ascomycota,Eurotiomycetes,Eurotiales,Ascomycota
542,Ta_20,Ta_20,T_aestivum,3OMG,3-O-MG [Tf-T0],0.068322223,Ascomycota,Eurotiomycetes,Eurotiales,Ascomycota
543,Ta_20,Ta_20,T_aestivum,3OMG,3-O-MG [Tf-T0],0.060988888,Ascomycota,Eurotiomycetes,Eurotiales,Ascomycota
544,Ta_22,Ta_22,T_aestivum,3OMG,3-O-MG [Tf-T0],0.0844,Ascomycota,Eurotiomycetes,Eurotiales,Ascomycota
545,Ta_22,Ta_22,T_aestivum,3OMG,3-O-MG [Tf-T0],0.074666666,Ascomycota,Eurotiomycetes,Eurotiales,Ascomycota
546,Ta_22,Ta_22,T_aestivum,3OMG,3-O-MG [Tf-T0],0.075022222,Ascomycota,Eurotiomycetes,Eurotiales,Ascomycota
547,Ta_23,Ta_23,T_aestivum,3OMG,3-O-MG [Tf-T0],0,Ascomycota,Pezizomycotina,Dothideomycetes,Ascomycota
548,Ta_23,Ta_23,T_aestivum,3OMG,3-O-MG [Tf-T0],0,Ascomycota,Pezizomycotina,Dothideomycetes,Ascomycota
549,Ta_23,Ta_23,T_aestivum,3OMG,3-O-MG [Tf-T0],0,Ascomycota,Pezizomycotina,Dothideomycetes,Ascomycota
550,Ta_25,Ta_25,T_aestivum,3OMG,3-O-MG [Tf-T0],0.095822222,Ascomycota,Pezizomycotina,Dothideomycetes,Ascomycota
551,Ta_25,Ta_25,T_aestivum,3OMG,3-O-MG [Tf-T0],0.088511111,Ascomycota,Pezizomycotina,Dothideomycetes,Ascomycota
552,Ta_25,Ta_25,T_aestivum,3OMG,3-O-MG [Tf-T0],0.157488889,Ascomycota,Pezizomycotina,Dothideomycetes,Ascomycota
553,Ta_26,Ta_26,T_aestivum,3OMG,3-O-MG [Tf-T0],0.199744445,Ascomycota,Eurotiomycetes,Eurotiales,Ascomycota
554,Ta_26,Ta_26,T_aestivum,3OMG,3-O-MG [Tf-T0],0.0824,Ascomycota,Eurotiomycetes,Eurotiales,Ascomycota
555,Ta_26,Ta_26,T_aestivum,3OMG,3-O-MG [Tf-T0],0.047255556,Ascomycota,Eurotiomycetes,Eurotiales,Ascomycota
556,Ta_27,Ta_27,T_aestivum,3OMG,3-O-MG [Tf-T0],0,Mucoromycota,Mortierellomycetes,Mortierellales,Mucoromycota
557,Ta_27,Ta_27,T_aestivum,3OMG,3-O-MG [Tf-T0],0,Mucoromycota,Mortierellomycetes,Mortierellales,Mucoromycota
558,Ta_27,Ta_27,T_aestivum,3OMG,3-O-MG [Tf-T0],0,Mucoromycota,Mortierellomycetes,Mortierellales,Mucoromycota
559,Ta_30,Ta_30,T_aestivum,3OMG,3-O-MG [Tf-T0],0.029,Ascomycota,Eurotiomycetes,Eurotiales,Ascomycota
560,Ta_30,Ta_30,T_aestivum,3OMG,3-O-MG [Tf-T0],0.026688889,Ascomycota,Eurotiomycetes,Eurotiales,Ascomycota
561,Ta_30,Ta_30,T_aestivum,3OMG,3-O-MG [Tf-T0],0.029366667,Ascomycota,Eurotiomycetes,Eurotiales,Ascomycota
562,Ta_31,Ta_31,T_aestivum,3OMG,3-O-MG [Tf-T0],0.044044445,Ascomycota,Sordariomycetes,Hypocreales,Ascomycota
563,Ta_31,Ta_31,T_aestivum,3OMG,3-O-MG [Tf-T0],0.048077778,Ascomycota,Sordariomycetes,Hypocreales,Ascomycota
564,Ta_31,Ta_31,T_aestivum,3OMG,3-O-MG [Tf-T0],0.070988889,Ascomycota,Sordariomycetes,Hypocreales,Ascomycota
565,Ta_32,Ta_32,T_aestivum,3OMG,3-O-MG [Tf-T0],0.205355556,Ascomycota,Eurotiomycetes,Eurotiales,Ascomycota
566,Ta_32,Ta_32,T_aestivum,3OMG,3-O-MG [Tf-T0],0.1297,Ascomycota,Eurotiomycetes,Eurotiales,Ascomycota
567,Ta_32,Ta_32,T_aestivum,3OMG,3-O-MG [Tf-T0],0.1515,Ascomycota,Eurotiomycetes,Eurotiales,Ascomycota
568,Ta_33,Ta_33,T_aestivum,3OMG,3-O-MG [Tf-T0],0.155511112,Ascomycota,Eurotiomycetes,Eurotiales,Ascomycota
569,Ta_33,Ta_33,T_aestivum,3OMG,3-O-MG [Tf-T0],0.144488889,Ascomycota,Eurotiomycetes,Eurotiales,Ascomycota
570,Ta_33,Ta_33,T_aestivum,3OMG,3-O-MG [Tf-T0],0.116811112,Ascomycota,Eurotiomycetes,Eurotiales,Ascomycota
571,Ta_34,Ta_34,T_aestivum,3OMG,3-O-MG [Tf-T0],0.081511111,Ascomycota,Eurotiomycetes,Eurotiales,Ascomycota
572,Ta_34,Ta_34,T_aestivum,3OMG,3-O-MG [Tf-T0],0.085988889,Ascomycota,Eurotiomycetes,Eurotiales,Ascomycota
573,Ta_34,Ta_34,T_aestivum,3OMG,3-O-MG [Tf-T0],0.124222222,Ascomycota,Eurotiomycetes,Eurotiales,Ascomycota
577,Ta_35,Ta_35,T_aestivum,Glucose,Glucose [Tf-T0],0.697144444,Ascomycota,Pezizomycotina,Dothideomycetes,Ascomycota
578,Ta_35,Ta_35,T_aestivum,Glucose,Glucose [Tf-T0],0.794866667,Ascomycota,Pezizomycotina,Dothideomycetes,Ascomycota
579,Ta_35,Ta_35,T_aestivum,Glucose,Glucose [Tf-T0],0.4971,Ascomycota,Pezizomycotina,Dothideomycetes,Ascomycota
580,Ta_36,Ta_36,T_aestivum,Glucose,Glucose [Tf-T0],0.712322222,Ascomycota,Pezizomycotina,Dothideomycetes,Ascomycota
581,Ta_36,Ta_36,T_aestivum,Glucose,Glucose [Tf-T0],0.7146,Ascomycota,Pezizomycotina,Dothideomycetes,Ascomycota
582,Ta_36,Ta_36,T_aestivum,Glucose,Glucose [Tf-T0],0.701333333,Ascomycota,Pezizomycotina,Dothideomycetes,Ascomycota
583,Ta_37,Ta_37,T_aestivum,Glucose,Glucose [Tf-T0],0.501055556,Ascomycota,Pezizomycotina,Dothideomycetes,Ascomycota
584,Ta_37,Ta_37,T_aestivum,Glucose,Glucose [Tf-T0],0.535466667,Ascomycota,Pezizomycotina,Dothideomycetes,Ascomycota
585,Ta_37,Ta_37,T_aestivum,Glucose,Glucose [Tf-T0],0.826633333,Ascomycota,Pezizomycotina,Dothideomycetes,Ascomycota
586,Ta_38,Ta_38,T_aestivum,Glucose,Glucose [Tf-T0],0.460433333,Ascomycota,Sordariomycetes,Hypocreales,Ascomycota
587,Ta_38,Ta_38,T_aestivum,Glucose,Glucose [Tf-T0],0.496844444,Ascomycota,Sordariomycetes,Hypocreales,Ascomycota
588,Ta_38,Ta_38,T_aestivum,Glucose,Glucose [Tf-T0],0.487866667,Ascomycota,Sordariomycetes,Hypocreales,Ascomycota
589,Ta_39,Ta_39,T_aestivum,Glucose,Glucose [Tf-T0],0.435711111,Ascomycota,Sordariomycetes,Hypocreales,Ascomycota
590,Ta_39,Ta_39,T_aestivum,Glucose,Glucose [Tf-T0],0.437833333,Ascomycota,Sordariomycetes,Hypocreales,Ascomycota
591,Ta_39,Ta_39,T_aestivum,Glucose,Glucose [Tf-T0],0.427833333,Ascomycota,Sordariomycetes,Hypocreales,Ascomycota
592,Ta_40,Ta_40,T_aestivum,Glucose,Glucose [Tf-T0],0.569277778,Ascomycota,Sordariomycetes,Hypocreales,Ascomycota
593,Ta_40,Ta_40,T_aestivum,Glucose,Glucose [Tf-T0],0.581022222,Ascomycota,Sordariomycetes,Hypocreales,Ascomycota
594,Ta_40,Ta_40,T_aestivum,Glucose,Glucose [Tf-T0],0.591688889,Ascomycota,Sordariomycetes,Hypocreales,Ascomycota
595,Ta_01,Ta_01,T_aestivum,Glucose,Glucose [Tf-T0],0.243033333,Ascomycota,Sordariomycetes,Hypocreales,Ascomycota
596,Ta_01,Ta_01,T_aestivum,Glucose,Glucose [Tf-T0],0.277711111,Ascomycota,Sordariomycetes,Hypocreales,Ascomycota
597,Ta_01,Ta_01,T_aestivum,Glucose,Glucose [Tf-T0],0.276844444,Ascomycota,Sordariomycetes,Hypocreales,Ascomycota
598,Ta_02,Ta_02,T_aestivum,Glucose,Glucose [Tf-T0],0.378477778,Ascomycota,Sordariomycetes,Sordariales,Ascomycota
599,Ta_02,Ta_02,T_aestivum,Glucose,Glucose [Tf-T0],0.493966667,Ascomycota,Sordariomycetes,Sordariales,Ascomycota
600,Ta_02,Ta_02,T_aestivum,Glucose,Glucose [Tf-T0],0.411666667,Ascomycota,Sordariomycetes,Sordariales,Ascomycota
601,Ta_03,Ta_03,T_aestivum,Glucose,Glucose [Tf-T0],0.544933333,Ascomycota,Dothideomycetes,Pleosporales,Ascomycota
602,Ta_03,Ta_03,T_aestivum,Glucose,Glucose [Tf-T0],0.628344444,Ascomycota,Dothideomycetes,Pleosporales,Ascomycota
603,Ta_03,Ta_03,T_aestivum,Glucose,Glucose [Tf-T0],0.486811111,Ascomycota,Dothideomycetes,Pleosporales,Ascomycota
604,Ta_04,Ta_04,T_aestivum,Glucose,Glucose [Tf-T0],0.598555556,Ascomycota,Eurotiomycetes,Eurotiales,Ascomycota
605,Ta_04,Ta_04,T_aestivum,Glucose,Glucose [Tf-T0],0.654255556,Ascomycota,Eurotiomycetes,Eurotiales,Ascomycota
606,Ta_04,Ta_04,T_aestivum,Glucose,Glucose [Tf-T0],0.748288889,Ascomycota,Eurotiomycetes,Eurotiales,Ascomycota
607,Ta_05,Ta_05,T_aestivum,Glucose,Glucose [Tf-T0],0.718555556,Ascomycota,Eurotiomycetes,Eurotiales,Ascomycota
608,Ta_05,Ta_05,T_aestivum,Glucose,Glucose [Tf-T0],0.716955556,Ascomycota,Eurotiomycetes,Eurotiales,Ascomycota
609,Ta_05,Ta_05,T_aestivum,Glucose,Glucose [Tf-T0],0.778,Ascomycota,Eurotiomycetes,Eurotiales,Ascomycota
610,Ta_06,Ta_06,T_aestivum,Glucose,Glucose [Tf-T0],0.281155556,Ascomycota,Sordariomycetes,Hypocreales,Ascomycota
611,Ta_06,Ta_06,T_aestivum,Glucose,Glucose [Tf-T0],0.2722,Ascomycota,Sordariomycetes,Hypocreales,Ascomycota
612,Ta_06,Ta_06,T_aestivum,Glucose,Glucose [Tf-T0],0.287011111,Ascomycota,Sordariomycetes,Hypocreales,Ascomycota
613,Ta_07,Ta_07,T_aestivum,Glucose,Glucose [Tf-T0],0.636588889,Ascomycota,Eurotiomycetes,Eurotiales,Ascomycota
614,Ta_07,Ta_07,T_aestivum,Glucose,Glucose [Tf-T0],0.527244444,Ascomycota,Eurotiomycetes,Eurotiales,Ascomycota
615,Ta_07,Ta_07,T_aestivum,Glucose,Glucose [Tf-T0],0.559911111,Ascomycota,Eurotiomycetes,Eurotiales,Ascomycota
616,Ta_08,Ta_08,T_aestivum,Glucose,Glucose [Tf-T0],0.585844444,Ascomycota,Dothideomycetes,Pleosporales,Ascomycota
617,Ta_08,Ta_08,T_aestivum,Glucose,Glucose [Tf-T0],0.477177778,Ascomycota,Dothideomycetes,Pleosporales,Ascomycota
618,Ta_08,Ta_08,T_aestivum,Glucose,Glucose [Tf-T0],0.619288889,Ascomycota,Dothideomycetes,Pleosporales,Ascomycota
619,Ta_09,Ta_09,T_aestivum,Glucose,Glucose [Tf-T0],0.497533333,Ascomycota,Eurotiomycetes,Eurotiales,Ascomycota
620,Ta_09,Ta_09,T_aestivum,Glucose,Glucose [Tf-T0],0.545588889,Ascomycota,Eurotiomycetes,Eurotiales,Ascomycota
621,Ta_09,Ta_09,T_aestivum,Glucose,Glucose [Tf-T0],0.438522222,Ascomycota,Eurotiomycetes,Eurotiales,Ascomycota
625,Ta_35,Ta_35,T_aestivum,3OMG,3-O-MG [Tf-T0],0.182011111,Ascomycota,Pezizomycotina,Dothideomycetes,Ascomycota
626,Ta_35,Ta_35,T_aestivum,3OMG,3-O-MG [Tf-T0],0.142533333,Ascomycota,Pezizomycotina,Dothideomycetes,Ascomycota
627,Ta_35,Ta_35,T_aestivum,3OMG,3-O-MG [Tf-T0],0.026911111,Ascomycota,Pezizomycotina,Dothideomycetes,Ascomycota
628,Ta_36,Ta_36,T_aestivum,3OMG,3-O-MG [Tf-T0],0.073688889,Ascomycota,Pezizomycotina,Dothideomycetes,Ascomycota
629,Ta_36,Ta_36,T_aestivum,3OMG,3-O-MG [Tf-T0],0.056188889,Ascomycota,Pezizomycotina,Dothideomycetes,Ascomycota
630,Ta_36,Ta_36,T_aestivum,3OMG,3-O-MG [Tf-T0],0.139811111,Ascomycota,Pezizomycotina,Dothideomycetes,Ascomycota
631,Ta_37,Ta_37,T_aestivum,3OMG,3-O-MG [Tf-T0],0,Ascomycota,Pezizomycotina,Dothideomycetes,Ascomycota
632,Ta_37,Ta_37,T_aestivum,3OMG,3-O-MG [Tf-T0],0.0088,Ascomycota,Pezizomycotina,Dothideomycetes,Ascomycota
633,Ta_37,Ta_37,T_aestivum,3OMG,3-O-MG [Tf-T0],0.005422222,Ascomycota,Pezizomycotina,Dothideomycetes,Ascomycota
634,Ta_38,Ta_38,T_aestivum,3OMG,3-O-MG [Tf-T0],0.184833333,Ascomycota,Sordariomycetes,Hypocreales,Ascomycota
635,Ta_38,Ta_38,T_aestivum,3OMG,3-O-MG [Tf-T0],0.135577778,Ascomycota,Sordariomycetes,Hypocreales,Ascomycota
636,Ta_38,Ta_38,T_aestivum,3OMG,3-O-MG [Tf-T0],0.143788889,Ascomycota,Sordariomycetes,Hypocreales,Ascomycota
637,Ta_39,Ta_39,T_aestivum,3OMG,3-O-MG [Tf-T0],0.201411111,Ascomycota,Sordariomycetes,Hypocreales,Ascomycota
638,Ta_39,Ta_39,T_aestivum,3OMG,3-O-MG [Tf-T0],0.1343,Ascomycota,Sordariomycetes,Hypocreales,Ascomycota
639,Ta_39,Ta_39,T_aestivum,3OMG,3-O-MG [Tf-T0],0.132122222,Ascomycota,Sordariomycetes,Hypocreales,Ascomycota
640,Ta_40,Ta_40,T_aestivum,3OMG,3-O-MG [Tf-T0],0.134344444,Ascomycota,Sordariomycetes,Hypocreales,Ascomycota
641,Ta_40,Ta_40,T_aestivum,3OMG,3-O-MG [Tf-T0],0.132577778,Ascomycota,Sordariomycetes,Hypocreales,Ascomycota
642,Ta_40,Ta_40,T_aestivum,3OMG,3-O-MG [Tf-T0],0.148288889,Ascomycota,Sordariomycetes,Hypocreales,Ascomycota
643,Ta_01,Ta_01,T_aestivum,3OMG,3-O-MG [Tf-T0],0.122755556,Ascomycota,Sordariomycetes,Hypocreales,Ascomycota
644,Ta_01,Ta_01,T_aestivum,3OMG,3-O-MG [Tf-T0],0.133022222,Ascomycota,Sordariomycetes,Hypocreales,Ascomycota
645,Ta_01,Ta_01,T_aestivum,3OMG,3-O-MG [Tf-T0],0.125388889,Ascomycota,Sordariomycetes,Hypocreales,Ascomycota
646,Ta_02,Ta_02,T_aestivum,3OMG,3-O-MG [Tf-T0],0.023755556,Ascomycota,Sordariomycetes,Sordariales,Ascomycota
647,Ta_02,Ta_02,T_aestivum,3OMG,3-O-MG [Tf-T0],0.012555556,Ascomycota,Sordariomycetes,Sordariales,Ascomycota
648,Ta_02,Ta_02,T_aestivum,3OMG,3-O-MG [Tf-T0],0.071055556,Ascomycota,Sordariomycetes,Sordariales,Ascomycota
649,Ta_03,Ta_03,T_aestivum,3OMG,3-O-MG [Tf-T0],0.191655556,Ascomycota,Dothideomycetes,Pleosporales,Ascomycota
650,Ta_03,Ta_03,T_aestivum,3OMG,3-O-MG [Tf-T0],0.137088889,Ascomycota,Dothideomycetes,Pleosporales,Ascomycota
651,Ta_03,Ta_03,T_aestivum,3OMG,3-O-MG [Tf-T0],0.134222222,Ascomycota,Dothideomycetes,Pleosporales,Ascomycota
652,Ta_04,Ta_04,T_aestivum,3OMG,3-O-MG [Tf-T0],0.0241,Ascomycota,Eurotiomycetes,Eurotiales,Ascomycota
653,Ta_04,Ta_04,T_aestivum,3OMG,3-O-MG [Tf-T0],0.034622222,Ascomycota,Eurotiomycetes,Eurotiales,Ascomycota
654,Ta_04,Ta_04,T_aestivum,3OMG,3-O-MG [Tf-T0],0.0363,Ascomycota,Eurotiomycetes,Eurotiales,Ascomycota
655,Ta_05,Ta_05,T_aestivum,3OMG,3-O-MG [Tf-T0],0.060355556,Ascomycota,Eurotiomycetes,Eurotiales,Ascomycota
656,Ta_05,Ta_05,T_aestivum,3OMG,3-O-MG [Tf-T0],0.088344444,Ascomycota,Eurotiomycetes,Eurotiales,Ascomycota
657,Ta_05,Ta_05,T_aestivum,3OMG,3-O-MG [Tf-T0],0.089388889,Ascomycota,Eurotiomycetes,Eurotiales,Ascomycota
658,Ta_06,Ta_06,T_aestivum,3OMG,3-O-MG [Tf-T0],0,Ascomycota,Sordariomycetes,Hypocreales,Ascomycota
659,Ta_06,Ta_06,T_aestivum,3OMG,3-O-MG [Tf-T0],0,Ascomycota,Sordariomycetes,Hypocreales,Ascomycota
660,Ta_06,Ta_06,T_aestivum,3OMG,3-O-MG [Tf-T0],0,Ascomycota,Sordariomycetes,Hypocreales,Ascomycota
661,Ta_07,Ta_07,T_aestivum,3OMG,3-O-MG [Tf-T0],0.232522222,Ascomycota,Eurotiomycetes,Eurotiales,Ascomycota
662,Ta_07,Ta_07,T_aestivum,3OMG,3-O-MG [Tf-T0],0.167322222,Ascomycota,Eurotiomycetes,Eurotiales,Ascomycota
663,Ta_07,Ta_07,T_aestivum,3OMG,3-O-MG [Tf-T0],0.156277778,Ascomycota,Eurotiomycetes,Eurotiales,Ascomycota
664,Ta_08,Ta_08,T_aestivum,3OMG,3-O-MG [Tf-T0],0.2057,Ascomycota,Dothideomycetes,Pleosporales,Ascomycota
665,Ta_08,Ta_08,T_aestivum,3OMG,3-O-MG [Tf-T0],0.183833333,Ascomycota,Dothideomycetes,Pleosporales,Ascomycota
666,Ta_08,Ta_08,T_aestivum,3OMG,3-O-MG [Tf-T0],0.180955556,Ascomycota,Dothideomycetes,Pleosporales,Ascomycota
667,Ta_09,Ta_09,T_aestivum,3OMG,3-O-MG [Tf-T0],0.176677778,Ascomycota,Eurotiomycetes,Eurotiales,Ascomycota
668,Ta_09,Ta_09,T_aestivum,3OMG,3-O-MG [Tf-T0],0.1892,Ascomycota,Eurotiomycetes,Eurotiales,Ascomycota
669,Ta_09,Ta_09,T_aestivum,3OMG,3-O-MG [Tf-T0],0.208955556,Ascomycota,Eurotiomycetes,Eurotiales,Ascomycota
673,F83,Sordaria_sp._MPI-SDFR-AT-0083,A_thaliana,Glucose,Glucose [Tf-T0],0.165755556,Ascomycota,Sordariomycetes,Sordariales,Ascomycota
674,F83,Sordaria_sp._MPI-SDFR-AT-0083,A_thaliana,Glucose,Glucose [Tf-T0],0.182822222,Ascomycota,Sordariomycetes,Sordariales,Ascomycota
675,F83,Sordaria_sp._MPI-SDFR-AT-0083,A_thaliana,Glucose,Glucose [Tf-T0],0.164111111,Ascomycota,Sordariomycetes,Sordariales,Ascomycota
694,F83,Sordaria_sp._MPI-SDFR-AT-0083,A_thaliana,3OMG,3-O-MG [Tf-T0],0,Ascomycota,Sordariomycetes,Sordariales,Ascomycota
695,F83,Sordaria_sp._MPI-SDFR-AT-0083,A_thaliana,3OMG,3-O-MG [Tf-T0],0,Ascomycota,Sordariomycetes,Sordariales,Ascomycota
696,F83,Sordaria_sp._MPI-SDFR-AT-0083,A_thaliana,3OMG,3-O-MG [Tf-T0],0,Ascomycota,Sordariomycetes,Sordariales,Ascomycota
715,AA0104,Mortierella_elongata_MPI-CAGE-AA-0104,A_thaliana,Water,Water [Tf - T0],0.1284,Mucoromycota,Mortierellomycetes,Mortierellales,Mucoromycota
716,AA0104,Mortierella_elongata_MPI-CAGE-AA-0104,A_thaliana,Water,Water [Tf - T0],0.167211111,Mucoromycota,Mortierellomycetes,Mortierellales,Mucoromycota
717,AA0104,Mortierella_elongata_MPI-CAGE-AA-0104,A_thaliana,Water,Water [Tf - T0],0.179122222,Mucoromycota,Mortierellomycetes,Mortierellales,Mucoromycota
718,AA0113,Fusarium_sp._MPI-CAGE-AA-0113,A_thaliana,Water,Water [Tf - T0],0.281444444,Ascomycota,Sordariomycetes,Hypocreales,Ascomycota
719,AA0113,Fusarium_sp._MPI-CAGE-AA-0113,A_thaliana,Water,Water [Tf - T0],0.263011111,Ascomycota,Sordariomycetes,Hypocreales,Ascomycota
720,AA0113,Fusarium_sp._MPI-CAGE-AA-0113,A_thaliana,Water,Water [Tf - T0],0.259366667,Ascomycota,Sordariomycetes,Hypocreales,Ascomycota
721,AT0016,Plectosphaerella_cucumerina_MPI-CAGE-AT-0016,A_thaliana,Water,Water [Tf - T0],0.1765,Ascomycota,Sordariomycetes,Glomerellales,Ascomycota
722,AT0016,Plectosphaerella_cucumerina_MPI-CAGE-AT-0016,A_thaliana,Water,Water [Tf - T0],0.210233333,Ascomycota,Sordariomycetes,Glomerellales,Ascomycota
723,AT0016,Plectosphaerella_cucumerina_MPI-CAGE-AT-0016,A_thaliana,Water,Water [Tf - T0],0.267222222,Ascomycota,Sordariomycetes,Glomerellales,Ascomycota
724,AT0023,Fusarium_redolens_MPI-CAGE-AT-0023,A_thaliana,Water,Water [Tf - T0],0.294022222,Ascomycota,Sordariomycetes,Hypocreales,Ascomycota
725,AT0023,Fusarium_redolens_MPI-CAGE-AT-0023,A_thaliana,Water,Water [Tf - T0],0.3046,Ascomycota,Sordariomycetes,Hypocreales,Ascomycota
726,AT0023,Fusarium_redolens_MPI-CAGE-AT-0023,A_thaliana,Water,Water [Tf - T0],0.322322222,Ascomycota,Sordariomycetes,Hypocreales,Ascomycota
727,AT0026,Ilyonectria_europaea_MPI-CAGE-AT-0026,A_thaliana,Water,Water [Tf - T0],0.077188889,Ascomycota,Sordariomycetes,Hypocreales,Ascomycota
728,AT0026,Ilyonectria_europaea_MPI-CAGE-AT-0026,A_thaliana,Water,Water [Tf - T0],0,Ascomycota,Sordariomycetes,Hypocreales,Ascomycota
729,AT0026,Ilyonectria_europaea_MPI-CAGE-AT-0026,A_thaliana,Water,Water [Tf - T0],0,Ascomycota,Sordariomycetes,Hypocreales,Ascomycota
730,AT0040,Alternaria_rosae_MPI-PUGE-AT-0040,A_thaliana,Water,Water [Tf - T0],0,Ascomycota,Dothideomycetes,Pleosporales,Ascomycota
731,AT0040,Alternaria_rosae_MPI-PUGE-AT-0040,A_thaliana,Water,Water [Tf - T0],0,Ascomycota,Dothideomycetes,Pleosporales,Ascomycota
732,AT0040,Alternaria_rosae_MPI-PUGE-AT-0040,A_thaliana,Water,Water [Tf - T0],0,Ascomycota,Dothideomycetes,Pleosporales,Ascomycota
733,AT0064,Alternaria_alternata_MPI-PUGE-AT-0064,A_thaliana,Water,Water [Tf - T0],0.132377778,Ascomycota,Dothideomycetes,Pleosporales,Ascomycota
734,AT0064,Alternaria_alternata_MPI-PUGE-AT-0064,A_thaliana,Water,Water [Tf - T0],0.108511111,Ascomycota,Dothideomycetes,Pleosporales,Ascomycota
735,AT0064,Alternaria_alternata_MPI-PUGE-AT-0064,A_thaliana,Water,Water [Tf - T0],0.162277778,Ascomycota,Dothideomycetes,Pleosporales,Ascomycota
736,AT0079,Chaetomium_globosum_MPI-SDFR-AT-0079,A_thaliana,Water,Water [Tf - T0],0,Ascomycota,Sordariomycetes,Sordariales,Ascomycota
737,AT0079,Chaetomium_globosum_MPI-SDFR-AT-0079,A_thaliana,Water,Water [Tf - T0],0,Ascomycota,Sordariomycetes,Sordariales,Ascomycota
738,AT0079,Chaetomium_globosum_MPI-SDFR-AT-0079,A_thaliana,Water,Water [Tf - T0],0.121222222,Ascomycota,Sordariomycetes,Sordariales,Ascomycota
739,AT0100,Boeremia_exigua_MPI-SDFR-AT-0100,A_thaliana,Water,Water [Tf - T0],0.078411111,Ascomycota,Dothideomycetes,Pleosporales,Ascomycota
740,AT0100,Boeremia_exigua_MPI-SDFR-AT-0100,A_thaliana,Water,Water [Tf - T0],0.001233333,Ascomycota,Dothideomycetes,Pleosporales,Ascomycota
741,AT0100,Boeremia_exigua_MPI-SDFR-AT-0100,A_thaliana,Water,Water [Tf - T0],0,Ascomycota,Dothideomycetes,Pleosporales,Ascomycota
742,AT0134,Ilyonectria_sp._MPI-CAGE-AT-0134,A_thaliana,Water,Water [Tf - T0],0,Ascomycota,Sordariomycetes,Hypocreales,Ascomycota
743,AT0134,Ilyonectria_sp._MPI-CAGE-AT-0134,A_thaliana,Water,Water [Tf - T0],0,Ascomycota,Sordariomycetes,Hypocreales,Ascomycota
744,AT0134,Ilyonectria_sp._MPI-CAGE-AT-0134,A_thaliana,Water,Water [Tf - T0],0.018833333,Ascomycota,Sordariomycetes,Hypocreales,Ascomycota
745,AT0135,Halenospora_varia_MPI-CAGE-AT-0135,A_thaliana,Water,Water [Tf - T0],0.096444444,Ascomycota,Leotiomycetes,Helotiales,Ascomycota
746,AT0135,Halenospora_varia_MPI-CAGE-AT-0135,A_thaliana,Water,Water [Tf - T0],0.073933333,Ascomycota,Leotiomycetes,Helotiales,Ascomycota
747,AT0135,Halenospora_varia_MPI-CAGE-AT-0135,A_thaliana,Water,Water [Tf - T0],0.077911111,Ascomycota,Leotiomycetes,Helotiales,Ascomycota
748,AT0147,Dactylonectria_macrodidyma_MPI-CAGE-AT-0147,A_thaliana,Water,Water [Tf - T0],0,Ascomycota,Sordariomycetes,Hypocreales,Ascomycota
749,AT0147,Dactylonectria_macrodidyma_MPI-CAGE-AT-0147,A_thaliana,Water,Water [Tf - T0],0,Ascomycota,Sordariomycetes,Hypocreales,Ascomycota
750,AT0147,Dactylonectria_macrodidyma_MPI-CAGE-AT-0147,A_thaliana,Water,Water [Tf - T0],0.069422222,Ascomycota,Sordariomycetes,Hypocreales,Ascomycota
751,Bn_01,Bn_01,B_napus,Water,Water [Tf - T0],0.084611111,Ascomycota,Sordariomycetes,Hypocreales,Ascomycota
752,Bn_01,Bn_01,B_napus,Water,Water [Tf - T0],0,Ascomycota,Sordariomycetes,Hypocreales,Ascomycota
753,Bn_01,Bn_01,B_napus,Water,Water [Tf - T0],0,Ascomycota,Sordariomycetes,Hypocreales,Ascomycota
754,Bn_03,Bn_03,B_napus,Water,Water [Tf - T0],0,Ascomycota,Dothideomycetes,Cladosporiales,Ascomycota
755,Bn_03,Bn_03,B_napus,Water,Water [Tf - T0],0,Ascomycota,Dothideomycetes,Cladosporiales,Ascomycota
756,Bn_03,Bn_03,B_napus,Water,Water [Tf - T0],0,Ascomycota,Dothideomycetes,Cladosporiales,Ascomycota
757,Bn_05,Bn_05,B_napus,Water,Water [Tf - T0],0,Ascomycota,Sordariomycetes,Hypocreales,Ascomycota
758,Bn_05,Bn_05,B_napus,Water,Water [Tf - T0],0,Ascomycota,Sordariomycetes,Hypocreales,Ascomycota
759,Bn_05,Bn_05,B_napus,Water,Water [Tf - T0],0,Ascomycota,Sordariomycetes,Hypocreales,Ascomycota
760,Bn_06,Bn_06,B_napus,Water,Water [Tf - T0],0.001488889,Mucoromycota,Mucoromycetes,Mucorales,Mucoromycota
761,Bn_06,Bn_06,B_napus,Water,Water [Tf - T0],0,Mucoromycota,Mucoromycetes,Mucorales,Mucoromycota
762,Bn_06,Bn_06,B_napus,Water,Water [Tf - T0],0.1604,Mucoromycota,Mucoromycetes,Mucorales,Mucoromycota
763,Bn_07,Bn_07,B_napus,Water,Water [Tf - T0],0.095933333,Mucoromycota,Mucoromycetes,Mucorales,Mucoromycota
764,Bn_07,Bn_07,B_napus,Water,Water [Tf - T0],0,Mucoromycota,Mucoromycetes,Mucorales,Mucoromycota
765,Bn_07,Bn_07,B_napus,Water,Water [Tf - T0],0,Mucoromycota,Mucoromycetes,Mucorales,Mucoromycota
766,Bn_08,Bn_08,B_napus,Water,Water [Tf - T0],0.016455556,Mucoromycota,Mucoromycetes,Mucorales,Mucoromycota
767,Bn_08,Bn_08,B_napus,Water,Water [Tf - T0],0,Mucoromycota,Mucoromycetes,Mucorales,Mucoromycota
768,Bn_08,Bn_08,B_napus,Water,Water [Tf - T0],0,Mucoromycota,Mucoromycetes,Mucorales,Mucoromycota
769,Bn_09,Bn_09,B_napus,Water,Water [Tf - T0],0,Ascomycota,Sordariomycetes,Hypocreales,Ascomycota
770,Bn_09,Bn_09,B_napus,Water,Water [Tf - T0],0,Ascomycota,Sordariomycetes,Hypocreales,Ascomycota
771,Bn_09,Bn_09,B_napus,Water,Water [Tf - T0],0,Ascomycota,Sordariomycetes,Hypocreales,Ascomycota
772,Bn_10,Bn_10,B_napus,Water,Water [Tf - T0],0.004377778,Ascomycota,Sordariomycetes,Hypocreales,Ascomycota
773,Bn_10,Bn_10,B_napus,Water,Water [Tf - T0],0,Ascomycota,Sordariomycetes,Hypocreales,Ascomycota
774,Bn_10,Bn_10,B_napus,Water,Water [Tf - T0],0.127088889,Ascomycota,Sordariomycetes,Hypocreales,Ascomycota
775,Bn_11,Bn_11,B_napus,Water,Water [Tf - T0],0.224744444,Ascomycota,Eurotiomycetes,Eurotiales,Ascomycota
776,Bn_11,Bn_11,B_napus,Water,Water [Tf - T0],0.044133333,Ascomycota,Eurotiomycetes,Eurotiales,Ascomycota
777,Bn_11,Bn_11,B_napus,Water,Water [Tf - T0],0.0105,Ascomycota,Eurotiomycetes,Eurotiales,Ascomycota
778,Bn_14,Bn_14,B_napus,Water,Water [Tf - T0],0.1216,Ascomycota,Dothideomycetes,Pleosporales,Ascomycota
779,Bn_14,Bn_14,B_napus,Water,Water [Tf - T0],0.076155556,Ascomycota,Dothideomycetes,Pleosporales,Ascomycota
780,Bn_14,Bn_14,B_napus,Water,Water [Tf - T0],0.050055556,Ascomycota,Dothideomycetes,Pleosporales,Ascomycota
781,Bn_15,Bn_15,B_napus,Water,Water [Tf - T0],0,Ascomycota,Dothideomycetes,Cladosporiales,Ascomycota
782,Bn_15,Bn_15,B_napus,Water,Water [Tf - T0],0,Ascomycota,Dothideomycetes,Cladosporiales,Ascomycota
783,Bn_15,Bn_15,B_napus,Water,Water [Tf - T0],0,Ascomycota,Dothideomycetes,Cladosporiales,Ascomycota
784,Bn_16,Bn_16,B_napus,Water,Water [Tf - T0],0.194644444,Ascomycota,Sordariomycetes,Hypocreales,Ascomycota
785,Bn_16,Bn_16,B_napus,Water,Water [Tf - T0],0.194288889,Ascomycota,Sordariomycetes,Hypocreales,Ascomycota
786,Bn_16,Bn_16,B_napus,Water,Water [Tf - T0],0.2153,Ascomycota,Sordariomycetes,Hypocreales,Ascomycota
787,Bn_17,Bn_17,B_napus,Water,Water [Tf - T0],0.233755556,Ascomycota,Eurotiomycetes,Eurotiales,Ascomycota
788,Bn_17,Bn_17,B_napus,Water,Water [Tf - T0],0.174344444,Ascomycota,Eurotiomycetes,Eurotiales,Ascomycota
789,Bn_17,Bn_17,B_napus,Water,Water [Tf - T0],0.147522222,Ascomycota,Eurotiomycetes,Eurotiales,Ascomycota
790,Bn_18,Bn_18,B_napus,Water,Water [Tf - T0],0.155,Ascomycota,Sordariomycetes,Hypocreales,Ascomycota
791,Bn_18,Bn_18,B_napus,Water,Water [Tf - T0],0.134033333,Ascomycota,Sordariomycetes,Hypocreales,Ascomycota
792,Bn_18,Bn_18,B_napus,Water,Water [Tf - T0],0.152144444,Ascomycota,Sordariomycetes,Hypocreales,Ascomycota
793,Bn_19,Bn_19,B_napus,Water,Water [Tf - T0],0,Mucoromycota,Mucoromycetes,Mucorales,Mucoromycota
794,Bn_19,Bn_19,B_napus,Water,Water [Tf - T0],0,Mucoromycota,Mucoromycetes,Mucorales,Mucoromycota
795,Bn_19,Bn_19,B_napus,Water,Water [Tf - T0],0,Mucoromycota,Mucoromycetes,Mucorales,Mucoromycota
796,Bn_21,Bn_21,B_napus,Water,Water [Tf - T0],0.149455556,Mucoromycota,Mortierellomycetes,Mortierellales,Mucoromycota
797,Bn_21,Bn_21,B_napus,Water,Water [Tf - T0],0.143488889,Mucoromycota,Mortierellomycetes,Mortierellales,Mucoromycota
798,Bn_21,Bn_21,B_napus,Water,Water [Tf - T0],0.193877778,Mucoromycota,Mortierellomycetes,Mortierellales,Mucoromycota
799,Bn_22,Bn_22,B_napus,Water,Water [Tf - T0],0.201677778,Ascomycota,Eurotiomycetes,Eurotiales,Ascomycota
800,Bn_22,Bn_22,B_napus,Water,Water [Tf - T0],0.188411111,Ascomycota,Eurotiomycetes,Eurotiales,Ascomycota
801,Bn_22,Bn_22,B_napus,Water,Water [Tf - T0],0.220588889,Ascomycota,Eurotiomycetes,Eurotiales,Ascomycota
802,Bn_24,Bn_24,B_napus,Water,Water [Tf - T0],0.211777778,Ascomycota,Dothideomycetes,Pleosporales,Ascomycota
803,Bn_24,Bn_24,B_napus,Water,Water [Tf - T0],0.209111111,Ascomycota,Dothideomycetes,Pleosporales,Ascomycota
804,Bn_24,Bn_24,B_napus,Water,Water [Tf - T0],0.199044444,Ascomycota,Dothideomycetes,Pleosporales,Ascomycota
805,Bn_25,Bn_25,B_napus,Water,Water [Tf - T0],0.1897,Ascomycota,Eurotiomycetes,Eurotiales,Ascomycota
806,Bn_25,Bn_25,B_napus,Water,Water [Tf - T0],0.203011111,Ascomycota,Eurotiomycetes,Eurotiales,Ascomycota
807,Bn_25,Bn_25,B_napus,Water,Water [Tf - T0],0.221133333,Ascomycota,Eurotiomycetes,Eurotiales,Ascomycota
811,Bn_26,Bn_26,B_napus,Water,Water [Tf - T0],0.166022222,Ascomycota,Eurotiomycetes,Eurotiales,Ascomycota
812,Bn_26,Bn_26,B_napus,Water,Water [Tf - T0],0.121844444,Ascomycota,Eurotiomycetes,Eurotiales,Ascomycota
813,Bn_26,Bn_26,B_napus,Water,Water [Tf - T0],0.201877778,Ascomycota,Eurotiomycetes,Eurotiales,Ascomycota
814,Bn_27,Bn_27,B_napus,Water,Water [Tf - T0],0.035288889,Mucoromycota,Mortierellomycetes,Mortierellales,Mucoromycota
815,Bn_27,Bn_27,B_napus,Water,Water [Tf - T0],0.1299,Mucoromycota,Mortierellomycetes,Mortierellales,Mucoromycota
816,Bn_27,Bn_27,B_napus,Water,Water [Tf - T0],0.063455556,Mucoromycota,Mortierellomycetes,Mortierellales,Mucoromycota
817,Bn_28,Bn_28,B_napus,Water,Water [Tf - T0],0.165144444,Ascomycota,Eurotiomycetes,Eurotiales,Ascomycota
818,Bn_28,Bn_28,B_napus,Water,Water [Tf - T0],0.127888889,Ascomycota,Eurotiomycetes,Eurotiales,Ascomycota
819,Bn_28,Bn_28,B_napus,Water,Water [Tf - T0],0.143922222,Ascomycota,Eurotiomycetes,Eurotiales,Ascomycota
820,Bn_29,Bn_29,B_napus,Water,Water [Tf - T0],0.225188889,Ascomycota,Eurotiomycetes,Eurotiales,Ascomycota
821,Bn_29,Bn_29,B_napus,Water,Water [Tf - T0],0.227266667,Ascomycota,Eurotiomycetes,Eurotiales,Ascomycota
822,Bn_29,Bn_29,B_napus,Water,Water [Tf - T0],0.262588889,Ascomycota,Eurotiomycetes,Eurotiales,Ascomycota
823,Bn_30,Bn_30,B_napus,Water,Water [Tf - T0],0,Ascomycota,Sordariomycetes,Hypocreales,Ascomycota
824,Bn_30,Bn_30,B_napus,Water,Water [Tf - T0],0,Ascomycota,Sordariomycetes,Hypocreales,Ascomycota
825,Bn_30,Bn_30,B_napus,Water,Water [Tf - T0],0,Ascomycota,Sordariomycetes,Hypocreales,Ascomycota
826,Bn_31,Bn_31,B_napus,Water,Water [Tf - T0],0,Ascomycota,Leotiomycetes,Helotiales,Ascomycota
827,Bn_31,Bn_31,B_napus,Water,Water [Tf - T0],0,Ascomycota,Leotiomycetes,Helotiales,Ascomycota
828,Bn_31,Bn_31,B_napus,Water,Water [Tf - T0],0,Ascomycota,Leotiomycetes,Helotiales,Ascomycota
829,Bn_32,Bn_32,B_napus,Water,Water [Tf - T0],0,Ascomycota,Eurotiomycetes,Eurotiales,Ascomycota
830,Bn_32,Bn_32,B_napus,Water,Water [Tf - T0],0,Ascomycota,Eurotiomycetes,Eurotiales,Ascomycota
831,Bn_32,Bn_32,B_napus,Water,Water [Tf - T0],0,Ascomycota,Eurotiomycetes,Eurotiales,Ascomycota
832,Bn_33,Bn_33,B_napus,Water,Water [Tf - T0],0.1079,Ascomycota,Eurotiomycetes,Eurotiales,Ascomycota
833,Bn_33,Bn_33,B_napus,Water,Water [Tf - T0],0.1009,Ascomycota,Eurotiomycetes,Eurotiales,Ascomycota
834,Bn_33,Bn_33,B_napus,Water,Water [Tf - T0],0.226822222,Ascomycota,Eurotiomycetes,Eurotiales,Ascomycota
835,Bn_34,Bn_34,B_napus,Water,Water [Tf - T0],0.137422222,Ascomycota,Dothideomycetes,Cladosporiales,Ascomycota
836,Bn_34,Bn_34,B_napus,Water,Water [Tf - T0],0.089177778,Ascomycota,Dothideomycetes,Cladosporiales,Ascomycota
837,Bn_34,Bn_34,B_napus,Water,Water [Tf - T0],0.086422222,Ascomycota,Dothideomycetes,Cladosporiales,Ascomycota
838,Bn_35,Bn_35,B_napus,Water,Water [Tf - T0],0.074255556,Ascomycota,Eurotiomycetes,Eurotiales,Ascomycota
839,Bn_35,Bn_35,B_napus,Water,Water [Tf - T0],0.075622222,Ascomycota,Eurotiomycetes,Eurotiales,Ascomycota
840,Bn_35,Bn_35,B_napus,Water,Water [Tf - T0],0.106666667,Ascomycota,Eurotiomycetes,Eurotiales,Ascomycota
841,Bn_37,Bn_37,B_napus,Water,Water [Tf - T0],0,NA,NA,NA,NA
842,Bn_37,Bn_37,B_napus,Water,Water [Tf - T0],0,NA,NA,NA,NA
843,Bn_37,Bn_37,B_napus,Water,Water [Tf - T0],0,NA,NA,NA,NA
844,Bn_38,Bn_38,B_napus,Water,Water [Tf - T0],0,Ascomycota,Sordariomycetes,Hypocreales,Ascomycota
845,Bn_38,Bn_38,B_napus,Water,Water [Tf - T0],0,Ascomycota,Sordariomycetes,Hypocreales,Ascomycota
846,Bn_38,Bn_38,B_napus,Water,Water [Tf - T0],0.224755556,Ascomycota,Sordariomycetes,Hypocreales,Ascomycota
847,Bn_41,Bn_41,B_napus,Water,Water [Tf - T0],0.148888889,Ascomycota,Eurotiomycetes,Eurotiales,Ascomycota
848,Bn_41,Bn_41,B_napus,Water,Water [Tf - T0],0.1018,Ascomycota,Eurotiomycetes,Eurotiales,Ascomycota
849,Bn_41,Bn_41,B_napus,Water,Water [Tf - T0],0.064255556,Ascomycota,Eurotiomycetes,Eurotiales,Ascomycota
850,Bn_43,Bn_43,B_napus,Water,Water [Tf - T0],0,Ascomycota,Dothideomycetes,Cladosporiales,Ascomycota
851,Bn_43,Bn_43,B_napus,Water,Water [Tf - T0],0,Ascomycota,Dothideomycetes,Cladosporiales,Ascomycota
852,Bn_43,Bn_43,B_napus,Water,Water [Tf - T0],0,Ascomycota,Dothideomycetes,Cladosporiales,Ascomycota
853,Bn_44,Bn_44,B_napus,Water,Water [Tf - T0],0.068466667,Ascomycota,Eurotiomycetes,Eurotiales,Ascomycota
854,Bn_44,Bn_44,B_napus,Water,Water [Tf - T0],0.111188889,Ascomycota,Eurotiomycetes,Eurotiales,Ascomycota
855,Bn_44,Bn_44,B_napus,Water,Water [Tf - T0],0.055677778,Ascomycota,Eurotiomycetes,Eurotiales,Ascomycota
856,Bn_46,Bn_46,B_napus,Water,Water [Tf - T0],0.140944444,Ascomycota,Sordariomycetes,Hypocreales,Ascomycota
857,Bn_46,Bn_46,B_napus,Water,Water [Tf - T0],0.1327,Ascomycota,Sordariomycetes,Hypocreales,Ascomycota
858,Bn_46,Bn_46,B_napus,Water,Water [Tf - T0],0.2494,Ascomycota,Sordariomycetes,Hypocreales,Ascomycota
859,Bn_47,Bn_47,B_napus,Water,Water [Tf - T0],0.156355556,Ascomycota,Eurotiomycetes,Eurotiales,Ascomycota
860,Bn_47,Bn_47,B_napus,Water,Water [Tf - T0],0.095644444,Ascomycota,Eurotiomycetes,Eurotiales,Ascomycota
861,Bn_47,Bn_47,B_napus,Water,Water [Tf - T0],0.071411111,Ascomycota,Eurotiomycetes,Eurotiales,Ascomycota
862,Bn_50,Bn_50,B_napus,Water,Water [Tf - T0],0,Mucoromycota,Mucoromycetes,Mucorales,Mucoromycota
863,Bn_50,Bn_50,B_napus,Water,Water [Tf - T0],0,Mucoromycota,Mucoromycetes,Mucorales,Mucoromycota
864,Bn_50,Bn_50,B_napus,Water,Water [Tf - T0],0,Mucoromycota,Mucoromycetes,Mucorales,Mucoromycota
865,Bn_52,Bn_52,B_napus,Water,Water [Tf - T0],0,Mucoromycota,Mucoromycetes,Mucorales,Mucoromycota
866,Bn_52,Bn_52,B_napus,Water,Water [Tf - T0],0,Mucoromycota,Mucoromycetes,Mucorales,Mucoromycota
867,Bn_52,Bn_52,B_napus,Water,Water [Tf - T0],0,Mucoromycota,Mucoromycetes,Mucorales,Mucoromycota
868,Bn_53,Bn_53,B_napus,Water,Water [Tf - T0],0,Mucoromycota,Mucoromycetes,Mucorales,Mucoromycota
869,Bn_53,Bn_53,B_napus,Water,Water [Tf - T0],0,Mucoromycota,Mucoromycetes,Mucorales,Mucoromycota
870,Bn_53,Bn_53,B_napus,Water,Water [Tf - T0],0.233488889,Mucoromycota,Mucoromycetes,Mucorales,Mucoromycota
871,Bn_54,Bn_54,B_napus,Water,Water [Tf - T0],0.213711111,Mucoromycota,Mortierellomycetes,Mortierellales,Mucoromycota
872,Bn_54,Bn_54,B_napus,Water,Water [Tf - T0],0.160444444,Mucoromycota,Mortierellomycetes,Mortierellales,Mucoromycota
873,Bn_54,Bn_54,B_napus,Water,Water [Tf - T0],0.133966667,Mucoromycota,Mortierellomycetes,Mortierellales,Mucoromycota
874,Bn_56,Bn_56,B_napus,Water,Water [Tf - T0],0,Mucoromycota,Mortierellomycetes,Mortierellales,Mucoromycota
875,Bn_56,Bn_56,B_napus,Water,Water [Tf - T0],0,Mucoromycota,Mortierellomycetes,Mortierellales,Mucoromycota
876,Bn_56,Bn_56,B_napus,Water,Water [Tf - T0],0,Mucoromycota,Mortierellomycetes,Mortierellales,Mucoromycota
877,Bn_57,Bn_57,B_napus,Water,Water [Tf - T0],0.050388889,NA,NA,NA,NA
878,Bn_57,Bn_57,B_napus,Water,Water [Tf - T0],0.040255556,NA,NA,NA,NA
879,Bn_57,Bn_57,B_napus,Water,Water [Tf - T0],0.041855556,NA,NA,NA,NA
880,Bn_59,Bn_59,B_napus,Water,Water [Tf - T0],0,Ascomycota,Dothideomycetes,Cladosporiales,Ascomycota
881,Bn_59,Bn_59,B_napus,Water,Water [Tf - T0],0,Ascomycota,Dothideomycetes,Cladosporiales,Ascomycota
882,Bn_59,Bn_59,B_napus,Water,Water [Tf - T0],0.097644444,Ascomycota,Dothideomycetes,Cladosporiales,Ascomycota
883,Bn_60,Bn_60,B_napus,Water,Water [Tf - T0],0.181088889,Ascomycota,Eurotiomycetes,Eurotiales,Ascomycota
884,Bn_60,Bn_60,B_napus,Water,Water [Tf - T0],0.0308,Ascomycota,Eurotiomycetes,Eurotiales,Ascomycota
885,Bn_60,Bn_60,B_napus,Water,Water [Tf - T0],0,Ascomycota,Eurotiomycetes,Eurotiales,Ascomycota
886,Bn_62,Bn_62,B_napus,Water,Water [Tf - T0],0.128822222,Ascomycota,Eurotiomycetes,Eurotiales,Ascomycota
887,Bn_62,Bn_62,B_napus,Water,Water [Tf - T0],0.113011111,Ascomycota,Eurotiomycetes,Eurotiales,Ascomycota
888,Bn_62,Bn_62,B_napus,Water,Water [Tf - T0],0.150288889,Ascomycota,Eurotiomycetes,Eurotiales,Ascomycota
889,Bn_63,Bn_63,B_napus,Water,Water [Tf - T0],0,Ascomycota,Leotiomycetes,Thelebolales,Ascomycota
890,Bn_63,Bn_63,B_napus,Water,Water [Tf - T0],0,Ascomycota,Leotiomycetes,Thelebolales,Ascomycota
891,Bn_63,Bn_63,B_napus,Water,Water [Tf - T0],0,Ascomycota,Leotiomycetes,Thelebolales,Ascomycota
892,Bn_64,Bn_64,B_napus,Water,Water [Tf - T0],0,Ascomycota,Sordariomycetes,Glomerellales,Ascomycota
893,Bn_64,Bn_64,B_napus,Water,Water [Tf - T0],0.0143,Ascomycota,Sordariomycetes,Glomerellales,Ascomycota
894,Bn_64,Bn_64,B_napus,Water,Water [Tf - T0],0.214922222,Ascomycota,Sordariomycetes,Glomerellales,Ascomycota
895,Bn_67,Bn_67,B_napus,Water,Water [Tf - T0],0.342333333,Ascomycota,Dothideomycetes,Pleosporales,Ascomycota
896,Bn_67,Bn_67,B_napus,Water,Water [Tf - T0],0.243655556,Ascomycota,Dothideomycetes,Pleosporales,Ascomycota
897,Bn_67,Bn_67,B_napus,Water,Water [Tf - T0],0.227288889,Ascomycota,Dothideomycetes,Pleosporales,Ascomycota
898,Bn_68,Bn_68,B_napus,Water,Water [Tf - T0],0.1886,Ascomycota,Eurotiomycetes,Eurotiales,Ascomycota
899,Bn_68,Bn_68,B_napus,Water,Water [Tf - T0],0.179122222,Ascomycota,Eurotiomycetes,Eurotiales,Ascomycota
900,Bn_68,Bn_68,B_napus,Water,Water [Tf - T0],0.185366667,Ascomycota,Eurotiomycetes,Eurotiales,Ascomycota
901,F1,Verticillium_dahliae_MPI-CAGE-AT-0001,A_thaliana,Water,Water [Tf - T0],0.213844444,Ascomycota,Sordariomycetes,Glomerellales,Ascomycota
902,F1,Verticillium_dahliae_MPI-CAGE-AT-0001,A_thaliana,Water,Water [Tf - T0],0.176044444,Ascomycota,Sordariomycetes,Glomerellales,Ascomycota
903,F1,Verticillium_dahliae_MPI-CAGE-AT-0001,A_thaliana,Water,Water [Tf - T0],0.230677778,Ascomycota,Sordariomycetes,Glomerellales,Ascomycota
907,F129,Chaetomium_sp._MPI-SDFR-AT-0129,A_thaliana,Water,Water [Tf - T0],0.0598,Ascomycota,Sordariomycetes,Sordariales,Ascomycota
908,F129,Chaetomium_sp._MPI-SDFR-AT-0129,A_thaliana,Water,Water [Tf - T0],0.060155556,Ascomycota,Sordariomycetes,Sordariales,Ascomycota
909,F129,Chaetomium_sp._MPI-SDFR-AT-0129,A_thaliana,Water,Water [Tf - T0],0.112955556,Ascomycota,Sordariomycetes,Sordariales,Ascomycota
910,F201,Fusarium_venenatum_MPI-CAGE-CH-0201,A_thaliana,Water,Water [Tf - T0],0.204122222,Ascomycota,Sordariomycetes,Hypocreales,Ascomycota
911,F201,Fusarium_venenatum_MPI-CAGE-CH-0201,A_thaliana,Water,Water [Tf - T0],0.168922222,Ascomycota,Sordariomycetes,Hypocreales,Ascomycota
912,F201,Fusarium_venenatum_MPI-CAGE-CH-0201,A_thaliana,Water,Water [Tf - T0],0.153744444,Ascomycota,Sordariomycetes,Hypocreales,Ascomycota
913,F212,Fusarium_oxysporum_MPI-CAGE-CH-0212,A_thaliana,Water,Water [Tf - T0],0.111677778,Ascomycota,Sordariomycetes,Hypocreales,Ascomycota
914,F212,Fusarium_oxysporum_MPI-CAGE-CH-0212,A_thaliana,Water,Water [Tf - T0],0.162711111,Ascomycota,Sordariomycetes,Hypocreales,Ascomycota
915,F212,Fusarium_oxysporum_MPI-CAGE-CH-0212,A_thaliana,Water,Water [Tf - T0],0.191711111,Ascomycota,Sordariomycetes,Hypocreales,Ascomycota
916,F44,Fusarium_tricinctum_MPI-SDFR-AT-0044,A_thaliana,Water,Water [Tf - T0],0.226133333,Ascomycota,Sordariomycetes,Hypocreales,Ascomycota
917,F44,Fusarium_tricinctum_MPI-SDFR-AT-0044,A_thaliana,Water,Water [Tf - T0],0.244866667,Ascomycota,Sordariomycetes,Hypocreales,Ascomycota
918,F44,Fusarium_tricinctum_MPI-SDFR-AT-0044,A_thaliana,Water,Water [Tf - T0],0.272577778,Ascomycota,Sordariomycetes,Hypocreales,Ascomycota
919,F68,Fusarium_tricinctum_MPI-SDFR-AT-0068,A_thaliana,Water,Water [Tf - T0],0.047211111,Ascomycota,Sordariomycetes,Hypocreales,Ascomycota
920,F68,Fusarium_tricinctum_MPI-SDFR-AT-0068,A_thaliana,Water,Water [Tf - T0],0.000411111,Ascomycota,Sordariomycetes,Hypocreales,Ascomycota
921,F68,Fusarium_tricinctum_MPI-SDFR-AT-0068,A_thaliana,Water,Water [Tf - T0],0.002788889,Ascomycota,Sordariomycetes,Hypocreales,Ascomycota
922,F72,Fusarium_sp._MPI-SDFR-AT-0072,A_thaliana,Water,Water [Tf - T0],0.027266667,Ascomycota,Sordariomycetes,Hypocreales,Ascomycota
923,F72,Fusarium_sp._MPI-SDFR-AT-0072,A_thaliana,Water,Water [Tf - T0],0.0158,Ascomycota,Sordariomycetes,Hypocreales,Ascomycota
924,F72,Fusarium_sp._MPI-SDFR-AT-0072,A_thaliana,Water,Water [Tf - T0],0.017322222,Ascomycota,Sordariomycetes,Hypocreales,Ascomycota
925,F7374,Truncatella_angustata_MPI-SDFR-AT-0073,A_thaliana,Water,Water [Tf - T0],0.194011111,Ascomycota,Sordariomycetes,Xylariales,Ascomycota
926,F7374,Truncatella_angustata_MPI-SDFR-AT-0073,A_thaliana,Water,Water [Tf - T0],0.218955556,Ascomycota,Sordariomycetes,Xylariales,Ascomycota
927,F7374,Truncatella_angustata_MPI-SDFR-AT-0073,A_thaliana,Water,Water [Tf - T0],0.223055556,Ascomycota,Sordariomycetes,Xylariales,Ascomycota
928,F83,Sordaria_sp._MPI-SDFR-AT-0083,A_thaliana,Water,Water [Tf - T0],0,Ascomycota,Sordariomycetes,Sordariales,Ascomycota
929,F83,Sordaria_sp._MPI-SDFR-AT-0083,A_thaliana,Water,Water [Tf - T0],0,Ascomycota,Sordariomycetes,Sordariales,Ascomycota
930,F83,Sordaria_sp._MPI-SDFR-AT-0083,A_thaliana,Water,Water [Tf - T0],0.011911111,Ascomycota,Sordariomycetes,Sordariales,Ascomycota
931,Fusarium,Fusarium,T_aestivum,Water,Water [Tf - T0],0.1924,Ascomycota,Sordariomycetes,Hypocreales,Ascomycota
932,Fusarium,Fusarium,T_aestivum,Water,Water [Tf - T0],0.116566667,Ascomycota,Sordariomycetes,Hypocreales,Ascomycota
933,Fusarium,Fusarium,T_aestivum,Water,Water [Tf - T0],0.107255556,Ascomycota,Sordariomycetes,Hypocreales,Ascomycota
934,Rhizoctonia,Rhizoctonia,B_napus,Water,Water [Tf - T0],0.013144444,Basidiomycota,Agaricomycetes,Cantharellales,Basidiomycota
935,Rhizoctonia,Rhizoctonia,B_napus,Water,Water [Tf - T0],0,Basidiomycota,Agaricomycetes,Cantharellales,Basidiomycota
936,Rhizoctonia,Rhizoctonia,B_napus,Water,Water [Tf - T0],0,Basidiomycota,Agaricomycetes,Cantharellales,Basidiomycota
937,Ta_10,Ta_10,T_aestivum,Water,Water [Tf - T0],0.066811111,Mucoromycota,Mortierellomycetes,Mortierellales,Mucoromycota
938,Ta_10,Ta_10,T_aestivum,Water,Water [Tf - T0],0.1695,Mucoromycota,Mortierellomycetes,Mortierellales,Mucoromycota
939,Ta_10,Ta_10,T_aestivum,Water,Water [Tf - T0],0,Mucoromycota,Mortierellomycetes,Mortierellales,Mucoromycota
940,Ta_12,Ta_12,T_aestivum,Water,Water [Tf - T0],0,Ascomycota,Dothideomycetes,Pleosporales,Ascomycota
941,Ta_12,Ta_12,T_aestivum,Water,Water [Tf - T0],0,Ascomycota,Dothideomycetes,Pleosporales,Ascomycota
942,Ta_12,Ta_12,T_aestivum,Water,Water [Tf - T0],0.014388889,Ascomycota,Dothideomycetes,Pleosporales,Ascomycota
943,Ta_13,Ta_13,T_aestivum,Water,Water [Tf - T0],0.144722222,Ascomycota,Eurotiomycetes,Eurotiales,Ascomycota
944,Ta_13,Ta_13,T_aestivum,Water,Water [Tf - T0],0.169888889,Ascomycota,Eurotiomycetes,Eurotiales,Ascomycota
945,Ta_13,Ta_13,T_aestivum,Water,Water [Tf - T0],0.123122222,Ascomycota,Eurotiomycetes,Eurotiales,Ascomycota
946,Ta_14,Ta_14,T_aestivum,Water,Water [Tf - T0],0.127711111,Ascomycota,Sordariomycetes,Hypocreales,Ascomycota
947,Ta_14,Ta_14,T_aestivum,Water,Water [Tf - T0],0.130233333,Ascomycota,Sordariomycetes,Hypocreales,Ascomycota
948,Ta_14,Ta_14,T_aestivum,Water,Water [Tf - T0],0.215555556,Ascomycota,Sordariomycetes,Hypocreales,Ascomycota
949,Ta_15,Ta_15,T_aestivum,Water,Water [Tf - T0],0,Ascomycota,Dothideomycetes,Cladosporiales,Ascomycota
950,Ta_15,Ta_15,T_aestivum,Water,Water [Tf - T0],0,Ascomycota,Dothideomycetes,Cladosporiales,Ascomycota
951,Ta_15,Ta_15,T_aestivum,Water,Water [Tf - T0],0,Ascomycota,Dothideomycetes,Cladosporiales,Ascomycota
952,Ta_16,Ta_16,T_aestivum,Water,Water [Tf - T0],0,Ascomycota,Eurotiomycetes,Eurotiales,Ascomycota
953,Ta_16,Ta_16,T_aestivum,Water,Water [Tf - T0],0,Ascomycota,Eurotiomycetes,Eurotiales,Ascomycota
954,Ta_16,Ta_16,T_aestivum,Water,Water [Tf - T0],0.011566667,Ascomycota,Eurotiomycetes,Eurotiales,Ascomycota
955,Ta_19,Ta_19,T_aestivum,Water,Water [Tf - T0],0.118655556,Ascomycota,Pezizomycotina,Eurotiomycetes,Ascomycota
956,Ta_19,Ta_19,T_aestivum,Water,Water [Tf - T0],0.074055556,Ascomycota,Pezizomycotina,Eurotiomycetes,Ascomycota
957,Ta_19,Ta_19,T_aestivum,Water,Water [Tf - T0],0.078988889,Ascomycota,Pezizomycotina,Eurotiomycetes,Ascomycota
958,Ta_20,Ta_20,T_aestivum,Water,Water [Tf - T0],0,Ascomycota,Eurotiomycetes,Eurotiales,Ascomycota
959,Ta_20,Ta_20,T_aestivum,Water,Water [Tf - T0],0,Ascomycota,Eurotiomycetes,Eurotiales,Ascomycota
960,Ta_20,Ta_20,T_aestivum,Water,Water [Tf - T0],0.004333333,Ascomycota,Eurotiomycetes,Eurotiales,Ascomycota
961,Ta_22,Ta_22,T_aestivum,Water,Water [Tf - T0],0.021522222,Ascomycota,Eurotiomycetes,Eurotiales,Ascomycota
962,Ta_22,Ta_22,T_aestivum,Water,Water [Tf - T0],0.015855556,Ascomycota,Eurotiomycetes,Eurotiales,Ascomycota
963,Ta_22,Ta_22,T_aestivum,Water,Water [Tf - T0],0.033966667,Ascomycota,Eurotiomycetes,Eurotiales,Ascomycota
964,Ta_23,Ta_23,T_aestivum,Water,Water [Tf - T0],0,Ascomycota,Pezizomycotina,Dothideomycetes,Ascomycota
965,Ta_23,Ta_23,T_aestivum,Water,Water [Tf - T0],0,Ascomycota,Pezizomycotina,Dothideomycetes,Ascomycota
966,Ta_23,Ta_23,T_aestivum,Water,Water [Tf - T0],0.005255556,Ascomycota,Pezizomycotina,Dothideomycetes,Ascomycota
967,Ta_25,Ta_25,T_aestivum,Water,Water [Tf - T0],0.152877778,Ascomycota,Pezizomycotina,Dothideomycetes,Ascomycota
968,Ta_25,Ta_25,T_aestivum,Water,Water [Tf - T0],0.1445,Ascomycota,Pezizomycotina,Dothideomycetes,Ascomycota
969,Ta_25,Ta_25,T_aestivum,Water,Water [Tf - T0],0.093988889,Ascomycota,Pezizomycotina,Dothideomycetes,Ascomycota
970,Ta_26,Ta_26,T_aestivum,Water,Water [Tf - T0],0,Ascomycota,Eurotiomycetes,Eurotiales,Ascomycota
971,Ta_26,Ta_26,T_aestivum,Water,Water [Tf - T0],0,Ascomycota,Eurotiomycetes,Eurotiales,Ascomycota
972,Ta_26,Ta_26,T_aestivum,Water,Water [Tf - T0],0.000255556,Ascomycota,Eurotiomycetes,Eurotiales,Ascomycota
973,Ta_27,Ta_27,T_aestivum,Water,Water [Tf - T0],0,Mucoromycota,Mortierellomycetes,Mortierellales,Mucoromycota
974,Ta_27,Ta_27,T_aestivum,Water,Water [Tf - T0],0,Mucoromycota,Mortierellomycetes,Mortierellales,Mucoromycota
975,Ta_27,Ta_27,T_aestivum,Water,Water [Tf - T0],0,Mucoromycota,Mortierellomycetes,Mortierellales,Mucoromycota
976,Ta_30,Ta_30,T_aestivum,Water,Water [Tf - T0],0,Ascomycota,Eurotiomycetes,Eurotiales,Ascomycota
977,Ta_30,Ta_30,T_aestivum,Water,Water [Tf - T0],0,Ascomycota,Eurotiomycetes,Eurotiales,Ascomycota
978,Ta_30,Ta_30,T_aestivum,Water,Water [Tf - T0],0.0823,Ascomycota,Eurotiomycetes,Eurotiales,Ascomycota
979,Ta_31,Ta_31,T_aestivum,Water,Water [Tf - T0],0.182322222,Ascomycota,Sordariomycetes,Hypocreales,Ascomycota
980,Ta_31,Ta_31,T_aestivum,Water,Water [Tf - T0],0.153788889,Ascomycota,Sordariomycetes,Hypocreales,Ascomycota
981,Ta_31,Ta_31,T_aestivum,Water,Water [Tf - T0],0.132666667,Ascomycota,Sordariomycetes,Hypocreales,Ascomycota
982,Ta_32,Ta_32,T_aestivum,Water,Water [Tf - T0],0,Ascomycota,Eurotiomycetes,Eurotiales,Ascomycota
983,Ta_32,Ta_32,T_aestivum,Water,Water [Tf - T0],0.002355556,Ascomycota,Eurotiomycetes,Eurotiales,Ascomycota
984,Ta_32,Ta_32,T_aestivum,Water,Water [Tf - T0],0.004822222,Ascomycota,Eurotiomycetes,Eurotiales,Ascomycota
985,Ta_33,Ta_33,T_aestivum,Water,Water [Tf - T0],0,Ascomycota,Eurotiomycetes,Eurotiales,Ascomycota
986,Ta_33,Ta_33,T_aestivum,Water,Water [Tf - T0],0.0027,Ascomycota,Eurotiomycetes,Eurotiales,Ascomycota
987,Ta_33,Ta_33,T_aestivum,Water,Water [Tf - T0],0.011344444,Ascomycota,Eurotiomycetes,Eurotiales,Ascomycota
988,Ta_34,Ta_34,T_aestivum,Water,Water [Tf - T0],0,Ascomycota,Eurotiomycetes,Eurotiales,Ascomycota
989,Ta_34,Ta_34,T_aestivum,Water,Water [Tf - T0],0,Ascomycota,Eurotiomycetes,Eurotiales,Ascomycota
990,Ta_34,Ta_34,T_aestivum,Water,Water [Tf - T0],0.055344444,Ascomycota,Eurotiomycetes,Eurotiales,Ascomycota
991,Ta_35,Ta_35,T_aestivum,Water,Water [Tf - T0],0.079344444,Ascomycota,Pezizomycotina,Dothideomycetes,Ascomycota
992,Ta_35,Ta_35,T_aestivum,Water,Water [Tf - T0],0.082777778,Ascomycota,Pezizomycotina,Dothideomycetes,Ascomycota
993,Ta_35,Ta_35,T_aestivum,Water,Water [Tf - T0],0.045611111,Ascomycota,Pezizomycotina,Dothideomycetes,Ascomycota
994,Ta_36,Ta_36,T_aestivum,Water,Water [Tf - T0],0.145766667,Ascomycota,Pezizomycotina,Dothideomycetes,Ascomycota
995,Ta_36,Ta_36,T_aestivum,Water,Water [Tf - T0],0.113222222,Ascomycota,Pezizomycotina,Dothideomycetes,Ascomycota
996,Ta_36,Ta_36,T_aestivum,Water,Water [Tf - T0],0.094555556,Ascomycota,Pezizomycotina,Dothideomycetes,Ascomycota
997,Ta_37,Ta_37,T_aestivum,Water,Water [Tf - T0],0,Ascomycota,Pezizomycotina,Dothideomycetes,Ascomycota
998,Ta_37,Ta_37,T_aestivum,Water,Water [Tf - T0],0,Ascomycota,Pezizomycotina,Dothideomycetes,Ascomycota
999,Ta_37,Ta_37,T_aestivum,Water,Water [Tf - T0],0.022344444,Ascomycota,Pezizomycotina,Dothideomycetes,Ascomycota
1003,Ta_38,Ta_38,T_aestivum,Water,Water [Tf - T0],0.095522222,Ascomycota,Sordariomycetes,Hypocreales,Ascomycota
1004,Ta_38,Ta_38,T_aestivum,Water,Water [Tf - T0],0.036911111,Ascomycota,Sordariomycetes,Hypocreales,Ascomycota
1005,Ta_38,Ta_38,T_aestivum,Water,Water [Tf - T0],0.116722222,Ascomycota,Sordariomycetes,Hypocreales,Ascomycota
1006,Ta_39,Ta_39,T_aestivum,Water,Water [Tf - T0],0.112777778,Ascomycota,Sordariomycetes,Hypocreales,Ascomycota
1007,Ta_39,Ta_39,T_aestivum,Water,Water [Tf - T0],0.081544444,Ascomycota,Sordariomycetes,Hypocreales,Ascomycota
1008,Ta_39,Ta_39,T_aestivum,Water,Water [Tf - T0],0.096133333,Ascomycota,Sordariomycetes,Hypocreales,Ascomycota
1009,Ta_40,Ta_40,T_aestivum,Water,Water [Tf - T0],0.067144444,Ascomycota,Sordariomycetes,Hypocreales,Ascomycota
1010,Ta_40,Ta_40,T_aestivum,Water,Water [Tf - T0],0.120522222,Ascomycota,Sordariomycetes,Hypocreales,Ascomycota
1011,Ta_40,Ta_40,T_aestivum,Water,Water [Tf - T0],0.157344444,Ascomycota,Sordariomycetes,Hypocreales,Ascomycota
1012,Ta_01,Ta_01,T_aestivum,Water,Water [Tf - T0],0.065311111,Ascomycota,Sordariomycetes,Hypocreales,Ascomycota
1013,Ta_01,Ta_01,T_aestivum,Water,Water [Tf - T0],0.092644444,Ascomycota,Sordariomycetes,Hypocreales,Ascomycota
1014,Ta_01,Ta_01,T_aestivum,Water,Water [Tf - T0],0.166022222,Ascomycota,Sordariomycetes,Hypocreales,Ascomycota
1015,Ta_02,Ta_02,T_aestivum,Water,Water [Tf - T0],0,Ascomycota,Sordariomycetes,Sordariales,Ascomycota
1016,Ta_02,Ta_02,T_aestivum,Water,Water [Tf - T0],0,Ascomycota,Sordariomycetes,Sordariales,Ascomycota
1017,Ta_02,Ta_02,T_aestivum,Water,Water [Tf - T0],0,Ascomycota,Sordariomycetes,Sordariales,Ascomycota
1018,Ta_03,Ta_03,T_aestivum,Water,Water [Tf - T0],0.133288889,Ascomycota,Dothideomycetes,Pleosporales,Ascomycota
1019,Ta_03,Ta_03,T_aestivum,Water,Water [Tf - T0],0.079933333,Ascomycota,Dothideomycetes,Pleosporales,Ascomycota
1020,Ta_03,Ta_03,T_aestivum,Water,Water [Tf - T0],0.075344444,Ascomycota,Dothideomycetes,Pleosporales,Ascomycota
1021,Ta_04,Ta_04,T_aestivum,Water,Water [Tf - T0],0,Ascomycota,Eurotiomycetes,Eurotiales,Ascomycota
1022,Ta_04,Ta_04,T_aestivum,Water,Water [Tf - T0],0,Ascomycota,Eurotiomycetes,Eurotiales,Ascomycota
1023,Ta_04,Ta_04,T_aestivum,Water,Water [Tf - T0],0,Ascomycota,Eurotiomycetes,Eurotiales,Ascomycota
1024,Ta_05,Ta_05,T_aestivum,Water,Water [Tf - T0],0.004355556,Ascomycota,Eurotiomycetes,Eurotiales,Ascomycota
1025,Ta_05,Ta_05,T_aestivum,Water,Water [Tf - T0],0.004266667,Ascomycota,Eurotiomycetes,Eurotiales,Ascomycota
1026,Ta_05,Ta_05,T_aestivum,Water,Water [Tf - T0],0.1378,Ascomycota,Eurotiomycetes,Eurotiales,Ascomycota
1027,Ta_06,Ta_06,T_aestivum,Water,Water [Tf - T0],0.124777778,Ascomycota,Sordariomycetes,Hypocreales,Ascomycota
1028,Ta_06,Ta_06,T_aestivum,Water,Water [Tf - T0],0.122922222,Ascomycota,Sordariomycetes,Hypocreales,Ascomycota
1029,Ta_06,Ta_06,T_aestivum,Water,Water [Tf - T0],0.119444444,Ascomycota,Sordariomycetes,Hypocreales,Ascomycota
1030,Ta_07,Ta_07,T_aestivum,Water,Water [Tf - T0],0.015088889,Ascomycota,Eurotiomycetes,Eurotiales,Ascomycota
1031,Ta_07,Ta_07,T_aestivum,Water,Water [Tf - T0],0.0027,Ascomycota,Eurotiomycetes,Eurotiales,Ascomycota
1032,Ta_07,Ta_07,T_aestivum,Water,Water [Tf - T0],0.014455556,Ascomycota,Eurotiomycetes,Eurotiales,Ascomycota
1033,Ta_08,Ta_08,T_aestivum,Water,Water [Tf - T0],0.001466667,Ascomycota,Dothideomycetes,Pleosporales,Ascomycota
1034,Ta_08,Ta_08,T_aestivum,Water,Water [Tf - T0],0.006544444,Ascomycota,Dothideomycetes,Pleosporales,Ascomycota
1035,Ta_08,Ta_08,T_aestivum,Water,Water [Tf - T0],0.010055556,Ascomycota,Dothideomycetes,Pleosporales,Ascomycota
1036,Ta_09,Ta_09,T_aestivum,Water,Water [Tf - T0],0.088288889,Ascomycota,Eurotiomycetes,Eurotiales,Ascomycota
1037,Ta_09,Ta_09,T_aestivum,Water,Water [Tf - T0],0.134622222,Ascomycota,Eurotiomycetes,Eurotiales,Ascomycota
1038,Ta_09,Ta_09,T_aestivum,Water,Water [Tf - T0],0.214155556,Ascomycota,Eurotiomycetes,Eurotiales,Ascomycota
5810,Ta_10,Ta_10,T_aestivum,Glucose,Glucose [Tf-T0],0.505066667,Mucoromycota,Mortierellomycetes,Mortierellales,Mucoromycota
5910,Ta_10,Ta_10,T_aestivum,Glucose,Glucose [Tf-T0],0.5159,Mucoromycota,Mortierellomycetes,Mortierellales,Mucoromycota
6010,Ta_10,Ta_10,T_aestivum,Glucose,Glucose [Tf-T0],0.550533333,Mucoromycota,Mortierellomycetes,Mortierellales,Mucoromycota
6410,Ta_12,Ta_12,T_aestivum,Glucose,Glucose [Tf-T0],0.668566667,Ascomycota,Dothideomycetes,Pleosporales,Ascomycota
6510,Ta_12,Ta_12,T_aestivum,Glucose,Glucose [Tf-T0],0.8437,Ascomycota,Dothideomycetes,Pleosporales,Ascomycota
6610,Ta_12,Ta_12,T_aestivum,Glucose,Glucose [Tf-T0],0,Ascomycota,Dothideomycetes,Pleosporales,Ascomycota
7010,Ta_13,Ta_13,T_aestivum,Glucose,Glucose [Tf-T0],0.538822222,Ascomycota,Eurotiomycetes,Eurotiales,Ascomycota
7110,Ta_13,Ta_13,T_aestivum,Glucose,Glucose [Tf-T0],0.570188889,Ascomycota,Eurotiomycetes,Eurotiales,Ascomycota
7210,Ta_13,Ta_13,T_aestivum,Glucose,Glucose [Tf-T0],0.652344444,Ascomycota,Eurotiomycetes,Eurotiales,Ascomycota
7610,Ta_14,Ta_14,T_aestivum,Glucose,Glucose [Tf-T0],0.634655556,Ascomycota,Sordariomycetes,Hypocreales,Ascomycota
7710,Ta_14,Ta_14,T_aestivum,Glucose,Glucose [Tf-T0],0.210566667,Ascomycota,Sordariomycetes,Hypocreales,Ascomycota
7810,Ta_14,Ta_14,T_aestivum,Glucose,Glucose [Tf-T0],0.447111111,Ascomycota,Sordariomycetes,Hypocreales,Ascomycota
8110,Ta_15,Ta_15,T_aestivum,Glucose,Glucose [Tf-T0],0.5784,Ascomycota,Dothideomycetes,Cladosporiales,Ascomycota
8210,Ta_15,Ta_15,T_aestivum,Glucose,Glucose [Tf-T0],0.639188889,Ascomycota,Dothideomycetes,Cladosporiales,Ascomycota
8310,Ta_15,Ta_15,T_aestivum,Glucose,Glucose [Tf-T0],0.595444444,Ascomycota,Dothideomycetes,Cladosporiales,Ascomycota
8710,Ta_16,Ta_16,T_aestivum,Glucose,Glucose [Tf-T0],0.428455556,Ascomycota,Eurotiomycetes,Eurotiales,Ascomycota
8810,Ta_16,Ta_16,T_aestivum,Glucose,Glucose [Tf-T0],0.8558,Ascomycota,Eurotiomycetes,Eurotiales,Ascomycota
8910,Ta_16,Ta_16,T_aestivum,Glucose,Glucose [Tf-T0],0.8856,Ascomycota,Eurotiomycetes,Eurotiales,Ascomycota
1531,Ta_10,Ta_10,T_aestivum,3OMG,3-O-MG [Tf-T0],0.158911111,Mucoromycota,Mortierellomycetes,Mortierellales,Mucoromycota
1541,Ta_10,Ta_10,T_aestivum,3OMG,3-O-MG [Tf-T0],0.149777778,Mucoromycota,Mortierellomycetes,Mortierellales,Mucoromycota
1551,Ta_10,Ta_10,T_aestivum,3OMG,3-O-MG [Tf-T0],0.186633333,Mucoromycota,Mortierellomycetes,Mortierellales,Mucoromycota
1594,Ta_12,Ta_12,T_aestivum,3OMG,3-O-MG [Tf-T0],0.026188889,Ascomycota,Dothideomycetes,Pleosporales,Ascomycota
1601,Ta_12,Ta_12,T_aestivum,3OMG,3-O-MG [Tf-T0],0.066055556,Ascomycota,Dothideomycetes,Pleosporales,Ascomycota
1612,Ta_12,Ta_12,T_aestivum,3OMG,3-O-MG [Tf-T0],0.034744444,Ascomycota,Dothideomycetes,Pleosporales,Ascomycota
1654,Ta_13,Ta_13,T_aestivum,3OMG,3-O-MG [Tf-T0],0.236788889,Ascomycota,Eurotiomycetes,Eurotiales,Ascomycota
1661,Ta_13,Ta_13,T_aestivum,3OMG,3-O-MG [Tf-T0],0.261111111,Ascomycota,Eurotiomycetes,Eurotiales,Ascomycota
1672,Ta_13,Ta_13,T_aestivum,3OMG,3-O-MG [Tf-T0],0.272066667,Ascomycota,Eurotiomycetes,Eurotiales,Ascomycota
1714,Ta_14,Ta_14,T_aestivum,3OMG,3-O-MG [Tf-T0],0.111788889,Ascomycota,Sordariomycetes,Hypocreales,Ascomycota
1721,Ta_14,Ta_14,T_aestivum,3OMG,3-O-MG [Tf-T0],0.048711111,Ascomycota,Sordariomycetes,Hypocreales,Ascomycota
1732,Ta_14,Ta_14,T_aestivum,3OMG,3-O-MG [Tf-T0],0.078722222,Ascomycota,Sordariomycetes,Hypocreales,Ascomycota
1762,Ta_15,Ta_15,T_aestivum,3OMG,3-O-MG [Tf-T0],0.073011111,Ascomycota,Dothideomycetes,Cladosporiales,Ascomycota
1774,Ta_15,Ta_15,T_aestivum,3OMG,3-O-MG [Tf-T0],0,Ascomycota,Dothideomycetes,Cladosporiales,Ascomycota
1781,Ta_15,Ta_15,T_aestivum,3OMG,3-O-MG [Tf-T0],0.019733333,Ascomycota,Dothideomycetes,Cladosporiales,Ascomycota
1821,Ta_16,Ta_16,T_aestivum,3OMG,3-O-MG [Tf-T0],0.066977778,Ascomycota,Eurotiomycetes,Eurotiales,Ascomycota
1834,Ta_16,Ta_16,T_aestivum,3OMG,3-O-MG [Tf-T0],0.071455556,Ascomycota,Eurotiomycetes,Eurotiales,Ascomycota
1841,Ta_16,Ta_16,T_aestivum,3OMG,3-O-MG [Tf-T0],0.126322222,Ascomycota,Eurotiomycetes,Eurotiales,Ascomycota
1942,Ta_19,Ta_19,T_aestivum,Glucose,Glucose [Tf-T0],0.564888889,Ascomycota,Pezizomycotina,Eurotiomycetes,Ascomycota
1954,Ta_19,Ta_19,T_aestivum,Glucose,Glucose [Tf-T0],0.800911111,Ascomycota,Pezizomycotina,Eurotiomycetes,Ascomycota
1961,Ta_19,Ta_19,T_aestivum,Glucose,Glucose [Tf-T0],0.639466667,Ascomycota,Pezizomycotina,Eurotiomycetes,Ascomycota
2002,Ta_20,Ta_20,T_aestivum,Glucose,Glucose [Tf-T0],0.866733333,Ascomycota,Eurotiomycetes,Eurotiales,Ascomycota
2011,Ta_20,Ta_20,T_aestivum,Glucose,Glucose [Tf-T0],0.889222222,Ascomycota,Eurotiomycetes,Eurotiales,Ascomycota
2021,Ta_20,Ta_20,T_aestivum,Glucose,Glucose [Tf-T0],0.852955556,Ascomycota,Eurotiomycetes,Eurotiales,Ascomycota
2062,Ta_22,Ta_22,T_aestivum,Glucose,Glucose [Tf-T0],0.798066667,Ascomycota,Eurotiomycetes,Eurotiales,Ascomycota
2071,Ta_22,Ta_22,T_aestivum,Glucose,Glucose [Tf-T0],0.832377778,Ascomycota,Eurotiomycetes,Eurotiales,Ascomycota
2081,Ta_22,Ta_22,T_aestivum,Glucose,Glucose [Tf-T0],0.856044444,Ascomycota,Eurotiomycetes,Eurotiales,Ascomycota
2121,Ta_23,Ta_23,T_aestivum,Glucose,Glucose [Tf-T0],0.6348,Ascomycota,Pezizomycotina,Dothideomycetes,Ascomycota
2131,Ta_23,Ta_23,T_aestivum,Glucose,Glucose [Tf-T0],0.752511111,Ascomycota,Pezizomycotina,Dothideomycetes,Ascomycota
2141,Ta_23,Ta_23,T_aestivum,Glucose,Glucose [Tf-T0],0.645055556,Ascomycota,Pezizomycotina,Dothideomycetes,Ascomycota
2241,Ta_25,Ta_25,T_aestivum,Glucose,Glucose [Tf-T0],0.718777778,Ascomycota,Pezizomycotina,Dothideomycetes,Ascomycota
2251,Ta_25,Ta_25,T_aestivum,Glucose,Glucose [Tf-T0],0.691822222,Ascomycota,Pezizomycotina,Dothideomycetes,Ascomycota
2263,Ta_25,Ta_25,T_aestivum,Glucose,Glucose [Tf-T0],0.632677778,Ascomycota,Pezizomycotina,Dothideomycetes,Ascomycota
2301,Ta_26,Ta_26,T_aestivum,Glucose,Glucose [Tf-T0],0.858355556,Ascomycota,Eurotiomycetes,Eurotiales,Ascomycota
2311,Ta_26,Ta_26,T_aestivum,Glucose,Glucose [Tf-T0],0.891344444,Ascomycota,Eurotiomycetes,Eurotiales,Ascomycota
2321,Ta_26,Ta_26,T_aestivum,Glucose,Glucose [Tf-T0],0.833555556,Ascomycota,Eurotiomycetes,Eurotiales,Ascomycota
2361,Ta_27,Ta_27,T_aestivum,Glucose,Glucose [Tf-T0],0.347122222,Mucoromycota,Mortierellomycetes,Mortierellales,Mucoromycota
2371,Ta_27,Ta_27,T_aestivum,Glucose,Glucose [Tf-T0],0.335888889,Mucoromycota,Mortierellomycetes,Mortierellales,Mucoromycota
238,Ta_27,Ta_27,T_aestivum,Glucose,Glucose [Tf-T0],0.378255556,Mucoromycota,Mortierellomycetes,Mortierellales,Mucoromycota
2481,Ta_30,Ta_30,T_aestivum,Glucose,Glucose [Tf-T0],0.696166667,Ascomycota,Eurotiomycetes,Eurotiales,Ascomycota
2491,Ta_30,Ta_30,T_aestivum,Glucose,Glucose [Tf-T0],0.68,Ascomycota,Eurotiomycetes,Eurotiales,Ascomycota
2501,Ta_30,Ta_30,T_aestivum,Glucose,Glucose [Tf-T0],0.703111111,Ascomycota,Eurotiomycetes,Eurotiales,Ascomycota
2541,Ta_31,Ta_31,T_aestivum,Glucose,Glucose [Tf-T0],0.413866667,Ascomycota,Sordariomycetes,Hypocreales,Ascomycota
2551,Ta_31,Ta_31,T_aestivum,Glucose,Glucose [Tf-T0],0.610088889,Ascomycota,Sordariomycetes,Hypocreales,Ascomycota
2561,Ta_31,Ta_31,T_aestivum,Glucose,Glucose [Tf-T0],0.603877778,Ascomycota,Sordariomycetes,Hypocreales,Ascomycota
2601,Ta_32,Ta_32,T_aestivum,Glucose,Glucose [Tf-T0],0.615866667,Ascomycota,Eurotiomycetes,Eurotiales,Ascomycota
2611,Ta_32,Ta_32,T_aestivum,Glucose,Glucose [Tf-T0],0.764177778,Ascomycota,Eurotiomycetes,Eurotiales,Ascomycota
2621,Ta_32,Ta_32,T_aestivum,Glucose,Glucose [Tf-T0],0.710733333,Ascomycota,Eurotiomycetes,Eurotiales,Ascomycota
2661,Ta_33,Ta_33,T_aestivum,Glucose,Glucose [Tf-T0],0.877466667,Ascomycota,Eurotiomycetes,Eurotiales,Ascomycota
2671,Ta_33,Ta_33,T_aestivum,Glucose,Glucose [Tf-T0],0.771655556,Ascomycota,Eurotiomycetes,Eurotiales,Ascomycota
2681,Ta_33,Ta_33,T_aestivum,Glucose,Glucose [Tf-T0],0.829188889,Ascomycota,Eurotiomycetes,Eurotiales,Ascomycota
2721,Ta_34,Ta_34,T_aestivum,Glucose,Glucose [Tf-T0],0.7468,Ascomycota,Eurotiomycetes,Eurotiales,Ascomycota
2731,Ta_34,Ta_34,T_aestivum,Glucose,Glucose [Tf-T0],0.736477778,Ascomycota,Eurotiomycetes,Eurotiales,Ascomycota
274,Ta_34,Ta_34,T_aestivum,Glucose,Glucose [Tf-T0],0.766188889,Ascomycota,Eurotiomycetes,Eurotiales,Ascomycota
2781,Ta_35,Ta_35,T_aestivum,Glucose,Glucose [Tf-T0],0.605866667,Ascomycota,Pezizomycotina,Dothideomycetes,Ascomycota
2791,Ta_35,Ta_35,T_aestivum,Glucose,Glucose [Tf-T0],0.809155556,Ascomycota,Pezizomycotina,Dothideomycetes,Ascomycota
2801,Ta_35,Ta_35,T_aestivum,Glucose,Glucose [Tf-T0],0.841733333,Ascomycota,Pezizomycotina,Dothideomycetes,Ascomycota
2901,Ta_19,Ta_19,T_aestivum,3OMG,3-O-MG [Tf-T0],0.340988889,Ascomycota,Pezizomycotina,Eurotiomycetes,Ascomycota
2911,Ta_19,Ta_19,T_aestivum,3OMG,3-O-MG [Tf-T0],0.234333333,Ascomycota,Pezizomycotina,Eurotiomycetes,Ascomycota
2921,Ta_19,Ta_19,T_aestivum,3OMG,3-O-MG [Tf-T0],0.2465,Ascomycota,Pezizomycotina,Eurotiomycetes,Ascomycota
2961,Ta_20,Ta_20,T_aestivum,3OMG,3-O-MG [Tf-T0],0.199822222,Ascomycota,Eurotiomycetes,Eurotiales,Ascomycota
2971,Ta_20,Ta_20,T_aestivum,3OMG,3-O-MG [Tf-T0],0.218244444,Ascomycota,Eurotiomycetes,Eurotiales,Ascomycota
2981,Ta_20,Ta_20,T_aestivum,3OMG,3-O-MG [Tf-T0],0.138288889,Ascomycota,Eurotiomycetes,Eurotiales,Ascomycota
3021,Ta_22,Ta_22,T_aestivum,3OMG,3-O-MG [Tf-T0],0.216766667,Ascomycota,Eurotiomycetes,Eurotiales,Ascomycota
3031,Ta_22,Ta_22,T_aestivum,3OMG,3-O-MG [Tf-T0],0.207133333,Ascomycota,Eurotiomycetes,Eurotiales,Ascomycota
3041,Ta_22,Ta_22,T_aestivum,3OMG,3-O-MG [Tf-T0],0.184477778,Ascomycota,Eurotiomycetes,Eurotiales,Ascomycota
3081,Ta_23,Ta_23,T_aestivum,3OMG,3-O-MG [Tf-T0],0.215233333,Ascomycota,Pezizomycotina,Dothideomycetes,Ascomycota
3091,Ta_23,Ta_23,T_aestivum,3OMG,3-O-MG [Tf-T0],0.307344444,Ascomycota,Pezizomycotina,Dothideomycetes,Ascomycota
3101,Ta_23,Ta_23,T_aestivum,3OMG,3-O-MG [Tf-T0],0.2868,Ascomycota,Pezizomycotina,Dothideomycetes,Ascomycota
3201,Ta_25,Ta_25,T_aestivum,3OMG,3-O-MG [Tf-T0],0.000177778,Ascomycota,Pezizomycotina,Dothideomycetes,Ascomycota
3211,Ta_25,Ta_25,T_aestivum,3OMG,3-O-MG [Tf-T0],0.019744444,Ascomycota,Pezizomycotina,Dothideomycetes,Ascomycota
3221,Ta_25,Ta_25,T_aestivum,3OMG,3-O-MG [Tf-T0],0,Ascomycota,Pezizomycotina,Dothideomycetes,Ascomycota
3261,Ta_26,Ta_26,T_aestivum,3OMG,3-O-MG [Tf-T0],0.084122222,Ascomycota,Eurotiomycetes,Eurotiales,Ascomycota
3271,Ta_26,Ta_26,T_aestivum,3OMG,3-O-MG [Tf-T0],0.082611111,Ascomycota,Eurotiomycetes,Eurotiales,Ascomycota
3281,Ta_26,Ta_26,T_aestivum,3OMG,3-O-MG [Tf-T0],0.073033333,Ascomycota,Eurotiomycetes,Eurotiales,Ascomycota
3321,Ta_27,Ta_27,T_aestivum,3OMG,3-O-MG [Tf-T0],0.082566667,Mucoromycota,Mortierellomycetes,Mortierellales,Mucoromycota
3331,Ta_27,Ta_27,T_aestivum,3OMG,3-O-MG [Tf-T0],0.070933333,Mucoromycota,Mortierellomycetes,Mortierellales,Mucoromycota
334,Ta_27,Ta_27,T_aestivum,3OMG,3-O-MG [Tf-T0],0.0994,Mucoromycota,Mortierellomycetes,Mortierellales,Mucoromycota
3441,Ta_30,Ta_30,T_aestivum,3OMG,3-O-MG [Tf-T0],0.128022222,Ascomycota,Eurotiomycetes,Eurotiales,Ascomycota
3451,Ta_30,Ta_30,T_aestivum,3OMG,3-O-MG [Tf-T0],0.112077778,Ascomycota,Eurotiomycetes,Eurotiales,Ascomycota
3461,Ta_30,Ta_30,T_aestivum,3OMG,3-O-MG [Tf-T0],0.127222222,Ascomycota,Eurotiomycetes,Eurotiales,Ascomycota
3501,Ta_31,Ta_31,T_aestivum,3OMG,3-O-MG [Tf-T0],0.037066667,Ascomycota,Sordariomycetes,Hypocreales,Ascomycota
3511,Ta_31,Ta_31,T_aestivum,3OMG,3-O-MG [Tf-T0],0.033955556,Ascomycota,Sordariomycetes,Hypocreales,Ascomycota
3521,Ta_31,Ta_31,T_aestivum,3OMG,3-O-MG [Tf-T0],0.051488889,Ascomycota,Sordariomycetes,Hypocreales,Ascomycota
3561,Ta_32,Ta_32,T_aestivum,3OMG,3-O-MG [Tf-T0],0.134166667,Ascomycota,Eurotiomycetes,Eurotiales,Ascomycota
3571,Ta_32,Ta_32,T_aestivum,3OMG,3-O-MG [Tf-T0],0.213377778,Ascomycota,Eurotiomycetes,Eurotiales,Ascomycota
3581,Ta_32,Ta_32,T_aestivum,3OMG,3-O-MG [Tf-T0],0.282722222,Ascomycota,Eurotiomycetes,Eurotiales,Ascomycota
3621,Ta_33,Ta_33,T_aestivum,3OMG,3-O-MG [Tf-T0],0.148177778,Ascomycota,Eurotiomycetes,Eurotiales,Ascomycota
3631,Ta_33,Ta_33,T_aestivum,3OMG,3-O-MG [Tf-T0],0.097822222,Ascomycota,Eurotiomycetes,Eurotiales,Ascomycota
3641,Ta_33,Ta_33,T_aestivum,3OMG,3-O-MG [Tf-T0],0.093733333,Ascomycota,Eurotiomycetes,Eurotiales,Ascomycota
3681,Ta_34,Ta_34,T_aestivum,3OMG,3-O-MG [Tf-T0],0.154411111,Ascomycota,Eurotiomycetes,Eurotiales,Ascomycota
3691,Ta_34,Ta_34,T_aestivum,3OMG,3-O-MG [Tf-T0],0.0796,Ascomycota,Eurotiomycetes,Eurotiales,Ascomycota
3701,Ta_34,Ta_34,T_aestivum,3OMG,3-O-MG [Tf-T0],0.173088889,Ascomycota,Eurotiomycetes,Eurotiales,Ascomycota
3741,Ta_35,Ta_35,T_aestivum,3OMG,3-O-MG [Tf-T0],0.1013,Ascomycota,Pezizomycotina,Dothideomycetes,Ascomycota
3751,Ta_35,Ta_35,T_aestivum,3OMG,3-O-MG [Tf-T0],0.105366667,Ascomycota,Pezizomycotina,Dothideomycetes,Ascomycota
3761,Ta_35,Ta_35,T_aestivum,3OMG,3-O-MG [Tf-T0],0.135088889,Ascomycota,Pezizomycotina,Dothideomycetes,Ascomycota
3861,Ta_36,Ta_36,T_aestivum,Glucose,Glucose [Tf-T0],0.8329,Ascomycota,Pezizomycotina,Dothideomycetes,Ascomycota
3871,Ta_36,Ta_36,T_aestivum,Glucose,Glucose [Tf-T0],0.806222222,Ascomycota,Pezizomycotina,Dothideomycetes,Ascomycota
3881,Ta_36,Ta_36,T_aestivum,Glucose,Glucose [Tf-T0],0.854355556,Ascomycota,Pezizomycotina,Dothideomycetes,Ascomycota
3921,Ta_37,Ta_37,T_aestivum,Glucose,Glucose [Tf-T0],0.904377778,Ascomycota,Pezizomycotina,Dothideomycetes,Ascomycota
3931,Ta_37,Ta_37,T_aestivum,Glucose,Glucose [Tf-T0],0.805866667,Ascomycota,Pezizomycotina,Dothideomycetes,Ascomycota
3941,Ta_37,Ta_37,T_aestivum,Glucose,Glucose [Tf-T0],0.6049,Ascomycota,Pezizomycotina,Dothideomycetes,Ascomycota
3981,Ta_38,Ta_38,T_aestivum,Glucose,Glucose [Tf-T0],0.602688889,Ascomycota,Sordariomycetes,Hypocreales,Ascomycota
3991,Ta_38,Ta_38,T_aestivum,Glucose,Glucose [Tf-T0],0.514433333,Ascomycota,Sordariomycetes,Hypocreales,Ascomycota
4001,Ta_38,Ta_38,T_aestivum,Glucose,Glucose [Tf-T0],0.580177778,Ascomycota,Sordariomycetes,Hypocreales,Ascomycota
4041,Ta_39,Ta_39,T_aestivum,Glucose,Glucose [Tf-T0],0.653555556,Ascomycota,Sordariomycetes,Hypocreales,Ascomycota
4051,Ta_39,Ta_39,T_aestivum,Glucose,Glucose [Tf-T0],0.673955556,Ascomycota,Sordariomycetes,Hypocreales,Ascomycota
4061,Ta_39,Ta_39,T_aestivum,Glucose,Glucose [Tf-T0],0.615155556,Ascomycota,Sordariomycetes,Hypocreales,Ascomycota
4101,Ta_40,Ta_40,T_aestivum,Glucose,Glucose [Tf-T0],0.676955556,Ascomycota,Sordariomycetes,Hypocreales,Ascomycota
4111,Ta_40,Ta_40,T_aestivum,Glucose,Glucose [Tf-T0],0.595011111,Ascomycota,Sordariomycetes,Hypocreales,Ascomycota
4121,Ta_40,Ta_40,T_aestivum,Glucose,Glucose [Tf-T0],0.6426,Ascomycota,Sordariomycetes,Hypocreales,Ascomycota
4161,Bn_01,Bn_01,B_napus,Glucose,Glucose [Tf-T0],0.588622222,Ascomycota,Sordariomycetes,Hypocreales,Ascomycota
4171,Bn_01,Bn_01,B_napus,Glucose,Glucose [Tf-T0],0.668233333,Ascomycota,Sordariomycetes,Hypocreales,Ascomycota
4181,Bn_01,Bn_01,B_napus,Glucose,Glucose [Tf-T0],0.6869,Ascomycota,Sordariomycetes,Hypocreales,Ascomycota
4281,Bn_03,Bn_03,B_napus,Glucose,Glucose [Tf-T0],0.4416,Ascomycota,Dothideomycetes,Cladosporiales,Ascomycota
4291,Bn_03,Bn_03,B_napus,Glucose,Glucose [Tf-T0],0.430811111,Ascomycota,Dothideomycetes,Cladosporiales,Ascomycota
430,Bn_03,Bn_03,B_napus,Glucose,Glucose [Tf-T0],0.436077778,Ascomycota,Dothideomycetes,Cladosporiales,Ascomycota
4341,Bn_05,Bn_05,B_napus,Glucose,Glucose [Tf-T0],0.4466,Ascomycota,Sordariomycetes,Hypocreales,Ascomycota
4351,Bn_05,Bn_05,B_napus,Glucose,Glucose [Tf-T0],0.597466667,Ascomycota,Sordariomycetes,Hypocreales,Ascomycota
4361,Bn_05,Bn_05,B_napus,Glucose,Glucose [Tf-T0],0.570144444,Ascomycota,Sordariomycetes,Hypocreales,Ascomycota
4401,Bn_06,Bn_06,B_napus,Glucose,Glucose [Tf-T0],0.291633333,Mucoromycota,Mucoromycetes,Mucorales,Mucoromycota
4411,Bn_06,Bn_06,B_napus,Glucose,Glucose [Tf-T0],0.289344444,Mucoromycota,Mucoromycetes,Mucorales,Mucoromycota
4421,Bn_06,Bn_06,B_napus,Glucose,Glucose [Tf-T0],0.2827,Mucoromycota,Mucoromycetes,Mucorales,Mucoromycota
4461,Bn_07,Bn_07,B_napus,Glucose,Glucose [Tf-T0],0.336766667,Mucoromycota,Mucoromycetes,Mucorales,Mucoromycota
4471,Bn_07,Bn_07,B_napus,Glucose,Glucose [Tf-T0],0.329822222,Mucoromycota,Mucoromycetes,Mucorales,Mucoromycota
4481,Bn_07,Bn_07,B_napus,Glucose,Glucose [Tf-T0],0.319077778,Mucoromycota,Mucoromycetes,Mucorales,Mucoromycota
4521,Bn_08,Bn_08,B_napus,Glucose,Glucose [Tf-T0],0.516211111,Mucoromycota,Mucoromycetes,Mucorales,Mucoromycota
4531,Bn_08,Bn_08,B_napus,Glucose,Glucose [Tf-T0],0.515622222,Mucoromycota,Mucoromycetes,Mucorales,Mucoromycota
4541,Bn_08,Bn_08,B_napus,Glucose,Glucose [Tf-T0],0.7451,Mucoromycota,Mucoromycetes,Mucorales,Mucoromycota
4581,Bn_09,Bn_09,B_napus,Glucose,Glucose [Tf-T0],0.381288889,Ascomycota,Sordariomycetes,Hypocreales,Ascomycota
4591,Bn_09,Bn_09,B_napus,Glucose,Glucose [Tf-T0],0.2757,Ascomycota,Sordariomycetes,Hypocreales,Ascomycota
4601,Bn_09,Bn_09,B_napus,Glucose,Glucose [Tf-T0],0.321922222,Ascomycota,Sordariomycetes,Hypocreales,Ascomycota
4631,Bn_10,Bn_10,B_napus,Glucose,Glucose [Tf-T0],0.353388889,Ascomycota,Sordariomycetes,Hypocreales,Ascomycota
4641,Bn_10,Bn_10,B_napus,Glucose,Glucose [Tf-T0],0.303711111,Ascomycota,Sordariomycetes,Hypocreales,Ascomycota
4651,Bn_10,Bn_10,B_napus,Glucose,Glucose [Tf-T0],0.377222222,Ascomycota,Sordariomycetes,Hypocreales,Ascomycota
4691,Bn_11,Bn_11,B_napus,Glucose,Glucose [Tf-T0],0.652322222,Ascomycota,Eurotiomycetes,Eurotiales,Ascomycota
4701,Bn_11,Bn_11,B_napus,Glucose,Glucose [Tf-T0],0.681988889,Ascomycota,Eurotiomycetes,Eurotiales,Ascomycota
4711,Bn_11,Bn_11,B_napus,Glucose,Glucose [Tf-T0],0.736755556,Ascomycota,Eurotiomycetes,Eurotiales,Ascomycota
4811,Ta_36,Ta_36,T_aestivum,3OMG,3-O-MG [Tf-T0],0.4208,Ascomycota,Pezizomycotina,Dothideomycetes,Ascomycota
4821,Ta_36,Ta_36,T_aestivum,3OMG,3-O-MG [Tf-T0],0.2213,Ascomycota,Pezizomycotina,Dothideomycetes,Ascomycota
4831,Ta_36,Ta_36,T_aestivum,3OMG,3-O-MG [Tf-T0],0.241888889,Ascomycota,Pezizomycotina,Dothideomycetes,Ascomycota
4871,Ta_37,Ta_37,T_aestivum,3OMG,3-O-MG [Tf-T0],0.282588889,Ascomycota,Pezizomycotina,Dothideomycetes,Ascomycota
4881,Ta_37,Ta_37,T_aestivum,3OMG,3-O-MG [Tf-T0],0.218577778,Ascomycota,Pezizomycotina,Dothideomycetes,Ascomycota
4891,Ta_37,Ta_37,T_aestivum,3OMG,3-O-MG [Tf-T0],0.319155556,Ascomycota,Pezizomycotina,Dothideomycetes,Ascomycota
4931,Ta_38,Ta_38,T_aestivum,3OMG,3-O-MG [Tf-T0],0.177244444,Ascomycota,Sordariomycetes,Hypocreales,Ascomycota
4941,Ta_38,Ta_38,T_aestivum,3OMG,3-O-MG [Tf-T0],0.1762,Ascomycota,Sordariomycetes,Hypocreales,Ascomycota
4951,Ta_38,Ta_38,T_aestivum,3OMG,3-O-MG [Tf-T0],0.2496,Ascomycota,Sordariomycetes,Hypocreales,Ascomycota
4991,Ta_39,Ta_39,T_aestivum,3OMG,3-O-MG [Tf-T0],0.209455556,Ascomycota,Sordariomycetes,Hypocreales,Ascomycota
5001,Ta_39,Ta_39,T_aestivum,3OMG,3-O-MG [Tf-T0],0.1693,Ascomycota,Sordariomycetes,Hypocreales,Ascomycota
5011,Ta_39,Ta_39,T_aestivum,3OMG,3-O-MG [Tf-T0],0.275388889,Ascomycota,Sordariomycetes,Hypocreales,Ascomycota
5051,Ta_40,Ta_40,T_aestivum,3OMG,3-O-MG [Tf-T0],0.245333333,Ascomycota,Sordariomycetes,Hypocreales,Ascomycota
5061,Ta_40,Ta_40,T_aestivum,3OMG,3-O-MG [Tf-T0],0.174144444,Ascomycota,Sordariomycetes,Hypocreales,Ascomycota
5071,Ta_40,Ta_40,T_aestivum,3OMG,3-O-MG [Tf-T0],0.1658,Ascomycota,Sordariomycetes,Hypocreales,Ascomycota
5111,Bn_01,Bn_01,B_napus,3OMG,3-O-MG [Tf-T0],0.197611111,Ascomycota,Sordariomycetes,Hypocreales,Ascomycota
5121,Bn_01,Bn_01,B_napus,3OMG,3-O-MG [Tf-T0],0.229311111,Ascomycota,Sordariomycetes,Hypocreales,Ascomycota
5131,Bn_01,Bn_01,B_napus,3OMG,3-O-MG [Tf-T0],0.263655556,Ascomycota,Sordariomycetes,Hypocreales,Ascomycota
5231,Bn_03,Bn_03,B_napus,3OMG,3-O-MG [Tf-T0],0.150488889,Ascomycota,Dothideomycetes,Cladosporiales,Ascomycota
5241,Bn_03,Bn_03,B_napus,3OMG,3-O-MG [Tf-T0],0.145577778,Ascomycota,Dothideomycetes,Cladosporiales,Ascomycota
5251,Bn_03,Bn_03,B_napus,3OMG,3-O-MG [Tf-T0],0.315533333,Ascomycota,Dothideomycetes,Cladosporiales,Ascomycota
5291,Bn_05,Bn_05,B_napus,3OMG,3-O-MG [Tf-T0],0.281822222,Ascomycota,Sordariomycetes,Hypocreales,Ascomycota
5301,Bn_05,Bn_05,B_napus,3OMG,3-O-MG [Tf-T0],0.196777778,Ascomycota,Sordariomycetes,Hypocreales,Ascomycota
5311,Bn_05,Bn_05,B_napus,3OMG,3-O-MG [Tf-T0],0.1543,Ascomycota,Sordariomycetes,Hypocreales,Ascomycota
5351,Bn_06,Bn_06,B_napus,3OMG,3-O-MG [Tf-T0],0.077133333,Mucoromycota,Mucoromycetes,Mucorales,Mucoromycota
5361,Bn_06,Bn_06,B_napus,3OMG,3-O-MG [Tf-T0],0.090366667,Mucoromycota,Mucoromycetes,Mucorales,Mucoromycota
5371,Bn_06,Bn_06,B_napus,3OMG,3-O-MG [Tf-T0],0.075977778,Mucoromycota,Mucoromycetes,Mucorales,Mucoromycota
5411,Bn_07,Bn_07,B_napus,3OMG,3-O-MG [Tf-T0],0.050111111,Mucoromycota,Mucoromycetes,Mucorales,Mucoromycota
5421,Bn_07,Bn_07,B_napus,3OMG,3-O-MG [Tf-T0],0,Mucoromycota,Mucoromycetes,Mucorales,Mucoromycota
5431,Bn_07,Bn_07,B_napus,3OMG,3-O-MG [Tf-T0],0.003955556,Mucoromycota,Mucoromycetes,Mucorales,Mucoromycota
5471,Bn_08,Bn_08,B_napus,3OMG,3-O-MG [Tf-T0],0.1517,Mucoromycota,Mucoromycetes,Mucorales,Mucoromycota
5481,Bn_08,Bn_08,B_napus,3OMG,3-O-MG [Tf-T0],0.083777778,Mucoromycota,Mucoromycetes,Mucorales,Mucoromycota
5491,Bn_08,Bn_08,B_napus,3OMG,3-O-MG [Tf-T0],0.149311111,Mucoromycota,Mucoromycetes,Mucorales,Mucoromycota
5531,Bn_09,Bn_09,B_napus,3OMG,3-O-MG [Tf-T0],0.246833333,Ascomycota,Sordariomycetes,Hypocreales,Ascomycota
5541,Bn_09,Bn_09,B_napus,3OMG,3-O-MG [Tf-T0],0.247844444,Ascomycota,Sordariomycetes,Hypocreales,Ascomycota
5551,Bn_09,Bn_09,B_napus,3OMG,3-O-MG [Tf-T0],0.217111111,Ascomycota,Sordariomycetes,Hypocreales,Ascomycota
5581,Bn_10,Bn_10,B_napus,3OMG,3-O-MG [Tf-T0],0.139166667,Ascomycota,Sordariomycetes,Hypocreales,Ascomycota
5591,Bn_10,Bn_10,B_napus,3OMG,3-O-MG [Tf-T0],0.117733333,Ascomycota,Sordariomycetes,Hypocreales,Ascomycota
5601,Bn_10,Bn_10,B_napus,3OMG,3-O-MG [Tf-T0],0.115333333,Ascomycota,Sordariomycetes,Hypocreales,Ascomycota
5641,Bn_11,Bn_11,B_napus,3OMG,3-O-MG [Tf-T0],0.227511111,Ascomycota,Eurotiomycetes,Eurotiales,Ascomycota
5651,Bn_11,Bn_11,B_napus,3OMG,3-O-MG [Tf-T0],0.236522222,Ascomycota,Eurotiomycetes,Eurotiales,Ascomycota
5661,Bn_11,Bn_11,B_napus,3OMG,3-O-MG [Tf-T0],0.213888889,Ascomycota,Eurotiomycetes,Eurotiales,Ascomycota
5821,Bn_14,Bn_14,B_napus,Glucose,Glucose [Tf-T0],0.544866667,Ascomycota,Dothideomycetes,Pleosporales,Ascomycota
5831,Bn_14,Bn_14,B_napus,Glucose,Glucose [Tf-T0],0.583877778,Ascomycota,Dothideomycetes,Pleosporales,Ascomycota
5841,Bn_14,Bn_14,B_napus,Glucose,Glucose [Tf-T0],0.8022,Ascomycota,Dothideomycetes,Pleosporales,Ascomycota
5881,Bn_15,Bn_15,B_napus,Glucose,Glucose [Tf-T0],0.617655556,Ascomycota,Dothideomycetes,Cladosporiales,Ascomycota
5891,Bn_15,Bn_15,B_napus,Glucose,Glucose [Tf-T0],0.683833333,Ascomycota,Dothideomycetes,Cladosporiales,Ascomycota
5901,Bn_15,Bn_15,B_napus,Glucose,Glucose [Tf-T0],0.639066667,Ascomycota,Dothideomycetes,Cladosporiales,Ascomycota
5941,Bn_16,Bn_16,B_napus,Glucose,Glucose [Tf-T0],0.465966667,Ascomycota,Sordariomycetes,Hypocreales,Ascomycota
5951,Bn_16,Bn_16,B_napus,Glucose,Glucose [Tf-T0],0.463444444,Ascomycota,Sordariomycetes,Hypocreales,Ascomycota
5961,Bn_16,Bn_16,B_napus,Glucose,Glucose [Tf-T0],0.469611111,Ascomycota,Sordariomycetes,Hypocreales,Ascomycota
6001,Bn_17,Bn_17,B_napus,Glucose,Glucose [Tf-T0],0.535755556,Ascomycota,Eurotiomycetes,Eurotiales,Ascomycota
6011,Bn_17,Bn_17,B_napus,Glucose,Glucose [Tf-T0],0.525566667,Ascomycota,Eurotiomycetes,Eurotiales,Ascomycota
6021,Bn_17,Bn_17,B_napus,Glucose,Glucose [Tf-T0],0.529666667,Ascomycota,Eurotiomycetes,Eurotiales,Ascomycota
6061,Bn_18,Bn_18,B_napus,Glucose,Glucose [Tf-T0],0.780611111,Ascomycota,Sordariomycetes,Hypocreales,Ascomycota
6071,Bn_18,Bn_18,B_napus,Glucose,Glucose [Tf-T0],0.765633333,Ascomycota,Sordariomycetes,Hypocreales,Ascomycota
6081,Bn_18,Bn_18,B_napus,Glucose,Glucose [Tf-T0],0.748322222,Ascomycota,Sordariomycetes,Hypocreales,Ascomycota
6121,Bn_19,Bn_19,B_napus,Glucose,Glucose [Tf-T0],0.320266667,Mucoromycota,Mucoromycetes,Mucorales,Mucoromycota
6131,Bn_19,Bn_19,B_napus,Glucose,Glucose [Tf-T0],0.328655556,Mucoromycota,Mucoromycetes,Mucorales,Mucoromycota
6141,Bn_19,Bn_19,B_napus,Glucose,Glucose [Tf-T0],0.360255556,Mucoromycota,Mucoromycetes,Mucorales,Mucoromycota
6181,Bn_21,Bn_21,B_napus,Glucose,Glucose [Tf-T0],0.432188889,Mucoromycota,Mortierellomycetes,Mortierellales,Mucoromycota
6191,Bn_21,Bn_21,B_napus,Glucose,Glucose [Tf-T0],0.4128,Mucoromycota,Mortierellomycetes,Mortierellales,Mucoromycota
6201,Bn_21,Bn_21,B_napus,Glucose,Glucose [Tf-T0],0.401822222,Mucoromycota,Mortierellomycetes,Mortierellales,Mucoromycota
624,Bn_22,Bn_22,B_napus,Glucose,Glucose [Tf-T0],0.555555556,Ascomycota,Eurotiomycetes,Eurotiales,Ascomycota
6251,Bn_22,Bn_22,B_napus,Glucose,Glucose [Tf-T0],0.569655556,Ascomycota,Eurotiomycetes,Eurotiales,Ascomycota
6261,Bn_22,Bn_22,B_napus,Glucose,Glucose [Tf-T0],0.540944444,Ascomycota,Eurotiomycetes,Eurotiales,Ascomycota
6361,Bn_24,Bn_24,B_napus,Glucose,Glucose [Tf-T0],0.767366667,Ascomycota,Dothideomycetes,Pleosporales,Ascomycota
6371,Bn_24,Bn_24,B_napus,Glucose,Glucose [Tf-T0],0.655733333,Ascomycota,Dothideomycetes,Pleosporales,Ascomycota
6381,Bn_24,Bn_24,B_napus,Glucose,Glucose [Tf-T0],0.621188889,Ascomycota,Dothideomycetes,Pleosporales,Ascomycota
6411,Bn_25,Bn_25,B_napus,Glucose,Glucose [Tf-T0],0.669366667,Ascomycota,Eurotiomycetes,Eurotiales,Ascomycota
6421,Bn_25,Bn_25,B_napus,Glucose,Glucose [Tf-T0],0.852,Ascomycota,Eurotiomycetes,Eurotiales,Ascomycota
6431,Bn_25,Bn_25,B_napus,Glucose,Glucose [Tf-T0],0.557655556,Ascomycota,Eurotiomycetes,Eurotiales,Ascomycota
6471,Bn_26,Bn_26,B_napus,Glucose,Glucose [Tf-T0],0.5436,Ascomycota,Eurotiomycetes,Eurotiales,Ascomycota
6481,Bn_26,Bn_26,B_napus,Glucose,Glucose [Tf-T0],0.3619,Ascomycota,Eurotiomycetes,Eurotiales,Ascomycota
6491,Bn_26,Bn_26,B_napus,Glucose,Glucose [Tf-T0],0.427433333,Ascomycota,Eurotiomycetes,Eurotiales,Ascomycota
6531,Bn_27,Bn_27,B_napus,Glucose,Glucose [Tf-T0],0.538033333,Mucoromycota,Mortierellomycetes,Mortierellales,Mucoromycota
6541,Bn_27,Bn_27,B_napus,Glucose,Glucose [Tf-T0],0.645644444,Mucoromycota,Mortierellomycetes,Mortierellales,Mucoromycota
6551,Bn_27,Bn_27,B_napus,Glucose,Glucose [Tf-T0],0.546366667,Mucoromycota,Mortierellomycetes,Mortierellales,Mucoromycota
6591,Bn_28,Bn_28,B_napus,Glucose,Glucose [Tf-T0],0.790366667,Ascomycota,Eurotiomycetes,Eurotiales,Ascomycota
6601,Bn_28,Bn_28,B_napus,Glucose,Glucose [Tf-T0],0.778366667,Ascomycota,Eurotiomycetes,Eurotiales,Ascomycota
6611,Bn_28,Bn_28,B_napus,Glucose,Glucose [Tf-T0],0.808855556,Ascomycota,Eurotiomycetes,Eurotiales,Ascomycota
677,Bn_14,Bn_14,B_napus,3OMG,3-O-MG [Tf-T0],0,Ascomycota,Dothideomycetes,Pleosporales,Ascomycota
678,Bn_14,Bn_14,B_napus,3OMG,3-O-MG [Tf-T0],0.107288889,Ascomycota,Dothideomycetes,Pleosporales,Ascomycota
679,Bn_14,Bn_14,B_napus,3OMG,3-O-MG [Tf-T0],0.148744444,Ascomycota,Dothideomycetes,Pleosporales,Ascomycota
683,Bn_15,Bn_15,B_napus,3OMG,3-O-MG [Tf-T0],0.059044444,Ascomycota,Dothideomycetes,Cladosporiales,Ascomycota
684,Bn_15,Bn_15,B_napus,3OMG,3-O-MG [Tf-T0],0.0949,Ascomycota,Dothideomycetes,Cladosporiales,Ascomycota
685,Bn_15,Bn_15,B_napus,3OMG,3-O-MG [Tf-T0],0.071488889,Ascomycota,Dothideomycetes,Cladosporiales,Ascomycota
689,Bn_16,Bn_16,B_napus,3OMG,3-O-MG [Tf-T0],0.051266667,Ascomycota,Sordariomycetes,Hypocreales,Ascomycota
690,Bn_16,Bn_16,B_napus,3OMG,3-O-MG [Tf-T0],0.052944444,Ascomycota,Sordariomycetes,Hypocreales,Ascomycota
691,Bn_16,Bn_16,B_napus,3OMG,3-O-MG [Tf-T0],0.106066667,Ascomycota,Sordariomycetes,Hypocreales,Ascomycota
6951,Bn_17,Bn_17,B_napus,3OMG,3-O-MG [Tf-T0],0.198644444,Ascomycota,Eurotiomycetes,Eurotiales,Ascomycota
6961,Bn_17,Bn_17,B_napus,3OMG,3-O-MG [Tf-T0],0.105588889,Ascomycota,Eurotiomycetes,Eurotiales,Ascomycota
697,Bn_17,Bn_17,B_napus,3OMG,3-O-MG [Tf-T0],0.070088889,Ascomycota,Eurotiomycetes,Eurotiales,Ascomycota
701,Bn_18,Bn_18,B_napus,3OMG,3-O-MG [Tf-T0],0.206444444,Ascomycota,Sordariomycetes,Hypocreales,Ascomycota
702,Bn_18,Bn_18,B_napus,3OMG,3-O-MG [Tf-T0],0.145555556,Ascomycota,Sordariomycetes,Hypocreales,Ascomycota
703,Bn_18,Bn_18,B_napus,3OMG,3-O-MG [Tf-T0],0.188155556,Ascomycota,Sordariomycetes,Hypocreales,Ascomycota
707,Bn_19,Bn_19,B_napus,3OMG,3-O-MG [Tf-T0],0,Mucoromycota,Mucoromycetes,Mucorales,Mucoromycota
708,Bn_19,Bn_19,B_napus,3OMG,3-O-MG [Tf-T0],0,Mucoromycota,Mucoromycetes,Mucorales,Mucoromycota
709,Bn_19,Bn_19,B_napus,3OMG,3-O-MG [Tf-T0],0,Mucoromycota,Mucoromycetes,Mucorales,Mucoromycota
713,Bn_21,Bn_21,B_napus,3OMG,3-O-MG [Tf-T0],0,Mucoromycota,Mortierellomycetes,Mortierellales,Mucoromycota
714,Bn_21,Bn_21,B_napus,3OMG,3-O-MG [Tf-T0],0,Mucoromycota,Mortierellomycetes,Mortierellales,Mucoromycota
7151,Bn_21,Bn_21,B_napus,3OMG,3-O-MG [Tf-T0],0,Mucoromycota,Mortierellomycetes,Mortierellales,Mucoromycota
7191,Bn_22,Bn_22,B_napus,3OMG,3-O-MG [Tf-T0],0.052011111,Ascomycota,Eurotiomycetes,Eurotiales,Ascomycota
7201,Bn_22,Bn_22,B_napus,3OMG,3-O-MG [Tf-T0],0,Ascomycota,Eurotiomycetes,Eurotiales,Ascomycota
7211,Bn_22,Bn_22,B_napus,3OMG,3-O-MG [Tf-T0],0,Ascomycota,Eurotiomycetes,Eurotiales,Ascomycota
7311,Bn_24,Bn_24,B_napus,3OMG,3-O-MG [Tf-T0],0,Ascomycota,Dothideomycetes,Pleosporales,Ascomycota
7321,Bn_24,Bn_24,B_napus,3OMG,3-O-MG [Tf-T0],0.006844444,Ascomycota,Dothideomycetes,Pleosporales,Ascomycota
7331,Bn_24,Bn_24,B_napus,3OMG,3-O-MG [Tf-T0],0.041811111,Ascomycota,Dothideomycetes,Pleosporales,Ascomycota
7361,Bn_25,Bn_25,B_napus,3OMG,3-O-MG [Tf-T0],0.071511111,Ascomycota,Eurotiomycetes,Eurotiales,Ascomycota
7371,Bn_25,Bn_25,B_napus,3OMG,3-O-MG [Tf-T0],0.076233333,Ascomycota,Eurotiomycetes,Eurotiales,Ascomycota
7381,Bn_25,Bn_25,B_napus,3OMG,3-O-MG [Tf-T0],0.136422222,Ascomycota,Eurotiomycetes,Eurotiales,Ascomycota
7421,Bn_26,Bn_26,B_napus,3OMG,3-O-MG [Tf-T0],0.202577778,Ascomycota,Eurotiomycetes,Eurotiales,Ascomycota
7431,Bn_26,Bn_26,B_napus,3OMG,3-O-MG [Tf-T0],0.133566667,Ascomycota,Eurotiomycetes,Eurotiales,Ascomycota
7441,Bn_26,Bn_26,B_napus,3OMG,3-O-MG [Tf-T0],0.104,Ascomycota,Eurotiomycetes,Eurotiales,Ascomycota
7481,Bn_27,Bn_27,B_napus,3OMG,3-O-MG [Tf-T0],0.095011111,Mucoromycota,Mortierellomycetes,Mortierellales,Mucoromycota
7491,Bn_27,Bn_27,B_napus,3OMG,3-O-MG [Tf-T0],0.065366667,Mucoromycota,Mortierellomycetes,Mortierellales,Mucoromycota
7501,Bn_27,Bn_27,B_napus,3OMG,3-O-MG [Tf-T0],0,Mucoromycota,Mortierellomycetes,Mortierellales,Mucoromycota
7541,Bn_28,Bn_28,B_napus,3OMG,3-O-MG [Tf-T0],0.044222222,Ascomycota,Eurotiomycetes,Eurotiales,Ascomycota
7551,Bn_28,Bn_28,B_napus,3OMG,3-O-MG [Tf-T0],0.064644444,Ascomycota,Eurotiomycetes,Eurotiales,Ascomycota
7561,Bn_28,Bn_28,B_napus,3OMG,3-O-MG [Tf-T0],0.1404,Ascomycota,Eurotiomycetes,Eurotiales,Ascomycota
7661,Bn_29,Bn_29,B_napus,Glucose,Glucose [Tf-T0],0.694555556,Ascomycota,Eurotiomycetes,Eurotiales,Ascomycota
7671,Bn_29,Bn_29,B_napus,Glucose,Glucose [Tf-T0],0.717655556,Ascomycota,Eurotiomycetes,Eurotiales,Ascomycota
7681,Bn_29,Bn_29,B_napus,Glucose,Glucose [Tf-T0],0.686655555,Ascomycota,Eurotiomycetes,Eurotiales,Ascomycota
7721,Bn_30,Bn_30,B_napus,Glucose,Glucose [Tf-T0],0.588111111,Ascomycota,Sordariomycetes,Hypocreales,Ascomycota
7731,Bn_30,Bn_30,B_napus,Glucose,Glucose [Tf-T0],0.617411111,Ascomycota,Sordariomycetes,Hypocreales,Ascomycota
7741,Bn_30,Bn_30,B_napus,Glucose,Glucose [Tf-T0],0.620388889,Ascomycota,Sordariomycetes,Hypocreales,Ascomycota
7781,Bn_31,Bn_31,B_napus,Glucose,Glucose [Tf-T0],0.999666667,Ascomycota,Leotiomycetes,Helotiales,Ascomycota
7791,Bn_31,Bn_31,B_napus,Glucose,Glucose [Tf-T0],0.553877778,Ascomycota,Leotiomycetes,Helotiales,Ascomycota
7801,Bn_31,Bn_31,B_napus,Glucose,Glucose [Tf-T0],0.5071,Ascomycota,Leotiomycetes,Helotiales,Ascomycota
7841,Bn_32,Bn_32,B_napus,Glucose,Glucose [Tf-T0],0.535533334,Ascomycota,Eurotiomycetes,Eurotiales,Ascomycota
7851,Bn_32,Bn_32,B_napus,Glucose,Glucose [Tf-T0],0.705644445,Ascomycota,Eurotiomycetes,Eurotiales,Ascomycota
7861,Bn_32,Bn_32,B_napus,Glucose,Glucose [Tf-T0],0.670333334,Ascomycota,Eurotiomycetes,Eurotiales,Ascomycota
7901,Bn_33,Bn_33,B_napus,Glucose,Glucose [Tf-T0],0.635222222,Ascomycota,Eurotiomycetes,Eurotiales,Ascomycota
7911,Bn_33,Bn_33,B_napus,Glucose,Glucose [Tf-T0],0.552266667,Ascomycota,Eurotiomycetes,Eurotiales,Ascomycota
7921,Bn_33,Bn_33,B_napus,Glucose,Glucose [Tf-T0],0.602555555,Ascomycota,Eurotiomycetes,Eurotiales,Ascomycota
7961,Bn_34,Bn_34,B_napus,Glucose,Glucose [Tf-T0],0.716088889,Ascomycota,Dothideomycetes,Cladosporiales,Ascomycota
7971,Bn_34,Bn_34,B_napus,Glucose,Glucose [Tf-T0],0.7223,Ascomycota,Dothideomycetes,Cladosporiales,Ascomycota
7981,Bn_34,Bn_34,B_napus,Glucose,Glucose [Tf-T0],0.715122222,Ascomycota,Dothideomycetes,Cladosporiales,Ascomycota
8021,Bn_35,Bn_35,B_napus,Glucose,Glucose [Tf-T0],0.530688889,Ascomycota,Eurotiomycetes,Eurotiales,Ascomycota
8031,Bn_35,Bn_35,B_napus,Glucose,Glucose [Tf-T0],0.471244444,Ascomycota,Eurotiomycetes,Eurotiales,Ascomycota
8041,Bn_35,Bn_35,B_napus,Glucose,Glucose [Tf-T0],0.5622,Ascomycota,Eurotiomycetes,Eurotiales,Ascomycota
808,Bn_37,Bn_37,B_napus,Glucose,Glucose [Tf-T0],0.607022222,NA,NA,NA,NA
809,Bn_37,Bn_37,B_napus,Glucose,Glucose [Tf-T0],0.543222223,NA,NA,NA,NA
810,Bn_37,Bn_37,B_napus,Glucose,Glucose [Tf-T0],0.611166667,NA,NA,NA,NA
8141,Bn_38,Bn_38,B_napus,Glucose,Glucose [Tf-T0],0.603533333,Ascomycota,Sordariomycetes,Hypocreales,Ascomycota
8151,Bn_38,Bn_38,B_napus,Glucose,Glucose [Tf-T0],0.568988889,Ascomycota,Sordariomycetes,Hypocreales,Ascomycota
8161,Bn_38,Bn_38,B_napus,Glucose,Glucose [Tf-T0],0.541166667,Ascomycota,Sordariomycetes,Hypocreales,Ascomycota
8261,Bn_41,Bn_41,B_napus,Glucose,Glucose [Tf-T0],0.7527,Ascomycota,Eurotiomycetes,Eurotiales,Ascomycota
8271,Bn_41,Bn_41,B_napus,Glucose,Glucose [Tf-T0],0.648511111,Ascomycota,Eurotiomycetes,Eurotiales,Ascomycota
8281,Bn_41,Bn_41,B_napus,Glucose,Glucose [Tf-T0],0.811855556,Ascomycota,Eurotiomycetes,Eurotiales,Ascomycota
8321,Bn_43,Bn_43,B_napus,Glucose,Glucose [Tf-T0],0.633555556,Ascomycota,Dothideomycetes,Cladosporiales,Ascomycota
8331,Bn_43,Bn_43,B_napus,Glucose,Glucose [Tf-T0],0.6387,Ascomycota,Dothideomycetes,Cladosporiales,Ascomycota
8341,Bn_43,Bn_43,B_napus,Glucose,Glucose [Tf-T0],0.6743,Ascomycota,Dothideomycetes,Cladosporiales,Ascomycota
8381,Bn_44,Bn_44,B_napus,Glucose,Glucose [Tf-T0],0.645,Ascomycota,Eurotiomycetes,Eurotiales,Ascomycota
8391,Bn_44,Bn_44,B_napus,Glucose,Glucose [Tf-T0],0.750811111,Ascomycota,Eurotiomycetes,Eurotiales,Ascomycota
8401,Bn_44,Bn_44,B_napus,Glucose,Glucose [Tf-T0],0.645066666,Ascomycota,Eurotiomycetes,Eurotiales,Ascomycota
8441,Bn_46,Bn_46,B_napus,Glucose,Glucose [Tf-T0],0.292844444,Ascomycota,Sordariomycetes,Hypocreales,Ascomycota
8451,Bn_46,Bn_46,B_napus,Glucose,Glucose [Tf-T0],0.417811111,Ascomycota,Sordariomycetes,Hypocreales,Ascomycota
8461,Bn_46,Bn_46,B_napus,Glucose,Glucose [Tf-T0],0.347755555,Ascomycota,Sordariomycetes,Hypocreales,Ascomycota
8501,Bn_47,Bn_47,B_napus,Glucose,Glucose [Tf-T0],0.688488889,Ascomycota,Eurotiomycetes,Eurotiales,Ascomycota
8511,Bn_47,Bn_47,B_napus,Glucose,Glucose [Tf-T0],0.709633333,Ascomycota,Eurotiomycetes,Eurotiales,Ascomycota
8521,Bn_47,Bn_47,B_napus,Glucose,Glucose [Tf-T0],0.749455556,Ascomycota,Eurotiomycetes,Eurotiales,Ascomycota
8621,Bn_29,Bn_29,B_napus,3OMG,3-O-MG [Tf-T0],0.272888889,Ascomycota,Eurotiomycetes,Eurotiales,Ascomycota
8631,Bn_29,Bn_29,B_napus,3OMG,3-O-MG [Tf-T0],0.211877778,Ascomycota,Eurotiomycetes,Eurotiales,Ascomycota
8641,Bn_29,Bn_29,B_napus,3OMG,3-O-MG [Tf-T0],0.266633334,Ascomycota,Eurotiomycetes,Eurotiales,Ascomycota
8681,Bn_30,Bn_30,B_napus,3OMG,3-O-MG [Tf-T0],0.203566667,Ascomycota,Sordariomycetes,Hypocreales,Ascomycota
8691,Bn_30,Bn_30,B_napus,3OMG,3-O-MG [Tf-T0],0.192333333,Ascomycota,Sordariomycetes,Hypocreales,Ascomycota
8701,Bn_30,Bn_30,B_napus,3OMG,3-O-MG [Tf-T0],0.224166667,Ascomycota,Sordariomycetes,Hypocreales,Ascomycota
8741,Bn_31,Bn_31,B_napus,3OMG,3-O-MG [Tf-T0],0.152322222,Ascomycota,Leotiomycetes,Helotiales,Ascomycota
8751,Bn_31,Bn_31,B_napus,3OMG,3-O-MG [Tf-T0],0.116555555,Ascomycota,Leotiomycetes,Helotiales,Ascomycota
8761,Bn_31,Bn_31,B_napus,3OMG,3-O-MG [Tf-T0],0,Ascomycota,Leotiomycetes,Helotiales,Ascomycota
8801,Bn_32,Bn_32,B_napus,3OMG,3-O-MG [Tf-T0],0.153655556,Ascomycota,Eurotiomycetes,Eurotiales,Ascomycota
8811,Bn_32,Bn_32,B_napus,3OMG,3-O-MG [Tf-T0],0.172411111,Ascomycota,Eurotiomycetes,Eurotiales,Ascomycota
8821,Bn_32,Bn_32,B_napus,3OMG,3-O-MG [Tf-T0],0.284977777,Ascomycota,Eurotiomycetes,Eurotiales,Ascomycota
8861,Bn_33,Bn_33,B_napus,3OMG,3-O-MG [Tf-T0],0.204411111,Ascomycota,Eurotiomycetes,Eurotiales,Ascomycota
8871,Bn_33,Bn_33,B_napus,3OMG,3-O-MG [Tf-T0],0.214944444,Ascomycota,Eurotiomycetes,Eurotiales,Ascomycota
8881,Bn_33,Bn_33,B_napus,3OMG,3-O-MG [Tf-T0],0.149722222,Ascomycota,Eurotiomycetes,Eurotiales,Ascomycota
8921,Bn_34,Bn_34,B_napus,3OMG,3-O-MG [Tf-T0],0.136133333,Ascomycota,Dothideomycetes,Cladosporiales,Ascomycota
8931,Bn_34,Bn_34,B_napus,3OMG,3-O-MG [Tf-T0],0.124455555,Ascomycota,Dothideomycetes,Cladosporiales,Ascomycota
8941,Bn_34,Bn_34,B_napus,3OMG,3-O-MG [Tf-T0],0.113844444,Ascomycota,Dothideomycetes,Cladosporiales,Ascomycota
8981,Bn_35,Bn_35,B_napus,3OMG,3-O-MG [Tf-T0],0.179311111,Ascomycota,Eurotiomycetes,Eurotiales,Ascomycota
8991,Bn_35,Bn_35,B_napus,3OMG,3-O-MG [Tf-T0],0.180944444,Ascomycota,Eurotiomycetes,Eurotiales,Ascomycota
9001,Bn_35,Bn_35,B_napus,3OMG,3-O-MG [Tf-T0],0.1997,Ascomycota,Eurotiomycetes,Eurotiales,Ascomycota
904,Bn_37,Bn_37,B_napus,3OMG,3-O-MG [Tf-T0],0,NA,NA,NA,NA
905,Bn_37,Bn_37,B_napus,3OMG,3-O-MG [Tf-T0],0,NA,NA,NA,NA
906,Bn_37,Bn_37,B_napus,3OMG,3-O-MG [Tf-T0],0.074933333,NA,NA,NA,NA
9101,Bn_38,Bn_38,B_napus,3OMG,3-O-MG [Tf-T0],0.162377777,Ascomycota,Sordariomycetes,Hypocreales,Ascomycota
9111,Bn_38,Bn_38,B_napus,3OMG,3-O-MG [Tf-T0],0.086511112,Ascomycota,Sordariomycetes,Hypocreales,Ascomycota
9121,Bn_38,Bn_38,B_napus,3OMG,3-O-MG [Tf-T0],0.090255555,Ascomycota,Sordariomycetes,Hypocreales,Ascomycota
9221,Bn_41,Bn_41,B_napus,3OMG,3-O-MG [Tf-T0],0.097233333,Ascomycota,Eurotiomycetes,Eurotiales,Ascomycota
9231,Bn_41,Bn_41,B_napus,3OMG,3-O-MG [Tf-T0],0.128577778,Ascomycota,Eurotiomycetes,Eurotiales,Ascomycota
9241,Bn_41,Bn_41,B_napus,3OMG,3-O-MG [Tf-T0],0.140055556,Ascomycota,Eurotiomycetes,Eurotiales,Ascomycota
9281,Bn_43,Bn_43,B_napus,3OMG,3-O-MG [Tf-T0],0.034088889,Ascomycota,Dothideomycetes,Cladosporiales,Ascomycota
9291,Bn_43,Bn_43,B_napus,3OMG,3-O-MG [Tf-T0],0,Ascomycota,Dothideomycetes,Cladosporiales,Ascomycota
9301,Bn_43,Bn_43,B_napus,3OMG,3-O-MG [Tf-T0],0.198455556,Ascomycota,Dothideomycetes,Cladosporiales,Ascomycota
9341,Bn_44,Bn_44,B_napus,3OMG,3-O-MG [Tf-T0],0.163377778,Ascomycota,Eurotiomycetes,Eurotiales,Ascomycota
9351,Bn_44,Bn_44,B_napus,3OMG,3-O-MG [Tf-T0],0.198166667,Ascomycota,Eurotiomycetes,Eurotiales,Ascomycota
9361,Bn_44,Bn_44,B_napus,3OMG,3-O-MG [Tf-T0],0.176111111,Ascomycota,Eurotiomycetes,Eurotiales,Ascomycota
9401,Bn_46,Bn_46,B_napus,3OMG,3-O-MG [Tf-T0],0.154188889,Ascomycota,Sordariomycetes,Hypocreales,Ascomycota
9411,Bn_46,Bn_46,B_napus,3OMG,3-O-MG [Tf-T0],0.128788889,Ascomycota,Sordariomycetes,Hypocreales,Ascomycota
9421,Bn_46,Bn_46,B_napus,3OMG,3-O-MG [Tf-T0],0.126355555,Ascomycota,Sordariomycetes,Hypocreales,Ascomycota
9461,Bn_47,Bn_47,B_napus,3OMG,3-O-MG [Tf-T0],0.107855555,Ascomycota,Eurotiomycetes,Eurotiales,Ascomycota
9471,Bn_47,Bn_47,B_napus,3OMG,3-O-MG [Tf-T0],0.155977778,Ascomycota,Eurotiomycetes,Eurotiales,Ascomycota
9481,Bn_47,Bn_47,B_napus,3OMG,3-O-MG [Tf-T0],0.139844445,Ascomycota,Eurotiomycetes,Eurotiales,Ascomycota
9641,Bn_50,Bn_50,B_napus,Glucose,Glucose [Tf-T0],0.353455556,Mucoromycota,Mucoromycetes,Mucorales,Mucoromycota
9651,Bn_50,Bn_50,B_napus,Glucose,Glucose [Tf-T0],0.319311111,Mucoromycota,Mucoromycetes,Mucorales,Mucoromycota
9661,Bn_50,Bn_50,B_napus,Glucose,Glucose [Tf-T0],0.325855556,Mucoromycota,Mucoromycetes,Mucorales,Mucoromycota
9701,Bn_52,Bn_52,B_napus,Glucose,Glucose [Tf-T0],0.337777778,Mucoromycota,Mucoromycetes,Mucorales,Mucoromycota
9711,Bn_52,Bn_52,B_napus,Glucose,Glucose [Tf-T0],0.331555556,Mucoromycota,Mucoromycetes,Mucorales,Mucoromycota
9721,Bn_52,Bn_52,B_napus,Glucose,Glucose [Tf-T0],0.333311111,Mucoromycota,Mucoromycetes,Mucorales,Mucoromycota
9761,Bn_53,Bn_53,B_napus,Glucose,Glucose [Tf-T0],0.386022222,Mucoromycota,Mucoromycetes,Mucorales,Mucoromycota
9771,Bn_53,Bn_53,B_napus,Glucose,Glucose [Tf-T0],0.422755556,Mucoromycota,Mucoromycetes,Mucorales,Mucoromycota
9781,Bn_53,Bn_53,B_napus,Glucose,Glucose [Tf-T0],0.404044444,Mucoromycota,Mucoromycetes,Mucorales,Mucoromycota
9821,Bn_54,Bn_54,B_napus,Glucose,Glucose [Tf-T0],0.376455556,Mucoromycota,Mortierellomycetes,Mortierellales,Mucoromycota
9831,Bn_54,Bn_54,B_napus,Glucose,Glucose [Tf-T0],0.334477778,Mucoromycota,Mortierellomycetes,Mortierellales,Mucoromycota
9841,Bn_54,Bn_54,B_napus,Glucose,Glucose [Tf-T0],0.602966667,Mucoromycota,Mortierellomycetes,Mortierellales,Mucoromycota
9881,Bn_56,Bn_56,B_napus,Glucose,Glucose [Tf-T0],0.254266667,Mucoromycota,Mortierellomycetes,Mortierellales,Mucoromycota
9891,Bn_56,Bn_56,B_napus,Glucose,Glucose [Tf-T0],0.278533333,Mucoromycota,Mortierellomycetes,Mortierellales,Mucoromycota
9901,Bn_56,Bn_56,B_napus,Glucose,Glucose [Tf-T0],0.325422222,Mucoromycota,Mortierellomycetes,Mortierellales,Mucoromycota
9941,Bn_57,Bn_57,B_napus,Glucose,Glucose [Tf-T0],0.5614,NA,NA,NA,NA
9951,Bn_57,Bn_57,B_napus,Glucose,Glucose [Tf-T0],0.643422222,NA,NA,NA,NA
9961,Bn_57,Bn_57,B_napus,Glucose,Glucose [Tf-T0],0.502488889,NA,NA,NA,NA
1000,Bn_59,Bn_59,B_napus,Glucose,Glucose [Tf-T0],0.679711111,Ascomycota,Dothideomycetes,Cladosporiales,Ascomycota
1001,Bn_59,Bn_59,B_napus,Glucose,Glucose [Tf-T0],0.470744444,Ascomycota,Dothideomycetes,Cladosporiales,Ascomycota
1002,Bn_59,Bn_59,B_napus,Glucose,Glucose [Tf-T0],0.628555556,Ascomycota,Dothideomycetes,Cladosporiales,Ascomycota
10061,Bn_60,Bn_60,B_napus,Glucose,Glucose [Tf-T0],0.877766667,Ascomycota,Eurotiomycetes,Eurotiales,Ascomycota
10071,Bn_60,Bn_60,B_napus,Glucose,Glucose [Tf-T0],0.669677778,Ascomycota,Eurotiomycetes,Eurotiales,Ascomycota
10081,Bn_60,Bn_60,B_napus,Glucose,Glucose [Tf-T0],0.826655556,Ascomycota,Eurotiomycetes,Eurotiales,Ascomycota
10181,Bn_62,Bn_62,B_napus,Glucose,Glucose [Tf-T0],0.567755556,Ascomycota,Eurotiomycetes,Eurotiales,Ascomycota
10191,Bn_62,Bn_62,B_napus,Glucose,Glucose [Tf-T0],0.593655556,Ascomycota,Eurotiomycetes,Eurotiales,Ascomycota
10201,Bn_62,Bn_62,B_napus,Glucose,Glucose [Tf-T0],0.579466667,Ascomycota,Eurotiomycetes,Eurotiales,Ascomycota
10241,Bn_63,Bn_63,B_napus,Glucose,Glucose [Tf-T0],0.6459,Ascomycota,Leotiomycetes,Thelebolales,Ascomycota
10251,Bn_63,Bn_63,B_napus,Glucose,Glucose [Tf-T0],0.593355556,Ascomycota,Leotiomycetes,Thelebolales,Ascomycota
10261,Bn_63,Bn_63,B_napus,Glucose,Glucose [Tf-T0],0.713377778,Ascomycota,Leotiomycetes,Thelebolales,Ascomycota
10301,Bn_64,Bn_64,B_napus,Glucose,Glucose [Tf-T0],0.8016,Ascomycota,Sordariomycetes,Glomerellales,Ascomycota
10311,Bn_64,Bn_64,B_napus,Glucose,Glucose [Tf-T0],0.703477778,Ascomycota,Sordariomycetes,Glomerellales,Ascomycota
10321,Bn_64,Bn_64,B_napus,Glucose,Glucose [Tf-T0],0.642644444,Ascomycota,Sordariomycetes,Glomerellales,Ascomycota
10361,Bn_67,Bn_67,B_napus,Glucose,Glucose [Tf-T0],0.603388889,Ascomycota,Dothideomycetes,Pleosporales,Ascomycota
10371,Bn_67,Bn_67,B_napus,Glucose,Glucose [Tf-T0],0.5458,Ascomycota,Dothideomycetes,Pleosporales,Ascomycota
10381,Bn_67,Bn_67,B_napus,Glucose,Glucose [Tf-T0],0.643255556,Ascomycota,Dothideomycetes,Pleosporales,Ascomycota
1042,Bn_68,Bn_68,B_napus,Glucose,Glucose [Tf-T0],0.692577778,Ascomycota,Eurotiomycetes,Eurotiales,Ascomycota
1043,Bn_68,Bn_68,B_napus,Glucose,Glucose [Tf-T0],0.7392,Ascomycota,Eurotiomycetes,Eurotiales,Ascomycota
1044,Bn_68,Bn_68,B_napus,Glucose,Glucose [Tf-T0],0.655266667,Ascomycota,Eurotiomycetes,Eurotiales,Ascomycota
1060,Bn_50,Bn_50,B_napus,3OMG,3-O-MG [Tf-T0],0.234155556,Mucoromycota,Mucoromycetes,Mucorales,Mucoromycota
1061,Bn_50,Bn_50,B_napus,3OMG,3-O-MG [Tf-T0],0.224133333,Mucoromycota,Mucoromycetes,Mucorales,Mucoromycota
1062,Bn_50,Bn_50,B_napus,3OMG,3-O-MG [Tf-T0],0.2414,Mucoromycota,Mucoromycetes,Mucorales,Mucoromycota
1066,Bn_52,Bn_52,B_napus,3OMG,3-O-MG [Tf-T0],0.1607,Mucoromycota,Mucoromycetes,Mucorales,Mucoromycota
1067,Bn_52,Bn_52,B_napus,3OMG,3-O-MG [Tf-T0],0.219322222,Mucoromycota,Mucoromycetes,Mucorales,Mucoromycota
1068,Bn_52,Bn_52,B_napus,3OMG,3-O-MG [Tf-T0],0.051688889,Mucoromycota,Mucoromycetes,Mucorales,Mucoromycota
1072,Bn_53,Bn_53,B_napus,3OMG,3-O-MG [Tf-T0],0.196411111,Mucoromycota,Mucoromycetes,Mucorales,Mucoromycota
1073,Bn_53,Bn_53,B_napus,3OMG,3-O-MG [Tf-T0],0.140833333,Mucoromycota,Mucoromycetes,Mucorales,Mucoromycota
1074,Bn_53,Bn_53,B_napus,3OMG,3-O-MG [Tf-T0],0.198311111,Mucoromycota,Mucoromycetes,Mucorales,Mucoromycota
1078,Bn_54,Bn_54,B_napus,3OMG,3-O-MG [Tf-T0],0.208833333,Mucoromycota,Mortierellomycetes,Mortierellales,Mucoromycota
1079,Bn_54,Bn_54,B_napus,3OMG,3-O-MG [Tf-T0],0.245677778,Mucoromycota,Mortierellomycetes,Mortierellales,Mucoromycota
1080,Bn_54,Bn_54,B_napus,3OMG,3-O-MG [Tf-T0],0.165777778,Mucoromycota,Mortierellomycetes,Mortierellales,Mucoromycota
1084,Bn_56,Bn_56,B_napus,3OMG,3-O-MG [Tf-T0],0.158366667,Mucoromycota,Mortierellomycetes,Mortierellales,Mucoromycota
1085,Bn_56,Bn_56,B_napus,3OMG,3-O-MG [Tf-T0],0.158455556,Mucoromycota,Mortierellomycetes,Mortierellales,Mucoromycota
1086,Bn_56,Bn_56,B_napus,3OMG,3-O-MG [Tf-T0],0.196077778,Mucoromycota,Mortierellomycetes,Mortierellales,Mucoromycota
1090,Bn_57,Bn_57,B_napus,3OMG,3-O-MG [Tf-T0],0.215133333,NA,NA,NA,NA
1091,Bn_57,Bn_57,B_napus,3OMG,3-O-MG [Tf-T0],0.276644444,NA,NA,NA,NA
1092,Bn_57,Bn_57,B_napus,3OMG,3-O-MG [Tf-T0],0.253422222,NA,NA,NA,NA
1096,Bn_59,Bn_59,B_napus,3OMG,3-O-MG [Tf-T0],0.034377778,Ascomycota,Dothideomycetes,Cladosporiales,Ascomycota
1097,Bn_59,Bn_59,B_napus,3OMG,3-O-MG [Tf-T0],0.086322222,Ascomycota,Dothideomycetes,Cladosporiales,Ascomycota
1098,Bn_59,Bn_59,B_napus,3OMG,3-O-MG [Tf-T0],0.047277778,Ascomycota,Dothideomycetes,Cladosporiales,Ascomycota
1102,Bn_60,Bn_60,B_napus,3OMG,3-O-MG [Tf-T0],0.268044444,Ascomycota,Eurotiomycetes,Eurotiales,Ascomycota
1103,Bn_60,Bn_60,B_napus,3OMG,3-O-MG [Tf-T0],0.196755556,Ascomycota,Eurotiomycetes,Eurotiales,Ascomycota
1104,Bn_60,Bn_60,B_napus,3OMG,3-O-MG [Tf-T0],0.168877778,Ascomycota,Eurotiomycetes,Eurotiales,Ascomycota
1114,Bn_62,Bn_62,B_napus,3OMG,3-O-MG [Tf-T0],0.1762,Ascomycota,Eurotiomycetes,Eurotiales,Ascomycota
1115,Bn_62,Bn_62,B_napus,3OMG,3-O-MG [Tf-T0],0.144555556,Ascomycota,Eurotiomycetes,Eurotiales,Ascomycota
1116,Bn_62,Bn_62,B_napus,3OMG,3-O-MG [Tf-T0],0.163044444,Ascomycota,Eurotiomycetes,Eurotiales,Ascomycota
1120,Bn_63,Bn_63,B_napus,3OMG,3-O-MG [Tf-T0],0.307644444,Ascomycota,Leotiomycetes,Thelebolales,Ascomycota
1121,Bn_63,Bn_63,B_napus,3OMG,3-O-MG [Tf-T0],0.281766667,Ascomycota,Leotiomycetes,Thelebolales,Ascomycota
1122,Bn_63,Bn_63,B_napus,3OMG,3-O-MG [Tf-T0],0.020922222,Ascomycota,Leotiomycetes,Thelebolales,Ascomycota
1126,Bn_64,Bn_64,B_napus,3OMG,3-O-MG [Tf-T0],0.388544444,Ascomycota,Sordariomycetes,Glomerellales,Ascomycota
1127,Bn_64,Bn_64,B_napus,3OMG,3-O-MG [Tf-T0],0.265511111,Ascomycota,Sordariomycetes,Glomerellales,Ascomycota
1128,Bn_64,Bn_64,B_napus,3OMG,3-O-MG [Tf-T0],0.272288889,Ascomycota,Sordariomycetes,Glomerellales,Ascomycota
1132,Bn_67,Bn_67,B_napus,3OMG,3-O-MG [Tf-T0],0.104211111,Ascomycota,Dothideomycetes,Pleosporales,Ascomycota
1133,Bn_67,Bn_67,B_napus,3OMG,3-O-MG [Tf-T0],0.136777778,Ascomycota,Dothideomycetes,Pleosporales,Ascomycota
1134,Bn_67,Bn_67,B_napus,3OMG,3-O-MG [Tf-T0],0.094766667,Ascomycota,Dothideomycetes,Pleosporales,Ascomycota
1138,Bn_68,Bn_68,B_napus,3OMG,3-O-MG [Tf-T0],0.0583,Ascomycota,Eurotiomycetes,Eurotiales,Ascomycota
1139,Bn_68,Bn_68,B_napus,3OMG,3-O-MG [Tf-T0],0.040044444,Ascomycota,Eurotiomycetes,Eurotiales,Ascomycota
1140,Bn_68,Bn_68,B_napus,3OMG,3-O-MG [Tf-T0],0.132988889,Ascomycota,Eurotiomycetes,Eurotiales,Ascomycota
1150,Fusarium,Fusarium,T_aestivum,Glucose,Glucose [Tf-T0],0.675455556,Ascomycota,Sordariomycetes,Hypocreales,Ascomycota
1151,Fusarium,Fusarium,T_aestivum,Glucose,Glucose [Tf-T0],0.647844444,Ascomycota,Sordariomycetes,Hypocreales,Ascomycota
1152,Fusarium,Fusarium,T_aestivum,Glucose,Glucose [Tf-T0],0.533611111,Ascomycota,Sordariomycetes,Hypocreales,Ascomycota
1168,F1,Verticillium_dahliae_MPI-CAGE-AT-0001,A_thaliana,Glucose,Glucose [Tf-T0],0.725088889,Ascomycota,Sordariomycetes,Glomerellales,Ascomycota
1169,F1,Verticillium_dahliae_MPI-CAGE-AT-0001,A_thaliana,Glucose,Glucose [Tf-T0],0.7931,Ascomycota,Sordariomycetes,Glomerellales,Ascomycota
1170,F1,Verticillium_dahliae_MPI-CAGE-AT-0001,A_thaliana,Glucose,Glucose [Tf-T0],0.737211111,Ascomycota,Sordariomycetes,Glomerellales,Ascomycota
1180,F44,Fusarium_tricinctum_MPI-SDFR-AT-0044,A_thaliana,Glucose,Glucose [Tf-T0],0.579266667,Ascomycota,Sordariomycetes,Hypocreales,Ascomycota
1181,F44,Fusarium_tricinctum_MPI-SDFR-AT-0044,A_thaliana,Glucose,Glucose [Tf-T0],0.590333333,Ascomycota,Sordariomycetes,Hypocreales,Ascomycota
1182,F44,Fusarium_tricinctum_MPI-SDFR-AT-0044,A_thaliana,Glucose,Glucose [Tf-T0],0.587833333,Ascomycota,Sordariomycetes,Hypocreales,Ascomycota
1186,F68,Fusarium_tricinctum_MPI-SDFR-AT-0068,A_thaliana,Glucose,Glucose [Tf-T0],0.5845,Ascomycota,Sordariomycetes,Hypocreales,Ascomycota
1187,F68,Fusarium_tricinctum_MPI-SDFR-AT-0068,A_thaliana,Glucose,Glucose [Tf-T0],0.568322222,Ascomycota,Sordariomycetes,Hypocreales,Ascomycota
1188,F68,Fusarium_tricinctum_MPI-SDFR-AT-0068,A_thaliana,Glucose,Glucose [Tf-T0],0.599022222,Ascomycota,Sordariomycetes,Hypocreales,Ascomycota
1192,F72,Fusarium_sp._MPI-SDFR-AT-0072,A_thaliana,Glucose,Glucose [Tf-T0],0.4793,Ascomycota,Sordariomycetes,Hypocreales,Ascomycota
1193,F72,Fusarium_sp._MPI-SDFR-AT-0072,A_thaliana,Glucose,Glucose [Tf-T0],0.493422222,Ascomycota,Sordariomycetes,Hypocreales,Ascomycota
1194,F72,Fusarium_sp._MPI-SDFR-AT-0072,A_thaliana,Glucose,Glucose [Tf-T0],0.5108,Ascomycota,Sordariomycetes,Hypocreales,Ascomycota
1198,F7374,Truncatella_angustata_MPI-SDFR-AT-0073,A_thaliana,Glucose,Glucose [Tf-T0],0.500888889,Ascomycota,Sordariomycetes,Xylariales,Ascomycota
1199,F7374,Truncatella_angustata_MPI-SDFR-AT-0073,A_thaliana,Glucose,Glucose [Tf-T0],0.597811111,Ascomycota,Sordariomycetes,Xylariales,Ascomycota
1200,F7374,Truncatella_angustata_MPI-SDFR-AT-0073,A_thaliana,Glucose,Glucose [Tf-T0],0.557,Ascomycota,Sordariomycetes,Xylariales,Ascomycota
1204,F83,Sordaria_sp._MPI-SDFR-AT-0083,A_thaliana,Glucose,Glucose [Tf-T0],0.6827,Ascomycota,Sordariomycetes,Sordariales,Ascomycota
1205,F83,Sordaria_sp._MPI-SDFR-AT-0083,A_thaliana,Glucose,Glucose [Tf-T0],0.7819,Ascomycota,Sordariomycetes,Sordariales,Ascomycota
1206,F83,Sordaria_sp._MPI-SDFR-AT-0083,A_thaliana,Glucose,Glucose [Tf-T0],0.761133333,Ascomycota,Sordariomycetes,Sordariales,Ascomycota
1222,F129,Chaetomium_sp._MPI-SDFR-AT-0129,A_thaliana,Glucose,Glucose [Tf-T0],0.720722222,Ascomycota,Sordariomycetes,Sordariales,Ascomycota
1223,F129,Chaetomium_sp._MPI-SDFR-AT-0129,A_thaliana,Glucose,Glucose [Tf-T0],0.716611111,Ascomycota,Sordariomycetes,Sordariales,Ascomycota
1224,F129,Chaetomium_sp._MPI-SDFR-AT-0129,A_thaliana,Glucose,Glucose [Tf-T0],0.693866667,Ascomycota,Sordariomycetes,Sordariales,Ascomycota
1228,F201,Fusarium_venenatum_MPI-CAGE-CH-0201,A_thaliana,Glucose,Glucose [Tf-T0],0.500722222,Ascomycota,Sordariomycetes,Hypocreales,Ascomycota
1229,F201,Fusarium_venenatum_MPI-CAGE-CH-0201,A_thaliana,Glucose,Glucose [Tf-T0],0.440566667,Ascomycota,Sordariomycetes,Hypocreales,Ascomycota
1230,F201,Fusarium_venenatum_MPI-CAGE-CH-0201,A_thaliana,Glucose,Glucose [Tf-T0],0.469577778,Ascomycota,Sordariomycetes,Hypocreales,Ascomycota
1234,F212,Fusarium_oxysporum_MPI-CAGE-CH-0212,A_thaliana,Glucose,Glucose [Tf-T0],0.527466667,Ascomycota,Sordariomycetes,Hypocreales,Ascomycota
1235,F212,Fusarium_oxysporum_MPI-CAGE-CH-0212,A_thaliana,Glucose,Glucose [Tf-T0],0.536022222,Ascomycota,Sordariomycetes,Hypocreales,Ascomycota
1236,F212,Fusarium_oxysporum_MPI-CAGE-CH-0212,A_thaliana,Glucose,Glucose [Tf-T0],0.569588889,Ascomycota,Sordariomycetes,Hypocreales,Ascomycota
1247,Fusarium,Fusarium,T_aestivum,3OMG,3-O-MG [Tf-T0],0.252055556,Ascomycota,Sordariomycetes,Hypocreales,Ascomycota
1248,Fusarium,Fusarium,T_aestivum,3OMG,3-O-MG [Tf-T0],0.220655556,Ascomycota,Sordariomycetes,Hypocreales,Ascomycota
1249,Fusarium,Fusarium,T_aestivum,3OMG,3-O-MG [Tf-T0],0.213944444,Ascomycota,Sordariomycetes,Hypocreales,Ascomycota
1265,F1,Verticillium_dahliae_MPI-CAGE-AT-0001,A_thaliana,3OMG,3-O-MG [Tf-T0],0.230777778,Ascomycota,Sordariomycetes,Glomerellales,Ascomycota
1266,F1,Verticillium_dahliae_MPI-CAGE-AT-0001,A_thaliana,3OMG,3-O-MG [Tf-T0],0.012155556,Ascomycota,Sordariomycetes,Glomerellales,Ascomycota
1267,F1,Verticillium_dahliae_MPI-CAGE-AT-0001,A_thaliana,3OMG,3-O-MG [Tf-T0],0.435944444,Ascomycota,Sordariomycetes,Glomerellales,Ascomycota
1277,F44,Fusarium_tricinctum_MPI-SDFR-AT-0044,A_thaliana,3OMG,3-O-MG [Tf-T0],0.253211111,Ascomycota,Sordariomycetes,Hypocreales,Ascomycota
1278,F44,Fusarium_tricinctum_MPI-SDFR-AT-0044,A_thaliana,3OMG,3-O-MG [Tf-T0],0.212011111,Ascomycota,Sordariomycetes,Hypocreales,Ascomycota
1279,F44,Fusarium_tricinctum_MPI-SDFR-AT-0044,A_thaliana,3OMG,3-O-MG [Tf-T0],0.206155556,Ascomycota,Sordariomycetes,Hypocreales,Ascomycota
1283,F68,Fusarium_tricinctum_MPI-SDFR-AT-0068,A_thaliana,3OMG,3-O-MG [Tf-T0],0.068755556,Ascomycota,Sordariomycetes,Hypocreales,Ascomycota
1284,F68,Fusarium_tricinctum_MPI-SDFR-AT-0068,A_thaliana,3OMG,3-O-MG [Tf-T0],0.071466667,Ascomycota,Sordariomycetes,Hypocreales,Ascomycota
1285,F68,Fusarium_tricinctum_MPI-SDFR-AT-0068,A_thaliana,3OMG,3-O-MG [Tf-T0],0.1486,Ascomycota,Sordariomycetes,Hypocreales,Ascomycota
1289,F72,Fusarium_sp._MPI-SDFR-AT-0072,A_thaliana,3OMG,3-O-MG [Tf-T0],0.225077778,Ascomycota,Sordariomycetes,Hypocreales,Ascomycota
1290,F72,Fusarium_sp._MPI-SDFR-AT-0072,A_thaliana,3OMG,3-O-MG [Tf-T0],0.267255556,Ascomycota,Sordariomycetes,Hypocreales,Ascomycota
1291,F72,Fusarium_sp._MPI-SDFR-AT-0072,A_thaliana,3OMG,3-O-MG [Tf-T0],0.240911111,Ascomycota,Sordariomycetes,Hypocreales,Ascomycota
1295,F7374,Truncatella_angustata_MPI-SDFR-AT-0073,A_thaliana,3OMG,3-O-MG [Tf-T0],0.115411111,Ascomycota,Sordariomycetes,Xylariales,Ascomycota
1296,F7374,Truncatella_angustata_MPI-SDFR-AT-0073,A_thaliana,3OMG,3-O-MG [Tf-T0],0.174566667,Ascomycota,Sordariomycetes,Xylariales,Ascomycota
1297,F7374,Truncatella_angustata_MPI-SDFR-AT-0073,A_thaliana,3OMG,3-O-MG [Tf-T0],0.199266667,Ascomycota,Sordariomycetes,Xylariales,Ascomycota
1301,F83,Sordaria_sp._MPI-SDFR-AT-0083,A_thaliana,3OMG,3-O-MG [Tf-T0],0.314066667,Ascomycota,Sordariomycetes,Sordariales,Ascomycota
1302,F83,Sordaria_sp._MPI-SDFR-AT-0083,A_thaliana,3OMG,3-O-MG [Tf-T0],0.0519,Ascomycota,Sordariomycetes,Sordariales,Ascomycota
1303,F83,Sordaria_sp._MPI-SDFR-AT-0083,A_thaliana,3OMG,3-O-MG [Tf-T0],0.109,Ascomycota,Sordariomycetes,Sordariales,Ascomycota
1319,F129,Chaetomium_sp._MPI-SDFR-AT-0129,A_thaliana,3OMG,3-O-MG [Tf-T0],0.318977778,Ascomycota,Sordariomycetes,Sordariales,Ascomycota
1320,F129,Chaetomium_sp._MPI-SDFR-AT-0129,A_thaliana,3OMG,3-O-MG [Tf-T0],0.105266667,Ascomycota,Sordariomycetes,Sordariales,Ascomycota
1321,F129,Chaetomium_sp._MPI-SDFR-AT-0129,A_thaliana,3OMG,3-O-MG [Tf-T0],0.256644444,Ascomycota,Sordariomycetes,Sordariales,Ascomycota
1325,F201,Fusarium_venenatum_MPI-CAGE-CH-0201,A_thaliana,3OMG,3-O-MG [Tf-T0],0.218444444,Ascomycota,Sordariomycetes,Hypocreales,Ascomycota
1326,F201,Fusarium_venenatum_MPI-CAGE-CH-0201,A_thaliana,3OMG,3-O-MG [Tf-T0],0.2244,Ascomycota,Sordariomycetes,Hypocreales,Ascomycota
1327,F201,Fusarium_venenatum_MPI-CAGE-CH-0201,A_thaliana,3OMG,3-O-MG [Tf-T0],0.256633333,Ascomycota,Sordariomycetes,Hypocreales,Ascomycota
1331,F212,Fusarium_oxysporum_MPI-CAGE-CH-0212,A_thaliana,3OMG,3-O-MG [Tf-T0],0.218366667,Ascomycota,Sordariomycetes,Hypocreales,Ascomycota
1332,F212,Fusarium_oxysporum_MPI-CAGE-CH-0212,A_thaliana,3OMG,3-O-MG [Tf-T0],0.229911111,Ascomycota,Sordariomycetes,Hypocreales,Ascomycota
1333,F212,Fusarium_oxysporum_MPI-CAGE-CH-0212,A_thaliana,3OMG,3-O-MG [Tf-T0],0.236311111,Ascomycota,Sordariomycetes,Hypocreales,Ascomycota
1344,AT0016,Plectosphaerella_cucumerina_MPI-CAGE-AT-0016,A_thaliana,Glucose,Glucose [Tf-T0],0.532244444,Ascomycota,Sordariomycetes,Glomerellales,Ascomycota
1345,AT0016,Plectosphaerella_cucumerina_MPI-CAGE-AT-0016,A_thaliana,Glucose,Glucose [Tf-T0],0.580111111,Ascomycota,Sordariomycetes,Glomerellales,Ascomycota
1346,AT0016,Plectosphaerella_cucumerina_MPI-CAGE-AT-0016,A_thaliana,Glucose,Glucose [Tf-T0],0.538355556,Ascomycota,Sordariomycetes,Glomerellales,Ascomycota
1356,AT0023,Fusarium_redolens_MPI-CAGE-AT-0023,A_thaliana,Glucose,Glucose [Tf-T0],0.416822222,Ascomycota,Sordariomycetes,Hypocreales,Ascomycota
1357,AT0023,Fusarium_redolens_MPI-CAGE-AT-0023,A_thaliana,Glucose,Glucose [Tf-T0],0.375588889,Ascomycota,Sordariomycetes,Hypocreales,Ascomycota
1358,AT0023,Fusarium_redolens_MPI-CAGE-AT-0023,A_thaliana,Glucose,Glucose [Tf-T0],0.388655556,Ascomycota,Sordariomycetes,Hypocreales,Ascomycota
1362,AT0026,Ilyonectria_europaea_MPI-CAGE-AT-0026,A_thaliana,Glucose,Glucose [Tf-T0],0.554077778,Ascomycota,Sordariomycetes,Hypocreales,Ascomycota
1363,AT0026,Ilyonectria_europaea_MPI-CAGE-AT-0026,A_thaliana,Glucose,Glucose [Tf-T0],0.394,Ascomycota,Sordariomycetes,Hypocreales,Ascomycota
1364,AT0026,Ilyonectria_europaea_MPI-CAGE-AT-0026,A_thaliana,Glucose,Glucose [Tf-T0],0.3895,Ascomycota,Sordariomycetes,Hypocreales,Ascomycota
1368,AT0040,Alternaria_rosae_MPI-PUGE-AT-0040,A_thaliana,Glucose,Glucose [Tf-T0],0.500133333,Ascomycota,Dothideomycetes,Pleosporales,Ascomycota
1369,AT0040,Alternaria_rosae_MPI-PUGE-AT-0040,A_thaliana,Glucose,Glucose [Tf-T0],0.578855556,Ascomycota,Dothideomycetes,Pleosporales,Ascomycota
1370,AT0040,Alternaria_rosae_MPI-PUGE-AT-0040,A_thaliana,Glucose,Glucose [Tf-T0],0.592533333,Ascomycota,Dothideomycetes,Pleosporales,Ascomycota
1374,AT0064,Alternaria_alternata_MPI-PUGE-AT-0064,A_thaliana,Glucose,Glucose [Tf-T0],0.394322222,Ascomycota,Dothideomycetes,Pleosporales,Ascomycota
1375,AT0064,Alternaria_alternata_MPI-PUGE-AT-0064,A_thaliana,Glucose,Glucose [Tf-T0],0.428744444,Ascomycota,Dothideomycetes,Pleosporales,Ascomycota
1376,AT0064,Alternaria_alternata_MPI-PUGE-AT-0064,A_thaliana,Glucose,Glucose [Tf-T0],0.403955556,Ascomycota,Dothideomycetes,Pleosporales,Ascomycota
1380,AT0079,Chaetomium_globosum_MPI-SDFR-AT-0079,A_thaliana,Glucose,Glucose [Tf-T0],0.408266667,Ascomycota,Sordariomycetes,Sordariales,Ascomycota
1381,AT0079,Chaetomium_globosum_MPI-SDFR-AT-0079,A_thaliana,Glucose,Glucose [Tf-T0],0.452088889,Ascomycota,Sordariomycetes,Sordariales,Ascomycota
1382,AT0079,Chaetomium_globosum_MPI-SDFR-AT-0079,A_thaliana,Glucose,Glucose [Tf-T0],0.617622222,Ascomycota,Sordariomycetes,Sordariales,Ascomycota
1386,AT0100,Boeremia_exigua_MPI-SDFR-AT-0100,A_thaliana,Glucose,Glucose [Tf-T0],0.571322222,Ascomycota,Dothideomycetes,Pleosporales,Ascomycota
1387,AT0100,Boeremia_exigua_MPI-SDFR-AT-0100,A_thaliana,Glucose,Glucose [Tf-T0],0.475477778,Ascomycota,Dothideomycetes,Pleosporales,Ascomycota
1388,AT0100,Boeremia_exigua_MPI-SDFR-AT-0100,A_thaliana,Glucose,Glucose [Tf-T0],0.581977778,Ascomycota,Dothideomycetes,Pleosporales,Ascomycota
1392,AT0134,Ilyonectria_sp._MPI-CAGE-AT-0134,A_thaliana,Glucose,Glucose [Tf-T0],0.592333333,Ascomycota,Sordariomycetes,Hypocreales,Ascomycota
1393,AT0134,Ilyonectria_sp._MPI-CAGE-AT-0134,A_thaliana,Glucose,Glucose [Tf-T0],0.565977778,Ascomycota,Sordariomycetes,Hypocreales,Ascomycota
1394,AT0134,Ilyonectria_sp._MPI-CAGE-AT-0134,A_thaliana,Glucose,Glucose [Tf-T0],0.6964,Ascomycota,Sordariomycetes,Hypocreales,Ascomycota
1398,AT0135,Halenospora_varia_MPI-CAGE-AT-0135,A_thaliana,Glucose,Glucose [Tf-T0],0.642011111,Ascomycota,Leotiomycetes,Helotiales,Ascomycota
1399,AT0135,Halenospora_varia_MPI-CAGE-AT-0135,A_thaliana,Glucose,Glucose [Tf-T0],0.536522222,Ascomycota,Leotiomycetes,Helotiales,Ascomycota
1400,AT0135,Halenospora_varia_MPI-CAGE-AT-0135,A_thaliana,Glucose,Glucose [Tf-T0],0.587755556,Ascomycota,Leotiomycetes,Helotiales,Ascomycota
1404,AT0147,Dactylonectria_macrodidyma_MPI-CAGE-AT-0147,A_thaliana,Glucose,Glucose [Tf-T0],0.522544444,Ascomycota,Sordariomycetes,Hypocreales,Ascomycota
1405,AT0147,Dactylonectria_macrodidyma_MPI-CAGE-AT-0147,A_thaliana,Glucose,Glucose [Tf-T0],0.492144444,Ascomycota,Sordariomycetes,Hypocreales,Ascomycota
1406,AT0147,Dactylonectria_macrodidyma_MPI-CAGE-AT-0147,A_thaliana,Glucose,Glucose [Tf-T0],0.477777778,Ascomycota,Sordariomycetes,Hypocreales,Ascomycota
1410,AA0104,Mortierella_elongata_MPI-CAGE-AA-0104,A_thaliana,Glucose,Glucose [Tf-T0],0.7541,Mucoromycota,Mortierellomycetes,Mortierellales,Mucoromycota
1411,AA0104,Mortierella_elongata_MPI-CAGE-AA-0104,A_thaliana,Glucose,Glucose [Tf-T0],0.660833333,Mucoromycota,Mortierellomycetes,Mortierellales,Mucoromycota
1412,AA0104,Mortierella_elongata_MPI-CAGE-AA-0104,A_thaliana,Glucose,Glucose [Tf-T0],0.802166667,Mucoromycota,Mortierellomycetes,Mortierellales,Mucoromycota
1416,AA0113,Fusarium_sp._MPI-CAGE-AA-0113,A_thaliana,Glucose,Glucose [Tf-T0],0.493922222,Ascomycota,Sordariomycetes,Hypocreales,Ascomycota
1417,AA0113,Fusarium_sp._MPI-CAGE-AA-0113,A_thaliana,Glucose,Glucose [Tf-T0],0.555633333,Ascomycota,Sordariomycetes,Hypocreales,Ascomycota
1418,AA0113,Fusarium_sp._MPI-CAGE-AA-0113,A_thaliana,Glucose,Glucose [Tf-T0],0.416622222,Ascomycota,Sordariomycetes,Hypocreales,Ascomycota
1440,AT0016,Plectosphaerella_cucumerina_MPI-CAGE-AT-0016,A_thaliana,3OMG,3-O-MG [Tf-T0],0.234077778,Ascomycota,Sordariomycetes,Glomerellales,Ascomycota
1441,AT0016,Plectosphaerella_cucumerina_MPI-CAGE-AT-0016,A_thaliana,3OMG,3-O-MG [Tf-T0],0.184933333,Ascomycota,Sordariomycetes,Glomerellales,Ascomycota
1442,AT0016,Plectosphaerella_cucumerina_MPI-CAGE-AT-0016,A_thaliana,3OMG,3-O-MG [Tf-T0],0.123288889,Ascomycota,Sordariomycetes,Glomerellales,Ascomycota
1452,AT0023,Fusarium_redolens_MPI-CAGE-AT-0023,A_thaliana,3OMG,3-O-MG [Tf-T0],0.182322222,Ascomycota,Sordariomycetes,Hypocreales,Ascomycota
1453,AT0023,Fusarium_redolens_MPI-CAGE-AT-0023,A_thaliana,3OMG,3-O-MG [Tf-T0],0.156833333,Ascomycota,Sordariomycetes,Hypocreales,Ascomycota
1454,AT0023,Fusarium_redolens_MPI-CAGE-AT-0023,A_thaliana,3OMG,3-O-MG [Tf-T0],0.153833333,Ascomycota,Sordariomycetes,Hypocreales,Ascomycota
1458,AT0026,Ilyonectria_europaea_MPI-CAGE-AT-0026,A_thaliana,3OMG,3-O-MG [Tf-T0],0.118577778,Ascomycota,Sordariomycetes,Hypocreales,Ascomycota
1459,AT0026,Ilyonectria_europaea_MPI-CAGE-AT-0026,A_thaliana,3OMG,3-O-MG [Tf-T0],0,Ascomycota,Sordariomycetes,Hypocreales,Ascomycota
1460,AT0026,Ilyonectria_europaea_MPI-CAGE-AT-0026,A_thaliana,3OMG,3-O-MG [Tf-T0],0.175744444,Ascomycota,Sordariomycetes,Hypocreales,Ascomycota
1464,AT0040,Alternaria_rosae_MPI-PUGE-AT-0040,A_thaliana,3OMG,3-O-MG [Tf-T0],0.024111111,Ascomycota,Dothideomycetes,Pleosporales,Ascomycota
1465,AT0040,Alternaria_rosae_MPI-PUGE-AT-0040,A_thaliana,3OMG,3-O-MG [Tf-T0],0,Ascomycota,Dothideomycetes,Pleosporales,Ascomycota
1466,AT0040,Alternaria_rosae_MPI-PUGE-AT-0040,A_thaliana,3OMG,3-O-MG [Tf-T0],0,Ascomycota,Dothideomycetes,Pleosporales,Ascomycota
1470,AT0064,Alternaria_alternata_MPI-PUGE-AT-0064,A_thaliana,3OMG,3-O-MG [Tf-T0],0.151444444,Ascomycota,Dothideomycetes,Pleosporales,Ascomycota
1471,AT0064,Alternaria_alternata_MPI-PUGE-AT-0064,A_thaliana,3OMG,3-O-MG [Tf-T0],0.015122222,Ascomycota,Dothideomycetes,Pleosporales,Ascomycota
1472,AT0064,Alternaria_alternata_MPI-PUGE-AT-0064,A_thaliana,3OMG,3-O-MG [Tf-T0],0.040066667,Ascomycota,Dothideomycetes,Pleosporales,Ascomycota
1476,AT0079,Chaetomium_globosum_MPI-SDFR-AT-0079,A_thaliana,3OMG,3-O-MG [Tf-T0],0,Ascomycota,Sordariomycetes,Sordariales,Ascomycota
1477,AT0079,Chaetomium_globosum_MPI-SDFR-AT-0079,A_thaliana,3OMG,3-O-MG [Tf-T0],0,Ascomycota,Sordariomycetes,Sordariales,Ascomycota
1478,AT0079,Chaetomium_globosum_MPI-SDFR-AT-0079,A_thaliana,3OMG,3-O-MG [Tf-T0],0,Ascomycota,Sordariomycetes,Sordariales,Ascomycota
1482,AT0100,Boeremia_exigua_MPI-SDFR-AT-0100,A_thaliana,3OMG,3-O-MG [Tf-T0],0.025866667,Ascomycota,Dothideomycetes,Pleosporales,Ascomycota
1483,AT0100,Boeremia_exigua_MPI-SDFR-AT-0100,A_thaliana,3OMG,3-O-MG [Tf-T0],0.129488889,Ascomycota,Dothideomycetes,Pleosporales,Ascomycota
1484,AT0100,Boeremia_exigua_MPI-SDFR-AT-0100,A_thaliana,3OMG,3-O-MG [Tf-T0],0.044444444,Ascomycota,Dothideomycetes,Pleosporales,Ascomycota
1488,AT0134,Ilyonectria_sp._MPI-CAGE-AT-0134,A_thaliana,3OMG,3-O-MG [Tf-T0],0.064422222,Ascomycota,Sordariomycetes,Hypocreales,Ascomycota
1489,AT0134,Ilyonectria_sp._MPI-CAGE-AT-0134,A_thaliana,3OMG,3-O-MG [Tf-T0],0.034466667,Ascomycota,Sordariomycetes,Hypocreales,Ascomycota
1490,AT0134,Ilyonectria_sp._MPI-CAGE-AT-0134,A_thaliana,3OMG,3-O-MG [Tf-T0],0.038833333,Ascomycota,Sordariomycetes,Hypocreales,Ascomycota
1494,AT0135,Halenospora_varia_MPI-CAGE-AT-0135,A_thaliana,3OMG,3-O-MG [Tf-T0],0,Ascomycota,Leotiomycetes,Helotiales,Ascomycota
1495,AT0135,Halenospora_varia_MPI-CAGE-AT-0135,A_thaliana,3OMG,3-O-MG [Tf-T0],0.012344444,Ascomycota,Leotiomycetes,Helotiales,Ascomycota
1496,AT0135,Halenospora_varia_MPI-CAGE-AT-0135,A_thaliana,3OMG,3-O-MG [Tf-T0],0,Ascomycota,Leotiomycetes,Helotiales,Ascomycota
1500,AT0147,Dactylonectria_macrodidyma_MPI-CAGE-AT-0147,A_thaliana,3OMG,3-O-MG [Tf-T0],0.040377778,Ascomycota,Sordariomycetes,Hypocreales,Ascomycota
1501,AT0147,Dactylonectria_macrodidyma_MPI-CAGE-AT-0147,A_thaliana,3OMG,3-O-MG [Tf-T0],0.036777778,Ascomycota,Sordariomycetes,Hypocreales,Ascomycota
1502,AT0147,Dactylonectria_macrodidyma_MPI-CAGE-AT-0147,A_thaliana,3OMG,3-O-MG [Tf-T0],0.024744444,Ascomycota,Sordariomycetes,Hypocreales,Ascomycota
1506,AA0104,Mortierella_elongata_MPI-CAGE-AA-0104,A_thaliana,3OMG,3-O-MG [Tf-T0],0,Mucoromycota,Mortierellomycetes,Mortierellales,Mucoromycota
1507,AA0104,Mortierella_elongata_MPI-CAGE-AA-0104,A_thaliana,3OMG,3-O-MG [Tf-T0],0,Mucoromycota,Mortierellomycetes,Mortierellales,Mucoromycota
1508,AA0104,Mortierella_elongata_MPI-CAGE-AA-0104,A_thaliana,3OMG,3-O-MG [Tf-T0],0.006322222,Mucoromycota,Mortierellomycetes,Mortierellales,Mucoromycota
1512,AA0113,Fusarium_sp._MPI-CAGE-AA-0113,A_thaliana,3OMG,3-O-MG [Tf-T0],0.191844444,Ascomycota,Sordariomycetes,Hypocreales,Ascomycota
1513,AA0113,Fusarium_sp._MPI-CAGE-AA-0113,A_thaliana,3OMG,3-O-MG [Tf-T0],0.123855556,Ascomycota,Sordariomycetes,Hypocreales,Ascomycota
1514,AA0113,Fusarium_sp._MPI-CAGE-AA-0113,A_thaliana,3OMG,3-O-MG [Tf-T0],0.0931,Ascomycota,Sordariomycetes,Hypocreales,Ascomycota
1591,Ta_10,Ta_10,T_aestivum,Water,Water [Tf - T0],0.089933334,Mucoromycota,Mortierellomycetes,Mortierellales,Mucoromycota
1592,Ta_10,Ta_10,T_aestivum,Water,Water [Tf - T0],0.024633333,Mucoromycota,Mortierellomycetes,Mortierellales,Mucoromycota
1593,Ta_10,Ta_10,T_aestivum,Water,Water [Tf - T0],0.0508,Mucoromycota,Mortierellomycetes,Mortierellales,Mucoromycota
1597,Ta_12,Ta_12,T_aestivum,Water,Water [Tf - T0],0,Ascomycota,Dothideomycetes,Pleosporales,Ascomycota
1598,Ta_12,Ta_12,T_aestivum,Water,Water [Tf - T0],0.0185,Ascomycota,Dothideomycetes,Pleosporales,Ascomycota
1599,Ta_12,Ta_12,T_aestivum,Water,Water [Tf - T0],0,Ascomycota,Dothideomycetes,Pleosporales,Ascomycota
1603,Ta_13,Ta_13,T_aestivum,Water,Water [Tf - T0],0.127388888,Ascomycota,Eurotiomycetes,Eurotiales,Ascomycota
1604,Ta_13,Ta_13,T_aestivum,Water,Water [Tf - T0],0.0909,Ascomycota,Eurotiomycetes,Eurotiales,Ascomycota
1605,Ta_13,Ta_13,T_aestivum,Water,Water [Tf - T0],0.250833334,Ascomycota,Eurotiomycetes,Eurotiales,Ascomycota
1609,Ta_14,Ta_14,T_aestivum,Water,Water [Tf - T0],0.115244445,Ascomycota,Sordariomycetes,Hypocreales,Ascomycota
1610,Ta_14,Ta_14,T_aestivum,Water,Water [Tf - T0],0,Ascomycota,Sordariomycetes,Hypocreales,Ascomycota
1611,Ta_14,Ta_14,T_aestivum,Water,Water [Tf - T0],0,Ascomycota,Sordariomycetes,Hypocreales,Ascomycota
1615,Ta_15,Ta_15,T_aestivum,Water,Water [Tf - T0],0,Ascomycota,Dothideomycetes,Cladosporiales,Ascomycota
1616,Ta_15,Ta_15,T_aestivum,Water,Water [Tf - T0],0,Ascomycota,Dothideomycetes,Cladosporiales,Ascomycota
1617,Ta_15,Ta_15,T_aestivum,Water,Water [Tf - T0],0,Ascomycota,Dothideomycetes,Cladosporiales,Ascomycota
1621,Ta_16,Ta_16,T_aestivum,Water,Water [Tf - T0],0,Ascomycota,Eurotiomycetes,Eurotiales,Ascomycota
1622,Ta_16,Ta_16,T_aestivum,Water,Water [Tf - T0],0,Ascomycota,Eurotiomycetes,Eurotiales,Ascomycota
1623,Ta_16,Ta_16,T_aestivum,Water,Water [Tf - T0],0,Ascomycota,Eurotiomycetes,Eurotiales,Ascomycota
1633,Ta_19,Ta_19,T_aestivum,Water,Water [Tf - T0],0.171877777,Ascomycota,Pezizomycotina,Eurotiomycetes,Ascomycota
1634,Ta_19,Ta_19,T_aestivum,Water,Water [Tf - T0],0.023711111,Ascomycota,Pezizomycotina,Eurotiomycetes,Ascomycota
1635,Ta_19,Ta_19,T_aestivum,Water,Water [Tf - T0],0,Ascomycota,Pezizomycotina,Eurotiomycetes,Ascomycota
1639,Ta_20,Ta_20,T_aestivum,Water,Water [Tf - T0],0,Ascomycota,Eurotiomycetes,Eurotiales,Ascomycota
1640,Ta_20,Ta_20,T_aestivum,Water,Water [Tf - T0],0.003433333,Ascomycota,Eurotiomycetes,Eurotiales,Ascomycota
1641,Ta_20,Ta_20,T_aestivum,Water,Water [Tf - T0],0.003655556,Ascomycota,Eurotiomycetes,Eurotiales,Ascomycota
1645,Ta_22,Ta_22,T_aestivum,Water,Water [Tf - T0],0,Ascomycota,Eurotiomycetes,Eurotiales,Ascomycota
1646,Ta_22,Ta_22,T_aestivum,Water,Water [Tf - T0],0.089088889,Ascomycota,Eurotiomycetes,Eurotiales,Ascomycota
1647,Ta_22,Ta_22,T_aestivum,Water,Water [Tf - T0],0.032655555,Ascomycota,Eurotiomycetes,Eurotiales,Ascomycota
1651,Ta_23,Ta_23,T_aestivum,Water,Water [Tf - T0],0,Ascomycota,Pezizomycotina,Dothideomycetes,Ascomycota
1652,Ta_23,Ta_23,T_aestivum,Water,Water [Tf - T0],0,Ascomycota,Pezizomycotina,Dothideomycetes,Ascomycota
1653,Ta_23,Ta_23,T_aestivum,Water,Water [Tf - T0],0,Ascomycota,Pezizomycotina,Dothideomycetes,Ascomycota
1663,Ta_25,Ta_25,T_aestivum,Water,Water [Tf - T0],0,Ascomycota,Pezizomycotina,Dothideomycetes,Ascomycota
1664,Ta_25,Ta_25,T_aestivum,Water,Water [Tf - T0],0,Ascomycota,Pezizomycotina,Dothideomycetes,Ascomycota
1665,Ta_25,Ta_25,T_aestivum,Water,Water [Tf - T0],0,Ascomycota,Pezizomycotina,Dothideomycetes,Ascomycota
1669,Ta_26,Ta_26,T_aestivum,Water,Water [Tf - T0],0.001622222,Ascomycota,Eurotiomycetes,Eurotiales,Ascomycota
1670,Ta_26,Ta_26,T_aestivum,Water,Water [Tf - T0],0,Ascomycota,Eurotiomycetes,Eurotiales,Ascomycota
1671,Ta_26,Ta_26,T_aestivum,Water,Water [Tf - T0],0.040422222,Ascomycota,Eurotiomycetes,Eurotiales,Ascomycota
1675,Ta_27,Ta_27,T_aestivum,Water,Water [Tf - T0],0,Mucoromycota,Mortierellomycetes,Mortierellales,Mucoromycota
1676,Ta_27,Ta_27,T_aestivum,Water,Water [Tf - T0],0,Mucoromycota,Mortierellomycetes,Mortierellales,Mucoromycota
1677,Ta_27,Ta_27,T_aestivum,Water,Water [Tf - T0],0.072588889,Mucoromycota,Mortierellomycetes,Mortierellales,Mucoromycota
1687,Ta_30,Ta_30,T_aestivum,Water,Water [Tf - T0],0.151155555,Ascomycota,Eurotiomycetes,Eurotiales,Ascomycota
1688,Ta_30,Ta_30,T_aestivum,Water,Water [Tf - T0],0.157266667,Ascomycota,Eurotiomycetes,Eurotiales,Ascomycota
1689,Ta_30,Ta_30,T_aestivum,Water,Water [Tf - T0],0.173833333,Ascomycota,Eurotiomycetes,Eurotiales,Ascomycota
1693,Ta_31,Ta_31,T_aestivum,Water,Water [Tf - T0],0,Ascomycota,Sordariomycetes,Hypocreales,Ascomycota
1694,Ta_31,Ta_31,T_aestivum,Water,Water [Tf - T0],0,Ascomycota,Sordariomycetes,Hypocreales,Ascomycota
1695,Ta_31,Ta_31,T_aestivum,Water,Water [Tf - T0],0,Ascomycota,Sordariomycetes,Hypocreales,Ascomycota
1699,Ta_32,Ta_32,T_aestivum,Water,Water [Tf - T0],0.096166667,Ascomycota,Eurotiomycetes,Eurotiales,Ascomycota
1700,Ta_32,Ta_32,T_aestivum,Water,Water [Tf - T0],0.1178,Ascomycota,Eurotiomycetes,Eurotiales,Ascomycota
1701,Ta_32,Ta_32,T_aestivum,Water,Water [Tf - T0],0.182477778,Ascomycota,Eurotiomycetes,Eurotiales,Ascomycota
1705,Ta_33,Ta_33,T_aestivum,Water,Water [Tf - T0],0.107944445,Ascomycota,Eurotiomycetes,Eurotiales,Ascomycota
1706,Ta_33,Ta_33,T_aestivum,Water,Water [Tf - T0],0.075888889,Ascomycota,Eurotiomycetes,Eurotiales,Ascomycota
1707,Ta_33,Ta_33,T_aestivum,Water,Water [Tf - T0],0.057644445,Ascomycota,Eurotiomycetes,Eurotiales,Ascomycota
1711,Ta_34,Ta_34,T_aestivum,Water,Water [Tf - T0],0.056588889,Ascomycota,Eurotiomycetes,Eurotiales,Ascomycota
1712,Ta_34,Ta_34,T_aestivum,Water,Water [Tf - T0],0.084677778,Ascomycota,Eurotiomycetes,Eurotiales,Ascomycota
1713,Ta_34,Ta_34,T_aestivum,Water,Water [Tf - T0],0.031055555,Ascomycota,Eurotiomycetes,Eurotiales,Ascomycota
1717,Ta_35,Ta_35,T_aestivum,Water,Water [Tf - T0],0.077633333,Ascomycota,Pezizomycotina,Dothideomycetes,Ascomycota
1718,Ta_35,Ta_35,T_aestivum,Water,Water [Tf - T0],0.096922222,Ascomycota,Pezizomycotina,Dothideomycetes,Ascomycota
1719,Ta_35,Ta_35,T_aestivum,Water,Water [Tf - T0],0.123311111,Ascomycota,Pezizomycotina,Dothideomycetes,Ascomycota
1729,Ta_36,Ta_36,T_aestivum,Water,Water [Tf - T0],0.0834,Ascomycota,Pezizomycotina,Dothideomycetes,Ascomycota
1730,Ta_36,Ta_36,T_aestivum,Water,Water [Tf - T0],0.027244444,Ascomycota,Pezizomycotina,Dothideomycetes,Ascomycota
1731,Ta_36,Ta_36,T_aestivum,Water,Water [Tf - T0],0.059733333,Ascomycota,Pezizomycotina,Dothideomycetes,Ascomycota
1735,Ta_37,Ta_37,T_aestivum,Water,Water [Tf - T0],0.215444444,Ascomycota,Pezizomycotina,Dothideomycetes,Ascomycota
1736,Ta_37,Ta_37,T_aestivum,Water,Water [Tf - T0],0.032033333,Ascomycota,Pezizomycotina,Dothideomycetes,Ascomycota
1737,Ta_37,Ta_37,T_aestivum,Water,Water [Tf - T0],0.108533333,Ascomycota,Pezizomycotina,Dothideomycetes,Ascomycota
1741,Ta_38,Ta_38,T_aestivum,Water,Water [Tf - T0],0.206655556,Ascomycota,Sordariomycetes,Hypocreales,Ascomycota
1742,Ta_38,Ta_38,T_aestivum,Water,Water [Tf - T0],0.204577778,Ascomycota,Sordariomycetes,Hypocreales,Ascomycota
1743,Ta_38,Ta_38,T_aestivum,Water,Water [Tf - T0],0.203422222,Ascomycota,Sordariomycetes,Hypocreales,Ascomycota
1747,Ta_39,Ta_39,T_aestivum,Water,Water [Tf - T0],0.183677778,Ascomycota,Sordariomycetes,Hypocreales,Ascomycota
1748,Ta_39,Ta_39,T_aestivum,Water,Water [Tf - T0],0.1904,Ascomycota,Sordariomycetes,Hypocreales,Ascomycota
1749,Ta_39,Ta_39,T_aestivum,Water,Water [Tf - T0],0.224111111,Ascomycota,Sordariomycetes,Hypocreales,Ascomycota
1753,Ta_40,Ta_40,T_aestivum,Water,Water [Tf - T0],0.026544444,Ascomycota,Sordariomycetes,Hypocreales,Ascomycota
1754,Ta_40,Ta_40,T_aestivum,Water,Water [Tf - T0],0,Ascomycota,Sordariomycetes,Hypocreales,Ascomycota
1755,Ta_40,Ta_40,T_aestivum,Water,Water [Tf - T0],0,Ascomycota,Sordariomycetes,Hypocreales,Ascomycota
1759,Bn_01,Bn_01,B_napus,Water,Water [Tf - T0],0.056055556,Ascomycota,Sordariomycetes,Hypocreales,Ascomycota
1760,Bn_01,Bn_01,B_napus,Water,Water [Tf - T0],0,Ascomycota,Sordariomycetes,Hypocreales,Ascomycota
1761,Bn_01,Bn_01,B_napus,Water,Water [Tf - T0],0,Ascomycota,Sordariomycetes,Hypocreales,Ascomycota
1771,Bn_03,Bn_03,B_napus,Water,Water [Tf - T0],0.1251,Ascomycota,Dothideomycetes,Cladosporiales,Ascomycota
1772,Bn_03,Bn_03,B_napus,Water,Water [Tf - T0],0.141622222,Ascomycota,Dothideomycetes,Cladosporiales,Ascomycota
1773,Bn_03,Bn_03,B_napus,Water,Water [Tf - T0],0.1808,Ascomycota,Dothideomycetes,Cladosporiales,Ascomycota
1777,Bn_05,Bn_05,B_napus,Water,Water [Tf - T0],0.038222222,Ascomycota,Sordariomycetes,Hypocreales,Ascomycota
1778,Bn_05,Bn_05,B_napus,Water,Water [Tf - T0],0,Ascomycota,Sordariomycetes,Hypocreales,Ascomycota
1779,Bn_05,Bn_05,B_napus,Water,Water [Tf - T0],0.080811111,Ascomycota,Sordariomycetes,Hypocreales,Ascomycota
1783,Bn_06,Bn_06,B_napus,Water,Water [Tf - T0],0,Mucoromycota,Mucoromycetes,Mucorales,Mucoromycota
1784,Bn_06,Bn_06,B_napus,Water,Water [Tf - T0],0,Mucoromycota,Mucoromycetes,Mucorales,Mucoromycota
1785,Bn_06,Bn_06,B_napus,Water,Water [Tf - T0],0,Mucoromycota,Mucoromycetes,Mucorales,Mucoromycota
1789,Bn_07,Bn_07,B_napus,Water,Water [Tf - T0],0,Mucoromycota,Mucoromycetes,Mucorales,Mucoromycota
1790,Bn_07,Bn_07,B_napus,Water,Water [Tf - T0],0,Mucoromycota,Mucoromycetes,Mucorales,Mucoromycota
1791,Bn_07,Bn_07,B_napus,Water,Water [Tf - T0],0,Mucoromycota,Mucoromycetes,Mucorales,Mucoromycota
1795,Bn_08,Bn_08,B_napus,Water,Water [Tf - T0],0.049511111,Mucoromycota,Mucoromycetes,Mucorales,Mucoromycota
1796,Bn_08,Bn_08,B_napus,Water,Water [Tf - T0],0.046033333,Mucoromycota,Mucoromycetes,Mucorales,Mucoromycota
1797,Bn_08,Bn_08,B_napus,Water,Water [Tf - T0],0.039511111,Mucoromycota,Mucoromycetes,Mucorales,Mucoromycota
1801,Bn_09,Bn_09,B_napus,Water,Water [Tf - T0],0.208888889,Ascomycota,Sordariomycetes,Hypocreales,Ascomycota
1802,Bn_09,Bn_09,B_napus,Water,Water [Tf - T0],0.168333333,Ascomycota,Sordariomycetes,Hypocreales,Ascomycota
1803,Bn_09,Bn_09,B_napus,Water,Water [Tf - T0],0.120222222,Ascomycota,Sordariomycetes,Hypocreales,Ascomycota
1807,Bn_10,Bn_10,B_napus,Water,Water [Tf - T0],0.056888889,Ascomycota,Sordariomycetes,Hypocreales,Ascomycota
1808,Bn_10,Bn_10,B_napus,Water,Water [Tf - T0],0.029644444,Ascomycota,Sordariomycetes,Hypocreales,Ascomycota
1809,Bn_10,Bn_10,B_napus,Water,Water [Tf - T0],0.016377778,Ascomycota,Sordariomycetes,Hypocreales,Ascomycota
1813,Bn_11,Bn_11,B_napus,Water,Water [Tf - T0],0.029277778,Ascomycota,Eurotiomycetes,Eurotiales,Ascomycota
1814,Bn_11,Bn_11,B_napus,Water,Water [Tf - T0],0.029744444,Ascomycota,Eurotiomycetes,Eurotiales,Ascomycota
1815,Bn_11,Bn_11,B_napus,Water,Water [Tf - T0],0.001955556,Ascomycota,Eurotiomycetes,Eurotiales,Ascomycota
1831,Bn_14,Bn_14,B_napus,Water,Water [Tf - T0],0,Ascomycota,Dothideomycetes,Pleosporales,Ascomycota
1832,Bn_14,Bn_14,B_napus,Water,Water [Tf - T0],0,Ascomycota,Dothideomycetes,Pleosporales,Ascomycota
1833,Bn_14,Bn_14,B_napus,Water,Water [Tf - T0],0,Ascomycota,Dothideomycetes,Pleosporales,Ascomycota
1837,Bn_15,Bn_15,B_napus,Water,Water [Tf - T0],0,Ascomycota,Dothideomycetes,Cladosporiales,Ascomycota
1838,Bn_15,Bn_15,B_napus,Water,Water [Tf - T0],0,Ascomycota,Dothideomycetes,Cladosporiales,Ascomycota
1839,Bn_15,Bn_15,B_napus,Water,Water [Tf - T0],0,Ascomycota,Dothideomycetes,Cladosporiales,Ascomycota
1843,Bn_16,Bn_16,B_napus,Water,Water [Tf - T0],0,Ascomycota,Sordariomycetes,Hypocreales,Ascomycota
1844,Bn_16,Bn_16,B_napus,Water,Water [Tf - T0],0,Ascomycota,Sordariomycetes,Hypocreales,Ascomycota
1845,Bn_16,Bn_16,B_napus,Water,Water [Tf - T0],0.022822222,Ascomycota,Sordariomycetes,Hypocreales,Ascomycota
1849,Bn_17,Bn_17,B_napus,Water,Water [Tf - T0],0.158133333,Ascomycota,Eurotiomycetes,Eurotiales,Ascomycota
1850,Bn_17,Bn_17,B_napus,Water,Water [Tf - T0],0.091988889,Ascomycota,Eurotiomycetes,Eurotiales,Ascomycota
1851,Bn_17,Bn_17,B_napus,Water,Water [Tf - T0],0.009133333,Ascomycota,Eurotiomycetes,Eurotiales,Ascomycota
1855,Bn_18,Bn_18,B_napus,Water,Water [Tf - T0],0.044555556,Ascomycota,Sordariomycetes,Hypocreales,Ascomycota
1856,Bn_18,Bn_18,B_napus,Water,Water [Tf - T0],0,Ascomycota,Sordariomycetes,Hypocreales,Ascomycota
1857,Bn_18,Bn_18,B_napus,Water,Water [Tf - T0],0.014433333,Ascomycota,Sordariomycetes,Hypocreales,Ascomycota
1861,Bn_19,Bn_19,B_napus,Water,Water [Tf - T0],0.007533333,Mucoromycota,Mucoromycetes,Mucorales,Mucoromycota
1862,Bn_19,Bn_19,B_napus,Water,Water [Tf - T0],0.014933333,Mucoromycota,Mucoromycetes,Mucorales,Mucoromycota
1863,Bn_19,Bn_19,B_napus,Water,Water [Tf - T0],0.0263,Mucoromycota,Mucoromycetes,Mucorales,Mucoromycota
1867,Bn_21,Bn_21,B_napus,Water,Water [Tf - T0],0,Mucoromycota,Mortierellomycetes,Mortierellales,Mucoromycota
1868,Bn_21,Bn_21,B_napus,Water,Water [Tf - T0],0,Mucoromycota,Mortierellomycetes,Mortierellales,Mucoromycota
1869,Bn_21,Bn_21,B_napus,Water,Water [Tf - T0],0,Mucoromycota,Mortierellomycetes,Mortierellales,Mucoromycota
1873,Bn_22,Bn_22,B_napus,Water,Water [Tf - T0],0.117966667,Ascomycota,Eurotiomycetes,Eurotiales,Ascomycota
1874,Bn_22,Bn_22,B_napus,Water,Water [Tf - T0],0.070555556,Ascomycota,Eurotiomycetes,Eurotiales,Ascomycota
1875,Bn_22,Bn_22,B_napus,Water,Water [Tf - T0],0,Ascomycota,Eurotiomycetes,Eurotiales,Ascomycota
1885,Bn_24,Bn_24,B_napus,Water,Water [Tf - T0],0.028466667,Ascomycota,Dothideomycetes,Pleosporales,Ascomycota
1886,Bn_24,Bn_24,B_napus,Water,Water [Tf - T0],0.034966667,Ascomycota,Dothideomycetes,Pleosporales,Ascomycota
1887,Bn_24,Bn_24,B_napus,Water,Water [Tf - T0],0.057311111,Ascomycota,Dothideomycetes,Pleosporales,Ascomycota
1891,Bn_25,Bn_25,B_napus,Water,Water [Tf - T0],0.123333333,Ascomycota,Eurotiomycetes,Eurotiales,Ascomycota
1892,Bn_25,Bn_25,B_napus,Water,Water [Tf - T0],0.031244444,Ascomycota,Eurotiomycetes,Eurotiales,Ascomycota
1893,Bn_25,Bn_25,B_napus,Water,Water [Tf - T0],0.200077778,Ascomycota,Eurotiomycetes,Eurotiales,Ascomycota
1897,Bn_26,Bn_26,B_napus,Water,Water [Tf - T0],0.2115,Ascomycota,Eurotiomycetes,Eurotiales,Ascomycota
1898,Bn_26,Bn_26,B_napus,Water,Water [Tf - T0],0.130133333,Ascomycota,Eurotiomycetes,Eurotiales,Ascomycota
1899,Bn_26,Bn_26,B_napus,Water,Water [Tf - T0],0.081644444,Ascomycota,Eurotiomycetes,Eurotiales,Ascomycota
1903,Bn_27,Bn_27,B_napus,Water,Water [Tf - T0],0,Mucoromycota,Mortierellomycetes,Mortierellales,Mucoromycota
1904,Bn_27,Bn_27,B_napus,Water,Water [Tf - T0],0.015488889,Mucoromycota,Mortierellomycetes,Mortierellales,Mucoromycota
1905,Bn_27,Bn_27,B_napus,Water,Water [Tf - T0],0.041422222,Mucoromycota,Mortierellomycetes,Mortierellales,Mucoromycota
1909,Bn_28,Bn_28,B_napus,Water,Water [Tf - T0],0.064244444,Ascomycota,Eurotiomycetes,Eurotiales,Ascomycota
1910,Bn_28,Bn_28,B_napus,Water,Water [Tf - T0],0.042977778,Ascomycota,Eurotiomycetes,Eurotiales,Ascomycota
1911,Bn_28,Bn_28,B_napus,Water,Water [Tf - T0],0.044722222,Ascomycota,Eurotiomycetes,Eurotiales,Ascomycota
1921,Bn_29,Bn_29,B_napus,Water,Water [Tf - T0],0.134011111,Ascomycota,Eurotiomycetes,Eurotiales,Ascomycota
1922,Bn_29,Bn_29,B_napus,Water,Water [Tf - T0],0.062688889,Ascomycota,Eurotiomycetes,Eurotiales,Ascomycota
1923,Bn_29,Bn_29,B_napus,Water,Water [Tf - T0],0.067144445,Ascomycota,Eurotiomycetes,Eurotiales,Ascomycota
1927,Bn_30,Bn_30,B_napus,Water,Water [Tf - T0],0.119988889,Ascomycota,Sordariomycetes,Hypocreales,Ascomycota
1928,Bn_30,Bn_30,B_napus,Water,Water [Tf - T0],0.100222222,Ascomycota,Sordariomycetes,Hypocreales,Ascomycota
1929,Bn_30,Bn_30,B_napus,Water,Water [Tf - T0],0.083966666,Ascomycota,Sordariomycetes,Hypocreales,Ascomycota
1933,Bn_31,Bn_31,B_napus,Water,Water [Tf - T0],0.012488889,Ascomycota,Leotiomycetes,Helotiales,Ascomycota
1934,Bn_31,Bn_31,B_napus,Water,Water [Tf - T0],0,Ascomycota,Leotiomycetes,Helotiales,Ascomycota
1935,Bn_31,Bn_31,B_napus,Water,Water [Tf - T0],0.016577777,Ascomycota,Leotiomycetes,Helotiales,Ascomycota
1939,Bn_32,Bn_32,B_napus,Water,Water [Tf - T0],0.209555555,Ascomycota,Eurotiomycetes,Eurotiales,Ascomycota
1940,Bn_32,Bn_32,B_napus,Water,Water [Tf - T0],0.200466667,Ascomycota,Eurotiomycetes,Eurotiales,Ascomycota
1941,Bn_32,Bn_32,B_napus,Water,Water [Tf - T0],0.207077777,Ascomycota,Eurotiomycetes,Eurotiales,Ascomycota
1945,Bn_33,Bn_33,B_napus,Water,Water [Tf - T0],0.122977777,Ascomycota,Eurotiomycetes,Eurotiales,Ascomycota
1946,Bn_33,Bn_33,B_napus,Water,Water [Tf - T0],0.007377778,Ascomycota,Eurotiomycetes,Eurotiales,Ascomycota
1947,Bn_33,Bn_33,B_napus,Water,Water [Tf - T0],0.014011111,Ascomycota,Eurotiomycetes,Eurotiales,Ascomycota
1951,Bn_34,Bn_34,B_napus,Water,Water [Tf - T0],0,Ascomycota,Dothideomycetes,Cladosporiales,Ascomycota
1952,Bn_34,Bn_34,B_napus,Water,Water [Tf - T0],0,Ascomycota,Dothideomycetes,Cladosporiales,Ascomycota
1953,Bn_34,Bn_34,B_napus,Water,Water [Tf - T0],0,Ascomycota,Dothideomycetes,Cladosporiales,Ascomycota
1957,Bn_35,Bn_35,B_napus,Water,Water [Tf - T0],0.0724,Ascomycota,Eurotiomycetes,Eurotiales,Ascomycota
1958,Bn_35,Bn_35,B_napus,Water,Water [Tf - T0],0.137288889,Ascomycota,Eurotiomycetes,Eurotiales,Ascomycota
1959,Bn_35,Bn_35,B_napus,Water,Water [Tf - T0],0,Ascomycota,Eurotiomycetes,Eurotiales,Ascomycota
1963,Bn_37,Bn_37,B_napus,Water,Water [Tf - T0],0.000788889,NA,NA,NA,NA
1964,Bn_37,Bn_37,B_napus,Water,Water [Tf - T0],0,NA,NA,NA,NA
1965,Bn_37,Bn_37,B_napus,Water,Water [Tf - T0],0,NA,NA,NA,NA
1969,Bn_38,Bn_38,B_napus,Water,Water [Tf - T0],0.148077778,Ascomycota,Sordariomycetes,Hypocreales,Ascomycota
1970,Bn_38,Bn_38,B_napus,Water,Water [Tf - T0],0.016688889,Ascomycota,Sordariomycetes,Hypocreales,Ascomycota
1971,Bn_38,Bn_38,B_napus,Water,Water [Tf - T0],0,Ascomycota,Sordariomycetes,Hypocreales,Ascomycota
1981,Bn_41,Bn_41,B_napus,Water,Water [Tf - T0],0.013966667,Ascomycota,Eurotiomycetes,Eurotiales,Ascomycota
1982,Bn_41,Bn_41,B_napus,Water,Water [Tf - T0],0.027522223,Ascomycota,Eurotiomycetes,Eurotiales,Ascomycota
1983,Bn_41,Bn_41,B_napus,Water,Water [Tf - T0],0.168722222,Ascomycota,Eurotiomycetes,Eurotiales,Ascomycota
1987,Bn_43,Bn_43,B_napus,Water,Water [Tf - T0],0,Ascomycota,Dothideomycetes,Cladosporiales,Ascomycota
1988,Bn_43,Bn_43,B_napus,Water,Water [Tf - T0],0.004555556,Ascomycota,Dothideomycetes,Cladosporiales,Ascomycota
1989,Bn_43,Bn_43,B_napus,Water,Water [Tf - T0],0.099744444,Ascomycota,Dothideomycetes,Cladosporiales,Ascomycota
1993,Bn_44,Bn_44,B_napus,Water,Water [Tf - T0],0.055911111,Ascomycota,Eurotiomycetes,Eurotiales,Ascomycota
1994,Bn_44,Bn_44,B_napus,Water,Water [Tf - T0],0.079722222,Ascomycota,Eurotiomycetes,Eurotiales,Ascomycota
1995,Bn_44,Bn_44,B_napus,Water,Water [Tf - T0],0.011422223,Ascomycota,Eurotiomycetes,Eurotiales,Ascomycota
1999,Bn_46,Bn_46,B_napus,Water,Water [Tf - T0],0.180833333,Ascomycota,Sordariomycetes,Hypocreales,Ascomycota
2000,Bn_46,Bn_46,B_napus,Water,Water [Tf - T0],0.153466667,Ascomycota,Sordariomycetes,Hypocreales,Ascomycota
2001,Bn_46,Bn_46,B_napus,Water,Water [Tf - T0],0.189955556,Ascomycota,Sordariomycetes,Hypocreales,Ascomycota
2005,Bn_47,Bn_47,B_napus,Water,Water [Tf - T0],0,Ascomycota,Eurotiomycetes,Eurotiales,Ascomycota
2006,Bn_47,Bn_47,B_napus,Water,Water [Tf - T0],0.0714,Ascomycota,Eurotiomycetes,Eurotiales,Ascomycota
2007,Bn_47,Bn_47,B_napus,Water,Water [Tf - T0],0.048888889,Ascomycota,Eurotiomycetes,Eurotiales,Ascomycota
2023,Bn_50,Bn_50,B_napus,Water,Water [Tf - T0],0,Mucoromycota,Mucoromycetes,Mucorales,Mucoromycota
2024,Bn_50,Bn_50,B_napus,Water,Water [Tf - T0],0,Mucoromycota,Mucoromycetes,Mucorales,Mucoromycota
2025,Bn_50,Bn_50,B_napus,Water,Water [Tf - T0],0,Mucoromycota,Mucoromycetes,Mucorales,Mucoromycota
2029,Bn_52,Bn_52,B_napus,Water,Water [Tf - T0],0,Mucoromycota,Mucoromycetes,Mucorales,Mucoromycota
2030,Bn_52,Bn_52,B_napus,Water,Water [Tf - T0],0,Mucoromycota,Mucoromycetes,Mucorales,Mucoromycota
2031,Bn_52,Bn_52,B_napus,Water,Water [Tf - T0],0,Mucoromycota,Mucoromycetes,Mucorales,Mucoromycota
2035,Bn_53,Bn_53,B_napus,Water,Water [Tf - T0],0,Mucoromycota,Mucoromycetes,Mucorales,Mucoromycota
2036,Bn_53,Bn_53,B_napus,Water,Water [Tf - T0],0.005666666,Mucoromycota,Mucoromycetes,Mucorales,Mucoromycota
2037,Bn_53,Bn_53,B_napus,Water,Water [Tf - T0],0.1071,Mucoromycota,Mucoromycetes,Mucorales,Mucoromycota
2041,Bn_54,Bn_54,B_napus,Water,Water [Tf - T0],0.203044444,Mucoromycota,Mortierellomycetes,Mortierellales,Mucoromycota
2042,Bn_54,Bn_54,B_napus,Water,Water [Tf - T0],0,Mucoromycota,Mortierellomycetes,Mortierellales,Mucoromycota
2043,Bn_54,Bn_54,B_napus,Water,Water [Tf - T0],0,Mucoromycota,Mortierellomycetes,Mortierellales,Mucoromycota
2047,Bn_56,Bn_56,B_napus,Water,Water [Tf - T0],0,Mucoromycota,Mortierellomycetes,Mortierellales,Mucoromycota
2048,Bn_56,Bn_56,B_napus,Water,Water [Tf - T0],0,Mucoromycota,Mortierellomycetes,Mortierellales,Mucoromycota
2049,Bn_56,Bn_56,B_napus,Water,Water [Tf - T0],0,Mucoromycota,Mortierellomycetes,Mortierellales,Mucoromycota
2053,Bn_57,Bn_57,B_napus,Water,Water [Tf - T0],0,NA,NA,NA,NA
2054,Bn_57,Bn_57,B_napus,Water,Water [Tf - T0],0.041566666,NA,NA,NA,NA
2055,Bn_57,Bn_57,B_napus,Water,Water [Tf - T0],0,NA,NA,NA,NA
2059,Bn_59,Bn_59,B_napus,Water,Water [Tf - T0],0,Ascomycota,Dothideomycetes,Cladosporiales,Ascomycota
2060,Bn_59,Bn_59,B_napus,Water,Water [Tf - T0],0,Ascomycota,Dothideomycetes,Cladosporiales,Ascomycota
2061,Bn_59,Bn_59,B_napus,Water,Water [Tf - T0],0.027333333,Ascomycota,Dothideomycetes,Cladosporiales,Ascomycota
2066,Bn_60,Bn_60,B_napus,Water,Water [Tf - T0],0.254722222,Ascomycota,Eurotiomycetes,Eurotiales,Ascomycota
2067,Bn_60,Bn_60,B_napus,Water,Water [Tf - T0],0.125155555,Ascomycota,Eurotiomycetes,Eurotiales,Ascomycota
2068,Bn_60,Bn_60,B_napus,Water,Water [Tf - T0],0.136766666,Ascomycota,Eurotiomycetes,Eurotiales,Ascomycota
2078,Bn_62,Bn_62,B_napus,Water,Water [Tf - T0],0.043555556,Ascomycota,Eurotiomycetes,Eurotiales,Ascomycota
2079,Bn_62,Bn_62,B_napus,Water,Water [Tf - T0],0.089988889,Ascomycota,Eurotiomycetes,Eurotiales,Ascomycota
2080,Bn_62,Bn_62,B_napus,Water,Water [Tf - T0],0.054633333,Ascomycota,Eurotiomycetes,Eurotiales,Ascomycota
2084,Bn_63,Bn_63,B_napus,Water,Water [Tf - T0],0.009122222,Ascomycota,Leotiomycetes,Thelebolales,Ascomycota
2085,Bn_63,Bn_63,B_napus,Water,Water [Tf - T0],0.228755556,Ascomycota,Leotiomycetes,Thelebolales,Ascomycota
2086,Bn_63,Bn_63,B_napus,Water,Water [Tf - T0],0.180355555,Ascomycota,Leotiomycetes,Thelebolales,Ascomycota
2090,Bn_64,Bn_64,B_napus,Water,Water [Tf - T0],0.2058,Ascomycota,Sordariomycetes,Glomerellales,Ascomycota
2091,Bn_64,Bn_64,B_napus,Water,Water [Tf - T0],0.099044444,Ascomycota,Sordariomycetes,Glomerellales,Ascomycota
2092,Bn_64,Bn_64,B_napus,Water,Water [Tf - T0],0.132166666,Ascomycota,Sordariomycetes,Glomerellales,Ascomycota
2096,Bn_67,Bn_67,B_napus,Water,Water [Tf - T0],0.189855555,Ascomycota,Dothideomycetes,Pleosporales,Ascomycota
2097,Bn_67,Bn_67,B_napus,Water,Water [Tf - T0],0.152033334,Ascomycota,Dothideomycetes,Pleosporales,Ascomycota
2098,Bn_67,Bn_67,B_napus,Water,Water [Tf - T0],0.080222222,Ascomycota,Dothideomycetes,Pleosporales,Ascomycota
2102,Bn_68,Bn_68,B_napus,Water,Water [Tf - T0],0.032055556,Ascomycota,Eurotiomycetes,Eurotiales,Ascomycota
2103,Bn_68,Bn_68,B_napus,Water,Water [Tf - T0],0.057577778,Ascomycota,Eurotiomycetes,Eurotiales,Ascomycota
2104,Bn_68,Bn_68,B_napus,Water,Water [Tf - T0],0.112088889,Ascomycota,Eurotiomycetes,Eurotiales,Ascomycota
2114,Fusarium,Fusarium,T_aestivum,Water,Water [Tf - T0],0.264,Ascomycota,Sordariomycetes,Hypocreales,Ascomycota
2115,Fusarium,Fusarium,T_aestivum,Water,Water [Tf - T0],0.237433333,Ascomycota,Sordariomycetes,Hypocreales,Ascomycota
2116,Fusarium,Fusarium,T_aestivum,Water,Water [Tf - T0],0.228555556,Ascomycota,Sordariomycetes,Hypocreales,Ascomycota
2132,F1,Verticillium_dahliae_MPI-CAGE-AT-0001,A_thaliana,Water,Water [Tf - T0],0.078811111,Ascomycota,Sordariomycetes,Glomerellales,Ascomycota
2133,F1,Verticillium_dahliae_MPI-CAGE-AT-0001,A_thaliana,Water,Water [Tf - T0],0.0057,Ascomycota,Sordariomycetes,Glomerellales,Ascomycota
2134,F1,Verticillium_dahliae_MPI-CAGE-AT-0001,A_thaliana,Water,Water [Tf - T0],0.045488889,Ascomycota,Sordariomycetes,Glomerellales,Ascomycota
2144,F44,Fusarium_tricinctum_MPI-SDFR-AT-0044,A_thaliana,Water,Water [Tf - T0],0.046522222,Ascomycota,Sordariomycetes,Hypocreales,Ascomycota
2145,F44,Fusarium_tricinctum_MPI-SDFR-AT-0044,A_thaliana,Water,Water [Tf - T0],0,Ascomycota,Sordariomycetes,Hypocreales,Ascomycota
2146,F44,Fusarium_tricinctum_MPI-SDFR-AT-0044,A_thaliana,Water,Water [Tf - T0],0,Ascomycota,Sordariomycetes,Hypocreales,Ascomycota
2150,F68,Fusarium_tricinctum_MPI-SDFR-AT-0068,A_thaliana,Water,Water [Tf - T0],0,Ascomycota,Sordariomycetes,Hypocreales,Ascomycota
2151,F68,Fusarium_tricinctum_MPI-SDFR-AT-0068,A_thaliana,Water,Water [Tf - T0],0,Ascomycota,Sordariomycetes,Hypocreales,Ascomycota
2152,F68,Fusarium_tricinctum_MPI-SDFR-AT-0068,A_thaliana,Water,Water [Tf - T0],0,Ascomycota,Sordariomycetes,Hypocreales,Ascomycota
2156,F72,Fusarium_sp._MPI-SDFR-AT-0072,A_thaliana,Water,Water [Tf - T0],0,Ascomycota,Sordariomycetes,Hypocreales,Ascomycota
2157,F72,Fusarium_sp._MPI-SDFR-AT-0072,A_thaliana,Water,Water [Tf - T0],0,Ascomycota,Sordariomycetes,Hypocreales,Ascomycota
2158,F72,Fusarium_sp._MPI-SDFR-AT-0072,A_thaliana,Water,Water [Tf - T0],0,Ascomycota,Sordariomycetes,Hypocreales,Ascomycota
2162,F7374,Truncatella_angustata_MPI-SDFR-AT-0073,A_thaliana,Water,Water [Tf - T0],0,Ascomycota,Sordariomycetes,Xylariales,Ascomycota
2163,F7374,Truncatella_angustata_MPI-SDFR-AT-0073,A_thaliana,Water,Water [Tf - T0],0.000333333,Ascomycota,Sordariomycetes,Xylariales,Ascomycota
2164,F7374,Truncatella_angustata_MPI-SDFR-AT-0073,A_thaliana,Water,Water [Tf - T0],0.1354,Ascomycota,Sordariomycetes,Xylariales,Ascomycota
2168,F83,Sordaria_sp._MPI-SDFR-AT-0083,A_thaliana,Water,Water [Tf - T0],0.2239,Ascomycota,Sordariomycetes,Sordariales,Ascomycota
2169,F83,Sordaria_sp._MPI-SDFR-AT-0083,A_thaliana,Water,Water [Tf - T0],0.000233333,Ascomycota,Sordariomycetes,Sordariales,Ascomycota
2170,F83,Sordaria_sp._MPI-SDFR-AT-0083,A_thaliana,Water,Water [Tf - T0],0,Ascomycota,Sordariomycetes,Sordariales,Ascomycota
2186,F129,Chaetomium_sp._MPI-SDFR-AT-0129,A_thaliana,Water,Water [Tf - T0],0.230633333,Ascomycota,Sordariomycetes,Sordariales,Ascomycota
2187,F129,Chaetomium_sp._MPI-SDFR-AT-0129,A_thaliana,Water,Water [Tf - T0],0,Ascomycota,Sordariomycetes,Sordariales,Ascomycota
2188,F129,Chaetomium_sp._MPI-SDFR-AT-0129,A_thaliana,Water,Water [Tf - T0],0,Ascomycota,Sordariomycetes,Sordariales,Ascomycota
2192,F201,Fusarium_venenatum_MPI-CAGE-CH-0201,A_thaliana,Water,Water [Tf - T0],0.13,Ascomycota,Sordariomycetes,Hypocreales,Ascomycota
2193,F201,Fusarium_venenatum_MPI-CAGE-CH-0201,A_thaliana,Water,Water [Tf - T0],0.018333333,Ascomycota,Sordariomycetes,Hypocreales,Ascomycota
2194,F201,Fusarium_venenatum_MPI-CAGE-CH-0201,A_thaliana,Water,Water [Tf - T0],0.144255556,Ascomycota,Sordariomycetes,Hypocreales,Ascomycota
2198,F212,Fusarium_oxysporum_MPI-CAGE-CH-0212,A_thaliana,Water,Water [Tf - T0],0,Ascomycota,Sordariomycetes,Hypocreales,Ascomycota
2199,F212,Fusarium_oxysporum_MPI-CAGE-CH-0212,A_thaliana,Water,Water [Tf - T0],0,Ascomycota,Sordariomycetes,Hypocreales,Ascomycota
2200,F212,Fusarium_oxysporum_MPI-CAGE-CH-0212,A_thaliana,Water,Water [Tf - T0],0,Ascomycota,Sordariomycetes,Hypocreales,Ascomycota
2212,AT0016,Plectosphaerella_cucumerina_MPI-CAGE-AT-0016,A_thaliana,Water,Water [Tf - T0],0.049933333,Ascomycota,Sordariomycetes,Glomerellales,Ascomycota
2213,AT0016,Plectosphaerella_cucumerina_MPI-CAGE-AT-0016,A_thaliana,Water,Water [Tf - T0],0,Ascomycota,Sordariomycetes,Glomerellales,Ascomycota
2214,AT0016,Plectosphaerella_cucumerina_MPI-CAGE-AT-0016,A_thaliana,Water,Water [Tf - T0],0,Ascomycota,Sordariomycetes,Glomerellales,Ascomycota
2224,AT0023,Fusarium_redolens_MPI-CAGE-AT-0023,A_thaliana,Water,Water [Tf - T0],0,Ascomycota,Sordariomycetes,Hypocreales,Ascomycota
2225,AT0023,Fusarium_redolens_MPI-CAGE-AT-0023,A_thaliana,Water,Water [Tf - T0],0,Ascomycota,Sordariomycetes,Hypocreales,Ascomycota
2226,AT0023,Fusarium_redolens_MPI-CAGE-AT-0023,A_thaliana,Water,Water [Tf - T0],0,Ascomycota,Sordariomycetes,Hypocreales,Ascomycota
2230,AT0026,Ilyonectria_europaea_MPI-CAGE-AT-0026,A_thaliana,Water,Water [Tf - T0],0,Ascomycota,Sordariomycetes,Hypocreales,Ascomycota
2231,AT0026,Ilyonectria_europaea_MPI-CAGE-AT-0026,A_thaliana,Water,Water [Tf - T0],0,Ascomycota,Sordariomycetes,Hypocreales,Ascomycota
2232,AT0026,Ilyonectria_europaea_MPI-CAGE-AT-0026,A_thaliana,Water,Water [Tf - T0],0,Ascomycota,Sordariomycetes,Hypocreales,Ascomycota
2236,AT0040,Alternaria_rosae_MPI-PUGE-AT-0040,A_thaliana,Water,Water [Tf - T0],0,Ascomycota,Dothideomycetes,Pleosporales,Ascomycota
2237,AT0040,Alternaria_rosae_MPI-PUGE-AT-0040,A_thaliana,Water,Water [Tf - T0],0,Ascomycota,Dothideomycetes,Pleosporales,Ascomycota
2238,AT0040,Alternaria_rosae_MPI-PUGE-AT-0040,A_thaliana,Water,Water [Tf - T0],0,Ascomycota,Dothideomycetes,Pleosporales,Ascomycota
2242,AT0064,Alternaria_alternata_MPI-PUGE-AT-0064,A_thaliana,Water,Water [Tf - T0],0,Ascomycota,Dothideomycetes,Pleosporales,Ascomycota
2243,AT0064,Alternaria_alternata_MPI-PUGE-AT-0064,A_thaliana,Water,Water [Tf - T0],0,Ascomycota,Dothideomycetes,Pleosporales,Ascomycota
2244,AT0064,Alternaria_alternata_MPI-PUGE-AT-0064,A_thaliana,Water,Water [Tf - T0],0,Ascomycota,Dothideomycetes,Pleosporales,Ascomycota
2248,AT0079,Chaetomium_globosum_MPI-SDFR-AT-0079,A_thaliana,Water,Water [Tf - T0],0,Ascomycota,Sordariomycetes,Sordariales,Ascomycota
2249,AT0079,Chaetomium_globosum_MPI-SDFR-AT-0079,A_thaliana,Water,Water [Tf - T0],0,Ascomycota,Sordariomycetes,Sordariales,Ascomycota
2250,AT0079,Chaetomium_globosum_MPI-SDFR-AT-0079,A_thaliana,Water,Water [Tf - T0],0,Ascomycota,Sordariomycetes,Sordariales,Ascomycota
2254,AT0100,Boeremia_exigua_MPI-SDFR-AT-0100,A_thaliana,Water,Water [Tf - T0],0,Ascomycota,Dothideomycetes,Pleosporales,Ascomycota
2255,AT0100,Boeremia_exigua_MPI-SDFR-AT-0100,A_thaliana,Water,Water [Tf - T0],0,Ascomycota,Dothideomycetes,Pleosporales,Ascomycota
2256,AT0100,Boeremia_exigua_MPI-SDFR-AT-0100,A_thaliana,Water,Water [Tf - T0],0,Ascomycota,Dothideomycetes,Pleosporales,Ascomycota
2260,AT0134,Ilyonectria_sp._MPI-CAGE-AT-0134,A_thaliana,Water,Water [Tf - T0],0,Ascomycota,Sordariomycetes,Hypocreales,Ascomycota
2261,AT0134,Ilyonectria_sp._MPI-CAGE-AT-0134,A_thaliana,Water,Water [Tf - T0],0,Ascomycota,Sordariomycetes,Hypocreales,Ascomycota
2262,AT0134,Ilyonectria_sp._MPI-CAGE-AT-0134,A_thaliana,Water,Water [Tf - T0],0,Ascomycota,Sordariomycetes,Hypocreales,Ascomycota
2266,AT0135,Halenospora_varia_MPI-CAGE-AT-0135,A_thaliana,Water,Water [Tf - T0],0,Ascomycota,Leotiomycetes,Helotiales,Ascomycota
2267,AT0135,Halenospora_varia_MPI-CAGE-AT-0135,A_thaliana,Water,Water [Tf - T0],0,Ascomycota,Leotiomycetes,Helotiales,Ascomycota
2268,AT0135,Halenospora_varia_MPI-CAGE-AT-0135,A_thaliana,Water,Water [Tf - T0],0,Ascomycota,Leotiomycetes,Helotiales,Ascomycota
2272,AT0147,Dactylonectria_macrodidyma_MPI-CAGE-AT-0147,A_thaliana,Water,Water [Tf - T0],0,Ascomycota,Sordariomycetes,Hypocreales,Ascomycota
2273,AT0147,Dactylonectria_macrodidyma_MPI-CAGE-AT-0147,A_thaliana,Water,Water [Tf - T0],0,Ascomycota,Sordariomycetes,Hypocreales,Ascomycota
2274,AT0147,Dactylonectria_macrodidyma_MPI-CAGE-AT-0147,A_thaliana,Water,Water [Tf - T0],0,Ascomycota,Sordariomycetes,Hypocreales,Ascomycota
2278,AA0104,Mortierella_elongata_MPI-CAGE-AA-0104,A_thaliana,Water,Water [Tf - T0],0.0998,Mucoromycota,Mortierellomycetes,Mortierellales,Mucoromycota
2279,AA0104,Mortierella_elongata_MPI-CAGE-AA-0104,A_thaliana,Water,Water [Tf - T0],0.041733333,Mucoromycota,Mortierellomycetes,Mortierellales,Mucoromycota
2280,AA0104,Mortierella_elongata_MPI-CAGE-AA-0104,A_thaliana,Water,Water [Tf - T0],0.126566667,Mucoromycota,Mortierellomycetes,Mortierellales,Mucoromycota
2284,AA0113,Fusarium_sp._MPI-CAGE-AA-0113,A_thaliana,Water,Water [Tf - T0],0.235577778,Ascomycota,Sordariomycetes,Hypocreales,Ascomycota
2285,AA0113,Fusarium_sp._MPI-CAGE-AA-0113,A_thaliana,Water,Water [Tf - T0],0.124977778,Ascomycota,Sordariomycetes,Hypocreales,Ascomycota
2286,AA0113,Fusarium_sp._MPI-CAGE-AA-0113,A_thaliana,Water,Water [Tf - T0],0.114722222,Ascomycota,Sordariomycetes,Hypocreales,Ascomycota
142,Bn_01,Bn_01,B_napus,Glucose,Glucose [Tf-T0],0.472022222,Ascomycota,Sordariomycetes,Hypocreales,Ascomycota
239,Bn_01,Bn_01,B_napus,Glucose,Glucose [Tf-T0],0.466266667,Ascomycota,Sordariomycetes,Hypocreales,Ascomycota
335,Bn_01,Bn_01,B_napus,Glucose,Glucose [Tf-T0],0.486088889,Ascomycota,Sordariomycetes,Hypocreales,Ascomycota
46,Bn_03,Bn_03,B_napus,Glucose,Glucose [Tf-T0],0.554688889,Ascomycota,Dothideomycetes,Cladosporiales,Ascomycota
526,Bn_03,Bn_03,B_napus,Glucose,Glucose [Tf-T0],0.672644445,Ascomycota,Dothideomycetes,Cladosporiales,Ascomycota
622,Bn_03,Bn_03,B_napus,Glucose,Glucose [Tf-T0],0.635711111,Ascomycota,Dothideomycetes,Cladosporiales,Ascomycota
7100,Bn_05,Bn_05,B_napus,Glucose,Glucose [Tf-T0],0.3162,Ascomycota,Sordariomycetes,Hypocreales,Ascomycota
8100,Bn_05,Bn_05,B_napus,Glucose,Glucose [Tf-T0],0.301366666,Ascomycota,Sordariomycetes,Hypocreales,Ascomycota
94,Bn_05,Bn_05,B_napus,Glucose,Glucose [Tf-T0],0.320866667,Ascomycota,Sordariomycetes,Hypocreales,Ascomycota
1039,Bn_06,Bn_06,B_napus,Glucose,Glucose [Tf-T0],0.351322222,Mucoromycota,Mucoromycetes,Mucorales,Mucoromycota
1110,Bn_06,Bn_06,B_napus,Glucose,Glucose [Tf-T0],0.190688889,Mucoromycota,Mucoromycetes,Mucorales,Mucoromycota
1210,Bn_06,Bn_06,B_napus,Glucose,Glucose [Tf-T0],0.403288889,Mucoromycota,Mucoromycetes,Mucorales,Mucoromycota
1310,Bn_07,Bn_07,B_napus,Glucose,Glucose [Tf-T0],0.258744444,Mucoromycota,Mucoromycetes,Mucorales,Mucoromycota
143,Bn_07,Bn_07,B_napus,Glucose,Glucose [Tf-T0],0.251211112,Mucoromycota,Mucoromycetes,Mucorales,Mucoromycota
1510,Bn_07,Bn_07,B_napus,Glucose,Glucose [Tf-T0],0.244577778,Mucoromycota,Mucoromycetes,Mucorales,Mucoromycota
1613,Bn_08,Bn_08,B_napus,Glucose,Glucose [Tf-T0],0.316755556,Mucoromycota,Mucoromycetes,Mucorales,Mucoromycota
1710,Bn_08,Bn_08,B_napus,Glucose,Glucose [Tf-T0],0.362077778,Mucoromycota,Mucoromycetes,Mucorales,Mucoromycota
1810,Bn_08,Bn_08,B_napus,Glucose,Glucose [Tf-T0],0.366033333,Mucoromycota,Mucoromycetes,Mucorales,Mucoromycota
191,Bn_09,Bn_09,B_napus,Glucose,Glucose [Tf-T0],0.393322223,Ascomycota,Sordariomycetes,Hypocreales,Ascomycota
2010,Bn_09,Bn_09,B_napus,Glucose,Glucose [Tf-T0],0.442344445,Ascomycota,Sordariomycetes,Hypocreales,Ascomycota
2110,Bn_09,Bn_09,B_napus,Glucose,Glucose [Tf-T0],0.518288889,Ascomycota,Sordariomycetes,Hypocreales,Ascomycota
2210,Bn_10,Bn_10,B_napus,Glucose,Glucose [Tf-T0],0.557177777,Ascomycota,Sordariomycetes,Hypocreales,Ascomycota
2310,Bn_10,Bn_10,B_napus,Glucose,Glucose [Tf-T0],0.548511111,Ascomycota,Sordariomycetes,Hypocreales,Ascomycota
2410,Bn_10,Bn_10,B_napus,Glucose,Glucose [Tf-T0],0.565911112,Ascomycota,Sordariomycetes,Hypocreales,Ascomycota
2510,Bn_11,Bn_11,B_napus,Glucose,Glucose [Tf-T0],0.540344445,Ascomycota,Eurotiomycetes,Eurotiales,Ascomycota
2610,Bn_11,Bn_11,B_napus,Glucose,Glucose [Tf-T0],0.599466667,Ascomycota,Eurotiomycetes,Eurotiales,Ascomycota
2710,Bn_11,Bn_11,B_napus,Glucose,Glucose [Tf-T0],0.5711,Ascomycota,Eurotiomycetes,Eurotiales,Ascomycota
2810,Bn_14,Bn_14,B_napus,Glucose,Glucose [Tf-T0],0.532255555,Ascomycota,Dothideomycetes,Pleosporales,Ascomycota
2910,Bn_14,Bn_14,B_napus,Glucose,Glucose [Tf-T0],0.661111111,Ascomycota,Dothideomycetes,Pleosporales,Ascomycota
3010,Bn_14,Bn_14,B_napus,Glucose,Glucose [Tf-T0],0.567333334,Ascomycota,Dothideomycetes,Pleosporales,Ascomycota
3110,Bn_15,Bn_15,B_napus,Glucose,Glucose [Tf-T0],0.336744444,Ascomycota,Dothideomycetes,Cladosporiales,Ascomycota
3210,Bn_15,Bn_15,B_napus,Glucose,Glucose [Tf-T0],0.4508,Ascomycota,Dothideomycetes,Cladosporiales,Ascomycota
336,Bn_15,Bn_15,B_napus,Glucose,Glucose [Tf-T0],0.479688888,Ascomycota,Dothideomycetes,Cladosporiales,Ascomycota
3410,Bn_16,Bn_16,B_napus,Glucose,Glucose [Tf-T0],0.263911111,Ascomycota,Sordariomycetes,Hypocreales,Ascomycota
3510,Bn_16,Bn_16,B_napus,Glucose,Glucose [Tf-T0],0.313055556,Ascomycota,Sordariomycetes,Hypocreales,Ascomycota
3610,Bn_16,Bn_16,B_napus,Glucose,Glucose [Tf-T0],0.287966667,Ascomycota,Sordariomycetes,Hypocreales,Ascomycota
3710,Bn_17,Bn_17,B_napus,Glucose,Glucose [Tf-T0],0.585933333,Ascomycota,Eurotiomycetes,Eurotiales,Ascomycota
382,Bn_17,Bn_17,B_napus,Glucose,Glucose [Tf-T0],0.588577778,Ascomycota,Eurotiomycetes,Eurotiales,Ascomycota
3910,Bn_17,Bn_17,B_napus,Glucose,Glucose [Tf-T0],0.557377778,Ascomycota,Eurotiomycetes,Eurotiales,Ascomycota
4010,Bn_18,Bn_18,B_napus,Glucose,Glucose [Tf-T0],0.592977777,Ascomycota,Sordariomycetes,Hypocreales,Ascomycota
4110,Bn_18,Bn_18,B_napus,Glucose,Glucose [Tf-T0],0.561333334,Ascomycota,Sordariomycetes,Hypocreales,Ascomycota
4210,Bn_18,Bn_18,B_napus,Glucose,Glucose [Tf-T0],0.624511111,Ascomycota,Sordariomycetes,Hypocreales,Ascomycota
431,Bn_19,Bn_19,B_napus,Glucose,Glucose [Tf-T0],0.255,Mucoromycota,Mucoromycetes,Mucorales,Mucoromycota
4410,Bn_19,Bn_19,B_napus,Glucose,Glucose [Tf-T0],0.231011111,Mucoromycota,Mucoromycetes,Mucorales,Mucoromycota
4510,Bn_19,Bn_19,B_napus,Glucose,Glucose [Tf-T0],0.250033333,Mucoromycota,Mucoromycetes,Mucorales,Mucoromycota
4910,Bn_01,Bn_01,B_napus,3OMG,3-O-MG [Tf-T0],0.091277778,Ascomycota,Sordariomycetes,Hypocreales,Ascomycota
5010,Bn_01,Bn_01,B_napus,3OMG,3-O-MG [Tf-T0],0.009277778,Ascomycota,Sordariomycetes,Hypocreales,Ascomycota
5110,Bn_01,Bn_01,B_napus,3OMG,3-O-MG [Tf-T0],0,Ascomycota,Sordariomycetes,Hypocreales,Ascomycota
527,Bn_03,Bn_03,B_napus,3OMG,3-O-MG [Tf-T0],0.146944445,Ascomycota,Dothideomycetes,Cladosporiales,Ascomycota
5310,Bn_03,Bn_03,B_napus,3OMG,3-O-MG [Tf-T0],0.130444444,Ascomycota,Dothideomycetes,Cladosporiales,Ascomycota
5410,Bn_03,Bn_03,B_napus,3OMG,3-O-MG [Tf-T0],0.112111111,Ascomycota,Dothideomycetes,Cladosporiales,Ascomycota
5510,Bn_05,Bn_05,B_napus,3OMG,3-O-MG [Tf-T0],0.165066667,Ascomycota,Sordariomycetes,Hypocreales,Ascomycota
5610,Bn_05,Bn_05,B_napus,3OMG,3-O-MG [Tf-T0],0.1673,Ascomycota,Sordariomycetes,Hypocreales,Ascomycota
574,Bn_05,Bn_05,B_napus,3OMG,3-O-MG [Tf-T0],0.148455555,Ascomycota,Sordariomycetes,Hypocreales,Ascomycota
5811,Bn_06,Bn_06,B_napus,3OMG,3-O-MG [Tf-T0],0.088844445,Mucoromycota,Mucoromycetes,Mucorales,Mucoromycota
5911,Bn_06,Bn_06,B_napus,3OMG,3-O-MG [Tf-T0],0.037588889,Mucoromycota,Mucoromycetes,Mucorales,Mucoromycota
6012,Bn_06,Bn_06,B_napus,3OMG,3-O-MG [Tf-T0],0.198111112,Mucoromycota,Mucoromycetes,Mucorales,Mucoromycota
6110,Bn_07,Bn_07,B_napus,3OMG,3-O-MG [Tf-T0],0.038055555,Mucoromycota,Mucoromycetes,Mucorales,Mucoromycota
623,Bn_07,Bn_07,B_napus,3OMG,3-O-MG [Tf-T0],0,Mucoromycota,Mucoromycetes,Mucorales,Mucoromycota
6310,Bn_07,Bn_07,B_napus,3OMG,3-O-MG [Tf-T0],0,Mucoromycota,Mucoromycetes,Mucorales,Mucoromycota
6412,Bn_08,Bn_08,B_napus,3OMG,3-O-MG [Tf-T0],0,Mucoromycota,Mucoromycetes,Mucorales,Mucoromycota
6511,Bn_08,Bn_08,B_napus,3OMG,3-O-MG [Tf-T0],0,Mucoromycota,Mucoromycetes,Mucorales,Mucoromycota
6612,Bn_08,Bn_08,B_napus,3OMG,3-O-MG [Tf-T0],0,Mucoromycota,Mucoromycetes,Mucorales,Mucoromycota
671,Bn_09,Bn_09,B_napus,3OMG,3-O-MG [Tf-T0],0.051155555,Ascomycota,Sordariomycetes,Hypocreales,Ascomycota
6810,Bn_09,Bn_09,B_napus,3OMG,3-O-MG [Tf-T0],0,Ascomycota,Sordariomycetes,Hypocreales,Ascomycota
6910,Bn_09,Bn_09,B_napus,3OMG,3-O-MG [Tf-T0],0.002266667,Ascomycota,Sordariomycetes,Hypocreales,Ascomycota
7011,Bn_10,Bn_10,B_napus,3OMG,3-O-MG [Tf-T0],0.139755555,Ascomycota,Sordariomycetes,Hypocreales,Ascomycota
7111,Bn_10,Bn_10,B_napus,3OMG,3-O-MG [Tf-T0],0.157988888,Ascomycota,Sordariomycetes,Hypocreales,Ascomycota
7212,Bn_10,Bn_10,B_napus,3OMG,3-O-MG [Tf-T0],0.135411111,Ascomycota,Sordariomycetes,Hypocreales,Ascomycota
7310,Bn_11,Bn_11,B_napus,3OMG,3-O-MG [Tf-T0],0.184177777,Ascomycota,Eurotiomycetes,Eurotiales,Ascomycota
7410,Bn_11,Bn_11,B_napus,3OMG,3-O-MG [Tf-T0],0.182522222,Ascomycota,Eurotiomycetes,Eurotiales,Ascomycota
7510,Bn_11,Bn_11,B_napus,3OMG,3-O-MG [Tf-T0],0.094377777,Ascomycota,Eurotiomycetes,Eurotiales,Ascomycota
7611,Bn_14,Bn_14,B_napus,3OMG,3-O-MG [Tf-T0],0.177455556,Ascomycota,Dothideomycetes,Pleosporales,Ascomycota
7711,Bn_14,Bn_14,B_napus,3OMG,3-O-MG [Tf-T0],0.086266667,Ascomycota,Dothideomycetes,Pleosporales,Ascomycota
7811,Bn_14,Bn_14,B_napus,3OMG,3-O-MG [Tf-T0],0.200588889,Ascomycota,Dothideomycetes,Pleosporales,Ascomycota
7910,Bn_15,Bn_15,B_napus,3OMG,3-O-MG [Tf-T0],0.0337,Ascomycota,Dothideomycetes,Cladosporiales,Ascomycota
8010,Bn_15,Bn_15,B_napus,3OMG,3-O-MG [Tf-T0],0.047211111,Ascomycota,Dothideomycetes,Cladosporiales,Ascomycota
8111,Bn_15,Bn_15,B_napus,3OMG,3-O-MG [Tf-T0],0.055544444,Ascomycota,Dothideomycetes,Cladosporiales,Ascomycota
8211,Bn_16,Bn_16,B_napus,3OMG,3-O-MG [Tf-T0],0.092077778,Ascomycota,Sordariomycetes,Hypocreales,Ascomycota
8311,Bn_16,Bn_16,B_napus,3OMG,3-O-MG [Tf-T0],0.077077778,Ascomycota,Sordariomycetes,Hypocreales,Ascomycota
8410,Bn_16,Bn_16,B_napus,3OMG,3-O-MG [Tf-T0],0.146488889,Ascomycota,Sordariomycetes,Hypocreales,Ascomycota
8510,Bn_17,Bn_17,B_napus,3OMG,3-O-MG [Tf-T0],0.230688889,Ascomycota,Eurotiomycetes,Eurotiales,Ascomycota
8610,Bn_17,Bn_17,B_napus,3OMG,3-O-MG [Tf-T0],0.148133333,Ascomycota,Eurotiomycetes,Eurotiales,Ascomycota
8711,Bn_17,Bn_17,B_napus,3OMG,3-O-MG [Tf-T0],0.1671,Ascomycota,Eurotiomycetes,Eurotiales,Ascomycota
8812,Bn_18,Bn_18,B_napus,3OMG,3-O-MG [Tf-T0],0.169422222,Ascomycota,Sordariomycetes,Hypocreales,Ascomycota
8911,Bn_18,Bn_18,B_napus,3OMG,3-O-MG [Tf-T0],0.136433333,Ascomycota,Sordariomycetes,Hypocreales,Ascomycota
9010,Bn_18,Bn_18,B_napus,3OMG,3-O-MG [Tf-T0],0.128555555,Ascomycota,Sordariomycetes,Hypocreales,Ascomycota
9110,Bn_19,Bn_19,B_napus,3OMG,3-O-MG [Tf-T0],0.011233333,Mucoromycota,Mucoromycetes,Mucorales,Mucoromycota
9210,Bn_19,Bn_19,B_napus,3OMG,3-O-MG [Tf-T0],0,Mucoromycota,Mucoromycetes,Mucorales,Mucoromycota
9310,Bn_19,Bn_19,B_napus,3OMG,3-O-MG [Tf-T0],0.019077778,Mucoromycota,Mucoromycetes,Mucorales,Mucoromycota
9710,Bn_21,Bn_21,B_napus,Glucose,Glucose [Tf-T0],0.387677778,Mucoromycota,Mortierellomycetes,Mortierellales,Mucoromycota
9810,Bn_21,Bn_21,B_napus,Glucose,Glucose [Tf-T0],0.361666667,Mucoromycota,Mortierellomycetes,Mortierellales,Mucoromycota
9910,Bn_21,Bn_21,B_napus,Glucose,Glucose [Tf-T0],0.348766667,Mucoromycota,Mortierellomycetes,Mortierellales,Mucoromycota
10010,Bn_22,Bn_22,B_napus,Glucose,Glucose [Tf-T0],0.514688889,Ascomycota,Eurotiomycetes,Eurotiales,Ascomycota
10110,Bn_22,Bn_22,B_napus,Glucose,Glucose [Tf-T0],0.453077778,Ascomycota,Eurotiomycetes,Eurotiales,Ascomycota
10210,Bn_22,Bn_22,B_napus,Glucose,Glucose [Tf-T0],0.492711111,Ascomycota,Eurotiomycetes,Eurotiales,Ascomycota
10310,Bn_24,Bn_24,B_napus,Glucose,Glucose [Tf-T0],0.439011111,Ascomycota,Dothideomycetes,Pleosporales,Ascomycota
1041,Bn_24,Bn_24,B_napus,Glucose,Glucose [Tf-T0],0.539833333,Ascomycota,Dothideomycetes,Pleosporales,Ascomycota
1051,Bn_24,Bn_24,B_napus,Glucose,Glucose [Tf-T0],0.496533333,Ascomycota,Dothideomycetes,Pleosporales,Ascomycota
1063,Bn_25,Bn_25,B_napus,Glucose,Glucose [Tf-T0],0.688622222,Ascomycota,Eurotiomycetes,Eurotiales,Ascomycota
1071,Bn_25,Bn_25,B_napus,Glucose,Glucose [Tf-T0],0.634066667,Ascomycota,Eurotiomycetes,Eurotiales,Ascomycota
1081,Bn_25,Bn_25,B_napus,Glucose,Glucose [Tf-T0],0.624766667,Ascomycota,Eurotiomycetes,Eurotiales,Ascomycota
1093,Bn_26,Bn_26,B_napus,Glucose,Glucose [Tf-T0],0.479533333,Ascomycota,Eurotiomycetes,Eurotiales,Ascomycota
1101,Bn_26,Bn_26,B_napus,Glucose,Glucose [Tf-T0],0.456177778,Ascomycota,Eurotiomycetes,Eurotiales,Ascomycota
1111,Bn_26,Bn_26,B_napus,Glucose,Glucose [Tf-T0],0.4463,Ascomycota,Eurotiomycetes,Eurotiales,Ascomycota
1123,Bn_27,Bn_27,B_napus,Glucose,Glucose [Tf-T0],0.272477778,Mucoromycota,Mortierellomycetes,Mortierellales,Mucoromycota
1131,Bn_27,Bn_27,B_napus,Glucose,Glucose [Tf-T0],0.324288889,Mucoromycota,Mortierellomycetes,Mortierellales,Mucoromycota
1141,Bn_27,Bn_27,B_napus,Glucose,Glucose [Tf-T0],0.309033333,Mucoromycota,Mortierellomycetes,Mortierellales,Mucoromycota
1153,Bn_28,Bn_28,B_napus,Glucose,Glucose [Tf-T0],0.614033333,Ascomycota,Eurotiomycetes,Eurotiales,Ascomycota
1161,Bn_28,Bn_28,B_napus,Glucose,Glucose [Tf-T0],0.478588889,Ascomycota,Eurotiomycetes,Eurotiales,Ascomycota
1171,Bn_28,Bn_28,B_napus,Glucose,Glucose [Tf-T0],0.617533333,Ascomycota,Eurotiomycetes,Eurotiales,Ascomycota
1183,Bn_29,Bn_29,B_napus,Glucose,Glucose [Tf-T0],0.496,Ascomycota,Eurotiomycetes,Eurotiales,Ascomycota
1191,Bn_29,Bn_29,B_napus,Glucose,Glucose [Tf-T0],0.564188889,Ascomycota,Eurotiomycetes,Eurotiales,Ascomycota
1201,Bn_29,Bn_29,B_napus,Glucose,Glucose [Tf-T0],0.542444444,Ascomycota,Eurotiomycetes,Eurotiales,Ascomycota
1211,Bn_30,Bn_30,B_napus,Glucose,Glucose [Tf-T0],0.433622222,Ascomycota,Sordariomycetes,Hypocreales,Ascomycota
1221,Bn_30,Bn_30,B_napus,Glucose,Glucose [Tf-T0],0.432311111,Ascomycota,Sordariomycetes,Hypocreales,Ascomycota
1231,Bn_30,Bn_30,B_napus,Glucose,Glucose [Tf-T0],0.415288889,Ascomycota,Sordariomycetes,Hypocreales,Ascomycota
1241,Bn_31,Bn_31,B_napus,Glucose,Glucose [Tf-T0],0.453,Ascomycota,Leotiomycetes,Helotiales,Ascomycota
1251,Bn_31,Bn_31,B_napus,Glucose,Glucose [Tf-T0],0.277922222,Ascomycota,Leotiomycetes,Helotiales,Ascomycota
1261,Bn_31,Bn_31,B_napus,Glucose,Glucose [Tf-T0],0.403666667,Ascomycota,Leotiomycetes,Helotiales,Ascomycota
1271,Bn_32,Bn_32,B_napus,Glucose,Glucose [Tf-T0],0.480388889,Ascomycota,Eurotiomycetes,Eurotiales,Ascomycota
1281,Bn_32,Bn_32,B_napus,Glucose,Glucose [Tf-T0],0.452855556,Ascomycota,Eurotiomycetes,Eurotiales,Ascomycota
1292,Bn_32,Bn_32,B_napus,Glucose,Glucose [Tf-T0],0.463811111,Ascomycota,Eurotiomycetes,Eurotiales,Ascomycota
1304,Bn_33,Bn_33,B_napus,Glucose,Glucose [Tf-T0],0.537233333,Ascomycota,Eurotiomycetes,Eurotiales,Ascomycota
1311,Bn_33,Bn_33,B_napus,Glucose,Glucose [Tf-T0],0.530822222,Ascomycota,Eurotiomycetes,Eurotiales,Ascomycota
1322,Bn_33,Bn_33,B_napus,Glucose,Glucose [Tf-T0],0.569933333,Ascomycota,Eurotiomycetes,Eurotiales,Ascomycota
1334,Bn_34,Bn_34,B_napus,Glucose,Glucose [Tf-T0],0.574222222,Ascomycota,Dothideomycetes,Cladosporiales,Ascomycota
1341,Bn_34,Bn_34,B_napus,Glucose,Glucose [Tf-T0],0.572855556,Ascomycota,Dothideomycetes,Cladosporiales,Ascomycota
1351,Bn_34,Bn_34,B_napus,Glucose,Glucose [Tf-T0],0.534733333,Ascomycota,Dothideomycetes,Cladosporiales,Ascomycota
1361,Bn_35,Bn_35,B_napus,Glucose,Glucose [Tf-T0],0.408344444,Ascomycota,Eurotiomycetes,Eurotiales,Ascomycota
1371,Bn_35,Bn_35,B_napus,Glucose,Glucose [Tf-T0],0.409911111,Ascomycota,Eurotiomycetes,Eurotiales,Ascomycota
1383,Bn_35,Bn_35,B_napus,Glucose,Glucose [Tf-T0],0.472777778,Ascomycota,Eurotiomycetes,Eurotiales,Ascomycota
1391,Bn_37,Bn_37,B_napus,Glucose,Glucose [Tf-T0],0.3768,NA,NA,NA,NA
1401,Bn_37,Bn_37,B_napus,Glucose,Glucose [Tf-T0],0.388044444,NA,NA,NA,NA
1413,Bn_37,Bn_37,B_napus,Glucose,Glucose [Tf-T0],0.364666667,NA,NA,NA,NA
1451,Bn_21,Bn_21,B_napus,3OMG,3-O-MG [Tf-T0],0.104588889,Mucoromycota,Mortierellomycetes,Mortierellales,Mucoromycota
1461,Bn_21,Bn_21,B_napus,3OMG,3-O-MG [Tf-T0],0.039633333,Mucoromycota,Mortierellomycetes,Mortierellales,Mucoromycota
1473,Bn_21,Bn_21,B_napus,3OMG,3-O-MG [Tf-T0],0.052066667,Mucoromycota,Mortierellomycetes,Mortierellales,Mucoromycota
1481,Bn_22,Bn_22,B_napus,3OMG,3-O-MG [Tf-T0],0.082555556,Ascomycota,Eurotiomycetes,Eurotiales,Ascomycota
1491,Bn_22,Bn_22,B_napus,3OMG,3-O-MG [Tf-T0],0.092233333,Ascomycota,Eurotiomycetes,Eurotiales,Ascomycota
1503,Bn_22,Bn_22,B_napus,3OMG,3-O-MG [Tf-T0],0.096966667,Ascomycota,Eurotiomycetes,Eurotiales,Ascomycota
1511,Bn_24,Bn_24,B_napus,3OMG,3-O-MG [Tf-T0],0.117744444,Ascomycota,Dothideomycetes,Pleosporales,Ascomycota
1521,Bn_24,Bn_24,B_napus,3OMG,3-O-MG [Tf-T0],0.105144444,Ascomycota,Dothideomycetes,Pleosporales,Ascomycota
1532,Bn_24,Bn_24,B_napus,3OMG,3-O-MG [Tf-T0],0.061388889,Ascomycota,Dothideomycetes,Pleosporales,Ascomycota
1542,Bn_25,Bn_25,B_napus,3OMG,3-O-MG [Tf-T0],0.142466667,Ascomycota,Eurotiomycetes,Eurotiales,Ascomycota
1552,Bn_25,Bn_25,B_napus,3OMG,3-O-MG [Tf-T0],0.149866667,Ascomycota,Eurotiomycetes,Eurotiales,Ascomycota
1561,Bn_25,Bn_25,B_napus,3OMG,3-O-MG [Tf-T0],0.201511111,Ascomycota,Eurotiomycetes,Eurotiales,Ascomycota
1571,Bn_26,Bn_26,B_napus,3OMG,3-O-MG [Tf-T0],0.139811111,Ascomycota,Eurotiomycetes,Eurotiales,Ascomycota
1581,Bn_26,Bn_26,B_napus,3OMG,3-O-MG [Tf-T0],0.0708,Ascomycota,Eurotiomycetes,Eurotiales,Ascomycota
1595,Bn_26,Bn_26,B_napus,3OMG,3-O-MG [Tf-T0],0.0533,Ascomycota,Eurotiomycetes,Eurotiales,Ascomycota
1602,Bn_27,Bn_27,B_napus,3OMG,3-O-MG [Tf-T0],0,Mucoromycota,Mortierellomycetes,Mortierellales,Mucoromycota
1614,Bn_27,Bn_27,B_napus,3OMG,3-O-MG [Tf-T0],0,Mucoromycota,Mortierellomycetes,Mortierellales,Mucoromycota
1624,Bn_27,Bn_27,B_napus,3OMG,3-O-MG [Tf-T0],0,Mucoromycota,Mortierellomycetes,Mortierellales,Mucoromycota
1631,Bn_28,Bn_28,B_napus,3OMG,3-O-MG [Tf-T0],0,Ascomycota,Eurotiomycetes,Eurotiales,Ascomycota
1642,Bn_28,Bn_28,B_napus,3OMG,3-O-MG [Tf-T0],0.019566667,Ascomycota,Eurotiomycetes,Eurotiales,Ascomycota
1655,Bn_28,Bn_28,B_napus,3OMG,3-O-MG [Tf-T0],0,Ascomycota,Eurotiomycetes,Eurotiales,Ascomycota
1662,Bn_29,Bn_29,B_napus,3OMG,3-O-MG [Tf-T0],0.088766667,Ascomycota,Eurotiomycetes,Eurotiales,Ascomycota
1673,Bn_29,Bn_29,B_napus,3OMG,3-O-MG [Tf-T0],0.055155556,Ascomycota,Eurotiomycetes,Eurotiales,Ascomycota
1681,Bn_29,Bn_29,B_napus,3OMG,3-O-MG [Tf-T0],0.0978,Ascomycota,Eurotiomycetes,Eurotiales,Ascomycota
1691,Bn_30,Bn_30,B_napus,3OMG,3-O-MG [Tf-T0],0.184655556,Ascomycota,Sordariomycetes,Hypocreales,Ascomycota
1702,Bn_30,Bn_30,B_napus,3OMG,3-O-MG [Tf-T0],0.108633333,Ascomycota,Sordariomycetes,Hypocreales,Ascomycota
1715,Bn_30,Bn_30,B_napus,3OMG,3-O-MG [Tf-T0],0.076188889,Ascomycota,Sordariomycetes,Hypocreales,Ascomycota
1722,Bn_31,Bn_31,B_napus,3OMG,3-O-MG [Tf-T0],0,Ascomycota,Leotiomycetes,Helotiales,Ascomycota
1733,Bn_31,Bn_31,B_napus,3OMG,3-O-MG [Tf-T0],0.0111,Ascomycota,Leotiomycetes,Helotiales,Ascomycota
1744,Bn_31,Bn_31,B_napus,3OMG,3-O-MG [Tf-T0],0.006911111,Ascomycota,Leotiomycetes,Helotiales,Ascomycota
1751,Bn_32,Bn_32,B_napus,3OMG,3-O-MG [Tf-T0],0,Ascomycota,Eurotiomycetes,Eurotiales,Ascomycota
1763,Bn_32,Bn_32,B_napus,3OMG,3-O-MG [Tf-T0],0,Ascomycota,Eurotiomycetes,Eurotiales,Ascomycota
1775,Bn_32,Bn_32,B_napus,3OMG,3-O-MG [Tf-T0],0,Ascomycota,Eurotiomycetes,Eurotiales,Ascomycota
1782,Bn_33,Bn_33,B_napus,3OMG,3-O-MG [Tf-T0],0.105822222,Ascomycota,Eurotiomycetes,Eurotiales,Ascomycota
1792,Bn_33,Bn_33,B_napus,3OMG,3-O-MG [Tf-T0],0.117755556,Ascomycota,Eurotiomycetes,Eurotiales,Ascomycota
1804,Bn_33,Bn_33,B_napus,3OMG,3-O-MG [Tf-T0],0.162688889,Ascomycota,Eurotiomycetes,Eurotiales,Ascomycota
1811,Bn_34,Bn_34,B_napus,3OMG,3-O-MG [Tf-T0],0.201744444,Ascomycota,Dothideomycetes,Cladosporiales,Ascomycota
1822,Bn_34,Bn_34,B_napus,3OMG,3-O-MG [Tf-T0],0.112988889,Ascomycota,Dothideomycetes,Cladosporiales,Ascomycota
1835,Bn_34,Bn_34,B_napus,3OMG,3-O-MG [Tf-T0],0.0917,Ascomycota,Dothideomycetes,Cladosporiales,Ascomycota
1842,Bn_35,Bn_35,B_napus,3OMG,3-O-MG [Tf-T0],0.135055556,Ascomycota,Eurotiomycetes,Eurotiales,Ascomycota
1852,Bn_35,Bn_35,B_napus,3OMG,3-O-MG [Tf-T0],0.117866667,Ascomycota,Eurotiomycetes,Eurotiales,Ascomycota
1864,Bn_35,Bn_35,B_napus,3OMG,3-O-MG [Tf-T0],0.148633333,Ascomycota,Eurotiomycetes,Eurotiales,Ascomycota
1871,Bn_37,Bn_37,B_napus,3OMG,3-O-MG [Tf-T0],0.0033,NA,NA,NA,NA
1881,Bn_37,Bn_37,B_napus,3OMG,3-O-MG [Tf-T0],0,NA,NA,NA,NA
1894,Bn_37,Bn_37,B_napus,3OMG,3-O-MG [Tf-T0],0.002133333,NA,NA,NA,NA
1931,Bn_38,Bn_38,B_napus,Glucose,Glucose [Tf-T0],0.4519,Ascomycota,Sordariomycetes,Hypocreales,Ascomycota
1943,Bn_38,Bn_38,B_napus,Glucose,Glucose [Tf-T0],0.456344444,Ascomycota,Sordariomycetes,Hypocreales,Ascomycota
1955,Bn_38,Bn_38,B_napus,Glucose,Glucose [Tf-T0],0.470177778,Ascomycota,Sordariomycetes,Hypocreales,Ascomycota
1962,Bn_41,Bn_41,B_napus,Glucose,Glucose [Tf-T0],0.457644444,Ascomycota,Eurotiomycetes,Eurotiales,Ascomycota
1972,Bn_41,Bn_41,B_napus,Glucose,Glucose [Tf-T0],0.449533333,Ascomycota,Eurotiomycetes,Eurotiales,Ascomycota
1984,Bn_41,Bn_41,B_napus,Glucose,Glucose [Tf-T0],0.439066667,Ascomycota,Eurotiomycetes,Eurotiales,Ascomycota
1991,Bn_43,Bn_43,B_napus,Glucose,Glucose [Tf-T0],0.425888889,Ascomycota,Dothideomycetes,Cladosporiales,Ascomycota
2003,Bn_43,Bn_43,B_napus,Glucose,Glucose [Tf-T0],0.402111111,Ascomycota,Dothideomycetes,Cladosporiales,Ascomycota
2012,Bn_43,Bn_43,B_napus,Glucose,Glucose [Tf-T0],0.439133333,Ascomycota,Dothideomycetes,Cladosporiales,Ascomycota
2022,Bn_44,Bn_44,B_napus,Glucose,Glucose [Tf-T0],0.4907,Ascomycota,Eurotiomycetes,Eurotiales,Ascomycota
2032,Bn_44,Bn_44,B_napus,Glucose,Glucose [Tf-T0],0.517511111,Ascomycota,Eurotiomycetes,Eurotiales,Ascomycota
2044,Bn_44,Bn_44,B_napus,Glucose,Glucose [Tf-T0],0.505066667,Ascomycota,Eurotiomycetes,Eurotiales,Ascomycota
2051,Bn_46,Bn_46,B_napus,Glucose,Glucose [Tf-T0],0.484133333,Ascomycota,Sordariomycetes,Hypocreales,Ascomycota
2063,Bn_46,Bn_46,B_napus,Glucose,Glucose [Tf-T0],0.450166667,Ascomycota,Sordariomycetes,Hypocreales,Ascomycota
2072,Bn_46,Bn_46,B_napus,Glucose,Glucose [Tf-T0],0.4798,Ascomycota,Sordariomycetes,Hypocreales,Ascomycota
2082,Bn_47,Bn_47,B_napus,Glucose,Glucose [Tf-T0],0.479122222,Ascomycota,Eurotiomycetes,Eurotiales,Ascomycota
2093,Bn_47,Bn_47,B_napus,Glucose,Glucose [Tf-T0],0.478755556,Ascomycota,Eurotiomycetes,Eurotiales,Ascomycota
2101,Bn_47,Bn_47,B_napus,Glucose,Glucose [Tf-T0],0.364255556,Ascomycota,Eurotiomycetes,Eurotiales,Ascomycota
2111,Bn_50,Bn_50,B_napus,Glucose,Glucose [Tf-T0],0.172877778,Mucoromycota,Mucoromycetes,Mucorales,Mucoromycota
2122,Bn_50,Bn_50,B_napus,Glucose,Glucose [Tf-T0],0.167977778,Mucoromycota,Mucoromycetes,Mucorales,Mucoromycota
2135,Bn_50,Bn_50,B_napus,Glucose,Glucose [Tf-T0],0.166444444,Mucoromycota,Mucoromycetes,Mucorales,Mucoromycota
2142,Bn_52,Bn_52,B_napus,Glucose,Glucose [Tf-T0],0.152888889,Mucoromycota,Mucoromycetes,Mucorales,Mucoromycota
2153,Bn_52,Bn_52,B_napus,Glucose,Glucose [Tf-T0],0.142977778,Mucoromycota,Mucoromycetes,Mucorales,Mucoromycota
2161,Bn_52,Bn_52,B_napus,Glucose,Glucose [Tf-T0],0.201755556,Mucoromycota,Mucoromycetes,Mucorales,Mucoromycota
2171,Bn_53,Bn_53,B_napus,Glucose,Glucose [Tf-T0],0.288033333,Mucoromycota,Mucoromycetes,Mucorales,Mucoromycota
2181,Bn_53,Bn_53,B_napus,Glucose,Glucose [Tf-T0],0.233322222,Mucoromycota,Mucoromycetes,Mucorales,Mucoromycota
2191,Bn_53,Bn_53,B_napus,Glucose,Glucose [Tf-T0],0.289877778,Mucoromycota,Mucoromycetes,Mucorales,Mucoromycota
2201,Bn_54,Bn_54,B_napus,Glucose,Glucose [Tf-T0],0.498011111,Mucoromycota,Mortierellomycetes,Mortierellales,Mucoromycota
2211,Bn_54,Bn_54,B_napus,Glucose,Glucose [Tf-T0],0.5552,Mucoromycota,Mortierellomycetes,Mortierellales,Mucoromycota
2221,Bn_54,Bn_54,B_napus,Glucose,Glucose [Tf-T0],0.345588889,Mucoromycota,Mortierellomycetes,Mortierellales,Mucoromycota
2233,Bn_56,Bn_56,B_napus,Glucose,Glucose [Tf-T0],0.269911111,Mucoromycota,Mortierellomycetes,Mortierellales,Mucoromycota
2245,Bn_56,Bn_56,B_napus,Glucose,Glucose [Tf-T0],0.240822222,Mucoromycota,Mortierellomycetes,Mortierellales,Mucoromycota
2252,Bn_56,Bn_56,B_napus,Glucose,Glucose [Tf-T0],0.247466667,Mucoromycota,Mortierellomycetes,Mortierellales,Mucoromycota
2264,Bn_57,Bn_57,B_napus,Glucose,Glucose [Tf-T0],0.558222222,NA,NA,NA,NA
2271,Bn_57,Bn_57,B_napus,Glucose,Glucose [Tf-T0],0.431,NA,NA,NA,NA
2281,Bn_57,Bn_57,B_napus,Glucose,Glucose [Tf-T0],0.515633333,NA,NA,NA,NA
2291,Bn_59,Bn_59,B_napus,Glucose,Glucose [Tf-T0],0.278022222,Ascomycota,Dothideomycetes,Cladosporiales,Ascomycota
2302,Bn_59,Bn_59,B_napus,Glucose,Glucose [Tf-T0],0.308611111,Ascomycota,Dothideomycetes,Cladosporiales,Ascomycota
2312,Bn_59,Bn_59,B_napus,Glucose,Glucose [Tf-T0],0.300266667,Ascomycota,Dothideomycetes,Cladosporiales,Ascomycota
2322,Bn_60,Bn_60,B_napus,Glucose,Glucose [Tf-T0],0.486922222,Ascomycota,Eurotiomycetes,Eurotiales,Ascomycota
2331,Bn_60,Bn_60,B_napus,Glucose,Glucose [Tf-T0],0.476088889,Ascomycota,Eurotiomycetes,Eurotiales,Ascomycota
2341,Bn_60,Bn_60,B_napus,Glucose,Glucose [Tf-T0],0.504144444,Ascomycota,Eurotiomycetes,Eurotiales,Ascomycota
2351,Bn_62,Bn_62,B_napus,Glucose,Glucose [Tf-T0],0.498866667,Ascomycota,Eurotiomycetes,Eurotiales,Ascomycota
2362,Bn_62,Bn_62,B_napus,Glucose,Glucose [Tf-T0],0.527677778,Ascomycota,Eurotiomycetes,Eurotiales,Ascomycota
2372,Bn_62,Bn_62,B_napus,Glucose,Glucose [Tf-T0],0.584466667,Ascomycota,Eurotiomycetes,Eurotiales,Ascomycota
2411,Bn_38,Bn_38,B_napus,3OMG,3-O-MG [Tf-T0],0.208711111,Ascomycota,Sordariomycetes,Hypocreales,Ascomycota
2421,Bn_38,Bn_38,B_napus,3OMG,3-O-MG [Tf-T0],0.243111111,Ascomycota,Sordariomycetes,Hypocreales,Ascomycota
2431,Bn_38,Bn_38,B_napus,3OMG,3-O-MG [Tf-T0],0.126811111,Ascomycota,Sordariomycetes,Hypocreales,Ascomycota
2441,Bn_41,Bn_41,B_napus,3OMG,3-O-MG [Tf-T0],0.135577778,Ascomycota,Eurotiomycetes,Eurotiales,Ascomycota
2451,Bn_41,Bn_41,B_napus,3OMG,3-O-MG [Tf-T0],0.132511111,Ascomycota,Eurotiomycetes,Eurotiales,Ascomycota
2461,Bn_41,Bn_41,B_napus,3OMG,3-O-MG [Tf-T0],0.123244444,Ascomycota,Eurotiomycetes,Eurotiales,Ascomycota
2471,Bn_43,Bn_43,B_napus,3OMG,3-O-MG [Tf-T0],0,Ascomycota,Dothideomycetes,Cladosporiales,Ascomycota
2482,Bn_43,Bn_43,B_napus,3OMG,3-O-MG [Tf-T0],0,Ascomycota,Dothideomycetes,Cladosporiales,Ascomycota
2492,Bn_43,Bn_43,B_napus,3OMG,3-O-MG [Tf-T0],0,Ascomycota,Dothideomycetes,Cladosporiales,Ascomycota
2502,Bn_44,Bn_44,B_napus,3OMG,3-O-MG [Tf-T0],0.247711111,Ascomycota,Eurotiomycetes,Eurotiales,Ascomycota
2511,Bn_44,Bn_44,B_napus,3OMG,3-O-MG [Tf-T0],0.167444444,Ascomycota,Eurotiomycetes,Eurotiales,Ascomycota
2521,Bn_44,Bn_44,B_napus,3OMG,3-O-MG [Tf-T0],0.208288889,Ascomycota,Eurotiomycetes,Eurotiales,Ascomycota
2531,Bn_46,Bn_46,B_napus,3OMG,3-O-MG [Tf-T0],0.181577778,Ascomycota,Sordariomycetes,Hypocreales,Ascomycota
2542,Bn_46,Bn_46,B_napus,3OMG,3-O-MG [Tf-T0],0.140066667,Ascomycota,Sordariomycetes,Hypocreales,Ascomycota
2552,Bn_46,Bn_46,B_napus,3OMG,3-O-MG [Tf-T0],0.017933333,Ascomycota,Sordariomycetes,Hypocreales,Ascomycota
2562,Bn_47,Bn_47,B_napus,3OMG,3-O-MG [Tf-T0],0.042388889,Ascomycota,Eurotiomycetes,Eurotiales,Ascomycota
2571,Bn_47,Bn_47,B_napus,3OMG,3-O-MG [Tf-T0],0.019922222,Ascomycota,Eurotiomycetes,Eurotiales,Ascomycota
2581,Bn_47,Bn_47,B_napus,3OMG,3-O-MG [Tf-T0],0.064511111,Ascomycota,Eurotiomycetes,Eurotiales,Ascomycota
2591,Bn_50,Bn_50,B_napus,3OMG,3-O-MG [Tf-T0],0,Mucoromycota,Mucoromycetes,Mucorales,Mucoromycota
2602,Bn_50,Bn_50,B_napus,3OMG,3-O-MG [Tf-T0],0,Mucoromycota,Mucoromycetes,Mucorales,Mucoromycota
2612,Bn_50,Bn_50,B_napus,3OMG,3-O-MG [Tf-T0],0,Mucoromycota,Mucoromycetes,Mucorales,Mucoromycota
2622,Bn_52,Bn_52,B_napus,3OMG,3-O-MG [Tf-T0],0,Mucoromycota,Mucoromycetes,Mucorales,Mucoromycota
2631,Bn_52,Bn_52,B_napus,3OMG,3-O-MG [Tf-T0],0,Mucoromycota,Mucoromycetes,Mucorales,Mucoromycota
2641,Bn_52,Bn_52,B_napus,3OMG,3-O-MG [Tf-T0],0,Mucoromycota,Mucoromycetes,Mucorales,Mucoromycota
2651,Bn_53,Bn_53,B_napus,3OMG,3-O-MG [Tf-T0],0.027566667,Mucoromycota,Mucoromycetes,Mucorales,Mucoromycota
2662,Bn_53,Bn_53,B_napus,3OMG,3-O-MG [Tf-T0],0,Mucoromycota,Mucoromycetes,Mucorales,Mucoromycota
2672,Bn_53,Bn_53,B_napus,3OMG,3-O-MG [Tf-T0],0,Mucoromycota,Mucoromycetes,Mucorales,Mucoromycota
2682,Bn_54,Bn_54,B_napus,3OMG,3-O-MG [Tf-T0],0,Mucoromycota,Mortierellomycetes,Mortierellales,Mucoromycota
2691,Bn_54,Bn_54,B_napus,3OMG,3-O-MG [Tf-T0],0.002755556,Mucoromycota,Mortierellomycetes,Mortierellales,Mucoromycota
2701,Bn_54,Bn_54,B_napus,3OMG,3-O-MG [Tf-T0],0.010566667,Mucoromycota,Mortierellomycetes,Mortierellales,Mucoromycota
2711,Bn_56,Bn_56,B_napus,3OMG,3-O-MG [Tf-T0],0.076266667,Mucoromycota,Mortierellomycetes,Mortierellales,Mucoromycota
2722,Bn_56,Bn_56,B_napus,3OMG,3-O-MG [Tf-T0],0.0032,Mucoromycota,Mortierellomycetes,Mortierellales,Mucoromycota
2732,Bn_56,Bn_56,B_napus,3OMG,3-O-MG [Tf-T0],0.109566667,Mucoromycota,Mortierellomycetes,Mortierellales,Mucoromycota
2741,Bn_57,Bn_57,B_napus,3OMG,3-O-MG [Tf-T0],0.202,NA,NA,NA,NA
275,Bn_57,Bn_57,B_napus,3OMG,3-O-MG [Tf-T0],0.218333333,NA,NA,NA,NA
276,Bn_57,Bn_57,B_napus,3OMG,3-O-MG [Tf-T0],0.2582,NA,NA,NA,NA
2771,Bn_59,Bn_59,B_napus,3OMG,3-O-MG [Tf-T0],0.097788889,Ascomycota,Dothideomycetes,Cladosporiales,Ascomycota
2782,Bn_59,Bn_59,B_napus,3OMG,3-O-MG [Tf-T0],0.009111111,Ascomycota,Dothideomycetes,Cladosporiales,Ascomycota
2792,Bn_59,Bn_59,B_napus,3OMG,3-O-MG [Tf-T0],0.006911111,Ascomycota,Dothideomycetes,Cladosporiales,Ascomycota
2802,Bn_60,Bn_60,B_napus,3OMG,3-O-MG [Tf-T0],0.152588889,Ascomycota,Eurotiomycetes,Eurotiales,Ascomycota
2811,Bn_60,Bn_60,B_napus,3OMG,3-O-MG [Tf-T0],0.115944444,Ascomycota,Eurotiomycetes,Eurotiales,Ascomycota
2821,Bn_60,Bn_60,B_napus,3OMG,3-O-MG [Tf-T0],0.078955556,Ascomycota,Eurotiomycetes,Eurotiales,Ascomycota
2831,Bn_62,Bn_62,B_napus,3OMG,3-O-MG [Tf-T0],0.136055556,Ascomycota,Eurotiomycetes,Eurotiales,Ascomycota
2841,Bn_62,Bn_62,B_napus,3OMG,3-O-MG [Tf-T0],0.132844444,Ascomycota,Eurotiomycetes,Eurotiales,Ascomycota
2851,Bn_62,Bn_62,B_napus,3OMG,3-O-MG [Tf-T0],0.181811111,Ascomycota,Eurotiomycetes,Eurotiales,Ascomycota
2891,Bn_63,Bn_63,B_napus,Glucose,Glucose [Tf-T0],0.385422222,Ascomycota,Leotiomycetes,Thelebolales,Ascomycota
2902,Bn_63,Bn_63,B_napus,Glucose,Glucose [Tf-T0],0.307422222,Ascomycota,Leotiomycetes,Thelebolales,Ascomycota
2912,Bn_63,Bn_63,B_napus,Glucose,Glucose [Tf-T0],0.326244444,Ascomycota,Leotiomycetes,Thelebolales,Ascomycota
2922,Bn_64,Bn_64,B_napus,Glucose,Glucose [Tf-T0],0.560177778,Ascomycota,Sordariomycetes,Glomerellales,Ascomycota
2931,Bn_64,Bn_64,B_napus,Glucose,Glucose [Tf-T0],0.585911111,Ascomycota,Sordariomycetes,Glomerellales,Ascomycota
2941,Bn_64,Bn_64,B_napus,Glucose,Glucose [Tf-T0],0.569933333,Ascomycota,Sordariomycetes,Glomerellales,Ascomycota
2951,Bn_67,Bn_67,B_napus,Glucose,Glucose [Tf-T0],0.6353,Ascomycota,Dothideomycetes,Pleosporales,Ascomycota
2962,Bn_67,Bn_67,B_napus,Glucose,Glucose [Tf-T0],0.565933333,Ascomycota,Dothideomycetes,Pleosporales,Ascomycota
2972,Bn_67,Bn_67,B_napus,Glucose,Glucose [Tf-T0],0.687633333,Ascomycota,Dothideomycetes,Pleosporales,Ascomycota
2982,Bn_68,Bn_68,B_napus,Glucose,Glucose [Tf-T0],0.646188889,Ascomycota,Eurotiomycetes,Eurotiales,Ascomycota
2991,Bn_68,Bn_68,B_napus,Glucose,Glucose [Tf-T0],0.622866667,Ascomycota,Eurotiomycetes,Eurotiales,Ascomycota
3001,Bn_68,Bn_68,B_napus,Glucose,Glucose [Tf-T0],0.632411111,Ascomycota,Eurotiomycetes,Eurotiales,Ascomycota
3011,Fusarium,Fusarium,T_aestivum,Glucose,Glucose [Tf-T0],0.513255556,Ascomycota,Sordariomycetes,Hypocreales,Ascomycota
3022,Fusarium,Fusarium,T_aestivum,Glucose,Glucose [Tf-T0],0.494411111,Ascomycota,Sordariomycetes,Hypocreales,Ascomycota
3032,Fusarium,Fusarium,T_aestivum,Glucose,Glucose [Tf-T0],0.530833333,Ascomycota,Sordariomycetes,Hypocreales,Ascomycota
3042,Rhizoctonia,Rhizoctonia,B_napus,Glucose,Glucose [Tf-T0],0.334255556,Basidiomycota,Agaricomycetes,Cantharellales,Basidiomycota
3051,Rhizoctonia,Rhizoctonia,B_napus,Glucose,Glucose [Tf-T0],0.268755556,Basidiomycota,Agaricomycetes,Cantharellales,Basidiomycota
3061,Rhizoctonia,Rhizoctonia,B_napus,Glucose,Glucose [Tf-T0],0.366155556,Basidiomycota,Agaricomycetes,Cantharellales,Basidiomycota
3071,Ta_01,Ta_01,T_aestivum,Glucose,Glucose [Tf-T0],0.195733333,Ascomycota,Sordariomycetes,Hypocreales,Ascomycota
3082,Ta_01,Ta_01,T_aestivum,Glucose,Glucose [Tf-T0],0.402766667,Ascomycota,Sordariomycetes,Hypocreales,Ascomycota
3092,Ta_01,Ta_01,T_aestivum,Glucose,Glucose [Tf-T0],0.419622222,Ascomycota,Sordariomycetes,Hypocreales,Ascomycota
3102,Ta_02,Ta_02,T_aestivum,Glucose,Glucose [Tf-T0],0.506455556,Ascomycota,Sordariomycetes,Sordariales,Ascomycota
3111,Ta_02,Ta_02,T_aestivum,Glucose,Glucose [Tf-T0],0.593255556,Ascomycota,Sordariomycetes,Sordariales,Ascomycota
3121,Ta_02,Ta_02,T_aestivum,Glucose,Glucose [Tf-T0],0.568388889,Ascomycota,Sordariomycetes,Sordariales,Ascomycota
3131,Ta_03,Ta_03,T_aestivum,Glucose,Glucose [Tf-T0],0.743744444,Ascomycota,Dothideomycetes,Pleosporales,Ascomycota
3141,Ta_03,Ta_03,T_aestivum,Glucose,Glucose [Tf-T0],0.656511111,Ascomycota,Dothideomycetes,Pleosporales,Ascomycota
3151,Ta_03,Ta_03,T_aestivum,Glucose,Glucose [Tf-T0],0.624544444,Ascomycota,Dothideomycetes,Pleosporales,Ascomycota
3161,Ta_04,Ta_04,T_aestivum,Glucose,Glucose [Tf-T0],0.518755556,Ascomycota,Eurotiomycetes,Eurotiales,Ascomycota
3171,Ta_04,Ta_04,T_aestivum,Glucose,Glucose [Tf-T0],0.5279,Ascomycota,Eurotiomycetes,Eurotiales,Ascomycota
3181,Ta_04,Ta_04,T_aestivum,Glucose,Glucose [Tf-T0],0.647188889,Ascomycota,Eurotiomycetes,Eurotiales,Ascomycota
3191,Ta_05,Ta_05,T_aestivum,Glucose,Glucose [Tf-T0],0.666066667,Ascomycota,Eurotiomycetes,Eurotiales,Ascomycota
3202,Ta_05,Ta_05,T_aestivum,Glucose,Glucose [Tf-T0],0.683855556,Ascomycota,Eurotiomycetes,Eurotiales,Ascomycota
3212,Ta_05,Ta_05,T_aestivum,Glucose,Glucose [Tf-T0],0.6847,Ascomycota,Eurotiomycetes,Eurotiales,Ascomycota
3222,Ta_06,Ta_06,T_aestivum,Glucose,Glucose [Tf-T0],0.395711111,Ascomycota,Sordariomycetes,Hypocreales,Ascomycota
3231,Ta_06,Ta_06,T_aestivum,Glucose,Glucose [Tf-T0],0.423611111,Ascomycota,Sordariomycetes,Hypocreales,Ascomycota
3241,Ta_06,Ta_06,T_aestivum,Glucose,Glucose [Tf-T0],0.467455556,Ascomycota,Sordariomycetes,Hypocreales,Ascomycota
3251,Ta_07,Ta_07,T_aestivum,Glucose,Glucose [Tf-T0],0.630511111,Ascomycota,Eurotiomycetes,Eurotiales,Ascomycota
3262,Ta_07,Ta_07,T_aestivum,Glucose,Glucose [Tf-T0],0.633344444,Ascomycota,Eurotiomycetes,Eurotiales,Ascomycota
3272,Ta_07,Ta_07,T_aestivum,Glucose,Glucose [Tf-T0],0.618122222,Ascomycota,Eurotiomycetes,Eurotiales,Ascomycota
3282,Ta_08,Ta_08,T_aestivum,Glucose,Glucose [Tf-T0],0.674111111,Ascomycota,Dothideomycetes,Pleosporales,Ascomycota
3291,Ta_08,Ta_08,T_aestivum,Glucose,Glucose [Tf-T0],0.780355556,Ascomycota,Dothideomycetes,Pleosporales,Ascomycota
3301,Ta_08,Ta_08,T_aestivum,Glucose,Glucose [Tf-T0],0.352633333,Ascomycota,Dothideomycetes,Pleosporales,Ascomycota
3311,Ta_09,Ta_09,T_aestivum,Glucose,Glucose [Tf-T0],0,Ascomycota,Eurotiomycetes,Eurotiales,Ascomycota
3322,Ta_09,Ta_09,T_aestivum,Glucose,Glucose [Tf-T0],0.867922222,Ascomycota,Eurotiomycetes,Eurotiales,Ascomycota
3332,Ta_09,Ta_09,T_aestivum,Glucose,Glucose [Tf-T0],0,Ascomycota,Eurotiomycetes,Eurotiales,Ascomycota
3371,Bn_63,Bn_63,B_napus,3OMG,3-O-MG [Tf-T0],0.218088889,Ascomycota,Leotiomycetes,Thelebolales,Ascomycota
3381,Bn_63,Bn_63,B_napus,3OMG,3-O-MG [Tf-T0],0,Ascomycota,Leotiomycetes,Thelebolales,Ascomycota
3391,Bn_63,Bn_63,B_napus,3OMG,3-O-MG [Tf-T0],0,Ascomycota,Leotiomycetes,Thelebolales,Ascomycota
3401,Bn_64,Bn_64,B_napus,3OMG,3-O-MG [Tf-T0],0.246611111,Ascomycota,Sordariomycetes,Glomerellales,Ascomycota
3411,Bn_64,Bn_64,B_napus,3OMG,3-O-MG [Tf-T0],0.176977778,Ascomycota,Sordariomycetes,Glomerellales,Ascomycota
3421,Bn_64,Bn_64,B_napus,3OMG,3-O-MG [Tf-T0],0.2359,Ascomycota,Sordariomycetes,Glomerellales,Ascomycota
3431,Bn_67,Bn_67,B_napus,3OMG,3-O-MG [Tf-T0],0.041944444,Ascomycota,Dothideomycetes,Pleosporales,Ascomycota
3442,Bn_67,Bn_67,B_napus,3OMG,3-O-MG [Tf-T0],0.056688889,Ascomycota,Dothideomycetes,Pleosporales,Ascomycota
3452,Bn_67,Bn_67,B_napus,3OMG,3-O-MG [Tf-T0],0.077422222,Ascomycota,Dothideomycetes,Pleosporales,Ascomycota
3462,Bn_68,Bn_68,B_napus,3OMG,3-O-MG [Tf-T0],0.1995,Ascomycota,Eurotiomycetes,Eurotiales,Ascomycota
3471,Bn_68,Bn_68,B_napus,3OMG,3-O-MG [Tf-T0],0.120644444,Ascomycota,Eurotiomycetes,Eurotiales,Ascomycota
3481,Bn_68,Bn_68,B_napus,3OMG,3-O-MG [Tf-T0],0.163455556,Ascomycota,Eurotiomycetes,Eurotiales,Ascomycota
3491,Fusarium,Fusarium,T_aestivum,3OMG,3-O-MG [Tf-T0],0.251044444,Ascomycota,Sordariomycetes,Hypocreales,Ascomycota
3502,Fusarium,Fusarium,T_aestivum,3OMG,3-O-MG [Tf-T0],0.136044444,Ascomycota,Sordariomycetes,Hypocreales,Ascomycota
3512,Fusarium,Fusarium,T_aestivum,3OMG,3-O-MG [Tf-T0],0.039666667,Ascomycota,Sordariomycetes,Hypocreales,Ascomycota
3522,Rhizoctonia,Rhizoctonia,B_napus,3OMG,3-O-MG [Tf-T0],0.017111111,Basidiomycota,Agaricomycetes,Cantharellales,Basidiomycota
3531,Rhizoctonia,Rhizoctonia,B_napus,3OMG,3-O-MG [Tf-T0],0.0023,Basidiomycota,Agaricomycetes,Cantharellales,Basidiomycota
3541,Rhizoctonia,Rhizoctonia,B_napus,3OMG,3-O-MG [Tf-T0],0.021655556,Basidiomycota,Agaricomycetes,Cantharellales,Basidiomycota
3551,Ta_01,Ta_01,T_aestivum,3OMG,3-O-MG [Tf-T0],0.070666667,Ascomycota,Sordariomycetes,Hypocreales,Ascomycota
3562,Ta_01,Ta_01,T_aestivum,3OMG,3-O-MG [Tf-T0],0.0744,Ascomycota,Sordariomycetes,Hypocreales,Ascomycota
3572,Ta_01,Ta_01,T_aestivum,3OMG,3-O-MG [Tf-T0],0.147777778,Ascomycota,Sordariomycetes,Hypocreales,Ascomycota
3582,Ta_02,Ta_02,T_aestivum,3OMG,3-O-MG [Tf-T0],0.030744444,Ascomycota,Sordariomycetes,Sordariales,Ascomycota
3591,Ta_02,Ta_02,T_aestivum,3OMG,3-O-MG [Tf-T0],0.055388889,Ascomycota,Sordariomycetes,Sordariales,Ascomycota
3601,Ta_02,Ta_02,T_aestivum,3OMG,3-O-MG [Tf-T0],0.0789,Ascomycota,Sordariomycetes,Sordariales,Ascomycota
3611,Ta_03,Ta_03,T_aestivum,3OMG,3-O-MG [Tf-T0],0.246233333,Ascomycota,Dothideomycetes,Pleosporales,Ascomycota
3622,Ta_03,Ta_03,T_aestivum,3OMG,3-O-MG [Tf-T0],0.021744444,Ascomycota,Dothideomycetes,Pleosporales,Ascomycota
3632,Ta_03,Ta_03,T_aestivum,3OMG,3-O-MG [Tf-T0],0.081833333,Ascomycota,Dothideomycetes,Pleosporales,Ascomycota
3642,Ta_04,Ta_04,T_aestivum,3OMG,3-O-MG [Tf-T0],0.0272,Ascomycota,Eurotiomycetes,Eurotiales,Ascomycota
3651,Ta_04,Ta_04,T_aestivum,3OMG,3-O-MG [Tf-T0],0.039433333,Ascomycota,Eurotiomycetes,Eurotiales,Ascomycota
3661,Ta_04,Ta_04,T_aestivum,3OMG,3-O-MG [Tf-T0],0.023133333,Ascomycota,Eurotiomycetes,Eurotiales,Ascomycota
3671,Ta_05,Ta_05,T_aestivum,3OMG,3-O-MG [Tf-T0],0.023322222,Ascomycota,Eurotiomycetes,Eurotiales,Ascomycota
3682,Ta_05,Ta_05,T_aestivum,3OMG,3-O-MG [Tf-T0],0.022444444,Ascomycota,Eurotiomycetes,Eurotiales,Ascomycota
3692,Ta_05,Ta_05,T_aestivum,3OMG,3-O-MG [Tf-T0],0.012255556,Ascomycota,Eurotiomycetes,Eurotiales,Ascomycota
3702,Ta_06,Ta_06,T_aestivum,3OMG,3-O-MG [Tf-T0],0.137022222,Ascomycota,Sordariomycetes,Hypocreales,Ascomycota
3711,Ta_06,Ta_06,T_aestivum,3OMG,3-O-MG [Tf-T0],0.1212,Ascomycota,Sordariomycetes,Hypocreales,Ascomycota
3721,Ta_06,Ta_06,T_aestivum,3OMG,3-O-MG [Tf-T0],0.201466667,Ascomycota,Sordariomycetes,Hypocreales,Ascomycota
3731,Ta_07,Ta_07,T_aestivum,3OMG,3-O-MG [Tf-T0],0.214277778,Ascomycota,Eurotiomycetes,Eurotiales,Ascomycota
3742,Ta_07,Ta_07,T_aestivum,3OMG,3-O-MG [Tf-T0],0.075088889,Ascomycota,Eurotiomycetes,Eurotiales,Ascomycota
3752,Ta_07,Ta_07,T_aestivum,3OMG,3-O-MG [Tf-T0],0.0673,Ascomycota,Eurotiomycetes,Eurotiales,Ascomycota
3762,Ta_08,Ta_08,T_aestivum,3OMG,3-O-MG [Tf-T0],0,Ascomycota,Dothideomycetes,Pleosporales,Ascomycota
3771,Ta_08,Ta_08,T_aestivum,3OMG,3-O-MG [Tf-T0],0.0036,Ascomycota,Dothideomycetes,Pleosporales,Ascomycota
3781,Ta_08,Ta_08,T_aestivum,3OMG,3-O-MG [Tf-T0],0,Ascomycota,Dothideomycetes,Pleosporales,Ascomycota
3791,Ta_09,Ta_09,T_aestivum,3OMG,3-O-MG [Tf-T0],0.174088889,Ascomycota,Eurotiomycetes,Eurotiales,Ascomycota
3801,Ta_09,Ta_09,T_aestivum,3OMG,3-O-MG [Tf-T0],0.188966667,Ascomycota,Eurotiomycetes,Eurotiales,Ascomycota
3811,Ta_09,Ta_09,T_aestivum,3OMG,3-O-MG [Tf-T0],0.194544444,Ascomycota,Eurotiomycetes,Eurotiales,Ascomycota
3851,Ta_10,Ta_10,T_aestivum,Glucose,Glucose [Tf-T0],0.495122222,Mucoromycota,Mortierellomycetes,Mortierellales,Mucoromycota
3862,Ta_10,Ta_10,T_aestivum,Glucose,Glucose [Tf-T0],0.514766667,Mucoromycota,Mortierellomycetes,Mortierellales,Mucoromycota
3872,Ta_10,Ta_10,T_aestivum,Glucose,Glucose [Tf-T0],0.521633333,Mucoromycota,Mortierellomycetes,Mortierellales,Mucoromycota
3882,Ta_12,Ta_12,T_aestivum,Glucose,Glucose [Tf-T0],0.008388889,Ascomycota,Dothideomycetes,Pleosporales,Ascomycota
3891,Ta_12,Ta_12,T_aestivum,Glucose,Glucose [Tf-T0],0,Ascomycota,Dothideomycetes,Pleosporales,Ascomycota
3901,Ta_12,Ta_12,T_aestivum,Glucose,Glucose [Tf-T0],0.026722222,Ascomycota,Dothideomycetes,Pleosporales,Ascomycota
3911,Ta_13,Ta_13,T_aestivum,Glucose,Glucose [Tf-T0],0.471777778,Ascomycota,Eurotiomycetes,Eurotiales,Ascomycota
3922,Ta_13,Ta_13,T_aestivum,Glucose,Glucose [Tf-T0],0.571,Ascomycota,Eurotiomycetes,Eurotiales,Ascomycota
3932,Ta_13,Ta_13,T_aestivum,Glucose,Glucose [Tf-T0],0.526555556,Ascomycota,Eurotiomycetes,Eurotiales,Ascomycota
3942,Ta_14,Ta_14,T_aestivum,Glucose,Glucose [Tf-T0],0.5695,Ascomycota,Sordariomycetes,Hypocreales,Ascomycota
3951,Ta_14,Ta_14,T_aestivum,Glucose,Glucose [Tf-T0],0.668733333,Ascomycota,Sordariomycetes,Hypocreales,Ascomycota
3961,Ta_14,Ta_14,T_aestivum,Glucose,Glucose [Tf-T0],0.530022222,Ascomycota,Sordariomycetes,Hypocreales,Ascomycota
3971,Ta_15,Ta_15,T_aestivum,Glucose,Glucose [Tf-T0],0.423377778,Ascomycota,Dothideomycetes,Cladosporiales,Ascomycota
3982,Ta_15,Ta_15,T_aestivum,Glucose,Glucose [Tf-T0],0.441711111,Ascomycota,Dothideomycetes,Cladosporiales,Ascomycota
3992,Ta_15,Ta_15,T_aestivum,Glucose,Glucose [Tf-T0],0.446033333,Ascomycota,Dothideomycetes,Cladosporiales,Ascomycota
4002,Ta_16,Ta_16,T_aestivum,Glucose,Glucose [Tf-T0],0.718966667,Ascomycota,Eurotiomycetes,Eurotiales,Ascomycota
4011,Ta_16,Ta_16,T_aestivum,Glucose,Glucose [Tf-T0],0.571933333,Ascomycota,Eurotiomycetes,Eurotiales,Ascomycota
4021,Ta_16,Ta_16,T_aestivum,Glucose,Glucose [Tf-T0],0.551322222,Ascomycota,Eurotiomycetes,Eurotiales,Ascomycota
4031,Ta_19,Ta_19,T_aestivum,Glucose,Glucose [Tf-T0],0.544677778,Ascomycota,Pezizomycotina,Eurotiomycetes,Ascomycota
4042,Ta_19,Ta_19,T_aestivum,Glucose,Glucose [Tf-T0],0.5713,Ascomycota,Pezizomycotina,Eurotiomycetes,Ascomycota
4052,Ta_19,Ta_19,T_aestivum,Glucose,Glucose [Tf-T0],0.596255556,Ascomycota,Pezizomycotina,Eurotiomycetes,Ascomycota
4062,Ta_20,Ta_20,T_aestivum,Glucose,Glucose [Tf-T0],0.6216,Ascomycota,Eurotiomycetes,Eurotiales,Ascomycota
4071,Ta_20,Ta_20,T_aestivum,Glucose,Glucose [Tf-T0],0.623411111,Ascomycota,Eurotiomycetes,Eurotiales,Ascomycota
4081,Ta_20,Ta_20,T_aestivum,Glucose,Glucose [Tf-T0],0.674111111,Ascomycota,Eurotiomycetes,Eurotiales,Ascomycota
4091,Ta_22,Ta_22,T_aestivum,Glucose,Glucose [Tf-T0],0.579088889,Ascomycota,Eurotiomycetes,Eurotiales,Ascomycota
4102,Ta_22,Ta_22,T_aestivum,Glucose,Glucose [Tf-T0],0.557033333,Ascomycota,Eurotiomycetes,Eurotiales,Ascomycota
4112,Ta_22,Ta_22,T_aestivum,Glucose,Glucose [Tf-T0],0.5535,Ascomycota,Eurotiomycetes,Eurotiales,Ascomycota
4122,Ta_23,Ta_23,T_aestivum,Glucose,Glucose [Tf-T0],0.347911111,Ascomycota,Pezizomycotina,Dothideomycetes,Ascomycota
4131,Ta_23,Ta_23,T_aestivum,Glucose,Glucose [Tf-T0],0.343522222,Ascomycota,Pezizomycotina,Dothideomycetes,Ascomycota
4141,Ta_23,Ta_23,T_aestivum,Glucose,Glucose [Tf-T0],0.341733333,Ascomycota,Pezizomycotina,Dothideomycetes,Ascomycota
4151,Ta_25,Ta_25,T_aestivum,Glucose,Glucose [Tf-T0],0.428766667,Ascomycota,Pezizomycotina,Dothideomycetes,Ascomycota
4162,Ta_25,Ta_25,T_aestivum,Glucose,Glucose [Tf-T0],0.326333333,Ascomycota,Pezizomycotina,Dothideomycetes,Ascomycota
4172,Ta_25,Ta_25,T_aestivum,Glucose,Glucose [Tf-T0],0.380388889,Ascomycota,Pezizomycotina,Dothideomycetes,Ascomycota
4182,Ta_26,Ta_26,T_aestivum,Glucose,Glucose [Tf-T0],0.621666667,Ascomycota,Eurotiomycetes,Eurotiales,Ascomycota
4191,Ta_26,Ta_26,T_aestivum,Glucose,Glucose [Tf-T0],0.636733333,Ascomycota,Eurotiomycetes,Eurotiales,Ascomycota
4201,Ta_26,Ta_26,T_aestivum,Glucose,Glucose [Tf-T0],0.669522222,Ascomycota,Eurotiomycetes,Eurotiales,Ascomycota
4211,Ta_27,Ta_27,T_aestivum,Glucose,Glucose [Tf-T0],0.225933333,Mucoromycota,Mortierellomycetes,Mortierellales,Mucoromycota
4221,Ta_27,Ta_27,T_aestivum,Glucose,Glucose [Tf-T0],0.184088889,Mucoromycota,Mortierellomycetes,Mortierellales,Mucoromycota
4231,Ta_27,Ta_27,T_aestivum,Glucose,Glucose [Tf-T0],0.159122222,Mucoromycota,Mortierellomycetes,Mortierellales,Mucoromycota
4241,Ta_30,Ta_30,T_aestivum,Glucose,Glucose [Tf-T0],0.584833333,Ascomycota,Eurotiomycetes,Eurotiales,Ascomycota
4251,Ta_30,Ta_30,T_aestivum,Glucose,Glucose [Tf-T0],0.556766667,Ascomycota,Eurotiomycetes,Eurotiales,Ascomycota
4261,Ta_30,Ta_30,T_aestivum,Glucose,Glucose [Tf-T0],0.567666667,Ascomycota,Eurotiomycetes,Eurotiales,Ascomycota
4271,Ta_31,Ta_31,T_aestivum,Glucose,Glucose [Tf-T0],0.407277778,Ascomycota,Sordariomycetes,Hypocreales,Ascomycota
4282,Ta_31,Ta_31,T_aestivum,Glucose,Glucose [Tf-T0],0.405166667,Ascomycota,Sordariomycetes,Hypocreales,Ascomycota
4292,Ta_31,Ta_31,T_aestivum,Glucose,Glucose [Tf-T0],0.464122222,Ascomycota,Sordariomycetes,Hypocreales,Ascomycota
4331,Ta_10,Ta_10,T_aestivum,3OMG,3-O-MG [Tf-T0],0.219666667,Mucoromycota,Mortierellomycetes,Mortierellales,Mucoromycota
4342,Ta_10,Ta_10,T_aestivum,3OMG,3-O-MG [Tf-T0],0.154955556,Mucoromycota,Mortierellomycetes,Mortierellales,Mucoromycota
4352,Ta_10,Ta_10,T_aestivum,3OMG,3-O-MG [Tf-T0],0.137144444,Mucoromycota,Mortierellomycetes,Mortierellales,Mucoromycota
4362,Ta_12,Ta_12,T_aestivum,3OMG,3-O-MG [Tf-T0],0,Ascomycota,Dothideomycetes,Pleosporales,Ascomycota
4371,Ta_12,Ta_12,T_aestivum,3OMG,3-O-MG [Tf-T0],0,Ascomycota,Dothideomycetes,Pleosporales,Ascomycota
4381,Ta_12,Ta_12,T_aestivum,3OMG,3-O-MG [Tf-T0],0,Ascomycota,Dothideomycetes,Pleosporales,Ascomycota
4391,Ta_13,Ta_13,T_aestivum,3OMG,3-O-MG [Tf-T0],0.144677778,Ascomycota,Eurotiomycetes,Eurotiales,Ascomycota
4402,Ta_13,Ta_13,T_aestivum,3OMG,3-O-MG [Tf-T0],0.159955556,Ascomycota,Eurotiomycetes,Eurotiales,Ascomycota
4412,Ta_13,Ta_13,T_aestivum,3OMG,3-O-MG [Tf-T0],0.141422222,Ascomycota,Eurotiomycetes,Eurotiales,Ascomycota
4422,Ta_14,Ta_14,T_aestivum,3OMG,3-O-MG [Tf-T0],0.172022222,Ascomycota,Sordariomycetes,Hypocreales,Ascomycota
4431,Ta_14,Ta_14,T_aestivum,3OMG,3-O-MG [Tf-T0],0.170111111,Ascomycota,Sordariomycetes,Hypocreales,Ascomycota
4441,Ta_14,Ta_14,T_aestivum,3OMG,3-O-MG [Tf-T0],0.2602,Ascomycota,Sordariomycetes,Hypocreales,Ascomycota
4451,Ta_15,Ta_15,T_aestivum,3OMG,3-O-MG [Tf-T0],0,Ascomycota,Dothideomycetes,Cladosporiales,Ascomycota
4462,Ta_15,Ta_15,T_aestivum,3OMG,3-O-MG [Tf-T0],0,Ascomycota,Dothideomycetes,Cladosporiales,Ascomycota
4472,Ta_15,Ta_15,T_aestivum,3OMG,3-O-MG [Tf-T0],0,Ascomycota,Dothideomycetes,Cladosporiales,Ascomycota
4482,Ta_16,Ta_16,T_aestivum,3OMG,3-O-MG [Tf-T0],0.074377778,Ascomycota,Eurotiomycetes,Eurotiales,Ascomycota
4491,Ta_16,Ta_16,T_aestivum,3OMG,3-O-MG [Tf-T0],0.044144444,Ascomycota,Eurotiomycetes,Eurotiales,Ascomycota
4501,Ta_16,Ta_16,T_aestivum,3OMG,3-O-MG [Tf-T0],0.032855556,Ascomycota,Eurotiomycetes,Eurotiales,Ascomycota
4511,Ta_19,Ta_19,T_aestivum,3OMG,3-O-MG [Tf-T0],0.068755556,Ascomycota,Pezizomycotina,Eurotiomycetes,Ascomycota
4522,Ta_19,Ta_19,T_aestivum,3OMG,3-O-MG [Tf-T0],0.072233333,Ascomycota,Pezizomycotina,Eurotiomycetes,Ascomycota
4532,Ta_19,Ta_19,T_aestivum,3OMG,3-O-MG [Tf-T0],0.097088889,Ascomycota,Pezizomycotina,Eurotiomycetes,Ascomycota
4542,Ta_20,Ta_20,T_aestivum,3OMG,3-O-MG [Tf-T0],0.093022222,Ascomycota,Eurotiomycetes,Eurotiales,Ascomycota
4551,Ta_20,Ta_20,T_aestivum,3OMG,3-O-MG [Tf-T0],0.114955556,Ascomycota,Eurotiomycetes,Eurotiales,Ascomycota
4561,Ta_20,Ta_20,T_aestivum,3OMG,3-O-MG [Tf-T0],0.156066667,Ascomycota,Eurotiomycetes,Eurotiales,Ascomycota
4571,Ta_22,Ta_22,T_aestivum,3OMG,3-O-MG [Tf-T0],0.224955556,Ascomycota,Eurotiomycetes,Eurotiales,Ascomycota
4582,Ta_22,Ta_22,T_aestivum,3OMG,3-O-MG [Tf-T0],0.164422222,Ascomycota,Eurotiomycetes,Eurotiales,Ascomycota
4592,Ta_22,Ta_22,T_aestivum,3OMG,3-O-MG [Tf-T0],0.130377778,Ascomycota,Eurotiomycetes,Eurotiales,Ascomycota
4602,Ta_23,Ta_23,T_aestivum,3OMG,3-O-MG [Tf-T0],0,Ascomycota,Pezizomycotina,Dothideomycetes,Ascomycota
4611,Ta_23,Ta_23,T_aestivum,3OMG,3-O-MG [Tf-T0],0.042233333,Ascomycota,Pezizomycotina,Dothideomycetes,Ascomycota
4621,Ta_23,Ta_23,T_aestivum,3OMG,3-O-MG [Tf-T0],0,Ascomycota,Pezizomycotina,Dothideomycetes,Ascomycota
4632,Ta_25,Ta_25,T_aestivum,3OMG,3-O-MG [Tf-T0],0,Ascomycota,Pezizomycotina,Dothideomycetes,Ascomycota
4642,Ta_25,Ta_25,T_aestivum,3OMG,3-O-MG [Tf-T0],0.000311111,Ascomycota,Pezizomycotina,Dothideomycetes,Ascomycota
4652,Ta_25,Ta_25,T_aestivum,3OMG,3-O-MG [Tf-T0],0,Ascomycota,Pezizomycotina,Dothideomycetes,Ascomycota
4661,Ta_26,Ta_26,T_aestivum,3OMG,3-O-MG [Tf-T0],0.081655556,Ascomycota,Eurotiomycetes,Eurotiales,Ascomycota
4671,Ta_26,Ta_26,T_aestivum,3OMG,3-O-MG [Tf-T0],0.057433333,Ascomycota,Eurotiomycetes,Eurotiales,Ascomycota
4681,Ta_26,Ta_26,T_aestivum,3OMG,3-O-MG [Tf-T0],0.132688889,Ascomycota,Eurotiomycetes,Eurotiales,Ascomycota
4692,Ta_27,Ta_27,T_aestivum,3OMG,3-O-MG [Tf-T0],0.027444444,Mucoromycota,Mortierellomycetes,Mortierellales,Mucoromycota
4702,Ta_27,Ta_27,T_aestivum,3OMG,3-O-MG [Tf-T0],0.094955556,Mucoromycota,Mortierellomycetes,Mortierellales,Mucoromycota
4712,Ta_27,Ta_27,T_aestivum,3OMG,3-O-MG [Tf-T0],0.072788889,Mucoromycota,Mortierellomycetes,Mortierellales,Mucoromycota
4721,Ta_30,Ta_30,T_aestivum,3OMG,3-O-MG [Tf-T0],0.0764,Ascomycota,Eurotiomycetes,Eurotiales,Ascomycota
4731,Ta_30,Ta_30,T_aestivum,3OMG,3-O-MG [Tf-T0],0.071977778,Ascomycota,Eurotiomycetes,Eurotiales,Ascomycota
4741,Ta_30,Ta_30,T_aestivum,3OMG,3-O-MG [Tf-T0],0.040366667,Ascomycota,Eurotiomycetes,Eurotiales,Ascomycota
4751,Ta_31,Ta_31,T_aestivum,3OMG,3-O-MG [Tf-T0],0.152055556,Ascomycota,Sordariomycetes,Hypocreales,Ascomycota
4761,Ta_31,Ta_31,T_aestivum,3OMG,3-O-MG [Tf-T0],0.141877778,Ascomycota,Sordariomycetes,Hypocreales,Ascomycota
4771,Ta_31,Ta_31,T_aestivum,3OMG,3-O-MG [Tf-T0],0.188155556,Ascomycota,Sordariomycetes,Hypocreales,Ascomycota
4812,Ta_32,Ta_32,T_aestivum,Glucose,Glucose [Tf-T0],0.587133333,Ascomycota,Eurotiomycetes,Eurotiales,Ascomycota
4822,Ta_32,Ta_32,T_aestivum,Glucose,Glucose [Tf-T0],0.708088889,Ascomycota,Eurotiomycetes,Eurotiales,Ascomycota
4832,Ta_32,Ta_32,T_aestivum,Glucose,Glucose [Tf-T0],0.615511111,Ascomycota,Eurotiomycetes,Eurotiales,Ascomycota
4841,Ta_33,Ta_33,T_aestivum,Glucose,Glucose [Tf-T0],0.625966667,Ascomycota,Eurotiomycetes,Eurotiales,Ascomycota
4851,Ta_33,Ta_33,T_aestivum,Glucose,Glucose [Tf-T0],0.659955556,Ascomycota,Eurotiomycetes,Eurotiales,Ascomycota
4861,Ta_33,Ta_33,T_aestivum,Glucose,Glucose [Tf-T0],0.675355556,Ascomycota,Eurotiomycetes,Eurotiales,Ascomycota
4872,Ta_34,Ta_34,T_aestivum,Glucose,Glucose [Tf-T0],0.625222222,Ascomycota,Eurotiomycetes,Eurotiales,Ascomycota
4882,Ta_34,Ta_34,T_aestivum,Glucose,Glucose [Tf-T0],0.668555556,Ascomycota,Eurotiomycetes,Eurotiales,Ascomycota
4892,Ta_34,Ta_34,T_aestivum,Glucose,Glucose [Tf-T0],0.636988889,Ascomycota,Eurotiomycetes,Eurotiales,Ascomycota
4901,Ta_35,Ta_35,T_aestivum,Glucose,Glucose [Tf-T0],0.485455556,Ascomycota,Pezizomycotina,Dothideomycetes,Ascomycota
4911,Ta_35,Ta_35,T_aestivum,Glucose,Glucose [Tf-T0],0.521566667,Ascomycota,Pezizomycotina,Dothideomycetes,Ascomycota
4921,Ta_35,Ta_35,T_aestivum,Glucose,Glucose [Tf-T0],0.495544444,Ascomycota,Pezizomycotina,Dothideomycetes,Ascomycota
4932,Ta_36,Ta_36,T_aestivum,Glucose,Glucose [Tf-T0],0.614111111,Ascomycota,Pezizomycotina,Dothideomycetes,Ascomycota
4942,Ta_36,Ta_36,T_aestivum,Glucose,Glucose [Tf-T0],0.616755556,Ascomycota,Pezizomycotina,Dothideomycetes,Ascomycota
4952,Ta_36,Ta_36,T_aestivum,Glucose,Glucose [Tf-T0],0.609888889,Ascomycota,Pezizomycotina,Dothideomycetes,Ascomycota
4961,Ta_37,Ta_37,T_aestivum,Glucose,Glucose [Tf-T0],0.329766667,Ascomycota,Pezizomycotina,Dothideomycetes,Ascomycota
4971,Ta_37,Ta_37,T_aestivum,Glucose,Glucose [Tf-T0],0.4103,Ascomycota,Pezizomycotina,Dothideomycetes,Ascomycota
4981,Ta_37,Ta_37,T_aestivum,Glucose,Glucose [Tf-T0],0.3374,Ascomycota,Pezizomycotina,Dothideomycetes,Ascomycota
4992,Ta_38,Ta_38,T_aestivum,Glucose,Glucose [Tf-T0],0.443166667,Ascomycota,Sordariomycetes,Hypocreales,Ascomycota
5002,Ta_38,Ta_38,T_aestivum,Glucose,Glucose [Tf-T0],0.395422222,Ascomycota,Sordariomycetes,Hypocreales,Ascomycota
5012,Ta_38,Ta_38,T_aestivum,Glucose,Glucose [Tf-T0],0.536922222,Ascomycota,Sordariomycetes,Hypocreales,Ascomycota
5021,Ta_39,Ta_39,T_aestivum,Glucose,Glucose [Tf-T0],0.430188889,Ascomycota,Sordariomycetes,Hypocreales,Ascomycota
5031,Ta_39,Ta_39,T_aestivum,Glucose,Glucose [Tf-T0],0.447544444,Ascomycota,Sordariomycetes,Hypocreales,Ascomycota
5041,Ta_39,Ta_39,T_aestivum,Glucose,Glucose [Tf-T0],0.4821,Ascomycota,Sordariomycetes,Hypocreales,Ascomycota
5052,Ta_40,Ta_40,T_aestivum,Glucose,Glucose [Tf-T0],0.580077778,Ascomycota,Sordariomycetes,Hypocreales,Ascomycota
5062,Ta_40,Ta_40,T_aestivum,Glucose,Glucose [Tf-T0],0.553755556,Ascomycota,Sordariomycetes,Hypocreales,Ascomycota
5072,Ta_40,Ta_40,T_aestivum,Glucose,Glucose [Tf-T0],0.552244444,Ascomycota,Sordariomycetes,Hypocreales,Ascomycota
5081,AA0104,Mortierella_elongata_MPI-CAGE-AA-0104,A_thaliana,Glucose,Glucose [Tf-T0],0.510922222,Mucoromycota,Mortierellomycetes,Mortierellales,Mucoromycota
5091,AA0104,Mortierella_elongata_MPI-CAGE-AA-0104,A_thaliana,Glucose,Glucose [Tf-T0],0.502133333,Mucoromycota,Mortierellomycetes,Mortierellales,Mucoromycota
5101,AA0104,Mortierella_elongata_MPI-CAGE-AA-0104,A_thaliana,Glucose,Glucose [Tf-T0],0.671911111,Mucoromycota,Mortierellomycetes,Mortierellales,Mucoromycota
5112,AA0113,Fusarium_sp._MPI-CAGE-AA-0113,A_thaliana,Glucose,Glucose [Tf-T0],0.471255556,Ascomycota,Sordariomycetes,Hypocreales,Ascomycota
5122,AA0113,Fusarium_sp._MPI-CAGE-AA-0113,A_thaliana,Glucose,Glucose [Tf-T0],0.480122222,Ascomycota,Sordariomycetes,Hypocreales,Ascomycota
5132,AA0113,Fusarium_sp._MPI-CAGE-AA-0113,A_thaliana,Glucose,Glucose [Tf-T0],0.414933333,Ascomycota,Sordariomycetes,Hypocreales,Ascomycota
5141,AT0016,Plectosphaerella_cucumerina_MPI-CAGE-AT-0016,A_thaliana,Glucose,Glucose [Tf-T0],0.452933333,Ascomycota,Sordariomycetes,Glomerellales,Ascomycota
5151,AT0016,Plectosphaerella_cucumerina_MPI-CAGE-AT-0016,A_thaliana,Glucose,Glucose [Tf-T0],0.540455556,Ascomycota,Sordariomycetes,Glomerellales,Ascomycota
5161,AT0016,Plectosphaerella_cucumerina_MPI-CAGE-AT-0016,A_thaliana,Glucose,Glucose [Tf-T0],0.474288889,Ascomycota,Sordariomycetes,Glomerellales,Ascomycota
5171,AT0023,Fusarium_redolens_MPI-CAGE-AT-0023,A_thaliana,Glucose,Glucose [Tf-T0],0.310577778,Ascomycota,Sordariomycetes,Hypocreales,Ascomycota
5181,AT0023,Fusarium_redolens_MPI-CAGE-AT-0023,A_thaliana,Glucose,Glucose [Tf-T0],0.278011111,Ascomycota,Sordariomycetes,Hypocreales,Ascomycota
5191,AT0023,Fusarium_redolens_MPI-CAGE-AT-0023,A_thaliana,Glucose,Glucose [Tf-T0],0.304177778,Ascomycota,Sordariomycetes,Hypocreales,Ascomycota
5201,AT0026,Ilyonectria_europaea_MPI-CAGE-AT-0026,A_thaliana,Glucose,Glucose [Tf-T0],0.396755556,Ascomycota,Sordariomycetes,Hypocreales,Ascomycota
5211,AT0026,Ilyonectria_europaea_MPI-CAGE-AT-0026,A_thaliana,Glucose,Glucose [Tf-T0],0.383422222,Ascomycota,Sordariomycetes,Hypocreales,Ascomycota
5221,AT0026,Ilyonectria_europaea_MPI-CAGE-AT-0026,A_thaliana,Glucose,Glucose [Tf-T0],0.420666667,Ascomycota,Sordariomycetes,Hypocreales,Ascomycota
5232,AT0040,Alternaria_rosae_MPI-PUGE-AT-0040,A_thaliana,Glucose,Glucose [Tf-T0],0,Ascomycota,Dothideomycetes,Pleosporales,Ascomycota
5242,AT0040,Alternaria_rosae_MPI-PUGE-AT-0040,A_thaliana,Glucose,Glucose [Tf-T0],0.288133333,Ascomycota,Dothideomycetes,Pleosporales,Ascomycota
5252,AT0040,Alternaria_rosae_MPI-PUGE-AT-0040,A_thaliana,Glucose,Glucose [Tf-T0],0,Ascomycota,Dothideomycetes,Pleosporales,Ascomycota
5292,Ta_32,Ta_32,T_aestivum,3OMG,3-O-MG [Tf-T0],0.202866667,Ascomycota,Eurotiomycetes,Eurotiales,Ascomycota
5302,Ta_32,Ta_32,T_aestivum,3OMG,3-O-MG [Tf-T0],0.168544444,Ascomycota,Eurotiomycetes,Eurotiales,Ascomycota
5312,Ta_32,Ta_32,T_aestivum,3OMG,3-O-MG [Tf-T0],0.150944444,Ascomycota,Eurotiomycetes,Eurotiales,Ascomycota
5321,Ta_33,Ta_33,T_aestivum,3OMG,3-O-MG [Tf-T0],0.154188889,Ascomycota,Eurotiomycetes,Eurotiales,Ascomycota
5331,Ta_33,Ta_33,T_aestivum,3OMG,3-O-MG [Tf-T0],0.117188889,Ascomycota,Eurotiomycetes,Eurotiales,Ascomycota
5341,Ta_33,Ta_33,T_aestivum,3OMG,3-O-MG [Tf-T0],0.117688889,Ascomycota,Eurotiomycetes,Eurotiales,Ascomycota
5352,Ta_34,Ta_34,T_aestivum,3OMG,3-O-MG [Tf-T0],0.098355556,Ascomycota,Eurotiomycetes,Eurotiales,Ascomycota
5362,Ta_34,Ta_34,T_aestivum,3OMG,3-O-MG [Tf-T0],0.092366667,Ascomycota,Eurotiomycetes,Eurotiales,Ascomycota
5372,Ta_34,Ta_34,T_aestivum,3OMG,3-O-MG [Tf-T0],0.123588889,Ascomycota,Eurotiomycetes,Eurotiales,Ascomycota
5381,Ta_35,Ta_35,T_aestivum,3OMG,3-O-MG [Tf-T0],0.127644444,Ascomycota,Pezizomycotina,Dothideomycetes,Ascomycota
5391,Ta_35,Ta_35,T_aestivum,3OMG,3-O-MG [Tf-T0],0.107933333,Ascomycota,Pezizomycotina,Dothideomycetes,Ascomycota
5401,Ta_35,Ta_35,T_aestivum,3OMG,3-O-MG [Tf-T0],0.143944444,Ascomycota,Pezizomycotina,Dothideomycetes,Ascomycota
5412,Ta_36,Ta_36,T_aestivum,3OMG,3-O-MG [Tf-T0],0.0822,Ascomycota,Pezizomycotina,Dothideomycetes,Ascomycota
5422,Ta_36,Ta_36,T_aestivum,3OMG,3-O-MG [Tf-T0],0.038322222,Ascomycota,Pezizomycotina,Dothideomycetes,Ascomycota
5432,Ta_36,Ta_36,T_aestivum,3OMG,3-O-MG [Tf-T0],0.047166667,Ascomycota,Pezizomycotina,Dothideomycetes,Ascomycota
5441,Ta_37,Ta_37,T_aestivum,3OMG,3-O-MG [Tf-T0],0,Ascomycota,Pezizomycotina,Dothideomycetes,Ascomycota
5451,Ta_37,Ta_37,T_aestivum,3OMG,3-O-MG [Tf-T0],0.077755556,Ascomycota,Pezizomycotina,Dothideomycetes,Ascomycota
5461,Ta_37,Ta_37,T_aestivum,3OMG,3-O-MG [Tf-T0],0,Ascomycota,Pezizomycotina,Dothideomycetes,Ascomycota
5472,Ta_38,Ta_38,T_aestivum,3OMG,3-O-MG [Tf-T0],0.093622222,Ascomycota,Sordariomycetes,Hypocreales,Ascomycota
5482,Ta_38,Ta_38,T_aestivum,3OMG,3-O-MG [Tf-T0],0.149755556,Ascomycota,Sordariomycetes,Hypocreales,Ascomycota
5492,Ta_38,Ta_38,T_aestivum,3OMG,3-O-MG [Tf-T0],0.122366667,Ascomycota,Sordariomycetes,Hypocreales,Ascomycota
5501,Ta_39,Ta_39,T_aestivum,3OMG,3-O-MG [Tf-T0],0.163022222,Ascomycota,Sordariomycetes,Hypocreales,Ascomycota
5511,Ta_39,Ta_39,T_aestivum,3OMG,3-O-MG [Tf-T0],0.143077778,Ascomycota,Sordariomycetes,Hypocreales,Ascomycota
5521,Ta_39,Ta_39,T_aestivum,3OMG,3-O-MG [Tf-T0],0.241144444,Ascomycota,Sordariomycetes,Hypocreales,Ascomycota
5532,Ta_40,Ta_40,T_aestivum,3OMG,3-O-MG [Tf-T0],0.1839,Ascomycota,Sordariomycetes,Hypocreales,Ascomycota
5542,Ta_40,Ta_40,T_aestivum,3OMG,3-O-MG [Tf-T0],0.109811111,Ascomycota,Sordariomycetes,Hypocreales,Ascomycota
5552,Ta_40,Ta_40,T_aestivum,3OMG,3-O-MG [Tf-T0],0.119411111,Ascomycota,Sordariomycetes,Hypocreales,Ascomycota
5561,AA0104,Mortierella_elongata_MPI-CAGE-AA-0104,A_thaliana,3OMG,3-O-MG [Tf-T0],0,Mucoromycota,Mortierellomycetes,Mortierellales,Mucoromycota
5571,AA0104,Mortierella_elongata_MPI-CAGE-AA-0104,A_thaliana,3OMG,3-O-MG [Tf-T0],0,Mucoromycota,Mortierellomycetes,Mortierellales,Mucoromycota
5582,AA0104,Mortierella_elongata_MPI-CAGE-AA-0104,A_thaliana,3OMG,3-O-MG [Tf-T0],0,Mucoromycota,Mortierellomycetes,Mortierellales,Mucoromycota
5592,AA0113,Fusarium_sp._MPI-CAGE-AA-0113,A_thaliana,3OMG,3-O-MG [Tf-T0],0.088133333,Ascomycota,Sordariomycetes,Hypocreales,Ascomycota
5602,AA0113,Fusarium_sp._MPI-CAGE-AA-0113,A_thaliana,3OMG,3-O-MG [Tf-T0],0.094655556,Ascomycota,Sordariomycetes,Hypocreales,Ascomycota
5611,AA0113,Fusarium_sp._MPI-CAGE-AA-0113,A_thaliana,3OMG,3-O-MG [Tf-T0],0.111988889,Ascomycota,Sordariomycetes,Hypocreales,Ascomycota
5621,AT0016,Plectosphaerella_cucumerina_MPI-CAGE-AT-0016,A_thaliana,3OMG,3-O-MG [Tf-T0],0,Ascomycota,Sordariomycetes,Glomerellales,Ascomycota
5631,AT0016,Plectosphaerella_cucumerina_MPI-CAGE-AT-0016,A_thaliana,3OMG,3-O-MG [Tf-T0],0.028911111,Ascomycota,Sordariomycetes,Glomerellales,Ascomycota
5642,AT0016,Plectosphaerella_cucumerina_MPI-CAGE-AT-0016,A_thaliana,3OMG,3-O-MG [Tf-T0],0.071111111,Ascomycota,Sordariomycetes,Glomerellales,Ascomycota
5652,AT0023,Fusarium_redolens_MPI-CAGE-AT-0023,A_thaliana,3OMG,3-O-MG [Tf-T0],0.176088889,Ascomycota,Sordariomycetes,Hypocreales,Ascomycota
5662,AT0023,Fusarium_redolens_MPI-CAGE-AT-0023,A_thaliana,3OMG,3-O-MG [Tf-T0],0.120833333,Ascomycota,Sordariomycetes,Hypocreales,Ascomycota
5671,AT0023,Fusarium_redolens_MPI-CAGE-AT-0023,A_thaliana,3OMG,3-O-MG [Tf-T0],0.108644444,Ascomycota,Sordariomycetes,Hypocreales,Ascomycota
5681,AT0026,Ilyonectria_europaea_MPI-CAGE-AT-0026,A_thaliana,3OMG,3-O-MG [Tf-T0],0.065688889,Ascomycota,Sordariomycetes,Hypocreales,Ascomycota
5691,AT0026,Ilyonectria_europaea_MPI-CAGE-AT-0026,A_thaliana,3OMG,3-O-MG [Tf-T0],0.116688889,Ascomycota,Sordariomycetes,Hypocreales,Ascomycota
5701,AT0026,Ilyonectria_europaea_MPI-CAGE-AT-0026,A_thaliana,3OMG,3-O-MG [Tf-T0],0.102055556,Ascomycota,Sordariomycetes,Hypocreales,Ascomycota
5711,AT0040,Alternaria_rosae_MPI-PUGE-AT-0040,A_thaliana,3OMG,3-O-MG [Tf-T0],0,Ascomycota,Dothideomycetes,Pleosporales,Ascomycota
5721,AT0040,Alternaria_rosae_MPI-PUGE-AT-0040,A_thaliana,3OMG,3-O-MG [Tf-T0],0,Ascomycota,Dothideomycetes,Pleosporales,Ascomycota
5731,AT0040,Alternaria_rosae_MPI-PUGE-AT-0040,A_thaliana,3OMG,3-O-MG [Tf-T0],0,Ascomycota,Dothideomycetes,Pleosporales,Ascomycota
5771,AT0064,Alternaria_alternata_MPI-PUGE-AT-0064,A_thaliana,Glucose,Glucose [Tf-T0],0,Ascomycota,Dothideomycetes,Pleosporales,Ascomycota
5781,AT0064,Alternaria_alternata_MPI-PUGE-AT-0064,A_thaliana,Glucose,Glucose [Tf-T0],0,Ascomycota,Dothideomycetes,Pleosporales,Ascomycota
5791,AT0064,Alternaria_alternata_MPI-PUGE-AT-0064,A_thaliana,Glucose,Glucose [Tf-T0],0,Ascomycota,Dothideomycetes,Pleosporales,Ascomycota
5801,AT0079,Chaetomium_globosum_MPI-SDFR-AT-0079,A_thaliana,Glucose,Glucose [Tf-T0],0.596,Ascomycota,Sordariomycetes,Sordariales,Ascomycota
5812,AT0079,Chaetomium_globosum_MPI-SDFR-AT-0079,A_thaliana,Glucose,Glucose [Tf-T0],0.595433333,Ascomycota,Sordariomycetes,Sordariales,Ascomycota
5822,AT0079,Chaetomium_globosum_MPI-SDFR-AT-0079,A_thaliana,Glucose,Glucose [Tf-T0],0.526322222,Ascomycota,Sordariomycetes,Sordariales,Ascomycota
5832,AT0100,Boeremia_exigua_MPI-SDFR-AT-0100,A_thaliana,Glucose,Glucose [Tf-T0],0.477611111,Ascomycota,Dothideomycetes,Pleosporales,Ascomycota
5842,AT0100,Boeremia_exigua_MPI-SDFR-AT-0100,A_thaliana,Glucose,Glucose [Tf-T0],0.506788889,Ascomycota,Dothideomycetes,Pleosporales,Ascomycota
5851,AT0100,Boeremia_exigua_MPI-SDFR-AT-0100,A_thaliana,Glucose,Glucose [Tf-T0],0.513322222,Ascomycota,Dothideomycetes,Pleosporales,Ascomycota
5861,AT0134,Ilyonectria_sp._MPI-CAGE-AT-0134,A_thaliana,Glucose,Glucose [Tf-T0],0.594222222,Ascomycota,Sordariomycetes,Hypocreales,Ascomycota
5871,AT0134,Ilyonectria_sp._MPI-CAGE-AT-0134,A_thaliana,Glucose,Glucose [Tf-T0],0.629477778,Ascomycota,Sordariomycetes,Hypocreales,Ascomycota
5882,AT0134,Ilyonectria_sp._MPI-CAGE-AT-0134,A_thaliana,Glucose,Glucose [Tf-T0],0.536788889,Ascomycota,Sordariomycetes,Hypocreales,Ascomycota
5892,AT0135,Halenospora_varia_MPI-CAGE-AT-0135,A_thaliana,Glucose,Glucose [Tf-T0],0.509766667,Ascomycota,Leotiomycetes,Helotiales,Ascomycota
5902,AT0135,Halenospora_varia_MPI-CAGE-AT-0135,A_thaliana,Glucose,Glucose [Tf-T0],0.5615,Ascomycota,Leotiomycetes,Helotiales,Ascomycota
5912,AT0135,Halenospora_varia_MPI-CAGE-AT-0135,A_thaliana,Glucose,Glucose [Tf-T0],0.553822222,Ascomycota,Leotiomycetes,Helotiales,Ascomycota
5921,AT0147,Dactylonectria_macrodidyma_MPI-CAGE-AT-0147,A_thaliana,Glucose,Glucose [Tf-T0],0.272211111,Ascomycota,Sordariomycetes,Hypocreales,Ascomycota
5931,AT0147,Dactylonectria_macrodidyma_MPI-CAGE-AT-0147,A_thaliana,Glucose,Glucose [Tf-T0],0.2784,Ascomycota,Sordariomycetes,Hypocreales,Ascomycota
5942,AT0147,Dactylonectria_macrodidyma_MPI-CAGE-AT-0147,A_thaliana,Glucose,Glucose [Tf-T0],0.247477778,Ascomycota,Sordariomycetes,Hypocreales,Ascomycota
5952,F1,Verticillium_dahliae_MPI-CAGE-AT-0001,A_thaliana,Glucose,Glucose [Tf-T0],0.476488889,Ascomycota,Sordariomycetes,Glomerellales,Ascomycota
5962,F1,Verticillium_dahliae_MPI-CAGE-AT-0001,A_thaliana,Glucose,Glucose [Tf-T0],0.4652,Ascomycota,Sordariomycetes,Glomerellales,Ascomycota
5971,F1,Verticillium_dahliae_MPI-CAGE-AT-0001,A_thaliana,Glucose,Glucose [Tf-T0],0.502344444,Ascomycota,Sordariomycetes,Glomerellales,Ascomycota
5981,F129,Chaetomium_sp._MPI-SDFR-AT-0129,A_thaliana,Glucose,Glucose [Tf-T0],0.273444444,Ascomycota,Sordariomycetes,Sordariales,Ascomycota
5991,F129,Chaetomium_sp._MPI-SDFR-AT-0129,A_thaliana,Glucose,Glucose [Tf-T0],0.343133333,Ascomycota,Sordariomycetes,Sordariales,Ascomycota
6002,F129,Chaetomium_sp._MPI-SDFR-AT-0129,A_thaliana,Glucose,Glucose [Tf-T0],0.391155556,Ascomycota,Sordariomycetes,Sordariales,Ascomycota
6013,F201,Fusarium_venenatum_MPI-CAGE-CH-0201,A_thaliana,Glucose,Glucose [Tf-T0],0.471266667,Ascomycota,Sordariomycetes,Hypocreales,Ascomycota
6022,F201,Fusarium_venenatum_MPI-CAGE-CH-0201,A_thaliana,Glucose,Glucose [Tf-T0],0.414266667,Ascomycota,Sordariomycetes,Hypocreales,Ascomycota
6031,F201,Fusarium_venenatum_MPI-CAGE-CH-0201,A_thaliana,Glucose,Glucose [Tf-T0],0.487633333,Ascomycota,Sordariomycetes,Hypocreales,Ascomycota
6041,F212,Fusarium_oxysporum_MPI-CAGE-CH-0212,A_thaliana,Glucose,Glucose [Tf-T0],0.4378,Ascomycota,Sordariomycetes,Hypocreales,Ascomycota
6051,F212,Fusarium_oxysporum_MPI-CAGE-CH-0212,A_thaliana,Glucose,Glucose [Tf-T0],0.386388889,Ascomycota,Sordariomycetes,Hypocreales,Ascomycota
6062,F212,Fusarium_oxysporum_MPI-CAGE-CH-0212,A_thaliana,Glucose,Glucose [Tf-T0],0.441688889,Ascomycota,Sordariomycetes,Hypocreales,Ascomycota
6072,F44,Fusarium_tricinctum_MPI-SDFR-AT-0044,A_thaliana,Glucose,Glucose [Tf-T0],0.427088889,Ascomycota,Sordariomycetes,Hypocreales,Ascomycota
6082,F44,Fusarium_tricinctum_MPI-SDFR-AT-0044,A_thaliana,Glucose,Glucose [Tf-T0],0.436766667,Ascomycota,Sordariomycetes,Hypocreales,Ascomycota
6091,F44,Fusarium_tricinctum_MPI-SDFR-AT-0044,A_thaliana,Glucose,Glucose [Tf-T0],0,Ascomycota,Sordariomycetes,Hypocreales,Ascomycota
6101,F68,Fusarium_tricinctum_MPI-SDFR-AT-0068,A_thaliana,Glucose,Glucose [Tf-T0],0.488766667,Ascomycota,Sordariomycetes,Hypocreales,Ascomycota
6111,F68,Fusarium_tricinctum_MPI-SDFR-AT-0068,A_thaliana,Glucose,Glucose [Tf-T0],0.474711111,Ascomycota,Sordariomycetes,Hypocreales,Ascomycota
6122,F68,Fusarium_tricinctum_MPI-SDFR-AT-0068,A_thaliana,Glucose,Glucose [Tf-T0],0.529044444,Ascomycota,Sordariomycetes,Hypocreales,Ascomycota
6132,F72,Fusarium_sp._MPI-SDFR-AT-0072,A_thaliana,Glucose,Glucose [Tf-T0],0.295544444,Ascomycota,Sordariomycetes,Hypocreales,Ascomycota
6142,F72,Fusarium_sp._MPI-SDFR-AT-0072,A_thaliana,Glucose,Glucose [Tf-T0],0.2766,Ascomycota,Sordariomycetes,Hypocreales,Ascomycota
6151,F72,Fusarium_sp._MPI-SDFR-AT-0072,A_thaliana,Glucose,Glucose [Tf-T0],0.314466667,Ascomycota,Sordariomycetes,Hypocreales,Ascomycota
6161,F7374,Truncatella_angustata_MPI-SDFR-AT-0073,A_thaliana,Glucose,Glucose [Tf-T0],0.385833333,Ascomycota,Sordariomycetes,Xylariales,Ascomycota
6171,F7374,Truncatella_angustata_MPI-SDFR-AT-0073,A_thaliana,Glucose,Glucose [Tf-T0],0.351488889,Ascomycota,Sordariomycetes,Xylariales,Ascomycota
6182,F7374,Truncatella_angustata_MPI-SDFR-AT-0073,A_thaliana,Glucose,Glucose [Tf-T0],0.455977778,Ascomycota,Sordariomycetes,Xylariales,Ascomycota
6192,F83,Sordaria_sp._MPI-SDFR-AT-0083,A_thaliana,Glucose,Glucose [Tf-T0],0,Ascomycota,Sordariomycetes,Sordariales,Ascomycota
6202,F83,Sordaria_sp._MPI-SDFR-AT-0083,A_thaliana,Glucose,Glucose [Tf-T0],0,Ascomycota,Sordariomycetes,Sordariales,Ascomycota
6211,F83,Sordaria_sp._MPI-SDFR-AT-0083,A_thaliana,Glucose,Glucose [Tf-T0],0,Ascomycota,Sordariomycetes,Sordariales,Ascomycota
6252,AT0064,Alternaria_alternata_MPI-PUGE-AT-0064,A_thaliana,3OMG,3-O-MG [Tf-T0],0,Ascomycota,Dothideomycetes,Pleosporales,Ascomycota
6262,AT0064,Alternaria_alternata_MPI-PUGE-AT-0064,A_thaliana,3OMG,3-O-MG [Tf-T0],0,Ascomycota,Dothideomycetes,Pleosporales,Ascomycota
6271,AT0064,Alternaria_alternata_MPI-PUGE-AT-0064,A_thaliana,3OMG,3-O-MG [Tf-T0],0,Ascomycota,Dothideomycetes,Pleosporales,Ascomycota
6281,AT0079,Chaetomium_globosum_MPI-SDFR-AT-0079,A_thaliana,3OMG,3-O-MG [Tf-T0],0.022822222,Ascomycota,Sordariomycetes,Sordariales,Ascomycota
6291,AT0079,Chaetomium_globosum_MPI-SDFR-AT-0079,A_thaliana,3OMG,3-O-MG [Tf-T0],0,Ascomycota,Sordariomycetes,Sordariales,Ascomycota
6301,AT0079,Chaetomium_globosum_MPI-SDFR-AT-0079,A_thaliana,3OMG,3-O-MG [Tf-T0],0.031388889,Ascomycota,Sordariomycetes,Sordariales,Ascomycota
6311,AT0100,Boeremia_exigua_MPI-SDFR-AT-0100,A_thaliana,3OMG,3-O-MG [Tf-T0],0.151644444,Ascomycota,Dothideomycetes,Pleosporales,Ascomycota
6321,AT0100,Boeremia_exigua_MPI-SDFR-AT-0100,A_thaliana,3OMG,3-O-MG [Tf-T0],0.196555556,Ascomycota,Dothideomycetes,Pleosporales,Ascomycota
6331,AT0100,Boeremia_exigua_MPI-SDFR-AT-0100,A_thaliana,3OMG,3-O-MG [Tf-T0],0.222722222,Ascomycota,Dothideomycetes,Pleosporales,Ascomycota
6341,AT0134,Ilyonectria_sp._MPI-CAGE-AT-0134,A_thaliana,3OMG,3-O-MG [Tf-T0],0.225477778,Ascomycota,Sordariomycetes,Hypocreales,Ascomycota
6351,AT0134,Ilyonectria_sp._MPI-CAGE-AT-0134,A_thaliana,3OMG,3-O-MG [Tf-T0],0.184755556,Ascomycota,Sordariomycetes,Hypocreales,Ascomycota
6362,AT0134,Ilyonectria_sp._MPI-CAGE-AT-0134,A_thaliana,3OMG,3-O-MG [Tf-T0],0.253433333,Ascomycota,Sordariomycetes,Hypocreales,Ascomycota
6372,AT0135,Halenospora_varia_MPI-CAGE-AT-0135,A_thaliana,3OMG,3-O-MG [Tf-T0],0.195988889,Ascomycota,Leotiomycetes,Helotiales,Ascomycota
6382,AT0135,Halenospora_varia_MPI-CAGE-AT-0135,A_thaliana,3OMG,3-O-MG [Tf-T0],0.1541,Ascomycota,Leotiomycetes,Helotiales,Ascomycota
6391,AT0135,Halenospora_varia_MPI-CAGE-AT-0135,A_thaliana,3OMG,3-O-MG [Tf-T0],0.1473,Ascomycota,Leotiomycetes,Helotiales,Ascomycota
6401,AT0147,Dactylonectria_macrodidyma_MPI-CAGE-AT-0147,A_thaliana,3OMG,3-O-MG [Tf-T0],0.119088889,Ascomycota,Sordariomycetes,Hypocreales,Ascomycota
6413,AT0147,Dactylonectria_macrodidyma_MPI-CAGE-AT-0147,A_thaliana,3OMG,3-O-MG [Tf-T0],0.085122222,Ascomycota,Sordariomycetes,Hypocreales,Ascomycota
6422,AT0147,Dactylonectria_macrodidyma_MPI-CAGE-AT-0147,A_thaliana,3OMG,3-O-MG [Tf-T0],0.115988889,Ascomycota,Sordariomycetes,Hypocreales,Ascomycota
6432,F1,Verticillium_dahliae_MPI-CAGE-AT-0001,A_thaliana,3OMG,3-O-MG [Tf-T0],0.037811111,Ascomycota,Sordariomycetes,Glomerellales,Ascomycota
6441,F1,Verticillium_dahliae_MPI-CAGE-AT-0001,A_thaliana,3OMG,3-O-MG [Tf-T0],0.036533333,Ascomycota,Sordariomycetes,Glomerellales,Ascomycota
6451,F1,Verticillium_dahliae_MPI-CAGE-AT-0001,A_thaliana,3OMG,3-O-MG [Tf-T0],0.035266667,Ascomycota,Sordariomycetes,Glomerellales,Ascomycota
6461,F129,Chaetomium_sp._MPI-SDFR-AT-0129,A_thaliana,3OMG,3-O-MG [Tf-T0],0.0362,Ascomycota,Sordariomycetes,Sordariales,Ascomycota
6472,F129,Chaetomium_sp._MPI-SDFR-AT-0129,A_thaliana,3OMG,3-O-MG [Tf-T0],0.035155556,Ascomycota,Sordariomycetes,Sordariales,Ascomycota
6482,F129,Chaetomium_sp._MPI-SDFR-AT-0129,A_thaliana,3OMG,3-O-MG [Tf-T0],0.067933333,Ascomycota,Sordariomycetes,Sordariales,Ascomycota
6492,F201,Fusarium_venenatum_MPI-CAGE-CH-0201,A_thaliana,3OMG,3-O-MG [Tf-T0],0.183266667,Ascomycota,Sordariomycetes,Hypocreales,Ascomycota
6501,F201,Fusarium_venenatum_MPI-CAGE-CH-0201,A_thaliana,3OMG,3-O-MG [Tf-T0],0.133166667,Ascomycota,Sordariomycetes,Hypocreales,Ascomycota
6512,F201,Fusarium_venenatum_MPI-CAGE-CH-0201,A_thaliana,3OMG,3-O-MG [Tf-T0],0.083444444,Ascomycota,Sordariomycetes,Hypocreales,Ascomycota
6521,F212,Fusarium_oxysporum_MPI-CAGE-CH-0212,A_thaliana,3OMG,3-O-MG [Tf-T0],0.103588889,Ascomycota,Sordariomycetes,Hypocreales,Ascomycota
6532,F212,Fusarium_oxysporum_MPI-CAGE-CH-0212,A_thaliana,3OMG,3-O-MG [Tf-T0],0.087688889,Ascomycota,Sordariomycetes,Hypocreales,Ascomycota
6542,F212,Fusarium_oxysporum_MPI-CAGE-CH-0212,A_thaliana,3OMG,3-O-MG [Tf-T0],0.118533333,Ascomycota,Sordariomycetes,Hypocreales,Ascomycota
6552,F44,Fusarium_tricinctum_MPI-SDFR-AT-0044,A_thaliana,3OMG,3-O-MG [Tf-T0],0.144666667,Ascomycota,Sordariomycetes,Hypocreales,Ascomycota
6561,F44,Fusarium_tricinctum_MPI-SDFR-AT-0044,A_thaliana,3OMG,3-O-MG [Tf-T0],0.1523,Ascomycota,Sordariomycetes,Hypocreales,Ascomycota
6571,F44,Fusarium_tricinctum_MPI-SDFR-AT-0044,A_thaliana,3OMG,3-O-MG [Tf-T0],0.155455556,Ascomycota,Sordariomycetes,Hypocreales,Ascomycota
6581,F68,Fusarium_tricinctum_MPI-SDFR-AT-0068,A_thaliana,3OMG,3-O-MG [Tf-T0],0.117966667,Ascomycota,Sordariomycetes,Hypocreales,Ascomycota
6592,F68,Fusarium_tricinctum_MPI-SDFR-AT-0068,A_thaliana,3OMG,3-O-MG [Tf-T0],0.069388889,Ascomycota,Sordariomycetes,Hypocreales,Ascomycota
6602,F68,Fusarium_tricinctum_MPI-SDFR-AT-0068,A_thaliana,3OMG,3-O-MG [Tf-T0],0.189077778,Ascomycota,Sordariomycetes,Hypocreales,Ascomycota
6613,F72,Fusarium_sp._MPI-SDFR-AT-0072,A_thaliana,3OMG,3-O-MG [Tf-T0],0.257877778,Ascomycota,Sordariomycetes,Hypocreales,Ascomycota
6621,F72,Fusarium_sp._MPI-SDFR-AT-0072,A_thaliana,3OMG,3-O-MG [Tf-T0],0.151166667,Ascomycota,Sordariomycetes,Hypocreales,Ascomycota
6631,F72,Fusarium_sp._MPI-SDFR-AT-0072,A_thaliana,3OMG,3-O-MG [Tf-T0],0.134122222,Ascomycota,Sordariomycetes,Hypocreales,Ascomycota
6641,F7374,Truncatella_angustata_MPI-SDFR-AT-0073,A_thaliana,3OMG,3-O-MG [Tf-T0],0.184366667,Ascomycota,Sordariomycetes,Xylariales,Ascomycota
6651,F7374,Truncatella_angustata_MPI-SDFR-AT-0073,A_thaliana,3OMG,3-O-MG [Tf-T0],0.172488889,Ascomycota,Sordariomycetes,Xylariales,Ascomycota
6661,F7374,Truncatella_angustata_MPI-SDFR-AT-0073,A_thaliana,3OMG,3-O-MG [Tf-T0],0.1714,Ascomycota,Sordariomycetes,Xylariales,Ascomycota
6671,F83,Sordaria_sp._MPI-SDFR-AT-0083,A_thaliana,3OMG,3-O-MG [Tf-T0],0,Ascomycota,Sordariomycetes,Sordariales,Ascomycota
6681,F83,Sordaria_sp._MPI-SDFR-AT-0083,A_thaliana,3OMG,3-O-MG [Tf-T0],0.004555556,Ascomycota,Sordariomycetes,Sordariales,Ascomycota
6691,F83,Sordaria_sp._MPI-SDFR-AT-0083,A_thaliana,3OMG,3-O-MG [Tf-T0],0,Ascomycota,Sordariomycetes,Sordariales,Ascomycota
6731,Bn_01,Bn_01,B_napus,Water,water [Tf-T0],0.155322222,Ascomycota,Sordariomycetes,Hypocreales,Ascomycota
6741,Bn_01,Bn_01,B_napus,Water,water [Tf-T0],0.112833333,Ascomycota,Sordariomycetes,Hypocreales,Ascomycota
6751,Bn_01,Bn_01,B_napus,Water,water [Tf-T0],0.1314,Ascomycota,Sordariomycetes,Hypocreales,Ascomycota
676,Bn_03,Bn_03,B_napus,Water,water [Tf-T0],0.158122222,Ascomycota,Dothideomycetes,Cladosporiales,Ascomycota
6771,Bn_03,Bn_03,B_napus,Water,water [Tf-T0],0.190566667,Ascomycota,Dothideomycetes,Cladosporiales,Ascomycota
6781,Bn_03,Bn_03,B_napus,Water,water [Tf-T0],0.168,Ascomycota,Dothideomycetes,Cladosporiales,Ascomycota
6791,Bn_05,Bn_05,B_napus,Water,water [Tf-T0],0.146255556,Ascomycota,Sordariomycetes,Hypocreales,Ascomycota
680,Bn_05,Bn_05,B_napus,Water,water [Tf-T0],0.1334,Ascomycota,Sordariomycetes,Hypocreales,Ascomycota
681,Bn_05,Bn_05,B_napus,Water,water [Tf-T0],0.198877778,Ascomycota,Sordariomycetes,Hypocreales,Ascomycota
682,Bn_06,Bn_06,B_napus,Water,water [Tf-T0],0.217244444,Mucoromycota,Mucoromycetes,Mucorales,Mucoromycota
6831,Bn_06,Bn_06,B_napus,Water,water [Tf-T0],0.189577778,Mucoromycota,Mucoromycetes,Mucorales,Mucoromycota
6841,Bn_06,Bn_06,B_napus,Water,water [Tf-T0],0.236755556,Mucoromycota,Mucoromycetes,Mucorales,Mucoromycota
6851,Bn_07,Bn_07,B_napus,Water,water [Tf-T0],0.0785,Mucoromycota,Mucoromycetes,Mucorales,Mucoromycota
686,Bn_07,Bn_07,B_napus,Water,water [Tf-T0],0,Mucoromycota,Mucoromycetes,Mucorales,Mucoromycota
687,Bn_07,Bn_07,B_napus,Water,water [Tf-T0],0,Mucoromycota,Mucoromycetes,Mucorales,Mucoromycota
688,Bn_08,Bn_08,B_napus,Water,water [Tf-T0],0,Mucoromycota,Mucoromycetes,Mucorales,Mucoromycota
6891,Bn_08,Bn_08,B_napus,Water,water [Tf-T0],0,Mucoromycota,Mucoromycetes,Mucorales,Mucoromycota
6901,Bn_08,Bn_08,B_napus,Water,water [Tf-T0],0,Mucoromycota,Mucoromycetes,Mucorales,Mucoromycota
6911,Bn_09,Bn_09,B_napus,Water,water [Tf-T0],0,Ascomycota,Sordariomycetes,Hypocreales,Ascomycota
692,Bn_09,Bn_09,B_napus,Water,water [Tf-T0],0.005977778,Ascomycota,Sordariomycetes,Hypocreales,Ascomycota
693,Bn_09,Bn_09,B_napus,Water,water [Tf-T0],0,Ascomycota,Sordariomycetes,Hypocreales,Ascomycota
6941,Bn_10,Bn_10,B_napus,Water,water [Tf-T0],0.164744444,Ascomycota,Sordariomycetes,Hypocreales,Ascomycota
6952,Bn_10,Bn_10,B_napus,Water,water [Tf-T0],0.160733333,Ascomycota,Sordariomycetes,Hypocreales,Ascomycota
6962,Bn_10,Bn_10,B_napus,Water,water [Tf-T0],0.235122222,Ascomycota,Sordariomycetes,Hypocreales,Ascomycota
6971,Bn_11,Bn_11,B_napus,Water,water [Tf-T0],0.104488889,Ascomycota,Eurotiomycetes,Eurotiales,Ascomycota
698,Bn_11,Bn_11,B_napus,Water,water [Tf-T0],0.010622222,Ascomycota,Eurotiomycetes,Eurotiales,Ascomycota
699,Bn_11,Bn_11,B_napus,Water,water [Tf-T0],0.009688889,Ascomycota,Eurotiomycetes,Eurotiales,Ascomycota
700,Bn_14,Bn_14,B_napus,Water,water [Tf-T0],0.110755556,Ascomycota,Dothideomycetes,Pleosporales,Ascomycota
7012,Bn_14,Bn_14,B_napus,Water,water [Tf-T0],0.077011111,Ascomycota,Dothideomycetes,Pleosporales,Ascomycota
7021,Bn_14,Bn_14,B_napus,Water,water [Tf-T0],0.131377778,Ascomycota,Dothideomycetes,Pleosporales,Ascomycota
7031,Bn_15,Bn_15,B_napus,Water,water [Tf-T0],0.017344444,Ascomycota,Dothideomycetes,Cladosporiales,Ascomycota
704,Bn_15,Bn_15,B_napus,Water,water [Tf-T0],0.035655556,Ascomycota,Dothideomycetes,Cladosporiales,Ascomycota
705,Bn_15,Bn_15,B_napus,Water,water [Tf-T0],0.017655556,Ascomycota,Dothideomycetes,Cladosporiales,Ascomycota
706,Bn_16,Bn_16,B_napus,Water,water [Tf-T0],0.142855556,Ascomycota,Sordariomycetes,Hypocreales,Ascomycota
7071,Bn_16,Bn_16,B_napus,Water,water [Tf-T0],0.152688889,Ascomycota,Sordariomycetes,Hypocreales,Ascomycota
7081,Bn_16,Bn_16,B_napus,Water,water [Tf-T0],0.219577778,Ascomycota,Sordariomycetes,Hypocreales,Ascomycota
7091,Bn_17,Bn_17,B_napus,Water,water [Tf-T0],0.1184,Ascomycota,Eurotiomycetes,Eurotiales,Ascomycota
710,Bn_17,Bn_17,B_napus,Water,water [Tf-T0],0.074244444,Ascomycota,Eurotiomycetes,Eurotiales,Ascomycota
711,Bn_17,Bn_17,B_napus,Water,water [Tf-T0],0.049688889,Ascomycota,Eurotiomycetes,Eurotiales,Ascomycota
712,Bn_18,Bn_18,B_napus,Water,water [Tf-T0],0.091422222,Ascomycota,Sordariomycetes,Hypocreales,Ascomycota
7131,Bn_18,Bn_18,B_napus,Water,water [Tf-T0],0.073933333,Ascomycota,Sordariomycetes,Hypocreales,Ascomycota
7141,Bn_18,Bn_18,B_napus,Water,water [Tf-T0],0.095988889,Ascomycota,Sordariomycetes,Hypocreales,Ascomycota
7152,Bn_19,Bn_19,B_napus,Water,water [Tf-T0],0,Mucoromycota,Mucoromycetes,Mucorales,Mucoromycota
7161,Bn_19,Bn_19,B_napus,Water,water [Tf-T0],0.012844444,Mucoromycota,Mucoromycetes,Mucorales,Mucoromycota
7171,Bn_19,Bn_19,B_napus,Water,water [Tf-T0],0,Mucoromycota,Mucoromycetes,Mucorales,Mucoromycota
7213,Bn_21,Bn_21,B_napus,Water,water [Tf-T0],0.178711111,Mucoromycota,Mortierellomycetes,Mortierellales,Mucoromycota
7221,Bn_21,Bn_21,B_napus,Water,water [Tf-T0],0.103877778,Mucoromycota,Mortierellomycetes,Mortierellales,Mucoromycota
7231,Bn_21,Bn_21,B_napus,Water,water [Tf-T0],0.074388889,Mucoromycota,Mortierellomycetes,Mortierellales,Mucoromycota
7241,Bn_22,Bn_22,B_napus,Water,water [Tf-T0],0.1071,Ascomycota,Eurotiomycetes,Eurotiales,Ascomycota
7251,Bn_22,Bn_22,B_napus,Water,water [Tf-T0],0.106888889,Ascomycota,Eurotiomycetes,Eurotiales,Ascomycota
7261,Bn_22,Bn_22,B_napus,Water,water [Tf-T0],0.114666667,Ascomycota,Eurotiomycetes,Eurotiales,Ascomycota
7271,Bn_24,Bn_24,B_napus,Water,water [Tf-T0],0.054311111,Ascomycota,Dothideomycetes,Pleosporales,Ascomycota
7281,Bn_24,Bn_24,B_napus,Water,water [Tf-T0],0.025155556,Ascomycota,Dothideomycetes,Pleosporales,Ascomycota
7291,Bn_24,Bn_24,B_napus,Water,water [Tf-T0],0.009188889,Ascomycota,Dothideomycetes,Pleosporales,Ascomycota
7301,Bn_25,Bn_25,B_napus,Water,water [Tf-T0],0.045933333,Ascomycota,Eurotiomycetes,Eurotiales,Ascomycota
7312,Bn_25,Bn_25,B_napus,Water,water [Tf-T0],0.030255556,Ascomycota,Eurotiomycetes,Eurotiales,Ascomycota
7322,Bn_25,Bn_25,B_napus,Water,water [Tf-T0],0.186477778,Ascomycota,Eurotiomycetes,Eurotiales,Ascomycota
7332,Bn_26,Bn_26,B_napus,Water,water [Tf-T0],0.1498,Ascomycota,Eurotiomycetes,Eurotiales,Ascomycota
7341,Bn_26,Bn_26,B_napus,Water,water [Tf-T0],0.084855556,Ascomycota,Eurotiomycetes,Eurotiales,Ascomycota
7351,Bn_26,Bn_26,B_napus,Water,water [Tf-T0],0.076888889,Ascomycota,Eurotiomycetes,Eurotiales,Ascomycota
7362,Bn_27,Bn_27,B_napus,Water,water [Tf-T0],0,Mucoromycota,Mortierellomycetes,Mortierellales,Mucoromycota
7372,Bn_27,Bn_27,B_napus,Water,water [Tf-T0],0,Mucoromycota,Mortierellomycetes,Mortierellales,Mucoromycota
7382,Bn_27,Bn_27,B_napus,Water,water [Tf-T0],0,Mucoromycota,Mortierellomycetes,Mortierellales,Mucoromycota
7391,Bn_28,Bn_28,B_napus,Water,water [Tf-T0],0.004144444,Ascomycota,Eurotiomycetes,Eurotiales,Ascomycota
7401,Bn_28,Bn_28,B_napus,Water,water [Tf-T0],0.001811111,Ascomycota,Eurotiomycetes,Eurotiales,Ascomycota
7411,Bn_28,Bn_28,B_napus,Water,water [Tf-T0],0.001333333,Ascomycota,Eurotiomycetes,Eurotiales,Ascomycota
7422,Bn_29,Bn_29,B_napus,Water,water [Tf-T0],0,Ascomycota,Eurotiomycetes,Eurotiales,Ascomycota
7432,Bn_29,Bn_29,B_napus,Water,water [Tf-T0],0,Ascomycota,Eurotiomycetes,Eurotiales,Ascomycota
7442,Bn_29,Bn_29,B_napus,Water,water [Tf-T0],0.109522222,Ascomycota,Eurotiomycetes,Eurotiales,Ascomycota
7451,Bn_30,Bn_30,B_napus,Water,water [Tf-T0],0.217377778,Ascomycota,Sordariomycetes,Hypocreales,Ascomycota
7461,Bn_30,Bn_30,B_napus,Water,water [Tf-T0],0.174888889,Ascomycota,Sordariomycetes,Hypocreales,Ascomycota
7471,Bn_30,Bn_30,B_napus,Water,water [Tf-T0],0.132533333,Ascomycota,Sordariomycetes,Hypocreales,Ascomycota
7482,Bn_31,Bn_31,B_napus,Water,water [Tf-T0],0,Ascomycota,Leotiomycetes,Helotiales,Ascomycota
7492,Bn_31,Bn_31,B_napus,Water,water [Tf-T0],0.0014,Ascomycota,Leotiomycetes,Helotiales,Ascomycota
7502,Bn_31,Bn_31,B_napus,Water,water [Tf-T0],0,Ascomycota,Leotiomycetes,Helotiales,Ascomycota
7511,Bn_32,Bn_32,B_napus,Water,water [Tf-T0],0.021377778,Ascomycota,Eurotiomycetes,Eurotiales,Ascomycota
7521,Bn_32,Bn_32,B_napus,Water,water [Tf-T0],0.025044444,Ascomycota,Eurotiomycetes,Eurotiales,Ascomycota
7531,Bn_32,Bn_32,B_napus,Water,water [Tf-T0],0.024511111,Ascomycota,Eurotiomycetes,Eurotiales,Ascomycota
7542,Bn_33,Bn_33,B_napus,Water,water [Tf-T0],0.051688889,Ascomycota,Eurotiomycetes,Eurotiales,Ascomycota
7552,Bn_33,Bn_33,B_napus,Water,water [Tf-T0],0.088311111,Ascomycota,Eurotiomycetes,Eurotiales,Ascomycota
7562,Bn_33,Bn_33,B_napus,Water,water [Tf-T0],0.210611111,Ascomycota,Eurotiomycetes,Eurotiales,Ascomycota
7571,Bn_34,Bn_34,B_napus,Water,water [Tf-T0],0.263088889,Ascomycota,Dothideomycetes,Cladosporiales,Ascomycota
7581,Bn_34,Bn_34,B_napus,Water,water [Tf-T0],0.223477778,Ascomycota,Dothideomycetes,Cladosporiales,Ascomycota
7591,Bn_34,Bn_34,B_napus,Water,water [Tf-T0],0.2028,Ascomycota,Dothideomycetes,Cladosporiales,Ascomycota
7601,Bn_35,Bn_35,B_napus,Water,water [Tf-T0],0.167722222,Ascomycota,Eurotiomycetes,Eurotiales,Ascomycota
7612,Bn_35,Bn_35,B_napus,Water,water [Tf-T0],0.177144444,Ascomycota,Eurotiomycetes,Eurotiales,Ascomycota
7621,Bn_35,Bn_35,B_napus,Water,water [Tf-T0],0.165022222,Ascomycota,Eurotiomycetes,Eurotiales,Ascomycota
7631,Bn_37,Bn_37,B_napus,Water,water [Tf-T0],0.161244444,NA,NA,NA,NA
7641,Bn_37,Bn_37,B_napus,Water,water [Tf-T0],0.153188889,NA,NA,NA,NA
7651,Bn_37,Bn_37,B_napus,Water,water [Tf-T0],0.211277778,NA,NA,NA,NA
7691,Bn_38,Bn_38,B_napus,Water,water [Tf-T0],0.078555556,Ascomycota,Sordariomycetes,Hypocreales,Ascomycota
7701,Bn_38,Bn_38,B_napus,Water,water [Tf-T0],0.0334,Ascomycota,Sordariomycetes,Hypocreales,Ascomycota
7712,Bn_38,Bn_38,B_napus,Water,water [Tf-T0],0.053577778,Ascomycota,Sordariomycetes,Hypocreales,Ascomycota
7722,Bn_41,Bn_41,B_napus,Water,water [Tf-T0],0.067644444,Ascomycota,Eurotiomycetes,Eurotiales,Ascomycota
7732,Bn_41,Bn_41,B_napus,Water,water [Tf-T0],0.098388889,Ascomycota,Eurotiomycetes,Eurotiales,Ascomycota
7742,Bn_41,Bn_41,B_napus,Water,water [Tf-T0],0.102488889,Ascomycota,Eurotiomycetes,Eurotiales,Ascomycota
7751,Bn_43,Bn_43,B_napus,Water,water [Tf-T0],0.184955556,Ascomycota,Dothideomycetes,Cladosporiales,Ascomycota
7761,Bn_43,Bn_43,B_napus,Water,water [Tf-T0],0.210722222,Ascomycota,Dothideomycetes,Cladosporiales,Ascomycota
7771,Bn_43,Bn_43,B_napus,Water,water [Tf-T0],0.225466667,Ascomycota,Dothideomycetes,Cladosporiales,Ascomycota
7782,Bn_44,Bn_44,B_napus,Water,water [Tf-T0],0.120844444,Ascomycota,Eurotiomycetes,Eurotiales,Ascomycota
7792,Bn_44,Bn_44,B_napus,Water,water [Tf-T0],0.165611111,Ascomycota,Eurotiomycetes,Eurotiales,Ascomycota
7802,Bn_44,Bn_44,B_napus,Water,water [Tf-T0],0.135888889,Ascomycota,Eurotiomycetes,Eurotiales,Ascomycota
7812,Bn_46,Bn_46,B_napus,Water,water [Tf-T0],0.043611111,Ascomycota,Sordariomycetes,Hypocreales,Ascomycota
7821,Bn_46,Bn_46,B_napus,Water,water [Tf-T0],0,Ascomycota,Sordariomycetes,Hypocreales,Ascomycota
7831,Bn_46,Bn_46,B_napus,Water,water [Tf-T0],0.008111111,Ascomycota,Sordariomycetes,Hypocreales,Ascomycota
7842,Bn_47,Bn_47,B_napus,Water,water [Tf-T0],0.017844444,Ascomycota,Eurotiomycetes,Eurotiales,Ascomycota
7852,Bn_47,Bn_47,B_napus,Water,water [Tf-T0],0.017411111,Ascomycota,Eurotiomycetes,Eurotiales,Ascomycota
7862,Bn_47,Bn_47,B_napus,Water,water [Tf-T0],0.026022222,Ascomycota,Eurotiomycetes,Eurotiales,Ascomycota
7871,Bn_50,Bn_50,B_napus,Water,water [Tf-T0],0,Mucoromycota,Mucoromycetes,Mucorales,Mucoromycota
7881,Bn_50,Bn_50,B_napus,Water,water [Tf-T0],0,Mucoromycota,Mucoromycetes,Mucorales,Mucoromycota
7891,Bn_50,Bn_50,B_napus,Water,water [Tf-T0],0,Mucoromycota,Mucoromycetes,Mucorales,Mucoromycota
7902,Bn_52,Bn_52,B_napus,Water,water [Tf-T0],0,Mucoromycota,Mucoromycetes,Mucorales,Mucoromycota
7912,Bn_52,Bn_52,B_napus,Water,water [Tf-T0],0,Mucoromycota,Mucoromycetes,Mucorales,Mucoromycota
7922,Bn_52,Bn_52,B_napus,Water,water [Tf-T0],0.035211111,Mucoromycota,Mucoromycetes,Mucorales,Mucoromycota
7931,Bn_53,Bn_53,B_napus,Water,water [Tf-T0],0.017388889,Mucoromycota,Mucoromycetes,Mucorales,Mucoromycota
7941,Bn_53,Bn_53,B_napus,Water,water [Tf-T0],0,Mucoromycota,Mucoromycetes,Mucorales,Mucoromycota
7951,Bn_53,Bn_53,B_napus,Water,water [Tf-T0],0,Mucoromycota,Mucoromycetes,Mucorales,Mucoromycota
7962,Bn_54,Bn_54,B_napus,Water,water [Tf-T0],0.014277778,Mucoromycota,Mortierellomycetes,Mortierellales,Mucoromycota
7972,Bn_54,Bn_54,B_napus,Water,water [Tf-T0],0,Mucoromycota,Mortierellomycetes,Mortierellales,Mucoromycota
7982,Bn_54,Bn_54,B_napus,Water,water [Tf-T0],0.025288889,Mucoromycota,Mortierellomycetes,Mortierellales,Mucoromycota
7991,Bn_56,Bn_56,B_napus,Water,water [Tf-T0],0,Mucoromycota,Mortierellomycetes,Mortierellales,Mucoromycota
8001,Bn_56,Bn_56,B_napus,Water,water [Tf-T0],0,Mucoromycota,Mortierellomycetes,Mortierellales,Mucoromycota
8011,Bn_56,Bn_56,B_napus,Water,water [Tf-T0],0,Mucoromycota,Mortierellomycetes,Mortierellales,Mucoromycota
8022,Bn_57,Bn_57,B_napus,Water,water [Tf-T0],0.023611111,NA,NA,NA,NA
8032,Bn_57,Bn_57,B_napus,Water,water [Tf-T0],0.034266667,NA,NA,NA,NA
8042,Bn_57,Bn_57,B_napus,Water,water [Tf-T0],0.145011111,NA,NA,NA,NA
8051,Bn_59,Bn_59,B_napus,Water,water [Tf-T0],0.062988889,Ascomycota,Dothideomycetes,Cladosporiales,Ascomycota
8061,Bn_59,Bn_59,B_napus,Water,water [Tf-T0],0.0205,Ascomycota,Dothideomycetes,Cladosporiales,Ascomycota
8071,Bn_59,Bn_59,B_napus,Water,water [Tf-T0],0,Ascomycota,Dothideomycetes,Cladosporiales,Ascomycota
8081,Bn_60,Bn_60,B_napus,Water,water [Tf-T0],0.038066667,Ascomycota,Eurotiomycetes,Eurotiales,Ascomycota
8091,Bn_60,Bn_60,B_napus,Water,water [Tf-T0],0,Ascomycota,Eurotiomycetes,Eurotiales,Ascomycota
8101,Bn_60,Bn_60,B_napus,Water,water [Tf-T0],0.082966667,Ascomycota,Eurotiomycetes,Eurotiales,Ascomycota
8112,Bn_62,Bn_62,B_napus,Water,water [Tf-T0],0.092333333,Ascomycota,Eurotiomycetes,Eurotiales,Ascomycota
8121,Bn_62,Bn_62,B_napus,Water,water [Tf-T0],0.060577778,Ascomycota,Eurotiomycetes,Eurotiales,Ascomycota
8131,Bn_62,Bn_62,B_napus,Water,water [Tf-T0],0.092388889,Ascomycota,Eurotiomycetes,Eurotiales,Ascomycota
8171,Bn_63,Bn_63,B_napus,Water,water [Tf-T0],0.061122222,Ascomycota,Leotiomycetes,Thelebolales,Ascomycota
8181,Bn_63,Bn_63,B_napus,Water,water [Tf-T0],0,Ascomycota,Leotiomycetes,Thelebolales,Ascomycota
8191,Bn_63,Bn_63,B_napus,Water,water [Tf-T0],0,Ascomycota,Leotiomycetes,Thelebolales,Ascomycota
8201,Bn_64,Bn_64,B_napus,Water,water [Tf-T0],0,Ascomycota,Sordariomycetes,Glomerellales,Ascomycota
8212,Bn_64,Bn_64,B_napus,Water,water [Tf-T0],0,Ascomycota,Sordariomycetes,Glomerellales,Ascomycota
8221,Bn_64,Bn_64,B_napus,Water,water [Tf-T0],0,Ascomycota,Sordariomycetes,Glomerellales,Ascomycota
8231,Bn_67,Bn_67,B_napus,Water,water [Tf-T0],0,Ascomycota,Dothideomycetes,Pleosporales,Ascomycota
8241,Bn_67,Bn_67,B_napus,Water,water [Tf-T0],0.019833333,Ascomycota,Dothideomycetes,Pleosporales,Ascomycota
8251,Bn_67,Bn_67,B_napus,Water,water [Tf-T0],0.017344444,Ascomycota,Dothideomycetes,Pleosporales,Ascomycota
8262,Bn_68,Bn_68,B_napus,Water,water [Tf-T0],0.081477778,Ascomycota,Eurotiomycetes,Eurotiales,Ascomycota
8272,Bn_68,Bn_68,B_napus,Water,water [Tf-T0],0.038022222,Ascomycota,Eurotiomycetes,Eurotiales,Ascomycota
8282,Bn_68,Bn_68,B_napus,Water,water [Tf-T0],0.121277778,Ascomycota,Eurotiomycetes,Eurotiales,Ascomycota
8291,Fusarium,Fusarium,T_aestivum,Water,water [Tf-T0],0.053044444,Ascomycota,Sordariomycetes,Hypocreales,Ascomycota
8301,Fusarium,Fusarium,T_aestivum,Water,water [Tf-T0],0.107822222,Ascomycota,Sordariomycetes,Hypocreales,Ascomycota
8312,Fusarium,Fusarium,T_aestivum,Water,water [Tf-T0],0.016033333,Ascomycota,Sordariomycetes,Hypocreales,Ascomycota
8322,Rhizoctonia,Rhizoctonia,B_napus,Water,water [Tf-T0],0.037811111,Basidiomycota,Agaricomycetes,Cantharellales,Basidiomycota
8332,Rhizoctonia,Rhizoctonia,B_napus,Water,water [Tf-T0],0,Basidiomycota,Agaricomycetes,Cantharellales,Basidiomycota
8342,Rhizoctonia,Rhizoctonia,B_napus,Water,water [Tf-T0],0.045044444,Basidiomycota,Agaricomycetes,Cantharellales,Basidiomycota
8351,Ta_01,Ta_01,T_aestivum,Water,water [Tf-T0],0,Ascomycota,Sordariomycetes,Hypocreales,Ascomycota
8361,Ta_01,Ta_01,T_aestivum,Water,water [Tf-T0],0,Ascomycota,Sordariomycetes,Hypocreales,Ascomycota
8371,Ta_01,Ta_01,T_aestivum,Water,water [Tf-T0],0.000977778,Ascomycota,Sordariomycetes,Hypocreales,Ascomycota
8382,Ta_02,Ta_02,T_aestivum,Water,water [Tf-T0],0.056066667,Ascomycota,Sordariomycetes,Sordariales,Ascomycota
8392,Ta_02,Ta_02,T_aestivum,Water,water [Tf-T0],0.055577778,Ascomycota,Sordariomycetes,Sordariales,Ascomycota
8402,Ta_02,Ta_02,T_aestivum,Water,water [Tf-T0],0.1343,Ascomycota,Sordariomycetes,Sordariales,Ascomycota
8411,Ta_03,Ta_03,T_aestivum,Water,water [Tf-T0],0.0362,Ascomycota,Dothideomycetes,Pleosporales,Ascomycota
8421,Ta_03,Ta_03,T_aestivum,Water,water [Tf-T0],0,Ascomycota,Dothideomycetes,Pleosporales,Ascomycota
8431,Ta_03,Ta_03,T_aestivum,Water,water [Tf-T0],0.133033333,Ascomycota,Dothideomycetes,Pleosporales,Ascomycota
8442,Ta_04,Ta_04,T_aestivum,Water,water [Tf-T0],0.0065,Ascomycota,Eurotiomycetes,Eurotiales,Ascomycota
8452,Ta_04,Ta_04,T_aestivum,Water,water [Tf-T0],0,Ascomycota,Eurotiomycetes,Eurotiales,Ascomycota
8462,Ta_04,Ta_04,T_aestivum,Water,water [Tf-T0],0,Ascomycota,Eurotiomycetes,Eurotiales,Ascomycota
8471,Ta_05,Ta_05,T_aestivum,Water,water [Tf-T0],0,Ascomycota,Eurotiomycetes,Eurotiales,Ascomycota
8481,Ta_05,Ta_05,T_aestivum,Water,water [Tf-T0],0,Ascomycota,Eurotiomycetes,Eurotiales,Ascomycota
8491,Ta_05,Ta_05,T_aestivum,Water,water [Tf-T0],0,Ascomycota,Eurotiomycetes,Eurotiales,Ascomycota
8502,Ta_06,Ta_06,T_aestivum,Water,water [Tf-T0],0.171222222,Ascomycota,Sordariomycetes,Hypocreales,Ascomycota
8512,Ta_06,Ta_06,T_aestivum,Water,water [Tf-T0],0.155533333,Ascomycota,Sordariomycetes,Hypocreales,Ascomycota
8522,Ta_06,Ta_06,T_aestivum,Water,water [Tf-T0],0.205377778,Ascomycota,Sordariomycetes,Hypocreales,Ascomycota
8531,Ta_07,Ta_07,T_aestivum,Water,water [Tf-T0],0.071988889,Ascomycota,Eurotiomycetes,Eurotiales,Ascomycota
8541,Ta_07,Ta_07,T_aestivum,Water,water [Tf-T0],0.053122222,Ascomycota,Eurotiomycetes,Eurotiales,Ascomycota
8551,Ta_07,Ta_07,T_aestivum,Water,water [Tf-T0],0.038155556,Ascomycota,Eurotiomycetes,Eurotiales,Ascomycota
8561,Ta_08,Ta_08,T_aestivum,Water,water [Tf-T0],0.087266667,Ascomycota,Dothideomycetes,Pleosporales,Ascomycota
8571,Ta_08,Ta_08,T_aestivum,Water,water [Tf-T0],0.072477778,Ascomycota,Dothideomycetes,Pleosporales,Ascomycota
8581,Ta_08,Ta_08,T_aestivum,Water,water [Tf-T0],0.0368,Ascomycota,Dothideomycetes,Pleosporales,Ascomycota
8591,Ta_09,Ta_09,T_aestivum,Water,water [Tf-T0],0.085566667,Ascomycota,Eurotiomycetes,Eurotiales,Ascomycota
8601,Ta_09,Ta_09,T_aestivum,Water,water [Tf-T0],0.117688889,Ascomycota,Eurotiomycetes,Eurotiales,Ascomycota
8611,Ta_09,Ta_09,T_aestivum,Water,water [Tf-T0],0.109077778,Ascomycota,Eurotiomycetes,Eurotiales,Ascomycota
8651,Ta_10,Ta_10,T_aestivum,Water,water [Tf-T0],0.049822222,Mucoromycota,Mortierellomycetes,Mortierellales,Mucoromycota
8661,Ta_10,Ta_10,T_aestivum,Water,water [Tf-T0],0.061144444,Mucoromycota,Mortierellomycetes,Mortierellales,Mucoromycota
8671,Ta_10,Ta_10,T_aestivum,Water,water [Tf-T0],0.034911111,Mucoromycota,Mortierellomycetes,Mortierellales,Mucoromycota
8682,Ta_12,Ta_12,T_aestivum,Water,water [Tf-T0],0.023122222,Ascomycota,Dothideomycetes,Pleosporales,Ascomycota
8692,Ta_12,Ta_12,T_aestivum,Water,water [Tf-T0],0.094455556,Ascomycota,Dothideomycetes,Pleosporales,Ascomycota
8702,Ta_12,Ta_12,T_aestivum,Water,water [Tf-T0],0.0748,Ascomycota,Dothideomycetes,Pleosporales,Ascomycota
8712,Ta_13,Ta_13,T_aestivum,Water,water [Tf-T0],0.091255556,Ascomycota,Eurotiomycetes,Eurotiales,Ascomycota
8721,Ta_13,Ta_13,T_aestivum,Water,water [Tf-T0],0.018888889,Ascomycota,Eurotiomycetes,Eurotiales,Ascomycota
8731,Ta_13,Ta_13,T_aestivum,Water,water [Tf-T0],0.087222222,Ascomycota,Eurotiomycetes,Eurotiales,Ascomycota
8742,Ta_14,Ta_14,T_aestivum,Water,water [Tf-T0],0.1206,Ascomycota,Sordariomycetes,Hypocreales,Ascomycota
8752,Ta_14,Ta_14,T_aestivum,Water,water [Tf-T0],0.108333333,Ascomycota,Sordariomycetes,Hypocreales,Ascomycota
8762,Ta_14,Ta_14,T_aestivum,Water,water [Tf-T0],0.173644444,Ascomycota,Sordariomycetes,Hypocreales,Ascomycota
8771,Ta_15,Ta_15,T_aestivum,Water,water [Tf-T0],0,Ascomycota,Dothideomycetes,Cladosporiales,Ascomycota
8781,Ta_15,Ta_15,T_aestivum,Water,water [Tf-T0],0.010577778,Ascomycota,Dothideomycetes,Cladosporiales,Ascomycota
8791,Ta_15,Ta_15,T_aestivum,Water,water [Tf-T0],0,Ascomycota,Dothideomycetes,Cladosporiales,Ascomycota
8802,Ta_16,Ta_16,T_aestivum,Water,water [Tf-T0],0,Ascomycota,Eurotiomycetes,Eurotiales,Ascomycota
8813,Ta_16,Ta_16,T_aestivum,Water,water [Tf-T0],0,Ascomycota,Eurotiomycetes,Eurotiales,Ascomycota
8822,Ta_16,Ta_16,T_aestivum,Water,water [Tf-T0],0,Ascomycota,Eurotiomycetes,Eurotiales,Ascomycota
8831,Ta_19,Ta_19,T_aestivum,Water,water [Tf-T0],0.019055556,Ascomycota,Pezizomycotina,Eurotiomycetes,Ascomycota
8841,Ta_19,Ta_19,T_aestivum,Water,water [Tf-T0],0.011122222,Ascomycota,Pezizomycotina,Eurotiomycetes,Ascomycota
8851,Ta_19,Ta_19,T_aestivum,Water,water [Tf-T0],0.0099,Ascomycota,Pezizomycotina,Eurotiomycetes,Ascomycota
8862,Ta_20,Ta_20,T_aestivum,Water,water [Tf-T0],0.0075,Ascomycota,Eurotiomycetes,Eurotiales,Ascomycota
8872,Ta_20,Ta_20,T_aestivum,Water,water [Tf-T0],0.009344444,Ascomycota,Eurotiomycetes,Eurotiales,Ascomycota
8882,Ta_20,Ta_20,T_aestivum,Water,water [Tf-T0],0.059777778,Ascomycota,Eurotiomycetes,Eurotiales,Ascomycota
8891,Ta_22,Ta_22,T_aestivum,Water,water [Tf-T0],0,Ascomycota,Eurotiomycetes,Eurotiales,Ascomycota
8901,Ta_22,Ta_22,T_aestivum,Water,water [Tf-T0],0,Ascomycota,Eurotiomycetes,Eurotiales,Ascomycota
8912,Ta_22,Ta_22,T_aestivum,Water,water [Tf-T0],0,Ascomycota,Eurotiomycetes,Eurotiales,Ascomycota
8922,Ta_23,Ta_23,T_aestivum,Water,water [Tf-T0],0.024333333,Ascomycota,Pezizomycotina,Dothideomycetes,Ascomycota
8932,Ta_23,Ta_23,T_aestivum,Water,water [Tf-T0],0.057755556,Ascomycota,Pezizomycotina,Dothideomycetes,Ascomycota
8942,Ta_23,Ta_23,T_aestivum,Water,water [Tf-T0],0.062188889,Ascomycota,Pezizomycotina,Dothideomycetes,Ascomycota
8951,Ta_25,Ta_25,T_aestivum,Water,water [Tf-T0],0,Ascomycota,Pezizomycotina,Dothideomycetes,Ascomycota
8961,Ta_25,Ta_25,T_aestivum,Water,water [Tf-T0],0.009111111,Ascomycota,Pezizomycotina,Dothideomycetes,Ascomycota
8971,Ta_25,Ta_25,T_aestivum,Water,water [Tf-T0],0.019622222,Ascomycota,Pezizomycotina,Dothideomycetes,Ascomycota
8982,Ta_26,Ta_26,T_aestivum,Water,water [Tf-T0],0.008677778,Ascomycota,Eurotiomycetes,Eurotiales,Ascomycota
8992,Ta_26,Ta_26,T_aestivum,Water,water [Tf-T0],0,Ascomycota,Eurotiomycetes,Eurotiales,Ascomycota
9002,Ta_26,Ta_26,T_aestivum,Water,water [Tf-T0],0.044977778,Ascomycota,Eurotiomycetes,Eurotiales,Ascomycota
9011,Ta_27,Ta_27,T_aestivum,Water,water [Tf-T0],0,Mucoromycota,Mortierellomycetes,Mortierellales,Mucoromycota
9021,Ta_27,Ta_27,T_aestivum,Water,water [Tf-T0],0,Mucoromycota,Mortierellomycetes,Mortierellales,Mucoromycota
9031,Ta_27,Ta_27,T_aestivum,Water,water [Tf-T0],0,Mucoromycota,Mortierellomycetes,Mortierellales,Mucoromycota
9041,Ta_30,Ta_30,T_aestivum,Water,water [Tf-T0],0,Ascomycota,Eurotiomycetes,Eurotiales,Ascomycota
9051,Ta_30,Ta_30,T_aestivum,Water,water [Tf-T0],0,Ascomycota,Eurotiomycetes,Eurotiales,Ascomycota
9061,Ta_30,Ta_30,T_aestivum,Water,water [Tf-T0],0,Ascomycota,Eurotiomycetes,Eurotiales,Ascomycota
9071,Ta_31,Ta_31,T_aestivum,Water,water [Tf-T0],0.066966667,Ascomycota,Sordariomycetes,Hypocreales,Ascomycota
9081,Ta_31,Ta_31,T_aestivum,Water,water [Tf-T0],0,Ascomycota,Sordariomycetes,Hypocreales,Ascomycota
9091,Ta_31,Ta_31,T_aestivum,Water,water [Tf-T0],0.055033333,Ascomycota,Sordariomycetes,Hypocreales,Ascomycota
9102,Ta_32,Ta_32,T_aestivum,Water,water [Tf-T0],0,Ascomycota,Eurotiomycetes,Eurotiales,Ascomycota
9112,Ta_32,Ta_32,T_aestivum,Water,water [Tf-T0],0,Ascomycota,Eurotiomycetes,Eurotiales,Ascomycota
9122,Ta_32,Ta_32,T_aestivum,Water,water [Tf-T0],0.099077778,Ascomycota,Eurotiomycetes,Eurotiales,Ascomycota
9161,Ta_33,Ta_33,T_aestivum,Water,water [Tf-T0],0,Ascomycota,Eurotiomycetes,Eurotiales,Ascomycota
9171,Ta_33,Ta_33,T_aestivum,Water,water [Tf-T0],0,Ascomycota,Eurotiomycetes,Eurotiales,Ascomycota
9181,Ta_33,Ta_33,T_aestivum,Water,water [Tf-T0],0,Ascomycota,Eurotiomycetes,Eurotiales,Ascomycota
9191,Ta_34,Ta_34,T_aestivum,Water,water [Tf-T0],0,Ascomycota,Eurotiomycetes,Eurotiales,Ascomycota
9201,Ta_34,Ta_34,T_aestivum,Water,water [Tf-T0],0,Ascomycota,Eurotiomycetes,Eurotiales,Ascomycota
9211,Ta_34,Ta_34,T_aestivum,Water,water [Tf-T0],0,Ascomycota,Eurotiomycetes,Eurotiales,Ascomycota
9222,Ta_35,Ta_35,T_aestivum,Water,water [Tf-T0],0,Ascomycota,Pezizomycotina,Dothideomycetes,Ascomycota
9232,Ta_35,Ta_35,T_aestivum,Water,water [Tf-T0],0,Ascomycota,Pezizomycotina,Dothideomycetes,Ascomycota
9242,Ta_35,Ta_35,T_aestivum,Water,water [Tf-T0],0.007311111,Ascomycota,Pezizomycotina,Dothideomycetes,Ascomycota
9251,Ta_36,Ta_36,T_aestivum,Water,water [Tf-T0],0.002211111,Ascomycota,Pezizomycotina,Dothideomycetes,Ascomycota
9261,Ta_36,Ta_36,T_aestivum,Water,water [Tf-T0],0,Ascomycota,Pezizomycotina,Dothideomycetes,Ascomycota
9271,Ta_36,Ta_36,T_aestivum,Water,water [Tf-T0],0,Ascomycota,Pezizomycotina,Dothideomycetes,Ascomycota
9282,Ta_37,Ta_37,T_aestivum,Water,water [Tf-T0],0.009488889,Ascomycota,Pezizomycotina,Dothideomycetes,Ascomycota
9292,Ta_37,Ta_37,T_aestivum,Water,water [Tf-T0],0,Ascomycota,Pezizomycotina,Dothideomycetes,Ascomycota
9302,Ta_37,Ta_37,T_aestivum,Water,water [Tf-T0],0,Ascomycota,Pezizomycotina,Dothideomycetes,Ascomycota
9311,Ta_38,Ta_38,T_aestivum,Water,water [Tf-T0],0,Ascomycota,Sordariomycetes,Hypocreales,Ascomycota
9321,Ta_38,Ta_38,T_aestivum,Water,water [Tf-T0],0,Ascomycota,Sordariomycetes,Hypocreales,Ascomycota
9331,Ta_38,Ta_38,T_aestivum,Water,water [Tf-T0],0,Ascomycota,Sordariomycetes,Hypocreales,Ascomycota
9342,Ta_39,Ta_39,T_aestivum,Water,water [Tf-T0],0.080322222,Ascomycota,Sordariomycetes,Hypocreales,Ascomycota
9352,Ta_39,Ta_39,T_aestivum,Water,water [Tf-T0],0.0812,Ascomycota,Sordariomycetes,Hypocreales,Ascomycota
9362,Ta_39,Ta_39,T_aestivum,Water,water [Tf-T0],0.19,Ascomycota,Sordariomycetes,Hypocreales,Ascomycota
9371,Ta_40,Ta_40,T_aestivum,Water,water [Tf-T0],0,Ascomycota,Sordariomycetes,Hypocreales,Ascomycota
9381,Ta_40,Ta_40,T_aestivum,Water,water [Tf-T0],0,Ascomycota,Sordariomycetes,Hypocreales,Ascomycota
9391,Ta_40,Ta_40,T_aestivum,Water,water [Tf-T0],0,Ascomycota,Sordariomycetes,Hypocreales,Ascomycota
9402,AA0104,Mortierella_elongata_MPI-CAGE-AA-0104,A_thaliana,Water,water [Tf-T0],0,Mucoromycota,Mortierellomycetes,Mortierellales,Mucoromycota
9412,AA0104,Mortierella_elongata_MPI-CAGE-AA-0104,A_thaliana,Water,water [Tf-T0],0,Mucoromycota,Mortierellomycetes,Mortierellales,Mucoromycota
9422,AA0104,Mortierella_elongata_MPI-CAGE-AA-0104,A_thaliana,Water,water [Tf-T0],0,Mucoromycota,Mortierellomycetes,Mortierellales,Mucoromycota
9431,AA0113,Fusarium_sp._MPI-CAGE-AA-0113,A_thaliana,Water,water [Tf-T0],0.099811111,Ascomycota,Sordariomycetes,Hypocreales,Ascomycota
9441,AA0113,Fusarium_sp._MPI-CAGE-AA-0113,A_thaliana,Water,water [Tf-T0],0.125833333,Ascomycota,Sordariomycetes,Hypocreales,Ascomycota
9451,AA0113,Fusarium_sp._MPI-CAGE-AA-0113,A_thaliana,Water,water [Tf-T0],0.129666667,Ascomycota,Sordariomycetes,Hypocreales,Ascomycota
9462,AT0016,Plectosphaerella_cucumerina_MPI-CAGE-AT-0016,A_thaliana,Water,water [Tf-T0],0,Ascomycota,Sordariomycetes,Glomerellales,Ascomycota
9472,AT0016,Plectosphaerella_cucumerina_MPI-CAGE-AT-0016,A_thaliana,Water,water [Tf-T0],0,Ascomycota,Sordariomycetes,Glomerellales,Ascomycota
9482,AT0016,Plectosphaerella_cucumerina_MPI-CAGE-AT-0016,A_thaliana,Water,water [Tf-T0],0.031088889,Ascomycota,Sordariomycetes,Glomerellales,Ascomycota
9491,AT0023,Fusarium_redolens_MPI-CAGE-AT-0023,A_thaliana,Water,water [Tf-T0],0.098277778,Ascomycota,Sordariomycetes,Hypocreales,Ascomycota
9501,AT0023,Fusarium_redolens_MPI-CAGE-AT-0023,A_thaliana,Water,water [Tf-T0],0.010944444,Ascomycota,Sordariomycetes,Hypocreales,Ascomycota
9511,AT0023,Fusarium_redolens_MPI-CAGE-AT-0023,A_thaliana,Water,water [Tf-T0],0,Ascomycota,Sordariomycetes,Hypocreales,Ascomycota
9521,AT0026,Ilyonectria_europaea_MPI-CAGE-AT-0026,A_thaliana,Water,water [Tf-T0],0.100222222,Ascomycota,Sordariomycetes,Hypocreales,Ascomycota
9531,AT0026,Ilyonectria_europaea_MPI-CAGE-AT-0026,A_thaliana,Water,water [Tf-T0],0.085711111,Ascomycota,Sordariomycetes,Hypocreales,Ascomycota
9541,AT0026,Ilyonectria_europaea_MPI-CAGE-AT-0026,A_thaliana,Water,water [Tf-T0],0.092722222,Ascomycota,Sordariomycetes,Hypocreales,Ascomycota
9551,AT0040,Alternaria_rosae_MPI-PUGE-AT-0040,A_thaliana,Water,water [Tf-T0],0,Ascomycota,Dothideomycetes,Pleosporales,Ascomycota
9561,AT0040,Alternaria_rosae_MPI-PUGE-AT-0040,A_thaliana,Water,water [Tf-T0],0.0165,Ascomycota,Dothideomycetes,Pleosporales,Ascomycota
9571,AT0040,Alternaria_rosae_MPI-PUGE-AT-0040,A_thaliana,Water,water [Tf-T0],0.046677778,Ascomycota,Dothideomycetes,Pleosporales,Ascomycota
9611,AT0064,Alternaria_alternata_MPI-PUGE-AT-0064,A_thaliana,Water,water [Tf-T0],0.144377778,Ascomycota,Dothideomycetes,Pleosporales,Ascomycota
9621,AT0064,Alternaria_alternata_MPI-PUGE-AT-0064,A_thaliana,Water,water [Tf-T0],0.128988889,Ascomycota,Dothideomycetes,Pleosporales,Ascomycota
9631,AT0064,Alternaria_alternata_MPI-PUGE-AT-0064,A_thaliana,Water,water [Tf-T0],0.107011111,Ascomycota,Dothideomycetes,Pleosporales,Ascomycota
9642,AT0079,Chaetomium_globosum_MPI-SDFR-AT-0079,A_thaliana,Water,water [Tf-T0],0.1405,Ascomycota,Sordariomycetes,Sordariales,Ascomycota
9652,AT0079,Chaetomium_globosum_MPI-SDFR-AT-0079,A_thaliana,Water,water [Tf-T0],0.1947,Ascomycota,Sordariomycetes,Sordariales,Ascomycota
9662,AT0079,Chaetomium_globosum_MPI-SDFR-AT-0079,A_thaliana,Water,water [Tf-T0],0.163822222,Ascomycota,Sordariomycetes,Sordariales,Ascomycota
9671,AT0100,Boeremia_exigua_MPI-SDFR-AT-0100,A_thaliana,Water,water [Tf-T0],0.205211111,Ascomycota,Dothideomycetes,Pleosporales,Ascomycota
9681,AT0100,Boeremia_exigua_MPI-SDFR-AT-0100,A_thaliana,Water,water [Tf-T0],0.228,Ascomycota,Dothideomycetes,Pleosporales,Ascomycota
9691,AT0100,Boeremia_exigua_MPI-SDFR-AT-0100,A_thaliana,Water,water [Tf-T0],0.234366667,Ascomycota,Dothideomycetes,Pleosporales,Ascomycota
9702,AT0134,Ilyonectria_sp._MPI-CAGE-AT-0134,A_thaliana,Water,water [Tf-T0],0.164477778,Ascomycota,Sordariomycetes,Hypocreales,Ascomycota
9712,AT0134,Ilyonectria_sp._MPI-CAGE-AT-0134,A_thaliana,Water,water [Tf-T0],0.233111111,Ascomycota,Sordariomycetes,Hypocreales,Ascomycota
9722,AT0134,Ilyonectria_sp._MPI-CAGE-AT-0134,A_thaliana,Water,water [Tf-T0],0.237477778,Ascomycota,Sordariomycetes,Hypocreales,Ascomycota
9731,AT0135,Halenospora_varia_MPI-CAGE-AT-0135,A_thaliana,Water,water [Tf-T0],0.155722222,Ascomycota,Leotiomycetes,Helotiales,Ascomycota
9741,AT0135,Halenospora_varia_MPI-CAGE-AT-0135,A_thaliana,Water,water [Tf-T0],0.077533333,Ascomycota,Leotiomycetes,Helotiales,Ascomycota
9751,AT0135,Halenospora_varia_MPI-CAGE-AT-0135,A_thaliana,Water,water [Tf-T0],0.0807,Ascomycota,Leotiomycetes,Helotiales,Ascomycota
9762,AT0147,Dactylonectria_macrodidyma_MPI-CAGE-AT-0147,A_thaliana,Water,water [Tf-T0],0.031266667,Ascomycota,Sordariomycetes,Hypocreales,Ascomycota
9772,AT0147,Dactylonectria_macrodidyma_MPI-CAGE-AT-0147,A_thaliana,Water,water [Tf-T0],0.004222222,Ascomycota,Sordariomycetes,Hypocreales,Ascomycota
9782,AT0147,Dactylonectria_macrodidyma_MPI-CAGE-AT-0147,A_thaliana,Water,water [Tf-T0],0.008477778,Ascomycota,Sordariomycetes,Hypocreales,Ascomycota
9791,F1,Verticillium_dahliae_MPI-CAGE-AT-0001,A_thaliana,Water,water [Tf-T0],0.043566667,Ascomycota,Sordariomycetes,Glomerellales,Ascomycota
9801,F1,Verticillium_dahliae_MPI-CAGE-AT-0001,A_thaliana,Water,water [Tf-T0],0.031866667,Ascomycota,Sordariomycetes,Glomerellales,Ascomycota
9811,F1,Verticillium_dahliae_MPI-CAGE-AT-0001,A_thaliana,Water,water [Tf-T0],0.030422222,Ascomycota,Sordariomycetes,Glomerellales,Ascomycota
9822,F129,Chaetomium_sp._MPI-SDFR-AT-0129,A_thaliana,Water,water [Tf-T0],0.167466667,Ascomycota,Sordariomycetes,Sordariales,Ascomycota
9832,F129,Chaetomium_sp._MPI-SDFR-AT-0129,A_thaliana,Water,water [Tf-T0],0.155322222,Ascomycota,Sordariomycetes,Sordariales,Ascomycota
9842,F129,Chaetomium_sp._MPI-SDFR-AT-0129,A_thaliana,Water,water [Tf-T0],0.247577778,Ascomycota,Sordariomycetes,Sordariales,Ascomycota
9851,F201,Fusarium_venenatum_MPI-CAGE-CH-0201,A_thaliana,Water,water [Tf-T0],0.1214,Ascomycota,Sordariomycetes,Hypocreales,Ascomycota
9861,F201,Fusarium_venenatum_MPI-CAGE-CH-0201,A_thaliana,Water,water [Tf-T0],0.106988889,Ascomycota,Sordariomycetes,Hypocreales,Ascomycota
9871,F201,Fusarium_venenatum_MPI-CAGE-CH-0201,A_thaliana,Water,water [Tf-T0],0.021455556,Ascomycota,Sordariomycetes,Hypocreales,Ascomycota
9882,F212,Fusarium_oxysporum_MPI-CAGE-CH-0212,A_thaliana,Water,water [Tf-T0],0,Ascomycota,Sordariomycetes,Hypocreales,Ascomycota
9892,F212,Fusarium_oxysporum_MPI-CAGE-CH-0212,A_thaliana,Water,water [Tf-T0],0,Ascomycota,Sordariomycetes,Hypocreales,Ascomycota
9902,F212,Fusarium_oxysporum_MPI-CAGE-CH-0212,A_thaliana,Water,water [Tf-T0],0,Ascomycota,Sordariomycetes,Hypocreales,Ascomycota
9911,F44,Fusarium_tricinctum_MPI-SDFR-AT-0044,A_thaliana,Water,water [Tf-T0],0.0517,Ascomycota,Sordariomycetes,Hypocreales,Ascomycota
9921,F44,Fusarium_tricinctum_MPI-SDFR-AT-0044,A_thaliana,Water,water [Tf-T0],0.050222222,Ascomycota,Sordariomycetes,Hypocreales,Ascomycota
9931,F44,Fusarium_tricinctum_MPI-SDFR-AT-0044,A_thaliana,Water,water [Tf-T0],0.042744444,Ascomycota,Sordariomycetes,Hypocreales,Ascomycota
9942,F68,Fusarium_tricinctum_MPI-SDFR-AT-0068,A_thaliana,Water,water [Tf-T0],0.008211111,Ascomycota,Sordariomycetes,Hypocreales,Ascomycota
9952,F68,Fusarium_tricinctum_MPI-SDFR-AT-0068,A_thaliana,Water,water [Tf-T0],0.013655556,Ascomycota,Sordariomycetes,Hypocreales,Ascomycota
9962,F68,Fusarium_tricinctum_MPI-SDFR-AT-0068,A_thaliana,Water,water [Tf-T0],0.227366667,Ascomycota,Sordariomycetes,Hypocreales,Ascomycota
9971,F72,Fusarium_sp._MPI-SDFR-AT-0072,A_thaliana,Water,water [Tf-T0],0.228811111,Ascomycota,Sordariomycetes,Hypocreales,Ascomycota
9981,F72,Fusarium_sp._MPI-SDFR-AT-0072,A_thaliana,Water,water [Tf-T0],0.252988889,Ascomycota,Sordariomycetes,Hypocreales,Ascomycota
9991,F72,Fusarium_sp._MPI-SDFR-AT-0072,A_thaliana,Water,water [Tf-T0],0.0598,Ascomycota,Sordariomycetes,Hypocreales,Ascomycota
10001,F7374,Truncatella_angustata_MPI-SDFR-AT-0073,A_thaliana,Water,water [Tf-T0],0.277211111,Ascomycota,Sordariomycetes,Xylariales,Ascomycota
10011,F7374,Truncatella_angustata_MPI-SDFR-AT-0073,A_thaliana,Water,water [Tf-T0],0.1875,Ascomycota,Sordariomycetes,Xylariales,Ascomycota
10021,F7374,Truncatella_angustata_MPI-SDFR-AT-0073,A_thaliana,Water,water [Tf-T0],0.236266667,Ascomycota,Sordariomycetes,Xylariales,Ascomycota
10031,F83,Sordaria_sp._MPI-SDFR-AT-0083,A_thaliana,Water,water [Tf-T0],0,Ascomycota,Sordariomycetes,Sordariales,Ascomycota
10041,F83,Sordaria_sp._MPI-SDFR-AT-0083,A_thaliana,Water,water [Tf-T0],0,Ascomycota,Sordariomycetes,Sordariales,Ascomycota
10051,F83,Sordaria_sp._MPI-SDFR-AT-0083,A_thaliana,Water,water [Tf-T0],0,Ascomycota,Sordariomycetes,Sordariales,Ascomycota