Rows,ID2,System,Plant,Experiment,Bio_rep,Tech_Rep,Microbes,Treatment,Element,Weight_length,Nb,Microbial_ID
1,Flowpots_Arabidopsis_thaliana_Rs1_1_1_MF_M9_Shoot,Flowpots,Arabidopsis_thaliana,Rs1,1,1,MF,Water,Shoot,101.2,6,Pathogens
2,Flowpots_Arabidopsis_thaliana_Rs1_1_2_MF_M9_Shoot,Flowpots,Arabidopsis_thaliana,Rs1,1,2,MF,Water,Shoot,60.7,4,Pathogens
3,Flowpots_Arabidopsis_thaliana_Rs1_1_3_MF_M9_Shoot,Flowpots,Arabidopsis_thaliana,Rs1,1,3,MF,Water,Shoot,117.2,5,Pathogens
4,Flowpots_Arabidopsis_thaliana_Rs1_1_4_MF_M9_Shoot,Flowpots,Arabidopsis_thaliana,Rs1,1,4,MF,Water,Shoot,94.8,4,Pathogens
5,Flowpots_Arabidopsis_thaliana_Rs1_1_5_MF_M9_Shoot,Flowpots,Arabidopsis_thaliana,Rs1,1,5,MF,Water,Shoot,111.5,5,Pathogens
6,Flowpots_Arabidopsis_thaliana_Rs1_1_6_MF_M9_Shoot,Flowpots,Arabidopsis_thaliana,Rs1,1,6,MF,Water,Shoot,87.6,5,Pathogens
7,Flowpots_Arabidopsis_thaliana_Rs1_1_7_MF_M9_Shoot,Flowpots,Arabidopsis_thaliana,Rs1,1,7,MF,Water,Shoot,119.3,5,Pathogens
8,Flowpots_Arabidopsis_thaliana_Rs1_1_8_MF_M9_Shoot,Flowpots,Arabidopsis_thaliana,Rs1,1,8,MF,Water,Shoot,109.9,5,Pathogens
9,Flowpots_Arabidopsis_thaliana_Rs1_1_1_MF_M9+3OMG_Shoot,Flowpots,Arabidopsis_thaliana,Rs1,1,1,MF,3OMG,Shoot,35.3,5,Pathogens
10,Flowpots_Arabidopsis_thaliana_Rs1_1_2_MF_M9+3OMG_Shoot,Flowpots,Arabidopsis_thaliana,Rs1,1,2,MF,3OMG,Shoot,22.9,5,Pathogens
11,Flowpots_Arabidopsis_thaliana_Rs1_1_3_MF_M9+3OMG_Shoot,Flowpots,Arabidopsis_thaliana,Rs1,1,3,MF,3OMG,Shoot,84,6,Pathogens
12,Flowpots_Arabidopsis_thaliana_Rs1_1_4_MF_M9+3OMG_Shoot,Flowpots,Arabidopsis_thaliana,Rs1,1,4,MF,3OMG,Shoot,6.8,2,Pathogens
13,Flowpots_Arabidopsis_thaliana_Rs1_1_5_MF_M9+3OMG_Shoot,Flowpots,Arabidopsis_thaliana,Rs1,1,5,MF,3OMG,Shoot,72.2,5,Pathogens
14,Flowpots_Arabidopsis_thaliana_Rs1_1_6_MF_M9+3OMG_Shoot,Flowpots,Arabidopsis_thaliana,Rs1,1,6,MF,3OMG,Shoot,91.9,7,Pathogens
15,Flowpots_Arabidopsis_thaliana_Rs1_1_7_MF_M9+3OMG_Shoot,Flowpots,Arabidopsis_thaliana,Rs1,1,7,MF,3OMG,Shoot,77.8,5,Pathogens
16,Flowpots_Arabidopsis_thaliana_Rs1_1_8_MF_M9+3OMG_Shoot,Flowpots,Arabidopsis_thaliana,Rs1,1,8,MF,3OMG,Shoot,55.5,5,Pathogens
17,Flowpots_Arabidopsis_thaliana_Rs1_1_1_Rs_M9_Shoot,Flowpots,Arabidopsis_thaliana,Rs1,1,1,Rs,Water,Shoot,0,0,Pathogens
18,Flowpots_Arabidopsis_thaliana_Rs1_1_2_Rs_M9_Shoot,Flowpots,Arabidopsis_thaliana,Rs1,1,2,Rs,Water,Shoot,0.6,2,Pathogens
19,Flowpots_Arabidopsis_thaliana_Rs1_1_3_Rs_M9_Shoot,Flowpots,Arabidopsis_thaliana,Rs1,1,3,Rs,Water,Shoot,1.3,3,Pathogens
20,Flowpots_Arabidopsis_thaliana_Rs1_1_4_Rs_M9_Shoot,Flowpots,Arabidopsis_thaliana,Rs1,1,4,Rs,Water,Shoot,0.5,1,Pathogens
21,Flowpots_Arabidopsis_thaliana_Rs1_1_5_Rs_M9_Shoot,Flowpots,Arabidopsis_thaliana,Rs1,1,5,Rs,Water,Shoot,0.2,1,Pathogens
22,Flowpots_Arabidopsis_thaliana_Rs1_1_6_Rs_M9_Shoot,Flowpots,Arabidopsis_thaliana,Rs1,1,6,Rs,Water,Shoot,1.5,4,Pathogens
23,Flowpots_Arabidopsis_thaliana_Rs1_1_7_Rs_M9_Shoot,Flowpots,Arabidopsis_thaliana,Rs1,1,7,Rs,Water,Shoot,0,0,Pathogens
24,Flowpots_Arabidopsis_thaliana_Rs1_1_8_Rs_M9_Shoot,Flowpots,Arabidopsis_thaliana,Rs1,1,8,Rs,Water,Shoot,1.9,3,Pathogens
25,Flowpots_Arabidopsis_thaliana_Rs1_1_1_Rs_M9+3OMG_Shoot,Flowpots,Arabidopsis_thaliana,Rs1,1,1,Rs,3OMG,Shoot,0,0,Pathogens
26,Flowpots_Arabidopsis_thaliana_Rs1_1_2_Rs_M9+3OMG_Shoot,Flowpots,Arabidopsis_thaliana,Rs1,1,2,Rs,3OMG,Shoot,0.4,4,Pathogens
27,Flowpots_Arabidopsis_thaliana_Rs1_1_3_Rs_M9+3OMG_Shoot,Flowpots,Arabidopsis_thaliana,Rs1,1,3,Rs,3OMG,Shoot,0,2,Pathogens
28,Flowpots_Arabidopsis_thaliana_Rs1_1_4_Rs_M9+3OMG_Shoot,Flowpots,Arabidopsis_thaliana,Rs1,1,4,Rs,3OMG,Shoot,0.7,3,Pathogens
29,Flowpots_Arabidopsis_thaliana_Rs1_1_5_Rs_M9+3OMG_Shoot,Flowpots,Arabidopsis_thaliana,Rs1,1,5,Rs,3OMG,Shoot,0.3,2,Pathogens
30,Flowpots_Arabidopsis_thaliana_Rs1_1_6_Rs_M9+3OMG_Shoot,Flowpots,Arabidopsis_thaliana,Rs1,1,6,Rs,3OMG,Shoot,0.2,1,Pathogens
31,Flowpots_Arabidopsis_thaliana_Rs1_1_7_Rs_M9+3OMG_Shoot,Flowpots,Arabidopsis_thaliana,Rs1,1,7,Rs,3OMG,Shoot,2.2,5,Pathogens
32,Flowpots_Arabidopsis_thaliana_Rs1_1_8_Rs_M9+3OMG_Shoot,Flowpots,Arabidopsis_thaliana,Rs1,1,8,Rs,3OMG,Shoot,1.8,4,Pathogens
33,Flowpots_Arabidopsis_thaliana_Pu1_1_1_MF_M9_Shoot,Flowpots,Arabidopsis_thaliana,Pu1,1,1,MF,Water,Shoot,118.2,5,Pathogens
34,Flowpots_Arabidopsis_thaliana_Pu1_1_2_MF_M9_Shoot,Flowpots,Arabidopsis_thaliana,Pu1,1,2,MF,Water,Shoot,154,4,Pathogens
35,Flowpots_Arabidopsis_thaliana_Pu1_1_3_MF_M9_Shoot,Flowpots,Arabidopsis_thaliana,Pu1,1,3,MF,Water,Shoot,183.8,5,Pathogens
36,Flowpots_Arabidopsis_thaliana_Pu1_1_4_MF_M9_Shoot,Flowpots,Arabidopsis_thaliana,Pu1,1,4,MF,Water,Shoot,126.1,5,Pathogens
37,Flowpots_Arabidopsis_thaliana_Pu1_1_5_MF_M9_Shoot,Flowpots,Arabidopsis_thaliana,Pu1,1,5,MF,Water,Shoot,88.6,5,Pathogens
38,Flowpots_Arabidopsis_thaliana_Pu1_1_6_MF_M9_Shoot,Flowpots,Arabidopsis_thaliana,Pu1,1,6,MF,Water,Shoot,114.4,4,Pathogens
39,Flowpots_Arabidopsis_thaliana_Pu1_1_7_MF_M9_Shoot,Flowpots,Arabidopsis_thaliana,Pu1,1,7,MF,Water,Shoot,139.2,5,Pathogens
40,Flowpots_Arabidopsis_thaliana_Pu1_1_8_MF_M9_Shoot,Flowpots,Arabidopsis_thaliana,Pu1,1,8,MF,Water,Shoot,117.5,5,Pathogens
41,Flowpots_Arabidopsis_thaliana_Pu1_1_1_MF_M9+3OMG_Shoot,Flowpots,Arabidopsis_thaliana,Pu1,1,1,MF,3OMG,Shoot,128.2,5,Pathogens
42,Flowpots_Arabidopsis_thaliana_Pu1_1_2_MF_M9+3OMG_Shoot,Flowpots,Arabidopsis_thaliana,Pu1,1,2,MF,3OMG,Shoot,78.8,4,Pathogens
43,Flowpots_Arabidopsis_thaliana_Pu1_1_3_MF_M9+3OMG_Shoot,Flowpots,Arabidopsis_thaliana,Pu1,1,3,MF,3OMG,Shoot,68.9,5,Pathogens
44,Flowpots_Arabidopsis_thaliana_Pu1_1_4_MF_M9+3OMG_Shoot,Flowpots,Arabidopsis_thaliana,Pu1,1,4,MF,3OMG,Shoot,69.2,5,Pathogens
45,Flowpots_Arabidopsis_thaliana_Pu1_1_5_MF_M9+3OMG_Shoot,Flowpots,Arabidopsis_thaliana,Pu1,1,5,MF,3OMG,Shoot,130.6,3,Pathogens
46,Flowpots_Arabidopsis_thaliana_Pu1_1_6_MF_M9+3OMG_Shoot,Flowpots,Arabidopsis_thaliana,Pu1,1,6,MF,3OMG,Shoot,140.7,5,Pathogens
47,Flowpots_Arabidopsis_thaliana_Pu1_1_7_MF_M9+3OMG_Shoot,Flowpots,Arabidopsis_thaliana,Pu1,1,7,MF,3OMG,Shoot,76.7,5,Pathogens
48,Flowpots_Arabidopsis_thaliana_Pu1_1_8_MF_M9+3OMG_Shoot,Flowpots,Arabidopsis_thaliana,Pu1,1,8,MF,3OMG,Shoot,86.7,5,Pathogens
49,Flowpots_Arabidopsis_thaliana_Pu1_1_1_Pu_M9_Shoot,Flowpots,Arabidopsis_thaliana,Pu1,1,1,Pu,Water,Shoot,3.6,1,Pathogens
50,Flowpots_Arabidopsis_thaliana_Pu1_1_2_Pu_M9_Shoot,Flowpots,Arabidopsis_thaliana,Pu1,1,2,Pu,Water,Shoot,1.4,3,Pathogens
51,Flowpots_Arabidopsis_thaliana_Pu1_1_3_Pu_M9_Shoot,Flowpots,Arabidopsis_thaliana,Pu1,1,3,Pu,Water,Shoot,15.3,1,Pathogens
52,Flowpots_Arabidopsis_thaliana_Pu1_1_4_Pu_M9_Shoot,Flowpots,Arabidopsis_thaliana,Pu1,1,4,Pu,Water,Shoot,28.6,1,Pathogens
53,Flowpots_Arabidopsis_thaliana_Pu1_1_5_Pu_M9_Shoot,Flowpots,Arabidopsis_thaliana,Pu1,1,5,Pu,Water,Shoot,0,0,Pathogens
54,Flowpots_Arabidopsis_thaliana_Pu1_1_6_Pu_M9_Shoot,Flowpots,Arabidopsis_thaliana,Pu1,1,6,Pu,Water,Shoot,67.8,3,Pathogens
55,Flowpots_Arabidopsis_thaliana_Pu1_1_7_Pu_M9_Shoot,Flowpots,Arabidopsis_thaliana,Pu1,1,7,Pu,Water,Shoot,81.4,2,Pathogens
56,Flowpots_Arabidopsis_thaliana_Pu1_1_8_Pu_M9_Shoot,Flowpots,Arabidopsis_thaliana,Pu1,1,8,Pu,Water,Shoot,28.3,3,Pathogens
57,Flowpots_Arabidopsis_thaliana_Pu1_1_1_Pu_M9+3OMG_Shoot,Flowpots,Arabidopsis_thaliana,Pu1,1,1,Pu,3OMG,Shoot,1.5,1,Pathogens
58,Flowpots_Arabidopsis_thaliana_Pu1_1_2_Pu_M9+3OMG_Shoot,Flowpots,Arabidopsis_thaliana,Pu1,1,2,Pu,3OMG,Shoot,0,0,Pathogens
59,Flowpots_Arabidopsis_thaliana_Pu1_1_3_Pu_M9+3OMG_Shoot,Flowpots,Arabidopsis_thaliana,Pu1,1,3,Pu,3OMG,Shoot,0,0,Pathogens
60,Flowpots_Arabidopsis_thaliana_Pu1_1_4_Pu_M9+3OMG_Shoot,Flowpots,Arabidopsis_thaliana,Pu1,1,4,Pu,3OMG,Shoot,0.6,1,Pathogens
61,Flowpots_Arabidopsis_thaliana_Pu1_1_5_Pu_M9+3OMG_Shoot,Flowpots,Arabidopsis_thaliana,Pu1,1,5,Pu,3OMG,Shoot,132.4,5,Pathogens
62,Flowpots_Arabidopsis_thaliana_Pu1_1_6_Pu_M9+3OMG_Shoot,Flowpots,Arabidopsis_thaliana,Pu1,1,6,Pu,3OMG,Shoot,99,5,Pathogens
63,Flowpots_Arabidopsis_thaliana_Pu1_1_7_Pu_M9+3OMG_Shoot,Flowpots,Arabidopsis_thaliana,Pu1,1,7,Pu,3OMG,Shoot,41.3,3,Pathogens
64,Flowpots_Arabidopsis_thaliana_Pu1_1_8_Pu_M9+3OMG_Shoot,Flowpots,Arabidopsis_thaliana,Pu1,1,8,Pu,3OMG,Shoot,9.2,3,Pathogens
65,Flowpots_Arabidopsis_thaliana_FPath1_1_1_MF_M9_Shoot,Flowpots,Arabidopsis_thaliana,F_Path,1,1,MF,Water,Shoot,8.1,5,Pathogens
66,Flowpots_Arabidopsis_thaliana_FPath1_1_2_MF_M9_Shoot,Flowpots,Arabidopsis_thaliana,F_Path,1,2,MF,Water,Shoot,10.3,4,Pathogens
67,Flowpots_Arabidopsis_thaliana_FPath1_1_3_MF_M9_Shoot,Flowpots,Arabidopsis_thaliana,F_Path,1,3,MF,Water,Shoot,13.2,5,Pathogens
68,Flowpots_Arabidopsis_thaliana_FPath1_1_4_MF_M9_Shoot,Flowpots,Arabidopsis_thaliana,F_Path,1,4,MF,Water,Shoot,11.2,4,Pathogens
69,Flowpots_Arabidopsis_thaliana_FPath1_1_1_MF_M9+3OMG_Shoot,Flowpots,Arabidopsis_thaliana,F_Path,1,1,MF,3OMG,Shoot,18.2,5,Pathogens
70,Flowpots_Arabidopsis_thaliana_FPath1_1_2_MF_M9+3OMG_Shoot,Flowpots,Arabidopsis_thaliana,F_Path,1,2,MF,3OMG,Shoot,12.6,5,Pathogens
71,Flowpots_Arabidopsis_thaliana_FPath1_1_3_MF_M9+3OMG_Shoot,Flowpots,Arabidopsis_thaliana,F_Path,1,3,MF,3OMG,Shoot,11.9,4,Pathogens
72,Flowpots_Arabidopsis_thaliana_FPath1_1_4_MF_M9+3OMG_Shoot,Flowpots,Arabidopsis_thaliana,F_Path,1,4,MF,3OMG,Shoot,9.4,4,Pathogens
73,Flowpots_Arabidopsis_thaliana_FPath1_1_1_F16_M9_Shoot,Flowpots,Arabidopsis_thaliana,F_Path,1,1,F16,Water,Shoot,15.4,4,Pathogens
74,Flowpots_Arabidopsis_thaliana_FPath1_1_2_F16_M9_Shoot,Flowpots,Arabidopsis_thaliana,F_Path,1,2,F16,Water,Shoot,7.9,2,Pathogens
75,Flowpots_Arabidopsis_thaliana_FPath1_1_3_F16_M9_Shoot,Flowpots,Arabidopsis_thaliana,F_Path,1,3,F16,Water,Shoot,11.5,3,Pathogens
76,Flowpots_Arabidopsis_thaliana_FPath1_1_4_F16_M9_Shoot,Flowpots,Arabidopsis_thaliana,F_Path,1,4,F16,Water,Shoot,15.1,4,Pathogens
77,Flowpots_Arabidopsis_thaliana_FPath1_1_1_F16_M9+3OMG_Shoot,Flowpots,Arabidopsis_thaliana,F_Path,1,1,F16,3OMG,Shoot,25,5,Pathogens
78,Flowpots_Arabidopsis_thaliana_FPath1_1_2_F16_M9+3OMG_Shoot,Flowpots,Arabidopsis_thaliana,F_Path,1,2,F16,3OMG,Shoot,20.7,4,Pathogens
79,Flowpots_Arabidopsis_thaliana_FPath1_1_3_F16_M9+3OMG_Shoot,Flowpots,Arabidopsis_thaliana,F_Path,1,3,F16,3OMG,Shoot,19,3,Pathogens
80,Flowpots_Arabidopsis_thaliana_FPath1_1_4_F16_M9+3OMG_Shoot,Flowpots,Arabidopsis_thaliana,F_Path,1,4,F16,3OMG,Shoot,15.7,2,Pathogens
81,Flowpots_Arabidopsis_thaliana_FPath1_1_1_F44_M9_Shoot,Flowpots,Arabidopsis_thaliana,F_Path,1,1,F44,Water,Shoot,22.2,2,Pathogens
82,Flowpots_Arabidopsis_thaliana_FPath1_1_2_F44_M9_Shoot,Flowpots,Arabidopsis_thaliana,F_Path,1,2,F44,Water,Shoot,34,3,Pathogens
83,Flowpots_Arabidopsis_thaliana_FPath1_1_3_F44_M9_Shoot,Flowpots,Arabidopsis_thaliana,F_Path,1,3,F44,Water,Shoot,36,4,Pathogens
84,Flowpots_Arabidopsis_thaliana_FPath1_1_4_F44_M9_Shoot,Flowpots,Arabidopsis_thaliana,F_Path,1,4,F44,Water,Shoot,20.5,2,Pathogens
85,Flowpots_Arabidopsis_thaliana_FPath1_1_1_F44_M9+3OMG_Shoot,Flowpots,Arabidopsis_thaliana,F_Path,1,1,F44,3OMG,Shoot,25,5,Pathogens
86,Flowpots_Arabidopsis_thaliana_FPath1_1_2_F44_M9+3OMG_Shoot,Flowpots,Arabidopsis_thaliana,F_Path,1,2,F44,3OMG,Shoot,26.7,4,Pathogens
87,Flowpots_Arabidopsis_thaliana_FPath1_1_3_F44_M9+3OMG_Shoot,Flowpots,Arabidopsis_thaliana,F_Path,1,3,F44,3OMG,Shoot,29,5,Pathogens
88,Flowpots_Arabidopsis_thaliana_FPath1_1_4_F44_M9+3OMG_Shoot,Flowpots,Arabidopsis_thaliana,F_Path,1,4,F44,3OMG,Shoot,34.7,6,Pathogens
89,Flowpots_Arabidopsis_thaliana_FPath1_1_1_F64_M9_Shoot,Flowpots,Arabidopsis_thaliana,F_Path,1,1,F64,Water,Shoot,40.5,4,Pathogens
90,Flowpots_Arabidopsis_thaliana_FPath1_1_2_F64_M9_Shoot,Flowpots,Arabidopsis_thaliana,F_Path,1,2,F64,Water,Shoot,29.1,3,Pathogens
91,Flowpots_Arabidopsis_thaliana_FPath1_1_3_F64_M9_Shoot,Flowpots,Arabidopsis_thaliana,F_Path,1,3,F64,Water,Shoot,27.6,4,Pathogens
92,Flowpots_Arabidopsis_thaliana_FPath1_1_4_F64_M9_Shoot,Flowpots,Arabidopsis_thaliana,F_Path,1,4,F64,Water,Shoot,6,1,Pathogens
93,Flowpots_Arabidopsis_thaliana_FPath1_1_1_F64_M9+3OMG_Shoot,Flowpots,Arabidopsis_thaliana,F_Path,1,1,F64,3OMG,Shoot,26.8,4,Pathogens
94,Flowpots_Arabidopsis_thaliana_FPath1_1_2_F64_M9+3OMG_Shoot,Flowpots,Arabidopsis_thaliana,F_Path,1,2,F64,3OMG,Shoot,36.1,5,Pathogens
95,Flowpots_Arabidopsis_thaliana_FPath1_1_3_F64_M9+3OMG_Shoot,Flowpots,Arabidopsis_thaliana,F_Path,1,3,F64,3OMG,Shoot,14,3,Pathogens
96,Flowpots_Arabidopsis_thaliana_FPath1_1_4_F64_M9+3OMG_Shoot,Flowpots,Arabidopsis_thaliana,F_Path,1,4,F64,3OMG,Shoot,24.2,4,Pathogens
97,Flowpots_Arabidopsis_thaliana_FPath1_1_1_F96_M9_Shoot,Flowpots,Arabidopsis_thaliana,F_Path,1,1,F96,Water,Shoot,0,0,Pathogens
98,Flowpots_Arabidopsis_thaliana_FPath1_1_2_F96_M9_Shoot,Flowpots,Arabidopsis_thaliana,F_Path,1,2,F96,Water,Shoot,6,1,Pathogens
99,Flowpots_Arabidopsis_thaliana_FPath1_1_3_F96_M9_Shoot,Flowpots,Arabidopsis_thaliana,F_Path,1,3,F96,Water,Shoot,7.8,1,Pathogens
100,Flowpots_Arabidopsis_thaliana_FPath1_1_4_F96_M9_Shoot,Flowpots,Arabidopsis_thaliana,F_Path,1,4,F96,Water,Shoot,0,0,Pathogens
101,Flowpots_Arabidopsis_thaliana_FPath1_1_1_F96_M9+3OMG_Shoot,Flowpots,Arabidopsis_thaliana,F_Path,1,1,F96,3OMG,Shoot,37.3,4,Pathogens
102,Flowpots_Arabidopsis_thaliana_FPath1_1_2_F96_M9+3OMG_Shoot,Flowpots,Arabidopsis_thaliana,F_Path,1,2,F96,3OMG,Shoot,9,1,Pathogens
103,Flowpots_Arabidopsis_thaliana_FPath1_1_3_F96_M9+3OMG_Shoot,Flowpots,Arabidopsis_thaliana,F_Path,1,3,F96,3OMG,Shoot,17.6,3,Pathogens
104,Flowpots_Arabidopsis_thaliana_FPath1_1_4_F96_M9+3OMG_Shoot,Flowpots,Arabidopsis_thaliana,F_Path,1,4,F96,3OMG,Shoot,17.4,2,Pathogens
105,Flowpots_Arabidopsis_thaliana_FPath1_1_1_F100_M9_Shoot,Flowpots,Arabidopsis_thaliana,F_Path,1,1,F100,Water,Shoot,51.6,4,Pathogens
106,Flowpots_Arabidopsis_thaliana_FPath1_1_2_F100_M9_Shoot,Flowpots,Arabidopsis_thaliana,F_Path,1,2,F100,Water,Shoot,24.5,2,Pathogens
107,Flowpots_Arabidopsis_thaliana_FPath1_1_3_F100_M9_Shoot,Flowpots,Arabidopsis_thaliana,F_Path,1,3,F100,Water,Shoot,51.8,5,Pathogens
108,Flowpots_Arabidopsis_thaliana_FPath1_1_4_F100_M9_Shoot,Flowpots,Arabidopsis_thaliana,F_Path,1,4,F100,Water,Shoot,34.9,3,Pathogens
109,Flowpots_Arabidopsis_thaliana_FPath1_1_1_F100_M9+3OMG_Shoot,Flowpots,Arabidopsis_thaliana,F_Path,1,1,F100,3OMG,Shoot,11.6,4,Pathogens
110,Flowpots_Arabidopsis_thaliana_FPath1_1_2_F100_M9+3OMG_Shoot,Flowpots,Arabidopsis_thaliana,F_Path,1,2,F100,3OMG,Shoot,12.5,4,Pathogens
111,Flowpots_Arabidopsis_thaliana_FPath1_1_3_F100_M9+3OMG_Shoot,Flowpots,Arabidopsis_thaliana,F_Path,1,3,F100,3OMG,Shoot,17,5,Pathogens
112,Flowpots_Arabidopsis_thaliana_FPath1_1_4_F100_M9+3OMG_Shoot,Flowpots,Arabidopsis_thaliana,F_Path,1,4,F100,3OMG,Shoot,12.9,4,Pathogens
113,Flowpots_Arabidopsis_thaliana_FPath1_1_1_F117_M9_Shoot,Flowpots,Arabidopsis_thaliana,F_Path,1,1,F117,Water,Shoot,13.1,3,Pathogens
114,Flowpots_Arabidopsis_thaliana_FPath1_1_2_F117_M9_Shoot,Flowpots,Arabidopsis_thaliana,F_Path,1,2,F117,Water,Shoot,27.6,4,Pathogens
115,Flowpots_Arabidopsis_thaliana_FPath1_1_3_F117_M9_Shoot,Flowpots,Arabidopsis_thaliana,F_Path,1,3,F117,Water,Shoot,10,2,Pathogens
116,Flowpots_Arabidopsis_thaliana_FPath1_1_4_F117_M9_Shoot,Flowpots,Arabidopsis_thaliana,F_Path,1,4,F117,Water,Shoot,22.2,5,Pathogens
117,Flowpots_Arabidopsis_thaliana_FPath1_1_1_F117_M9+3OMG_Shoot,Flowpots,Arabidopsis_thaliana,F_Path,1,1,F117,3OMG,Shoot,40.5,5,Pathogens
118,Flowpots_Arabidopsis_thaliana_FPath1_1_2_F117_M9+3OMG_Shoot,Flowpots,Arabidopsis_thaliana,F_Path,1,2,F117,3OMG,Shoot,10.1,2,Pathogens
119,Flowpots_Arabidopsis_thaliana_FPath1_1_3_F117_M9+3OMG_Shoot,Flowpots,Arabidopsis_thaliana,F_Path,1,3,F117,3OMG,Shoot,30.2,5,Pathogens
120,Flowpots_Arabidopsis_thaliana_FPath1_1_4_F117_M9+3OMG_Shoot,Flowpots,Arabidopsis_thaliana,F_Path,1,4,F117,3OMG,Shoot,37.6,5,Pathogens
121,Flowpots_Arabidopsis_thaliana_FPath1_1_1_F147_M9_Shoot,Flowpots,Arabidopsis_thaliana,F_Path,1,1,F147,Water,Shoot,0,0,Pathogens
122,Flowpots_Arabidopsis_thaliana_FPath1_1_2_F147_M9_Shoot,Flowpots,Arabidopsis_thaliana,F_Path,1,2,F147,Water,Shoot,0,0,Pathogens
123,Flowpots_Arabidopsis_thaliana_FPath1_1_3_F147_M9_Shoot,Flowpots,Arabidopsis_thaliana,F_Path,1,3,F147,Water,Shoot,0,0,Pathogens
124,Flowpots_Arabidopsis_thaliana_FPath1_1_4_F147_M9_Shoot,Flowpots,Arabidopsis_thaliana,F_Path,1,4,F147,Water,Shoot,0,0,Pathogens
125,Flowpots_Arabidopsis_thaliana_FPath1_1_1_F147_M9+3OMG_Shoot,Flowpots,Arabidopsis_thaliana,F_Path,1,1,F147,3OMG,Shoot,29.4,4,Pathogens
126,Flowpots_Arabidopsis_thaliana_FPath1_1_2_F147_M9+3OMG_Shoot,Flowpots,Arabidopsis_thaliana,F_Path,1,2,F147,3OMG,Shoot,20.4,3,Pathogens
127,Flowpots_Arabidopsis_thaliana_FPath1_1_3_F147_M9+3OMG_Shoot,Flowpots,Arabidopsis_thaliana,F_Path,1,3,F147,3OMG,Shoot,46.7,4,Pathogens
128,Flowpots_Arabidopsis_thaliana_FPath1_1_4_F147_M9+3OMG_Shoot,Flowpots,Arabidopsis_thaliana,F_Path,1,4,F147,3OMG,Shoot,18.2,2,Pathogens
129,Flowpots_Arabidopsis_thaliana_FPath1_1_1_F212_M9_Shoot,Flowpots,Arabidopsis_thaliana,F_Path,1,1,F212,Water,Shoot,38.8,3,Pathogens
130,Flowpots_Arabidopsis_thaliana_FPath1_1_2_F212_M9_Shoot,Flowpots,Arabidopsis_thaliana,F_Path,1,2,F212,Water,Shoot,52,4,Pathogens
131,Flowpots_Arabidopsis_thaliana_FPath1_1_3_F212_M9_Shoot,Flowpots,Arabidopsis_thaliana,F_Path,1,3,F212,Water,Shoot,14.5,2,Pathogens
132,Flowpots_Arabidopsis_thaliana_FPath1_1_4_F212_M9_Shoot,Flowpots,Arabidopsis_thaliana,F_Path,1,4,F212,Water,Shoot,20.2,2,Pathogens
133,Flowpots_Arabidopsis_thaliana_FPath1_1_1_F212_M9+3OMG_Shoot,Flowpots,Arabidopsis_thaliana,F_Path,1,1,F212,3OMG,Shoot,22.5,4,Pathogens
134,Flowpots_Arabidopsis_thaliana_FPath1_1_2_F212_M9+3OMG_Shoot,Flowpots,Arabidopsis_thaliana,F_Path,1,2,F212,3OMG,Shoot,27.4,5,Pathogens
135,Flowpots_Arabidopsis_thaliana_FPath1_1_3_F212_M9+3OMG_Shoot,Flowpots,Arabidopsis_thaliana,F_Path,1,3,F212,3OMG,Shoot,17,3,Pathogens
136,Flowpots_Arabidopsis_thaliana_FPath1_1_4_F212_M9+3OMG_Shoot,Flowpots,Arabidopsis_thaliana,F_Path,1,4,F212,3OMG,Shoot,19.5,3,Pathogens
137,Flowpots_Arabidopsis_thaliana_FPath1_1_1_F243_M9_Shoot,Flowpots,Arabidopsis_thaliana,F_Path,1,1,F243,Water,Shoot,38.3,6,Pathogens
138,Flowpots_Arabidopsis_thaliana_FPath1_1_2_F243_M9_Shoot,Flowpots,Arabidopsis_thaliana,F_Path,1,2,F243,Water,Shoot,17.6,4,Pathogens
139,Flowpots_Arabidopsis_thaliana_FPath1_1_3_F243_M9_Shoot,Flowpots,Arabidopsis_thaliana,F_Path,1,3,F243,Water,Shoot,41.6,4,Pathogens
140,Flowpots_Arabidopsis_thaliana_FPath1_1_4_F243_M9_Shoot,Flowpots,Arabidopsis_thaliana,F_Path,1,4,F243,Water,Shoot,55.7,6,Pathogens
141,Flowpots_Arabidopsis_thaliana_FPath1_1_1_F243_M9+3OMG_Shoot,Flowpots,Arabidopsis_thaliana,F_Path,1,1,F243,3OMG,Shoot,36.9,6,Pathogens
142,Flowpots_Arabidopsis_thaliana_FPath1_1_2_F243_M9+3OMG_Shoot,Flowpots,Arabidopsis_thaliana,F_Path,1,2,F243,3OMG,Shoot,26.9,4,Pathogens
143,Flowpots_Arabidopsis_thaliana_FPath1_1_3_F243_M9+3OMG_Shoot,Flowpots,Arabidopsis_thaliana,F_Path,1,3,F243,3OMG,Shoot,25.4,4,Pathogens
144,Flowpots_Arabidopsis_thaliana_FPath1_1_4_F243_M9+3OMG_Shoot,Flowpots,Arabidopsis_thaliana,F_Path,1,4,F243,3OMG,Shoot,45.6,6,Pathogens
145,Flowpots_Arabidopsis_thaliana_RsPu2_2_1_MF_M9_Shoot,Flowpots,Arabidopsis_thaliana,RsPu2,2,1,MF,Water,Shoot,59.3,4,Pathogens
146,Flowpots_Arabidopsis_thaliana_RsPu2_2_2_MF_M9_Shoot,Flowpots,Arabidopsis_thaliana,RsPu2,2,2,MF,Water,Shoot,53.5,6,Pathogens
147,Flowpots_Arabidopsis_thaliana_RsPu2_2_3_MF_M9_Shoot,Flowpots,Arabidopsis_thaliana,RsPu2,2,3,MF,Water,Shoot,54.2,5,Pathogens
148,Flowpots_Arabidopsis_thaliana_RsPu2_2_4_MF_M9_Shoot,Flowpots,Arabidopsis_thaliana,RsPu2,2,4,MF,Water,Shoot,11,2,Pathogens
149,Flowpots_Arabidopsis_thaliana_RsPu2_2_1_MF_M9+3OMG_Shoot,Flowpots,Arabidopsis_thaliana,RsPu2,2,1,MF,3OMG,Shoot,39.8,5,Pathogens
150,Flowpots_Arabidopsis_thaliana_RsPu2_2_2_MF_M9+3OMG_Shoot,Flowpots,Arabidopsis_thaliana,RsPu2,2,2,MF,3OMG,Shoot,18.2,3,Pathogens
151,Flowpots_Arabidopsis_thaliana_RsPu2_2_3_MF_M9+3OMG_Shoot,Flowpots,Arabidopsis_thaliana,RsPu2,2,3,MF,3OMG,Shoot,43.2,6,Pathogens
152,Flowpots_Arabidopsis_thaliana_RsPu2_2_4_MF_M9+3OMG_Shoot,Flowpots,Arabidopsis_thaliana,RsPu2,2,4,MF,3OMG,Shoot,31.5,5,Pathogens
153,Flowpots_Arabidopsis_thaliana_RsPu2_2_1_Rs_M9_Shoot,Flowpots,Arabidopsis_thaliana,RsPu2,2,1,Rs,Water,Shoot,0.5,5,Pathogens
154,Flowpots_Arabidopsis_thaliana_RsPu2_2_2_Rs_M9_Shoot,Flowpots,Arabidopsis_thaliana,RsPu2,2,2,Rs,Water,Shoot,0,4,Pathogens
155,Flowpots_Arabidopsis_thaliana_RsPu2_2_3_Rs_M9_Shoot,Flowpots,Arabidopsis_thaliana,RsPu2,2,3,Rs,Water,Shoot,1,3,Pathogens
156,Flowpots_Arabidopsis_thaliana_RsPu2_2_4_Rs_M9_Shoot,Flowpots,Arabidopsis_thaliana,RsPu2,2,4,Rs,Water,Shoot,1.7,4,Pathogens
157,Flowpots_Arabidopsis_thaliana_RsPu2_2_1_Rs_M9+3OMG_Shoot,Flowpots,Arabidopsis_thaliana,RsPu2,2,1,Rs,3OMG,Shoot,0.3,5,Pathogens
158,Flowpots_Arabidopsis_thaliana_RsPu2_2_2_Rs_M9+3OMG_Shoot,Flowpots,Arabidopsis_thaliana,RsPu2,2,2,Rs,3OMG,Shoot,2,4,Pathogens
159,Flowpots_Arabidopsis_thaliana_RsPu2_2_3_Rs_M9+3OMG_Shoot,Flowpots,Arabidopsis_thaliana,RsPu2,2,3,Rs,3OMG,Shoot,1.6,5,Pathogens
160,Flowpots_Arabidopsis_thaliana_RsPu2_2_4_Rs_M9+3OMG_Shoot,Flowpots,Arabidopsis_thaliana,RsPu2,2,4,Rs,3OMG,Shoot,1.3,4,Pathogens
161,Flowpots_Arabidopsis_thaliana_RsPu2_2_1_Pu_M9_Shoot,Flowpots,Arabidopsis_thaliana,RsPu2,2,1,Pu,Water,Shoot,0,0,Pathogens
162,Flowpots_Arabidopsis_thaliana_RsPu2_2_2_Pu_M9_Shoot,Flowpots,Arabidopsis_thaliana,RsPu2,2,2,Pu,Water,Shoot,0,0,Pathogens
163,Flowpots_Arabidopsis_thaliana_RsPu2_2_3_Pu_M9_Shoot,Flowpots,Arabidopsis_thaliana,RsPu2,2,3,Pu,Water,Shoot,0,0,Pathogens
164,Flowpots_Arabidopsis_thaliana_RsPu2_2_4_Pu_M9_Shoot,Flowpots,Arabidopsis_thaliana,RsPu2,2,4,Pu,Water,Shoot,0,0,Pathogens
165,Flowpots_Arabidopsis_thaliana_RsPu2_2_1_Pu_M9+3OMG_Shoot,Flowpots,Arabidopsis_thaliana,RsPu2,2,1,Pu,3OMG,Shoot,0.4,3,Pathogens
166,Flowpots_Arabidopsis_thaliana_RsPu2_2_2_Pu_M9+3OMG_Shoot,Flowpots,Arabidopsis_thaliana,RsPu2,2,2,Pu,3OMG,Shoot,0,3,Pathogens
167,Flowpots_Arabidopsis_thaliana_RsPu2_2_3_Pu_M9+3OMG_Shoot,Flowpots,Arabidopsis_thaliana,RsPu2,2,3,Pu,3OMG,Shoot,0,0,Pathogens
168,Flowpots_Arabidopsis_thaliana_RsPu2_2_4_Pu_M9+3OMG_Shoot,Flowpots,Arabidopsis_thaliana,RsPu2,2,4,Pu,3OMG,Shoot,0,0,Pathogens
169,Flowpots_Arabidopsis_thaliana_RsPu3_3_1_MF_M9_Shoot,Flowpots,Arabidopsis_thaliana,RsPu3,3,1,MF,Water,Shoot,22,4,Pathogens
170,Flowpots_Arabidopsis_thaliana_RsPu3_3_2_MF_M9_Shoot,Flowpots,Arabidopsis_thaliana,RsPu3,3,2,MF,Water,Shoot,29.7,3,Pathogens
171,Flowpots_Arabidopsis_thaliana_RsPu3_3_3_MF_M9_Shoot,Flowpots,Arabidopsis_thaliana,RsPu3,3,3,MF,Water,Shoot,18.1,3,Pathogens
172,Flowpots_Arabidopsis_thaliana_RsPu3_3_4_MF_M9_Shoot,Flowpots,Arabidopsis_thaliana,RsPu3,3,4,MF,Water,Shoot,18.2,4,Pathogens
173,Flowpots_Arabidopsis_thaliana_RsPu3_3_1_MF_M9+3OMG_Shoot,Flowpots,Arabidopsis_thaliana,RsPu3,3,1,MF,3OMG,Shoot,23.2,5,Pathogens
174,Flowpots_Arabidopsis_thaliana_RsPu3_3_2_MF_M9+3OMG_Shoot,Flowpots,Arabidopsis_thaliana,RsPu3,3,2,MF,3OMG,Shoot,26,4,Pathogens
175,Flowpots_Arabidopsis_thaliana_RsPu3_3_3_MF_M9+3OMG_Shoot,Flowpots,Arabidopsis_thaliana,RsPu3,3,3,MF,3OMG,Shoot,28.2,5,Pathogens
176,Flowpots_Arabidopsis_thaliana_RsPu3_3_4_MF_M9+3OMG_Shoot,Flowpots,Arabidopsis_thaliana,RsPu3,3,4,MF,3OMG,Shoot,38.2,5,Pathogens
177,Flowpots_Arabidopsis_thaliana_RsPu3_3_1_Pu_M9_Shoot,Flowpots,Arabidopsis_thaliana,RsPu3,3,1,Pu,Water,Shoot,0,0,Pathogens
178,Flowpots_Arabidopsis_thaliana_RsPu3_3_2_Pu_M9_Shoot,Flowpots,Arabidopsis_thaliana,RsPu3,3,2,Pu,Water,Shoot,0,0,Pathogens
179,Flowpots_Arabidopsis_thaliana_RsPu3_3_3_Pu_M9_Shoot,Flowpots,Arabidopsis_thaliana,RsPu3,3,3,Pu,Water,Shoot,0,0,Pathogens
180,Flowpots_Arabidopsis_thaliana_RsPu3_3_4_Pu_M9_Shoot,Flowpots,Arabidopsis_thaliana,RsPu3,3,4,Pu,Water,Shoot,0,0,Pathogens
181,Flowpots_Arabidopsis_thaliana_RsPu3_3_1_Pu_M9+3OMG_Shoot,Flowpots,Arabidopsis_thaliana,RsPu3,3,1,Pu,3OMG,Shoot,0,0,Pathogens
182,Flowpots_Arabidopsis_thaliana_RsPu3_3_2_Pu_M9+3OMG_Shoot,Flowpots,Arabidopsis_thaliana,RsPu3,3,2,Pu,3OMG,Shoot,0,0,Pathogens
183,Flowpots_Arabidopsis_thaliana_RsPu3_3_3_Pu_M9+3OMG_Shoot,Flowpots,Arabidopsis_thaliana,RsPu3,3,3,Pu,3OMG,Shoot,0,0,Pathogens
184,Flowpots_Arabidopsis_thaliana_RsPu3_3_4_Pu_M9+3OMG_Shoot,Flowpots,Arabidopsis_thaliana,RsPu3,3,4,Pu,3OMG,Shoot,0,0,Pathogens
185,Flowpots_Arabidopsis_thaliana_Rs1_3_1_Rs_M9_Shoot,Flowpots,Arabidopsis_thaliana,Rs1,3,1,Rs,Water,Shoot,0,2,Pathogens
186,Flowpots_Arabidopsis_thaliana_Rs1_3_2_Rs_M9_Shoot,Flowpots,Arabidopsis_thaliana,Rs1,3,2,Rs,Water,Shoot,0,3,Pathogens
187,Flowpots_Arabidopsis_thaliana_Rs1_3_3_Rs_M9_Shoot,Flowpots,Arabidopsis_thaliana,Rs1,3,3,Rs,Water,Shoot,0.2,3,Pathogens
188,Flowpots_Arabidopsis_thaliana_Rs1_3_4_Rs_M9_Shoot,Flowpots,Arabidopsis_thaliana,Rs1,3,4,Rs,Water,Shoot,0,3,Pathogens
189,Flowpots_Arabidopsis_thaliana_Rs1_3_1_Rs_M9+3OMG_Shoot,Flowpots,Arabidopsis_thaliana,Rs1,3,1,Rs,3OMG,Shoot,1.2,4,Pathogens
190,Flowpots_Arabidopsis_thaliana_Rs1_3_2_Rs_M9+3OMG_Shoot,Flowpots,Arabidopsis_thaliana,Rs1,3,2,Rs,3OMG,Shoot,1.3,5,Pathogens
191,Flowpots_Arabidopsis_thaliana_Rs1_3_3_Rs_M9+3OMG_Shoot,Flowpots,Arabidopsis_thaliana,Rs1,3,3,Rs,3OMG,Shoot,0.8,5,Pathogens
192,Flowpots_Arabidopsis_thaliana_Rs1_3_4_Rs_M9+3OMG_Shoot,Flowpots,Arabidopsis_thaliana,Rs1,3,4,Rs,3OMG,Shoot,1.3,4,Pathogens
193,Flowpots_Arabidopsis_thaliana_Rs1_2_1_F16_M9_Shoot,Flowpots,Arabidopsis_thaliana,Rs1,3,1,F16,Water,Shoot,47.6,3,Pathogens
194,Flowpots_Arabidopsis_thaliana_Rs1_2_2_F16_M9_Shoot,Flowpots,Arabidopsis_thaliana,Rs1,3,2,F16,Water,Shoot,13.3,1,Pathogens
195,Flowpots_Arabidopsis_thaliana_Rs1_2_3_F16_M9_Shoot,Flowpots,Arabidopsis_thaliana,Rs1,3,3,F16,Water,Shoot,44.3,2,Pathogens
196,Flowpots_Arabidopsis_thaliana_Rs1_2_4_F16_M9_Shoot,Flowpots,Arabidopsis_thaliana,Rs1,3,4,F16,Water,Shoot,0,0,Pathogens
197,Flowpots_Arabidopsis_thaliana_Rs1_2_1_F16_M9+3OMG_Shoot,Flowpots,Arabidopsis_thaliana,Rs1,3,1,F16,3OMG,Shoot,65.7,4,Pathogens
198,Flowpots_Arabidopsis_thaliana_Rs1_2_2_F16_M9+3OMG_Shoot,Flowpots,Arabidopsis_thaliana,Rs1,3,2,F16,3OMG,Shoot,74.4,4,Pathogens
199,Flowpots_Arabidopsis_thaliana_Rs1_2_3_F16_M9+3OMG_Shoot,Flowpots,Arabidopsis_thaliana,Rs1,3,3,F16,3OMG,Shoot,54.3,3,Pathogens
200,Flowpots_Arabidopsis_thaliana_Rs1_2_4_F16_M9+3OMG_Shoot,Flowpots,Arabidopsis_thaliana,Rs1,3,4,F16,3OMG,Shoot,74.3,4,Pathogens
201,Flowpots_Arabidopsis_thaliana_Rs1_3_1_F16_M9_Shoot,Flowpots,Arabidopsis_thaliana,Rs1,4,1,F16,Water,Shoot,28.8,2,Pathogens
202,Flowpots_Arabidopsis_thaliana_Rs1_3_2_F16_M9_Shoot,Flowpots,Arabidopsis_thaliana,Rs1,4,2,F16,Water,Shoot,57.6,4,Pathogens
203,Flowpots_Arabidopsis_thaliana_Rs1_3_3_F16_M9_Shoot,Flowpots,Arabidopsis_thaliana,Rs1,4,3,F16,Water,Shoot,19.8,2,Pathogens
204,Flowpots_Arabidopsis_thaliana_Rs1_3_4_F16_M9_Shoot,Flowpots,Arabidopsis_thaliana,Rs1,4,4,F16,Water,Shoot,22.8,2,Pathogens
205,Flowpots_Arabidopsis_thaliana_Rs1_3_1_F16_M9+3OMG_Shoot,Flowpots,Arabidopsis_thaliana,Rs1,4,1,F16,3OMG,Shoot,56.2,3,Pathogens
206,Flowpots_Arabidopsis_thaliana_Rs1_3_2_F16_M9+3OMG_Shoot,Flowpots,Arabidopsis_thaliana,Rs1,4,2,F16,3OMG,Shoot,58,4,Pathogens
207,Flowpots_Arabidopsis_thaliana_Rs1_3_3_F16_M9+3OMG_Shoot,Flowpots,Arabidopsis_thaliana,Rs1,4,3,F16,3OMG,Shoot,51.9,2,Pathogens
208,Flowpots_Arabidopsis_thaliana_Rs1_3_4_F16_M9+3OMG_Shoot,Flowpots,Arabidopsis_thaliana,Rs1,4,4,F16,3OMG,Shoot,73.6,5,Pathogens
209,Flowpots_Micro_Tomato_F16_1_1_MF_M9_Shoot,Flowpots,Micro_Tomato,F16,1,1,MF,Water,Shoot,52.5,1,Pathogens
210,Flowpots_Micro_Tomato_F16_1_2_MF_M9_Shoot,Flowpots,Micro_Tomato,F16,1,2,MF,Water,Shoot,376.7,1,Pathogens
211,Flowpots_Micro_Tomato_F16_1_3_MF_M9_Shoot,Flowpots,Micro_Tomato,F16,1,3,MF,Water,Shoot,355.3,1,Pathogens
212,Flowpots_Micro_Tomato_F16_1_4_MF_M9_Shoot,Flowpots,Micro_Tomato,F16,1,4,MF,Water,Shoot,366.2,1,Pathogens
213,Flowpots_Micro_Tomato_F16_1_1_MF_M9+Glucose_Shoot,Flowpots,Micro_Tomato,F16,1,1,MF,Glucose,Shoot,393.5,1,Pathogens
214,Flowpots_Micro_Tomato_F16_1_2_MF_M9+Glucose_Shoot,Flowpots,Micro_Tomato,F16,1,2,MF,Glucose,Shoot,182.3,1,Pathogens
215,Flowpots_Micro_Tomato_F16_1_3_MF_M9+Glucose_Shoot,Flowpots,Micro_Tomato,F16,1,3,MF,Glucose,Shoot,132.4,1,Pathogens
216,Flowpots_Micro_Tomato_F16_1_4_MF_M9+Glucose_Shoot,Flowpots,Micro_Tomato,F16,1,4,MF,Glucose,Shoot,491.7,1,Pathogens
217,Flowpots_Micro_Tomato_F16_1_5_MF_M9+Glucose_Shoot,Flowpots,Micro_Tomato,F16,1,5,MF,Glucose,Shoot,472.5,1,Pathogens
218,Flowpots_Micro_Tomato_F16_1_6_MF_M9+Glucose_Shoot,Flowpots,Micro_Tomato,F16,1,6,MF,Glucose,Shoot,279.6,1,Pathogens
219,Flowpots_Micro_Tomato_F16_1_7_MF_M9+Glucose_Shoot,Flowpots,Micro_Tomato,F16,1,7,MF,Glucose,Shoot,401.3,1,Pathogens
220,Flowpots_Micro_Tomato_F16_1_8_MF_M9+Glucose_Shoot,Flowpots,Micro_Tomato,F16,1,8,MF,Glucose,Shoot,273.8,1,Pathogens
221,Flowpots_Micro_Tomato_F16_1_1_MF_M9+3OMG_Shoot,Flowpots,Micro_Tomato,F16,1,1,MF,3OMG,Shoot,319.9,1,Pathogens
222,Flowpots_Micro_Tomato_F16_1_2_MF_M9+3OMG_Shoot,Flowpots,Micro_Tomato,F16,1,2,MF,3OMG,Shoot,271.4,1,Pathogens
223,Flowpots_Micro_Tomato_F16_1_3_MF_M9+3OMG_Shoot,Flowpots,Micro_Tomato,F16,1,3,MF,3OMG,Shoot,399.3,1,Pathogens
224,Flowpots_Micro_Tomato_F16_1_4_MF_M9+3OMG_Shoot,Flowpots,Micro_Tomato,F16,1,4,MF,3OMG,Shoot,207.9,1,Pathogens
225,Flowpots_Micro_Tomato_F16_1_5_MF_M9+3OMG_Shoot,Flowpots,Micro_Tomato,F16,1,5,MF,3OMG,Shoot,368.4,1,Pathogens
226,Flowpots_Micro_Tomato_F16_1_6_MF_M9+3OMG_Shoot,Flowpots,Micro_Tomato,F16,1,6,MF,3OMG,Shoot,433.8,1,Pathogens
227,Flowpots_Micro_Tomato_F16_1_7_MF_M9+3OMG_Shoot,Flowpots,Micro_Tomato,F16,1,7,MF,3OMG,Shoot,290.8,1,Pathogens
228,Flowpots_Micro_Tomato_F16_1_8_MF_M9+3OMG_Shoot,Flowpots,Micro_Tomato,F16,1,8,MF,3OMG,Shoot,155.2,1,Pathogens
229,Flowpots_Micro_Tomato_F16_1_1_F16_M9_Shoot,Flowpots,Micro_Tomato,F16,1,1,F16,Water,Shoot,35.4,1,Pathogens
230,Flowpots_Micro_Tomato_F16_1_2_F16_M9_Shoot,Flowpots,Micro_Tomato,F16,1,2,F16,Water,Shoot,33.2,1,Pathogens
231,Flowpots_Micro_Tomato_F16_1_3_F16_M9_Shoot,Flowpots,Micro_Tomato,F16,1,3,F16,Water,Shoot,42.9,1,Pathogens
232,Flowpots_Micro_Tomato_F16_1_4_F16_M9_Shoot,Flowpots,Micro_Tomato,F16,1,4,F16,Water,Shoot,27.7,1,Pathogens
233,Flowpots_Micro_Tomato_F16_1_5_F16_M9_Shoot,Flowpots,Micro_Tomato,F16,1,5,F16,Water,Shoot,33.5,1,Pathogens
234,Flowpots_Micro_Tomato_F16_1_6_F16_M9_Shoot,Flowpots,Micro_Tomato,F16,1,6,F16,Water,Shoot,34.3,1,Pathogens
235,Flowpots_Micro_Tomato_F16_1_7_F16_M9_Shoot,Flowpots,Micro_Tomato,F16,1,7,F16,Water,Shoot,52.2,1,Pathogens
236,Flowpots_Micro_Tomato_F16_1_8_F16_M9_Shoot,Flowpots,Micro_Tomato,F16,1,8,F16,Water,Shoot,37,1,Pathogens
237,Flowpots_Micro_Tomato_F16_1_1_F16_M9+Glucose_Shoot,Flowpots,Micro_Tomato,F16,1,1,F16,Glucose,Shoot,81.5,1,Pathogens
238,Flowpots_Micro_Tomato_F16_1_2_F16_M9+Glucose_Shoot,Flowpots,Micro_Tomato,F16,1,2,F16,Glucose,Shoot,35,1,Pathogens
239,Flowpots_Micro_Tomato_F16_1_3_F16_M9+Glucose_Shoot,Flowpots,Micro_Tomato,F16,1,3,F16,Glucose,Shoot,38.6,1,Pathogens
240,Flowpots_Micro_Tomato_F16_1_4_F16_M9+Glucose_Shoot,Flowpots,Micro_Tomato,F16,1,4,F16,Glucose,Shoot,64.9,1,Pathogens
241,Flowpots_Micro_Tomato_F16_1_5_F16_M9+Glucose_Shoot,Flowpots,Micro_Tomato,F16,1,5,F16,Glucose,Shoot,29.9,1,Pathogens
242,Flowpots_Micro_Tomato_F16_1_6_F16_M9+Glucose_Shoot,Flowpots,Micro_Tomato,F16,1,6,F16,Glucose,Shoot,25.9,1,Pathogens
243,Flowpots_Micro_Tomato_F16_1_7_F16_M9+Glucose_Shoot,Flowpots,Micro_Tomato,F16,1,7,F16,Glucose,Shoot,23,1,Pathogens
244,Flowpots_Micro_Tomato_F16_1_8_F16_M9+Glucose_Shoot,Flowpots,Micro_Tomato,F16,1,8,F16,Glucose,Shoot,38,1,Pathogens
245,Flowpots_Micro_Tomato_F16_1_1_F16_M9+3OMG_Shoot,Flowpots,Micro_Tomato,F16,1,1,F16,3OMG,Shoot,480.7,1,Pathogens
246,Flowpots_Micro_Tomato_F16_1_2_F16_M9+3OMG_Shoot,Flowpots,Micro_Tomato,F16,1,2,F16,3OMG,Shoot,503.1,1,Pathogens
247,Flowpots_Micro_Tomato_F16_1_3_F16_M9+3OMG_Shoot,Flowpots,Micro_Tomato,F16,1,3,F16,3OMG,Shoot,250.6,1,Pathogens
248,Flowpots_Micro_Tomato_F16_1_4_F16_M9+3OMG_Shoot,Flowpots,Micro_Tomato,F16,1,4,F16,3OMG,Shoot,308.3,1,Pathogens
249,Flowpots_Micro_Tomato_F16_1_5_F16_M9+3OMG_Shoot,Flowpots,Micro_Tomato,F16,1,5,F16,3OMG,Shoot,413.4,1,Pathogens
250,Flowpots_Micro_Tomato_Path_1_1_MF_M9_Shoot,Flowpots,Micro_Tomato,Path,1,1,MF,Water,Shoot,246.2,1,Pathogens
251,Flowpots_Micro_Tomato_Path_1_2_MF_M9_Shoot,Flowpots,Micro_Tomato,Path,1,2,MF,Water,Shoot,399.5,2,Pathogens
252,Flowpots_Micro_Tomato_Path_1_3_MF_M9_Shoot,Flowpots,Micro_Tomato,Path,1,3,MF,Water,Shoot,386,2,Pathogens
253,Flowpots_Micro_Tomato_Path_1_4_MF_M9_Shoot,Flowpots,Micro_Tomato,Path,1,4,MF,Water,Shoot,144.8,1,Pathogens
254,Flowpots_Micro_Tomato_Path_1_5_MF_M9_Shoot,Flowpots,Micro_Tomato,Path,1,5,MF,Water,Shoot,260,1,Pathogens
255,Flowpots_Micro_Tomato_Path_1_6_MF_M9_Shoot,Flowpots,Micro_Tomato,Path,1,6,MF,Water,Shoot,303.4,2,Pathogens
256,Flowpots_Micro_Tomato_Path_1_7_MF_M9_Shoot,Flowpots,Micro_Tomato,Path,1,7,MF,Water,Shoot,353,2,Pathogens
257,Flowpots_Micro_Tomato_Path_1_8_MF_M9_Shoot,Flowpots,Micro_Tomato,Path,1,8,MF,Water,Shoot,255,2,Pathogens
258,Flowpots_Micro_Tomato_Path_1_1_MF_M9+3OMG_Shoot,Flowpots,Micro_Tomato,Path,1,1,MF,3OMG,Shoot,275.3,2,Pathogens
259,Flowpots_Micro_Tomato_Path_1_2_MF_M9+3OMG_Shoot,Flowpots,Micro_Tomato,Path,1,2,MF,3OMG,Shoot,329.4,2,Pathogens
260,Flowpots_Micro_Tomato_Path_1_3_MF_M9+3OMG_Shoot,Flowpots,Micro_Tomato,Path,1,3,MF,3OMG,Shoot,273.6,2,Pathogens
261,Flowpots_Micro_Tomato_Path_1_4_MF_M9+3OMG_Shoot,Flowpots,Micro_Tomato,Path,1,4,MF,3OMG,Shoot,192.2,2,Pathogens
262,Flowpots_Micro_Tomato_Path_1_5_MF_M9+3OMG_Shoot,Flowpots,Micro_Tomato,Path,1,5,MF,3OMG,Shoot,260.9,2,Pathogens
263,Flowpots_Micro_Tomato_Path_1_6_MF_M9+3OMG_Shoot,Flowpots,Micro_Tomato,Path,1,6,MF,3OMG,Shoot,316.2,2,Pathogens
264,Flowpots_Micro_Tomato_Path_1_7_MF_M9+3OMG_Shoot,Flowpots,Micro_Tomato,Path,1,7,MF,3OMG,Shoot,300.1,2,Pathogens
265,Flowpots_Micro_Tomato_Path_1_8_MF_M9+3OMG_Shoot,Flowpots,Micro_Tomato,Path,1,8,MF,3OMG,Shoot,242.2,1,Pathogens
266,Flowpots_Micro_Tomato_Path_1_1_F96_M9_Shoot,Flowpots,Micro_Tomato,Path,1,1,F96,Water,Shoot,157.2,2,Pathogens
267,Flowpots_Micro_Tomato_Path_1_2_F96_M9_Shoot,Flowpots,Micro_Tomato,Path,1,2,F96,Water,Shoot,349.5,2,Pathogens
268,Flowpots_Micro_Tomato_Path_1_3_F96_M9_Shoot,Flowpots,Micro_Tomato,Path,1,3,F96,Water,Shoot,446,1,Pathogens
269,Flowpots_Micro_Tomato_Path_1_4_F96_M9_Shoot,Flowpots,Micro_Tomato,Path,1,4,F96,Water,Shoot,12.5,1,Pathogens
270,Flowpots_Micro_Tomato_Path_1_5_F96_M9_Shoot,Flowpots,Micro_Tomato,Path,1,5,F96,Water,Shoot,29.7,1,Pathogens
271,Flowpots_Micro_Tomato_Path_1_6_F96_M9_Shoot,Flowpots,Micro_Tomato,Path,1,6,F96,Water,Shoot,175.8,1,Pathogens
272,Flowpots_Micro_Tomato_Path_1_7_F96_M9_Shoot,Flowpots,Micro_Tomato,Path,1,7,F96,Water,Shoot,644.6,2,Pathogens
273,Flowpots_Micro_Tomato_Path_1_8_F96_M9_Shoot,Flowpots,Micro_Tomato,Path,1,8,F96,Water,Shoot,25.2,1,Pathogens
274,Flowpots_Micro_Tomato_Path_1_4_F96_M9+3OMG_Shoot,Flowpots,Micro_Tomato,Path,1,4,F96,3OMG,Shoot,272,1,Pathogens
275,Flowpots_Micro_Tomato_Path_1_3_F96_M9+3OMG_Shoot,Flowpots,Micro_Tomato,Path,1,3,F96,3OMG,Shoot,506.9,2,Pathogens
276,Flowpots_Micro_Tomato_Path_1_2_F96_M9+3OMG_Shoot,Flowpots,Micro_Tomato,Path,1,2,F96,3OMG,Shoot,95.4,1,Pathogens
277,Flowpots_Micro_Tomato_Path_1_1_F96_M9+3OMG_Shoot,Flowpots,Micro_Tomato,Path,1,1,F96,3OMG,Shoot,418,1,Pathogens
278,Flowpots_Micro_Tomato_Path_1_5_F96_M9+3OMG_Shoot,Flowpots,Micro_Tomato,Path,1,5,F96,3OMG,Shoot,16.8,2,Pathogens
279,Flowpots_Micro_Tomato_Path_1_6_F96_M9+3OMG_Shoot,Flowpots,Micro_Tomato,Path,1,6,F96,3OMG,Shoot,454.5,2,Pathogens
280,Flowpots_Micro_Tomato_Path_1_7_F96_M9+3OMG_Shoot,Flowpots,Micro_Tomato,Path,1,7,F96,3OMG,Shoot,29.4,2,Pathogens
281,Flowpots_Micro_Tomato_Path_1_8_F96_M9+3OMG_Shoot,Flowpots,Micro_Tomato,Path,1,8,F96,3OMG,Shoot,378.7,1,Pathogens
282,Flowpots_Micro_Tomato_Path_1_1_Vd_M9_Shoot,Flowpots,Micro_Tomato,Path,1,1,Vd,Water,Shoot,400.7,2,Pathogens
283,Flowpots_Micro_Tomato_Path_1_2_Vd_M9_Shoot,Flowpots,Micro_Tomato,Path,1,2,Vd,Water,Shoot,278.3,2,Pathogens
284,Flowpots_Micro_Tomato_Path_1_3_Vd_M9_Shoot,Flowpots,Micro_Tomato,Path,1,3,Vd,Water,Shoot,597.3,2,Pathogens
285,Flowpots_Micro_Tomato_Path_1_4_Vd_M9_Shoot,Flowpots,Micro_Tomato,Path,1,4,Vd,Water,Shoot,292.3,2,Pathogens
286,Flowpots_Micro_Tomato_Path_1_5_Vd_M9_Shoot,Flowpots,Micro_Tomato,Path,1,5,Vd,Water,Shoot,422.6,2,Pathogens
287,Flowpots_Micro_Tomato_Path_1_6_Vd_M9_Shoot,Flowpots,Micro_Tomato,Path,1,6,Vd,Water,Shoot,471,2,Pathogens
288,Flowpots_Micro_Tomato_Path_1_7_Vd_M9_Shoot,Flowpots,Micro_Tomato,Path,1,7,Vd,Water,Shoot,272.8,2,Pathogens
289,Flowpots_Micro_Tomato_Path_1_8_Vd_M9_Shoot,Flowpots,Micro_Tomato,Path,1,8,Vd,Water,Shoot,381,2,Pathogens
290,Flowpots_Micro_Tomato_Path_1_1_Vd_M9+3OMG_Shoot,Flowpots,Micro_Tomato,Path,1,1,Vd,3OMG,Shoot,250,2,Pathogens
291,Flowpots_Micro_Tomato_Path_1_2_Vd_M9+3OMG_Shoot,Flowpots,Micro_Tomato,Path,1,2,Vd,3OMG,Shoot,414.4,2,Pathogens
292,Flowpots_Micro_Tomato_Path_1_3_Vd_M9+3OMG_Shoot,Flowpots,Micro_Tomato,Path,1,3,Vd,3OMG,Shoot,254.9,2,Pathogens
293,Flowpots_Micro_Tomato_Path_1_4_Vd_M9+3OMG_Shoot,Flowpots,Micro_Tomato,Path,1,4,Vd,3OMG,Shoot,457.6,2,Pathogens
294,Flowpots_Micro_Tomato_Path_1_5_Vd_M9+3OMG_Shoot,Flowpots,Micro_Tomato,Path,1,5,Vd,3OMG,Shoot,275.8,2,Pathogens
295,Flowpots_Micro_Tomato_Path_1_6_Vd_M9+3OMG_Shoot,Flowpots,Micro_Tomato,Path,1,6,Vd,3OMG,Shoot,182.6,2,Pathogens
296,Flowpots_Micro_Tomato_Path_1_7_Vd_M9+3OMG_Shoot,Flowpots,Micro_Tomato,Path,1,7,Vd,3OMG,Shoot,404.89,2,Pathogens
297,Flowpots_Micro_Tomato_Path_1_8_Vd_M9+3OMG_Shoot,Flowpots,Micro_Tomato,Path,1,8,Vd,3OMG,Shoot,599.6,2,Pathogens
298,Flowpots_Micro_Tomato_Ben_1_1_MF_M9_Shoot,Flowpots,Micro_Tomato,Ben,1,1,MF,Water,Shoot,275,1,Beneficial
299,Flowpots_Micro_Tomato_Ben_1_2_MF_M9_Shoot,Flowpots,Micro_Tomato,Ben,1,2,MF,Water,Shoot,190,1,Beneficial
300,Flowpots_Micro_Tomato_Ben_1_3_MF_M9_Shoot,Flowpots,Micro_Tomato,Ben,1,3,MF,Water,Shoot,263.9,1,Beneficial
301,Flowpots_Micro_Tomato_Ben_1_4_MF_M9_Shoot,Flowpots,Micro_Tomato,Ben,1,4,MF,Water,Shoot,323.1,1,Beneficial
302,Flowpots_Micro_Tomato_Ben_1_1_MF_M9+3OMG_Shoot,Flowpots,Micro_Tomato,Ben,1,1,MF,3OMG,Shoot,266.2,1,Beneficial
303,Flowpots_Micro_Tomato_Ben_1_2_MF_M9+3OMG_Shoot,Flowpots,Micro_Tomato,Ben,1,2,MF,3OMG,Shoot,349.6,1,Beneficial
304,Flowpots_Micro_Tomato_Ben_1_3_MF_M9+3OMG_Shoot,Flowpots,Micro_Tomato,Ben,1,3,MF,3OMG,Shoot,254.3,1,Beneficial
305,Flowpots_Micro_Tomato_Ben_1_4_MF_M9+3OMG_Shoot,Flowpots,Micro_Tomato,Ben,1,4,MF,3OMG,Shoot,374.9,1,Beneficial
306,Flowpots_Micro_Tomato_Ben_1_1_AMF_M9_Shoot,Flowpots,Micro_Tomato,Ben,1,1,AMF,Water,Shoot,437,1,Beneficial
307,Flowpots_Micro_Tomato_Ben_1_2_AMF_M9_Shoot,Flowpots,Micro_Tomato,Ben,1,2,AMF,Water,Shoot,265.2,1,Beneficial
308,Flowpots_Micro_Tomato_Ben_1_3_AMF_M9_Shoot,Flowpots,Micro_Tomato,Ben,1,3,AMF,Water,Shoot,394.3,1,Beneficial
309,Flowpots_Micro_Tomato_Ben_1_4_AMF_M9_Shoot,Flowpots,Micro_Tomato,Ben,1,4,AMF,Water,Shoot,278,1,Beneficial
310,Flowpots_Micro_Tomato_Ben_1_1_AMF_M9+3OMG_Shoot,Flowpots,Micro_Tomato,Ben,1,1,AMF,3OMG,Shoot,295.5,1,Beneficial
311,Flowpots_Micro_Tomato_Ben_1_2_AMF_M9+3OMG_Shoot,Flowpots,Micro_Tomato,Ben,1,2,AMF,3OMG,Shoot,284.1,1,Beneficial
312,Flowpots_Micro_Tomato_Ben_1_3_AMF_M9+3OMG_Shoot,Flowpots,Micro_Tomato,Ben,1,3,AMF,3OMG,Shoot,352.4,1,Beneficial
313,Flowpots_Micro_Tomato_Ben_1_4_AMF_M9+3OMG_Shoot,Flowpots,Micro_Tomato,Ben,1,4,AMF,3OMG,Shoot,208.7,1,Beneficial
314,Flowpots_Hordeum_vulgare_F16_1_5_MF_M9_Shoot,Flowpots,Hordeum_vulgare,F16,1,5,MF,Water,Shoot,281.3,1,Pathogens
315,Flowpots_Hordeum_vulgare_F16_1_6_MF_M9_Shoot,Flowpots,Hordeum_vulgare,F16,1,6,MF,Water,Shoot,362.6,1,Pathogens
316,Flowpots_Hordeum_vulgare_F16_1_7_MF_M9_Shoot,Flowpots,Hordeum_vulgare,F16,1,7,MF,Water,Shoot,289.3,1,Pathogens
317,Flowpots_Hordeum_vulgare_F16_1_8_MF_M9_Shoot,Flowpots,Hordeum_vulgare,F16,1,8,MF,Water,Shoot,344.6,1,Pathogens
318,Flowpots_Hordeum_vulgare_F16_1_1_MF_M9+Glucose_Shoot,Flowpots,Hordeum_vulgare,F16,1,1,MF,Glucose,Shoot,368.3,1,Pathogens
319,Flowpots_Hordeum_vulgare_F16_1_2_MF_M9+Glucose_Shoot,Flowpots,Hordeum_vulgare,F16,1,2,MF,Glucose,Shoot,432.4,1,Pathogens
320,Flowpots_Hordeum_vulgare_F16_1_3_MF_M9+Glucose_Shoot,Flowpots,Hordeum_vulgare,F16,1,3,MF,Glucose,Shoot,461.3,1,Pathogens
321,Flowpots_Hordeum_vulgare_F16_1_4_MF_M9+Glucose_Shoot,Flowpots,Hordeum_vulgare,F16,1,4,MF,Glucose,Shoot,436,1,Pathogens
322,Flowpots_Hordeum_vulgare_F16_1_5_MF_M9+Glucose_Shoot,Flowpots,Hordeum_vulgare,F16,1,5,MF,Glucose,Shoot,396.2,1,Pathogens
323,Flowpots_Hordeum_vulgare_F16_1_6_MF_M9+Glucose_Shoot,Flowpots,Hordeum_vulgare,F16,1,6,MF,Glucose,Shoot,365,1,Pathogens
324,Flowpots_Hordeum_vulgare_F16_1_7_MF_M9+Glucose_Shoot,Flowpots,Hordeum_vulgare,F16,1,7,MF,Glucose,Shoot,474.1,1,Pathogens
325,Flowpots_Hordeum_vulgare_F16_1_8_MF_M9+Glucose_Shoot,Flowpots,Hordeum_vulgare,F16,1,8,MF,Glucose,Shoot,321.2,1,Pathogens
326,Flowpots_Hordeum_vulgare_F16_1_1_MF_M9+3OMG_Shoot,Flowpots,Hordeum_vulgare,F16,1,1,MF,3OMG,Shoot,406.8,1,Pathogens
327,Flowpots_Hordeum_vulgare_F16_1_2_MF_M9+3OMG_Shoot,Flowpots,Hordeum_vulgare,F16,1,2,MF,3OMG,Shoot,467,1,Pathogens
328,Flowpots_Hordeum_vulgare_F16_1_3_MF_M9+3OMG_Shoot,Flowpots,Hordeum_vulgare,F16,1,3,MF,3OMG,Shoot,517.8,1,Pathogens
329,Flowpots_Hordeum_vulgare_F16_1_4_MF_M9+3OMG_Shoot,Flowpots,Hordeum_vulgare,F16,1,4,MF,3OMG,Shoot,314.2,1,Pathogens
330,Flowpots_Hordeum_vulgare_F16_1_5_MF_M9+3OMG_Shoot,Flowpots,Hordeum_vulgare,F16,1,5,MF,3OMG,Shoot,513.4,1,Pathogens
331,Flowpots_Hordeum_vulgare_F16_1_6_MF_M9+3OMG_Shoot,Flowpots,Hordeum_vulgare,F16,1,6,MF,3OMG,Shoot,378,1,Pathogens
332,Flowpots_Hordeum_vulgare_F16_1_7_MF_M9+3OMG_Shoot,Flowpots,Hordeum_vulgare,F16,1,7,MF,3OMG,Shoot,473.4,1,Pathogens
333,Flowpots_Hordeum_vulgare_F16_1_8_MF_M9+3OMG_Shoot,Flowpots,Hordeum_vulgare,F16,1,8,MF,3OMG,Shoot,425.3,1,Pathogens
334,Flowpots_Hordeum_vulgare_F16_1_1_F16_M9_Shoot,Flowpots,Hordeum_vulgare,F16,1,1,F16,Water,Shoot,213,1,Pathogens
335,Flowpots_Hordeum_vulgare_F16_1_2_F16_M9_Shoot,Flowpots,Hordeum_vulgare,F16,1,2,F16,Water,Shoot,383.6,1,Pathogens
336,Flowpots_Hordeum_vulgare_F16_1_3_F16_M9_Shoot,Flowpots,Hordeum_vulgare,F16,1,3,F16,Water,Shoot,439.5,1,Pathogens
337,Flowpots_Hordeum_vulgare_F16_1_4_F16_M9_Shoot,Flowpots,Hordeum_vulgare,F16,1,4,F16,Water,Shoot,0,1,Pathogens
338,Flowpots_Hordeum_vulgare_F16_1_5_F16_M9_Shoot,Flowpots,Hordeum_vulgare,F16,1,5,F16,Water,Shoot,354.2,1,Pathogens
339,Flowpots_Hordeum_vulgare_F16_1_6_F16_M9_Shoot,Flowpots,Hordeum_vulgare,F16,1,6,F16,Water,Shoot,398.7,1,Pathogens
340,Flowpots_Hordeum_vulgare_F16_1_7_F16_M9_Shoot,Flowpots,Hordeum_vulgare,F16,1,7,F16,Water,Shoot,295.6,1,Pathogens
341,Flowpots_Hordeum_vulgare_F16_1_8_F16_M9_Shoot,Flowpots,Hordeum_vulgare,F16,1,8,F16,Water,Shoot,303.6,1,Pathogens
342,Flowpots_Hordeum_vulgare_F16_1_1_F16_M9+Glucose_Shoot,Flowpots,Hordeum_vulgare,F16,1,1,F16,Glucose,Shoot,369.4,1,Pathogens
343,Flowpots_Hordeum_vulgare_F16_1_2_F16_M9+Glucose_Shoot,Flowpots,Hordeum_vulgare,F16,1,2,F16,Glucose,Shoot,324.7,1,Pathogens
344,Flowpots_Hordeum_vulgare_F16_1_3_F16_M9+Glucose_Shoot,Flowpots,Hordeum_vulgare,F16,1,3,F16,Glucose,Shoot,349.5,1,Pathogens
345,Flowpots_Hordeum_vulgare_F16_1_4_F16_M9+Glucose_Shoot,Flowpots,Hordeum_vulgare,F16,1,4,F16,Glucose,Shoot,398.4,1,Pathogens
346,Flowpots_Hordeum_vulgare_F16_1_5_F16_M9+Glucose_Shoot,Flowpots,Hordeum_vulgare,F16,1,5,F16,Glucose,Shoot,312.9,1,Pathogens
347,Flowpots_Hordeum_vulgare_F16_1_6_F16_M9+Glucose_Shoot,Flowpots,Hordeum_vulgare,F16,1,6,F16,Glucose,Shoot,397.8,1,Pathogens
348,Flowpots_Hordeum_vulgare_F16_1_7_F16_M9+Glucose_Shoot,Flowpots,Hordeum_vulgare,F16,1,7,F16,Glucose,Shoot,154.1,1,Pathogens
349,Flowpots_Hordeum_vulgare_F16_1_8_F16_M9+Glucose_Shoot,Flowpots,Hordeum_vulgare,F16,1,8,F16,Glucose,Shoot,385.5,1,Pathogens
350,Flowpots_Hordeum_vulgare_F16_1_1_F16_M9+3OMG_Shoot,Flowpots,Hordeum_vulgare,F16,1,1,F16,3OMG,Shoot,299.7,1,Pathogens
351,Flowpots_Hordeum_vulgare_F16_1_2_F16_M9+3OMG_Shoot,Flowpots,Hordeum_vulgare,F16,1,2,F16,3OMG,Shoot,250.1,1,Pathogens
352,Flowpots_Hordeum_vulgare_F16_1_3_F16_M9+3OMG_Shoot,Flowpots,Hordeum_vulgare,F16,1,3,F16,3OMG,Shoot,355.1,1,Pathogens
353,Flowpots_Hordeum_vulgare_F16_1_4_F16_M9+3OMG_Shoot,Flowpots,Hordeum_vulgare,F16,1,4,F16,3OMG,Shoot,0,1,Pathogens
354,Flowpots_Hordeum_vulgare_F16_1_5_F16_M9+3OMG_Shoot,Flowpots,Hordeum_vulgare,F16,1,5,F16,3OMG,Shoot,509.3,1,Pathogens
355,Flowpots_Hordeum_vulgare_F16_1_6_F16_M9+3OMG_Shoot,Flowpots,Hordeum_vulgare,F16,1,6,F16,3OMG,Shoot,325.8,1,Pathogens
356,Flowpots_Hordeum_vulgare_F16_1_7_F16_M9+3OMG_Shoot,Flowpots,Hordeum_vulgare,F16,1,7,F16,3OMG,Shoot,368,1,Pathogens
357,Flowpots_Hordeum_vulgare_F16_1_8_F16_M9+3OMG_Shoot,Flowpots,Hordeum_vulgare,F16,1,8,F16,3OMG,Shoot,505.7,1,Pathogens
358,Flowpots_Hordeum_vulgare_Ben_1_1_MF_M9_Shoot,Flowpots,Hordeum_vulgare,Ben,1,1,MF,Water,Shoot,225,1,Beneficial
359,Flowpots_Hordeum_vulgare_Ben_1_2_MF_M9_Shoot,Flowpots,Hordeum_vulgare,Ben,1,2,MF,Water,Shoot,411.6,1,Beneficial
360,Flowpots_Hordeum_vulgare_Ben_1_3_MF_M9_Shoot,Flowpots,Hordeum_vulgare,Ben,1,3,MF,Water,Shoot,432,1,Beneficial
361,Flowpots_Hordeum_vulgare_Ben_1_4_MF_M9_Shoot,Flowpots,Hordeum_vulgare,Ben,1,4,MF,Water,Shoot,431.5,1,Beneficial
362,Flowpots_Hordeum_vulgare_Ben_1_5_MF_M9_Shoot,Flowpots,Hordeum_vulgare,Ben,1,5,MF,Water,Shoot,407.4,1,Beneficial
363,Flowpots_Hordeum_vulgare_Ben_1_6_MF_M9_Shoot,Flowpots,Hordeum_vulgare,Ben,1,6,MF,Water,Shoot,336.1,1,Beneficial
364,Flowpots_Hordeum_vulgare_Ben_1_7_MF_M9_Shoot,Flowpots,Hordeum_vulgare,Ben,1,7,MF,Water,Shoot,330.5,1,Beneficial
365,Flowpots_Hordeum_vulgare_Ben_1_8_MF_M9_Shoot,Flowpots,Hordeum_vulgare,Ben,1,8,MF,Water,Shoot,388.1,1,Beneficial
366,Flowpots_Hordeum_vulgare_Ben_1_1_MF_M9+3OMG_Shoot,Flowpots,Hordeum_vulgare,Ben,1,1,MF,3OMG,Shoot,397.4,1,Beneficial
367,Flowpots_Hordeum_vulgare_Ben_1_2_MF_M9+3OMG_Shoot,Flowpots,Hordeum_vulgare,Ben,1,2,MF,3OMG,Shoot,375.9,1,Beneficial
368,Flowpots_Hordeum_vulgare_Ben_1_3_MF_M9+3OMG_Shoot,Flowpots,Hordeum_vulgare,Ben,1,3,MF,3OMG,Shoot,398,1,Beneficial
369,Flowpots_Hordeum_vulgare_Ben_1_4_MF_M9+3OMG_Shoot,Flowpots,Hordeum_vulgare,Ben,1,4,MF,3OMG,Shoot,290.2,1,Beneficial
370,Flowpots_Hordeum_vulgare_Ben_1_5_MF_M9+3OMG_Shoot,Flowpots,Hordeum_vulgare,Ben,1,5,MF,3OMG,Shoot,240.8,1,Beneficial
371,Flowpots_Hordeum_vulgare_Ben_1_6_MF_M9+3OMG_Shoot,Flowpots,Hordeum_vulgare,Ben,1,6,MF,3OMG,Shoot,416.4,1,Beneficial
372,Flowpots_Hordeum_vulgare_Ben_1_7_MF_M9+3OMG_Shoot,Flowpots,Hordeum_vulgare,Ben,1,7,MF,3OMG,Shoot,347.7,1,Beneficial
373,Flowpots_Hordeum_vulgare_Ben_1_8_MF_M9+3OMG_Shoot,Flowpots,Hordeum_vulgare,Ben,1,8,MF,3OMG,Shoot,357.9,1,Beneficial
374,Flowpots_Hordeum_vulgare_Ben_1_1_AMF_M9_Shoot,Flowpots,Hordeum_vulgare,Ben,1,1,AMF,Water,Shoot,442.7,1,Beneficial
375,Flowpots_Hordeum_vulgare_Ben_1_2_AMF_M9_Shoot,Flowpots,Hordeum_vulgare,Ben,1,2,AMF,Water,Shoot,435.8,1,Beneficial
376,Flowpots_Hordeum_vulgare_Ben_1_3_AMF_M9_Shoot,Flowpots,Hordeum_vulgare,Ben,1,3,AMF,Water,Shoot,386.7,1,Beneficial
377,Flowpots_Hordeum_vulgare_Ben_1_4_AMF_M9_Shoot,Flowpots,Hordeum_vulgare,Ben,1,4,AMF,Water,Shoot,260.1,1,Beneficial
378,Flowpots_Hordeum_vulgare_Ben_1_5_AMF_M9_Shoot,Flowpots,Hordeum_vulgare,Ben,1,5,AMF,Water,Shoot,423.2,1,Beneficial
379,Flowpots_Hordeum_vulgare_Ben_1_6_AMF_M9_Shoot,Flowpots,Hordeum_vulgare,Ben,1,6,AMF,Water,Shoot,450,1,Beneficial
380,Flowpots_Hordeum_vulgare_Ben_1_7_AMF_M9_Shoot,Flowpots,Hordeum_vulgare,Ben,1,7,AMF,Water,Shoot,375.8,1,Beneficial
381,Flowpots_Hordeum_vulgare_Ben_1_8_AMF_M9_Shoot,Flowpots,Hordeum_vulgare,Ben,1,8,AMF,Water,Shoot,370.7,1,Beneficial
382,Flowpots_Hordeum_vulgare_Ben_1_1_AMF_M9+3OMG_Shoot,Flowpots,Hordeum_vulgare,Ben,1,1,AMF,3OMG,Shoot,332.5,1,Beneficial
383,Flowpots_Hordeum_vulgare_Ben_1_2_AMF_M9+3OMG_Shoot,Flowpots,Hordeum_vulgare,Ben,1,2,AMF,3OMG,Shoot,371.3,1,Beneficial
384,Flowpots_Hordeum_vulgare_Ben_1_3_AMF_M9+3OMG_Shoot,Flowpots,Hordeum_vulgare,Ben,1,3,AMF,3OMG,Shoot,0,1,Beneficial
385,Flowpots_Hordeum_vulgare_Ben_1_4_AMF_M9+3OMG_Shoot,Flowpots,Hordeum_vulgare,Ben,1,4,AMF,3OMG,Shoot,402.8,1,Beneficial
386,Flowpots_Hordeum_vulgare_Ben_1_5_AMF_M9+3OMG_Shoot,Flowpots,Hordeum_vulgare,Ben,1,5,AMF,3OMG,Shoot,285.1,1,Beneficial
387,Flowpots_Hordeum_vulgare_Ben_1_6_AMF_M9+3OMG_Shoot,Flowpots,Hordeum_vulgare,Ben,1,6,AMF,3OMG,Shoot,487.3,1,Beneficial
388,Flowpots_Hordeum_vulgare_Ben_1_7_AMF_M9+3OMG_Shoot,Flowpots,Hordeum_vulgare,Ben,1,7,AMF,3OMG,Shoot,367.6,1,Beneficial
389,Flowpots_Hordeum_vulgare_Ben_1_8_AMF_M9+3OMG_Shoot,Flowpots,Hordeum_vulgare,Ben,1,8,AMF,3OMG,Shoot,407.3,1,Beneficial
390,Flowpots_Hordeum_vulgare_Path_1_1_MF_M9_Shoot,Flowpots,Hordeum_vulgare,Path,1,1,MF,Water,Shoot,327,1,Pathogens
391,Flowpots_Hordeum_vulgare_Path_1_2_MF_M9_Shoot,Flowpots,Hordeum_vulgare,Path,1,2,MF,Water,Shoot,331.9,1,Pathogens
392,Flowpots_Hordeum_vulgare_Path_1_3_MF_M9_Shoot,Flowpots,Hordeum_vulgare,Path,1,3,MF,Water,Shoot,306.4,1,Pathogens
393,Flowpots_Hordeum_vulgare_Path_1_4_MF_M9_Shoot,Flowpots,Hordeum_vulgare,Path,1,4,MF,Water,Shoot,423.1,1,Pathogens
394,Flowpots_Hordeum_vulgare_Path_1_5_MF_M9_Shoot,Flowpots,Hordeum_vulgare,Path,1,5,MF,Water,Shoot,388.1,1,Pathogens
395,Flowpots_Hordeum_vulgare_Path_1_6_MF_M9_Shoot,Flowpots,Hordeum_vulgare,Path,1,6,MF,Water,Shoot,395.1,1,Pathogens
396,Flowpots_Hordeum_vulgare_Path_1_7_MF_M9_Shoot,Flowpots,Hordeum_vulgare,Path,1,7,MF,Water,Shoot,230.4,1,Pathogens
397,Flowpots_Hordeum_vulgare_Path_1_8_MF_M9+3OMG_Shoot,Flowpots,Hordeum_vulgare,Path,1,8,MF,3OMG,Shoot,449.6,1,Pathogens
398,Flowpots_Hordeum_vulgare_Path_1_1_MF_M9+3OMG_Shoot,Flowpots,Hordeum_vulgare,Path,1,1,MF,3OMG,Shoot,397.6,1,Pathogens
399,Flowpots_Hordeum_vulgare_Path_1_2_MF_M9+3OMG_Shoot,Flowpots,Hordeum_vulgare,Path,1,2,MF,3OMG,Shoot,387.2,1,Pathogens
400,Flowpots_Hordeum_vulgare_Path_1_3_MF_M9+3OMG_Shoot,Flowpots,Hordeum_vulgare,Path,1,3,MF,3OMG,Shoot,484.1,1,Pathogens
401,Flowpots_Hordeum_vulgare_Path_1_4_MF_M9+3OMG_Shoot,Flowpots,Hordeum_vulgare,Path,1,4,MF,3OMG,Shoot,392.5,1,Pathogens
402,Flowpots_Hordeum_vulgare_Path_1_5_MF_M9+3OMG_Shoot,Flowpots,Hordeum_vulgare,Path,1,5,MF,3OMG,Shoot,383.8,1,Pathogens
403,Flowpots_Hordeum_vulgare_Path_1_6_MF_M9+3OMG_Shoot,Flowpots,Hordeum_vulgare,Path,1,6,MF,3OMG,Shoot,255.6,1,Pathogens
404,Flowpots_Hordeum_vulgare_Path_1_7_MF_M9+3OMG_Shoot,Flowpots,Hordeum_vulgare,Path,1,7,MF,3OMG,Shoot,435.6,1,Pathogens
405,Flowpots_Hordeum_vulgare_Path_1_8_MF_M9_Shoot,Flowpots,Hordeum_vulgare,Path,1,8,MF,Water,Shoot,198.8,1,Pathogens
406,Flowpots_Hordeum_vulgare_Path_1_1_Bs_M9_Shoot,Flowpots,Hordeum_vulgare,Path,1,1,Bs,Water,Shoot,374,1,Pathogens
407,Flowpots_Hordeum_vulgare_Path_1_2_Bs_M9_Shoot,Flowpots,Hordeum_vulgare,Path,1,2,Bs,Water,Shoot,422,1,Pathogens
408,Flowpots_Hordeum_vulgare_Path_1_3_Bs_M9_Shoot,Flowpots,Hordeum_vulgare,Path,1,3,Bs,Water,Shoot,385.1,1,Pathogens
409,Flowpots_Hordeum_vulgare_Path_1_4_Bs_M9_Shoot,Flowpots,Hordeum_vulgare,Path,1,4,Bs,Water,Shoot,348.6,1,Pathogens
410,Flowpots_Hordeum_vulgare_Path_1_5_Bs_M9_Shoot,Flowpots,Hordeum_vulgare,Path,1,5,Bs,Water,Shoot,415.3,1,Pathogens
411,Flowpots_Hordeum_vulgare_Path_1_6_Bs_M9_Shoot,Flowpots,Hordeum_vulgare,Path,1,6,Bs,Water,Shoot,427.3,1,Pathogens
412,Flowpots_Hordeum_vulgare_Path_1_7_Bs_M9_Shoot,Flowpots,Hordeum_vulgare,Path,1,7,Bs,Water,Shoot,227.9,1,Pathogens
413,Flowpots_Hordeum_vulgare_Path_1_8_Bs_M9+3OMG_Shoot,Flowpots,Hordeum_vulgare,Path,1,8,Bs,3OMG,Shoot,343.2,1,Pathogens
414,Flowpots_Hordeum_vulgare_Path_1_1_Bs_M9+3OMG_Shoot,Flowpots,Hordeum_vulgare,Path,1,1,Bs,3OMG,Shoot,438.4,1,Pathogens
415,Flowpots_Hordeum_vulgare_Path_1_2_Bs_M9+3OMG_Shoot,Flowpots,Hordeum_vulgare,Path,1,2,Bs,3OMG,Shoot,461.5,1,Pathogens
416,Flowpots_Hordeum_vulgare_Path_1_3_Bs_M9+3OMG_Shoot,Flowpots,Hordeum_vulgare,Path,1,3,Bs,3OMG,Shoot,461.4,1,Pathogens
417,Flowpots_Hordeum_vulgare_Path_1_4_Bs_M9+3OMG_Shoot,Flowpots,Hordeum_vulgare,Path,1,4,Bs,3OMG,Shoot,326.1,1,Pathogens
418,Flowpots_Hordeum_vulgare_Path_1_5_Bs_M9+3OMG_Shoot,Flowpots,Hordeum_vulgare,Path,1,5,Bs,3OMG,Shoot,283.9,1,Pathogens
419,Flowpots_Hordeum_vulgare_Path_1_6_Bs_M9+3OMG_Shoot,Flowpots,Hordeum_vulgare,Path,1,6,Bs,3OMG,Shoot,271.2,1,Pathogens
420,Flowpots_Hordeum_vulgare_Path_1_7_Bs_M9+3OMG_Shoot,Flowpots,Hordeum_vulgare,Path,1,7,Bs,3OMG,Shoot,288.8,1,Pathogens
421,Flowpots_Hordeum_vulgare_Path_1_8_Bs_M9+3OMG_Shoot,Flowpots,Hordeum_vulgare,Path,1,8,Bs,3OMG,Shoot,274.7,1,Pathogens
422,Flowpots_Arabidopsis_thaliana_MiniSC_1_1_MF_M9_Shoot,Flowpots,Arabidopsis_thaliana,MiniSC,1,1,MF,Water,Shoot,118.6,5,MiniSC
423,Flowpots_Arabidopsis_thaliana_MiniSC_1_2_MF_M9_Shoot,Flowpots,Arabidopsis_thaliana,MiniSC,1,2,MF,Water,Shoot,118.8,5,MiniSC
424,Flowpots_Arabidopsis_thaliana_MiniSC_1_3_MF_M9_Shoot,Flowpots,Arabidopsis_thaliana,MiniSC,1,3,MF,Water,Shoot,125.7,5,MiniSC
425,Flowpots_Arabidopsis_thaliana_MiniSC_1_4_MF_M9_Shoot,Flowpots,Arabidopsis_thaliana,MiniSC,1,4,MF,Water,Shoot,92.4,4,MiniSC
426,Flowpots_Arabidopsis_thaliana_MiniSC_1_5_MF_M9_Shoot,Flowpots,Arabidopsis_thaliana,MiniSC,1,5,MF,Water,Shoot,66.7,4,MiniSC
427,Flowpots_Arabidopsis_thaliana_MiniSC_1_6_MF_M9_Shoot,Flowpots,Arabidopsis_thaliana,MiniSC,1,6,MF,Water,Shoot,100.9,5,MiniSC
428,Flowpots_Arabidopsis_thaliana_MiniSC_1_1_FSC_M9_Shoot,Flowpots,Arabidopsis_thaliana,MiniSC,1,1,FSC,Water,Shoot,118.3,5,MiniSC
429,Flowpots_Arabidopsis_thaliana_MiniSC_1_2_FSC_M9_Shoot,Flowpots,Arabidopsis_thaliana,MiniSC,1,2,FSC,Water,Shoot,81,5,MiniSC
430,Flowpots_Arabidopsis_thaliana_MiniSC_1_3_FSC_M9_Shoot,Flowpots,Arabidopsis_thaliana,MiniSC,1,3,FSC,Water,Shoot,99.9,5,MiniSC
431,Flowpots_Arabidopsis_thaliana_MiniSC_1_4_FSC_M9_Shoot,Flowpots,Arabidopsis_thaliana,MiniSC,1,4,FSC,Water,Shoot,96.5,5,MiniSC
432,Flowpots_Arabidopsis_thaliana_MiniSC_1_5_FSC_M9_Shoot,Flowpots,Arabidopsis_thaliana,MiniSC,1,5,FSC,Water,Shoot,70.3,5,MiniSC
433,Flowpots_Arabidopsis_thaliana_MiniSC_1_6_FSC_M9_Shoot,Flowpots,Arabidopsis_thaliana,MiniSC,1,6,FSC,Water,Shoot,43.6,5,MiniSC
434,Flowpots_Arabidopsis_thaliana_MiniSC_1_1_BSC_M9_Shoot,Flowpots,Arabidopsis_thaliana,MiniSC,1,1,BSC,Water,Shoot,118,5,MiniSC
435,Flowpots_Arabidopsis_thaliana_MiniSC_1_2_BSC_M9_Shoot,Flowpots,Arabidopsis_thaliana,MiniSC,1,2,BSC,Water,Shoot,129.8,5,MiniSC
436,Flowpots_Arabidopsis_thaliana_MiniSC_1_3_BSC_M9_Shoot,Flowpots,Arabidopsis_thaliana,MiniSC,1,3,BSC,Water,Shoot,137.5,5,MiniSC
437,Flowpots_Arabidopsis_thaliana_MiniSC_1_4_BSC_M9_Shoot,Flowpots,Arabidopsis_thaliana,MiniSC,1,4,BSC,Water,Shoot,110.7,5,MiniSC
438,Flowpots_Arabidopsis_thaliana_MiniSC_1_5_BSC_M9_Shoot,Flowpots,Arabidopsis_thaliana,MiniSC,1,5,BSC,Water,Shoot,123,5,MiniSC
439,Flowpots_Arabidopsis_thaliana_MiniSC_1_6_BSC_M9_Shoot,Flowpots,Arabidopsis_thaliana,MiniSC,1,6,BSC,Water,Shoot,104,5,MiniSC
440,Flowpots_Arabidopsis_thaliana_MiniSC_1_1_BFSC_M9_Shoot,Flowpots,Arabidopsis_thaliana,MiniSC,1,1,BFSC,Water,Shoot,59.6,5,MiniSC
441,Flowpots_Arabidopsis_thaliana_MiniSC_1_2_BFSC_M9_Shoot,Flowpots,Arabidopsis_thaliana,MiniSC,1,2,BFSC,Water,Shoot,185,5,MiniSC
442,Flowpots_Arabidopsis_thaliana_MiniSC_1_3_BFSC_M9_Shoot,Flowpots,Arabidopsis_thaliana,MiniSC,1,3,BFSC,Water,Shoot,100.9,5,MiniSC
443,Flowpots_Arabidopsis_thaliana_MiniSC_1_4_BFSC_M9_Shoot,Flowpots,Arabidopsis_thaliana,MiniSC,1,4,BFSC,Water,Shoot,89.1,3,MiniSC
444,Flowpots_Arabidopsis_thaliana_MiniSC_1_5_BFSC_M9_Shoot,Flowpots,Arabidopsis_thaliana,MiniSC,1,5,BFSC,Water,Shoot,201.8,5,MiniSC
445,Flowpots_Arabidopsis_thaliana_MiniSC_1_6_BFSC_M9_Shoot,Flowpots,Arabidopsis_thaliana,MiniSC,1,6,BFSC,Water,Shoot,174.4,5,MiniSC
446,Flowpots_Arabidopsis_thaliana_MiniSC_1_1_MF_M9+3OMG_Shoot,Flowpots,Arabidopsis_thaliana,MiniSC,1,1,MF,3OMG,Shoot,182.3,5,MiniSC
447,Flowpots_Arabidopsis_thaliana_MiniSC_1_2_MF_M9+3OMG_Shoot,Flowpots,Arabidopsis_thaliana,MiniSC,1,2,MF,3OMG,Shoot,248.1,5,MiniSC
448,Flowpots_Arabidopsis_thaliana_MiniSC_1_3_MF_M9+3OMG_Shoot,Flowpots,Arabidopsis_thaliana,MiniSC,1,3,MF,3OMG,Shoot,193.6,5,MiniSC
449,Flowpots_Arabidopsis_thaliana_MiniSC_1_4_MF_M9+3OMG_Shoot,Flowpots,Arabidopsis_thaliana,MiniSC,1,4,MF,3OMG,Shoot,148.2,5,MiniSC
450,Flowpots_Arabidopsis_thaliana_MiniSC_1_5_MF_M9+3OMG_Shoot,Flowpots,Arabidopsis_thaliana,MiniSC,1,5,MF,3OMG,Shoot,330.3,5,MiniSC
451,Flowpots_Arabidopsis_thaliana_MiniSC_1_6_MF_M9+3OMG_Shoot,Flowpots,Arabidopsis_thaliana,MiniSC,1,6,MF,3OMG,Shoot,221.6,5,MiniSC
452,Flowpots_Arabidopsis_thaliana_MiniSC_1_1_FSC_M9+3OMG_Shoot,Flowpots,Arabidopsis_thaliana,MiniSC,1,1,FSC,3OMG,Shoot,165.8,4,MiniSC
453,Flowpots_Arabidopsis_thaliana_MiniSC_1_2_FSC_M9+3OMG_Shoot,Flowpots,Arabidopsis_thaliana,MiniSC,1,2,FSC,3OMG,Shoot,198,5,MiniSC
454,Flowpots_Arabidopsis_thaliana_MiniSC_1_3_FSC_M9+3OMG_Shoot,Flowpots,Arabidopsis_thaliana,MiniSC,1,3,FSC,3OMG,Shoot,146.2,4,MiniSC
455,Flowpots_Arabidopsis_thaliana_MiniSC_1_4_FSC_M9+3OMG_Shoot,Flowpots,Arabidopsis_thaliana,MiniSC,1,4,FSC,3OMG,Shoot,133.4,4,MiniSC
456,Flowpots_Arabidopsis_thaliana_MiniSC_1_5_FSC_M9+3OMG_Shoot,Flowpots,Arabidopsis_thaliana,MiniSC,1,5,FSC,3OMG,Shoot,207,5,MiniSC
457,Flowpots_Arabidopsis_thaliana_MiniSC_1_6_FSC_M9+3OMG_Shoot,Flowpots,Arabidopsis_thaliana,MiniSC,1,6,FSC,3OMG,Shoot,181.6,6,MiniSC
458,Flowpots_Arabidopsis_thaliana_MiniSC_1_1_BSC_M9+3OMG_Shoot,Flowpots,Arabidopsis_thaliana,MiniSC,1,1,BSC,3OMG,Shoot,89.7,5,MiniSC
459,Flowpots_Arabidopsis_thaliana_MiniSC_1_2_BSC_M9+3OMG_Shoot,Flowpots,Arabidopsis_thaliana,MiniSC,1,2,BSC,3OMG,Shoot,143.8,5,MiniSC
460,Flowpots_Arabidopsis_thaliana_MiniSC_1_3_BSC_M9+3OMG_Shoot,Flowpots,Arabidopsis_thaliana,MiniSC,1,3,BSC,3OMG,Shoot,149.7,5,MiniSC
461,Flowpots_Arabidopsis_thaliana_MiniSC_1_4_BSC_M9+3OMG_Shoot,Flowpots,Arabidopsis_thaliana,MiniSC,1,4,BSC,3OMG,Shoot,112.4,5,MiniSC
462,Flowpots_Arabidopsis_thaliana_MiniSC_1_5_BSC_M9+3OMG_Shoot,Flowpots,Arabidopsis_thaliana,MiniSC,1,5,BSC,3OMG,Shoot,137.1,5,MiniSC
463,Flowpots_Arabidopsis_thaliana_MiniSC_1_6_BSC_M9+3OMG_Shoot,Flowpots,Arabidopsis_thaliana,MiniSC,1,6,BSC,3OMG,Shoot,175.8,5,MiniSC
464,Flowpots_Arabidopsis_thaliana_MiniSC_1_1_BFSC_M9+3OMG_Shoot,Flowpots,Arabidopsis_thaliana,MiniSC,1,1,BFSC,3OMG,Shoot,191,5,MiniSC
465,Flowpots_Arabidopsis_thaliana_MiniSC_1_2_BFSC_M9+3OMG_Shoot,Flowpots,Arabidopsis_thaliana,MiniSC,1,2,BFSC,3OMG,Shoot,117.8,5,MiniSC
466,Flowpots_Arabidopsis_thaliana_MiniSC_1_3_BFSC_M9+3OMG_Shoot,Flowpots,Arabidopsis_thaliana,MiniSC,1,3,BFSC,3OMG,Shoot,153.9,5,MiniSC
467,Flowpots_Arabidopsis_thaliana_MiniSC_1_4_BFSC_M9+3OMG_Shoot,Flowpots,Arabidopsis_thaliana,MiniSC,1,4,BFSC,3OMG,Shoot,158.3,5,MiniSC
468,Flowpots_Arabidopsis_thaliana_MiniSC_1_5_BFSC_M9+3OMG_Shoot,Flowpots,Arabidopsis_thaliana,MiniSC,1,5,BFSC,3OMG,Shoot,167.4,5,MiniSC
469,Flowpots_Arabidopsis_thaliana_MiniSC_1_6_BFSC_M9+3OMG_Shoot,Flowpots,Arabidopsis_thaliana,MiniSC,1,6,BFSC,3OMG,Shoot,164.7,5,MiniSC
470,Flowpots_Arabidopsis_thaliana_MiniSC_1_1_MF_M9+Glucose_Shoot,Flowpots,Arabidopsis_thaliana,MiniSC,1,1,MF,Glucose,Shoot,125.9,5,MiniSC
471,Flowpots_Arabidopsis_thaliana_MiniSC_1_2_MF_M9+Glucose_Shoot,Flowpots,Arabidopsis_thaliana,MiniSC,1,2,MF,Glucose,Shoot,172.3,5,MiniSC
472,Flowpots_Arabidopsis_thaliana_MiniSC_1_3_MF_M9+Glucose_Shoot,Flowpots,Arabidopsis_thaliana,MiniSC,1,3,MF,Glucose,Shoot,127.6,5,MiniSC
473,Flowpots_Arabidopsis_thaliana_MiniSC_1_4_MF_M9+Glucose_Shoot,Flowpots,Arabidopsis_thaliana,MiniSC,1,4,MF,Glucose,Shoot,137,5,MiniSC
474,Flowpots_Arabidopsis_thaliana_MiniSC_1_5_MF_M9+Glucose_Shoot,Flowpots,Arabidopsis_thaliana,MiniSC,1,5,MF,Glucose,Shoot,126,4,MiniSC
475,Flowpots_Arabidopsis_thaliana_MiniSC_1_6_MF_M9+Glucose_Shoot,Flowpots,Arabidopsis_thaliana,MiniSC,1,6,MF,Glucose,Shoot,91.9,4,MiniSC
476,Flowpots_Arabidopsis_thaliana_MiniSC_1_1_FSC_M9+Glucose_Shoot,Flowpots,Arabidopsis_thaliana,MiniSC,1,1,FSC,Glucose,Shoot,26.5,5,MiniSC
477,Flowpots_Arabidopsis_thaliana_MiniSC_1_2_FSC_M9+Glucose_Shoot,Flowpots,Arabidopsis_thaliana,MiniSC,1,2,FSC,Glucose,Shoot,59.3,5,MiniSC
478,Flowpots_Arabidopsis_thaliana_MiniSC_1_3_FSC_M9+Glucose_Shoot,Flowpots,Arabidopsis_thaliana,MiniSC,1,3,FSC,Glucose,Shoot,60.7,4,MiniSC
479,Flowpots_Arabidopsis_thaliana_MiniSC_1_4_FSC_M9+Glucose_Shoot,Flowpots,Arabidopsis_thaliana,MiniSC,1,4,FSC,Glucose,Shoot,60.5,4,MiniSC
480,Flowpots_Arabidopsis_thaliana_MiniSC_1_5_FSC_M9+Glucose_Shoot,Flowpots,Arabidopsis_thaliana,MiniSC,1,5,FSC,Glucose,Shoot,39.5,5,MiniSC
481,Flowpots_Arabidopsis_thaliana_MiniSC_1_6_FSC_M9+Glucose_Shoot,Flowpots,Arabidopsis_thaliana,MiniSC,1,6,FSC,Glucose,Shoot,6.1,4,MiniSC
482,Flowpots_Arabidopsis_thaliana_MiniSC_1_1_BSC_M9+Glucose_Shoot,Flowpots,Arabidopsis_thaliana,MiniSC,1,1,BSC,Glucose,Shoot,148.6,5,MiniSC
483,Flowpots_Arabidopsis_thaliana_MiniSC_1_2_BSC_M9+Glucose_Shoot,Flowpots,Arabidopsis_thaliana,MiniSC,1,2,BSC,Glucose,Shoot,221.4,5,MiniSC
484,Flowpots_Arabidopsis_thaliana_MiniSC_1_3_BSC_M9+Glucose_Shoot,Flowpots,Arabidopsis_thaliana,MiniSC,1,3,BSC,Glucose,Shoot,62.8,4,MiniSC
485,Flowpots_Arabidopsis_thaliana_MiniSC_1_4_BSC_M9+Glucose_Shoot,Flowpots,Arabidopsis_thaliana,MiniSC,1,4,BSC,Glucose,Shoot,81,5,MiniSC
486,Flowpots_Arabidopsis_thaliana_MiniSC_1_5_BSC_M9+Glucose_Shoot,Flowpots,Arabidopsis_thaliana,MiniSC,1,5,BSC,Glucose,Shoot,170.1,5,MiniSC
487,Flowpots_Arabidopsis_thaliana_MiniSC_1_6_BSC_M9+Glucose_Shoot,Flowpots,Arabidopsis_thaliana,MiniSC,1,6,BSC,Glucose,Shoot,79.4,4,MiniSC
488,Flowpots_Arabidopsis_thaliana_MiniSC_1_1_BFSC_M9+Glucose_Shoot,Flowpots,Arabidopsis_thaliana,MiniSC,1,1,BFSC,Glucose,Shoot,126.9,5,MiniSC
489,Flowpots_Arabidopsis_thaliana_MiniSC_1_2_BFSC_M9+Glucose_Shoot,Flowpots,Arabidopsis_thaliana,MiniSC,1,2,BFSC,Glucose,Shoot,140.2,4,MiniSC
490,Flowpots_Arabidopsis_thaliana_MiniSC_1_3_BFSC_M9+Glucose_Shoot,Flowpots,Arabidopsis_thaliana,MiniSC,1,3,BFSC,Glucose,Shoot,178.2,5,MiniSC
491,Flowpots_Arabidopsis_thaliana_MiniSC_1_4_BFSC_M9+Glucose_Shoot,Flowpots,Arabidopsis_thaliana,MiniSC,1,4,BFSC,Glucose,Shoot,121.1,4,MiniSC
492,Flowpots_Arabidopsis_thaliana_MiniSC_1_5_BFSC_M9+Glucose_Shoot,Flowpots,Arabidopsis_thaliana,MiniSC,1,5,BFSC,Glucose,Shoot,133.7,5,MiniSC
493,Flowpots_Arabidopsis_thaliana_MiniSC_1_6_BFSC_M9+Glucose_Shoot,Flowpots,Arabidopsis_thaliana,MiniSC,1,6,BFSC,Glucose,Shoot,139,5,MiniSC
494,Flowpots_Arabidopsis_thaliana_MiniSC_2_1_MF_M9_Shoot,Flowpots,Arabidopsis_thaliana,MiniSC,2,1,MF,Water,Shoot,61.5,5,MiniSC
495,Flowpots_Arabidopsis_thaliana_MiniSC_2_2_MF_M9_Shoot,Flowpots,Arabidopsis_thaliana,MiniSC,2,2,MF,Water,Shoot,110.1,5,MiniSC
496,Flowpots_Arabidopsis_thaliana_MiniSC_2_3_MF_M9_Shoot,Flowpots,Arabidopsis_thaliana,MiniSC,2,3,MF,Water,Shoot,60.2,5,MiniSC
497,Flowpots_Arabidopsis_thaliana_MiniSC_2_4_MF_M9_Shoot,Flowpots,Arabidopsis_thaliana,MiniSC,2,4,MF,Water,Shoot,62.2,5,MiniSC
498,Flowpots_Arabidopsis_thaliana_MiniSC_2_5_MF_M9_Shoot,Flowpots,Arabidopsis_thaliana,MiniSC,2,5,MF,Water,Shoot,109.9,5,MiniSC
499,Flowpots_Arabidopsis_thaliana_MiniSC_2_6_MF_M9_Shoot,Flowpots,Arabidopsis_thaliana,MiniSC,2,6,MF,Water,Shoot,57.4,5,MiniSC
500,Flowpots_Arabidopsis_thaliana_MiniSC_2_1_FSC_M9_Shoot,Flowpots,Arabidopsis_thaliana,MiniSC,2,1,FSC,Water,Shoot,92.5,5,MiniSC
501,Flowpots_Arabidopsis_thaliana_MiniSC_2_2_FSC_M9_Shoot,Flowpots,Arabidopsis_thaliana,MiniSC,2,2,FSC,Water,Shoot,56.7,4,MiniSC
502,Flowpots_Arabidopsis_thaliana_MiniSC_2_3_FSC_M9_Shoot,Flowpots,Arabidopsis_thaliana,MiniSC,2,3,FSC,Water,Shoot,3.8,5,MiniSC
503,Flowpots_Arabidopsis_thaliana_MiniSC_2_4_FSC_M9_Shoot,Flowpots,Arabidopsis_thaliana,MiniSC,2,4,FSC,Water,Shoot,0,0,MiniSC
504,Flowpots_Arabidopsis_thaliana_MiniSC_2_5_FSC_M9_Shoot,Flowpots,Arabidopsis_thaliana,MiniSC,2,5,FSC,Water,Shoot,17.2,4,MiniSC
505,Flowpots_Arabidopsis_thaliana_MiniSC_2_6_FSC_M9_Shoot,Flowpots,Arabidopsis_thaliana,MiniSC,2,6,FSC,Water,Shoot,0.6,2,MiniSC
506,Flowpots_Arabidopsis_thaliana_MiniSC_2_1_BSC_M9_Shoot,Flowpots,Arabidopsis_thaliana,MiniSC,2,1,BSC,Water,Shoot,85.2,5,MiniSC
507,Flowpots_Arabidopsis_thaliana_MiniSC_2_2_BSC_M9_Shoot,Flowpots,Arabidopsis_thaliana,MiniSC,2,2,BSC,Water,Shoot,78.9,5,MiniSC
508,Flowpots_Arabidopsis_thaliana_MiniSC_2_3_BSC_M9_Shoot,Flowpots,Arabidopsis_thaliana,MiniSC,2,3,BSC,Water,Shoot,95.9,5,MiniSC
509,Flowpots_Arabidopsis_thaliana_MiniSC_2_4_BSC_M9_Shoot,Flowpots,Arabidopsis_thaliana,MiniSC,2,4,BSC,Water,Shoot,87.7,4,MiniSC
510,Flowpots_Arabidopsis_thaliana_MiniSC_2_5_BSC_M9_Shoot,Flowpots,Arabidopsis_thaliana,MiniSC,2,5,BSC,Water,Shoot,123.1,5,MiniSC
511,Flowpots_Arabidopsis_thaliana_MiniSC_2_6_BSC_M9_Shoot,Flowpots,Arabidopsis_thaliana,MiniSC,2,6,BSC,Water,Shoot,116.5,5,MiniSC
512,Flowpots_Arabidopsis_thaliana_MiniSC_2_1_BFSC_M9_Shoot,Flowpots,Arabidopsis_thaliana,MiniSC,2,1,BFSC,Water,Shoot,145.9,5,MiniSC
513,Flowpots_Arabidopsis_thaliana_MiniSC_2_2_BFSC_M9_Shoot,Flowpots,Arabidopsis_thaliana,MiniSC,2,2,BFSC,Water,Shoot,103.3,4,MiniSC
514,Flowpots_Arabidopsis_thaliana_MiniSC_2_3_BFSC_M9_Shoot,Flowpots,Arabidopsis_thaliana,MiniSC,2,3,BFSC,Water,Shoot,122.3,5,MiniSC
515,Flowpots_Arabidopsis_thaliana_MiniSC_2_4_BFSC_M9_Shoot,Flowpots,Arabidopsis_thaliana,MiniSC,2,4,BFSC,Water,Shoot,93.4,5,MiniSC
516,Flowpots_Arabidopsis_thaliana_MiniSC_2_5_BFSC_M9_Shoot,Flowpots,Arabidopsis_thaliana,MiniSC,2,5,BFSC,Water,Shoot,105.4,4,MiniSC
517,Flowpots_Arabidopsis_thaliana_MiniSC_2_6_BFSC_M9_Shoot,Flowpots,Arabidopsis_thaliana,MiniSC,2,6,BFSC,Water,Shoot,74.5,4,MiniSC
518,Flowpots_Arabidopsis_thaliana_MiniSC_2_1_MF_M9+3OMG_Shoot,Flowpots,Arabidopsis_thaliana,MiniSC,2,1,MF,3OMG,Shoot,69.8,4,MiniSC
519,Flowpots_Arabidopsis_thaliana_MiniSC_2_2_MF_M9+3OMG_Shoot,Flowpots,Arabidopsis_thaliana,MiniSC,2,2,MF,3OMG,Shoot,113.6,5,MiniSC
520,Flowpots_Arabidopsis_thaliana_MiniSC_2_3_MF_M9+3OMG_Shoot,Flowpots,Arabidopsis_thaliana,MiniSC,2,3,MF,3OMG,Shoot,74.6,5,MiniSC
521,Flowpots_Arabidopsis_thaliana_MiniSC_2_4_MF_M9+3OMG_Shoot,Flowpots,Arabidopsis_thaliana,MiniSC,2,4,MF,3OMG,Shoot,60.6,4,MiniSC
522,Flowpots_Arabidopsis_thaliana_MiniSC_2_5_MF_M9+3OMG_Shoot,Flowpots,Arabidopsis_thaliana,MiniSC,2,5,MF,3OMG,Shoot,95.9,5,MiniSC
523,Flowpots_Arabidopsis_thaliana_MiniSC_2_6_MF_M9+3OMG_Shoot,Flowpots,Arabidopsis_thaliana,MiniSC,2,6,MF,3OMG,Shoot,86.1,5,MiniSC
524,Flowpots_Arabidopsis_thaliana_MiniSC_2_1_FSC_M9+3OMG_Shoot,Flowpots,Arabidopsis_thaliana,MiniSC,2,1,FSC,3OMG,Shoot,83.8,4,MiniSC
525,Flowpots_Arabidopsis_thaliana_MiniSC_2_2_FSC_M9+3OMG_Shoot,Flowpots,Arabidopsis_thaliana,MiniSC,2,2,FSC,3OMG,Shoot,129.9,5,MiniSC
526,Flowpots_Arabidopsis_thaliana_MiniSC_2_3_FSC_M9+3OMG_Shoot,Flowpots,Arabidopsis_thaliana,MiniSC,2,3,FSC,3OMG,Shoot,148.4,5,MiniSC
527,Flowpots_Arabidopsis_thaliana_MiniSC_2_4_FSC_M9+3OMG_Shoot,Flowpots,Arabidopsis_thaliana,MiniSC,2,4,FSC,3OMG,Shoot,110.1,5,MiniSC
528,Flowpots_Arabidopsis_thaliana_MiniSC_2_5_FSC_M9+3OMG_Shoot,Flowpots,Arabidopsis_thaliana,MiniSC,2,5,FSC,3OMG,Shoot,149,5,MiniSC
529,Flowpots_Arabidopsis_thaliana_MiniSC_2_6_FSC_M9+3OMG_Shoot,Flowpots,Arabidopsis_thaliana,MiniSC,2,6,FSC,3OMG,Shoot,113.8,5,MiniSC
530,Flowpots_Arabidopsis_thaliana_MiniSC_2_1_BSC_M9+3OMG_Shoot,Flowpots,Arabidopsis_thaliana,MiniSC,2,1,BSC,3OMG,Shoot,111.8,5,MiniSC
531,Flowpots_Arabidopsis_thaliana_MiniSC_2_2_BSC_M9+3OMG_Shoot,Flowpots,Arabidopsis_thaliana,MiniSC,2,2,BSC,3OMG,Shoot,104.9,5,MiniSC
532,Flowpots_Arabidopsis_thaliana_MiniSC_2_3_BSC_M9+3OMG_Shoot,Flowpots,Arabidopsis_thaliana,MiniSC,2,3,BSC,3OMG,Shoot,75.4,3,MiniSC
533,Flowpots_Arabidopsis_thaliana_MiniSC_2_4_BSC_M9+3OMG_Shoot,Flowpots,Arabidopsis_thaliana,MiniSC,2,4,BSC,3OMG,Shoot,149.7,5,MiniSC
534,Flowpots_Arabidopsis_thaliana_MiniSC_2_5_BSC_M9+3OMG_Shoot,Flowpots,Arabidopsis_thaliana,MiniSC,2,5,BSC,3OMG,Shoot,96.8,5,MiniSC
535,Flowpots_Arabidopsis_thaliana_MiniSC_2_6_BSC_M9+3OMG_Shoot,Flowpots,Arabidopsis_thaliana,MiniSC,2,6,BSC,3OMG,Shoot,106.3,5,MiniSC
536,Flowpots_Arabidopsis_thaliana_MiniSC_2_1_BFSC_M9+3OMG_Shoot,Flowpots,Arabidopsis_thaliana,MiniSC,2,1,BFSC,3OMG,Shoot,115,5,MiniSC
537,Flowpots_Arabidopsis_thaliana_MiniSC_2_2_BFSC_M9+3OMG_Shoot,Flowpots,Arabidopsis_thaliana,MiniSC,2,2,BFSC,3OMG,Shoot,103.3,5,MiniSC
538,Flowpots_Arabidopsis_thaliana_MiniSC_2_3_BFSC_M9+3OMG_Shoot,Flowpots,Arabidopsis_thaliana,MiniSC,2,3,BFSC,3OMG,Shoot,86.3,5,MiniSC
539,Flowpots_Arabidopsis_thaliana_MiniSC_2_4_BFSC_M9+3OMG_Shoot,Flowpots,Arabidopsis_thaliana,MiniSC,2,4,BFSC,3OMG,Shoot,104.5,5,MiniSC
540,Flowpots_Arabidopsis_thaliana_MiniSC_2_5_BFSC_M9+3OMG_Shoot,Flowpots,Arabidopsis_thaliana,MiniSC,2,5,BFSC,3OMG,Shoot,119.2,5,MiniSC
541,Flowpots_Arabidopsis_thaliana_MiniSC_2_6_BFSC_M9+3OMG_Shoot,Flowpots,Arabidopsis_thaliana,MiniSC,2,6,BFSC,3OMG,Shoot,83.2,3,MiniSC
542,Flowpots_Arabidopsis_thaliana_MiniSC_2_1_MF_M9+Glucose_Shoot,Flowpots,Arabidopsis_thaliana,MiniSC,2,1,MF,Glucose,Shoot,52.5,5,MiniSC
543,Flowpots_Arabidopsis_thaliana_MiniSC_2_2_MF_M9+Glucose_Shoot,Flowpots,Arabidopsis_thaliana,MiniSC,2,2,MF,Glucose,Shoot,98.6,5,MiniSC
544,Flowpots_Arabidopsis_thaliana_MiniSC_2_3_MF_M9+Glucose_Shoot,Flowpots,Arabidopsis_thaliana,MiniSC,2,3,MF,Glucose,Shoot,99.6,4,MiniSC
545,Flowpots_Arabidopsis_thaliana_MiniSC_2_4_MF_M9+Glucose_Shoot,Flowpots,Arabidopsis_thaliana,MiniSC,2,4,MF,Glucose,Shoot,91.2,5,MiniSC
546,Flowpots_Arabidopsis_thaliana_MiniSC_2_5_MF_M9+Glucose_Shoot,Flowpots,Arabidopsis_thaliana,MiniSC,2,5,MF,Glucose,Shoot,87.8,4,MiniSC
547,Flowpots_Arabidopsis_thaliana_MiniSC_2_6_MF_M9+Glucose_Shoot,Flowpots,Arabidopsis_thaliana,MiniSC,2,6,MF,Glucose,Shoot,107.1,5,MiniSC
548,Flowpots_Arabidopsis_thaliana_MiniSC_2_1_FSC_M9+Glucose_Shoot,Flowpots,Arabidopsis_thaliana,MiniSC,2,1,FSC,Glucose,Shoot,3.2,5,MiniSC
549,Flowpots_Arabidopsis_thaliana_MiniSC_2_2_FSC_M9+Glucose_Shoot,Flowpots,Arabidopsis_thaliana,MiniSC,2,2,FSC,Glucose,Shoot,20.3,5,MiniSC
550,Flowpots_Arabidopsis_thaliana_MiniSC_2_3_FSC_M9+Glucose_Shoot,Flowpots,Arabidopsis_thaliana,MiniSC,2,3,FSC,Glucose,Shoot,1.8,4,MiniSC
551,Flowpots_Arabidopsis_thaliana_MiniSC_2_4_FSC_M9+Glucose_Shoot,Flowpots,Arabidopsis_thaliana,MiniSC,2,4,FSC,Glucose,Shoot,1.6,5,MiniSC
552,Flowpots_Arabidopsis_thaliana_MiniSC_2_5_FSC_M9+Glucose_Shoot,Flowpots,Arabidopsis_thaliana,MiniSC,2,5,FSC,Glucose,Shoot,0.5,2,MiniSC
553,Flowpots_Arabidopsis_thaliana_MiniSC_2_6_FSC_M9+Glucose_Shoot,Flowpots,Arabidopsis_thaliana,MiniSC,2,6,FSC,Glucose,Shoot,2.9,5,MiniSC
554,Flowpots_Arabidopsis_thaliana_MiniSC_2_1_BSC_M9+Glucose_Shoot,Flowpots,Arabidopsis_thaliana,MiniSC,2,1,BSC,Glucose,Shoot,76.2,4,MiniSC
555,Flowpots_Arabidopsis_thaliana_MiniSC_2_2_BSC_M9+Glucose_Shoot,Flowpots,Arabidopsis_thaliana,MiniSC,2,2,BSC,Glucose,Shoot,109.8,5,MiniSC
556,Flowpots_Arabidopsis_thaliana_MiniSC_2_3_BSC_M9+Glucose_Shoot,Flowpots,Arabidopsis_thaliana,MiniSC,2,3,BSC,Glucose,Shoot,63.4,4,MiniSC
557,Flowpots_Arabidopsis_thaliana_MiniSC_2_4_BSC_M9+Glucose_Shoot,Flowpots,Arabidopsis_thaliana,MiniSC,2,4,BSC,Glucose,Shoot,69.9,5,MiniSC
558,Flowpots_Arabidopsis_thaliana_MiniSC_2_5_BSC_M9+Glucose_Shoot,Flowpots,Arabidopsis_thaliana,MiniSC,2,5,BSC,Glucose,Shoot,75.4,5,MiniSC
559,Flowpots_Arabidopsis_thaliana_MiniSC_2_6_BSC_M9+Glucose_Shoot,Flowpots,Arabidopsis_thaliana,MiniSC,2,6,BSC,Glucose,Shoot,84.1,5,MiniSC
560,Flowpots_Arabidopsis_thaliana_MiniSC_2_1_BFSC_M9+Glucose_Shoot,Flowpots,Arabidopsis_thaliana,MiniSC,2,1,BFSC,Glucose,Shoot,64,5,MiniSC
561,Flowpots_Arabidopsis_thaliana_MiniSC_2_2_BFSC_M9+Glucose_Shoot,Flowpots,Arabidopsis_thaliana,MiniSC,2,2,BFSC,Glucose,Shoot,36.3,5,MiniSC
562,Flowpots_Arabidopsis_thaliana_MiniSC_2_3_BFSC_M9+Glucose_Shoot,Flowpots,Arabidopsis_thaliana,MiniSC,2,3,BFSC,Glucose,Shoot,112.1,5,MiniSC
563,Flowpots_Arabidopsis_thaliana_MiniSC_2_4_BFSC_M9+Glucose_Shoot,Flowpots,Arabidopsis_thaliana,MiniSC,2,4,BFSC,Glucose,Shoot,29.1,5,MiniSC
564,Flowpots_Arabidopsis_thaliana_MiniSC_2_5_BFSC_M9+Glucose_Shoot,Flowpots,Arabidopsis_thaliana,MiniSC,2,5,BFSC,Glucose,Shoot,43.5,3,MiniSC
565,Flowpots_Arabidopsis_thaliana_MiniSC_2_6_BFSC_M9+Glucose_Shoot,Flowpots,Arabidopsis_thaliana,MiniSC,2,6,BFSC,Glucose,Shoot,37,5,MiniSC
566,MS_agar_Arabidopsis_thaliana_F_Path_1_1_MF_Water_Roots,MS_agar,Arabidopsis_thaliana,F_Path,1,1,MF,Water,Roots,15,1,Pathogens
567,MS_agar_Arabidopsis_thaliana_F_Path_1_2_MF_Water_Roots,MS_agar,Arabidopsis_thaliana,F_Path,1,2,MF,Water,Roots,15,1,Pathogens
568,MS_agar_Arabidopsis_thaliana_F_Path_1_3_MF_Water_Roots,MS_agar,Arabidopsis_thaliana,F_Path,1,3,MF,Water,Roots,19.013,1,Pathogens
569,MS_agar_Arabidopsis_thaliana_F_Path_1_4_MF_Water_Roots,MS_agar,Arabidopsis_thaliana,F_Path,1,4,MF,Water,Roots,12.993,1,Pathogens
570,MS_agar_Arabidopsis_thaliana_F_Path_1_5_MF_Water_Roots,MS_agar,Arabidopsis_thaliana,F_Path,1,5,MF,Water,Roots,16.518,1,Pathogens
571,MS_agar_Arabidopsis_thaliana_F_Path_1_6_MF_Water_Roots,MS_agar,Arabidopsis_thaliana,F_Path,1,6,MF,Water,Roots,6.962,1,Pathogens
572,MS_agar_Arabidopsis_thaliana_F_Path_1_7_MF_Water_Roots,MS_agar,Arabidopsis_thaliana,F_Path,1,7,MF,Water,Roots,15.885,1,Pathogens
573,MS_agar_Arabidopsis_thaliana_F_Path_1_8_MF_Water_Roots,MS_agar,Arabidopsis_thaliana,F_Path,1,8,MF,Water,Roots,3.798,1,Pathogens
574,MS_agar_Arabidopsis_thaliana_F_Path_1_9_MF_Water_Roots,MS_agar,Arabidopsis_thaliana,F_Path,1,9,MF,Water,Roots,14.292,1,Pathogens
575,MS_agar_Arabidopsis_thaliana_F_Path_1_10_MF_Water_Roots,MS_agar,Arabidopsis_thaliana,F_Path,1,10,MF,Water,Roots,6.87,1,Pathogens
576,MS_agar_Arabidopsis_thaliana_F_Path_1_11_MF_Water_Roots,MS_agar,Arabidopsis_thaliana,F_Path,1,11,MF,Water,Roots,14.586,1,Pathogens
577,MS_agar_Arabidopsis_thaliana_F_Path_1_12_MF_Water_Roots,MS_agar,Arabidopsis_thaliana,F_Path,1,12,MF,Water,Roots,17.095,1,Pathogens
578,MS_agar_Arabidopsis_thaliana_F_Path_1_13_MF_Water_Roots,MS_agar,Arabidopsis_thaliana,F_Path,1,13,MF,Water,Roots,6.016,1,Pathogens
579,MS_agar_Arabidopsis_thaliana_F_Path_1_14_MF_Water_Roots,MS_agar,Arabidopsis_thaliana,F_Path,1,14,MF,Water,Roots,11.615,1,Pathogens
580,MS_agar_Arabidopsis_thaliana_F_Path_1_15_MF_Water_Roots,MS_agar,Arabidopsis_thaliana,F_Path,1,15,MF,Water,Roots,13.56,1,Pathogens
581,MS_agar_Arabidopsis_thaliana_F_Path_1_16_MF_Water_Roots,MS_agar,Arabidopsis_thaliana,F_Path,1,16,MF,Water,Roots,14.512,1,Pathogens
582,MS_agar_Arabidopsis_thaliana_F_Path_1_17_MF_Water_Roots,MS_agar,Arabidopsis_thaliana,F_Path,1,17,MF,Water,Roots,12.803,1,Pathogens
583,MS_agar_Arabidopsis_thaliana_F_Path_1_18_MF_Water_Roots,MS_agar,Arabidopsis_thaliana,F_Path,1,18,MF,Water,Roots,13.028,1,Pathogens
584,MS_agar_Arabidopsis_thaliana_F_Path_1_19_MF_Water_Roots,MS_agar,Arabidopsis_thaliana,F_Path,1,19,MF,Water,Roots,13.857,1,Pathogens
585,MS_agar_Arabidopsis_thaliana_F_Path_1_20_MF_Water_Roots,MS_agar,Arabidopsis_thaliana,F_Path,1,20,MF,Water,Roots,5.694,1,Pathogens
586,MS_agar_Arabidopsis_thaliana_F_Path_1_21_MF_Water_Roots,MS_agar,Arabidopsis_thaliana,F_Path,1,21,MF,Water,Roots,18.846,1,Pathogens
587,MS_agar_Arabidopsis_thaliana_F_Path_1_22_MF_Water_Roots,MS_agar,Arabidopsis_thaliana,F_Path,1,22,MF,Water,Roots,11.625,1,Pathogens
588,MS_agar_Arabidopsis_thaliana_F_Path_1_23_MF_Water_Roots,MS_agar,Arabidopsis_thaliana,F_Path,1,23,MF,Water,Roots,14.395,1,Pathogens
589,MS_agar_Arabidopsis_thaliana_F_Path_1_24_MF_Water_Roots,MS_agar,Arabidopsis_thaliana,F_Path,1,24,MF,Water,Roots,7.801,1,Pathogens
590,MS_agar_Arabidopsis_thaliana_F_Path_1_25_MF_Water_Roots,MS_agar,Arabidopsis_thaliana,F_Path,1,25,MF,Water,Roots,10.227,1,Pathogens
591,MS_agar_Arabidopsis_thaliana_F_Path_1_26_MF_Water_Roots,MS_agar,Arabidopsis_thaliana,F_Path,1,26,MF,Water,Roots,10.546,1,Pathogens
592,MS_agar_Arabidopsis_thaliana_F_Path_1_27_MF_Water_Roots,MS_agar,Arabidopsis_thaliana,F_Path,1,27,MF,Water,Roots,14.703,1,Pathogens
593,MS_agar_Arabidopsis_thaliana_F_Path_1_28_MF_Water_Roots,MS_agar,Arabidopsis_thaliana,F_Path,1,28,MF,Water,Roots,8.479,1,Pathogens
594,MS_agar_Arabidopsis_thaliana_F_Path_1_29_MF_Water_Roots,MS_agar,Arabidopsis_thaliana,F_Path,1,29,MF,Water,Roots,9.99,1,Pathogens
595,MS_agar_Arabidopsis_thaliana_F_Path_1_30_MF_Water_Roots,MS_agar,Arabidopsis_thaliana,F_Path,1,30,MF,Water,Roots,6.498,1,Pathogens
596,MS_agar_Arabidopsis_thaliana_F_Path_1_31_MF_Water_Roots,MS_agar,Arabidopsis_thaliana,F_Path,1,31,MF,Water,Roots,16.278,1,Pathogens
597,MS_agar_Arabidopsis_thaliana_F_Path_1_32_MF_Water_Roots,MS_agar,Arabidopsis_thaliana,F_Path,1,32,MF,Water,Roots,3.066,1,Pathogens
598,MS_agar_Arabidopsis_thaliana_F_Path_1_33_MF_Water_Roots,MS_agar,Arabidopsis_thaliana,F_Path,1,33,MF,Water,Roots,3.215,1,Pathogens
599,MS_agar_Arabidopsis_thaliana_F_Path_1_34_MF_Water_Roots,MS_agar,Arabidopsis_thaliana,F_Path,1,34,MF,Water,Roots,12.964,1,Pathogens
600,MS_agar_Arabidopsis_thaliana_F_Path_1_35_MF_Water_Roots,MS_agar,Arabidopsis_thaliana,F_Path,1,35,MF,Water,Roots,3.129,1,Pathogens
601,MS_agar_Arabidopsis_thaliana_F_Path_1_36_MF_Water_Roots,MS_agar,Arabidopsis_thaliana,F_Path,1,36,MF,Water,Roots,8.111,1,Pathogens
602,MS_agar_Arabidopsis_thaliana_F_Path_1_37_MF_Water_Roots,MS_agar,Arabidopsis_thaliana,F_Path,1,37,MF,Water,Roots,13.484,1,Pathogens
603,MS_agar_Arabidopsis_thaliana_F_Path_1_38_MF_Water_Roots,MS_agar,Arabidopsis_thaliana,F_Path,1,38,MF,Water,Roots,15.689,1,Pathogens
604,MS_agar_Arabidopsis_thaliana_F_Path_1_39_MF_Water_Roots,MS_agar,Arabidopsis_thaliana,F_Path,1,39,MF,Water,Roots,5.173,1,Pathogens
605,MS_agar_Arabidopsis_thaliana_F_Path_1_40_MF_Water_Roots,MS_agar,Arabidopsis_thaliana,F_Path,1,40,MF,Water,Roots,14.31,1,Pathogens
606,MS_agar_Arabidopsis_thaliana_F_Path_1_41_MF_Water_Roots,MS_agar,Arabidopsis_thaliana,F_Path,1,41,MF,Water,Roots,12.749,1,Pathogens
607,MS_agar_Arabidopsis_thaliana_F_Path_1_42_MF_Water_Roots,MS_agar,Arabidopsis_thaliana,F_Path,1,42,MF,Water,Roots,8.136,1,Pathogens
608,MS_agar_Arabidopsis_thaliana_F_Path_1_43_MF_Water_Roots,MS_agar,Arabidopsis_thaliana,F_Path,1,43,MF,Water,Roots,12.562,1,Pathogens
609,MS_agar_Arabidopsis_thaliana_F_Path_1_44_MF_Water_Roots,MS_agar,Arabidopsis_thaliana,F_Path,1,44,MF,Water,Roots,14.596,1,Pathogens
610,MS_agar_Arabidopsis_thaliana_F_Path_1_45_MF_Water_Roots,MS_agar,Arabidopsis_thaliana,F_Path,1,45,MF,Water,Roots,8.118,1,Pathogens
611,MS_agar_Arabidopsis_thaliana_F_Path_1_46_MF_Water_Roots,MS_agar,Arabidopsis_thaliana,F_Path,1,46,MF,Water,Roots,9.475,1,Pathogens
612,MS_agar_Arabidopsis_thaliana_F_Path_1_47_MF_Water_Roots,MS_agar,Arabidopsis_thaliana,F_Path,1,47,MF,Water,Roots,8.394,1,Pathogens
613,MS_agar_Arabidopsis_thaliana_F_Path_1_48_MF_Water_Roots,MS_agar,Arabidopsis_thaliana,F_Path,1,48,MF,Water,Roots,7.373,1,Pathogens
614,MS_agar_Arabidopsis_thaliana_F_Path_1_49_MF_Water_Roots,MS_agar,Arabidopsis_thaliana,F_Path,1,49,MF,Water,Roots,5.381,1,Pathogens
615,MS_agar_Arabidopsis_thaliana_F_Path_1_50_MF_Water_Roots,MS_agar,Arabidopsis_thaliana,F_Path,1,50,MF,Water,Roots,11.536,1,Pathogens
616,MS_agar_Arabidopsis_thaliana_F_Path_1_1_MF_3OMG_Roots,MS_agar,Arabidopsis_thaliana,F_Path,1,1,MF,3OMG,Roots,7.403,1,Pathogens
617,MS_agar_Arabidopsis_thaliana_F_Path_1_2_MF_3OMG_Roots,MS_agar,Arabidopsis_thaliana,F_Path,1,2,MF,3OMG,Roots,14.711,1,Pathogens
618,MS_agar_Arabidopsis_thaliana_F_Path_1_3_MF_3OMG_Roots,MS_agar,Arabidopsis_thaliana,F_Path,1,3,MF,3OMG,Roots,10.062,1,Pathogens
619,MS_agar_Arabidopsis_thaliana_F_Path_1_4_MF_3OMG_Roots,MS_agar,Arabidopsis_thaliana,F_Path,1,4,MF,3OMG,Roots,15.342,1,Pathogens
620,MS_agar_Arabidopsis_thaliana_F_Path_1_5_MF_3OMG_Roots,MS_agar,Arabidopsis_thaliana,F_Path,1,5,MF,3OMG,Roots,11.983,1,Pathogens
621,MS_agar_Arabidopsis_thaliana_F_Path_1_6_MF_3OMG_Roots,MS_agar,Arabidopsis_thaliana,F_Path,1,6,MF,3OMG,Roots,14.227,1,Pathogens
622,MS_agar_Arabidopsis_thaliana_F_Path_1_7_MF_3OMG_Roots,MS_agar,Arabidopsis_thaliana,F_Path,1,7,MF,3OMG,Roots,12.459,1,Pathogens
623,MS_agar_Arabidopsis_thaliana_F_Path_1_8_MF_3OMG_Roots,MS_agar,Arabidopsis_thaliana,F_Path,1,8,MF,3OMG,Roots,14.55,1,Pathogens
624,MS_agar_Arabidopsis_thaliana_F_Path_1_9_MF_3OMG_Roots,MS_agar,Arabidopsis_thaliana,F_Path,1,9,MF,3OMG,Roots,13.238,1,Pathogens
625,MS_agar_Arabidopsis_thaliana_F_Path_1_10_MF_3OMG_Roots,MS_agar,Arabidopsis_thaliana,F_Path,1,10,MF,3OMG,Roots,12.098,1,Pathogens
626,MS_agar_Arabidopsis_thaliana_F_Path_1_11_MF_3OMG_Roots,MS_agar,Arabidopsis_thaliana,F_Path,1,11,MF,3OMG,Roots,10.52,1,Pathogens
627,MS_agar_Arabidopsis_thaliana_F_Path_1_12_MF_3OMG_Roots,MS_agar,Arabidopsis_thaliana,F_Path,1,12,MF,3OMG,Roots,9.955,1,Pathogens
628,MS_agar_Arabidopsis_thaliana_F_Path_1_13_MF_3OMG_Roots,MS_agar,Arabidopsis_thaliana,F_Path,1,13,MF,3OMG,Roots,9.186,1,Pathogens
629,MS_agar_Arabidopsis_thaliana_F_Path_1_14_MF_3OMG_Roots,MS_agar,Arabidopsis_thaliana,F_Path,1,14,MF,3OMG,Roots,13.394,1,Pathogens
630,MS_agar_Arabidopsis_thaliana_F_Path_1_15_MF_3OMG_Roots,MS_agar,Arabidopsis_thaliana,F_Path,1,15,MF,3OMG,Roots,10.652,1,Pathogens
631,MS_agar_Arabidopsis_thaliana_F_Path_1_16_MF_3OMG_Roots,MS_agar,Arabidopsis_thaliana,F_Path,1,16,MF,3OMG,Roots,12.428,1,Pathogens
632,MS_agar_Arabidopsis_thaliana_F_Path_1_17_MF_3OMG_Roots,MS_agar,Arabidopsis_thaliana,F_Path,1,17,MF,3OMG,Roots,11.782,1,Pathogens
633,MS_agar_Arabidopsis_thaliana_F_Path_1_18_MF_3OMG_Roots,MS_agar,Arabidopsis_thaliana,F_Path,1,18,MF,3OMG,Roots,8.879,1,Pathogens
634,MS_agar_Arabidopsis_thaliana_F_Path_1_19_MF_3OMG_Roots,MS_agar,Arabidopsis_thaliana,F_Path,1,19,MF,3OMG,Roots,13.687,1,Pathogens
635,MS_agar_Arabidopsis_thaliana_F_Path_1_20_MF_3OMG_Roots,MS_agar,Arabidopsis_thaliana,F_Path,1,20,MF,3OMG,Roots,2.101,1,Pathogens
636,MS_agar_Arabidopsis_thaliana_F_Path_1_21_MF_3OMG_Roots,MS_agar,Arabidopsis_thaliana,F_Path,1,21,MF,3OMG,Roots,9.557,1,Pathogens
637,MS_agar_Arabidopsis_thaliana_F_Path_1_22_MF_3OMG_Roots,MS_agar,Arabidopsis_thaliana,F_Path,1,22,MF,3OMG,Roots,5.723,1,Pathogens
638,MS_agar_Arabidopsis_thaliana_F_Path_1_23_MF_3OMG_Roots,MS_agar,Arabidopsis_thaliana,F_Path,1,23,MF,3OMG,Roots,11.317,1,Pathogens
639,MS_agar_Arabidopsis_thaliana_F_Path_1_24_MF_3OMG_Roots,MS_agar,Arabidopsis_thaliana,F_Path,1,24,MF,3OMG,Roots,12.191,1,Pathogens
640,MS_agar_Arabidopsis_thaliana_F_Path_1_25_MF_3OMG_Roots,MS_agar,Arabidopsis_thaliana,F_Path,1,25,MF,3OMG,Roots,13.755,1,Pathogens
641,MS_agar_Arabidopsis_thaliana_F_Path_1_26_MF_3OMG_Roots,MS_agar,Arabidopsis_thaliana,F_Path,1,26,MF,3OMG,Roots,12.332,1,Pathogens
642,MS_agar_Arabidopsis_thaliana_F_Path_1_27_MF_3OMG_Roots,MS_agar,Arabidopsis_thaliana,F_Path,1,27,MF,3OMG,Roots,11.533,1,Pathogens
643,MS_agar_Arabidopsis_thaliana_F_Path_1_28_MF_3OMG_Roots,MS_agar,Arabidopsis_thaliana,F_Path,1,28,MF,3OMG,Roots,14.349,1,Pathogens
644,MS_agar_Arabidopsis_thaliana_F_Path_1_29_MF_3OMG_Roots,MS_agar,Arabidopsis_thaliana,F_Path,1,29,MF,3OMG,Roots,3.539,1,Pathogens
645,MS_agar_Arabidopsis_thaliana_F_Path_1_30_MF_3OMG_Roots,MS_agar,Arabidopsis_thaliana,F_Path,1,30,MF,3OMG,Roots,4.457,1,Pathogens
646,MS_agar_Arabidopsis_thaliana_F_Path_1_31_MF_3OMG_Roots,MS_agar,Arabidopsis_thaliana,F_Path,1,31,MF,3OMG,Roots,11.846,1,Pathogens
647,MS_agar_Arabidopsis_thaliana_F_Path_1_32_MF_3OMG_Roots,MS_agar,Arabidopsis_thaliana,F_Path,1,32,MF,3OMG,Roots,12.608,1,Pathogens
648,MS_agar_Arabidopsis_thaliana_F_Path_1_33_MF_3OMG_Roots,MS_agar,Arabidopsis_thaliana,F_Path,1,33,MF,3OMG,Roots,4.553,1,Pathogens
649,MS_agar_Arabidopsis_thaliana_F_Path_1_34_MF_3OMG_Roots,MS_agar,Arabidopsis_thaliana,F_Path,1,34,MF,3OMG,Roots,10.271,1,Pathogens
650,MS_agar_Arabidopsis_thaliana_F_Path_1_35_MF_3OMG_Roots,MS_agar,Arabidopsis_thaliana,F_Path,1,35,MF,3OMG,Roots,12.315,1,Pathogens
651,MS_agar_Arabidopsis_thaliana_F_Path_1_36_MF_3OMG_Roots,MS_agar,Arabidopsis_thaliana,F_Path,1,36,MF,3OMG,Roots,9.56,1,Pathogens
652,MS_agar_Arabidopsis_thaliana_F_Path_1_37_MF_3OMG_Roots,MS_agar,Arabidopsis_thaliana,F_Path,1,37,MF,3OMG,Roots,13.991,1,Pathogens
653,MS_agar_Arabidopsis_thaliana_F_Path_1_38_MF_3OMG_Roots,MS_agar,Arabidopsis_thaliana,F_Path,1,38,MF,3OMG,Roots,8.875,1,Pathogens
654,MS_agar_Arabidopsis_thaliana_F_Path_1_39_MF_3OMG_Roots,MS_agar,Arabidopsis_thaliana,F_Path,1,39,MF,3OMG,Roots,11.216,1,Pathogens
655,MS_agar_Arabidopsis_thaliana_F_Path_1_40_MF_3OMG_Roots,MS_agar,Arabidopsis_thaliana,F_Path,1,40,MF,3OMG,Roots,9.231,1,Pathogens
656,MS_agar_Arabidopsis_thaliana_F_Path_1_41_MF_3OMG_Roots,MS_agar,Arabidopsis_thaliana,F_Path,1,41,MF,3OMG,Roots,8.568,1,Pathogens
657,MS_agar_Arabidopsis_thaliana_F_Path_1_42_MF_3OMG_Roots,MS_agar,Arabidopsis_thaliana,F_Path,1,42,MF,3OMG,Roots,2.025,1,Pathogens
658,MS_agar_Arabidopsis_thaliana_F_Path_1_43_MF_3OMG_Roots,MS_agar,Arabidopsis_thaliana,F_Path,1,43,MF,3OMG,Roots,12.703,1,Pathogens
659,MS_agar_Arabidopsis_thaliana_F_Path_1_44_MF_3OMG_Roots,MS_agar,Arabidopsis_thaliana,F_Path,1,44,MF,3OMG,Roots,8.683,1,Pathogens
660,MS_agar_Arabidopsis_thaliana_F_Path_1_45_MF_3OMG_Roots,MS_agar,Arabidopsis_thaliana,F_Path,1,45,MF,3OMG,Roots,5.333,1,Pathogens
661,MS_agar_Arabidopsis_thaliana_F_Path_1_46_MF_3OMG_Roots,MS_agar,Arabidopsis_thaliana,F_Path,1,46,MF,3OMG,Roots,7.463,1,Pathogens
662,MS_agar_Arabidopsis_thaliana_F_Path_1_47_MF_3OMG_Roots,MS_agar,Arabidopsis_thaliana,F_Path,1,47,MF,3OMG,Roots,10.205,1,Pathogens
663,MS_agar_Arabidopsis_thaliana_F_Path_1_48_MF_3OMG_Roots,MS_agar,Arabidopsis_thaliana,F_Path,1,48,MF,3OMG,Roots,2.716,1,Pathogens
664,MS_agar_Arabidopsis_thaliana_F_Path_1_49_MF_3OMG_Roots,MS_agar,Arabidopsis_thaliana,F_Path,1,49,MF,3OMG,Roots,13.354,1,Pathogens
665,MS_agar_Arabidopsis_thaliana_F_Path_1_50_MF_3OMG_Roots,MS_agar,Arabidopsis_thaliana,F_Path,1,50,MF,3OMG,Roots,2.686,1,Pathogens
666,MS_agar_Arabidopsis_thaliana_F_Path_1_1_F16_Water_Roots,MS_agar,Arabidopsis_thaliana,F_Path,1,1,F16,Water,Roots,1.677,1,Pathogens
667,MS_agar_Arabidopsis_thaliana_F_Path_1_2_F16_Water_Roots,MS_agar,Arabidopsis_thaliana,F_Path,1,2,F16,Water,Roots,2.02,1,Pathogens
668,MS_agar_Arabidopsis_thaliana_F_Path_1_3_F16_Water_Roots,MS_agar,Arabidopsis_thaliana,F_Path,1,3,F16,Water,Roots,0.898,1,Pathogens
669,MS_agar_Arabidopsis_thaliana_F_Path_1_4_F16_Water_Roots,MS_agar,Arabidopsis_thaliana,F_Path,1,4,F16,Water,Roots,2.026,1,Pathogens
670,MS_agar_Arabidopsis_thaliana_F_Path_1_5_F16_Water_Roots,MS_agar,Arabidopsis_thaliana,F_Path,1,5,F16,Water,Roots,3.434,1,Pathogens
671,MS_agar_Arabidopsis_thaliana_F_Path_1_6_F16_Water_Roots,MS_agar,Arabidopsis_thaliana,F_Path,1,6,F16,Water,Roots,1.343,1,Pathogens
672,MS_agar_Arabidopsis_thaliana_F_Path_1_7_F16_Water_Roots,MS_agar,Arabidopsis_thaliana,F_Path,1,7,F16,Water,Roots,2.259,1,Pathogens
673,MS_agar_Arabidopsis_thaliana_F_Path_1_8_F16_Water_Roots,MS_agar,Arabidopsis_thaliana,F_Path,1,8,F16,Water,Roots,2.782,1,Pathogens
674,MS_agar_Arabidopsis_thaliana_F_Path_1_9_F16_Water_Roots,MS_agar,Arabidopsis_thaliana,F_Path,1,9,F16,Water,Roots,1.317,1,Pathogens
675,MS_agar_Arabidopsis_thaliana_F_Path_1_10_F16_Water_Roots,MS_agar,Arabidopsis_thaliana,F_Path,1,10,F16,Water,Roots,2.071,1,Pathogens
676,MS_agar_Arabidopsis_thaliana_F_Path_1_11_F16_Water_Roots,MS_agar,Arabidopsis_thaliana,F_Path,1,11,F16,Water,Roots,1.814,1,Pathogens
677,MS_agar_Arabidopsis_thaliana_F_Path_1_12_F16_Water_Roots,MS_agar,Arabidopsis_thaliana,F_Path,1,12,F16,Water,Roots,1.331,1,Pathogens
678,MS_agar_Arabidopsis_thaliana_F_Path_1_13_F16_Water_Roots,MS_agar,Arabidopsis_thaliana,F_Path,1,13,F16,Water,Roots,1.994,1,Pathogens
679,MS_agar_Arabidopsis_thaliana_F_Path_1_14_F16_Water_Roots,MS_agar,Arabidopsis_thaliana,F_Path,1,14,F16,Water,Roots,1.22,1,Pathogens
680,MS_agar_Arabidopsis_thaliana_F_Path_1_15_F16_Water_Roots,MS_agar,Arabidopsis_thaliana,F_Path,1,15,F16,Water,Roots,0.786,1,Pathogens
681,MS_agar_Arabidopsis_thaliana_F_Path_1_16_F16_Water_Roots,MS_agar,Arabidopsis_thaliana,F_Path,1,16,F16,Water,Roots,1.681,1,Pathogens
682,MS_agar_Arabidopsis_thaliana_F_Path_1_17_F16_Water_Roots,MS_agar,Arabidopsis_thaliana,F_Path,1,17,F16,Water,Roots,1.38,1,Pathogens
683,MS_agar_Arabidopsis_thaliana_F_Path_1_18_F16_Water_Roots,MS_agar,Arabidopsis_thaliana,F_Path,1,18,F16,Water,Roots,2.596,1,Pathogens
684,MS_agar_Arabidopsis_thaliana_F_Path_1_19_F16_Water_Roots,MS_agar,Arabidopsis_thaliana,F_Path,1,19,F16,Water,Roots,2.848,1,Pathogens
685,MS_agar_Arabidopsis_thaliana_F_Path_1_20_F16_Water_Roots,MS_agar,Arabidopsis_thaliana,F_Path,1,20,F16,Water,Roots,1.384,1,Pathogens
686,MS_agar_Arabidopsis_thaliana_F_Path_1_21_F16_Water_Roots,MS_agar,Arabidopsis_thaliana,F_Path,1,21,F16,Water,Roots,1.649,1,Pathogens
687,MS_agar_Arabidopsis_thaliana_F_Path_1_22_F16_Water_Roots,MS_agar,Arabidopsis_thaliana,F_Path,1,22,F16,Water,Roots,0.851,1,Pathogens
688,MS_agar_Arabidopsis_thaliana_F_Path_1_23_F16_Water_Roots,MS_agar,Arabidopsis_thaliana,F_Path,1,23,F16,Water,Roots,1.313,1,Pathogens
689,MS_agar_Arabidopsis_thaliana_F_Path_1_24_F16_Water_Roots,MS_agar,Arabidopsis_thaliana,F_Path,1,24,F16,Water,Roots,2.524,1,Pathogens
690,MS_agar_Arabidopsis_thaliana_F_Path_1_25_F16_Water_Roots,MS_agar,Arabidopsis_thaliana,F_Path,1,25,F16,Water,Roots,1.128,1,Pathogens
691,MS_agar_Arabidopsis_thaliana_F_Path_1_26_F16_Water_Roots,MS_agar,Arabidopsis_thaliana,F_Path,1,26,F16,Water,Roots,0.565,1,Pathogens
692,MS_agar_Arabidopsis_thaliana_F_Path_1_27_F16_Water_Roots,MS_agar,Arabidopsis_thaliana,F_Path,1,27,F16,Water,Roots,1.321,1,Pathogens
693,MS_agar_Arabidopsis_thaliana_F_Path_1_28_F16_Water_Roots,MS_agar,Arabidopsis_thaliana,F_Path,1,28,F16,Water,Roots,1.276,1,Pathogens
694,MS_agar_Arabidopsis_thaliana_F_Path_1_29_F16_Water_Roots,MS_agar,Arabidopsis_thaliana,F_Path,1,29,F16,Water,Roots,1.486,1,Pathogens
695,MS_agar_Arabidopsis_thaliana_F_Path_1_30_F16_Water_Roots,MS_agar,Arabidopsis_thaliana,F_Path,1,30,F16,Water,Roots,0.991,1,Pathogens
696,MS_agar_Arabidopsis_thaliana_F_Path_1_31_F16_Water_Roots,MS_agar,Arabidopsis_thaliana,F_Path,1,31,F16,Water,Roots,1.037,1,Pathogens
697,MS_agar_Arabidopsis_thaliana_F_Path_1_32_F16_Water_Roots,MS_agar,Arabidopsis_thaliana,F_Path,1,32,F16,Water,Roots,1.303,1,Pathogens
698,MS_agar_Arabidopsis_thaliana_F_Path_1_2_F16_3OMG_Roots,MS_agar,Arabidopsis_thaliana,F_Path,1,2,F16,3OMG,Roots,1.687,1,Pathogens
699,MS_agar_Arabidopsis_thaliana_F_Path_1_3_F16_3OMG_Roots,MS_agar,Arabidopsis_thaliana,F_Path,1,3,F16,3OMG,Roots,3.573,1,Pathogens
700,MS_agar_Arabidopsis_thaliana_F_Path_1_4_F16_3OMG_Roots,MS_agar,Arabidopsis_thaliana,F_Path,1,4,F16,3OMG,Roots,6.71,1,Pathogens
701,MS_agar_Arabidopsis_thaliana_F_Path_1_5_F16_3OMG_Roots,MS_agar,Arabidopsis_thaliana,F_Path,1,5,F16,3OMG,Roots,10.276,1,Pathogens
702,MS_agar_Arabidopsis_thaliana_F_Path_1_6_F16_3OMG_Roots,MS_agar,Arabidopsis_thaliana,F_Path,1,6,F16,3OMG,Roots,3.96,1,Pathogens
703,MS_agar_Arabidopsis_thaliana_F_Path_1_7_F16_3OMG_Roots,MS_agar,Arabidopsis_thaliana,F_Path,1,7,F16,3OMG,Roots,3.356,1,Pathogens
704,MS_agar_Arabidopsis_thaliana_F_Path_1_8_F16_3OMG_Roots,MS_agar,Arabidopsis_thaliana,F_Path,1,8,F16,3OMG,Roots,5.326,1,Pathogens
705,MS_agar_Arabidopsis_thaliana_F_Path_1_9_F16_3OMG_Roots,MS_agar,Arabidopsis_thaliana,F_Path,1,9,F16,3OMG,Roots,3.964,1,Pathogens
706,MS_agar_Arabidopsis_thaliana_F_Path_1_10_F16_3OMG_Roots,MS_agar,Arabidopsis_thaliana,F_Path,1,10,F16,3OMG,Roots,1.236,1,Pathogens
707,MS_agar_Arabidopsis_thaliana_F_Path_1_11_F16_3OMG_Roots,MS_agar,Arabidopsis_thaliana,F_Path,1,11,F16,3OMG,Roots,1.796,1,Pathogens
708,MS_agar_Arabidopsis_thaliana_F_Path_1_12_F16_3OMG_Roots,MS_agar,Arabidopsis_thaliana,F_Path,1,12,F16,3OMG,Roots,9.566,1,Pathogens
709,MS_agar_Arabidopsis_thaliana_F_Path_1_13_F16_3OMG_Roots,MS_agar,Arabidopsis_thaliana,F_Path,1,13,F16,3OMG,Roots,5.949,1,Pathogens
710,MS_agar_Arabidopsis_thaliana_F_Path_1_14_F16_3OMG_Roots,MS_agar,Arabidopsis_thaliana,F_Path,1,14,F16,3OMG,Roots,4.981,1,Pathogens
711,MS_agar_Arabidopsis_thaliana_F_Path_1_15_F16_3OMG_Roots,MS_agar,Arabidopsis_thaliana,F_Path,1,15,F16,3OMG,Roots,6.133,1,Pathogens
712,MS_agar_Arabidopsis_thaliana_F_Path_1_16_F16_3OMG_Roots,MS_agar,Arabidopsis_thaliana,F_Path,1,16,F16,3OMG,Roots,6.074,1,Pathogens
713,MS_agar_Arabidopsis_thaliana_F_Path_1_17_F16_3OMG_Roots,MS_agar,Arabidopsis_thaliana,F_Path,1,17,F16,3OMG,Roots,4.02,1,Pathogens
714,MS_agar_Arabidopsis_thaliana_F_Path_1_18_F16_3OMG_Roots,MS_agar,Arabidopsis_thaliana,F_Path,1,18,F16,3OMG,Roots,6.698,1,Pathogens
715,MS_agar_Arabidopsis_thaliana_F_Path_1_19_F16_3OMG_Roots,MS_agar,Arabidopsis_thaliana,F_Path,1,19,F16,3OMG,Roots,1.95,1,Pathogens
716,MS_agar_Arabidopsis_thaliana_F_Path_1_20_F16_3OMG_Roots,MS_agar,Arabidopsis_thaliana,F_Path,1,20,F16,3OMG,Roots,6.552,1,Pathogens
717,MS_agar_Arabidopsis_thaliana_F_Path_1_21_F16_3OMG_Roots,MS_agar,Arabidopsis_thaliana,F_Path,1,21,F16,3OMG,Roots,2.569,1,Pathogens
718,MS_agar_Arabidopsis_thaliana_F_Path_1_22_F16_3OMG_Roots,MS_agar,Arabidopsis_thaliana,F_Path,1,22,F16,3OMG,Roots,6.033,1,Pathogens
719,MS_agar_Arabidopsis_thaliana_F_Path_1_23_F16_3OMG_Roots,MS_agar,Arabidopsis_thaliana,F_Path,1,23,F16,3OMG,Roots,4.816,1,Pathogens
720,MS_agar_Arabidopsis_thaliana_F_Path_1_24_F16_3OMG_Roots,MS_agar,Arabidopsis_thaliana,F_Path,1,24,F16,3OMG,Roots,4.285,1,Pathogens
721,MS_agar_Arabidopsis_thaliana_F_Path_1_25_F16_3OMG_Roots,MS_agar,Arabidopsis_thaliana,F_Path,1,25,F16,3OMG,Roots,4.005,1,Pathogens
722,MS_agar_Arabidopsis_thaliana_F_Path_1_26_F16_3OMG_Roots,MS_agar,Arabidopsis_thaliana,F_Path,1,26,F16,3OMG,Roots,2.143,1,Pathogens
723,MS_agar_Arabidopsis_thaliana_F_Path_1_27_F16_3OMG_Roots,MS_agar,Arabidopsis_thaliana,F_Path,1,27,F16,3OMG,Roots,5.469,1,Pathogens
724,MS_agar_Arabidopsis_thaliana_F_Path_1_28_F16_3OMG_Roots,MS_agar,Arabidopsis_thaliana,F_Path,1,28,F16,3OMG,Roots,5.438,1,Pathogens
725,MS_agar_Arabidopsis_thaliana_F_Path_1_29_F16_3OMG_Roots,MS_agar,Arabidopsis_thaliana,F_Path,1,29,F16,3OMG,Roots,10.964,1,Pathogens
726,MS_agar_Arabidopsis_thaliana_F_Path_1_30_F16_3OMG_Roots,MS_agar,Arabidopsis_thaliana,F_Path,1,30,F16,3OMG,Roots,1.416,1,Pathogens
727,MS_agar_Arabidopsis_thaliana_F_Path_1_31_F16_3OMG_Roots,MS_agar,Arabidopsis_thaliana,F_Path,1,31,F16,3OMG,Roots,2.701,1,Pathogens
728,MS_agar_Arabidopsis_thaliana_F_Path_1_32_F16_3OMG_Roots,MS_agar,Arabidopsis_thaliana,F_Path,1,32,F16,3OMG,Roots,1.437,1,Pathogens
729,MS_agar_Arabidopsis_thaliana_F_Path_1_1_F44_Water_Roots,MS_agar,Arabidopsis_thaliana,F_Path,1,1,F44,Water,Roots,4.796,1,Pathogens
730,MS_agar_Arabidopsis_thaliana_F_Path_1_2_F44_Water_Roots,MS_agar,Arabidopsis_thaliana,F_Path,1,2,F44,Water,Roots,2.44,1,Pathogens
731,MS_agar_Arabidopsis_thaliana_F_Path_1_3_F44_Water_Roots,MS_agar,Arabidopsis_thaliana,F_Path,1,3,F44,Water,Roots,3.812,1,Pathogens
732,MS_agar_Arabidopsis_thaliana_F_Path_1_4_F44_Water_Roots,MS_agar,Arabidopsis_thaliana,F_Path,1,4,F44,Water,Roots,3.903,1,Pathogens
733,MS_agar_Arabidopsis_thaliana_F_Path_1_5_F44_Water_Roots,MS_agar,Arabidopsis_thaliana,F_Path,1,5,F44,Water,Roots,1.281,1,Pathogens
734,MS_agar_Arabidopsis_thaliana_F_Path_1_6_F44_Water_Roots,MS_agar,Arabidopsis_thaliana,F_Path,1,6,F44,Water,Roots,5.362,1,Pathogens
735,MS_agar_Arabidopsis_thaliana_F_Path_1_7_F44_Water_Roots,MS_agar,Arabidopsis_thaliana,F_Path,1,7,F44,Water,Roots,2.47,1,Pathogens
736,MS_agar_Arabidopsis_thaliana_F_Path_1_8_F44_Water_Roots,MS_agar,Arabidopsis_thaliana,F_Path,1,8,F44,Water,Roots,4.438,1,Pathogens
737,MS_agar_Arabidopsis_thaliana_F_Path_1_9_F44_Water_Roots,MS_agar,Arabidopsis_thaliana,F_Path,1,9,F44,Water,Roots,0.989,1,Pathogens
738,MS_agar_Arabidopsis_thaliana_F_Path_1_10_F44_Water_Roots,MS_agar,Arabidopsis_thaliana,F_Path,1,10,F44,Water,Roots,4.124,1,Pathogens
739,MS_agar_Arabidopsis_thaliana_F_Path_1_11_F44_Water_Roots,MS_agar,Arabidopsis_thaliana,F_Path,1,11,F44,Water,Roots,3.034,1,Pathogens
740,MS_agar_Arabidopsis_thaliana_F_Path_1_12_F44_Water_Roots,MS_agar,Arabidopsis_thaliana,F_Path,1,12,F44,Water,Roots,1.276,1,Pathogens
741,MS_agar_Arabidopsis_thaliana_F_Path_1_13_F44_Water_Roots,MS_agar,Arabidopsis_thaliana,F_Path,1,13,F44,Water,Roots,7.684,1,Pathogens
742,MS_agar_Arabidopsis_thaliana_F_Path_1_14_F44_Water_Roots,MS_agar,Arabidopsis_thaliana,F_Path,1,14,F44,Water,Roots,1.9,1,Pathogens
743,MS_agar_Arabidopsis_thaliana_F_Path_1_15_F44_Water_Roots,MS_agar,Arabidopsis_thaliana,F_Path,1,15,F44,Water,Roots,4.687,1,Pathogens
744,MS_agar_Arabidopsis_thaliana_F_Path_1_16_F44_Water_Roots,MS_agar,Arabidopsis_thaliana,F_Path,1,16,F44,Water,Roots,1.269,1,Pathogens
745,MS_agar_Arabidopsis_thaliana_F_Path_1_17_F44_Water_Roots,MS_agar,Arabidopsis_thaliana,F_Path,1,17,F44,Water,Roots,3.86,1,Pathogens
746,MS_agar_Arabidopsis_thaliana_F_Path_1_18_F44_Water_Roots,MS_agar,Arabidopsis_thaliana,F_Path,1,18,F44,Water,Roots,3.526,1,Pathogens
747,MS_agar_Arabidopsis_thaliana_F_Path_1_19_F44_Water_Roots,MS_agar,Arabidopsis_thaliana,F_Path,1,19,F44,Water,Roots,1.555,1,Pathogens
748,MS_agar_Arabidopsis_thaliana_F_Path_1_20_F44_Water_Roots,MS_agar,Arabidopsis_thaliana,F_Path,1,20,F44,Water,Roots,3.79,1,Pathogens
749,MS_agar_Arabidopsis_thaliana_F_Path_1_21_F44_Water_Roots,MS_agar,Arabidopsis_thaliana,F_Path,1,21,F44,Water,Roots,5.316,1,Pathogens
750,MS_agar_Arabidopsis_thaliana_F_Path_1_22_F44_Water_Roots,MS_agar,Arabidopsis_thaliana,F_Path,1,22,F44,Water,Roots,1.82,1,Pathogens
751,MS_agar_Arabidopsis_thaliana_F_Path_1_23_F44_Water_Roots,MS_agar,Arabidopsis_thaliana,F_Path,1,23,F44,Water,Roots,3.346,1,Pathogens
752,MS_agar_Arabidopsis_thaliana_F_Path_1_24_F44_Water_Roots,MS_agar,Arabidopsis_thaliana,F_Path,1,24,F44,Water,Roots,3.094,1,Pathogens
753,MS_agar_Arabidopsis_thaliana_F_Path_1_25_F44_Water_Roots,MS_agar,Arabidopsis_thaliana,F_Path,1,25,F44,Water,Roots,2.014,1,Pathogens
754,MS_agar_Arabidopsis_thaliana_F_Path_1_26_F44_Water_Roots,MS_agar,Arabidopsis_thaliana,F_Path,1,26,F44,Water,Roots,2.486,1,Pathogens
755,MS_agar_Arabidopsis_thaliana_F_Path_1_27_F44_Water_Roots,MS_agar,Arabidopsis_thaliana,F_Path,1,27,F44,Water,Roots,2.065,1,Pathogens
756,MS_agar_Arabidopsis_thaliana_F_Path_1_28_F44_Water_Roots,MS_agar,Arabidopsis_thaliana,F_Path,1,28,F44,Water,Roots,4.481,1,Pathogens
757,MS_agar_Arabidopsis_thaliana_F_Path_1_29_F44_Water_Roots,MS_agar,Arabidopsis_thaliana,F_Path,1,29,F44,Water,Roots,2.367,1,Pathogens
758,MS_agar_Arabidopsis_thaliana_F_Path_1_30_F44_Water_Roots,MS_agar,Arabidopsis_thaliana,F_Path,1,30,F44,Water,Roots,4.734,1,Pathogens
759,MS_agar_Arabidopsis_thaliana_F_Path_1_31_F44_Water_Roots,MS_agar,Arabidopsis_thaliana,F_Path,1,31,F44,Water,Roots,5.712,1,Pathogens
760,MS_agar_Arabidopsis_thaliana_F_Path_1_32_F44_Water_Roots,MS_agar,Arabidopsis_thaliana,F_Path,1,32,F44,Water,Roots,2.025,1,Pathogens
761,MS_agar_Arabidopsis_thaliana_F_Path_1_33_F44_Water_Roots,MS_agar,Arabidopsis_thaliana,F_Path,1,33,F44,Water,Roots,3.105,1,Pathogens
762,MS_agar_Arabidopsis_thaliana_F_Path_1_34_F44_Water_Roots,MS_agar,Arabidopsis_thaliana,F_Path,1,34,F44,Water,Roots,2.59,1,Pathogens
763,MS_agar_Arabidopsis_thaliana_F_Path_1_35_F44_Water_Roots,MS_agar,Arabidopsis_thaliana,F_Path,1,35,F44,Water,Roots,3.58,1,Pathogens
764,MS_agar_Arabidopsis_thaliana_F_Path_1_36_F44_Water_Roots,MS_agar,Arabidopsis_thaliana,F_Path,1,36,F44,Water,Roots,1.723,1,Pathogens
765,MS_agar_Arabidopsis_thaliana_F_Path_1_37_F44_Water_Roots,MS_agar,Arabidopsis_thaliana,F_Path,1,37,F44,Water,Roots,1.861,1,Pathogens
766,MS_agar_Arabidopsis_thaliana_F_Path_1_38_F44_Water_Roots,MS_agar,Arabidopsis_thaliana,F_Path,1,38,F44,Water,Roots,2.626,1,Pathogens
767,MS_agar_Arabidopsis_thaliana_F_Path_1_39_F44_Water_Roots,MS_agar,Arabidopsis_thaliana,F_Path,1,39,F44,Water,Roots,5.764,1,Pathogens
768,MS_agar_Arabidopsis_thaliana_F_Path_1_40_F44_Water_Roots,MS_agar,Arabidopsis_thaliana,F_Path,1,40,F44,Water,Roots,2.023,1,Pathogens
769,MS_agar_Arabidopsis_thaliana_F_Path_1_41_F44_Water_Roots,MS_agar,Arabidopsis_thaliana,F_Path,1,41,F44,Water,Roots,2.505,1,Pathogens
770,MS_agar_Arabidopsis_thaliana_F_Path_1_42_F44_Water_Roots,MS_agar,Arabidopsis_thaliana,F_Path,1,42,F44,Water,Roots,2.615,1,Pathogens
771,MS_agar_Arabidopsis_thaliana_F_Path_1_43_F44_Water_Roots,MS_agar,Arabidopsis_thaliana,F_Path,1,43,F44,Water,Roots,2.616,1,Pathogens
772,MS_agar_Arabidopsis_thaliana_F_Path_1_44_F44_Water_Roots,MS_agar,Arabidopsis_thaliana,F_Path,1,44,F44,Water,Roots,3.161,1,Pathogens
773,MS_agar_Arabidopsis_thaliana_F_Path_1_45_F44_Water_Roots,MS_agar,Arabidopsis_thaliana,F_Path,1,45,F44,Water,Roots,4.067,1,Pathogens
774,MS_agar_Arabidopsis_thaliana_F_Path_1_46_F44_Water_Roots,MS_agar,Arabidopsis_thaliana,F_Path,1,46,F44,Water,Roots,1.272,1,Pathogens
775,MS_agar_Arabidopsis_thaliana_F_Path_1_47_F44_Water_Roots,MS_agar,Arabidopsis_thaliana,F_Path,1,47,F44,Water,Roots,1.54,1,Pathogens
776,MS_agar_Arabidopsis_thaliana_F_Path_1_48_F44_Water_Roots,MS_agar,Arabidopsis_thaliana,F_Path,1,48,F44,Water,Roots,2.309,1,Pathogens
777,MS_agar_Arabidopsis_thaliana_F_Path_1_49_F44_Water_Roots,MS_agar,Arabidopsis_thaliana,F_Path,1,49,F44,Water,Roots,3.446,1,Pathogens
778,MS_agar_Arabidopsis_thaliana_F_Path_1_50_F44_Water_Roots,MS_agar,Arabidopsis_thaliana,F_Path,1,50,F44,Water,Roots,4.169,1,Pathogens
779,MS_agar_Arabidopsis_thaliana_F_Path_1_51_F44_Water_Roots,MS_agar,Arabidopsis_thaliana,F_Path,1,51,F44,Water,Roots,4.279,1,Pathogens
780,MS_agar_Arabidopsis_thaliana_F_Path_1_52_F44_Water_Roots,MS_agar,Arabidopsis_thaliana,F_Path,1,52,F44,Water,Roots,2.547,1,Pathogens
781,MS_agar_Arabidopsis_thaliana_F_Path_1_53_F44_Water_Roots,MS_agar,Arabidopsis_thaliana,F_Path,1,53,F44,Water,Roots,3.026,1,Pathogens
782,MS_agar_Arabidopsis_thaliana_F_Path_1_54_F44_Water_Roots,MS_agar,Arabidopsis_thaliana,F_Path,1,54,F44,Water,Roots,1.477,1,Pathogens
783,MS_agar_Arabidopsis_thaliana_F_Path_1_55_F44_Water_Roots,MS_agar,Arabidopsis_thaliana,F_Path,1,55,F44,Water,Roots,1.563,1,Pathogens
784,MS_agar_Arabidopsis_thaliana_F_Path_1_1_F44_3OMG_Roots,MS_agar,Arabidopsis_thaliana,F_Path,1,1,F44,3OMG,Roots,6.473,1,Pathogens
785,MS_agar_Arabidopsis_thaliana_F_Path_1_2_F44_3OMG_Roots,MS_agar,Arabidopsis_thaliana,F_Path,1,2,F44,3OMG,Roots,8.406,1,Pathogens
786,MS_agar_Arabidopsis_thaliana_F_Path_1_3_F44_3OMG_Roots,MS_agar,Arabidopsis_thaliana,F_Path,1,3,F44,3OMG,Roots,5.422,1,Pathogens
787,MS_agar_Arabidopsis_thaliana_F_Path_1_4_F44_3OMG_Roots,MS_agar,Arabidopsis_thaliana,F_Path,1,4,F44,3OMG,Roots,6.369,1,Pathogens
788,MS_agar_Arabidopsis_thaliana_F_Path_1_5_F44_3OMG_Roots,MS_agar,Arabidopsis_thaliana,F_Path,1,5,F44,3OMG,Roots,4.111,1,Pathogens
789,MS_agar_Arabidopsis_thaliana_F_Path_1_6_F44_3OMG_Roots,MS_agar,Arabidopsis_thaliana,F_Path,1,6,F44,3OMG,Roots,3.206,1,Pathogens
790,MS_agar_Arabidopsis_thaliana_F_Path_1_7_F44_3OMG_Roots,MS_agar,Arabidopsis_thaliana,F_Path,1,7,F44,3OMG,Roots,10.733,1,Pathogens
791,MS_agar_Arabidopsis_thaliana_F_Path_1_8_F44_3OMG_Roots,MS_agar,Arabidopsis_thaliana,F_Path,1,8,F44,3OMG,Roots,9.388,1,Pathogens
792,MS_agar_Arabidopsis_thaliana_F_Path_1_9_F44_3OMG_Roots,MS_agar,Arabidopsis_thaliana,F_Path,1,9,F44,3OMG,Roots,9.563,1,Pathogens
793,MS_agar_Arabidopsis_thaliana_F_Path_1_10_F44_3OMG_Roots,MS_agar,Arabidopsis_thaliana,F_Path,1,10,F44,3OMG,Roots,4.693,1,Pathogens
794,MS_agar_Arabidopsis_thaliana_F_Path_1_11_F44_3OMG_Roots,MS_agar,Arabidopsis_thaliana,F_Path,1,11,F44,3OMG,Roots,8.973,1,Pathogens
795,MS_agar_Arabidopsis_thaliana_F_Path_1_12_F44_3OMG_Roots,MS_agar,Arabidopsis_thaliana,F_Path,1,12,F44,3OMG,Roots,9.803,1,Pathogens
796,MS_agar_Arabidopsis_thaliana_F_Path_1_13_F44_3OMG_Roots,MS_agar,Arabidopsis_thaliana,F_Path,1,13,F44,3OMG,Roots,8.15,1,Pathogens
797,MS_agar_Arabidopsis_thaliana_F_Path_1_14_F44_3OMG_Roots,MS_agar,Arabidopsis_thaliana,F_Path,1,14,F44,3OMG,Roots,9.124,1,Pathogens
798,MS_agar_Arabidopsis_thaliana_F_Path_1_15_F44_3OMG_Roots,MS_agar,Arabidopsis_thaliana,F_Path,1,15,F44,3OMG,Roots,2.046,1,Pathogens
799,MS_agar_Arabidopsis_thaliana_F_Path_1_16_F44_3OMG_Roots,MS_agar,Arabidopsis_thaliana,F_Path,1,16,F44,3OMG,Roots,1.975,1,Pathogens
800,MS_agar_Arabidopsis_thaliana_F_Path_1_17_F44_3OMG_Roots,MS_agar,Arabidopsis_thaliana,F_Path,1,17,F44,3OMG,Roots,6.978,1,Pathogens
801,MS_agar_Arabidopsis_thaliana_F_Path_1_18_F44_3OMG_Roots,MS_agar,Arabidopsis_thaliana,F_Path,1,18,F44,3OMG,Roots,3.766,1,Pathogens
802,MS_agar_Arabidopsis_thaliana_F_Path_1_19_F44_3OMG_Roots,MS_agar,Arabidopsis_thaliana,F_Path,1,19,F44,3OMG,Roots,9.765,1,Pathogens
803,MS_agar_Arabidopsis_thaliana_F_Path_1_20_F44_3OMG_Roots,MS_agar,Arabidopsis_thaliana,F_Path,1,20,F44,3OMG,Roots,6.843,1,Pathogens
804,MS_agar_Arabidopsis_thaliana_F_Path_1_21_F44_3OMG_Roots,MS_agar,Arabidopsis_thaliana,F_Path,1,21,F44,3OMG,Roots,10.034,1,Pathogens
805,MS_agar_Arabidopsis_thaliana_F_Path_1_22_F44_3OMG_Roots,MS_agar,Arabidopsis_thaliana,F_Path,1,22,F44,3OMG,Roots,8.142,1,Pathogens
806,MS_agar_Arabidopsis_thaliana_F_Path_1_23_F44_3OMG_Roots,MS_agar,Arabidopsis_thaliana,F_Path,1,23,F44,3OMG,Roots,3.619,1,Pathogens
807,MS_agar_Arabidopsis_thaliana_F_Path_1_24_F44_3OMG_Roots,MS_agar,Arabidopsis_thaliana,F_Path,1,24,F44,3OMG,Roots,7.237,1,Pathogens
808,MS_agar_Arabidopsis_thaliana_F_Path_1_25_F44_3OMG_Roots,MS_agar,Arabidopsis_thaliana,F_Path,1,25,F44,3OMG,Roots,5.376,1,Pathogens
809,MS_agar_Arabidopsis_thaliana_F_Path_1_26_F44_3OMG_Roots,MS_agar,Arabidopsis_thaliana,F_Path,1,26,F44,3OMG,Roots,2.758,1,Pathogens
810,MS_agar_Arabidopsis_thaliana_F_Path_1_27_F44_3OMG_Roots,MS_agar,Arabidopsis_thaliana,F_Path,1,27,F44,3OMG,Roots,4.84,1,Pathogens
811,MS_agar_Arabidopsis_thaliana_F_Path_1_28_F44_3OMG_Roots,MS_agar,Arabidopsis_thaliana,F_Path,1,28,F44,3OMG,Roots,3.627,1,Pathogens
812,MS_agar_Arabidopsis_thaliana_F_Path_1_29_F44_3OMG_Roots,MS_agar,Arabidopsis_thaliana,F_Path,1,29,F44,3OMG,Roots,3.401,1,Pathogens
813,MS_agar_Arabidopsis_thaliana_F_Path_1_30_F44_3OMG_Roots,MS_agar,Arabidopsis_thaliana,F_Path,1,30,F44,3OMG,Roots,6.368,1,Pathogens
814,MS_agar_Arabidopsis_thaliana_F_Path_1_31_F44_3OMG_Roots,MS_agar,Arabidopsis_thaliana,F_Path,1,31,F44,3OMG,Roots,6.646,1,Pathogens
815,MS_agar_Arabidopsis_thaliana_F_Path_1_32_F44_3OMG_Roots,MS_agar,Arabidopsis_thaliana,F_Path,1,32,F44,3OMG,Roots,3.712,1,Pathogens
816,MS_agar_Arabidopsis_thaliana_F_Path_1_33_F44_3OMG_Roots,MS_agar,Arabidopsis_thaliana,F_Path,1,33,F44,3OMG,Roots,4.386,1,Pathogens
817,MS_agar_Arabidopsis_thaliana_F_Path_1_34_F44_3OMG_Roots,MS_agar,Arabidopsis_thaliana,F_Path,1,34,F44,3OMG,Roots,7.458,1,Pathogens
818,MS_agar_Arabidopsis_thaliana_F_Path_1_35_F44_3OMG_Roots,MS_agar,Arabidopsis_thaliana,F_Path,1,35,F44,3OMG,Roots,6.507,1,Pathogens
819,MS_agar_Arabidopsis_thaliana_F_Path_1_36_F44_3OMG_Roots,MS_agar,Arabidopsis_thaliana,F_Path,1,36,F44,3OMG,Roots,4.954,1,Pathogens
820,MS_agar_Arabidopsis_thaliana_F_Path_1_37_F44_3OMG_Roots,MS_agar,Arabidopsis_thaliana,F_Path,1,37,F44,3OMG,Roots,3.278,1,Pathogens
821,MS_agar_Arabidopsis_thaliana_F_Path_1_38_F44_3OMG_Roots,MS_agar,Arabidopsis_thaliana,F_Path,1,38,F44,3OMG,Roots,5.252,1,Pathogens
822,MS_agar_Arabidopsis_thaliana_F_Path_1_39_F44_3OMG_Roots,MS_agar,Arabidopsis_thaliana,F_Path,1,39,F44,3OMG,Roots,2.371,1,Pathogens
823,MS_agar_Arabidopsis_thaliana_F_Path_1_40_F44_3OMG_Roots,MS_agar,Arabidopsis_thaliana,F_Path,1,40,F44,3OMG,Roots,7.528,1,Pathogens
824,MS_agar_Arabidopsis_thaliana_F_Path_1_41_F44_3OMG_Roots,MS_agar,Arabidopsis_thaliana,F_Path,1,41,F44,3OMG,Roots,5.15,1,Pathogens
825,MS_agar_Arabidopsis_thaliana_F_Path_1_42_F44_3OMG_Roots,MS_agar,Arabidopsis_thaliana,F_Path,1,42,F44,3OMG,Roots,9.887,1,Pathogens
826,MS_agar_Arabidopsis_thaliana_F_Path_1_43_F44_3OMG_Roots,MS_agar,Arabidopsis_thaliana,F_Path,1,43,F44,3OMG,Roots,7.485,1,Pathogens
827,MS_agar_Arabidopsis_thaliana_F_Path_1_44_F44_3OMG_Roots,MS_agar,Arabidopsis_thaliana,F_Path,1,44,F44,3OMG,Roots,2.016,1,Pathogens
828,MS_agar_Arabidopsis_thaliana_F_Path_1_45_F44_3OMG_Roots,MS_agar,Arabidopsis_thaliana,F_Path,1,45,F44,3OMG,Roots,4.255,1,Pathogens
829,MS_agar_Arabidopsis_thaliana_F_Path_1_46_F44_3OMG_Roots,MS_agar,Arabidopsis_thaliana,F_Path,1,46,F44,3OMG,Roots,3.021,1,Pathogens
830,MS_agar_Arabidopsis_thaliana_F_Path_1_47_F44_3OMG_Roots,MS_agar,Arabidopsis_thaliana,F_Path,1,47,F44,3OMG,Roots,4.202,1,Pathogens
831,MS_agar_Arabidopsis_thaliana_F_Path_1_48_F44_3OMG_Roots,MS_agar,Arabidopsis_thaliana,F_Path,1,48,F44,3OMG,Roots,2.035,1,Pathogens
832,MS_agar_Arabidopsis_thaliana_F_Path_1_49_F44_3OMG_Roots,MS_agar,Arabidopsis_thaliana,F_Path,1,49,F44,3OMG,Roots,5.964,1,Pathogens
833,MS_agar_Arabidopsis_thaliana_F_Path_1_50_F44_3OMG_Roots,MS_agar,Arabidopsis_thaliana,F_Path,1,50,F44,3OMG,Roots,2.996,1,Pathogens
834,MS_agar_Arabidopsis_thaliana_F_Path_1_51_F44_3OMG_Roots,MS_agar,Arabidopsis_thaliana,F_Path,1,51,F44,3OMG,Roots,2.877,1,Pathogens
835,MS_agar_Arabidopsis_thaliana_F_Path_1_52_F44_3OMG_Roots,MS_agar,Arabidopsis_thaliana,F_Path,1,52,F44,3OMG,Roots,1.689,1,Pathogens
836,MS_agar_Arabidopsis_thaliana_F_Path_1_53_F44_3OMG_Roots,MS_agar,Arabidopsis_thaliana,F_Path,1,53,F44,3OMG,Roots,1.317,1,Pathogens
837,MS_agar_Arabidopsis_thaliana_F_Path_1_1_F64_Water_Roots,MS_agar,Arabidopsis_thaliana,F_Path,1,1,F64,Water,Roots,1.877,1,Pathogens
838,MS_agar_Arabidopsis_thaliana_F_Path_1_2_F64_Water_Roots,MS_agar,Arabidopsis_thaliana,F_Path,1,2,F64,Water,Roots,3.206,1,Pathogens
839,MS_agar_Arabidopsis_thaliana_F_Path_1_3_F64_Water_Roots,MS_agar,Arabidopsis_thaliana,F_Path,1,3,F64,Water,Roots,1.538,1,Pathogens
840,MS_agar_Arabidopsis_thaliana_F_Path_1_4_F64_Water_Roots,MS_agar,Arabidopsis_thaliana,F_Path,1,4,F64,Water,Roots,2.388,1,Pathogens
841,MS_agar_Arabidopsis_thaliana_F_Path_1_5_F64_Water_Roots,MS_agar,Arabidopsis_thaliana,F_Path,1,5,F64,Water,Roots,2.856,1,Pathogens
842,MS_agar_Arabidopsis_thaliana_F_Path_1_6_F64_Water_Roots,MS_agar,Arabidopsis_thaliana,F_Path,1,6,F64,Water,Roots,1.424,1,Pathogens
843,MS_agar_Arabidopsis_thaliana_F_Path_1_7_F64_Water_Roots,MS_agar,Arabidopsis_thaliana,F_Path,1,7,F64,Water,Roots,4.42,1,Pathogens
844,MS_agar_Arabidopsis_thaliana_F_Path_1_8_F64_Water_Roots,MS_agar,Arabidopsis_thaliana,F_Path,1,8,F64,Water,Roots,1.97,1,Pathogens
845,MS_agar_Arabidopsis_thaliana_F_Path_1_9_F64_Water_Roots,MS_agar,Arabidopsis_thaliana,F_Path,1,9,F64,Water,Roots,2.906,1,Pathogens
846,MS_agar_Arabidopsis_thaliana_F_Path_1_10_F64_Water_Roots,MS_agar,Arabidopsis_thaliana,F_Path,1,10,F64,Water,Roots,1.247,1,Pathogens
847,MS_agar_Arabidopsis_thaliana_F_Path_1_11_F64_Water_Roots,MS_agar,Arabidopsis_thaliana,F_Path,1,11,F64,Water,Roots,1.722,1,Pathogens
848,MS_agar_Arabidopsis_thaliana_F_Path_1_12_F64_Water_Roots,MS_agar,Arabidopsis_thaliana,F_Path,1,12,F64,Water,Roots,2.028,1,Pathogens
849,MS_agar_Arabidopsis_thaliana_F_Path_1_13_F64_Water_Roots,MS_agar,Arabidopsis_thaliana,F_Path,1,13,F64,Water,Roots,3.548,1,Pathogens
850,MS_agar_Arabidopsis_thaliana_F_Path_1_14_F64_Water_Roots,MS_agar,Arabidopsis_thaliana,F_Path,1,14,F64,Water,Roots,3.055,1,Pathogens
851,MS_agar_Arabidopsis_thaliana_F_Path_1_15_F64_Water_Roots,MS_agar,Arabidopsis_thaliana,F_Path,1,15,F64,Water,Roots,1.911,1,Pathogens
852,MS_agar_Arabidopsis_thaliana_F_Path_1_16_F64_Water_Roots,MS_agar,Arabidopsis_thaliana,F_Path,1,16,F64,Water,Roots,1.829,1,Pathogens
853,MS_agar_Arabidopsis_thaliana_F_Path_1_17_F64_Water_Roots,MS_agar,Arabidopsis_thaliana,F_Path,1,17,F64,Water,Roots,1.708,1,Pathogens
854,MS_agar_Arabidopsis_thaliana_F_Path_1_18_F64_Water_Roots,MS_agar,Arabidopsis_thaliana,F_Path,1,18,F64,Water,Roots,3.33,1,Pathogens
855,MS_agar_Arabidopsis_thaliana_F_Path_1_19_F64_Water_Roots,MS_agar,Arabidopsis_thaliana,F_Path,1,19,F64,Water,Roots,1.94,1,Pathogens
856,MS_agar_Arabidopsis_thaliana_F_Path_1_20_F64_Water_Roots,MS_agar,Arabidopsis_thaliana,F_Path,1,20,F64,Water,Roots,4.245,1,Pathogens
857,MS_agar_Arabidopsis_thaliana_F_Path_1_21_F64_Water_Roots,MS_agar,Arabidopsis_thaliana,F_Path,1,21,F64,Water,Roots,2.098,1,Pathogens
858,MS_agar_Arabidopsis_thaliana_F_Path_1_22_F64_Water_Roots,MS_agar,Arabidopsis_thaliana,F_Path,1,22,F64,Water,Roots,3.205,1,Pathogens
859,MS_agar_Arabidopsis_thaliana_F_Path_1_23_F64_Water_Roots,MS_agar,Arabidopsis_thaliana,F_Path,1,23,F64,Water,Roots,3.459,1,Pathogens
860,MS_agar_Arabidopsis_thaliana_F_Path_1_24_F64_Water_Roots,MS_agar,Arabidopsis_thaliana,F_Path,1,24,F64,Water,Roots,1.618,1,Pathogens
861,MS_agar_Arabidopsis_thaliana_F_Path_1_25_F64_Water_Roots,MS_agar,Arabidopsis_thaliana,F_Path,1,25,F64,Water,Roots,2.498,1,Pathogens
862,MS_agar_Arabidopsis_thaliana_F_Path_1_26_F64_Water_Roots,MS_agar,Arabidopsis_thaliana,F_Path,1,26,F64,Water,Roots,1.663,1,Pathogens
863,MS_agar_Arabidopsis_thaliana_F_Path_1_1_F64_3OMG_Roots,MS_agar,Arabidopsis_thaliana,F_Path,1,1,F64,3OMG,Roots,1.631,1,Pathogens
864,MS_agar_Arabidopsis_thaliana_F_Path_1_2_F64_3OMG_Roots,MS_agar,Arabidopsis_thaliana,F_Path,1,2,F64,3OMG,Roots,2.875,1,Pathogens
865,MS_agar_Arabidopsis_thaliana_F_Path_1_3_F64_3OMG_Roots,MS_agar,Arabidopsis_thaliana,F_Path,1,3,F64,3OMG,Roots,2.543,1,Pathogens
866,MS_agar_Arabidopsis_thaliana_F_Path_1_4_F64_3OMG_Roots,MS_agar,Arabidopsis_thaliana,F_Path,1,4,F64,3OMG,Roots,1.387,1,Pathogens
867,MS_agar_Arabidopsis_thaliana_F_Path_1_5_F64_3OMG_Roots,MS_agar,Arabidopsis_thaliana,F_Path,1,5,F64,3OMG,Roots,3.869,1,Pathogens
868,MS_agar_Arabidopsis_thaliana_F_Path_1_6_F64_3OMG_Roots,MS_agar,Arabidopsis_thaliana,F_Path,1,6,F64,3OMG,Roots,6.689,1,Pathogens
869,MS_agar_Arabidopsis_thaliana_F_Path_1_7_F64_3OMG_Roots,MS_agar,Arabidopsis_thaliana,F_Path,1,7,F64,3OMG,Roots,4.499,1,Pathogens
870,MS_agar_Arabidopsis_thaliana_F_Path_1_8_F64_3OMG_Roots,MS_agar,Arabidopsis_thaliana,F_Path,1,8,F64,3OMG,Roots,3.031,1,Pathogens
871,MS_agar_Arabidopsis_thaliana_F_Path_1_9_F64_3OMG_Roots,MS_agar,Arabidopsis_thaliana,F_Path,1,9,F64,3OMG,Roots,3.327,1,Pathogens
872,MS_agar_Arabidopsis_thaliana_F_Path_1_10_F64_3OMG_Roots,MS_agar,Arabidopsis_thaliana,F_Path,1,10,F64,3OMG,Roots,1.874,1,Pathogens
873,MS_agar_Arabidopsis_thaliana_F_Path_1_11_F64_3OMG_Roots,MS_agar,Arabidopsis_thaliana,F_Path,1,11,F64,3OMG,Roots,3.337,1,Pathogens
874,MS_agar_Arabidopsis_thaliana_F_Path_1_12_F64_3OMG_Roots,MS_agar,Arabidopsis_thaliana,F_Path,1,12,F64,3OMG,Roots,4.748,1,Pathogens
875,MS_agar_Arabidopsis_thaliana_F_Path_1_13_F64_3OMG_Roots,MS_agar,Arabidopsis_thaliana,F_Path,1,13,F64,3OMG,Roots,4.314,1,Pathogens
876,MS_agar_Arabidopsis_thaliana_F_Path_1_14_F64_3OMG_Roots,MS_agar,Arabidopsis_thaliana,F_Path,1,14,F64,3OMG,Roots,5.504,1,Pathogens
877,MS_agar_Arabidopsis_thaliana_F_Path_1_15_F64_3OMG_Roots,MS_agar,Arabidopsis_thaliana,F_Path,1,15,F64,3OMG,Roots,2.969,1,Pathogens
878,MS_agar_Arabidopsis_thaliana_F_Path_1_16_F64_3OMG_Roots,MS_agar,Arabidopsis_thaliana,F_Path,1,16,F64,3OMG,Roots,5.373,1,Pathogens
879,MS_agar_Arabidopsis_thaliana_F_Path_1_17_F64_3OMG_Roots,MS_agar,Arabidopsis_thaliana,F_Path,1,17,F64,3OMG,Roots,2.225,1,Pathogens
880,MS_agar_Arabidopsis_thaliana_F_Path_1_18_F64_3OMG_Roots,MS_agar,Arabidopsis_thaliana,F_Path,1,18,F64,3OMG,Roots,2.888,1,Pathogens
881,MS_agar_Arabidopsis_thaliana_F_Path_1_19_F64_3OMG_Roots,MS_agar,Arabidopsis_thaliana,F_Path,1,19,F64,3OMG,Roots,3.869,1,Pathogens
882,MS_agar_Arabidopsis_thaliana_F_Path_1_20_F64_3OMG_Roots,MS_agar,Arabidopsis_thaliana,F_Path,1,20,F64,3OMG,Roots,2.849,1,Pathogens
883,MS_agar_Arabidopsis_thaliana_F_Path_1_21_F64_3OMG_Roots,MS_agar,Arabidopsis_thaliana,F_Path,1,21,F64,3OMG,Roots,3.882,1,Pathogens
884,MS_agar_Arabidopsis_thaliana_F_Path_1_22_F64_3OMG_Roots,MS_agar,Arabidopsis_thaliana,F_Path,1,22,F64,3OMG,Roots,2.594,1,Pathogens
885,MS_agar_Arabidopsis_thaliana_F_Path_1_23_F64_3OMG_Roots,MS_agar,Arabidopsis_thaliana,F_Path,1,23,F64,3OMG,Roots,6.018,1,Pathogens
886,MS_agar_Arabidopsis_thaliana_F_Path_1_24_F64_3OMG_Roots,MS_agar,Arabidopsis_thaliana,F_Path,1,24,F64,3OMG,Roots,3.908,1,Pathogens
887,MS_agar_Arabidopsis_thaliana_F_Path_1_25_F64_3OMG_Roots,MS_agar,Arabidopsis_thaliana,F_Path,1,25,F64,3OMG,Roots,3.301,1,Pathogens
888,MS_agar_Arabidopsis_thaliana_F_Path_1_26_F64_3OMG_Roots,MS_agar,Arabidopsis_thaliana,F_Path,1,26,F64,3OMG,Roots,2.126,1,Pathogens
889,MS_agar_Arabidopsis_thaliana_F_Path_1_27_F64_3OMG_Roots,MS_agar,Arabidopsis_thaliana,F_Path,1,27,F64,3OMG,Roots,2.191,1,Pathogens
890,MS_agar_Arabidopsis_thaliana_F_Path_1_28_F64_3OMG_Roots,MS_agar,Arabidopsis_thaliana,F_Path,1,28,F64,3OMG,Roots,2.909,1,Pathogens
891,MS_agar_Arabidopsis_thaliana_F_Path_1_29_F64_3OMG_Roots,MS_agar,Arabidopsis_thaliana,F_Path,1,29,F64,3OMG,Roots,3.445,1,Pathogens
892,MS_agar_Arabidopsis_thaliana_F_Path_1_30_F64_3OMG_Roots,MS_agar,Arabidopsis_thaliana,F_Path,1,30,F64,3OMG,Roots,3.518,1,Pathogens
893,MS_agar_Arabidopsis_thaliana_F_Path_1_31_F64_3OMG_Roots,MS_agar,Arabidopsis_thaliana,F_Path,1,31,F64,3OMG,Roots,2.349,1,Pathogens
894,MS_agar_Arabidopsis_thaliana_F_Path_1_32_F64_3OMG_Roots,MS_agar,Arabidopsis_thaliana,F_Path,1,32,F64,3OMG,Roots,3.528,1,Pathogens
895,MS_agar_Arabidopsis_thaliana_F_Path_1_33_F64_3OMG_Roots,MS_agar,Arabidopsis_thaliana,F_Path,1,33,F64,3OMG,Roots,2.922,1,Pathogens
896,MS_agar_Arabidopsis_thaliana_F_Path_1_1_F96_Water_Roots,MS_agar,Arabidopsis_thaliana,F_Path,1,1,F96,Water,Roots,4.872,1,Pathogens
897,MS_agar_Arabidopsis_thaliana_F_Path_1_2_F96_Water_Roots,MS_agar,Arabidopsis_thaliana,F_Path,1,2,F96,Water,Roots,1.792,1,Pathogens
898,MS_agar_Arabidopsis_thaliana_F_Path_1_3_F96_Water_Roots,MS_agar,Arabidopsis_thaliana,F_Path,1,3,F96,Water,Roots,3.279,1,Pathogens
899,MS_agar_Arabidopsis_thaliana_F_Path_1_4_F96_Water_Roots,MS_agar,Arabidopsis_thaliana,F_Path,1,4,F96,Water,Roots,3.602,1,Pathogens
900,MS_agar_Arabidopsis_thaliana_F_Path_1_5_F96_Water_Roots,MS_agar,Arabidopsis_thaliana,F_Path,1,5,F96,Water,Roots,2.372,1,Pathogens
901,MS_agar_Arabidopsis_thaliana_F_Path_1_6_F96_Water_Roots,MS_agar,Arabidopsis_thaliana,F_Path,1,6,F96,Water,Roots,5.895,1,Pathogens
902,MS_agar_Arabidopsis_thaliana_F_Path_1_7_F96_Water_Roots,MS_agar,Arabidopsis_thaliana,F_Path,1,7,F96,Water,Roots,4.326,1,Pathogens
903,MS_agar_Arabidopsis_thaliana_F_Path_1_8_F96_Water_Roots,MS_agar,Arabidopsis_thaliana,F_Path,1,8,F96,Water,Roots,3.406,1,Pathogens
904,MS_agar_Arabidopsis_thaliana_F_Path_1_9_F96_Water_Roots,MS_agar,Arabidopsis_thaliana,F_Path,1,9,F96,Water,Roots,2.62,1,Pathogens
905,MS_agar_Arabidopsis_thaliana_F_Path_1_10_F96_Water_Roots,MS_agar,Arabidopsis_thaliana,F_Path,1,10,F96,Water,Roots,2.295,1,Pathogens
906,MS_agar_Arabidopsis_thaliana_F_Path_1_11_F96_Water_Roots,MS_agar,Arabidopsis_thaliana,F_Path,1,11,F96,Water,Roots,1.508,1,Pathogens
907,MS_agar_Arabidopsis_thaliana_F_Path_1_12_F96_Water_Roots,MS_agar,Arabidopsis_thaliana,F_Path,1,12,F96,Water,Roots,1.572,1,Pathogens
908,MS_agar_Arabidopsis_thaliana_F_Path_1_13_F96_Water_Roots,MS_agar,Arabidopsis_thaliana,F_Path,1,13,F96,Water,Roots,1.625,1,Pathogens
909,MS_agar_Arabidopsis_thaliana_F_Path_1_14_F96_Water_Roots,MS_agar,Arabidopsis_thaliana,F_Path,1,14,F96,Water,Roots,3.222,1,Pathogens
910,MS_agar_Arabidopsis_thaliana_F_Path_1_15_F96_Water_Roots,MS_agar,Arabidopsis_thaliana,F_Path,1,15,F96,Water,Roots,1.886,1,Pathogens
911,MS_agar_Arabidopsis_thaliana_F_Path_1_16_F96_Water_Roots,MS_agar,Arabidopsis_thaliana,F_Path,1,16,F96,Water,Roots,2.075,1,Pathogens
912,MS_agar_Arabidopsis_thaliana_F_Path_1_17_F96_Water_Roots,MS_agar,Arabidopsis_thaliana,F_Path,1,17,F96,Water,Roots,3.73,1,Pathogens
913,MS_agar_Arabidopsis_thaliana_F_Path_1_18_F96_Water_Roots,MS_agar,Arabidopsis_thaliana,F_Path,1,18,F96,Water,Roots,1.134,1,Pathogens
914,MS_agar_Arabidopsis_thaliana_F_Path_1_19_F96_Water_Roots,MS_agar,Arabidopsis_thaliana,F_Path,1,19,F96,Water,Roots,1.387,1,Pathogens
915,MS_agar_Arabidopsis_thaliana_F_Path_1_20_F96_Water_Roots,MS_agar,Arabidopsis_thaliana,F_Path,1,20,F96,Water,Roots,1.366,1,Pathogens
916,MS_agar_Arabidopsis_thaliana_F_Path_1_21_F96_Water_Roots,MS_agar,Arabidopsis_thaliana,F_Path,1,21,F96,Water,Roots,1.709,1,Pathogens
917,MS_agar_Arabidopsis_thaliana_F_Path_1_22_F96_Water_Roots,MS_agar,Arabidopsis_thaliana,F_Path,1,22,F96,Water,Roots,1.421,1,Pathogens
918,MS_agar_Arabidopsis_thaliana_F_Path_1_23_F96_Water_Roots,MS_agar,Arabidopsis_thaliana,F_Path,1,23,F96,Water,Roots,2.336,1,Pathogens
919,MS_agar_Arabidopsis_thaliana_F_Path_1_24_F96_Water_Roots,MS_agar,Arabidopsis_thaliana,F_Path,1,24,F96,Water,Roots,2.638,1,Pathogens
920,MS_agar_Arabidopsis_thaliana_F_Path_1_25_F96_Water_Roots,MS_agar,Arabidopsis_thaliana,F_Path,1,25,F96,Water,Roots,1.168,1,Pathogens
921,MS_agar_Arabidopsis_thaliana_F_Path_1_26_F96_Water_Roots,MS_agar,Arabidopsis_thaliana,F_Path,1,26,F96,Water,Roots,1.125,1,Pathogens
922,MS_agar_Arabidopsis_thaliana_F_Path_1_27_F96_Water_Roots,MS_agar,Arabidopsis_thaliana,F_Path,1,27,F96,Water,Roots,1.905,1,Pathogens
923,MS_agar_Arabidopsis_thaliana_F_Path_1_28_F96_Water_Roots,MS_agar,Arabidopsis_thaliana,F_Path,1,28,F96,Water,Roots,1.92,1,Pathogens
924,MS_agar_Arabidopsis_thaliana_F_Path_1_29_F96_Water_Roots,MS_agar,Arabidopsis_thaliana,F_Path,1,29,F96,Water,Roots,2.076,1,Pathogens
925,MS_agar_Arabidopsis_thaliana_F_Path_1_30_F96_Water_Roots,MS_agar,Arabidopsis_thaliana,F_Path,1,30,F96,Water,Roots,2.17,1,Pathogens
926,MS_agar_Arabidopsis_thaliana_F_Path_1_31_F96_Water_Roots,MS_agar,Arabidopsis_thaliana,F_Path,1,31,F96,Water,Roots,1.067,1,Pathogens
927,MS_agar_Arabidopsis_thaliana_F_Path_1_32_F96_Water_Roots,MS_agar,Arabidopsis_thaliana,F_Path,1,32,F96,Water,Roots,1.187,1,Pathogens
928,MS_agar_Arabidopsis_thaliana_F_Path_1_33_F96_Water_Roots,MS_agar,Arabidopsis_thaliana,F_Path,1,33,F96,Water,Roots,2.955,1,Pathogens
929,MS_agar_Arabidopsis_thaliana_F_Path_1_34_F96_Water_Roots,MS_agar,Arabidopsis_thaliana,F_Path,1,34,F96,Water,Roots,1.197,1,Pathogens
930,MS_agar_Arabidopsis_thaliana_F_Path_1_35_F96_Water_Roots,MS_agar,Arabidopsis_thaliana,F_Path,1,35,F96,Water,Roots,2.596,1,Pathogens
931,MS_agar_Arabidopsis_thaliana_F_Path_1_36_F96_Water_Roots,MS_agar,Arabidopsis_thaliana,F_Path,1,36,F96,Water,Roots,1.916,1,Pathogens
932,MS_agar_Arabidopsis_thaliana_F_Path_1_37_F96_Water_Roots,MS_agar,Arabidopsis_thaliana,F_Path,1,37,F96,Water,Roots,1.46,1,Pathogens
933,MS_agar_Arabidopsis_thaliana_F_Path_1_38_F96_Water_Roots,MS_agar,Arabidopsis_thaliana,F_Path,1,38,F96,Water,Roots,4.75,1,Pathogens
934,MS_agar_Arabidopsis_thaliana_F_Path_1_39_F96_Water_Roots,MS_agar,Arabidopsis_thaliana,F_Path,1,39,F96,Water,Roots,1.241,1,Pathogens
935,MS_agar_Arabidopsis_thaliana_F_Path_1_40_F96_Water_Roots,MS_agar,Arabidopsis_thaliana,F_Path,1,40,F96,Water,Roots,1.072,1,Pathogens
936,MS_agar_Arabidopsis_thaliana_F_Path_1_41_F96_Water_Roots,MS_agar,Arabidopsis_thaliana,F_Path,1,41,F96,Water,Roots,3.674,1,Pathogens
937,MS_agar_Arabidopsis_thaliana_F_Path_1_42_F96_Water_Roots,MS_agar,Arabidopsis_thaliana,F_Path,1,42,F96,Water,Roots,3.502,1,Pathogens
938,MS_agar_Arabidopsis_thaliana_F_Path_1_43_F96_Water_Roots,MS_agar,Arabidopsis_thaliana,F_Path,1,43,F96,Water,Roots,3.39,1,Pathogens
939,MS_agar_Arabidopsis_thaliana_F_Path_1_44_F96_Water_Roots,MS_agar,Arabidopsis_thaliana,F_Path,1,44,F96,Water,Roots,3.694,1,Pathogens
940,MS_agar_Arabidopsis_thaliana_F_Path_1_45_F96_Water_Roots,MS_agar,Arabidopsis_thaliana,F_Path,1,45,F96,Water,Roots,2.877,1,Pathogens
941,MS_agar_Arabidopsis_thaliana_F_Path_1_46_F96_Water_Roots,MS_agar,Arabidopsis_thaliana,F_Path,1,46,F96,Water,Roots,1.795,1,Pathogens
942,MS_agar_Arabidopsis_thaliana_F_Path_1_1_F96_3OMG_Roots,MS_agar,Arabidopsis_thaliana,F_Path,1,1,F96,3OMG,Roots,4.106,1,Pathogens
943,MS_agar_Arabidopsis_thaliana_F_Path_1_2_F96_3OMG_Roots,MS_agar,Arabidopsis_thaliana,F_Path,1,2,F96,3OMG,Roots,4.437,1,Pathogens
944,MS_agar_Arabidopsis_thaliana_F_Path_1_3_F96_3OMG_Roots,MS_agar,Arabidopsis_thaliana,F_Path,1,3,F96,3OMG,Roots,2.441,1,Pathogens
945,MS_agar_Arabidopsis_thaliana_F_Path_1_4_F96_3OMG_Roots,MS_agar,Arabidopsis_thaliana,F_Path,1,4,F96,3OMG,Roots,2.933,1,Pathogens
946,MS_agar_Arabidopsis_thaliana_F_Path_1_5_F96_3OMG_Roots,MS_agar,Arabidopsis_thaliana,F_Path,1,5,F96,3OMG,Roots,2.983,1,Pathogens
947,MS_agar_Arabidopsis_thaliana_F_Path_1_6_F96_3OMG_Roots,MS_agar,Arabidopsis_thaliana,F_Path,1,6,F96,3OMG,Roots,3.282,1,Pathogens
948,MS_agar_Arabidopsis_thaliana_F_Path_1_7_F96_3OMG_Roots,MS_agar,Arabidopsis_thaliana,F_Path,1,7,F96,3OMG,Roots,3.251,1,Pathogens
949,MS_agar_Arabidopsis_thaliana_F_Path_1_8_F96_3OMG_Roots,MS_agar,Arabidopsis_thaliana,F_Path,1,8,F96,3OMG,Roots,2.93,1,Pathogens
950,MS_agar_Arabidopsis_thaliana_F_Path_1_9_F96_3OMG_Roots,MS_agar,Arabidopsis_thaliana,F_Path,1,9,F96,3OMG,Roots,2.824,1,Pathogens
951,MS_agar_Arabidopsis_thaliana_F_Path_1_10_F96_3OMG_Roots,MS_agar,Arabidopsis_thaliana,F_Path,1,10,F96,3OMG,Roots,1.472,1,Pathogens
952,MS_agar_Arabidopsis_thaliana_F_Path_1_11_F96_3OMG_Roots,MS_agar,Arabidopsis_thaliana,F_Path,1,11,F96,3OMG,Roots,3.227,1,Pathogens
953,MS_agar_Arabidopsis_thaliana_F_Path_1_12_F96_3OMG_Roots,MS_agar,Arabidopsis_thaliana,F_Path,1,12,F96,3OMG,Roots,4.225,1,Pathogens
954,MS_agar_Arabidopsis_thaliana_F_Path_1_13_F96_3OMG_Roots,MS_agar,Arabidopsis_thaliana,F_Path,1,13,F96,3OMG,Roots,3.375,1,Pathogens
955,MS_agar_Arabidopsis_thaliana_F_Path_1_14_F96_3OMG_Roots,MS_agar,Arabidopsis_thaliana,F_Path,1,14,F96,3OMG,Roots,2.395,1,Pathogens
956,MS_agar_Arabidopsis_thaliana_F_Path_1_15_F96_3OMG_Roots,MS_agar,Arabidopsis_thaliana,F_Path,1,15,F96,3OMG,Roots,2.52,1,Pathogens
957,MS_agar_Arabidopsis_thaliana_F_Path_1_16_F96_3OMG_Roots,MS_agar,Arabidopsis_thaliana,F_Path,1,16,F96,3OMG,Roots,1.814,1,Pathogens
958,MS_agar_Arabidopsis_thaliana_F_Path_1_17_F96_3OMG_Roots,MS_agar,Arabidopsis_thaliana,F_Path,1,17,F96,3OMG,Roots,1.603,1,Pathogens
959,MS_agar_Arabidopsis_thaliana_F_Path_1_18_F96_3OMG_Roots,MS_agar,Arabidopsis_thaliana,F_Path,1,18,F96,3OMG,Roots,3.189,1,Pathogens
960,MS_agar_Arabidopsis_thaliana_F_Path_1_19_F96_3OMG_Roots,MS_agar,Arabidopsis_thaliana,F_Path,1,19,F96,3OMG,Roots,3.761,1,Pathogens
961,MS_agar_Arabidopsis_thaliana_F_Path_1_20_F96_3OMG_Roots,MS_agar,Arabidopsis_thaliana,F_Path,1,20,F96,3OMG,Roots,2.987,1,Pathogens
962,MS_agar_Arabidopsis_thaliana_F_Path_1_21_F96_3OMG_Roots,MS_agar,Arabidopsis_thaliana,F_Path,1,21,F96,3OMG,Roots,3.29,1,Pathogens
963,MS_agar_Arabidopsis_thaliana_F_Path_1_22_F96_3OMG_Roots,MS_agar,Arabidopsis_thaliana,F_Path,1,22,F96,3OMG,Roots,3.363,1,Pathogens
964,MS_agar_Arabidopsis_thaliana_F_Path_1_23_F96_3OMG_Roots,MS_agar,Arabidopsis_thaliana,F_Path,1,23,F96,3OMG,Roots,3.211,1,Pathogens
965,MS_agar_Arabidopsis_thaliana_F_Path_1_24_F96_3OMG_Roots,MS_agar,Arabidopsis_thaliana,F_Path,1,24,F96,3OMG,Roots,1.43,1,Pathogens
966,MS_agar_Arabidopsis_thaliana_F_Path_1_25_F96_3OMG_Roots,MS_agar,Arabidopsis_thaliana,F_Path,1,25,F96,3OMG,Roots,1.77,1,Pathogens
967,MS_agar_Arabidopsis_thaliana_F_Path_1_26_F96_3OMG_Roots,MS_agar,Arabidopsis_thaliana,F_Path,1,26,F96,3OMG,Roots,1.735,1,Pathogens
968,MS_agar_Arabidopsis_thaliana_F_Path_1_27_F96_3OMG_Roots,MS_agar,Arabidopsis_thaliana,F_Path,1,27,F96,3OMG,Roots,2.793,1,Pathogens
969,MS_agar_Arabidopsis_thaliana_F_Path_1_28_F96_3OMG_Roots,MS_agar,Arabidopsis_thaliana,F_Path,1,28,F96,3OMG,Roots,2.124,1,Pathogens
970,MS_agar_Arabidopsis_thaliana_F_Path_1_29_F96_3OMG_Roots,MS_agar,Arabidopsis_thaliana,F_Path,1,29,F96,3OMG,Roots,2.32,1,Pathogens
971,MS_agar_Arabidopsis_thaliana_F_Path_1_30_F96_3OMG_Roots,MS_agar,Arabidopsis_thaliana,F_Path,1,30,F96,3OMG,Roots,2.796,1,Pathogens
972,MS_agar_Arabidopsis_thaliana_F_Path_1_31_F96_3OMG_Roots,MS_agar,Arabidopsis_thaliana,F_Path,1,31,F96,3OMG,Roots,3.218,1,Pathogens
973,MS_agar_Arabidopsis_thaliana_F_Path_1_32_F96_3OMG_Roots,MS_agar,Arabidopsis_thaliana,F_Path,1,32,F96,3OMG,Roots,2.954,1,Pathogens
974,MS_agar_Arabidopsis_thaliana_F_Path_1_33_F96_3OMG_Roots,MS_agar,Arabidopsis_thaliana,F_Path,1,33,F96,3OMG,Roots,2.659,1,Pathogens
975,MS_agar_Arabidopsis_thaliana_F_Path_1_34_F96_3OMG_Roots,MS_agar,Arabidopsis_thaliana,F_Path,1,34,F96,3OMG,Roots,2.445,1,Pathogens
976,MS_agar_Arabidopsis_thaliana_F_Path_1_35_F96_3OMG_Roots,MS_agar,Arabidopsis_thaliana,F_Path,1,35,F96,3OMG,Roots,2.855,1,Pathogens
977,MS_agar_Arabidopsis_thaliana_F_Path_1_36_F96_3OMG_Roots,MS_agar,Arabidopsis_thaliana,F_Path,1,36,F96,3OMG,Roots,2.288,1,Pathogens
978,MS_agar_Arabidopsis_thaliana_F_Path_1_37_F96_3OMG_Roots,MS_agar,Arabidopsis_thaliana,F_Path,1,37,F96,3OMG,Roots,1.752,1,Pathogens
979,MS_agar_Arabidopsis_thaliana_F_Path_1_38_F96_3OMG_Roots,MS_agar,Arabidopsis_thaliana,F_Path,1,38,F96,3OMG,Roots,1.626,1,Pathogens
980,MS_agar_Arabidopsis_thaliana_F_Path_1_39_F96_3OMG_Roots,MS_agar,Arabidopsis_thaliana,F_Path,1,39,F96,3OMG,Roots,1.756,1,Pathogens
981,MS_agar_Arabidopsis_thaliana_F_Path_1_40_F96_3OMG_Roots,MS_agar,Arabidopsis_thaliana,F_Path,1,40,F96,3OMG,Roots,3.615,1,Pathogens
982,MS_agar_Arabidopsis_thaliana_F_Path_1_41_F96_3OMG_Roots,MS_agar,Arabidopsis_thaliana,F_Path,1,41,F96,3OMG,Roots,1.946,1,Pathogens
983,MS_agar_Arabidopsis_thaliana_F_Path_1_42_F96_3OMG_Roots,MS_agar,Arabidopsis_thaliana,F_Path,1,42,F96,3OMG,Roots,1.363,1,Pathogens
984,MS_agar_Arabidopsis_thaliana_F_Path_1_43_F96_3OMG_Roots,MS_agar,Arabidopsis_thaliana,F_Path,1,43,F96,3OMG,Roots,2.806,1,Pathogens
985,MS_agar_Arabidopsis_thaliana_F_Path_1_44_F96_3OMG_Roots,MS_agar,Arabidopsis_thaliana,F_Path,1,44,F96,3OMG,Roots,3.999,1,Pathogens
986,MS_agar_Arabidopsis_thaliana_F_Path_1_45_F96_3OMG_Roots,MS_agar,Arabidopsis_thaliana,F_Path,1,45,F96,3OMG,Roots,3.242,1,Pathogens
987,MS_agar_Arabidopsis_thaliana_F_Path_1_46_F96_3OMG_Roots,MS_agar,Arabidopsis_thaliana,F_Path,1,46,F96,3OMG,Roots,1.606,1,Pathogens
988,MS_agar_Arabidopsis_thaliana_F_Path_1_47_F96_3OMG_Roots,MS_agar,Arabidopsis_thaliana,F_Path,1,47,F96,3OMG,Roots,3.003,1,Pathogens
989,MS_agar_Arabidopsis_thaliana_F_Path_1_48_F96_3OMG_Roots,MS_agar,Arabidopsis_thaliana,F_Path,1,48,F96,3OMG,Roots,0.953,1,Pathogens
990,MS_agar_Arabidopsis_thaliana_F_Path_1_49_F96_3OMG_Roots,MS_agar,Arabidopsis_thaliana,F_Path,1,49,F96,3OMG,Roots,2.89,1,Pathogens
991,MS_agar_Arabidopsis_thaliana_F_Path_1_50_F96_3OMG_Roots,MS_agar,Arabidopsis_thaliana,F_Path,1,50,F96,3OMG,Roots,3.549,1,Pathogens
992,MS_agar_Arabidopsis_thaliana_F_Path_1_51_F96_3OMG_Roots,MS_agar,Arabidopsis_thaliana,F_Path,1,51,F96,3OMG,Roots,2.555,1,Pathogens
993,MS_agar_Arabidopsis_thaliana_F_Path_1_52_F96_3OMG_Roots,MS_agar,Arabidopsis_thaliana,F_Path,1,52,F96,3OMG,Roots,3.112,1,Pathogens
994,MS_agar_Arabidopsis_thaliana_F_Path_1_53_F96_3OMG_Roots,MS_agar,Arabidopsis_thaliana,F_Path,1,53,F96,3OMG,Roots,1.898,1,Pathogens
995,MS_agar_Arabidopsis_thaliana_F_Path_1_54_F96_3OMG_Roots,MS_agar,Arabidopsis_thaliana,F_Path,1,54,F96,3OMG,Roots,3.983,1,Pathogens
996,MS_agar_Arabidopsis_thaliana_F_Path_1_55_F96_3OMG_Roots,MS_agar,Arabidopsis_thaliana,F_Path,1,55,F96,3OMG,Roots,3.339,1,Pathogens
997,MS_agar_Arabidopsis_thaliana_F_Path_1_1_F100_Water_Roots,MS_agar,Arabidopsis_thaliana,F_Path,1,1,F100,Water,Roots,5.045,1,Pathogens
998,MS_agar_Arabidopsis_thaliana_F_Path_1_2_F100_Water_Roots,MS_agar,Arabidopsis_thaliana,F_Path,1,2,F100,Water,Roots,3.272,1,Pathogens
999,MS_agar_Arabidopsis_thaliana_F_Path_1_3_F100_Water_Roots,MS_agar,Arabidopsis_thaliana,F_Path,1,3,F100,Water,Roots,4.188,1,Pathogens
1000,MS_agar_Arabidopsis_thaliana_F_Path_1_4_F100_Water_Roots,MS_agar,Arabidopsis_thaliana,F_Path,1,4,F100,Water,Roots,2.78,1,Pathogens
1001,MS_agar_Arabidopsis_thaliana_F_Path_1_5_F100_Water_Roots,MS_agar,Arabidopsis_thaliana,F_Path,1,5,F100,Water,Roots,5.947,1,Pathogens
1002,MS_agar_Arabidopsis_thaliana_F_Path_1_6_F100_Water_Roots,MS_agar,Arabidopsis_thaliana,F_Path,1,6,F100,Water,Roots,5.199,1,Pathogens
1003,MS_agar_Arabidopsis_thaliana_F_Path_1_7_F100_Water_Roots,MS_agar,Arabidopsis_thaliana,F_Path,1,7,F100,Water,Roots,3.284,1,Pathogens
1004,MS_agar_Arabidopsis_thaliana_F_Path_1_8_F100_Water_Roots,MS_agar,Arabidopsis_thaliana,F_Path,1,8,F100,Water,Roots,3.515,1,Pathogens
1005,MS_agar_Arabidopsis_thaliana_F_Path_1_9_F100_Water_Roots,MS_agar,Arabidopsis_thaliana,F_Path,1,9,F100,Water,Roots,4.955,1,Pathogens
1006,MS_agar_Arabidopsis_thaliana_F_Path_1_10_F100_Water_Roots,MS_agar,Arabidopsis_thaliana,F_Path,1,10,F100,Water,Roots,5.624,1,Pathogens
1007,MS_agar_Arabidopsis_thaliana_F_Path_1_11_F100_Water_Roots,MS_agar,Arabidopsis_thaliana,F_Path,1,11,F100,Water,Roots,7.791,1,Pathogens
1008,MS_agar_Arabidopsis_thaliana_F_Path_1_12_F100_Water_Roots,MS_agar,Arabidopsis_thaliana,F_Path,1,12,F100,Water,Roots,2.56,1,Pathogens
1009,MS_agar_Arabidopsis_thaliana_F_Path_1_13_F100_Water_Roots,MS_agar,Arabidopsis_thaliana,F_Path,1,13,F100,Water,Roots,2.375,1,Pathogens
1010,MS_agar_Arabidopsis_thaliana_F_Path_1_14_F100_Water_Roots,MS_agar,Arabidopsis_thaliana,F_Path,1,14,F100,Water,Roots,2.463,1,Pathogens
1011,MS_agar_Arabidopsis_thaliana_F_Path_1_15_F100_Water_Roots,MS_agar,Arabidopsis_thaliana,F_Path,1,15,F100,Water,Roots,2.662,1,Pathogens
1012,MS_agar_Arabidopsis_thaliana_F_Path_1_16_F100_Water_Roots,MS_agar,Arabidopsis_thaliana,F_Path,1,16,F100,Water,Roots,2.614,1,Pathogens
1013,MS_agar_Arabidopsis_thaliana_F_Path_1_17_F100_Water_Roots,MS_agar,Arabidopsis_thaliana,F_Path,1,17,F100,Water,Roots,5.17,1,Pathogens
1014,MS_agar_Arabidopsis_thaliana_F_Path_1_18_F100_Water_Roots,MS_agar,Arabidopsis_thaliana,F_Path,1,18,F100,Water,Roots,5.798,1,Pathogens
1015,MS_agar_Arabidopsis_thaliana_F_Path_1_19_F100_Water_Roots,MS_agar,Arabidopsis_thaliana,F_Path,1,19,F100,Water,Roots,1.737,1,Pathogens
1016,MS_agar_Arabidopsis_thaliana_F_Path_1_20_F100_Water_Roots,MS_agar,Arabidopsis_thaliana,F_Path,1,20,F100,Water,Roots,4.586,1,Pathogens
1017,MS_agar_Arabidopsis_thaliana_F_Path_1_21_F100_Water_Roots,MS_agar,Arabidopsis_thaliana,F_Path,1,21,F100,Water,Roots,3.87,1,Pathogens
1018,MS_agar_Arabidopsis_thaliana_F_Path_1_22_F100_Water_Roots,MS_agar,Arabidopsis_thaliana,F_Path,1,22,F100,Water,Roots,3.963,1,Pathogens
1019,MS_agar_Arabidopsis_thaliana_F_Path_1_23_F100_Water_Roots,MS_agar,Arabidopsis_thaliana,F_Path,1,23,F100,Water,Roots,7.644,1,Pathogens
1020,MS_agar_Arabidopsis_thaliana_F_Path_1_24_F100_Water_Roots,MS_agar,Arabidopsis_thaliana,F_Path,1,24,F100,Water,Roots,5.653,1,Pathogens
1021,MS_agar_Arabidopsis_thaliana_F_Path_1_25_F100_Water_Roots,MS_agar,Arabidopsis_thaliana,F_Path,1,25,F100,Water,Roots,4.528,1,Pathogens
1022,MS_agar_Arabidopsis_thaliana_F_Path_1_26_F100_Water_Roots,MS_agar,Arabidopsis_thaliana,F_Path,1,26,F100,Water,Roots,5.206,1,Pathogens
1023,MS_agar_Arabidopsis_thaliana_F_Path_1_27_F100_Water_Roots,MS_agar,Arabidopsis_thaliana,F_Path,1,27,F100,Water,Roots,3.701,1,Pathogens
1024,MS_agar_Arabidopsis_thaliana_F_Path_1_28_F100_Water_Roots,MS_agar,Arabidopsis_thaliana,F_Path,1,28,F100,Water,Roots,6.296,1,Pathogens
1025,MS_agar_Arabidopsis_thaliana_F_Path_1_29_F100_Water_Roots,MS_agar,Arabidopsis_thaliana,F_Path,1,29,F100,Water,Roots,6.429,1,Pathogens
1026,MS_agar_Arabidopsis_thaliana_F_Path_1_30_F100_Water_Roots,MS_agar,Arabidopsis_thaliana,F_Path,1,30,F100,Water,Roots,2.949,1,Pathogens
1027,MS_agar_Arabidopsis_thaliana_F_Path_1_31_F100_Water_Roots,MS_agar,Arabidopsis_thaliana,F_Path,1,31,F100,Water,Roots,3.335,1,Pathogens
1028,MS_agar_Arabidopsis_thaliana_F_Path_1_32_F100_Water_Roots,MS_agar,Arabidopsis_thaliana,F_Path,1,32,F100,Water,Roots,2.545,1,Pathogens
1029,MS_agar_Arabidopsis_thaliana_F_Path_1_33_F100_Water_Roots,MS_agar,Arabidopsis_thaliana,F_Path,1,33,F100,Water,Roots,2.78,1,Pathogens
1030,MS_agar_Arabidopsis_thaliana_F_Path_1_34_F100_Water_Roots,MS_agar,Arabidopsis_thaliana,F_Path,1,34,F100,Water,Roots,4.546,1,Pathogens
1031,MS_agar_Arabidopsis_thaliana_F_Path_1_35_F100_Water_Roots,MS_agar,Arabidopsis_thaliana,F_Path,1,35,F100,Water,Roots,6.004,1,Pathogens
1032,MS_agar_Arabidopsis_thaliana_F_Path_1_36_F100_Water_Roots,MS_agar,Arabidopsis_thaliana,F_Path,1,36,F100,Water,Roots,4.734,1,Pathogens
1033,MS_agar_Arabidopsis_thaliana_F_Path_1_37_F100_Water_Roots,MS_agar,Arabidopsis_thaliana,F_Path,1,37,F100,Water,Roots,4.161,1,Pathogens
1034,MS_agar_Arabidopsis_thaliana_F_Path_1_38_F100_Water_Roots,MS_agar,Arabidopsis_thaliana,F_Path,1,38,F100,Water,Roots,4.581,1,Pathogens
1035,MS_agar_Arabidopsis_thaliana_F_Path_1_39_F100_Water_Roots,MS_agar,Arabidopsis_thaliana,F_Path,1,39,F100,Water,Roots,5.915,1,Pathogens
1036,MS_agar_Arabidopsis_thaliana_F_Path_1_40_F100_Water_Roots,MS_agar,Arabidopsis_thaliana,F_Path,1,40,F100,Water,Roots,3.667,1,Pathogens
1037,MS_agar_Arabidopsis_thaliana_F_Path_1_41_F100_Water_Roots,MS_agar,Arabidopsis_thaliana,F_Path,1,41,F100,Water,Roots,4.616,1,Pathogens
1038,MS_agar_Arabidopsis_thaliana_F_Path_1_42_F100_Water_Roots,MS_agar,Arabidopsis_thaliana,F_Path,1,42,F100,Water,Roots,4.167,1,Pathogens
1039,MS_agar_Arabidopsis_thaliana_F_Path_1_43_F100_Water_Roots,MS_agar,Arabidopsis_thaliana,F_Path,1,43,F100,Water,Roots,4.891,1,Pathogens
1040,MS_agar_Arabidopsis_thaliana_F_Path_1_44_F100_Water_Roots,MS_agar,Arabidopsis_thaliana,F_Path,1,44,F100,Water,Roots,5.547,1,Pathogens
1041,MS_agar_Arabidopsis_thaliana_F_Path_1_45_F100_Water_Roots,MS_agar,Arabidopsis_thaliana,F_Path,1,45,F100,Water,Roots,4.649,1,Pathogens
1042,MS_agar_Arabidopsis_thaliana_F_Path_1_46_F100_Water_Roots,MS_agar,Arabidopsis_thaliana,F_Path,1,46,F100,Water,Roots,3.188,1,Pathogens
1043,MS_agar_Arabidopsis_thaliana_F_Path_1_47_F100_Water_Roots,MS_agar,Arabidopsis_thaliana,F_Path,1,47,F100,Water,Roots,5.183,1,Pathogens
1044,MS_agar_Arabidopsis_thaliana_F_Path_1_48_F100_Water_Roots,MS_agar,Arabidopsis_thaliana,F_Path,1,48,F100,Water,Roots,5.065,1,Pathogens
1045,MS_agar_Arabidopsis_thaliana_F_Path_1_49_F100_Water_Roots,MS_agar,Arabidopsis_thaliana,F_Path,1,49,F100,Water,Roots,5.754,1,Pathogens
1046,MS_agar_Arabidopsis_thaliana_F_Path_1_50_F100_Water_Roots,MS_agar,Arabidopsis_thaliana,F_Path,1,50,F100,Water,Roots,4.324,1,Pathogens
1047,MS_agar_Arabidopsis_thaliana_F_Path_1_51_F100_Water_Roots,MS_agar,Arabidopsis_thaliana,F_Path,1,51,F100,Water,Roots,2.981,1,Pathogens
1048,MS_agar_Arabidopsis_thaliana_F_Path_1_1_F100_3OMG_Roots,MS_agar,Arabidopsis_thaliana,F_Path,1,1,F100,3OMG,Roots,8.652,1,Pathogens
1049,MS_agar_Arabidopsis_thaliana_F_Path_1_2_F100_3OMG_Roots,MS_agar,Arabidopsis_thaliana,F_Path,1,2,F100,3OMG,Roots,2.574,1,Pathogens
1050,MS_agar_Arabidopsis_thaliana_F_Path_1_3_F100_3OMG_Roots,MS_agar,Arabidopsis_thaliana,F_Path,1,3,F100,3OMG,Roots,5.566,1,Pathogens
1051,MS_agar_Arabidopsis_thaliana_F_Path_1_4_F100_3OMG_Roots,MS_agar,Arabidopsis_thaliana,F_Path,1,4,F100,3OMG,Roots,3.955,1,Pathogens
1052,MS_agar_Arabidopsis_thaliana_F_Path_1_5_F100_3OMG_Roots,MS_agar,Arabidopsis_thaliana,F_Path,1,5,F100,3OMG,Roots,6.093,1,Pathogens
1053,MS_agar_Arabidopsis_thaliana_F_Path_1_6_F100_3OMG_Roots,MS_agar,Arabidopsis_thaliana,F_Path,1,6,F100,3OMG,Roots,6.362,1,Pathogens
1054,MS_agar_Arabidopsis_thaliana_F_Path_1_7_F100_3OMG_Roots,MS_agar,Arabidopsis_thaliana,F_Path,1,7,F100,3OMG,Roots,5.937,1,Pathogens
1055,MS_agar_Arabidopsis_thaliana_F_Path_1_8_F100_3OMG_Roots,MS_agar,Arabidopsis_thaliana,F_Path,1,8,F100,3OMG,Roots,7.012,1,Pathogens
1056,MS_agar_Arabidopsis_thaliana_F_Path_1_9_F100_3OMG_Roots,MS_agar,Arabidopsis_thaliana,F_Path,1,9,F100,3OMG,Roots,6.254,1,Pathogens
1057,MS_agar_Arabidopsis_thaliana_F_Path_1_10_F100_3OMG_Roots,MS_agar,Arabidopsis_thaliana,F_Path,1,10,F100,3OMG,Roots,4.02,1,Pathogens
1058,MS_agar_Arabidopsis_thaliana_F_Path_1_11_F100_3OMG_Roots,MS_agar,Arabidopsis_thaliana,F_Path,1,11,F100,3OMG,Roots,7.741,1,Pathogens
1059,MS_agar_Arabidopsis_thaliana_F_Path_1_12_F100_3OMG_Roots,MS_agar,Arabidopsis_thaliana,F_Path,1,12,F100,3OMG,Roots,2.389,1,Pathogens
1060,MS_agar_Arabidopsis_thaliana_F_Path_1_13_F100_3OMG_Roots,MS_agar,Arabidopsis_thaliana,F_Path,1,13,F100,3OMG,Roots,6.728,1,Pathogens
1061,MS_agar_Arabidopsis_thaliana_F_Path_1_14_F100_3OMG_Roots,MS_agar,Arabidopsis_thaliana,F_Path,1,14,F100,3OMG,Roots,3.494,1,Pathogens
1062,MS_agar_Arabidopsis_thaliana_F_Path_1_15_F100_3OMG_Roots,MS_agar,Arabidopsis_thaliana,F_Path,1,15,F100,3OMG,Roots,3.727,1,Pathogens
1063,MS_agar_Arabidopsis_thaliana_F_Path_1_16_F100_3OMG_Roots,MS_agar,Arabidopsis_thaliana,F_Path,1,16,F100,3OMG,Roots,3.944,1,Pathogens
1064,MS_agar_Arabidopsis_thaliana_F_Path_1_17_F100_3OMG_Roots,MS_agar,Arabidopsis_thaliana,F_Path,1,17,F100,3OMG,Roots,5.497,1,Pathogens
1065,MS_agar_Arabidopsis_thaliana_F_Path_1_18_F100_3OMG_Roots,MS_agar,Arabidopsis_thaliana,F_Path,1,18,F100,3OMG,Roots,8.784,1,Pathogens
1066,MS_agar_Arabidopsis_thaliana_F_Path_1_19_F100_3OMG_Roots,MS_agar,Arabidopsis_thaliana,F_Path,1,19,F100,3OMG,Roots,8.73,1,Pathogens
1067,MS_agar_Arabidopsis_thaliana_F_Path_1_20_F100_3OMG_Roots,MS_agar,Arabidopsis_thaliana,F_Path,1,20,F100,3OMG,Roots,6.104,1,Pathogens
1068,MS_agar_Arabidopsis_thaliana_F_Path_1_21_F100_3OMG_Roots,MS_agar,Arabidopsis_thaliana,F_Path,1,21,F100,3OMG,Roots,4.752,1,Pathogens
1069,MS_agar_Arabidopsis_thaliana_F_Path_1_22_F100_3OMG_Roots,MS_agar,Arabidopsis_thaliana,F_Path,1,22,F100,3OMG,Roots,7.258,1,Pathogens
1070,MS_agar_Arabidopsis_thaliana_F_Path_1_23_F100_3OMG_Roots,MS_agar,Arabidopsis_thaliana,F_Path,1,23,F100,3OMG,Roots,4.184,1,Pathogens
1071,MS_agar_Arabidopsis_thaliana_F_Path_1_24_F100_3OMG_Roots,MS_agar,Arabidopsis_thaliana,F_Path,1,24,F100,3OMG,Roots,4.975,1,Pathogens
1072,MS_agar_Arabidopsis_thaliana_F_Path_1_25_F100_3OMG_Roots,MS_agar,Arabidopsis_thaliana,F_Path,1,25,F100,3OMG,Roots,6.375,1,Pathogens
1073,MS_agar_Arabidopsis_thaliana_F_Path_1_26_F100_3OMG_Roots,MS_agar,Arabidopsis_thaliana,F_Path,1,26,F100,3OMG,Roots,3.261,1,Pathogens
1074,MS_agar_Arabidopsis_thaliana_F_Path_1_27_F100_3OMG_Roots,MS_agar,Arabidopsis_thaliana,F_Path,1,27,F100,3OMG,Roots,7.353,1,Pathogens
1075,MS_agar_Arabidopsis_thaliana_F_Path_1_28_F100_3OMG_Roots,MS_agar,Arabidopsis_thaliana,F_Path,1,28,F100,3OMG,Roots,2.577,1,Pathogens
1076,MS_agar_Arabidopsis_thaliana_F_Path_1_29_F100_3OMG_Roots,MS_agar,Arabidopsis_thaliana,F_Path,1,29,F100,3OMG,Roots,8.222,1,Pathogens
1077,MS_agar_Arabidopsis_thaliana_F_Path_1_30_F100_3OMG_Roots,MS_agar,Arabidopsis_thaliana,F_Path,1,30,F100,3OMG,Roots,6.588,1,Pathogens
1078,MS_agar_Arabidopsis_thaliana_F_Path_1_31_F100_3OMG_Roots,MS_agar,Arabidopsis_thaliana,F_Path,1,31,F100,3OMG,Roots,6.437,1,Pathogens
1079,MS_agar_Arabidopsis_thaliana_F_Path_1_32_F100_3OMG_Roots,MS_agar,Arabidopsis_thaliana,F_Path,1,32,F100,3OMG,Roots,7.943,1,Pathogens
1080,MS_agar_Arabidopsis_thaliana_F_Path_1_33_F100_3OMG_Roots,MS_agar,Arabidopsis_thaliana,F_Path,1,33,F100,3OMG,Roots,6.061,1,Pathogens
1081,MS_agar_Arabidopsis_thaliana_F_Path_1_34_F100_3OMG_Roots,MS_agar,Arabidopsis_thaliana,F_Path,1,34,F100,3OMG,Roots,5.668,1,Pathogens
1082,MS_agar_Arabidopsis_thaliana_F_Path_1_35_F100_3OMG_Roots,MS_agar,Arabidopsis_thaliana,F_Path,1,35,F100,3OMG,Roots,12.032,1,Pathogens
1083,MS_agar_Arabidopsis_thaliana_F_Path_1_36_F100_3OMG_Roots,MS_agar,Arabidopsis_thaliana,F_Path,1,36,F100,3OMG,Roots,7.087,1,Pathogens
1084,MS_agar_Arabidopsis_thaliana_F_Path_1_37_F100_3OMG_Roots,MS_agar,Arabidopsis_thaliana,F_Path,1,37,F100,3OMG,Roots,7.222,1,Pathogens
1085,MS_agar_Arabidopsis_thaliana_F_Path_1_38_F100_3OMG_Roots,MS_agar,Arabidopsis_thaliana,F_Path,1,38,F100,3OMG,Roots,7.243,1,Pathogens
1086,MS_agar_Arabidopsis_thaliana_F_Path_1_39_F100_3OMG_Roots,MS_agar,Arabidopsis_thaliana,F_Path,1,39,F100,3OMG,Roots,6.703,1,Pathogens
1087,MS_agar_Arabidopsis_thaliana_F_Path_1_40_F100_3OMG_Roots,MS_agar,Arabidopsis_thaliana,F_Path,1,40,F100,3OMG,Roots,8.173,1,Pathogens
1088,MS_agar_Arabidopsis_thaliana_F_Path_1_41_F100_3OMG_Roots,MS_agar,Arabidopsis_thaliana,F_Path,1,41,F100,3OMG,Roots,8.332,1,Pathogens
1089,MS_agar_Arabidopsis_thaliana_F_Path_1_42_F100_3OMG_Roots,MS_agar,Arabidopsis_thaliana,F_Path,1,42,F100,3OMG,Roots,6.133,1,Pathogens
1090,MS_agar_Arabidopsis_thaliana_F_Path_1_43_F100_3OMG_Roots,MS_agar,Arabidopsis_thaliana,F_Path,1,43,F100,3OMG,Roots,6.843,1,Pathogens
1091,MS_agar_Arabidopsis_thaliana_F_Path_1_44_F100_3OMG_Roots,MS_agar,Arabidopsis_thaliana,F_Path,1,44,F100,3OMG,Roots,6.924,1,Pathogens
1092,MS_agar_Arabidopsis_thaliana_F_Path_1_45_F100_3OMG_Roots,MS_agar,Arabidopsis_thaliana,F_Path,1,45,F100,3OMG,Roots,1.556,1,Pathogens
1093,MS_agar_Arabidopsis_thaliana_F_Path_1_46_F100_3OMG_Roots,MS_agar,Arabidopsis_thaliana,F_Path,1,46,F100,3OMG,Roots,3.904,1,Pathogens
1094,MS_agar_Arabidopsis_thaliana_F_Path_1_47_F100_3OMG_Roots,MS_agar,Arabidopsis_thaliana,F_Path,1,47,F100,3OMG,Roots,7.62,1,Pathogens
1095,MS_agar_Arabidopsis_thaliana_F_Path_1_48_F100_3OMG_Roots,MS_agar,Arabidopsis_thaliana,F_Path,1,48,F100,3OMG,Roots,4.65,1,Pathogens
1096,MS_agar_Arabidopsis_thaliana_F_Path_1_49_F100_3OMG_Roots,MS_agar,Arabidopsis_thaliana,F_Path,1,49,F100,3OMG,Roots,5.738,1,Pathogens
1097,MS_agar_Arabidopsis_thaliana_F_Path_1_50_F100_3OMG_Roots,MS_agar,Arabidopsis_thaliana,F_Path,1,50,F100,3OMG,Roots,4.774,1,Pathogens
1098,MS_agar_Arabidopsis_thaliana_F_Path_1_1_F117_Water_Roots,MS_agar,Arabidopsis_thaliana,F_Path,1,1,F117,Water,Roots,2.398,1,Pathogens
1099,MS_agar_Arabidopsis_thaliana_F_Path_1_2_F117_Water_Roots,MS_agar,Arabidopsis_thaliana,F_Path,1,2,F117,Water,Roots,2.861,1,Pathogens
1100,MS_agar_Arabidopsis_thaliana_F_Path_1_3_F117_Water_Roots,MS_agar,Arabidopsis_thaliana,F_Path,1,3,F117,Water,Roots,1.405,1,Pathogens
1101,MS_agar_Arabidopsis_thaliana_F_Path_1_4_F117_Water_Roots,MS_agar,Arabidopsis_thaliana,F_Path,1,4,F117,Water,Roots,1.456,1,Pathogens
1102,MS_agar_Arabidopsis_thaliana_F_Path_1_5_F117_Water_Roots,MS_agar,Arabidopsis_thaliana,F_Path,1,5,F117,Water,Roots,0.969,1,Pathogens
1103,MS_agar_Arabidopsis_thaliana_F_Path_1_6_F117_Water_Roots,MS_agar,Arabidopsis_thaliana,F_Path,1,6,F117,Water,Roots,1.54,1,Pathogens
1104,MS_agar_Arabidopsis_thaliana_F_Path_1_7_F117_Water_Roots,MS_agar,Arabidopsis_thaliana,F_Path,1,7,F117,Water,Roots,0.835,1,Pathogens
1105,MS_agar_Arabidopsis_thaliana_F_Path_1_8_F117_Water_Roots,MS_agar,Arabidopsis_thaliana,F_Path,1,8,F117,Water,Roots,1.157,1,Pathogens
1106,MS_agar_Arabidopsis_thaliana_F_Path_1_9_F117_Water_Roots,MS_agar,Arabidopsis_thaliana,F_Path,1,9,F117,Water,Roots,3.574,1,Pathogens
1107,MS_agar_Arabidopsis_thaliana_F_Path_1_10_F117_Water_Roots,MS_agar,Arabidopsis_thaliana,F_Path,1,10,F117,Water,Roots,1.638,1,Pathogens
1108,MS_agar_Arabidopsis_thaliana_F_Path_1_11_F117_Water_Roots,MS_agar,Arabidopsis_thaliana,F_Path,1,11,F117,Water,Roots,1.658,1,Pathogens
1109,MS_agar_Arabidopsis_thaliana_F_Path_1_12_F117_Water_Roots,MS_agar,Arabidopsis_thaliana,F_Path,1,12,F117,Water,Roots,1.111,1,Pathogens
1110,MS_agar_Arabidopsis_thaliana_F_Path_1_13_F117_Water_Roots,MS_agar,Arabidopsis_thaliana,F_Path,1,13,F117,Water,Roots,0.922,1,Pathogens
1111,MS_agar_Arabidopsis_thaliana_F_Path_1_14_F117_Water_Roots,MS_agar,Arabidopsis_thaliana,F_Path,1,14,F117,Water,Roots,1.861,1,Pathogens
1112,MS_agar_Arabidopsis_thaliana_F_Path_1_15_F117_Water_Roots,MS_agar,Arabidopsis_thaliana,F_Path,1,15,F117,Water,Roots,1.237,1,Pathogens
1113,MS_agar_Arabidopsis_thaliana_F_Path_1_16_F117_Water_Roots,MS_agar,Arabidopsis_thaliana,F_Path,1,16,F117,Water,Roots,2.068,1,Pathogens
1114,MS_agar_Arabidopsis_thaliana_F_Path_1_17_F117_Water_Roots,MS_agar,Arabidopsis_thaliana,F_Path,1,17,F117,Water,Roots,1.171,1,Pathogens
1115,MS_agar_Arabidopsis_thaliana_F_Path_1_18_F117_Water_Roots,MS_agar,Arabidopsis_thaliana,F_Path,1,18,F117,Water,Roots,1.022,1,Pathogens
1116,MS_agar_Arabidopsis_thaliana_F_Path_1_19_F117_Water_Roots,MS_agar,Arabidopsis_thaliana,F_Path,1,19,F117,Water,Roots,0.74,1,Pathogens
1117,MS_agar_Arabidopsis_thaliana_F_Path_1_20_F117_Water_Roots,MS_agar,Arabidopsis_thaliana,F_Path,1,20,F117,Water,Roots,1.314,1,Pathogens
1118,MS_agar_Arabidopsis_thaliana_F_Path_1_21_F117_Water_Roots,MS_agar,Arabidopsis_thaliana,F_Path,1,21,F117,Water,Roots,1.533,1,Pathogens
1119,MS_agar_Arabidopsis_thaliana_F_Path_1_22_F117_Water_Roots,MS_agar,Arabidopsis_thaliana,F_Path,1,22,F117,Water,Roots,4.401,1,Pathogens
1120,MS_agar_Arabidopsis_thaliana_F_Path_1_23_F117_Water_Roots,MS_agar,Arabidopsis_thaliana,F_Path,1,23,F117,Water,Roots,0.778,1,Pathogens
1121,MS_agar_Arabidopsis_thaliana_F_Path_1_24_F117_Water_Roots,MS_agar,Arabidopsis_thaliana,F_Path,1,24,F117,Water,Roots,4.71,1,Pathogens
1122,MS_agar_Arabidopsis_thaliana_F_Path_1_25_F117_Water_Roots,MS_agar,Arabidopsis_thaliana,F_Path,1,25,F117,Water,Roots,1.095,1,Pathogens
1123,MS_agar_Arabidopsis_thaliana_F_Path_1_26_F117_Water_Roots,MS_agar,Arabidopsis_thaliana,F_Path,1,26,F117,Water,Roots,1.084,1,Pathogens
1124,MS_agar_Arabidopsis_thaliana_F_Path_1_27_F117_Water_Roots,MS_agar,Arabidopsis_thaliana,F_Path,1,27,F117,Water,Roots,2.679,1,Pathogens
1125,MS_agar_Arabidopsis_thaliana_F_Path_1_28_F117_Water_Roots,MS_agar,Arabidopsis_thaliana,F_Path,1,28,F117,Water,Roots,1.239,1,Pathogens
1126,MS_agar_Arabidopsis_thaliana_F_Path_1_29_F117_Water_Roots,MS_agar,Arabidopsis_thaliana,F_Path,1,29,F117,Water,Roots,2.589,1,Pathogens
1127,MS_agar_Arabidopsis_thaliana_F_Path_1_30_F117_Water_Roots,MS_agar,Arabidopsis_thaliana,F_Path,1,30,F117,Water,Roots,1.001,1,Pathogens
1128,MS_agar_Arabidopsis_thaliana_F_Path_1_31_F117_Water_Roots,MS_agar,Arabidopsis_thaliana,F_Path,1,31,F117,Water,Roots,1.278,1,Pathogens
1129,MS_agar_Arabidopsis_thaliana_F_Path_1_32_F117_Water_Roots,MS_agar,Arabidopsis_thaliana,F_Path,1,32,F117,Water,Roots,0.659,1,Pathogens
1130,MS_agar_Arabidopsis_thaliana_F_Path_1_33_F117_Water_Roots,MS_agar,Arabidopsis_thaliana,F_Path,1,33,F117,Water,Roots,1.802,1,Pathogens
1131,MS_agar_Arabidopsis_thaliana_F_Path_1_34_F117_Water_Roots,MS_agar,Arabidopsis_thaliana,F_Path,1,34,F117,Water,Roots,2.416,1,Pathogens
1132,MS_agar_Arabidopsis_thaliana_F_Path_1_35_F117_Water_Roots,MS_agar,Arabidopsis_thaliana,F_Path,1,35,F117,Water,Roots,1.855,1,Pathogens
1133,MS_agar_Arabidopsis_thaliana_F_Path_1_36_F117_Water_Roots,MS_agar,Arabidopsis_thaliana,F_Path,1,36,F117,Water,Roots,1.45,1,Pathogens
1134,MS_agar_Arabidopsis_thaliana_F_Path_1_37_F117_Water_Roots,MS_agar,Arabidopsis_thaliana,F_Path,1,37,F117,Water,Roots,1.127,1,Pathogens
1135,MS_agar_Arabidopsis_thaliana_F_Path_1_38_F117_Water_Roots,MS_agar,Arabidopsis_thaliana,F_Path,1,38,F117,Water,Roots,1.971,1,Pathogens
1136,MS_agar_Arabidopsis_thaliana_F_Path_1_39_F117_Water_Roots,MS_agar,Arabidopsis_thaliana,F_Path,1,39,F117,Water,Roots,1.46,1,Pathogens
1137,MS_agar_Arabidopsis_thaliana_F_Path_1_40_F117_Water_Roots,MS_agar,Arabidopsis_thaliana,F_Path,1,40,F117,Water,Roots,2.827,1,Pathogens
1138,MS_agar_Arabidopsis_thaliana_F_Path_1_41_F117_Water_Roots,MS_agar,Arabidopsis_thaliana,F_Path,1,41,F117,Water,Roots,1.92,1,Pathogens
1139,MS_agar_Arabidopsis_thaliana_F_Path_1_42_F117_Water_Roots,MS_agar,Arabidopsis_thaliana,F_Path,1,42,F117,Water,Roots,1.095,1,Pathogens
1140,MS_agar_Arabidopsis_thaliana_F_Path_1_43_F117_Water_Roots,MS_agar,Arabidopsis_thaliana,F_Path,1,43,F117,Water,Roots,1.702,1,Pathogens
1141,MS_agar_Arabidopsis_thaliana_F_Path_1_44_F117_Water_Roots,MS_agar,Arabidopsis_thaliana,F_Path,1,44,F117,Water,Roots,2.118,1,Pathogens
1142,MS_agar_Arabidopsis_thaliana_F_Path_1_45_F117_Water_Roots,MS_agar,Arabidopsis_thaliana,F_Path,1,45,F117,Water,Roots,1.046,1,Pathogens
1143,MS_agar_Arabidopsis_thaliana_F_Path_1_46_F117_Water_Roots,MS_agar,Arabidopsis_thaliana,F_Path,1,46,F117,Water,Roots,1.234,1,Pathogens
1144,MS_agar_Arabidopsis_thaliana_F_Path_1_47_F117_Water_Roots,MS_agar,Arabidopsis_thaliana,F_Path,1,47,F117,Water,Roots,1.022,1,Pathogens
1145,MS_agar_Arabidopsis_thaliana_F_Path_1_48_F117_Water_Roots,MS_agar,Arabidopsis_thaliana,F_Path,1,48,F117,Water,Roots,1.371,1,Pathogens
1146,MS_agar_Arabidopsis_thaliana_F_Path_1_49_F117_Water_Roots,MS_agar,Arabidopsis_thaliana,F_Path,1,49,F117,Water,Roots,1.692,1,Pathogens
1147,MS_agar_Arabidopsis_thaliana_F_Path_1_50_F117_Water_Roots,MS_agar,Arabidopsis_thaliana,F_Path,1,50,F117,Water,Roots,1.286,1,Pathogens
1148,MS_agar_Arabidopsis_thaliana_F_Path_1_1_F117_3OMG_Roots,MS_agar,Arabidopsis_thaliana,F_Path,1,1,F117,3OMG,Roots,10.114,1,Pathogens
1149,MS_agar_Arabidopsis_thaliana_F_Path_1_2_F117_3OMG_Roots,MS_agar,Arabidopsis_thaliana,F_Path,1,2,F117,3OMG,Roots,8.551,1,Pathogens
1150,MS_agar_Arabidopsis_thaliana_F_Path_1_3_F117_3OMG_Roots,MS_agar,Arabidopsis_thaliana,F_Path,1,3,F117,3OMG,Roots,10.386,1,Pathogens
1151,MS_agar_Arabidopsis_thaliana_F_Path_1_4_F117_3OMG_Roots,MS_agar,Arabidopsis_thaliana,F_Path,1,4,F117,3OMG,Roots,9.682,1,Pathogens
1152,MS_agar_Arabidopsis_thaliana_F_Path_1_5_F117_3OMG_Roots,MS_agar,Arabidopsis_thaliana,F_Path,1,5,F117,3OMG,Roots,8.295,1,Pathogens
1153,MS_agar_Arabidopsis_thaliana_F_Path_1_6_F117_3OMG_Roots,MS_agar,Arabidopsis_thaliana,F_Path,1,6,F117,3OMG,Roots,9.938,1,Pathogens
1154,MS_agar_Arabidopsis_thaliana_F_Path_1_7_F117_3OMG_Roots,MS_agar,Arabidopsis_thaliana,F_Path,1,7,F117,3OMG,Roots,12.62,1,Pathogens
1155,MS_agar_Arabidopsis_thaliana_F_Path_1_8_F117_3OMG_Roots,MS_agar,Arabidopsis_thaliana,F_Path,1,8,F117,3OMG,Roots,4.514,1,Pathogens
1156,MS_agar_Arabidopsis_thaliana_F_Path_1_9_F117_3OMG_Roots,MS_agar,Arabidopsis_thaliana,F_Path,1,9,F117,3OMG,Roots,5.288,1,Pathogens
1157,MS_agar_Arabidopsis_thaliana_F_Path_1_10_F117_3OMG_Roots,MS_agar,Arabidopsis_thaliana,F_Path,1,10,F117,3OMG,Roots,8.173,1,Pathogens
1158,MS_agar_Arabidopsis_thaliana_F_Path_1_11_F117_3OMG_Roots,MS_agar,Arabidopsis_thaliana,F_Path,1,11,F117,3OMG,Roots,10.089,1,Pathogens
1159,MS_agar_Arabidopsis_thaliana_F_Path_1_12_F117_3OMG_Roots,MS_agar,Arabidopsis_thaliana,F_Path,1,12,F117,3OMG,Roots,6.757,1,Pathogens
1160,MS_agar_Arabidopsis_thaliana_F_Path_1_13_F117_3OMG_Roots,MS_agar,Arabidopsis_thaliana,F_Path,1,13,F117,3OMG,Roots,7.556,1,Pathogens
1161,MS_agar_Arabidopsis_thaliana_F_Path_1_14_F117_3OMG_Roots,MS_agar,Arabidopsis_thaliana,F_Path,1,14,F117,3OMG,Roots,10.612,1,Pathogens
1162,MS_agar_Arabidopsis_thaliana_F_Path_1_15_F117_3OMG_Roots,MS_agar,Arabidopsis_thaliana,F_Path,1,15,F117,3OMG,Roots,2.718,1,Pathogens
1163,MS_agar_Arabidopsis_thaliana_F_Path_1_16_F117_3OMG_Roots,MS_agar,Arabidopsis_thaliana,F_Path,1,16,F117,3OMG,Roots,9.437,1,Pathogens
1164,MS_agar_Arabidopsis_thaliana_F_Path_1_17_F117_3OMG_Roots,MS_agar,Arabidopsis_thaliana,F_Path,1,17,F117,3OMG,Roots,8.746,1,Pathogens
1165,MS_agar_Arabidopsis_thaliana_F_Path_1_18_F117_3OMG_Roots,MS_agar,Arabidopsis_thaliana,F_Path,1,18,F117,3OMG,Roots,2.488,1,Pathogens
1166,MS_agar_Arabidopsis_thaliana_F_Path_1_19_F117_3OMG_Roots,MS_agar,Arabidopsis_thaliana,F_Path,1,19,F117,3OMG,Roots,11.168,1,Pathogens
1167,MS_agar_Arabidopsis_thaliana_F_Path_1_20_F117_3OMG_Roots,MS_agar,Arabidopsis_thaliana,F_Path,1,20,F117,3OMG,Roots,8.083,1,Pathogens
1168,MS_agar_Arabidopsis_thaliana_F_Path_1_21_F117_3OMG_Roots,MS_agar,Arabidopsis_thaliana,F_Path,1,21,F117,3OMG,Roots,6.74,1,Pathogens
1169,MS_agar_Arabidopsis_thaliana_F_Path_1_22_F117_3OMG_Roots,MS_agar,Arabidopsis_thaliana,F_Path,1,22,F117,3OMG,Roots,4.368,1,Pathogens
1170,MS_agar_Arabidopsis_thaliana_F_Path_1_23_F117_3OMG_Roots,MS_agar,Arabidopsis_thaliana,F_Path,1,23,F117,3OMG,Roots,8.521,1,Pathogens
1171,MS_agar_Arabidopsis_thaliana_F_Path_1_24_F117_3OMG_Roots,MS_agar,Arabidopsis_thaliana,F_Path,1,24,F117,3OMG,Roots,2.793,1,Pathogens
1172,MS_agar_Arabidopsis_thaliana_F_Path_1_25_F117_3OMG_Roots,MS_agar,Arabidopsis_thaliana,F_Path,1,25,F117,3OMG,Roots,9.469,1,Pathogens
1173,MS_agar_Arabidopsis_thaliana_F_Path_1_26_F117_3OMG_Roots,MS_agar,Arabidopsis_thaliana,F_Path,1,26,F117,3OMG,Roots,7.314,1,Pathogens
1174,MS_agar_Arabidopsis_thaliana_F_Path_1_27_F117_3OMG_Roots,MS_agar,Arabidopsis_thaliana,F_Path,1,27,F117,3OMG,Roots,7.89,1,Pathogens
1175,MS_agar_Arabidopsis_thaliana_F_Path_1_28_F117_3OMG_Roots,MS_agar,Arabidopsis_thaliana,F_Path,1,28,F117,3OMG,Roots,2.271,1,Pathogens
1176,MS_agar_Arabidopsis_thaliana_F_Path_1_29_F117_3OMG_Roots,MS_agar,Arabidopsis_thaliana,F_Path,1,29,F117,3OMG,Roots,4.559,1,Pathogens
1177,MS_agar_Arabidopsis_thaliana_F_Path_1_30_F117_3OMG_Roots,MS_agar,Arabidopsis_thaliana,F_Path,1,30,F117,3OMG,Roots,4.131,1,Pathogens
1178,MS_agar_Arabidopsis_thaliana_F_Path_1_31_F117_3OMG_Roots,MS_agar,Arabidopsis_thaliana,F_Path,1,31,F117,3OMG,Roots,6.513,1,Pathogens
1179,MS_agar_Arabidopsis_thaliana_F_Path_1_32_F117_3OMG_Roots,MS_agar,Arabidopsis_thaliana,F_Path,1,32,F117,3OMG,Roots,4.227,1,Pathogens
1180,MS_agar_Arabidopsis_thaliana_F_Path_1_33_F117_3OMG_Roots,MS_agar,Arabidopsis_thaliana,F_Path,1,33,F117,3OMG,Roots,6.35,1,Pathogens
1181,MS_agar_Arabidopsis_thaliana_F_Path_1_34_F117_3OMG_Roots,MS_agar,Arabidopsis_thaliana,F_Path,1,34,F117,3OMG,Roots,10.31,1,Pathogens
1182,MS_agar_Arabidopsis_thaliana_F_Path_1_35_F117_3OMG_Roots,MS_agar,Arabidopsis_thaliana,F_Path,1,35,F117,3OMG,Roots,7.926,1,Pathogens
1183,MS_agar_Arabidopsis_thaliana_F_Path_1_36_F117_3OMG_Roots,MS_agar,Arabidopsis_thaliana,F_Path,1,36,F117,3OMG,Roots,3.511,1,Pathogens
1184,MS_agar_Arabidopsis_thaliana_F_Path_1_37_F117_3OMG_Roots,MS_agar,Arabidopsis_thaliana,F_Path,1,37,F117,3OMG,Roots,1.607,1,Pathogens
1185,MS_agar_Arabidopsis_thaliana_F_Path_1_38_F117_3OMG_Roots,MS_agar,Arabidopsis_thaliana,F_Path,1,38,F117,3OMG,Roots,7.471,1,Pathogens
1186,MS_agar_Arabidopsis_thaliana_F_Path_1_39_F117_3OMG_Roots,MS_agar,Arabidopsis_thaliana,F_Path,1,39,F117,3OMG,Roots,7.03,1,Pathogens
1187,MS_agar_Arabidopsis_thaliana_F_Path_1_40_F117_3OMG_Roots,MS_agar,Arabidopsis_thaliana,F_Path,1,40,F117,3OMG,Roots,11.162,1,Pathogens
1188,MS_agar_Arabidopsis_thaliana_F_Path_1_41_F117_3OMG_Roots,MS_agar,Arabidopsis_thaliana,F_Path,1,41,F117,3OMG,Roots,9.139,1,Pathogens
1189,MS_agar_Arabidopsis_thaliana_F_Path_1_42_F117_3OMG_Roots,MS_agar,Arabidopsis_thaliana,F_Path,1,42,F117,3OMG,Roots,6.027,1,Pathogens
1190,MS_agar_Arabidopsis_thaliana_F_Path_1_43_F117_3OMG_Roots,MS_agar,Arabidopsis_thaliana,F_Path,1,43,F117,3OMG,Roots,6.039,1,Pathogens
1191,MS_agar_Arabidopsis_thaliana_F_Path_1_44_F117_3OMG_Roots,MS_agar,Arabidopsis_thaliana,F_Path,1,44,F117,3OMG,Roots,13.192,1,Pathogens
1192,MS_agar_Arabidopsis_thaliana_F_Path_1_45_F117_3OMG_Roots,MS_agar,Arabidopsis_thaliana,F_Path,1,45,F117,3OMG,Roots,11.086,1,Pathogens
1193,MS_agar_Arabidopsis_thaliana_F_Path_1_46_F117_3OMG_Roots,MS_agar,Arabidopsis_thaliana,F_Path,1,46,F117,3OMG,Roots,6.462,1,Pathogens
1194,MS_agar_Arabidopsis_thaliana_F_Path_1_47_F117_3OMG_Roots,MS_agar,Arabidopsis_thaliana,F_Path,1,47,F117,3OMG,Roots,7.96,1,Pathogens
1195,MS_agar_Arabidopsis_thaliana_F_Path_1_48_F117_3OMG_Roots,MS_agar,Arabidopsis_thaliana,F_Path,1,48,F117,3OMG,Roots,4.477,1,Pathogens
1196,MS_agar_Arabidopsis_thaliana_F_Path_1_49_F117_3OMG_Roots,MS_agar,Arabidopsis_thaliana,F_Path,1,49,F117,3OMG,Roots,8.35,1,Pathogens
1197,MS_agar_Arabidopsis_thaliana_F_Path_1_50_F117_3OMG_Roots,MS_agar,Arabidopsis_thaliana,F_Path,1,50,F117,3OMG,Roots,9.617,1,Pathogens
1198,MS_agar_Arabidopsis_thaliana_F_Path_1_1_F147_Water_Roots,MS_agar,Arabidopsis_thaliana,F_Path,1,1,F147,Water,Roots,1.278,1,Pathogens
1199,MS_agar_Arabidopsis_thaliana_F_Path_1_2_F147_Water_Roots,MS_agar,Arabidopsis_thaliana,F_Path,1,2,F147,Water,Roots,3.66,1,Pathogens
1200,MS_agar_Arabidopsis_thaliana_F_Path_1_3_F147_Water_Roots,MS_agar,Arabidopsis_thaliana,F_Path,1,3,F147,Water,Roots,1.96,1,Pathogens
1201,MS_agar_Arabidopsis_thaliana_F_Path_1_4_F147_Water_Roots,MS_agar,Arabidopsis_thaliana,F_Path,1,4,F147,Water,Roots,1.386,1,Pathogens
1202,MS_agar_Arabidopsis_thaliana_F_Path_1_5_F147_Water_Roots,MS_agar,Arabidopsis_thaliana,F_Path,1,5,F147,Water,Roots,1.479,1,Pathogens
1203,MS_agar_Arabidopsis_thaliana_F_Path_1_6_F147_Water_Roots,MS_agar,Arabidopsis_thaliana,F_Path,1,6,F147,Water,Roots,1.772,1,Pathogens
1204,MS_agar_Arabidopsis_thaliana_F_Path_1_7_F147_Water_Roots,MS_agar,Arabidopsis_thaliana,F_Path,1,7,F147,Water,Roots,4.464,1,Pathogens
1205,MS_agar_Arabidopsis_thaliana_F_Path_1_8_F147_Water_Roots,MS_agar,Arabidopsis_thaliana,F_Path,1,8,F147,Water,Roots,1.667,1,Pathogens
1206,MS_agar_Arabidopsis_thaliana_F_Path_1_9_F147_Water_Roots,MS_agar,Arabidopsis_thaliana,F_Path,1,9,F147,Water,Roots,3.55,1,Pathogens
1207,MS_agar_Arabidopsis_thaliana_F_Path_1_10_F147_Water_Roots,MS_agar,Arabidopsis_thaliana,F_Path,1,10,F147,Water,Roots,4.16,1,Pathogens
1208,MS_agar_Arabidopsis_thaliana_F_Path_1_11_F147_Water_Roots,MS_agar,Arabidopsis_thaliana,F_Path,1,11,F147,Water,Roots,2.139,1,Pathogens
1209,MS_agar_Arabidopsis_thaliana_F_Path_1_12_F147_Water_Roots,MS_agar,Arabidopsis_thaliana,F_Path,1,12,F147,Water,Roots,3.835,1,Pathogens
1210,MS_agar_Arabidopsis_thaliana_F_Path_1_13_F147_Water_Roots,MS_agar,Arabidopsis_thaliana,F_Path,1,13,F147,Water,Roots,2.511,1,Pathogens
1211,MS_agar_Arabidopsis_thaliana_F_Path_1_14_F147_Water_Roots,MS_agar,Arabidopsis_thaliana,F_Path,1,14,F147,Water,Roots,2.117,1,Pathogens
1212,MS_agar_Arabidopsis_thaliana_F_Path_1_15_F147_Water_Roots,MS_agar,Arabidopsis_thaliana,F_Path,1,15,F147,Water,Roots,2.627,1,Pathogens
1213,MS_agar_Arabidopsis_thaliana_F_Path_1_16_F147_Water_Roots,MS_agar,Arabidopsis_thaliana,F_Path,1,16,F147,Water,Roots,0.82,1,Pathogens
1214,MS_agar_Arabidopsis_thaliana_F_Path_1_17_F147_Water_Roots,MS_agar,Arabidopsis_thaliana,F_Path,1,17,F147,Water,Roots,1.038,1,Pathogens
1215,MS_agar_Arabidopsis_thaliana_F_Path_1_18_F147_Water_Roots,MS_agar,Arabidopsis_thaliana,F_Path,1,18,F147,Water,Roots,0.893,1,Pathogens
1216,MS_agar_Arabidopsis_thaliana_F_Path_1_19_F147_Water_Roots,MS_agar,Arabidopsis_thaliana,F_Path,1,19,F147,Water,Roots,0.678,1,Pathogens
1217,MS_agar_Arabidopsis_thaliana_F_Path_1_20_F147_Water_Roots,MS_agar,Arabidopsis_thaliana,F_Path,1,20,F147,Water,Roots,1.7,1,Pathogens
1218,MS_agar_Arabidopsis_thaliana_F_Path_1_21_F147_Water_Roots,MS_agar,Arabidopsis_thaliana,F_Path,1,21,F147,Water,Roots,1.532,1,Pathogens
1219,MS_agar_Arabidopsis_thaliana_F_Path_1_22_F147_Water_Roots,MS_agar,Arabidopsis_thaliana,F_Path,1,22,F147,Water,Roots,1.416,1,Pathogens
1220,MS_agar_Arabidopsis_thaliana_F_Path_1_23_F147_Water_Roots,MS_agar,Arabidopsis_thaliana,F_Path,1,23,F147,Water,Roots,2.406,1,Pathogens
1221,MS_agar_Arabidopsis_thaliana_F_Path_1_24_F147_Water_Roots,MS_agar,Arabidopsis_thaliana,F_Path,1,24,F147,Water,Roots,1.382,1,Pathogens
1222,MS_agar_Arabidopsis_thaliana_F_Path_1_25_F147_Water_Roots,MS_agar,Arabidopsis_thaliana,F_Path,1,25,F147,Water,Roots,3.226,1,Pathogens
1223,MS_agar_Arabidopsis_thaliana_F_Path_1_26_F147_Water_Roots,MS_agar,Arabidopsis_thaliana,F_Path,1,26,F147,Water,Roots,3.197,1,Pathogens
1224,MS_agar_Arabidopsis_thaliana_F_Path_1_27_F147_Water_Roots,MS_agar,Arabidopsis_thaliana,F_Path,1,27,F147,Water,Roots,0.696,1,Pathogens
1225,MS_agar_Arabidopsis_thaliana_F_Path_1_28_F147_Water_Roots,MS_agar,Arabidopsis_thaliana,F_Path,1,28,F147,Water,Roots,1.494,1,Pathogens
1226,MS_agar_Arabidopsis_thaliana_F_Path_1_29_F147_Water_Roots,MS_agar,Arabidopsis_thaliana,F_Path,1,29,F147,Water,Roots,2.92,1,Pathogens
1227,MS_agar_Arabidopsis_thaliana_F_Path_1_30_F147_Water_Roots,MS_agar,Arabidopsis_thaliana,F_Path,1,30,F147,Water,Roots,2.192,1,Pathogens
1228,MS_agar_Arabidopsis_thaliana_F_Path_1_31_F147_Water_Roots,MS_agar,Arabidopsis_thaliana,F_Path,1,31,F147,Water,Roots,2.039,1,Pathogens
1229,MS_agar_Arabidopsis_thaliana_F_Path_1_32_F147_Water_Roots,MS_agar,Arabidopsis_thaliana,F_Path,1,32,F147,Water,Roots,1.388,1,Pathogens
1230,MS_agar_Arabidopsis_thaliana_F_Path_1_33_F147_Water_Roots,MS_agar,Arabidopsis_thaliana,F_Path,1,33,F147,Water,Roots,2.138,1,Pathogens
1231,MS_agar_Arabidopsis_thaliana_F_Path_1_34_F147_Water_Roots,MS_agar,Arabidopsis_thaliana,F_Path,1,34,F147,Water,Roots,1.7,1,Pathogens
1232,MS_agar_Arabidopsis_thaliana_F_Path_1_35_F147_Water_Roots,MS_agar,Arabidopsis_thaliana,F_Path,1,35,F147,Water,Roots,1.05,1,Pathogens
1233,MS_agar_Arabidopsis_thaliana_F_Path_1_36_F147_Water_Roots,MS_agar,Arabidopsis_thaliana,F_Path,1,36,F147,Water,Roots,1.016,1,Pathogens
1234,MS_agar_Arabidopsis_thaliana_F_Path_1_37_F147_Water_Roots,MS_agar,Arabidopsis_thaliana,F_Path,1,37,F147,Water,Roots,1.972,1,Pathogens
1235,MS_agar_Arabidopsis_thaliana_F_Path_1_38_F147_Water_Roots,MS_agar,Arabidopsis_thaliana,F_Path,1,38,F147,Water,Roots,0.912,1,Pathogens
1236,MS_agar_Arabidopsis_thaliana_F_Path_1_39_F147_Water_Roots,MS_agar,Arabidopsis_thaliana,F_Path,1,39,F147,Water,Roots,3.141,1,Pathogens
1237,MS_agar_Arabidopsis_thaliana_F_Path_1_40_F147_Water_Roots,MS_agar,Arabidopsis_thaliana,F_Path,1,40,F147,Water,Roots,1.376,1,Pathogens
1238,MS_agar_Arabidopsis_thaliana_F_Path_1_41_F147_Water_Roots,MS_agar,Arabidopsis_thaliana,F_Path,1,41,F147,Water,Roots,4.741,1,Pathogens
1239,MS_agar_Arabidopsis_thaliana_F_Path_1_42_F147_Water_Roots,MS_agar,Arabidopsis_thaliana,F_Path,1,42,F147,Water,Roots,1.623,1,Pathogens
1240,MS_agar_Arabidopsis_thaliana_F_Path_1_43_F147_Water_Roots,MS_agar,Arabidopsis_thaliana,F_Path,1,43,F147,Water,Roots,1.374,1,Pathogens
1241,MS_agar_Arabidopsis_thaliana_F_Path_1_44_F147_Water_Roots,MS_agar,Arabidopsis_thaliana,F_Path,1,44,F147,Water,Roots,2.21,1,Pathogens
1242,MS_agar_Arabidopsis_thaliana_F_Path_1_45_F147_Water_Roots,MS_agar,Arabidopsis_thaliana,F_Path,1,45,F147,Water,Roots,1.825,1,Pathogens
1243,MS_agar_Arabidopsis_thaliana_F_Path_1_46_F147_Water_Roots,MS_agar,Arabidopsis_thaliana,F_Path,1,46,F147,Water,Roots,2.108,1,Pathogens
1244,MS_agar_Arabidopsis_thaliana_F_Path_1_47_F147_Water_Roots,MS_agar,Arabidopsis_thaliana,F_Path,1,47,F147,Water,Roots,1.344,1,Pathogens
1245,MS_agar_Arabidopsis_thaliana_F_Path_1_48_F147_Water_Roots,MS_agar,Arabidopsis_thaliana,F_Path,1,48,F147,Water,Roots,1.56,1,Pathogens
1246,MS_agar_Arabidopsis_thaliana_F_Path_1_49_F147_Water_Roots,MS_agar,Arabidopsis_thaliana,F_Path,1,49,F147,Water,Roots,0.797,1,Pathogens
1247,MS_agar_Arabidopsis_thaliana_F_Path_1_50_F147_Water_Roots,MS_agar,Arabidopsis_thaliana,F_Path,1,50,F147,Water,Roots,0.451,1,Pathogens
1248,MS_agar_Arabidopsis_thaliana_F_Path_1_1_F147_3OMG_Roots,MS_agar,Arabidopsis_thaliana,F_Path,1,1,F147,3OMG,Roots,9.388,1,Pathogens
1249,MS_agar_Arabidopsis_thaliana_F_Path_1_2_F147_3OMG_Roots,MS_agar,Arabidopsis_thaliana,F_Path,1,2,F147,3OMG,Roots,8.109,1,Pathogens
1250,MS_agar_Arabidopsis_thaliana_F_Path_1_3_F147_3OMG_Roots,MS_agar,Arabidopsis_thaliana,F_Path,1,3,F147,3OMG,Roots,3.75,1,Pathogens
1251,MS_agar_Arabidopsis_thaliana_F_Path_1_4_F147_3OMG_Roots,MS_agar,Arabidopsis_thaliana,F_Path,1,4,F147,3OMG,Roots,12.131,1,Pathogens
1252,MS_agar_Arabidopsis_thaliana_F_Path_1_5_F147_3OMG_Roots,MS_agar,Arabidopsis_thaliana,F_Path,1,5,F147,3OMG,Roots,9.094,1,Pathogens
1253,MS_agar_Arabidopsis_thaliana_F_Path_1_6_F147_3OMG_Roots,MS_agar,Arabidopsis_thaliana,F_Path,1,6,F147,3OMG,Roots,3.11,1,Pathogens
1254,MS_agar_Arabidopsis_thaliana_F_Path_1_7_F147_3OMG_Roots,MS_agar,Arabidopsis_thaliana,F_Path,1,7,F147,3OMG,Roots,10.443,1,Pathogens
1255,MS_agar_Arabidopsis_thaliana_F_Path_1_8_F147_3OMG_Roots,MS_agar,Arabidopsis_thaliana,F_Path,1,8,F147,3OMG,Roots,9.249,1,Pathogens
1256,MS_agar_Arabidopsis_thaliana_F_Path_1_9_F147_3OMG_Roots,MS_agar,Arabidopsis_thaliana,F_Path,1,9,F147,3OMG,Roots,6.203,1,Pathogens
1257,MS_agar_Arabidopsis_thaliana_F_Path_1_10_F147_3OMG_Roots,MS_agar,Arabidopsis_thaliana,F_Path,1,10,F147,3OMG,Roots,8.716,1,Pathogens
1258,MS_agar_Arabidopsis_thaliana_F_Path_1_11_F147_3OMG_Roots,MS_agar,Arabidopsis_thaliana,F_Path,1,11,F147,3OMG,Roots,3.832,1,Pathogens
1259,MS_agar_Arabidopsis_thaliana_F_Path_1_12_F147_3OMG_Roots,MS_agar,Arabidopsis_thaliana,F_Path,1,12,F147,3OMG,Roots,7.61,1,Pathogens
1260,MS_agar_Arabidopsis_thaliana_F_Path_1_13_F147_3OMG_Roots,MS_agar,Arabidopsis_thaliana,F_Path,1,13,F147,3OMG,Roots,8.785,1,Pathogens
1261,MS_agar_Arabidopsis_thaliana_F_Path_1_14_F147_3OMG_Roots,MS_agar,Arabidopsis_thaliana,F_Path,1,14,F147,3OMG,Roots,8.233,1,Pathogens
1262,MS_agar_Arabidopsis_thaliana_F_Path_1_15_F147_3OMG_Roots,MS_agar,Arabidopsis_thaliana,F_Path,1,15,F147,3OMG,Roots,3.254,1,Pathogens
1263,MS_agar_Arabidopsis_thaliana_F_Path_1_16_F147_3OMG_Roots,MS_agar,Arabidopsis_thaliana,F_Path,1,16,F147,3OMG,Roots,9.608,1,Pathogens
1264,MS_agar_Arabidopsis_thaliana_F_Path_1_17_F147_3OMG_Roots,MS_agar,Arabidopsis_thaliana,F_Path,1,17,F147,3OMG,Roots,9.492,1,Pathogens
1265,MS_agar_Arabidopsis_thaliana_F_Path_1_18_F147_3OMG_Roots,MS_agar,Arabidopsis_thaliana,F_Path,1,18,F147,3OMG,Roots,6.11,1,Pathogens
1266,MS_agar_Arabidopsis_thaliana_F_Path_1_19_F147_3OMG_Roots,MS_agar,Arabidopsis_thaliana,F_Path,1,19,F147,3OMG,Roots,7.933,1,Pathogens
1267,MS_agar_Arabidopsis_thaliana_F_Path_1_20_F147_3OMG_Roots,MS_agar,Arabidopsis_thaliana,F_Path,1,20,F147,3OMG,Roots,8.608,1,Pathogens
1268,MS_agar_Arabidopsis_thaliana_F_Path_1_21_F147_3OMG_Roots,MS_agar,Arabidopsis_thaliana,F_Path,1,21,F147,3OMG,Roots,10.516,1,Pathogens
1269,MS_agar_Arabidopsis_thaliana_F_Path_1_22_F147_3OMG_Roots,MS_agar,Arabidopsis_thaliana,F_Path,1,22,F147,3OMG,Roots,5.281,1,Pathogens
1270,MS_agar_Arabidopsis_thaliana_F_Path_1_23_F147_3OMG_Roots,MS_agar,Arabidopsis_thaliana,F_Path,1,23,F147,3OMG,Roots,10.544,1,Pathogens
1271,MS_agar_Arabidopsis_thaliana_F_Path_1_24_F147_3OMG_Roots,MS_agar,Arabidopsis_thaliana,F_Path,1,24,F147,3OMG,Roots,11.231,1,Pathogens
1272,MS_agar_Arabidopsis_thaliana_F_Path_1_25_F147_3OMG_Roots,MS_agar,Arabidopsis_thaliana,F_Path,1,25,F147,3OMG,Roots,6.077,1,Pathogens
1273,MS_agar_Arabidopsis_thaliana_F_Path_1_26_F147_3OMG_Roots,MS_agar,Arabidopsis_thaliana,F_Path,1,26,F147,3OMG,Roots,9.95,1,Pathogens
1274,MS_agar_Arabidopsis_thaliana_F_Path_1_27_F147_3OMG_Roots,MS_agar,Arabidopsis_thaliana,F_Path,1,27,F147,3OMG,Roots,8.073,1,Pathogens
1275,MS_agar_Arabidopsis_thaliana_F_Path_1_28_F147_3OMG_Roots,MS_agar,Arabidopsis_thaliana,F_Path,1,28,F147,3OMG,Roots,5.725,1,Pathogens
1276,MS_agar_Arabidopsis_thaliana_F_Path_1_29_F147_3OMG_Roots,MS_agar,Arabidopsis_thaliana,F_Path,1,29,F147,3OMG,Roots,4.385,1,Pathogens
1277,MS_agar_Arabidopsis_thaliana_F_Path_1_30_F147_3OMG_Roots,MS_agar,Arabidopsis_thaliana,F_Path,1,30,F147,3OMG,Roots,3.942,1,Pathogens
1278,MS_agar_Arabidopsis_thaliana_F_Path_1_31_F147_3OMG_Roots,MS_agar,Arabidopsis_thaliana,F_Path,1,31,F147,3OMG,Roots,8.892,1,Pathogens
1279,MS_agar_Arabidopsis_thaliana_F_Path_1_32_F147_3OMG_Roots,MS_agar,Arabidopsis_thaliana,F_Path,1,32,F147,3OMG,Roots,11.204,1,Pathogens
1280,MS_agar_Arabidopsis_thaliana_F_Path_1_33_F147_3OMG_Roots,MS_agar,Arabidopsis_thaliana,F_Path,1,33,F147,3OMG,Roots,8.896,1,Pathogens
1281,MS_agar_Arabidopsis_thaliana_F_Path_1_34_F147_3OMG_Roots,MS_agar,Arabidopsis_thaliana,F_Path,1,34,F147,3OMG,Roots,3.095,1,Pathogens
1282,MS_agar_Arabidopsis_thaliana_F_Path_1_35_F147_3OMG_Roots,MS_agar,Arabidopsis_thaliana,F_Path,1,35,F147,3OMG,Roots,8.382,1,Pathogens
1283,MS_agar_Arabidopsis_thaliana_F_Path_1_36_F147_3OMG_Roots,MS_agar,Arabidopsis_thaliana,F_Path,1,36,F147,3OMG,Roots,9.026,1,Pathogens
1284,MS_agar_Arabidopsis_thaliana_F_Path_1_37_F147_3OMG_Roots,MS_agar,Arabidopsis_thaliana,F_Path,1,37,F147,3OMG,Roots,3.089,1,Pathogens
1285,MS_agar_Arabidopsis_thaliana_F_Path_1_38_F147_3OMG_Roots,MS_agar,Arabidopsis_thaliana,F_Path,1,38,F147,3OMG,Roots,8.785,1,Pathogens
1286,MS_agar_Arabidopsis_thaliana_F_Path_1_39_F147_3OMG_Roots,MS_agar,Arabidopsis_thaliana,F_Path,1,39,F147,3OMG,Roots,8.425,1,Pathogens
1287,MS_agar_Arabidopsis_thaliana_F_Path_1_40_F147_3OMG_Roots,MS_agar,Arabidopsis_thaliana,F_Path,1,40,F147,3OMG,Roots,8.738,1,Pathogens
1288,MS_agar_Arabidopsis_thaliana_F_Path_1_41_F147_3OMG_Roots,MS_agar,Arabidopsis_thaliana,F_Path,1,41,F147,3OMG,Roots,9.624,1,Pathogens
1289,MS_agar_Arabidopsis_thaliana_F_Path_1_42_F147_3OMG_Roots,MS_agar,Arabidopsis_thaliana,F_Path,1,42,F147,3OMG,Roots,12.057,1,Pathogens
1290,MS_agar_Arabidopsis_thaliana_F_Path_1_43_F147_3OMG_Roots,MS_agar,Arabidopsis_thaliana,F_Path,1,43,F147,3OMG,Roots,9.236,1,Pathogens
1291,MS_agar_Arabidopsis_thaliana_F_Path_1_44_F147_3OMG_Roots,MS_agar,Arabidopsis_thaliana,F_Path,1,44,F147,3OMG,Roots,11.026,1,Pathogens
1292,MS_agar_Arabidopsis_thaliana_F_Path_1_45_F147_3OMG_Roots,MS_agar,Arabidopsis_thaliana,F_Path,1,45,F147,3OMG,Roots,9.929,1,Pathogens
1293,MS_agar_Arabidopsis_thaliana_F_Path_1_46_F147_3OMG_Roots,MS_agar,Arabidopsis_thaliana,F_Path,1,46,F147,3OMG,Roots,9.33,1,Pathogens
1294,MS_agar_Arabidopsis_thaliana_F_Path_1_47_F147_3OMG_Roots,MS_agar,Arabidopsis_thaliana,F_Path,1,47,F147,3OMG,Roots,10.946,1,Pathogens
1295,MS_agar_Arabidopsis_thaliana_F_Path_1_48_F147_3OMG_Roots,MS_agar,Arabidopsis_thaliana,F_Path,1,48,F147,3OMG,Roots,11.419,1,Pathogens
1296,MS_agar_Arabidopsis_thaliana_F_Path_1_49_F147_3OMG_Roots,MS_agar,Arabidopsis_thaliana,F_Path,1,49,F147,3OMG,Roots,5.478,1,Pathogens
1297,MS_agar_Arabidopsis_thaliana_F_Path_1_50_F147_3OMG_Roots,MS_agar,Arabidopsis_thaliana,F_Path,1,50,F147,3OMG,Roots,11.539,1,Pathogens
1298,MS_agar_Arabidopsis_thaliana_F_Path_1_1_F212_Water_Roots,MS_agar,Arabidopsis_thaliana,F_Path,1,1,F212,Water,Roots,5.123,1,Pathogens
1299,MS_agar_Arabidopsis_thaliana_F_Path_1_2_F212_Water_Roots,MS_agar,Arabidopsis_thaliana,F_Path,1,2,F212,Water,Roots,1.733,1,Pathogens
1300,MS_agar_Arabidopsis_thaliana_F_Path_1_3_F212_Water_Roots,MS_agar,Arabidopsis_thaliana,F_Path,1,3,F212,Water,Roots,3.976,1,Pathogens
1301,MS_agar_Arabidopsis_thaliana_F_Path_1_4_F212_Water_Roots,MS_agar,Arabidopsis_thaliana,F_Path,1,4,F212,Water,Roots,2.056,1,Pathogens
1302,MS_agar_Arabidopsis_thaliana_F_Path_1_5_F212_Water_Roots,MS_agar,Arabidopsis_thaliana,F_Path,1,5,F212,Water,Roots,2.993,1,Pathogens
1303,MS_agar_Arabidopsis_thaliana_F_Path_1_6_F212_Water_Roots,MS_agar,Arabidopsis_thaliana,F_Path,1,6,F212,Water,Roots,11.226,1,Pathogens
1304,MS_agar_Arabidopsis_thaliana_F_Path_1_7_F212_Water_Roots,MS_agar,Arabidopsis_thaliana,F_Path,1,7,F212,Water,Roots,8.475,1,Pathogens
1305,MS_agar_Arabidopsis_thaliana_F_Path_1_8_F212_Water_Roots,MS_agar,Arabidopsis_thaliana,F_Path,1,8,F212,Water,Roots,5.261,1,Pathogens
1306,MS_agar_Arabidopsis_thaliana_F_Path_1_9_F212_Water_Roots,MS_agar,Arabidopsis_thaliana,F_Path,1,9,F212,Water,Roots,1.182,1,Pathogens
1307,MS_agar_Arabidopsis_thaliana_F_Path_1_10_F212_Water_Roots,MS_agar,Arabidopsis_thaliana,F_Path,1,10,F212,Water,Roots,3.664,1,Pathogens
1308,MS_agar_Arabidopsis_thaliana_F_Path_1_11_F212_Water_Roots,MS_agar,Arabidopsis_thaliana,F_Path,1,11,F212,Water,Roots,4.967,1,Pathogens
1309,MS_agar_Arabidopsis_thaliana_F_Path_1_12_F212_Water_Roots,MS_agar,Arabidopsis_thaliana,F_Path,1,12,F212,Water,Roots,5.22,1,Pathogens
1310,MS_agar_Arabidopsis_thaliana_F_Path_1_13_F212_Water_Roots,MS_agar,Arabidopsis_thaliana,F_Path,1,13,F212,Water,Roots,5.438,1,Pathogens
1311,MS_agar_Arabidopsis_thaliana_F_Path_1_14_F212_Water_Roots,MS_agar,Arabidopsis_thaliana,F_Path,1,14,F212,Water,Roots,1.533,1,Pathogens
1312,MS_agar_Arabidopsis_thaliana_F_Path_1_15_F212_Water_Roots,MS_agar,Arabidopsis_thaliana,F_Path,1,15,F212,Water,Roots,4.563,1,Pathogens
1313,MS_agar_Arabidopsis_thaliana_F_Path_1_16_F212_Water_Roots,MS_agar,Arabidopsis_thaliana,F_Path,1,16,F212,Water,Roots,3.385,1,Pathogens
1314,MS_agar_Arabidopsis_thaliana_F_Path_1_17_F212_Water_Roots,MS_agar,Arabidopsis_thaliana,F_Path,1,17,F212,Water,Roots,3.759,1,Pathogens
1315,MS_agar_Arabidopsis_thaliana_F_Path_1_18_F212_Water_Roots,MS_agar,Arabidopsis_thaliana,F_Path,1,18,F212,Water,Roots,1.638,1,Pathogens
1316,MS_agar_Arabidopsis_thaliana_F_Path_1_19_F212_Water_Roots,MS_agar,Arabidopsis_thaliana,F_Path,1,19,F212,Water,Roots,1.095,1,Pathogens
1317,MS_agar_Arabidopsis_thaliana_F_Path_1_20_F212_Water_Roots,MS_agar,Arabidopsis_thaliana,F_Path,1,20,F212,Water,Roots,3.266,1,Pathogens
1318,MS_agar_Arabidopsis_thaliana_F_Path_1_21_F212_Water_Roots,MS_agar,Arabidopsis_thaliana,F_Path,1,21,F212,Water,Roots,6.363,1,Pathogens
1319,MS_agar_Arabidopsis_thaliana_F_Path_1_22_F212_Water_Roots,MS_agar,Arabidopsis_thaliana,F_Path,1,22,F212,Water,Roots,4.91,1,Pathogens
1320,MS_agar_Arabidopsis_thaliana_F_Path_1_23_F212_Water_Roots,MS_agar,Arabidopsis_thaliana,F_Path,1,23,F212,Water,Roots,3.204,1,Pathogens
1321,MS_agar_Arabidopsis_thaliana_F_Path_1_24_F212_Water_Roots,MS_agar,Arabidopsis_thaliana,F_Path,1,24,F212,Water,Roots,3.416,1,Pathogens
1322,MS_agar_Arabidopsis_thaliana_F_Path_1_25_F212_Water_Roots,MS_agar,Arabidopsis_thaliana,F_Path,1,25,F212,Water,Roots,3.931,1,Pathogens
1323,MS_agar_Arabidopsis_thaliana_F_Path_1_26_F212_Water_Roots,MS_agar,Arabidopsis_thaliana,F_Path,1,26,F212,Water,Roots,5.17,1,Pathogens
1324,MS_agar_Arabidopsis_thaliana_F_Path_1_27_F212_Water_Roots,MS_agar,Arabidopsis_thaliana,F_Path,1,27,F212,Water,Roots,4.483,1,Pathogens
1325,MS_agar_Arabidopsis_thaliana_F_Path_1_28_F212_Water_Roots,MS_agar,Arabidopsis_thaliana,F_Path,1,28,F212,Water,Roots,1.387,1,Pathogens
1326,MS_agar_Arabidopsis_thaliana_F_Path_1_29_F212_Water_Roots,MS_agar,Arabidopsis_thaliana,F_Path,1,29,F212,Water,Roots,1.812,1,Pathogens
1327,MS_agar_Arabidopsis_thaliana_F_Path_1_30_F212_Water_Roots,MS_agar,Arabidopsis_thaliana,F_Path,1,30,F212,Water,Roots,3.042,1,Pathogens
1328,MS_agar_Arabidopsis_thaliana_F_Path_1_31_F212_Water_Roots,MS_agar,Arabidopsis_thaliana,F_Path,1,31,F212,Water,Roots,8.296,1,Pathogens
1329,MS_agar_Arabidopsis_thaliana_F_Path_1_32_F212_Water_Roots,MS_agar,Arabidopsis_thaliana,F_Path,1,32,F212,Water,Roots,1.817,1,Pathogens
1330,MS_agar_Arabidopsis_thaliana_F_Path_1_33_F212_Water_Roots,MS_agar,Arabidopsis_thaliana,F_Path,1,33,F212,Water,Roots,3.593,1,Pathogens
1331,MS_agar_Arabidopsis_thaliana_F_Path_1_34_F212_Water_Roots,MS_agar,Arabidopsis_thaliana,F_Path,1,34,F212,Water,Roots,2.494,1,Pathogens
1332,MS_agar_Arabidopsis_thaliana_F_Path_1_35_F212_Water_Roots,MS_agar,Arabidopsis_thaliana,F_Path,1,35,F212,Water,Roots,2.044,1,Pathogens
1333,MS_agar_Arabidopsis_thaliana_F_Path_1_36_F212_Water_Roots,MS_agar,Arabidopsis_thaliana,F_Path,1,36,F212,Water,Roots,1.795,1,Pathogens
1334,MS_agar_Arabidopsis_thaliana_F_Path_1_37_F212_Water_Roots,MS_agar,Arabidopsis_thaliana,F_Path,1,37,F212,Water,Roots,2.108,1,Pathogens
1335,MS_agar_Arabidopsis_thaliana_F_Path_1_38_F212_Water_Roots,MS_agar,Arabidopsis_thaliana,F_Path,1,38,F212,Water,Roots,2.336,1,Pathogens
1336,MS_agar_Arabidopsis_thaliana_F_Path_1_39_F212_Water_Roots,MS_agar,Arabidopsis_thaliana,F_Path,1,39,F212,Water,Roots,6.443,1,Pathogens
1337,MS_agar_Arabidopsis_thaliana_F_Path_1_40_F212_Water_Roots,MS_agar,Arabidopsis_thaliana,F_Path,1,40,F212,Water,Roots,4.317,1,Pathogens
1338,MS_agar_Arabidopsis_thaliana_F_Path_1_41_F212_Water_Roots,MS_agar,Arabidopsis_thaliana,F_Path,1,41,F212,Water,Roots,4.56,1,Pathogens
1339,MS_agar_Arabidopsis_thaliana_F_Path_1_42_F212_Water_Roots,MS_agar,Arabidopsis_thaliana,F_Path,1,42,F212,Water,Roots,1.305,1,Pathogens
1340,MS_agar_Arabidopsis_thaliana_F_Path_1_43_F212_Water_Roots,MS_agar,Arabidopsis_thaliana,F_Path,1,43,F212,Water,Roots,2.026,1,Pathogens
1341,MS_agar_Arabidopsis_thaliana_F_Path_1_44_F212_Water_Roots,MS_agar,Arabidopsis_thaliana,F_Path,1,44,F212,Water,Roots,1.947,1,Pathogens
1342,MS_agar_Arabidopsis_thaliana_F_Path_1_45_F212_Water_Roots,MS_agar,Arabidopsis_thaliana,F_Path,1,45,F212,Water,Roots,5.506,1,Pathogens
1343,MS_agar_Arabidopsis_thaliana_F_Path_1_46_F212_Water_Roots,MS_agar,Arabidopsis_thaliana,F_Path,1,46,F212,Water,Roots,2.38,1,Pathogens
1344,MS_agar_Arabidopsis_thaliana_F_Path_1_47_F212_Water_Roots,MS_agar,Arabidopsis_thaliana,F_Path,1,47,F212,Water,Roots,6.05,1,Pathogens
1345,MS_agar_Arabidopsis_thaliana_F_Path_1_48_F212_Water_Roots,MS_agar,Arabidopsis_thaliana,F_Path,1,48,F212,Water,Roots,5.658,1,Pathogens
1346,MS_agar_Arabidopsis_thaliana_F_Path_1_49_F212_Water_Roots,MS_agar,Arabidopsis_thaliana,F_Path,1,49,F212,Water,Roots,1.457,1,Pathogens
1347,MS_agar_Arabidopsis_thaliana_F_Path_1_50_F212_Water_Roots,MS_agar,Arabidopsis_thaliana,F_Path,1,50,F212,Water,Roots,4.26,1,Pathogens
1348,MS_agar_Arabidopsis_thaliana_F_Path_1_1_F212_3OMG_Roots,MS_agar,Arabidopsis_thaliana,F_Path,1,1,F212,3OMG,Roots,9.369,1,Pathogens
1349,MS_agar_Arabidopsis_thaliana_F_Path_1_2_F212_3OMG_Roots,MS_agar,Arabidopsis_thaliana,F_Path,1,2,F212,3OMG,Roots,7.692,1,Pathogens
1350,MS_agar_Arabidopsis_thaliana_F_Path_1_3_F212_3OMG_Roots,MS_agar,Arabidopsis_thaliana,F_Path,1,3,F212,3OMG,Roots,9.392,1,Pathogens
1351,MS_agar_Arabidopsis_thaliana_F_Path_1_4_F212_3OMG_Roots,MS_agar,Arabidopsis_thaliana,F_Path,1,4,F212,3OMG,Roots,5.962,1,Pathogens
1352,MS_agar_Arabidopsis_thaliana_F_Path_1_5_F212_3OMG_Roots,MS_agar,Arabidopsis_thaliana,F_Path,1,5,F212,3OMG,Roots,3.345,1,Pathogens
1353,MS_agar_Arabidopsis_thaliana_F_Path_1_6_F212_3OMG_Roots,MS_agar,Arabidopsis_thaliana,F_Path,1,6,F212,3OMG,Roots,2.181,1,Pathogens
1354,MS_agar_Arabidopsis_thaliana_F_Path_1_7_F212_3OMG_Roots,MS_agar,Arabidopsis_thaliana,F_Path,1,7,F212,3OMG,Roots,5.446,1,Pathogens
1355,MS_agar_Arabidopsis_thaliana_F_Path_1_8_F212_3OMG_Roots,MS_agar,Arabidopsis_thaliana,F_Path,1,8,F212,3OMG,Roots,14.209,1,Pathogens
1356,MS_agar_Arabidopsis_thaliana_F_Path_1_9_F212_3OMG_Roots,MS_agar,Arabidopsis_thaliana,F_Path,1,9,F212,3OMG,Roots,6.963,1,Pathogens
1357,MS_agar_Arabidopsis_thaliana_F_Path_1_10_F212_3OMG_Roots,MS_agar,Arabidopsis_thaliana,F_Path,1,10,F212,3OMG,Roots,8.775,1,Pathogens
1358,MS_agar_Arabidopsis_thaliana_F_Path_1_11_F212_3OMG_Roots,MS_agar,Arabidopsis_thaliana,F_Path,1,11,F212,3OMG,Roots,7.681,1,Pathogens
1359,MS_agar_Arabidopsis_thaliana_F_Path_1_12_F212_3OMG_Roots,MS_agar,Arabidopsis_thaliana,F_Path,1,12,F212,3OMG,Roots,8.321,1,Pathogens
1360,MS_agar_Arabidopsis_thaliana_F_Path_1_13_F212_3OMG_Roots,MS_agar,Arabidopsis_thaliana,F_Path,1,13,F212,3OMG,Roots,11.814,1,Pathogens
1361,MS_agar_Arabidopsis_thaliana_F_Path_1_14_F212_3OMG_Roots,MS_agar,Arabidopsis_thaliana,F_Path,1,14,F212,3OMG,Roots,7.53,1,Pathogens
1362,MS_agar_Arabidopsis_thaliana_F_Path_1_15_F212_3OMG_Roots,MS_agar,Arabidopsis_thaliana,F_Path,1,15,F212,3OMG,Roots,2.395,1,Pathogens
1363,MS_agar_Arabidopsis_thaliana_F_Path_1_16_F212_3OMG_Roots,MS_agar,Arabidopsis_thaliana,F_Path,1,16,F212,3OMG,Roots,8.702,1,Pathogens
1364,MS_agar_Arabidopsis_thaliana_F_Path_1_17_F212_3OMG_Roots,MS_agar,Arabidopsis_thaliana,F_Path,1,17,F212,3OMG,Roots,3.427,1,Pathogens
1365,MS_agar_Arabidopsis_thaliana_F_Path_1_18_F212_3OMG_Roots,MS_agar,Arabidopsis_thaliana,F_Path,1,18,F212,3OMG,Roots,8.331,1,Pathogens
1366,MS_agar_Arabidopsis_thaliana_F_Path_1_19_F212_3OMG_Roots,MS_agar,Arabidopsis_thaliana,F_Path,1,19,F212,3OMG,Roots,6.733,1,Pathogens
1367,MS_agar_Arabidopsis_thaliana_F_Path_1_20_F212_3OMG_Roots,MS_agar,Arabidopsis_thaliana,F_Path,1,20,F212,3OMG,Roots,6.958,1,Pathogens
1368,MS_agar_Arabidopsis_thaliana_F_Path_1_21_F212_3OMG_Roots,MS_agar,Arabidopsis_thaliana,F_Path,1,21,F212,3OMG,Roots,8.625,1,Pathogens
1369,MS_agar_Arabidopsis_thaliana_F_Path_1_22_F212_3OMG_Roots,MS_agar,Arabidopsis_thaliana,F_Path,1,22,F212,3OMG,Roots,10.955,1,Pathogens
1370,MS_agar_Arabidopsis_thaliana_F_Path_1_23_F212_3OMG_Roots,MS_agar,Arabidopsis_thaliana,F_Path,1,23,F212,3OMG,Roots,8.78,1,Pathogens
1371,MS_agar_Arabidopsis_thaliana_F_Path_1_24_F212_3OMG_Roots,MS_agar,Arabidopsis_thaliana,F_Path,1,24,F212,3OMG,Roots,5.493,1,Pathogens
1372,MS_agar_Arabidopsis_thaliana_F_Path_1_25_F212_3OMG_Roots,MS_agar,Arabidopsis_thaliana,F_Path,1,25,F212,3OMG,Roots,5.348,1,Pathogens
1373,MS_agar_Arabidopsis_thaliana_F_Path_1_26_F212_3OMG_Roots,MS_agar,Arabidopsis_thaliana,F_Path,1,26,F212,3OMG,Roots,2.628,1,Pathogens
1374,MS_agar_Arabidopsis_thaliana_F_Path_1_27_F212_3OMG_Roots,MS_agar,Arabidopsis_thaliana,F_Path,1,27,F212,3OMG,Roots,6.601,1,Pathogens
1375,MS_agar_Arabidopsis_thaliana_F_Path_1_28_F212_3OMG_Roots,MS_agar,Arabidopsis_thaliana,F_Path,1,28,F212,3OMG,Roots,6.38,1,Pathogens
1376,MS_agar_Arabidopsis_thaliana_F_Path_1_29_F212_3OMG_Roots,MS_agar,Arabidopsis_thaliana,F_Path,1,29,F212,3OMG,Roots,4.145,1,Pathogens
1377,MS_agar_Arabidopsis_thaliana_F_Path_1_30_F212_3OMG_Roots,MS_agar,Arabidopsis_thaliana,F_Path,1,30,F212,3OMG,Roots,5.371,1,Pathogens
1378,MS_agar_Arabidopsis_thaliana_F_Path_1_31_F212_3OMG_Roots,MS_agar,Arabidopsis_thaliana,F_Path,1,31,F212,3OMG,Roots,5.599,1,Pathogens
1379,MS_agar_Arabidopsis_thaliana_F_Path_1_32_F212_3OMG_Roots,MS_agar,Arabidopsis_thaliana,F_Path,1,32,F212,3OMG,Roots,5.525,1,Pathogens
1380,MS_agar_Arabidopsis_thaliana_F_Path_1_33_F212_3OMG_Roots,MS_agar,Arabidopsis_thaliana,F_Path,1,33,F212,3OMG,Roots,12.335,1,Pathogens
1381,MS_agar_Arabidopsis_thaliana_F_Path_1_34_F212_3OMG_Roots,MS_agar,Arabidopsis_thaliana,F_Path,1,34,F212,3OMG,Roots,9.923,1,Pathogens
1382,MS_agar_Arabidopsis_thaliana_F_Path_1_35_F212_3OMG_Roots,MS_agar,Arabidopsis_thaliana,F_Path,1,35,F212,3OMG,Roots,9.054,1,Pathogens
1383,MS_agar_Arabidopsis_thaliana_F_Path_1_36_F212_3OMG_Roots,MS_agar,Arabidopsis_thaliana,F_Path,1,36,F212,3OMG,Roots,4.054,1,Pathogens
1384,MS_agar_Arabidopsis_thaliana_F_Path_1_37_F212_3OMG_Roots,MS_agar,Arabidopsis_thaliana,F_Path,1,37,F212,3OMG,Roots,7.553,1,Pathogens
1385,MS_agar_Arabidopsis_thaliana_F_Path_1_38_F212_3OMG_Roots,MS_agar,Arabidopsis_thaliana,F_Path,1,38,F212,3OMG,Roots,8.993,1,Pathogens
1386,MS_agar_Arabidopsis_thaliana_F_Path_1_39_F212_3OMG_Roots,MS_agar,Arabidopsis_thaliana,F_Path,1,39,F212,3OMG,Roots,11.64,1,Pathogens
1387,MS_agar_Arabidopsis_thaliana_F_Path_1_40_F212_3OMG_Roots,MS_agar,Arabidopsis_thaliana,F_Path,1,40,F212,3OMG,Roots,8.938,1,Pathogens
1388,MS_agar_Arabidopsis_thaliana_F_Path_1_41_F212_3OMG_Roots,MS_agar,Arabidopsis_thaliana,F_Path,1,41,F212,3OMG,Roots,3.139,1,Pathogens
1389,MS_agar_Arabidopsis_thaliana_F_Path_1_42_F212_3OMG_Roots,MS_agar,Arabidopsis_thaliana,F_Path,1,42,F212,3OMG,Roots,7.809,1,Pathogens
1390,MS_agar_Arabidopsis_thaliana_F_Path_1_43_F212_3OMG_Roots,MS_agar,Arabidopsis_thaliana,F_Path,1,43,F212,3OMG,Roots,3.285,1,Pathogens
1391,MS_agar_Arabidopsis_thaliana_F_Path_1_44_F212_3OMG_Roots,MS_agar,Arabidopsis_thaliana,F_Path,1,44,F212,3OMG,Roots,5.539,1,Pathogens
1392,MS_agar_Arabidopsis_thaliana_F_Path_1_45_F212_3OMG_Roots,MS_agar,Arabidopsis_thaliana,F_Path,1,45,F212,3OMG,Roots,7.755,1,Pathogens
1393,MS_agar_Arabidopsis_thaliana_F_Path_1_46_F212_3OMG_Roots,MS_agar,Arabidopsis_thaliana,F_Path,1,46,F212,3OMG,Roots,2.673,1,Pathogens
1394,MS_agar_Arabidopsis_thaliana_F_Path_1_47_F212_3OMG_Roots,MS_agar,Arabidopsis_thaliana,F_Path,1,47,F212,3OMG,Roots,3.015,1,Pathogens
1395,MS_agar_Arabidopsis_thaliana_F_Path_1_48_F212_3OMG_Roots,MS_agar,Arabidopsis_thaliana,F_Path,1,48,F212,3OMG,Roots,9.87,1,Pathogens
1396,MS_agar_Arabidopsis_thaliana_F_Path_1_49_F212_3OMG_Roots,MS_agar,Arabidopsis_thaliana,F_Path,1,49,F212,3OMG,Roots,9.308,1,Pathogens
1397,MS_agar_Arabidopsis_thaliana_F_Path_1_50_F212_3OMG_Roots,MS_agar,Arabidopsis_thaliana,F_Path,1,50,F212,3OMG,Roots,8.837,1,Pathogens
1398,MS_agar_Arabidopsis_thaliana_F_Path_1_1_F243_Water_Roots,MS_agar,Arabidopsis_thaliana,F_Path,1,1,F243,Water,Roots,8.281,1,Pathogens
1399,MS_agar_Arabidopsis_thaliana_F_Path_1_2_F243_Water_Roots,MS_agar,Arabidopsis_thaliana,F_Path,1,2,F243,Water,Roots,13.985,1,Pathogens
1400,MS_agar_Arabidopsis_thaliana_F_Path_1_3_F243_Water_Roots,MS_agar,Arabidopsis_thaliana,F_Path,1,3,F243,Water,Roots,10.115,1,Pathogens
1401,MS_agar_Arabidopsis_thaliana_F_Path_1_4_F243_Water_Roots,MS_agar,Arabidopsis_thaliana,F_Path,1,4,F243,Water,Roots,2.393,1,Pathogens
1402,MS_agar_Arabidopsis_thaliana_F_Path_1_5_F243_Water_Roots,MS_agar,Arabidopsis_thaliana,F_Path,1,5,F243,Water,Roots,9.382,1,Pathogens
1403,MS_agar_Arabidopsis_thaliana_F_Path_1_6_F243_Water_Roots,MS_agar,Arabidopsis_thaliana,F_Path,1,6,F243,Water,Roots,8.76,1,Pathogens
1404,MS_agar_Arabidopsis_thaliana_F_Path_1_7_F243_Water_Roots,MS_agar,Arabidopsis_thaliana,F_Path,1,7,F243,Water,Roots,3.389,1,Pathogens
1405,MS_agar_Arabidopsis_thaliana_F_Path_1_8_F243_Water_Roots,MS_agar,Arabidopsis_thaliana,F_Path,1,8,F243,Water,Roots,5.693,1,Pathogens
1406,MS_agar_Arabidopsis_thaliana_F_Path_1_9_F243_Water_Roots,MS_agar,Arabidopsis_thaliana,F_Path,1,9,F243,Water,Roots,11.134,1,Pathogens
1407,MS_agar_Arabidopsis_thaliana_F_Path_1_10_F243_Water_Roots,MS_agar,Arabidopsis_thaliana,F_Path,1,10,F243,Water,Roots,2.435,1,Pathogens
1408,MS_agar_Arabidopsis_thaliana_F_Path_1_11_F243_Water_Roots,MS_agar,Arabidopsis_thaliana,F_Path,1,11,F243,Water,Roots,1.946,1,Pathogens
1409,MS_agar_Arabidopsis_thaliana_F_Path_1_12_F243_Water_Roots,MS_agar,Arabidopsis_thaliana,F_Path,1,12,F243,Water,Roots,4.357,1,Pathogens
1410,MS_agar_Arabidopsis_thaliana_F_Path_1_13_F243_Water_Roots,MS_agar,Arabidopsis_thaliana,F_Path,1,13,F243,Water,Roots,6.272,1,Pathogens
1411,MS_agar_Arabidopsis_thaliana_F_Path_1_14_F243_Water_Roots,MS_agar,Arabidopsis_thaliana,F_Path,1,14,F243,Water,Roots,7.424,1,Pathogens
1412,MS_agar_Arabidopsis_thaliana_F_Path_1_15_F243_Water_Roots,MS_agar,Arabidopsis_thaliana,F_Path,1,15,F243,Water,Roots,10.44,1,Pathogens
1413,MS_agar_Arabidopsis_thaliana_F_Path_1_16_F243_Water_Roots,MS_agar,Arabidopsis_thaliana,F_Path,1,16,F243,Water,Roots,8.952,1,Pathogens
1414,MS_agar_Arabidopsis_thaliana_F_Path_1_17_F243_Water_Roots,MS_agar,Arabidopsis_thaliana,F_Path,1,17,F243,Water,Roots,7.118,1,Pathogens
1415,MS_agar_Arabidopsis_thaliana_F_Path_1_18_F243_Water_Roots,MS_agar,Arabidopsis_thaliana,F_Path,1,18,F243,Water,Roots,0.825,1,Pathogens
1416,MS_agar_Arabidopsis_thaliana_F_Path_1_19_F243_Water_Roots,MS_agar,Arabidopsis_thaliana,F_Path,1,19,F243,Water,Roots,1.221,1,Pathogens
1417,MS_agar_Arabidopsis_thaliana_F_Path_1_20_F243_Water_Roots,MS_agar,Arabidopsis_thaliana,F_Path,1,20,F243,Water,Roots,3.139,1,Pathogens
1418,MS_agar_Arabidopsis_thaliana_F_Path_1_21_F243_Water_Roots,MS_agar,Arabidopsis_thaliana,F_Path,1,21,F243,Water,Roots,4.219,1,Pathogens
1419,MS_agar_Arabidopsis_thaliana_F_Path_1_22_F243_Water_Roots,MS_agar,Arabidopsis_thaliana,F_Path,1,22,F243,Water,Roots,2.353,1,Pathogens
1420,MS_agar_Arabidopsis_thaliana_F_Path_1_23_F243_Water_Roots,MS_agar,Arabidopsis_thaliana,F_Path,1,23,F243,Water,Roots,2.111,1,Pathogens
1421,MS_agar_Arabidopsis_thaliana_F_Path_1_24_F243_Water_Roots,MS_agar,Arabidopsis_thaliana,F_Path,1,24,F243,Water,Roots,9.218,1,Pathogens
1422,MS_agar_Arabidopsis_thaliana_F_Path_1_25_F243_Water_Roots,MS_agar,Arabidopsis_thaliana,F_Path,1,25,F243,Water,Roots,6.654,1,Pathogens
1423,MS_agar_Arabidopsis_thaliana_F_Path_1_26_F243_Water_Roots,MS_agar,Arabidopsis_thaliana,F_Path,1,26,F243,Water,Roots,8.06,1,Pathogens
1424,MS_agar_Arabidopsis_thaliana_F_Path_1_27_F243_Water_Roots,MS_agar,Arabidopsis_thaliana,F_Path,1,27,F243,Water,Roots,7.928,1,Pathogens
1425,MS_agar_Arabidopsis_thaliana_F_Path_1_28_F243_Water_Roots,MS_agar,Arabidopsis_thaliana,F_Path,1,28,F243,Water,Roots,2.464,1,Pathogens
1426,MS_agar_Arabidopsis_thaliana_F_Path_1_29_F243_Water_Roots,MS_agar,Arabidopsis_thaliana,F_Path,1,29,F243,Water,Roots,11.917,1,Pathogens
1427,MS_agar_Arabidopsis_thaliana_F_Path_1_30_F243_Water_Roots,MS_agar,Arabidopsis_thaliana,F_Path,1,30,F243,Water,Roots,7.253,1,Pathogens
1428,MS_agar_Arabidopsis_thaliana_F_Path_1_31_F243_Water_Roots,MS_agar,Arabidopsis_thaliana,F_Path,1,31,F243,Water,Roots,8.605,1,Pathogens
1429,MS_agar_Arabidopsis_thaliana_F_Path_1_32_F243_Water_Roots,MS_agar,Arabidopsis_thaliana,F_Path,1,32,F243,Water,Roots,1.836,1,Pathogens
1430,MS_agar_Arabidopsis_thaliana_F_Path_1_33_F243_Water_Roots,MS_agar,Arabidopsis_thaliana,F_Path,1,33,F243,Water,Roots,6.722,1,Pathogens
1431,MS_agar_Arabidopsis_thaliana_F_Path_1_34_F243_Water_Roots,MS_agar,Arabidopsis_thaliana,F_Path,1,34,F243,Water,Roots,9.847,1,Pathogens
1432,MS_agar_Arabidopsis_thaliana_F_Path_1_35_F243_Water_Roots,MS_agar,Arabidopsis_thaliana,F_Path,1,35,F243,Water,Roots,2.107,1,Pathogens
1433,MS_agar_Arabidopsis_thaliana_F_Path_1_36_F243_Water_Roots,MS_agar,Arabidopsis_thaliana,F_Path,1,36,F243,Water,Roots,10.661,1,Pathogens
1434,MS_agar_Arabidopsis_thaliana_F_Path_1_37_F243_Water_Roots,MS_agar,Arabidopsis_thaliana,F_Path,1,37,F243,Water,Roots,9.823,1,Pathogens
1435,MS_agar_Arabidopsis_thaliana_F_Path_1_38_F243_Water_Roots,MS_agar,Arabidopsis_thaliana,F_Path,1,38,F243,Water,Roots,2.784,1,Pathogens
1436,MS_agar_Arabidopsis_thaliana_F_Path_1_39_F243_Water_Roots,MS_agar,Arabidopsis_thaliana,F_Path,1,39,F243,Water,Roots,1.786,1,Pathogens
1437,MS_agar_Arabidopsis_thaliana_F_Path_1_40_F243_Water_Roots,MS_agar,Arabidopsis_thaliana,F_Path,1,40,F243,Water,Roots,1.777,1,Pathogens
1438,MS_agar_Arabidopsis_thaliana_F_Path_1_41_F243_Water_Roots,MS_agar,Arabidopsis_thaliana,F_Path,1,41,F243,Water,Roots,4.86,1,Pathogens
1439,MS_agar_Arabidopsis_thaliana_F_Path_1_42_F243_Water_Roots,MS_agar,Arabidopsis_thaliana,F_Path,1,42,F243,Water,Roots,8.881,1,Pathogens
1440,MS_agar_Arabidopsis_thaliana_F_Path_1_43_F243_Water_Roots,MS_agar,Arabidopsis_thaliana,F_Path,1,43,F243,Water,Roots,4.246,1,Pathogens
1441,MS_agar_Arabidopsis_thaliana_F_Path_1_44_F243_Water_Roots,MS_agar,Arabidopsis_thaliana,F_Path,1,44,F243,Water,Roots,12.385,1,Pathogens
1442,MS_agar_Arabidopsis_thaliana_F_Path_1_45_F243_Water_Roots,MS_agar,Arabidopsis_thaliana,F_Path,1,45,F243,Water,Roots,5.911,1,Pathogens
1443,MS_agar_Arabidopsis_thaliana_F_Path_1_46_F243_Water_Roots,MS_agar,Arabidopsis_thaliana,F_Path,1,46,F243,Water,Roots,5.911,1,Pathogens
1444,MS_agar_Arabidopsis_thaliana_F_Path_1_47_F243_Water_Roots,MS_agar,Arabidopsis_thaliana,F_Path,1,47,F243,Water,Roots,6.411,1,Pathogens
1445,MS_agar_Arabidopsis_thaliana_F_Path_1_48_F243_Water_Roots,MS_agar,Arabidopsis_thaliana,F_Path,1,48,F243,Water,Roots,7.207,1,Pathogens
1446,MS_agar_Arabidopsis_thaliana_F_Path_1_49_F243_Water_Roots,MS_agar,Arabidopsis_thaliana,F_Path,1,49,F243,Water,Roots,10.014,1,Pathogens
1447,MS_agar_Arabidopsis_thaliana_F_Path_1_50_F243_Water_Roots,MS_agar,Arabidopsis_thaliana,F_Path,1,50,F243,Water,Roots,12.489,1,Pathogens
1448,MS_agar_Arabidopsis_thaliana_F_Path_1_1_F243_3OMG_Roots,MS_agar,Arabidopsis_thaliana,F_Path,1,1,F243,3OMG,Roots,10.564,1,Pathogens
1449,MS_agar_Arabidopsis_thaliana_F_Path_1_2_F243_3OMG_Roots,MS_agar,Arabidopsis_thaliana,F_Path,1,2,F243,3OMG,Roots,14.216,1,Pathogens
1450,MS_agar_Arabidopsis_thaliana_F_Path_1_3_F243_3OMG_Roots,MS_agar,Arabidopsis_thaliana,F_Path,1,3,F243,3OMG,Roots,15.185,1,Pathogens
1451,MS_agar_Arabidopsis_thaliana_F_Path_1_4_F243_3OMG_Roots,MS_agar,Arabidopsis_thaliana,F_Path,1,4,F243,3OMG,Roots,6.044,1,Pathogens
1452,MS_agar_Arabidopsis_thaliana_F_Path_1_5_F243_3OMG_Roots,MS_agar,Arabidopsis_thaliana,F_Path,1,5,F243,3OMG,Roots,13.451,1,Pathogens
1453,MS_agar_Arabidopsis_thaliana_F_Path_1_6_F243_3OMG_Roots,MS_agar,Arabidopsis_thaliana,F_Path,1,6,F243,3OMG,Roots,9.397,1,Pathogens
1454,MS_agar_Arabidopsis_thaliana_F_Path_1_7_F243_3OMG_Roots,MS_agar,Arabidopsis_thaliana,F_Path,1,7,F243,3OMG,Roots,8.671,1,Pathogens
1455,MS_agar_Arabidopsis_thaliana_F_Path_1_8_F243_3OMG_Roots,MS_agar,Arabidopsis_thaliana,F_Path,1,8,F243,3OMG,Roots,13.642,1,Pathogens
1456,MS_agar_Arabidopsis_thaliana_F_Path_1_9_F243_3OMG_Roots,MS_agar,Arabidopsis_thaliana,F_Path,1,9,F243,3OMG,Roots,12.299,1,Pathogens
1457,MS_agar_Arabidopsis_thaliana_F_Path_1_10_F243_3OMG_Roots,MS_agar,Arabidopsis_thaliana,F_Path,1,10,F243,3OMG,Roots,6.558,1,Pathogens
1458,MS_agar_Arabidopsis_thaliana_F_Path_1_11_F243_3OMG_Roots,MS_agar,Arabidopsis_thaliana,F_Path,1,11,F243,3OMG,Roots,11.371,1,Pathogens
1459,MS_agar_Arabidopsis_thaliana_F_Path_1_12_F243_3OMG_Roots,MS_agar,Arabidopsis_thaliana,F_Path,1,12,F243,3OMG,Roots,11.228,1,Pathogens
1460,MS_agar_Arabidopsis_thaliana_F_Path_1_13_F243_3OMG_Roots,MS_agar,Arabidopsis_thaliana,F_Path,1,13,F243,3OMG,Roots,13.42,1,Pathogens
1461,MS_agar_Arabidopsis_thaliana_F_Path_1_14_F243_3OMG_Roots,MS_agar,Arabidopsis_thaliana,F_Path,1,14,F243,3OMG,Roots,7.471,1,Pathogens
1462,MS_agar_Arabidopsis_thaliana_F_Path_1_15_F243_3OMG_Roots,MS_agar,Arabidopsis_thaliana,F_Path,1,15,F243,3OMG,Roots,9.254,1,Pathogens
1463,MS_agar_Arabidopsis_thaliana_F_Path_1_16_F243_3OMG_Roots,MS_agar,Arabidopsis_thaliana,F_Path,1,16,F243,3OMG,Roots,8.949,1,Pathogens
1464,MS_agar_Arabidopsis_thaliana_F_Path_1_17_F243_3OMG_Roots,MS_agar,Arabidopsis_thaliana,F_Path,1,17,F243,3OMG,Roots,8.671,1,Pathogens
1465,MS_agar_Arabidopsis_thaliana_F_Path_1_18_F243_3OMG_Roots,MS_agar,Arabidopsis_thaliana,F_Path,1,18,F243,3OMG,Roots,3.083,1,Pathogens
1466,MS_agar_Arabidopsis_thaliana_F_Path_1_19_F243_3OMG_Roots,MS_agar,Arabidopsis_thaliana,F_Path,1,19,F243,3OMG,Roots,8.876,1,Pathogens
1467,MS_agar_Arabidopsis_thaliana_F_Path_1_20_F243_3OMG_Roots,MS_agar,Arabidopsis_thaliana,F_Path,1,20,F243,3OMG,Roots,7.796,1,Pathogens
1468,MS_agar_Arabidopsis_thaliana_F_Path_1_21_F243_3OMG_Roots,MS_agar,Arabidopsis_thaliana,F_Path,1,21,F243,3OMG,Roots,10.512,1,Pathogens
1469,MS_agar_Arabidopsis_thaliana_F_Path_1_22_F243_3OMG_Roots,MS_agar,Arabidopsis_thaliana,F_Path,1,22,F243,3OMG,Roots,8.444,1,Pathogens
1470,MS_agar_Arabidopsis_thaliana_F_Path_1_23_F243_3OMG_Roots,MS_agar,Arabidopsis_thaliana,F_Path,1,23,F243,3OMG,Roots,10.952,1,Pathogens
1471,MS_agar_Arabidopsis_thaliana_F_Path_1_24_F243_3OMG_Roots,MS_agar,Arabidopsis_thaliana,F_Path,1,24,F243,3OMG,Roots,13.838,1,Pathogens
1472,MS_agar_Arabidopsis_thaliana_F_Path_1_25_F243_3OMG_Roots,MS_agar,Arabidopsis_thaliana,F_Path,1,25,F243,3OMG,Roots,6.729,1,Pathogens
1473,MS_agar_Arabidopsis_thaliana_F_Path_1_26_F243_3OMG_Roots,MS_agar,Arabidopsis_thaliana,F_Path,1,26,F243,3OMG,Roots,11.394,1,Pathogens
1474,MS_agar_Arabidopsis_thaliana_F_Path_1_27_F243_3OMG_Roots,MS_agar,Arabidopsis_thaliana,F_Path,1,27,F243,3OMG,Roots,1.971,1,Pathogens
1475,MS_agar_Arabidopsis_thaliana_F_Path_1_28_F243_3OMG_Roots,MS_agar,Arabidopsis_thaliana,F_Path,1,28,F243,3OMG,Roots,12.596,1,Pathogens
1476,MS_agar_Arabidopsis_thaliana_F_Path_1_29_F243_3OMG_Roots,MS_agar,Arabidopsis_thaliana,F_Path,1,29,F243,3OMG,Roots,9.624,1,Pathogens
1477,MS_agar_Arabidopsis_thaliana_F_Path_1_30_F243_3OMG_Roots,MS_agar,Arabidopsis_thaliana,F_Path,1,30,F243,3OMG,Roots,9.112,1,Pathogens
1478,MS_agar_Arabidopsis_thaliana_F_Path_1_31_F243_3OMG_Roots,MS_agar,Arabidopsis_thaliana,F_Path,1,31,F243,3OMG,Roots,7.632,1,Pathogens
1479,MS_agar_Arabidopsis_thaliana_F_Path_1_32_F243_3OMG_Roots,MS_agar,Arabidopsis_thaliana,F_Path,1,32,F243,3OMG,Roots,8.575,1,Pathogens
1480,MS_agar_Arabidopsis_thaliana_F_Path_1_33_F243_3OMG_Roots,MS_agar,Arabidopsis_thaliana,F_Path,1,33,F243,3OMG,Roots,12.781,1,Pathogens
1481,MS_agar_Arabidopsis_thaliana_F_Path_1_34_F243_3OMG_Roots,MS_agar,Arabidopsis_thaliana,F_Path,1,34,F243,3OMG,Roots,14.752,1,Pathogens
1482,MS_agar_Arabidopsis_thaliana_F_Path_1_35_F243_3OMG_Roots,MS_agar,Arabidopsis_thaliana,F_Path,1,35,F243,3OMG,Roots,10.105,1,Pathogens
1483,MS_agar_Arabidopsis_thaliana_F_Path_1_36_F243_3OMG_Roots,MS_agar,Arabidopsis_thaliana,F_Path,1,36,F243,3OMG,Roots,12.44,1,Pathogens
1484,MS_agar_Arabidopsis_thaliana_F_Path_1_37_F243_3OMG_Roots,MS_agar,Arabidopsis_thaliana,F_Path,1,37,F243,3OMG,Roots,14.975,1,Pathogens
1485,MS_agar_Arabidopsis_thaliana_F_Path_1_38_F243_3OMG_Roots,MS_agar,Arabidopsis_thaliana,F_Path,1,38,F243,3OMG,Roots,6.532,1,Pathogens
1486,MS_agar_Arabidopsis_thaliana_F_Path_1_39_F243_3OMG_Roots,MS_agar,Arabidopsis_thaliana,F_Path,1,39,F243,3OMG,Roots,3.018,1,Pathogens
1487,MS_agar_Arabidopsis_thaliana_F_Path_1_40_F243_3OMG_Roots,MS_agar,Arabidopsis_thaliana,F_Path,1,40,F243,3OMG,Roots,2.628,1,Pathogens
1488,MS_agar_Arabidopsis_thaliana_F_Path_1_41_F243_3OMG_Roots,MS_agar,Arabidopsis_thaliana,F_Path,1,41,F243,3OMG,Roots,12.983,1,Pathogens
1489,MS_agar_Arabidopsis_thaliana_F_Path_1_42_F243_3OMG_Roots,MS_agar,Arabidopsis_thaliana,F_Path,1,42,F243,3OMG,Roots,8.698,1,Pathogens
1490,MS_agar_Arabidopsis_thaliana_F_Path_1_43_F243_3OMG_Roots,MS_agar,Arabidopsis_thaliana,F_Path,1,43,F243,3OMG,Roots,13.144,1,Pathogens
1491,MS_agar_Arabidopsis_thaliana_F_Path_1_44_F243_3OMG_Roots,MS_agar,Arabidopsis_thaliana,F_Path,1,44,F243,3OMG,Roots,11.306,1,Pathogens
1492,MS_agar_Arabidopsis_thaliana_F_Path_1_45_F243_3OMG_Roots,MS_agar,Arabidopsis_thaliana,F_Path,1,45,F243,3OMG,Roots,13.186,1,Pathogens
1493,MS_agar_Arabidopsis_thaliana_F_Path_1_46_F243_3OMG_Roots,MS_agar,Arabidopsis_thaliana,F_Path,1,46,F243,3OMG,Roots,11.75,1,Pathogens
1494,MS_agar_Arabidopsis_thaliana_F_Path_1_47_F243_3OMG_Roots,MS_agar,Arabidopsis_thaliana,F_Path,1,47,F243,3OMG,Roots,13.748,1,Pathogens
1495,MS_agar_Arabidopsis_thaliana_F_Path_1_48_F243_3OMG_Roots,MS_agar,Arabidopsis_thaliana,F_Path,1,48,F243,3OMG,Roots,13.644,1,Pathogens
1496,MS_agar_Arabidopsis_thaliana_F_Path_1_49_F243_3OMG_Roots,MS_agar,Arabidopsis_thaliana,F_Path,1,49,F243,3OMG,Roots,9.948,1,Pathogens
1497,MS_agar_Arabidopsis_thaliana_F_Path_1_50_F243_3OMG_Roots,MS_agar,Arabidopsis_thaliana,F_Path,1,50,F243,3OMG,Roots,13.848,1,Pathogens
1498,Flowpots_Arabidopsis_thaliana_F_Path_2_1_MF_Water_Shoot,Flowpots,Arabidopsis_thaliana,F_Path_2,2,1,MF,Water,Shoot,19.5,2,Pathogens
1499,Flowpots_Arabidopsis_thaliana_F_Path_2_2_MF_Water_Shoot,Flowpots,Arabidopsis_thaliana,F_Path_2,2,2,MF,Water,Shoot,75.9,4,Pathogens
1500,Flowpots_Arabidopsis_thaliana_F_Path_2_3_MF_Water_Shoot,Flowpots,Arabidopsis_thaliana,F_Path_2,2,3,MF,Water,Shoot,33.9,2,Pathogens
1501,Flowpots_Arabidopsis_thaliana_F_Path_2_4_MF_Water_Shoot,Flowpots,Arabidopsis_thaliana,F_Path_2,2,4,MF,Water,Shoot,68.5,5,Pathogens
1502,Flowpots_Arabidopsis_thaliana_F_Path_2_1_MF_3OMG_Shoot,Flowpots,Arabidopsis_thaliana,F_Path_2,2,1,MF,3OMG,Shoot,16.3,3,Pathogens
1503,Flowpots_Arabidopsis_thaliana_F_Path_2_2_MF_3OMG_Shoot,Flowpots,Arabidopsis_thaliana,F_Path_2,2,2,MF,3OMG,Shoot,43.4,5,Pathogens
1504,Flowpots_Arabidopsis_thaliana_F_Path_2_3_MF_3OMG_Shoot,Flowpots,Arabidopsis_thaliana,F_Path_2,2,3,MF,3OMG,Shoot,22.1,4,Pathogens
1505,Flowpots_Arabidopsis_thaliana_F_Path_2_4_MF_3OMG_Shoot,Flowpots,Arabidopsis_thaliana,F_Path_2,2,4,MF,3OMG,Shoot,31.7,3,Pathogens
1506,Flowpots_Arabidopsis_thaliana_F_Path_2_1_F16_Water_Shoot,Flowpots,Arabidopsis_thaliana,F_Path_2,2,1,F16,Water,Shoot,107.3,5,Pathogens
1507,Flowpots_Arabidopsis_thaliana_F_Path_2_2_F16_Water_Shoot,Flowpots,Arabidopsis_thaliana,F_Path_2,2,2,F16,Water,Shoot,42,2,Pathogens
1508,Flowpots_Arabidopsis_thaliana_F_Path_2_3_F16_Water_Shoot,Flowpots,Arabidopsis_thaliana,F_Path_2,2,3,F16,Water,Shoot,66,4,Pathogens
1509,Flowpots_Arabidopsis_thaliana_F_Path_2_4_F16_Water_Shoot,Flowpots,Arabidopsis_thaliana,F_Path_2,2,4,F16,Water,Shoot,26.9,3,Pathogens
1510,Flowpots_Arabidopsis_thaliana_F_Path_2_1_F16_3OMG_Shoot,Flowpots,Arabidopsis_thaliana,F_Path_2,2,1,F16,3OMG,Shoot,94.3,5,Pathogens
1511,Flowpots_Arabidopsis_thaliana_F_Path_2_2_F16_3OMG_Shoot,Flowpots,Arabidopsis_thaliana,F_Path_2,2,2,F16,3OMG,Shoot,76.9,4,Pathogens
1512,Flowpots_Arabidopsis_thaliana_F_Path_2_3_F16_3OMG_Shoot,Flowpots,Arabidopsis_thaliana,F_Path_2,2,3,F16,3OMG,Shoot,52.3,3,Pathogens
1513,Flowpots_Arabidopsis_thaliana_F_Path_2_4_F16_3OMG_Shoot,Flowpots,Arabidopsis_thaliana,F_Path_2,2,4,F16,3OMG,Shoot,17.5,1,Pathogens
1514,Flowpots_Arabidopsis_thaliana_F_Path_2_1_F44_Water_Shoot,Flowpots,Arabidopsis_thaliana,F_Path_2,2,1,F44,Water,Shoot,37.1,4,Pathogens
1515,Flowpots_Arabidopsis_thaliana_F_Path_2_2_F44_Water_Shoot,Flowpots,Arabidopsis_thaliana,F_Path_2,2,2,F44,Water,Shoot,73.4,5,Pathogens
1516,Flowpots_Arabidopsis_thaliana_F_Path_2_3_F44_Water_Shoot,Flowpots,Arabidopsis_thaliana,F_Path_2,2,3,F44,Water,Shoot,21,2,Pathogens
1517,Flowpots_Arabidopsis_thaliana_F_Path_2_4_F44_Water_Shoot,Flowpots,Arabidopsis_thaliana,F_Path_2,2,4,F44,Water,Shoot,49.1,2,Pathogens
1518,Flowpots_Arabidopsis_thaliana_F_Path_2_1_F44_3OMG_Shoot,Flowpots,Arabidopsis_thaliana,F_Path_2,2,1,F44,3OMG,Shoot,31.5,3,Pathogens
1519,Flowpots_Arabidopsis_thaliana_F_Path_2_2_F44_3OMG_Shoot,Flowpots,Arabidopsis_thaliana,F_Path_2,2,2,F44,3OMG,Shoot,9.4,1,Pathogens
1520,Flowpots_Arabidopsis_thaliana_F_Path_2_3_F44_3OMG_Shoot,Flowpots,Arabidopsis_thaliana,F_Path_2,2,3,F44,3OMG,Shoot,86.4,4,Pathogens
1521,Flowpots_Arabidopsis_thaliana_F_Path_2_4_F44_3OMG_Shoot,Flowpots,Arabidopsis_thaliana,F_Path_2,2,4,F44,3OMG,Shoot,64.1,4,Pathogens
1522,Flowpots_Arabidopsis_thaliana_F_Path_2_1_F64_Water_Shoot,Flowpots,Arabidopsis_thaliana,F_Path_2,2,1,F64,Water,Shoot,81.4,4,Pathogens
1523,Flowpots_Arabidopsis_thaliana_F_Path_2_2_F64_Water_Shoot,Flowpots,Arabidopsis_thaliana,F_Path_2,2,2,F64,Water,Shoot,66.9,5,Pathogens
1524,Flowpots_Arabidopsis_thaliana_F_Path_2_3_F64_Water_Shoot,Flowpots,Arabidopsis_thaliana,F_Path_2,2,3,F64,Water,Shoot,57.2,5,Pathogens
1525,Flowpots_Arabidopsis_thaliana_F_Path_2_4_F64_Water_Shoot,Flowpots,Arabidopsis_thaliana,F_Path_2,2,4,F64,Water,Shoot,31.7,2,Pathogens
1526,Flowpots_Arabidopsis_thaliana_F_Path_2_1_F64_3OMG_Shoot,Flowpots,Arabidopsis_thaliana,F_Path_2,2,1,F64,3OMG,Shoot,32.5,3,Pathogens
1527,Flowpots_Arabidopsis_thaliana_F_Path_2_2_F64_3OMG_Shoot,Flowpots,Arabidopsis_thaliana,F_Path_2,2,2,F64,3OMG,Shoot,85.9,4,Pathogens
1528,Flowpots_Arabidopsis_thaliana_F_Path_2_3_F64_3OMG_Shoot,Flowpots,Arabidopsis_thaliana,F_Path_2,2,3,F64,3OMG,Shoot,16.8,3,Pathogens
1529,Flowpots_Arabidopsis_thaliana_F_Path_2_4_F64_3OMG_Shoot,Flowpots,Arabidopsis_thaliana,F_Path_2,2,4,F64,3OMG,Shoot,55,4,Pathogens
1530,Flowpots_Arabidopsis_thaliana_F_Path_2_1_F96_Water_Shoot,Flowpots,Arabidopsis_thaliana,F_Path_2,2,1,F96,Water,Shoot,0,0,Pathogens
1531,Flowpots_Arabidopsis_thaliana_F_Path_2_2_F96_Water_Shoot,Flowpots,Arabidopsis_thaliana,F_Path_2,2,2,F96,Water,Shoot,0,0,Pathogens
1532,Flowpots_Arabidopsis_thaliana_F_Path_2_3_F96_Water_Shoot,Flowpots,Arabidopsis_thaliana,F_Path_2,2,3,F96,Water,Shoot,28.5,1,Pathogens
1533,Flowpots_Arabidopsis_thaliana_F_Path_2_4_F96_Water_Shoot,Flowpots,Arabidopsis_thaliana,F_Path_2,2,4,F96,Water,Shoot,0,0,Pathogens
1534,Flowpots_Arabidopsis_thaliana_F_Path_2_1_F96_3OMG_Shoot,Flowpots,Arabidopsis_thaliana,F_Path_2,2,1,F96,3OMG,Shoot,56.7,4,Pathogens
1535,Flowpots_Arabidopsis_thaliana_F_Path_2_2_F96_3OMG_Shoot,Flowpots,Arabidopsis_thaliana,F_Path_2,2,2,F96,3OMG,Shoot,39.7,3,Pathogens
1536,Flowpots_Arabidopsis_thaliana_F_Path_2_3_F96_3OMG_Shoot,Flowpots,Arabidopsis_thaliana,F_Path_2,2,3,F96,3OMG,Shoot,38.1,4,Pathogens
1537,Flowpots_Arabidopsis_thaliana_F_Path_2_4_F96_3OMG_Shoot,Flowpots,Arabidopsis_thaliana,F_Path_2,2,4,F96,3OMG,Shoot,80.2,5,Pathogens
1538,Flowpots_Arabidopsis_thaliana_F_Path_2_1_F117_Water_Shoot,Flowpots,Arabidopsis_thaliana,F_Path_2,2,1,F117,Water,Shoot,67.6,4,Pathogens
1539,Flowpots_Arabidopsis_thaliana_F_Path_2_2_F117_Water_Shoot,Flowpots,Arabidopsis_thaliana,F_Path_2,2,2,F117,Water,Shoot,0,0,Pathogens
1540,Flowpots_Arabidopsis_thaliana_F_Path_2_3_F117_Water_Shoot,Flowpots,Arabidopsis_thaliana,F_Path_2,2,3,F117,Water,Shoot,59.6,4,Pathogens
1541,Flowpots_Arabidopsis_thaliana_F_Path_2_4_F117_Water_Shoot,Flowpots,Arabidopsis_thaliana,F_Path_2,2,4,F117,Water,Shoot,29.5,2,Pathogens
1542,Flowpots_Arabidopsis_thaliana_F_Path_2_1_F117_3OMG_Shoot,Flowpots,Arabidopsis_thaliana,F_Path_2,2,1,F117,3OMG,Shoot,55.5,6,Pathogens
1543,Flowpots_Arabidopsis_thaliana_F_Path_2_2_F117_3OMG_Shoot,Flowpots,Arabidopsis_thaliana,F_Path_2,2,2,F117,3OMG,Shoot,61,3,Pathogens
1544,Flowpots_Arabidopsis_thaliana_F_Path_2_3_F117_3OMG_Shoot,Flowpots,Arabidopsis_thaliana,F_Path_2,2,3,F117,3OMG,Shoot,67.7,4,Pathogens
1545,Flowpots_Arabidopsis_thaliana_F_Path_2_4_F117_3OMG_Shoot,Flowpots,Arabidopsis_thaliana,F_Path_2,2,4,F117,3OMG,Shoot,42.5,5,Pathogens
1546,Flowpots_Arabidopsis_thaliana_F_Path_2_1_F147_Water_Shoot,Flowpots,Arabidopsis_thaliana,F_Path_2,2,1,F147,Water,Shoot,0.4,1,Pathogens
1547,Flowpots_Arabidopsis_thaliana_F_Path_2_2_F147_Water_Shoot,Flowpots,Arabidopsis_thaliana,F_Path_2,2,2,F147,Water,Shoot,0,0,Pathogens
1548,Flowpots_Arabidopsis_thaliana_F_Path_2_3_F147_Water_Shoot,Flowpots,Arabidopsis_thaliana,F_Path_2,2,3,F147,Water,Shoot,0,0,Pathogens
1549,Flowpots_Arabidopsis_thaliana_F_Path_2_4_F147_Water_Shoot,Flowpots,Arabidopsis_thaliana,F_Path_2,2,4,F147,Water,Shoot,0,0,Pathogens
1550,Flowpots_Arabidopsis_thaliana_F_Path_2_1_F147_3OMG_Shoot,Flowpots,Arabidopsis_thaliana,F_Path_2,2,1,F147,3OMG,Shoot,37.6,3,Pathogens
1551,Flowpots_Arabidopsis_thaliana_F_Path_2_2_F147_3OMG_Shoot,Flowpots,Arabidopsis_thaliana,F_Path_2,2,2,F147,3OMG,Shoot,81.8,5,Pathogens
1552,Flowpots_Arabidopsis_thaliana_F_Path_2_3_F147_3OMG_Shoot,Flowpots,Arabidopsis_thaliana,F_Path_2,2,3,F147,3OMG,Shoot,49.7,4,Pathogens
1553,Flowpots_Arabidopsis_thaliana_F_Path_2_4_F147_3OMG_Shoot,Flowpots,Arabidopsis_thaliana,F_Path_2,2,4,F147,3OMG,Shoot,61.4,4,Pathogens
1554,Flowpots_Arabidopsis_thaliana_F_Path_2_1_F212_Water_Shoot,Flowpots,Arabidopsis_thaliana,F_Path_2,2,1,F212,Water,Shoot,51.1,3,Pathogens
1555,Flowpots_Arabidopsis_thaliana_F_Path_2_2_F212_Water_Shoot,Flowpots,Arabidopsis_thaliana,F_Path_2,2,2,F212,Water,Shoot,122.6,7,Pathogens
1556,Flowpots_Arabidopsis_thaliana_F_Path_2_3_F212_Water_Shoot,Flowpots,Arabidopsis_thaliana,F_Path_2,2,3,F212,Water,Shoot,77.5,4,Pathogens
1557,Flowpots_Arabidopsis_thaliana_F_Path_2_4_F212_Water_Shoot,Flowpots,Arabidopsis_thaliana,F_Path_2,2,4,F212,Water,Shoot,78.4,5,Pathogens
1558,Flowpots_Arabidopsis_thaliana_F_Path_2_1_F212_3OMG_Shoot,Flowpots,Arabidopsis_thaliana,F_Path_2,2,1,F212,3OMG,Shoot,49.7,3,Pathogens
1559,Flowpots_Arabidopsis_thaliana_F_Path_2_2_F212_3OMG_Shoot,Flowpots,Arabidopsis_thaliana,F_Path_2,2,2,F212,3OMG,Shoot,87.6,3,Pathogens
1560,Flowpots_Arabidopsis_thaliana_F_Path_2_3_F212_3OMG_Shoot,Flowpots,Arabidopsis_thaliana,F_Path_2,2,3,F212,3OMG,Shoot,94.4,5,Pathogens
1561,Flowpots_Arabidopsis_thaliana_F_Path_2_4_F212_3OMG_Shoot,Flowpots,Arabidopsis_thaliana,F_Path_2,2,4,F212,3OMG,Shoot,39,2,Pathogens
1562,Flowpots_Arabidopsis_thaliana_F_Path_2_1_F243_Water_Shoot,Flowpots,Arabidopsis_thaliana,F_Path_2,2,1,F243,Water,Shoot,54.9,5,Pathogens
1563,Flowpots_Arabidopsis_thaliana_F_Path_2_2_F243_Water_Shoot,Flowpots,Arabidopsis_thaliana,F_Path_2,2,2,F243,Water,Shoot,58.1,4,Pathogens
1564,Flowpots_Arabidopsis_thaliana_F_Path_2_3_F243_Water_Shoot,Flowpots,Arabidopsis_thaliana,F_Path_2,2,3,F243,Water,Shoot,23.3,3,Pathogens
1565,Flowpots_Arabidopsis_thaliana_F_Path_2_4_F243_Water_Shoot,Flowpots,Arabidopsis_thaliana,F_Path_2,2,4,F243,Water,Shoot,45.5,4,Pathogens
1566,Flowpots_Arabidopsis_thaliana_F_Path_2_1_F243_3OMG_Shoot,Flowpots,Arabidopsis_thaliana,F_Path_2,2,1,F243,3OMG,Shoot,38.3,4,Pathogens
1567,Flowpots_Arabidopsis_thaliana_F_Path_2_2_F243_3OMG_Shoot,Flowpots,Arabidopsis_thaliana,F_Path_2,2,2,F243,3OMG,Shoot,50,4,Pathogens
1568,Flowpots_Arabidopsis_thaliana_F_Path_2_3_F243_3OMG_Shoot,Flowpots,Arabidopsis_thaliana,F_Path_2,2,3,F243,3OMG,Shoot,39.9,3,Pathogens
1569,Flowpots_Arabidopsis_thaliana_F_Path_2_4_F243_3OMG_Shoot,Flowpots,Arabidopsis_thaliana,F_Path_2,2,4,F243,3OMG,Shoot,68.9,5,Pathogens
1570,MS_agar_Hordeum_vulgare_Path_Ben_1_1_Bs_Water_Shoot,MS_agar,Hordeum_vulgare,Path_Ben,1,1,Bs,Water,Shoot,79.5,1,Pathogens
1571,MS_agar_Hordeum_vulgare_Path_Ben_1_2_Bs_Water_Shoot,MS_agar,Hordeum_vulgare,Path_Ben,1,2,Bs,Water,Shoot,129.2,1,Pathogens
1572,MS_agar_Hordeum_vulgare_Path_Ben_1_3_Bs_Water_Shoot,MS_agar,Hordeum_vulgare,Path_Ben,1,3,Bs,Water,Shoot,113.7,1,Pathogens
1573,MS_agar_Hordeum_vulgare_Path_Ben_1_4_Bs_Water_Shoot,MS_agar,Hordeum_vulgare,Path_Ben,1,4,Bs,Water,Shoot,163.4,1,Pathogens
1574,MS_agar_Hordeum_vulgare_Path_Ben_1_5_Bs_Water_Shoot,MS_agar,Hordeum_vulgare,Path_Ben,1,5,Bs,Water,Shoot,85.9,1,Pathogens
1575,MS_agar_Hordeum_vulgare_Path_Ben_1_6_Bs_Water_Shoot,MS_agar,Hordeum_vulgare,Path_Ben,1,6,Bs,Water,Shoot,116.9,1,Pathogens
1576,MS_agar_Hordeum_vulgare_Path_Ben_1_7_Bs_Water_Shoot,MS_agar,Hordeum_vulgare,Path_Ben,1,7,Bs,Water,Shoot,88.1,1,Pathogens
1577,MS_agar_Hordeum_vulgare_Path_Ben_1_8_Bs_Water_Shoot,MS_agar,Hordeum_vulgare,Path_Ben,1,8,Bs,Water,Shoot,94.7,1,Pathogens
1578,MS_agar_Hordeum_vulgare_Path_Ben_1_1_Bs_3OMG_Shoot,MS_agar,Hordeum_vulgare,Path_Ben,1,1,Bs,3OMG,Shoot,102.8,1,Pathogens
1579,MS_agar_Hordeum_vulgare_Path_Ben_1_2_Bs_3OMG_Shoot,MS_agar,Hordeum_vulgare,Path_Ben,1,2,Bs,3OMG,Shoot,165.4,1,Pathogens
1580,MS_agar_Hordeum_vulgare_Path_Ben_1_3_Bs_3OMG_Shoot,MS_agar,Hordeum_vulgare,Path_Ben,1,3,Bs,3OMG,Shoot,122.4,1,Pathogens
1581,MS_agar_Hordeum_vulgare_Path_Ben_1_4_Bs_3OMG_Shoot,MS_agar,Hordeum_vulgare,Path_Ben,1,4,Bs,3OMG,Shoot,180.8,1,Pathogens
1582,MS_agar_Hordeum_vulgare_Path_Ben_1_5_Bs_3OMG_Shoot,MS_agar,Hordeum_vulgare,Path_Ben,1,5,Bs,3OMG,Shoot,103.2,1,Pathogens
1583,MS_agar_Hordeum_vulgare_Path_Ben_1_6_Bs_3OMG_Shoot,MS_agar,Hordeum_vulgare,Path_Ben,1,6,Bs,3OMG,Shoot,86.1,1,Pathogens
1584,MS_agar_Hordeum_vulgare_Path_Ben_1_7_Bs_3OMG_Shoot,MS_agar,Hordeum_vulgare,Path_Ben,1,7,Bs,3OMG,Shoot,181.9,1,Pathogens
1585,MS_agar_Hordeum_vulgare_Path_Ben_1_8_Bs_3OMG_Shoot,MS_agar,Hordeum_vulgare,Path_Ben,1,8,Bs,3OMG,Shoot,125.7,1,Pathogens
1586,MS_agar_Hordeum_vulgare_Path_Ben_1_1_MF_Water_Shoot,MS_agar,Hordeum_vulgare,Path_Ben,1,1,MF,Water,Shoot,103.3,1,Pathogens
1587,MS_agar_Hordeum_vulgare_Path_Ben_1_2_MF_Water_Shoot,MS_agar,Hordeum_vulgare,Path_Ben,1,2,MF,Water,Shoot,103.5,1,Pathogens
1588,MS_agar_Hordeum_vulgare_Path_Ben_1_3_MF_Water_Shoot,MS_agar,Hordeum_vulgare,Path_Ben,1,3,MF,Water,Shoot,116.5,1,Pathogens
1589,MS_agar_Hordeum_vulgare_Path_Ben_1_4_MF_Water_Shoot,MS_agar,Hordeum_vulgare,Path_Ben,1,4,MF,Water,Shoot,134.9,1,Pathogens
1590,MS_agar_Hordeum_vulgare_Path_Ben_1_5_MF_Water_Shoot,MS_agar,Hordeum_vulgare,Path_Ben,1,5,MF,Water,Shoot,144.4,1,Pathogens
1591,MS_agar_Hordeum_vulgare_Path_Ben_1_6_MF_Water_Shoot,MS_agar,Hordeum_vulgare,Path_Ben,1,6,MF,Water,Shoot,85,1,Pathogens
1592,MS_agar_Hordeum_vulgare_Path_Ben_1_7_MF_Water_Shoot,MS_agar,Hordeum_vulgare,Path_Ben,1,7,MF,Water,Shoot,91.2,1,Pathogens
1593,MS_agar_Hordeum_vulgare_Path_Ben_1_8_MF_Water_Shoot,MS_agar,Hordeum_vulgare,Path_Ben,1,8,MF,Water,Shoot,183,1,Pathogens
1594,MS_agar_Hordeum_vulgare_Path_Ben_1_1_MF_3OMG_Shoot,MS_agar,Hordeum_vulgare,Path_Ben,1,1,MF,3OMG,Shoot,113.1,1,Pathogens
1595,MS_agar_Hordeum_vulgare_Path_Ben_1_2_MF_3OMG_Shoot,MS_agar,Hordeum_vulgare,Path_Ben,1,2,MF,3OMG,Shoot,109.4,1,Pathogens
1596,MS_agar_Hordeum_vulgare_Path_Ben_1_3_MF_3OMG_Shoot,MS_agar,Hordeum_vulgare,Path_Ben,1,3,MF,3OMG,Shoot,92.2,1,Pathogens
1597,MS_agar_Hordeum_vulgare_Path_Ben_1_4_MF_3OMG_Shoot,MS_agar,Hordeum_vulgare,Path_Ben,1,4,MF,3OMG,Shoot,107.8,1,Pathogens
1598,MS_agar_Hordeum_vulgare_Path_Ben_1_5_MF_3OMG_Shoot,MS_agar,Hordeum_vulgare,Path_Ben,1,5,MF,3OMG,Shoot,137.2,1,Pathogens
1599,MS_agar_Hordeum_vulgare_Path_Ben_1_6_MF_3OMG_Shoot,MS_agar,Hordeum_vulgare,Path_Ben,1,6,MF,3OMG,Shoot,160.4,1,Pathogens
1600,MS_agar_Hordeum_vulgare_Path_Ben_1_7_MF_3OMG_Shoot,MS_agar,Hordeum_vulgare,Path_Ben,1,7,MF,3OMG,Shoot,151,1,Pathogens
1601,MS_agar_Hordeum_vulgare_Path_Ben_1_8_MF_3OMG_Shoot,MS_agar,Hordeum_vulgare,Path_Ben,1,8,MF,3OMG,Shoot,114.9,1,Pathogens
1602,MS_agar_Hordeum_vulgare_Path_Ben_1_1_AMF_Water_Shoot,MS_agar,Hordeum_vulgare,Path_Ben,1,1,AMF,Water,Shoot,145.9,1,Pathogens
1603,MS_agar_Hordeum_vulgare_Path_Ben_1_2_AMF_Water_Shoot,MS_agar,Hordeum_vulgare,Path_Ben,1,2,AMF,Water,Shoot,173.5,1,Pathogens
1604,MS_agar_Hordeum_vulgare_Path_Ben_1_3_AMF_Water_Shoot,MS_agar,Hordeum_vulgare,Path_Ben,1,3,AMF,Water,Shoot,44.7,1,Pathogens
1605,MS_agar_Hordeum_vulgare_Path_Ben_1_4_AMF_Water_Shoot,MS_agar,Hordeum_vulgare,Path_Ben,1,4,AMF,Water,Shoot,102.5,1,Pathogens
1606,MS_agar_Hordeum_vulgare_Path_Ben_1_5_AMF_Water_Shoot,MS_agar,Hordeum_vulgare,Path_Ben,1,5,AMF,Water,Shoot,123.5,1,Pathogens
1607,MS_agar_Hordeum_vulgare_Path_Ben_1_6_AMF_Water_Shoot,MS_agar,Hordeum_vulgare,Path_Ben,1,6,AMF,Water,Shoot,141.5,1,Pathogens
1608,MS_agar_Hordeum_vulgare_Path_Ben_1_7_AMF_Water_Shoot,MS_agar,Hordeum_vulgare,Path_Ben,1,7,AMF,Water,Shoot,206.4,1,Pathogens
1609,MS_agar_Hordeum_vulgare_Path_Ben_1_8_AMF_Water_Shoot,MS_agar,Hordeum_vulgare,Path_Ben,1,8,AMF,Water,Shoot,206.1,1,Pathogens
1610,MS_agar_Hordeum_vulgare_Path_Ben_1_1_AMF_3OMG_Shoot,MS_agar,Hordeum_vulgare,Path_Ben,1,1,AMF,3OMG,Shoot,173.3,1,Pathogens
1611,MS_agar_Hordeum_vulgare_Path_Ben_1_2_AMF_3OMG_Shoot,MS_agar,Hordeum_vulgare,Path_Ben,1,2,AMF,3OMG,Shoot,92,1,Pathogens
1612,MS_agar_Hordeum_vulgare_Path_Ben_1_3_AMF_3OMG_Shoot,MS_agar,Hordeum_vulgare,Path_Ben,1,3,AMF,3OMG,Shoot,179.1,1,Pathogens
1613,MS_agar_Hordeum_vulgare_Path_Ben_1_4_AMF_3OMG_Shoot,MS_agar,Hordeum_vulgare,Path_Ben,1,4,AMF,3OMG,Shoot,107.4,1,Pathogens
1614,MS_agar_Hordeum_vulgare_Path_Ben_1_5_AMF_3OMG_Shoot,MS_agar,Hordeum_vulgare,Path_Ben,1,5,AMF,3OMG,Shoot,42.3,1,Pathogens
1615,MS_agar_Hordeum_vulgare_Path_Ben_1_6_AMF_3OMG_Shoot,MS_agar,Hordeum_vulgare,Path_Ben,1,6,AMF,3OMG,Shoot,161.6,1,Pathogens
1616,MS_agar_Hordeum_vulgare_Path_Ben_1_7_AMF_3OMG_Shoot,MS_agar,Hordeum_vulgare,Path_Ben,1,7,AMF,3OMG,Shoot,152.6,1,Pathogens
1617,MS_agar_Hordeum_vulgare_Path_Ben_1_8_AMF_3OMG_Shoot,MS_agar,Hordeum_vulgare,Path_Ben,1,8,AMF,3OMG,Shoot,149.7,1,Pathogens
1618,MS_agar_Hordeum_vulgare_Path_Ben_1_1_Bs_Water_Roots,MS_agar,Hordeum_vulgare,Path_Ben,1,1,Bs,Water,Roots,140.1,1,Pathogens
1619,MS_agar_Hordeum_vulgare_Path_Ben_1_2_Bs_Water_Roots,MS_agar,Hordeum_vulgare,Path_Ben,1,2,Bs,Water,Roots,141.4,1,Pathogens
1620,MS_agar_Hordeum_vulgare_Path_Ben_1_3_Bs_Water_Roots,MS_agar,Hordeum_vulgare,Path_Ben,1,3,Bs,Water,Roots,161.9,1,Pathogens
1621,MS_agar_Hordeum_vulgare_Path_Ben_1_4_Bs_Water_Roots,MS_agar,Hordeum_vulgare,Path_Ben,1,4,Bs,Water,Roots,156.8,1,Pathogens
1622,MS_agar_Hordeum_vulgare_Path_Ben_1_5_Bs_Water_Roots,MS_agar,Hordeum_vulgare,Path_Ben,1,5,Bs,Water,Roots,176,1,Pathogens
1623,MS_agar_Hordeum_vulgare_Path_Ben_1_6_Bs_Water_Roots,MS_agar,Hordeum_vulgare,Path_Ben,1,6,Bs,Water,Roots,189.3,1,Pathogens
1624,MS_agar_Hordeum_vulgare_Path_Ben_1_7_Bs_Water_Roots,MS_agar,Hordeum_vulgare,Path_Ben,1,7,Bs,Water,Roots,138.7,1,Pathogens
1625,MS_agar_Hordeum_vulgare_Path_Ben_1_8_Bs_Water_Roots,MS_agar,Hordeum_vulgare,Path_Ben,1,8,Bs,Water,Roots,198.4,1,Pathogens
1626,MS_agar_Hordeum_vulgare_Path_Ben_1_1_Bs_3OMG_Roots,MS_agar,Hordeum_vulgare,Path_Ben,1,1,Bs,3OMG,Roots,122.7,1,Pathogens
1627,MS_agar_Hordeum_vulgare_Path_Ben_1_2_Bs_3OMG_Roots,MS_agar,Hordeum_vulgare,Path_Ben,1,2,Bs,3OMG,Roots,205.2,1,Pathogens
1628,MS_agar_Hordeum_vulgare_Path_Ben_1_3_Bs_3OMG_Roots,MS_agar,Hordeum_vulgare,Path_Ben,1,3,Bs,3OMG,Roots,128.6,1,Pathogens
1629,MS_agar_Hordeum_vulgare_Path_Ben_1_4_Bs_3OMG_Roots,MS_agar,Hordeum_vulgare,Path_Ben,1,4,Bs,3OMG,Roots,189.1,1,Pathogens
1630,MS_agar_Hordeum_vulgare_Path_Ben_1_5_Bs_3OMG_Roots,MS_agar,Hordeum_vulgare,Path_Ben,1,5,Bs,3OMG,Roots,152.9,1,Pathogens
1631,MS_agar_Hordeum_vulgare_Path_Ben_1_6_Bs_3OMG_Roots,MS_agar,Hordeum_vulgare,Path_Ben,1,6,Bs,3OMG,Roots,124.6,1,Pathogens
1632,MS_agar_Hordeum_vulgare_Path_Ben_1_7_Bs_3OMG_Roots,MS_agar,Hordeum_vulgare,Path_Ben,1,7,Bs,3OMG,Roots,212.9,1,Pathogens
1633,MS_agar_Hordeum_vulgare_Path_Ben_1_8_Bs_3OMG_Roots,MS_agar,Hordeum_vulgare,Path_Ben,1,8,Bs,3OMG,Roots,165.9,1,Pathogens
1634,MS_agar_Hordeum_vulgare_Path_Ben_1_1_MF_Water_Roots,MS_agar,Hordeum_vulgare,Path_Ben,1,1,MF,Water,Roots,164.7,1,Pathogens
1635,MS_agar_Hordeum_vulgare_Path_Ben_1_2_MF_Water_Roots,MS_agar,Hordeum_vulgare,Path_Ben,1,2,MF,Water,Roots,143.4,1,Pathogens
1636,MS_agar_Hordeum_vulgare_Path_Ben_1_3_MF_Water_Roots,MS_agar,Hordeum_vulgare,Path_Ben,1,3,MF,Water,Roots,189.2,1,Pathogens
1637,MS_agar_Hordeum_vulgare_Path_Ben_1_4_MF_Water_Roots,MS_agar,Hordeum_vulgare,Path_Ben,1,4,MF,Water,Roots,194.8,1,Pathogens
1638,MS_agar_Hordeum_vulgare_Path_Ben_1_5_MF_Water_Roots,MS_agar,Hordeum_vulgare,Path_Ben,1,5,MF,Water,Roots,198.1,1,Pathogens
1639,MS_agar_Hordeum_vulgare_Path_Ben_1_6_MF_Water_Roots,MS_agar,Hordeum_vulgare,Path_Ben,1,6,MF,Water,Roots,124.8,1,Pathogens
1640,MS_agar_Hordeum_vulgare_Path_Ben_1_7_MF_Water_Roots,MS_agar,Hordeum_vulgare,Path_Ben,1,7,MF,Water,Roots,141.8,1,Pathogens
1641,MS_agar_Hordeum_vulgare_Path_Ben_1_8_MF_Water_Roots,MS_agar,Hordeum_vulgare,Path_Ben,1,8,MF,Water,Roots,215.2,1,Pathogens
1642,MS_agar_Hordeum_vulgare_Path_Ben_1_1_MF_3OMG_Roots,MS_agar,Hordeum_vulgare,Path_Ben,1,1,MF,3OMG,Roots,148.4,1,Pathogens
1643,MS_agar_Hordeum_vulgare_Path_Ben_1_2_MF_3OMG_Roots,MS_agar,Hordeum_vulgare,Path_Ben,1,2,MF,3OMG,Roots,147.2,1,Pathogens
1644,MS_agar_Hordeum_vulgare_Path_Ben_1_3_MF_3OMG_Roots,MS_agar,Hordeum_vulgare,Path_Ben,1,3,MF,3OMG,Roots,95.7,1,Pathogens
1645,MS_agar_Hordeum_vulgare_Path_Ben_1_4_MF_3OMG_Roots,MS_agar,Hordeum_vulgare,Path_Ben,1,4,MF,3OMG,Roots,133.7,1,Pathogens
1646,MS_agar_Hordeum_vulgare_Path_Ben_1_5_MF_3OMG_Roots,MS_agar,Hordeum_vulgare,Path_Ben,1,5,MF,3OMG,Roots,194.3,1,Pathogens
1647,MS_agar_Hordeum_vulgare_Path_Ben_1_6_MF_3OMG_Roots,MS_agar,Hordeum_vulgare,Path_Ben,1,6,MF,3OMG,Roots,201.8,1,Pathogens
1648,MS_agar_Hordeum_vulgare_Path_Ben_1_7_MF_3OMG_Roots,MS_agar,Hordeum_vulgare,Path_Ben,1,7,MF,3OMG,Roots,205,1,Pathogens
1649,MS_agar_Hordeum_vulgare_Path_Ben_1_8_MF_3OMG_Roots,MS_agar,Hordeum_vulgare,Path_Ben,1,8,MF,3OMG,Roots,157.5,1,Pathogens
1650,MS_agar_Hordeum_vulgare_Path_Ben_1_1_AMF_Water_Roots,MS_agar,Hordeum_vulgare,Path_Ben,1,1,AMF,Water,Roots,209.7,1,Pathogens
1651,MS_agar_Hordeum_vulgare_Path_Ben_1_2_AMF_Water_Roots,MS_agar,Hordeum_vulgare,Path_Ben,1,2,AMF,Water,Roots,230.2,1,Pathogens
1652,MS_agar_Hordeum_vulgare_Path_Ben_1_3_AMF_Water_Roots,MS_agar,Hordeum_vulgare,Path_Ben,1,3,AMF,Water,Roots,79.7,1,Pathogens
1653,MS_agar_Hordeum_vulgare_Path_Ben_1_4_AMF_Water_Roots,MS_agar,Hordeum_vulgare,Path_Ben,1,4,AMF,Water,Roots,186,1,Pathogens
1654,MS_agar_Hordeum_vulgare_Path_Ben_1_5_AMF_Water_Roots,MS_agar,Hordeum_vulgare,Path_Ben,1,5,AMF,Water,Roots,165,1,Pathogens
1655,MS_agar_Hordeum_vulgare_Path_Ben_1_6_AMF_Water_Roots,MS_agar,Hordeum_vulgare,Path_Ben,1,6,AMF,Water,Roots,200.3,1,Pathogens
1656,MS_agar_Hordeum_vulgare_Path_Ben_1_7_AMF_Water_Roots,MS_agar,Hordeum_vulgare,Path_Ben,1,7,AMF,Water,Roots,307.4,1,Pathogens
1657,MS_agar_Hordeum_vulgare_Path_Ben_1_8_AMF_Water_Roots,MS_agar,Hordeum_vulgare,Path_Ben,1,8,AMF,Water,Roots,281.8,1,Pathogens
1658,MS_agar_Hordeum_vulgare_Path_Ben_1_1_AMF_3OMG_Roots,MS_agar,Hordeum_vulgare,Path_Ben,1,1,AMF,3OMG,Roots,257.3,1,Pathogens
1659,MS_agar_Hordeum_vulgare_Path_Ben_1_2_AMF_3OMG_Roots,MS_agar,Hordeum_vulgare,Path_Ben,1,2,AMF,3OMG,Roots,179.5,1,Pathogens
1660,MS_agar_Hordeum_vulgare_Path_Ben_1_3_AMF_3OMG_Roots,MS_agar,Hordeum_vulgare,Path_Ben,1,3,AMF,3OMG,Roots,259.6,1,Pathogens
1661,MS_agar_Hordeum_vulgare_Path_Ben_1_4_AMF_3OMG_Roots,MS_agar,Hordeum_vulgare,Path_Ben,1,4,AMF,3OMG,Roots,164,1,Pathogens
1662,MS_agar_Hordeum_vulgare_Path_Ben_1_5_AMF_3OMG_Roots,MS_agar,Hordeum_vulgare,Path_Ben,1,5,AMF,3OMG,Roots,115.4,1,Pathogens
1663,MS_agar_Hordeum_vulgare_Path_Ben_1_6_AMF_3OMG_Roots,MS_agar,Hordeum_vulgare,Path_Ben,1,6,AMF,3OMG,Roots,202.2,1,Pathogens
1664,MS_agar_Hordeum_vulgare_Path_Ben_1_7_AMF_3OMG_Roots,MS_agar,Hordeum_vulgare,Path_Ben,1,7,AMF,3OMG,Roots,223.7,1,Pathogens
1665,MS_agar_Hordeum_vulgare_Path_Ben_1_8_AMF_3OMG_Roots,MS_agar,Hordeum_vulgare,Path_Ben,1,8,AMF,3OMG,Roots,213.7,1,Pathogens
1666,MS_agar_Arabidopsis_thaliana_Kingdom_Pathogen_1_1_MF_Water_Roots,MS_agar,Arabidopsis_thaliana,Kingdom_Pathogen,1,1,MF,Water,Roots,16.177,1,Pathogens
1667,MS_agar_Arabidopsis_thaliana_Kingdom_Pathogen_1_2_MF_Water_Roots,MS_agar,Arabidopsis_thaliana,Kingdom_Pathogen,1,2,MF,Water,Roots,16.745,1,Pathogens
1668,MS_agar_Arabidopsis_thaliana_Kingdom_Pathogen_1_3_MF_Water_Roots,MS_agar,Arabidopsis_thaliana,Kingdom_Pathogen,1,3,MF,Water,Roots,16.622,1,Pathogens
1669,MS_agar_Arabidopsis_thaliana_Kingdom_Pathogen_1_4_MF_Water_Roots,MS_agar,Arabidopsis_thaliana,Kingdom_Pathogen,1,4,MF,Water,Roots,16.135,1,Pathogens
1670,MS_agar_Arabidopsis_thaliana_Kingdom_Pathogen_1_5_MF_Water_Roots,MS_agar,Arabidopsis_thaliana,Kingdom_Pathogen,1,5,MF,Water,Roots,17.856,1,Pathogens
1671,MS_agar_Arabidopsis_thaliana_Kingdom_Pathogen_1_6_MF_Water_Roots,MS_agar,Arabidopsis_thaliana,Kingdom_Pathogen,1,6,MF,Water,Roots,16.103,1,Pathogens
1672,MS_agar_Arabidopsis_thaliana_Kingdom_Pathogen_1_7_MF_Water_Roots,MS_agar,Arabidopsis_thaliana,Kingdom_Pathogen,1,7,MF,Water,Roots,11.521,1,Pathogens
1673,MS_agar_Arabidopsis_thaliana_Kingdom_Pathogen_1_8_MF_Water_Roots,MS_agar,Arabidopsis_thaliana,Kingdom_Pathogen,1,8,MF,Water,Roots,15.427,1,Pathogens
1674,MS_agar_Arabidopsis_thaliana_Kingdom_Pathogen_1_9_MF_Water_Roots,MS_agar,Arabidopsis_thaliana,Kingdom_Pathogen,1,9,MF,Water,Roots,13.217,1,Pathogens
1675,MS_agar_Arabidopsis_thaliana_Kingdom_Pathogen_1_10_MF_Water_Roots,MS_agar,Arabidopsis_thaliana,Kingdom_Pathogen,1,10,MF,Water,Roots,14.815,1,Pathogens
1676,MS_agar_Arabidopsis_thaliana_Kingdom_Pathogen_1_11_MF_Water_Roots,MS_agar,Arabidopsis_thaliana,Kingdom_Pathogen,1,11,MF,Water,Roots,17.118,1,Pathogens
1677,MS_agar_Arabidopsis_thaliana_Kingdom_Pathogen_1_12_MF_Water_Roots,MS_agar,Arabidopsis_thaliana,Kingdom_Pathogen,1,12,MF,Water,Roots,8.714,1,Pathogens
1678,MS_agar_Arabidopsis_thaliana_Kingdom_Pathogen_1_13_MF_Water_Roots,MS_agar,Arabidopsis_thaliana,Kingdom_Pathogen,1,13,MF,Water,Roots,15.619,1,Pathogens
1679,MS_agar_Arabidopsis_thaliana_Kingdom_Pathogen_1_14_MF_Water_Roots,MS_agar,Arabidopsis_thaliana,Kingdom_Pathogen,1,14,MF,Water,Roots,17.434,1,Pathogens
1680,MS_agar_Arabidopsis_thaliana_Kingdom_Pathogen_1_15_MF_Water_Roots,MS_agar,Arabidopsis_thaliana,Kingdom_Pathogen,1,15,MF,Water,Roots,14.863,1,Pathogens
1681,MS_agar_Arabidopsis_thaliana_Kingdom_Pathogen_1_16_MF_Water_Roots,MS_agar,Arabidopsis_thaliana,Kingdom_Pathogen,1,16,MF,Water,Roots,17.867,1,Pathogens
1682,MS_agar_Arabidopsis_thaliana_Kingdom_Pathogen_1_17_MF_Water_Roots,MS_agar,Arabidopsis_thaliana,Kingdom_Pathogen,1,17,MF,Water,Roots,16.042,1,Pathogens
1683,MS_agar_Arabidopsis_thaliana_Kingdom_Pathogen_1_18_MF_Water_Roots,MS_agar,Arabidopsis_thaliana,Kingdom_Pathogen,1,18,MF,Water,Roots,16.369,1,Pathogens
1684,MS_agar_Arabidopsis_thaliana_Kingdom_Pathogen_1_19_MF_Water_Roots,MS_agar,Arabidopsis_thaliana,Kingdom_Pathogen,1,19,MF,Water,Roots,15.017,1,Pathogens
1685,MS_agar_Arabidopsis_thaliana_Kingdom_Pathogen_1_20_MF_Water_Roots,MS_agar,Arabidopsis_thaliana,Kingdom_Pathogen,1,20,MF,Water,Roots,16.159,1,Pathogens
1686,MS_agar_Arabidopsis_thaliana_Kingdom_Pathogen_1_21_MF_Water_Roots,MS_agar,Arabidopsis_thaliana,Kingdom_Pathogen,1,21,MF,Water,Roots,15.156,1,Pathogens
1687,MS_agar_Arabidopsis_thaliana_Kingdom_Pathogen_1_22_MF_Water_Roots,MS_agar,Arabidopsis_thaliana,Kingdom_Pathogen,1,22,MF,Water,Roots,15.954,1,Pathogens
1688,MS_agar_Arabidopsis_thaliana_Kingdom_Pathogen_1_23_MF_Water_Roots,MS_agar,Arabidopsis_thaliana,Kingdom_Pathogen,1,23,MF,Water,Roots,11.765,1,Pathogens
1689,MS_agar_Arabidopsis_thaliana_Kingdom_Pathogen_1_24_MF_Water_Roots,MS_agar,Arabidopsis_thaliana,Kingdom_Pathogen,1,24,MF,Water,Roots,12.455,1,Pathogens
1690,MS_agar_Arabidopsis_thaliana_Kingdom_Pathogen_1_25_MF_Water_Roots,MS_agar,Arabidopsis_thaliana,Kingdom_Pathogen,1,25,MF,Water,Roots,15.35,1,Pathogens
1691,MS_agar_Arabidopsis_thaliana_Kingdom_Pathogen_1_1_MF_3OMG_Roots,MS_agar,Arabidopsis_thaliana,Kingdom_Pathogen,1,1,MF,3OMG,Roots,14.15,1,Pathogens
1692,MS_agar_Arabidopsis_thaliana_Kingdom_Pathogen_1_2_MF_3OMG_Roots,MS_agar,Arabidopsis_thaliana,Kingdom_Pathogen,1,2,MF,3OMG,Roots,12.807,1,Pathogens
1693,MS_agar_Arabidopsis_thaliana_Kingdom_Pathogen_1_3_MF_3OMG_Roots,MS_agar,Arabidopsis_thaliana,Kingdom_Pathogen,1,3,MF,3OMG,Roots,10.717,1,Pathogens
1694,MS_agar_Arabidopsis_thaliana_Kingdom_Pathogen_1_4_MF_3OMG_Roots,MS_agar,Arabidopsis_thaliana,Kingdom_Pathogen,1,4,MF,3OMG,Roots,13.671,1,Pathogens
1695,MS_agar_Arabidopsis_thaliana_Kingdom_Pathogen_1_5_MF_3OMG_Roots,MS_agar,Arabidopsis_thaliana,Kingdom_Pathogen,1,5,MF,3OMG,Roots,15.851,1,Pathogens
1696,MS_agar_Arabidopsis_thaliana_Kingdom_Pathogen_1_6_MF_3OMG_Roots,MS_agar,Arabidopsis_thaliana,Kingdom_Pathogen,1,6,MF,3OMG,Roots,11.093,1,Pathogens
1697,MS_agar_Arabidopsis_thaliana_Kingdom_Pathogen_1_7_MF_3OMG_Roots,MS_agar,Arabidopsis_thaliana,Kingdom_Pathogen,1,7,MF,3OMG,Roots,13.409,1,Pathogens
1698,MS_agar_Arabidopsis_thaliana_Kingdom_Pathogen_1_8_MF_3OMG_Roots,MS_agar,Arabidopsis_thaliana,Kingdom_Pathogen,1,8,MF,3OMG,Roots,14.11,1,Pathogens
1699,MS_agar_Arabidopsis_thaliana_Kingdom_Pathogen_1_9_MF_3OMG_Roots,MS_agar,Arabidopsis_thaliana,Kingdom_Pathogen,1,9,MF,3OMG,Roots,9.945,1,Pathogens
1700,MS_agar_Arabidopsis_thaliana_Kingdom_Pathogen_1_10_MF_3OMG_Roots,MS_agar,Arabidopsis_thaliana,Kingdom_Pathogen,1,10,MF,3OMG,Roots,11.619,1,Pathogens
1701,MS_agar_Arabidopsis_thaliana_Kingdom_Pathogen_1_11_MF_3OMG_Roots,MS_agar,Arabidopsis_thaliana,Kingdom_Pathogen,1,11,MF,3OMG,Roots,12.84,1,Pathogens
1702,MS_agar_Arabidopsis_thaliana_Kingdom_Pathogen_1_12_MF_3OMG_Roots,MS_agar,Arabidopsis_thaliana,Kingdom_Pathogen,1,12,MF,3OMG,Roots,14.459,1,Pathogens
1703,MS_agar_Arabidopsis_thaliana_Kingdom_Pathogen_1_13_MF_3OMG_Roots,MS_agar,Arabidopsis_thaliana,Kingdom_Pathogen,1,13,MF,3OMG,Roots,14.54,1,Pathogens
1704,MS_agar_Arabidopsis_thaliana_Kingdom_Pathogen_1_14_MF_3OMG_Roots,MS_agar,Arabidopsis_thaliana,Kingdom_Pathogen,1,14,MF,3OMG,Roots,14.269,1,Pathogens
1705,MS_agar_Arabidopsis_thaliana_Kingdom_Pathogen_1_15_MF_3OMG_Roots,MS_agar,Arabidopsis_thaliana,Kingdom_Pathogen,1,15,MF,3OMG,Roots,14.159,1,Pathogens
1706,MS_agar_Arabidopsis_thaliana_Kingdom_Pathogen_1_16_MF_3OMG_Roots,MS_agar,Arabidopsis_thaliana,Kingdom_Pathogen,1,16,MF,3OMG,Roots,15,1,Pathogens
1707,MS_agar_Arabidopsis_thaliana_Kingdom_Pathogen_1_17_MF_3OMG_Roots,MS_agar,Arabidopsis_thaliana,Kingdom_Pathogen,1,17,MF,3OMG,Roots,14.025,1,Pathogens
1708,MS_agar_Arabidopsis_thaliana_Kingdom_Pathogen_1_18_MF_3OMG_Roots,MS_agar,Arabidopsis_thaliana,Kingdom_Pathogen,1,18,MF,3OMG,Roots,16.323,1,Pathogens
1709,MS_agar_Arabidopsis_thaliana_Kingdom_Pathogen_1_19_MF_3OMG_Roots,MS_agar,Arabidopsis_thaliana,Kingdom_Pathogen,1,19,MF,3OMG,Roots,13.313,1,Pathogens
1710,MS_agar_Arabidopsis_thaliana_Kingdom_Pathogen_1_20_MF_3OMG_Roots,MS_agar,Arabidopsis_thaliana,Kingdom_Pathogen,1,20,MF,3OMG,Roots,15.306,1,Pathogens
1711,MS_agar_Arabidopsis_thaliana_Kingdom_Pathogen_1_21_MF_3OMG_Roots,MS_agar,Arabidopsis_thaliana,Kingdom_Pathogen,1,21,MF,3OMG,Roots,15.608,1,Pathogens
1712,MS_agar_Arabidopsis_thaliana_Kingdom_Pathogen_1_22_MF_3OMG_Roots,MS_agar,Arabidopsis_thaliana,Kingdom_Pathogen,1,22,MF,3OMG,Roots,16.298,1,Pathogens
1713,MS_agar_Arabidopsis_thaliana_Kingdom_Pathogen_1_23_MF_3OMG_Roots,MS_agar,Arabidopsis_thaliana,Kingdom_Pathogen,1,23,MF,3OMG,Roots,14.538,1,Pathogens
1714,MS_agar_Arabidopsis_thaliana_Kingdom_Pathogen_1_24_MF_3OMG_Roots,MS_agar,Arabidopsis_thaliana,Kingdom_Pathogen,1,24,MF,3OMG,Roots,15.808,1,Pathogens
1715,MS_agar_Arabidopsis_thaliana_Kingdom_Pathogen_1_25_MF_3OMG_Roots,MS_agar,Arabidopsis_thaliana,Kingdom_Pathogen,1,25,MF,3OMG,Roots,10.523,1,Pathogens
1716,MS_agar_Arabidopsis_thaliana_Kingdom_Pathogen_1_1_Pu_Water_Roots,MS_agar,Arabidopsis_thaliana,Kingdom_Pathogen,1,1,Pu,Water,Roots,0.885,1,Pathogens
1717,MS_agar_Arabidopsis_thaliana_Kingdom_Pathogen_1_2_Pu_Water_Roots,MS_agar,Arabidopsis_thaliana,Kingdom_Pathogen,1,2,Pu,Water,Roots,1.234,1,Pathogens
1718,MS_agar_Arabidopsis_thaliana_Kingdom_Pathogen_1_3_Pu_Water_Roots,MS_agar,Arabidopsis_thaliana,Kingdom_Pathogen,1,3,Pu,Water,Roots,0.425,1,Pathogens
1719,MS_agar_Arabidopsis_thaliana_Kingdom_Pathogen_1_4_Pu_Water_Roots,MS_agar,Arabidopsis_thaliana,Kingdom_Pathogen,1,4,Pu,Water,Roots,0.845,1,Pathogens
1720,MS_agar_Arabidopsis_thaliana_Kingdom_Pathogen_1_5_Pu_Water_Roots,MS_agar,Arabidopsis_thaliana,Kingdom_Pathogen,1,5,Pu,Water,Roots,0.622,1,Pathogens
1721,MS_agar_Arabidopsis_thaliana_Kingdom_Pathogen_1_6_Pu_Water_Roots,MS_agar,Arabidopsis_thaliana,Kingdom_Pathogen,1,6,Pu,Water,Roots,2.731,1,Pathogens
1722,MS_agar_Arabidopsis_thaliana_Kingdom_Pathogen_1_7_Pu_Water_Roots,MS_agar,Arabidopsis_thaliana,Kingdom_Pathogen,1,7,Pu,Water,Roots,0.935,1,Pathogens
1723,MS_agar_Arabidopsis_thaliana_Kingdom_Pathogen_1_8_Pu_Water_Roots,MS_agar,Arabidopsis_thaliana,Kingdom_Pathogen,1,8,Pu,Water,Roots,1.87,1,Pathogens
1724,MS_agar_Arabidopsis_thaliana_Kingdom_Pathogen_1_9_Pu_Water_Roots,MS_agar,Arabidopsis_thaliana,Kingdom_Pathogen,1,9,Pu,Water,Roots,1.291,1,Pathogens
1725,MS_agar_Arabidopsis_thaliana_Kingdom_Pathogen_1_10_Pu_Water_Roots,MS_agar,Arabidopsis_thaliana,Kingdom_Pathogen,1,10,Pu,Water,Roots,0.837,1,Pathogens
1726,MS_agar_Arabidopsis_thaliana_Kingdom_Pathogen_1_11_Pu_Water_Roots,MS_agar,Arabidopsis_thaliana,Kingdom_Pathogen,1,11,Pu,Water,Roots,1.007,1,Pathogens
1727,MS_agar_Arabidopsis_thaliana_Kingdom_Pathogen_1_12_Pu_Water_Roots,MS_agar,Arabidopsis_thaliana,Kingdom_Pathogen,1,12,Pu,Water,Roots,1.18,1,Pathogens
1728,MS_agar_Arabidopsis_thaliana_Kingdom_Pathogen_1_13_Pu_Water_Roots,MS_agar,Arabidopsis_thaliana,Kingdom_Pathogen,1,13,Pu,Water,Roots,1.224,1,Pathogens
1729,MS_agar_Arabidopsis_thaliana_Kingdom_Pathogen_1_14_Pu_Water_Roots,MS_agar,Arabidopsis_thaliana,Kingdom_Pathogen,1,14,Pu,Water,Roots,1.397,1,Pathogens
1730,MS_agar_Arabidopsis_thaliana_Kingdom_Pathogen_1_15_Pu_Water_Roots,MS_agar,Arabidopsis_thaliana,Kingdom_Pathogen,1,15,Pu,Water,Roots,0.745,1,Pathogens
1731,MS_agar_Arabidopsis_thaliana_Kingdom_Pathogen_1_16_Pu_Water_Roots,MS_agar,Arabidopsis_thaliana,Kingdom_Pathogen,1,16,Pu,Water,Roots,1.736,1,Pathogens
1732,MS_agar_Arabidopsis_thaliana_Kingdom_Pathogen_1_17_Pu_Water_Roots,MS_agar,Arabidopsis_thaliana,Kingdom_Pathogen,1,17,Pu,Water,Roots,1.758,1,Pathogens
1733,MS_agar_Arabidopsis_thaliana_Kingdom_Pathogen_1_18_Pu_Water_Roots,MS_agar,Arabidopsis_thaliana,Kingdom_Pathogen,1,18,Pu,Water,Roots,0.682,1,Pathogens
1734,MS_agar_Arabidopsis_thaliana_Kingdom_Pathogen_1_19_Pu_Water_Roots,MS_agar,Arabidopsis_thaliana,Kingdom_Pathogen,1,19,Pu,Water,Roots,1.735,1,Pathogens
1735,MS_agar_Arabidopsis_thaliana_Kingdom_Pathogen_1_20_Pu_Water_Roots,MS_agar,Arabidopsis_thaliana,Kingdom_Pathogen,1,20,Pu,Water,Roots,0.445,1,Pathogens
1736,MS_agar_Arabidopsis_thaliana_Kingdom_Pathogen_1_21_Pu_Water_Roots,MS_agar,Arabidopsis_thaliana,Kingdom_Pathogen,1,21,Pu,Water,Roots,1.36,1,Pathogens
1737,MS_agar_Arabidopsis_thaliana_Kingdom_Pathogen_1_22_Pu_Water_Roots,MS_agar,Arabidopsis_thaliana,Kingdom_Pathogen,1,22,Pu,Water,Roots,0.53,1,Pathogens
1738,MS_agar_Arabidopsis_thaliana_Kingdom_Pathogen_1_23_Pu_Water_Roots,MS_agar,Arabidopsis_thaliana,Kingdom_Pathogen,1,23,Pu,Water,Roots,0.85,1,Pathogens
1739,MS_agar_Arabidopsis_thaliana_Kingdom_Pathogen_1_24_Pu_Water_Roots,MS_agar,Arabidopsis_thaliana,Kingdom_Pathogen,1,24,Pu,Water,Roots,1.498,1,Pathogens
1740,MS_agar_Arabidopsis_thaliana_Kingdom_Pathogen_1_25_Pu_Water_Roots,MS_agar,Arabidopsis_thaliana,Kingdom_Pathogen,1,25,Pu,Water,Roots,0.956,1,Pathogens
1741,MS_agar_Arabidopsis_thaliana_Kingdom_Pathogen_1_1_Pu_3OMG_Roots,MS_agar,Arabidopsis_thaliana,Kingdom_Pathogen,1,1,Pu,3OMG,Roots,2.38,1,Pathogens
1742,MS_agar_Arabidopsis_thaliana_Kingdom_Pathogen_1_2_Pu_3OMG_Roots,MS_agar,Arabidopsis_thaliana,Kingdom_Pathogen,1,2,Pu,3OMG,Roots,2.011,1,Pathogens
1743,MS_agar_Arabidopsis_thaliana_Kingdom_Pathogen_1_3_Pu_3OMG_Roots,MS_agar,Arabidopsis_thaliana,Kingdom_Pathogen,1,3,Pu,3OMG,Roots,3.262,1,Pathogens
1744,MS_agar_Arabidopsis_thaliana_Kingdom_Pathogen_1_4_Pu_3OMG_Roots,MS_agar,Arabidopsis_thaliana,Kingdom_Pathogen,1,4,Pu,3OMG,Roots,1.062,1,Pathogens
1745,MS_agar_Arabidopsis_thaliana_Kingdom_Pathogen_1_5_Pu_3OMG_Roots,MS_agar,Arabidopsis_thaliana,Kingdom_Pathogen,1,5,Pu,3OMG,Roots,0.949,1,Pathogens
1746,MS_agar_Arabidopsis_thaliana_Kingdom_Pathogen_1_6_Pu_3OMG_Roots,MS_agar,Arabidopsis_thaliana,Kingdom_Pathogen,1,6,Pu,3OMG,Roots,1.764,1,Pathogens
1747,MS_agar_Arabidopsis_thaliana_Kingdom_Pathogen_1_7_Pu_3OMG_Roots,MS_agar,Arabidopsis_thaliana,Kingdom_Pathogen,1,7,Pu,3OMG,Roots,1.574,1,Pathogens
1748,MS_agar_Arabidopsis_thaliana_Kingdom_Pathogen_1_8_Pu_3OMG_Roots,MS_agar,Arabidopsis_thaliana,Kingdom_Pathogen,1,8,Pu,3OMG,Roots,1.82,1,Pathogens
1749,MS_agar_Arabidopsis_thaliana_Kingdom_Pathogen_1_9_Pu_3OMG_Roots,MS_agar,Arabidopsis_thaliana,Kingdom_Pathogen,1,9,Pu,3OMG,Roots,0.679,1,Pathogens
1750,MS_agar_Arabidopsis_thaliana_Kingdom_Pathogen_1_10_Pu_3OMG_Roots,MS_agar,Arabidopsis_thaliana,Kingdom_Pathogen,1,10,Pu,3OMG,Roots,1.456,1,Pathogens
1751,MS_agar_Arabidopsis_thaliana_Kingdom_Pathogen_1_11_Pu_3OMG_Roots,MS_agar,Arabidopsis_thaliana,Kingdom_Pathogen,1,11,Pu,3OMG,Roots,0.84,1,Pathogens
1752,MS_agar_Arabidopsis_thaliana_Kingdom_Pathogen_1_12_Pu_3OMG_Roots,MS_agar,Arabidopsis_thaliana,Kingdom_Pathogen,1,12,Pu,3OMG,Roots,2.496,1,Pathogens
1753,MS_agar_Arabidopsis_thaliana_Kingdom_Pathogen_1_13_Pu_3OMG_Roots,MS_agar,Arabidopsis_thaliana,Kingdom_Pathogen,1,13,Pu,3OMG,Roots,0.885,1,Pathogens
1754,MS_agar_Arabidopsis_thaliana_Kingdom_Pathogen_1_14_Pu_3OMG_Roots,MS_agar,Arabidopsis_thaliana,Kingdom_Pathogen,1,14,Pu,3OMG,Roots,1.275,1,Pathogens
1755,MS_agar_Arabidopsis_thaliana_Kingdom_Pathogen_1_15_Pu_3OMG_Roots,MS_agar,Arabidopsis_thaliana,Kingdom_Pathogen,1,15,Pu,3OMG,Roots,1.36,1,Pathogens
1756,MS_agar_Arabidopsis_thaliana_Kingdom_Pathogen_1_16_Pu_3OMG_Roots,MS_agar,Arabidopsis_thaliana,Kingdom_Pathogen,1,16,Pu,3OMG,Roots,1.224,1,Pathogens
1757,MS_agar_Arabidopsis_thaliana_Kingdom_Pathogen_1_17_Pu_3OMG_Roots,MS_agar,Arabidopsis_thaliana,Kingdom_Pathogen,1,17,Pu,3OMG,Roots,1.655,1,Pathogens
1758,MS_agar_Arabidopsis_thaliana_Kingdom_Pathogen_1_18_Pu_3OMG_Roots,MS_agar,Arabidopsis_thaliana,Kingdom_Pathogen,1,18,Pu,3OMG,Roots,1.034,1,Pathogens
1759,MS_agar_Arabidopsis_thaliana_Kingdom_Pathogen_1_19_Pu_3OMG_Roots,MS_agar,Arabidopsis_thaliana,Kingdom_Pathogen,1,19,Pu,3OMG,Roots,0.935,1,Pathogens
1760,MS_agar_Arabidopsis_thaliana_Kingdom_Pathogen_1_20_Pu_3OMG_Roots,MS_agar,Arabidopsis_thaliana,Kingdom_Pathogen,1,20,Pu,3OMG,Roots,1.36,1,Pathogens
1761,MS_agar_Arabidopsis_thaliana_Kingdom_Pathogen_1_21_Pu_3OMG_Roots,MS_agar,Arabidopsis_thaliana,Kingdom_Pathogen,1,21,Pu,3OMG,Roots,0.85,1,Pathogens
1762,MS_agar_Arabidopsis_thaliana_Kingdom_Pathogen_1_22_Pu_3OMG_Roots,MS_agar,Arabidopsis_thaliana,Kingdom_Pathogen,1,22,Pu,3OMG,Roots,1.075,1,Pathogens
1763,MS_agar_Arabidopsis_thaliana_Kingdom_Pathogen_1_23_Pu_3OMG_Roots,MS_agar,Arabidopsis_thaliana,Kingdom_Pathogen,1,23,Pu,3OMG,Roots,0.674,1,Pathogens
1764,MS_agar_Arabidopsis_thaliana_Kingdom_Pathogen_1_24_Pu_3OMG_Roots,MS_agar,Arabidopsis_thaliana,Kingdom_Pathogen,1,24,Pu,3OMG,Roots,2.372,1,Pathogens
1765,MS_agar_Arabidopsis_thaliana_Kingdom_Pathogen_1_25_Pu_3OMG_Roots,MS_agar,Arabidopsis_thaliana,Kingdom_Pathogen,1,25,Pu,3OMG,Roots,1.403,1,Pathogens
1766,MS_agar_Arabidopsis_thaliana_Kingdom_Pathogen_1_1_Rs_Water_Roots,MS_agar,Arabidopsis_thaliana,Kingdom_Pathogen,1,1,Rs,Water,Roots,3.795,1,Pathogens
1767,MS_agar_Arabidopsis_thaliana_Kingdom_Pathogen_1_2_Rs_Water_Roots,MS_agar,Arabidopsis_thaliana,Kingdom_Pathogen,1,2,Rs,Water,Roots,2.899,1,Pathogens
1768,MS_agar_Arabidopsis_thaliana_Kingdom_Pathogen_1_3_Rs_Water_Roots,MS_agar,Arabidopsis_thaliana,Kingdom_Pathogen,1,3,Rs,Water,Roots,3.271,1,Pathogens
1769,MS_agar_Arabidopsis_thaliana_Kingdom_Pathogen_1_4_Rs_Water_Roots,MS_agar,Arabidopsis_thaliana,Kingdom_Pathogen,1,4,Rs,Water,Roots,3.385,1,Pathogens
1770,MS_agar_Arabidopsis_thaliana_Kingdom_Pathogen_1_5_Rs_Water_Roots,MS_agar,Arabidopsis_thaliana,Kingdom_Pathogen,1,5,Rs,Water,Roots,2.609,1,Pathogens
1771,MS_agar_Arabidopsis_thaliana_Kingdom_Pathogen_1_6_Rs_Water_Roots,MS_agar,Arabidopsis_thaliana,Kingdom_Pathogen,1,6,Rs,Water,Roots,1.87,1,Pathogens
1772,MS_agar_Arabidopsis_thaliana_Kingdom_Pathogen_1_7_Rs_Water_Roots,MS_agar,Arabidopsis_thaliana,Kingdom_Pathogen,1,7,Rs,Water,Roots,2.985,1,Pathogens
1773,MS_agar_Arabidopsis_thaliana_Kingdom_Pathogen_1_8_Rs_Water_Roots,MS_agar,Arabidopsis_thaliana,Kingdom_Pathogen,1,8,Rs,Water,Roots,2.209,1,Pathogens
1774,MS_agar_Arabidopsis_thaliana_Kingdom_Pathogen_1_9_Rs_Water_Roots,MS_agar,Arabidopsis_thaliana,Kingdom_Pathogen,1,9,Rs,Water,Roots,3.976,1,Pathogens
1775,MS_agar_Arabidopsis_thaliana_Kingdom_Pathogen_1_10_Rs_Water_Roots,MS_agar,Arabidopsis_thaliana,Kingdom_Pathogen,1,10,Rs,Water,Roots,4.598,1,Pathogens
1776,MS_agar_Arabidopsis_thaliana_Kingdom_Pathogen_1_11_Rs_Water_Roots,MS_agar,Arabidopsis_thaliana,Kingdom_Pathogen,1,11,Rs,Water,Roots,4.327,1,Pathogens
1777,MS_agar_Arabidopsis_thaliana_Kingdom_Pathogen_1_12_Rs_Water_Roots,MS_agar,Arabidopsis_thaliana,Kingdom_Pathogen,1,12,Rs,Water,Roots,2.886,1,Pathogens
1778,MS_agar_Arabidopsis_thaliana_Kingdom_Pathogen_1_13_Rs_Water_Roots,MS_agar,Arabidopsis_thaliana,Kingdom_Pathogen,1,13,Rs,Water,Roots,2.723,1,Pathogens
1779,MS_agar_Arabidopsis_thaliana_Kingdom_Pathogen_1_14_Rs_Water_Roots,MS_agar,Arabidopsis_thaliana,Kingdom_Pathogen,1,14,Rs,Water,Roots,2.72,1,Pathogens
1780,MS_agar_Arabidopsis_thaliana_Kingdom_Pathogen_1_15_Rs_Water_Roots,MS_agar,Arabidopsis_thaliana,Kingdom_Pathogen,1,15,Rs,Water,Roots,2.458,1,Pathogens
1781,MS_agar_Arabidopsis_thaliana_Kingdom_Pathogen_1_16_Rs_Water_Roots,MS_agar,Arabidopsis_thaliana,Kingdom_Pathogen,1,16,Rs,Water,Roots,1.803,1,Pathogens
1782,MS_agar_Arabidopsis_thaliana_Kingdom_Pathogen_1_17_Rs_Water_Roots,MS_agar,Arabidopsis_thaliana,Kingdom_Pathogen,1,17,Rs,Water,Roots,2.675,1,Pathogens
1783,MS_agar_Arabidopsis_thaliana_Kingdom_Pathogen_1_18_Rs_Water_Roots,MS_agar,Arabidopsis_thaliana,Kingdom_Pathogen,1,18,Rs,Water,Roots,4.925,1,Pathogens
1784,MS_agar_Arabidopsis_thaliana_Kingdom_Pathogen_1_19_Rs_Water_Roots,MS_agar,Arabidopsis_thaliana,Kingdom_Pathogen,1,19,Rs,Water,Roots,2.728,1,Pathogens
1785,MS_agar_Arabidopsis_thaliana_Kingdom_Pathogen_1_20_Rs_Water_Roots,MS_agar,Arabidopsis_thaliana,Kingdom_Pathogen,1,20,Rs,Water,Roots,5.374,1,Pathogens
1786,MS_agar_Arabidopsis_thaliana_Kingdom_Pathogen_1_21_Rs_Water_Roots,MS_agar,Arabidopsis_thaliana,Kingdom_Pathogen,1,21,Rs,Water,Roots,4.759,1,Pathogens
1787,MS_agar_Arabidopsis_thaliana_Kingdom_Pathogen_1_22_Rs_Water_Roots,MS_agar,Arabidopsis_thaliana,Kingdom_Pathogen,1,22,Rs,Water,Roots,1.825,1,Pathogens
1788,MS_agar_Arabidopsis_thaliana_Kingdom_Pathogen_1_23_Rs_Water_Roots,MS_agar,Arabidopsis_thaliana,Kingdom_Pathogen,1,23,Rs,Water,Roots,0.977,1,Pathogens
1789,MS_agar_Arabidopsis_thaliana_Kingdom_Pathogen_1_24_Rs_Water_Roots,MS_agar,Arabidopsis_thaliana,Kingdom_Pathogen,1,24,Rs,Water,Roots,2.05,1,Pathogens
1790,MS_agar_Arabidopsis_thaliana_Kingdom_Pathogen_1_25_Rs_Water_Roots,MS_agar,Arabidopsis_thaliana,Kingdom_Pathogen,1,25,Rs,Water,Roots,2.66,1,Pathogens
1791,MS_agar_Arabidopsis_thaliana_Kingdom_Pathogen_1_1_Rs_3OMG_Roots,MS_agar,Arabidopsis_thaliana,Kingdom_Pathogen,1,1,Rs,3OMG,Roots,2.598,1,Pathogens
1792,MS_agar_Arabidopsis_thaliana_Kingdom_Pathogen_1_2_Rs_3OMG_Roots,MS_agar,Arabidopsis_thaliana,Kingdom_Pathogen,1,2,Rs,3OMG,Roots,3.058,1,Pathogens
1793,MS_agar_Arabidopsis_thaliana_Kingdom_Pathogen_1_3_Rs_3OMG_Roots,MS_agar,Arabidopsis_thaliana,Kingdom_Pathogen,1,3,Rs,3OMG,Roots,8.673,1,Pathogens
1794,MS_agar_Arabidopsis_thaliana_Kingdom_Pathogen_1_4_Rs_3OMG_Roots,MS_agar,Arabidopsis_thaliana,Kingdom_Pathogen,1,4,Rs,3OMG,Roots,2.189,1,Pathogens
1795,MS_agar_Arabidopsis_thaliana_Kingdom_Pathogen_1_5_Rs_3OMG_Roots,MS_agar,Arabidopsis_thaliana,Kingdom_Pathogen,1,5,Rs,3OMG,Roots,3.873,1,Pathogens
1796,MS_agar_Arabidopsis_thaliana_Kingdom_Pathogen_1_6_Rs_3OMG_Roots,MS_agar,Arabidopsis_thaliana,Kingdom_Pathogen,1,6,Rs,3OMG,Roots,3.409,1,Pathogens
1797,MS_agar_Arabidopsis_thaliana_Kingdom_Pathogen_1_7_Rs_3OMG_Roots,MS_agar,Arabidopsis_thaliana,Kingdom_Pathogen,1,7,Rs,3OMG,Roots,1.841,1,Pathogens
1798,MS_agar_Arabidopsis_thaliana_Kingdom_Pathogen_1_8_Rs_3OMG_Roots,MS_agar,Arabidopsis_thaliana,Kingdom_Pathogen,1,8,Rs,3OMG,Roots,2.249,1,Pathogens
1799,MS_agar_Arabidopsis_thaliana_Kingdom_Pathogen_1_9_Rs_3OMG_Roots,MS_agar,Arabidopsis_thaliana,Kingdom_Pathogen,1,9,Rs,3OMG,Roots,2.943,1,Pathogens
1800,MS_agar_Arabidopsis_thaliana_Kingdom_Pathogen_1_10_Rs_3OMG_Roots,MS_agar,Arabidopsis_thaliana,Kingdom_Pathogen,1,10,Rs,3OMG,Roots,2.469,1,Pathogens
1801,MS_agar_Arabidopsis_thaliana_Kingdom_Pathogen_1_11_Rs_3OMG_Roots,MS_agar,Arabidopsis_thaliana,Kingdom_Pathogen,1,11,Rs,3OMG,Roots,2.04,1,Pathogens
1802,MS_agar_Arabidopsis_thaliana_Kingdom_Pathogen_1_12_Rs_3OMG_Roots,MS_agar,Arabidopsis_thaliana,Kingdom_Pathogen,1,12,Rs,3OMG,Roots,1.53,1,Pathogens
1803,MS_agar_Arabidopsis_thaliana_Kingdom_Pathogen_1_13_Rs_3OMG_Roots,MS_agar,Arabidopsis_thaliana,Kingdom_Pathogen,1,13,Rs,3OMG,Roots,3.419,1,Pathogens
1804,MS_agar_Arabidopsis_thaliana_Kingdom_Pathogen_1_14_Rs_3OMG_Roots,MS_agar,Arabidopsis_thaliana,Kingdom_Pathogen,1,14,Rs,3OMG,Roots,2.804,1,Pathogens
1805,MS_agar_Arabidopsis_thaliana_Kingdom_Pathogen_1_15_Rs_3OMG_Roots,MS_agar,Arabidopsis_thaliana,Kingdom_Pathogen,1,15,Rs,3OMG,Roots,1.782,1,Pathogens
1806,MS_agar_Arabidopsis_thaliana_Kingdom_Pathogen_1_16_Rs_3OMG_Roots,MS_agar,Arabidopsis_thaliana,Kingdom_Pathogen,1,16,Rs,3OMG,Roots,1.574,1,Pathogens
1807,MS_agar_Arabidopsis_thaliana_Kingdom_Pathogen_1_17_Rs_3OMG_Roots,MS_agar,Arabidopsis_thaliana,Kingdom_Pathogen,1,17,Rs,3OMG,Roots,1.942,1,Pathogens
1808,MS_agar_Arabidopsis_thaliana_Kingdom_Pathogen_1_18_Rs_3OMG_Roots,MS_agar,Arabidopsis_thaliana,Kingdom_Pathogen,1,18,Rs,3OMG,Roots,1.069,1,Pathogens
1809,MS_agar_Arabidopsis_thaliana_Kingdom_Pathogen_1_19_Rs_3OMG_Roots,MS_agar,Arabidopsis_thaliana,Kingdom_Pathogen,1,19,Rs,3OMG,Roots,2.664,1,Pathogens
1810,MS_agar_Arabidopsis_thaliana_Kingdom_Pathogen_1_20_Rs_3OMG_Roots,MS_agar,Arabidopsis_thaliana,Kingdom_Pathogen,1,20,Rs,3OMG,Roots,1.628,1,Pathogens
1811,MS_agar_Arabidopsis_thaliana_Kingdom_Pathogen_1_21_Rs_3OMG_Roots,MS_agar,Arabidopsis_thaliana,Kingdom_Pathogen,1,21,Rs,3OMG,Roots,1.21,1,Pathogens
1812,MS_agar_Arabidopsis_thaliana_Kingdom_Pathogen_1_22_Rs_3OMG_Roots,MS_agar,Arabidopsis_thaliana,Kingdom_Pathogen,1,22,Rs,3OMG,Roots,2.877,1,Pathogens
1813,MS_agar_Arabidopsis_thaliana_Kingdom_Pathogen_1_23_Rs_3OMG_Roots,MS_agar,Arabidopsis_thaliana,Kingdom_Pathogen,1,23,Rs,3OMG,Roots,1.217,1,Pathogens
1814,MS_agar_Arabidopsis_thaliana_Kingdom_Pathogen_1_24_Rs_3OMG_Roots,MS_agar,Arabidopsis_thaliana,Kingdom_Pathogen,1,24,Rs,3OMG,Roots,2.317,1,Pathogens
1815,MS_agar_Arabidopsis_thaliana_Kingdom_Pathogen_1_25_Rs_3OMG_Roots,MS_agar,Arabidopsis_thaliana,Kingdom_Pathogen,1,25,Rs,3OMG,Roots,1.64,1,Pathogens