Row,Experiment,ID,Plant,Microbes,Treatment,Bio_rep,Rep,Time_Point,Nb,Root_Length
1,Sugars,#REF!,Col0,MF,Water,Rep 1,1,D07,NA,17
2,Sugars,#REF!,Col0,MF,Water,Rep 1,2,D07,NA,9
3,Sugars,#REF!,Col0,MF,Water,Rep 1,3,D07,NA,10
4,Sugars,#REF!,Col0,MF,Water,Rep 1,4,D07,NA,3
5,Sugars,#REF!,Col0,MF,Water,Rep 1,5,D07,NA,16
6,Sugars,#REF!,Col0,MF,Water,Rep 1,6,D07,NA,13
7,Sugars,#REF!,Col0,MF,Water,Rep 1,7,D07,NA,18
8,Sugars,#REF!,Col0,MF,Water,Rep 1,8,D07,NA,16
9,Sugars,#REF!,Col0,MF,Water,Rep 1,9,D07,NA,16
10,Sugars,#REF!,Col0,MF,Water,Rep 1,10,D07,NA,9
11,Sugars,#REF!,Col0,MF,Water,Rep 1,11,D07,NA,14
12,Sugars,#REF!,Col0,MF,Water,Rep 1,12,D07,NA,19
13,Sugars,#REF!,Col0,MF,Water,Rep 1,13,D07,NA,17
14,Sugars,#REF!,Col0,MF,Water,Rep 1,14,D07,NA,13
15,Sugars,#REF!,Col0,MF,Water,Rep 1,15,D07,NA,13
16,Sugars,#REF!,Col0,MF,Water,Rep 1,16,D07,NA,17
17,Sugars,#REF!,Col0,MF,Water,Rep 1,17,D07,NA,11
18,Sugars,#REF!,Col0,MF,Water,Rep 1,18,D07,NA,12
19,Sugars,#REF!,Col0,MF,Water,Rep 1,19,D07,NA,13
20,Sugars,#REF!,Col0,MF,Water,Rep 1,20,D07,NA,17
21,Sugars,#REF!,Col0,MF,Water,Rep 1,21,D07,NA,17
22,Sugars,#REF!,Col0,MF,Water,Rep 1,22,D07,NA,15
23,Sugars,#REF!,Col0,MF,Water,Rep 1,23,D07,NA,14
24,Sugars,#REF!,Col0,MF,Water,Rep 1,24,D07,NA,17
25,Sugars,#REF!,Col0,MF,Water,Rep 1,25,D07,NA,22
26,Sugars,#REF!,Col0,MF,Water,Rep 1,26,D07,NA,18
27,Sugars,#REF!,Col0,MF,Water,Rep 1,27,D07,NA,12
28,Sugars,#REF!,Col0,MF,Water,Rep 1,28,D07,NA,15
29,Sugars,#REF!,Col0,MF,Water,Rep 1,29,D07,NA,12
30,Sugars,#REF!,Col0,MF,Water,Rep 1,30,D07,NA,13
31,Sugars,#REF!,Col0,MF,Water,Rep 1,31,D07,NA,14
32,Sugars,#REF!,Col0,MF,Water,Rep 1,32,D07,NA,10
33,Sugars,#REF!,Col0,MF,Water,Rep 1,33,D07,NA,14
34,Sugars,#REF!,Col0,MF,Water,Rep 1,34,D07,NA,15
35,Sugars,#REF!,Col0,MF,Water,Rep 1,35,D07,NA,11
36,Sugars,#REF!,Col0,MF,Water,Rep 1,36,D07,NA,16
37,Sugars,#REF!,Col0,MF,Water,Rep 1,37,D07,NA,15
38,Sugars,#REF!,Col0,MF,Water,Rep 1,38,D07,NA,13
39,Sugars,#REF!,Col0,MF,Water,Rep 1,39,D07,NA,13
40,Sugars,#REF!,Col0,MF,Water,Rep 1,40,D07,NA,14
41,Sugars,#REF!,Col0,MF,Water,Rep 1,41,D07,NA,19
42,Sugars,#REF!,Col0,MF,Water,Rep 1,42,D07,NA,14
43,Sugars,#REF!,Col0,MF,Water,Rep 1,43,D07,NA,16
44,Sugars,#REF!,Col0,MF,Water,Rep 1,44,D07,NA,10
45,Sugars,#REF!,Col0,MF,Water,Rep 1,45,D07,NA,15
46,Sugars,#REF!,Col0,MF,Water,Rep 1,46,D07,NA,12
47,Sugars,#REF!,Col0,MF,Water,Rep 1,47,D07,NA,4
48,Sugars,#REF!,Col0,MF,Water,Rep 1,48,D07,NA,16
49,Sugars,#REF!,Col0,MF,Water,Rep 1,49,D07,NA,11
50,Sugars,#REF!,Col0,MF,Water,Rep 1,50,D07,NA,6
51,Sugars,#REF!,Col0,MF,3OMG,Rep 1,1,D07,NA,14
52,Sugars,#REF!,Col0,MF,3OMG,Rep 1,2,D07,NA,16
53,Sugars,#REF!,Col0,MF,3OMG,Rep 1,3,D07,NA,7
54,Sugars,#REF!,Col0,MF,3OMG,Rep 1,4,D07,NA,16
55,Sugars,#REF!,Col0,MF,3OMG,Rep 1,5,D07,NA,12
56,Sugars,#REF!,Col0,MF,3OMG,Rep 1,6,D07,NA,2
57,Sugars,#REF!,Col0,MF,3OMG,Rep 1,7,D07,NA,12
58,Sugars,#REF!,Col0,MF,3OMG,Rep 1,8,D07,NA,13
59,Sugars,#REF!,Col0,MF,3OMG,Rep 1,9,D07,NA,16
60,Sugars,#REF!,Col0,MF,3OMG,Rep 1,10,D07,NA,3
61,Sugars,#REF!,Col0,MF,3OMG,Rep 1,11,D07,NA,16
62,Sugars,#REF!,Col0,MF,3OMG,Rep 1,12,D07,NA,12
63,Sugars,#REF!,Col0,MF,3OMG,Rep 1,13,D07,NA,4
64,Sugars,#REF!,Col0,MF,3OMG,Rep 1,14,D07,NA,12
65,Sugars,#REF!,Col0,MF,3OMG,Rep 1,15,D07,NA,7
66,Sugars,#REF!,Col0,MF,3OMG,Rep 1,16,D07,NA,14
67,Sugars,#REF!,Col0,MF,3OMG,Rep 1,17,D07,NA,15
68,Sugars,#REF!,Col0,MF,3OMG,Rep 1,18,D07,NA,4
69,Sugars,#REF!,Col0,MF,3OMG,Rep 1,19,D07,NA,8
70,Sugars,#REF!,Col0,MF,3OMG,Rep 1,20,D07,NA,11
71,Sugars,#REF!,Col0,MF,3OMG,Rep 1,21,D07,NA,11
72,Sugars,#REF!,Col0,MF,3OMG,Rep 1,22,D07,NA,11
73,Sugars,#REF!,Col0,MF,3OMG,Rep 1,23,D07,NA,17
74,Sugars,#REF!,Col0,MF,3OMG,Rep 1,24,D07,NA,16
75,Sugars,#REF!,Col0,MF,3OMG,Rep 1,25,D07,NA,17
76,Sugars,#REF!,Col0,MF,3OMG,Rep 1,26,D07,NA,16
77,Sugars,#REF!,Col0,MF,3OMG,Rep 1,27,D07,NA,3
78,Sugars,#REF!,Col0,MF,3OMG,Rep 1,28,D07,NA,13
79,Sugars,#REF!,Col0,MF,3OMG,Rep 1,29,D07,NA,16
80,Sugars,#REF!,Col0,MF,3OMG,Rep 1,30,D07,NA,17
81,Sugars,#REF!,Col0,MF,3OMG,Rep 1,31,D07,NA,3
82,Sugars,#REF!,Col0,MF,3OMG,Rep 1,32,D07,NA,16
83,Sugars,#REF!,Col0,MF,3OMG,Rep 1,33,D07,NA,17
84,Sugars,#REF!,Col0,MF,3OMG,Rep 1,34,D07,NA,18
85,Sugars,#REF!,Col0,MF,3OMG,Rep 1,35,D07,NA,6
86,Sugars,#REF!,Col0,MF,3OMG,Rep 1,36,D07,NA,16
87,Sugars,#REF!,Col0,MF,3OMG,Rep 1,37,D07,NA,14
88,Sugars,#REF!,Col0,MF,3OMG,Rep 1,38,D07,NA,12
89,Sugars,#REF!,Col0,MF,3OMG,Rep 1,39,D07,NA,6
90,Sugars,#REF!,Col0,MF,3OMG,Rep 1,40,D07,NA,13
91,Sugars,#REF!,Col0,MF,3OMG,Rep 1,41,D07,NA,4
92,Sugars,#REF!,Col0,MF,3OMG,Rep 1,42,D07,NA,3
93,Sugars,#REF!,Col0,MF,3OMG,Rep 1,43,D07,NA,15
94,Sugars,#REF!,Col0,MF,3OMG,Rep 1,44,D07,NA,4
95,Sugars,#REF!,Col0,MF,3OMG,Rep 1,45,D07,NA,12
96,Sugars,#REF!,Col0,MF,3OMG,Rep 1,46,D07,NA,11
97,Sugars,#REF!,Col0,MF,3OMG,Rep 1,47,D07,NA,3
98,Sugars,#REF!,Col0,MF,3OMG,Rep 1,48,D07,NA,3
99,Sugars,#REF!,Col0,MF,3OMG,Rep 1,49,D07,NA,7
100,Sugars,#REF!,Col0,MF,3OMG,Rep 1,50,D07,NA,11
101,Sugars,#REF!,HXK1,MF,Water,Rep 1,1,D07,NA,6
102,Sugars,#REF!,HXK1,MF,Water,Rep 1,2,D07,NA,10
103,Sugars,#REF!,HXK1,MF,Water,Rep 1,3,D07,NA,14
104,Sugars,#REF!,HXK1,MF,Water,Rep 1,4,D07,NA,1
105,Sugars,#REF!,HXK1,MF,Water,Rep 1,5,D07,NA,0.98
106,Sugars,#REF!,HXK1,MF,Water,Rep 1,6,D07,NA,2
107,Sugars,#REF!,HXK1,MF,Water,Rep 1,7,D07,NA,5
108,Sugars,#REF!,HXK1,MF,Water,Rep 1,8,D07,NA,2
109,Sugars,#REF!,HXK1,MF,Water,Rep 1,9,D07,NA,13
110,Sugars,#REF!,HXK1,MF,Water,Rep 1,10,D07,NA,15
111,Sugars,#REF!,HXK1,MF,Water,Rep 1,11,D07,NA,3
112,Sugars,#REF!,HXK1,MF,Water,Rep 1,12,D07,NA,8
113,Sugars,#REF!,HXK1,MF,Water,Rep 1,13,D07,NA,5
114,Sugars,#REF!,HXK1,MF,Water,Rep 1,14,D07,NA,9
115,Sugars,#REF!,HXK1,MF,Water,Rep 1,15,D07,NA,2
116,Sugars,#REF!,HXK1,MF,Water,Rep 1,16,D07,NA,1
117,Sugars,#REF!,HXK1,MF,Water,Rep 1,17,D07,NA,1
118,Sugars,#REF!,HXK1,MF,Water,Rep 1,18,D07,NA,0.85
119,Sugars,#REF!,HXK1,MF,Water,Rep 1,19,D07,NA,3
120,Sugars,#REF!,HXK1,MF,Water,Rep 1,20,D07,NA,4
121,Sugars,#REF!,HXK1,MF,Water,Rep 1,21,D07,NA,1
122,Sugars,#REF!,HXK1,MF,Water,Rep 1,22,D07,NA,1
123,Sugars,#REF!,HXK1,MF,Water,Rep 1,23,D07,NA,10
124,Sugars,#REF!,HXK1,MF,Water,Rep 1,24,D07,NA,3
125,Sugars,#REF!,HXK1,MF,Water,Rep 1,25,D07,NA,1
126,Sugars,#REF!,HXK1,MF,Water,Rep 1,26,D07,NA,12
127,Sugars,#REF!,HXK1,MF,Water,Rep 1,27,D07,NA,7
128,Sugars,#REF!,HXK1,MF,Water,Rep 1,28,D07,NA,4
129,Sugars,#REF!,HXK1,MF,Water,Rep 1,29,D07,NA,2
130,Sugars,#REF!,HXK1,MF,Water,Rep 1,30,D07,NA,1
131,Sugars,#REF!,HXK1,MF,Water,Rep 1,31,D07,NA,6
132,Sugars,#REF!,HXK1,MF,Water,Rep 1,32,D07,NA,1
133,Sugars,#REF!,HXK1,MF,Water,Rep 1,33,D07,NA,2
134,Sugars,#REF!,HXK1,MF,Water,Rep 1,34,D07,NA,4
135,Sugars,#REF!,HXK1,MF,Water,Rep 1,35,D07,NA,7
136,Sugars,#REF!,HXK1,MF,Water,Rep 1,36,D07,NA,0.96
137,Sugars,#REF!,HXK1,MF,Water,Rep 1,37,D07,NA,1
138,Sugars,#REF!,HXK1,MF,Water,Rep 1,38,D07,NA,4
139,Sugars,#REF!,HXK1,MF,Water,Rep 1,39,D07,NA,5
140,Sugars,#REF!,HXK1,MF,Water,Rep 1,40,D07,NA,6
141,Sugars,#REF!,HXK1,MF,Water,Rep 1,41,D07,NA,6
142,Sugars,#REF!,HXK1,MF,Water,Rep 1,42,D07,NA,6
143,Sugars,#REF!,HXK1,MF,Water,Rep 1,43,D07,NA,1
144,Sugars,#REF!,HXK1,MF,Water,Rep 1,44,D07,NA,10
145,Sugars,#REF!,HXK1,MF,Water,Rep 1,45,D07,NA,5
146,Sugars,#REF!,HXK1,MF,Water,Rep 1,46,D07,NA,7
147,Sugars,#REF!,HXK1,MF,Water,Rep 1,47,D07,NA,8
148,Sugars,#REF!,HXK1,MF,Water,Rep 1,48,D07,NA,3
149,Sugars,#REF!,HXK1,MF,Water,Rep 1,49,D07,NA,10
150,Sugars,#REF!,HXK1,MF,Water,Rep 1,50,D07,NA,10
151,Sugars,#REF!,HXK1,MF,3OMG,Rep 1,1,D07,NA,11
152,Sugars,#REF!,HXK1,MF,3OMG,Rep 1,2,D07,NA,3
153,Sugars,#REF!,HXK1,MF,3OMG,Rep 1,3,D07,NA,1
154,Sugars,#REF!,HXK1,MF,3OMG,Rep 1,4,D07,NA,5
155,Sugars,#REF!,HXK1,MF,3OMG,Rep 1,5,D07,NA,9
156,Sugars,#REF!,HXK1,MF,3OMG,Rep 1,6,D07,NA,10
157,Sugars,#REF!,HXK1,MF,3OMG,Rep 1,7,D07,NA,11
158,Sugars,#REF!,HXK1,MF,3OMG,Rep 1,8,D07,NA,2
159,Sugars,#REF!,HXK1,MF,Water,Rep 1,9,D07,NA,3
160,Sugars,#REF!,HXK1,MF,3OMG,Rep 1,10,D07,NA,1
161,Sugars,#REF!,HXK1,MF,3OMG,Rep 1,11,D07,NA,9
162,Sugars,#REF!,HXK1,MF,3OMG,Rep 1,12,D07,NA,12
163,Sugars,#REF!,HXK1,MF,3OMG,Rep 1,13,D07,NA,5
164,Sugars,#REF!,HXK1,MF,3OMG,Rep 1,14,D07,NA,9
165,Sugars,#REF!,HXK1,MF,3OMG,Rep 1,15,D07,NA,1
166,Sugars,#REF!,HXK1,MF,3OMG,Rep 1,16,D07,NA,1
167,Sugars,#REF!,HXK1,MF,3OMG,Rep 1,17,D07,NA,3
168,Sugars,#REF!,HXK1,MF,Water,Rep 1,18,D07,NA,3
169,Sugars,#REF!,HXK1,MF,3OMG,Rep 1,19,D07,NA,14
170,Sugars,#REF!,HXK1,MF,3OMG,Rep 1,20,D07,NA,13
171,Sugars,#REF!,HXK1,MF,3OMG,Rep 1,21,D07,NA,9
172,Sugars,#REF!,HXK1,MF,3OMG,Rep 1,22,D07,NA,5
173,Sugars,#REF!,HXK1,MF,3OMG,Rep 1,23,D07,NA,10
174,Sugars,#REF!,HXK1,MF,3OMG,Rep 1,24,D07,NA,2
175,Sugars,#REF!,HXK1,MF,3OMG,Rep 1,25,D07,NA,2
176,Sugars,#REF!,HXK1,MF,3OMG,Rep 1,26,D07,NA,0.96
177,Sugars,#REF!,HXK1,MF,Water,Rep 1,27,D07,NA,10
178,Sugars,#REF!,HXK1,MF,3OMG,Rep 1,28,D07,NA,9
179,Sugars,#REF!,HXK1,MF,3OMG,Rep 1,29,D07,NA,11
180,Sugars,#REF!,HXK1,MF,3OMG,Rep 1,30,D07,NA,3
181,Sugars,#REF!,HXK1,MF,3OMG,Rep 1,31,D07,NA,13
182,Sugars,#REF!,HXK1,MF,3OMG,Rep 1,32,D07,NA,2
183,Sugars,#REF!,HXK1,MF,3OMG,Rep 1,33,D07,NA,2
184,Sugars,#REF!,HXK1,MF,3OMG,Rep 1,34,D07,NA,6
185,Sugars,#REF!,HXK1,MF,3OMG,Rep 1,35,D07,NA,6
186,Sugars,#REF!,HXK1,MF,Water,Rep 1,36,D07,NA,10
187,Sugars,#REF!,HXK1,MF,3OMG,Rep 1,37,D07,NA,9
188,Sugars,#REF!,HXK1,MF,3OMG,Rep 1,38,D07,NA,7
189,Sugars,#REF!,HXK1,MF,3OMG,Rep 1,39,D07,NA,0.92
190,Sugars,#REF!,HXK1,MF,3OMG,Rep 1,40,D07,NA,7
191,Sugars,#REF!,HXK1,MF,3OMG,Rep 1,41,D07,NA,10
192,Sugars,#REF!,HXK1,MF,3OMG,Rep 1,42,D07,NA,2
193,Sugars,#REF!,HXK1,MF,3OMG,Rep 1,43,D07,NA,7
194,Sugars,#REF!,HXK1,MF,3OMG,Rep 1,44,D07,NA,10
195,Sugars,#REF!,HXK1,MF,3OMG,Rep 1,45,D07,NA,11
196,Sugars,#REF!,HXK1,MF,3OMG,Rep 1,46,D07,NA,3
197,Sugars,#REF!,HXK1,MF,3OMG,Rep 1,47,D07,NA,5
198,Sugars,#REF!,HXK1,MF,3OMG,Rep 1,48,D07,NA,2
199,Sugars,#REF!,HXK1,MF,3OMG,Rep 1,49,D07,NA,3
200,Sugars,#REF!,HXK1,MF,3OMG,Rep 1,50,D07,NA,5
201,Sugars,#REF!,TOR,MF,Water,Rep 1,1,D07,NA,12
202,Sugars,#REF!,TOR,MF,Water,Rep 1,2,D07,NA,13
203,Sugars,#REF!,TOR,MF,Water,Rep 1,3,D07,NA,16
204,Sugars,#REF!,TOR,MF,Water,Rep 1,4,D07,NA,11
205,Sugars,#REF!,TOR,MF,Water,Rep 1,5,D07,NA,15
206,Sugars,#REF!,TOR,MF,Water,Rep 1,6,D07,NA,11
207,Sugars,#REF!,TOR,MF,Water,Rep 1,7,D07,NA,13
208,Sugars,#REF!,TOR,MF,Water,Rep 1,8,D07,NA,16
209,Sugars,#REF!,TOR,MF,Water,Rep 1,9,D07,NA,14
210,Sugars,#REF!,TOR,MF,Water,Rep 1,10,D07,NA,12
211,Sugars,#REF!,TOR,MF,Water,Rep 1,11,D07,NA,9
212,Sugars,#REF!,TOR,MF,Water,Rep 1,12,D07,NA,13
213,Sugars,#REF!,TOR,MF,Water,Rep 1,13,D07,NA,6
214,Sugars,#REF!,TOR,MF,Water,Rep 1,14,D07,NA,14
215,Sugars,#REF!,TOR,MF,Water,Rep 1,15,D07,NA,14
216,Sugars,#REF!,TOR,MF,Water,Rep 1,16,D07,NA,5
217,Sugars,#REF!,TOR,MF,Water,Rep 1,17,D07,NA,11
218,Sugars,#REF!,TOR,MF,Water,Rep 1,18,D07,NA,16
219,Sugars,#REF!,TOR,MF,Water,Rep 1,19,D07,NA,12
220,Sugars,#REF!,TOR,MF,Water,Rep 1,20,D07,NA,12
221,Sugars,#REF!,TOR,MF,Water,Rep 1,21,D07,NA,10
222,Sugars,#REF!,TOR,MF,Water,Rep 1,22,D07,NA,14
223,Sugars,#REF!,TOR,MF,Water,Rep 1,23,D07,NA,15
224,Sugars,#REF!,TOR,MF,Water,Rep 1,24,D07,NA,14
225,Sugars,#REF!,TOR,MF,Water,Rep 1,25,D07,NA,13
226,Sugars,#REF!,TOR,MF,Water,Rep 1,26,D07,NA,13
227,Sugars,#REF!,TOR,MF,Water,Rep 1,27,D07,NA,10
228,Sugars,#REF!,TOR,MF,Water,Rep 1,28,D07,NA,15
229,Sugars,#REF!,TOR,MF,Water,Rep 1,29,D07,NA,13
230,Sugars,#REF!,TOR,MF,Water,Rep 1,30,D07,NA,13
231,Sugars,#REF!,TOR,MF,Water,Rep 1,31,D07,NA,13
232,Sugars,#REF!,TOR,MF,Water,Rep 1,32,D07,NA,15
233,Sugars,#REF!,TOR,MF,Water,Rep 1,33,D07,NA,10
234,Sugars,#REF!,TOR,MF,Water,Rep 1,34,D07,NA,14
235,Sugars,#REF!,TOR,MF,Water,Rep 1,35,D07,NA,10
236,Sugars,#REF!,TOR,MF,Water,Rep 1,36,D07,NA,17
237,Sugars,#REF!,TOR,MF,Water,Rep 1,37,D07,NA,13
238,Sugars,#REF!,TOR,MF,Water,Rep 1,38,D07,NA,6
239,Sugars,#REF!,TOR,MF,Water,Rep 1,39,D07,NA,9
240,Sugars,#REF!,TOR,MF,Water,Rep 1,40,D07,NA,12
241,Sugars,#REF!,TOR,MF,Water,Rep 1,41,D07,NA,13
242,Sugars,#REF!,TOR,MF,Water,Rep 1,42,D07,NA,12
243,Sugars,#REF!,TOR,MF,Water,Rep 1,43,D07,NA,0.78
244,Sugars,#REF!,TOR,MF,Water,Rep 1,44,D07,NA,17
245,Sugars,#REF!,TOR,MF,Water,Rep 1,45,D07,NA,13
246,Sugars,#REF!,TOR,MF,Water,Rep 1,46,D07,NA,7
247,Sugars,#REF!,TOR,MF,Water,Rep 1,47,D07,NA,15
248,Sugars,#REF!,TOR,MF,Water,Rep 1,48,D07,NA,13
249,Sugars,#REF!,TOR,MF,Water,Rep 1,49,D07,NA,13
250,Sugars,#REF!,TOR,MF,Water,Rep 1,50,D07,NA,14
251,Sugars,#REF!,TOR,MF,3OMG,Rep 1,1,D07,NA,14
252,Sugars,#REF!,TOR,MF,3OMG,Rep 1,2,D07,NA,12
253,Sugars,#REF!,TOR,MF,3OMG,Rep 1,3,D07,NA,18
254,Sugars,#REF!,TOR,MF,3OMG,Rep 1,4,D07,NA,9
255,Sugars,#REF!,TOR,MF,3OMG,Rep 1,5,D07,NA,13
256,Sugars,#REF!,TOR,MF,3OMG,Rep 1,6,D07,NA,12
257,Sugars,#REF!,TOR,MF,3OMG,Rep 1,7,D07,NA,12
258,Sugars,#REF!,TOR,MF,3OMG,Rep 1,8,D07,NA,10
259,Sugars,#REF!,TOR,MF,3OMG,Rep 1,9,D07,NA,13
260,Sugars,#REF!,TOR,MF,3OMG,Rep 1,10,D07,NA,17
261,Sugars,#REF!,TOR,MF,3OMG,Rep 1,11,D07,NA,13
262,Sugars,#REF!,TOR,MF,3OMG,Rep 1,12,D07,NA,11
263,Sugars,#REF!,TOR,MF,3OMG,Rep 1,13,D07,NA,10
264,Sugars,#REF!,TOR,MF,3OMG,Rep 1,14,D07,NA,18
265,Sugars,#REF!,TOR,MF,3OMG,Rep 1,15,D07,NA,14
266,Sugars,#REF!,TOR,MF,3OMG,Rep 1,16,D07,NA,11
267,Sugars,#REF!,TOR,MF,3OMG,Rep 1,17,D07,NA,12
268,Sugars,#REF!,TOR,MF,3OMG,Rep 1,18,D07,NA,11
269,Sugars,#REF!,TOR,MF,3OMG,Rep 1,19,D07,NA,14
270,Sugars,#REF!,TOR,MF,3OMG,Rep 1,20,D07,NA,16
271,Sugars,#REF!,TOR,MF,3OMG,Rep 1,21,D07,NA,11
272,Sugars,#REF!,TOR,MF,3OMG,Rep 1,22,D07,NA,12
273,Sugars,#REF!,TOR,MF,3OMG,Rep 1,23,D07,NA,10
274,Sugars,#REF!,TOR,MF,3OMG,Rep 1,24,D07,NA,13
275,Sugars,#REF!,TOR,MF,3OMG,Rep 1,25,D07,NA,13
276,Sugars,#REF!,TOR,MF,3OMG,Rep 1,26,D07,NA,14
277,Sugars,#REF!,TOR,MF,3OMG,Rep 1,27,D07,NA,13
278,Sugars,#REF!,TOR,MF,3OMG,Rep 1,28,D07,NA,14
279,Sugars,#REF!,TOR,MF,3OMG,Rep 1,29,D07,NA,16
280,Sugars,#REF!,TOR,MF,3OMG,Rep 1,30,D07,NA,15
281,Sugars,#REF!,TOR,MF,3OMG,Rep 1,31,D07,NA,16
282,Sugars,#REF!,TOR,MF,3OMG,Rep 1,32,D07,NA,12
283,Sugars,#REF!,TOR,MF,3OMG,Rep 1,33,D07,NA,15
284,Sugars,#REF!,TOR,MF,3OMG,Rep 1,34,D07,NA,15
285,Sugars,#REF!,TOR,MF,3OMG,Rep 1,35,D07,NA,12
286,Sugars,#REF!,TOR,MF,3OMG,Rep 1,36,D07,NA,12
287,Sugars,#REF!,TOR,MF,3OMG,Rep 1,37,D07,NA,11
288,Sugars,#REF!,TOR,MF,3OMG,Rep 1,38,D07,NA,10
289,Sugars,#REF!,TOR,MF,3OMG,Rep 1,39,D07,NA,14
290,Sugars,#REF!,TOR,MF,3OMG,Rep 1,40,D07,NA,11
291,Sugars,#REF!,TOR,MF,3OMG,Rep 1,41,D07,NA,13
292,Sugars,#REF!,TOR,MF,3OMG,Rep 1,42,D07,NA,10
293,Sugars,#REF!,TOR,MF,3OMG,Rep 1,43,D07,NA,12
294,Sugars,#REF!,TOR,MF,3OMG,Rep 1,44,D07,NA,14
295,Sugars,#REF!,TOR,MF,3OMG,Rep 1,45,D07,NA,17
296,Sugars,#REF!,TOR,MF,3OMG,Rep 1,46,D07,NA,13
297,Sugars,#REF!,TOR,MF,3OMG,Rep 1,47,D07,NA,8
298,Sugars,#REF!,TOR,MF,3OMG,Rep 1,48,D07,NA,15
299,Sugars,#REF!,TOR,MF,3OMG,Rep 1,49,D07,NA,12
300,Sugars,#REF!,TOR,MF,3OMG,Rep 1,50,D07,NA,17
301,Sugars,#REF!,RAPTOR1A,MF,Water,Rep 1,1,D07,NA,15
302,Sugars,#REF!,RAPTOR1A,MF,Water,Rep 1,2,D07,NA,18
303,Sugars,#REF!,RAPTOR1A,MF,Water,Rep 1,3,D07,NA,16
304,Sugars,#REF!,RAPTOR1A,MF,Water,Rep 1,4,D07,NA,15
305,Sugars,#REF!,RAPTOR1A,MF,Water,Rep 1,5,D07,NA,14
306,Sugars,#REF!,RAPTOR1A,MF,Water,Rep 1,6,D07,NA,16
307,Sugars,#REF!,RAPTOR1A,MF,Water,Rep 1,7,D07,NA,16
308,Sugars,#REF!,RAPTOR1A,MF,Water,Rep 1,8,D07,NA,16
309,Sugars,#REF!,RAPTOR1A,MF,Water,Rep 1,9,D07,NA,19
310,Sugars,#REF!,RAPTOR1A,MF,Water,Rep 1,10,D07,NA,11
311,Sugars,#REF!,RAPTOR1A,MF,Water,Rep 1,11,D07,NA,17
312,Sugars,#REF!,RAPTOR1A,MF,Water,Rep 1,12,D07,NA,18
313,Sugars,#REF!,RAPTOR1A,MF,Water,Rep 1,13,D07,NA,17
314,Sugars,#REF!,RAPTOR1A,MF,Water,Rep 1,14,D07,NA,17
315,Sugars,#REF!,RAPTOR1A,MF,Water,Rep 1,15,D07,NA,13
316,Sugars,#REF!,RAPTOR1A,MF,Water,Rep 1,16,D07,NA,14
317,Sugars,#REF!,RAPTOR1A,MF,Water,Rep 1,17,D07,NA,17
318,Sugars,#REF!,RAPTOR1A,MF,Water,Rep 1,18,D07,NA,19
319,Sugars,#REF!,RAPTOR1A,MF,Water,Rep 1,19,D07,NA,16
320,Sugars,#REF!,RAPTOR1A,MF,Water,Rep 1,20,D07,NA,16
321,Sugars,#REF!,RAPTOR1A,MF,Water,Rep 1,21,D07,NA,16
322,Sugars,#REF!,RAPTOR1A,MF,Water,Rep 1,22,D07,NA,15
323,Sugars,#REF!,RAPTOR1A,MF,Water,Rep 1,23,D07,NA,16
324,Sugars,#REF!,RAPTOR1A,MF,Water,Rep 1,24,D07,NA,18
325,Sugars,#REF!,RAPTOR1A,MF,Water,Rep 1,25,D07,NA,17
326,Sugars,#REF!,RAPTOR1A,MF,Water,Rep 1,26,D07,NA,16
327,Sugars,#REF!,RAPTOR1A,MF,Water,Rep 1,27,D07,NA,15
328,Sugars,#REF!,RAPTOR1A,MF,Water,Rep 1,28,D07,NA,14
329,Sugars,#REF!,RAPTOR1A,MF,Water,Rep 1,29,D07,NA,18
330,Sugars,#REF!,RAPTOR1A,MF,Water,Rep 1,30,D07,NA,18
331,Sugars,#REF!,RAPTOR1A,MF,Water,Rep 1,31,D07,NA,17
332,Sugars,#REF!,RAPTOR1A,MF,Water,Rep 1,32,D07,NA,15
333,Sugars,#REF!,RAPTOR1A,MF,Water,Rep 1,33,D07,NA,16
334,Sugars,#REF!,RAPTOR1A,MF,Water,Rep 1,34,D07,NA,19
335,Sugars,#REF!,RAPTOR1A,MF,Water,Rep 1,35,D07,NA,14
336,Sugars,#REF!,RAPTOR1A,MF,Water,Rep 1,36,D07,NA,14
337,Sugars,#REF!,RAPTOR1A,MF,Water,Rep 1,37,D07,NA,12
338,Sugars,#REF!,RAPTOR1A,MF,Water,Rep 1,38,D07,NA,12
339,Sugars,#REF!,RAPTOR1A,MF,Water,Rep 1,39,D07,NA,17
340,Sugars,#REF!,RAPTOR1A,MF,Water,Rep 1,40,D07,NA,14
341,Sugars,#REF!,RAPTOR1A,MF,Water,Rep 1,41,D07,NA,16
342,Sugars,#REF!,RAPTOR1A,MF,Water,Rep 1,42,D07,NA,17
343,Sugars,#REF!,RAPTOR1A,MF,Water,Rep 1,43,D07,NA,10
344,Sugars,#REF!,RAPTOR1A,MF,Water,Rep 1,44,D07,NA,17
345,Sugars,#REF!,RAPTOR1A,MF,Water,Rep 1,45,D07,NA,18
346,Sugars,#REF!,RAPTOR1A,MF,Water,Rep 1,46,D07,NA,13
347,Sugars,#REF!,RAPTOR1A,MF,Water,Rep 1,47,D07,NA,19
348,Sugars,#REF!,RAPTOR1A,MF,Water,Rep 1,48,D07,NA,14
349,Sugars,#REF!,RAPTOR1A,MF,Water,Rep 1,49,D07,NA,16
350,Sugars,#REF!,RAPTOR1A,MF,Water,Rep 1,50,D07,NA,17
351,Sugars,#REF!,RAPTOR1A,MF,3OMG,Rep 1,1,D07,NA,14
352,Sugars,#REF!,RAPTOR1A,MF,3OMG,Rep 1,2,D07,NA,21
353,Sugars,#REF!,RAPTOR1A,MF,3OMG,Rep 1,3,D07,NA,13
354,Sugars,#REF!,RAPTOR1A,MF,3OMG,Rep 1,4,D07,NA,17
355,Sugars,#REF!,RAPTOR1A,MF,3OMG,Rep 1,5,D07,NA,13
356,Sugars,#REF!,RAPTOR1A,MF,3OMG,Rep 1,6,D07,NA,14
357,Sugars,#REF!,RAPTOR1A,MF,3OMG,Rep 1,7,D07,NA,8
358,Sugars,#REF!,RAPTOR1A,MF,3OMG,Rep 1,8,D07,NA,13
359,Sugars,#REF!,RAPTOR1A,MF,3OMG,Rep 1,9,D07,NA,18
360,Sugars,#REF!,RAPTOR1A,MF,3OMG,Rep 1,10,D07,NA,16
361,Sugars,#REF!,RAPTOR1A,MF,3OMG,Rep 1,11,D07,NA,16
362,Sugars,#REF!,RAPTOR1A,MF,3OMG,Rep 1,12,D07,NA,15
363,Sugars,#REF!,RAPTOR1A,MF,3OMG,Rep 1,13,D07,NA,9
364,Sugars,#REF!,RAPTOR1A,MF,3OMG,Rep 1,14,D07,NA,15
365,Sugars,#REF!,RAPTOR1A,MF,3OMG,Rep 1,15,D07,NA,15
366,Sugars,#REF!,RAPTOR1A,MF,3OMG,Rep 1,16,D07,NA,17
367,Sugars,#REF!,RAPTOR1A,MF,3OMG,Rep 1,17,D07,NA,18
368,Sugars,#REF!,RAPTOR1A,MF,3OMG,Rep 1,18,D07,NA,15
369,Sugars,#REF!,RAPTOR1A,MF,3OMG,Rep 1,19,D07,NA,16
370,Sugars,#REF!,RAPTOR1A,MF,3OMG,Rep 1,20,D07,NA,15
371,Sugars,#REF!,RAPTOR1A,MF,3OMG,Rep 1,21,D07,NA,15
372,Sugars,#REF!,RAPTOR1A,MF,3OMG,Rep 1,22,D07,NA,13
373,Sugars,#REF!,RAPTOR1A,MF,3OMG,Rep 1,23,D07,NA,25
374,Sugars,#REF!,RAPTOR1A,MF,3OMG,Rep 1,24,D07,NA,12
375,Sugars,#REF!,RAPTOR1A,MF,3OMG,Rep 1,25,D07,NA,15
376,Sugars,#REF!,RAPTOR1A,MF,3OMG,Rep 1,26,D07,NA,15
377,Sugars,#REF!,RAPTOR1A,MF,3OMG,Rep 1,27,D07,NA,14
378,Sugars,#REF!,RAPTOR1A,MF,3OMG,Rep 1,28,D07,NA,10
379,Sugars,#REF!,RAPTOR1A,MF,3OMG,Rep 1,29,D07,NA,3
380,Sugars,#REF!,RAPTOR1A,MF,3OMG,Rep 1,30,D07,NA,14
381,Sugars,#REF!,RAPTOR1A,MF,3OMG,Rep 1,31,D07,NA,14
382,Sugars,#REF!,RAPTOR1A,MF,3OMG,Rep 1,32,D07,NA,5
383,Sugars,#REF!,RAPTOR1A,MF,3OMG,Rep 1,33,D07,NA,16
384,Sugars,#REF!,RAPTOR1A,MF,3OMG,Rep 1,34,D07,NA,13
385,Sugars,#REF!,RAPTOR1A,MF,3OMG,Rep 1,35,D07,NA,17
386,Sugars,#REF!,RAPTOR1A,MF,3OMG,Rep 1,36,D07,NA,14
387,Sugars,#REF!,RAPTOR1A,MF,3OMG,Rep 1,37,D07,NA,14
388,Sugars,#REF!,RAPTOR1A,MF,3OMG,Rep 1,38,D07,NA,12
389,Sugars,#REF!,RAPTOR1A,MF,3OMG,Rep 1,39,D07,NA,13
390,Sugars,#REF!,RAPTOR1A,MF,3OMG,Rep 1,40,D07,NA,14
391,Sugars,#REF!,RAPTOR1A,MF,3OMG,Rep 1,41,D07,NA,13
392,Sugars,#REF!,RAPTOR1A,MF,3OMG,Rep 1,42,D07,NA,16
393,Sugars,#REF!,RAPTOR1A,MF,3OMG,Rep 1,43,D07,NA,13
394,Sugars,#REF!,RAPTOR1A,MF,3OMG,Rep 1,44,D07,NA,17
395,Sugars,#REF!,RAPTOR1A,MF,3OMG,Rep 1,45,D07,NA,14
396,Sugars,#REF!,RAPTOR1A,MF,3OMG,Rep 1,46,D07,NA,16
397,Sugars,#REF!,RAPTOR1A,MF,3OMG,Rep 1,47,D07,NA,15
398,Sugars,#REF!,RAPTOR1A,MF,3OMG,Rep 1,48,D07,NA,13
399,Sugars,#REF!,RAPTOR1A,MF,3OMG,Rep 1,49,D07,NA,15
400,Sugars,#REF!,RAPTOR1A,MF,3OMG,Rep 1,50,D07,NA,15
401,Sugars,#REF!,STP1_13,MF,Water,Rep 1,1,D07,NA,11
402,Sugars,#REF!,STP1_13,MF,Water,Rep 1,2,D07,NA,16
403,Sugars,#REF!,STP1_13,MF,Water,Rep 1,3,D07,NA,11
404,Sugars,#REF!,STP1_13,MF,Water,Rep 1,4,D07,NA,12
405,Sugars,#REF!,STP1_13,MF,Water,Rep 1,5,D07,NA,11
406,Sugars,#REF!,STP1_13,MF,Water,Rep 1,6,D07,NA,12
407,Sugars,#REF!,STP1_13,MF,Water,Rep 1,7,D07,NA,12
408,Sugars,#REF!,STP1_13,MF,Water,Rep 1,8,D07,NA,9
409,Sugars,#REF!,STP1_13,MF,Water,Rep 1,9,D07,NA,11
410,Sugars,#REF!,STP1_13,MF,Water,Rep 1,10,D07,NA,10
411,Sugars,#REF!,STP1_13,MF,Water,Rep 1,11,D07,NA,11
412,Sugars,#REF!,STP1_13,MF,Water,Rep 1,12,D07,NA,16
413,Sugars,#REF!,STP1_13,MF,Water,Rep 1,13,D07,NA,14
414,Sugars,#REF!,STP1_13,MF,Water,Rep 1,14,D07,NA,12
415,Sugars,#REF!,STP1_13,MF,Water,Rep 1,15,D07,NA,9
416,Sugars,#REF!,STP1_13,MF,Water,Rep 1,16,D07,NA,18
417,Sugars,#REF!,STP1_13,MF,Water,Rep 1,17,D07,NA,1
418,Sugars,#REF!,STP1_13,MF,Water,Rep 1,18,D07,NA,12
419,Sugars,#REF!,STP1_13,MF,Water,Rep 1,19,D07,NA,7
420,Sugars,#REF!,STP1_13,MF,Water,Rep 1,20,D07,NA,21
421,Sugars,#REF!,STP1_13,MF,Water,Rep 1,21,D07,NA,18
422,Sugars,#REF!,STP1_13,MF,Water,Rep 1,22,D07,NA,10
423,Sugars,#REF!,STP1_13,MF,Water,Rep 1,23,D07,NA,3
424,Sugars,#REF!,STP1_13,MF,Water,Rep 1,24,D07,NA,14
425,Sugars,#REF!,STP1_13,MF,Water,Rep 1,25,D07,NA,9
426,Sugars,#REF!,STP1_13,MF,Water,Rep 1,26,D07,NA,14
427,Sugars,#REF!,STP1_13,MF,Water,Rep 1,27,D07,NA,15
428,Sugars,#REF!,STP1_13,MF,Water,Rep 1,28,D07,NA,11
429,Sugars,#REF!,STP1_13,MF,Water,Rep 1,29,D07,NA,16
430,Sugars,#REF!,STP1_13,MF,Water,Rep 1,30,D07,NA,12
431,Sugars,#REF!,STP1_13,MF,Water,Rep 1,31,D07,NA,16
432,Sugars,#REF!,STP1_13,MF,Water,Rep 1,32,D07,NA,6
433,Sugars,#REF!,STP1_13,MF,Water,Rep 1,33,D07,NA,5
434,Sugars,#REF!,STP1_13,MF,Water,Rep 1,34,D07,NA,15
435,Sugars,#REF!,STP1_13,MF,Water,Rep 1,35,D07,NA,13
436,Sugars,#REF!,STP1_13,MF,Water,Rep 1,36,D07,NA,8
437,Sugars,#REF!,STP1_13,MF,Water,Rep 1,37,D07,NA,12
438,Sugars,#REF!,STP1_13,MF,Water,Rep 1,38,D07,NA,11
439,Sugars,#REF!,STP1_13,MF,Water,Rep 1,39,D07,NA,17
440,Sugars,#REF!,STP1_13,MF,Water,Rep 1,40,D07,NA,16
441,Sugars,#REF!,STP1_13,MF,Water,Rep 1,41,D07,NA,0.77
442,Sugars,#REF!,STP1_13,MF,Water,Rep 1,42,D07,NA,1
443,Sugars,#REF!,STP1_13,MF,Water,Rep 1,43,D07,NA,9
444,Sugars,#REF!,STP1_13,MF,Water,Rep 1,44,D07,NA,9
445,Sugars,#REF!,STP1_13,MF,Water,Rep 1,45,D07,NA,15
446,Sugars,#REF!,STP1_13,MF,Water,Rep 1,46,D07,NA,8
447,Sugars,#REF!,STP1_13,MF,Water,Rep 1,47,D07,NA,12
448,Sugars,#REF!,STP1_13,MF,Water,Rep 1,48,D07,NA,14
449,Sugars,#REF!,STP1_13,MF,Water,Rep 1,49,D07,NA,9
450,Sugars,#REF!,STP1_13,MF,Water,Rep 1,50,D07,NA,10
451,Sugars,#REF!,STP1_13,MF,3OMG,Rep 1,1,D07,NA,10
452,Sugars,#REF!,STP1_13,MF,3OMG,Rep 1,2,D07,NA,13
453,Sugars,#REF!,STP1_13,MF,3OMG,Rep 1,3,D07,NA,9
454,Sugars,#REF!,STP1_13,MF,3OMG,Rep 1,4,D07,NA,12
455,Sugars,#REF!,STP1_13,MF,3OMG,Rep 1,5,D07,NA,9
456,Sugars,#REF!,STP1_13,MF,3OMG,Rep 1,6,D07,NA,13
457,Sugars,#REF!,STP1_13,MF,3OMG,Rep 1,7,D07,NA,17
458,Sugars,#REF!,STP1_13,MF,3OMG,Rep 1,8,D07,NA,9
459,Sugars,#REF!,STP1_13,MF,3OMG,Rep 1,9,D07,NA,8
460,Sugars,#REF!,STP1_13,MF,3OMG,Rep 1,10,D07,NA,7
461,Sugars,#REF!,STP1_13,MF,3OMG,Rep 1,11,D07,NA,19
462,Sugars,#REF!,STP1_13,MF,3OMG,Rep 1,12,D07,NA,11
463,Sugars,#REF!,STP1_13,MF,3OMG,Rep 1,13,D07,NA,17
464,Sugars,#REF!,STP1_13,MF,3OMG,Rep 1,14,D07,NA,8
465,Sugars,#REF!,STP1_13,MF,3OMG,Rep 1,15,D07,NA,15
466,Sugars,#REF!,STP1_13,MF,3OMG,Rep 1,16,D07,NA,12
467,Sugars,#REF!,STP1_13,MF,3OMG,Rep 1,17,D07,NA,12
468,Sugars,#REF!,STP1_13,MF,3OMG,Rep 1,18,D07,NA,0.78
469,Sugars,#REF!,STP1_13,MF,3OMG,Rep 1,19,D07,NA,15
470,Sugars,#REF!,STP1_13,MF,3OMG,Rep 1,20,D07,NA,9
471,Sugars,#REF!,STP1_13,MF,3OMG,Rep 1,21,D07,NA,18
472,Sugars,#REF!,STP1_13,MF,3OMG,Rep 1,22,D07,NA,2
473,Sugars,#REF!,STP1_13,MF,3OMG,Rep 1,23,D07,NA,11
474,Sugars,#REF!,STP1_13,MF,3OMG,Rep 1,24,D07,NA,17
475,Sugars,#REF!,STP1_13,MF,3OMG,Rep 1,25,D07,NA,18
476,Sugars,#REF!,STP1_13,MF,3OMG,Rep 1,26,D07,NA,15
477,Sugars,#REF!,STP1_13,MF,3OMG,Rep 1,27,D07,NA,17
478,Sugars,#REF!,STP1_13,MF,3OMG,Rep 1,28,D07,NA,19
479,Sugars,#REF!,STP1_13,MF,3OMG,Rep 1,29,D07,NA,15
480,Sugars,#REF!,STP1_13,MF,3OMG,Rep 1,30,D07,NA,9
481,Sugars,#REF!,STP1_13,MF,3OMG,Rep 1,31,D07,NA,12
482,Sugars,#REF!,STP1_13,MF,3OMG,Rep 1,32,D07,NA,9
483,Sugars,#REF!,STP1_13,MF,3OMG,Rep 1,33,D07,NA,13
484,Sugars,#REF!,STP1_13,MF,3OMG,Rep 1,34,D07,NA,8
485,Sugars,#REF!,STP1_13,MF,3OMG,Rep 1,35,D07,NA,11
486,Sugars,#REF!,STP1_13,MF,3OMG,Rep 1,36,D07,NA,11
487,Sugars,#REF!,STP1_13,MF,3OMG,Rep 1,37,D07,NA,8
488,Sugars,#REF!,STP1_13,MF,3OMG,Rep 1,38,D07,NA,14
489,Sugars,#REF!,STP1_13,MF,3OMG,Rep 1,39,D07,NA,11
490,Sugars,#REF!,STP1_13,MF,3OMG,Rep 1,40,D07,NA,13
491,Sugars,#REF!,STP1_13,MF,3OMG,Rep 1,41,D07,NA,14
492,Sugars,#REF!,STP1_13,MF,3OMG,Rep 1,42,D07,NA,1
493,Sugars,#REF!,STP1_13,MF,3OMG,Rep 1,43,D07,NA,9
494,Sugars,#REF!,STP1_13,MF,3OMG,Rep 1,44,D07,NA,13
495,Sugars,#REF!,STP1_13,MF,3OMG,Rep 1,45,D07,NA,16
496,Sugars,#REF!,STP1_13,MF,3OMG,Rep 1,46,D07,NA,10
497,Sugars,#REF!,STP1_13,MF,3OMG,Rep 1,47,D07,NA,12
498,Sugars,#REF!,STP1_13,MF,3OMG,Rep 1,48,D07,NA,10
499,Sugars,#REF!,STP1_13,MF,3OMG,Rep 1,49,D07,NA,10
500,Sugars,#REF!,STP1_13,MF,3OMG,Rep 1,50,D07,NA,16
501,Sugars,#REF!,RAPTOR1B,MF,Water,Rep 1,1,D07,NA,15
502,Sugars,#REF!,RAPTOR1B,MF,Water,Rep 1,2,D07,NA,16
503,Sugars,#REF!,RAPTOR1B,MF,Water,Rep 1,3,D07,NA,11
504,Sugars,#REF!,RAPTOR1B,MF,Water,Rep 1,4,D07,NA,16
505,Sugars,#REF!,RAPTOR1B,MF,Water,Rep 1,5,D07,NA,14
506,Sugars,#REF!,RAPTOR1B,MF,Water,Rep 1,6,D07,NA,17
507,Sugars,#REF!,RAPTOR1B,MF,Water,Rep 1,7,D07,NA,12
508,Sugars,#REF!,RAPTOR1B,MF,Water,Rep 1,8,D07,NA,16
509,Sugars,#REF!,RAPTOR1B,MF,Water,Rep 1,9,D07,NA,14
510,Sugars,#REF!,RAPTOR1B,MF,Water,Rep 1,10,D07,NA,13
511,Sugars,#REF!,RAPTOR1B,MF,Water,Rep 1,11,D07,NA,13
512,Sugars,#REF!,RAPTOR1B,MF,Water,Rep 1,12,D07,NA,15
513,Sugars,#REF!,RAPTOR1B,MF,Water,Rep 1,13,D07,NA,18
514,Sugars,#REF!,RAPTOR1B,MF,Water,Rep 1,14,D07,NA,15
515,Sugars,#REF!,RAPTOR1B,MF,Water,Rep 1,15,D07,NA,17
516,Sugars,#REF!,RAPTOR1B,MF,Water,Rep 1,16,D07,NA,15
517,Sugars,#REF!,RAPTOR1B,MF,Water,Rep 1,17,D07,NA,7
518,Sugars,#REF!,RAPTOR1B,MF,Water,Rep 1,18,D07,NA,11
519,Sugars,#REF!,RAPTOR1B,MF,Water,Rep 1,19,D07,NA,17
520,Sugars,#REF!,RAPTOR1B,MF,Water,Rep 1,20,D07,NA,15
521,Sugars,#REF!,RAPTOR1B,MF,Water,Rep 1,21,D07,NA,18
522,Sugars,#REF!,RAPTOR1B,MF,Water,Rep 1,22,D07,NA,18
523,Sugars,#REF!,RAPTOR1B,MF,Water,Rep 1,23,D07,NA,19
524,Sugars,#REF!,RAPTOR1B,MF,Water,Rep 1,24,D07,NA,12
525,Sugars,#REF!,RAPTOR1B,MF,Water,Rep 1,25,D07,NA,17
526,Sugars,#REF!,RAPTOR1B,MF,Water,Rep 1,26,D07,NA,17
527,Sugars,#REF!,RAPTOR1B,MF,Water,Rep 1,27,D07,NA,19
528,Sugars,#REF!,RAPTOR1B,MF,Water,Rep 1,28,D07,NA,15
529,Sugars,#REF!,RAPTOR1B,MF,Water,Rep 1,29,D07,NA,14
530,Sugars,#REF!,RAPTOR1B,MF,Water,Rep 1,30,D07,NA,15
531,Sugars,#REF!,RAPTOR1B,MF,Water,Rep 1,31,D07,NA,18
532,Sugars,#REF!,RAPTOR1B,MF,Water,Rep 1,32,D07,NA,12
533,Sugars,#REF!,RAPTOR1B,MF,Water,Rep 1,33,D07,NA,17
534,Sugars,#REF!,RAPTOR1B,MF,Water,Rep 1,34,D07,NA,14
535,Sugars,#REF!,RAPTOR1B,MF,Water,Rep 1,35,D07,NA,17
536,Sugars,#REF!,RAPTOR1B,MF,Water,Rep 1,36,D07,NA,14
537,Sugars,#REF!,RAPTOR1B,MF,Water,Rep 1,37,D07,NA,21
538,Sugars,#REF!,RAPTOR1B,MF,Water,Rep 1,38,D07,NA,15
539,Sugars,#REF!,RAPTOR1B,MF,Water,Rep 1,39,D07,NA,11
540,Sugars,#REF!,RAPTOR1B,MF,Water,Rep 1,40,D07,NA,15
541,Sugars,#REF!,RAPTOR1B,MF,Water,Rep 1,41,D07,NA,11
542,Sugars,#REF!,RAPTOR1B,MF,Water,Rep 1,42,D07,NA,16
543,Sugars,#REF!,RAPTOR1B,MF,Water,Rep 1,43,D07,NA,12
544,Sugars,#REF!,RAPTOR1B,MF,Water,Rep 1,44,D07,NA,16
545,Sugars,#REF!,RAPTOR1B,MF,Water,Rep 1,45,D07,NA,14
546,Sugars,#REF!,RAPTOR1B,MF,Water,Rep 1,46,D07,NA,17
547,Sugars,#REF!,RAPTOR1B,MF,Water,Rep 1,47,D07,NA,18
548,Sugars,#REF!,RAPTOR1B,MF,Water,Rep 1,48,D07,NA,13
549,Sugars,#REF!,RAPTOR1B,MF,Water,Rep 1,49,D07,NA,17
550,Sugars,#REF!,RAPTOR1B,MF,Water,Rep 1,50,D07,NA,15
551,Sugars,#REF!,RAPTOR1B,MF,3OMG,Rep 1,1,D07,NA,12
552,Sugars,#REF!,RAPTOR1B,MF,3OMG,Rep 1,2,D07,NA,17
553,Sugars,#REF!,RAPTOR1B,MF,3OMG,Rep 1,3,D07,NA,16
554,Sugars,#REF!,RAPTOR1B,MF,3OMG,Rep 1,4,D07,NA,16
555,Sugars,#REF!,RAPTOR1B,MF,3OMG,Rep 1,5,D07,NA,16
556,Sugars,#REF!,RAPTOR1B,MF,3OMG,Rep 1,6,D07,NA,13
557,Sugars,#REF!,RAPTOR1B,MF,3OMG,Rep 1,7,D07,NA,19
558,Sugars,#REF!,RAPTOR1B,MF,3OMG,Rep 1,8,D07,NA,15
559,Sugars,#REF!,RAPTOR1B,MF,3OMG,Rep 1,9,D07,NA,16
560,Sugars,#REF!,RAPTOR1B,MF,3OMG,Rep 1,10,D07,NA,12
561,Sugars,#REF!,RAPTOR1B,MF,3OMG,Rep 1,11,D07,NA,15
562,Sugars,#REF!,RAPTOR1B,MF,3OMG,Rep 1,12,D07,NA,16
563,Sugars,#REF!,RAPTOR1B,MF,3OMG,Rep 1,13,D07,NA,12
564,Sugars,#REF!,RAPTOR1B,MF,3OMG,Rep 1,14,D07,NA,13
565,Sugars,#REF!,RAPTOR1B,MF,3OMG,Rep 1,15,D07,NA,16
566,Sugars,#REF!,RAPTOR1B,MF,3OMG,Rep 1,16,D07,NA,8
567,Sugars,#REF!,RAPTOR1B,MF,3OMG,Rep 1,17,D07,NA,16
568,Sugars,#REF!,RAPTOR1B,MF,3OMG,Rep 1,18,D07,NA,16
569,Sugars,#REF!,RAPTOR1B,MF,3OMG,Rep 1,19,D07,NA,14
570,Sugars,#REF!,RAPTOR1B,MF,3OMG,Rep 1,20,D07,NA,13
571,Sugars,#REF!,RAPTOR1B,MF,3OMG,Rep 1,21,D07,NA,12
572,Sugars,#REF!,RAPTOR1B,MF,3OMG,Rep 1,22,D07,NA,11
573,Sugars,#REF!,RAPTOR1B,MF,3OMG,Rep 1,23,D07,NA,10
574,Sugars,#REF!,RAPTOR1B,MF,3OMG,Rep 1,24,D07,NA,12
575,Sugars,#REF!,RAPTOR1B,MF,3OMG,Rep 1,25,D07,NA,9
576,Sugars,#REF!,RAPTOR1B,MF,3OMG,Rep 1,26,D07,NA,14
577,Sugars,#REF!,RAPTOR1B,MF,3OMG,Rep 1,27,D07,NA,14
578,Sugars,#REF!,RAPTOR1B,MF,3OMG,Rep 1,28,D07,NA,14
579,Sugars,#REF!,RAPTOR1B,MF,3OMG,Rep 1,29,D07,NA,15
580,Sugars,#REF!,RAPTOR1B,MF,3OMG,Rep 1,30,D07,NA,15
581,Sugars,#REF!,RAPTOR1B,MF,3OMG,Rep 1,31,D07,NA,11
582,Sugars,#REF!,RAPTOR1B,MF,3OMG,Rep 1,32,D07,NA,11
583,Sugars,#REF!,RAPTOR1B,MF,3OMG,Rep 1,33,D07,NA,11
584,Sugars,#REF!,RAPTOR1B,MF,3OMG,Rep 1,34,D07,NA,14
585,Sugars,#REF!,RAPTOR1B,MF,3OMG,Rep 1,35,D07,NA,14
586,Sugars,#REF!,RAPTOR1B,MF,3OMG,Rep 1,36,D07,NA,13
587,Sugars,#REF!,RAPTOR1B,MF,3OMG,Rep 1,37,D07,NA,11
588,Sugars,#REF!,RAPTOR1B,MF,3OMG,Rep 1,38,D07,NA,16
589,Sugars,#REF!,RAPTOR1B,MF,3OMG,Rep 1,39,D07,NA,17
590,Sugars,#REF!,RAPTOR1B,MF,3OMG,Rep 1,40,D07,NA,14
591,Sugars,#REF!,RAPTOR1B,MF,3OMG,Rep 1,41,D07,NA,15
592,Sugars,#REF!,RAPTOR1B,MF,3OMG,Rep 1,42,D07,NA,14
593,Sugars,#REF!,RAPTOR1B,MF,3OMG,Rep 1,43,D07,NA,14
594,Sugars,#REF!,RAPTOR1B,MF,3OMG,Rep 1,44,D07,NA,11
595,Sugars,#REF!,RAPTOR1B,MF,3OMG,Rep 1,45,D07,NA,12
596,Sugars,#REF!,RAPTOR1B,MF,3OMG,Rep 1,46,D07,NA,13
597,Sugars,#REF!,RAPTOR1B,MF,3OMG,Rep 1,47,D07,NA,13
598,Sugars,#REF!,RAPTOR1B,MF,3OMG,Rep 1,48,D07,NA,13
599,Sugars,#REF!,RAPTOR1B,MF,3OMG,Rep 1,49,D07,NA,16
600,Sugars,#REF!,RAPTOR1B,MF,3OMG,Rep 1,50,D07,NA,10
,Sugars,#REF!,Col0,F16,Water,Rep 1,1,D07,NA,30
,Sugars,#REF!,Col0,F16,Water,Rep 1,2,D07,NA,39
,Sugars,#REF!,Col0,F16,Water,Rep 1,3,D07,NA,34
,Sugars,#REF!,Col0,F16,Water,Rep 1,4,D07,NA,4
,Sugars,#REF!,Col0,F16,Water,Rep 1,5,D07,NA,2
,Sugars,#REF!,Col0,F16,Water,Rep 1,6,D07,NA,3
,Sugars,#REF!,Col0,F16,Water,Rep 1,7,D07,NA,3
,Sugars,#REF!,Col0,F16,Water,Rep 1,8,D07,NA,2
,Sugars,#REF!,Col0,F16,Water,Rep 1,9,D07,NA,2
,Sugars,#REF!,Col0,F16,Water,Rep 1,10,D07,NA,2
,Sugars,#REF!,Col0,F16,Water,Rep 1,11,D07,NA,1
,Sugars,#REF!,Col0,F16,Water,Rep 1,12,D07,NA,1
,Sugars,#REF!,Col0,F16,Water,Rep 1,13,D07,NA,2
,Sugars,#REF!,Col0,F16,Water,Rep 1,14,D07,NA,2
,Sugars,#REF!,Col0,F16,Water,Rep 1,15,D07,NA,3
,Sugars,#REF!,Col0,F16,Water,Rep 1,16,D07,NA,2
,Sugars,#REF!,Col0,F16,Water,Rep 1,17,D07,NA,2
,Sugars,#REF!,Col0,F16,Water,Rep 1,18,D07,NA,1
,Sugars,#REF!,Col0,F16,Water,Rep 1,19,D07,NA,2
,Sugars,#REF!,Col0,F16,Water,Rep 1,20,D07,NA,3
,Sugars,#REF!,Col0,F16,Water,Rep 1,21,D07,NA,3
,Sugars,#REF!,Col0,F16,Water,Rep 1,22,D07,NA,2
,Sugars,#REF!,Col0,F16,Water,Rep 1,23,D07,NA,2
,Sugars,#REF!,Col0,F16,Water,Rep 1,24,D07,NA,1
,Sugars,#REF!,Col0,F16,Water,Rep 1,25,D07,NA,2
,Sugars,#REF!,Col0,F16,Water,Rep 1,26,D07,NA,3
,Sugars,#REF!,Col0,F16,Water,Rep 1,27,D07,NA,2
,Sugars,#REF!,Col0,F16,Water,Rep 1,28,D07,NA,2
,Sugars,#REF!,Col0,F16,Water,Rep 1,29,D07,NA,2
,Sugars,#REF!,Col0,F16,Water,Rep 1,30,D07,NA,0.68
,Sugars,#REF!,Col0,F16,Water,Rep 1,31,D07,NA,2
,Sugars,#REF!,Col0,F16,Water,Rep 1,32,D07,NA,2
,Sugars,#REF!,Col0,F16,Water,Rep 1,33,D07,NA,2
,Sugars,#REF!,Col0,F16,Water,Rep 1,34,D07,NA,4
,Sugars,#REF!,Col0,F16,Water,Rep 1,35,D07,NA,2
,Sugars,#REF!,Col0,F16,Water,Rep 1,36,D07,NA,1
,Sugars,#REF!,Col0,F16,Water,Rep 1,37,D07,NA,2
,Sugars,#REF!,Col0,F16,Water,Rep 1,38,D07,NA,3
,Sugars,#REF!,Col0,F16,Water,Rep 1,39,D07,NA,2
,Sugars,#REF!,Col0,F16,Water,Rep 1,40,D07,NA,2
,Sugars,#REF!,Col0,F16,Water,Rep 1,41,D07,NA,0.98
,Sugars,#REF!,Col0,F16,Water,Rep 1,42,D07,NA,2
,Sugars,#REF!,Col0,F16,Water,Rep 1,43,D07,NA,2
,Sugars,#REF!,Col0,F16,Water,Rep 1,44,D07,NA,2
,Sugars,#REF!,Col0,F16,Water,Rep 1,45,D07,NA,2
,Sugars,#REF!,Col0,F16,Water,Rep 1,46,D07,NA,2
,Sugars,#REF!,Col0,F16,Water,Rep 1,47,D07,NA,3
,Sugars,#REF!,Col0,F16,Water,Rep 1,48,D07,NA,2
,Sugars,#REF!,Col0,F16,Water,Rep 1,49,D07,NA,0.8
,Sugars,#REF!,Col0,F16,Water,Rep 1,50,D07,NA,2
,Sugars,#REF!,Col0,F16,3OMG,Rep 1,1,D07,NA,4
,Sugars,#REF!,Col0,F16,3OMG,Rep 1,2,D07,NA,3
,Sugars,#REF!,Col0,F16,3OMG,Rep 1,3,D07,NA,5
,Sugars,#REF!,Col0,F16,3OMG,Rep 1,4,D07,NA,2
,Sugars,#REF!,Col0,F16,3OMG,Rep 1,5,D07,NA,2
,Sugars,#REF!,Col0,F16,3OMG,Rep 1,6,D07,NA,4
,Sugars,#REF!,Col0,F16,3OMG,Rep 1,7,D07,NA,5
,Sugars,#REF!,Col0,F16,3OMG,Rep 1,8,D07,NA,3
,Sugars,#REF!,Col0,F16,3OMG,Rep 1,9,D07,NA,3
,Sugars,#REF!,Col0,F16,3OMG,Rep 1,10,D07,NA,5
,Sugars,#REF!,Col0,F16,3OMG,Rep 1,11,D07,NA,3
,Sugars,#REF!,Col0,F16,3OMG,Rep 1,12,D07,NA,7
,Sugars,#REF!,Col0,F16,3OMG,Rep 1,13,D07,NA,9
,Sugars,#REF!,Col0,F16,3OMG,Rep 1,14,D07,NA,3
,Sugars,#REF!,Col0,F16,3OMG,Rep 1,15,D07,NA,2
,Sugars,#REF!,Col0,F16,3OMG,Rep 1,16,D07,NA,6
,Sugars,#REF!,Col0,F16,3OMG,Rep 1,17,D07,NA,7
,Sugars,#REF!,Col0,F16,3OMG,Rep 1,18,D07,NA,1
,Sugars,#REF!,Col0,F16,3OMG,Rep 1,19,D07,NA,3
,Sugars,#REF!,Col0,F16,3OMG,Rep 1,20,D07,NA,5
,Sugars,#REF!,Col0,F16,3OMG,Rep 1,21,D07,NA,8
,Sugars,#REF!,Col0,F16,3OMG,Rep 1,22,D07,NA,14
,Sugars,#REF!,Col0,F16,3OMG,Rep 1,23,D07,NA,7
,Sugars,#REF!,Col0,F16,3OMG,Rep 1,24,D07,NA,6
,Sugars,#REF!,Col0,F16,3OMG,Rep 1,25,D07,NA,5
,Sugars,#REF!,Col0,F16,3OMG,Rep 1,26,D07,NA,3
,Sugars,#REF!,Col0,F16,3OMG,Rep 1,27,D07,NA,6
,Sugars,#REF!,Col0,F16,3OMG,Rep 1,28,D07,NA,2
,Sugars,#REF!,Col0,F16,3OMG,Rep 1,29,D07,NA,5
,Sugars,#REF!,Col0,F16,3OMG,Rep 1,30,D07,NA,5
,Sugars,#REF!,Col0,F16,3OMG,Rep 1,31,D07,NA,5
,Sugars,#REF!,Col0,F16,3OMG,Rep 1,32,D07,NA,5
,Sugars,#REF!,Col0,F16,3OMG,Rep 1,33,D07,NA,6
,Sugars,#REF!,Col0,F16,3OMG,Rep 1,34,D07,NA,3
,Sugars,#REF!,Col0,F16,3OMG,Rep 1,35,D07,NA,5
,Sugars,#REF!,Col0,F16,3OMG,Rep 1,36,D07,NA,5
,Sugars,#REF!,Col0,F16,3OMG,Rep 1,37,D07,NA,4
,Sugars,#REF!,Col0,F16,3OMG,Rep 1,38,D07,NA,4
,Sugars,#REF!,Col0,F16,3OMG,Rep 1,39,D07,NA,3
,Sugars,#REF!,Col0,F16,3OMG,Rep 1,40,D07,NA,2
,Sugars,#REF!,Col0,F16,3OMG,Rep 1,41,D07,NA,4
,Sugars,#REF!,Col0,F16,3OMG,Rep 1,42,D07,NA,5
,Sugars,#REF!,Col0,F16,3OMG,Rep 1,43,D07,NA,4
,Sugars,#REF!,Col0,F16,3OMG,Rep 1,44,D07,NA,3
,Sugars,#REF!,Col0,F16,3OMG,Rep 1,45,D07,NA,7
,Sugars,#REF!,Col0,F16,3OMG,Rep 1,46,D07,NA,7
,Sugars,#REF!,Col0,F16,3OMG,Rep 1,47,D07,NA,5
,Sugars,#REF!,Col0,F16,3OMG,Rep 1,48,D07,NA,2
,Sugars,#REF!,Col0,F16,3OMG,Rep 1,49,D07,NA,3
,Sugars,#REF!,Col0,F16,3OMG,Rep 1,50,D07,NA,6
,Sugars,#REF!,HXK1,F16,Water,Rep 1,1,D07,NA,2.62
,Sugars,#REF!,HXK1,F16,Water,Rep 1,2,D07,NA,1.52
,Sugars,#REF!,HXK1,F16,Water,Rep 1,3,D07,NA,1.27
,Sugars,#REF!,HXK1,F16,Water,Rep 1,4,D07,NA,1.33
,Sugars,#REF!,HXK1,F16,Water,Rep 1,5,D07,NA,0.9
,Sugars,#REF!,HXK1,F16,Water,Rep 1,6,D07,NA,1.81
,Sugars,#REF!,HXK1,F16,Water,Rep 1,7,D07,NA,1.49
,Sugars,#REF!,HXK1,F16,Water,Rep 1,8,D07,NA,0.67
,Sugars,#REF!,HXK1,F16,Water,Rep 1,9,D07,NA,1.46
,Sugars,#REF!,HXK1,F16,Water,Rep 1,10,D07,NA,2.01
,Sugars,#REF!,HXK1,F16,Water,Rep 1,11,D07,NA,1.93
,Sugars,#REF!,HXK1,F16,Water,Rep 1,12,D07,NA,0.79
,Sugars,#REF!,HXK1,F16,Water,Rep 1,13,D07,NA,0.88
,Sugars,#REF!,HXK1,F16,Water,Rep 1,14,D07,NA,1.22
,Sugars,#REF!,HXK1,F16,Water,Rep 1,15,D07,NA,1.36
,Sugars,#REF!,HXK1,F16,Water,Rep 1,16,D07,NA,1.27
,Sugars,#REF!,HXK1,F16,Water,Rep 1,17,D07,NA,1.21
,Sugars,#REF!,HXK1,F16,Water,Rep 1,18,D07,NA,2.05
,Sugars,#REF!,HXK1,F16,Water,Rep 1,19,D07,NA,1.05
,Sugars,#REF!,HXK1,F16,Water,Rep 1,20,D07,NA,1.39
,Sugars,#REF!,HXK1,F16,Water,Rep 1,21,D07,NA,0.87
,Sugars,#REF!,HXK1,F16,Water,Rep 1,22,D07,NA,0.8
,Sugars,#REF!,HXK1,F16,Water,Rep 1,23,D07,NA,2.15
,Sugars,#REF!,HXK1,F16,Water,Rep 1,24,D07,NA,1.55
,Sugars,#REF!,HXK1,F16,Water,Rep 1,25,D07,NA,1.05
,Sugars,#REF!,HXK1,F16,Water,Rep 1,26,D07,NA,1.45
,Sugars,#REF!,HXK1,F16,Water,Rep 1,27,D07,NA,1.58
,Sugars,#REF!,HXK1,F16,Water,Rep 1,28,D07,NA,1.25
,Sugars,#REF!,HXK1,F16,Water,Rep 1,29,D07,NA,1.38
,Sugars,#REF!,HXK1,F16,Water,Rep 1,30,D07,NA,0.8
,Sugars,#REF!,HXK1,F16,Water,Rep 1,31,D07,NA,0.94
,Sugars,#REF!,HXK1,F16,Water,Rep 1,32,D07,NA,1.74
,Sugars,#REF!,HXK1,F16,Water,Rep 1,33,D07,NA,1.15
,Sugars,#REF!,HXK1,F16,Water,Rep 1,34,D07,NA,0.81
,Sugars,#REF!,HXK1,F16,Water,Rep 1,35,D07,NA,1.41
,Sugars,#REF!,HXK1,F16,Water,Rep 1,36,D07,NA,2.39
,Sugars,#REF!,HXK1,F16,Water,Rep 1,37,D07,NA,0.97
,Sugars,#REF!,HXK1,F16,Water,Rep 1,38,D07,NA,1.11
,Sugars,#REF!,HXK1,F16,Water,Rep 1,39,D07,NA,1.12
,Sugars,#REF!,HXK1,F16,Water,Rep 1,40,D07,NA,0.96
,Sugars,#REF!,HXK1,F16,Water,Rep 1,41,D07,NA,0.89
,Sugars,#REF!,HXK1,F16,Water,Rep 1,42,D07,NA,2.09
,Sugars,#REF!,HXK1,F16,Water,Rep 1,43,D07,NA,1.59
,Sugars,#REF!,HXK1,F16,Water,Rep 1,44,D07,NA,1.47
,Sugars,#REF!,HXK1,F16,Water,Rep 1,45,D07,NA,0.81
,Sugars,#REF!,HXK1,F16,Water,Rep 1,46,D07,NA,0.93
,Sugars,#REF!,HXK1,F16,Water,Rep 1,47,D07,NA,0.84
,Sugars,#REF!,HXK1,F16,Water,Rep 1,48,D07,NA,1.02
,Sugars,#REF!,HXK1,F16,Water,Rep 1,49,D07,NA,0.74
,Sugars,#REF!,HXK1,F16,Water,Rep 1,50,D07,NA,2.32
,Sugars,#REF!,HXK1,F16,3OMG,Rep 1,1,D07,NA,4.41
,Sugars,#REF!,HXK1,F16,3OMG,Rep 1,2,D07,NA,4.27
,Sugars,#REF!,HXK1,F16,3OMG,Rep 1,3,D07,NA,1.32
,Sugars,#REF!,HXK1,F16,3OMG,Rep 1,4,D07,NA,2.68
,Sugars,#REF!,HXK1,F16,3OMG,Rep 1,5,D07,NA,1.03
,Sugars,#REF!,HXK1,F16,3OMG,Rep 1,6,D07,NA,5.64
,Sugars,#REF!,HXK1,F16,3OMG,Rep 1,7,D07,NA,1.17
,Sugars,#REF!,HXK1,F16,3OMG,Rep 1,8,D07,NA,2.89
,Sugars,#REF!,HXK1,F16,3OMG,Rep 1,9,D07,NA,4.26
,Sugars,#REF!,HXK1,F16,3OMG,Rep 1,10,D07,NA,1.16
,Sugars,#REF!,HXK1,F16,3OMG,Rep 1,11,D07,NA,4.46
,Sugars,#REF!,HXK1,F16,3OMG,Rep 1,12,D07,NA,1.77
,Sugars,#REF!,HXK1,F16,3OMG,Rep 1,13,D07,NA,1.5
,Sugars,#REF!,HXK1,F16,3OMG,Rep 1,14,D07,NA,1
,Sugars,#REF!,HXK1,F16,3OMG,Rep 1,15,D07,NA,2.46
,Sugars,#REF!,HXK1,F16,3OMG,Rep 1,16,D07,NA,5.6
,Sugars,#REF!,HXK1,F16,3OMG,Rep 1,17,D07,NA,1.37
,Sugars,#REF!,HXK1,F16,3OMG,Rep 1,18,D07,NA,4.03
,Sugars,#REF!,HXK1,F16,3OMG,Rep 1,19,D07,NA,0.84
,Sugars,#REF!,HXK1,F16,3OMG,Rep 1,20,D07,NA,2.99
,Sugars,#REF!,HXK1,F16,3OMG,Rep 1,21,D07,NA,3.4
,Sugars,#REF!,HXK1,F16,3OMG,Rep 1,22,D07,NA,1.46
,Sugars,#REF!,HXK1,F16,3OMG,Rep 1,23,D07,NA,3.84
,Sugars,#REF!,HXK1,F16,3OMG,Rep 1,24,D07,NA,5.13
,Sugars,#REF!,HXK1,F16,3OMG,Rep 1,25,D07,NA,5.13
,Sugars,#REF!,HXK1,F16,3OMG,Rep 1,26,D07,NA,5.54
,Sugars,#REF!,HXK1,F16,3OMG,Rep 1,27,D07,NA,2.19
,Sugars,#REF!,HXK1,F16,3OMG,Rep 1,28,D07,NA,1.6
,Sugars,#REF!,HXK1,F16,3OMG,Rep 1,29,D07,NA,8.13
,Sugars,#REF!,HXK1,F16,3OMG,Rep 1,30,D07,NA,5.53
,Sugars,#REF!,HXK1,F16,3OMG,Rep 1,31,D07,NA,6.09
,Sugars,#REF!,HXK1,F16,3OMG,Rep 1,32,D07,NA,5.03
,Sugars,#REF!,HXK1,F16,3OMG,Rep 1,33,D07,NA,4.69
,Sugars,#REF!,HXK1,F16,3OMG,Rep 1,34,D07,NA,4.09
,Sugars,#REF!,HXK1,F16,3OMG,Rep 1,35,D07,NA,4.14
,Sugars,#REF!,HXK1,F16,3OMG,Rep 1,36,D07,NA,5.64
,Sugars,#REF!,HXK1,F16,3OMG,Rep 1,37,D07,NA,2.52
,Sugars,#REF!,HXK1,F16,3OMG,Rep 1,38,D07,NA,5.97
,Sugars,#REF!,HXK1,F16,3OMG,Rep 1,39,D07,NA,1.65
,Sugars,#REF!,HXK1,F16,3OMG,Rep 1,40,D07,NA,1.7
,Sugars,#REF!,HXK1,F16,3OMG,Rep 1,41,D07,NA,5.33
,Sugars,#REF!,HXK1,F16,3OMG,Rep 1,42,D07,NA,4.85
,Sugars,#REF!,HXK1,F16,3OMG,Rep 1,43,D07,NA,2.84
,Sugars,#REF!,HXK1,F16,3OMG,Rep 1,44,D07,NA,1.91
,Sugars,#REF!,HXK1,F16,3OMG,Rep 1,45,D07,NA,3.6
,Sugars,#REF!,HXK1,F16,3OMG,Rep 1,46,D07,NA,4.48
,Sugars,#REF!,HXK1,F16,3OMG,Rep 1,47,D07,NA,2.78
,Sugars,#REF!,HXK1,F16,3OMG,Rep 1,48,D07,NA,1.66
,Sugars,#REF!,HXK1,F16,3OMG,Rep 1,49,D07,NA,1.99
,Sugars,#REF!,HXK1,F16,3OMG,Rep 1,50,D07,NA,2.43
,Sugars,#REF!,TOR,F16,Water,Rep 1,1,D07,NA,4.78
,Sugars,#REF!,TOR,F16,Water,Rep 1,2,D07,NA,2
,Sugars,#REF!,TOR,F16,Water,Rep 1,3,D07,NA,0.84
,Sugars,#REF!,TOR,F16,Water,Rep 1,4,D07,NA,1.44
,Sugars,#REF!,TOR,F16,Water,Rep 1,5,D07,NA,4.45
,Sugars,#REF!,TOR,F16,Water,Rep 1,6,D07,NA,3.8
,Sugars,#REF!,TOR,F16,Water,Rep 1,7,D07,NA,1.94
,Sugars,#REF!,TOR,F16,Water,Rep 1,8,D07,NA,4.66
,Sugars,#REF!,TOR,F16,Water,Rep 1,9,D07,NA,5.38
,Sugars,#REF!,TOR,F16,Water,Rep 1,10,D07,NA,4.37
,Sugars,#REF!,TOR,F16,Water,Rep 1,11,D07,NA,2.99
,Sugars,#REF!,TOR,F16,Water,Rep 1,12,D07,NA,3.53
,Sugars,#REF!,TOR,F16,Water,Rep 1,13,D07,NA,1.94
,Sugars,#REF!,TOR,F16,Water,Rep 1,14,D07,NA,2.21
,Sugars,#REF!,TOR,F16,Water,Rep 1,15,D07,NA,2.63
,Sugars,#REF!,TOR,F16,Water,Rep 1,16,D07,NA,3.7
,Sugars,#REF!,TOR,F16,Water,Rep 1,17,D07,NA,3.36
,Sugars,#REF!,TOR,F16,Water,Rep 1,18,D07,NA,7.15
,Sugars,#REF!,TOR,F16,Water,Rep 1,19,D07,NA,4.67
,Sugars,#REF!,TOR,F16,Water,Rep 1,20,D07,NA,5.89
,Sugars,#REF!,TOR,F16,Water,Rep 1,21,D07,NA,4.35
,Sugars,#REF!,TOR,F16,Water,Rep 1,22,D07,NA,3.42
,Sugars,#REF!,TOR,F16,Water,Rep 1,23,D07,NA,1.94
,Sugars,#REF!,TOR,F16,Water,Rep 1,24,D07,NA,2.15
,Sugars,#REF!,TOR,F16,Water,Rep 1,25,D07,NA,4.18
,Sugars,#REF!,TOR,F16,Water,Rep 1,26,D07,NA,5.59
,Sugars,#REF!,TOR,F16,Water,Rep 1,27,D07,NA,3.82
,Sugars,#REF!,TOR,F16,Water,Rep 1,28,D07,NA,2.04
,Sugars,#REF!,TOR,F16,Water,Rep 1,29,D07,NA,2.51
,Sugars,#REF!,TOR,F16,Water,Rep 1,30,D07,NA,3.29
,Sugars,#REF!,TOR,F16,Water,Rep 1,31,D07,NA,0.59
,Sugars,#REF!,TOR,F16,Water,Rep 1,32,D07,NA,1.24
,Sugars,#REF!,TOR,F16,Water,Rep 1,33,D07,NA,2.35
,Sugars,#REF!,TOR,F16,Water,Rep 1,34,D07,NA,0.74
,Sugars,#REF!,TOR,F16,Water,Rep 1,35,D07,NA,3.06
,Sugars,#REF!,TOR,F16,Water,Rep 1,36,D07,NA,1.38
,Sugars,#REF!,TOR,F16,Water,Rep 1,37,D07,NA,3.49
,Sugars,#REF!,TOR,F16,Water,Rep 1,38,D07,NA,2.56
,Sugars,#REF!,TOR,F16,Water,Rep 1,39,D07,NA,2.35
,Sugars,#REF!,TOR,F16,Water,Rep 1,40,D07,NA,2.14
,Sugars,#REF!,TOR,F16,Water,Rep 1,41,D07,NA,2.15
,Sugars,#REF!,TOR,F16,Water,Rep 1,42,D07,NA,1.25
,Sugars,#REF!,TOR,F16,Water,Rep 1,43,D07,NA,2.01
,Sugars,#REF!,TOR,F16,Water,Rep 1,44,D07,NA,1.19
,Sugars,#REF!,TOR,F16,Water,Rep 1,45,D07,NA,5.4
,Sugars,#REF!,TOR,F16,Water,Rep 1,46,D07,NA,1.72
,Sugars,#REF!,TOR,F16,Water,Rep 1,47,D07,NA,6.64
,Sugars,#REF!,TOR,F16,Water,Rep 1,48,D07,NA,1.87
,Sugars,#REF!,TOR,F16,Water,Rep 1,49,D07,NA,3.57
,Sugars,#REF!,TOR,F16,Water,Rep 1,50,D07,NA,2.36
,Sugars,#REF!,TOR,F16,3OMG,Rep 1,1,D07,NA,8.12
,Sugars,#REF!,TOR,F16,3OMG,Rep 1,2,D07,NA,8.45
,Sugars,#REF!,TOR,F16,3OMG,Rep 1,3,D07,NA,10.06
,Sugars,#REF!,TOR,F16,3OMG,Rep 1,4,D07,NA,6.11
,Sugars,#REF!,TOR,F16,3OMG,Rep 1,5,D07,NA,8.44
,Sugars,#REF!,TOR,F16,3OMG,Rep 1,6,D07,NA,10.14
,Sugars,#REF!,TOR,F16,3OMG,Rep 1,7,D07,NA,7.99
,Sugars,#REF!,TOR,F16,3OMG,Rep 1,8,D07,NA,4.21
,Sugars,#REF!,TOR,F16,3OMG,Rep 1,9,D07,NA,6.94
,Sugars,#REF!,TOR,F16,3OMG,Rep 1,10,D07,NA,5.75
,Sugars,#REF!,TOR,F16,3OMG,Rep 1,11,D07,NA,7.32
,Sugars,#REF!,TOR,F16,3OMG,Rep 1,12,D07,NA,11.17
,Sugars,#REF!,TOR,F16,3OMG,Rep 1,13,D07,NA,5.89
,Sugars,#REF!,TOR,F16,3OMG,Rep 1,14,D07,NA,9.94
,Sugars,#REF!,TOR,F16,3OMG,Rep 1,15,D07,NA,7.6
,Sugars,#REF!,TOR,F16,3OMG,Rep 1,16,D07,NA,6.12
,Sugars,#REF!,TOR,F16,3OMG,Rep 1,17,D07,NA,6.77
,Sugars,#REF!,TOR,F16,3OMG,Rep 1,18,D07,NA,13.71
,Sugars,#REF!,TOR,F16,3OMG,Rep 1,19,D07,NA,9.96
,Sugars,#REF!,TOR,F16,3OMG,Rep 1,20,D07,NA,7.99
,Sugars,#REF!,TOR,F16,3OMG,Rep 1,21,D07,NA,9.22
,Sugars,#REF!,TOR,F16,3OMG,Rep 1,22,D07,NA,5.95
,Sugars,#REF!,TOR,F16,3OMG,Rep 1,23,D07,NA,5.16
,Sugars,#REF!,TOR,F16,3OMG,Rep 1,24,D07,NA,7.76
,Sugars,#REF!,TOR,F16,3OMG,Rep 1,25,D07,NA,7.35
,Sugars,#REF!,TOR,F16,3OMG,Rep 1,26,D07,NA,10.49
,Sugars,#REF!,TOR,F16,3OMG,Rep 1,27,D07,NA,12.18
,Sugars,#REF!,TOR,F16,3OMG,Rep 1,28,D07,NA,10.75
,Sugars,#REF!,TOR,F16,3OMG,Rep 1,29,D07,NA,6.88
,Sugars,#REF!,TOR,F16,3OMG,Rep 1,30,D07,NA,10.63
,Sugars,#REF!,TOR,F16,3OMG,Rep 1,31,D07,NA,10.54
,Sugars,#REF!,TOR,F16,3OMG,Rep 1,32,D07,NA,6.36
,Sugars,#REF!,TOR,F16,3OMG,Rep 1,33,D07,NA,11.87
,Sugars,#REF!,TOR,F16,3OMG,Rep 1,34,D07,NA,6.65
,Sugars,#REF!,TOR,F16,3OMG,Rep 1,35,D07,NA,7.48
,Sugars,#REF!,TOR,F16,3OMG,Rep 1,36,D07,NA,9.86
,Sugars,#REF!,TOR,F16,3OMG,Rep 1,37,D07,NA,11.46
,Sugars,#REF!,TOR,F16,3OMG,Rep 1,38,D07,NA,9.59
,Sugars,#REF!,TOR,F16,3OMG,Rep 1,39,D07,NA,8.85
,Sugars,#REF!,TOR,F16,3OMG,Rep 1,40,D07,NA,9.68
,Sugars,#REF!,TOR,F16,3OMG,Rep 1,41,D07,NA,9.5
,Sugars,#REF!,TOR,F16,3OMG,Rep 1,42,D07,NA,9.68
,Sugars,#REF!,TOR,F16,3OMG,Rep 1,43,D07,NA,7.28
,Sugars,#REF!,TOR,F16,3OMG,Rep 1,44,D07,NA,8.48
,Sugars,#REF!,TOR,F16,3OMG,Rep 1,45,D07,NA,4.63
,Sugars,#REF!,TOR,F16,3OMG,Rep 1,46,D07,NA,5.88
,Sugars,#REF!,TOR,F16,3OMG,Rep 1,47,D07,NA,9.67
,Sugars,#REF!,TOR,F16,3OMG,Rep 1,48,D07,NA,9.03
,Sugars,#REF!,TOR,F16,3OMG,Rep 1,49,D07,NA,5.86
,Sugars,#REF!,TOR,F16,3OMG,Rep 1,50,D07,NA,8.62
,Sugars,#REF!,RAPTOR1A,F16,Water,Rep 1,1,D07,NA,4.18
,Sugars,#REF!,RAPTOR1A,F16,Water,Rep 1,2,D07,NA,3.58
,Sugars,#REF!,RAPTOR1A,F16,Water,Rep 1,3,D07,NA,3.21
,Sugars,#REF!,RAPTOR1A,F16,Water,Rep 1,4,D07,NA,7.04
,Sugars,#REF!,RAPTOR1A,F16,Water,Rep 1,5,D07,NA,3.76
,Sugars,#REF!,RAPTOR1A,F16,Water,Rep 1,6,D07,NA,4.38
,Sugars,#REF!,RAPTOR1A,F16,Water,Rep 1,7,D07,NA,4.82
,Sugars,#REF!,RAPTOR1A,F16,Water,Rep 1,8,D07,NA,3.09
,Sugars,#REF!,RAPTOR1A,F16,Water,Rep 1,9,D07,NA,1.58
,Sugars,#REF!,RAPTOR1A,F16,Water,Rep 1,10,D07,NA,1.44
,Sugars,#REF!,RAPTOR1A,F16,Water,Rep 1,11,D07,NA,4.64
,Sugars,#REF!,RAPTOR1A,F16,Water,Rep 1,12,D07,NA,2.7
,Sugars,#REF!,RAPTOR1A,F16,Water,Rep 1,13,D07,NA,2.08
,Sugars,#REF!,RAPTOR1A,F16,Water,Rep 1,14,D07,NA,3.11
,Sugars,#REF!,RAPTOR1A,F16,Water,Rep 1,15,D07,NA,1.55
,Sugars,#REF!,RAPTOR1A,F16,Water,Rep 1,16,D07,NA,2.87
,Sugars,#REF!,RAPTOR1A,F16,Water,Rep 1,17,D07,NA,5.45
,Sugars,#REF!,RAPTOR1A,F16,Water,Rep 1,18,D07,NA,2.86
,Sugars,#REF!,RAPTOR1A,F16,Water,Rep 1,19,D07,NA,2.05
,Sugars,#REF!,RAPTOR1A,F16,Water,Rep 1,20,D07,NA,2.64
,Sugars,#REF!,RAPTOR1A,F16,Water,Rep 1,21,D07,NA,2.01
,Sugars,#REF!,RAPTOR1A,F16,Water,Rep 1,22,D07,NA,3.26
,Sugars,#REF!,RAPTOR1A,F16,Water,Rep 1,23,D07,NA,2.78
,Sugars,#REF!,RAPTOR1A,F16,Water,Rep 1,24,D07,NA,1.3
,Sugars,#REF!,RAPTOR1A,F16,Water,Rep 1,25,D07,NA,4.02
,Sugars,#REF!,RAPTOR1A,F16,Water,Rep 1,26,D07,NA,1.16
,Sugars,#REF!,RAPTOR1A,F16,Water,Rep 1,27,D07,NA,2.25
,Sugars,#REF!,RAPTOR1A,F16,Water,Rep 1,28,D07,NA,2.63
,Sugars,#REF!,RAPTOR1A,F16,Water,Rep 1,29,D07,NA,1.73
,Sugars,#REF!,RAPTOR1A,F16,Water,Rep 1,30,D07,NA,3.25
,Sugars,#REF!,RAPTOR1A,F16,Water,Rep 1,31,D07,NA,4.62
,Sugars,#REF!,RAPTOR1A,F16,Water,Rep 1,32,D07,NA,1.93
,Sugars,#REF!,RAPTOR1A,F16,Water,Rep 1,33,D07,NA,2.52
,Sugars,#REF!,RAPTOR1A,F16,Water,Rep 1,34,D07,NA,2.06
,Sugars,#REF!,RAPTOR1A,F16,Water,Rep 1,35,D07,NA,3.02
,Sugars,#REF!,RAPTOR1A,F16,Water,Rep 1,36,D07,NA,1.1
,Sugars,#REF!,RAPTOR1A,F16,Water,Rep 1,37,D07,NA,1.47
,Sugars,#REF!,RAPTOR1A,F16,Water,Rep 1,38,D07,NA,3.4
,Sugars,#REF!,RAPTOR1A,F16,Water,Rep 1,39,D07,NA,3.09
,Sugars,#REF!,RAPTOR1A,F16,Water,Rep 1,40,D07,NA,3.38
,Sugars,#REF!,RAPTOR1A,F16,Water,Rep 1,41,D07,NA,2.89
,Sugars,#REF!,RAPTOR1A,F16,Water,Rep 1,42,D07,NA,1.73
,Sugars,#REF!,RAPTOR1A,F16,Water,Rep 1,43,D07,NA,3.38
,Sugars,#REF!,RAPTOR1A,F16,Water,Rep 1,44,D07,NA,2.96
,Sugars,#REF!,RAPTOR1A,F16,Water,Rep 1,45,D07,NA,3.15
,Sugars,#REF!,RAPTOR1A,F16,Water,Rep 1,46,D07,NA,4.1
,Sugars,#REF!,RAPTOR1A,F16,Water,Rep 1,47,D07,NA,1.83
,Sugars,#REF!,RAPTOR1A,F16,Water,Rep 1,48,D07,NA,2.11
,Sugars,#REF!,RAPTOR1A,F16,Water,Rep 1,49,D07,NA,2.7
,Sugars,#REF!,RAPTOR1A,F16,Water,Rep 1,50,D07,NA,1.47
,Sugars,#REF!,RAPTOR1A,F16,3OMG,Rep 1,1,D07,NA,6.18
,Sugars,#REF!,RAPTOR1A,F16,3OMG,Rep 1,2,D07,NA,8.43
,Sugars,#REF!,RAPTOR1A,F16,3OMG,Rep 1,3,D07,NA,4.84
,Sugars,#REF!,RAPTOR1A,F16,3OMG,Rep 1,4,D07,NA,8.53
,Sugars,#REF!,RAPTOR1A,F16,3OMG,Rep 1,5,D07,NA,7.1
,Sugars,#REF!,RAPTOR1A,F16,3OMG,Rep 1,6,D07,NA,8.58
,Sugars,#REF!,RAPTOR1A,F16,3OMG,Rep 1,7,D07,NA,5.35
,Sugars,#REF!,RAPTOR1A,F16,3OMG,Rep 1,8,D07,NA,6.53
,Sugars,#REF!,RAPTOR1A,F16,3OMG,Rep 1,9,D07,NA,10.12
,Sugars,#REF!,RAPTOR1A,F16,3OMG,Rep 1,10,D07,NA,7.41
,Sugars,#REF!,RAPTOR1A,F16,3OMG,Rep 1,11,D07,NA,11.52
,Sugars,#REF!,RAPTOR1A,F16,3OMG,Rep 1,12,D07,NA,4.12
,Sugars,#REF!,RAPTOR1A,F16,3OMG,Rep 1,13,D07,NA,5.87
,Sugars,#REF!,RAPTOR1A,F16,3OMG,Rep 1,14,D07,NA,8.62
,Sugars,#REF!,RAPTOR1A,F16,3OMG,Rep 1,15,D07,NA,7.25
,Sugars,#REF!,RAPTOR1A,F16,3OMG,Rep 1,16,D07,NA,7.14
,Sugars,#REF!,RAPTOR1A,F16,3OMG,Rep 1,17,D07,NA,10.82
,Sugars,#REF!,RAPTOR1A,F16,3OMG,Rep 1,18,D07,NA,6.16
,Sugars,#REF!,RAPTOR1A,F16,3OMG,Rep 1,19,D07,NA,11.79
,Sugars,#REF!,RAPTOR1A,F16,3OMG,Rep 1,20,D07,NA,7.27
,Sugars,#REF!,RAPTOR1A,F16,3OMG,Rep 1,21,D07,NA,9.55
,Sugars,#REF!,RAPTOR1A,F16,3OMG,Rep 1,22,D07,NA,9.16
,Sugars,#REF!,RAPTOR1A,F16,3OMG,Rep 1,23,D07,NA,4.2
,Sugars,#REF!,RAPTOR1A,F16,3OMG,Rep 1,24,D07,NA,4.4
,Sugars,#REF!,RAPTOR1A,F16,3OMG,Rep 1,25,D07,NA,6.8
,Sugars,#REF!,RAPTOR1A,F16,3OMG,Rep 1,26,D07,NA,6.75
,Sugars,#REF!,RAPTOR1A,F16,3OMG,Rep 1,27,D07,NA,8.1
,Sugars,#REF!,RAPTOR1A,F16,3OMG,Rep 1,28,D07,NA,9.3
,Sugars,#REF!,RAPTOR1A,F16,3OMG,Rep 1,29,D07,NA,2.59
,Sugars,#REF!,RAPTOR1A,F16,3OMG,Rep 1,30,D07,NA,10.55
,Sugars,#REF!,RAPTOR1A,F16,3OMG,Rep 1,31,D07,NA,8.22
,Sugars,#REF!,RAPTOR1A,F16,3OMG,Rep 1,32,D07,NA,5.72
,Sugars,#REF!,RAPTOR1A,F16,3OMG,Rep 1,33,D07,NA,7.89
,Sugars,#REF!,RAPTOR1A,F16,3OMG,Rep 1,34,D07,NA,9.21
,Sugars,#REF!,RAPTOR1A,F16,3OMG,Rep 1,35,D07,NA,9.03
,Sugars,#REF!,RAPTOR1A,F16,3OMG,Rep 1,36,D07,NA,9.59
,Sugars,#REF!,RAPTOR1A,F16,3OMG,Rep 1,37,D07,NA,3.06
,Sugars,#REF!,RAPTOR1A,F16,3OMG,Rep 1,38,D07,NA,8.64
,Sugars,#REF!,RAPTOR1A,F16,3OMG,Rep 1,39,D07,NA,9.13
,Sugars,#REF!,RAPTOR1A,F16,3OMG,Rep 1,40,D07,NA,7.09
,Sugars,#REF!,RAPTOR1A,F16,3OMG,Rep 1,41,D07,NA,7.43
,Sugars,#REF!,RAPTOR1A,F16,3OMG,Rep 1,42,D07,NA,3.69
,Sugars,#REF!,RAPTOR1A,F16,3OMG,Rep 1,43,D07,NA,8.77
,Sugars,#REF!,RAPTOR1A,F16,3OMG,Rep 1,44,D07,NA,7.48
,Sugars,#REF!,RAPTOR1A,F16,3OMG,Rep 1,45,D07,NA,10.04
,Sugars,#REF!,RAPTOR1A,F16,3OMG,Rep 1,46,D07,NA,7.52
,Sugars,#REF!,RAPTOR1A,F16,3OMG,Rep 1,47,D07,NA,6.77
,Sugars,#REF!,RAPTOR1A,F16,3OMG,Rep 1,48,D07,NA,7.9
,Sugars,#REF!,RAPTOR1A,F16,3OMG,Rep 1,49,D07,NA,10.29
,Sugars,#REF!,RAPTOR1A,F16,3OMG,Rep 1,50,D07,NA,8.54
,Sugars,#REF!,STP1_13,F16,Water,Rep 1,1,D07,NA,3.43
,Sugars,#REF!,STP1_13,F16,Water,Rep 1,2,D07,NA,4.3
,Sugars,#REF!,STP1_13,F16,Water,Rep 1,3,D07,NA,4.03
,Sugars,#REF!,STP1_13,F16,Water,Rep 1,4,D07,NA,0.92
,Sugars,#REF!,STP1_13,F16,Water,Rep 1,5,D07,NA,1.63
,Sugars,#REF!,STP1_13,F16,Water,Rep 1,6,D07,NA,1.91
,Sugars,#REF!,STP1_13,F16,Water,Rep 1,7,D07,NA,5.28
,Sugars,#REF!,STP1_13,F16,Water,Rep 1,8,D07,NA,0.87
,Sugars,#REF!,STP1_13,F16,Water,Rep 1,9,D07,NA,1.18
,Sugars,#REF!,STP1_13,F16,Water,Rep 1,10,D07,NA,5.39
,Sugars,#REF!,STP1_13,F16,Water,Rep 1,11,D07,NA,5.58
,Sugars,#REF!,STP1_13,F16,Water,Rep 1,12,D07,NA,1.94
,Sugars,#REF!,STP1_13,F16,Water,Rep 1,13,D07,NA,2.8
,Sugars,#REF!,STP1_13,F16,Water,Rep 1,14,D07,NA,4.95
,Sugars,#REF!,STP1_13,F16,Water,Rep 1,15,D07,NA,2.05
,Sugars,#REF!,STP1_13,F16,Water,Rep 1,16,D07,NA,2.16
,Sugars,#REF!,STP1_13,F16,Water,Rep 1,17,D07,NA,3
,Sugars,#REF!,STP1_13,F16,Water,Rep 1,18,D07,NA,4.02
,Sugars,#REF!,STP1_13,F16,Water,Rep 1,19,D07,NA,4
,Sugars,#REF!,STP1_13,F16,Water,Rep 1,20,D07,NA,0.8
,Sugars,#REF!,STP1_13,F16,Water,Rep 1,21,D07,NA,2.84
,Sugars,#REF!,STP1_13,F16,Water,Rep 1,22,D07,NA,3.46
,Sugars,#REF!,STP1_13,F16,Water,Rep 1,23,D07,NA,2.55
,Sugars,#REF!,STP1_13,F16,Water,Rep 1,24,D07,NA,0.93
,Sugars,#REF!,STP1_13,F16,Water,Rep 1,25,D07,NA,5.22
,Sugars,#REF!,STP1_13,F16,Water,Rep 1,26,D07,NA,2.6
,Sugars,#REF!,STP1_13,F16,Water,Rep 1,27,D07,NA,2.82
,Sugars,#REF!,STP1_13,F16,Water,Rep 1,28,D07,NA,4.49
,Sugars,#REF!,STP1_13,F16,Water,Rep 1,29,D07,NA,7.28
,Sugars,#REF!,STP1_13,F16,Water,Rep 1,30,D07,NA,0.67
,Sugars,#REF!,STP1_13,F16,Water,Rep 1,31,D07,NA,0.81
,Sugars,#REF!,STP1_13,F16,Water,Rep 1,32,D07,NA,2.27
,Sugars,#REF!,STP1_13,F16,Water,Rep 1,33,D07,NA,0.53
,Sugars,#REF!,STP1_13,F16,Water,Rep 1,34,D07,NA,2.28
,Sugars,#REF!,STP1_13,F16,Water,Rep 1,35,D07,NA,1.29
,Sugars,#REF!,STP1_13,F16,Water,Rep 1,36,D07,NA,3.47
,Sugars,#REF!,STP1_13,F16,Water,Rep 1,37,D07,NA,2.35
,Sugars,#REF!,STP1_13,F16,Water,Rep 1,38,D07,NA,2.76
,Sugars,#REF!,STP1_13,F16,Water,Rep 1,39,D07,NA,4.87
,Sugars,#REF!,STP1_13,F16,Water,Rep 1,40,D07,NA,2.35
,Sugars,#REF!,STP1_13,F16,Water,Rep 1,41,D07,NA,5.41
,Sugars,#REF!,STP1_13,F16,Water,Rep 1,42,D07,NA,3.86
,Sugars,#REF!,STP1_13,F16,Water,Rep 1,43,D07,NA,3.01
,Sugars,#REF!,STP1_13,F16,Water,Rep 1,44,D07,NA,0.8
,Sugars,#REF!,STP1_13,F16,Water,Rep 1,45,D07,NA,0.79
,Sugars,#REF!,STP1_13,F16,Water,Rep 1,46,D07,NA,2.92
,Sugars,#REF!,STP1_13,F16,Water,Rep 1,47,D07,NA,2.68
,Sugars,#REF!,STP1_13,F16,Water,Rep 1,48,D07,NA,2.02
,Sugars,#REF!,STP1_13,F16,Water,Rep 1,49,D07,NA,3.82
,Sugars,#REF!,STP1_13,F16,Water,Rep 1,50,D07,NA,2.96
,Sugars,#REF!,STP1_13,F16,3OMG,Rep 1,1,D07,NA,10.45
,Sugars,#REF!,STP1_13,F16,3OMG,Rep 1,2,D07,NA,7.51
,Sugars,#REF!,STP1_13,F16,3OMG,Rep 1,3,D07,NA,10.83
,Sugars,#REF!,STP1_13,F16,3OMG,Rep 1,4,D07,NA,7.01
,Sugars,#REF!,STP1_13,F16,3OMG,Rep 1,5,D07,NA,12.63
,Sugars,#REF!,STP1_13,F16,3OMG,Rep 1,6,D07,NA,7.77
,Sugars,#REF!,STP1_13,F16,3OMG,Rep 1,7,D07,NA,10.47
,Sugars,#REF!,STP1_13,F16,3OMG,Rep 1,8,D07,NA,8.18
,Sugars,#REF!,STP1_13,F16,3OMG,Rep 1,9,D07,NA,8.27
,Sugars,#REF!,STP1_13,F16,3OMG,Rep 1,10,D07,NA,7.93
,Sugars,#REF!,STP1_13,F16,3OMG,Rep 1,11,D07,NA,10.05
,Sugars,#REF!,STP1_13,F16,3OMG,Rep 1,12,D07,NA,6.55
,Sugars,#REF!,STP1_13,F16,3OMG,Rep 1,13,D07,NA,9.25
,Sugars,#REF!,STP1_13,F16,3OMG,Rep 1,14,D07,NA,5.43
,Sugars,#REF!,STP1_13,F16,3OMG,Rep 1,15,D07,NA,9.67
,Sugars,#REF!,STP1_13,F16,3OMG,Rep 1,16,D07,NA,9.59
,Sugars,#REF!,STP1_13,F16,3OMG,Rep 1,17,D07,NA,9.5
,Sugars,#REF!,STP1_13,F16,3OMG,Rep 1,18,D07,NA,12.34
,Sugars,#REF!,STP1_13,F16,3OMG,Rep 1,19,D07,NA,17.61
,Sugars,#REF!,STP1_13,F16,3OMG,Rep 1,20,D07,NA,8.47
,Sugars,#REF!,STP1_13,F16,3OMG,Rep 1,21,D07,NA,10.54
,Sugars,#REF!,STP1_13,F16,3OMG,Rep 1,22,D07,NA,9
,Sugars,#REF!,STP1_13,F16,3OMG,Rep 1,23,D07,NA,8.02
,Sugars,#REF!,STP1_13,F16,3OMG,Rep 1,24,D07,NA,8.91
,Sugars,#REF!,STP1_13,F16,3OMG,Rep 1,25,D07,NA,7.5
,Sugars,#REF!,STP1_13,F16,3OMG,Rep 1,26,D07,NA,8.97
,Sugars,#REF!,STP1_13,F16,3OMG,Rep 1,27,D07,NA,7.28
,Sugars,#REF!,STP1_13,F16,3OMG,Rep 1,28,D07,NA,7.99
,Sugars,#REF!,STP1_13,F16,3OMG,Rep 1,29,D07,NA,9.71
,Sugars,#REF!,STP1_13,F16,3OMG,Rep 1,30,D07,NA,9.72
,Sugars,#REF!,STP1_13,F16,3OMG,Rep 1,31,D07,NA,9.26
,Sugars,#REF!,STP1_13,F16,3OMG,Rep 1,32,D07,NA,7.32
,Sugars,#REF!,STP1_13,F16,3OMG,Rep 1,33,D07,NA,9.87
,Sugars,#REF!,STP1_13,F16,3OMG,Rep 1,34,D07,NA,8.12
,Sugars,#REF!,STP1_13,F16,3OMG,Rep 1,35,D07,NA,7.83
,Sugars,#REF!,STP1_13,F16,3OMG,Rep 1,36,D07,NA,8.55
,Sugars,#REF!,STP1_13,F16,3OMG,Rep 1,37,D07,NA,7.18
,Sugars,#REF!,STP1_13,F16,3OMG,Rep 1,38,D07,NA,9.14
,Sugars,#REF!,STP1_13,F16,3OMG,Rep 1,39,D07,NA,14.17
,Sugars,#REF!,STP1_13,F16,3OMG,Rep 1,40,D07,NA,10.1
,Sugars,#REF!,STP1_13,F16,3OMG,Rep 1,41,D07,NA,7.01
,Sugars,#REF!,STP1_13,F16,3OMG,Rep 1,42,D07,NA,10.87
,Sugars,#REF!,STP1_13,F16,3OMG,Rep 1,43,D07,NA,9.09
,Sugars,#REF!,STP1_13,F16,3OMG,Rep 1,44,D07,NA,8.1
,Sugars,#REF!,STP1_13,F16,3OMG,Rep 1,45,D07,NA,5.23
,Sugars,#REF!,STP1_13,F16,3OMG,Rep 1,46,D07,NA,6.11
,Sugars,#REF!,STP1_13,F16,3OMG,Rep 1,47,D07,NA,8.28
,Sugars,#REF!,STP1_13,F16,3OMG,Rep 1,48,D07,NA,9.46
,Sugars,#REF!,STP1_13,F16,3OMG,Rep 1,49,D07,NA,5.82
,Sugars,#REF!,STP1_13,F16,3OMG,Rep 1,50,D07,NA,6.34
,Sugars,#REF!,RAPTOR1B,F16,Water,Rep 1,1,D07,NA,2.68
,Sugars,#REF!,RAPTOR1B,F16,Water,Rep 1,2,D07,NA,2.33
,Sugars,#REF!,RAPTOR1B,F16,Water,Rep 1,3,D07,NA,3.84
,Sugars,#REF!,RAPTOR1B,F16,Water,Rep 1,4,D07,NA,2.45
,Sugars,#REF!,RAPTOR1B,F16,Water,Rep 1,5,D07,NA,2.07
,Sugars,#REF!,RAPTOR1B,F16,Water,Rep 1,6,D07,NA,7.3
,Sugars,#REF!,RAPTOR1B,F16,Water,Rep 1,7,D07,NA,5.59
,Sugars,#REF!,RAPTOR1B,F16,Water,Rep 1,8,D07,NA,9.54
,Sugars,#REF!,RAPTOR1B,F16,Water,Rep 1,9,D07,NA,2.7
,Sugars,#REF!,RAPTOR1B,F16,Water,Rep 1,10,D07,NA,1.46
,Sugars,#REF!,RAPTOR1B,F16,Water,Rep 1,11,D07,NA,4.27
,Sugars,#REF!,RAPTOR1B,F16,Water,Rep 1,12,D07,NA,4.11
,Sugars,#REF!,RAPTOR1B,F16,Water,Rep 1,13,D07,NA,3.23
,Sugars,#REF!,RAPTOR1B,F16,Water,Rep 1,14,D07,NA,3.29
,Sugars,#REF!,RAPTOR1B,F16,Water,Rep 1,15,D07,NA,3.08
,Sugars,#REF!,RAPTOR1B,F16,Water,Rep 1,16,D07,NA,2.52
,Sugars,#REF!,RAPTOR1B,F16,Water,Rep 1,17,D07,NA,2.66
,Sugars,#REF!,RAPTOR1B,F16,Water,Rep 1,18,D07,NA,1.29
,Sugars,#REF!,RAPTOR1B,F16,Water,Rep 1,19,D07,NA,1.06
,Sugars,#REF!,RAPTOR1B,F16,Water,Rep 1,20,D07,NA,3.05
,Sugars,#REF!,RAPTOR1B,F16,Water,Rep 1,21,D07,NA,4.21
,Sugars,#REF!,RAPTOR1B,F16,Water,Rep 1,22,D07,NA,2.4
,Sugars,#REF!,RAPTOR1B,F16,Water,Rep 1,23,D07,NA,1.26
,Sugars,#REF!,RAPTOR1B,F16,Water,Rep 1,24,D07,NA,5.84
,Sugars,#REF!,RAPTOR1B,F16,Water,Rep 1,25,D07,NA,1.33
,Sugars,#REF!,RAPTOR1B,F16,Water,Rep 1,26,D07,NA,3.34
,Sugars,#REF!,RAPTOR1B,F16,Water,Rep 1,27,D07,NA,2.56
,Sugars,#REF!,RAPTOR1B,F16,Water,Rep 1,28,D07,NA,3.83
,Sugars,#REF!,RAPTOR1B,F16,Water,Rep 1,29,D07,NA,3.12
,Sugars,#REF!,RAPTOR1B,F16,Water,Rep 1,30,D07,NA,4.05
,Sugars,#REF!,RAPTOR1B,F16,Water,Rep 1,31,D07,NA,1.65
,Sugars,#REF!,RAPTOR1B,F16,Water,Rep 1,32,D07,NA,3.24
,Sugars,#REF!,RAPTOR1B,F16,Water,Rep 1,33,D07,NA,1.89
,Sugars,#REF!,RAPTOR1B,F16,Water,Rep 1,34,D07,NA,4.42
,Sugars,#REF!,RAPTOR1B,F16,Water,Rep 1,35,D07,NA,3.7
,Sugars,#REF!,RAPTOR1B,F16,Water,Rep 1,36,D07,NA,3.81
,Sugars,#REF!,RAPTOR1B,F16,Water,Rep 1,37,D07,NA,1.71
,Sugars,#REF!,RAPTOR1B,F16,Water,Rep 1,38,D07,NA,2.83
,Sugars,#REF!,RAPTOR1B,F16,Water,Rep 1,39,D07,NA,3.67
,Sugars,#REF!,RAPTOR1B,F16,Water,Rep 1,40,D07,NA,3.35
,Sugars,#REF!,RAPTOR1B,F16,Water,Rep 1,41,D07,NA,2.41
,Sugars,#REF!,RAPTOR1B,F16,Water,Rep 1,42,D07,NA,2.21
,Sugars,#REF!,RAPTOR1B,F16,Water,Rep 1,43,D07,NA,3.48
,Sugars,#REF!,RAPTOR1B,F16,Water,Rep 1,44,D07,NA,2.64
,Sugars,#REF!,RAPTOR1B,F16,Water,Rep 1,45,D07,NA,2.08
,Sugars,#REF!,RAPTOR1B,F16,Water,Rep 1,46,D07,NA,3.7
,Sugars,#REF!,RAPTOR1B,F16,Water,Rep 1,47,D07,NA,2.06
,Sugars,#REF!,RAPTOR1B,F16,Water,Rep 1,48,D07,NA,2.73
,Sugars,#REF!,RAPTOR1B,F16,Water,Rep 1,49,D07,NA,1.97
,Sugars,#REF!,RAPTOR1B,F16,Water,Rep 1,50,D07,NA,2.29
,Sugars,#REF!,RAPTOR1B,F16,3OMG,Rep 1,1,D07,NA,8.88
,Sugars,#REF!,RAPTOR1B,F16,3OMG,Rep 1,2,D07,NA,10.22
,Sugars,#REF!,RAPTOR1B,F16,3OMG,Rep 1,3,D07,NA,9.44
,Sugars,#REF!,RAPTOR1B,F16,3OMG,Rep 1,4,D07,NA,8.89
,Sugars,#REF!,RAPTOR1B,F16,3OMG,Rep 1,5,D07,NA,10.4
,Sugars,#REF!,RAPTOR1B,F16,3OMG,Rep 1,6,D07,NA,8
,Sugars,#REF!,RAPTOR1B,F16,3OMG,Rep 1,7,D07,NA,8.31
,Sugars,#REF!,RAPTOR1B,F16,3OMG,Rep 1,8,D07,NA,4.58
,Sugars,#REF!,RAPTOR1B,F16,3OMG,Rep 1,9,D07,NA,7.48
,Sugars,#REF!,RAPTOR1B,F16,3OMG,Rep 1,10,D07,NA,8.42
,Sugars,#REF!,RAPTOR1B,F16,3OMG,Rep 1,11,D07,NA,8.68
,Sugars,#REF!,RAPTOR1B,F16,3OMG,Rep 1,12,D07,NA,6.99
,Sugars,#REF!,RAPTOR1B,F16,3OMG,Rep 1,13,D07,NA,7.05
,Sugars,#REF!,RAPTOR1B,F16,3OMG,Rep 1,14,D07,NA,6.1
,Sugars,#REF!,RAPTOR1B,F16,3OMG,Rep 1,15,D07,NA,8.33
,Sugars,#REF!,RAPTOR1B,F16,3OMG,Rep 1,16,D07,NA,6.53
,Sugars,#REF!,RAPTOR1B,F16,3OMG,Rep 1,17,D07,NA,4.45
,Sugars,#REF!,RAPTOR1B,F16,3OMG,Rep 1,18,D07,NA,7.3
,Sugars,#REF!,RAPTOR1B,F16,3OMG,Rep 1,19,D07,NA,9.17
,Sugars,#REF!,RAPTOR1B,F16,3OMG,Rep 1,20,D07,NA,8.3
,Sugars,#REF!,RAPTOR1B,F16,3OMG,Rep 1,21,D07,NA,8.16
,Sugars,#REF!,RAPTOR1B,F16,3OMG,Rep 1,22,D07,NA,3.96
,Sugars,#REF!,RAPTOR1B,F16,3OMG,Rep 1,23,D07,NA,9.12
,Sugars,#REF!,RAPTOR1B,F16,3OMG,Rep 1,24,D07,NA,9.58
,Sugars,#REF!,RAPTOR1B,F16,3OMG,Rep 1,25,D07,NA,8.28
,Sugars,#REF!,RAPTOR1B,F16,3OMG,Rep 1,26,D07,NA,9.81
,Sugars,#REF!,RAPTOR1B,F16,3OMG,Rep 1,27,D07,NA,1.25
,Sugars,#REF!,RAPTOR1B,F16,3OMG,Rep 1,28,D07,NA,7.93
,Sugars,#REF!,RAPTOR1B,F16,3OMG,Rep 1,29,D07,NA,6.31
,Sugars,#REF!,RAPTOR1B,F16,3OMG,Rep 1,30,D07,NA,7
,Sugars,#REF!,RAPTOR1B,F16,3OMG,Rep 1,31,D07,NA,6.33
,Sugars,#REF!,RAPTOR1B,F16,3OMG,Rep 1,32,D07,NA,6.18
,Sugars,#REF!,RAPTOR1B,F16,3OMG,Rep 1,33,D07,NA,5.75
,Sugars,#REF!,RAPTOR1B,F16,3OMG,Rep 1,34,D07,NA,9.5
,Sugars,#REF!,RAPTOR1B,F16,3OMG,Rep 1,35,D07,NA,9.15
,Sugars,#REF!,RAPTOR1B,F16,3OMG,Rep 1,36,D07,NA,9.04
,Sugars,#REF!,RAPTOR1B,F16,3OMG,Rep 1,37,D07,NA,9.8
,Sugars,#REF!,RAPTOR1B,F16,3OMG,Rep 1,38,D07,NA,7.14
,Sugars,#REF!,RAPTOR1B,F16,3OMG,Rep 1,39,D07,NA,6.87
,Sugars,#REF!,RAPTOR1B,F16,3OMG,Rep 1,40,D07,NA,8.51
,Sugars,#REF!,RAPTOR1B,F16,3OMG,Rep 1,41,D07,NA,7.75
,Sugars,#REF!,RAPTOR1B,F16,3OMG,Rep 1,42,D07,NA,8.73
,Sugars,#REF!,RAPTOR1B,F16,3OMG,Rep 1,43,D07,NA,6.94
,Sugars,#REF!,RAPTOR1B,F16,3OMG,Rep 1,44,D07,NA,10.32
,Sugars,#REF!,RAPTOR1B,F16,3OMG,Rep 1,45,D07,NA,9.41
,Sugars,#REF!,RAPTOR1B,F16,3OMG,Rep 1,46,D07,NA,10.53
,Sugars,#REF!,RAPTOR1B,F16,3OMG,Rep 1,47,D07,NA,9.22
,Sugars,#REF!,RAPTOR1B,F16,3OMG,Rep 1,48,D07,NA,7.57
,Sugars,#REF!,RAPTOR1B,F16,3OMG,Rep 1,49,D07,NA,9.56
,Sugars,#REF!,RAPTOR1B,F16,3OMG,Rep 1,50,D07,NA,8.62
1,Sugars,#REF!,Col0,MF,Water,Rep 2,1,D07,NA,16.34
2,Sugars,#REF!,Col0,MF,Water,Rep 2,2,D07,NA,14.12
3,Sugars,#REF!,Col0,MF,Water,Rep 2,3,D07,NA,7.74
4,Sugars,#REF!,Col0,MF,Water,Rep 2,4,D07,NA,14.04
5,Sugars,#REF!,Col0,MF,Water,Rep 2,5,D07,NA,13.09
6,Sugars,#REF!,Col0,MF,Water,Rep 2,6,D07,NA,13.82
7,Sugars,#REF!,Col0,MF,Water,Rep 2,7,D07,NA,3.1
8,Sugars,#REF!,Col0,MF,Water,Rep 2,8,D07,NA,14.17
9,Sugars,#REF!,Col0,MF,Water,Rep 2,9,D07,NA,11.25
10,Sugars,#REF!,Col0,MF,Water,Rep 2,10,D07,NA,13.21
11,Sugars,#REF!,Col0,MF,Water,Rep 2,11,D07,NA,12.44
12,Sugars,#REF!,Col0,MF,Water,Rep 2,12,D07,NA,12.24
13,Sugars,#REF!,Col0,MF,Water,Rep 2,13,D07,NA,12.46
14,Sugars,#REF!,Col0,MF,Water,Rep 2,14,D07,NA,14.96
15,Sugars,#REF!,Col0,MF,Water,Rep 2,15,D07,NA,15.12
16,Sugars,#REF!,Col0,MF,Water,Rep 2,16,D07,NA,17.99
17,Sugars,#REF!,Col0,MF,Water,Rep 2,17,D07,NA,16.78
18,Sugars,#REF!,Col0,MF,Water,Rep 2,18,D07,NA,13.53
19,Sugars,#REF!,Col0,MF,Water,Rep 2,19,D07,NA,17.04
20,Sugars,#REF!,Col0,MF,Water,Rep 2,20,D07,NA,12.3
21,Sugars,#REF!,Col0,MF,Water,Rep 2,21,D07,NA,14.22
22,Sugars,#REF!,Col0,MF,Water,Rep 2,22,D07,NA,10.86
23,Sugars,#REF!,Col0,MF,Water,Rep 2,23,D07,NA,11.74
24,Sugars,#REF!,Col0,MF,Water,Rep 2,24,D07,NA,13.29
25,Sugars,#REF!,Col0,MF,Water,Rep 2,25,D07,NA,11.73
26,Sugars,#REF!,Col0,MF,Water,Rep 2,26,D07,NA,11.87
27,Sugars,#REF!,Col0,MF,Water,Rep 2,27,D07,NA,10.94
28,Sugars,#REF!,Col0,MF,Water,Rep 2,28,D07,NA,15.76
29,Sugars,#REF!,Col0,MF,Water,Rep 2,29,D07,NA,14.38
30,Sugars,#REF!,Col0,MF,Water,Rep 2,30,D07,NA,7.09
31,Sugars,#REF!,Col0,MF,Water,Rep 2,31,D07,NA,13.34
32,Sugars,#REF!,Col0,MF,Water,Rep 2,32,D07,NA,14.4
33,Sugars,#REF!,Col0,MF,Water,Rep 2,33,D07,NA,3.04
34,Sugars,#REF!,Col0,MF,Water,Rep 2,34,D07,NA,7.36
35,Sugars,#REF!,Col0,MF,Water,Rep 2,35,D07,NA,11.43
36,Sugars,#REF!,Col0,MF,Water,Rep 2,36,D07,NA,17.12
37,Sugars,#REF!,Col0,MF,Water,Rep 2,37,D07,NA,3.87
38,Sugars,#REF!,Col0,MF,Water,Rep 2,38,D07,NA,13.68
39,Sugars,#REF!,Col0,MF,Water,Rep 2,39,D07,NA,15.95
40,Sugars,#REF!,Col0,MF,Water,Rep 2,40,D07,NA,12.62
41,Sugars,#REF!,Col0,MF,Water,Rep 2,41,D07,NA,10.04
42,Sugars,#REF!,Col0,MF,Water,Rep 2,42,D07,NA,11.55
43,Sugars,#REF!,Col0,MF,Water,Rep 2,43,D07,NA,12.44
44,Sugars,#REF!,Col0,MF,Water,Rep 2,44,D07,NA,14.5
45,Sugars,#REF!,Col0,MF,Water,Rep 2,45,D07,NA,10.79
46,Sugars,#REF!,Col0,MF,Water,Rep 2,46,D07,NA,12.65
47,Sugars,#REF!,Col0,MF,Water,Rep 2,47,D07,NA,12.44
48,Sugars,#REF!,Col0,MF,Water,Rep 2,48,D07,NA,14.31
49,Sugars,#REF!,Col0,MF,Water,Rep 2,49,D07,NA,10.44
50,Sugars,#REF!,Col0,MF,Water,Rep 2,50,D07,NA,14.44
51,Sugars,#REF!,Col0,MF,3OMG,Rep 2,1,D07,NA,11.63
52,Sugars,#REF!,Col0,MF,3OMG,Rep 2,2,D07,NA,13.08
53,Sugars,#REF!,Col0,MF,3OMG,Rep 2,3,D07,NA,4.56
54,Sugars,#REF!,Col0,MF,3OMG,Rep 2,4,D07,NA,13.28
55,Sugars,#REF!,Col0,MF,3OMG,Rep 2,5,D07,NA,9.93
56,Sugars,#REF!,Col0,MF,3OMG,Rep 2,6,D07,NA,8.4
57,Sugars,#REF!,Col0,MF,3OMG,Rep 2,7,D07,NA,8.06
58,Sugars,#REF!,Col0,MF,3OMG,Rep 2,8,D07,NA,9.47
59,Sugars,#REF!,Col0,MF,3OMG,Rep 2,9,D07,NA,9.85
60,Sugars,#REF!,Col0,MF,3OMG,Rep 2,10,D07,NA,11.35
61,Sugars,#REF!,Col0,MF,3OMG,Rep 2,11,D07,NA,10.44
62,Sugars,#REF!,Col0,MF,3OMG,Rep 2,12,D07,NA,11.24
63,Sugars,#REF!,Col0,MF,3OMG,Rep 2,13,D07,NA,11.17
64,Sugars,#REF!,Col0,MF,3OMG,Rep 2,14,D07,NA,12.99
65,Sugars,#REF!,Col0,MF,3OMG,Rep 2,15,D07,NA,11.72
66,Sugars,#REF!,Col0,MF,3OMG,Rep 2,16,D07,NA,10.42
67,Sugars,#REF!,Col0,MF,3OMG,Rep 2,17,D07,NA,10.49
68,Sugars,#REF!,Col0,MF,3OMG,Rep 2,18,D07,NA,6.37
69,Sugars,#REF!,Col0,MF,3OMG,Rep 2,19,D07,NA,10.41
70,Sugars,#REF!,Col0,MF,3OMG,Rep 2,20,D07,NA,13.16
71,Sugars,#REF!,Col0,MF,3OMG,Rep 2,21,D07,NA,15.86
72,Sugars,#REF!,Col0,MF,3OMG,Rep 2,22,D07,NA,12.24
73,Sugars,#REF!,Col0,MF,3OMG,Rep 2,23,D07,NA,11.93
74,Sugars,#REF!,Col0,MF,3OMG,Rep 2,24,D07,NA,6.84
75,Sugars,#REF!,Col0,MF,3OMG,Rep 2,25,D07,NA,13.94
76,Sugars,#REF!,Col0,MF,3OMG,Rep 2,26,D07,NA,12.71
77,Sugars,#REF!,Col0,MF,3OMG,Rep 2,27,D07,NA,12.84
78,Sugars,#REF!,Col0,MF,3OMG,Rep 2,28,D07,NA,9.47
79,Sugars,#REF!,Col0,MF,3OMG,Rep 2,29,D07,NA,9.93
80,Sugars,#REF!,Col0,MF,3OMG,Rep 2,30,D07,NA,5.63
81,Sugars,#REF!,Col0,MF,3OMG,Rep 2,31,D07,NA,12.46
82,Sugars,#REF!,Col0,MF,3OMG,Rep 2,32,D07,NA,10.73
83,Sugars,#REF!,Col0,MF,3OMG,Rep 2,33,D07,NA,9.93
84,Sugars,#REF!,Col0,MF,3OMG,Rep 2,34,D07,NA,10.34
85,Sugars,#REF!,Col0,MF,3OMG,Rep 2,35,D07,NA,11.42
86,Sugars,#REF!,Col0,MF,3OMG,Rep 2,36,D07,NA,10.33
87,Sugars,#REF!,Col0,MF,3OMG,Rep 2,37,D07,NA,9.96
88,Sugars,#REF!,Col0,MF,3OMG,Rep 2,38,D07,NA,12.36
89,Sugars,#REF!,Col0,MF,3OMG,Rep 2,39,D07,NA,15.63
90,Sugars,#REF!,Col0,MF,3OMG,Rep 2,40,D07,NA,4.38
91,Sugars,#REF!,Col0,MF,3OMG,Rep 2,41,D07,NA,4.42
92,Sugars,#REF!,Col0,MF,3OMG,Rep 2,42,D07,NA,9.58
93,Sugars,#REF!,Col0,MF,3OMG,Rep 2,43,D07,NA,7.16
94,Sugars,#REF!,Col0,MF,3OMG,Rep 2,44,D07,NA,9.6
95,Sugars,#REF!,Col0,MF,3OMG,Rep 2,45,D07,NA,9.61
96,Sugars,#REF!,Col0,MF,3OMG,Rep 2,46,D07,NA,9.58
97,Sugars,#REF!,Col0,MF,3OMG,Rep 2,47,D07,NA,9.8
101,Sugars,#REF!,HXK1,MF,Water,Rep 2,1,D07,NA,5.17
102,Sugars,#REF!,HXK1,MF,Water,Rep 2,2,D07,NA,5.28
103,Sugars,#REF!,HXK1,MF,Water,Rep 2,3,D07,NA,0.52
104,Sugars,#REF!,HXK1,MF,Water,Rep 2,4,D07,NA,1.4
105,Sugars,#REF!,HXK1,MF,Water,Rep 2,5,D07,NA,2.07
106,Sugars,#REF!,HXK1,MF,Water,Rep 2,6,D07,NA,5.46
107,Sugars,#REF!,HXK1,MF,Water,Rep 2,7,D07,NA,3.2
108,Sugars,#REF!,HXK1,MF,Water,Rep 2,8,D07,NA,0.58
109,Sugars,#REF!,HXK1,MF,Water,Rep 2,9,D07,NA,0.58
110,Sugars,#REF!,HXK1,MF,Water,Rep 2,10,D07,NA,2.22
111,Sugars,#REF!,HXK1,MF,Water,Rep 2,11,D07,NA,2.1
112,Sugars,#REF!,HXK1,MF,Water,Rep 2,12,D07,NA,2.86
113,Sugars,#REF!,HXK1,MF,Water,Rep 2,13,D07,NA,2.98
114,Sugars,#REF!,HXK1,MF,Water,Rep 2,14,D07,NA,1.21
115,Sugars,#REF!,HXK1,MF,Water,Rep 2,15,D07,NA,1.24
116,Sugars,#REF!,HXK1,MF,Water,Rep 2,16,D07,NA,0.5
117,Sugars,#REF!,HXK1,MF,Water,Rep 2,17,D07,NA,1.42
118,Sugars,#REF!,HXK1,MF,Water,Rep 2,18,D07,NA,2.76
119,Sugars,#REF!,HXK1,MF,Water,Rep 2,19,D07,NA,0.59
120,Sugars,#REF!,HXK1,MF,Water,Rep 2,20,D07,NA,3.23
121,Sugars,#REF!,HXK1,MF,Water,Rep 2,21,D07,NA,1.36
122,Sugars,#REF!,HXK1,MF,Water,Rep 2,22,D07,NA,3.73
123,Sugars,#REF!,HXK1,MF,Water,Rep 2,23,D07,NA,3.78
124,Sugars,#REF!,HXK1,MF,Water,Rep 2,24,D07,NA,1.09
125,Sugars,#REF!,HXK1,MF,Water,Rep 2,25,D07,NA,8.49
126,Sugars,#REF!,HXK1,MF,Water,Rep 2,26,D07,NA,4.74
127,Sugars,#REF!,HXK1,MF,Water,Rep 2,27,D07,NA,5.04
128,Sugars,#REF!,HXK1,MF,Water,Rep 2,28,D07,NA,0.6
129,Sugars,#REF!,HXK1,MF,Water,Rep 2,29,D07,NA,2
130,Sugars,#REF!,HXK1,MF,Water,Rep 2,30,D07,NA,0.63
131,Sugars,#REF!,HXK1,MF,Water,Rep 2,31,D07,NA,4.76
132,Sugars,#REF!,HXK1,MF,Water,Rep 2,32,D07,NA,1.14
133,Sugars,#REF!,HXK1,MF,Water,Rep 2,33,D07,NA,2.44
134,Sugars,#REF!,HXK1,MF,Water,Rep 2,34,D07,NA,1.61
135,Sugars,#REF!,HXK1,MF,Water,Rep 2,35,D07,NA,2.38
136,Sugars,#REF!,HXK1,MF,Water,Rep 2,36,D07,NA,1.82
137,Sugars,#REF!,HXK1,MF,Water,Rep 2,37,D07,NA,2.48
138,Sugars,#REF!,HXK1,MF,Water,Rep 2,38,D07,NA,1.9
139,Sugars,#REF!,HXK1,MF,Water,Rep 2,39,D07,NA,4.47
140,Sugars,#REF!,HXK1,MF,Water,Rep 2,40,D07,NA,3.06
141,Sugars,#REF!,HXK1,MF,Water,Rep 2,41,D07,NA,9.25
142,Sugars,#REF!,HXK1,MF,Water,Rep 2,42,D07,NA,8.5
143,Sugars,#REF!,HXK1,MF,Water,Rep 2,43,D07,NA,12.63
144,Sugars,#REF!,HXK1,MF,Water,Rep 2,44,D07,NA,2.43
145,Sugars,#REF!,HXK1,MF,Water,Rep 2,45,D07,NA,1.72
146,Sugars,#REF!,HXK1,MF,Water,Rep 2,46,D07,NA,0.79
147,Sugars,#REF!,HXK1,MF,Water,Rep 2,47,D07,NA,0.56
148,Sugars,#REF!,HXK1,MF,Water,Rep 2,48,D07,NA,0.61
149,Sugars,#REF!,HXK1,MF,Water,Rep 2,49,D07,NA,2.07
150,Sugars,#REF!,HXK1,MF,Water,Rep 2,50,D07,NA,8.68
151,Sugars,#REF!,HXK1,MF,3OMG,Rep 2,1,D07,NA,3.86
152,Sugars,#REF!,HXK1,MF,3OMG,Rep 2,2,D07,NA,2.99
153,Sugars,#REF!,HXK1,MF,3OMG,Rep 2,3,D07,NA,3.39
154,Sugars,#REF!,HXK1,MF,3OMG,Rep 2,4,D07,NA,2.14
155,Sugars,#REF!,HXK1,MF,3OMG,Rep 2,5,D07,NA,2.73
156,Sugars,#REF!,HXK1,MF,3OMG,Rep 2,6,D07,NA,1.34
157,Sugars,#REF!,HXK1,MF,3OMG,Rep 2,7,D07,NA,3.88
158,Sugars,#REF!,HXK1,MF,3OMG,Rep 2,8,D07,NA,6.66
159,Sugars,#REF!,HXK1,MF,3OMG,Rep 2,9,D07,NA,4.25
160,Sugars,#REF!,HXK1,MF,3OMG,Rep 2,10,D07,NA,1.25
161,Sugars,#REF!,HXK1,MF,3OMG,Rep 2,11,D07,NA,1.48
162,Sugars,#REF!,HXK1,MF,3OMG,Rep 2,12,D07,NA,1.9
163,Sugars,#REF!,HXK1,MF,3OMG,Rep 2,13,D07,NA,2.8
164,Sugars,#REF!,HXK1,MF,3OMG,Rep 2,14,D07,NA,4.15
165,Sugars,#REF!,HXK1,MF,3OMG,Rep 2,15,D07,NA,3.15
166,Sugars,#REF!,HXK1,MF,3OMG,Rep 2,16,D07,NA,2.12
167,Sugars,#REF!,HXK1,MF,3OMG,Rep 2,17,D07,NA,0.79
168,Sugars,#REF!,HXK1,MF,3OMG,Rep 2,18,D07,NA,1.36
169,Sugars,#REF!,HXK1,MF,3OMG,Rep 2,19,D07,NA,2.56
170,Sugars,#REF!,HXK1,MF,3OMG,Rep 2,20,D07,NA,0.63
171,Sugars,#REF!,HXK1,MF,3OMG,Rep 2,21,D07,NA,1.02
172,Sugars,#REF!,HXK1,MF,3OMG,Rep 2,22,D07,NA,0.76
173,Sugars,#REF!,HXK1,MF,3OMG,Rep 2,23,D07,NA,1.02
174,Sugars,#REF!,HXK1,MF,3OMG,Rep 2,24,D07,NA,3.77
175,Sugars,#REF!,HXK1,MF,3OMG,Rep 2,25,D07,NA,1.98
176,Sugars,#REF!,HXK1,MF,3OMG,Rep 2,26,D07,NA,1.69
177,Sugars,#REF!,HXK1,MF,3OMG,Rep 2,27,D07,NA,1.32
178,Sugars,#REF!,HXK1,MF,3OMG,Rep 2,28,D07,NA,2.81
179,Sugars,#REF!,HXK1,MF,3OMG,Rep 2,29,D07,NA,2.22
180,Sugars,#REF!,HXK1,MF,3OMG,Rep 2,30,D07,NA,0.7
181,Sugars,#REF!,HXK1,MF,3OMG,Rep 2,31,D07,NA,1.85
182,Sugars,#REF!,HXK1,MF,3OMG,Rep 2,32,D07,NA,1.76
183,Sugars,#REF!,HXK1,MF,3OMG,Rep 2,33,D07,NA,1.1
184,Sugars,#REF!,HXK1,MF,3OMG,Rep 2,34,D07,NA,3.99
185,Sugars,#REF!,HXK1,MF,3OMG,Rep 2,35,D07,NA,1.11
186,Sugars,#REF!,TOR,MF,3OMG,Rep 2,36,D07,NA,2.02
187,Sugars,#REF!,HXK1,MF,3OMG,Rep 2,37,D07,NA,1.86
188,Sugars,#REF!,HXK1,MF,3OMG,Rep 2,38,D07,NA,2.1
189,Sugars,#REF!,HXK1,MF,3OMG,Rep 2,39,D07,NA,2.01
190,Sugars,#REF!,HXK1,MF,3OMG,Rep 2,40,D07,NA,2.63
191,Sugars,#REF!,HXK1,MF,3OMG,Rep 2,41,D07,NA,2.96
192,Sugars,#REF!,HXK1,MF,3OMG,Rep 2,42,D07,NA,0.83
193,Sugars,#REF!,HXK1,MF,3OMG,Rep 2,43,D07,NA,0.74
194,Sugars,#REF!,HXK1,MF,3OMG,Rep 2,44,D07,NA,3.32
195,Sugars,#REF!,HXK1,MF,3OMG,Rep 2,45,D07,NA,3.48
196,Sugars,#REF!,HXK1,MF,3OMG,Rep 2,46,D07,NA,3.29
197,Sugars,#REF!,HXK1,MF,3OMG,Rep 2,47,D07,NA,1.27
198,Sugars,#REF!,HXK1,MF,3OMG,Rep 2,48,D07,NA,1.26
199,Sugars,#REF!,HXK1,MF,3OMG,Rep 2,49,D07,NA,1.44
200,Sugars,#REF!,HXK1,MF,3OMG,Rep 2,50,D07,NA,4.46
201,Sugars,#REF!,TOR,MF,Water,Rep 2,1,D07,NA,11.09
202,Sugars,#REF!,TOR,MF,Water,Rep 2,2,D07,NA,12.85
203,Sugars,#REF!,TOR,MF,Water,Rep 2,3,D07,NA,11.49
204,Sugars,#REF!,TOR,MF,Water,Rep 2,4,D07,NA,13.17
205,Sugars,#REF!,TOR,MF,Water,Rep 2,5,D07,NA,13.25
206,Sugars,#REF!,TOR,MF,Water,Rep 2,6,D07,NA,8.44
207,Sugars,#REF!,TOR,MF,Water,Rep 2,7,D07,NA,11.39
208,Sugars,#REF!,TOR,MF,Water,Rep 2,8,D07,NA,12.78
209,Sugars,#REF!,TOR,MF,Water,Rep 2,9,D07,NA,10.3
210,Sugars,#REF!,TOR,MF,Water,Rep 2,10,D07,NA,15.6
211,Sugars,#REF!,TOR,MF,Water,Rep 2,11,D07,NA,16.06
212,Sugars,#REF!,TOR,MF,Water,Rep 2,12,D07,NA,15.12
213,Sugars,#REF!,TOR,MF,Water,Rep 2,13,D07,NA,11.38
214,Sugars,#REF!,TOR,MF,Water,Rep 2,14,D07,NA,6.04
215,Sugars,#REF!,TOR,MF,Water,Rep 2,15,D07,NA,10.84
216,Sugars,#REF!,TOR,MF,Water,Rep 2,16,D07,NA,10.08
217,Sugars,#REF!,TOR,MF,Water,Rep 2,17,D07,NA,10.29
218,Sugars,#REF!,TOR,MF,Water,Rep 2,18,D07,NA,10.11
219,Sugars,#REF!,TOR,MF,Water,Rep 2,19,D07,NA,9.1
220,Sugars,#REF!,TOR,MF,Water,Rep 2,20,D07,NA,13.2
221,Sugars,#REF!,TOR,MF,Water,Rep 2,21,D07,NA,13.69
222,Sugars,#REF!,TOR,MF,Water,Rep 2,22,D07,NA,10.21
223,Sugars,#REF!,TOR,MF,Water,Rep 2,23,D07,NA,11.55
224,Sugars,#REF!,TOR,MF,Water,Rep 2,24,D07,NA,9.7
225,Sugars,#REF!,TOR,MF,Water,Rep 2,25,D07,NA,7.36
226,Sugars,#REF!,TOR,MF,Water,Rep 2,26,D07,NA,7.62
227,Sugars,#REF!,TOR,MF,Water,Rep 2,27,D07,NA,1.07
228,Sugars,#REF!,TOR,MF,Water,Rep 2,28,D07,NA,9.31
229,Sugars,#REF!,TOR,MF,Water,Rep 2,29,D07,NA,10.05
230,Sugars,#REF!,TOR,MF,Water,Rep 2,30,D07,NA,11.27
231,Sugars,#REF!,TOR,MF,Water,Rep 2,31,D07,NA,8.63
232,Sugars,#REF!,TOR,MF,Water,Rep 2,32,D07,NA,11.66
233,Sugars,#REF!,TOR,MF,Water,Rep 2,33,D07,NA,7.95
234,Sugars,#REF!,TOR,MF,Water,Rep 2,34,D07,NA,13.37
235,Sugars,#REF!,TOR,MF,Water,Rep 2,35,D07,NA,11.15
236,Sugars,#REF!,TOR,MF,Water,Rep 2,36,D07,NA,13.05
237,Sugars,#REF!,TOR,MF,Water,Rep 2,37,D07,NA,9.65
238,Sugars,#REF!,TOR,MF,Water,Rep 2,38,D07,NA,8.92
239,Sugars,#REF!,TOR,MF,Water,Rep 2,39,D07,NA,5.42
240,Sugars,#REF!,TOR,MF,Water,Rep 2,40,D07,NA,6.12
241,Sugars,#REF!,TOR,MF,Water,Rep 2,41,D07,NA,8.82
242,Sugars,#REF!,TOR,MF,Water,Rep 2,42,D07,NA,11.89
243,Sugars,#REF!,TOR,MF,Water,Rep 2,43,D07,NA,10.73
244,Sugars,#REF!,TOR,MF,Water,Rep 2,44,D07,NA,2.89
245,Sugars,#REF!,TOR,MF,Water,Rep 2,45,D07,NA,4.41
246,Sugars,#REF!,TOR,MF,Water,Rep 2,46,D07,NA,6.87
247,Sugars,#REF!,TOR,MF,Water,Rep 2,47,D07,NA,15.75
248,Sugars,#REF!,TOR,MF,Water,Rep 2,48,D07,NA,9.37
249,Sugars,#REF!,TOR,MF,Water,Rep 2,49,D07,NA,6.06
250,Sugars,#REF!,TOR,MF,Water,Rep 2,50,D07,NA,11.74
251,Sugars,#REF!,TOR,MF,3OMG,Rep 2,1,D07,NA,10.24
252,Sugars,#REF!,TOR,MF,3OMG,Rep 2,2,D07,NA,10.75
253,Sugars,#REF!,TOR,MF,3OMG,Rep 2,3,D07,NA,12.8
254,Sugars,#REF!,TOR,MF,3OMG,Rep 2,4,D07,NA,10.57
255,Sugars,#REF!,TOR,MF,3OMG,Rep 2,5,D07,NA,9.33
256,Sugars,#REF!,TOR,MF,3OMG,Rep 2,6,D07,NA,9.1
257,Sugars,#REF!,TOR,MF,3OMG,Rep 2,7,D07,NA,8.73
258,Sugars,#REF!,TOR,MF,3OMG,Rep 2,8,D07,NA,10.52
259,Sugars,#REF!,TOR,MF,3OMG,Rep 2,9,D07,NA,9
260,Sugars,#REF!,TOR,MF,3OMG,Rep 2,10,D07,NA,13.34
261,Sugars,#REF!,TOR,MF,3OMG,Rep 2,11,D07,NA,10.08
262,Sugars,#REF!,TOR,MF,3OMG,Rep 2,12,D07,NA,10.5
263,Sugars,#REF!,TOR,MF,3OMG,Rep 2,13,D07,NA,9.96
264,Sugars,#REF!,TOR,MF,3OMG,Rep 2,14,D07,NA,13.29
265,Sugars,#REF!,TOR,MF,3OMG,Rep 2,15,D07,NA,10.96
266,Sugars,#REF!,TOR,MF,3OMG,Rep 2,16,D07,NA,10
267,Sugars,#REF!,TOR,MF,3OMG,Rep 2,17,D07,NA,10.1
268,Sugars,#REF!,TOR,MF,3OMG,Rep 2,18,D07,NA,9.23
269,Sugars,#REF!,TOR,MF,3OMG,Rep 2,19,D07,NA,10
270,Sugars,#REF!,TOR,MF,3OMG,Rep 2,20,D07,NA,13.37
271,Sugars,#REF!,TOR,MF,3OMG,Rep 2,21,D07,NA,7.54
272,Sugars,#REF!,TOR,MF,3OMG,Rep 2,22,D07,NA,7.96
273,Sugars,#REF!,TOR,MF,3OMG,Rep 2,23,D07,NA,9.54
274,Sugars,#REF!,TOR,MF,3OMG,Rep 2,24,D07,NA,9.93
275,Sugars,#REF!,TOR,MF,3OMG,Rep 2,25,D07,NA,8.21
276,Sugars,#REF!,TOR,MF,3OMG,Rep 2,26,D07,NA,14.98
277,Sugars,#REF!,TOR,MF,3OMG,Rep 2,27,D07,NA,6.67
278,Sugars,#REF!,TOR,MF,3OMG,Rep 2,28,D07,NA,8.1
279,Sugars,#REF!,TOR,MF,3OMG,Rep 2,29,D07,NA,7.61
280,Sugars,#REF!,TOR,MF,3OMG,Rep 2,30,D07,NA,11.8
281,Sugars,#REF!,TOR,MF,3OMG,Rep 2,31,D07,NA,11.24
282,Sugars,#REF!,TOR,MF,3OMG,Rep 2,32,D07,NA,10.31
283,Sugars,#REF!,TOR,MF,3OMG,Rep 2,33,D07,NA,10.68
284,Sugars,#REF!,TOR,MF,3OMG,Rep 2,34,D07,NA,3.56
285,Sugars,#REF!,TOR,MF,3OMG,Rep 2,35,D07,NA,9.75
286,Sugars,#REF!,TOR,MF,3OMG,Rep 2,36,D07,NA,10.35
287,Sugars,#REF!,TOR,MF,3OMG,Rep 2,37,D07,NA,11.43
288,Sugars,#REF!,TOR,MF,3OMG,Rep 2,38,D07,NA,6.24
289,Sugars,#REF!,TOR,MF,3OMG,Rep 2,39,D07,NA,8.61
290,Sugars,#REF!,TOR,MF,3OMG,Rep 2,40,D07,NA,9.11
291,Sugars,#REF!,TOR,MF,3OMG,Rep 2,41,D07,NA,8.75
292,Sugars,#REF!,TOR,MF,3OMG,Rep 2,42,D07,NA,7.92
293,Sugars,#REF!,TOR,MF,3OMG,Rep 2,43,D07,NA,8.01
294,Sugars,#REF!,TOR,MF,3OMG,Rep 2,44,D07,NA,6.69
295,Sugars,#REF!,TOR,MF,3OMG,Rep 2,45,D07,NA,9.66
296,Sugars,#REF!,TOR,MF,3OMG,Rep 2,46,D07,NA,9.89
297,Sugars,#REF!,TOR,MF,3OMG,Rep 2,47,D07,NA,10.92
298,Sugars,#REF!,TOR,MF,3OMG,Rep 2,48,D07,NA,10.6
299,Sugars,#REF!,TOR,MF,3OMG,Rep 2,49,D07,NA,12.83
300,Sugars,#REF!,TOR,MF,3OMG,Rep 2,50,D07,NA,10.36
301,Sugars,#REF!,RAPTOR1A,MF,Water,Rep 2,1,D07,NA,17.31
302,Sugars,#REF!,RAPTOR1A,MF,Water,Rep 2,2,D07,NA,16.52
303,Sugars,#REF!,RAPTOR1A,MF,Water,Rep 2,3,D07,NA,10.58
304,Sugars,#REF!,RAPTOR1A,MF,Water,Rep 2,4,D07,NA,14.1
305,Sugars,#REF!,RAPTOR1A,MF,Water,Rep 2,5,D07,NA,13.71
306,Sugars,#REF!,RAPTOR1A,MF,Water,Rep 2,6,D07,NA,12.04
307,Sugars,#REF!,RAPTOR1A,MF,Water,Rep 2,7,D07,NA,11.58
308,Sugars,#REF!,RAPTOR1A,MF,Water,Rep 2,8,D07,NA,13.14
309,Sugars,#REF!,RAPTOR1A,MF,Water,Rep 2,9,D07,NA,9.11
310,Sugars,#REF!,RAPTOR1A,MF,Water,Rep 2,10,D07,NA,12.45
311,Sugars,#REF!,RAPTOR1A,MF,Water,Rep 2,11,D07,NA,13.12
312,Sugars,#REF!,RAPTOR1A,MF,Water,Rep 2,12,D07,NA,10.33
313,Sugars,#REF!,RAPTOR1A,MF,Water,Rep 2,13,D07,NA,15.81
314,Sugars,#REF!,RAPTOR1A,MF,Water,Rep 2,14,D07,NA,7.31
315,Sugars,#REF!,RAPTOR1A,MF,Water,Rep 2,15,D07,NA,9.77
316,Sugars,#REF!,RAPTOR1A,MF,Water,Rep 2,16,D07,NA,15.39
317,Sugars,#REF!,RAPTOR1A,MF,Water,Rep 2,17,D07,NA,11.25
318,Sugars,#REF!,RAPTOR1A,MF,Water,Rep 2,18,D07,NA,14.67
319,Sugars,#REF!,RAPTOR1A,MF,Water,Rep 2,19,D07,NA,17.57
320,Sugars,#REF!,RAPTOR1A,MF,Water,Rep 2,20,D07,NA,12.82
321,Sugars,#REF!,RAPTOR1A,MF,Water,Rep 2,21,D07,NA,14.74
322,Sugars,#REF!,RAPTOR1A,MF,Water,Rep 2,22,D07,NA,14.98
323,Sugars,#REF!,RAPTOR1A,MF,Water,Rep 2,23,D07,NA,8.98
324,Sugars,#REF!,RAPTOR1A,MF,Water,Rep 2,24,D07,NA,12.17
325,Sugars,#REF!,RAPTOR1A,MF,Water,Rep 2,25,D07,NA,10.58
326,Sugars,#REF!,RAPTOR1A,MF,Water,Rep 2,26,D07,NA,10.89
327,Sugars,#REF!,RAPTOR1A,MF,Water,Rep 2,27,D07,NA,15.35
328,Sugars,#REF!,RAPTOR1A,MF,Water,Rep 2,28,D07,NA,13.27
329,Sugars,#REF!,RAPTOR1A,MF,Water,Rep 2,29,D07,NA,13.8
330,Sugars,#REF!,RAPTOR1A,MF,Water,Rep 2,30,D07,NA,14.67
331,Sugars,#REF!,RAPTOR1A,MF,Water,Rep 2,31,D07,NA,1.86
332,Sugars,#REF!,RAPTOR1A,MF,Water,Rep 2,32,D07,NA,15.43
333,Sugars,#REF!,RAPTOR1A,MF,Water,Rep 2,33,D07,NA,2.82
334,Sugars,#REF!,RAPTOR1A,MF,Water,Rep 2,34,D07,NA,9.6
335,Sugars,#REF!,RAPTOR1A,MF,Water,Rep 2,35,D07,NA,12.75
336,Sugars,#REF!,RAPTOR1A,MF,Water,Rep 2,36,D07,NA,16.06
337,Sugars,#REF!,RAPTOR1A,MF,Water,Rep 2,37,D07,NA,11.63
338,Sugars,#REF!,RAPTOR1A,MF,Water,Rep 2,38,D07,NA,15.15
339,Sugars,#REF!,RAPTOR1A,MF,Water,Rep 2,39,D07,NA,6
340,Sugars,#REF!,RAPTOR1A,MF,Water,Rep 2,40,D07,NA,14.37
341,Sugars,#REF!,RAPTOR1A,MF,Water,Rep 2,41,D07,NA,9.78
342,Sugars,#REF!,RAPTOR1A,MF,Water,Rep 2,42,D07,NA,11.21
343,Sugars,#REF!,RAPTOR1A,MF,Water,Rep 2,43,D07,NA,16.76
344,Sugars,#REF!,RAPTOR1A,MF,Water,Rep 2,44,D07,NA,14.25
345,Sugars,#REF!,RAPTOR1A,MF,Water,Rep 2,45,D07,NA,13.99
346,Sugars,#REF!,RAPTOR1A,MF,Water,Rep 2,46,D07,NA,13.28
347,Sugars,#REF!,RAPTOR1A,MF,Water,Rep 2,47,D07,NA,11.17
348,Sugars,#REF!,RAPTOR1A,MF,Water,Rep 2,48,D07,NA,12.27
349,Sugars,#REF!,RAPTOR1A,MF,Water,Rep 2,49,D07,NA,16.81
350,Sugars,#REF!,RAPTOR1A,MF,Water,Rep 2,50,D07,NA,11.19
351,Sugars,#REF!,RAPTOR1A,MF,3OMG,Rep 2,1,D07,NA,10.34
352,Sugars,#REF!,RAPTOR1A,MF,3OMG,Rep 2,2,D07,NA,13.08
353,Sugars,#REF!,RAPTOR1A,MF,3OMG,Rep 2,3,D07,NA,11.69
354,Sugars,#REF!,RAPTOR1A,MF,3OMG,Rep 2,4,D07,NA,13.09
355,Sugars,#REF!,RAPTOR1A,MF,3OMG,Rep 2,5,D07,NA,12.87
356,Sugars,#REF!,RAPTOR1A,MF,3OMG,Rep 2,6,D07,NA,11.01
357,Sugars,#REF!,RAPTOR1A,MF,3OMG,Rep 2,7,D07,NA,11.93
358,Sugars,#REF!,RAPTOR1A,MF,3OMG,Rep 2,8,D07,NA,13.11
359,Sugars,#REF!,RAPTOR1A,MF,3OMG,Rep 2,9,D07,NA,9.76
360,Sugars,#REF!,RAPTOR1A,MF,3OMG,Rep 2,10,D07,NA,11.08
361,Sugars,#REF!,RAPTOR1A,MF,3OMG,Rep 2,11,D07,NA,14.16
362,Sugars,#REF!,RAPTOR1A,MF,3OMG,Rep 2,12,D07,NA,12.42
363,Sugars,#REF!,RAPTOR1A,MF,3OMG,Rep 2,13,D07,NA,8.75
364,Sugars,#REF!,RAPTOR1A,MF,3OMG,Rep 2,14,D07,NA,12.98
365,Sugars,#REF!,RAPTOR1A,MF,3OMG,Rep 2,15,D07,NA,11.82
366,Sugars,#REF!,RAPTOR1A,MF,3OMG,Rep 2,16,D07,NA,14.94
367,Sugars,#REF!,RAPTOR1A,MF,3OMG,Rep 2,17,D07,NA,10.47
368,Sugars,#REF!,RAPTOR1A,MF,3OMG,Rep 2,18,D07,NA,9.2
369,Sugars,#REF!,RAPTOR1A,MF,3OMG,Rep 2,19,D07,NA,10.89
370,Sugars,#REF!,RAPTOR1A,MF,3OMG,Rep 2,20,D07,NA,14.49
371,Sugars,#REF!,RAPTOR1A,MF,3OMG,Rep 2,21,D07,NA,13.14
372,Sugars,#REF!,RAPTOR1A,MF,3OMG,Rep 2,22,D07,NA,12.26
373,Sugars,#REF!,RAPTOR1A,MF,3OMG,Rep 2,23,D07,NA,13
374,Sugars,#REF!,RAPTOR1A,MF,3OMG,Rep 2,24,D07,NA,12.76
375,Sugars,#REF!,RAPTOR1A,MF,3OMG,Rep 2,25,D07,NA,10.31
376,Sugars,#REF!,RAPTOR1A,MF,3OMG,Rep 2,26,D07,NA,10.37
377,Sugars,#REF!,RAPTOR1A,MF,3OMG,Rep 2,27,D07,NA,12.84
378,Sugars,#REF!,RAPTOR1A,MF,3OMG,Rep 2,28,D07,NA,13.12
379,Sugars,#REF!,RAPTOR1A,MF,3OMG,Rep 2,29,D07,NA,13.22
380,Sugars,#REF!,RAPTOR1A,MF,3OMG,Rep 2,30,D07,NA,12.47
381,Sugars,#REF!,RAPTOR1A,MF,3OMG,Rep 2,31,D07,NA,8.19
382,Sugars,#REF!,RAPTOR1A,MF,3OMG,Rep 2,32,D07,NA,10.16
383,Sugars,#REF!,RAPTOR1A,MF,3OMG,Rep 2,33,D07,NA,13.51
384,Sugars,#REF!,RAPTOR1A,MF,3OMG,Rep 2,34,D07,NA,5.49
385,Sugars,#REF!,RAPTOR1A,MF,3OMG,Rep 2,35,D07,NA,14.28
386,Sugars,#REF!,RAPTOR1A,MF,3OMG,Rep 2,36,D07,NA,11.97
387,Sugars,#REF!,RAPTOR1A,MF,3OMG,Rep 2,37,D07,NA,14.18
388,Sugars,#REF!,RAPTOR1A,MF,3OMG,Rep 2,38,D07,NA,10.45
389,Sugars,#REF!,RAPTOR1A,MF,3OMG,Rep 2,39,D07,NA,12.61
390,Sugars,#REF!,RAPTOR1A,MF,3OMG,Rep 2,40,D07,NA,10.85
391,Sugars,#REF!,RAPTOR1A,MF,3OMG,Rep 2,41,D07,NA,10.95
392,Sugars,#REF!,RAPTOR1A,MF,3OMG,Rep 2,42,D07,NA,10
393,Sugars,#REF!,RAPTOR1A,MF,3OMG,Rep 2,43,D07,NA,7.13
394,Sugars,#REF!,RAPTOR1A,MF,3OMG,Rep 2,44,D07,NA,11
395,Sugars,#REF!,RAPTOR1A,MF,3OMG,Rep 2,45,D07,NA,8.79
396,Sugars,#REF!,RAPTOR1A,MF,3OMG,Rep 2,46,D07,NA,11.69
397,Sugars,#REF!,RAPTOR1A,MF,3OMG,Rep 2,47,D07,NA,11.85
398,Sugars,#REF!,RAPTOR1A,MF,3OMG,Rep 2,48,D07,NA,13.74
399,Sugars,#REF!,RAPTOR1A,MF,3OMG,Rep 2,49,D07,NA,8.53
400,Sugars,#REF!,RAPTOR1A,MF,3OMG,Rep 2,50,D07,NA,10.97
401,Sugars,#REF!,STP1_13,MF,Water,Rep 2,1,D07,NA,14.04
402,Sugars,#REF!,STP1_13,MF,Water,Rep 2,2,D07,NA,10.31
403,Sugars,#REF!,STP1_13,MF,Water,Rep 2,3,D07,NA,10.26
404,Sugars,#REF!,STP1_13,MF,Water,Rep 2,4,D07,NA,12.01
405,Sugars,#REF!,STP1_13,MF,Water,Rep 2,5,D07,NA,2.8
406,Sugars,#REF!,STP1_13,MF,Water,Rep 2,6,D07,NA,12.29
407,Sugars,#REF!,STP1_13,MF,Water,Rep 2,7,D07,NA,13.05
408,Sugars,#REF!,STP1_13,MF,Water,Rep 2,8,D07,NA,8.65
409,Sugars,#REF!,STP1_13,MF,Water,Rep 2,9,D07,NA,15.11
410,Sugars,#REF!,STP1_13,MF,Water,Rep 2,10,D07,NA,9.31
411,Sugars,#REF!,STP1_13,MF,Water,Rep 2,11,D07,NA,9.67
412,Sugars,#REF!,STP1_13,MF,Water,Rep 2,12,D07,NA,11.73
413,Sugars,#REF!,STP1_13,MF,Water,Rep 2,13,D07,NA,8.62
414,Sugars,#REF!,STP1_13,MF,Water,Rep 2,14,D07,NA,13.32
415,Sugars,#REF!,STP1_13,MF,Water,Rep 2,15,D07,NA,12.43
416,Sugars,#REF!,STP1_13,MF,Water,Rep 2,16,D07,NA,1.5
417,Sugars,#REF!,STP1_13,MF,Water,Rep 2,17,D07,NA,4.14
418,Sugars,#REF!,STP1_13,MF,Water,Rep 2,18,D07,NA,7.2
419,Sugars,#REF!,STP1_13,MF,Water,Rep 2,19,D07,NA,12.72
420,Sugars,#REF!,STP1_13,MF,Water,Rep 2,20,D07,NA,5.96
421,Sugars,#REF!,STP1_13,MF,Water,Rep 2,21,D07,NA,6.92
422,Sugars,#REF!,STP1_13,MF,Water,Rep 2,22,D07,NA,1.49
423,Sugars,#REF!,STP1_13,MF,Water,Rep 2,23,D07,NA,9.36
424,Sugars,#REF!,STP1_13,MF,Water,Rep 2,24,D07,NA,9.57
425,Sugars,#REF!,STP1_13,MF,Water,Rep 2,25,D07,NA,1.24
426,Sugars,#REF!,STP1_13,MF,Water,Rep 2,26,D07,NA,13.3
427,Sugars,#REF!,STP1_13,MF,Water,Rep 2,27,D07,NA,1.82
428,Sugars,#REF!,STP1_13,MF,Water,Rep 2,28,D07,NA,11.53
429,Sugars,#REF!,STP1_13,MF,Water,Rep 2,29,D07,NA,7.8
430,Sugars,#REF!,STP1_13,MF,Water,Rep 2,30,D07,NA,3.67
431,Sugars,#REF!,STP1_13,MF,Water,Rep 2,31,D07,NA,9.49
432,Sugars,#REF!,STP1_13,MF,Water,Rep 2,32,D07,NA,4.38
433,Sugars,#REF!,STP1_13,MF,Water,Rep 2,33,D07,NA,12.4
434,Sugars,#REF!,STP1_13,MF,Water,Rep 2,34,D07,NA,8.88
435,Sugars,#REF!,STP1_13,MF,Water,Rep 2,35,D07,NA,13.99
436,Sugars,#REF!,STP1_13,MF,Water,Rep 2,36,D07,NA,7.94
437,Sugars,#REF!,STP1_13,MF,Water,Rep 2,37,D07,NA,9.9
438,Sugars,#REF!,STP1_13,MF,Water,Rep 2,38,D07,NA,0.8
439,Sugars,#REF!,STP1_13,MF,Water,Rep 2,39,D07,NA,8.98
440,Sugars,#REF!,STP1_13,MF,Water,Rep 2,40,D07,NA,10.64
441,Sugars,#REF!,STP1_13,MF,Water,Rep 2,41,D07,NA,11.81
442,Sugars,#REF!,STP1_13,MF,Water,Rep 2,42,D07,NA,12.15
443,Sugars,#REF!,STP1_13,MF,Water,Rep 2,43,D07,NA,14.32
444,Sugars,#REF!,STP1_13,MF,Water,Rep 2,44,D07,NA,12.85
445,Sugars,#REF!,STP1_13,MF,Water,Rep 2,45,D07,NA,11.28
446,Sugars,#REF!,STP1_13,MF,Water,Rep 2,46,D07,NA,11.97
447,Sugars,#REF!,STP1_13,MF,Water,Rep 2,47,D07,NA,11.34
448,Sugars,#REF!,STP1_13,MF,Water,Rep 2,48,D07,NA,8.59
449,Sugars,#REF!,STP1_13,MF,Water,Rep 2,49,D07,NA,8.11
450,Sugars,#REF!,STP1_13,MF,Water,Rep 2,50,D07,NA,8.85
451,Sugars,#REF!,STP1_13,MF,3OMG,Rep 2,1,D07,NA,6.58
452,Sugars,#REF!,STP1_13,MF,3OMG,Rep 2,2,D07,NA,15.09
453,Sugars,#REF!,STP1_13,MF,3OMG,Rep 2,3,D07,NA,4.9
454,Sugars,#REF!,STP1_13,MF,3OMG,Rep 2,4,D07,NA,13.47
455,Sugars,#REF!,STP1_13,MF,3OMG,Rep 2,5,D07,NA,8.29
456,Sugars,#REF!,STP1_13,MF,3OMG,Rep 2,6,D07,NA,8.51
457,Sugars,#REF!,STP1_13,MF,3OMG,Rep 2,7,D07,NA,13.1
458,Sugars,#REF!,STP1_13,MF,3OMG,Rep 2,8,D07,NA,15.17
459,Sugars,#REF!,STP1_13,MF,3OMG,Rep 2,9,D07,NA,6.91
460,Sugars,#REF!,STP1_13,MF,3OMG,Rep 2,10,D07,NA,7.35
461,Sugars,#REF!,STP1_13,MF,3OMG,Rep 2,11,D07,NA,8.2
462,Sugars,#REF!,STP1_13,MF,3OMG,Rep 2,12,D07,NA,12.07
463,Sugars,#REF!,STP1_13,MF,3OMG,Rep 2,13,D07,NA,1.02
464,Sugars,#REF!,STP1_13,MF,3OMG,Rep 2,14,D07,NA,6.05
465,Sugars,#REF!,STP1_13,MF,3OMG,Rep 2,15,D07,NA,10.62
466,Sugars,#REF!,STP1_13,MF,3OMG,Rep 2,16,D07,NA,10.91
467,Sugars,#REF!,STP1_13,MF,3OMG,Rep 2,17,D07,NA,10.75
468,Sugars,#REF!,STP1_13,MF,3OMG,Rep 2,18,D07,NA,2.87
469,Sugars,#REF!,STP1_13,MF,3OMG,Rep 2,19,D07,NA,10.84
470,Sugars,#REF!,STP1_13,MF,3OMG,Rep 2,20,D07,NA,7.79
471,Sugars,#REF!,STP1_13,MF,3OMG,Rep 2,21,D07,NA,4.31
472,Sugars,#REF!,STP1_13,MF,3OMG,Rep 2,22,D07,NA,12.62
473,Sugars,#REF!,STP1_13,MF,3OMG,Rep 2,23,D07,NA,11.38
474,Sugars,#REF!,STP1_13,MF,3OMG,Rep 2,24,D07,NA,5.69
475,Sugars,#REF!,STP1_13,MF,3OMG,Rep 2,25,D07,NA,12.07
476,Sugars,#REF!,STP1_13,MF,3OMG,Rep 2,26,D07,NA,10.22
477,Sugars,#REF!,STP1_13,MF,3OMG,Rep 2,27,D07,NA,11.55
478,Sugars,#REF!,STP1_13,MF,3OMG,Rep 2,28,D07,NA,13.24
479,Sugars,#REF!,STP1_13,MF,3OMG,Rep 2,29,D07,NA,11
480,Sugars,#REF!,STP1_13,MF,3OMG,Rep 2,30,D07,NA,8.54
481,Sugars,#REF!,STP1_13,MF,3OMG,Rep 2,31,D07,NA,3.02
482,Sugars,#REF!,STP1_13,MF,3OMG,Rep 2,32,D07,NA,2.07
483,Sugars,#REF!,STP1_13,MF,3OMG,Rep 2,33,D07,NA,11.81
484,Sugars,#REF!,STP1_13,MF,3OMG,Rep 2,34,D07,NA,11.94
485,Sugars,#REF!,STP1_13,MF,3OMG,Rep 2,35,D07,NA,11.76
486,Sugars,#REF!,STP1_13,MF,3OMG,Rep 2,36,D07,NA,12.29
487,Sugars,#REF!,STP1_13,MF,3OMG,Rep 2,37,D07,NA,6.94
488,Sugars,#REF!,STP1_13,MF,3OMG,Rep 2,38,D07,NA,9.8
489,Sugars,#REF!,STP1_13,MF,3OMG,Rep 2,39,D07,NA,7.88
490,Sugars,#REF!,STP1_13,MF,3OMG,Rep 2,40,D07,NA,11.38
491,Sugars,#REF!,STP1_13,MF,3OMG,Rep 2,41,D07,NA,10.9
492,Sugars,#REF!,STP1_13,MF,3OMG,Rep 2,42,D07,NA,9.22
493,Sugars,#REF!,STP1_13,MF,3OMG,Rep 2,43,D07,NA,10.71
494,Sugars,#REF!,STP1_13,MF,3OMG,Rep 2,44,D07,NA,9.17
495,Sugars,#REF!,STP1_13,MF,3OMG,Rep 2,45,D07,NA,4.88
496,Sugars,#REF!,STP1_13,MF,3OMG,Rep 2,46,D07,NA,11.95
497,Sugars,#REF!,STP1_13,MF,3OMG,Rep 2,47,D07,NA,10.29
498,Sugars,#REF!,STP1_13,MF,3OMG,Rep 2,48,D07,NA,1.59
499,Sugars,#REF!,STP1_13,MF,3OMG,Rep 2,49,D07,NA,13.4
500,Sugars,#REF!,STP1_13,MF,3OMG,Rep 2,50,D07,NA,11.06
501,Sugars,#REF!,RAPTOR1B,MF,Water,Rep 2,1,D07,NA,13.2
502,Sugars,#REF!,RAPTOR1B,MF,Water,Rep 2,2,D07,NA,11.65
503,Sugars,#REF!,RAPTOR1B,MF,Water,Rep 2,3,D07,NA,12.88
504,Sugars,#REF!,RAPTOR1B,MF,Water,Rep 2,4,D07,NA,12.78
505,Sugars,#REF!,RAPTOR1B,MF,Water,Rep 2,5,D07,NA,12.46
506,Sugars,#REF!,RAPTOR1B,MF,Water,Rep 2,6,D07,NA,10.11
507,Sugars,#REF!,RAPTOR1B,MF,Water,Rep 2,7,D07,NA,2.44
508,Sugars,#REF!,RAPTOR1B,MF,Water,Rep 2,8,D07,NA,14.43
509,Sugars,#REF!,RAPTOR1B,MF,Water,Rep 2,9,D07,NA,14.43
510,Sugars,#REF!,RAPTOR1B,MF,Water,Rep 2,10,D07,NA,15.67
511,Sugars,#REF!,RAPTOR1B,MF,Water,Rep 2,11,D07,NA,10.17
512,Sugars,#REF!,RAPTOR1B,MF,Water,Rep 2,12,D07,NA,10.34
513,Sugars,#REF!,RAPTOR1B,MF,Water,Rep 2,13,D07,NA,10.91
514,Sugars,#REF!,RAPTOR1B,MF,Water,Rep 2,14,D07,NA,1.32
515,Sugars,#REF!,RAPTOR1B,MF,Water,Rep 2,15,D07,NA,15.1
516,Sugars,#REF!,RAPTOR1B,MF,Water,Rep 2,16,D07,NA,15.58
517,Sugars,#REF!,RAPTOR1B,MF,Water,Rep 2,17,D07,NA,14.65
518,Sugars,#REF!,RAPTOR1B,MF,Water,Rep 2,18,D07,NA,9.47
519,Sugars,#REF!,RAPTOR1B,MF,Water,Rep 2,19,D07,NA,11
520,Sugars,#REF!,RAPTOR1B,MF,Water,Rep 2,20,D07,NA,12.96
521,Sugars,#REF!,RAPTOR1B,MF,Water,Rep 2,21,D07,NA,12.22
522,Sugars,#REF!,RAPTOR1B,MF,Water,Rep 2,22,D07,NA,14.1
523,Sugars,#REF!,RAPTOR1B,MF,Water,Rep 2,23,D07,NA,6.39
524,Sugars,#REF!,RAPTOR1B,MF,Water,Rep 2,24,D07,NA,12.88
525,Sugars,#REF!,RAPTOR1B,MF,Water,Rep 2,25,D07,NA,14.04
526,Sugars,#REF!,RAPTOR1B,MF,Water,Rep 2,26,D07,NA,15.06
527,Sugars,#REF!,RAPTOR1B,MF,Water,Rep 2,27,D07,NA,9.45
528,Sugars,#REF!,RAPTOR1B,MF,Water,Rep 2,28,D07,NA,13.35
529,Sugars,#REF!,RAPTOR1B,MF,Water,Rep 2,29,D07,NA,13.75
530,Sugars,#REF!,RAPTOR1B,MF,Water,Rep 2,30,D07,NA,12.14
531,Sugars,#REF!,RAPTOR1B,MF,Water,Rep 2,31,D07,NA,13.61
532,Sugars,#REF!,RAPTOR1B,MF,Water,Rep 2,32,D07,NA,2.2
533,Sugars,#REF!,RAPTOR1B,MF,Water,Rep 2,33,D07,NA,11.43
534,Sugars,#REF!,RAPTOR1B,MF,Water,Rep 2,34,D07,NA,15.47
535,Sugars,#REF!,RAPTOR1B,MF,Water,Rep 2,35,D07,NA,6.07
536,Sugars,#REF!,RAPTOR1B,MF,Water,Rep 2,36,D07,NA,10.69
537,Sugars,#REF!,RAPTOR1B,MF,Water,Rep 2,37,D07,NA,11.28
538,Sugars,#REF!,RAPTOR1B,MF,Water,Rep 2,38,D07,NA,7.35
539,Sugars,#REF!,RAPTOR1B,MF,Water,Rep 2,39,D07,NA,4.26
540,Sugars,#REF!,RAPTOR1B,MF,Water,Rep 2,40,D07,NA,0.74
541,Sugars,#REF!,RAPTOR1B,MF,Water,Rep 2,41,D07,NA,10.71
542,Sugars,#REF!,RAPTOR1B,MF,Water,Rep 2,42,D07,NA,12.04
543,Sugars,#REF!,RAPTOR1B,MF,Water,Rep 2,43,D07,NA,6.2
544,Sugars,#REF!,RAPTOR1B,MF,Water,Rep 2,44,D07,NA,6.79
545,Sugars,#REF!,RAPTOR1B,MF,Water,Rep 2,45,D07,NA,8.94
546,Sugars,#REF!,RAPTOR1B,MF,Water,Rep 2,46,D07,NA,11.79
547,Sugars,#REF!,RAPTOR1B,MF,Water,Rep 2,47,D07,NA,9.78
548,Sugars,#REF!,RAPTOR1B,MF,Water,Rep 2,48,D07,NA,10.7
549,Sugars,#REF!,RAPTOR1B,MF,Water,Rep 2,49,D07,NA,12.46
550,Sugars,#REF!,RAPTOR1B,MF,Water,Rep 2,50,D07,NA,6.46
551,Sugars,#REF!,RAPTOR1B,MF,3OMG,Rep 2,1,D07,NA,14.1
552,Sugars,#REF!,RAPTOR1B,MF,3OMG,Rep 2,2,D07,NA,10.32
553,Sugars,#REF!,RAPTOR1B,MF,3OMG,Rep 2,3,D07,NA,7.01
554,Sugars,#REF!,RAPTOR1B,MF,3OMG,Rep 2,4,D07,NA,9.4
555,Sugars,#REF!,RAPTOR1B,MF,3OMG,Rep 2,5,D07,NA,14.26
556,Sugars,#REF!,RAPTOR1B,MF,3OMG,Rep 2,6,D07,NA,7.78
557,Sugars,#REF!,RAPTOR1B,MF,3OMG,Rep 2,7,D07,NA,12.22
558,Sugars,#REF!,RAPTOR1B,MF,3OMG,Rep 2,8,D07,NA,7.69
559,Sugars,#REF!,RAPTOR1B,MF,3OMG,Rep 2,9,D07,NA,9.14
560,Sugars,#REF!,RAPTOR1B,MF,3OMG,Rep 2,10,D07,NA,8.36
561,Sugars,#REF!,RAPTOR1B,MF,3OMG,Rep 2,11,D07,NA,10.36
562,Sugars,#REF!,RAPTOR1B,MF,3OMG,Rep 2,12,D07,NA,13.49
563,Sugars,#REF!,RAPTOR1B,MF,3OMG,Rep 2,13,D07,NA,8.74
564,Sugars,#REF!,RAPTOR1B,MF,3OMG,Rep 2,14,D07,NA,3.41
565,Sugars,#REF!,RAPTOR1B,MF,3OMG,Rep 2,15,D07,NA,10.68
566,Sugars,#REF!,RAPTOR1B,MF,3OMG,Rep 2,16,D07,NA,7.8
567,Sugars,#REF!,RAPTOR1B,MF,3OMG,Rep 2,17,D07,NA,12.59
568,Sugars,#REF!,RAPTOR1B,MF,3OMG,Rep 2,18,D07,NA,17.68
569,Sugars,#REF!,RAPTOR1B,MF,3OMG,Rep 2,19,D07,NA,7.97
570,Sugars,#REF!,RAPTOR1B,MF,3OMG,Rep 2,20,D07,NA,3.25
571,Sugars,#REF!,RAPTOR1B,MF,3OMG,Rep 2,21,D07,NA,6.76
572,Sugars,#REF!,RAPTOR1B,MF,3OMG,Rep 2,22,D07,NA,13.31
573,Sugars,#REF!,RAPTOR1B,MF,3OMG,Rep 2,23,D07,NA,8.25
574,Sugars,#REF!,RAPTOR1B,MF,3OMG,Rep 2,24,D07,NA,13.09
575,Sugars,#REF!,RAPTOR1B,MF,3OMG,Rep 2,25,D07,NA,9.45
576,Sugars,#REF!,RAPTOR1B,MF,3OMG,Rep 2,26,D07,NA,8.87
577,Sugars,#REF!,RAPTOR1B,MF,3OMG,Rep 2,27,D07,NA,7.53
578,Sugars,#REF!,RAPTOR1B,MF,3OMG,Rep 2,28,D07,NA,6.34
579,Sugars,#REF!,RAPTOR1B,MF,3OMG,Rep 2,29,D07,NA,8.53
580,Sugars,#REF!,RAPTOR1B,MF,3OMG,Rep 2,30,D07,NA,1.21
581,Sugars,#REF!,RAPTOR1B,MF,3OMG,Rep 2,31,D07,NA,6.8
582,Sugars,#REF!,RAPTOR1B,MF,3OMG,Rep 2,32,D07,NA,11.02
583,Sugars,#REF!,RAPTOR1B,MF,3OMG,Rep 2,33,D07,NA,9.81
584,Sugars,#REF!,RAPTOR1B,MF,3OMG,Rep 2,34,D07,NA,6.11
585,Sugars,#REF!,RAPTOR1B,MF,3OMG,Rep 2,35,D07,NA,13.99
586,Sugars,#REF!,RAPTOR1B,MF,3OMG,Rep 2,36,D07,NA,14.22
587,Sugars,#REF!,RAPTOR1B,MF,3OMG,Rep 2,37,D07,NA,15.31
588,Sugars,#REF!,RAPTOR1B,MF,3OMG,Rep 2,38,D07,NA,14.04
589,Sugars,#REF!,RAPTOR1B,MF,3OMG,Rep 2,39,D07,NA,12.32
590,Sugars,#REF!,RAPTOR1B,MF,3OMG,Rep 2,40,D07,NA,15.23
591,Sugars,#REF!,RAPTOR1B,MF,3OMG,Rep 2,41,D07,NA,8.85
592,Sugars,#REF!,RAPTOR1B,MF,3OMG,Rep 2,42,D07,NA,6.98
593,Sugars,#REF!,RAPTOR1B,MF,3OMG,Rep 2,43,D07,NA,8.52
594,Sugars,#REF!,RAPTOR1B,MF,3OMG,Rep 2,44,D07,NA,10.39
595,Sugars,#REF!,RAPTOR1B,MF,3OMG,Rep 2,45,D07,NA,7.86
596,Sugars,#REF!,RAPTOR1B,MF,3OMG,Rep 2,46,D07,NA,9.45
597,Sugars,#REF!,RAPTOR1B,MF,3OMG,Rep 2,47,D07,NA,5.62
598,Sugars,#REF!,RAPTOR1B,MF,3OMG,Rep 2,48,D07,NA,4.7
599,Sugars,#REF!,RAPTOR1B,MF,3OMG,Rep 2,49,D07,NA,7.85
600,Sugars,#REF!,RAPTOR1B,MF,3OMG,Rep 2,50,D07,NA,13.79
601,Sugars,#REF!,Col0,MF,Water,Rep 1,1,D14,NA,39.98
602,Sugars,#REF!,Col0,MF,Water,Rep 1,2,D14,NA,31.48
603,Sugars,#REF!,Col0,MF,Water,Rep 1,3,D14,NA,12.21
604,Sugars,#REF!,Col0,MF,Water,Rep 1,4,D14,NA,11.59
605,Sugars,#REF!,Col0,MF,Water,Rep 1,5,D14,NA,41.28
606,Sugars,#REF!,Col0,MF,Water,Rep 1,6,D14,NA,57.88
607,Sugars,#REF!,Col0,MF,Water,Rep 1,7,D14,NA,57.39
608,Sugars,#REF!,Col0,MF,Water,Rep 1,8,D14,NA,52.63
609,Sugars,#REF!,Col0,MF,Water,Rep 1,9,D14,NA,58.69
610,Sugars,#REF!,Col0,MF,Water,Rep 1,10,D14,NA,60
611,Sugars,#REF!,Col0,MF,Water,Rep 1,11,D14,NA,50.41
612,Sugars,#REF!,Col0,MF,Water,Rep 1,12,D14,NA,58.22
613,Sugars,#REF!,Col0,MF,Water,Rep 1,13,D14,NA,64.67
614,Sugars,#REF!,Col0,MF,Water,Rep 1,14,D14,NA,55.82
615,Sugars,#REF!,Col0,MF,Water,Rep 1,15,D14,NA,34.99
616,Sugars,#REF!,Col0,MF,Water,Rep 1,16,D14,NA,53.32
617,Sugars,#REF!,Col0,MF,Water,Rep 1,17,D14,NA,60.97
618,Sugars,#REF!,Col0,MF,Water,Rep 1,18,D14,NA,48.03
619,Sugars,#REF!,Col0,MF,Water,Rep 1,19,D14,NA,38.06
620,Sugars,#REF!,Col0,MF,Water,Rep 1,20,D14,NA,58.63
621,Sugars,#REF!,Col0,MF,Water,Rep 1,21,D14,NA,58.08
622,Sugars,#REF!,Col0,MF,Water,Rep 1,22,D14,NA,48.23
623,Sugars,#REF!,Col0,MF,Water,Rep 1,23,D14,NA,72.87
624,Sugars,#REF!,Col0,MF,Water,Rep 1,24,D14,NA,46.45
625,Sugars,#REF!,Col0,MF,Water,Rep 1,25,D14,NA,50.7
651,Sugars,#REF!,Col0,MF,3OMG,Rep 1,1,D14,NA,54.23
652,Sugars,#REF!,Col0,MF,3OMG,Rep 1,2,D14,NA,19.41
653,Sugars,#REF!,Col0,MF,3OMG,Rep 1,3,D14,NA,42.04
654,Sugars,#REF!,Col0,MF,3OMG,Rep 1,4,D14,NA,53.63
655,Sugars,#REF!,Col0,MF,3OMG,Rep 1,5,D14,NA,46.1
656,Sugars,#REF!,Col0,MF,3OMG,Rep 1,6,D14,NA,49.97
657,Sugars,#REF!,Col0,MF,3OMG,Rep 1,7,D14,NA,43.19
658,Sugars,#REF!,Col0,MF,3OMG,Rep 1,8,D14,NA,48.06
659,Sugars,#REF!,Col0,MF,3OMG,Rep 1,9,D14,NA,35.16
660,Sugars,#REF!,Col0,MF,3OMG,Rep 1,10,D14,NA,18.25
661,Sugars,#REF!,Col0,MF,3OMG,Rep 1,11,D14,NA,31.93
662,Sugars,#REF!,Col0,MF,3OMG,Rep 1,12,D14,NA,46.11
663,Sugars,#REF!,Col0,MF,3OMG,Rep 1,13,D14,NA,20.62
664,Sugars,#REF!,Col0,MF,3OMG,Rep 1,14,D14,NA,29.13
665,Sugars,#REF!,Col0,MF,3OMG,Rep 1,15,D14,NA,19.93
666,Sugars,#REF!,Col0,MF,3OMG,Rep 1,16,D14,NA,51.98
667,Sugars,#REF!,Col0,MF,3OMG,Rep 1,17,D14,NA,36.25
668,Sugars,#REF!,Col0,MF,3OMG,Rep 1,18,D14,NA,42.49
669,Sugars,#REF!,Col0,MF,3OMG,Rep 1,19,D14,NA,44.78
670,Sugars,#REF!,Col0,MF,3OMG,Rep 1,20,D14,NA,25.84
671,Sugars,#REF!,Col0,MF,3OMG,Rep 1,21,D14,NA,44.91
672,Sugars,#REF!,Col0,MF,3OMG,Rep 1,22,D14,NA,38.37
673,Sugars,#REF!,Col0,MF,3OMG,Rep 1,23,D14,NA,51.53
674,Sugars,#REF!,Col0,MF,3OMG,Rep 1,24,D14,NA,49.3
675,Sugars,#REF!,Col0,MF,3OMG,Rep 1,25,D14,NA,11.81
701,Sugars,#REF!,HXK1,MF,Water,Rep 1,1,D14,NA,37.4
702,Sugars,#REF!,HXK1,MF,Water,Rep 1,2,D14,NA,13.19
703,Sugars,#REF!,HXK1,MF,Water,Rep 1,3,D14,NA,39.48
704,Sugars,#REF!,HXK1,MF,Water,Rep 1,4,D14,NA,23.23
705,Sugars,#REF!,HXK1,MF,Water,Rep 1,5,D14,NA,24.47
706,Sugars,#REF!,HXK1,MF,Water,Rep 1,6,D14,NA,52.34
707,Sugars,#REF!,HXK1,MF,Water,Rep 1,7,D14,NA,31.15
708,Sugars,#REF!,HXK1,MF,Water,Rep 1,8,D14,NA,20.47
709,Sugars,#REF!,HXK1,MF,Water,Rep 1,9,D14,NA,8.57
710,Sugars,#REF!,HXK1,MF,Water,Rep 1,10,D14,NA,49.03
711,Sugars,#REF!,HXK1,MF,Water,Rep 1,11,D14,NA,46.77
712,Sugars,#REF!,HXK1,MF,Water,Rep 1,12,D14,NA,49.49
713,Sugars,#REF!,HXK1,MF,Water,Rep 1,13,D14,NA,45.91
714,Sugars,#REF!,HXK1,MF,Water,Rep 1,14,D14,NA,30.5
715,Sugars,#REF!,HXK1,MF,Water,Rep 1,15,D14,NA,39.71
716,Sugars,#REF!,HXK1,MF,Water,Rep 1,16,D14,NA,28.61
717,Sugars,#REF!,HXK1,MF,Water,Rep 1,17,D14,NA,29.88
718,Sugars,#REF!,HXK1,MF,Water,Rep 1,18,D14,NA,37.47
719,Sugars,#REF!,HXK1,MF,Water,Rep 1,19,D14,NA,44.09
720,Sugars,#REF!,HXK1,MF,Water,Rep 1,20,D14,NA,6.54
721,Sugars,#REF!,HXK1,MF,Water,Rep 1,21,D14,NA,32.62
722,Sugars,#REF!,HXK1,MF,Water,Rep 1,22,D14,NA,41.6
723,Sugars,#REF!,HXK1,MF,Water,Rep 1,23,D14,NA,39
724,Sugars,#REF!,HXK1,MF,Water,Rep 1,24,D14,NA,16.26
725,Sugars,#REF!,HXK1,MF,Water,Rep 1,25,D14,NA,13.86
751,Sugars,#REF!,HXK1,MF,3OMG,Rep 1,1,D14,NA,32.73
752,Sugars,#REF!,HXK1,MF,3OMG,Rep 1,2,D14,NA,32.94
753,Sugars,#REF!,HXK1,MF,3OMG,Rep 1,3,D14,NA,32.99
754,Sugars,#REF!,HXK1,MF,3OMG,Rep 1,4,D14,NA,50.95
755,Sugars,#REF!,HXK1,MF,3OMG,Rep 1,5,D14,NA,29.05
756,Sugars,#REF!,HXK1,MF,3OMG,Rep 1,6,D14,NA,46.6
757,Sugars,#REF!,HXK1,MF,3OMG,Rep 1,7,D14,NA,35.53
758,Sugars,#REF!,HXK1,MF,3OMG,Rep 1,8,D14,NA,24.24
759,Sugars,#REF!,HXK1,MF,Water,Rep 1,9,D14,NA,41.43
760,Sugars,#REF!,HXK1,MF,3OMG,Rep 1,10,D14,NA,25.37
761,Sugars,#REF!,HXK1,MF,3OMG,Rep 1,11,D14,NA,40.31
762,Sugars,#REF!,HXK1,MF,3OMG,Rep 1,12,D14,NA,45.89
763,Sugars,#REF!,HXK1,MF,3OMG,Rep 1,13,D14,NA,33.02
764,Sugars,#REF!,HXK1,MF,3OMG,Rep 1,14,D14,NA,41.01
765,Sugars,#REF!,HXK1,MF,3OMG,Rep 1,15,D14,NA,30.75
766,Sugars,#REF!,HXK1,MF,3OMG,Rep 1,16,D14,NA,26.84
767,Sugars,#REF!,HXK1,MF,3OMG,Rep 1,17,D14,NA,35.78
768,Sugars,#REF!,HXK1,MF,Water,Rep 1,18,D14,NA,40.13
769,Sugars,#REF!,HXK1,MF,3OMG,Rep 1,19,D14,NA,51.67
770,Sugars,#REF!,HXK1,MF,3OMG,Rep 1,20,D14,NA,16.47
771,Sugars,#REF!,HXK1,MF,3OMG,Rep 1,21,D14,NA,28.4
772,Sugars,#REF!,HXK1,MF,3OMG,Rep 1,22,D14,NA,27.91
773,Sugars,#REF!,HXK1,MF,3OMG,Rep 1,23,D14,NA,45.07
774,Sugars,#REF!,HXK1,MF,3OMG,Rep 1,24,D14,NA,41.93
775,Sugars,#REF!,HXK1,MF,3OMG,Rep 1,25,D14,NA,12.19
801,Sugars,#REF!,TOR,MF,Water,Rep 1,1,D14,NA,46.51
802,Sugars,#REF!,TOR,MF,Water,Rep 1,2,D14,NA,37.22
803,Sugars,#REF!,TOR,MF,Water,Rep 1,3,D14,NA,36.31
804,Sugars,#REF!,TOR,MF,Water,Rep 1,4,D14,NA,39.83
805,Sugars,#REF!,TOR,MF,Water,Rep 1,5,D14,NA,37.37
806,Sugars,#REF!,TOR,MF,Water,Rep 1,6,D14,NA,15.21
807,Sugars,#REF!,TOR,MF,Water,Rep 1,7,D14,NA,35.82
808,Sugars,#REF!,TOR,MF,Water,Rep 1,8,D14,NA,44.99
809,Sugars,#REF!,TOR,MF,Water,Rep 1,9,D14,NA,43.52
810,Sugars,#REF!,TOR,MF,Water,Rep 1,10,D14,NA,38.21
811,Sugars,#REF!,TOR,MF,Water,Rep 1,11,D14,NA,27.85
812,Sugars,#REF!,TOR,MF,Water,Rep 1,12,D14,NA,32.01
813,Sugars,#REF!,TOR,MF,Water,Rep 1,13,D14,NA,43.14
814,Sugars,#REF!,TOR,MF,Water,Rep 1,14,D14,NA,37.28
815,Sugars,#REF!,TOR,MF,Water,Rep 1,15,D14,NA,35.17
816,Sugars,#REF!,TOR,MF,Water,Rep 1,16,D14,NA,42.54
817,Sugars,#REF!,TOR,MF,Water,Rep 1,17,D14,NA,36.43
818,Sugars,#REF!,TOR,MF,Water,Rep 1,18,D14,NA,36.83
819,Sugars,#REF!,TOR,MF,Water,Rep 1,19,D14,NA,41.06
820,Sugars,#REF!,TOR,MF,Water,Rep 1,20,D14,NA,22.76
821,Sugars,#REF!,TOR,MF,Water,Rep 1,21,D14,NA,41.52
822,Sugars,#REF!,TOR,MF,Water,Rep 1,22,D14,NA,41.63
823,Sugars,#REF!,TOR,MF,Water,Rep 1,23,D14,NA,42.76
824,Sugars,#REF!,TOR,MF,Water,Rep 1,24,D14,NA,35.9
825,Sugars,#REF!,TOR,MF,Water,Rep 1,25,D14,NA,43.7
851,Sugars,#REF!,TOR,MF,3OMG,Rep 1,1,D14,NA,38.04
852,Sugars,#REF!,TOR,MF,3OMG,Rep 1,2,D14,NA,32.68
853,Sugars,#REF!,TOR,MF,3OMG,Rep 1,3,D14,NA,26.77
854,Sugars,#REF!,TOR,MF,3OMG,Rep 1,4,D14,NA,30.71
855,Sugars,#REF!,TOR,MF,3OMG,Rep 1,5,D14,NA,27.8
856,Sugars,#REF!,TOR,MF,3OMG,Rep 1,6,D14,NA,34.1
857,Sugars,#REF!,TOR,MF,3OMG,Rep 1,7,D14,NA,36.16
858,Sugars,#REF!,TOR,MF,3OMG,Rep 1,8,D14,NA,40.94
859,Sugars,#REF!,TOR,MF,3OMG,Rep 1,9,D14,NA,22.66
860,Sugars,#REF!,TOR,MF,3OMG,Rep 1,10,D14,NA,31.66
861,Sugars,#REF!,TOR,MF,3OMG,Rep 1,11,D14,NA,32.09
862,Sugars,#REF!,TOR,MF,3OMG,Rep 1,12,D14,NA,31.03
863,Sugars,#REF!,TOR,MF,3OMG,Rep 1,13,D14,NA,37.24
864,Sugars,#REF!,TOR,MF,3OMG,Rep 1,14,D14,NA,33.19
865,Sugars,#REF!,TOR,MF,3OMG,Rep 1,15,D14,NA,26.77
866,Sugars,#REF!,TOR,MF,3OMG,Rep 1,16,D14,NA,28.44
867,Sugars,#REF!,TOR,MF,3OMG,Rep 1,17,D14,NA,39.12
868,Sugars,#REF!,TOR,MF,3OMG,Rep 1,18,D14,NA,35.75
869,Sugars,#REF!,TOR,MF,3OMG,Rep 1,19,D14,NA,35.53
870,Sugars,#REF!,TOR,MF,3OMG,Rep 1,20,D14,NA,30.88
871,Sugars,#REF!,TOR,MF,3OMG,Rep 1,21,D14,NA,19.8
872,Sugars,#REF!,TOR,MF,3OMG,Rep 1,22,D14,NA,31.22
873,Sugars,#REF!,TOR,MF,3OMG,Rep 1,23,D14,NA,37.97
874,Sugars,#REF!,TOR,MF,3OMG,Rep 1,24,D14,NA,13.73
875,Sugars,#REF!,TOR,MF,3OMG,Rep 1,25,D14,NA,33.19
901,Sugars,#REF!,RAPTOR1A,MF,Water,Rep 1,1,D14,NA,24.9
902,Sugars,#REF!,RAPTOR1A,MF,Water,Rep 1,2,D14,NA,35.91
903,Sugars,#REF!,RAPTOR1A,MF,Water,Rep 1,3,D14,NA,42.33
904,Sugars,#REF!,RAPTOR1A,MF,Water,Rep 1,4,D14,NA,43.09
905,Sugars,#REF!,RAPTOR1A,MF,Water,Rep 1,5,D14,NA,46.51
906,Sugars,#REF!,RAPTOR1A,MF,Water,Rep 1,6,D14,NA,42.23
907,Sugars,#REF!,RAPTOR1A,MF,Water,Rep 1,7,D14,NA,48.49
908,Sugars,#REF!,RAPTOR1A,MF,Water,Rep 1,8,D14,NA,46.46
909,Sugars,#REF!,RAPTOR1A,MF,Water,Rep 1,9,D14,NA,44.87
910,Sugars,#REF!,RAPTOR1A,MF,Water,Rep 1,10,D14,NA,33.15
911,Sugars,#REF!,RAPTOR1A,MF,Water,Rep 1,11,D14,NA,40.18
912,Sugars,#REF!,RAPTOR1A,MF,Water,Rep 1,12,D14,NA,46.4
913,Sugars,#REF!,RAPTOR1A,MF,Water,Rep 1,13,D14,NA,36.07
914,Sugars,#REF!,RAPTOR1A,MF,Water,Rep 1,14,D14,NA,37.31
915,Sugars,#REF!,RAPTOR1A,MF,Water,Rep 1,15,D14,NA,30.15
916,Sugars,#REF!,RAPTOR1A,MF,Water,Rep 1,16,D14,NA,39.2
917,Sugars,#REF!,RAPTOR1A,MF,Water,Rep 1,17,D14,NA,45.18
918,Sugars,#REF!,RAPTOR1A,MF,Water,Rep 1,18,D14,NA,32.33
919,Sugars,#REF!,RAPTOR1A,MF,Water,Rep 1,19,D14,NA,45.49
920,Sugars,#REF!,RAPTOR1A,MF,Water,Rep 1,20,D14,NA,57.33
921,Sugars,#REF!,RAPTOR1A,MF,Water,Rep 1,21,D14,NA,42.45
922,Sugars,#REF!,RAPTOR1A,MF,Water,Rep 1,22,D14,NA,39.3
923,Sugars,#REF!,RAPTOR1A,MF,Water,Rep 1,23,D14,NA,31.47
924,Sugars,#REF!,RAPTOR1A,MF,Water,Rep 1,24,D14,NA,39.93
925,Sugars,#REF!,RAPTOR1A,MF,Water,Rep 1,25,D14,NA,33.19
951,Sugars,#REF!,RAPTOR1A,MF,3OMG,Rep 1,1,D14,NA,39.94
952,Sugars,#REF!,RAPTOR1A,MF,3OMG,Rep 1,2,D14,NA,32.43
953,Sugars,#REF!,RAPTOR1A,MF,3OMG,Rep 1,3,D14,NA,21.72
954,Sugars,#REF!,RAPTOR1A,MF,3OMG,Rep 1,4,D14,NA,37.94
955,Sugars,#REF!,RAPTOR1A,MF,3OMG,Rep 1,5,D14,NA,31.64
956,Sugars,#REF!,RAPTOR1A,MF,3OMG,Rep 1,6,D14,NA,41.96
957,Sugars,#REF!,RAPTOR1A,MF,3OMG,Rep 1,7,D14,NA,40.65
958,Sugars,#REF!,RAPTOR1A,MF,3OMG,Rep 1,8,D14,NA,41.29
959,Sugars,#REF!,RAPTOR1A,MF,3OMG,Rep 1,9,D14,NA,28.88
960,Sugars,#REF!,RAPTOR1A,MF,3OMG,Rep 1,10,D14,NA,40.12
961,Sugars,#REF!,RAPTOR1A,MF,3OMG,Rep 1,11,D14,NA,35.76
962,Sugars,#REF!,RAPTOR1A,MF,3OMG,Rep 1,12,D14,NA,33.07
963,Sugars,#REF!,RAPTOR1A,MF,3OMG,Rep 1,13,D14,NA,30.26
964,Sugars,#REF!,RAPTOR1A,MF,3OMG,Rep 1,14,D14,NA,36.92
965,Sugars,#REF!,RAPTOR1A,MF,3OMG,Rep 1,15,D14,NA,33.99
966,Sugars,#REF!,RAPTOR1A,MF,3OMG,Rep 1,16,D14,NA,31.09
967,Sugars,#REF!,RAPTOR1A,MF,3OMG,Rep 1,17,D14,NA,40.14
968,Sugars,#REF!,RAPTOR1A,MF,3OMG,Rep 1,18,D14,NA,52
969,Sugars,#REF!,RAPTOR1A,MF,3OMG,Rep 1,19,D14,NA,28.49
970,Sugars,#REF!,RAPTOR1A,MF,3OMG,Rep 1,20,D14,NA,19.18
971,Sugars,#REF!,RAPTOR1A,MF,3OMG,Rep 1,21,D14,NA,50.14
972,Sugars,#REF!,RAPTOR1A,MF,3OMG,Rep 1,22,D14,NA,53.92
973,Sugars,#REF!,RAPTOR1A,MF,3OMG,Rep 1,23,D14,NA,39.03
974,Sugars,#REF!,RAPTOR1A,MF,3OMG,Rep 1,24,D14,NA,33.58
975,Sugars,#REF!,RAPTOR1A,MF,3OMG,Rep 1,25,D14,NA,35.18
1001,Sugars,#REF!,STP1_13,MF,Water,Rep 1,1,D14,NA,46.8
1002,Sugars,#REF!,STP1_13,MF,Water,Rep 1,2,D14,NA,47.63
1003,Sugars,#REF!,STP1_13,MF,Water,Rep 1,3,D14,NA,44.51
1004,Sugars,#REF!,STP1_13,MF,Water,Rep 1,4,D14,NA,41.06
1005,Sugars,#REF!,STP1_13,MF,Water,Rep 1,5,D14,NA,42.34
1006,Sugars,#REF!,STP1_13,MF,Water,Rep 1,6,D14,NA,38.61
1007,Sugars,#REF!,STP1_13,MF,Water,Rep 1,7,D14,NA,45.36
1008,Sugars,#REF!,STP1_13,MF,Water,Rep 1,8,D14,NA,19.3
1009,Sugars,#REF!,STP1_13,MF,Water,Rep 1,9,D14,NA,29.21
1010,Sugars,#REF!,STP1_13,MF,Water,Rep 1,10,D14,NA,40.5
1011,Sugars,#REF!,STP1_13,MF,Water,Rep 1,11,D14,NA,25.9
1012,Sugars,#REF!,STP1_13,MF,Water,Rep 1,12,D14,NA,16.46
1013,Sugars,#REF!,STP1_13,MF,Water,Rep 1,13,D14,NA,32.53
1014,Sugars,#REF!,STP1_13,MF,Water,Rep 1,14,D14,NA,28.03
1015,Sugars,#REF!,STP1_13,MF,Water,Rep 1,15,D14,NA,44.9
1016,Sugars,#REF!,STP1_13,MF,Water,Rep 1,16,D14,NA,36.05
1017,Sugars,#REF!,STP1_13,MF,Water,Rep 1,17,D14,NA,17.99
1018,Sugars,#REF!,STP1_13,MF,Water,Rep 1,18,D14,NA,28.31
1019,Sugars,#REF!,STP1_13,MF,Water,Rep 1,19,D14,NA,39.79
1020,Sugars,#REF!,STP1_13,MF,Water,Rep 1,20,D14,NA,36.14
1021,Sugars,#REF!,STP1_13,MF,Water,Rep 1,21,D14,NA,44
1022,Sugars,#REF!,STP1_13,MF,Water,Rep 1,22,D14,NA,36.03
1023,Sugars,#REF!,STP1_13,MF,Water,Rep 1,23,D14,NA,32.43
1024,Sugars,#REF!,STP1_13,MF,Water,Rep 1,24,D14,NA,32.61
1025,Sugars,#REF!,STP1_13,MF,Water,Rep 1,25,D14,NA,30.74
1051,Sugars,#REF!,STP1_13,MF,3OMG,Rep 1,1,D14,NA,43.89
1052,Sugars,#REF!,STP1_13,MF,3OMG,Rep 1,2,D14,NA,39.52
1053,Sugars,#REF!,STP1_13,MF,3OMG,Rep 1,3,D14,NA,36.79
1054,Sugars,#REF!,STP1_13,MF,3OMG,Rep 1,4,D14,NA,40.32
1055,Sugars,#REF!,STP1_13,MF,3OMG,Rep 1,5,D14,NA,35.55
1056,Sugars,#REF!,STP1_13,MF,3OMG,Rep 1,6,D14,NA,47.92
1057,Sugars,#REF!,STP1_13,MF,3OMG,Rep 1,7,D14,NA,47.34
1058,Sugars,#REF!,STP1_13,MF,3OMG,Rep 1,8,D14,NA,18.97
1059,Sugars,#REF!,STP1_13,MF,3OMG,Rep 1,9,D14,NA,44.49
1060,Sugars,#REF!,STP1_13,MF,3OMG,Rep 1,10,D14,NA,39.01
1061,Sugars,#REF!,STP1_13,MF,3OMG,Rep 1,11,D14,NA,27.67
1062,Sugars,#REF!,STP1_13,MF,3OMG,Rep 1,12,D14,NA,48.26
1063,Sugars,#REF!,STP1_13,MF,3OMG,Rep 1,13,D14,NA,42.43
1064,Sugars,#REF!,STP1_13,MF,3OMG,Rep 1,14,D14,NA,34.43
1065,Sugars,#REF!,STP1_13,MF,3OMG,Rep 1,15,D14,NA,36.3
1066,Sugars,#REF!,STP1_13,MF,3OMG,Rep 1,16,D14,NA,44.03
1067,Sugars,#REF!,STP1_13,MF,3OMG,Rep 1,17,D14,NA,35.83
1068,Sugars,#REF!,STP1_13,MF,3OMG,Rep 1,18,D14,NA,37.81
1069,Sugars,#REF!,STP1_13,MF,3OMG,Rep 1,19,D14,NA,30.29
1070,Sugars,#REF!,STP1_13,MF,3OMG,Rep 1,20,D14,NA,34.72
1071,Sugars,#REF!,STP1_13,MF,3OMG,Rep 1,21,D14,NA,31.41
1072,Sugars,#REF!,STP1_13,MF,3OMG,Rep 1,22,D14,NA,52.41
1073,Sugars,#REF!,STP1_13,MF,3OMG,Rep 1,23,D14,NA,27.34
1074,Sugars,#REF!,STP1_13,MF,3OMG,Rep 1,24,D14,NA,39.33
1075,Sugars,#REF!,STP1_13,MF,3OMG,Rep 1,25,D14,NA,35.3
1101,Sugars,#REF!,RAPTOR1B,MF,Water,Rep 1,1,D14,NA,39.06
1102,Sugars,#REF!,RAPTOR1B,MF,Water,Rep 1,2,D14,NA,50.59
1103,Sugars,#REF!,RAPTOR1B,MF,Water,Rep 1,3,D14,NA,39.07
1104,Sugars,#REF!,RAPTOR1B,MF,Water,Rep 1,4,D14,NA,43.59
1105,Sugars,#REF!,RAPTOR1B,MF,Water,Rep 1,5,D14,NA,31.9
1106,Sugars,#REF!,RAPTOR1B,MF,Water,Rep 1,6,D14,NA,46.85
1107,Sugars,#REF!,RAPTOR1B,MF,Water,Rep 1,7,D14,NA,45.35
1108,Sugars,#REF!,RAPTOR1B,MF,Water,Rep 1,8,D14,NA,27.62
1109,Sugars,#REF!,RAPTOR1B,MF,Water,Rep 1,9,D14,NA,47.43
1110,Sugars,#REF!,RAPTOR1B,MF,Water,Rep 1,10,D14,NA,37.09
1111,Sugars,#REF!,RAPTOR1B,MF,Water,Rep 1,11,D14,NA,30.7
1112,Sugars,#REF!,RAPTOR1B,MF,Water,Rep 1,12,D14,NA,47.27
1113,Sugars,#REF!,RAPTOR1B,MF,Water,Rep 1,13,D14,NA,42.92
1114,Sugars,#REF!,RAPTOR1B,MF,Water,Rep 1,14,D14,NA,40.15
1115,Sugars,#REF!,RAPTOR1B,MF,Water,Rep 1,15,D14,NA,47.96
1116,Sugars,#REF!,RAPTOR1B,MF,Water,Rep 1,16,D14,NA,35.38
1117,Sugars,#REF!,RAPTOR1B,MF,Water,Rep 1,17,D14,NA,43.32
1118,Sugars,#REF!,RAPTOR1B,MF,Water,Rep 1,18,D14,NA,43.91
1119,Sugars,#REF!,RAPTOR1B,MF,Water,Rep 1,19,D14,NA,31.04
1120,Sugars,#REF!,RAPTOR1B,MF,Water,Rep 1,20,D14,NA,53.76
1121,Sugars,#REF!,RAPTOR1B,MF,Water,Rep 1,21,D14,NA,41.85
1122,Sugars,#REF!,RAPTOR1B,MF,Water,Rep 1,22,D14,NA,44.15
1123,Sugars,#REF!,RAPTOR1B,MF,Water,Rep 1,23,D14,NA,33.3
1124,Sugars,#REF!,RAPTOR1B,MF,Water,Rep 1,24,D14,NA,36.92
1125,Sugars,#REF!,RAPTOR1B,MF,Water,Rep 1,25,D14,NA,42.55
1151,Sugars,#REF!,RAPTOR1B,MF,3OMG,Rep 1,1,D14,NA,23.94
1152,Sugars,#REF!,RAPTOR1B,MF,3OMG,Rep 1,2,D14,NA,32.58
1153,Sugars,#REF!,RAPTOR1B,MF,3OMG,Rep 1,3,D14,NA,37.56
1154,Sugars,#REF!,RAPTOR1B,MF,3OMG,Rep 1,4,D14,NA,37.6
1155,Sugars,#REF!,RAPTOR1B,MF,3OMG,Rep 1,5,D14,NA,31.68
1156,Sugars,#REF!,RAPTOR1B,MF,3OMG,Rep 1,6,D14,NA,33.4
1157,Sugars,#REF!,RAPTOR1B,MF,3OMG,Rep 1,7,D14,NA,35.05
1158,Sugars,#REF!,RAPTOR1B,MF,3OMG,Rep 1,8,D14,NA,33.1
1159,Sugars,#REF!,RAPTOR1B,MF,3OMG,Rep 1,9,D14,NA,25.78
1160,Sugars,#REF!,RAPTOR1B,MF,3OMG,Rep 1,10,D14,NA,28.18
1161,Sugars,#REF!,RAPTOR1B,MF,3OMG,Rep 1,11,D14,NA,25.62
1162,Sugars,#REF!,RAPTOR1B,MF,3OMG,Rep 1,12,D14,NA,36.83
1163,Sugars,#REF!,RAPTOR1B,MF,3OMG,Rep 1,13,D14,NA,17.69
1164,Sugars,#REF!,RAPTOR1B,MF,3OMG,Rep 1,14,D14,NA,31.16
1165,Sugars,#REF!,RAPTOR1B,MF,3OMG,Rep 1,15,D14,NA,33.01
1166,Sugars,#REF!,RAPTOR1B,MF,3OMG,Rep 1,16,D14,NA,30.93
1167,Sugars,#REF!,RAPTOR1B,MF,3OMG,Rep 1,17,D14,NA,42.99
1168,Sugars,#REF!,RAPTOR1B,MF,3OMG,Rep 1,18,D14,NA,19.18
1169,Sugars,#REF!,RAPTOR1B,MF,3OMG,Rep 1,19,D14,NA,30.36
1170,Sugars,#REF!,RAPTOR1B,MF,3OMG,Rep 1,20,D14,NA,31.4
1171,Sugars,#REF!,RAPTOR1B,MF,3OMG,Rep 1,21,D14,NA,28.3
1172,Sugars,#REF!,RAPTOR1B,MF,3OMG,Rep 1,22,D14,NA,35.71
1173,Sugars,#REF!,RAPTOR1B,MF,3OMG,Rep 1,23,D14,NA,35.04
1174,Sugars,#REF!,RAPTOR1B,MF,3OMG,Rep 1,24,D14,NA,42.33
1175,Sugars,#REF!,RAPTOR1B,MF,3OMG,Rep 1,25,D14,NA,36.67
1176,Sugars,#REF!,Col0,MF,Water,Rep 2,1,D14,NA,55.545
1177,Sugars,#REF!,Col0,MF,Water,Rep 2,2,D14,NA,52.551
1178,Sugars,#REF!,Col0,MF,Water,Rep 2,3,D14,NA,49.315
1179,Sugars,#REF!,Col0,MF,Water,Rep 2,4,D14,NA,47.23
1180,Sugars,#REF!,Col0,MF,Water,Rep 2,5,D14,NA,44.612
1181,Sugars,#REF!,Col0,MF,Water,Rep 2,6,D14,NA,48.527
1182,Sugars,#REF!,Col0,MF,Water,Rep 2,7,D14,NA,47.129
1183,Sugars,#REF!,Col0,MF,Water,Rep 2,8,D14,NA,46.124
1184,Sugars,#REF!,Col0,MF,Water,Rep 2,9,D14,NA,50.705
1185,Sugars,#REF!,Col0,MF,Water,Rep 2,10,D14,NA,29.471
1186,Sugars,#REF!,Col0,MF,Water,Rep 2,11,D14,NA,49.98
1187,Sugars,#REF!,Col0,MF,Water,Rep 2,12,D14,NA,56.008
1188,Sugars,#REF!,Col0,MF,Water,Rep 2,13,D14,NA,29.65
1189,Sugars,#REF!,Col0,MF,Water,Rep 2,14,D14,NA,58.132
1190,Sugars,#REF!,Col0,MF,Water,Rep 2,15,D14,NA,41.15
1191,Sugars,#REF!,Col0,MF,Water,Rep 2,16,D14,NA,56.948
1192,Sugars,#REF!,Col0,MF,Water,Rep 2,17,D14,NA,57.774
1193,Sugars,#REF!,Col0,MF,Water,Rep 2,18,D14,NA,44.594
1194,Sugars,#REF!,Col0,MF,Water,Rep 2,19,D14,NA,47.874
1195,Sugars,#REF!,Col0,MF,Water,Rep 2,20,D14,NA,45.362
1196,Sugars,#REF!,Col0,MF,Water,Rep 2,21,D14,NA,47.228
1197,Sugars,#REF!,Col0,MF,Water,Rep 2,22,D14,NA,42.926
1198,Sugars,#REF!,Col0,MF,Water,Rep 2,23,D14,NA,50.921
1199,Sugars,#REF!,Col0,MF,Water,Rep 2,24,D14,NA,58.047
1200,Sugars,#REF!,Col0,MF,Water,Rep 2,25,D14,NA,46.501
1201,Sugars,#REF!,Col0,MF,3OMG,Rep 2,1,D14,NA,40.02
1202,Sugars,#REF!,Col0,MF,3OMG,Rep 2,2,D14,NA,47.959
1203,Sugars,#REF!,Col0,MF,3OMG,Rep 2,3,D14,NA,17.59
1204,Sugars,#REF!,Col0,MF,3OMG,Rep 2,4,D14,NA,50.825
1205,Sugars,#REF!,Col0,MF,3OMG,Rep 2,5,D14,NA,44.196
1206,Sugars,#REF!,Col0,MF,3OMG,Rep 2,6,D14,NA,34.276
1207,Sugars,#REF!,Col0,MF,3OMG,Rep 2,7,D14,NA,31.051
1208,Sugars,#REF!,Col0,MF,3OMG,Rep 2,8,D14,NA,38.528
1209,Sugars,#REF!,Col0,MF,3OMG,Rep 2,9,D14,NA,53.595
1210,Sugars,#REF!,Col0,MF,3OMG,Rep 2,10,D14,NA,42.794
1211,Sugars,#REF!,Col0,MF,3OMG,Rep 2,11,D14,NA,43.018
1212,Sugars,#REF!,Col0,MF,3OMG,Rep 2,12,D14,NA,44.188
1213,Sugars,#REF!,Col0,MF,3OMG,Rep 2,13,D14,NA,45.562
1214,Sugars,#REF!,Col0,MF,3OMG,Rep 2,14,D14,NA,32.526
1215,Sugars,#REF!,Col0,MF,3OMG,Rep 2,15,D14,NA,36.169
1216,Sugars,#REF!,Col0,MF,3OMG,Rep 2,16,D14,NA,44.918
1217,Sugars,#REF!,Col0,MF,3OMG,Rep 2,17,D14,NA,43.128
1218,Sugars,#REF!,Col0,MF,3OMG,Rep 2,18,D14,NA,39.899
1219,Sugars,#REF!,Col0,MF,3OMG,Rep 2,19,D14,NA,42.168
1220,Sugars,#REF!,Col0,MF,3OMG,Rep 2,20,D14,NA,43.517
1221,Sugars,#REF!,Col0,MF,3OMG,Rep 2,21,D14,NA,33.165
1222,Sugars,#REF!,Col0,MF,3OMG,Rep 2,22,D14,NA,36.623
1223,Sugars,#REF!,Col0,MF,3OMG,Rep 2,23,D14,NA,42.924
1224,Sugars,#REF!,Col0,MF,3OMG,Rep 2,24,D14,NA,46.906
1225,Sugars,#REF!,Col0,MF,3OMG,Rep 2,25,D14,NA,32.271
1226,Sugars,#REF!,HXK1,MF,Water,Rep 2,1,D14,NA,14.872
1227,Sugars,#REF!,HXK1,MF,Water,Rep 2,2,D14,NA,15.164
1228,Sugars,#REF!,HXK1,MF,Water,Rep 2,3,D14,NA,3.906
1229,Sugars,#REF!,HXK1,MF,Water,Rep 2,4,D14,NA,3.808
1230,Sugars,#REF!,HXK1,MF,Water,Rep 2,5,D14,NA,8.554
1231,Sugars,#REF!,HXK1,MF,Water,Rep 2,6,D14,NA,8.046
1232,Sugars,#REF!,HXK1,MF,Water,Rep 2,7,D14,NA,19.225
1233,Sugars,#REF!,HXK1,MF,Water,Rep 2,8,D14,NA,41.095
1234,Sugars,#REF!,HXK1,MF,Water,Rep 2,9,D14,NA,1.684
1235,Sugars,#REF!,HXK1,MF,Water,Rep 2,10,D14,NA,3.947
1236,Sugars,#REF!,HXK1,MF,Water,Rep 2,11,D14,NA,21.458
1237,Sugars,#REF!,HXK1,MF,Water,Rep 2,12,D14,NA,42.161
1238,Sugars,#REF!,HXK1,MF,Water,Rep 2,13,D14,NA,9.231
1239,Sugars,#REF!,HXK1,MF,Water,Rep 2,14,D14,NA,19.602
1240,Sugars,#REF!,HXK1,MF,Water,Rep 2,15,D14,NA,2.878
1241,Sugars,#REF!,HXK1,MF,Water,Rep 2,16,D14,NA,20.937
1242,Sugars,#REF!,HXK1,MF,Water,Rep 2,17,D14,NA,2.613
1243,Sugars,#REF!,HXK1,MF,Water,Rep 2,18,D14,NA,2.051
1244,Sugars,#REF!,HXK1,MF,Water,Rep 2,19,D14,NA,2.762
1245,Sugars,#REF!,HXK1,MF,Water,Rep 2,20,D14,NA,5.467
1246,Sugars,#REF!,HXK1,MF,Water,Rep 2,21,D14,NA,2.819
1247,Sugars,#REF!,HXK1,MF,Water,Rep 2,22,D14,NA,3.505
1248,Sugars,#REF!,HXK1,MF,Water,Rep 2,23,D14,NA,47.865
1249,Sugars,#REF!,HXK1,MF,Water,Rep 2,24,D14,NA,33.032
1250,Sugars,#REF!,HXK1,MF,Water,Rep 2,25,D14,NA,48.618
1251,Sugars,#REF!,HXK1,MF,Water,Rep 2,26,D14,NA,4.628
1252,Sugars,#REF!,HXK1,MF,Water,Rep 2,27,D14,NA,36.316
1253,Sugars,#REF!,HXK1,MF,Water,Rep 2,28,D14,NA,3.761
1254,Sugars,#REF!,HXK1,MF,Water,Rep 2,29,D14,NA,1.76
1255,Sugars,#REF!,HXK1,MF,Water,Rep 2,30,D14,NA,9.46
1256,Sugars,#REF!,HXK1,MF,Water,Rep 2,31,D14,NA,58.788
1257,Sugars,#REF!,HXK1,MF,Water,Rep 2,32,D14,NA,3.606
1258,Sugars,#REF!,HXK1,MF,Water,Rep 2,33,D14,NA,2.051
1259,Sugars,#REF!,HXK1,MF,Water,Rep 2,34,D14,NA,40.748
1260,Sugars,#REF!,HXK1,MF,Water,Rep 2,35,D14,NA,45.061
1261,Sugars,#REF!,HXK1,MF,Water,Rep 2,36,D14,NA,12.115
1262,Sugars,#REF!,HXK1,MF,Water,Rep 2,37,D14,NA,2.96
1263,Sugars,#REF!,HXK1,MF,Water,Rep 2,38,D14,NA,2.393
1264,Sugars,#REF!,HXK1,MF,Water,Rep 2,39,D14,NA,3.078
1265,Sugars,#REF!,HXK1,MF,Water,Rep 2,40,D14,NA,8.513
1266,Sugars,#REF!,HXK1,MF,Water,Rep 2,41,D14,NA,3.167
1267,Sugars,#REF!,HXK1,MF,Water,Rep 2,42,D14,NA,1.244
1268,Sugars,#REF!,HXK1,MF,Water,Rep 2,43,D14,NA,0.811
1269,Sugars,#REF!,HXK1,MF,Water,Rep 2,44,D14,NA,8.818
1270,Sugars,#REF!,HXK1,MF,Water,Rep 2,45,D14,NA,4.561
1271,Sugars,#REF!,HXK1,MF,Water,Rep 2,46,D14,NA,1.911
1272,Sugars,#REF!,HXK1,MF,Water,Rep 2,47,D14,NA,2.224
1273,Sugars,#REF!,HXK1,MF,Water,Rep 2,48,D14,NA,31.367
1274,Sugars,#REF!,HXK1,MF,Water,Rep 2,49,D14,NA,49.846
1275,Sugars,#REF!,HXK1,MF,Water,Rep 2,50,D14,NA,2.329
1276,Sugars,#REF!,HXK1,MF,3OMG,Rep 2,1,D14,NA,6.509
1277,Sugars,#REF!,HXK1,MF,3OMG,Rep 2,2,D14,NA,1.762
1278,Sugars,#REF!,HXK1,MF,3OMG,Rep 2,3,D14,NA,3.428
1279,Sugars,#REF!,HXK1,MF,3OMG,Rep 2,4,D14,NA,3.218
1280,Sugars,#REF!,HXK1,MF,3OMG,Rep 2,5,D14,NA,4.36
1281,Sugars,#REF!,HXK1,MF,3OMG,Rep 2,6,D14,NA,37.425
1282,Sugars,#REF!,HXK1,MF,3OMG,Rep 2,7,D14,NA,9.025
1283,Sugars,#REF!,HXK1,MF,3OMG,Rep 2,8,D14,NA,2.145
1284,Sugars,#REF!,HXK1,MF,Water,Rep 2,9,D14,NA,14.369
1285,Sugars,#REF!,HXK1,MF,3OMG,Rep 2,10,D14,NA,13.021
1286,Sugars,#REF!,HXK1,MF,3OMG,Rep 2,11,D14,NA,8.995
1287,Sugars,#REF!,HXK1,MF,3OMG,Rep 2,12,D14,NA,1.282
1288,Sugars,#REF!,HXK1,MF,3OMG,Rep 2,13,D14,NA,3.504
1289,Sugars,#REF!,HXK1,MF,3OMG,Rep 2,14,D14,NA,1.351
1290,Sugars,#REF!,HXK1,MF,3OMG,Rep 2,15,D14,NA,10.292
1291,Sugars,#REF!,HXK1,MF,3OMG,Rep 2,16,D14,NA,42.545
1292,Sugars,#REF!,HXK1,MF,3OMG,Rep 2,17,D14,NA,3.002
1293,Sugars,#REF!,HXK1,MF,Water,Rep 2,18,D14,NA,1.487
1294,Sugars,#REF!,HXK1,MF,3OMG,Rep 2,19,D14,NA,1.14
1295,Sugars,#REF!,HXK1,MF,3OMG,Rep 2,20,D14,NA,25.725
1296,Sugars,#REF!,HXK1,MF,3OMG,Rep 2,21,D14,NA,3.962
1297,Sugars,#REF!,HXK1,MF,3OMG,Rep 2,22,D14,NA,3.755
1298,Sugars,#REF!,HXK1,MF,3OMG,Rep 2,23,D14,NA,2.153
1299,Sugars,#REF!,HXK1,MF,3OMG,Rep 2,24,D14,NA,1.951
1300,Sugars,#REF!,HXK1,MF,3OMG,Rep 2,25,D14,NA,25.351
1301,Sugars,#REF!,HXK1,MF,3OMG,Rep 2,26,D14,NA,20.548
1302,Sugars,#REF!,HXK1,MF,3OMG,Rep 2,27,D14,NA,5.988
1303,Sugars,#REF!,HXK1,MF,3OMG,Rep 2,28,D14,NA,1.043
1304,Sugars,#REF!,HXK1,MF,3OMG,Rep 2,29,D14,NA,3.684
1305,Sugars,#REF!,HXK1,MF,3OMG,Rep 2,30,D14,NA,0.944
1306,Sugars,#REF!,HXK1,MF,3OMG,Rep 2,31,D14,NA,1.233
1307,Sugars,#REF!,HXK1,MF,3OMG,Rep 2,32,D14,NA,1.541
1308,Sugars,#REF!,HXK1,MF,3OMG,Rep 2,33,D14,NA,17.974
1309,Sugars,#REF!,HXK1,MF,3OMG,Rep 2,34,D14,NA,3.48
1310,Sugars,#REF!,HXK1,MF,3OMG,Rep 2,35,D14,NA,1.874
1311,Sugars,#REF!,HXK1,MF,3OMG,Rep 2,36,D14,NA,2.309
1312,Sugars,#REF!,HXK1,MF,3OMG,Rep 2,37,D14,NA,1.729
1313,Sugars,#REF!,HXK1,MF,3OMG,Rep 2,38,D14,NA,2.65
1314,Sugars,#REF!,HXK1,MF,3OMG,Rep 2,39,D14,NA,1.633
1315,Sugars,#REF!,HXK1,MF,3OMG,Rep 2,40,D14,NA,2.164
1316,Sugars,#REF!,HXK1,MF,3OMG,Rep 2,41,D14,NA,1.973
1317,Sugars,#REF!,HXK1,MF,3OMG,Rep 2,42,D14,NA,2.917
1318,Sugars,#REF!,HXK1,MF,3OMG,Rep 2,43,D14,NA,1.433
1319,Sugars,#REF!,HXK1,MF,3OMG,Rep 2,44,D14,NA,4.274
1320,Sugars,#REF!,HXK1,MF,3OMG,Rep 2,45,D14,NA,1.56
1321,Sugars,#REF!,HXK1,MF,3OMG,Rep 2,46,D14,NA,1.293
1322,Sugars,#REF!,HXK1,MF,3OMG,Rep 2,47,D14,NA,1.475
1323,Sugars,#REF!,HXK1,MF,3OMG,Rep 2,48,D14,NA,12.005
1324,Sugars,#REF!,HXK1,MF,3OMG,Rep 2,49,D14,NA,4.872
1325,Sugars,#REF!,HXK1,MF,3OMG,Rep 2,50,D14,NA,1.66
1326,Sugars,#REF!,TOR,MF,Water,Rep 2,1,D14,NA,39.079
1327,Sugars,#REF!,TOR,MF,Water,Rep 2,2,D14,NA,47.892
1328,Sugars,#REF!,TOR,MF,Water,Rep 2,3,D14,NA,48.967
1329,Sugars,#REF!,TOR,MF,Water,Rep 2,4,D14,NA,43.684
1330,Sugars,#REF!,TOR,MF,Water,Rep 2,5,D14,NA,41.811
1331,Sugars,#REF!,TOR,MF,Water,Rep 2,6,D14,NA,28.232
1332,Sugars,#REF!,TOR,MF,Water,Rep 2,7,D14,NA,51.212
1333,Sugars,#REF!,TOR,MF,Water,Rep 2,8,D14,NA,49.117
1334,Sugars,#REF!,TOR,MF,Water,Rep 2,9,D14,NA,16.587
1335,Sugars,#REF!,TOR,MF,Water,Rep 2,10,D14,NA,61.648
1336,Sugars,#REF!,TOR,MF,Water,Rep 2,11,D14,NA,37.467
1337,Sugars,#REF!,TOR,MF,Water,Rep 2,12,D14,NA,28.156
1338,Sugars,#REF!,TOR,MF,Water,Rep 2,13,D14,NA,51.284
1339,Sugars,#REF!,TOR,MF,Water,Rep 2,14,D14,NA,52.045
1340,Sugars,#REF!,TOR,MF,Water,Rep 2,15,D14,NA,28.614
1341,Sugars,#REF!,TOR,MF,Water,Rep 2,16,D14,NA,47.46
1342,Sugars,#REF!,TOR,MF,Water,Rep 2,17,D14,NA,27.81
1343,Sugars,#REF!,TOR,MF,Water,Rep 2,18,D14,NA,51.03
1344,Sugars,#REF!,TOR,MF,Water,Rep 2,19,D14,NA,37.55
1345,Sugars,#REF!,TOR,MF,Water,Rep 2,20,D14,NA,47.757
1346,Sugars,#REF!,TOR,MF,Water,Rep 2,21,D14,NA,58.475
1347,Sugars,#REF!,TOR,MF,Water,Rep 2,22,D14,NA,31.071
1348,Sugars,#REF!,TOR,MF,Water,Rep 2,23,D14,NA,30.895
1349,Sugars,#REF!,TOR,MF,Water,Rep 2,24,D14,NA,40.805
1350,Sugars,#REF!,TOR,MF,Water,Rep 2,25,D14,NA,47.197
1351,Sugars,#REF!,TOR,MF,3OMG,Rep 2,1,D14,NA,41.06
1352,Sugars,#REF!,TOR,MF,3OMG,Rep 2,2,D14,NA,32.774
1353,Sugars,#REF!,TOR,MF,3OMG,Rep 2,3,D14,NA,48.731
1354,Sugars,#REF!,TOR,MF,3OMG,Rep 2,4,D14,NA,39.992
1355,Sugars,#REF!,TOR,MF,3OMG,Rep 2,5,D14,NA,39.62
1356,Sugars,#REF!,TOR,MF,3OMG,Rep 2,6,D14,NA,17.298
1357,Sugars,#REF!,TOR,MF,3OMG,Rep 2,7,D14,NA,38.073
1358,Sugars,#REF!,TOR,MF,3OMG,Rep 2,8,D14,NA,28.611
1359,Sugars,#REF!,TOR,MF,3OMG,Rep 2,9,D14,NA,36.289
1360,Sugars,#REF!,TOR,MF,3OMG,Rep 2,10,D14,NA,14.809
1361,Sugars,#REF!,TOR,MF,3OMG,Rep 2,11,D14,NA,32.052
1362,Sugars,#REF!,TOR,MF,3OMG,Rep 2,12,D14,NA,41.632
1363,Sugars,#REF!,TOR,MF,3OMG,Rep 2,13,D14,NA,29.496
1364,Sugars,#REF!,TOR,MF,3OMG,Rep 2,14,D14,NA,45.873
1365,Sugars,#REF!,TOR,MF,3OMG,Rep 2,15,D14,NA,36.039
1366,Sugars,#REF!,TOR,MF,3OMG,Rep 2,16,D14,NA,33.041
1367,Sugars,#REF!,TOR,MF,3OMG,Rep 2,17,D14,NA,34.806
1368,Sugars,#REF!,TOR,MF,3OMG,Rep 2,18,D14,NA,38.195
1369,Sugars,#REF!,TOR,MF,3OMG,Rep 2,19,D14,NA,40.407
1370,Sugars,#REF!,TOR,MF,3OMG,Rep 2,20,D14,NA,16.838
1371,Sugars,#REF!,TOR,MF,3OMG,Rep 2,21,D14,NA,31.689
1372,Sugars,#REF!,TOR,MF,3OMG,Rep 2,22,D14,NA,33.536
1373,Sugars,#REF!,TOR,MF,3OMG,Rep 2,23,D14,NA,33.505
1374,Sugars,#REF!,TOR,MF,3OMG,Rep 2,24,D14,NA,37.311
1375,Sugars,#REF!,TOR,MF,3OMG,Rep 2,25,D14,NA,25.593
1376,Sugars,#REF!,RAPTOR1A,MF,Water,Rep 2,1,D14,NA,44.269
1377,Sugars,#REF!,RAPTOR1A,MF,Water,Rep 2,2,D14,NA,27.042
1378,Sugars,#REF!,RAPTOR1A,MF,Water,Rep 2,3,D14,NA,48.739
1379,Sugars,#REF!,RAPTOR1A,MF,Water,Rep 2,4,D14,NA,39.237
1380,Sugars,#REF!,RAPTOR1A,MF,Water,Rep 2,5,D14,NA,40.08
1381,Sugars,#REF!,RAPTOR1A,MF,Water,Rep 2,6,D14,NA,53.043
1382,Sugars,#REF!,RAPTOR1A,MF,Water,Rep 2,7,D14,NA,52.424
1383,Sugars,#REF!,RAPTOR1A,MF,Water,Rep 2,8,D14,NA,44.602
1384,Sugars,#REF!,RAPTOR1A,MF,Water,Rep 2,9,D14,NA,42.055
1385,Sugars,#REF!,RAPTOR1A,MF,Water,Rep 2,10,D14,NA,53.923
1386,Sugars,#REF!,RAPTOR1A,MF,Water,Rep 2,11,D14,NA,41.776
1387,Sugars,#REF!,RAPTOR1A,MF,Water,Rep 2,12,D14,NA,56.941
1388,Sugars,#REF!,RAPTOR1A,MF,Water,Rep 2,13,D14,NA,48.379
1389,Sugars,#REF!,RAPTOR1A,MF,Water,Rep 2,14,D14,NA,48.358
1390,Sugars,#REF!,RAPTOR1A,MF,Water,Rep 2,15,D14,NA,48.676
1391,Sugars,#REF!,RAPTOR1A,MF,Water,Rep 2,16,D14,NA,43.426
1392,Sugars,#REF!,RAPTOR1A,MF,Water,Rep 2,17,D14,NA,43.428
1393,Sugars,#REF!,RAPTOR1A,MF,Water,Rep 2,18,D14,NA,55.766
1394,Sugars,#REF!,RAPTOR1A,MF,Water,Rep 2,19,D14,NA,59.585
1395,Sugars,#REF!,RAPTOR1A,MF,Water,Rep 2,20,D14,NA,44.843
1396,Sugars,#REF!,RAPTOR1A,MF,Water,Rep 2,21,D14,NA,51.978
1397,Sugars,#REF!,RAPTOR1A,MF,Water,Rep 2,22,D14,NA,55.445
1398,Sugars,#REF!,RAPTOR1A,MF,Water,Rep 2,23,D14,NA,48.964
1399,Sugars,#REF!,RAPTOR1A,MF,Water,Rep 2,24,D14,NA,55.049
1400,Sugars,#REF!,RAPTOR1A,MF,Water,Rep 2,25,D14,NA,39.826
1401,Sugars,#REF!,RAPTOR1A,MF,3OMG,Rep 2,1,D14,NA,45.361
1402,Sugars,#REF!,RAPTOR1A,MF,3OMG,Rep 2,2,D14,NA,39.224
1403,Sugars,#REF!,RAPTOR1A,MF,3OMG,Rep 2,3,D14,NA,37.656
1404,Sugars,#REF!,RAPTOR1A,MF,3OMG,Rep 2,4,D14,NA,44.699
1405,Sugars,#REF!,RAPTOR1A,MF,3OMG,Rep 2,5,D14,NA,39.453
1406,Sugars,#REF!,RAPTOR1A,MF,3OMG,Rep 2,6,D14,NA,44.192
1407,Sugars,#REF!,RAPTOR1A,MF,3OMG,Rep 2,7,D14,NA,44.102
1408,Sugars,#REF!,RAPTOR1A,MF,3OMG,Rep 2,8,D14,NA,34.642
1409,Sugars,#REF!,RAPTOR1A,MF,3OMG,Rep 2,9,D14,NA,35.868
1410,Sugars,#REF!,RAPTOR1A,MF,3OMG,Rep 2,10,D14,NA,30.066
1411,Sugars,#REF!,RAPTOR1A,MF,3OMG,Rep 2,11,D14,NA,37.087
1412,Sugars,#REF!,RAPTOR1A,MF,3OMG,Rep 2,12,D14,NA,40.863
1413,Sugars,#REF!,RAPTOR1A,MF,3OMG,Rep 2,13,D14,NA,35.951
1414,Sugars,#REF!,RAPTOR1A,MF,3OMG,Rep 2,14,D14,NA,41.095
1415,Sugars,#REF!,RAPTOR1A,MF,3OMG,Rep 2,15,D14,NA,37.731
1416,Sugars,#REF!,RAPTOR1A,MF,3OMG,Rep 2,16,D14,NA,33.878
1417,Sugars,#REF!,RAPTOR1A,MF,3OMG,Rep 2,17,D14,NA,36.474
1418,Sugars,#REF!,RAPTOR1A,MF,3OMG,Rep 2,18,D14,NA,32.308
1419,Sugars,#REF!,RAPTOR1A,MF,3OMG,Rep 2,19,D14,NA,34.211
1420,Sugars,#REF!,RAPTOR1A,MF,3OMG,Rep 2,20,D14,NA,40.927
1421,Sugars,#REF!,RAPTOR1A,MF,3OMG,Rep 2,21,D14,NA,28.87
1422,Sugars,#REF!,RAPTOR1A,MF,3OMG,Rep 2,22,D14,NA,44.681
1423,Sugars,#REF!,RAPTOR1A,MF,3OMG,Rep 2,23,D14,NA,34.865
1424,Sugars,#REF!,RAPTOR1A,MF,3OMG,Rep 2,24,D14,NA,41.241
1425,Sugars,#REF!,RAPTOR1A,MF,3OMG,Rep 2,25,D14,NA,29.402
1426,Sugars,#REF!,STP1_13,MF,Water,Rep 2,1,D14,NA,50.787
1427,Sugars,#REF!,STP1_13,MF,Water,Rep 2,2,D14,NA,35.727
1428,Sugars,#REF!,STP1_13,MF,Water,Rep 2,3,D14,NA,43.355
1429,Sugars,#REF!,STP1_13,MF,Water,Rep 2,4,D14,NA,42.612
1430,Sugars,#REF!,STP1_13,MF,Water,Rep 2,5,D14,NA,33.963
1431,Sugars,#REF!,STP1_13,MF,Water,Rep 2,6,D14,NA,42.575
1432,Sugars,#REF!,STP1_13,MF,Water,Rep 2,7,D14,NA,39.707
1433,Sugars,#REF!,STP1_13,MF,Water,Rep 2,8,D14,NA,36.531
1434,Sugars,#REF!,STP1_13,MF,Water,Rep 2,9,D14,NA,44.665
1435,Sugars,#REF!,STP1_13,MF,Water,Rep 2,10,D14,NA,38.964
1436,Sugars,#REF!,STP1_13,MF,Water,Rep 2,11,D14,NA,44.212
1437,Sugars,#REF!,STP1_13,MF,Water,Rep 2,12,D14,NA,43.81
1438,Sugars,#REF!,STP1_13,MF,Water,Rep 2,13,D14,NA,30.865
1439,Sugars,#REF!,STP1_13,MF,Water,Rep 2,14,D14,NA,48.289
1440,Sugars,#REF!,STP1_13,MF,Water,Rep 2,15,D14,NA,42.302
1441,Sugars,#REF!,STP1_13,MF,Water,Rep 2,16,D14,NA,33.797
1442,Sugars,#REF!,STP1_13,MF,Water,Rep 2,17,D14,NA,46.93
1443,Sugars,#REF!,STP1_13,MF,Water,Rep 2,18,D14,NA,35.513
1444,Sugars,#REF!,STP1_13,MF,Water,Rep 2,19,D14,NA,33.961
1445,Sugars,#REF!,STP1_13,MF,Water,Rep 2,20,D14,NA,39.274
1446,Sugars,#REF!,STP1_13,MF,Water,Rep 2,21,D14,NA,47.398
1447,Sugars,#REF!,STP1_13,MF,Water,Rep 2,22,D14,NA,23.909
1448,Sugars,#REF!,STP1_13,MF,Water,Rep 2,23,D14,NA,30.338
1449,Sugars,#REF!,STP1_13,MF,Water,Rep 2,24,D14,NA,34.335
1450,Sugars,#REF!,STP1_13,MF,Water,Rep 2,25,D14,NA,34.307
1451,Sugars,#REF!,STP1_13,MF,3OMG,Rep 2,1,D14,NA,39.318
1452,Sugars,#REF!,STP1_13,MF,3OMG,Rep 2,2,D14,NA,30.948
1453,Sugars,#REF!,STP1_13,MF,3OMG,Rep 2,3,D14,NA,45.908
1454,Sugars,#REF!,STP1_13,MF,3OMG,Rep 2,4,D14,NA,51.496
1455,Sugars,#REF!,STP1_13,MF,3OMG,Rep 2,5,D14,NA,44.626
1456,Sugars,#REF!,STP1_13,MF,3OMG,Rep 2,6,D14,NA,19.06
1457,Sugars,#REF!,STP1_13,MF,3OMG,Rep 2,7,D14,NA,40.282
1458,Sugars,#REF!,STP1_13,MF,3OMG,Rep 2,8,D14,NA,46.474
1459,Sugars,#REF!,STP1_13,MF,3OMG,Rep 2,9,D14,NA,33.017
1460,Sugars,#REF!,STP1_13,MF,3OMG,Rep 2,10,D14,NA,44.16
1461,Sugars,#REF!,STP1_13,MF,3OMG,Rep 2,11,D14,NA,47.391
1462,Sugars,#REF!,STP1_13,MF,3OMG,Rep 2,12,D14,NA,39.873
1463,Sugars,#REF!,STP1_13,MF,3OMG,Rep 2,13,D14,NA,37.021
1464,Sugars,#REF!,STP1_13,MF,3OMG,Rep 2,14,D14,NA,37.87
1465,Sugars,#REF!,STP1_13,MF,3OMG,Rep 2,15,D14,NA,45.709
1466,Sugars,#REF!,STP1_13,MF,3OMG,Rep 2,16,D14,NA,50.22
1467,Sugars,#REF!,STP1_13,MF,3OMG,Rep 2,17,D14,NA,38.96
1468,Sugars,#REF!,STP1_13,MF,3OMG,Rep 2,18,D14,NA,24.607
1469,Sugars,#REF!,STP1_13,MF,3OMG,Rep 2,19,D14,NA,36.531
1470,Sugars,#REF!,STP1_13,MF,3OMG,Rep 2,20,D14,NA,29.799
1471,Sugars,#REF!,STP1_13,MF,3OMG,Rep 2,21,D14,NA,40.148
1472,Sugars,#REF!,STP1_13,MF,3OMG,Rep 2,22,D14,NA,44.255
1473,Sugars,#REF!,STP1_13,MF,3OMG,Rep 2,23,D14,NA,28.007
1474,Sugars,#REF!,STP1_13,MF,3OMG,Rep 2,24,D14,NA,34.819
1475,Sugars,#REF!,STP1_13,MF,3OMG,Rep 2,25,D14,NA,48.391
1476,Sugars,#REF!,RAPTOR1B,MF,Water,Rep 2,1,D14,NA,67.482
1477,Sugars,#REF!,RAPTOR1B,MF,Water,Rep 2,2,D14,NA,48.659
1478,Sugars,#REF!,RAPTOR1B,MF,Water,Rep 2,3,D14,NA,33.153
1479,Sugars,#REF!,RAPTOR1B,MF,Water,Rep 2,4,D14,NA,52.36
1480,Sugars,#REF!,RAPTOR1B,MF,Water,Rep 2,5,D14,NA,51.035
1481,Sugars,#REF!,RAPTOR1B,MF,Water,Rep 2,6,D14,NA,52.365
1482,Sugars,#REF!,RAPTOR1B,MF,Water,Rep 2,7,D14,NA,44.65
1483,Sugars,#REF!,RAPTOR1B,MF,Water,Rep 2,8,D14,NA,42.592
1484,Sugars,#REF!,RAPTOR1B,MF,Water,Rep 2,9,D14,NA,30.074
1485,Sugars,#REF!,RAPTOR1B,MF,Water,Rep 2,10,D14,NA,51.897
1486,Sugars,#REF!,RAPTOR1B,MF,Water,Rep 2,11,D14,NA,60.088
1487,Sugars,#REF!,RAPTOR1B,MF,Water,Rep 2,12,D14,NA,52.604
1488,Sugars,#REF!,RAPTOR1B,MF,Water,Rep 2,13,D14,NA,50.841
1489,Sugars,#REF!,RAPTOR1B,MF,Water,Rep 2,14,D14,NA,31.449
1490,Sugars,#REF!,RAPTOR1B,MF,Water,Rep 2,15,D14,NA,50.584
1491,Sugars,#REF!,RAPTOR1B,MF,Water,Rep 2,16,D14,NA,60.149
1492,Sugars,#REF!,RAPTOR1B,MF,Water,Rep 2,17,D14,NA,59.585
1493,Sugars,#REF!,RAPTOR1B,MF,Water,Rep 2,18,D14,NA,43.609
1494,Sugars,#REF!,RAPTOR1B,MF,Water,Rep 2,19,D14,NA,52.7
1495,Sugars,#REF!,RAPTOR1B,MF,Water,Rep 2,20,D14,NA,51.095
1496,Sugars,#REF!,RAPTOR1B,MF,Water,Rep 2,21,D14,NA,40.786
1497,Sugars,#REF!,RAPTOR1B,MF,Water,Rep 2,22,D14,NA,72.63
1498,Sugars,#REF!,RAPTOR1B,MF,Water,Rep 2,23,D14,NA,36.588
1499,Sugars,#REF!,RAPTOR1B,MF,Water,Rep 2,24,D14,NA,35.45
1500,Sugars,#REF!,RAPTOR1B,MF,Water,Rep 2,25,D14,NA,45.904
1501,Sugars,#REF!,RAPTOR1B,MF,3OMG,Rep 2,1,D14,NA,37.446
1502,Sugars,#REF!,RAPTOR1B,MF,3OMG,Rep 2,2,D14,NA,34.937
1503,Sugars,#REF!,RAPTOR1B,MF,3OMG,Rep 2,3,D14,NA,37.543
1504,Sugars,#REF!,RAPTOR1B,MF,3OMG,Rep 2,4,D14,NA,49.301
1505,Sugars,#REF!,RAPTOR1B,MF,3OMG,Rep 2,5,D14,NA,48.968
1506,Sugars,#REF!,RAPTOR1B,MF,3OMG,Rep 2,6,D14,NA,44.48
1507,Sugars,#REF!,RAPTOR1B,MF,3OMG,Rep 2,7,D14,NA,27.963
1508,Sugars,#REF!,RAPTOR1B,MF,3OMG,Rep 2,8,D14,NA,45.742
1509,Sugars,#REF!,RAPTOR1B,MF,3OMG,Rep 2,9,D14,NA,42.817
1510,Sugars,#REF!,RAPTOR1B,MF,3OMG,Rep 2,10,D14,NA,40.285
1511,Sugars,#REF!,RAPTOR1B,MF,3OMG,Rep 2,11,D14,NA,32.349
1512,Sugars,#REF!,RAPTOR1B,MF,3OMG,Rep 2,12,D14,NA,39.039
1513,Sugars,#REF!,RAPTOR1B,MF,3OMG,Rep 2,13,D14,NA,36.369
1514,Sugars,#REF!,RAPTOR1B,MF,3OMG,Rep 2,14,D14,NA,49.543
1515,Sugars,#REF!,RAPTOR1B,MF,3OMG,Rep 2,15,D14,NA,35.878
1516,Sugars,#REF!,RAPTOR1B,MF,3OMG,Rep 2,16,D14,NA,42.5
1517,Sugars,#REF!,RAPTOR1B,MF,3OMG,Rep 2,17,D14,NA,53.67
1518,Sugars,#REF!,RAPTOR1B,MF,3OMG,Rep 2,18,D14,NA,39.606
1519,Sugars,#REF!,RAPTOR1B,MF,3OMG,Rep 2,19,D14,NA,28.578
1520,Sugars,#REF!,RAPTOR1B,MF,3OMG,Rep 2,20,D14,NA,45.209
1521,Sugars,#REF!,RAPTOR1B,MF,3OMG,Rep 2,21,D14,NA,48.764
1522,Sugars,#REF!,RAPTOR1B,MF,3OMG,Rep 2,22,D14,NA,38.319
1523,Sugars,#REF!,RAPTOR1B,MF,3OMG,Rep 2,23,D14,NA,32.315
1524,Sugars,#REF!,RAPTOR1B,MF,3OMG,Rep 2,24,D14,NA,38.858
1525,Sugars,#REF!,RAPTOR1B,MF,3OMG,Rep 2,25,D14,NA,21.446