"Plate";"Plate_Well";"Well";"Condition";"475nm/510nm";"600nm";"row";"col";"borders";"mad_475nm_510nm";"median_475nm_510nm";"TH_low";"TH_high";"adj475nm/510nm";"Interest"
1;"1_H1";"H1";"B329_WT+F16";896;0.1534;"H";"1";"y";110.4537;882.5;NA;NA;1.01529745042493;"No"
1;"1_H2";"H2";"B329_WT+F16";847;0.1483;"H";"2";"y";110.4537;882.5;NA;NA;0.959773371104816;"No"
1;"1_H3";"H3";"B329_WT+F16";1245;0.1668;"H";"3";"y";110.4537;882.5;NA;NA;1.41076487252125;"No"
1;"1_H4";"H4";"B329_WT+F16";1060;0.1777;"H";"4";"y";110.4537;882.5;NA;NA;1.20113314447592;"No"
2;"2_H1";"H1";"B329_WT+F16";1008;0.1569;"H";"1";"y";91.9212;786;NA;NA;1.2824427480916;"No"
2;"2_H2";"H2";"B329_WT+F16";1261;0.1752;"H";"2";"y";91.9212;786;NA;NA;1.60432569974555;"No"
2;"2_H3";"H3";"B329_WT+F16";849;0.1566;"H";"3";"y";91.9212;786;NA;NA;1.08015267175573;"No"
2;"2_H4";"H4";"B329_WT+F16";865;0.1557;"H";"4";"y";91.9212;786;NA;NA;1.10050890585242;"No"
3;"3_H1";"H1";"B329_WT+F16";1006;0.1593;"H";"1";"y";55.5975;787;NA;NA;1.27827191867853;"No"
3;"3_H2";"H2";"B329_WT+F16";808;0.1393;"H";"2";"y";55.5975;787;NA;NA;1.02668360864041;"No"
3;"3_H3";"H3";"B329_WT+F16";825;0.1445;"H";"3";"y";55.5975;787;NA;NA;1.04828462515883;"No"
3;"3_H4";"H4";"B329_WT+F16";919;0.1482;"H";"4";"y";55.5975;787;NA;NA;1.16772554002541;"No"
4;"4_H1";"H1";"B329_WT+F16";1121;0.1543;"H";"1";"y";94.1451;799.5;NA;NA;1.4021263289556;"No"
4;"4_H2";"H2";"B329_WT+F16";1115;0.148;"H";"2";"y";94.1451;799.5;NA;NA;1.39462163852408;"No"
4;"4_H3";"H3";"B329_WT+F16";1121;0.1586;"H";"3";"y";94.1451;799.5;NA;NA;1.4021263289556;"No"
4;"4_H4";"H4";"B329_WT+F16";1262;0.164;"H";"4";"y";94.1451;799.5;NA;NA;1.57848655409631;"No"
5;"5_H1";"H1";"B329_WT+F16";778;0.1446;"H";"1";"y";100.0755;825;NA;NA;0.943030303030303;"No"
5;"5_H2";"H2";"B329_WT+F16";782;0.136;"H";"2";"y";100.0755;825;NA;NA;0.947878787878788;"No"
5;"5_H3";"H3";"B329_WT+F16";818;0.1467;"H";"3";"y";100.0755;825;NA;NA;0.991515151515151;"No"
5;"5_H4";"H4";"B329_WT+F16";865;0.1524;"H";"4";"y";100.0755;825;NA;NA;1.04848484848485;"No"
6;"6_H1";"H1";"B329_WT+F16";867;0.1501;"H";"1";"y";100.8168;877.5;NA;NA;0.988034188034188;"No"
6;"6_H2";"H2";"B329_WT+F16";880;0.1521;"H";"2";"y";100.8168;877.5;NA;NA;1.002849002849;"No"
6;"6_H3";"H3";"B329_WT+F16";1007;0.1653;"H";"3";"y";100.8168;877.5;NA;NA;1.14757834757835;"No"
6;"6_H4";"H4";"B329_WT+F16";928;0.1452;"H";"4";"y";100.8168;877.5;NA;NA;1.05754985754986;"No"
7;"7_H1";"H1";"B329_WT+F16";1021;0.1667;"H";"1";"y";67.4583;819;NA;NA;1.24664224664225;"No"
7;"7_H2";"H2";"B329_WT+F16";928;0.1487;"H";"2";"y";67.4583;819;NA;NA;1.13308913308913;"No"
7;"7_H3";"H3";"B329_WT+F16";888;0.1496;"H";"3";"y";67.4583;819;NA;NA;1.08424908424908;"No"
7;"7_H4";"H4";"B329_WT+F16";918;0.1559;"H";"4";"y";67.4583;819;NA;NA;1.12087912087912;"No"
8;"8_H1";"H1";"B329_WT+F16";798;0.148;"H";"1";"y";117.1254;788;NA;NA;1.01269035532995;"No"
8;"8_H2";"H2";"B329_WT+F16";804;0.1408;"H";"2";"y";117.1254;788;NA;NA;1.02030456852792;"No"
8;"8_H3";"H3";"B329_WT+F16";1031;0.1677;"H";"3";"y";117.1254;788;NA;NA;1.30837563451777;"No"
8;"8_H4";"H4";"B329_WT+F16";945;0.1568;"H";"4";"y";117.1254;788;NA;NA;1.1992385786802;"No"
9;"9_H1";"H1";"B329_WT+F16";803;0.1512;"H";"1";"y";63.7518;752;NA;NA;1.06781914893617;"No"
9;"9_H2";"H2";"B329_WT+F16";763;0.1401;"H";"2";"y";63.7518;752;NA;NA;1.01462765957447;"No"
9;"9_H3";"H3";"B329_WT+F16";769;0.1432;"H";"3";"y";63.7518;752;NA;NA;1.02260638297872;"No"
9;"9_H4";"H4";"B329_WT+F16";858;0.1562;"H";"4";"y";63.7518;752;NA;NA;1.14095744680851;"No"
10;"10_H1";"H1";"B329_WT+F16";751;0.1425;"H";"1";"y";91.1799;777;NA;NA;0.966537966537967;"No"
10;"10_H2";"H2";"B329_WT+F16";808;0.1467;"H";"2";"y";91.1799;777;NA;NA;1.03989703989704;"No"
10;"10_H3";"H3";"B329_WT+F16";735;0.1333;"H";"3";"y";91.1799;777;NA;NA;0.945945945945946;"No"
10;"10_H4";"H4";"B329_WT+F16";876;0.1458;"H";"4";"y";91.1799;777;NA;NA;1.12741312741313;"No"
11;"11_H1";"H1";"B329_WT+F16";715;0.1451;"H";"1";"y";99.3342;715;NA;NA;1;"No"
11;"11_H2";"H2";"B329_WT+F16";780;0.1377;"H";"2";"y";99.3342;715;NA;NA;1.09090909090909;"No"
11;"11_H3";"H3";"B329_WT+F16";700;0.1394;"H";"3";"y";99.3342;715;NA;NA;0.979020979020979;"No"
11;"11_H4";"H4";"B329_WT+F16";752;0.1439;"H";"4";"y";99.3342;715;NA;NA;1.05174825174825;"No"
12;"12_H1";"H1";"B329_WT+F16";752;0.1444;"H";"1";"y";172.7229;870;NA;NA;0.864367816091954;"No"
12;"12_H2";"H2";"B329_WT+F16";939;0.1409;"H";"2";"y";172.7229;870;NA;NA;1.07931034482759;"No"
12;"12_H3";"H3";"B329_WT+F16";827;0.1449;"H";"3";"y";172.7229;870;NA;NA;0.950574712643678;"No"
12;"12_H4";"H4";"B329_WT+F16";923;0.1486;"H";"4";"y";172.7229;870;NA;NA;1.06091954022988;"No"
13;"13_H1";"H1";"B329_WT+F16";1193;0.1373;"H";"1";"y";168.2751;863.5;NA;NA;1.38158656629994;"No"
13;"13_H2";"H2";"B329_WT+F16";833;0.144299999;"H";"2";"y";168.2751;863.5;NA;NA;0.964678633468442;"No"
13;"13_H3";"H3";"B329_WT+F16";884;0.146200001;"H";"3";"y";168.2751;863.5;NA;NA;1.02374059061957;"No"
13;"13_H4";"H4";"B329_WT+F16";922;0.158600003;"H";"4";"y";168.2751;863.5;NA;NA;1.06774753908512;"No"
14;"14_H1";"H1";"B329_WT+F16";935;0.133699998;"H";"1";"y";112.6776;911;NA;NA;1.02634467618002;"No"
14;"14_H2";"H2";"B329_WT+F16";877;0.134100005;"H";"2";"y";112.6776;911;NA;NA;0.962678375411636;"No"
14;"14_H3";"H3";"B329_WT+F16";834;0.136299998;"H";"3";"y";112.6776;911;NA;NA;0.915477497255763;"No"
14;"14_H4";"H4";"B329_WT+F16";914;0.136899993;"H";"4";"y";112.6776;911;NA;NA;1.0032930845225;"No"
15;"15_H1";"H1";"B329_WT+F16";1042;0.155000001;"H";"1";"y";100.0755;870.5;NA;NA;1.19701321079839;"No"
15;"15_H2";"H2";"B329_WT+F16";895;0.136500001;"H";"2";"y";100.0755;870.5;NA;NA;1.02814474439977;"No"
15;"15_H3";"H3";"B329_WT+F16";872;0.1417;"H";"3";"y";100.0755;870.5;NA;NA;1.00172314761631;"No"
15;"15_H4";"H4";"B329_WT+F16";868;0.149700001;"H";"4";"y";100.0755;870.5;NA;NA;0.997128087306146;"No"
16;"16_H1";"H1";"B329_WT+F16";888;0.149800003;"H";"1";"y";139.3644;950.5;NA;NA;0.934245134139926;"No"
16;"16_H2";"H2";"B329_WT+F16";835;0.159400001;"H";"2";"y";139.3644;950.5;NA;NA;0.878485007890584;"No"
16;"16_H3";"H3";"B329_WT+F16";874;0.157900006;"H";"3";"y";139.3644;950.5;NA;NA;0.91951604418727;"No"
16;"16_H4";"H4";"B329_WT+F16";1517;0.160899997;"H";"4";"y";139.3644;950.5;NA;NA;1.59600210415571;"No"
17;"17_H1";"H1";"B329_WT+F16";890;0.153099999;"H";"1";"y";108.9711;908;NA;NA;0.980176211453744;"No"
17;"17_H2";"H2";"B329_WT+F16";909;0.162799999;"H";"2";"y";108.9711;908;NA;NA;1.0011013215859;"No"
17;"17_H3";"H3";"B329_WT+F16";891;0.149599999;"H";"3";"y";108.9711;908;NA;NA;0.981277533039648;"No"
17;"17_H4";"H4";"B329_WT+F16";986;0.150299996;"H";"4";"y";108.9711;908;NA;NA;1.08590308370044;"No"
18;"18_H1";"H1";"B329_WT+F16";947;0.155900002;"H";"1";"y";107.4885;947.5;NA;NA;0.999472295514512;"No"
18;"18_H2";"H2";"B329_WT+F16";960;0.156499997;"H";"2";"y";107.4885;947.5;NA;NA;1.0131926121372;"No"
18;"18_H3";"H3";"B329_WT+F16";906;0.156200007;"H";"3";"y";107.4885;947.5;NA;NA;0.956200527704485;"No"
18;"18_H4";"H4";"B329_WT+F16";1021;0.167300001;"H";"4";"y";107.4885;947.5;NA;NA;1.07757255936675;"No"
19;"19_H1";"H1";"B329_WT+F16";1051;0.164700001;"H";"1";"y";106.0059;957;NA;NA;1.09822361546499;"No"
19;"19_H2";"H2";"B329_WT+F16";991;0.167899996;"H";"2";"y";106.0059;957;NA;NA;1.0355276907001;"No"
19;"19_H3";"H3";"B329_WT+F16";2038;0.181099996;"H";"3";"y";106.0059;957;NA;NA;2.12957157784744;"No"
19;"19_H4";"H4";"B329_WT+F16";1036;0.169100001;"H";"4";"y";106.0059;957;NA;NA;1.08254963427377;"No"
20;"20_H1";"H1";"B329_WT+F16";1107;0.164700001;"H";"1";"y";77.0952;1013;NA;NA;1.09279368213228;"No"
20;"20_H2";"H2";"B329_WT+F16";1040;0.162599996;"H";"2";"y";77.0952;1013;NA;NA;1.02665350444225;"No"
20;"20_H3";"H3";"B329_WT+F16";987;0.167500004;"H";"3";"y";77.0952;1013;NA;NA;0.974333662388944;"No"
20;"20_H4";"H4";"B329_WT+F16";1070;0.181899995;"H";"4";"y";77.0952;1013;NA;NA;1.05626850937808;"No"
21;"21_H1";"H1";"B329_WT+F16";929;0.161500007;"H";"1";"y";70.4235;947.5;NA;NA;0.980474934036939;"No"
21;"21_H2";"H2";"B329_WT+F16";964;0.163200006;"H";"2";"y";70.4235;947.5;NA;NA;1.01741424802111;"No"
21;"21_H3";"H3";"B329_WT+F16";968;0.164299995;"H";"3";"y";70.4235;947.5;NA;NA;1.02163588390501;"No"
21;"21_H4";"H4";"B329_WT+F16";996;0.166099995;"H";"4";"y";70.4235;947.5;NA;NA;1.05118733509235;"No"
22;"22_H1";"H1";"B329_WT+F16";1030;0.174099997;"H";"1";"y";194.2206;1113.5;NA;NA;0.925011225864392;"No"
22;"22_H2";"H2";"B329_WT+F16";1003;0.166800007;"H";"2";"y";194.2206;1113.5;NA;NA;0.900763358778626;"No"
22;"22_H3";"H3";"B329_WT+F16";1022;0.168899998;"H";"3";"y";194.2206;1113.5;NA;NA;0.917826672653794;"No"
22;"22_H4";"H4";"B329_WT+F16";1090;0.178299993;"H";"4";"y";194.2206;1113.5;NA;NA;0.978895374943871;"No"
23;"23_H1";"H1";"B329_WT+F16";1017;0.165800005;"H";"1";"y";119.3493;1087.5;NA;NA;0.935172413793103;"No"
23;"23_H2";"H2";"B329_WT+F16";1041;0.167799994;"H";"2";"y";119.3493;1087.5;NA;NA;0.957241379310345;"No"
23;"23_H3";"H3";"B329_WT+F16";1014;0.159299999;"H";"3";"y";119.3493;1087.5;NA;NA;0.932413793103448;"No"
23;"23_H4";"H4";"B329_WT+F16";1275;0.181700006;"H";"4";"y";119.3493;1087.5;NA;NA;1.17241379310345;"No"
24;"24_H1";"H1";"B329_WT+F16";997;0.1655;"H";"1";"y";112.6776;1022.5;NA;NA;0.975061124694377;"No"
24;"24_H2";"H2";"B329_WT+F16";1031;0.164000005;"H";"2";"y";112.6776;1022.5;NA;NA;1.00831295843521;"No"
24;"24_H3";"H3";"B329_WT+F16";990;0.161699995;"H";"3";"y";112.6776;1022.5;NA;NA;0.968215158924205;"No"
24;"24_H4";"H4";"B329_WT+F16";1043;0.176699996;"H";"4";"y";112.6776;1022.5;NA;NA;1.0200488997555;"No"
25;"25_H1";"H1";"B329_WT+F16";1254;0.157000005;"H";"1";"y";289.107;1070;NA;NA;1.17196261682243;"No"
25;"25_H2";"H2";"B329_WT+F16";986;0.162599996;"H";"2";"y";289.107;1070;NA;NA;0.921495327102804;"No"
25;"25_H3";"H3";"B329_WT+F16";991;0.170499995;"H";"3";"y";289.107;1070;NA;NA;0.926168224299065;"No"
25;"25_H4";"H4";"B329_WT+F16";1069;0.172600001;"H";"4";"y";289.107;1070;NA;NA;0.999065420560748;"No"
26;"26_H1";"H1";"B329_WT+F16";684;0.127299994;"H";"1";"y";100.0755;772.5;NA;NA;0.885436893203884;"No"
26;"26_H2";"H2";"B329_WT+F16";617;0.131400004;"H";"2";"y";100.0755;772.5;NA;NA;0.798705501618123;"No"
26;"26_H3";"H3";"B329_WT+F16";770;0.151899993;"H";"3";"y";100.0755;772.5;NA;NA;0.996763754045307;"No"
26;"26_H4";"H4";"B329_WT+F16";788;0.143999994;"H";"4";"y";100.0755;772.5;NA;NA;1.02006472491909;"No"
27;"27_H1";"H1";"B329_WT+F16";740;0.133300006;"H";"1";"y";95.6277;918.5;NA;NA;0.8056614044638;"No"
27;"27_H2";"H2";"B329_WT+F16";1152;0.136999995;"H";"2";"y";95.6277;918.5;NA;NA;1.25421883505716;"No"
27;"27_H3";"H3";"B329_WT+F16";766;0.142100006;"H";"3";"y";95.6277;918.5;NA;NA;0.833968426782798;"No"
27;"27_H4";"H4";"B329_WT+F16";866;0.148900002;"H";"4";"y";95.6277;918.5;NA;NA;0.942841589548176;"No"
28;"28_H1";"H1";"B329_WT+F16";813;0.122900002;"H";"1";"y";96.369;850;NA;NA;0.956470588235294;"No"
28;"28_H2";"H2";"B329_WT+F16";690;0.131099999;"H";"2";"y";96.369;850;NA;NA;0.811764705882353;"No"
28;"28_H3";"H3";"B329_WT+F16";624;0.121600002;"H";"3";"y";96.369;850;NA;NA;0.734117647058824;"No"
28;"28_H4";"H4";"B329_WT+F16";778;0.190200001;"H";"4";"y";96.369;850;NA;NA;0.915294117647059;"No"
29;"29_H2";"H2";"B329_WT+F16";707;0.128399998;"H";"2";"y";131.9514;868;NA;NA;0.814516129032258;"No"
29;"29_H3";"H3";"B329_WT+F16";615;0.126499996;"H";"3";"y";131.9514;868;NA;NA;0.70852534562212;"No"
29;"29_H4";"H4";"B329_WT+F16";661;0.133300006;"H";"4";"y";131.9514;868;NA;NA;0.761520737327189;"No"
30;"30_H1";"H1";"B329_WT+F16";792;0.140799999;"H";"1";"y";110.4537;914.5;NA;NA;0.866047020229634;"No"
30;"30_H2";"H2";"B329_WT+F16";809;0.134499997;"H";"2";"y";110.4537;914.5;NA;NA;0.884636413340623;"No"
30;"30_H3";"H3";"B329_WT+F16";700;0.122599997;"H";"3";"y";110.4537;914.5;NA;NA;0.765445598687808;"No"
30;"30_H4";"H4";"B329_WT+F16";819;0.137199998;"H";"4";"y";110.4537;914.5;NA;NA;0.895571350464735;"No"
31;"31_H1";"H1";"B329_WT+F16";753;0.144099995;"H";"1";"y";93.4038;846;NA;NA;0.890070921985816;"No"
31;"31_H2";"H2";"B329_WT+F16";763;0.142700002;"H";"2";"y";93.4038;846;NA;NA;0.901891252955083;"No"
31;"31_H3";"H3";"B329_WT+F16";769;0.134800002;"H";"3";"y";93.4038;846;NA;NA;0.908983451536643;"No"
31;"31_H4";"H4";"B329_WT+F16";763;0.140599996;"H";"4";"y";93.4038;846;NA;NA;0.901891252955083;"No"
32;"32_H1";"H1";"B329_WT+F16";768;0.136800006;"H";"1";"y";114.1602;838;NA;NA;0.916467780429594;"No"
32;"32_H2";"H2";"B329_WT+F16";836;0.132100001;"H";"2";"y";114.1602;838;NA;NA;0.997613365155131;"No"
32;"32_H3";"H3";"B329_WT+F16";634;0.121299997;"H";"3";"y";114.1602;838;NA;NA;0.756563245823389;"No"
32;"32_H4";"H4";"B329_WT+F16";718;0.133900002;"H";"4";"y";114.1602;838;NA;NA;0.856801909307876;"No"
33;"33_H1";"H1";"B329_WT+F16";868;0.150299996;"H";"1";"y";186.8076;966.5;NA;NA;0.898085876875323;"No"
33;"33_H2";"H2";"B329_WT+F16";738;0.131400004;"H";"2";"y";186.8076;966.5;NA;NA;0.76357992757372;"No"
33;"33_H3";"H3";"B329_WT+F16";894;0.132400006;"H";"3";"y";186.8076;966.5;NA;NA;0.924987066735644;"No"
33;"33_H4";"H4";"B329_WT+F16";767;0.139300004;"H";"4";"y";186.8076;966.5;NA;NA;0.793585100879462;"No"
34;"34_H1";"H1";"B329_WT+F16";740;0.120399997;"H";"1";"y";114.1602;845;NA;NA;0.875739644970414;"No"
34;"34_H2";"H2";"B329_WT+F16";744;0.135100007;"H";"2";"y";114.1602;845;NA;NA;0.880473372781065;"No"
34;"34_H3";"H3";"B329_WT+F16";779;0.128700003;"H";"3";"y";114.1602;845;NA;NA;0.92189349112426;"No"
34;"34_H4";"H4";"B329_WT+F16";740;0.135000005;"H";"4";"y";114.1602;845;NA;NA;0.875739644970414;"No"
35;"35_H1";"H1";"B329_WT+F16";968;0.415100008;"H";"1";"y";138.6231;920;NA;NA;1.05217391304348;"No"
35;"35_H2";"H2";"B329_WT+F16";884;0.136899993;"H";"2";"y";138.6231;920;NA;NA;0.960869565217391;"No"
35;"35_H3";"H3";"B329_WT+F16";742;0.147100002;"H";"3";"y";138.6231;920;NA;NA;0.806521739130435;"No"
35;"35_H4";"H4";"B329_WT+F16";908;0.162;"H";"4";"y";138.6231;920;NA;NA;0.98695652173913;"No"
36;"36_H1";"H1";"B329_WT+F16";894;0.139799997;"H";"1";"y";216.4596;1040.5;NA;NA;0.859202306583373;"No"
36;"36_H2";"H2";"B329_WT+F16";853;0.131500006;"H";"2";"y";216.4596;1040.5;NA;NA;0.81979817395483;"No"
36;"36_H3";"H3";"B329_WT+F16";895;0.140200004;"H";"3";"y";216.4596;1040.5;NA;NA;0.860163382988948;"No"
36;"36_H4";"H4";"B329_WT+F16";1099;0.150900006;"H";"4";"y";216.4596;1040.5;NA;NA;1.05622296972609;"No"
37;"37_H1";"H1";"B329_WT+F16";710;0.122400001;"H";"1";"y";84.5082;848.5;NA;NA;0.836770771950501;"No"
37;"37_H2";"H2";"B329_WT+F16";712;0.1206;"H";"2";"y";84.5082;848.5;NA;NA;0.839127872716559;"No"
37;"37_H3";"H3";"B329_WT+F16";751;0.1294;"H";"3";"y";84.5082;848.5;NA;NA;0.885091337654685;"No"
37;"37_H4";"H4";"B329_WT+F16";694;0.125400007;"H";"4";"y";84.5082;848.5;NA;NA;0.817913965822039;"No"
38;"38_H1";"H1";"B329_WT+F16";806;0.138999999;"H";"1";"y";91.9212;826;NA;NA;0.975786924939467;"No"
38;"38_H2";"H2";"B329_WT+F16";697;0.121399999;"H";"2";"y";91.9212;826;NA;NA;0.843825665859564;"No"
38;"38_H3";"H3";"B329_WT+F16";765;0.131400004;"H";"3";"y";91.9212;826;NA;NA;0.926150121065375;"No"
38;"38_H4";"H4";"B329_WT+F16";734;0.125100002;"H";"4";"y";91.9212;826;NA;NA;0.88861985472155;"No"
39;"39_H1";"H1";"B329_WT+F16";849;0.136199996;"H";"1";"y";101.5581;960.5;NA;NA;0.883914627798022;"No"
39;"39_H2";"H2";"B329_WT+F16";1091;0.136899993;"H";"2";"y";101.5581;960.5;NA;NA;1.13586673607496;"No"
39;"39_H3";"H3";"B329_WT+F16";1013;0.135600001;"H";"3";"y";101.5581;960.5;NA;NA;1.05465903175429;"No"
39;"39_H4";"H4";"B329_WT+F16";2462;0.187999994;"H";"4";"y";101.5581;960.5;NA;NA;2.56324830817283;"No"
40;"40_H1";"H1";"B329_WT+F16";729;0.132400006;"H";"1";"y";100.0755;827.5;NA;NA;0.880966767371601;"No"
40;"40_H2";"H2";"B329_WT+F16";704;0.1149;"H";"2";"y";100.0755;827.5;NA;NA;0.850755287009063;"No"
40;"40_H3";"H3";"B329_WT+F16";718;0.116899997;"H";"3";"y";100.0755;827.5;NA;NA;0.867673716012085;"No"
40;"40_H4";"H4";"B329_WT+F16";925;0.116999999;"H";"4";"y";100.0755;827.5;NA;NA;1.1178247734139;"No"
42;"42_H1";"H1";"B329_WT+F16";791;0.136099994;"H";"1";"y";126.021;925;NA;NA;0.855135135135135;"No"
42;"42_H2";"H2";"B329_WT+F16";765;0.129299998;"H";"2";"y";126.021;925;NA;NA;0.827027027027027;"No"
42;"42_H3";"H3";"B329_WT+F16";782;0.132799998;"H";"3";"y";126.021;925;NA;NA;0.845405405405405;"No"
42;"42_H4";"H4";"B329_WT+F16";886;0.139200002;"H";"4";"y";126.021;925;NA;NA;0.957837837837838;"No"
43;"43_H1";"H1";"B329_WT+F16";831;0.134200007;"H";"1";"y";108.9711;895.5;NA;NA;0.927973199329983;"No"
43;"43_H2";"H2";"B329_WT+F16";770;0.140499994;"H";"2";"y";108.9711;895.5;NA;NA;0.859854829704076;"No"
43;"43_H3";"H3";"B329_WT+F16";758;0.131600007;"H";"3";"y";108.9711;895.5;NA;NA;0.846454494695701;"No"
43;"43_H4";"H4";"B329_WT+F16";822;0.143199995;"H";"4";"y";108.9711;895.5;NA;NA;0.917922948073702;"No"
44;"44_H1";"H1";"B329_WT+F16";657;0.116700001;"H";"1";"y";123.0558;762.5;NA;NA;0.861639344262295;"No"
44;"44_H2";"H2";"B329_WT+F16";628;0.115800001;"H";"2";"y";123.0558;762.5;NA;NA;0.823606557377049;"No"
44;"44_H3";"H3";"B329_WT+F16";939;0.132300004;"H";"3";"y";123.0558;762.5;NA;NA;1.23147540983607;"No"
44;"44_H4";"H4";"B329_WT+F16";677;0.122900002;"H";"4";"y";123.0558;762.5;NA;NA;0.887868852459016;"No"
45;"45_H1";"H1";"B329_WT+F16";708;0.120300002;"H";"1";"y";114.9015;835;NA;NA;0.847904191616766;"No"
45;"45_H2";"H2";"B329_WT+F16";665;0.133100003;"H";"2";"y";114.9015;835;NA;NA;0.796407185628742;"No"
45;"45_H3";"H3";"B329_WT+F16";732;0.133599997;"H";"3";"y";114.9015;835;NA;NA;0.876646706586826;"No"
45;"45_H4";"H4";"B329_WT+F16";732;0.139500007;"H";"4";"y";114.9015;835;NA;NA;0.876646706586826;"No"
46;"46_H1";"H1";"B329_WT+F16";890;0.152199998;"H";"1";"y";117.8667;985.5;NA;NA;0.903094875697615;"No"
46;"46_H2";"H2";"B329_WT+F16";1276;0.156599998;"H";"2";"y";117.8667;985.5;NA;NA;1.29477422628108;"No"
46;"46_H3";"H3";"B329_WT+F16";830;0.140799999;"H";"3";"y";117.8667;985.5;NA;NA;0.842212075088787;"No"
46;"46_H4";"H4";"B329_WT+F16";850;0.142199993;"H";"4";"y";117.8667;985.5;NA;NA;0.862506341958397;"No"
47;"47_H1";"H1";"B329_WT+F16";1259;0.1479;"H";"1";"y";134.9166;1386.5;NA;NA;0.908041831950956;"No"
47;"47_H2";"H2";"B329_WT+F16";1116;0.127900004;"H";"2";"y";134.9166;1386.5;NA;NA;0.804904435629282;"No"
47;"47_H3";"H3";"B329_WT+F16";1261;0.125599995;"H";"3";"y";134.9166;1386.5;NA;NA;0.909484313018392;"No"
47;"47_H4";"H4";"B329_WT+F16";1219;0.130600005;"H";"4";"y";134.9166;1386.5;NA;NA;0.879192210602236;"No"
48;"48_H1";"H1";"B329_WT+F16";1418;0.151099995;"H";"1";"y";157.1556;1451;NA;NA;0.977257064093728;"No"
48;"48_H2";"H2";"B329_WT+F16";1319;0.150399998;"H";"2";"y";157.1556;1451;NA;NA;0.909028256374914;"No"
48;"48_H3";"H3";"B329_WT+F16";1274;0.129999995;"H";"3";"y";157.1556;1451;NA;NA;0.878015161957271;"No"
48;"48_H4";"H4";"B329_WT+F16";1144;0.136000007;"H";"4";"y";157.1556;1451;NA;NA;0.78842177808408;"No"
49;"49_H1";"H1";"B329_WT+F16";1241;0.174500003;"H";"1";"y";203.8575;1550.5;NA;NA;0.800386971944534;"No"
49;"49_H2";"H2";"B329_WT+F16";1230;0.149299994;"H";"2";"y";203.8575;1550.5;NA;NA;0.793292486294744;"No"
49;"49_H3";"H3";"B329_WT+F16";1242;0.149499997;"H";"3";"y";203.8575;1550.5;NA;NA;0.801031925185424;"No"
49;"49_H4";"H4";"B329_WT+F16";1246;0.167899996;"H";"4";"y";203.8575;1550.5;NA;NA;0.803611738148984;"No"
50;"50_H1";"H1";"B329_WT+F16";955;0.143000007;"H";"1";"y";90.4386;979.5;NA;NA;0.974987238386932;"No"
50;"50_H2";"H2";"B329_WT+F16";798;0.136500001;"H";"2";"y";90.4386;979.5;NA;NA;0.814701378254211;"No"
50;"50_H3";"H3";"B329_WT+F16";771;0.140000001;"H";"3";"y";90.4386;979.5;NA;NA;0.787136294027565;"No"
50;"50_H4";"H4";"B329_WT+F16";770;0.134900004;"H";"4";"y";90.4386;979.5;NA;NA;0.786115364982134;"No"
51;"51_H1";"H1";"B329_WT+F16";764;0.135000005;"H";"1";"y";95.6277;938.5;NA;NA;0.814064997336175;"No"
51;"51_H2";"H2";"B329_WT+F16";744;0.125799999;"H";"2";"y";95.6277;938.5;NA;NA;0.792754395311668;"No"
51;"51_H3";"H3";"B329_WT+F16";723;0.130799994;"H";"3";"y";95.6277;938.5;NA;NA;0.770378263185935;"No"
51;"51_H4";"H4";"B329_WT+F16";865;0.146599993;"H";"4";"y";95.6277;938.5;NA;NA;0.921683537559936;"No"
52;"52_H1";"H1";"B329_WT+F16";765;0.139599994;"H";"1";"y";114.1602;991;NA;NA;0.771947527749748;"No"
52;"52_H2";"H2";"B329_WT+F16";767;0.136800006;"H";"2";"y";114.1602;991;NA;NA;0.773965691220989;"No"
52;"52_H3";"H3";"B329_WT+F16";658;0.129199997;"H";"3";"y";114.1602;991;NA;NA;0.663975782038345;"No"
52;"52_H4";"H4";"B329_WT+F16";689;0.133200005;"H";"4";"y";114.1602;991;NA;NA;0.695257315842583;"No"
53;"53_H1";"H1";"B329_WT+F16";643;0.131600007;"H";"1";"y";111.195;955;NA;NA;0.673298429319372;"No"
53;"53_H2";"H2";"B329_WT+F16";631;0.1197;"H";"2";"y";111.195;955;NA;NA;0.660732984293194;"No"
53;"53_H3";"H3";"B329_WT+F16";663;0.122400001;"H";"3";"y";111.195;955;NA;NA;0.694240837696335;"No"
53;"53_H4";"H4";"B329_WT+F16";657;0.124899998;"H";"4";"y";111.195;955;NA;NA;0.687958115183246;"No"
54;"54_H1";"H1";"B329_WT+F16";659;0.122599997;"H";"1";"y";154.9317;857;NA;NA;0.768961493582264;"No"
54;"54_H2";"H2";"B329_WT+F16";656;0.1193;"H";"2";"y";154.9317;857;NA;NA;0.765460910151692;"No"
54;"54_H3";"H3";"B329_WT+F16";597;0.116800003;"H";"3";"y";154.9317;857;NA;NA;0.696616102683781;"No"
54;"54_H4";"H4";"B329_WT+F16";600;0.119900003;"H";"4";"y";154.9317;857;NA;NA;0.700116686114352;"No"
55;"55_H1";"H1";"B329_WT+F16";759;0.119800001;"H";"1";"y";259.455;882;NA;NA;0.860544217687075;"No"
55;"55_H2";"H2";"B329_WT+F16";632;0.112599999;"H";"2";"y";259.455;882;NA;NA;0.71655328798186;"No"
55;"55_H3";"H3";"B329_WT+F16";606;0.120099999;"H";"3";"y";259.455;882;NA;NA;0.687074829931973;"No"
55;"55_H4";"H4";"B329_WT+F16";1132;0.130799994;"H";"4";"y";259.455;882;NA;NA;1.28344671201814;"No"
56;"56_H1";"H1";"B329_WT+F16";1245;0.167699993;"H";"1";"y";95.6277;936;NA;NA;1.3301282051282;"No"
56;"56_H2";"H2";"B329_WT+F16";849;0.142800003;"H";"2";"y";95.6277;936;NA;NA;0.907051282051282;"No"
56;"56_H3";"H3";"B329_WT+F16";850;0.142199993;"H";"3";"y";95.6277;936;NA;NA;0.908119658119658;"No"
56;"56_H4";"H4";"B329_WT+F16";864;0.137099996;"H";"4";"y";95.6277;936;NA;NA;0.923076923076923;"No"
57;"57_H1";"H1";"B329_WT+F16";833;0.137099996;"H";"1";"y";116.3841;938;NA;NA;0.888059701492537;"No"
57;"57_H2";"H2";"B329_WT+F16";737;0.123400003;"H";"2";"y";116.3841;938;NA;NA;0.785714285714286;"No"
57;"57_H3";"H3";"B329_WT+F16";772;0.1206;"H";"3";"y";116.3841;938;NA;NA;0.823027718550107;"No"
57;"57_H4";"H4";"B329_WT+F16";758;0.128399998;"H";"4";"y";116.3841;938;NA;NA;0.808102345415778;"No"
58;"58_H1";"H1";"B329_WT+F16";797;0.170200005;"H";"1";"y";74.13;895.5;NA;NA;0.89000558347292;"No"
58;"58_H2";"H2";"B329_WT+F16";742;0.141499996;"H";"2";"y";74.13;895.5;NA;NA;0.8285873813512;"No"
58;"58_H3";"H3";"B329_WT+F16";840;0.179499999;"H";"3";"y";74.13;895.5;NA;NA;0.938023450586265;"No"
58;"58_H4";"H4";"B329_WT+F16";770;0.141499996;"H";"4";"y";74.13;895.5;NA;NA;0.859854829704076;"No"
59;"59_H1";"H1";"B329_WT+F16";736;0.1131;"H";"1";"y";69.6822;888;NA;NA;0.828828828828829;"No"
59;"59_H2";"H2";"B329_WT+F16";690;0.108000003;"H";"2";"y";69.6822;888;NA;NA;0.777027027027027;"No"
59;"59_H3";"H3";"B329_WT+F16";703;0.122699998;"H";"3";"y";69.6822;888;NA;NA;0.791666666666667;"No"
59;"59_H4";"H4";"B329_WT+F16";801;0.138999999;"H";"4";"y";69.6822;888;NA;NA;0.902027027027027;"No"
60;"60_H1";"H1";"B329_WT+F16";742;0.315100014;"H";"1";"y";99.3342;878;NA;NA;0.845102505694761;"No"
60;"60_H2";"H2";"B329_WT+F16";710;0.119199999;"H";"2";"y";99.3342;878;NA;NA;0.808656036446469;"No"
60;"60_H3";"H3";"B329_WT+F16";757;0.1219;"H";"3";"y";99.3342;878;NA;NA;0.862186788154897;"No"
60;"60_H4";"H4";"B329_WT+F16";757;0.115800001;"H";"4";"y";99.3342;878;NA;NA;0.862186788154897;"No"
61;"61_H1";"H1";"B329_WT+F16";812;0.125100002;"H";"1";"y";57.0801;857.5;NA;NA;0.946938775510204;"No"
61;"61_H2";"H2";"B329_WT+F16";685;0.112999998;"H";"2";"y";57.0801;857.5;NA;NA;0.798833819241982;"No"
61;"61_H3";"H3";"B329_WT+F16";735;0.118100002;"H";"3";"y";57.0801;857.5;NA;NA;0.857142857142857;"No"
61;"61_H4";"H4";"B329_WT+F16";915;0.127299994;"H";"4";"y";57.0801;857.5;NA;NA;1.06705539358601;"No"
62;"62_H1";"H1";"B329_WT+F16";725;0.120200001;"H";"1";"y";71.1648;867.5;NA;NA;0.835734870317003;"No"
62;"62_H2";"H2";"B329_WT+F16";711;0.117200002;"H";"2";"y";71.1648;867.5;NA;NA;0.819596541786744;"No"
62;"62_H3";"H3";"B329_WT+F16";690;0.121399999;"H";"3";"y";71.1648;867.5;NA;NA;0.795389048991354;"No"
62;"62_H4";"H4";"B329_WT+F16";755;0.129899994;"H";"4";"y";71.1648;867.5;NA;NA;0.870317002881844;"No"
63;"63_H1";"H1";"B329_WT+F16";758;0.120999999;"H";"1";"y";101.5581;856;NA;NA;0.885514018691589;"No"
63;"63_H2";"H2";"B329_WT+F16";788;0.131600007;"H";"2";"y";101.5581;856;NA;NA;0.920560747663551;"No"
63;"63_H3";"H3";"B329_WT+F16";687;0.116400003;"H";"3";"y";101.5581;856;NA;NA;0.802570093457944;"No"
63;"63_H4";"H4";"B329_WT+F16";743;0.122900002;"H";"4";"y";101.5581;856;NA;NA;0.867990654205608;"No"
64;"64_H1";"H1";"B329_WT+F16";837;0.143999994;"H";"1";"y";127.5036;920;NA;NA;0.909782608695652;"No"
64;"64_H2";"H2";"B329_WT+F16";813;0.1382;"H";"2";"y";127.5036;920;NA;NA;0.883695652173913;"No"
64;"64_H3";"H3";"B329_WT+F16";977;0.153799996;"H";"3";"y";127.5036;920;NA;NA;1.06195652173913;"No"
64;"64_H4";"H4";"B329_WT+F16";826;0.144099995;"H";"4";"y";127.5036;920;NA;NA;0.897826086956522;"No"
65;"65_H1";"H1";"B329_WT+F16";992;0.1671;"H";"1";"y";206.0814;1024.5;NA;NA;0.968277208394339;"No"
65;"65_H2";"H2";"B329_WT+F16";935;0.158;"H";"2";"y";206.0814;1024.5;NA;NA;0.912640312347487;"No"
65;"65_H3";"H3";"B329_WT+F16";887;0.1538;"H";"3";"y";206.0814;1024.5;NA;NA;0.865788189360664;"No"
65;"65_H4";"H4";"B329_WT+F16";1038;0.1483;"H";"4";"y";206.0814;1024.5;NA;NA;1.01317715959004;"No"
66;"66_H1";"H1";"B329_WT+F16";838;0.1381;"H";"1";"y";157.8969;937.5;NA;NA;0.893866666666667;"No"
66;"66_H2";"H2";"B329_WT+F16";866;0.1394;"H";"2";"y";157.8969;937.5;NA;NA;0.923733333333333;"No"
66;"66_H3";"H3";"B329_WT+F16";917;0.1484;"H";"3";"y";157.8969;937.5;NA;NA;0.978133333333333;"No"
66;"66_H4";"H4";"B329_WT+F16";891;0.144;"H";"4";"y";157.8969;937.5;NA;NA;0.9504;"No"
67;"67_H1";"H1";"B329_WT+F16";821;0.1479;"H";"1";"y";100.8168;868;NA;NA;0.945852534562212;"No"
67;"67_H2";"H2";"B329_WT+F16";798;0.1353;"H";"2";"y";100.8168;868;NA;NA;0.919354838709677;"No"
67;"67_H3";"H3";"B329_WT+F16";822;0.1424;"H";"3";"y";100.8168;868;NA;NA;0.947004608294931;"No"
67;"67_H4";"H4";"B329_WT+F16";863;0.141;"H";"4";"y";100.8168;868;NA;NA;0.994239631336406;"No"
68;"68_H1";"H1";"B329_WT+F16";862;0.1537;"H";"1";"y";93.4038;848;NA;NA;1.01650943396226;"No"
68;"68_H2";"H2";"B329_WT+F16";825;0.141;"H";"2";"y";93.4038;848;NA;NA;0.972877358490566;"No"
68;"68_H3";"H3";"B329_WT+F16";846;0.1427;"H";"3";"y";93.4038;848;NA;NA;0.997641509433962;"No"
68;"68_H4";"H4";"B329_WT+F16";855;0.1387;"H";"4";"y";93.4038;848;NA;NA;1.00825471698113;"No"
69;"69_H1";"H1";"B329_WT+F16";777;0.1392;"H";"1";"y";167.5338;952.5;NA;NA;0.815748031496063;"No"
69;"69_H2";"H2";"B329_WT+F16";749;0.1308;"H";"2";"y";167.5338;952.5;NA;NA;0.786351706036745;"No"
69;"69_H3";"H3";"B329_WT+F16";786;0.1351;"H";"3";"y";167.5338;952.5;NA;NA;0.825196850393701;"No"
69;"69_H4";"H4";"B329_WT+F16";841;0.1326;"H";"4";"y";167.5338;952.5;NA;NA;0.882939632545932;"No"
70;"70_H1";"H1";"B329_WT+F16";792;0.1381;"H";"1";"y";108.2298;900.5;NA;NA;0.879511382565242;"No"
70;"70_H2";"H2";"B329_WT+F16";820;0.1315;"H";"2";"y";108.2298;900.5;NA;NA;0.910605219322599;"No"
70;"70_H3";"H3";"B329_WT+F16";846;0.1359;"H";"3";"y";108.2298;900.5;NA;NA;0.939478067740144;"No"
70;"70_H4";"H4";"B329_WT+F16";895;0.14;"H";"4";"y";108.2298;900.5;NA;NA;0.993892282065519;"No"
71;"71_H1";"H1";"B329_WT+F16";871;0.1408;"H";"1";"y";134.9166;872;NA;NA;0.998853211009174;"No"
71;"71_H2";"H2";"B329_WT+F16";844;0.138;"H";"2";"y";134.9166;872;NA;NA;0.967889908256881;"No"
71;"71_H3";"H3";"B329_WT+F16";867;0.1368;"H";"3";"y";134.9166;872;NA;NA;0.994266055045872;"No"
71;"71_H4";"H4";"B329_WT+F16";864;0.1401;"H";"4";"y";134.9166;872;NA;NA;0.990825688073395;"No"
72;"72_H1";"H1";"B329_WT+F16";931;0.1602;"H";"1";"y";89.6973;826.5;NA;NA;1.1264367816092;"No"
72;"72_H2";"H2";"B329_WT+F16";789;0.1398;"H";"2";"y";89.6973;826.5;NA;NA;0.954627949183303;"No"
72;"72_H3";"H3";"B329_WT+F16";816;0.143;"H";"3";"y";89.6973;826.5;NA;NA;0.987295825771325;"No"
72;"72_H4";"H4";"B329_WT+F16";841;0.1423;"H";"4";"y";89.6973;826.5;NA;NA;1.01754385964912;"No"
74;"74_H1";"H1";"B329_WT+F16";680;0.1349;"H";"1";"y";121.5732;808.5;NA;NA;0.841063698206555;"No"
74;"74_H2";"H2";"B329_WT+F16";669;0.1277;"H";"2";"y";121.5732;808.5;NA;NA;0.827458256029685;"No"
74;"74_H3";"H3";"B329_WT+F16";710;0.1325;"H";"3";"y";121.5732;808.5;NA;NA;0.878169449598021;"No"
74;"74_H4";"H4";"B329_WT+F16";771;0.1431;"H";"4";"y";121.5732;808.5;NA;NA;0.953617810760668;"No"
75;"75_H1";"H1";"B329_WT+F16";858;0.1643;"H";"1";"y";123.7971;662;NA;NA;1.29607250755287;"No"
75;"75_H2";"H2";"B329_WT+F16";841;0.1661;"H";"2";"y";123.7971;662;NA;NA;1.27039274924471;"No"
75;"75_H3";"H3";"B329_WT+F16";916;0.143;"H";"3";"y";123.7971;662;NA;NA;1.38368580060423;"No"
75;"75_H4";"H4";"B329_WT+F16";753;0.1551;"H";"4";"y";123.7971;662;NA;NA;1.13746223564955;"No"
76;"76_H1";"H1";"B329_WT+F16";598;0.1236;"H";"1";"y";63.0105;565.5;NA;NA;1.05747126436782;"No"
76;"76_H2";"H2";"B329_WT+F16";546;0.1227;"H";"2";"y";63.0105;565.5;NA;NA;0.96551724137931;"No"
76;"76_H3";"H3";"B329_WT+F16";618;0.126;"H";"3";"y";63.0105;565.5;NA;NA;1.09283819628647;"No"
76;"76_H4";"H4";"B329_WT+F16";680;0.1428;"H";"4";"y";63.0105;565.5;NA;NA;1.20247568523431;"No"
77;"77_H1";"H1";"B329_WT+F16";620;0.119;"H";"1";"y";100.8168;565.5;NA;NA;1.09637488947834;"No"
77;"77_H2";"H2";"B329_WT+F16";567;0.1112;"H";"2";"y";100.8168;565.5;NA;NA;1.0026525198939;"No"
77;"77_H3";"H3";"B329_WT+F16";638;0.1271;"H";"3";"y";100.8168;565.5;NA;NA;1.12820512820513;"No"
77;"77_H4";"H4";"B329_WT+F16";652;0.1199;"H";"4";"y";100.8168;565.5;NA;NA;1.15296198054819;"No"
78;"78_H1";"H1";"B329_WT+F16";585;0.1341;"H";"1";"y";117.8667;704.5;NA;NA;0.830376153300213;"No"
78;"78_H2";"H2";"B329_WT+F16";617;0.1149;"H";"2";"y";117.8667;704.5;NA;NA;0.875798438608942;"No"
78;"78_H3";"H3";"B329_WT+F16";704;0.1332;"H";"3";"y";117.8667;704.5;NA;NA;0.999290276792051;"No"
78;"78_H4";"H4";"B329_WT+F16";730;0.1361;"H";"4";"y";117.8667;704.5;NA;NA;1.03619588360539;"No"
79;"79_H1";"H1";"B329_WT+F16";756;0.1614;"H";"1";"y";96.369;784.5;NA;NA;0.963671128107075;"No"
79;"79_H2";"H2";"B329_WT+F16";712;0.145;"H";"2";"y";96.369;784.5;NA;NA;0.907584448693435;"No"
79;"79_H3";"H3";"B329_WT+F16";781;0.169;"H";"3";"y";96.369;784.5;NA;NA;0.995538559592097;"No"
79;"79_H4";"H4";"B329_WT+F16";850;0.1705;"H";"4";"y";96.369;784.5;NA;NA;1.08349267049076;"No"
80;"80_H1";"H1";"B329_WT+F16";666;0.1291;"H";"1";"y";85.9908;698;NA;NA;0.954154727793696;"No"
80;"80_H2";"H2";"B329_WT+F16";662;0.1197;"H";"2";"y";85.9908;698;NA;NA;0.948424068767908;"No"
80;"80_H3";"H3";"B329_WT+F16";688;0.1341;"H";"3";"y";85.9908;698;NA;NA;0.98567335243553;"No"
80;"80_H4";"H4";"B329_WT+F16";702;0.1379;"H";"4";"y";85.9908;698;NA;NA;1.00573065902579;"No"
81;"81_H1";"H1";"B329_WT+F16";693;0.1231;"H";"1";"y";51.891;701;NA;NA;0.988587731811698;"No"
81;"81_H2";"H2";"B329_WT+F16";694;0.1139;"H";"2";"y";51.891;701;NA;NA;0.990014265335235;"No"
81;"81_H3";"H3";"B329_WT+F16";732;0.1276;"H";"3";"y";51.891;701;NA;NA;1.04422253922967;"No"
81;"81_H4";"H4";"B329_WT+F16";729;0.1323;"H";"4";"y";51.891;701;NA;NA;1.03994293865906;"No"
82;"82_H1";"H1";"B329_WT+F16";719;0.1338;"H";"1";"y";54.1149;680;NA;NA;1.05735294117647;"No"
82;"82_H2";"H2";"B329_WT+F16";672;0.1232;"H";"2";"y";54.1149;680;NA;NA;0.988235294117647;"No"
82;"82_H3";"H3";"B329_WT+F16";692;0.1364;"H";"3";"y";54.1149;680;NA;NA;1.01764705882353;"No"
82;"82_H4";"H4";"B329_WT+F16";738;0.1351;"H";"4";"y";54.1149;680;NA;NA;1.08529411764706;"No"
83;"83_H1";"H1";"B329_WT+F16";1310;0.2114;"H";"1";"y";102.2994;818;NA;NA;1.60146699266504;"No"
83;"83_H2";"H2";"B329_WT+F16";1228;0.1881;"H";"2";"y";102.2994;818;NA;NA;1.50122249388753;"No"
83;"83_H3";"H3";"B329_WT+F16";1334;0.203;"H";"3";"y";102.2994;818;NA;NA;1.63080684596577;"No"
83;"83_H4";"H4";"B329_WT+F16";1385;0.2365;"H";"4";"y";102.2994;818;NA;NA;1.69315403422983;"No"
84;"84_H1";"H1";"B329_WT+F16";978;0.1392;"H";"1";"y";81.543;679.5;NA;NA;1.439293598234;"No"
84;"84_H2";"H2";"B329_WT+F16";996;0.1336;"H";"2";"y";81.543;679.5;NA;NA;1.46578366445916;"No"
84;"84_H3";"H3";"B329_WT+F16";1089;0.1592;"H";"3";"y";81.543;679.5;NA;NA;1.60264900662252;"No"
84;"84_H4";"H4";"B329_WT+F16";1095;0.1535;"H";"4";"y";81.543;679.5;NA;NA;1.61147902869757;"No"
85;"85_H1";"H1";"B329_WT+F16";902;0.119;"H";"1";"y";84.5082;677.5;NA;NA;1.33136531365314;"No"
85;"85_H2";"H2";"B329_WT+F16";986;0.1424;"H";"2";"y";84.5082;677.5;NA;NA;1.45535055350554;"No"
85;"85_H3";"H3";"B329_WT+F16";995;0.1436;"H";"3";"y";84.5082;677.5;NA;NA;1.46863468634686;"No"
85;"85_H4";"H4";"B329_WT+F16";999;0.1388;"H";"4";"y";84.5082;677.5;NA;NA;1.47453874538745;"No"
86;"86_H1";"H1";"B329_WT+F16";971;0.1389;"H";"1";"y";85.2495;618;NA;NA;1.57119741100324;"No"
86;"86_H2";"H2";"B329_WT+F16";902;0.1261;"H";"2";"y";85.2495;618;NA;NA;1.45954692556634;"No"
86;"86_H3";"H3";"B329_WT+F16";850;0.1222;"H";"3";"y";85.2495;618;NA;NA;1.37540453074434;"No"
86;"86_H4";"H4";"B329_WT+F16";903;0.1225;"H";"4";"y";85.2495;618;NA;NA;1.46116504854369;"No"
88;"88_H1";"H1";"B329_WT+F16";863;0.1444;"H";"1";"y";83.0256;628;NA;NA;1.37420382165605;"No"
88;"88_H2";"H2";"B329_WT+F16";718;0.1216;"H";"2";"y";83.0256;628;NA;NA;1.14331210191083;"No"
88;"88_H3";"H3";"B329_WT+F16";680;0.129;"H";"3";"y";83.0256;628;NA;NA;1.0828025477707;"No"
88;"88_H4";"H4";"B329_WT+F16";729;0.1309;"H";"4";"y";83.0256;628;NA;NA;1.16082802547771;"No"
89;"89_H1";"H1";"B329_WT+F16";795;0.1237;"H";"1";"y";120.8319;691;NA;NA;1.15050651230101;"No"
89;"89_H2";"H2";"B329_WT+F16";698;0.1215;"H";"2";"y";120.8319;691;NA;NA;1.01013024602026;"No"
89;"89_H3";"H3";"B329_WT+F16";769;0.1289;"H";"3";"y";120.8319;691;NA;NA;1.11287988422576;"No"
89;"89_H4";"H4";"B329_WT+F16";838;0.1358;"H";"4";"y";120.8319;691;NA;NA;1.21273516642547;"No"
90;"90_H1";"H1";"B329_WT+F16";816;0.1343;"H";"1";"y";116.3841;784;NA;NA;1.04081632653061;"No"
90;"90_H2";"H2";"B329_WT+F16";1022;0.1579;"H";"2";"y";116.3841;784;NA;NA;1.30357142857143;"No"
90;"90_H3";"H3";"B329_WT+F16";1020;0.158;"H";"3";"y";116.3841;784;NA;NA;1.30102040816327;"No"
90;"90_H4";"H4";"B329_WT+F16";806;0.141;"H";"4";"y";116.3841;784;NA;NA;1.0280612244898;"No"
91;"91_H1";"H1";"B329_WT+F16";746;0.1371;"H";"1";"y";169.7577;669;NA;NA;1.11509715994021;"No"
91;"91_H2";"H2";"B329_WT+F16";664;0.1222;"H";"2";"y";169.7577;669;NA;NA;0.992526158445441;"No"
91;"91_H3";"H3";"B329_WT+F16";994;0.1347;"H";"3";"y";169.7577;669;NA;NA;1.48579970104634;"No"
91;"91_H4";"H4";"B329_WT+F16";864;0.1368;"H";"4";"y";169.7577;669;NA;NA;1.2914798206278;"No"
92;"92_H1";"H1";"B329_WT+F16";843;0.1342;"H";"1";"y";98.5929;782.5;NA;NA;1.07731629392971;"No"
92;"92_H2";"H2";"B329_WT+F16";748;0.1248;"H";"2";"y";98.5929;782.5;NA;NA;0.95591054313099;"No"
92;"92_H3";"H3";"B329_WT+F16";823;0.1412;"H";"3";"y";98.5929;782.5;NA;NA;1.0517571884984;"No"
92;"92_H4";"H4";"B329_WT+F16";746;0.1319;"H";"4";"y";98.5929;782.5;NA;NA;0.95335463258786;"No"
93;"93_H1";"H1";"B329_WT+F16";668;0.1272;"H";"1";"y";71.9061;745.5;NA;NA;0.896042924211938;"No"
93;"93_H2";"H2";"B329_WT+F16";721;0.1282;"H";"2";"y";71.9061;745.5;NA;NA;0.967136150234742;"No"
93;"93_H3";"H3";"B329_WT+F16";697;0.1158;"H";"3";"y";71.9061;745.5;NA;NA;0.934942991281019;"No"
93;"93_H4";"H4";"B329_WT+F16";669;0.1204;"H";"4";"y";71.9061;745.5;NA;NA;0.89738430583501;"No"
94;"94_H1";"H1";"B329_WT+F16";612;0.11;"H";"1";"y";128.9862;775.5;NA;NA;0.789168278529981;"No"
94;"94_H2";"H2";"B329_WT+F16";550;0.1104;"H";"2";"y";128.9862;775.5;NA;NA;0.709219858156028;"No"
94;"94_H3";"H3";"B329_WT+F16";595;0.1101;"H";"3";"y";128.9862;775.5;NA;NA;0.767246937459703;"No"
94;"94_H4";"H4";"B329_WT+F16";688;0.114;"H";"4";"y";128.9862;775.5;NA;NA;0.887169568020632;"No"
95;"95_H1";"H1";"B329_WT+F16";1433;0.1551;"H";"1";"y";91.1799;738;NA;NA;1.94173441734417;"No"
95;"95_H2";"H2";"B329_WT+F16";628;0.1191;"H";"2";"y";91.1799;738;NA;NA;0.850948509485095;"No"
95;"95_H3";"H3";"B329_WT+F16";973;0.1953;"H";"3";"y";91.1799;738;NA;NA;1.31842818428184;"No"
95;"95_H4";"H4";"B329_WT+F16";720;0.1073;"H";"4";"y";91.1799;738;NA;NA;0.975609756097561;"No"
96;"96_H1";"H1";"B329_WT+F16";650;0.1103;"H";"1";"y";78.5778;689;NA;NA;0.943396226415094;"No"
96;"96_H2";"H2";"B329_WT+F16";556;0.1037;"H";"2";"y";78.5778;689;NA;NA;0.806966618287373;"No"
96;"96_H3";"H3";"B329_WT+F16";624;0.1142;"H";"3";"y";78.5778;689;NA;NA;0.905660377358491;"No"
96;"96_H4";"H4";"B329_WT+F16";674;0.1097;"H";"4";"y";78.5778;689;NA;NA;0.978229317851959;"No"
97;"97_H1";"H1";"B329_WT+F16";641;0.1154;"H";"1";"y";69.6822;642.5;NA;NA;0.997665369649805;"No"
97;"97_H2";"H2";"B329_WT+F16";600;0.1256;"H";"2";"y";69.6822;642.5;NA;NA;0.933852140077821;"No"
97;"97_H3";"H3";"B329_WT+F16";830;0.1233;"H";"3";"y";69.6822;642.5;NA;NA;1.29182879377432;"No"
97;"97_H4";"H4";"B329_WT+F16";595;0.1138;"H";"4";"y";69.6822;642.5;NA;NA;0.926070038910506;"No"
98;"98_H1";"H1";"B329_WT+F16";635;0.1183;"H";"1";"y";71.9061;638.5;NA;NA;0.994518402505873;"No"
98;"98_H2";"H2";"B329_WT+F16";560;0.1075;"H";"2";"y";71.9061;638.5;NA;NA;0.877055599060298;"No"
98;"98_H3";"H3";"B329_WT+F16";575;0.1124;"H";"3";"y";71.9061;638.5;NA;NA;0.900548159749413;"No"
98;"98_H4";"H4";"B329_WT+F16";608;0.1063;"H";"4";"y";71.9061;638.5;NA;NA;0.952231793265466;"No"
99;"99_H1";"H1";"B329_WT+F16";705;0.1241;"H";"1";"y";68.1996;647;NA;NA;1.08964451313756;"No"
99;"99_H2";"H2";"B329_WT+F16";680;0.123;"H";"2";"y";68.1996;647;NA;NA;1.05100463678516;"No"
99;"99_H3";"H3";"B329_WT+F16";699;0.1248;"H";"3";"y";68.1996;647;NA;NA;1.08037094281298;"No"
99;"99_H4";"H4";"B329_WT+F16";653;0.1201;"H";"4";"y";68.1996;647;NA;NA;1.00927357032457;"No"
100;"100_H1";"H1";"B329_WT+F16";574;0.1191;"H";"1";"y";97.8516;650;NA;NA;0.883076923076923;"No"
100;"100_H2";"H2";"B329_WT+F16";822;0.1229;"H";"2";"y";97.8516;650;NA;NA;1.26461538461538;"No"
100;"100_H3";"H3";"B329_WT+F16";562;0.1197;"H";"3";"y";97.8516;650;NA;NA;0.864615384615385;"No"
100;"100_H4";"H4";"B329_WT+F16";607;0.1207;"H";"4";"y";97.8516;650;NA;NA;0.933846153846154;"No"
1;"1_H10";"H10";"B329_WT";433;0.1757;"H";"10";"y";110.4537;882.5;NA;NA;0.490651558073654;"No"
1;"1_H11";"H11";"B329_WT";420;0.1812;"H";"11";"y";110.4537;882.5;NA;NA;0.475920679886686;"No"
1;"1_H12";"H12";"B329_WT";411;0.2142;"H";"12";"y";110.4537;882.5;NA;NA;0.465722379603399;"No"
1;"1_H9";"H9";"B329_WT";425;0.1826;"H";"9";"y";110.4537;882.5;NA;NA;0.481586402266289;"No"
2;"2_H10";"H10";"B329_WT";440;0.1825;"H";"10";"y";91.9212;786;NA;NA;0.559796437659033;"No"
2;"2_H11";"H11";"B329_WT";NA;NA;"H";"11";"y";91.9212;786;NA;NA;NA;"No"
2;"2_H12";"H12";"B329_WT";422;0.2093;"H";"12";"y";91.9212;786;NA;NA;0.536895674300254;"No"
2;"2_H9";"H9";"B329_WT";475;0.1257;"H";"9";"y";91.9212;786;NA;NA;0.604325699745547;"No"
3;"3_H10";"H10";"B329_WT";462;0.1144;"H";"10";"y";55.5975;787;NA;NA;0.587039390088945;"No"
3;"3_H11";"H11";"B329_WT";437;0.1117;"H";"11";"y";55.5975;787;NA;NA;0.555273189326557;"No"
3;"3_H12";"H12";"B329_WT";391;0.1947;"H";"12";"y";55.5975;787;NA;NA;0.496823379923761;"No"
3;"3_H9";"H9";"B329_WT";452;0.1144;"H";"9";"y";55.5975;787;NA;NA;0.57433290978399;"No"
4;"4_H10";"H10";"B329_WT";739;0.161;"H";"10";"y";94.1451;799.5;NA;NA;0.92432770481551;"No"
4;"4_H11";"H11";"B329_WT";676;0.1313;"H";"11";"y";94.1451;799.5;NA;NA;0.845528455284553;"No"
4;"4_H12";"H12";"B329_WT";584;0.1907;"H";"12";"y";94.1451;799.5;NA;NA;0.730456535334584;"No"
4;"4_H9";"H9";"B329_WT";786;0.1126;"H";"9";"y";94.1451;799.5;NA;NA;0.983114446529081;"No"
5;"5_H10";"H10";"B329_WT";449;0.1209;"H";"10";"y";100.0755;825;NA;NA;0.544242424242424;"No"
5;"5_H11";"H11";"B329_WT";447;0.1053;"H";"11";"y";100.0755;825;NA;NA;0.541818181818182;"No"
5;"5_H12";"H12";"B329_WT";452;0.1724;"H";"12";"y";100.0755;825;NA;NA;0.547878787878788;"No"
5;"5_H9";"H9";"B329_WT";480;0.0986;"H";"9";"y";100.0755;825;NA;NA;0.581818181818182;"No"
6;"6_H10";"H10";"B329_WT";458;0.1012;"H";"10";"y";100.8168;877.5;NA;NA;0.521937321937322;"No"
6;"6_H11";"H11";"B329_WT";434;0.1886;"H";"11";"y";100.8168;877.5;NA;NA;0.494586894586895;"No"
6;"6_H12";"H12";"B329_WT";499;0.2171;"H";"12";"y";100.8168;877.5;NA;NA;0.568660968660969;"No"
6;"6_H9";"H9";"B329_WT";508;0.0966;"H";"9";"y";100.8168;877.5;NA;NA;0.578917378917379;"No"
7;"7_H10";"H10";"B329_WT";423;0.1005;"H";"10";"y";67.4583;819;NA;NA;0.516483516483517;"No"
7;"7_H11";"H11";"B329_WT";419;0.1129;"H";"11";"y";67.4583;819;NA;NA;0.511599511599512;"No"
7;"7_H12";"H12";"B329_WT";411;0.2041;"H";"12";"y";67.4583;819;NA;NA;0.501831501831502;"No"
7;"7_H9";"H9";"B329_WT";446;0.1187;"H";"9";"y";67.4583;819;NA;NA;0.544566544566545;"No"
8;"8_H10";"H10";"B329_WT";430;0.1071;"H";"10";"y";117.1254;788;NA;NA;0.545685279187817;"No"
8;"8_H11";"H11";"B329_WT";426;0.1181;"H";"11";"y";117.1254;788;NA;NA;0.540609137055838;"No"
8;"8_H12";"H12";"B329_WT";422;0.2011;"H";"12";"y";117.1254;788;NA;NA;0.535532994923858;"No"
8;"8_H9";"H9";"B329_WT";439;0.1023;"H";"9";"y";117.1254;788;NA;NA;0.557106598984772;"No"
9;"9_H10";"H10";"B329_WT";431;0.1151;"H";"10";"y";63.7518;752;NA;NA;0.57313829787234;"No"
9;"9_H11";"H11";"B329_WT";431;0.1196;"H";"11";"y";63.7518;752;NA;NA;0.57313829787234;"No"
9;"9_H12";"H12";"B329_WT";407;0.1842;"H";"12";"y";63.7518;752;NA;NA;0.541223404255319;"No"
9;"9_H9";"H9";"B329_WT";441;0.1466;"H";"9";"y";63.7518;752;NA;NA;0.586436170212766;"No"
10;"10_H10";"H10";"B329_WT";692;0.1377;"H";"10";"y";91.1799;777;NA;NA;0.890604890604891;"No"
10;"10_H11";"H11";"B329_WT";409;0.131;"H";"11";"y";91.1799;777;NA;NA;0.526383526383526;"No"
10;"10_H12";"H12";"B329_WT";419;0.1805;"H";"12";"y";91.1799;777;NA;NA;0.539253539253539;"No"
10;"10_H9";"H9";"B329_WT";422;0.1446;"H";"9";"y";91.1799;777;NA;NA;0.543114543114543;"No"
11;"11_H10";"H10";"B329_WT";410;0.1927;"H";"10";"y";99.3342;715;NA;NA;0.573426573426573;"No"
11;"11_H11";"H11";"B329_WT";396;0.1644;"H";"11";"y";99.3342;715;NA;NA;0.553846153846154;"No"
11;"11_H12";"H12";"B329_WT";408;0.1634;"H";"12";"y";99.3342;715;NA;NA;0.570629370629371;"No"
11;"11_H9";"H9";"B329_WT";394;0.127;"H";"9";"y";99.3342;715;NA;NA;0.551048951048951;"No"
12;"12_H10";"H10";"B329_WT";383;0.1862;"H";"10";"y";172.7229;870;NA;NA;0.440229885057471;"No"
12;"12_H11";"H11";"B329_WT";400;0.1966;"H";"11";"y";172.7229;870;NA;NA;0.459770114942529;"No"
12;"12_H12";"H12";"B329_WT";404;0.1947;"H";"12";"y";172.7229;870;NA;NA;0.464367816091954;"No"
12;"12_H9";"H9";"B329_WT";389;0.1851;"H";"9";"y";172.7229;870;NA;NA;0.447126436781609;"No"
13;"13_H10";"H10";"B329_WT";427;0.199399993;"H";"10";"y";168.2751;863.5;NA;NA;0.494499131441807;"No"
13;"13_H11";"H11";"B329_WT";427;0.191499993;"H";"11";"y";168.2751;863.5;NA;NA;0.494499131441807;"No"
13;"13_H12";"H12";"B329_WT";401;0.191699997;"H";"12";"y";168.2751;863.5;NA;NA;0.464389114070643;"No"
13;"13_H9";"H9";"B329_WT";424;0.208900005;"H";"9";"y";168.2751;863.5;NA;NA;0.491024898668211;"No"
14;"14_H10";"H10";"B329_WT";410;0.167899996;"H";"10";"y";112.6776;911;NA;NA;0.450054884742042;"No"
14;"14_H11";"H11";"B329_WT";425;0.171100006;"H";"11";"y";112.6776;911;NA;NA;0.466520307354555;"No"
14;"14_H12";"H12";"B329_WT";406;0.163100004;"H";"12";"y";112.6776;911;NA;NA;0.445664105378705;"No"
14;"14_H9";"H9";"B329_WT";418;0.163399994;"H";"9";"y";112.6776;911;NA;NA;0.458836443468716;"No"
15;"15_H10";"H10";"B329_WT";424;0.160500005;"H";"10";"y";100.0755;870.5;NA;NA;0.487076392877657;"No"
15;"15_H11";"H11";"B329_WT";453;0.162699997;"H";"11";"y";100.0755;870.5;NA;NA;0.520390580126364;"No"
15;"15_H12";"H12";"B329_WT";411;0.159199998;"H";"12";"y";100.0755;870.5;NA;NA;0.472142446869615;"No"
15;"15_H9";"H9";"B329_WT";437;0.123099998;"H";"9";"y";100.0755;870.5;NA;NA;0.502010338885698;"No"
16;"16_H10";"H10";"B329_WT";413;0.150999993;"H";"10";"y";139.3644;950.5;NA;NA;0.434508153603367;"No"
16;"16_H11";"H11";"B329_WT";435;0.150399998;"H";"11";"y";139.3644;950.5;NA;NA;0.457653866386113;"No"
16;"16_H12";"H12";"B329_WT";404;0.151999995;"H";"12";"y";139.3644;950.5;NA;NA;0.425039452919516;"No"
16;"16_H9";"H9";"B329_WT";409;0.131300002;"H";"9";"y";139.3644;950.5;NA;NA;0.430299842188322;"No"
17;"17_H10";"H10";"B329_WT";401;0.145699993;"H";"10";"y";108.9711;908;NA;NA;0.441629955947137;"No"
17;"17_H11";"H11";"B329_WT";427;0.148699999;"H";"11";"y";108.9711;908;NA;NA;0.470264317180617;"No"
17;"17_H12";"H12";"B329_WT";410;0.166800007;"H";"12";"y";108.9711;908;NA;NA;0.451541850220264;"No"
17;"17_H9";"H9";"B329_WT";412;0.121699996;"H";"9";"y";108.9711;908;NA;NA;0.45374449339207;"No"
18;"18_H10";"H10";"B329_WT";450;0.134100005;"H";"10";"y";107.4885;947.5;NA;NA;0.474934036939314;"No"
18;"18_H11";"H11";"B329_WT";466;0.153899997;"H";"11";"y";107.4885;947.5;NA;NA;0.491820580474934;"No"
18;"18_H12";"H12";"B329_WT";419;0.167899996;"H";"12";"y";107.4885;947.5;NA;NA;0.44221635883905;"No"
18;"18_H9";"H9";"B329_WT";462;0.108000003;"H";"9";"y";107.4885;947.5;NA;NA;0.487598944591029;"No"
19;"19_H10";"H10";"B329_WT";434;0.128099993;"H";"10";"y";106.0059;957;NA;NA;0.45350052246604;"No"
19;"19_H11";"H11";"B329_WT";460;0.145899996;"H";"11";"y";106.0059;957;NA;NA;0.480668756530825;"No"
19;"19_H12";"H12";"B329_WT";433;0.156399995;"H";"12";"y";106.0059;957;NA;NA;0.452455590386625;"No"
19;"19_H9";"H9";"B329_WT";449;0.0977;"H";"9";"y";106.0059;957;NA;NA;0.469174503657262;"No"
20;"20_H10";"H10";"B329_WT";455;0.138099998;"H";"10";"y";77.0952;1013;NA;NA;0.449160908193485;"No"
20;"20_H11";"H11";"B329_WT";464;0.155300006;"H";"11";"y";77.0952;1013;NA;NA;0.458045409674235;"No"
20;"20_H12";"H12";"B329_WT";446;0.176300004;"H";"12";"y";77.0952;1013;NA;NA;0.440276406712734;"No"
20;"20_H9";"H9";"B329_WT";465;0.1206;"H";"9";"y";77.0952;1013;NA;NA;0.459032576505429;"No"
21;"21_H10";"H10";"B329_WT";442;0.134100005;"H";"10";"y";70.4235;947.5;NA;NA;0.466490765171504;"No"
21;"21_H11";"H11";"B329_WT";444;0.145099998;"H";"11";"y";70.4235;947.5;NA;NA;0.468601583113456;"No"
21;"21_H12";"H12";"B329_WT";462;0.185599998;"H";"12";"y";70.4235;947.5;NA;NA;0.487598944591029;"No"
21;"21_H9";"H9";"B329_WT";459;0.115400001;"H";"9";"y";70.4235;947.5;NA;NA;0.4844327176781;"No"
22;"22_H10";"H10";"B329_WT";467;0.166600004;"H";"10";"y";194.2206;1113.5;NA;NA;0.419398293668612;"No"
22;"22_H11";"H11";"B329_WT";470;0.165000007;"H";"11";"y";194.2206;1113.5;NA;NA;0.422092501122586;"No"
22;"22_H12";"H12";"B329_WT";448;0.1831;"H";"12";"y";194.2206;1113.5;NA;NA;0.402334979793444;"No"
22;"22_H9";"H9";"B329_WT";475;0.150999993;"H";"9";"y";194.2206;1113.5;NA;NA;0.42658284687921;"No"
23;"23_H10";"H10";"B329_WT";471;0.1206;"H";"10";"y";119.3493;1087.5;NA;NA;0.433103448275862;"No"
23;"23_H11";"H11";"B329_WT";468;0.175099999;"H";"11";"y";119.3493;1087.5;NA;NA;0.430344827586207;"No"
23;"23_H12";"H12";"B329_WT";451;0.186100006;"H";"12";"y";119.3493;1087.5;NA;NA;0.414712643678161;"No"
23;"23_H9";"H9";"B329_WT";485;0.103;"H";"9";"y";119.3493;1087.5;NA;NA;0.445977011494253;"No"
24;"24_H10";"H10";"B329_WT";453;0.1171;"H";"10";"y";112.6776;1022.5;NA;NA;0.443031784841076;"No"
24;"24_H11";"H11";"B329_WT";462;0.148599997;"H";"11";"y";112.6776;1022.5;NA;NA;0.451833740831296;"No"
24;"24_H12";"H12";"B329_WT";438;0.189700007;"H";"12";"y";112.6776;1022.5;NA;NA;0.428361858190709;"No"
24;"24_H9";"H9";"B329_WT";456;0.116300002;"H";"9";"y";112.6776;1022.5;NA;NA;0.445965770171149;"No"
25;"25_H10";"H10";"B329_WT";446;0.202600002;"H";"10";"y";289.107;1070;NA;NA;0.416822429906542;"No"
25;"25_H11";"H11";"B329_WT";474;0.204799995;"H";"11";"y";289.107;1070;NA;NA;0.442990654205607;"No"
25;"25_H12";"H12";"B329_WT";437;0.203600004;"H";"12";"y";289.107;1070;NA;NA;0.408411214953271;"No"
25;"25_H9";"H9";"B329_WT";456;0.177100003;"H";"9";"y";289.107;1070;NA;NA;0.426168224299065;"No"
26;"26_H10";"H10";"B329_WT";414;0.1228;"H";"10";"y";100.0755;772.5;NA;NA;0.535922330097087;"No"
26;"26_H11";"H11";"B329_WT";420;0.128000006;"H";"11";"y";100.0755;772.5;NA;NA;0.54368932038835;"No"
26;"26_H12";"H12";"B329_WT";424;0.184100002;"H";"12";"y";100.0755;772.5;NA;NA;0.548867313915858;"No"
26;"26_H9";"H9";"B329_WT";417;0.145199999;"H";"9";"y";100.0755;772.5;NA;NA;0.539805825242718;"No"
27;"27_H10";"H10";"B329_WT";443;0.089199997;"H";"10";"y";95.6277;918.5;NA;NA;0.482308111050626;"No"
27;"27_H11";"H11";"B329_WT";447;0.088699996;"H";"11";"y";95.6277;918.5;NA;NA;0.486663037561241;"No"
27;"27_H12";"H12";"B329_WT";451;0.156599998;"H";"12";"y";95.6277;918.5;NA;NA;0.491017964071856;"No"
27;"27_H9";"H9";"B329_WT";461;0.092500001;"H";"9";"y";95.6277;918.5;NA;NA;0.501905280348394;"No"
28;"28_H10";"H10";"B329_WT";401;0.086900003;"H";"10";"y";96.369;850;NA;NA;0.471764705882353;"No"
28;"28_H11";"H11";"B329_WT";414;0.085699998;"H";"11";"y";96.369;850;NA;NA;0.487058823529412;"No"
28;"28_H12";"H12";"B329_WT";424;0.091700003;"H";"12";"y";96.369;850;NA;NA;0.498823529411765;"No"
28;"28_H9";"H9";"B329_WT";438;0.086400002;"H";"9";"y";96.369;850;NA;NA;0.515294117647059;"No"
29;"29_H9";"H9";"B329_WT";422;0.093599997;"H";"9";"y";131.9514;868;NA;NA;0.486175115207373;"No"
30;"30_H10";"H10";"B329_WT";432;0.085699998;"H";"10";"y";110.4537;914.5;NA;NA;0.472389283761618;"No"
30;"30_H11";"H11";"B329_WT";441;0.084799998;"H";"11";"y";110.4537;914.5;NA;NA;0.482230727173319;"No"
30;"30_H12";"H12";"B329_WT";459;0.085699998;"H";"12";"y";110.4537;914.5;NA;NA;0.50191361399672;"No"
30;"30_H9";"H9";"B329_WT";426;0.085600004;"H";"9";"y";110.4537;914.5;NA;NA;0.465828321487151;"No"
31;"31_H10";"H10";"B329_WT";441;0.093800001;"H";"10";"y";93.4038;846;NA;NA;0.521276595744681;"No"
31;"31_H11";"H11";"B329_WT";437;0.092900001;"H";"11";"y";93.4038;846;NA;NA;0.516548463356974;"No"
31;"31_H12";"H12";"B329_WT";447;0.108800001;"H";"12";"y";93.4038;846;NA;NA;0.528368794326241;"No"
31;"31_H9";"H9";"B329_WT";458;0.086400002;"H";"9";"y";93.4038;846;NA;NA;0.541371158392435;"No"
32;"32_H10";"H10";"B329_WT";441;0.086400002;"H";"10";"y";114.1602;838;NA;NA;0.526252983293556;"No"
32;"32_H11";"H11";"B329_WT";470;0.085699998;"H";"11";"y";114.1602;838;NA;NA;0.560859188544153;"No"
32;"32_H12";"H12";"B329_WT";462;0.088;"H";"12";"y";114.1602;838;NA;NA;0.551312649164678;"No"
32;"32_H9";"H9";"B329_WT";448;0.087200001;"H";"9";"y";114.1602;838;NA;NA;0.534606205250597;"No"
33;"33_H10";"H10";"B329_WT";422;0.089199997;"H";"10";"y";186.8076;966.5;NA;NA;0.436627004655975;"No"
33;"33_H11";"H11";"B329_WT";422;0.087300003;"H";"11";"y";186.8076;966.5;NA;NA;0.436627004655975;"No"
33;"33_H12";"H12";"B329_WT";446;0.094800003;"H";"12";"y";186.8076;966.5;NA;NA;0.461458872219348;"No"
33;"33_H9";"H9";"B329_WT";429;0.086099997;"H";"9";"y";186.8076;966.5;NA;NA;0.443869632695292;"No"
34;"34_H10";"H10";"B329_WT";418;0.138699993;"H";"10";"y";114.1602;845;NA;NA;0.494674556213018;"No"
34;"34_H11";"H11";"B329_WT";426;0.121699996;"H";"11";"y";114.1602;845;NA;NA;0.50414201183432;"No"
34;"34_H12";"H12";"B329_WT";439;0.152999997;"H";"12";"y";114.1602;845;NA;NA;0.519526627218935;"No"
34;"34_H9";"H9";"B329_WT";430;0.0876;"H";"9";"y";114.1602;845;NA;NA;0.50887573964497;"No"
35;"35_H10";"H10";"B329_WT";408;0.133200005;"H";"10";"y";138.6231;920;NA;NA;0.443478260869565;"No"
35;"35_H11";"H11";"B329_WT";411;0.144099995;"H";"11";"y";138.6231;920;NA;NA;0.446739130434783;"No"
35;"35_H12";"H12";"B329_WT";421;0.168799996;"H";"12";"y";138.6231;920;NA;NA;0.457608695652174;"No"
35;"35_H9";"H9";"B329_WT";411;0.111000001;"H";"9";"y";138.6231;920;NA;NA;0.446739130434783;"No"
36;"36_H10";"H10";"B329_WT";436;0.111599997;"H";"10";"y";216.4596;1040.5;NA;NA;0.41902931283037;"No"
36;"36_H11";"H11";"B329_WT";444;0.105599999;"H";"11";"y";216.4596;1040.5;NA;NA;0.426717924074964;"No"
36;"36_H12";"H12";"B329_WT";421;0.189700007;"H";"12";"y";216.4596;1040.5;NA;NA;0.404613166746756;"No"
36;"36_H9";"H9";"B329_WT";426;0.1008;"H";"9";"y";216.4596;1040.5;NA;NA;0.409418548774628;"No"
37;"37_H10";"H10";"B329_WT";429;0.094099998;"H";"10";"y";84.5082;848.5;NA;NA;0.505598114319387;"No"
37;"37_H11";"H11";"B329_WT";445;0.098099999;"H";"11";"y";84.5082;848.5;NA;NA;0.524454920447849;"No"
37;"37_H12";"H12";"B329_WT";430;0.104199998;"H";"12";"y";84.5082;848.5;NA;NA;0.506776664702416;"No"
37;"37_H9";"H9";"B329_WT";426;0.095100001;"H";"9";"y";84.5082;848.5;NA;NA;0.502062463170301;"No"
38;"38_H10";"H10";"B329_WT";453;0.103799999;"H";"10";"y";91.9212;826;NA;NA;0.548426150121065;"No"
38;"38_H11";"H11";"B329_WT";457;0.115400001;"H";"11";"y";91.9212;826;NA;NA;0.553268765133172;"No"
38;"38_H12";"H12";"B329_WT";451;0.140300006;"H";"12";"y";91.9212;826;NA;NA;0.546004842615012;"No"
38;"38_H9";"H9";"B329_WT";453;0.094400004;"H";"9";"y";91.9212;826;NA;NA;0.548426150121065;"No"
39;"39_H10";"H10";"B329_WT";454;0.1052;"H";"10";"y";101.5581;960.5;NA;NA;0.472670484122853;"No"
39;"39_H11";"H11";"B329_WT";474;0.109800003;"H";"11";"y";101.5581;960.5;NA;NA;0.493492972410203;"No"
39;"39_H12";"H12";"B329_WT";444;0.1505;"H";"12";"y";101.5581;960.5;NA;NA;0.462259239979178;"No"
39;"39_H9";"H9";"B329_WT";457;0.0955;"H";"9";"y";101.5581;960.5;NA;NA;0.475793857365955;"No"
40;"40_H10";"H10";"B329_WT";457;0.100599997;"H";"10";"y";100.0755;827.5;NA;NA;0.55226586102719;"No"
40;"40_H11";"H11";"B329_WT";460;0.1171;"H";"11";"y";100.0755;827.5;NA;NA;0.555891238670695;"No"
40;"40_H12";"H12";"B329_WT";430;0.156100005;"H";"12";"y";100.0755;827.5;NA;NA;0.51963746223565;"No"
40;"40_H9";"H9";"B329_WT";444;0.087499999;"H";"9";"y";100.0755;827.5;NA;NA;0.536555891238671;"No"
42;"42_H10";"H10";"B329_WT";435;0.1193;"H";"10";"y";126.021;925;NA;NA;0.47027027027027;"No"
42;"42_H11";"H11";"B329_WT";458;0.141100004;"H";"11";"y";126.021;925;NA;NA;0.495135135135135;"No"
42;"42_H12";"H12";"B329_WT";440;0.169400007;"H";"12";"y";126.021;925;NA;NA;0.475675675675676;"No"
42;"42_H9";"H9";"B329_WT";451;0.105400003;"H";"9";"y";126.021;925;NA;NA;0.487567567567568;"No"
43;"43_H10";"H10";"B329_WT";433;0.138699993;"H";"10";"y";108.9711;895.5;NA;NA;0.483528754885539;"No"
43;"43_H11";"H11";"B329_WT";455;0.147799999;"H";"11";"y";108.9711;895.5;NA;NA;0.508096035734227;"No"
43;"43_H12";"H12";"B329_WT";432;0.179000005;"H";"12";"y";108.9711;895.5;NA;NA;0.482412060301508;"No"
43;"43_H9";"H9";"B329_WT";440;0.1237;"H";"9";"y";108.9711;895.5;NA;NA;0.491345616973758;"No"
44;"44_H10";"H10";"B329_WT";406;0.1259;"H";"10";"y";123.0558;762.5;NA;NA;0.532459016393443;"No"
44;"44_H11";"H11";"B329_WT";422;0.140900001;"H";"11";"y";123.0558;762.5;NA;NA;0.55344262295082;"No"
44;"44_H12";"H12";"B329_WT";401;0.157199994;"H";"12";"y";123.0558;762.5;NA;NA;0.525901639344262;"No"
44;"44_H9";"H9";"B329_WT";401;0.114;"H";"9";"y";123.0558;762.5;NA;NA;0.525901639344262;"No"
45;"45_H10";"H10";"B329_WT";408;0.200299993;"H";"10";"y";114.9015;835;NA;NA;0.488622754491018;"No"
45;"45_H11";"H11";"B329_WT";419;0.1919;"H";"11";"y";114.9015;835;NA;NA;0.501796407185629;"No"
45;"45_H12";"H12";"B329_WT";403;0.216000006;"H";"12";"y";114.9015;835;NA;NA;0.482634730538922;"No"
45;"45_H9";"H9";"B329_WT";415;0.193800002;"H";"9";"y";114.9015;835;NA;NA;0.497005988023952;"No"
46;"46_H10";"H10";"B329_WT";429;0.100900002;"H";"10";"y";117.8667;985.5;NA;NA;0.43531202435312;"No"
46;"46_H11";"H11";"B329_WT";443;0.1131;"H";"11";"y";117.8667;985.5;NA;NA;0.449518011161847;"No"
46;"46_H12";"H12";"B329_WT";456;0.166199997;"H";"12";"y";117.8667;985.5;NA;NA;0.462709284627093;"No"
46;"46_H9";"H9";"B329_WT";424;0.096000001;"H";"9";"y";117.8667;985.5;NA;NA;0.430238457635718;"No"
47;"47_H10";"H10";"B329_WT";679;0.110299997;"H";"10";"y";134.9166;1386.5;NA;NA;0.489722322394519;"No"
47;"47_H11";"H11";"B329_WT";671;0.135800004;"H";"11";"y";134.9166;1386.5;NA;NA;0.483952398124775;"No"
47;"47_H12";"H12";"B329_WT";691;0.192000002;"H";"12";"y";134.9166;1386.5;NA;NA;0.498377208799134;"No"
47;"47_H9";"H9";"B329_WT";670;0.116499998;"H";"9";"y";134.9166;1386.5;NA;NA;0.483231157591057;"No"
48;"48_H10";"H10";"B329_WT";663;0.142000005;"H";"10";"y";157.1556;1451;NA;NA;0.456926257753274;"No"
48;"48_H11";"H11";"B329_WT";671;0.169;"H";"11";"y";157.1556;1451;NA;NA;0.462439696760855;"No"
48;"48_H12";"H12";"B329_WT";677;0.194600001;"H";"12";"y";157.1556;1451;NA;NA;0.46657477601654;"No"
48;"48_H9";"H9";"B329_WT";659;0.1435;"H";"9";"y";157.1556;1451;NA;NA;0.454169538249483;"No"
49;"49_H10";"H10";"B329_WT";685;0.128399998;"H";"10";"y";203.8575;1550.5;NA;NA;0.441792970009674;"No"
49;"49_H11";"H11";"B329_WT";694;0.117299996;"H";"11";"y";203.8575;1550.5;NA;NA;0.447597549177685;"No"
49;"49_H12";"H12";"B329_WT";686;0.180399999;"H";"12";"y";203.8575;1550.5;NA;NA;0.442437923250564;"No"
49;"49_H9";"H9";"B329_WT";684;0.119400002;"H";"9";"y";203.8575;1550.5;NA;NA;0.441148016768784;"No"
50;"50_H10";"H10";"B329_WT";420;0.089500003;"H";"10";"y";90.4386;979.5;NA;NA;0.428790199081164;"No"
50;"50_H11";"H11";"B329_WT";427;0.092200004;"H";"11";"y";90.4386;979.5;NA;NA;0.435936702399183;"No"
50;"50_H12";"H12";"B329_WT";407;0.106899999;"H";"12";"y";90.4386;979.5;NA;NA;0.415518121490556;"No"
50;"50_H9";"H9";"B329_WT";420;0.0876;"H";"9";"y";90.4386;979.5;NA;NA;0.428790199081164;"No"
51;"51_H10";"H10";"B329_WT";419;0.089599997;"H";"10";"y";95.6277;938.5;NA;NA;0.446457112413426;"No"
51;"51_H11";"H11";"B329_WT";412;0.090800002;"H";"11";"y";95.6277;938.5;NA;NA;0.438998401704848;"No"
51;"51_H12";"H12";"B329_WT";395;0.1021;"H";"12";"y";95.6277;938.5;NA;NA;0.420884389984017;"No"
51;"51_H9";"H9";"B329_WT";421;0.088399999;"H";"9";"y";95.6277;938.5;NA;NA;0.448588172615876;"No"
52;"52_H10";"H10";"B329_WT";426;0.118299998;"H";"10";"y";114.1602;991;NA;NA;0.429868819374369;"No"
52;"52_H11";"H11";"B329_WT";432;0.091200002;"H";"11";"y";114.1602;991;NA;NA;0.435923309788093;"No"
52;"52_H12";"H12";"B329_WT";411;0.101300001;"H";"12";"y";114.1602;991;NA;NA;0.41473259334006;"No"
52;"52_H9";"H9";"B329_WT";435;0.089500003;"H";"9";"y";114.1602;991;NA;NA;0.438950554994955;"No"
53;"53_H10";"H10";"B329_WT";408;0.086499996;"H";"10";"y";111.195;955;NA;NA;0.427225130890052;"No"
53;"53_H11";"H11";"B329_WT";423;0.0902;"H";"11";"y";111.195;955;NA;NA;0.442931937172775;"No"
53;"53_H12";"H12";"B329_WT";421;0.100599997;"H";"12";"y";111.195;955;NA;NA;0.440837696335079;"No"
53;"53_H9";"H9";"B329_WT";447;0.088299997;"H";"9";"y";111.195;955;NA;NA;0.468062827225131;"No"
54;"54_H10";"H10";"B329_WT";395;0.092500001;"H";"10";"y";154.9317;857;NA;NA;0.460910151691949;"No"
54;"54_H11";"H11";"B329_WT";402;0.090999998;"H";"11";"y";154.9317;857;NA;NA;0.469078179696616;"No"
54;"54_H12";"H12";"B329_WT";416;0.104199998;"H";"12";"y";154.9317;857;NA;NA;0.485414235705951;"No"
54;"54_H9";"H9";"B329_WT";392;0.0876;"H";"9";"y";154.9317;857;NA;NA;0.457409568261377;"No"
55;"55_H10";"H10";"B329_WT";393;0.116999999;"H";"10";"y";259.455;882;NA;NA;0.445578231292517;"No"
55;"55_H11";"H11";"B329_WT";405;0.113799997;"H";"11";"y";259.455;882;NA;NA;0.459183673469388;"No"
55;"55_H12";"H12";"B329_WT";425;0.176499993;"H";"12";"y";259.455;882;NA;NA;0.481859410430839;"No"
55;"55_H9";"H9";"B329_WT";406;0.115000002;"H";"9";"y";259.455;882;NA;NA;0.46031746031746;"No"
56;"56_H10";"H10";"B329_WT";428;0.104199998;"H";"10";"y";95.6277;936;NA;NA;0.457264957264957;"No"
56;"56_H11";"H11";"B329_WT";438;0.091300003;"H";"11";"y";95.6277;936;NA;NA;0.467948717948718;"No"
56;"56_H12";"H12";"B329_WT";428;0.137999997;"H";"12";"y";95.6277;936;NA;NA;0.457264957264957;"No"
56;"56_H9";"H9";"B329_WT";430;0.1087;"H";"9";"y";95.6277;936;NA;NA;0.459401709401709;"No"
57;"57_H10";"H10";"B329_WT";456;0.105499998;"H";"10";"y";116.3841;938;NA;NA;0.486140724946695;"No"
57;"57_H11";"H11";"B329_WT";458;0.099600002;"H";"11";"y";116.3841;938;NA;NA;0.488272921108742;"No"
57;"57_H12";"H12";"B329_WT";432;0.114500001;"H";"12";"y";116.3841;938;NA;NA;0.460554371002132;"No"
57;"57_H9";"H9";"B329_WT";454;0.098099999;"H";"9";"y";116.3841;938;NA;NA;0.484008528784648;"No"
58;"58_H10";"H10";"B329_WT";441;0.098700002;"H";"10";"y";74.13;895.5;NA;NA;0.492462311557789;"No"
58;"58_H11";"H11";"B329_WT";463;0.107299998;"H";"11";"y";74.13;895.5;NA;NA;0.517029592406477;"No"
58;"58_H12";"H12";"B329_WT";432;0.142499998;"H";"12";"y";74.13;895.5;NA;NA;0.482412060301508;"No"
58;"58_H9";"H9";"B329_WT";448;0.094700001;"H";"9";"y";74.13;895.5;NA;NA;0.500279173646008;"No"
59;"59_H10";"H10";"B329_WT";431;0.092500001;"H";"10";"y";69.6822;888;NA;NA;0.48536036036036;"No"
59;"59_H11";"H11";"B329_WT";450;0.088699996;"H";"11";"y";69.6822;888;NA;NA;0.506756756756757;"No"
59;"59_H12";"H12";"B329_WT";429;0.1259;"H";"12";"y";69.6822;888;NA;NA;0.483108108108108;"No"
59;"59_H9";"H9";"B329_WT";426;0.098999999;"H";"9";"y";69.6822;888;NA;NA;0.47972972972973;"No"
60;"60_H10";"H10";"B329_WT";466;0.0995;"H";"10";"y";99.3342;878;NA;NA;0.530751708428246;"No"
60;"60_H11";"H11";"B329_WT";463;0.1052;"H";"11";"y";99.3342;878;NA;NA;0.527334851936219;"No"
60;"60_H12";"H12";"B329_WT";460;0.1479;"H";"12";"y";99.3342;878;NA;NA;0.523917995444191;"No"
60;"60_H9";"H9";"B329_WT";461;0.094899997;"H";"9";"y";99.3342;878;NA;NA;0.5250569476082;"No"
61;"61_H10";"H10";"B329_WT";462;0.104099996;"H";"10";"y";57.0801;857.5;NA;NA;0.538775510204082;"No"
61;"61_H11";"H11";"B329_WT";472;0.098899998;"H";"11";"y";57.0801;857.5;NA;NA;0.550437317784257;"No"
61;"61_H12";"H12";"B329_WT";459;0.146899998;"H";"12";"y";57.0801;857.5;NA;NA;0.535276967930029;"No"
61;"61_H9";"H9";"B329_WT";463;0.097499996;"H";"9";"y";57.0801;857.5;NA;NA;0.539941690962099;"No"
62;"62_H10";"H10";"B329_WT";465;0.105899997;"H";"10";"y";71.1648;867.5;NA;NA;0.536023054755043;"No"
62;"62_H11";"H11";"B329_WT";456;0.114500001;"H";"11";"y";71.1648;867.5;NA;NA;0.525648414985591;"No"
62;"62_H12";"H12";"B329_WT";453;0.154499993;"H";"12";"y";71.1648;867.5;NA;NA;0.522190201729107;"No"
62;"62_H9";"H9";"B329_WT";459;0.106700003;"H";"9";"y";71.1648;867.5;NA;NA;0.529106628242075;"No"
63;"63_H10";"H10";"B329_WT";453;0.1039;"H";"10";"y";101.5581;856;NA;NA;0.529205607476635;"No"
63;"63_H11";"H11";"B329_WT";465;0.108800001;"H";"11";"y";101.5581;856;NA;NA;0.543224299065421;"No"
63;"63_H12";"H12";"B329_WT";446;0.114799999;"H";"12";"y";101.5581;856;NA;NA;0.521028037383178;"No"
63;"63_H9";"H9";"B329_WT";472;0.1087;"H";"9";"y";101.5581;856;NA;NA;0.551401869158878;"No"
64;"64_H10";"H10";"B329_WT";463;0.127299994;"H";"10";"y";127.5036;920;NA;NA;0.503260869565217;"No"
64;"64_H11";"H11";"B329_WT";464;0.130199999;"H";"11";"y";127.5036;920;NA;NA;0.504347826086956;"No"
64;"64_H12";"H12";"B329_WT";461;0.157900006;"H";"12";"y";127.5036;920;NA;NA;0.501086956521739;"No"
64;"64_H9";"H9";"B329_WT";462;0.124399997;"H";"9";"y";127.5036;920;NA;NA;0.502173913043478;"No"
65;"65_H10";"H10";"B329_WT";466;0.2335;"H";"10";"y";206.0814;1024.5;NA;NA;0.454856027330405;"No"
65;"65_H11";"H11";"B329_WT";480;0.2012;"H";"11";"y";206.0814;1024.5;NA;NA;0.468521229868228;"No"
65;"65_H12";"H12";"B329_WT";483;0.2652;"H";"12";"y";206.0814;1024.5;NA;NA;0.471449487554905;"No"
65;"65_H9";"H9";"B329_WT";448;0.2267;"H";"9";"y";206.0814;1024.5;NA;NA;0.437286481210347;"No"
66;"66_H10";"H10";"B329_WT";453;0.1426;"H";"10";"y";157.8969;937.5;NA;NA;0.4832;"No"
66;"66_H11";"H11";"B329_WT";457;0.1333;"H";"11";"y";157.8969;937.5;NA;NA;0.487466666666667;"No"
66;"66_H12";"H12";"B329_WT";460;0.2055;"H";"12";"y";157.8969;937.5;NA;NA;0.490666666666667;"No"
66;"66_H9";"H9";"B329_WT";466;0.1268;"H";"9";"y";157.8969;937.5;NA;NA;0.497066666666667;"No"
67;"67_H10";"H10";"B329_WT";439;0.1502;"H";"10";"y";100.8168;868;NA;NA;0.505760368663594;"No"
67;"67_H11";"H11";"B329_WT";453;0.1338;"H";"11";"y";100.8168;868;NA;NA;0.521889400921659;"No"
67;"67_H12";"H12";"B329_WT";457;0.2002;"H";"12";"y";100.8168;868;NA;NA;0.526497695852535;"No"
67;"67_H9";"H9";"B329_WT";457;0.1176;"H";"9";"y";100.8168;868;NA;NA;0.526497695852535;"No"
68;"68_H10";"H10";"B329_WT";455;0.1247;"H";"10";"y";93.4038;848;NA;NA;0.536556603773585;"No"
68;"68_H11";"H11";"B329_WT";463;0.1304;"H";"11";"y";93.4038;848;NA;NA;0.545990566037736;"No"
68;"68_H12";"H12";"B329_WT";453;0.2008;"H";"12";"y";93.4038;848;NA;NA;0.534198113207547;"No"
68;"68_H9";"H9";"B329_WT";450;0.1097;"H";"9";"y";93.4038;848;NA;NA;0.530660377358491;"No"
69;"69_H10";"H10";"B329_WT";437;0.1254;"H";"10";"y";167.5338;952.5;NA;NA;0.458792650918635;"No"
69;"69_H11";"H11";"B329_WT";436;0.1353;"H";"11";"y";167.5338;952.5;NA;NA;0.457742782152231;"No"
69;"69_H12";"H12";"B329_WT";431;0.206;"H";"12";"y";167.5338;952.5;NA;NA;0.45249343832021;"No"
69;"69_H9";"H9";"B329_WT";453;0.1168;"H";"9";"y";167.5338;952.5;NA;NA;0.475590551181102;"No"
70;"70_H10";"H10";"B329_WT";434;0.108;"H";"10";"y";108.2298;900.5;NA;NA;0.481954469739034;"No"
70;"70_H11";"H11";"B329_WT";452;0.1163;"H";"11";"y";108.2298;900.5;NA;NA;0.501943364797335;"No"
70;"70_H12";"H12";"B329_WT";433;0.2124;"H";"12";"y";108.2298;900.5;NA;NA;0.480843975569128;"No"
70;"70_H9";"H9";"B329_WT";459;0.1062;"H";"9";"y";108.2298;900.5;NA;NA;0.509716823986674;"No"
71;"71_H10";"H10";"B329_WT";438;0.1115;"H";"10";"y";134.9166;872;NA;NA;0.502293577981651;"No"
71;"71_H11";"H11";"B329_WT";449;0.1168;"H";"11";"y";134.9166;872;NA;NA;0.514908256880734;"No"
71;"71_H9";"H9";"B329_WT";454;0.1139;"H";"9";"y";134.9166;872;NA;NA;0.520642201834862;"No"
72;"72_H10";"H10";"B329_WT";425;0.1236;"H";"10";"y";89.6973;826.5;NA;NA;0.514216575922565;"No"
72;"72_H11";"H11";"B329_WT";429;0.1391;"H";"11";"y";89.6973;826.5;NA;NA;0.519056261343013;"No"
72;"72_H12";"H12";"B329_WT";432;0.2211;"H";"12";"y";89.6973;826.5;NA;NA;0.522686025408348;"No"
72;"72_H9";"H9";"B329_WT";447;0.1209;"H";"9";"y";89.6973;826.5;NA;NA;0.540834845735027;"No"
74;"74_H10";"H10";"B329_WT";400;0.156;"H";"10";"y";121.5732;808.5;NA;NA;0.494743351886209;"No"
74;"74_H11";"H11";"B329_WT";418;0.171;"H";"11";"y";121.5732;808.5;NA;NA;0.517006802721088;"No"
74;"74_H12";"H12";"B329_WT";408;0.2389;"H";"12";"y";121.5732;808.5;NA;NA;0.504638218923933;"No"
74;"74_H9";"H9";"B329_WT";418;0.1434;"H";"9";"y";121.5732;808.5;NA;NA;0.517006802721088;"No"
75;"75_H10";"H10";"B329_WT";373;0.2502;"H";"10";"y";123.7971;662;NA;NA;0.563444108761329;"No"
75;"75_H11";"H11";"B329_WT";384;0.1572;"H";"11";"y";123.7971;662;NA;NA;0.580060422960725;"No"
75;"75_H12";"H12";"B329_WT";357;0.1983;"H";"12";"y";123.7971;662;NA;NA;0.539274924471299;"No"
75;"75_H9";"H9";"B329_WT";406;0.1845;"H";"9";"y";123.7971;662;NA;NA;0.613293051359517;"No"
76;"76_H10";"H10";"B329_WT";267;0.3166;"H";"10";"y";63.0105;565.5;NA;NA;0.472148541114058;"No"
76;"76_H11";"H11";"B329_WT";264;0.3548;"H";"11";"y";63.0105;565.5;NA;NA;0.46684350132626;"No"
76;"76_H12";"H12";"B329_WT";371;0.1798;"H";"12";"y";63.0105;565.5;NA;NA;0.65605658709107;"No"
76;"76_H9";"H9";"B329_WT";349;0.1479;"H";"9";"y";63.0105;565.5;NA;NA;0.617152961980548;"No"
77;"77_H10";"H10";"B329_WT";410;0.1448;"H";"10";"y";100.8168;565.5;NA;NA;0.725022104332449;"No"
77;"77_H11";"H11";"B329_WT";431;0.1455;"H";"11";"y";100.8168;565.5;NA;NA;0.762157382847038;"No"
77;"77_H12";"H12";"B329_WT";417;0.2041;"H";"12";"y";100.8168;565.5;NA;NA;0.737400530503979;"No"
77;"77_H9";"H9";"B329_WT";424;0.133;"H";"9";"y";100.8168;565.5;NA;NA;0.749778956675508;"No"
78;"78_H10";"H10";"B329_WT";400;0.1248;"H";"10";"y";117.8667;704.5;NA;NA;0.56777856635912;"No"
78;"78_H11";"H11";"B329_WT";415;0.1315;"H";"11";"y";117.8667;704.5;NA;NA;0.589070262597587;"No"
78;"78_H12";"H12";"B329_WT";406;0.2065;"H";"12";"y";117.8667;704.5;NA;NA;0.576295244854507;"No"
78;"78_H9";"H9";"B329_WT";423;0.1184;"H";"9";"y";117.8667;704.5;NA;NA;0.600425833924769;"No"
79;"79_H10";"H10";"B329_WT";400;0.1456;"H";"10";"y";96.369;784.5;NA;NA;0.509878903760357;"No"
79;"79_H11";"H11";"B329_WT";395;0.1446;"H";"11";"y";96.369;784.5;NA;NA;0.503505417463352;"No"
79;"79_H12";"H12";"B329_WT";391;0.2035;"H";"12";"y";96.369;784.5;NA;NA;0.498406628425749;"No"
79;"79_H9";"H9";"B329_WT";400;0.1391;"H";"9";"y";96.369;784.5;NA;NA;0.509878903760357;"No"
80;"80_H10";"H10";"B329_WT";433;0.1527;"H";"10";"y";85.9908;698;NA;NA;0.620343839541547;"No"
80;"80_H11";"H11";"B329_WT";434;0.1378;"H";"11";"y";85.9908;698;NA;NA;0.621776504297994;"No"
80;"80_H12";"H12";"B329_WT";485;0.2428;"H";"12";"y";85.9908;698;NA;NA;0.694842406876791;"No"
80;"80_H9";"H9";"B329_WT";392;0.1225;"H";"9";"y";85.9908;698;NA;NA;0.561604584527221;"No"
81;"81_H10";"H10";"B329_WT";408;0.1322;"H";"10";"y";51.891;701;NA;NA;0.582025677603424;"No"
81;"81_H11";"H11";"B329_WT";408;0.1408;"H";"11";"y";51.891;701;NA;NA;0.582025677603424;"No"
81;"81_H12";"H12";"B329_WT";417;0.2015;"H";"12";"y";51.891;701;NA;NA;0.594864479315264;"No"
81;"81_H9";"H9";"B329_WT";410;0.1209;"H";"9";"y";51.891;701;NA;NA;0.584878744650499;"No"
82;"82_H10";"H10";"B329_WT";376;0.1236;"H";"10";"y";54.1149;680;NA;NA;0.552941176470588;"No"
82;"82_H11";"H11";"B329_WT";370;0.1229;"H";"11";"y";54.1149;680;NA;NA;0.544117647058823;"No"
82;"82_H12";"H12";"B329_WT";363;0.1806;"H";"12";"y";54.1149;680;NA;NA;0.533823529411765;"No"
82;"82_H9";"H9";"B329_WT";392;0.1031;"H";"9";"y";54.1149;680;NA;NA;0.576470588235294;"No"
83;"83_H10";"H10";"B329_WT";611;0.1978;"H";"10";"y";102.2994;818;NA;NA;0.746943765281174;"No"
83;"83_H11";"H11";"B329_WT";623;0.2024;"H";"11";"y";102.2994;818;NA;NA;0.76161369193154;"No"
83;"83_H12";"H12";"B329_WT";620;0.2467;"H";"12";"y";102.2994;818;NA;NA;0.757946210268949;"No"
83;"83_H9";"H9";"B329_WT";625;0.2046;"H";"9";"y";102.2994;818;NA;NA;0.764058679706601;"No"
84;"84_H10";"H10";"B329_WT";594;0.1992;"H";"10";"y";81.543;679.5;NA;NA;0.874172185430464;"No"
84;"84_H11";"H11";"B329_WT";603;0.1892;"H";"11";"y";81.543;679.5;NA;NA;0.887417218543046;"No"
84;"84_H12";"H12";"B329_WT";599;0.24;"H";"12";"y";81.543;679.5;NA;NA;0.881530537159676;"No"
84;"84_H9";"H9";"B329_WT";632;0.2033;"H";"9";"y";81.543;679.5;NA;NA;0.93009565857248;"No"
85;"85_H10";"H10";"B329_WT";654;0.2258;"H";"10";"y";84.5082;677.5;NA;NA;0.965313653136531;"No"
85;"85_H11";"H11";"B329_WT";587;0.2222;"H";"11";"y";84.5082;677.5;NA;NA;0.866420664206642;"No"
85;"85_H12";"H12";"B329_WT";663;0.2564;"H";"12";"y";84.5082;677.5;NA;NA;0.97859778597786;"No"
85;"85_H9";"H9";"B329_WT";641;0.2136;"H";"9";"y";84.5082;677.5;NA;NA;0.946125461254612;"No"
86;"86_H10";"H10";"B329_WT";566;0.2204;"H";"10";"y";85.2495;618;NA;NA;0.915857605177994;"No"
86;"86_H11";"H11";"B329_WT";573;0.2175;"H";"11";"y";85.2495;618;NA;NA;0.927184466019418;"No"
86;"86_H12";"H12";"B329_WT";556;0.2306;"H";"12";"y";85.2495;618;NA;NA;0.899676375404531;"No"
86;"86_H9";"H9";"B329_WT";562;0.2308;"H";"9";"y";85.2495;618;NA;NA;0.909385113268608;"No"
88;"88_H10";"H10";"B329_WT";385;0.1629;"H";"10";"y";83.0256;628;NA;NA;0.613057324840764;"No"
88;"88_H11";"H11";"B329_WT";394;0.1799;"H";"11";"y";83.0256;628;NA;NA;0.627388535031847;"No"
88;"88_H12";"H12";"B329_WT";390;0.2339;"H";"12";"y";83.0256;628;NA;NA;0.621019108280255;"No"
88;"88_H9";"H9";"B329_WT";402;0.1849;"H";"9";"y";83.0256;628;NA;NA;0.640127388535032;"No"
89;"89_H10";"H10";"B329_WT";396;0.1706;"H";"10";"y";120.8319;691;NA;NA;0.573082489146165;"No"
89;"89_H11";"H11";"B329_WT";396;0.1337;"H";"11";"y";120.8319;691;NA;NA;0.573082489146165;"No"
89;"89_H12";"H12";"B329_WT";384;0.2474;"H";"12";"y";120.8319;691;NA;NA;0.555716353111433;"No"
89;"89_H9";"H9";"B329_WT";407;0.1569;"H";"9";"y";120.8319;691;NA;NA;0.589001447178003;"No"
90;"90_H10";"H10";"B329_WT";385;0.141;"H";"10";"y";116.3841;784;NA;NA;0.491071428571429;"No"
90;"90_H11";"H11";"B329_WT";405;0.1187;"H";"11";"y";116.3841;784;NA;NA;0.516581632653061;"No"
90;"90_H12";"H12";"B329_WT";387;0.1912;"H";"12";"y";116.3841;784;NA;NA;0.493622448979592;"No"
90;"90_H9";"H9";"B329_WT";404;0.1428;"H";"9";"y";116.3841;784;NA;NA;0.51530612244898;"No"
91;"91_H10";"H10";"B329_WT";372;0.143;"H";"10";"y";169.7577;669;NA;NA;0.556053811659193;"No"
91;"91_H11";"H11";"B329_WT";372;0.1361;"H";"11";"y";169.7577;669;NA;NA;0.556053811659193;"No"
91;"91_H12";"H12";"B329_WT";368;0.17;"H";"12";"y";169.7577;669;NA;NA;0.550074738415546;"No"
91;"91_H9";"H9";"B329_WT";375;0.1482;"H";"9";"y";169.7577;669;NA;NA;0.560538116591928;"No"
92;"92_H10";"H10";"B329_WT";358;0.1205;"H";"10";"y";98.5929;782.5;NA;NA;0.457507987220447;"No"
92;"92_H11";"H11";"B329_WT";362;0.1011;"H";"11";"y";98.5929;782.5;NA;NA;0.462619808306709;"No"
92;"92_H12";"H12";"B329_WT";374;0.1746;"H";"12";"y";98.5929;782.5;NA;NA;0.477955271565495;"No"
92;"92_H9";"H9";"B329_WT";382;0.1094;"H";"9";"y";98.5929;782.5;NA;NA;0.488178913738019;"No"
93;"93_H10";"H10";"B329_WT";342;0.1095;"H";"10";"y";71.9061;745.5;NA;NA;0.458752515090543;"No"
93;"93_H11";"H11";"B329_WT";362;0.0982;"H";"11";"y";71.9061;745.5;NA;NA;0.485580147551979;"No"
93;"93_H12";"H12";"B329_WT";361;0.1669;"H";"12";"y";71.9061;745.5;NA;NA;0.484238765928907;"No"
93;"93_H9";"H9";"B329_WT";358;0.1091;"H";"9";"y";71.9061;745.5;NA;NA;0.480214621059691;"No"
94;"94_H10";"H10";"B329_WT";352;0.1421;"H";"10";"y";128.9862;775.5;NA;NA;0.453900709219858;"No"
94;"94_H11";"H11";"B329_WT";357;0.15;"H";"11";"y";128.9862;775.5;NA;NA;0.460348162475822;"No"
94;"94_H12";"H12";"B329_WT";350;0.1858;"H";"12";"y";128.9862;775.5;NA;NA;0.451321727917473;"No"
94;"94_H9";"H9";"B329_WT";351;0.1518;"H";"9";"y";128.9862;775.5;NA;NA;0.452611218568665;"No"
95;"95_H10";"H10";"B329_WT";335;0.1534;"H";"10";"y";91.1799;738;NA;NA;0.453929539295393;"No"
95;"95_H11";"H11";"B329_WT";348;0.1526;"H";"11";"y";91.1799;738;NA;NA;0.471544715447154;"No"
95;"95_H12";"H12";"B329_WT";334;0.196;"H";"12";"y";91.1799;738;NA;NA;0.452574525745257;"No"
95;"95_H9";"H9";"B329_WT";341;0.1375;"H";"9";"y";91.1799;738;NA;NA;0.462059620596206;"No"
96;"96_H10";"H10";"B329_WT";329;0.1504;"H";"10";"y";78.5778;689;NA;NA;0.477503628447025;"No"
96;"96_H11";"H11";"B329_WT";362;0.1448;"H";"11";"y";78.5778;689;NA;NA;0.525399129172714;"No"
96;"96_H12";"H12";"B329_WT";343;0.2037;"H";"12";"y";78.5778;689;NA;NA;0.497822931785196;"No"
96;"96_H9";"H9";"B329_WT";345;0.1507;"H";"9";"y";78.5778;689;NA;NA;0.500725689404935;"No"
97;"97_H10";"H10";"B329_WT";332;0.1658;"H";"10";"y";69.6822;642.5;NA;NA;0.516731517509728;"No"
97;"97_H11";"H11";"B329_WT";338;0.1526;"H";"11";"y";69.6822;642.5;NA;NA;0.526070038910506;"No"
97;"97_H12";"H12";"B329_WT";329;0.2021;"H";"12";"y";69.6822;642.5;NA;NA;0.512062256809338;"No"
97;"97_H9";"H9";"B329_WT";337;0.1682;"H";"9";"y";69.6822;642.5;NA;NA;0.524513618677043;"No"
98;"98_H10";"H10";"B329_WT";344;0.1687;"H";"10";"y";71.9061;638.5;NA;NA;0.53876272513704;"No"
98;"98_H11";"H11";"B329_WT";341;0.1625;"H";"11";"y";71.9061;638.5;NA;NA;0.534064212999217;"No"
98;"98_H12";"H12";"B329_WT";325;0.1864;"H";"12";"y";71.9061;638.5;NA;NA;0.509005481597494;"No"
98;"98_H9";"H9";"B329_WT";340;0.1705;"H";"9";"y";71.9061;638.5;NA;NA;0.532498042286609;"No"
99;"99_H10";"H10";"B329_WT";314;0.1869;"H";"10";"y";68.1996;647;NA;NA;0.48531684698609;"No"
99;"99_H11";"H11";"B329_WT";328;0.1867;"H";"11";"y";68.1996;647;NA;NA;0.506955177743431;"No"
99;"99_H12";"H12";"B329_WT";316;0.1935;"H";"12";"y";68.1996;647;NA;NA;0.488408037094281;"No"
99;"99_H9";"H9";"B329_WT";328;0.2004;"H";"9";"y";68.1996;647;NA;NA;0.506955177743431;"No"
100;"100_H10";"H10";"B329_WT";310;0.2015;"H";"10";"y";97.8516;650;NA;NA;0.476923076923077;"No"
100;"100_H11";"H11";"B329_WT";321;0.2014;"H";"11";"y";97.8516;650;NA;NA;0.493846153846154;"No"
100;"100_H12";"H12";"B329_WT";319;0.1942;"H";"12";"y";97.8516;650;NA;NA;0.490769230769231;"No"
100;"100_H9";"H9";"B329_WT";321;0.2184;"H";"9";"y";97.8516;650;NA;NA;0.493846153846154;"No"
1;"1_H5";"H5";"F16";204;0.0976;"H";"5";"y";110.4537;882.5;NA;NA;0.231161473087819;"No"
1;"1_H6";"H6";"F16";189;0.0849;"H";"6";"y";110.4537;882.5;NA;NA;0.214164305949009;"No"
1;"1_H7";"H7";"F16";329;0.1053;"H";"7";"y";110.4537;882.5;NA;NA;0.372804532577904;"No"
1;"1_H8";"H8";"F16";214;0.0888;"H";"8";"y";110.4537;882.5;NA;NA;0.242492917847026;"No"
2;"2_H5";"H5";"F16";221;0.0955;"H";"5";"y";91.9212;786;NA;NA;0.28117048346056;"No"
2;"2_H6";"H6";"F16";188;0.0842;"H";"6";"y";91.9212;786;NA;NA;0.239185750636132;"No"
2;"2_H7";"H7";"F16";184;0.0837;"H";"7";"y";91.9212;786;NA;NA;0.234096692111959;"No"
2;"2_H8";"H8";"F16";194;0.0864;"H";"8";"y";91.9212;786;NA;NA;0.246819338422392;"No"
3;"3_H5";"H5";"F16";209;0.0904;"H";"5";"y";55.5975;787;NA;NA;0.26556543837357;"No"
3;"3_H6";"H6";"F16";195;0.084;"H";"6";"y";55.5975;787;NA;NA;0.247776365946633;"No"
3;"3_H7";"H7";"F16";192;0.0826;"H";"7";"y";55.5975;787;NA;NA;0.243964421855146;"No"
3;"3_H8";"H8";"F16";196;0.0835;"H";"8";"y";55.5975;787;NA;NA;0.249047013977128;"No"
4;"4_H5";"H5";"F16";231;0.0925;"H";"5";"y";94.1451;799.5;NA;NA;0.288930581613508;"No"
4;"4_H6";"H6";"F16";194;0.0815;"H";"6";"y";94.1451;799.5;NA;NA;0.242651657285804;"No"
4;"4_H7";"H7";"F16";192;0.0813;"H";"7";"y";94.1451;799.5;NA;NA;0.24015009380863;"No"
4;"4_H8";"H8";"F16";193;0.0829;"H";"8";"y";94.1451;799.5;NA;NA;0.241400875547217;"No"
5;"5_H5";"H5";"F16";198;0.0832;"H";"5";"y";100.0755;825;NA;NA;0.24;"No"
5;"5_H6";"H6";"F16";195;0.0829;"H";"6";"y";100.0755;825;NA;NA;0.236363636363636;"No"
5;"5_H7";"H7";"F16";200;0.0818;"H";"7";"y";100.0755;825;NA;NA;0.242424242424242;"No"
5;"5_H8";"H8";"F16";199;0.0837;"H";"8";"y";100.0755;825;NA;NA;0.241212121212121;"No"
6;"6_H5";"H5";"F16";199;0.0855;"H";"5";"y";100.8168;877.5;NA;NA;0.226780626780627;"No"
6;"6_H6";"H6";"F16";208;0.0836;"H";"6";"y";100.8168;877.5;NA;NA;0.237037037037037;"No"
6;"6_H7";"H7";"F16";212;0.0898;"H";"7";"y";100.8168;877.5;NA;NA;0.241595441595442;"No"
6;"6_H8";"H8";"F16";209;0.0951;"H";"8";"y";100.8168;877.5;NA;NA;0.238176638176638;"No"
7;"7_H5";"H5";"F16";242;0.0935;"H";"5";"y";67.4583;819;NA;NA;0.295482295482295;"No"
7;"7_H6";"H6";"F16";197;0.0823;"H";"6";"y";67.4583;819;NA;NA;0.240537240537241;"No"
7;"7_H7";"H7";"F16";196;0.0858;"H";"7";"y";67.4583;819;NA;NA;0.239316239316239;"No"
7;"7_H8";"H8";"F16";195;0.0895;"H";"8";"y";67.4583;819;NA;NA;0.238095238095238;"No"
8;"8_H5";"H5";"F16";231;0.0917;"H";"5";"y";117.1254;788;NA;NA;0.293147208121827;"No"
8;"8_H6";"H6";"F16";195;0.0821;"H";"6";"y";117.1254;788;NA;NA;0.24746192893401;"No"
8;"8_H7";"H7";"F16";194;0.0826;"H";"7";"y";117.1254;788;NA;NA;0.246192893401015;"No"
8;"8_H8";"H8";"F16";201;0.0845;"H";"8";"y";117.1254;788;NA;NA;0.25507614213198;"No"
9;"9_H5";"H5";"F16";183;0.0845;"H";"5";"y";63.7518;752;NA;NA;0.243351063829787;"No"
9;"9_H6";"H6";"F16";185;0.0831;"H";"6";"y";63.7518;752;NA;NA;0.246010638297872;"No"
9;"9_H7";"H7";"F16";186;0.083;"H";"7";"y";63.7518;752;NA;NA;0.247340425531915;"No"
9;"9_H8";"H8";"F16";180;0.0844;"H";"8";"y";63.7518;752;NA;NA;0.23936170212766;"No"
10;"10_H5";"H5";"F16";200;0.094;"H";"5";"y";91.1799;777;NA;NA;0.257400257400257;"No"
10;"10_H6";"H6";"F16";193;0.1231;"H";"6";"y";91.1799;777;NA;NA;0.248391248391248;"No"
10;"10_H7";"H7";"F16";206;0.1897;"H";"7";"y";91.1799;777;NA;NA;0.265122265122265;"No"
10;"10_H8";"H8";"F16";179;0.2551;"H";"8";"y";91.1799;777;NA;NA;0.23037323037323;"No"
11;"11_H5";"H5";"F16";197;0.2377;"H";"5";"y";99.3342;715;NA;NA;0.275524475524476;"No"
11;"11_H6";"H6";"F16";177;0.0878;"H";"6";"y";99.3342;715;NA;NA;0.247552447552448;"No"
11;"11_H7";"H7";"F16";179;0.0858;"H";"7";"y";99.3342;715;NA;NA;0.25034965034965;"No"
11;"11_H8";"H8";"F16";171;0.0912;"H";"8";"y";99.3342;715;NA;NA;0.239160839160839;"No"
12;"12_H5";"H5";"F16";259;0.1144;"H";"5";"y";172.7229;870;NA;NA;0.297701149425287;"No"
12;"12_H6";"H6";"F16";187;0.0891;"H";"6";"y";172.7229;870;NA;NA;0.214942528735632;"No"
12;"12_H7";"H7";"F16";186;0.09;"H";"7";"y";172.7229;870;NA;NA;0.213793103448276;"No"
12;"12_H8";"H8";"F16";207;0.0876;"H";"8";"y";172.7229;870;NA;NA;0.237931034482759;"No"
13;"13_H5";"H5";"F16";146;0.080799997;"H";"5";"y";168.2751;863.5;NA;NA;0.169079328314997;"No"
13;"13_H6";"H6";"F16";147;0.080499999;"H";"6";"y";168.2751;863.5;NA;NA;0.170237405906196;"No"
13;"13_H7";"H7";"F16";148;0.084399998;"H";"7";"y";168.2751;863.5;NA;NA;0.171395483497394;"No"
13;"13_H8";"H8";"F16";146;0.084299996;"H";"8";"y";168.2751;863.5;NA;NA;0.169079328314997;"No"
14;"14_H5";"H5";"F16";166;0.081500001;"H";"5";"y";112.6776;911;NA;NA;0.182217343578485;"No"
14;"14_H6";"H6";"F16";181;0.083700001;"H";"6";"y";112.6776;911;NA;NA;0.198682766190999;"No"
14;"14_H7";"H7";"F16";184;0.085000001;"H";"7";"y";112.6776;911;NA;NA;0.201975850713502;"No"
14;"14_H8";"H8";"F16";190;0.156599998;"H";"8";"y";112.6776;911;NA;NA;0.208562019758507;"No"
15;"15_H5";"H5";"F16";159;0.081600003;"H";"5";"y";100.0755;870.5;NA;NA;0.182653647329121;"No"
15;"15_H6";"H6";"F16";160;0.081799999;"H";"6";"y";100.0755;870.5;NA;NA;0.183802412406663;"No"
15;"15_H7";"H7";"F16";167;0.082400002;"H";"7";"y";100.0755;870.5;NA;NA;0.191843767949454;"No"
15;"15_H8";"H8";"F16";179;0.081900001;"H";"8";"y";100.0755;870.5;NA;NA;0.205628948879954;"No"
16;"16_H5";"H5";"F16";182;0.083300002;"H";"5";"y";139.3644;950.5;NA;NA;0.191478169384534;"No"
16;"16_H6";"H6";"F16";180;0.082199998;"H";"6";"y";139.3644;950.5;NA;NA;0.189374013677012;"No"
16;"16_H7";"H7";"F16";178;0.082400002;"H";"7";"y";139.3644;950.5;NA;NA;0.18726985796949;"No"
16;"16_H8";"H8";"F16";164;0.083899997;"H";"8";"y";139.3644;950.5;NA;NA;0.172540768016833;"No"
17;"17_H5";"H5";"F16";166;0.082099997;"H";"5";"y";108.9711;908;NA;NA;0.182819383259912;"No"
17;"17_H6";"H6";"F16";175;0.082099997;"H";"6";"y";108.9711;908;NA;NA;0.19273127753304;"No"
17;"17_H7";"H7";"F16";168;0.0814;"H";"7";"y";108.9711;908;NA;NA;0.185022026431718;"No"
17;"17_H8";"H8";"F16";171;0.083099999;"H";"8";"y";108.9711;908;NA;NA;0.188325991189427;"No"
18;"18_H5";"H5";"F16";177;0.084899999;"H";"5";"y";107.4885;947.5;NA;NA;0.186807387862797;"No"
18;"18_H6";"H6";"F16";235;0.092799999;"H";"6";"y";107.4885;947.5;NA;NA;0.24802110817942;"No"
18;"18_H7";"H7";"F16";189;0.084100001;"H";"7";"y";107.4885;947.5;NA;NA;0.199472295514512;"No"
18;"18_H8";"H8";"F16";183;0.082900003;"H";"8";"y";107.4885;947.5;NA;NA;0.193139841688654;"No"
19;"19_H5";"H5";"F16";165;0.081699997;"H";"5";"y";106.0059;957;NA;NA;0.172413793103448;"No"
19;"19_H6";"H6";"F16";184;0.083300002;"H";"6";"y";106.0059;957;NA;NA;0.19226750261233;"No"
19;"19_H7";"H7";"F16";187;0.084100001;"H";"7";"y";106.0059;957;NA;NA;0.195402298850575;"No"
19;"19_H8";"H8";"F16";205;0.085100003;"H";"8";"y";106.0059;957;NA;NA;0.214211076280042;"No"
20;"20_H5";"H5";"F16";167;0.083899997;"H";"5";"y";77.0952;1013;NA;NA;0.164856860809477;"No"
20;"20_H6";"H6";"F16";165;0.0845;"H";"6";"y";77.0952;1013;NA;NA;0.162882527147088;"No"
20;"20_H7";"H7";"F16";164;0.083499998;"H";"7";"y";77.0952;1013;NA;NA;0.161895360315893;"No"
20;"20_H8";"H8";"F16";185;0.0836;"H";"8";"y";77.0952;1013;NA;NA;0.182625863770977;"No"
21;"21_H5";"H5";"F16";175;0.087399997;"H";"5";"y";70.4235;947.5;NA;NA;0.184696569920844;"No"
21;"21_H6";"H6";"F16";162;0.082999997;"H";"6";"y";70.4235;947.5;NA;NA;0.170976253298153;"No"
21;"21_H7";"H7";"F16";162;0.0832;"H";"7";"y";70.4235;947.5;NA;NA;0.170976253298153;"No"
21;"21_H8";"H8";"F16";166;0.084899999;"H";"8";"y";70.4235;947.5;NA;NA;0.175197889182058;"No"
22;"22_H5";"H5";"F16";191;0.083400004;"H";"5";"y";194.2206;1113.5;NA;NA;0.171531207903009;"No"
22;"22_H6";"H6";"F16";171;0.0836;"H";"6";"y";194.2206;1113.5;NA;NA;0.153569824876515;"No"
22;"22_H7";"H7";"F16";175;0.082199998;"H";"7";"y";194.2206;1113.5;NA;NA;0.157162101481814;"No"
22;"22_H8";"H8";"F16";170;0.0832;"H";"8";"y";194.2206;1113.5;NA;NA;0.152671755725191;"No"
23;"23_H5";"H5";"F16";167;0.082999997;"H";"5";"y";119.3493;1087.5;NA;NA;0.153563218390805;"No"
23;"23_H6";"H6";"F16";166;0.084399998;"H";"6";"y";119.3493;1087.5;NA;NA;0.15264367816092;"No"
23;"23_H7";"H7";"F16";157;0.083899997;"H";"7";"y";119.3493;1087.5;NA;NA;0.144367816091954;"No"
23;"23_H8";"H8";"F16";165;0.083999999;"H";"8";"y";119.3493;1087.5;NA;NA;0.151724137931034;"No"
24;"24_H5";"H5";"F16";162;0.084299996;"H";"5";"y";112.6776;1022.5;NA;NA;0.158435207823961;"No"
24;"24_H6";"H6";"F16";169;0.084700003;"H";"6";"y";112.6776;1022.5;NA;NA;0.165281173594132;"No"
24;"24_H7";"H7";"F16";177;0.085900001;"H";"7";"y";112.6776;1022.5;NA;NA;0.173105134474328;"No"
24;"24_H8";"H8";"F16";176;0.087099999;"H";"8";"y";112.6776;1022.5;NA;NA;0.172127139364303;"No"
25;"25_H5";"H5";"F16";159;0.081900001;"H";"5";"y";289.107;1070;NA;NA;0.148598130841122;"No"
25;"25_H6";"H6";"F16";162;0.094499998;"H";"6";"y";289.107;1070;NA;NA;0.151401869158879;"No"
25;"25_H7";"H7";"F16";162;0.083300002;"H";"7";"y";289.107;1070;NA;NA;0.151401869158879;"No"
25;"25_H8";"H8";"F16";157;0.085299999;"H";"8";"y";289.107;1070;NA;NA;0.146728971962617;"No"
26;"26_H5";"H5";"F16";155;0.082599998;"H";"5";"y";100.0755;772.5;NA;NA;0.200647249190939;"No"
26;"26_H6";"H6";"F16";161;0.083800003;"H";"6";"y";100.0755;772.5;NA;NA;0.208414239482201;"No"
26;"26_H7";"H7";"F16";165;0.083300002;"H";"7";"y";100.0755;772.5;NA;NA;0.213592233009709;"No"
26;"26_H8";"H8";"F16";171;0.088699996;"H";"8";"y";100.0755;772.5;NA;NA;0.221359223300971;"No"
27;"27_H5";"H5";"F16";153;0.081799999;"H";"5";"y";95.6277;918.5;NA;NA;0.166575939031029;"No"
27;"27_H6";"H6";"F16";161;0.081799999;"H";"6";"y";95.6277;918.5;NA;NA;0.175285792052259;"No"
27;"27_H7";"H7";"F16";157;0.082599998;"H";"7";"y";95.6277;918.5;NA;NA;0.170930865541644;"No"
27;"27_H8";"H8";"F16";153;0.082000002;"H";"8";"y";95.6277;918.5;NA;NA;0.166575939031029;"No"
28;"28_H5";"H5";"F16";141;0.287699997;"H";"5";"y";96.369;850;NA;NA;0.165882352941176;"No"
28;"28_H6";"H6";"F16";167;0.091399997;"H";"6";"y";96.369;850;NA;NA;0.196470588235294;"No"
28;"28_H7";"H7";"F16";161;0.083300002;"H";"7";"y";96.369;850;NA;NA;0.189411764705882;"No"
28;"28_H8";"H8";"F16";161;0.088299997;"H";"8";"y";96.369;850;NA;NA;0.189411764705882;"No"
29;"29_H5";"H5";"F16";169;0.081200004;"H";"5";"y";131.9514;868;NA;NA;0.194700460829493;"No"
29;"29_H6";"H6";"F16";166;0.080799997;"H";"6";"y";131.9514;868;NA;NA;0.191244239631336;"No"
29;"29_H7";"H7";"F16";170;0.081900001;"H";"7";"y";131.9514;868;NA;NA;0.195852534562212;"No"
29;"29_H8";"H8";"F16";164;0.081200004;"H";"8";"y";131.9514;868;NA;NA;0.188940092165899;"No"
30;"30_H5";"H5";"F16";192;0.081699997;"H";"5";"y";110.4537;914.5;NA;NA;0.209950792782941;"No"
30;"30_H6";"H6";"F16";182;0.085900001;"H";"6";"y";110.4537;914.5;NA;NA;0.19901585565883;"No"
30;"30_H7";"H7";"F16";170;0.082000002;"H";"7";"y";110.4537;914.5;NA;NA;0.185893931109896;"No"
30;"30_H8";"H8";"F16";175;0.083499998;"H";"8";"y";110.4537;914.5;NA;NA;0.191361399671952;"No"
31;"31_H5";"H5";"F16";165;0.083800003;"H";"5";"y";93.4038;846;NA;NA;0.195035460992908;"No"
31;"31_H6";"H6";"F16";169;0.082400002;"H";"6";"y";93.4038;846;NA;NA;0.199763593380615;"No"
31;"31_H7";"H7";"F16";160;0.101999998;"H";"7";"y";93.4038;846;NA;NA;0.189125295508274;"No"
31;"31_H8";"H8";"F16";164;0.082199998;"H";"8";"y";93.4038;846;NA;NA;0.193853427895981;"No"
32;"32_H5";"H5";"F16";176;0.0814;"H";"5";"y";114.1602;838;NA;NA;0.210023866348449;"No"
32;"32_H6";"H6";"F16";180;0.081699997;"H";"6";"y";114.1602;838;NA;NA;0.214797136038186;"No"
32;"32_H7";"H7";"F16";173;0.080399998;"H";"7";"y";114.1602;838;NA;NA;0.206443914081146;"No"
32;"32_H8";"H8";"F16";190;0.086800002;"H";"8";"y";114.1602;838;NA;NA;0.22673031026253;"No"
33;"33_H5";"H5";"F16";169;0.082599998;"H";"5";"y";186.8076;966.5;NA;NA;0.174857734092085;"No"
33;"33_H6";"H6";"F16";181;0.134800002;"H";"6";"y";186.8076;966.5;NA;NA;0.187273667873771;"No"
33;"33_H7";"H7";"F16";148;0.247999996;"H";"7";"y";186.8076;966.5;NA;NA;0.153129849974133;"No"
33;"33_H8";"H8";"F16";199;0.082500003;"H";"8";"y";186.8076;966.5;NA;NA;0.205897568546301;"No"
34;"34_H5";"H5";"F16";167;0.081200004;"H";"5";"y";114.1602;845;NA;NA;0.197633136094675;"No"
34;"34_H6";"H6";"F16";176;0.081200004;"H";"6";"y";114.1602;845;NA;NA;0.208284023668639;"No"
34;"34_H7";"H7";"F16";166;0.081200004;"H";"7";"y";114.1602;845;NA;NA;0.196449704142012;"No"
34;"34_H8";"H8";"F16";176;0.0933;"H";"8";"y";114.1602;845;NA;NA;0.208284023668639;"No"
35;"35_H5";"H5";"F16";161;0.085600004;"H";"5";"y";138.6231;920;NA;NA;0.175;"No"
35;"35_H6";"H6";"F16";145;0.249899998;"H";"6";"y";138.6231;920;NA;NA;0.157608695652174;"No"
35;"35_H7";"H7";"F16";163;0.086000003;"H";"7";"y";138.6231;920;NA;NA;0.177173913043478;"No"
35;"35_H8";"H8";"F16";166;0.087300003;"H";"8";"y";138.6231;920;NA;NA;0.180434782608696;"No"
36;"36_H5";"H5";"F16";169;0.082400002;"H";"5";"y";216.4596;1040.5;NA;NA;0.162421912542047;"No"
36;"36_H6";"H6";"F16";174;0.0832;"H";"6";"y";216.4596;1040.5;NA;NA;0.167227294569918;"No"
36;"36_H7";"H7";"F16";173;0.083400004;"H";"7";"y";216.4596;1040.5;NA;NA;0.166266218164344;"No"
36;"36_H8";"H8";"F16";171;0.0889;"H";"8";"y";216.4596;1040.5;NA;NA;0.164344065353196;"No"
37;"37_H5";"H5";"F16";163;0.084399998;"H";"5";"y";84.5082;848.5;NA;NA;0.192103712433707;"No"
37;"37_H6";"H6";"F16";166;0.083400004;"H";"6";"y";84.5082;848.5;NA;NA;0.195639363582793;"No"
37;"37_H7";"H7";"F16";166;0.0845;"H";"7";"y";84.5082;848.5;NA;NA;0.195639363582793;"No"
37;"37_H8";"H8";"F16";161;0.086000003;"H";"8";"y";84.5082;848.5;NA;NA;0.189746611667649;"No"
38;"38_H5";"H5";"F16";175;0.080399998;"H";"5";"y";91.9212;826;NA;NA;0.211864406779661;"No"
38;"38_H6";"H6";"F16";169;0.084200002;"H";"6";"y";91.9212;826;NA;NA;0.204600484261501;"No"
38;"38_H7";"H7";"F16";164;0.080200002;"H";"7";"y";91.9212;826;NA;NA;0.198547215496368;"No"
38;"38_H8";"H8";"F16";164;0.080700003;"H";"8";"y";91.9212;826;NA;NA;0.198547215496368;"No"
39;"39_H5";"H5";"F16";175;0.082699999;"H";"5";"y";101.5581;960.5;NA;NA;0.182196772514315;"No"
39;"39_H6";"H6";"F16";179;0.081200004;"H";"6";"y";101.5581;960.5;NA;NA;0.186361270171786;"No"
39;"39_H7";"H7";"F16";177;0.079999998;"H";"7";"y";101.5581;960.5;NA;NA;0.18427902134305;"No"
39;"39_H8";"H8";"F16";174;0.080399998;"H";"8";"y";101.5581;960.5;NA;NA;0.181155648099948;"No"
40;"40_H5";"H5";"F16";170;0.080200002;"H";"5";"y";100.0755;827.5;NA;NA;0.205438066465257;"No"
40;"40_H6";"H6";"F16";162;0.080499999;"H";"6";"y";100.0755;827.5;NA;NA;0.195770392749245;"No"
40;"40_H7";"H7";"F16";167;0.081;"H";"7";"y";100.0755;827.5;NA;NA;0.201812688821752;"No"
40;"40_H8";"H8";"F16";167;0.081100002;"H";"8";"y";100.0755;827.5;NA;NA;0.201812688821752;"No"
42;"42_H5";"H5";"F16";163;0.080200002;"H";"5";"y";126.021;925;NA;NA;0.176216216216216;"No"
42;"42_H6";"H6";"F16";159;0.080499999;"H";"6";"y";126.021;925;NA;NA;0.171891891891892;"No"
42;"42_H7";"H7";"F16";163;0.080200002;"H";"7";"y";126.021;925;NA;NA;0.176216216216216;"No"
42;"42_H8";"H8";"F16";163;0.081900001;"H";"8";"y";126.021;925;NA;NA;0.176216216216216;"No"
43;"43_H5";"H5";"F16";166;0.080799997;"H";"5";"y";108.9711;895.5;NA;NA;0.18537130094919;"No"
43;"43_H6";"H6";"F16";172;0.081100002;"H";"6";"y";108.9711;895.5;NA;NA;0.192071468453378;"No"
43;"43_H7";"H7";"F16";167;0.081200004;"H";"7";"y";108.9711;895.5;NA;NA;0.186487995533222;"No"
43;"43_H8";"H8";"F16";172;0.081600003;"H";"8";"y";108.9711;895.5;NA;NA;0.192071468453378;"No"
44;"44_H5";"H5";"F16";155;0.082699999;"H";"5";"y";123.0558;762.5;NA;NA;0.20327868852459;"No"
44;"44_H6";"H6";"F16";157;0.082800001;"H";"6";"y";123.0558;762.5;NA;NA;0.205901639344262;"No"
44;"44_H7";"H7";"F16";155;0.0823;"H";"7";"y";123.0558;762.5;NA;NA;0.20327868852459;"No"
44;"44_H8";"H8";"F16";160;0.082699999;"H";"8";"y";123.0558;762.5;NA;NA;0.20983606557377;"No"
45;"45_H5";"H5";"F16";165;0.101099998;"H";"5";"y";114.9015;835;NA;NA;0.197604790419162;"No"
45;"45_H6";"H6";"F16";160;0.0845;"H";"6";"y";114.9015;835;NA;NA;0.191616766467066;"No"
45;"45_H7";"H7";"F16";152;0.098499998;"H";"7";"y";114.9015;835;NA;NA;0.182035928143713;"No"
45;"45_H8";"H8";"F16";194;0.0964;"H";"8";"y";114.9015;835;NA;NA;0.232335329341317;"No"
46;"46_H5";"H5";"F16";161;0.0876;"H";"5";"y";117.8667;985.5;NA;NA;0.163368848300355;"No"
46;"46_H6";"H6";"F16";176;0.082199998;"H";"6";"y";117.8667;985.5;NA;NA;0.178589548452562;"No"
46;"46_H7";"H7";"F16";166;0.083099999;"H";"7";"y";117.8667;985.5;NA;NA;0.168442415017757;"No"
46;"46_H8";"H8";"F16";175;0.083099999;"H";"8";"y";117.8667;985.5;NA;NA;0.177574835109082;"No"
47;"47_H5";"H5";"F16";463;0.089100003;"H";"5";"y";134.9166;1386.5;NA;NA;0.333934367111432;"No"
47;"47_H6";"H6";"F16";419;0.087200001;"H";"6";"y";134.9166;1386.5;NA;NA;0.30219978362784;"No"
47;"47_H7";"H7";"F16";428;0.086000003;"H";"7";"y";134.9166;1386.5;NA;NA;0.308690948431302;"No"
47;"47_H8";"H8";"F16";474;0.090700001;"H";"8";"y";134.9166;1386.5;NA;NA;0.34186801298233;"No"
48;"48_H5";"H5";"F16";472;0.084700003;"H";"5";"y";157.1556;1451;NA;NA;0.325292901447278;"No"
48;"48_H6";"H6";"F16";422;0.086000003;"H";"6";"y";157.1556;1451;NA;NA;0.290833907649897;"No"
48;"48_H7";"H7";"F16";423;0.087300003;"H";"7";"y";157.1556;1451;NA;NA;0.291523087525844;"No"
48;"48_H8";"H8";"F16";445;0.085900001;"H";"8";"y";157.1556;1451;NA;NA;0.306685044796692;"No"
49;"49_H5";"H5";"F16";465;0.097400002;"H";"5";"y";203.8575;1550.5;NA;NA;0.299903257013866;"No"
49;"49_H6";"H6";"F16";440;0.086099997;"H";"6";"y";203.8575;1550.5;NA;NA;0.283779425991616;"No"
49;"49_H7";"H7";"F16";465;0.089900002;"H";"7";"y";203.8575;1550.5;NA;NA;0.299903257013866;"No"
49;"49_H8";"H8";"F16";438;0.092699997;"H";"8";"y";203.8575;1550.5;NA;NA;0.282489519509836;"No"
50;"50_H5";"H5";"F16";188;0.087800004;"H";"5";"y";90.4386;979.5;NA;NA;0.191934660541092;"No"
50;"50_H6";"H6";"F16";173;0.083099999;"H";"6";"y";90.4386;979.5;NA;NA;0.176620724859622;"No"
50;"50_H7";"H7";"F16";222;0.104699999;"H";"7";"y";90.4386;979.5;NA;NA;0.226646248085758;"No"
50;"50_H8";"H8";"F16";172;0.081799999;"H";"8";"y";90.4386;979.5;NA;NA;0.175599795814191;"No"
51;"51_H5";"H5";"F16";180;0.080799997;"H";"5";"y";95.6277;938.5;NA;NA;0.191795418220565;"No"
51;"51_H6";"H6";"F16";193;0.089199997;"H";"6";"y";95.6277;938.5;NA;NA;0.205647309536494;"No"
51;"51_H7";"H7";"F16";173;0.079899997;"H";"7";"y";95.6277;938.5;NA;NA;0.184336707511987;"No"
51;"51_H8";"H8";"F16";168;0.081600003;"H";"8";"y";95.6277;938.5;NA;NA;0.17900905700586;"No"
52;"52_H5";"H5";"F16";123;0.503600001;"H";"5";"y";114.1602;991;NA;NA;0.124117053481332;"No"
52;"52_H6";"H6";"F16";173;0.081500001;"H";"6";"y";114.1602;991;NA;NA;0.174571140262361;"No"
52;"52_H7";"H7";"F16";173;0.082999997;"H";"7";"y";114.1602;991;NA;NA;0.174571140262361;"No"
52;"52_H8";"H8";"F16";164;0.080899999;"H";"8";"y";114.1602;991;NA;NA;0.165489404641776;"No"
53;"53_H5";"H5";"F16";163;0.079999998;"H";"5";"y";111.195;955;NA;NA;0.170680628272251;"No"
53;"53_H6";"H6";"F16";173;0.081799999;"H";"6";"y";111.195;955;NA;NA;0.181151832460733;"No"
53;"53_H7";"H7";"F16";173;0.079800002;"H";"7";"y";111.195;955;NA;NA;0.181151832460733;"No"
53;"53_H8";"H8";"F16";171;0.081100002;"H";"8";"y";111.195;955;NA;NA;0.179057591623037;"No"
54;"54_H5";"H5";"F16";166;0.082599998;"H";"5";"y";154.9317;857;NA;NA;0.193698949824971;"No"
54;"54_H6";"H6";"F16";161;0.081500001;"H";"6";"y";154.9317;857;NA;NA;0.187864644107351;"No"
54;"54_H7";"H7";"F16";173;0.082599998;"H";"7";"y";154.9317;857;NA;NA;0.201866977829638;"No"
54;"54_H8";"H8";"F16";161;0.083999999;"H";"8";"y";154.9317;857;NA;NA;0.187864644107351;"No"
55;"55_H5";"H5";"F16";163;0.082599998;"H";"5";"y";259.455;882;NA;NA;0.184807256235828;"No"
55;"55_H6";"H6";"F16";158;0.081500001;"H";"6";"y";259.455;882;NA;NA;0.179138321995465;"No"
55;"55_H7";"H7";"F16";164;0.083400004;"H";"7";"y";259.455;882;NA;NA;0.1859410430839;"No"
55;"55_H8";"H8";"F16";153;0.083499998;"H";"8";"y";259.455;882;NA;NA;0.173469387755102;"No"
56;"56_H5";"H5";"F16";172;0.082599998;"H";"5";"y";95.6277;936;NA;NA;0.183760683760684;"No"
56;"56_H6";"H6";"F16";170;0.082400002;"H";"6";"y";95.6277;936;NA;NA;0.181623931623932;"No"
56;"56_H7";"H7";"F16";157;0.082000002;"H";"7";"y";95.6277;936;NA;NA;0.167735042735043;"No"
56;"56_H8";"H8";"F16";161;0.083800003;"H";"8";"y";95.6277;936;NA;NA;0.172008547008547;"No"
57;"57_H5";"H5";"F16";162;0.085000001;"H";"5";"y";116.3841;938;NA;NA;0.1727078891258;"No"
57;"57_H6";"H6";"F16";178;0.087200001;"H";"6";"y";116.3841;938;NA;NA;0.189765458422175;"No"
57;"57_H7";"H7";"F16";170;0.082699999;"H";"7";"y";116.3841;938;NA;NA;0.181236673773987;"No"
57;"57_H8";"H8";"F16";179;0.083899997;"H";"8";"y";116.3841;938;NA;NA;0.190831556503198;"No"
58;"58_H5";"H5";"F16";167;0.080799997;"H";"5";"y";74.13;895.5;NA;NA;0.186487995533222;"No"
58;"58_H6";"H6";"F16";175;0.080799997;"H";"6";"y";74.13;895.5;NA;NA;0.195421552205472;"No"
58;"58_H7";"H7";"F16";182;0.0814;"H";"7";"y";74.13;895.5;NA;NA;0.203238414293691;"No"
58;"58_H8";"H8";"F16";184;0.083800003;"H";"8";"y";74.13;895.5;NA;NA;0.205471803461753;"No"
59;"59_H5";"H5";"F16";166;0.080799997;"H";"5";"y";69.6822;888;NA;NA;0.186936936936937;"No"
59;"59_H6";"H6";"F16";174;0.0814;"H";"6";"y";69.6822;888;NA;NA;0.195945945945946;"No"
59;"59_H7";"H7";"F16";163;0.082099997;"H";"7";"y";69.6822;888;NA;NA;0.183558558558559;"No"
59;"59_H8";"H8";"F16";165;0.0801;"H";"8";"y";69.6822;888;NA;NA;0.185810810810811;"No"
60;"60_H5";"H5";"F16";173;0.0836;"H";"5";"y";99.3342;878;NA;NA;0.197038724373576;"No"
60;"60_H6";"H6";"F16";185;0.087399997;"H";"6";"y";99.3342;878;NA;NA;0.210706150341686;"No"
60;"60_H7";"H7";"F16";170;0.0832;"H";"7";"y";99.3342;878;NA;NA;0.193621867881549;"No"
60;"60_H8";"H8";"F16";167;0.083099999;"H";"8";"y";99.3342;878;NA;NA;0.190205011389522;"No"
61;"61_H5";"H5";"F16";164;0.081699997;"H";"5";"y";57.0801;857.5;NA;NA;0.191253644314869;"No"
61;"61_H6";"H6";"F16";167;0.081600003;"H";"6";"y";57.0801;857.5;NA;NA;0.194752186588921;"No"
61;"61_H7";"H7";"F16";163;0.083899997;"H";"7";"y";57.0801;857.5;NA;NA;0.190087463556851;"No"
61;"61_H8";"H8";"F16";165;0.083899997;"H";"8";"y";57.0801;857.5;NA;NA;0.192419825072886;"No"
62;"62_H5";"H5";"F16";168;0.080799997;"H";"5";"y";71.1648;867.5;NA;NA;0.193659942363112;"No"
62;"62_H6";"H6";"F16";168;0.080899999;"H";"6";"y";71.1648;867.5;NA;NA;0.193659942363112;"No"
62;"62_H7";"H7";"F16";172;0.081900001;"H";"7";"y";71.1648;867.5;NA;NA;0.198270893371758;"No"
62;"62_H8";"H8";"F16";161;0.256700009;"H";"8";"y";71.1648;867.5;NA;NA;0.185590778097983;"No"
63;"63_H5";"H5";"F16";131;0.488599986;"H";"5";"y";101.5581;856;NA;NA;0.15303738317757;"No"
63;"63_H6";"H6";"F16";171;0.0867;"H";"6";"y";101.5581;856;NA;NA;0.199766355140187;"No"
63;"63_H7";"H7";"F16";169;0.090000004;"H";"7";"y";101.5581;856;NA;NA;0.197429906542056;"No"
63;"63_H8";"H8";"F16";150;0.253800005;"H";"8";"y";101.5581;856;NA;NA;0.175233644859813;"No"
64;"64_H5";"H5";"F16";206;0.090700001;"H";"5";"y";127.5036;920;NA;NA;0.223913043478261;"No"
64;"64_H6";"H6";"F16";165;0.083300002;"H";"6";"y";127.5036;920;NA;NA;0.179347826086957;"No"
64;"64_H7";"H7";"F16";166;0.083099999;"H";"7";"y";127.5036;920;NA;NA;0.180434782608696;"No"
64;"64_H8";"H8";"F16";162;0.086000003;"H";"8";"y";127.5036;920;NA;NA;0.176086956521739;"No"
65;"65_H5";"H5";"F16";324;0.115;"H";"5";"y";206.0814;1024.5;NA;NA;0.316251830161054;"No"
65;"65_H6";"H6";"F16";306;0.0893;"H";"6";"y";206.0814;1024.5;NA;NA;0.298682284040996;"No"
65;"65_H7";"H7";"F16";232;0.0846;"H";"7";"y";206.0814;1024.5;NA;NA;0.226451927769644;"No"
65;"65_H8";"H8";"F16";215;0.0869;"H";"8";"y";206.0814;1024.5;NA;NA;0.209858467545144;"No"
66;"66_H5";"H5";"F16";229;0.0936;"H";"5";"y";157.8969;937.5;NA;NA;0.244266666666667;"No"
66;"66_H6";"H6";"F16";195;0.0837;"H";"6";"y";157.8969;937.5;NA;NA;0.208;"No"
66;"66_H7";"H7";"F16";202;0.0857;"H";"7";"y";157.8969;937.5;NA;NA;0.215466666666667;"No"
66;"66_H8";"H8";"F16";187;0.0846;"H";"8";"y";157.8969;937.5;NA;NA;0.199466666666667;"No"
67;"67_H5";"H5";"F16";219;0.0908;"H";"5";"y";100.8168;868;NA;NA;0.252304147465438;"No"
67;"67_H6";"H6";"F16";193;0.0838;"H";"6";"y";100.8168;868;NA;NA;0.222350230414747;"No"
67;"67_H7";"H7";"F16";185;0.0828;"H";"7";"y";100.8168;868;NA;NA;0.213133640552995;"No"
67;"67_H8";"H8";"F16";178;0.0843;"H";"8";"y";100.8168;868;NA;NA;0.205069124423963;"No"
68;"68_H5";"H5";"F16";214;0.0902;"H";"5";"y";93.4038;848;NA;NA;0.252358490566038;"No"
68;"68_H6";"H6";"F16";178;0.0828;"H";"6";"y";93.4038;848;NA;NA;0.209905660377358;"No"
68;"68_H7";"H7";"F16";183;0.09;"H";"7";"y";93.4038;848;NA;NA;0.215801886792453;"No"
68;"68_H8";"H8";"F16";176;0.0955;"H";"8";"y";93.4038;848;NA;NA;0.207547169811321;"No"
69;"69_H5";"H5";"F16";199;0.086;"H";"5";"y";167.5338;952.5;NA;NA;0.208923884514436;"No"
69;"69_H6";"H6";"F16";193;0.0828;"H";"6";"y";167.5338;952.5;NA;NA;0.20262467191601;"No"
69;"69_H7";"H7";"F16";183;0.0811;"H";"7";"y";167.5338;952.5;NA;NA;0.192125984251969;"No"
69;"69_H8";"H8";"F16";186;0.0824;"H";"8";"y";167.5338;952.5;NA;NA;0.195275590551181;"No"
70;"70_H5";"H5";"F16";232;0.0888;"H";"5";"y";108.2298;900.5;NA;NA;0.257634647418101;"No"
70;"70_H6";"H6";"F16";193;0.0829;"H";"6";"y";108.2298;900.5;NA;NA;0.214325374791782;"No"
70;"70_H7";"H7";"F16";191;0.0834;"H";"7";"y";108.2298;900.5;NA;NA;0.212104386451971;"No"
70;"70_H8";"H8";"F16";187;0.0834;"H";"8";"y";108.2298;900.5;NA;NA;0.207662409772349;"No"
71;"71_H5";"H5";"F16";211;0.0887;"H";"5";"y";134.9166;872;NA;NA;0.24197247706422;"No"
71;"71_H6";"H6";"F16";188;0.0825;"H";"6";"y";134.9166;872;NA;NA;0.215596330275229;"No"
71;"71_H7";"H7";"F16";188;0.0826;"H";"7";"y";134.9166;872;NA;NA;0.215596330275229;"No"
71;"71_H8";"H8";"F16";188;0.0835;"H";"8";"y";134.9166;872;NA;NA;0.215596330275229;"No"
72;"72_H5";"H5";"F16";213;0.0921;"H";"5";"y";89.6973;826.5;NA;NA;0.257713248638838;"No"
72;"72_H6";"H6";"F16";189;0.0851;"H";"6";"y";89.6973;826.5;NA;NA;0.228675136116152;"No"
72;"72_H7";"H7";"F16";197;0.0843;"H";"7";"y";89.6973;826.5;NA;NA;0.238354506957048;"No"
72;"72_H8";"H8";"F16";189;0.0862;"H";"8";"y";89.6973;826.5;NA;NA;0.228675136116152;"No"
74;"74_H5";"H5";"F16";207;0.0973;"H";"5";"y";121.5732;808.5;NA;NA;0.256029684601113;"No"
74;"74_H6";"H6";"F16";181;0.0849;"H";"6";"y";121.5732;808.5;NA;NA;0.22387136672851;"No"
74;"74_H7";"H7";"F16";177;0.0857;"H";"7";"y";121.5732;808.5;NA;NA;0.218923933209648;"No"
74;"74_H8";"H8";"F16";179;0.0844;"H";"8";"y";121.5732;808.5;NA;NA;0.221397649969079;"No"
75;"75_H5";"H5";"F16";188;0.0967;"H";"5";"y";123.7971;662;NA;NA;0.283987915407855;"No"
75;"75_H6";"H6";"F16";175;0.0854;"H";"6";"y";123.7971;662;NA;NA;0.264350453172205;"No"
75;"75_H7";"H7";"F16";172;0.086;"H";"7";"y";123.7971;662;NA;NA;0.259818731117825;"No"
75;"75_H8";"H8";"F16";170;0.0872;"H";"8";"y";123.7971;662;NA;NA;0.256797583081571;"No"
76;"76_H5";"H5";"F16";174;0.0895;"H";"5";"y";63.0105;565.5;NA;NA;0.307692307692308;"No"
76;"76_H6";"H6";"F16";168;0.0847;"H";"6";"y";63.0105;565.5;NA;NA;0.297082228116711;"No"
76;"76_H7";"H7";"F16";170;0.0848;"H";"7";"y";63.0105;565.5;NA;NA;0.300618921308576;"No"
76;"76_H8";"H8";"F16";165;0.0842;"H";"8";"y";63.0105;565.5;NA;NA;0.291777188328912;"No"
77;"77_H5";"H5";"F16";199;0.093;"H";"5";"y";100.8168;565.5;NA;NA;0.351900972590628;"No"
77;"77_H6";"H6";"F16";174;0.0851;"H";"6";"y";100.8168;565.5;NA;NA;0.307692307692308;"No"
77;"77_H7";"H7";"F16";176;0.0857;"H";"7";"y";100.8168;565.5;NA;NA;0.311229000884173;"No"
77;"77_H8";"H8";"F16";188;0.0869;"H";"8";"y";100.8168;565.5;NA;NA;0.332449160035367;"No"
78;"78_H5";"H5";"F16";203;0.0881;"H";"5";"y";117.8667;704.5;NA;NA;0.288147622427253;"No"
78;"78_H6";"H6";"F16";177;0.0837;"H";"6";"y";117.8667;704.5;NA;NA;0.251242015613911;"No"
78;"78_H7";"H7";"F16";179;0.0842;"H";"7";"y";117.8667;704.5;NA;NA;0.254080908445706;"No"
78;"78_H8";"H8";"F16";172;0.0882;"H";"8";"y";117.8667;704.5;NA;NA;0.244144783534422;"No"
79;"79_H5";"H5";"F16";227;0.0944;"H";"5";"y";96.369;784.5;NA;NA;0.289356277884003;"No"
79;"79_H6";"H6";"F16";214;0.0876;"H";"6";"y";96.369;784.5;NA;NA;0.272785213511791;"No"
79;"79_H7";"H7";"F16";302;0.1107;"H";"7";"y";96.369;784.5;NA;NA;0.38495857233907;"No"
79;"79_H8";"H8";"F16";195;0.0847;"H";"8";"y";96.369;784.5;NA;NA;0.248565965583174;"No"
80;"80_H5";"H5";"F16";206;0.0944;"H";"5";"y";85.9908;698;NA;NA;0.29512893982808;"No"
80;"80_H6";"H6";"F16";186;0.0843;"H";"6";"y";85.9908;698;NA;NA;0.26647564469914;"No"
80;"80_H7";"H7";"F16";175;0.0857;"H";"7";"y";85.9908;698;NA;NA;0.250716332378223;"No"
80;"80_H8";"H8";"F16";180;0.0861;"H";"8";"y";85.9908;698;NA;NA;0.257879656160458;"No"
81;"81_H5";"H5";"F16";194;0.0916;"H";"5";"y";51.891;701;NA;NA;0.276747503566334;"No"
81;"81_H6";"H6";"F16";191;0.084;"H";"6";"y";51.891;701;NA;NA;0.27246790299572;"No"
81;"81_H7";"H7";"F16";200;0.0852;"H";"7";"y";51.891;701;NA;NA;0.285306704707561;"No"
81;"81_H8";"H8";"F16";182;0.0844;"H";"8";"y";51.891;701;NA;NA;0.25962910128388;"No"
82;"82_H5";"H5";"F16";211;0.0895;"H";"5";"y";54.1149;680;NA;NA;0.310294117647059;"No"
82;"82_H6";"H6";"F16";183;0.0829;"H";"6";"y";54.1149;680;NA;NA;0.269117647058824;"No"
82;"82_H7";"H7";"F16";183;0.0829;"H";"7";"y";54.1149;680;NA;NA;0.269117647058824;"No"
82;"82_H8";"H8";"F16";179;0.0837;"H";"8";"y";54.1149;680;NA;NA;0.263235294117647;"No"
83;"83_H5";"H5";"F16";276;0.0981;"H";"5";"y";102.2994;818;NA;NA;0.337408312958435;"No"
83;"83_H6";"H6";"F16";198;0.0933;"H";"6";"y";102.2994;818;NA;NA;0.242053789731051;"No"
83;"83_H7";"H7";"F16";205;0.0932;"H";"7";"y";102.2994;818;NA;NA;0.250611246943765;"No"
83;"83_H8";"H8";"F16";187;0.0866;"H";"8";"y";102.2994;818;NA;NA;0.228606356968215;"No"
84;"84_H5";"H5";"F16";197;0.0907;"H";"5";"y";81.543;679.5;NA;NA;0.289919058130979;"No"
84;"84_H6";"H6";"F16";180;0.083;"H";"6";"y";81.543;679.5;NA;NA;0.264900662251656;"No"
84;"84_H7";"H7";"F16";186;0.0852;"H";"7";"y";81.543;679.5;NA;NA;0.273730684326711;"No"
84;"84_H8";"H8";"F16";183;0.084;"H";"8";"y";81.543;679.5;NA;NA;0.269315673289183;"No"
85;"85_H5";"H5";"F16";190;0.0958;"H";"5";"y";84.5082;677.5;NA;NA;0.280442804428044;"No"
85;"85_H6";"H6";"F16";169;0.0846;"H";"6";"y";84.5082;677.5;NA;NA;0.249446494464945;"No"
85;"85_H7";"H7";"F16";174;0.0861;"H";"7";"y";84.5082;677.5;NA;NA;0.256826568265683;"No"
85;"85_H8";"H8";"F16";173;0.0843;"H";"8";"y";84.5082;677.5;NA;NA;0.255350553505535;"No"
86;"86_H5";"H5";"F16";184;0.0913;"H";"5";"y";85.2495;618;NA;NA;0.297734627831715;"No"
86;"86_H6";"H6";"F16";175;0.0838;"H";"6";"y";85.2495;618;NA;NA;0.283171521035599;"No"
86;"86_H7";"H7";"F16";174;0.0856;"H";"7";"y";85.2495;618;NA;NA;0.281553398058252;"No"
86;"86_H8";"H8";"F16";167;0.0848;"H";"8";"y";85.2495;618;NA;NA;0.270226537216828;"No"
88;"88_H5";"H5";"F16";187;0.0951;"H";"5";"y";83.0256;628;NA;NA;0.297770700636943;"No"
88;"88_H6";"H6";"F16";170;0.084;"H";"6";"y";83.0256;628;NA;NA;0.270700636942675;"No"
88;"88_H7";"H7";"F16";169;0.0837;"H";"7";"y";83.0256;628;NA;NA;0.269108280254777;"No"
88;"88_H8";"H8";"F16";176;0.0856;"H";"8";"y";83.0256;628;NA;NA;0.280254777070064;"No"
89;"89_H5";"H5";"F16";190;0.0899;"H";"5";"y";120.8319;691;NA;NA;0.274963820549928;"No"
89;"89_H6";"H6";"F16";173;0.0871;"H";"6";"y";120.8319;691;NA;NA;0.250361794500724;"No"
89;"89_H7";"H7";"F16";179;0.0838;"H";"7";"y";120.8319;691;NA;NA;0.25904486251809;"No"
89;"89_H8";"H8";"F16";175;0.0837;"H";"8";"y";120.8319;691;NA;NA;0.253256150506512;"No"
90;"90_H5";"H5";"F16";221;0.0902;"H";"5";"y";116.3841;784;NA;NA;0.281887755102041;"No"
90;"90_H6";"H6";"F16";246;0.094;"H";"6";"y";116.3841;784;NA;NA;0.313775510204082;"No"
90;"90_H7";"H7";"F16";203;0.0842;"H";"7";"y";116.3841;784;NA;NA;0.258928571428571;"No"
90;"90_H8";"H8";"F16";192;0.0855;"H";"8";"y";116.3841;784;NA;NA;0.244897959183673;"No"
91;"91_H5";"H5";"F16";193;0.0903;"H";"5";"y";169.7577;669;NA;NA;0.288490284005979;"No"
91;"91_H6";"H6";"F16";180;0.0855;"H";"6";"y";169.7577;669;NA;NA;0.269058295964126;"No"
91;"91_H7";"H7";"F16";174;0.0836;"H";"7";"y";169.7577;669;NA;NA;0.260089686098655;"No"
91;"91_H8";"H8";"F16";172;0.0854;"H";"8";"y";169.7577;669;NA;NA;0.257100149476831;"No"
92;"92_H5";"H5";"F16";176;0.0835;"H";"5";"y";98.5929;782.5;NA;NA;0.224920127795527;"No"
92;"92_H6";"H6";"F16";186;0.0849;"H";"6";"y";98.5929;782.5;NA;NA;0.237699680511182;"No"
92;"92_H7";"H7";"F16";189;0.0835;"H";"7";"y";98.5929;782.5;NA;NA;0.241533546325879;"No"
92;"92_H8";"H8";"F16";178;0.0841;"H";"8";"y";98.5929;782.5;NA;NA;0.227476038338658;"No"
93;"93_H5";"H5";"F16";186;0.0891;"H";"5";"y";71.9061;745.5;NA;NA;0.249496981891348;"No"
93;"93_H6";"H6";"F16";187;0.0832;"H";"6";"y";71.9061;745.5;NA;NA;0.25083836351442;"No"
93;"93_H7";"H7";"F16";174;0.084;"H";"7";"y";71.9061;745.5;NA;NA;0.233400402414487;"No"
93;"93_H8";"H8";"F16";169;0.0851;"H";"8";"y";71.9061;745.5;NA;NA;0.226693494299128;"No"
94;"94_H5";"H5";"F16";171;0.0831;"H";"5";"y";128.9862;775.5;NA;NA;0.220502901353965;"No"
94;"94_H6";"H6";"F16";179;0.0828;"H";"6";"y";128.9862;775.5;NA;NA;0.230818826563507;"No"
94;"94_H7";"H7";"F16";165;0.084;"H";"7";"y";128.9862;775.5;NA;NA;0.212765957446809;"No"
94;"94_H8";"H8";"F16";168;0.0841;"H";"8";"y";128.9862;775.5;NA;NA;0.216634429400387;"No"
95;"95_H5";"H5";"F16";211;0.0956;"H";"5";"y";91.1799;738;NA;NA;0.285907859078591;"No"
95;"95_H6";"H6";"F16";230;0.0929;"H";"6";"y";91.1799;738;NA;NA;0.311653116531165;"No"
95;"95_H7";"H7";"F16";175;0.0841;"H";"7";"y";91.1799;738;NA;NA;0.237127371273713;"No"
95;"95_H8";"H8";"F16";190;0.0846;"H";"8";"y";91.1799;738;NA;NA;0.257452574525745;"No"
96;"96_H5";"H5";"F16";174;0.0836;"H";"5";"y";78.5778;689;NA;NA;0.252539912917271;"No"
96;"96_H6";"H6";"F16";183;0.0844;"H";"6";"y";78.5778;689;NA;NA;0.265602322206096;"No"
96;"96_H7";"H7";"F16";172;0.0832;"H";"7";"y";78.5778;689;NA;NA;0.249637155297533;"No"
96;"96_H8";"H8";"F16";203;0.0972;"H";"8";"y";78.5778;689;NA;NA;0.294629898403483;"No"
97;"97_H5";"H5";"F16";162;0.0841;"H";"5";"y";69.6822;642.5;NA;NA;0.252140077821012;"No"
97;"97_H6";"H6";"F16";166;0.083;"H";"6";"y";69.6822;642.5;NA;NA;0.258365758754864;"No"
97;"97_H7";"H7";"F16";165;0.0873;"H";"7";"y";69.6822;642.5;NA;NA;0.256809338521401;"No"
97;"97_H8";"H8";"F16";168;0.0836;"H";"8";"y";69.6822;642.5;NA;NA;0.26147859922179;"No"
98;"98_H5";"H5";"F16";170;0.0843;"H";"5";"y";71.9061;638.5;NA;NA;0.266249021143305;"No"
98;"98_H6";"H6";"F16";164;0.0842;"H";"6";"y";71.9061;638.5;NA;NA;0.256851996867659;"No"
98;"98_H7";"H7";"F16";165;0.0839;"H";"7";"y";71.9061;638.5;NA;NA;0.258418167580266;"No"
98;"98_H8";"H8";"F16";167;0.0863;"H";"8";"y";71.9061;638.5;NA;NA;0.261550509005482;"No"
99;"99_H5";"H5";"F16";177;0.0901;"H";"5";"y";68.1996;647;NA;NA;0.273570324574961;"No"
99;"99_H6";"H6";"F16";174;0.0855;"H";"6";"y";68.1996;647;NA;NA;0.268933539412674;"No"
99;"99_H7";"H7";"F16";171;0.0908;"H";"7";"y";68.1996;647;NA;NA;0.264296754250386;"No"
99;"99_H8";"H8";"F16";164;0.0956;"H";"8";"y";68.1996;647;NA;NA;0.253477588871716;"No"
100;"100_H5";"H5";"F16";168;0.0843;"H";"5";"y";97.8516;650;NA;NA;0.258461538461538;"No"
100;"100_H6";"H6";"F16";162;0.0858;"H";"6";"y";97.8516;650;NA;NA;0.249230769230769;"No"
100;"100_H7";"H7";"F16";171;0.0848;"H";"7";"y";97.8516;650;NA;NA;0.263076923076923;"No"
100;"100_H8";"H8";"F16";167;0.0866;"H";"8";"y";97.8516;650;NA;NA;0.256923076923077;"No"
1;"1_B10";"B10";"B329_LIKE+F16";809;0.1301;"B";"10";"n";110.4537;882.5;NA;NA;0.91671388101983;"No"
1;"1_B11";"B11";"B329_LIKE+F16";1052;0.1567;"B";"11";"n";110.4537;882.5;NA;NA;1.19206798866856;"No"
1;"1_B2";"B2";"B329_LIKE+F16";950;0.1586;"B";"2";"n";110.4537;882.5;NA;NA;1.07648725212465;"No"
1;"1_B3";"B3";"B329_LIKE+F16";702;0.1356;"B";"3";"n";110.4537;882.5;NA;NA;0.795467422096317;"No"
1;"1_B4";"B4";"B329_LIKE+F16";854;0.1542;"B";"4";"n";110.4537;882.5;NA;NA;0.967705382436261;"No"
1;"1_B5";"B5";"B329_LIKE+F16";1256;0.2084;"B";"5";"n";110.4537;882.5;NA;NA;1.42322946175637;"No"
1;"1_B6";"B6";"B329_LIKE+F16";924;0.1613;"B";"6";"n";110.4537;882.5;NA;NA;1.04702549575071;"No"
1;"1_B7";"B7";"B329_LIKE+F16";806;0.1317;"B";"7";"n";110.4537;882.5;NA;NA;0.913314447592068;"No"
1;"1_B8";"B8";"B329_LIKE+F16";736;0.1309;"B";"8";"n";110.4537;882.5;NA;NA;0.83399433427762;"No"
1;"1_B9";"B9";"B329_LIKE+F16";991;0.1548;"B";"9";"n";110.4537;882.5;NA;NA;1.12294617563739;"No"
1;"1_C10";"C10";"B329_LIKE+F16";2008;0.1399;"C";"10";"n";110.4537;882.5;NA;NA;2.27535410764873;"No"
1;"1_C11";"C11";"B329_LIKE+F16";966;0.1425;"C";"11";"n";110.4537;882.5;NA;NA;1.09461756373938;"No"
1;"1_C2";"C2";"B329_LIKE+F16";629;0.1291;"C";"2";"n";110.4537;882.5;NA;NA;0.712747875354108;"No"
1;"1_C4";"C4";"B329_LIKE+F16";903;0.1277;"C";"4";"n";110.4537;882.5;NA;NA;1.02322946175637;"No"
1;"1_C5";"C5";"B329_LIKE+F16";668;0.1288;"C";"5";"n";110.4537;882.5;NA;NA;0.756940509915014;"No"
1;"1_C6";"C6";"B329_LIKE+F16";816;0.1257;"C";"6";"n";110.4537;882.5;NA;NA;0.924645892351275;"No"
1;"1_C7";"C7";"B329_LIKE+F16";776;0.1294;"C";"7";"n";110.4537;882.5;NA;NA;0.879320113314448;"No"
1;"1_C8";"C8";"B329_LIKE+F16";703;0.1244;"C";"8";"n";110.4537;882.5;NA;NA;0.796600566572238;"No"
1;"1_C9";"C9";"B329_LIKE+F16";870;0.1304;"C";"9";"n";110.4537;882.5;NA;NA;0.985835694050991;"No"
1;"1_D10";"D10";"B329_LIKE+F16";905;0.152;"D";"10";"n";110.4537;882.5;NA;NA;1.02549575070822;"No"
1;"1_D11";"D11";"B329_LIKE+F16";891;0.1573;"D";"11";"n";110.4537;882.5;NA;NA;1.00963172804533;"No"
1;"1_D2";"D2";"B329_LIKE+F16";662;0.1162;"D";"2";"n";110.4537;882.5;NA;NA;0.75014164305949;"No"
1;"1_D3";"D3";"B329_LIKE+F16";1006;0.1489;"D";"3";"n";110.4537;882.5;NA;NA;1.1399433427762;"No"
1;"1_D4";"D4";"B329_LIKE+F16";792;0.1269;"D";"4";"n";110.4537;882.5;NA;NA;0.897450424929178;"No"
1;"1_D5";"D5";"B329_LIKE+F16";955;0.1516;"D";"5";"n";110.4537;882.5;NA;NA;1.08215297450425;"No"
1;"1_D6";"D6";"B329_LIKE+F16";880;0.1409;"D";"6";"n";110.4537;882.5;NA;NA;0.997167138810198;"No"
1;"1_D7";"D7";"B329_LIKE+F16";979;0.1478;"D";"7";"n";110.4537;882.5;NA;NA;1.10934844192635;"No"
1;"1_D8";"D8";"B329_LIKE+F16";825;0.1407;"D";"8";"n";110.4537;882.5;NA;NA;0.934844192634561;"No"
1;"1_D9";"D9";"B329_LIKE+F16";833;0.1427;"D";"9";"n";110.4537;882.5;NA;NA;0.943909348441926;"No"
1;"1_E10";"E10";"B329_LIKE+F16";841;0.1362;"E";"10";"n";110.4537;882.5;NA;NA;0.952974504249292;"No"
1;"1_E11";"E11";"B329_LIKE+F16";964;0.1585;"E";"11";"n";110.4537;882.5;NA;NA;1.09235127478754;"No"
1;"1_E2";"E2";"B329_LIKE+F16";715;0.1379;"E";"2";"n";110.4537;882.5;NA;NA;0.810198300283286;"No"
1;"1_E3";"E3";"B329_LIKE+F16";712;0.1235;"E";"3";"n";110.4537;882.5;NA;NA;0.806798866855524;"No"
1;"1_E4";"E4";"B329_LIKE+F16";826;0.136;"E";"4";"n";110.4537;882.5;NA;NA;0.935977337110482;"No"
1;"1_E5";"E5";"B329_LIKE+F16";822;0.1304;"E";"5";"n";110.4537;882.5;NA;NA;0.931444759206799;"No"
1;"1_E6";"E6";"B329_LIKE+F16";947;0.1659;"E";"6";"n";110.4537;882.5;NA;NA;1.07308781869688;"No"
1;"1_E7";"E7";"B329_LIKE+F16";853;0.1352;"E";"7";"n";110.4537;882.5;NA;NA;0.96657223796034;"No"
1;"1_E8";"E8";"B329_LIKE+F16";810;0.131;"E";"8";"n";110.4537;882.5;NA;NA;0.917847025495751;"No"
1;"1_E9";"E9";"B329_LIKE+F16";786;0.1332;"E";"9";"n";110.4537;882.5;NA;NA;0.890651558073654;"No"
1;"1_F10";"F10";"B329_LIKE+F16";857;0.1479;"F";"10";"n";110.4537;882.5;NA;NA;0.971104815864023;"No"
1;"1_F11";"F11";"B329_LIKE+F16";1001;0.1685;"F";"11";"n";110.4537;882.5;NA;NA;1.1342776203966;"No"
1;"1_F2";"F2";"B329_LIKE+F16";747;0.1288;"F";"2";"n";110.4537;882.5;NA;NA;0.846458923512748;"No"
1;"1_F3";"F3";"B329_LIKE+F16";823;0.1423;"F";"3";"n";110.4537;882.5;NA;NA;0.93257790368272;"No"
1;"1_F4";"F4";"B329_LIKE+F16";717;0.1325;"F";"4";"n";110.4537;882.5;NA;NA;0.812464589235127;"No"
1;"1_F5";"F5";"B329_LIKE+F16";981;0.1383;"F";"5";"n";110.4537;882.5;NA;NA;1.11161473087819;"No"
1;"1_F6";"F6";"B329_LIKE+F16";733;0.1309;"F";"6";"n";110.4537;882.5;NA;NA;0.830594900849858;"No"
1;"1_F7";"F7";"B329_LIKE+F16";973;0.1453;"F";"7";"n";110.4537;882.5;NA;NA;1.10254957507082;"No"
1;"1_F8";"F8";"B329_LIKE+F16";783;0.1398;"F";"8";"n";110.4537;882.5;NA;NA;0.887252124645892;"No"
1;"1_F9";"F9";"B329_LIKE+F16";1379;0.1478;"F";"9";"n";110.4537;882.5;NA;NA;1.56260623229462;"No"
1;"1_G10";"G10";"B329_LIKE+F16";972;0.1564;"G";"10";"n";110.4537;882.5;NA;NA;1.1014164305949;"No"
1;"1_G11";"G11";"B329_LIKE+F16";1003;0.1553;"G";"11";"n";110.4537;882.5;NA;NA;1.13654390934844;"No"
1;"1_G2";"G2";"B329_LIKE+F16";816;0.1355;"G";"2";"n";110.4537;882.5;NA;NA;0.924645892351275;"No"
1;"1_G3";"G3";"B329_LIKE+F16";826;0.1576;"G";"3";"n";110.4537;882.5;NA;NA;0.935977337110482;"No"
1;"1_G4";"G4";"B329_LIKE+F16";1051;0.1453;"G";"4";"n";110.4537;882.5;NA;NA;1.19093484419263;"No"
1;"1_G5";"G5";"B329_LIKE+F16";811;0.1497;"G";"5";"n";110.4537;882.5;NA;NA;0.918980169971671;"No"
1;"1_G6";"G6";"B329_LIKE+F16";921;0.1632;"G";"6";"n";110.4537;882.5;NA;NA;1.04362606232295;"No"
1;"1_G7";"G7";"B329_LIKE+F16";885;0.1736;"G";"7";"n";110.4537;882.5;NA;NA;1.0028328611898;"No"
1;"1_G8";"G8";"B329_LIKE+F16";1057;0.1798;"G";"8";"n";110.4537;882.5;NA;NA;1.19773371104816;"No"
1;"1_G9";"G9";"B329_LIKE+F16";957;0.166;"G";"9";"n";110.4537;882.5;NA;NA;1.08441926345609;"No"
2;"2_B10";"B10";"B329_LIKE+F16";721;0.128;"B";"10";"n";91.9212;786;NA;NA;0.917302798982188;"No"
2;"2_B11";"B11";"B329_LIKE+F16";833;0.1453;"B";"11";"n";91.9212;786;NA;NA;1.05979643765903;"No"
2;"2_B2";"B2";"B329_LIKE+F16";849;0.1544;"B";"2";"n";91.9212;786;NA;NA;1.08015267175573;"No"
2;"2_B3";"B3";"B329_LIKE+F16";903;0.1572;"B";"3";"n";91.9212;786;NA;NA;1.14885496183206;"No"
2;"2_B4";"B4";"B329_LIKE+F16";748;0.1343;"B";"4";"n";91.9212;786;NA;NA;0.951653944020356;"No"
2;"2_B5";"B5";"B329_LIKE+F16";757;0.1355;"B";"5";"n";91.9212;786;NA;NA;0.963104325699746;"No"
2;"2_B6";"B6";"B329_LIKE+F16";786;0.1412;"B";"6";"n";91.9212;786;NA;NA;1;"No"
2;"2_B7";"B7";"B329_LIKE+F16";703;0.128;"B";"7";"n";91.9212;786;NA;NA;0.89440203562341;"No"
2;"2_B8";"B8";"B329_LIKE+F16";765;0.1359;"B";"8";"n";91.9212;786;NA;NA;0.973282442748092;"No"
2;"2_B9";"B9";"B329_LIKE+F16";802;0.1265;"B";"9";"n";91.9212;786;NA;NA;1.02035623409669;"No"
2;"2_C10";"C10";"B329_LIKE+F16";680;0.1281;"C";"10";"n";91.9212;786;NA;NA;0.865139949109415;"No"
2;"2_C11";"C11";"B329_LIKE+F16";657;0.1297;"C";"11";"n";91.9212;786;NA;NA;0.83587786259542;"No"
2;"2_C2";"C2";"B329_LIKE+F16";644;0.1233;"C";"2";"n";91.9212;786;NA;NA;0.819338422391858;"No"
2;"2_C3";"C3";"B329_LIKE+F16";695;0.1301;"C";"3";"n";91.9212;786;NA;NA;0.884223918575064;"No"
2;"2_C4";"C4";"B329_LIKE+F16";626;0.1519;"C";"4";"n";91.9212;786;NA;NA;0.796437659033079;"No"
2;"2_C5";"C5";"B329_LIKE+F16";565;0.2108;"C";"5";"n";91.9212;786;NA;NA;0.71882951653944;"No"
2;"2_C6";"C6";"B329_LIKE+F16";604;0.2256;"C";"6";"n";91.9212;786;NA;NA;0.768447837150127;"No"
2;"2_C7";"C7";"B329_LIKE+F16";652;0.1742;"C";"7";"n";91.9212;786;NA;NA;0.829516539440204;"No"
2;"2_C8";"C8";"B329_LIKE+F16";669;0.1488;"C";"8";"n";91.9212;786;NA;NA;0.851145038167939;"No"
2;"2_C9";"C9";"B329_LIKE+F16";674;0.1257;"C";"9";"n";91.9212;786;NA;NA;0.857506361323155;"No"
2;"2_D10";"D10";"B329_LIKE+F16";773;0.1435;"D";"10";"n";91.9212;786;NA;NA;0.983460559796438;"No"
2;"2_D11";"D11";"B329_LIKE+F16";973;0.1617;"D";"11";"n";91.9212;786;NA;NA;1.23791348600509;"No"
2;"2_D2";"D2";"B329_LIKE+F16";832;0.1585;"D";"2";"n";91.9212;786;NA;NA;1.05852417302799;"No"
2;"2_D3";"D3";"B329_LIKE+F16";730;0.1441;"D";"3";"n";91.9212;786;NA;NA;0.928753180661578;"No"
2;"2_D4";"D4";"B329_LIKE+F16";717;0.2531;"D";"4";"n";91.9212;786;NA;NA;0.912213740458015;"No"
2;"2_D5";"D5";"B329_LIKE+F16";780;0.2409;"D";"5";"n";91.9212;786;NA;NA;0.99236641221374;"No"
2;"2_D6";"D6";"B329_LIKE+F16";948;0.2295;"D";"6";"n";91.9212;786;NA;NA;1.20610687022901;"No"
2;"2_D7";"D7";"B329_LIKE+F16";804;0.1812;"D";"7";"n";91.9212;786;NA;NA;1.02290076335878;"No"
2;"2_D8";"D8";"B329_LIKE+F16";850;0.183;"D";"8";"n";91.9212;786;NA;NA;1.08142493638677;"No"
2;"2_D9";"D9";"B329_LIKE+F16";795;0.1564;"D";"9";"n";91.9212;786;NA;NA;1.01145038167939;"No"
2;"2_E10";"E10";"B329_LIKE+F16";808;0.1476;"E";"10";"n";91.9212;786;NA;NA;1.02798982188295;"No"
2;"2_E11";"E11";"B329_LIKE+F16";727;0.1555;"E";"11";"n";91.9212;786;NA;NA;0.924936386768448;"No"
2;"2_E2";"E2";"B329_LIKE+F16";773;0.1479;"E";"2";"n";91.9212;786;NA;NA;0.983460559796438;"No"
2;"2_E3";"E3";"B329_LIKE+F16";737;0.1414;"E";"3";"n";91.9212;786;NA;NA;0.93765903307888;"No"
2;"2_E4";"E4";"B329_LIKE+F16";620;0.3042;"E";"4";"n";91.9212;786;NA;NA;0.788804071246819;"No"
2;"2_E5";"E5";"B329_LIKE+F16";753;0.2605;"E";"5";"n";91.9212;786;NA;NA;0.958015267175573;"No"
2;"2_E6";"E6";"B329_LIKE+F16";1052;0.2731;"E";"6";"n";91.9212;786;NA;NA;1.33842239185751;"No"
2;"2_E7";"E7";"B329_LIKE+F16";805;0.2312;"E";"7";"n";91.9212;786;NA;NA;1.02417302798982;"No"
2;"2_E8";"E8";"B329_LIKE+F16";653;0.2114;"E";"8";"n";91.9212;786;NA;NA;0.830788804071247;"No"
2;"2_E9";"E9";"B329_LIKE+F16";712;0.1429;"E";"9";"n";91.9212;786;NA;NA;0.905852417302799;"No"
2;"2_F10";"F10";"B329_LIKE+F16";793;0.1399;"F";"10";"n";91.9212;786;NA;NA;1.0089058524173;"No"
2;"2_F11";"F11";"B329_LIKE+F16";805;0.1433;"F";"11";"n";91.9212;786;NA;NA;1.02417302798982;"No"
2;"2_F2";"F2";"B329_LIKE+F16";725;0.1428;"F";"2";"n";91.9212;786;NA;NA;0.922391857506361;"No"
2;"2_F3";"F3";"B329_LIKE+F16";693;0.1305;"F";"3";"n";91.9212;786;NA;NA;0.881679389312977;"No"
2;"2_F4";"F4";"B329_LIKE+F16";686;0.1683;"F";"4";"n";91.9212;786;NA;NA;0.872773536895674;"No"
2;"2_F5";"F5";"B329_LIKE+F16";690;0.205;"F";"5";"n";91.9212;786;NA;NA;0.877862595419847;"No"
2;"2_F6";"F6";"B329_LIKE+F16";707;0.2045;"F";"6";"n";91.9212;786;NA;NA;0.899491094147583;"No"
2;"2_F7";"F7";"B329_LIKE+F16";733;0.2077;"F";"7";"n";91.9212;786;NA;NA;0.932569974554707;"No"
2;"2_F8";"F8";"B329_LIKE+F16";774;0.172;"F";"8";"n";91.9212;786;NA;NA;0.984732824427481;"No"
2;"2_F9";"F9";"B329_LIKE+F16";756;0.1385;"F";"9";"n";91.9212;786;NA;NA;0.961832061068702;"No"
2;"2_G10";"G10";"B329_LIKE+F16";757;0.1415;"G";"10";"n";91.9212;786;NA;NA;0.963104325699746;"No"
2;"2_G11";"G11";"B329_LIKE+F16";794;0.15;"G";"11";"n";91.9212;786;NA;NA;1.01017811704835;"No"
2;"2_G2";"G2";"B329_LIKE+F16";747;0.1397;"G";"2";"n";91.9212;786;NA;NA;0.950381679389313;"No"
2;"2_G3";"G3";"B329_LIKE+F16";784;0.1415;"G";"3";"n";91.9212;786;NA;NA;0.997455470737914;"No"
2;"2_G4";"G4";"B329_LIKE+F16";833;0.1572;"G";"4";"n";91.9212;786;NA;NA;1.05979643765903;"No"
2;"2_G5";"G5";"B329_LIKE+F16";826;0.1514;"G";"5";"n";91.9212;786;NA;NA;1.05089058524173;"No"
2;"2_G6";"G6";"B329_LIKE+F16";822;0.1587;"G";"6";"n";91.9212;786;NA;NA;1.04580152671756;"No"
2;"2_G7";"G7";"B329_LIKE+F16";805;0.153;"G";"7";"n";91.9212;786;NA;NA;1.02417302798982;"No"
2;"2_G8";"G8";"B329_LIKE+F16";812;0.1539;"G";"8";"n";91.9212;786;NA;NA;1.03307888040712;"No"
2;"2_G9";"G9";"B329_LIKE+F16";818;0.1471;"G";"9";"n";91.9212;786;NA;NA;1.04071246819338;"No"
3;"3_B10";"B10";"B329_LIKE+F16";736;0.1272;"B";"10";"n";55.5975;787;NA;NA;0.935196950444727;"No"
3;"3_B11";"B11";"B329_LIKE+F16";752;0.1413;"B";"11";"n";55.5975;787;NA;NA;0.955527318932656;"No"
3;"3_B2";"B2";"B329_LIKE+F16";731;0.1304;"B";"2";"n";55.5975;787;NA;NA;0.928843710292249;"No"
3;"3_B3";"B3";"B329_LIKE+F16";753;0.1345;"B";"3";"n";55.5975;787;NA;NA;0.956797966963151;"No"
3;"3_B4";"B4";"B329_LIKE+F16";678;0.1237;"B";"4";"n";55.5975;787;NA;NA;0.861499364675985;"No"
3;"3_B5";"B5";"B329_LIKE+F16";750;0.131;"B";"5";"n";55.5975;787;NA;NA;0.952986022871665;"No"
3;"3_B6";"B6";"B329_LIKE+F16";726;0.1283;"B";"6";"n";55.5975;787;NA;NA;0.922490470139771;"No"
3;"3_B7";"B7";"B329_LIKE+F16";665;0.1225;"B";"7";"n";55.5975;787;NA;NA;0.844980940279543;"No"
3;"3_B8";"B8";"B329_LIKE+F16";738;0.1203;"B";"8";"n";55.5975;787;NA;NA;0.937738246505718;"No"
3;"3_B9";"B9";"B329_LIKE+F16";699;0.1238;"B";"9";"n";55.5975;787;NA;NA;0.888182973316391;"No"
3;"3_C10";"C10";"B329_LIKE+F16";732;0.1367;"C";"10";"n";55.5975;787;NA;NA;0.930114358322745;"No"
3;"3_C11";"C11";"B329_LIKE+F16";668;0.1308;"C";"11";"n";55.5975;787;NA;NA;0.848792884371029;"No"
3;"3_C2";"C2";"B329_LIKE+F16";758;0.133;"C";"2";"n";55.5975;787;NA;NA;0.963151207115629;"No"
3;"3_C3";"C3";"B329_LIKE+F16";742;0.1268;"C";"3";"n";55.5975;787;NA;NA;0.9428208386277;"No"
3;"3_C4";"C4";"B329_LIKE+F16";750;0.1301;"C";"4";"n";55.5975;787;NA;NA;0.952986022871665;"No"
3;"3_C5";"C5";"B329_LIKE+F16";768;0.1302;"C";"5";"n";55.5975;787;NA;NA;0.975857687420585;"No"
3;"3_C6";"C6";"B329_LIKE+F16";769;0.1376;"C";"6";"n";55.5975;787;NA;NA;0.97712833545108;"No"
3;"3_C7";"C7";"B329_LIKE+F16";814;0.1516;"C";"7";"n";55.5975;787;NA;NA;1.03430749682338;"No"
3;"3_C8";"C8";"B329_LIKE+F16";866;0.1447;"C";"8";"n";55.5975;787;NA;NA;1.10038119440915;"No"
3;"3_C9";"C9";"B329_LIKE+F16";792;0.1422;"C";"9";"n";55.5975;787;NA;NA;1.00635324015248;"No"
3;"3_D10";"D10";"B329_LIKE+F16";773;0.1372;"D";"10";"n";55.5975;787;NA;NA;0.982210927573062;"No"
3;"3_D11";"D11";"B329_LIKE+F16";748;0.1336;"D";"11";"n";55.5975;787;NA;NA;0.950444726810673;"No"
3;"3_D2";"D2";"B329_LIKE+F16";763;0.1334;"D";"2";"n";55.5975;787;NA;NA;0.969504447268107;"No"
3;"3_D3";"D3";"B329_LIKE+F16";805;0.143;"D";"3";"n";55.5975;787;NA;NA;1.02287166454892;"No"
3;"3_D4";"D4";"B329_LIKE+F16";753;0.1395;"D";"4";"n";55.5975;787;NA;NA;0.956797966963151;"No"
3;"3_D5";"D5";"B329_LIKE+F16";787;0.1422;"D";"5";"n";55.5975;787;NA;NA;1;"No"
3;"3_D6";"D6";"B329_LIKE+F16";752;0.1372;"D";"6";"n";55.5975;787;NA;NA;0.955527318932656;"No"
3;"3_D7";"D7";"B329_LIKE+F16";754;0.1298;"D";"7";"n";55.5975;787;NA;NA;0.958068614993647;"No"
3;"3_D8";"D8";"B329_LIKE+F16";819;0.1331;"D";"8";"n";55.5975;787;NA;NA;1.04066073697586;"No"
3;"3_D9";"D9";"B329_LIKE+F16";756;0.1346;"D";"9";"n";55.5975;787;NA;NA;0.960609911054638;"No"
3;"3_E10";"E10";"B329_LIKE+F16";733;0.131;"E";"10";"n";55.5975;787;NA;NA;0.93138500635324;"No"
3;"3_E11";"E11";"B329_LIKE+F16";875;0.1541;"E";"11";"n";55.5975;787;NA;NA;1.11181702668361;"No"
3;"3_E2";"E2";"B329_LIKE+F16";773;0.1353;"E";"2";"n";55.5975;787;NA;NA;0.982210927573062;"No"
3;"3_E3";"E3";"B329_LIKE+F16";852;0.1497;"E";"3";"n";55.5975;787;NA;NA;1.08259212198221;"No"
3;"3_E4";"E4";"B329_LIKE+F16";754;0.1379;"E";"4";"n";55.5975;787;NA;NA;0.958068614993647;"No"
3;"3_E5";"E5";"B329_LIKE+F16";787;0.138;"E";"5";"n";55.5975;787;NA;NA;1;"No"
3;"3_E6";"E6";"B329_LIKE+F16";823;0.1399;"E";"6";"n";55.5975;787;NA;NA;1.04574332909784;"No"
3;"3_E7";"E7";"B329_LIKE+F16";825;0.1365;"E";"7";"n";55.5975;787;NA;NA;1.04828462515883;"No"
3;"3_E8";"E8";"B329_LIKE+F16";741;0.1356;"E";"8";"n";55.5975;787;NA;NA;0.941550190597205;"No"
3;"3_E9";"E9";"B329_LIKE+F16";764;0.1369;"E";"9";"n";55.5975;787;NA;NA;0.970775095298602;"No"
3;"3_F10";"F10";"B329_LIKE+F16";766;0.1393;"F";"10";"n";55.5975;787;NA;NA;0.973316391359593;"No"
3;"3_F11";"F11";"B329_LIKE+F16";778;0.1448;"F";"11";"n";55.5975;787;NA;NA;0.98856416772554;"No"
3;"3_F2";"F2";"B329_LIKE+F16";763;0.1354;"F";"2";"n";55.5975;787;NA;NA;0.969504447268107;"No"
3;"3_F3";"F3";"B329_LIKE+F16";808;0.1365;"F";"3";"n";55.5975;787;NA;NA;1.02668360864041;"No"
3;"3_F4";"F4";"B329_LIKE+F16";761;0.1346;"F";"4";"n";55.5975;787;NA;NA;0.966963151207116;"No"
3;"3_F5";"F5";"B329_LIKE+F16";887;0.1495;"F";"5";"n";55.5975;787;NA;NA;1.12706480304956;"No"
3;"3_F6";"F6";"B329_LIKE+F16";789;0.1444;"F";"6";"n";55.5975;787;NA;NA;1.00254129606099;"No"
3;"3_F7";"F7";"B329_LIKE+F16";799;0.1454;"F";"7";"n";55.5975;787;NA;NA;1.01524777636595;"No"
3;"3_F8";"F8";"B329_LIKE+F16";828;0.1495;"F";"8";"n";55.5975;787;NA;NA;1.05209656925032;"No"
3;"3_F9";"F9";"B329_LIKE+F16";704;0.1303;"F";"9";"n";55.5975;787;NA;NA;0.894536213468869;"No"
3;"3_G10";"G10";"B329_LIKE+F16";734;0.1371;"G";"10";"n";55.5975;787;NA;NA;0.932655654383736;"No"
3;"3_G11";"G11";"B329_LIKE+F16";719;0.1367;"G";"11";"n";55.5975;787;NA;NA;0.913595933926302;"No"
3;"3_G2";"G2";"B329_LIKE+F16";769;0.1351;"G";"2";"n";55.5975;787;NA;NA;0.97712833545108;"No"
3;"3_G3";"G3";"B329_LIKE+F16";785;0.1384;"G";"3";"n";55.5975;787;NA;NA;0.997458703939009;"No"
3;"3_G4";"G4";"B329_LIKE+F16";799;0.1438;"G";"4";"n";55.5975;787;NA;NA;1.01524777636595;"No"
3;"3_G5";"G5";"B329_LIKE+F16";799;0.1488;"G";"5";"n";55.5975;787;NA;NA;1.01524777636595;"No"
3;"3_G6";"G6";"B329_LIKE+F16";789;0.1512;"G";"6";"n";55.5975;787;NA;NA;1.00254129606099;"No"
3;"3_G7";"G7";"B329_LIKE+F16";789;0.1481;"G";"7";"n";55.5975;787;NA;NA;1.00254129606099;"No"
3;"3_G8";"G8";"B329_LIKE+F16";772;0.144;"G";"8";"n";55.5975;787;NA;NA;0.980940279542567;"No"
3;"3_G9";"G9";"B329_LIKE+F16";756;0.1364;"G";"9";"n";55.5975;787;NA;NA;0.960609911054638;"No"
4;"4_B10";"B10";"B329_LIKE+F16";675;0.1255;"B";"10";"n";94.1451;799.5;NA;NA;0.844277673545966;"No"
4;"4_B11";"B11";"B329_LIKE+F16";888;0.1483;"B";"11";"n";94.1451;799.5;NA;NA;1.11069418386492;"No"
4;"4_B2";"B2";"B329_LIKE+F16";767;0.1418;"B";"2";"n";94.1451;799.5;NA;NA;0.959349593495935;"No"
4;"4_B3";"B3";"B329_LIKE+F16";771;0.1369;"B";"3";"n";94.1451;799.5;NA;NA;0.964352720450281;"No"
4;"4_B4";"B4";"B329_LIKE+F16";736;0.1327;"B";"4";"n";94.1451;799.5;NA;NA;0.92057535959975;"No"
4;"4_B5";"B5";"B329_LIKE+F16";1095;0.1477;"B";"5";"n";94.1451;799.5;NA;NA;1.36960600375235;"No"
4;"4_B6";"B6";"B329_LIKE+F16";701;0.1214;"B";"6";"n";94.1451;799.5;NA;NA;0.876797998749218;"No"
4;"4_B7";"B7";"B329_LIKE+F16";673;0.1178;"B";"7";"n";94.1451;799.5;NA;NA;0.841776110068793;"No"
4;"4_B8";"B8";"B329_LIKE+F16";949;0.1491;"B";"8";"n";94.1451;799.5;NA;NA;1.1869918699187;"No"
4;"4_B9";"B9";"B329_LIKE+F16";742;0.1306;"B";"9";"n";94.1451;799.5;NA;NA;0.92808005003127;"No"
4;"4_C10";"C10";"B329_LIKE+F16";667;0.1248;"C";"10";"n";94.1451;799.5;NA;NA;0.834271419637273;"No"
4;"4_C11";"C11";"B329_LIKE+F16";846;0.139;"C";"11";"n";94.1451;799.5;NA;NA;1.05816135084428;"No"
4;"4_C2";"C2";"B329_LIKE+F16";736;0.1329;"C";"2";"n";94.1451;799.5;NA;NA;0.92057535959975;"No"
4;"4_C3";"C3";"B329_LIKE+F16";724;0.132;"C";"3";"n";94.1451;799.5;NA;NA;0.90556597873671;"No"
4;"4_C4";"C4";"B329_LIKE+F16";713;0.1285;"C";"4";"n";94.1451;799.5;NA;NA;0.891807379612258;"No"
4;"4_C5";"C5";"B329_LIKE+F16";791;0.1313;"C";"5";"n";94.1451;799.5;NA;NA;0.989368355222014;"No"
4;"4_C6";"C6";"B329_LIKE+F16";722;0.122;"C";"6";"n";94.1451;799.5;NA;NA;0.903064415259537;"No"
4;"4_C7";"C7";"B329_LIKE+F16";714;0.1256;"C";"7";"n";94.1451;799.5;NA;NA;0.893058161350844;"No"
4;"4_C8";"C8";"B329_LIKE+F16";693;0.1279;"C";"8";"n";94.1451;799.5;NA;NA;0.866791744840525;"No"
4;"4_C9";"C9";"B329_LIKE+F16";782;0.123;"C";"9";"n";94.1451;799.5;NA;NA;0.978111319574734;"No"
4;"4_D10";"D10";"B329_LIKE+F16";745;0.1317;"D";"10";"n";94.1451;799.5;NA;NA;0.931832395247029;"No"
4;"4_D11";"D11";"B329_LIKE+F16";772;0.1391;"D";"11";"n";94.1451;799.5;NA;NA;0.965603502188868;"No"
4;"4_D2";"D2";"B329_LIKE+F16";732;0.1325;"D";"2";"n";94.1451;799.5;NA;NA;0.915572232645403;"No"
4;"4_D3";"D3";"B329_LIKE+F16";822;0.1323;"D";"3";"n";94.1451;799.5;NA;NA;1.0281425891182;"No"
4;"4_D4";"D4";"B329_LIKE+F16";865;0.1475;"D";"4";"n";94.1451;799.5;NA;NA;1.08192620387742;"No"
4;"4_D5";"D5";"B329_LIKE+F16";830;0.1397;"D";"5";"n";94.1451;799.5;NA;NA;1.03814884302689;"No"
4;"4_D6";"D6";"B329_LIKE+F16";994;0.1643;"D";"6";"n";94.1451;799.5;NA;NA;1.2432770481551;"No"
4;"4_D7";"D7";"B329_LIKE+F16";985;0.1454;"D";"7";"n";94.1451;799.5;NA;NA;1.23202001250782;"No"
4;"4_D8";"D8";"B329_LIKE+F16";775;0.1408;"D";"8";"n";94.1451;799.5;NA;NA;0.969355847404628;"No"
4;"4_D9";"D9";"B329_LIKE+F16";749;0.1324;"D";"9";"n";94.1451;799.5;NA;NA;0.936835522201376;"No"
4;"4_E10";"E10";"B329_LIKE+F16";772;0.1376;"E";"10";"n";94.1451;799.5;NA;NA;0.965603502188868;"No"
4;"4_E11";"E11";"B329_LIKE+F16";745;0.1425;"E";"11";"n";94.1451;799.5;NA;NA;0.931832395247029;"No"
4;"4_E2";"E2";"B329_LIKE+F16";859;0.1546;"E";"2";"n";94.1451;799.5;NA;NA;1.0744215134459;"No"
4;"4_E3";"E3";"B329_LIKE+F16";752;0.1322;"E";"3";"n";94.1451;799.5;NA;NA;0.940587867417136;"No"
4;"4_E4";"E4";"B329_LIKE+F16";789;0.1507;"E";"4";"n";94.1451;799.5;NA;NA;0.98686679174484;"No"
4;"4_E5";"E5";"B329_LIKE+F16";971;0.1613;"E";"5";"n";94.1451;799.5;NA;NA;1.2145090681676;"No"
4;"4_E6";"E6";"B329_LIKE+F16";971;0.1576;"E";"6";"n";94.1451;799.5;NA;NA;1.2145090681676;"No"
4;"4_E7";"E7";"B329_LIKE+F16";919;0.1582;"E";"7";"n";94.1451;799.5;NA;NA;1.1494684177611;"No"
4;"4_E8";"E8";"B329_LIKE+F16";769;0.1444;"E";"8";"n";94.1451;799.5;NA;NA;0.961851156973108;"No"
4;"4_E9";"E9";"B329_LIKE+F16";746;0.1377;"E";"9";"n";94.1451;799.5;NA;NA;0.933083176985616;"No"
4;"4_F10";"F10";"B329_LIKE+F16";754;0.1416;"F";"10";"n";94.1451;799.5;NA;NA;0.943089430894309;"No"
4;"4_F11";"F11";"B329_LIKE+F16";735;0.1409;"F";"11";"n";94.1451;799.5;NA;NA;0.919324577861163;"No"
4;"4_F2";"F2";"B329_LIKE+F16";769;0.142;"F";"2";"n";94.1451;799.5;NA;NA;0.961851156973108;"No"
4;"4_F3";"F3";"B329_LIKE+F16";961;0.1571;"F";"3";"n";94.1451;799.5;NA;NA;1.20200125078174;"No"
4;"4_F4";"F4";"B329_LIKE+F16";834;0.1493;"F";"4";"n";94.1451;799.5;NA;NA;1.04315196998124;"No"
4;"4_F5";"F5";"B329_LIKE+F16";915;0.151;"F";"5";"n";94.1451;799.5;NA;NA;1.14446529080675;"No"
4;"4_F6";"F6";"B329_LIKE+F16";869;0.1567;"F";"6";"n";94.1451;799.5;NA;NA;1.08692933083177;"No"
4;"4_F7";"F7";"B329_LIKE+F16";814;0.1489;"F";"7";"n";94.1451;799.5;NA;NA;1.01813633520951;"No"
4;"4_F8";"F8";"B329_LIKE+F16";810;0.1467;"F";"8";"n";94.1451;799.5;NA;NA;1.01313320825516;"No"
4;"4_F9";"F9";"B329_LIKE+F16";770;0.1428;"F";"9";"n";94.1451;799.5;NA;NA;0.963101938711695;"No"
4;"4_G10";"G10";"B329_LIKE+F16";778;0.1458;"G";"10";"n";94.1451;799.5;NA;NA;0.973108192620388;"No"
4;"4_G11";"G11";"B329_LIKE+F16";770;0.1486;"G";"11";"n";94.1451;799.5;NA;NA;0.963101938711695;"No"
4;"4_G2";"G2";"B329_LIKE+F16";760;0.1341;"G";"2";"n";94.1451;799.5;NA;NA;0.950594121325829;"No"
4;"4_G3";"G3";"B329_LIKE+F16";884;0.1486;"G";"3";"n";94.1451;799.5;NA;NA;1.10569105691057;"No"
4;"4_G4";"G4";"B329_LIKE+F16";832;0.1489;"G";"4";"n";94.1451;799.5;NA;NA;1.04065040650407;"No"
4;"4_G5";"G5";"B329_LIKE+F16";800;0.1453;"G";"5";"n";94.1451;799.5;NA;NA;1.00062539086929;"No"
4;"4_G6";"G6";"B329_LIKE+F16";825;0.1545;"G";"6";"n";94.1451;799.5;NA;NA;1.03189493433396;"No"
4;"4_G7";"G7";"B329_LIKE+F16";875;0.1546;"G";"7";"n";94.1451;799.5;NA;NA;1.09443402126329;"No"
4;"4_G8";"G8";"B329_LIKE+F16";785;0.1446;"G";"8";"n";94.1451;799.5;NA;NA;0.981863664790494;"No"
4;"4_G9";"G9";"B329_LIKE+F16";743;0.1401;"G";"9";"n";94.1451;799.5;NA;NA;0.929330831769856;"No"
5;"5_B10";"B10";"B329_LIKE+F16";732;0.1324;"B";"10";"n";100.0755;825;NA;NA;0.887272727272727;"No"
5;"5_B11";"B11";"B329_LIKE+F16";895;0.1658;"B";"11";"n";100.0755;825;NA;NA;1.08484848484848;"No"
5;"5_B2";"B2";"B329_LIKE+F16";923;0.1585;"B";"2";"n";100.0755;825;NA;NA;1.11878787878788;"No"
5;"5_B3";"B3";"B329_LIKE+F16";940;0.1533;"B";"3";"n";100.0755;825;NA;NA;1.13939393939394;"No"
5;"5_B4";"B4";"B329_LIKE+F16";766;0.1375;"B";"4";"n";100.0755;825;NA;NA;0.928484848484848;"No"
5;"5_B5";"B5";"B329_LIKE+F16";793;0.1339;"B";"5";"n";100.0755;825;NA;NA;0.961212121212121;"No"
5;"5_B6";"B6";"B329_LIKE+F16";690;0.1262;"B";"6";"n";100.0755;825;NA;NA;0.836363636363636;"No"
5;"5_B7";"B7";"B329_LIKE+F16";715;0.1268;"B";"7";"n";100.0755;825;NA;NA;0.866666666666667;"No"
5;"5_B8";"B8";"B329_LIKE+F16";664;0.1224;"B";"8";"n";100.0755;825;NA;NA;0.804848484848485;"No"
5;"5_B9";"B9";"B329_LIKE+F16";745;0.1306;"B";"9";"n";100.0755;825;NA;NA;0.903030303030303;"No"
5;"5_C10";"C10";"B329_LIKE+F16";855;0.1561;"C";"10";"n";100.0755;825;NA;NA;1.03636363636364;"No"
5;"5_C11";"C11";"B329_LIKE+F16";896;0.173;"C";"11";"n";100.0755;825;NA;NA;1.08606060606061;"No"
5;"5_C2";"C2";"B329_LIKE+F16";960;0.1626;"C";"2";"n";100.0755;825;NA;NA;1.16363636363636;"No"
5;"5_C3";"C3";"B329_LIKE+F16";1000;0.1626;"C";"3";"n";100.0755;825;NA;NA;1.21212121212121;"No"
5;"5_C4";"C4";"B329_LIKE+F16";804;0.1538;"C";"4";"n";100.0755;825;NA;NA;0.974545454545454;"No"
5;"5_C5";"C5";"B329_LIKE+F16";846;0.1455;"C";"5";"n";100.0755;825;NA;NA;1.02545454545455;"No"
5;"5_C6";"C6";"B329_LIKE+F16";848;0.1562;"C";"6";"n";100.0755;825;NA;NA;1.02787878787879;"No"
5;"5_C7";"C7";"B329_LIKE+F16";910;0.1636;"C";"7";"n";100.0755;825;NA;NA;1.1030303030303;"No"
5;"5_C8";"C8";"B329_LIKE+F16";825;0.1509;"C";"8";"n";100.0755;825;NA;NA;1;"No"
5;"5_C9";"C9";"B329_LIKE+F16";871;0.156;"C";"9";"n";100.0755;825;NA;NA;1.05575757575758;"No"
5;"5_D10";"D10";"B329_LIKE+F16";723;0.1312;"D";"10";"n";100.0755;825;NA;NA;0.876363636363636;"No"
5;"5_D11";"D11";"B329_LIKE+F16";722;0.1319;"D";"11";"n";100.0755;825;NA;NA;0.875151515151515;"No"
5;"5_D2";"D2";"B329_LIKE+F16";819;0.1532;"D";"2";"n";100.0755;825;NA;NA;0.992727272727273;"No"
5;"5_D3";"D3";"B329_LIKE+F16";827;0.1516;"D";"3";"n";100.0755;825;NA;NA;1.00242424242424;"No"
5;"5_D4";"D4";"B329_LIKE+F16";779;0.1426;"D";"4";"n";100.0755;825;NA;NA;0.944242424242424;"No"
5;"5_D5";"D5";"B329_LIKE+F16";899;0.1487;"D";"5";"n";100.0755;825;NA;NA;1.08969696969697;"No"
5;"5_D6";"D6";"B329_LIKE+F16";842;0.14;"D";"6";"n";100.0755;825;NA;NA;1.02060606060606;"No"
5;"5_D7";"D7";"B329_LIKE+F16";1045;0.1484;"D";"7";"n";100.0755;825;NA;NA;1.26666666666667;"No"
5;"5_D8";"D8";"B329_LIKE+F16";744;0.1312;"D";"8";"n";100.0755;825;NA;NA;0.901818181818182;"No"
5;"5_D9";"D9";"B329_LIKE+F16";751;0.1318;"D";"9";"n";100.0755;825;NA;NA;0.91030303030303;"No"
5;"5_E10";"E10";"B329_LIKE+F16";795;0.1422;"E";"10";"n";100.0755;825;NA;NA;0.963636363636364;"No"
5;"5_E11";"E11";"B329_LIKE+F16";726;0.139;"E";"11";"n";100.0755;825;NA;NA;0.88;"No"
5;"5_E2";"E2";"B329_LIKE+F16";740;0.1282;"E";"2";"n";100.0755;825;NA;NA;0.896969696969697;"No"
5;"5_E3";"E3";"B329_LIKE+F16";706;0.1273;"E";"3";"n";100.0755;825;NA;NA;0.855757575757576;"No"
5;"5_E4";"E4";"B329_LIKE+F16";746;0.1316;"E";"4";"n";100.0755;825;NA;NA;0.904242424242424;"No"
5;"5_E5";"E5";"B329_LIKE+F16";802;0.1311;"E";"5";"n";100.0755;825;NA;NA;0.972121212121212;"No"
5;"5_E6";"E6";"B329_LIKE+F16";914;0.1371;"E";"6";"n";100.0755;825;NA;NA;1.10787878787879;"No"
5;"5_E7";"E7";"B329_LIKE+F16";1101;0.19;"E";"7";"n";100.0755;825;NA;NA;1.33454545454545;"No"
5;"5_E8";"E8";"B329_LIKE+F16";774;0.1394;"E";"8";"n";100.0755;825;NA;NA;0.938181818181818;"No"
5;"5_E9";"E9";"B329_LIKE+F16";737;0.1304;"E";"9";"n";100.0755;825;NA;NA;0.893333333333333;"No"
5;"5_F10";"F10";"B329_LIKE+F16";782;0.1414;"F";"10";"n";100.0755;825;NA;NA;0.947878787878788;"No"
5;"5_F11";"F11";"B329_LIKE+F16";812;0.1504;"F";"11";"n";100.0755;825;NA;NA;0.984242424242424;"No"
5;"5_F2";"F2";"B329_LIKE+F16";823;0.147;"F";"2";"n";100.0755;825;NA;NA;0.997575757575758;"No"
5;"5_F3";"F3";"B329_LIKE+F16";868;0.1524;"F";"3";"n";100.0755;825;NA;NA;1.05212121212121;"No"
5;"5_F4";"F4";"B329_LIKE+F16";913;0.1693;"F";"4";"n";100.0755;825;NA;NA;1.10666666666667;"No"
5;"5_F5";"F5";"B329_LIKE+F16";1008;0.1762;"F";"5";"n";100.0755;825;NA;NA;1.22181818181818;"No"
5;"5_F6";"F6";"B329_LIKE+F16";1048;0.1907;"F";"6";"n";100.0755;825;NA;NA;1.27030303030303;"No"
5;"5_F7";"F7";"B329_LIKE+F16";1001;0.1767;"F";"7";"n";100.0755;825;NA;NA;1.21333333333333;"No"
5;"5_F8";"F8";"B329_LIKE+F16";882;0.1645;"F";"8";"n";100.0755;825;NA;NA;1.06909090909091;"No"
5;"5_F9";"F9";"B329_LIKE+F16";837;0.1497;"F";"9";"n";100.0755;825;NA;NA;1.01454545454545;"No"
5;"5_G10";"G10";"B329_LIKE+F16";760;0.1443;"G";"10";"n";100.0755;825;NA;NA;0.921212121212121;"No"
5;"5_G11";"G11";"B329_LIKE+F16";784;0.1545;"G";"11";"n";100.0755;825;NA;NA;0.95030303030303;"No"
5;"5_G2";"G2";"B329_LIKE+F16";769;0.1424;"G";"2";"n";100.0755;825;NA;NA;0.932121212121212;"No"
5;"5_G3";"G3";"B329_LIKE+F16";817;0.1429;"G";"3";"n";100.0755;825;NA;NA;0.99030303030303;"No"
5;"5_G4";"G4";"B329_LIKE+F16";818;0.147;"G";"4";"n";100.0755;825;NA;NA;0.991515151515151;"No"
5;"5_G5";"G5";"B329_LIKE+F16";819;0.1463;"G";"5";"n";100.0755;825;NA;NA;0.992727272727273;"No"
5;"5_G6";"G6";"B329_LIKE+F16";815;0.1491;"G";"6";"n";100.0755;825;NA;NA;0.987878787878788;"No"
5;"5_G7";"G7";"B329_LIKE+F16";805;0.1449;"G";"7";"n";100.0755;825;NA;NA;0.975757575757576;"No"
5;"5_G8";"G8";"B329_LIKE+F16";776;0.146;"G";"8";"n";100.0755;825;NA;NA;0.94060606060606;"No"
5;"5_G9";"G9";"B329_LIKE+F16";747;0.1351;"G";"9";"n";100.0755;825;NA;NA;0.905454545454545;"No"
6;"6_B10";"B10";"B329_LIKE+F16";877;0.149;"B";"10";"n";100.8168;877.5;NA;NA;0.999430199430199;"No"
6;"6_B11";"B11";"B329_LIKE+F16";868;0.1516;"B";"11";"n";100.8168;877.5;NA;NA;0.989173789173789;"No"
6;"6_B2";"B2";"B329_LIKE+F16";859;0.155;"B";"2";"n";100.8168;877.5;NA;NA;0.978917378917379;"No"
6;"6_B3";"B3";"B329_LIKE+F16";894;0.1471;"B";"3";"n";100.8168;877.5;NA;NA;1.01880341880342;"No"
6;"6_B4";"B4";"B329_LIKE+F16";779;0.1287;"B";"4";"n";100.8168;877.5;NA;NA;0.887749287749288;"No"
6;"6_B5";"B5";"B329_LIKE+F16";793;0.1308;"B";"5";"n";100.8168;877.5;NA;NA;0.903703703703704;"No"
6;"6_B6";"B6";"B329_LIKE+F16";764;0.1389;"B";"6";"n";100.8168;877.5;NA;NA;0.870655270655271;"No"
6;"6_B7";"B7";"B329_LIKE+F16";800;0.1393;"B";"7";"n";100.8168;877.5;NA;NA;0.911680911680912;"No"
6;"6_B8";"B8";"B329_LIKE+F16";787;0.1427;"B";"8";"n";100.8168;877.5;NA;NA;0.896866096866097;"No"
6;"6_B9";"B9";"B329_LIKE+F16";886;0.1446;"B";"9";"n";100.8168;877.5;NA;NA;1.00968660968661;"No"
6;"6_C10";"C10";"B329_LIKE+F16";748;0.1481;"C";"10";"n";100.8168;877.5;NA;NA;0.852421652421652;"No"
6;"6_C11";"C11";"B329_LIKE+F16";800;0.1544;"C";"11";"n";100.8168;877.5;NA;NA;0.911680911680912;"No"
6;"6_C2";"C2";"B329_LIKE+F16";873;0.1429;"C";"2";"n";100.8168;877.5;NA;NA;0.994871794871795;"No"
6;"6_C3";"C3";"B329_LIKE+F16";822;0.1407;"C";"3";"n";100.8168;877.5;NA;NA;0.936752136752137;"No"
6;"6_C4";"C4";"B329_LIKE+F16";912;0.132;"C";"4";"n";100.8168;877.5;NA;NA;1.03931623931624;"No"
6;"6_C5";"C5";"B329_LIKE+F16";824;0.1342;"C";"5";"n";100.8168;877.5;NA;NA;0.939031339031339;"No"
6;"6_C6";"C6";"B329_LIKE+F16";837;0.1416;"C";"6";"n";100.8168;877.5;NA;NA;0.953846153846154;"No"
6;"6_C7";"C7";"B329_LIKE+F16";1376;0.1338;"C";"7";"n";100.8168;877.5;NA;NA;1.56809116809117;"No"
6;"6_C8";"C8";"B329_LIKE+F16";791;0.1322;"C";"8";"n";100.8168;877.5;NA;NA;0.901424501424501;"No"
6;"6_C9";"C9";"B329_LIKE+F16";707;0.1343;"C";"9";"n";100.8168;877.5;NA;NA;0.805698005698006;"No"
6;"6_D10";"D10";"B329_LIKE+F16";878;0.1464;"D";"10";"n";100.8168;877.5;NA;NA;1.0005698005698;"No"
6;"6_D11";"D11";"B329_LIKE+F16";909;0.1535;"D";"11";"n";100.8168;877.5;NA;NA;1.03589743589744;"No"
6;"6_D2";"D2";"B329_LIKE+F16";744;0.1341;"D";"2";"n";100.8168;877.5;NA;NA;0.847863247863248;"No"
6;"6_D3";"D3";"B329_LIKE+F16";816;0.1605;"D";"3";"n";100.8168;877.5;NA;NA;0.92991452991453;"No"
6;"6_D4";"D4";"B329_LIKE+F16";862;0.1299;"D";"4";"n";100.8168;877.5;NA;NA;0.982336182336182;"No"
6;"6_D5";"D5";"B329_LIKE+F16";894;0.1404;"D";"5";"n";100.8168;877.5;NA;NA;1.01880341880342;"No"
6;"6_D6";"D6";"B329_LIKE+F16";945;0.1635;"D";"6";"n";100.8168;877.5;NA;NA;1.07692307692308;"No"
6;"6_D7";"D7";"B329_LIKE+F16";809;0.1378;"D";"7";"n";100.8168;877.5;NA;NA;0.921937321937322;"No"
6;"6_D8";"D8";"B329_LIKE+F16";808;0.1377;"D";"8";"n";100.8168;877.5;NA;NA;0.920797720797721;"No"
6;"6_D9";"D9";"B329_LIKE+F16";789;0.1433;"D";"9";"n";100.8168;877.5;NA;NA;0.899145299145299;"No"
6;"6_E10";"E10";"B329_LIKE+F16";821;0.1525;"E";"10";"n";100.8168;877.5;NA;NA;0.935612535612536;"No"
6;"6_E11";"E11";"B329_LIKE+F16";833;0.148;"E";"11";"n";100.8168;877.5;NA;NA;0.949287749287749;"No"
6;"6_E2";"E2";"B329_LIKE+F16";831;0.1382;"E";"2";"n";100.8168;877.5;NA;NA;0.947008547008547;"No"
6;"6_E3";"E3";"B329_LIKE+F16";979;0.1559;"E";"3";"n";100.8168;877.5;NA;NA;1.11566951566952;"No"
6;"6_E4";"E4";"B329_LIKE+F16";960;0.1594;"E";"4";"n";100.8168;877.5;NA;NA;1.09401709401709;"No"
6;"6_E5";"E5";"B329_LIKE+F16";1041;0.1792;"E";"5";"n";100.8168;877.5;NA;NA;1.18632478632479;"No"
6;"6_E6";"E6";"B329_LIKE+F16";925;0.1777;"E";"6";"n";100.8168;877.5;NA;NA;1.05413105413105;"No"
6;"6_E7";"E7";"B329_LIKE+F16";795;0.1468;"E";"7";"n";100.8168;877.5;NA;NA;0.905982905982906;"No"
6;"6_E8";"E8";"B329_LIKE+F16";627;0.121;"E";"8";"n";100.8168;877.5;NA;NA;0.714529914529915;"No"
6;"6_E9";"E9";"B329_LIKE+F16";822;0.1563;"E";"9";"n";100.8168;877.5;NA;NA;0.936752136752137;"No"
6;"6_F10";"F10";"B329_LIKE+F16";846;0.1505;"F";"10";"n";100.8168;877.5;NA;NA;0.964102564102564;"No"
6;"6_F11";"F11";"B329_LIKE+F16";882;0.1544;"F";"11";"n";100.8168;877.5;NA;NA;1.00512820512821;"No"
6;"6_F2";"F2";"B329_LIKE+F16";992;0.1681;"F";"2";"n";100.8168;877.5;NA;NA;1.13048433048433;"No"
6;"6_F3";"F3";"B329_LIKE+F16";1013;0.1842;"F";"3";"n";100.8168;877.5;NA;NA;1.15441595441595;"No"
6;"6_F4";"F4";"B329_LIKE+F16";972;0.1611;"F";"4";"n";100.8168;877.5;NA;NA;1.10769230769231;"No"
6;"6_F5";"F5";"B329_LIKE+F16";1117;0.1639;"F";"5";"n";100.8168;877.5;NA;NA;1.27293447293447;"No"
6;"6_F6";"F6";"B329_LIKE+F16";1053;0.1602;"F";"6";"n";100.8168;877.5;NA;NA;1.2;"No"
6;"6_F7";"F7";"B329_LIKE+F16";966;0.1392;"F";"7";"n";100.8168;877.5;NA;NA;1.1008547008547;"No"
6;"6_F8";"F8";"B329_LIKE+F16";797;0.1411;"F";"8";"n";100.8168;877.5;NA;NA;0.908262108262108;"No"
6;"6_F9";"F9";"B329_LIKE+F16";914;0.1388;"F";"9";"n";100.8168;877.5;NA;NA;1.04159544159544;"No"
6;"6_G10";"G10";"B329_LIKE+F16";964;0.1728;"G";"10";"n";100.8168;877.5;NA;NA;1.0985754985755;"No"
6;"6_G11";"G11";"B329_LIKE+F16";876;0.1558;"G";"11";"n";100.8168;877.5;NA;NA;0.998290598290598;"No"
6;"6_G2";"G2";"B329_LIKE+F16";849;0.1352;"G";"2";"n";100.8168;877.5;NA;NA;0.967521367521368;"No"
6;"6_G3";"G3";"B329_LIKE+F16";860;0.1447;"G";"3";"n";100.8168;877.5;NA;NA;0.98005698005698;"No"
6;"6_G4";"G4";"B329_LIKE+F16";856;0.1457;"G";"4";"n";100.8168;877.5;NA;NA;0.975498575498576;"No"
6;"6_G5";"G5";"B329_LIKE+F16";919;0.162;"G";"5";"n";100.8168;877.5;NA;NA;1.04729344729345;"No"
6;"6_G6";"G6";"B329_LIKE+F16";828;0.1572;"G";"6";"n";100.8168;877.5;NA;NA;0.943589743589744;"No"
6;"6_G7";"G7";"B329_LIKE+F16";858;0.1604;"G";"7";"n";100.8168;877.5;NA;NA;0.977777777777778;"No"
6;"6_G8";"G8";"B329_LIKE+F16";852;0.1486;"G";"8";"n";100.8168;877.5;NA;NA;0.970940170940171;"No"
6;"6_G9";"G9";"B329_LIKE+F16";802;0.145;"G";"9";"n";100.8168;877.5;NA;NA;0.913960113960114;"No"
7;"7_B10";"B10";"B329_LIKE+F16";700;0.1349;"B";"10";"n";67.4583;819;NA;NA;0.854700854700855;"No"
7;"7_B11";"B11";"B329_LIKE+F16";844;0.1481;"B";"11";"n";67.4583;819;NA;NA;1.03052503052503;"No"
7;"7_B2";"B2";"B329_LIKE+F16";773;0.1431;"B";"2";"n";67.4583;819;NA;NA;0.943833943833944;"No"
7;"7_B3";"B3";"B329_LIKE+F16";748;0.1441;"B";"3";"n";67.4583;819;NA;NA;0.913308913308913;"No"
7;"7_B4";"B4";"B329_LIKE+F16";752;0.141;"B";"4";"n";67.4583;819;NA;NA;0.918192918192918;"No"
7;"7_B5";"B5";"B329_LIKE+F16";679;0.1285;"B";"5";"n";67.4583;819;NA;NA;0.829059829059829;"No"
7;"7_B6";"B6";"B329_LIKE+F16";709;0.1316;"B";"6";"n";67.4583;819;NA;NA;0.865689865689866;"No"
7;"7_B7";"B7";"B329_LIKE+F16";704;0.1304;"B";"7";"n";67.4583;819;NA;NA;0.85958485958486;"No"
7;"7_B8";"B8";"B329_LIKE+F16";701;0.1332;"B";"8";"n";67.4583;819;NA;NA;0.855921855921856;"No"
7;"7_C10";"C10";"B329_LIKE+F16";713;0.1366;"C";"10";"n";67.4583;819;NA;NA;0.870573870573871;"No"
7;"7_C11";"C11";"B329_LIKE+F16";853;0.1679;"C";"11";"n";67.4583;819;NA;NA;1.04151404151404;"No"
7;"7_C2";"C2";"B329_LIKE+F16";785;0.1548;"C";"2";"n";67.4583;819;NA;NA;0.958485958485959;"No"
7;"7_C3";"C3";"B329_LIKE+F16";773;0.1464;"C";"3";"n";67.4583;819;NA;NA;0.943833943833944;"No"
7;"7_C4";"C4";"B329_LIKE+F16";805;0.1516;"C";"4";"n";67.4583;819;NA;NA;0.982905982905983;"No"
7;"7_C5";"C5";"B329_LIKE+F16";837;0.1542;"C";"5";"n";67.4583;819;NA;NA;1.02197802197802;"No"
7;"7_C6";"C6";"B329_LIKE+F16";834;0.1564;"C";"6";"n";67.4583;819;NA;NA;1.01831501831502;"No"
7;"7_C7";"C7";"B329_LIKE+F16";812;0.1569;"C";"7";"n";67.4583;819;NA;NA;0.991452991452991;"No"
7;"7_C8";"C8";"B329_LIKE+F16";844;0.156;"C";"8";"n";67.4583;819;NA;NA;1.03052503052503;"No"
7;"7_C9";"C9";"B329_LIKE+F16";815;0.1638;"C";"9";"n";67.4583;819;NA;NA;0.995115995115995;"No"
7;"7_D10";"D10";"B329_LIKE+F16";752;0.14;"D";"10";"n";67.4583;819;NA;NA;0.918192918192918;"No"
7;"7_D11";"D11";"B329_LIKE+F16";772;0.1524;"D";"11";"n";67.4583;819;NA;NA;0.942612942612943;"No"
7;"7_D2";"D2";"B329_LIKE+F16";786;0.1388;"D";"2";"n";67.4583;819;NA;NA;0.95970695970696;"No"
7;"7_D3";"D3";"B329_LIKE+F16";779;0.1349;"D";"3";"n";67.4583;819;NA;NA;0.951159951159951;"No"
7;"7_D4";"D4";"B329_LIKE+F16";867;0.1443;"D";"4";"n";67.4583;819;NA;NA;1.05860805860806;"No"
7;"7_D5";"D5";"B329_LIKE+F16";818;0.154;"D";"5";"n";67.4583;819;NA;NA;0.998778998778999;"No"
7;"7_D6";"D6";"B329_LIKE+F16";777;0.1372;"D";"6";"n";67.4583;819;NA;NA;0.948717948717949;"No"
7;"7_D7";"D7";"B329_LIKE+F16";781;0.1376;"D";"7";"n";67.4583;819;NA;NA;0.953601953601954;"No"
7;"7_D8";"D8";"B329_LIKE+F16";738;0.1353;"D";"8";"n";67.4583;819;NA;NA;0.901098901098901;"No"
7;"7_D9";"D9";"B329_LIKE+F16";796;0.1418;"D";"9";"n";67.4583;819;NA;NA;0.971916971916972;"No"
7;"7_E10";"E10";"B329_LIKE+F16";749;0.1498;"E";"10";"n";67.4583;819;NA;NA;0.914529914529915;"No"
7;"7_E11";"E11";"B329_LIKE+F16";856;0.1623;"E";"11";"n";67.4583;819;NA;NA;1.04517704517705;"No"
7;"7_E2";"E2";"B329_LIKE+F16";744;0.1415;"E";"2";"n";67.4583;819;NA;NA;0.908424908424908;"No"
7;"7_E3";"E3";"B329_LIKE+F16";742;0.1395;"E";"3";"n";67.4583;819;NA;NA;0.905982905982906;"No"
7;"7_E4";"E4";"B329_LIKE+F16";820;0.1394;"E";"4";"n";67.4583;819;NA;NA;1.001221001221;"No"
7;"7_E5";"E5";"B329_LIKE+F16";722;0.1301;"E";"5";"n";67.4583;819;NA;NA;0.881562881562882;"No"
7;"7_E6";"E6";"B329_LIKE+F16";782;0.1426;"E";"6";"n";67.4583;819;NA;NA;0.954822954822955;"No"
7;"7_E7";"E7";"B329_LIKE+F16";759;0.1326;"E";"7";"n";67.4583;819;NA;NA;0.926739926739927;"No"
7;"7_E8";"E8";"B329_LIKE+F16";732;0.1407;"E";"8";"n";67.4583;819;NA;NA;0.893772893772894;"No"
7;"7_E9";"E9";"B329_LIKE+F16";744;0.142;"E";"9";"n";67.4583;819;NA;NA;0.908424908424908;"No"
7;"7_F10";"F10";"B329_LIKE+F16";859;0.1699;"F";"10";"n";67.4583;819;NA;NA;1.04884004884005;"No"
7;"7_F11";"F11";"B329_LIKE+F16";899;0.1734;"F";"11";"n";67.4583;819;NA;NA;1.0976800976801;"No"
7;"7_F2";"F2";"B329_LIKE+F16";780;0.1407;"F";"2";"n";67.4583;819;NA;NA;0.952380952380952;"No"
7;"7_F3";"F3";"B329_LIKE+F16";881;0.1514;"F";"3";"n";67.4583;819;NA;NA;1.07570207570208;"No"
7;"7_F4";"F4";"B329_LIKE+F16";801;0.1506;"F";"4";"n";67.4583;819;NA;NA;0.978021978021978;"No"
7;"7_F5";"F5";"B329_LIKE+F16";911;0.1585;"F";"5";"n";67.4583;819;NA;NA;1.11233211233211;"No"
7;"7_F6";"F6";"B329_LIKE+F16";913;0.1634;"F";"6";"n";67.4583;819;NA;NA;1.11477411477411;"No"
7;"7_F7";"F7";"B329_LIKE+F16";825;0.1522;"F";"7";"n";67.4583;819;NA;NA;1.00732600732601;"No"
7;"7_F8";"F8";"B329_LIKE+F16";825;0.1466;"F";"8";"n";67.4583;819;NA;NA;1.00732600732601;"No"
7;"7_F9";"F9";"B329_LIKE+F16";820;0.1581;"F";"9";"n";67.4583;819;NA;NA;1.001221001221;"No"
7;"7_G10";"G10";"B329_LIKE+F16";761;0.1502;"G";"10";"n";67.4583;819;NA;NA;0.929181929181929;"No"
7;"7_G11";"G11";"B329_LIKE+F16";841;0.1611;"G";"11";"n";67.4583;819;NA;NA;1.02686202686203;"No"
7;"7_G2";"G2";"B329_LIKE+F16";762;0.1388;"G";"2";"n";67.4583;819;NA;NA;0.93040293040293;"No"
7;"7_G3";"G3";"B329_LIKE+F16";787;0.1424;"G";"3";"n";67.4583;819;NA;NA;0.960927960927961;"No"
7;"7_G4";"G4";"B329_LIKE+F16";803;0.1452;"G";"4";"n";67.4583;819;NA;NA;0.98046398046398;"No"
7;"7_G5";"G5";"B329_LIKE+F16";821;0.1527;"G";"5";"n";67.4583;819;NA;NA;1.002442002442;"No"
7;"7_G6";"G6";"B329_LIKE+F16";854;0.1564;"G";"6";"n";67.4583;819;NA;NA;1.04273504273504;"No"
7;"7_G7";"G7";"B329_LIKE+F16";824;0.1556;"G";"7";"n";67.4583;819;NA;NA;1.00610500610501;"No"
7;"7_G8";"G8";"B329_LIKE+F16";824;0.1529;"G";"8";"n";67.4583;819;NA;NA;1.00610500610501;"No"
7;"7_G9";"G9";"B329_LIKE+F16";809;0.1551;"G";"9";"n";67.4583;819;NA;NA;0.987789987789988;"No"
8;"8_B10";"B10";"B329_LIKE+F16";1123;0.1596;"B";"10";"n";117.1254;788;NA;NA;1.4251269035533;"No"
8;"8_B11";"B11";"B329_LIKE+F16";954;0.1811;"B";"11";"n";117.1254;788;NA;NA;1.21065989847716;"No"
8;"8_B2";"B2";"B329_LIKE+F16";791;0.1489;"B";"2";"n";117.1254;788;NA;NA;1.00380710659898;"No"
8;"8_B3";"B3";"B329_LIKE+F16";696;0.1543;"B";"3";"n";117.1254;788;NA;NA;0.883248730964467;"No"
8;"8_B4";"B4";"B329_LIKE+F16";789;0.1531;"B";"4";"n";117.1254;788;NA;NA;1.001269035533;"No"
8;"8_B5";"B5";"B329_LIKE+F16";885;0.163;"B";"5";"n";117.1254;788;NA;NA;1.12309644670051;"No"
8;"8_B6";"B6";"B329_LIKE+F16";1234;0.1487;"B";"6";"n";117.1254;788;NA;NA;1.56598984771574;"No"
8;"8_B7";"B7";"B329_LIKE+F16";761;0.1352;"B";"7";"n";117.1254;788;NA;NA;0.965736040609137;"No"
8;"8_B8";"B8";"B329_LIKE+F16";1001;0.1679;"B";"8";"n";117.1254;788;NA;NA;1.27030456852792;"No"
8;"8_B9";"B9";"B329_LIKE+F16";766;0.1415;"B";"9";"n";117.1254;788;NA;NA;0.972081218274112;"No"
8;"8_C10";"C10";"B329_LIKE+F16";728;0.1357;"C";"10";"n";117.1254;788;NA;NA;0.923857868020305;"No"
8;"8_C11";"C11";"B329_LIKE+F16";755;0.1361;"C";"11";"n";117.1254;788;NA;NA;0.958121827411167;"No"
8;"8_C2";"C2";"B329_LIKE+F16";831;0.1653;"C";"2";"n";117.1254;788;NA;NA;1.05456852791878;"No"
8;"8_C3";"C3";"B329_LIKE+F16";709;0.1523;"C";"3";"n";117.1254;788;NA;NA;0.899746192893401;"No"
8;"8_C4";"C4";"B329_LIKE+F16";707;0.1318;"C";"4";"n";117.1254;788;NA;NA;0.897208121827411;"No"
8;"8_C5";"C5";"B329_LIKE+F16";658;0.1245;"C";"5";"n";117.1254;788;NA;NA;0.83502538071066;"No"
8;"8_C6";"C6";"B329_LIKE+F16";728;0.1258;"C";"6";"n";117.1254;788;NA;NA;0.923857868020305;"No"
8;"8_C7";"C7";"B329_LIKE+F16";732;0.1271;"C";"7";"n";117.1254;788;NA;NA;0.928934010152284;"No"
8;"8_C8";"C8";"B329_LIKE+F16";728;0.1296;"C";"8";"n";117.1254;788;NA;NA;0.923857868020305;"No"
8;"8_C9";"C9";"B329_LIKE+F16";711;0.1345;"C";"9";"n";117.1254;788;NA;NA;0.902284263959391;"No"
8;"8_D10";"D10";"B329_LIKE+F16";841;0.1594;"D";"10";"n";117.1254;788;NA;NA;1.06725888324873;"No"
8;"8_D11";"D11";"B329_LIKE+F16";1026;0.1783;"D";"11";"n";117.1254;788;NA;NA;1.30203045685279;"No"
8;"8_D2";"D2";"B329_LIKE+F16";699;0.1365;"D";"2";"n";117.1254;788;NA;NA;0.887055837563452;"No"
8;"8_D3";"D3";"B329_LIKE+F16";753;0.1356;"D";"3";"n";117.1254;788;NA;NA;0.955583756345178;"No"
8;"8_D4";"D4";"B329_LIKE+F16";665;0.1286;"D";"4";"n";117.1254;788;NA;NA;0.843908629441624;"No"
8;"8_D5";"D5";"B329_LIKE+F16";980;0.1826;"D";"5";"n";117.1254;788;NA;NA;1.24365482233503;"No"
8;"8_D6";"D6";"B329_LIKE+F16";1109;0.2092;"D";"6";"n";117.1254;788;NA;NA;1.40736040609137;"No"
8;"8_D7";"D7";"B329_LIKE+F16";1374;0.2243;"D";"7";"n";117.1254;788;NA;NA;1.74365482233503;"No"
8;"8_D8";"D8";"B329_LIKE+F16";967;0.1945;"D";"8";"n";117.1254;788;NA;NA;1.22715736040609;"No"
8;"8_D9";"D9";"B329_LIKE+F16";888;0.1669;"D";"9";"n";117.1254;788;NA;NA;1.12690355329949;"No"
8;"8_E10";"E10";"B329_LIKE+F16";686;0.122;"E";"10";"n";117.1254;788;NA;NA;0.870558375634518;"No"
8;"8_E11";"E11";"B329_LIKE+F16";674;0.1328;"E";"11";"n";117.1254;788;NA;NA;0.855329949238579;"No"
8;"8_E2";"E2";"B329_LIKE+F16";709;0.1299;"E";"2";"n";117.1254;788;NA;NA;0.899746192893401;"No"
8;"8_E3";"E3";"B329_LIKE+F16";736;0.1296;"E";"3";"n";117.1254;788;NA;NA;0.934010152284264;"No"
8;"8_E4";"E4";"B329_LIKE+F16";697;0.1309;"E";"4";"n";117.1254;788;NA;NA;0.884517766497462;"No"
8;"8_E5";"E5";"B329_LIKE+F16";680;0.1261;"E";"5";"n";117.1254;788;NA;NA;0.862944162436548;"No"
8;"8_E6";"E6";"B329_LIKE+F16";798;0.1412;"E";"6";"n";117.1254;788;NA;NA;1.01269035532995;"No"
8;"8_E7";"E7";"B329_LIKE+F16";726;0.1332;"E";"7";"n";117.1254;788;NA;NA;0.921319796954315;"No"
8;"8_E8";"E8";"B329_LIKE+F16";701;0.1325;"E";"8";"n";117.1254;788;NA;NA;0.889593908629442;"No"
8;"8_E9";"E9";"B329_LIKE+F16";856;0.1451;"E";"9";"n";117.1254;788;NA;NA;1.08629441624365;"No"
8;"8_F10";"F10";"B329_LIKE+F16";712;0.1341;"F";"10";"n";117.1254;788;NA;NA;0.903553299492386;"No"
8;"8_F11";"F11";"B329_LIKE+F16";676;0.1319;"F";"11";"n";117.1254;788;NA;NA;0.857868020304569;"No"
8;"8_F2";"F2";"B329_LIKE+F16";796;0.1431;"F";"2";"n";117.1254;788;NA;NA;1.01015228426396;"No"
8;"8_F3";"F3";"B329_LIKE+F16";774;0.1437;"F";"3";"n";117.1254;788;NA;NA;0.982233502538071;"No"
8;"8_F4";"F4";"B329_LIKE+F16";787;0.1438;"F";"4";"n";117.1254;788;NA;NA;0.998730964467005;"No"
8;"8_F5";"F5";"B329_LIKE+F16";746;0.1422;"F";"5";"n";117.1254;788;NA;NA;0.946700507614213;"No"
8;"8_F6";"F6";"B329_LIKE+F16";845;0.1374;"F";"6";"n";117.1254;788;NA;NA;1.07233502538071;"No"
8;"8_F7";"F7";"B329_LIKE+F16";714;0.1288;"F";"7";"n";117.1254;788;NA;NA;0.906091370558376;"No"
8;"8_F8";"F8";"B329_LIKE+F16";736;0.1339;"F";"8";"n";117.1254;788;NA;NA;0.934010152284264;"No"
8;"8_F9";"F9";"B329_LIKE+F16";744;0.1357;"F";"9";"n";117.1254;788;NA;NA;0.944162436548223;"No"
8;"8_G10";"G10";"B329_LIKE+F16";1000;0.1812;"G";"10";"n";117.1254;788;NA;NA;1.26903553299492;"No"
8;"8_G11";"G11";"B329_LIKE+F16";939;0.1813;"G";"11";"n";117.1254;788;NA;NA;1.19162436548223;"No"
8;"8_G2";"G2";"B329_LIKE+F16";902;0.1623;"G";"2";"n";117.1254;788;NA;NA;1.14467005076142;"No"
8;"8_G3";"G3";"B329_LIKE+F16";862;0.1477;"G";"3";"n";117.1254;788;NA;NA;1.09390862944162;"No"
8;"8_G4";"G4";"B329_LIKE+F16";869;0.1564;"G";"4";"n";117.1254;788;NA;NA;1.10279187817259;"No"
8;"8_G5";"G5";"B329_LIKE+F16";854;0.1492;"G";"5";"n";117.1254;788;NA;NA;1.08375634517767;"No"
8;"8_G6";"G6";"B329_LIKE+F16";918;0.1693;"G";"6";"n";117.1254;788;NA;NA;1.16497461928934;"No"
8;"8_G7";"G7";"B329_LIKE+F16";942;0.1687;"G";"7";"n";117.1254;788;NA;NA;1.19543147208122;"No"
8;"8_G8";"G8";"B329_LIKE+F16";874;0.167;"G";"8";"n";117.1254;788;NA;NA;1.10913705583756;"No"
8;"8_G9";"G9";"B329_LIKE+F16";965;0.1802;"G";"9";"n";117.1254;788;NA;NA;1.2246192893401;"No"
9;"9_B10";"B10";"B329_LIKE+F16";832;0.1545;"B";"10";"n";63.7518;752;NA;NA;1.1063829787234;"No"
9;"9_B11";"B11";"B329_LIKE+F16";1020;0.1501;"B";"11";"n";63.7518;752;NA;NA;1.3563829787234;"No"
9;"9_B2";"B2";"B329_LIKE+F16";870;0.1658;"B";"2";"n";63.7518;752;NA;NA;1.15691489361702;"No"
9;"9_B3";"B3";"B329_LIKE+F16";1110;0.1874;"B";"3";"n";63.7518;752;NA;NA;1.47606382978723;"No"
9;"9_B4";"B4";"B329_LIKE+F16";730;0.1462;"B";"4";"n";63.7518;752;NA;NA;0.970744680851064;"No"
9;"9_B5";"B5";"B329_LIKE+F16";686;0.1401;"B";"5";"n";63.7518;752;NA;NA;0.912234042553192;"No"
9;"9_B6";"B6";"B329_LIKE+F16";749;0.1507;"B";"6";"n";63.7518;752;NA;NA;0.996010638297872;"No"
9;"9_B7";"B7";"B329_LIKE+F16";753;0.1447;"B";"7";"n";63.7518;752;NA;NA;1.00132978723404;"No"
9;"9_B8";"B8";"B329_LIKE+F16";757;0.1524;"B";"8";"n";63.7518;752;NA;NA;1.00664893617021;"No"
9;"9_C10";"C10";"B329_LIKE+F16";747;0.1535;"C";"10";"n";63.7518;752;NA;NA;0.993351063829787;"No"
9;"9_C11";"C11";"B329_LIKE+F16";774;0.1495;"C";"11";"n";63.7518;752;NA;NA;1.02925531914894;"No"
9;"9_C2";"C2";"B329_LIKE+F16";725;0.1549;"C";"2";"n";63.7518;752;NA;NA;0.964095744680851;"No"
9;"9_C3";"C3";"B329_LIKE+F16";720;0.1513;"C";"3";"n";63.7518;752;NA;NA;0.957446808510638;"No"
9;"9_C4";"C4";"B329_LIKE+F16";746;0.1554;"C";"4";"n";63.7518;752;NA;NA;0.992021276595745;"No"
9;"9_C5";"C5";"B329_LIKE+F16";798;0.1603;"C";"5";"n";63.7518;752;NA;NA;1.06117021276596;"No"
9;"9_C6";"C6";"B329_LIKE+F16";816;0.1544;"C";"6";"n";63.7518;752;NA;NA;1.08510638297872;"No"
9;"9_C7";"C7";"B329_LIKE+F16";774;0.1495;"C";"7";"n";63.7518;752;NA;NA;1.02925531914894;"No"
9;"9_C8";"C8";"B329_LIKE+F16";1112;0.1579;"C";"8";"n";63.7518;752;NA;NA;1.47872340425532;"No"
9;"9_C9";"C9";"B329_LIKE+F16";851;0.1664;"C";"9";"n";63.7518;752;NA;NA;1.13164893617021;"No"
9;"9_D10";"D10";"B329_LIKE+F16";649;0.128;"D";"10";"n";63.7518;752;NA;NA;0.863031914893617;"No"
9;"9_D11";"D11";"B329_LIKE+F16";727;0.1293;"D";"11";"n";63.7518;752;NA;NA;0.966755319148936;"No"
9;"9_D2";"D2";"B329_LIKE+F16";674;0.1373;"D";"2";"n";63.7518;752;NA;NA;0.896276595744681;"No"
9;"9_D3";"D3";"B329_LIKE+F16";658;0.1303;"D";"3";"n";63.7518;752;NA;NA;0.875;"No"
9;"9_D4";"D4";"B329_LIKE+F16";709;0.1333;"D";"4";"n";63.7518;752;NA;NA;0.94281914893617;"No"
9;"9_D5";"D5";"B329_LIKE+F16";682;0.1329;"D";"5";"n";63.7518;752;NA;NA;0.906914893617021;"No"
9;"9_D6";"D6";"B329_LIKE+F16";692;0.1309;"D";"6";"n";63.7518;752;NA;NA;0.920212765957447;"No"
9;"9_D7";"D7";"B329_LIKE+F16";764;0.1394;"D";"7";"n";63.7518;752;NA;NA;1.01595744680851;"No"
9;"9_D8";"D8";"B329_LIKE+F16";661;0.13;"D";"8";"n";63.7518;752;NA;NA;0.878989361702128;"No"
9;"9_D9";"D9";"B329_LIKE+F16";737;0.1319;"D";"9";"n";63.7518;752;NA;NA;0.980053191489362;"No"
9;"9_E10";"E10";"B329_LIKE+F16";724;0.1363;"E";"10";"n";63.7518;752;NA;NA;0.962765957446808;"No"
9;"9_E11";"E11";"B329_LIKE+F16";711;0.1435;"E";"11";"n";63.7518;752;NA;NA;0.945478723404255;"No"
9;"9_E2";"E2";"B329_LIKE+F16";765;0.1539;"E";"2";"n";63.7518;752;NA;NA;1.01728723404255;"No"
9;"9_E3";"E3";"B329_LIKE+F16";730;0.1397;"E";"3";"n";63.7518;752;NA;NA;0.970744680851064;"No"
9;"9_E4";"E4";"B329_LIKE+F16";699;0.1372;"E";"4";"n";63.7518;752;NA;NA;0.929521276595745;"No"
9;"9_E5";"E5";"B329_LIKE+F16";653;0.133;"E";"5";"n";63.7518;752;NA;NA;0.868351063829787;"No"
9;"9_E6";"E6";"B329_LIKE+F16";723;0.1632;"E";"6";"n";63.7518;752;NA;NA;0.961436170212766;"No"
9;"9_E7";"E7";"B329_LIKE+F16";738;0.1358;"E";"7";"n";63.7518;752;NA;NA;0.981382978723404;"No"
9;"9_E8";"E8";"B329_LIKE+F16";748;0.1386;"E";"8";"n";63.7518;752;NA;NA;0.99468085106383;"No"
9;"9_E9";"E9";"B329_LIKE+F16";782;0.1458;"E";"9";"n";63.7518;752;NA;NA;1.03989361702128;"No"
9;"9_F10";"F10";"B329_LIKE+F16";678;0.1313;"F";"10";"n";63.7518;752;NA;NA;0.901595744680851;"No"
9;"9_F11";"F11";"B329_LIKE+F16";697;0.1418;"F";"11";"n";63.7518;752;NA;NA;0.92686170212766;"No"
9;"9_F2";"F2";"B329_LIKE+F16";769;0.1455;"F";"2";"n";63.7518;752;NA;NA;1.02260638297872;"No"
9;"9_F3";"F3";"B329_LIKE+F16";766;0.1435;"F";"3";"n";63.7518;752;NA;NA;1.0186170212766;"No"
9;"9_F4";"F4";"B329_LIKE+F16";686;0.1381;"F";"4";"n";63.7518;752;NA;NA;0.912234042553192;"No"
9;"9_F5";"F5";"B329_LIKE+F16";753;0.1401;"F";"5";"n";63.7518;752;NA;NA;1.00132978723404;"No"
9;"9_F6";"F6";"B329_LIKE+F16";793;0.1501;"F";"6";"n";63.7518;752;NA;NA;1.05452127659574;"No"
9;"9_F7";"F7";"B329_LIKE+F16";727;0.1437;"F";"7";"n";63.7518;752;NA;NA;0.966755319148936;"No"
9;"9_F8";"F8";"B329_LIKE+F16";723;0.1401;"F";"8";"n";63.7518;752;NA;NA;0.961436170212766;"No"
9;"9_F9";"F9";"B329_LIKE+F16";666;0.1246;"F";"9";"n";63.7518;752;NA;NA;0.88563829787234;"No"
9;"9_G10";"G10";"B329_LIKE+F16";667;0.1362;"G";"10";"n";63.7518;752;NA;NA;0.886968085106383;"No"
9;"9_G11";"G11";"B329_LIKE+F16";710;0.1468;"G";"11";"n";63.7518;752;NA;NA;0.944148936170213;"No"
9;"9_G2";"G2";"B329_LIKE+F16";901;0.1835;"G";"2";"n";63.7518;752;NA;NA;1.19813829787234;"No"
9;"9_G3";"G3";"B329_LIKE+F16";847;0.1613;"G";"3";"n";63.7518;752;NA;NA;1.12632978723404;"No"
9;"9_G4";"G4";"B329_LIKE+F16";882;0.1733;"G";"4";"n";63.7518;752;NA;NA;1.17287234042553;"No"
9;"9_G5";"G5";"B329_LIKE+F16";834;0.1656;"G";"5";"n";63.7518;752;NA;NA;1.10904255319149;"No"
9;"9_G6";"G6";"B329_LIKE+F16";819;0.1616;"G";"6";"n";63.7518;752;NA;NA;1.08909574468085;"No"
9;"9_G7";"G7";"B329_LIKE+F16";773;0.1575;"G";"7";"n";63.7518;752;NA;NA;1.02792553191489;"No"
9;"9_G8";"G8";"B329_LIKE+F16";692;0.1417;"G";"8";"n";63.7518;752;NA;NA;0.920212765957447;"No"
9;"9_G9";"G9";"B329_LIKE+F16";618;0.1275;"G";"9";"n";63.7518;752;NA;NA;0.821808510638298;"No"
10;"10_B10";"B10";"B329_LIKE+F16";619;0.1181;"B";"10";"n";91.1799;777;NA;NA;0.796653796653797;"No"
10;"10_B11";"B11";"B329_LIKE+F16";666;0.1258;"B";"11";"n";91.1799;777;NA;NA;0.857142857142857;"No"
10;"10_B2";"B2";"B329_LIKE+F16";792;0.1471;"B";"2";"n";91.1799;777;NA;NA;1.01930501930502;"No"
10;"10_B3";"B3";"B329_LIKE+F16";857;0.1613;"B";"3";"n";91.1799;777;NA;NA;1.1029601029601;"No"
10;"10_B4";"B4";"B329_LIKE+F16";1250;0.2201;"B";"4";"n";91.1799;777;NA;NA;1.60875160875161;"No"
10;"10_B5";"B5";"B329_LIKE+F16";984;0.1655;"B";"5";"n";91.1799;777;NA;NA;1.26640926640927;"No"
10;"10_B6";"B6";"B329_LIKE+F16";736;0.1394;"B";"6";"n";91.1799;777;NA;NA;0.947232947232947;"No"
10;"10_B7";"B7";"B329_LIKE+F16";1124;0.1303;"B";"7";"n";91.1799;777;NA;NA;1.44658944658945;"No"
10;"10_B8";"B8";"B329_LIKE+F16";612;0.1134;"B";"8";"n";91.1799;777;NA;NA;0.787644787644788;"No"
10;"10_B9";"B9";"B329_LIKE+F16";697;0.128;"B";"9";"n";91.1799;777;NA;NA;0.897039897039897;"No"
10;"10_C10";"C10";"B329_LIKE+F16";732;0.1337;"C";"10";"n";91.1799;777;NA;NA;0.942084942084942;"No"
10;"10_C11";"C11";"B329_LIKE+F16";841;0.1392;"C";"11";"n";91.1799;777;NA;NA;1.08236808236808;"No"
10;"10_C2";"C2";"B329_LIKE+F16";748;0.1344;"C";"2";"n";91.1799;777;NA;NA;0.962676962676963;"No"
10;"10_C3";"C3";"B329_LIKE+F16";727;0.1245;"C";"3";"n";91.1799;777;NA;NA;0.935649935649936;"No"
10;"10_C4";"C4";"B329_LIKE+F16";656;0.1323;"C";"4";"n";91.1799;777;NA;NA;0.844272844272844;"No"
10;"10_C5";"C5";"B329_LIKE+F16";793;0.1363;"C";"5";"n";91.1799;777;NA;NA;1.02059202059202;"No"
10;"10_C6";"C6";"B329_LIKE+F16";718;0.1381;"C";"6";"n";91.1799;777;NA;NA;0.924066924066924;"No"
10;"10_C7";"C7";"B329_LIKE+F16";707;0.1183;"C";"7";"n";91.1799;777;NA;NA;0.90990990990991;"No"
10;"10_C8";"C8";"B329_LIKE+F16";728;0.1398;"C";"8";"n";91.1799;777;NA;NA;0.936936936936937;"No"
10;"10_C9";"C9";"B329_LIKE+F16";766;0.1451;"C";"9";"n";91.1799;777;NA;NA;0.985842985842986;"No"
10;"10_D10";"D10";"B329_LIKE+F16";672;0.1344;"D";"10";"n";91.1799;777;NA;NA;0.864864864864865;"No"
10;"10_D11";"D11";"B329_LIKE+F16";701;0.1332;"D";"11";"n";91.1799;777;NA;NA;0.902187902187902;"No"
10;"10_D2";"D2";"B329_LIKE+F16";808;0.1446;"D";"2";"n";91.1799;777;NA;NA;1.03989703989704;"No"
10;"10_D3";"D3";"B329_LIKE+F16";748;0.1368;"D";"3";"n";91.1799;777;NA;NA;0.962676962676963;"No"
10;"10_D4";"D4";"B329_LIKE+F16";714;0.1362;"D";"4";"n";91.1799;777;NA;NA;0.918918918918919;"No"
10;"10_D5";"D5";"B329_LIKE+F16";836;0.1588;"D";"5";"n";91.1799;777;NA;NA;1.07593307593308;"No"
10;"10_D6";"D6";"B329_LIKE+F16";640;0.1152;"D";"6";"n";91.1799;777;NA;NA;0.823680823680824;"No"
10;"10_D7";"D7";"B329_LIKE+F16";660;0.1369;"D";"7";"n";91.1799;777;NA;NA;0.849420849420849;"No"
10;"10_D8";"D8";"B329_LIKE+F16";714;0.1401;"D";"8";"n";91.1799;777;NA;NA;0.918918918918919;"No"
10;"10_D9";"D9";"B329_LIKE+F16";722;0.1333;"D";"9";"n";91.1799;777;NA;NA;0.929214929214929;"No"
10;"10_E10";"E10";"B329_LIKE+F16";702;0.1373;"E";"10";"n";91.1799;777;NA;NA;0.903474903474903;"No"
10;"10_E11";"E11";"B329_LIKE+F16";674;0.1372;"E";"11";"n";91.1799;777;NA;NA;0.867438867438867;"No"
10;"10_E2";"E2";"B329_LIKE+F16";764;0.1442;"E";"2";"n";91.1799;777;NA;NA;0.983268983268983;"No"
10;"10_E3";"E3";"B329_LIKE+F16";801;0.1565;"E";"3";"n";91.1799;777;NA;NA;1.03088803088803;"No"
10;"10_E4";"E4";"B329_LIKE+F16";855;0.1553;"E";"4";"n";91.1799;777;NA;NA;1.1003861003861;"No"
10;"10_E5";"E5";"B329_LIKE+F16";814;0.1614;"E";"5";"n";91.1799;777;NA;NA;1.04761904761905;"No"
10;"10_E6";"E6";"B329_LIKE+F16";788;0.166;"E";"6";"n";91.1799;777;NA;NA;1.01415701415701;"No"
10;"10_E7";"E7";"B329_LIKE+F16";720;0.1454;"E";"7";"n";91.1799;777;NA;NA;0.926640926640927;"No"
10;"10_E8";"E8";"B329_LIKE+F16";698;0.1438;"E";"8";"n";91.1799;777;NA;NA;0.898326898326898;"No"
10;"10_E9";"E9";"B329_LIKE+F16";742;0.1471;"E";"9";"n";91.1799;777;NA;NA;0.954954954954955;"No"
10;"10_F10";"F10";"B329_LIKE+F16";1068;0.1517;"F";"10";"n";91.1799;777;NA;NA;1.37451737451737;"No"
10;"10_F11";"F11";"B329_LIKE+F16";720;0.1426;"F";"11";"n";91.1799;777;NA;NA;0.926640926640927;"No"
10;"10_F2";"F2";"B329_LIKE+F16";712;0.1445;"F";"2";"n";91.1799;777;NA;NA;0.916344916344916;"No"
10;"10_F3";"F3";"B329_LIKE+F16";837;0.1421;"F";"3";"n";91.1799;777;NA;NA;1.07722007722008;"No"
10;"10_F4";"F4";"B329_LIKE+F16";789;0.1556;"F";"4";"n";91.1799;777;NA;NA;1.01544401544402;"No"
10;"10_F5";"F5";"B329_LIKE+F16";710;0.1378;"F";"5";"n";91.1799;777;NA;NA;0.913770913770914;"No"
10;"10_F6";"F6";"B329_LIKE+F16";778;0.1485;"F";"6";"n";91.1799;777;NA;NA;1.001287001287;"No"
10;"10_F7";"F7";"B329_LIKE+F16";854;0.1543;"F";"7";"n";91.1799;777;NA;NA;1.0990990990991;"No"
10;"10_F8";"F8";"B329_LIKE+F16";692;0.133;"F";"8";"n";91.1799;777;NA;NA;0.890604890604891;"No"
10;"10_F9";"F9";"B329_LIKE+F16";688;0.1348;"F";"9";"n";91.1799;777;NA;NA;0.885456885456886;"No"
10;"10_G10";"G10";"B329_LIKE+F16";827;0.1607;"G";"10";"n";91.1799;777;NA;NA;1.06435006435006;"No"
10;"10_G11";"G11";"B329_LIKE+F16";885;0.1857;"G";"11";"n";91.1799;777;NA;NA;1.13899613899614;"No"
10;"10_G2";"G2";"B329_LIKE+F16";815;0.1595;"G";"2";"n";91.1799;777;NA;NA;1.04890604890605;"No"
10;"10_G3";"G3";"B329_LIKE+F16";832;0.15;"G";"3";"n";91.1799;777;NA;NA;1.07078507078507;"No"
10;"10_G4";"G4";"B329_LIKE+F16";747;0.153;"G";"4";"n";91.1799;777;NA;NA;0.961389961389961;"No"
10;"10_G5";"G5";"B329_LIKE+F16";856;0.1644;"G";"5";"n";91.1799;777;NA;NA;1.1016731016731;"No"
10;"10_G6";"G6";"B329_LIKE+F16";967;0.1679;"G";"6";"n";91.1799;777;NA;NA;1.24453024453024;"No"
10;"10_G7";"G7";"B329_LIKE+F16";823;0.1616;"G";"7";"n";91.1799;777;NA;NA;1.05920205920206;"No"
10;"10_G8";"G8";"B329_LIKE+F16";858;0.1566;"G";"8";"n";91.1799;777;NA;NA;1.1042471042471;"No"
10;"10_G9";"G9";"B329_LIKE+F16";782;0.147;"G";"9";"n";91.1799;777;NA;NA;1.00643500643501;"No"
11;"11_B10";"B10";"B329_LIKE+F16";730;0.1422;"B";"10";"n";99.3342;715;NA;NA;1.02097902097902;"No"
11;"11_B11";"B11";"B329_LIKE+F16";873;0.1649;"B";"11";"n";99.3342;715;NA;NA;1.22097902097902;"No"
11;"11_B2";"B2";"B329_LIKE+F16";742;0.1482;"B";"2";"n";99.3342;715;NA;NA;1.03776223776224;"No"
11;"11_B3";"B3";"B329_LIKE+F16";654;0.1298;"B";"3";"n";99.3342;715;NA;NA;0.914685314685315;"No"
11;"11_B4";"B4";"B329_LIKE+F16";939;0.1598;"B";"4";"n";99.3342;715;NA;NA;1.31328671328671;"No"
11;"11_B5";"B5";"B329_LIKE+F16";610;0.1236;"B";"5";"n";99.3342;715;NA;NA;0.853146853146853;"No"
11;"11_B6";"B6";"B329_LIKE+F16";629;0.1202;"B";"6";"n";99.3342;715;NA;NA;0.87972027972028;"No"
11;"11_B7";"B7";"B329_LIKE+F16";594;0.1172;"B";"7";"n";99.3342;715;NA;NA;0.830769230769231;"No"
11;"11_B8";"B8";"B329_LIKE+F16";598;0.1194;"B";"8";"n";99.3342;715;NA;NA;0.836363636363636;"No"
11;"11_B9";"B9";"B329_LIKE+F16";699;0.139;"B";"9";"n";99.3342;715;NA;NA;0.977622377622378;"No"
11;"11_C10";"C10";"B329_LIKE+F16";696;0.1396;"C";"10";"n";99.3342;715;NA;NA;0.973426573426573;"No"
11;"11_C11";"C11";"B329_LIKE+F16";636;0.1334;"C";"11";"n";99.3342;715;NA;NA;0.88951048951049;"No"
11;"11_C2";"C2";"B329_LIKE+F16";684;0.1445;"C";"2";"n";99.3342;715;NA;NA;0.956643356643357;"No"
11;"11_C3";"C3";"B329_LIKE+F16";1121;0.1572;"C";"3";"n";99.3342;715;NA;NA;1.56783216783217;"No"
11;"11_C4";"C4";"B329_LIKE+F16";834;0.1824;"C";"4";"n";99.3342;715;NA;NA;1.16643356643357;"No"
11;"11_C5";"C5";"B329_LIKE+F16";607;0.1305;"C";"5";"n";99.3342;715;NA;NA;0.848951048951049;"No"
11;"11_C6";"C6";"B329_LIKE+F16";535;0.1009;"C";"6";"n";99.3342;715;NA;NA;0.748251748251748;"No"
11;"11_C7";"C7";"B329_LIKE+F16";525;0.1032;"C";"7";"n";99.3342;715;NA;NA;0.734265734265734;"No"
11;"11_C8";"C8";"B329_LIKE+F16";532;0.1146;"C";"8";"n";99.3342;715;NA;NA;0.744055944055944;"No"
11;"11_C9";"C9";"B329_LIKE+F16";733;0.1202;"C";"9";"n";99.3342;715;NA;NA;1.02517482517483;"No"
11;"11_D10";"D10";"B329_LIKE+F16";677;0.1453;"D";"10";"n";99.3342;715;NA;NA;0.946853146853147;"No"
11;"11_D11";"D11";"B329_LIKE+F16";738;0.1482;"D";"11";"n";99.3342;715;NA;NA;1.03216783216783;"No"
11;"11_D2";"D2";"B329_LIKE+F16";588;0.1219;"D";"2";"n";99.3342;715;NA;NA;0.822377622377622;"No"
11;"11_D3";"D3";"B329_LIKE+F16";538;0.1016;"D";"3";"n";99.3342;715;NA;NA;0.752447552447552;"No"
11;"11_D4";"D4";"B329_LIKE+F16";571;0.1093;"D";"4";"n";99.3342;715;NA;NA;0.798601398601399;"No"
11;"11_D5";"D5";"B329_LIKE+F16";556;0.1088;"D";"5";"n";99.3342;715;NA;NA;0.777622377622378;"No"
11;"11_D6";"D6";"B329_LIKE+F16";616;0.1111;"D";"6";"n";99.3342;715;NA;NA;0.861538461538462;"No"
11;"11_D7";"D7";"B329_LIKE+F16";578;0.106;"D";"7";"n";99.3342;715;NA;NA;0.808391608391608;"No"
11;"11_D8";"D8";"B329_LIKE+F16";714;0.1291;"D";"8";"n";99.3342;715;NA;NA;0.998601398601399;"No"
11;"11_D9";"D9";"B329_LIKE+F16";711;0.1355;"D";"9";"n";99.3342;715;NA;NA;0.994405594405594;"No"
11;"11_E10";"E10";"B329_LIKE+F16";688;0.1427;"E";"10";"n";99.3342;715;NA;NA;0.962237762237762;"No"
11;"11_E11";"E11";"B329_LIKE+F16";792;0.1492;"E";"11";"n";99.3342;715;NA;NA;1.10769230769231;"No"
11;"11_E2";"E2";"B329_LIKE+F16";816;0.1657;"E";"2";"n";99.3342;715;NA;NA;1.14125874125874;"No"
11;"11_E3";"E3";"B329_LIKE+F16";802;0.1682;"E";"3";"n";99.3342;715;NA;NA;1.12167832167832;"No"
11;"11_E4";"E4";"B329_LIKE+F16";802;0.1686;"E";"4";"n";99.3342;715;NA;NA;1.12167832167832;"No"
11;"11_E5";"E5";"B329_LIKE+F16";727;0.1421;"E";"5";"n";99.3342;715;NA;NA;1.01678321678322;"No"
11;"11_E6";"E6";"B329_LIKE+F16";636;0.1261;"E";"6";"n";99.3342;715;NA;NA;0.88951048951049;"No"
11;"11_E7";"E7";"B329_LIKE+F16";749;0.1319;"E";"7";"n";99.3342;715;NA;NA;1.04755244755245;"No"
11;"11_E8";"E8";"B329_LIKE+F16";656;0.1313;"E";"8";"n";99.3342;715;NA;NA;0.917482517482518;"No"
11;"11_E9";"E9";"B329_LIKE+F16";761;0.1422;"E";"9";"n";99.3342;715;NA;NA;1.06433566433566;"No"
11;"11_F10";"F10";"B329_LIKE+F16";715;0.1446;"F";"10";"n";99.3342;715;NA;NA;1;"No"
11;"11_F11";"F11";"B329_LIKE+F16";744;0.1445;"F";"11";"n";99.3342;715;NA;NA;1.04055944055944;"No"
11;"11_F2";"F2";"B329_LIKE+F16";702;0.1334;"F";"2";"n";99.3342;715;NA;NA;0.981818181818182;"No"
11;"11_F3";"F3";"B329_LIKE+F16";637;0.1322;"F";"3";"n";99.3342;715;NA;NA;0.890909090909091;"No"
11;"11_F4";"F4";"B329_LIKE+F16";884;0.1632;"F";"4";"n";99.3342;715;NA;NA;1.23636363636364;"No"
11;"11_F5";"F5";"B329_LIKE+F16";644;0.1347;"F";"5";"n";99.3342;715;NA;NA;0.900699300699301;"No"
11;"11_F6";"F6";"B329_LIKE+F16";638;0.1258;"F";"6";"n";99.3342;715;NA;NA;0.892307692307692;"No"
11;"11_F7";"F7";"B329_LIKE+F16";715;0.1319;"F";"7";"n";99.3342;715;NA;NA;1;"No"
11;"11_F8";"F8";"B329_LIKE+F16";681;0.1352;"F";"8";"n";99.3342;715;NA;NA;0.952447552447552;"No"
11;"11_F9";"F9";"B329_LIKE+F16";657;0.1351;"F";"9";"n";99.3342;715;NA;NA;0.918881118881119;"No"
11;"11_G10";"G10";"B329_LIKE+F16";751;0.1456;"G";"10";"n";99.3342;715;NA;NA;1.05034965034965;"No"
11;"11_G11";"G11";"B329_LIKE+F16";825;0.1536;"G";"11";"n";99.3342;715;NA;NA;1.15384615384615;"No"
11;"11_G2";"G2";"B329_LIKE+F16";837;0.1613;"G";"2";"n";99.3342;715;NA;NA;1.17062937062937;"No"
11;"11_G3";"G3";"B329_LIKE+F16";744;0.1575;"G";"3";"n";99.3342;715;NA;NA;1.04055944055944;"No"
11;"11_G4";"G4";"B329_LIKE+F16";784;0.1604;"G";"4";"n";99.3342;715;NA;NA;1.0965034965035;"No"
11;"11_G5";"G5";"B329_LIKE+F16";735;0.1422;"G";"5";"n";99.3342;715;NA;NA;1.02797202797203;"No"
11;"11_G6";"G6";"B329_LIKE+F16";718;0.1307;"G";"6";"n";99.3342;715;NA;NA;1.0041958041958;"No"
11;"11_G7";"G7";"B329_LIKE+F16";755;0.1423;"G";"7";"n";99.3342;715;NA;NA;1.05594405594406;"No"
11;"11_G8";"G8";"B329_LIKE+F16";723;0.1441;"G";"8";"n";99.3342;715;NA;NA;1.01118881118881;"No"
11;"11_G9";"G9";"B329_LIKE+F16";787;0.1507;"G";"9";"n";99.3342;715;NA;NA;1.1006993006993;"No"
12;"12_B10";"B10";"B329_LIKE+F16";759;0.1391;"B";"10";"n";172.7229;870;NA;NA;0.872413793103448;"No"
12;"12_B11";"B11";"B329_LIKE+F16";829;0.1495;"B";"11";"n";172.7229;870;NA;NA;0.952873563218391;"No"
12;"12_B2";"B2";"B329_LIKE+F16";1038;0.1576;"B";"2";"n";172.7229;870;NA;NA;1.19310344827586;"No"
12;"12_B3";"B3";"B329_LIKE+F16";944;0.1639;"B";"3";"n";172.7229;870;NA;NA;1.08505747126437;"No"
12;"12_B4";"B4";"B329_LIKE+F16";753;0.1418;"B";"4";"n";172.7229;870;NA;NA;0.86551724137931;"No"
12;"12_B5";"B5";"B329_LIKE+F16";871;0.1394;"B";"5";"n";172.7229;870;NA;NA;1.00114942528736;"No"
12;"12_B6";"B6";"B329_LIKE+F16";853;0.1524;"B";"6";"n";172.7229;870;NA;NA;0.980459770114943;"No"
12;"12_B7";"B7";"B329_LIKE+F16";869;0.1429;"B";"7";"n";172.7229;870;NA;NA;0.998850574712644;"No"
12;"12_B8";"B8";"B329_LIKE+F16";1068;0.1612;"B";"8";"n";172.7229;870;NA;NA;1.22758620689655;"No"
12;"12_B9";"B9";"B329_LIKE+F16";794;0.1452;"B";"9";"n";172.7229;870;NA;NA;0.91264367816092;"No"
12;"12_C10";"C10";"B329_LIKE+F16";710;0.1374;"C";"10";"n";172.7229;870;NA;NA;0.816091954022989;"No"
12;"12_C11";"C11";"B329_LIKE+F16";827;0.1548;"C";"11";"n";172.7229;870;NA;NA;0.950574712643678;"No"
12;"12_C2";"C2";"B329_LIKE+F16";958;0.1395;"C";"2";"n";172.7229;870;NA;NA;1.10114942528736;"No"
12;"12_C3";"C3";"B329_LIKE+F16";649;0.148;"C";"3";"n";172.7229;870;NA;NA;0.745977011494253;"No"
12;"12_C4";"C4";"B329_LIKE+F16";725;0.147;"C";"4";"n";172.7229;870;NA;NA;0.833333333333333;"No"
12;"12_C5";"C5";"B329_LIKE+F16";679;0.1404;"C";"5";"n";172.7229;870;NA;NA;0.780459770114942;"No"
12;"12_C6";"C6";"B329_LIKE+F16";634;0.1225;"C";"6";"n";172.7229;870;NA;NA;0.728735632183908;"No"
12;"12_C7";"C7";"B329_LIKE+F16";815;0.1377;"C";"7";"n";172.7229;870;NA;NA;0.936781609195402;"No"
12;"12_C8";"C8";"B329_LIKE+F16";724;0.1299;"C";"8";"n";172.7229;870;NA;NA;0.832183908045977;"No"
12;"12_C9";"C9";"B329_LIKE+F16";807;0.1317;"C";"9";"n";172.7229;870;NA;NA;0.927586206896552;"No"
12;"12_D10";"D10";"B329_LIKE+F16";710;0.1469;"D";"10";"n";172.7229;870;NA;NA;0.816091954022989;"No"
12;"12_D11";"D11";"B329_LIKE+F16";1403;0.1467;"D";"11";"n";172.7229;870;NA;NA;1.61264367816092;"No"
12;"12_D2";"D2";"B329_LIKE+F16";1077;0.1673;"D";"2";"n";172.7229;870;NA;NA;1.23793103448276;"No"
12;"12_D3";"D3";"B329_LIKE+F16";713;0.137;"D";"3";"n";172.7229;870;NA;NA;0.819540229885057;"No"
12;"12_D4";"D4";"B329_LIKE+F16";795;0.1657;"D";"4";"n";172.7229;870;NA;NA;0.913793103448276;"No"
12;"12_D5";"D5";"B329_LIKE+F16";696;0.1358;"D";"5";"n";172.7229;870;NA;NA;0.8;"No"
12;"12_D6";"D6";"B329_LIKE+F16";946;0.1406;"D";"6";"n";172.7229;870;NA;NA;1.08735632183908;"No"
12;"12_D7";"D7";"B329_LIKE+F16";725;0.1199;"D";"7";"n";172.7229;870;NA;NA;0.833333333333333;"No"
12;"12_D8";"D8";"B329_LIKE+F16";1309;0.1809;"D";"8";"n";172.7229;870;NA;NA;1.50459770114943;"No"
12;"12_D9";"D9";"B329_LIKE+F16";682;0.133;"D";"9";"n";172.7229;870;NA;NA;0.783908045977011;"No"
12;"12_E10";"E10";"B329_LIKE+F16";882;0.1624;"E";"10";"n";172.7229;870;NA;NA;1.01379310344828;"No"
12;"12_E11";"E11";"B329_LIKE+F16";684;0.1424;"E";"11";"n";172.7229;870;NA;NA;0.786206896551724;"No"
12;"12_E2";"E2";"B329_LIKE+F16";866;0.1537;"E";"2";"n";172.7229;870;NA;NA;0.995402298850575;"No"
12;"12_E3";"E3";"B329_LIKE+F16";682;0.1298;"E";"3";"n";172.7229;870;NA;NA;0.783908045977011;"No"
12;"12_E4";"E4";"B329_LIKE+F16";716;0.13;"E";"4";"n";172.7229;870;NA;NA;0.822988505747126;"No"
12;"12_E5";"E5";"B329_LIKE+F16";716;0.1392;"E";"5";"n";172.7229;870;NA;NA;0.822988505747126;"No"
12;"12_E6";"E6";"B329_LIKE+F16";804;0.1406;"E";"6";"n";172.7229;870;NA;NA;0.924137931034483;"No"
12;"12_E7";"E7";"B329_LIKE+F16";627;0.1292;"E";"7";"n";172.7229;870;NA;NA;0.720689655172414;"No"
12;"12_E8";"E8";"B329_LIKE+F16";744;0.1258;"E";"8";"n";172.7229;870;NA;NA;0.855172413793103;"No"
12;"12_E9";"E9";"B329_LIKE+F16";708;0.1403;"E";"9";"n";172.7229;870;NA;NA;0.813793103448276;"No"
12;"12_F10";"F10";"B329_LIKE+F16";986;0.1661;"F";"10";"n";172.7229;870;NA;NA;1.13333333333333;"No"
12;"12_F11";"F11";"B329_LIKE+F16";954;0.165;"F";"11";"n";172.7229;870;NA;NA;1.09655172413793;"No"
12;"12_F2";"F2";"B329_LIKE+F16";834;0.1573;"F";"2";"n";172.7229;870;NA;NA;0.958620689655172;"No"
12;"12_F3";"F3";"B329_LIKE+F16";966;0.1786;"F";"3";"n";172.7229;870;NA;NA;1.11034482758621;"No"
12;"12_F4";"F4";"B329_LIKE+F16";941;0.1797;"F";"4";"n";172.7229;870;NA;NA;1.0816091954023;"No"
12;"12_F5";"F5";"B329_LIKE+F16";857;0.1703;"F";"5";"n";172.7229;870;NA;NA;0.985057471264368;"No"
12;"12_F6";"F6";"B329_LIKE+F16";883;0.1584;"F";"6";"n";172.7229;870;NA;NA;1.01494252873563;"No"
12;"12_F7";"F7";"B329_LIKE+F16";875;0.1396;"F";"7";"n";172.7229;870;NA;NA;1.00574712643678;"No"
12;"12_F8";"F8";"B329_LIKE+F16";752;0.1446;"F";"8";"n";172.7229;870;NA;NA;0.864367816091954;"No"
12;"12_F9";"F9";"B329_LIKE+F16";928;0.1584;"F";"9";"n";172.7229;870;NA;NA;1.06666666666667;"No"
12;"12_G10";"G10";"B329_LIKE+F16";937;0.1873;"G";"10";"n";172.7229;870;NA;NA;1.07701149425287;"No"
12;"12_G11";"G11";"B329_LIKE+F16";898;0.1624;"G";"11";"n";172.7229;870;NA;NA;1.03218390804598;"No"
12;"12_G2";"G2";"B329_LIKE+F16";959;0.1774;"G";"2";"n";172.7229;870;NA;NA;1.10229885057471;"No"
12;"12_G3";"G3";"B329_LIKE+F16";997;0.1935;"G";"3";"n";172.7229;870;NA;NA;1.14597701149425;"No"
12;"12_G4";"G4";"B329_LIKE+F16";1252;0.1991;"G";"4";"n";172.7229;870;NA;NA;1.43908045977012;"No"
12;"12_G5";"G5";"B329_LIKE+F16";882;0.1641;"G";"5";"n";172.7229;870;NA;NA;1.01379310344828;"No"
12;"12_G6";"G6";"B329_LIKE+F16";1156;0.1966;"G";"6";"n";172.7229;870;NA;NA;1.32873563218391;"No"
12;"12_G7";"G7";"B329_LIKE+F16";860;0.1592;"G";"7";"n";172.7229;870;NA;NA;0.988505747126437;"No"
12;"12_G8";"G8";"B329_LIKE+F16";913;0.1632;"G";"8";"n";172.7229;870;NA;NA;1.04942528735632;"No"
12;"12_G9";"G9";"B329_LIKE+F16";963;0.1682;"G";"9";"n";172.7229;870;NA;NA;1.10689655172414;"No"
13;"13_B10";"B10";"B329_LIKE+F16";745;0.128399998;"B";"10";"n";168.2751;863.5;NA;NA;0.862767805442965;"No"
13;"13_B11";"B11";"B329_LIKE+F16";1028;0.156200007;"B";"11";"n";168.2751;863.5;NA;NA;1.19050376375217;"No"
13;"13_B2";"B2";"B329_LIKE+F16";740;0.131200001;"B";"2";"n";168.2751;863.5;NA;NA;0.856977417486972;"No"
13;"13_B3";"B3";"B329_LIKE+F16";759;0.127000004;"B";"3";"n";168.2751;863.5;NA;NA;0.878980891719745;"No"
13;"13_B4";"B4";"B329_LIKE+F16";852;0.142900005;"B";"4";"n";168.2751;863.5;NA;NA;0.986682107701216;"No"
13;"13_B5";"B5";"B329_LIKE+F16";702;0.116700001;"B";"5";"n";168.2751;863.5;NA;NA;0.812970469021424;"No"
13;"13_B6";"B6";"B329_LIKE+F16";669;0.115699999;"B";"6";"n";168.2751;863.5;NA;NA;0.77475390851187;"No"
13;"13_B7";"B7";"B329_LIKE+F16";633;0.114500001;"B";"7";"n";168.2751;863.5;NA;NA;0.73306311522872;"No"
13;"13_B8";"B8";"B329_LIKE+F16";654;0.118000001;"B";"8";"n";168.2751;863.5;NA;NA;0.757382744643891;"No"
13;"13_B9";"B9";"B329_LIKE+F16";795;0.144299999;"B";"9";"n";168.2751;863.5;NA;NA;0.920671685002895;"No"
13;"13_C10";"C10";"B329_LIKE+F16";854;0.147799999;"C";"10";"n";168.2751;863.5;NA;NA;0.988998262883613;"No"
13;"13_C11";"C11";"B329_LIKE+F16";886;0.160899997;"C";"11";"n";168.2751;863.5;NA;NA;1.02605674580197;"No"
13;"13_C2";"C2";"B329_LIKE+F16";770;0.130799994;"C";"2";"n";168.2751;863.5;NA;NA;0.89171974522293;"No"
13;"13_C3";"C3";"B329_LIKE+F16";918;0.128399998;"C";"3";"n";168.2751;863.5;NA;NA;1.06311522872032;"No"
13;"13_C4";"C4";"B329_LIKE+F16";644;0.117200002;"C";"4";"n";168.2751;863.5;NA;NA;0.745801968731905;"No"
13;"13_C5";"C5";"B329_LIKE+F16";770;0.130600005;"C";"5";"n";168.2751;863.5;NA;NA;0.89171974522293;"No"
13;"13_C6";"C6";"B329_LIKE+F16";747;0.134399995;"C";"6";"n";168.2751;863.5;NA;NA;0.865083960625362;"No"
13;"13_C7";"C7";"B329_LIKE+F16";994;0.142800003;"C";"7";"n";168.2751;863.5;NA;NA;1.15112912565142;"No"
13;"13_C8";"C8";"B329_LIKE+F16";818;0.145099998;"C";"8";"n";168.2751;863.5;NA;NA;0.947307469600463;"No"
13;"13_C9";"C9";"B329_LIKE+F16";812;0.140200004;"C";"9";"n";168.2751;863.5;NA;NA;0.940359004053272;"No"
13;"13_D10";"D10";"B329_LIKE+F16";706;0.131099999;"D";"10";"n";168.2751;863.5;NA;NA;0.817602779386219;"No"
13;"13_D11";"D11";"B329_LIKE+F16";712;0.130799994;"D";"11";"n";168.2751;863.5;NA;NA;0.824551244933411;"No"
13;"13_D2";"D2";"B329_LIKE+F16";751;0.122900002;"D";"2";"n";168.2751;863.5;NA;NA;0.869716270990156;"No"
13;"13_D3";"D3";"B329_LIKE+F16";696;0.117700003;"D";"3";"n";168.2751;863.5;NA;NA;0.806022003474233;"No"
13;"13_D4";"D4";"B329_LIKE+F16";729;0.127000004;"D";"4";"n";168.2751;863.5;NA;NA;0.844238563983787;"No"
13;"13_D5";"D5";"B329_LIKE+F16";727;0.136199996;"D";"5";"n";168.2751;863.5;NA;NA;0.84192240880139;"No"
13;"13_D6";"D6";"B329_LIKE+F16";975;0.143299997;"D";"6";"n";168.2751;863.5;NA;NA;1.12912565141864;"No"
13;"13_D7";"D7";"B329_LIKE+F16";1354;0.143199995;"D";"7";"n";168.2751;863.5;NA;NA;1.56803705848292;"No"
13;"13_D8";"D8";"B329_LIKE+F16";702;0.121699996;"D";"8";"n";168.2751;863.5;NA;NA;0.812970469021424;"No"
13;"13_D9";"D9";"B329_LIKE+F16";683;0.119900003;"D";"9";"n";168.2751;863.5;NA;NA;0.790966994788651;"No"
13;"13_E10";"E10";"B329_LIKE+F16";767;0.149499997;"E";"10";"n";168.2751;863.5;NA;NA;0.888245512449334;"No"
13;"13_E11";"E11";"B329_LIKE+F16";861;0.1567;"E";"11";"n";168.2751;863.5;NA;NA;0.997104806022003;"No"
13;"13_E2";"E2";"B329_LIKE+F16";911;0.148399994;"E";"2";"n";168.2751;863.5;NA;NA;1.05500868558193;"No"
13;"13_E3";"E3";"B329_LIKE+F16";749;0.127399996;"E";"3";"n";168.2751;863.5;NA;NA;0.867400115807759;"No"
13;"13_E4";"E4";"B329_LIKE+F16";737;0.126100004;"E";"4";"n";168.2751;863.5;NA;NA;0.853503184713376;"No"
13;"13_E5";"E5";"B329_LIKE+F16";919;0.138099998;"E";"5";"n";168.2751;863.5;NA;NA;1.06427330631152;"No"
13;"13_E6";"E6";"B329_LIKE+F16";1125;0.157199994;"E";"6";"n";168.2751;863.5;NA;NA;1.30283729009844;"No"
13;"13_E7";"E7";"B329_LIKE+F16";790;0.135000005;"E";"7";"n";168.2751;863.5;NA;NA;0.914881297046902;"No"
13;"13_E8";"E8";"B329_LIKE+F16";875;0.144999996;"E";"8";"n";168.2751;863.5;NA;NA;1.01331789229878;"No"
13;"13_E9";"E9";"B329_LIKE+F16";843;0.147100002;"E";"9";"n";168.2751;863.5;NA;NA;0.976259409380428;"No"
13;"13_F10";"F10";"B329_LIKE+F16";1337;0.161300004;"F";"10";"n";168.2751;863.5;NA;NA;1.54834973943254;"No"
13;"13_F11";"F11";"B329_LIKE+F16";1201;0.165700004;"F";"11";"n";168.2751;863.5;NA;NA;1.39085118702953;"No"
13;"13_F2";"F2";"B329_LIKE+F16";761;0.137899995;"F";"2";"n";168.2751;863.5;NA;NA;0.881297046902142;"No"
13;"13_F3";"F3";"B329_LIKE+F16";767;0.137799993;"F";"3";"n";168.2751;863.5;NA;NA;0.888245512449334;"No"
13;"13_F4";"F4";"B329_LIKE+F16";837;0.1435;"F";"4";"n";168.2751;863.5;NA;NA;0.969310943833237;"No"
13;"13_F5";"F5";"B329_LIKE+F16";815;0.138400003;"F";"5";"n";168.2751;863.5;NA;NA;0.943833236826867;"No"
13;"13_F6";"F6";"B329_LIKE+F16";797;0.130500004;"F";"6";"n";168.2751;863.5;NA;NA;0.922987840185292;"No"
13;"13_F7";"F7";"B329_LIKE+F16";836;0.134100005;"F";"7";"n";168.2751;863.5;NA;NA;0.968152866242038;"No"
13;"13_F8";"F8";"B329_LIKE+F16";753;0.128999993;"F";"8";"n";168.2751;863.5;NA;NA;0.872032426172554;"No"
13;"13_F9";"F9";"B329_LIKE+F16";747;0.137199998;"F";"9";"n";168.2751;863.5;NA;NA;0.865083960625362;"No"
13;"13_G10";"G10";"B329_LIKE+F16";1235;0.171100006;"G";"10";"n";168.2751;863.5;NA;NA;1.43022582513028;"No"
13;"13_G11";"G11";"B329_LIKE+F16";1012;0.162;"G";"11";"n";168.2751;863.5;NA;NA;1.17197452229299;"No"
13;"13_G2";"G2";"B329_LIKE+F16";1003;0.163699999;"G";"2";"n";168.2751;863.5;NA;NA;1.16155182397221;"No"
13;"13_G3";"G3";"B329_LIKE+F16";1122;0.163499996;"G";"3";"n";168.2751;863.5;NA;NA;1.29936305732484;"No"
13;"13_G4";"G4";"B329_LIKE+F16";893;0.146400005;"G";"4";"n";168.2751;863.5;NA;NA;1.03416328894036;"No"
13;"13_G5";"G5";"B329_LIKE+F16";1018;0.146400005;"G";"5";"n";168.2751;863.5;NA;NA;1.17892298784019;"No"
13;"13_G6";"G6";"B329_LIKE+F16";953;0.1435;"G";"6";"n";168.2751;863.5;NA;NA;1.10364794441228;"No"
13;"13_G7";"G7";"B329_LIKE+F16";903;0.145300001;"G";"7";"n";168.2751;863.5;NA;NA;1.04574406485235;"No"
13;"13_G8";"G8";"B329_LIKE+F16";837;0.140000001;"G";"8";"n";168.2751;863.5;NA;NA;0.969310943833237;"No"
13;"13_G9";"G9";"B329_LIKE+F16";988;0.158399999;"G";"9";"n";168.2751;863.5;NA;NA;1.14418066010423;"No"
14;"14_B10";"B10";"B329_LIKE+F16";957;0.151099995;"B";"10";"n";112.6776;911;NA;NA;1.05049396267838;"No"
14;"14_B11";"B11";"B329_LIKE+F16";1048;0.149900004;"B";"11";"n";112.6776;911;NA;NA;1.15038419319429;"No"
14;"14_B2";"B2";"B329_LIKE+F16";840;0.130999997;"B";"2";"n";112.6776;911;NA;NA;0.922063666300768;"No"
14;"14_B3";"B3";"B329_LIKE+F16";1393;0.1461;"B";"3";"n";112.6776;911;NA;NA;1.52908891328211;"No"
14;"14_B4";"B4";"B329_LIKE+F16";889;0.141399994;"B";"4";"n";112.6776;911;NA;NA;0.975850713501647;"No"
14;"14_B5";"B5";"B329_LIKE+F16";719;0.118000001;"B";"5";"n";112.6776;911;NA;NA;0.789242590559824;"No"
14;"14_B6";"B6";"B329_LIKE+F16";917;0.140799999;"B";"6";"n";112.6776;911;NA;NA;1.00658616904501;"No"
14;"14_B7";"B7";"B329_LIKE+F16";816;0.165099993;"B";"7";"n";112.6776;911;NA;NA;0.895718990120746;"No"
14;"14_B8";"B8";"B329_LIKE+F16";889;0.135199994;"B";"8";"n";112.6776;911;NA;NA;0.975850713501647;"No"
14;"14_B9";"B9";"B329_LIKE+F16";846;0.131799996;"B";"9";"n";112.6776;911;NA;NA;0.928649835345774;"No"
14;"14_C10";"C10";"B329_LIKE+F16";814;0.137600005;"C";"10";"n";112.6776;911;NA;NA;0.893523600439078;"No"
14;"14_C11";"C11";"B329_LIKE+F16";855;0.129099995;"C";"11";"n";112.6776;911;NA;NA;0.938529088913282;"No"
14;"14_C2";"C2";"B329_LIKE+F16";1156;0.176899999;"C";"2";"n";112.6776;911;NA;NA;1.26893523600439;"No"
14;"14_C3";"C3";"B329_LIKE+F16";1060;0.163800001;"C";"3";"n";112.6776;911;NA;NA;1.1635565312843;"No"
14;"14_C4";"C4";"B329_LIKE+F16";1011;0.158199996;"C";"4";"n";112.6776;911;NA;NA;1.10976948408342;"No"
14;"14_C5";"C5";"B329_LIKE+F16";1174;0.149000004;"C";"5";"n";112.6776;911;NA;NA;1.28869374313941;"No"
14;"14_C6";"C6";"B329_LIKE+F16";854;0.130099997;"C";"6";"n";112.6776;911;NA;NA;0.937431394072448;"No"
14;"14_C7";"C7";"B329_LIKE+F16";892;0.139599994;"C";"7";"n";112.6776;911;NA;NA;0.979143798024149;"No"
14;"14_C8";"C8";"B329_LIKE+F16";935;0.142700002;"C";"8";"n";112.6776;911;NA;NA;1.02634467618002;"No"
14;"14_C9";"C9";"B329_LIKE+F16";1081;0.175999999;"C";"9";"n";112.6776;911;NA;NA;1.18660812294182;"No"
14;"14_D10";"D10";"B329_LIKE+F16";885;0.1338;"D";"10";"n";112.6776;911;NA;NA;0.97145993413831;"No"
14;"14_D11";"D11";"B329_LIKE+F16";938;0.147599995;"D";"11";"n";112.6776;911;NA;NA;1.02963776070252;"No"
14;"14_D2";"D2";"B329_LIKE+F16";907;0.134399995;"D";"2";"n";112.6776;911;NA;NA;0.995609220636663;"No"
14;"14_D3";"D3";"B329_LIKE+F16";954;0.137799993;"D";"3";"n";112.6776;911;NA;NA;1.04720087815587;"No"
14;"14_D4";"D4";"B329_LIKE+F16";830;0.126300007;"D";"4";"n";112.6776;911;NA;NA;0.911086717892426;"No"
14;"14_D5";"D5";"B329_LIKE+F16";890;0.139200002;"D";"5";"n";112.6776;911;NA;NA;0.976948408342481;"No"
14;"14_D6";"D6";"B329_LIKE+F16";909;0.135600001;"D";"6";"n";112.6776;911;NA;NA;0.997804610318331;"No"
14;"14_D7";"D7";"B329_LIKE+F16";812;0.126100004;"D";"7";"n";112.6776;911;NA;NA;0.891328210757409;"No"
14;"14_D8";"D8";"B329_LIKE+F16";825;0.121399999;"D";"8";"n";112.6776;911;NA;NA;0.905598243688255;"No"
14;"14_D9";"D9";"B329_LIKE+F16";738;0.119599998;"D";"9";"n";112.6776;911;NA;NA;0.810098792535675;"No"
14;"14_E10";"E10";"B329_LIKE+F16";909;0.159299999;"E";"10";"n";112.6776;911;NA;NA;0.997804610318331;"No"
14;"14_E11";"E11";"B329_LIKE+F16";1147;0.191699997;"E";"11";"n";112.6776;911;NA;NA;1.25905598243688;"No"
14;"14_E2";"E2";"B329_LIKE+F16";836;0.130899996;"E";"2";"n";112.6776;911;NA;NA;0.917672886937431;"No"
14;"14_E3";"E3";"B329_LIKE+F16";836;0.132300004;"E";"3";"n";112.6776;911;NA;NA;0.917672886937431;"No"
14;"14_E4";"E4";"B329_LIKE+F16";883;0.1382;"E";"4";"n";112.6776;911;NA;NA;0.969264544456641;"No"
14;"14_E5";"E5";"B329_LIKE+F16";895;0.135299996;"E";"5";"n";112.6776;911;NA;NA;0.982436882546652;"No"
14;"14_E6";"E6";"B329_LIKE+F16";963;0.149399996;"E";"6";"n";112.6776;911;NA;NA;1.05708013172338;"No"
14;"14_E7";"E7";"B329_LIKE+F16";1317;0.1655;"E";"7";"n";112.6776;911;NA;NA;1.4456641053787;"No"
14;"14_E8";"E8";"B329_LIKE+F16";909;0.146200001;"E";"8";"n";112.6776;911;NA;NA;0.997804610318331;"No"
14;"14_E9";"E9";"B329_LIKE+F16";947;0.152099997;"E";"9";"n";112.6776;911;NA;NA;1.03951701427003;"No"
14;"14_F10";"F10";"B329_LIKE+F16";827;0.129299998;"F";"10";"n";112.6776;911;NA;NA;0.907793633369923;"No"
14;"14_F11";"F11";"B329_LIKE+F16";890;0.162799999;"F";"11";"n";112.6776;911;NA;NA;0.976948408342481;"No"
14;"14_F3";"F3";"B329_LIKE+F16";803;0.121600002;"F";"3";"n";112.6776;911;NA;NA;0.881448957189901;"No"
14;"14_F4";"F4";"B329_LIKE+F16";783;0.126499996;"F";"4";"n";112.6776;911;NA;NA;0.859495060373216;"No"
14;"14_F5";"F5";"B329_LIKE+F16";821;0.129600003;"F";"5";"n";112.6776;911;NA;NA;0.901207464324918;"No"
14;"14_F6";"F6";"B329_LIKE+F16";822;0.130099997;"F";"6";"n";112.6776;911;NA;NA;0.902305159165752;"No"
14;"14_F7";"F7";"B329_LIKE+F16";1487;0.155699998;"F";"7";"n";112.6776;911;NA;NA;1.63227222832053;"No"
14;"14_F8";"F8";"B329_LIKE+F16";1052;0.145199999;"F";"8";"n";112.6776;911;NA;NA;1.15477497255763;"No"
14;"14_F9";"F9";"B329_LIKE+F16";796;0.130500004;"F";"9";"n";112.6776;911;NA;NA;0.873765093304061;"No"
14;"14_G10";"G10";"B329_LIKE+F16";997;0.156800002;"G";"10";"n";112.6776;911;NA;NA;1.09440175631175;"No"
14;"14_G11";"G11";"B329_LIKE+F16";973;0.143700004;"G";"11";"n";112.6776;911;NA;NA;1.06805708013172;"No"
14;"14_G2";"G2";"B329_LIKE+F16";910;0.139699996;"G";"2";"n";112.6776;911;NA;NA;0.998902305159166;"No"
14;"14_G3";"G3";"B329_LIKE+F16";827;0.139899999;"G";"3";"n";112.6776;911;NA;NA;0.907793633369923;"No"
14;"14_G4";"G4";"B329_LIKE+F16";877;0.136099994;"G";"4";"n";112.6776;911;NA;NA;0.962678375411636;"No"
14;"14_G5";"G5";"B329_LIKE+F16";898;0.1426;"G";"5";"n";112.6776;911;NA;NA;0.985729967069155;"No"
14;"14_G6";"G6";"B329_LIKE+F16";1019;0.152500004;"G";"6";"n";112.6776;911;NA;NA;1.1185510428101;"No"
14;"14_G7";"G7";"B329_LIKE+F16";1201;0.155499995;"G";"7";"n";112.6776;911;NA;NA;1.31833150384193;"No"
14;"14_G8";"G8";"B329_LIKE+F16";1001;0.150000006;"G";"8";"n";112.6776;911;NA;NA;1.09879253567508;"No"
14;"14_G9";"G9";"B329_LIKE+F16";1011;0.158600003;"G";"9";"n";112.6776;911;NA;NA;1.10976948408342;"No"
15;"15_B10";"B10";"B329_LIKE+F16";870;0.132599995;"B";"10";"n";100.0755;870.5;NA;NA;0.999425617461229;"No"
15;"15_B11";"B11";"B329_LIKE+F16";815;0.134499997;"B";"11";"n";100.0755;870.5;NA;NA;0.936243538196439;"No"
15;"15_B2";"B2";"B329_LIKE+F16";920;0.148399994;"B";"2";"n";100.0755;870.5;NA;NA;1.05686387133831;"No"
15;"15_B3";"B3";"B329_LIKE+F16";889;0.136899993;"B";"3";"n";100.0755;870.5;NA;NA;1.02125215393452;"No"
15;"15_B4";"B4";"B329_LIKE+F16";849;0.130999997;"B";"4";"n";100.0755;870.5;NA;NA;0.975301550832855;"No"
15;"15_B5";"B5";"B329_LIKE+F16";871;0.131699994;"B";"5";"n";100.0755;870.5;NA;NA;1.00057438253877;"No"
15;"15_B6";"B6";"B329_LIKE+F16";877;0.135000005;"B";"6";"n";100.0755;870.5;NA;NA;1.00746697300402;"No"
15;"15_B7";"B7";"B329_LIKE+F16";879;0.136000007;"B";"7";"n";100.0755;870.5;NA;NA;1.0097645031591;"No"
15;"15_B8";"B8";"B329_LIKE+F16";946;0.131799996;"B";"8";"n";100.0755;870.5;NA;NA;1.08673176335439;"No"
15;"15_B9";"B9";"B329_LIKE+F16";751;0.1215;"B";"9";"n";100.0755;870.5;NA;NA;0.862722573233774;"No"
15;"15_C10";"C10";"B329_LIKE+F16";730;0.124399997;"C";"10";"n";100.0755;870.5;NA;NA;0.838598506605399;"No"
15;"15_C11";"C11";"B329_LIKE+F16";688;0.1193;"C";"11";"n";100.0755;870.5;NA;NA;0.79035037334865;"No"
15;"15_C2";"C2";"B329_LIKE+F16";880;0.138400003;"C";"2";"n";100.0755;870.5;NA;NA;1.01091326823665;"No"
15;"15_C3";"C3";"B329_LIKE+F16";879;0.136999995;"C";"3";"n";100.0755;870.5;NA;NA;1.0097645031591;"No"
15;"15_C4";"C4";"B329_LIKE+F16";1056;0.1611;"C";"4";"n";100.0755;870.5;NA;NA;1.21309592188397;"No"
15;"15_C5";"C5";"B329_LIKE+F16";828;0.126399994;"C";"5";"n";100.0755;870.5;NA;NA;0.95117748420448;"No"
15;"15_C6";"C6";"B329_LIKE+F16";856;0.128299996;"C";"6";"n";100.0755;870.5;NA;NA;0.983342906375646;"No"
15;"15_C7";"C7";"B329_LIKE+F16";791;0.128399998;"C";"7";"n";100.0755;870.5;NA;NA;0.908673176335439;"No"
15;"15_C8";"C8";"B329_LIKE+F16";774;0.119400002;"C";"8";"n";100.0755;870.5;NA;NA;0.889144170017231;"No"
15;"15_C9";"C9";"B329_LIKE+F16";740;0.119900003;"C";"9";"n";100.0755;870.5;NA;NA;0.850086157380816;"No"
15;"15_D10";"D10";"B329_LIKE+F16";806;0.135299996;"D";"10";"n";100.0755;870.5;NA;NA;0.925904652498564;"No"
15;"15_D11";"D11";"B329_LIKE+F16";822;0.128099993;"D";"11";"n";100.0755;870.5;NA;NA;0.94428489373923;"No"
15;"15_D2";"D2";"B329_LIKE+F16";780;0.128800005;"D";"2";"n";100.0755;870.5;NA;NA;0.896036760482481;"No"
15;"15_D3";"D3";"B329_LIKE+F16";822;0.133300006;"D";"3";"n";100.0755;870.5;NA;NA;0.94428489373923;"No"
15;"15_D4";"D4";"B329_LIKE+F16";750;0.126200005;"D";"4";"n";100.0755;870.5;NA;NA;0.861573808156232;"No"
15;"15_D5";"D5";"B329_LIKE+F16";932;0.148900002;"D";"5";"n";100.0755;870.5;NA;NA;1.07064905226881;"No"
15;"15_D6";"D6";"B329_LIKE+F16";811;0.125200003;"D";"6";"n";100.0755;870.5;NA;NA;0.931648477886272;"No"
15;"15_D7";"D7";"B329_LIKE+F16";655;0.1219;"D";"7";"n";100.0755;870.5;NA;NA;0.752441125789776;"No"
15;"15_D8";"D8";"B329_LIKE+F16";781;0.120700002;"D";"8";"n";100.0755;870.5;NA;NA;0.897185525560023;"No"
15;"15_D9";"D9";"B329_LIKE+F16";777;0.130600005;"D";"9";"n";100.0755;870.5;NA;NA;0.892590465249856;"No"
15;"15_E10";"E10";"B329_LIKE+F16";778;0.135700002;"E";"10";"n";100.0755;870.5;NA;NA;0.893739230327398;"No"
15;"15_E11";"E11";"B329_LIKE+F16";768;0.129099995;"E";"11";"n";100.0755;870.5;NA;NA;0.882251579551982;"No"
15;"15_E2";"E2";"B329_LIKE+F16";863;0.1382;"E";"2";"n";100.0755;870.5;NA;NA;0.991384261918438;"No"
15;"15_E3";"E3";"B329_LIKE+F16";1146;0.160699993;"E";"3";"n";100.0755;870.5;NA;NA;1.31648477886272;"No"
15;"15_E4";"E4";"B329_LIKE+F16";840;0.130700007;"E";"4";"n";100.0755;870.5;NA;NA;0.96496266513498;"No"
15;"15_E5";"E5";"B329_LIKE+F16";1081;0.134299994;"E";"5";"n";100.0755;870.5;NA;NA;1.24181504882252;"No"
15;"15_E6";"E6";"B329_LIKE+F16";1032;0.143900007;"E";"6";"n";100.0755;870.5;NA;NA;1.18552556002298;"No"
15;"15_E7";"E7";"B329_LIKE+F16";744;0.121600002;"E";"7";"n";100.0755;870.5;NA;NA;0.854681217690982;"No"
15;"15_E8";"E8";"B329_LIKE+F16";785;0.125799999;"E";"8";"n";100.0755;870.5;NA;NA;0.90178058587019;"No"
15;"15_E9";"E9";"B329_LIKE+F16";830;0.128700003;"E";"9";"n";100.0755;870.5;NA;NA;0.953475014359563;"No"
15;"15_F10";"F10";"B329_LIKE+F16";846;0.135499999;"F";"10";"n";100.0755;870.5;NA;NA;0.97185525560023;"No"
15;"15_F11";"F11";"B329_LIKE+F16";941;0.151999995;"F";"11";"n";100.0755;870.5;NA;NA;1.08098793796669;"No"
15;"15_F2";"F2";"B329_LIKE+F16";816;0.1259;"F";"2";"n";100.0755;870.5;NA;NA;0.93739230327398;"No"
15;"15_F3";"F3";"B329_LIKE+F16";849;0.129199997;"F";"3";"n";100.0755;870.5;NA;NA;0.975301550832855;"No"
15;"15_F4";"F4";"B329_LIKE+F16";787;0.132499993;"F";"4";"n";100.0755;870.5;NA;NA;0.904078116025273;"No"
15;"15_F5";"F5";"B329_LIKE+F16";796;0.130600005;"F";"5";"n";100.0755;870.5;NA;NA;0.914417001723148;"No"
15;"15_F6";"F6";"B329_LIKE+F16";850;0.142299995;"F";"6";"n";100.0755;870.5;NA;NA;0.976450315910396;"No"
15;"15_F7";"F7";"B329_LIKE+F16";971;0.121699996;"F";"7";"n";100.0755;870.5;NA;NA;1.11545089029294;"No"
15;"15_F8";"F8";"B329_LIKE+F16";832;0.134499997;"F";"8";"n";100.0755;870.5;NA;NA;0.955772544514647;"No"
15;"15_F9";"F9";"B329_LIKE+F16";919;0.159899995;"F";"9";"n";100.0755;870.5;NA;NA;1.05571510626077;"No"
15;"15_G10";"G10";"B329_LIKE+F16";1020;0.1505;"G";"10";"n";100.0755;870.5;NA;NA;1.17174037909248;"No"
15;"15_G11";"G11";"B329_LIKE+F16";1051;0.157499999;"G";"11";"n";100.0755;870.5;NA;NA;1.20735209649627;"No"
15;"15_G2";"G2";"B329_LIKE+F16";899;0.142800003;"G";"2";"n";100.0755;870.5;NA;NA;1.03273980470994;"No"
15;"15_G3";"G3";"B329_LIKE+F16";751;0.127800003;"G";"3";"n";100.0755;870.5;NA;NA;0.862722573233774;"No"
15;"15_G4";"G4";"B329_LIKE+F16";909;0.136899993;"G";"4";"n";100.0755;870.5;NA;NA;1.04422745548535;"No"
15;"15_G5";"G5";"B329_LIKE+F16";880;0.128399998;"G";"5";"n";100.0755;870.5;NA;NA;1.01091326823665;"No"
15;"15_G6";"G6";"B329_LIKE+F16";833;0.136999995;"G";"6";"n";100.0755;870.5;NA;NA;0.956921309592188;"No"
15;"15_G7";"G7";"B329_LIKE+F16";889;0.142399997;"G";"7";"n";100.0755;870.5;NA;NA;1.02125215393452;"No"
15;"15_G8";"G8";"B329_LIKE+F16";952;0.140100002;"G";"8";"n";100.0755;870.5;NA;NA;1.09362435381964;"No"
15;"15_G9";"G9";"B329_LIKE+F16";930;0.148699999;"G";"9";"n";100.0755;870.5;NA;NA;1.06835152211373;"No"
16;"16_B10";"B10";"B329_LIKE+F16";1126;0.176899999;"B";"10";"n";139.3644;950.5;NA;NA;1.18463966333509;"No"
16;"16_B11";"B11";"B329_LIKE+F16";1174;0.169200003;"B";"11";"n";139.3644;950.5;NA;NA;1.23513940031562;"No"
16;"16_B2";"B2";"B329_LIKE+F16";779;0.124499999;"B";"2";"n";139.3644;950.5;NA;NA;0.819568648079958;"No"
16;"16_B3";"B3";"B329_LIKE+F16";1037;0.143600002;"B";"3";"n";139.3644;950.5;NA;NA;1.09100473435034;"No"
16;"16_B4";"B4";"B329_LIKE+F16";919;0.1391;"B";"4";"n";139.3644;950.5;NA;NA;0.966859547606523;"No"
16;"16_B5";"B5";"B329_LIKE+F16";824;0.131999999;"B";"5";"n";139.3644;950.5;NA;NA;0.866912151499211;"No"
16;"16_B6";"B6";"B329_LIKE+F16";892;0.144299999;"B";"6";"n";139.3644;950.5;NA;NA;0.938453445554971;"No"
16;"16_B7";"B7";"B329_LIKE+F16";958;0.139899999;"B";"7";"n";139.3644;950.5;NA;NA;1.00789058390321;"No"
16;"16_B8";"B8";"B329_LIKE+F16";1006;0.152199998;"B";"8";"n";139.3644;950.5;NA;NA;1.05839032088375;"No"
16;"16_B9";"B9";"B329_LIKE+F16";1075;0.157000005;"B";"9";"n";139.3644;950.5;NA;NA;1.13098369279327;"No"
16;"16_C10";"C10";"B329_LIKE+F16";822;0.134399995;"C";"10";"n";139.3644;950.5;NA;NA;0.864807995791689;"No"
16;"16_C11";"C11";"B329_LIKE+F16";889;0.138600007;"C";"11";"n";139.3644;950.5;NA;NA;0.935297211993688;"No"
16;"16_C2";"C2";"B329_LIKE+F16";1012;0.139899999;"C";"2";"n";139.3644;950.5;NA;NA;1.06470278800631;"No"
16;"16_C3";"C3";"B329_LIKE+F16";880;0.133300006;"C";"3";"n";139.3644;950.5;NA;NA;0.925828511309837;"No"
16;"16_C4";"C4";"B329_LIKE+F16";806;0.125200003;"C";"4";"n";139.3644;950.5;NA;NA;0.84797475013151;"No"
16;"16_C5";"C5";"B329_LIKE+F16";740;0.112400003;"C";"5";"n";139.3644;950.5;NA;NA;0.778537611783272;"No"
16;"16_C6";"C6";"B329_LIKE+F16";847;0.119400002;"C";"6";"n";139.3644;950.5;NA;NA;0.891109942135718;"No"
16;"16_C7";"C7";"B329_LIKE+F16";845;0.129999995;"C";"7";"n";139.3644;950.5;NA;NA;0.889005786428196;"No"
16;"16_C8";"C8";"B329_LIKE+F16";848;0.128900006;"C";"8";"n";139.3644;950.5;NA;NA;0.892162019989479;"No"
16;"16_C9";"C9";"B329_LIKE+F16";820;0.128700003;"C";"9";"n";139.3644;950.5;NA;NA;0.862703840084166;"No"
16;"16_D10";"D10";"B329_LIKE+F16";884;0.130799994;"D";"10";"n";139.3644;950.5;NA;NA;0.930036822724882;"No"
16;"16_D11";"D11";"B329_LIKE+F16";802;0.123400003;"D";"11";"n";139.3644;950.5;NA;NA;0.843766438716465;"No"
16;"16_D2";"D2";"B329_LIKE+F16";805;0.130199999;"D";"2";"n";139.3644;950.5;NA;NA;0.846922672277749;"No"
16;"16_D3";"D3";"B329_LIKE+F16";959;0.155499995;"D";"3";"n";139.3644;950.5;NA;NA;1.00894266175697;"No"
16;"16_D4";"D4";"B329_LIKE+F16";832;0.125100002;"D";"4";"n";139.3644;950.5;NA;NA;0.8753287743293;"No"
16;"16_D5";"D5";"B329_LIKE+F16";800;0.129999995;"D";"5";"n";139.3644;950.5;NA;NA;0.841662283008943;"No"
16;"16_D6";"D6";"B329_LIKE+F16";862;0.136899993;"D";"6";"n";139.3644;950.5;NA;NA;0.906891109942136;"No"
16;"16_D7";"D7";"B329_LIKE+F16";841;0.128199995;"D";"7";"n";139.3644;950.5;NA;NA;0.884797475013151;"No"
16;"16_D8";"D8";"B329_LIKE+F16";873;0.131799996;"D";"8";"n";139.3644;950.5;NA;NA;0.918463966333509;"No"
16;"16_D9";"D9";"B329_LIKE+F16";886;0.136099994;"D";"9";"n";139.3644;950.5;NA;NA;0.932140978432404;"No"
16;"16_E10";"E10";"B329_LIKE+F16";968;0.141399994;"E";"10";"n";139.3644;950.5;NA;NA;1.01841136244082;"No"
16;"16_E11";"E11";"B329_LIKE+F16";889;0.142800003;"E";"11";"n";139.3644;950.5;NA;NA;0.935297211993688;"No"
16;"16_E2";"E2";"B329_LIKE+F16";837;0.137099996;"E";"2";"n";139.3644;950.5;NA;NA;0.880589163598106;"No"
16;"16_E3";"E3";"B329_LIKE+F16";844;0.133100003;"E";"3";"n";139.3644;950.5;NA;NA;0.887953708574434;"No"
16;"16_E4";"E4";"B329_LIKE+F16";948;0.144700006;"E";"4";"n";139.3644;950.5;NA;NA;0.997369805365597;"No"
16;"16_E5";"E5";"B329_LIKE+F16";1300;0.161200002;"E";"5";"n";139.3644;950.5;NA;NA;1.36770120988953;"No"
16;"16_E6";"E6";"B329_LIKE+F16";1020;0.151099995;"E";"6";"n";139.3644;950.5;NA;NA;1.0731194108364;"No"
16;"16_E7";"E7";"B329_LIKE+F16";913;0.133300006;"E";"7";"n";139.3644;950.5;NA;NA;0.960547080483956;"No"
16;"16_E8";"E8";"B329_LIKE+F16";843;0.139400005;"E";"8";"n";139.3644;950.5;NA;NA;0.886901630720673;"No"
16;"16_E9";"E9";"B329_LIKE+F16";941;0.1373;"E";"9";"n";139.3644;950.5;NA;NA;0.990005260389269;"No"
16;"16_F10";"F10";"B329_LIKE+F16";1490;0.146599993;"F";"10";"n";139.3644;950.5;NA;NA;1.56759600210416;"No"
16;"16_F11";"F11";"B329_LIKE+F16";929;0.151299998;"F";"11";"n";139.3644;950.5;NA;NA;0.977380326144135;"No"
16;"16_F2";"F2";"B329_LIKE+F16";919;0.153500006;"F";"2";"n";139.3644;950.5;NA;NA;0.966859547606523;"No"
16;"16_F3";"F3";"B329_LIKE+F16";889;0.142399997;"F";"3";"n";139.3644;950.5;NA;NA;0.935297211993688;"No"
16;"16_F4";"F4";"B329_LIKE+F16";1029;0.154300004;"F";"4";"n";139.3644;950.5;NA;NA;1.08258811152025;"No"
16;"16_F5";"F5";"B329_LIKE+F16";893;0.1479;"F";"5";"n";139.3644;950.5;NA;NA;0.939505523408732;"No"
16;"16_F6";"F6";"B329_LIKE+F16";998;0.148000002;"F";"6";"n";139.3644;950.5;NA;NA;1.04997369805366;"No"
16;"16_F7";"F7";"B329_LIKE+F16";909;0.141900003;"F";"7";"n";139.3644;950.5;NA;NA;0.956338769068911;"No"
16;"16_F8";"F8";"B329_LIKE+F16";982;0.144999996;"F";"8";"n";139.3644;950.5;NA;NA;1.03314045239348;"No"
16;"16_F9";"F9";"B329_LIKE+F16";1098;0.153799996;"F";"9";"n";139.3644;950.5;NA;NA;1.15518148342977;"No"
16;"16_G10";"G10";"B329_LIKE+F16";1005;0.154599994;"G";"10";"n";139.3644;950.5;NA;NA;1.05733824302998;"No"
16;"16_G11";"G11";"B329_LIKE+F16";763;0.106899999;"G";"11";"n";139.3644;950.5;NA;NA;0.802735402419779;"No"
16;"16_G2";"G2";"B329_LIKE+F16";917;0.141900003;"G";"2";"n";139.3644;950.5;NA;NA;0.964755391899;"No"
16;"16_G3";"G3";"B329_LIKE+F16";978;0.145199999;"G";"3";"n";139.3644;950.5;NA;NA;1.02893214097843;"No"
16;"16_G4";"G4";"B329_LIKE+F16";1800;0.162300006;"G";"4";"n";139.3644;950.5;NA;NA;1.89374013677012;"No"
16;"16_G5";"G5";"B329_LIKE+F16";1165;0.166899994;"G";"5";"n";139.3644;950.5;NA;NA;1.22567069963177;"No"
16;"16_G6";"G6";"B329_LIKE+F16";1077;0.154499993;"G";"6";"n";139.3644;950.5;NA;NA;1.13308784850079;"No"
16;"16_G7";"G7";"B329_LIKE+F16";1173;0.175600007;"G";"7";"n";139.3644;950.5;NA;NA;1.23408732246186;"No"
16;"16_G8";"G8";"B329_LIKE+F16";958;0.158999994;"G";"8";"n";139.3644;950.5;NA;NA;1.00789058390321;"No"
16;"16_G9";"G9";"B329_LIKE+F16";1048;0.154200003;"G";"9";"n";139.3644;950.5;NA;NA;1.10257759074171;"No"
17;"17_B10";"B10";"B329_LIKE+F16";748;0.117899999;"B";"10";"n";108.9711;908;NA;NA;0.823788546255507;"No"
17;"17_B11";"B11";"B329_LIKE+F16";818;0.138799995;"B";"11";"n";108.9711;908;NA;NA;0.900881057268722;"No"
17;"17_B2";"B2";"B329_LIKE+F16";984;0.155499995;"B";"2";"n";108.9711;908;NA;NA;1.08370044052863;"No"
17;"17_B3";"B3";"B329_LIKE+F16";918;0.145300001;"B";"3";"n";108.9711;908;NA;NA;1.01101321585903;"No"
17;"17_B4";"B4";"B329_LIKE+F16";1173;0.151700005;"B";"4";"n";108.9711;908;NA;NA;1.29185022026432;"No"
17;"17_B5";"B5";"B329_LIKE+F16";953;0.134900004;"B";"5";"n";108.9711;908;NA;NA;1.04955947136564;"No"
17;"17_B6";"B6";"B329_LIKE+F16";907;0.142199993;"B";"6";"n";108.9711;908;NA;NA;0.998898678414097;"No"
17;"17_B7";"B7";"B329_LIKE+F16";904;0.130999997;"B";"7";"n";108.9711;908;NA;NA;0.995594713656388;"No"
17;"17_B8";"B8";"B329_LIKE+F16";866;0.128399998;"B";"8";"n";108.9711;908;NA;NA;0.95374449339207;"No"
17;"17_B9";"B9";"B329_LIKE+F16";839;0.134900004;"B";"9";"n";108.9711;908;NA;NA;0.924008810572687;"No"
17;"17_C10";"C10";"B329_LIKE+F16";771;0.121699996;"C";"10";"n";108.9711;908;NA;NA;0.849118942731278;"No"
17;"17_C11";"C11";"B329_LIKE+F16";712;0.114299998;"C";"11";"n";108.9711;908;NA;NA;0.784140969162996;"No"
17;"17_C2";"C2";"B329_LIKE+F16";820;0.130600005;"C";"2";"n";108.9711;908;NA;NA;0.903083700440529;"No"
17;"17_C3";"C3";"B329_LIKE+F16";925;0.135100007;"C";"3";"n";108.9711;908;NA;NA;1.01872246696035;"No"
17;"17_C4";"C4";"B329_LIKE+F16";912;0.132100001;"C";"4";"n";108.9711;908;NA;NA;1.00440528634361;"No"
17;"17_C5";"C5";"B329_LIKE+F16";840;0.125200003;"C";"5";"n";108.9711;908;NA;NA;0.92511013215859;"No"
17;"17_C6";"C6";"B329_LIKE+F16";804;0.123899996;"C";"6";"n";108.9711;908;NA;NA;0.885462555066079;"No"
17;"17_C7";"C7";"B329_LIKE+F16";830;0.118799999;"C";"7";"n";108.9711;908;NA;NA;0.91409691629956;"No"
17;"17_C8";"C8";"B329_LIKE+F16";950;0.127100006;"C";"8";"n";108.9711;908;NA;NA;1.04625550660793;"No"
17;"17_C9";"C9";"B329_LIKE+F16";783;0.116800003;"C";"9";"n";108.9711;908;NA;NA;0.862334801762115;"No"
17;"17_D10";"D10";"B329_LIKE+F16";791;0.124399997;"D";"10";"n";108.9711;908;NA;NA;0.871145374449339;"No"
17;"17_D11";"D11";"B329_LIKE+F16";906;0.135199994;"D";"11";"n";108.9711;908;NA;NA;0.997797356828194;"No"
17;"17_D2";"D2";"B329_LIKE+F16";936;0.142900005;"D";"2";"n";108.9711;908;NA;NA;1.03083700440529;"No"
17;"17_D3";"D3";"B329_LIKE+F16";774;0.114299998;"D";"3";"n";108.9711;908;NA;NA;0.852422907488987;"No"
17;"17_D4";"D4";"B329_LIKE+F16";854;0.120499998;"D";"4";"n";108.9711;908;NA;NA;0.940528634361233;"No"
17;"17_D5";"D5";"B329_LIKE+F16";921;0.130600005;"D";"5";"n";108.9711;908;NA;NA;1.01431718061674;"No"
17;"17_D6";"D6";"B329_LIKE+F16";803;0.113700002;"D";"6";"n";108.9711;908;NA;NA;0.884361233480176;"No"
17;"17_D7";"D7";"B329_LIKE+F16";1094;0.127299994;"D";"7";"n";108.9711;908;NA;NA;1.20484581497797;"No"
17;"17_D8";"D8";"B329_LIKE+F16";835;0.127399996;"D";"8";"n";108.9711;908;NA;NA;0.919603524229075;"No"
17;"17_D9";"D9";"B329_LIKE+F16";762;0.125300005;"D";"9";"n";108.9711;908;NA;NA;0.83920704845815;"No"
17;"17_E10";"E10";"B329_LIKE+F16";1108;0.132599995;"E";"10";"n";108.9711;908;NA;NA;1.22026431718062;"No"
17;"17_E11";"E11";"B329_LIKE+F16";1009;0.152899995;"E";"11";"n";108.9711;908;NA;NA;1.11123348017621;"No"
17;"17_E2";"E2";"B329_LIKE+F16";813;0.128999993;"E";"2";"n";108.9711;908;NA;NA;0.895374449339207;"No"
17;"17_E3";"E3";"B329_LIKE+F16";879;0.132499993;"E";"3";"n";108.9711;908;NA;NA;0.968061674008811;"No"
17;"17_E4";"E4";"B329_LIKE+F16";884;0.130999997;"E";"4";"n";108.9711;908;NA;NA;0.973568281938326;"No"
17;"17_E5";"E5";"B329_LIKE+F16";1217;0.158500001;"E";"5";"n";108.9711;908;NA;NA;1.34030837004405;"No"
17;"17_E6";"E6";"B329_LIKE+F16";827;0.120300002;"E";"6";"n";108.9711;908;NA;NA;0.91079295154185;"No"
17;"17_E7";"E7";"B329_LIKE+F16";893;0.144500002;"E";"7";"n";108.9711;908;NA;NA;0.983480176211454;"No"
17;"17_E8";"E8";"B329_LIKE+F16";859;0.129800007;"E";"8";"n";108.9711;908;NA;NA;0.946035242290749;"No"
17;"17_F10";"F10";"B329_LIKE+F16";911;0.140200004;"F";"10";"n";108.9711;908;NA;NA;1.00330396475771;"No"
17;"17_F11";"F11";"B329_LIKE+F16";812;0.1206;"F";"11";"n";108.9711;908;NA;NA;0.894273127753304;"No"
17;"17_F2";"F2";"B329_LIKE+F16";769;0.118699998;"F";"2";"n";108.9711;908;NA;NA;0.846916299559471;"No"
17;"17_F3";"F3";"B329_LIKE+F16";842;0.124399997;"F";"3";"n";108.9711;908;NA;NA;0.927312775330396;"No"
17;"17_F4";"F4";"B329_LIKE+F16";906;0.126100004;"F";"4";"n";108.9711;908;NA;NA;0.997797356828194;"No"
17;"17_F5";"F5";"B329_LIKE+F16";800;0.127200007;"F";"5";"n";108.9711;908;NA;NA;0.881057268722467;"No"
17;"17_F6";"F6";"B329_LIKE+F16";1331;0.139500007;"F";"6";"n";108.9711;908;NA;NA;1.465859030837;"No"
17;"17_F7";"F7";"B329_LIKE+F16";953;0.125599995;"F";"7";"n";108.9711;908;NA;NA;1.04955947136564;"No"
17;"17_F8";"F8";"B329_LIKE+F16";1249;0.136700004;"F";"8";"n";108.9711;908;NA;NA;1.37555066079295;"No"
17;"17_F9";"F9";"B329_LIKE+F16";1042;0.139899999;"F";"9";"n";108.9711;908;NA;NA;1.14757709251101;"No"
17;"17_G10";"G10";"B329_LIKE+F16";897;0.132200003;"G";"10";"n";108.9711;908;NA;NA;0.987885462555066;"No"
17;"17_G11";"G11";"B329_LIKE+F16";879;0.127000004;"G";"11";"n";108.9711;908;NA;NA;0.968061674008811;"No"
17;"17_G2";"G2";"B329_LIKE+F16";940;0.157000005;"G";"2";"n";108.9711;908;NA;NA;1.0352422907489;"No"
17;"17_G3";"G3";"B329_LIKE+F16";1696;0.159199998;"G";"3";"n";108.9711;908;NA;NA;1.86784140969163;"No"
17;"17_G4";"G4";"B329_LIKE+F16";849;0.130199999;"G";"4";"n";108.9711;908;NA;NA;0.935022026431718;"No"
17;"17_G5";"G5";"B329_LIKE+F16";864;0.128000006;"G";"5";"n";108.9711;908;NA;NA;0.951541850220264;"No"
17;"17_G6";"G6";"B329_LIKE+F16";973;0.140000001;"G";"6";"n";108.9711;908;NA;NA;1.0715859030837;"No"
17;"17_G7";"G7";"B329_LIKE+F16";885;0.134800002;"G";"7";"n";108.9711;908;NA;NA;0.974669603524229;"No"
17;"17_G8";"G8";"B329_LIKE+F16";845;0.118500002;"G";"8";"n";108.9711;908;NA;NA;0.930616740088106;"No"
17;"17_G9";"G9";"B329_LIKE+F16";904;0.136199996;"G";"9";"n";108.9711;908;NA;NA;0.995594713656388;"No"
18;"18_B10";"B10";"B329_LIKE+F16";971;0.146799996;"B";"10";"n";107.4885;947.5;NA;NA;1.02480211081794;"No"
18;"18_B11";"B11";"B329_LIKE+F16";1056;0.144800007;"B";"11";"n";107.4885;947.5;NA;NA;1.11451187335092;"No"
18;"18_B2";"B2";"B329_LIKE+F16";960;0.148699999;"B";"2";"n";107.4885;947.5;NA;NA;1.0131926121372;"No"
18;"18_B3";"B3";"B329_LIKE+F16";929;0.1426;"B";"3";"n";107.4885;947.5;NA;NA;0.980474934036939;"No"
18;"18_B4";"B4";"B329_LIKE+F16";873;0.133699998;"B";"4";"n";107.4885;947.5;NA;NA;0.921372031662269;"No"
18;"18_B5";"B5";"B329_LIKE+F16";1008;0.146599993;"B";"5";"n";107.4885;947.5;NA;NA;1.06385224274406;"No"
18;"18_B6";"B6";"B329_LIKE+F16";1040;0.136000007;"B";"6";"n";107.4885;947.5;NA;NA;1.0976253298153;"No"
18;"18_B7";"B7";"B329_LIKE+F16";913;0.132799998;"B";"7";"n";107.4885;947.5;NA;NA;0.963588390501319;"No"
18;"18_B8";"B8";"B329_LIKE+F16";1003;0.1426;"B";"8";"n";107.4885;947.5;NA;NA;1.05857519788918;"No"
18;"18_B9";"B9";"B329_LIKE+F16";1029;0.143900007;"B";"9";"n";107.4885;947.5;NA;NA;1.08601583113456;"No"
18;"18_C10";"C10";"B329_LIKE+F16";967;0.1435;"C";"10";"n";107.4885;947.5;NA;NA;1.02058047493404;"No"
18;"18_C11";"C11";"B329_LIKE+F16";994;0.142900005;"C";"11";"n";107.4885;947.5;NA;NA;1.0490765171504;"No"
18;"18_C2";"C2";"B329_LIKE+F16";797;0.131600007;"C";"2";"n";107.4885;947.5;NA;NA;0.841160949868074;"No"
18;"18_C3";"C3";"B329_LIKE+F16";1243;0.153600007;"C";"3";"n";107.4885;947.5;NA;NA;1.31187335092348;"No"
18;"18_C4";"C4";"B329_LIKE+F16";1082;0.156299993;"C";"4";"n";107.4885;947.5;NA;NA;1.14195250659631;"No"
18;"18_C5";"C5";"B329_LIKE+F16";887;0.127299994;"C";"5";"n";107.4885;947.5;NA;NA;0.936147757255937;"No"
18;"18_C6";"C6";"B329_LIKE+F16";869;0.128099993;"C";"6";"n";107.4885;947.5;NA;NA;0.917150395778364;"No"
18;"18_C7";"C7";"B329_LIKE+F16";893;0.128299996;"C";"7";"n";107.4885;947.5;NA;NA;0.942480211081794;"No"
18;"18_C8";"C8";"B329_LIKE+F16";943;0.139599994;"C";"8";"n";107.4885;947.5;NA;NA;0.995250659630607;"No"
18;"18_C9";"C9";"B329_LIKE+F16";1278;0.152899995;"C";"9";"n";107.4885;947.5;NA;NA;1.34881266490765;"No"
18;"18_D10";"D10";"B329_LIKE+F16";897;0.129099995;"D";"10";"n";107.4885;947.5;NA;NA;0.946701846965699;"No"
18;"18_D11";"D11";"B329_LIKE+F16";945;0.131799996;"D";"11";"n";107.4885;947.5;NA;NA;0.997361477572559;"No"
18;"18_D2";"D2";"B329_LIKE+F16";896;0.128999993;"D";"2";"n";107.4885;947.5;NA;NA;0.945646437994723;"No"
18;"18_D3";"D3";"B329_LIKE+F16";833;0.126300007;"D";"3";"n";107.4885;947.5;NA;NA;0.879155672823219;"No"
18;"18_D4";"D4";"B329_LIKE+F16";806;0.122500002;"D";"4";"n";107.4885;947.5;NA;NA;0.85065963060686;"No"
18;"18_D5";"D5";"B329_LIKE+F16";872;0.130600005;"D";"5";"n";107.4885;947.5;NA;NA;0.920316622691293;"No"
18;"18_D6";"D6";"B329_LIKE+F16";959;0.140699998;"D";"6";"n";107.4885;947.5;NA;NA;1.01213720316623;"No"
18;"18_D7";"D7";"B329_LIKE+F16";817;0.125699997;"D";"7";"n";107.4885;947.5;NA;NA;0.862269129287599;"No"
18;"18_D8";"D8";"B329_LIKE+F16";864;0.127299994;"D";"8";"n";107.4885;947.5;NA;NA;0.911873350923483;"No"
18;"18_D9";"D9";"B329_LIKE+F16";825;0.124600001;"D";"9";"n";107.4885;947.5;NA;NA;0.870712401055409;"No"
18;"18_E10";"E10";"B329_LIKE+F16";875;0.122599997;"E";"10";"n";107.4885;947.5;NA;NA;0.923482849604222;"No"
18;"18_E11";"E11";"B329_LIKE+F16";935;0.130500004;"E";"11";"n";107.4885;947.5;NA;NA;0.986807387862797;"No"
18;"18_E2";"E2";"B329_LIKE+F16";840;0.1241;"E";"2";"n";107.4885;947.5;NA;NA;0.886543535620053;"No"
18;"18_E3";"E3";"B329_LIKE+F16";888;0.140599996;"E";"3";"n";107.4885;947.5;NA;NA;0.937203166226913;"No"
18;"18_E4";"E4";"B329_LIKE+F16";857;0.136199996;"E";"4";"n";107.4885;947.5;NA;NA;0.904485488126649;"No"
18;"18_E5";"E5";"B329_LIKE+F16";889;0.125100002;"E";"5";"n";107.4885;947.5;NA;NA;0.938258575197889;"No"
18;"18_E6";"E6";"B329_LIKE+F16";832;0.124499999;"E";"6";"n";107.4885;947.5;NA;NA;0.878100263852243;"No"
18;"18_E7";"E7";"B329_LIKE+F16";930;0.132799998;"E";"7";"n";107.4885;947.5;NA;NA;0.981530343007916;"No"
18;"18_E8";"E8";"B329_LIKE+F16";824;0.124499999;"E";"8";"n";107.4885;947.5;NA;NA;0.869656992084433;"No"
18;"18_E9";"E9";"B329_LIKE+F16";891;0.1228;"E";"9";"n";107.4885;947.5;NA;NA;0.940369393139842;"No"
18;"18_F10";"F10";"B329_LIKE+F16";902;0.130199999;"F";"10";"n";107.4885;947.5;NA;NA;0.95197889182058;"No"
18;"18_F11";"F11";"B329_LIKE+F16";881;0.134299994;"F";"11";"n";107.4885;947.5;NA;NA;0.929815303430079;"No"
18;"18_F2";"F2";"B329_LIKE+F16";808;0.136999995;"F";"2";"n";107.4885;947.5;NA;NA;0.852770448548813;"No"
18;"18_F3";"F3";"B329_LIKE+F16";986;0.1373;"F";"3";"n";107.4885;947.5;NA;NA;1.04063324538259;"No"
18;"18_F4";"F4";"B329_LIKE+F16";910;0.128399998;"F";"4";"n";107.4885;947.5;NA;NA;0.96042216358839;"No"
18;"18_F5";"F5";"B329_LIKE+F16";957;0.134800002;"F";"5";"n";107.4885;947.5;NA;NA;1.01002638522427;"No"
18;"18_F6";"F6";"B329_LIKE+F16";934;0.136500001;"F";"6";"n";107.4885;947.5;NA;NA;0.98575197889182;"No"
18;"18_F7";"F7";"B329_LIKE+F16";839;0.125499994;"F";"7";"n";107.4885;947.5;NA;NA;0.885488126649077;"No"
18;"18_F8";"F8";"B329_LIKE+F16";877;0.1259;"F";"8";"n";107.4885;947.5;NA;NA;0.925593667546174;"No"
18;"18_F9";"F9";"B329_LIKE+F16";942;0.135600001;"F";"9";"n";107.4885;947.5;NA;NA;0.994195250659631;"No"
18;"18_G10";"G10";"B329_LIKE+F16";1078;0.140200004;"G";"10";"n";107.4885;947.5;NA;NA;1.1377308707124;"No"
18;"18_G11";"G11";"B329_LIKE+F16";939;0.138699993;"G";"11";"n";107.4885;947.5;NA;NA;0.991029023746702;"No"
18;"18_G2";"G2";"B329_LIKE+F16";813;0.128600001;"G";"2";"n";107.4885;947.5;NA;NA;0.858047493403694;"No"
18;"18_G3";"G3";"B329_LIKE+F16";867;0.1285;"G";"3";"n";107.4885;947.5;NA;NA;0.915039577836412;"No"
18;"18_G4";"G4";"B329_LIKE+F16";963;0.136099994;"G";"4";"n";107.4885;947.5;NA;NA;1.01635883905013;"No"
18;"18_G5";"G5";"B329_LIKE+F16";1058;0.162;"G";"5";"n";107.4885;947.5;NA;NA;1.11662269129288;"No"
18;"18_G6";"G6";"B329_LIKE+F16";1020;0.143800005;"G";"6";"n";107.4885;947.5;NA;NA;1.07651715039578;"No"
18;"18_G7";"G7";"B329_LIKE+F16";1008;0.154699996;"G";"7";"n";107.4885;947.5;NA;NA;1.06385224274406;"No"
18;"18_G8";"G8";"B329_LIKE+F16";948;0.146599993;"G";"8";"n";107.4885;947.5;NA;NA;1.00052770448549;"No"
18;"18_G9";"G9";"B329_LIKE+F16";1100;0.139799997;"G";"9";"n";107.4885;947.5;NA;NA;1.16094986807388;"No"
19;"19_B10";"B10";"B329_LIKE+F16";812;0.118500002;"B";"10";"n";106.0059;957;NA;NA;0.848484848484849;"No"
19;"19_B11";"B11";"B329_LIKE+F16";834;0.125599995;"B";"11";"n";106.0059;957;NA;NA;0.871473354231975;"No"
19;"19_B2";"B2";"B329_LIKE+F16";982;0.148200005;"B";"2";"n";106.0059;957;NA;NA;1.02612330198537;"No"
19;"19_B3";"B3";"B329_LIKE+F16";1093;0.144199997;"B";"3";"n";106.0059;957;NA;NA;1.14211076280042;"No"
19;"19_B4";"B4";"B329_LIKE+F16";1026;0.142000005;"B";"4";"n";106.0059;957;NA;NA;1.07210031347962;"No"
19;"19_B5";"B5";"B329_LIKE+F16";1211;0.150999993;"B";"5";"n";106.0059;957;NA;NA;1.26541274817137;"No"
19;"19_B6";"B6";"B329_LIKE+F16";874;0.1285;"B";"6";"n";106.0059;957;NA;NA;0.913270637408568;"No"
19;"19_B7";"B7";"B329_LIKE+F16";956;0.130999997;"B";"7";"n";106.0059;957;NA;NA;0.998955067920585;"No"
19;"19_B8";"B8";"B329_LIKE+F16";883;0.128700003;"B";"8";"n";106.0059;957;NA;NA;0.922675026123302;"No"
19;"19_B9";"B9";"B329_LIKE+F16";817;0.117200002;"B";"9";"n";106.0059;957;NA;NA;0.853709508881923;"No"
19;"19_C10";"C10";"B329_LIKE+F16";1066;0.150000006;"C";"10";"n";106.0059;957;NA;NA;1.11389759665622;"No"
19;"19_C11";"C11";"B329_LIKE+F16";1018;0.147699997;"C";"11";"n";106.0059;957;NA;NA;1.06374085684431;"No"
19;"19_C2";"C2";"B329_LIKE+F16";908;0.140100002;"C";"2";"n";106.0059;957;NA;NA;0.948798328108673;"No"
19;"19_C3";"C3";"B329_LIKE+F16";1081;0.138699993;"C";"3";"n";106.0059;957;NA;NA;1.12957157784744;"No"
19;"19_C4";"C4";"B329_LIKE+F16";895;0.141399994;"C";"4";"n";106.0059;957;NA;NA;0.93521421107628;"No"
19;"19_C5";"C5";"B329_LIKE+F16";1004;0.128199995;"C";"5";"n";106.0059;957;NA;NA;1.0491118077325;"No"
19;"19_C6";"C6";"B329_LIKE+F16";1225;0.143000007;"C";"6";"n";106.0059;957;NA;NA;1.28004179728318;"No"
19;"19_C7";"C7";"B329_LIKE+F16";1058;0.157900006;"C";"7";"n";106.0059;957;NA;NA;1.1055381400209;"No"
19;"19_C8";"C8";"B329_LIKE+F16";1113;0.145500004;"C";"8";"n";106.0059;957;NA;NA;1.16300940438871;"No"
19;"19_C9";"C9";"B329_LIKE+F16";1065;0.154699996;"C";"9";"n";106.0059;957;NA;NA;1.1128526645768;"No"
19;"19_D10";"D10";"B329_LIKE+F16";860;0.122000001;"D";"10";"n";106.0059;957;NA;NA;0.898641588296761;"No"
19;"19_D11";"D11";"B329_LIKE+F16";915;0.121699996;"D";"11";"n";106.0059;957;NA;NA;0.956112852664577;"No"
19;"19_D2";"D2";"B329_LIKE+F16";907;0.176599994;"D";"2";"n";106.0059;957;NA;NA;0.947753396029258;"No"
19;"19_D3";"D3";"B329_LIKE+F16";930;0.138699993;"D";"3";"n";106.0059;957;NA;NA;0.971786833855799;"No"
19;"19_D4";"D4";"B329_LIKE+F16";911;0.1228;"D";"4";"n";106.0059;957;NA;NA;0.951933124346917;"No"
19;"19_D5";"D5";"B329_LIKE+F16";880;0.128999993;"D";"5";"n";106.0059;957;NA;NA;0.919540229885057;"No"
19;"19_D6";"D6";"B329_LIKE+F16";888;0.1193;"D";"6";"n";106.0059;957;NA;NA;0.927899686520376;"No"
19;"19_D7";"D7";"B329_LIKE+F16";913;0.126599997;"D";"7";"n";106.0059;957;NA;NA;0.954022988505747;"No"
19;"19_D8";"D8";"B329_LIKE+F16";935;0.130600005;"D";"8";"n";106.0059;957;NA;NA;0.977011494252874;"No"
19;"19_D9";"D9";"B329_LIKE+F16";877;0.125100002;"D";"9";"n";106.0059;957;NA;NA;0.916405433646813;"No"
19;"19_E10";"E10";"B329_LIKE+F16";908;0.124899998;"E";"10";"n";106.0059;957;NA;NA;0.948798328108673;"No"
19;"19_E11";"E11";"B329_LIKE+F16";1835;0.139599994;"E";"11";"n";106.0059;957;NA;NA;1.91745036572623;"No"
19;"19_E2";"E2";"B329_LIKE+F16";947;0.141900003;"E";"2";"n";106.0059;957;NA;NA;0.989550679205852;"No"
19;"19_E3";"E3";"B329_LIKE+F16";853;0.146300003;"E";"3";"n";106.0059;957;NA;NA;0.891327063740857;"No"
19;"19_E4";"E4";"B329_LIKE+F16";908;0.133900002;"E";"4";"n";106.0059;957;NA;NA;0.948798328108673;"No"
19;"19_E5";"E5";"B329_LIKE+F16";896;0.130899996;"E";"5";"n";106.0059;957;NA;NA;0.936259143155695;"No"
19;"19_E6";"E6";"B329_LIKE+F16";863;0.1131;"E";"6";"n";106.0059;957;NA;NA;0.901776384535005;"No"
19;"19_E7";"E7";"B329_LIKE+F16";902;0.118699998;"E";"7";"n";106.0059;957;NA;NA;0.942528735632184;"No"
19;"19_E8";"E8";"B329_LIKE+F16";919;0.121200003;"E";"8";"n";106.0059;957;NA;NA;0.960292580982236;"No"
19;"19_E9";"E9";"B329_LIKE+F16";958;0.124200001;"E";"9";"n";106.0059;957;NA;NA;1.00104493207941;"No"
19;"19_F10";"F10";"B329_LIKE+F16";971;0.139300004;"F";"10";"n";106.0059;957;NA;NA;1.01462904911181;"No"
19;"19_F11";"F11";"B329_LIKE+F16";914;0.134900004;"F";"11";"n";106.0059;957;NA;NA;0.955067920585162;"No"
19;"19_F2";"F2";"B329_LIKE+F16";945;0.133599997;"F";"2";"n";106.0059;957;NA;NA;0.987460815047022;"No"
19;"19_F3";"F3";"B329_LIKE+F16";924;0.169499993;"F";"3";"n";106.0059;957;NA;NA;0.96551724137931;"No"
19;"19_F4";"F4";"B329_LIKE+F16";919;0.169300005;"F";"4";"n";106.0059;957;NA;NA;0.960292580982236;"No"
19;"19_F5";"F5";"B329_LIKE+F16";925;0.138500005;"F";"5";"n";106.0059;957;NA;NA;0.966562173458725;"No"
19;"19_F6";"F6";"B329_LIKE+F16";917;0.133599997;"F";"6";"n";106.0059;957;NA;NA;0.958202716823407;"No"
19;"19_F7";"F7";"B329_LIKE+F16";1141;0.164399996;"F";"7";"n";106.0059;957;NA;NA;1.19226750261233;"No"
19;"19_F8";"F8";"B329_LIKE+F16";958;0.1338;"F";"8";"n";106.0059;957;NA;NA;1.00104493207941;"No"
19;"19_F9";"F9";"B329_LIKE+F16";1021;0.139899999;"F";"9";"n";106.0059;957;NA;NA;1.06687565308255;"No"
19;"19_G10";"G10";"B329_LIKE+F16";877;0.129899994;"G";"10";"n";106.0059;957;NA;NA;0.916405433646813;"No"
19;"19_G11";"G11";"B329_LIKE+F16";1068;0.1461;"G";"11";"n";106.0059;957;NA;NA;1.11598746081505;"No"
19;"19_G2";"G2";"B329_LIKE+F16";969;0.145899996;"G";"2";"n";106.0059;957;NA;NA;1.01253918495298;"No"
19;"19_G3";"G3";"B329_LIKE+F16";999;0.151700005;"G";"3";"n";106.0059;957;NA;NA;1.04388714733542;"No"
19;"19_G4";"G4";"B329_LIKE+F16";1315;0.152400002;"G";"4";"n";106.0059;957;NA;NA;1.37408568443051;"No"
19;"19_G5";"G5";"B329_LIKE+F16";1015;0.145400003;"G";"5";"n";106.0059;957;NA;NA;1.06060606060606;"No"
19;"19_G6";"G6";"B329_LIKE+F16";1097;0.139500007;"G";"6";"n";106.0059;957;NA;NA;1.14629049111808;"No"
19;"19_G7";"G7";"B329_LIKE+F16";992;0.135399997;"G";"7";"n";106.0059;957;NA;NA;1.03657262277952;"No"
19;"19_G8";"G8";"B329_LIKE+F16";1024;0.142900005;"G";"8";"n";106.0059;957;NA;NA;1.07001044932079;"No"
19;"19_G9";"G9";"B329_LIKE+F16";877;0.113200001;"G";"9";"n";106.0059;957;NA;NA;0.916405433646813;"No"
20;"20_B10";"B10";"B329_LIKE+F16";998;0.142100006;"B";"10";"n";77.0952;1013;NA;NA;0.985192497532083;"No"
20;"20_B11";"B11";"B329_LIKE+F16";1648;0.170900002;"B";"11";"n";77.0952;1013;NA;NA;1.62685093780849;"No"
20;"20_B3";"B3";"B329_LIKE+F16";954;0.140200004;"B";"3";"n";77.0952;1013;NA;NA;0.941757156959526;"No"
20;"20_B4";"B4";"B329_LIKE+F16";953;0.136099994;"B";"4";"n";77.0952;1013;NA;NA;0.940769990128332;"No"
20;"20_B5";"B5";"B329_LIKE+F16";967;0.136199996;"B";"5";"n";77.0952;1013;NA;NA;0.954590325765054;"No"
20;"20_B6";"B6";"B329_LIKE+F16";972;0.136700004;"B";"6";"n";77.0952;1013;NA;NA;0.959526159921027;"No"
20;"20_B7";"B7";"B329_LIKE+F16";985;0.134200007;"B";"7";"n";77.0952;1013;NA;NA;0.972359328726555;"No"
20;"20_B8";"B8";"B329_LIKE+F16";1028;0.135700002;"B";"8";"n";77.0952;1013;NA;NA;1.01480750246792;"No"
20;"20_B9";"B9";"B329_LIKE+F16";973;0.141499996;"B";"9";"n";77.0952;1013;NA;NA;0.960513326752221;"No"
20;"20_C10";"C10";"B329_LIKE+F16";1126;0.157700002;"C";"10";"n";77.0952;1013;NA;NA;1.11154985192498;"No"
20;"20_C11";"C11";"B329_LIKE+F16";1092;0.157499999;"C";"11";"n";77.0952;1013;NA;NA;1.07798617966436;"No"
20;"20_C2";"C2";"B329_LIKE+F16";867;0.1435;"C";"2";"n";77.0952;1013;NA;NA;0.855873642645607;"No"
20;"20_C3";"C3";"B329_LIKE+F16";996;0.144299999;"C";"3";"n";77.0952;1013;NA;NA;0.983218163869694;"No"
20;"20_C5";"C5";"B329_LIKE+F16";1020;0.144400001;"C";"5";"n";77.0952;1013;NA;NA;1.00691016781836;"No"
20;"20_C6";"C6";"B329_LIKE+F16";1019;0.142900005;"C";"6";"n";77.0952;1013;NA;NA;1.00592300098717;"No"
20;"20_C7";"C7";"B329_LIKE+F16";1010;0.135100007;"C";"7";"n";77.0952;1013;NA;NA;0.997038499506417;"No"
20;"20_C8";"C8";"B329_LIKE+F16";976;0.138899997;"C";"8";"n";77.0952;1013;NA;NA;0.963474827245805;"No"
20;"20_C9";"C9";"B329_LIKE+F16";1051;0.147400007;"C";"9";"n";77.0952;1013;NA;NA;1.03751233958539;"No"
20;"20_D10";"D10";"B329_LIKE+F16";1034;0.151600003;"D";"10";"n";77.0952;1013;NA;NA;1.02073050345508;"No"
20;"20_D11";"D11";"B329_LIKE+F16";1514;0.165399998;"D";"11";"n";77.0952;1013;NA;NA;1.49457058242843;"No"
20;"20_D2";"D2";"B329_LIKE+F16";974;0.136299998;"D";"2";"n";77.0952;1013;NA;NA;0.961500493583416;"No"
20;"20_D3";"D3";"B329_LIKE+F16";896;0.135499999;"D";"3";"n";77.0952;1013;NA;NA;0.884501480750247;"No"
20;"20_D4";"D4";"B329_LIKE+F16";951;0.134399995;"D";"4";"n";77.0952;1013;NA;NA;0.938795656465943;"No"
20;"20_D5";"D5";"B329_LIKE+F16";965;0.140699998;"D";"5";"n";77.0952;1013;NA;NA;0.952615992102665;"No"
20;"20_D6";"D6";"B329_LIKE+F16";1021;0.146899998;"D";"6";"n";77.0952;1013;NA;NA;1.00789733464956;"No"
20;"20_D7";"D7";"B329_LIKE+F16";1052;0.134599999;"D";"7";"n";77.0952;1013;NA;NA;1.03849950641658;"No"
20;"20_D8";"D8";"B329_LIKE+F16";1004;0.140000001;"D";"8";"n";77.0952;1013;NA;NA;0.99111549851925;"No"
20;"20_D9";"D9";"B329_LIKE+F16";912;0.142399997;"D";"9";"n";77.0952;1013;NA;NA;0.900296150049358;"No"
20;"20_E10";"E10";"B329_LIKE+F16";1013;0.150399998;"E";"10";"n";77.0952;1013;NA;NA;1;"No"
20;"20_E11";"E11";"B329_LIKE+F16";967;0.147499993;"E";"11";"n";77.0952;1013;NA;NA;0.954590325765054;"No"
20;"20_E2";"E2";"B329_LIKE+F16";870;0.139300004;"E";"2";"n";77.0952;1013;NA;NA;0.85883514313919;"No"
20;"20_E3";"E3";"B329_LIKE+F16";941;0.146400005;"E";"3";"n";77.0952;1013;NA;NA;0.928923988153998;"No"
20;"20_E4";"E4";"B329_LIKE+F16";933;0.135100007;"E";"4";"n";77.0952;1013;NA;NA;0.921026653504442;"No"
20;"20_E5";"E5";"B329_LIKE+F16";943;0.138400003;"E";"5";"n";77.0952;1013;NA;NA;0.930898321816387;"No"
20;"20_E6";"E6";"B329_LIKE+F16";964;0.136500001;"E";"6";"n";77.0952;1013;NA;NA;0.951628825271471;"No"
20;"20_E7";"E7";"B329_LIKE+F16";1458;0.163299993;"E";"7";"n";77.0952;1013;NA;NA;1.43928923988154;"No"
20;"20_E8";"E8";"B329_LIKE+F16";994;0.138600007;"E";"8";"n";77.0952;1013;NA;NA;0.981243830207305;"No"
20;"20_E9";"E9";"B329_LIKE+F16";1028;0.141900003;"E";"9";"n";77.0952;1013;NA;NA;1.01480750246792;"No"
20;"20_F10";"F10";"B329_LIKE+F16";1018;0.145500004;"F";"10";"n";77.0952;1013;NA;NA;1.00493583415597;"No"
20;"20_F11";"F11";"B329_LIKE+F16";960;0.149599999;"F";"11";"n";77.0952;1013;NA;NA;0.947680157946693;"No"
20;"20_F2";"F2";"B329_LIKE+F16";1221;0.173899993;"F";"2";"n";77.0952;1013;NA;NA;1.20533070088845;"No"
20;"20_F3";"F3";"B329_LIKE+F16";890;0.1373;"F";"3";"n";77.0952;1013;NA;NA;0.87857847976308;"No"
20;"20_F4";"F4";"B329_LIKE+F16";1485;0.170499995;"F";"4";"n";77.0952;1013;NA;NA;1.46594274432379;"No"
20;"20_F5";"F5";"B329_LIKE+F16";996;0.138899997;"F";"5";"n";77.0952;1013;NA;NA;0.983218163869694;"No"
20;"20_F6";"F6";"B329_LIKE+F16";1025;0.141900003;"F";"6";"n";77.0952;1013;NA;NA;1.01184600197433;"No"
20;"20_F7";"F7";"B329_LIKE+F16";943;0.1294;"F";"7";"n";77.0952;1013;NA;NA;0.930898321816387;"No"
20;"20_F8";"F8";"B329_LIKE+F16";978;0.1373;"F";"8";"n";77.0952;1013;NA;NA;0.965449160908193;"No"
20;"20_F9";"F9";"B329_LIKE+F16";1078;0.143299997;"F";"9";"n";77.0952;1013;NA;NA;1.06416584402764;"No"
20;"20_G10";"G10";"B329_LIKE+F16";1124;0.160300002;"G";"10";"n";77.0952;1013;NA;NA;1.10957551826259;"No"
20;"20_G11";"G11";"B329_LIKE+F16";1079;0.131200001;"G";"11";"n";77.0952;1013;NA;NA;1.06515301085884;"No"
20;"20_G2";"G2";"B329_LIKE+F16";1022;0.167799994;"G";"2";"n";77.0952;1013;NA;NA;1.00888450148075;"No"
20;"20_G3";"G3";"B329_LIKE+F16";968;0.154400006;"G";"3";"n";77.0952;1013;NA;NA;0.955577492596249;"No"
20;"20_G4";"G4";"B329_LIKE+F16";1014;0.159999996;"G";"4";"n";77.0952;1013;NA;NA;1.00098716683119;"No"
20;"20_G5";"G5";"B329_LIKE+F16";1094;0.157600001;"G";"5";"n";77.0952;1013;NA;NA;1.07996051332675;"No"
20;"20_G6";"G6";"B329_LIKE+F16";1234;0.162699997;"G";"6";"n";77.0952;1013;NA;NA;1.21816386969398;"No"
20;"20_G7";"G7";"B329_LIKE+F16";1165;0.161200002;"G";"7";"n";77.0952;1013;NA;NA;1.15004935834156;"No"
20;"20_G8";"G8";"B329_LIKE+F16";1115;0.1523;"G";"8";"n";77.0952;1013;NA;NA;1.10069101678184;"No"
20;"20_G9";"G9";"B329_LIKE+F16";1079;0.145699993;"G";"9";"n";77.0952;1013;NA;NA;1.06515301085884;"No"
21;"21_B10";"B10";"B329_LIKE+F16";908;0.135399997;"B";"10";"n";70.4235;947.5;NA;NA;0.958311345646438;"No"
21;"21_B11";"B11";"B329_LIKE+F16";969;0.147300005;"B";"11";"n";70.4235;947.5;NA;NA;1.02269129287599;"No"
21;"21_B2";"B2";"B329_LIKE+F16";908;0.149700001;"B";"2";"n";70.4235;947.5;NA;NA;0.958311345646438;"No"
21;"21_B3";"B3";"B329_LIKE+F16";1122;0.160300002;"B";"3";"n";70.4235;947.5;NA;NA;1.18416886543536;"No"
21;"21_B4";"B4";"B329_LIKE+F16";910;0.141900003;"B";"4";"n";70.4235;947.5;NA;NA;0.96042216358839;"No"
21;"21_B5";"B5";"B329_LIKE+F16";940;0.135299996;"B";"5";"n";70.4235;947.5;NA;NA;0.992084432717678;"No"
21;"21_B6";"B6";"B329_LIKE+F16";951;0.136800006;"B";"6";"n";70.4235;947.5;NA;NA;1.00369393139842;"No"
21;"21_B7";"B7";"B329_LIKE+F16";980;0.137500003;"B";"7";"n";70.4235;947.5;NA;NA;1.03430079155673;"No"
21;"21_B8";"B8";"B329_LIKE+F16";990;0.134399995;"B";"8";"n";70.4235;947.5;NA;NA;1.04485488126649;"No"
21;"21_B9";"B9";"B329_LIKE+F16";976;0.151700005;"B";"9";"n";70.4235;947.5;NA;NA;1.03007915567282;"No"
21;"21_C10";"C10";"B329_LIKE+F16";1058;0.142299995;"C";"10";"n";70.4235;947.5;NA;NA;1.11662269129288;"No"
21;"21_C11";"C11";"B329_LIKE+F16";935;0.138600007;"C";"11";"n";70.4235;947.5;NA;NA;0.986807387862797;"No"
21;"21_C2";"C2";"B329_LIKE+F16";962;0.146500006;"C";"2";"n";70.4235;947.5;NA;NA;1.01530343007916;"No"
21;"21_C3";"C3";"B329_LIKE+F16";902;0.152500004;"C";"3";"n";70.4235;947.5;NA;NA;0.95197889182058;"No"
21;"21_C4";"C4";"B329_LIKE+F16";963;0.135600001;"C";"4";"n";70.4235;947.5;NA;NA;1.01635883905013;"No"
21;"21_C5";"C5";"B329_LIKE+F16";973;0.148599997;"C";"5";"n";70.4235;947.5;NA;NA;1.02691292875989;"No"
21;"21_C6";"C6";"B329_LIKE+F16";914;0.144800007;"C";"6";"n";70.4235;947.5;NA;NA;0.964643799472296;"No"
21;"21_C7";"C7";"B329_LIKE+F16";910;0.137199998;"C";"7";"n";70.4235;947.5;NA;NA;0.96042216358839;"No"
21;"21_C8";"C8";"B329_LIKE+F16";936;0.139599994;"C";"8";"n";70.4235;947.5;NA;NA;0.987862796833773;"No"
21;"21_C9";"C9";"B329_LIKE+F16";971;0.148699999;"C";"9";"n";70.4235;947.5;NA;NA;1.02480211081794;"No"
21;"21_D10";"D10";"B329_LIKE+F16";889;0.132200003;"D";"10";"n";70.4235;947.5;NA;NA;0.938258575197889;"No"
21;"21_D11";"D11";"B329_LIKE+F16";929;0.132499993;"D";"11";"n";70.4235;947.5;NA;NA;0.980474934036939;"No"
21;"21_D2";"D2";"B329_LIKE+F16";1021;0.149200007;"D";"2";"n";70.4235;947.5;NA;NA;1.07757255936675;"No"
21;"21_D3";"D3";"B329_LIKE+F16";960;0.133100003;"D";"3";"n";70.4235;947.5;NA;NA;1.0131926121372;"No"
21;"21_D4";"D4";"B329_LIKE+F16";862;0.123800002;"D";"4";"n";70.4235;947.5;NA;NA;0.90976253298153;"No"
21;"21_D5";"D5";"B329_LIKE+F16";838;0.123499997;"D";"5";"n";70.4235;947.5;NA;NA;0.8844327176781;"No"
21;"21_D6";"D6";"B329_LIKE+F16";872;0.123000003;"D";"6";"n";70.4235;947.5;NA;NA;0.920316622691293;"No"
21;"21_D7";"D7";"B329_LIKE+F16";832;0.125;"D";"7";"n";70.4235;947.5;NA;NA;0.878100263852243;"No"
21;"21_D8";"D8";"B329_LIKE+F16";933;0.128999993;"D";"8";"n";70.4235;947.5;NA;NA;0.984696569920844;"No"
21;"21_D9";"D9";"B329_LIKE+F16";988;0.140200004;"D";"9";"n";70.4235;947.5;NA;NA;1.04274406332454;"No"
21;"21_E10";"E10";"B329_LIKE+F16";860;0.151999995;"E";"10";"n";70.4235;947.5;NA;NA;0.907651715039578;"No"
21;"21_E11";"E11";"B329_LIKE+F16";892;0.147200003;"E";"11";"n";70.4235;947.5;NA;NA;0.941424802110818;"No"
21;"21_E2";"E2";"B329_LIKE+F16";956;0.141399994;"E";"2";"n";70.4235;947.5;NA;NA;1.0089709762533;"No"
21;"21_E3";"E3";"B329_LIKE+F16";831;0.126699999;"E";"3";"n";70.4235;947.5;NA;NA;0.877044854881266;"No"
21;"21_E4";"E4";"B329_LIKE+F16";877;0.129199997;"E";"4";"n";70.4235;947.5;NA;NA;0.925593667546174;"No"
21;"21_E6";"E6";"B329_LIKE+F16";884;0.135700002;"E";"6";"n";70.4235;947.5;NA;NA;0.932981530343008;"No"
21;"21_E7";"E7";"B329_LIKE+F16";866;0.133100003;"E";"7";"n";70.4235;947.5;NA;NA;0.913984168865435;"No"
21;"21_E8";"E8";"B329_LIKE+F16";841;0.130400002;"E";"8";"n";70.4235;947.5;NA;NA;0.887598944591029;"No"
21;"21_E9";"E9";"B329_LIKE+F16";973;0.148100004;"E";"9";"n";70.4235;947.5;NA;NA;1.02691292875989;"No"
21;"21_F10";"F10";"B329_LIKE+F16";907;0.144500002;"F";"10";"n";70.4235;947.5;NA;NA;0.957255936675462;"No"
21;"21_F11";"F11";"B329_LIKE+F16";866;0.133000001;"F";"11";"n";70.4235;947.5;NA;NA;0.913984168865435;"No"
21;"21_F2";"F2";"B329_LIKE+F16";967;0.1514;"F";"2";"n";70.4235;947.5;NA;NA;1.02058047493404;"No"
21;"21_F3";"F3";"B329_LIKE+F16";887;0.137500003;"F";"3";"n";70.4235;947.5;NA;NA;0.936147757255937;"No"
21;"21_F4";"F4";"B329_LIKE+F16";887;0.1294;"F";"4";"n";70.4235;947.5;NA;NA;0.936147757255937;"No"
21;"21_F5";"F5";"B329_LIKE+F16";939;0.133599997;"F";"5";"n";70.4235;947.5;NA;NA;0.991029023746702;"No"
21;"21_F6";"F6";"B329_LIKE+F16";934;0.130199999;"F";"6";"n";70.4235;947.5;NA;NA;0.98575197889182;"No"
21;"21_F7";"F7";"B329_LIKE+F16";944;0.136000007;"F";"7";"n";70.4235;947.5;NA;NA;0.996306068601583;"No"
21;"21_F8";"F8";"B329_LIKE+F16";1000;0.135800004;"F";"8";"n";70.4235;947.5;NA;NA;1.05540897097625;"No"
21;"21_F9";"F9";"B329_LIKE+F16";901;0.138500005;"F";"9";"n";70.4235;947.5;NA;NA;0.950923482849604;"No"
21;"21_G10";"G10";"B329_LIKE+F16";1041;0.161599994;"G";"10";"n";70.4235;947.5;NA;NA;1.09868073878628;"No"
21;"21_G11";"G11";"B329_LIKE+F16";1025;0.163499996;"G";"11";"n";70.4235;947.5;NA;NA;1.08179419525066;"No"
21;"21_G2";"G2";"B329_LIKE+F16";855;0.142700002;"G";"2";"n";70.4235;947.5;NA;NA;0.902374670184697;"No"
21;"21_G3";"G3";"B329_LIKE+F16";892;0.1391;"G";"3";"n";70.4235;947.5;NA;NA;0.941424802110818;"No"
21;"21_G4";"G4";"B329_LIKE+F16";892;0.140300006;"G";"4";"n";70.4235;947.5;NA;NA;0.941424802110818;"No"
21;"21_G5";"G5";"B329_LIKE+F16";1083;0.153600007;"G";"5";"n";70.4235;947.5;NA;NA;1.14300791556728;"No"
21;"21_G6";"G6";"B329_LIKE+F16";1087;0.163900003;"G";"6";"n";70.4235;947.5;NA;NA;1.14722955145119;"No"
21;"21_G7";"G7";"B329_LIKE+F16";1087;0.150900006;"G";"7";"n";70.4235;947.5;NA;NA;1.14722955145119;"No"
21;"21_G8";"G8";"B329_LIKE+F16";1016;0.153300002;"G";"8";"n";70.4235;947.5;NA;NA;1.07229551451187;"No"
21;"21_G9";"G9";"B329_LIKE+F16";1132;0.161400005;"G";"9";"n";70.4235;947.5;NA;NA;1.19472295514512;"No"
22;"22_B10";"B10";"B329_LIKE+F16";1327;0.189999998;"B";"10";"n";194.2206;1113.5;NA;NA;1.19173776380781;"No"
22;"22_B11";"B11";"B329_LIKE+F16";1373;0.179499999;"B";"11";"n";194.2206;1113.5;NA;NA;1.23304894476875;"No"
22;"22_B2";"B2";"B329_LIKE+F16";1139;0.165700004;"B";"2";"n";194.2206;1113.5;NA;NA;1.02290076335878;"No"
22;"22_B3";"B3";"B329_LIKE+F16";1079;0.172999993;"B";"3";"n";194.2206;1113.5;NA;NA;0.9690166142793;"No"
22;"22_B4";"B4";"B329_LIKE+F16";1341;0.188700005;"B";"4";"n";194.2206;1113.5;NA;NA;1.20431073192636;"No"
22;"22_B5";"B5";"B329_LIKE+F16";1022;0.1417;"B";"5";"n";194.2206;1113.5;NA;NA;0.917826672653794;"No"
22;"22_B6";"B6";"B329_LIKE+F16";1250;0.178200006;"B";"6";"n";194.2206;1113.5;NA;NA;1.12258643915581;"No"
22;"22_B7";"B7";"B329_LIKE+F16";1156;0.160999998;"B";"7";"n";194.2206;1113.5;NA;NA;1.0381679389313;"No"
22;"22_B8";"B8";"B329_LIKE+F16";1160;0.160699993;"B";"8";"n";194.2206;1113.5;NA;NA;1.0417602155366;"No"
22;"22_B9";"B9";"B329_LIKE+F16";1348;0.192399994;"B";"9";"n";194.2206;1113.5;NA;NA;1.21059721598563;"No"
22;"22_C10";"C10";"B329_LIKE+F16";1144;0.1567;"C";"10";"n";194.2206;1113.5;NA;NA;1.0273911091154;"No"
22;"22_C11";"C11";"B329_LIKE+F16";1125;0.169;"C";"11";"n";194.2206;1113.5;NA;NA;1.01032779524023;"No"
22;"22_C2";"C2";"B329_LIKE+F16";1173;0.174899995;"C";"2";"n";194.2206;1113.5;NA;NA;1.05343511450382;"No"
22;"22_C3";"C3";"B329_LIKE+F16";1125;0.165800005;"C";"3";"n";194.2206;1113.5;NA;NA;1.01032779524023;"No"
22;"22_C4";"C4";"B329_LIKE+F16";1083;0.159600005;"C";"4";"n";194.2206;1113.5;NA;NA;0.972608890884598;"No"
22;"22_C5";"C5";"B329_LIKE+F16";1107;0.150900006;"C";"5";"n";194.2206;1113.5;NA;NA;0.99416255051639;"No"
22;"22_C6";"C6";"B329_LIKE+F16";1485;0.199000001;"C";"6";"n";194.2206;1113.5;NA;NA;1.33363268971711;"No"
22;"22_C7";"C7";"B329_LIKE+F16";1142;0.146899998;"C";"7";"n";194.2206;1113.5;NA;NA;1.02559497081275;"No"
22;"22_C8";"C8";"B329_LIKE+F16";1337;0.177900001;"C";"8";"n";194.2206;1113.5;NA;NA;1.20071845532106;"No"
22;"22_C9";"C9";"B329_LIKE+F16";1235;0.158600003;"C";"9";"n";194.2206;1113.5;NA;NA;1.10911540188595;"No"
22;"22_D10";"D10";"B329_LIKE+F16";928;0.132200003;"D";"10";"n";194.2206;1113.5;NA;NA;0.833408172429277;"No"
22;"22_D11";"D11";"B329_LIKE+F16";975;0.140499994;"D";"11";"n";194.2206;1113.5;NA;NA;0.875617422541536;"No"
22;"22_D2";"D2";"B329_LIKE+F16";858;0.141800001;"D";"2";"n";194.2206;1113.5;NA;NA;0.770543331836551;"No"
22;"22_D3";"D3";"B329_LIKE+F16";869;0.1338;"D";"3";"n";194.2206;1113.5;NA;NA;0.780422092501123;"No"
22;"22_D4";"D4";"B329_LIKE+F16";777;0.129299998;"D";"4";"n";194.2206;1113.5;NA;NA;0.697799730579255;"No"
22;"22_D5";"D5";"B329_LIKE+F16";893;0.130099997;"D";"5";"n";194.2206;1113.5;NA;NA;0.801975752132914;"No"
22;"22_D6";"D6";"B329_LIKE+F16";903;0.129500002;"D";"6";"n";194.2206;1113.5;NA;NA;0.810956443646161;"No"
22;"22_D7";"D7";"B329_LIKE+F16";927;0.132699996;"D";"7";"n";194.2206;1113.5;NA;NA;0.832510103277952;"No"
22;"22_D8";"D8";"B329_LIKE+F16";998;0.130600005;"D";"8";"n";194.2206;1113.5;NA;NA;0.896273013022003;"No"
22;"22_D9";"D9";"B329_LIKE+F16";1033;0.140300006;"D";"9";"n";194.2206;1113.5;NA;NA;0.927705433318366;"No"
22;"22_E10";"E10";"B329_LIKE+F16";1203;0.183200002;"E";"10";"n";194.2206;1113.5;NA;NA;1.08037718904356;"No"
22;"22_E11";"E11";"B329_LIKE+F16";1174;0.180199996;"E";"11";"n";194.2206;1113.5;NA;NA;1.05433318365514;"No"
22;"22_E2";"E2";"B329_LIKE+F16";1047;0.160799995;"E";"2";"n";194.2206;1113.5;NA;NA;0.940278401436911;"No"
22;"22_E3";"E3";"B329_LIKE+F16";1502;0.167500004;"E";"3";"n";194.2206;1113.5;NA;NA;1.34889986528963;"No"
22;"22_E4";"E4";"B329_LIKE+F16";945;0.142100006;"E";"4";"n";194.2206;1113.5;NA;NA;0.848675348001796;"No"
22;"22_E5";"E5";"B329_LIKE+F16";915;0.133599997;"E";"5";"n";194.2206;1113.5;NA;NA;0.821733273462057;"No"
22;"22_E6";"E6";"B329_LIKE+F16";1024;0.151099995;"E";"6";"n";194.2206;1113.5;NA;NA;0.919622810956444;"No"
22;"22_E7";"E7";"B329_LIKE+F16";983;0.137799993;"E";"7";"n";194.2206;1113.5;NA;NA;0.882801975752133;"No"
22;"22_E8";"E8";"B329_LIKE+F16";1041;0.145300001;"E";"8";"n";194.2206;1113.5;NA;NA;0.934889986528963;"No"
22;"22_E9";"E9";"B329_LIKE+F16";1241;0.177000001;"E";"9";"n";194.2206;1113.5;NA;NA;1.11450381679389;"No"
22;"22_F10";"F10";"B329_LIKE+F16";890;0.128999993;"F";"10";"n";194.2206;1113.5;NA;NA;0.79928154467894;"No"
22;"22_F11";"F11";"B329_LIKE+F16";935;0.145300001;"F";"11";"n";194.2206;1113.5;NA;NA;0.83969465648855;"No"
22;"22_F2";"F2";"B329_LIKE+F16";877;0.139200002;"F";"2";"n";194.2206;1113.5;NA;NA;0.78760664571172;"No"
22;"22_F3";"F3";"B329_LIKE+F16";913;0.141000003;"F";"3";"n";194.2206;1113.5;NA;NA;0.819937135159407;"No"
22;"22_F4";"F4";"B329_LIKE+F16";889;0.1294;"F";"4";"n";194.2206;1113.5;NA;NA;0.798383475527616;"No"
22;"22_F5";"F5";"B329_LIKE+F16";853;0.132300004;"F";"5";"n";194.2206;1113.5;NA;NA;0.766052986079928;"No"
22;"22_F6";"F6";"B329_LIKE+F16";937;0.128000006;"F";"6";"n";194.2206;1113.5;NA;NA;0.841490794791199;"No"
22;"22_F7";"F7";"B329_LIKE+F16";965;0.134399995;"F";"7";"n";194.2206;1113.5;NA;NA;0.866636731028289;"No"
22;"22_F8";"F8";"B329_LIKE+F16";899;0.130999997;"F";"8";"n";194.2206;1113.5;NA;NA;0.807364167040862;"No"
22;"22_F9";"F9";"B329_LIKE+F16";902;0.134000003;"F";"9";"n";194.2206;1113.5;NA;NA;0.810058374494836;"No"
22;"22_G10";"G10";"B329_LIKE+F16";1227;0.176599994;"G";"10";"n";194.2206;1113.5;NA;NA;1.10193084867535;"No"
22;"22_G11";"G11";"B329_LIKE+F16";1291;0.1822;"G";"11";"n";194.2206;1113.5;NA;NA;1.15940727436013;"No"
22;"22_G2";"G2";"B329_LIKE+F16";1099;0.165700004;"G";"2";"n";194.2206;1113.5;NA;NA;0.986977997305792;"No"
22;"22_G3";"G3";"B329_LIKE+F16";1131;0.160799995;"G";"3";"n";194.2206;1113.5;NA;NA;1.01571621014818;"No"
22;"22_G4";"G4";"B329_LIKE+F16";1146;0.164800003;"G";"4";"n";194.2206;1113.5;NA;NA;1.02918724741805;"No"
22;"22_G5";"G5";"B329_LIKE+F16";1146;0.167199999;"G";"5";"n";194.2206;1113.5;NA;NA;1.02918724741805;"No"
22;"22_G6";"G6";"B329_LIKE+F16";1180;0.171800002;"G";"6";"n";194.2206;1113.5;NA;NA;1.05972159856309;"No"
22;"22_G7";"G7";"B329_LIKE+F16";1245;0.163599998;"G";"7";"n";194.2206;1113.5;NA;NA;1.11809609339919;"No"
22;"22_G8";"G8";"B329_LIKE+F16";1196;0.161200002;"G";"8";"n";194.2206;1113.5;NA;NA;1.07409070498428;"No"
22;"22_G9";"G9";"B329_LIKE+F16";1303;0.163299993;"G";"9";"n";194.2206;1113.5;NA;NA;1.17018410417602;"No"
23;"23_B10";"B10";"B329_LIKE+F16";1058;0.168899998;"B";"10";"n";119.3493;1087.5;NA;NA;0.972873563218391;"No"
23;"23_B11";"B11";"B329_LIKE+F16";1020;0.162200004;"B";"11";"n";119.3493;1087.5;NA;NA;0.937931034482759;"No"
23;"23_B2";"B2";"B329_LIKE+F16";1016;0.160099998;"B";"2";"n";119.3493;1087.5;NA;NA;0.934252873563218;"No"
23;"23_B3";"B3";"B329_LIKE+F16";1008;0.158299997;"B";"3";"n";119.3493;1087.5;NA;NA;0.926896551724138;"No"
23;"23_B4";"B4";"B329_LIKE+F16";950;0.153099999;"B";"4";"n";119.3493;1087.5;NA;NA;0.873563218390805;"No"
23;"23_B5";"B5";"B329_LIKE+F16";991;0.152999997;"B";"5";"n";119.3493;1087.5;NA;NA;0.911264367816092;"No"
23;"23_B6";"B6";"B329_LIKE+F16";1060;0.171900004;"B";"6";"n";119.3493;1087.5;NA;NA;0.974712643678161;"No"
23;"23_B7";"B7";"B329_LIKE+F16";1070;0.160500005;"B";"7";"n";119.3493;1087.5;NA;NA;0.983908045977012;"No"
23;"23_B8";"B8";"B329_LIKE+F16";1006;0.154100001;"B";"8";"n";119.3493;1087.5;NA;NA;0.925057471264368;"No"
23;"23_B9";"B9";"B329_LIKE+F16";1063;0.174199998;"B";"9";"n";119.3493;1087.5;NA;NA;0.977471264367816;"No"
23;"23_C10";"C10";"B329_LIKE+F16";1023;0.151800007;"C";"10";"n";119.3493;1087.5;NA;NA;0.940689655172414;"No"
23;"23_C11";"C11";"B329_LIKE+F16";983;0.152400002;"C";"11";"n";119.3493;1087.5;NA;NA;0.903908045977011;"No"
23;"23_C2";"C2";"B329_LIKE+F16";982;0.156299993;"C";"2";"n";119.3493;1087.5;NA;NA;0.902988505747126;"No"
23;"23_C3";"C3";"B329_LIKE+F16";941;0.145199999;"C";"3";"n";119.3493;1087.5;NA;NA;0.865287356321839;"No"
23;"23_C4";"C4";"B329_LIKE+F16";914;0.139699996;"C";"4";"n";119.3493;1087.5;NA;NA;0.840459770114943;"No"
23;"23_C5";"C5";"B329_LIKE+F16";928;0.143099993;"C";"5";"n";119.3493;1087.5;NA;NA;0.853333333333333;"No"
23;"23_C7";"C7";"B329_LIKE+F16";948;0.146200001;"C";"7";"n";119.3493;1087.5;NA;NA;0.871724137931035;"No"
23;"23_C8";"C8";"B329_LIKE+F16";970;0.146400005;"C";"8";"n";119.3493;1087.5;NA;NA;0.891954022988506;"No"
23;"23_C9";"C9";"B329_LIKE+F16";1024;0.153699994;"C";"9";"n";119.3493;1087.5;NA;NA;0.941609195402299;"No"
23;"23_D10";"D10";"B329_LIKE+F16";1084;0.154300004;"D";"10";"n";119.3493;1087.5;NA;NA;0.996781609195402;"No"
23;"23_D11";"D11";"B329_LIKE+F16";1081;0.159700006;"D";"11";"n";119.3493;1087.5;NA;NA;0.994022988505747;"No"
23;"23_D2";"D2";"B329_LIKE+F16";1091;0.161200002;"D";"2";"n";119.3493;1087.5;NA;NA;1.0032183908046;"No"
23;"23_D3";"D3";"B329_LIKE+F16";1062;0.159600005;"D";"3";"n";119.3493;1087.5;NA;NA;0.976551724137931;"No"
23;"23_D4";"D4";"B329_LIKE+F16";1083;0.155100003;"D";"4";"n";119.3493;1087.5;NA;NA;0.995862068965517;"No"
23;"23_D5";"D5";"B329_LIKE+F16";1143;0.171399996;"D";"5";"n";119.3493;1087.5;NA;NA;1.05103448275862;"No"
23;"23_D6";"D6";"B329_LIKE+F16";1135;0.165000007;"D";"6";"n";119.3493;1087.5;NA;NA;1.04367816091954;"No"
23;"23_D7";"D7";"B329_LIKE+F16";1100;0.170200005;"D";"7";"n";119.3493;1087.5;NA;NA;1.01149425287356;"No"
23;"23_D8";"D8";"B329_LIKE+F16";1079;0.167500004;"D";"8";"n";119.3493;1087.5;NA;NA;0.992183908045977;"No"
23;"23_D9";"D9";"B329_LIKE+F16";1144;0.162499994;"D";"9";"n";119.3493;1087.5;NA;NA;1.05195402298851;"No"
23;"23_E10";"E10";"B329_LIKE+F16";1136;0.165800005;"E";"10";"n";119.3493;1087.5;NA;NA;1.04459770114943;"No"
23;"23_E11";"E11";"B329_LIKE+F16";1217;0.193800002;"E";"11";"n";119.3493;1087.5;NA;NA;1.11908045977011;"No"
23;"23_E2";"E2";"B329_LIKE+F16";953;0.147100002;"E";"2";"n";119.3493;1087.5;NA;NA;0.87632183908046;"No"
23;"23_E3";"E3";"B329_LIKE+F16";984;0.148200005;"E";"3";"n";119.3493;1087.5;NA;NA;0.904827586206897;"No"
23;"23_E4";"E4";"B329_LIKE+F16";998;0.147599995;"E";"4";"n";119.3493;1087.5;NA;NA;0.917701149425287;"No"
23;"23_E5";"E5";"B329_LIKE+F16";1011;0.144299999;"E";"5";"n";119.3493;1087.5;NA;NA;0.929655172413793;"No"
23;"23_E6";"E6";"B329_LIKE+F16";1023;0.148800001;"E";"6";"n";119.3493;1087.5;NA;NA;0.940689655172414;"No"
23;"23_E7";"E7";"B329_LIKE+F16";1009;0.1426;"E";"7";"n";119.3493;1087.5;NA;NA;0.927816091954023;"No"
23;"23_E8";"E8";"B329_LIKE+F16";1121;0.1558;"E";"8";"n";119.3493;1087.5;NA;NA;1.03080459770115;"No"
23;"23_E9";"E9";"B329_LIKE+F16";1354;0.170000002;"E";"9";"n";119.3493;1087.5;NA;NA;1.24505747126437;"No"
23;"23_F10";"F10";"B329_LIKE+F16";1204;0.167199999;"F";"10";"n";119.3493;1087.5;NA;NA;1.10712643678161;"No"
23;"23_F11";"F11";"B329_LIKE+F16";1220;0.170699999;"F";"11";"n";119.3493;1087.5;NA;NA;1.12183908045977;"No"
23;"23_F2";"F2";"B329_LIKE+F16";1008;0.158500001;"F";"2";"n";119.3493;1087.5;NA;NA;0.926896551724138;"No"
23;"23_F3";"F3";"B329_LIKE+F16";1875;0.169;"F";"3";"n";119.3493;1087.5;NA;NA;1.72413793103448;"No"
23;"23_F4";"F4";"B329_LIKE+F16";1050;0.157399997;"F";"4";"n";119.3493;1087.5;NA;NA;0.96551724137931;"No"
23;"23_F5";"F5";"B329_LIKE+F16";1064;0.155200005;"F";"5";"n";119.3493;1087.5;NA;NA;0.978390804597701;"No"
23;"23_F6";"F6";"B329_LIKE+F16";1114;0.163000003;"F";"6";"n";119.3493;1087.5;NA;NA;1.02436781609195;"No"
23;"23_F7";"F7";"B329_LIKE+F16";1058;0.155599996;"F";"7";"n";119.3493;1087.5;NA;NA;0.972873563218391;"No"
23;"23_F8";"F8";"B329_LIKE+F16";1102;0.157499999;"F";"8";"n";119.3493;1087.5;NA;NA;1.01333333333333;"No"
23;"23_F9";"F9";"B329_LIKE+F16";1230;0.159500003;"F";"9";"n";119.3493;1087.5;NA;NA;1.13103448275862;"No"
23;"23_G10";"G10";"B329_LIKE+F16";1093;0.168400005;"G";"10";"n";119.3493;1087.5;NA;NA;1.00505747126437;"No"
23;"23_G11";"G11";"B329_LIKE+F16";1359;0.190300003;"G";"11";"n";119.3493;1087.5;NA;NA;1.24965517241379;"No"
23;"23_G2";"G2";"B329_LIKE+F16";1201;0.1796;"G";"2";"n";119.3493;1087.5;NA;NA;1.10436781609195;"No"
23;"23_G3";"G3";"B329_LIKE+F16";1103;0.164100006;"G";"3";"n";119.3493;1087.5;NA;NA;1.01425287356322;"No"
23;"23_G4";"G4";"B329_LIKE+F16";1331;0.188299999;"G";"4";"n";119.3493;1087.5;NA;NA;1.22390804597701;"No"
23;"23_G5";"G5";"B329_LIKE+F16";1269;0.176100001;"G";"5";"n";119.3493;1087.5;NA;NA;1.16689655172414;"No"
23;"23_G6";"G6";"B329_LIKE+F16";1265;0.180099994;"G";"6";"n";119.3493;1087.5;NA;NA;1.1632183908046;"No"
23;"23_G7";"G7";"B329_LIKE+F16";1203;0.158899993;"G";"7";"n";119.3493;1087.5;NA;NA;1.10620689655172;"No"
23;"23_G8";"G8";"B329_LIKE+F16";1202;0.174700007;"G";"8";"n";119.3493;1087.5;NA;NA;1.10528735632184;"No"
23;"23_G9";"G9";"B329_LIKE+F16";1206;0.1796;"G";"9";"n";119.3493;1087.5;NA;NA;1.10896551724138;"No"
24;"24_B10";"B10";"B329_LIKE+F16";1087;0.166899994;"B";"10";"n";112.6776;1022.5;NA;NA;1.06308068459658;"No"
24;"24_B11";"B11";"B329_LIKE+F16";1072;0.175999999;"B";"11";"n";112.6776;1022.5;NA;NA;1.04841075794621;"No"
24;"24_B2";"B2";"B329_LIKE+F16";942;0.149599999;"B";"2";"n";112.6776;1022.5;NA;NA;0.921271393643032;"No"
24;"24_B3";"B3";"B329_LIKE+F16";916;0.143600002;"B";"3";"n";112.6776;1022.5;NA;NA;0.895843520782396;"No"
24;"24_B4";"B4";"B329_LIKE+F16";1004;0.158700004;"B";"4";"n";112.6776;1022.5;NA;NA;0.981907090464548;"No"
24;"24_B5";"B5";"B329_LIKE+F16";985;0.1646;"B";"5";"n";112.6776;1022.5;NA;NA;0.963325183374083;"No"
24;"24_B6";"B6";"B329_LIKE+F16";1028;0.156499997;"B";"6";"n";112.6776;1022.5;NA;NA;1.00537897310513;"No"
24;"24_B7";"B7";"B329_LIKE+F16";978;0.150600001;"B";"7";"n";112.6776;1022.5;NA;NA;0.956479217603912;"No"
24;"24_B8";"B8";"B329_LIKE+F16";981;0.158700004;"B";"8";"n";112.6776;1022.5;NA;NA;0.959413202933985;"No"
24;"24_B9";"B9";"B329_LIKE+F16";1021;0.155699998;"B";"9";"n";112.6776;1022.5;NA;NA;0.998533007334963;"No"
24;"24_C10";"C10";"B329_LIKE+F16";917;0.134100005;"C";"10";"n";112.6776;1022.5;NA;NA;0.89682151589242;"No"
24;"24_C11";"C11";"B329_LIKE+F16";903;0.144999996;"C";"11";"n";112.6776;1022.5;NA;NA;0.883129584352078;"No"
24;"24_C2";"C2";"B329_LIKE+F16";923;0.149900004;"C";"2";"n";112.6776;1022.5;NA;NA;0.902689486552567;"No"
24;"24_C3";"C3";"B329_LIKE+F16";918;0.146300003;"C";"3";"n";112.6776;1022.5;NA;NA;0.897799511002445;"No"
24;"24_C4";"C4";"B329_LIKE+F16";939;0.147200003;"C";"4";"n";112.6776;1022.5;NA;NA;0.918337408312958;"No"
24;"24_C5";"C5";"B329_LIKE+F16";960;0.149399996;"C";"5";"n";112.6776;1022.5;NA;NA;0.938875305623472;"No"
24;"24_C6";"C6";"B329_LIKE+F16";947;0.151299998;"C";"6";"n";112.6776;1022.5;NA;NA;0.926161369193154;"No"
24;"24_C7";"C7";"B329_LIKE+F16";983;0.150099993;"C";"7";"n";112.6776;1022.5;NA;NA;0.961369193154034;"No"
24;"24_C8";"C8";"B329_LIKE+F16";1001;0.148499995;"C";"8";"n";112.6776;1022.5;NA;NA;0.978973105134474;"No"
24;"24_C9";"C9";"B329_LIKE+F16";988;0.1479;"C";"9";"n";112.6776;1022.5;NA;NA;0.966259168704157;"No"
24;"24_D10";"D10";"B329_LIKE+F16";887;0.136700004;"D";"10";"n";112.6776;1022.5;NA;NA;0.867481662591687;"No"
24;"24_D11";"D11";"B329_LIKE+F16";1064;0.136299998;"D";"11";"n";112.6776;1022.5;NA;NA;1.04058679706601;"No"
24;"24_D2";"D2";"B329_LIKE+F16";776;0.126800001;"D";"2";"n";112.6776;1022.5;NA;NA;0.758924205378973;"No"
24;"24_D3";"D3";"B329_LIKE+F16";832;0.136999995;"D";"3";"n";112.6776;1022.5;NA;NA;0.813691931540342;"No"
24;"24_D4";"D4";"B329_LIKE+F16";845;0.146200001;"D";"4";"n";112.6776;1022.5;NA;NA;0.82640586797066;"No"
24;"24_D5";"D5";"B329_LIKE+F16";863;0.135600001;"D";"5";"n";112.6776;1022.5;NA;NA;0.8440097799511;"No"
24;"24_D6";"D6";"B329_LIKE+F16";870;0.143000007;"D";"6";"n";112.6776;1022.5;NA;NA;0.850855745721271;"No"
24;"24_D7";"D7";"B329_LIKE+F16";1040;0.159899995;"D";"7";"n";112.6776;1022.5;NA;NA;1.01711491442543;"No"
24;"24_D8";"D8";"B329_LIKE+F16";849;0.134800002;"D";"8";"n";112.6776;1022.5;NA;NA;0.830317848410758;"No"
24;"24_D9";"D9";"B329_LIKE+F16";875;0.132599995;"D";"9";"n";112.6776;1022.5;NA;NA;0.855745721271394;"No"
24;"24_E10";"E10";"B329_LIKE+F16";975;0.143099993;"E";"10";"n";112.6776;1022.5;NA;NA;0.953545232273839;"No"
24;"24_E11";"E11";"B329_LIKE+F16";1347;0.158199996;"E";"11";"n";112.6776;1022.5;NA;NA;1.31735941320293;"No"
24;"24_E2";"E2";"B329_LIKE+F16";883;0.136600003;"E";"2";"n";112.6776;1022.5;NA;NA;0.863569682151589;"No"
24;"24_E3";"E3";"B329_LIKE+F16";887;0.138099998;"E";"3";"n";112.6776;1022.5;NA;NA;0.867481662591687;"No"
24;"24_E4";"E4";"B329_LIKE+F16";1083;0.149299994;"E";"4";"n";112.6776;1022.5;NA;NA;1.05916870415648;"No"
24;"24_E5";"E5";"B329_LIKE+F16";943;0.153300002;"E";"5";"n";112.6776;1022.5;NA;NA;0.922249388753056;"No"
24;"24_E6";"E6";"B329_LIKE+F16";972;0.161300004;"E";"6";"n";112.6776;1022.5;NA;NA;0.950611246943765;"No"
24;"24_E7";"E7";"B329_LIKE+F16";940;0.1426;"E";"7";"n";112.6776;1022.5;NA;NA;0.919315403422983;"No"
24;"24_E8";"E8";"B329_LIKE+F16";922;0.1417;"E";"8";"n";112.6776;1022.5;NA;NA;0.901711491442543;"No"
24;"24_E9";"E9";"B329_LIKE+F16";1205;0.175799996;"E";"9";"n";112.6776;1022.5;NA;NA;1.17848410757946;"No"
24;"24_F10";"F10";"B329_LIKE+F16";1123;0.164100006;"F";"10";"n";112.6776;1022.5;NA;NA;1.09828850855746;"No"
24;"24_F11";"F11";"B329_LIKE+F16";1163;0.186000004;"F";"11";"n";112.6776;1022.5;NA;NA;1.13740831295844;"No"
24;"24_F2";"F2";"B329_LIKE+F16";1224;0.196199998;"F";"2";"n";112.6776;1022.5;NA;NA;1.19706601466993;"No"
24;"24_F3";"F3";"B329_LIKE+F16";985;0.155399993;"F";"3";"n";112.6776;1022.5;NA;NA;0.963325183374083;"No"
24;"24_F4";"F4";"B329_LIKE+F16";1004;0.143999994;"F";"4";"n";112.6776;1022.5;NA;NA;0.981907090464548;"No"
24;"24_F5";"F5";"B329_LIKE+F16";999;0.143800005;"F";"5";"n";112.6776;1022.5;NA;NA;0.977017114914425;"No"
24;"24_F6";"F6";"B329_LIKE+F16";978;0.144199997;"F";"6";"n";112.6776;1022.5;NA;NA;0.956479217603912;"No"
24;"24_F7";"F7";"B329_LIKE+F16";1173;0.152600005;"F";"7";"n";112.6776;1022.5;NA;NA;1.14718826405868;"No"
24;"24_F8";"F8";"B329_LIKE+F16";1162;0.153600007;"F";"8";"n";112.6776;1022.5;NA;NA;1.13643031784841;"No"
24;"24_F9";"F9";"B329_LIKE+F16";1030;0.157600001;"F";"9";"n";112.6776;1022.5;NA;NA;1.00733496332518;"No"
24;"24_G10";"G10";"B329_LIKE+F16";1024;0.148200005;"G";"10";"n";112.6776;1022.5;NA;NA;1.00146699266504;"No"
24;"24_G11";"G11";"B329_LIKE+F16";1042;0.155200005;"G";"11";"n";112.6776;1022.5;NA;NA;1.01907090464548;"No"
24;"24_G2";"G2";"B329_LIKE+F16";1206;0.2007;"G";"2";"n";112.6776;1022.5;NA;NA;1.17946210268949;"No"
24;"24_G3";"G3";"B329_LIKE+F16";1250;0.196199998;"G";"3";"n";112.6776;1022.5;NA;NA;1.22249388753056;"No"
24;"24_G4";"G4";"B329_LIKE+F16";1151;0.160600007;"G";"4";"n";112.6776;1022.5;NA;NA;1.12567237163814;"No"
24;"24_G5";"G5";"B329_LIKE+F16";1245;0.185200006;"G";"5";"n";112.6776;1022.5;NA;NA;1.21760391198044;"No"
24;"24_G6";"G6";"B329_LIKE+F16";1144;0.170499995;"G";"6";"n";112.6776;1022.5;NA;NA;1.11882640586797;"No"
24;"24_G7";"G7";"B329_LIKE+F16";1070;0.164000005;"G";"7";"n";112.6776;1022.5;NA;NA;1.04645476772616;"No"
24;"24_G8";"G8";"B329_LIKE+F16";1149;0.166800007;"G";"8";"n";112.6776;1022.5;NA;NA;1.12371638141809;"No"
24;"24_G9";"G9";"B329_LIKE+F16";1079;0.159799993;"G";"9";"n";112.6776;1022.5;NA;NA;1.05525672371638;"No"
25;"25_B10";"B10";"B329_LIKE+F16";1347;0.187900007;"B";"10";"n";289.107;1070;NA;NA;1.2588785046729;"No"
25;"25_B11";"B11";"B329_LIKE+F16";1069;0.171499997;"B";"11";"n";289.107;1070;NA;NA;0.999065420560748;"No"
25;"25_B2";"B2";"B329_LIKE+F16";1259;0.211600006;"B";"2";"n";289.107;1070;NA;NA;1.17663551401869;"No"
25;"25_B3";"B3";"B329_LIKE+F16";1071;0.186399996;"B";"3";"n";289.107;1070;NA;NA;1.00093457943925;"No"
25;"25_B4";"B4";"B329_LIKE+F16";1291;0.208100006;"B";"4";"n";289.107;1070;NA;NA;1.20654205607477;"No"
25;"25_B5";"B5";"B329_LIKE+F16";1285;0.2104;"B";"5";"n";289.107;1070;NA;NA;1.20093457943925;"No"
25;"25_B6";"B6";"B329_LIKE+F16";1252;0.184;"B";"6";"n";289.107;1070;NA;NA;1.17009345794393;"No"
25;"25_B7";"B7";"B329_LIKE+F16";1085;0.180500001;"B";"7";"n";289.107;1070;NA;NA;1.01401869158878;"No"
25;"25_B8";"B8";"B329_LIKE+F16";1285;0.207900003;"B";"8";"n";289.107;1070;NA;NA;1.20093457943925;"No"
25;"25_B9";"B9";"B329_LIKE+F16";1805;0.246800005;"B";"9";"n";289.107;1070;NA;NA;1.68691588785047;"No"
25;"25_C10";"C10";"B329_LIKE+F16";1093;0.165199995;"C";"10";"n";289.107;1070;NA;NA;1.0214953271028;"No"
25;"25_C11";"C11";"B329_LIKE+F16";1048;0.168099999;"C";"11";"n";289.107;1070;NA;NA;0.979439252336449;"No"
25;"25_C2";"C2";"B329_LIKE+F16";1094;0.184200004;"C";"2";"n";289.107;1070;NA;NA;1.02242990654206;"No"
25;"25_C3";"C3";"B329_LIKE+F16";994;0.189400002;"C";"3";"n";289.107;1070;NA;NA;0.928971962616822;"No"
25;"25_C4";"C4";"B329_LIKE+F16";1283;0.192100003;"C";"4";"n";289.107;1070;NA;NA;1.19906542056075;"No"
25;"25_C5";"C5";"B329_LIKE+F16";760;0.167099997;"C";"5";"n";289.107;1070;NA;NA;0.710280373831776;"No"
25;"25_C6";"C6";"B329_LIKE+F16";875;0.183300003;"C";"6";"n";289.107;1070;NA;NA;0.817757009345794;"No"
25;"25_C7";"C7";"B329_LIKE+F16";945;0.178399995;"C";"7";"n";289.107;1070;NA;NA;0.883177570093458;"No"
25;"25_C8";"C8";"B329_LIKE+F16";963;0.181299999;"C";"8";"n";289.107;1070;NA;NA;0.9;"No"
25;"25_C9";"C9";"B329_LIKE+F16";1093;0.177599996;"C";"9";"n";289.107;1070;NA;NA;1.0214953271028;"No"
25;"25_D10";"D10";"B329_LIKE+F16";1105;0.199900001;"D";"10";"n";289.107;1070;NA;NA;1.03271028037383;"No"
25;"25_D11";"D11";"B329_LIKE+F16";935;0.155200005;"D";"11";"n";289.107;1070;NA;NA;0.873831775700935;"No"
25;"25_D2";"D2";"B329_LIKE+F16";847;0.142499998;"D";"2";"n";289.107;1070;NA;NA;0.791588785046729;"No"
25;"25_D3";"D3";"B329_LIKE+F16";808;0.2042;"D";"3";"n";289.107;1070;NA;NA;0.755140186915888;"No"
25;"25_D4";"D4";"B329_LIKE+F16";848;0.191599995;"D";"4";"n";289.107;1070;NA;NA;0.792523364485981;"No"
25;"25_D5";"D5";"B329_LIKE+F16";769;0.169499993;"D";"5";"n";289.107;1070;NA;NA;0.718691588785047;"No"
25;"25_D6";"D6";"B329_LIKE+F16";895;0.192399994;"D";"6";"n";289.107;1070;NA;NA;0.836448598130841;"No"
25;"25_D7";"D7";"B329_LIKE+F16";850;0.193100005;"D";"7";"n";289.107;1070;NA;NA;0.794392523364486;"No"
25;"25_D8";"D8";"B329_LIKE+F16";859;0.187399998;"D";"8";"n";289.107;1070;NA;NA;0.802803738317757;"No"
25;"25_D9";"D9";"B329_LIKE+F16";982;0.205799997;"D";"9";"n";289.107;1070;NA;NA;0.917757009345794;"No"
25;"25_E10";"E10";"B329_LIKE+F16";916;0.193200007;"E";"10";"n";289.107;1070;NA;NA;0.85607476635514;"No"
25;"25_E11";"E11";"B329_LIKE+F16";1135;0.181999996;"E";"11";"n";289.107;1070;NA;NA;1.0607476635514;"No"
25;"25_E2";"E2";"B329_LIKE+F16";1013;0.156800002;"E";"2";"n";289.107;1070;NA;NA;0.946728971962617;"No"
25;"25_E3";"E3";"B329_LIKE+F16";744;0.196500003;"E";"3";"n";289.107;1070;NA;NA;0.695327102803738;"No"
25;"25_E4";"E4";"B329_LIKE+F16";748;0.175600007;"E";"4";"n";289.107;1070;NA;NA;0.699065420560748;"No"
25;"25_E5";"E5";"B329_LIKE+F16";762;0.168099999;"E";"5";"n";289.107;1070;NA;NA;0.71214953271028;"No"
25;"25_E6";"E6";"B329_LIKE+F16";842;0.195700005;"E";"6";"n";289.107;1070;NA;NA;0.786915887850467;"No"
25;"25_E7";"E7";"B329_LIKE+F16";815;0.190400004;"E";"7";"n";289.107;1070;NA;NA;0.761682242990654;"No"
25;"25_E8";"E8";"B329_LIKE+F16";812;0.164199993;"E";"8";"n";289.107;1070;NA;NA;0.758878504672897;"No"
25;"25_E9";"E9";"B329_LIKE+F16";875;0.184200004;"E";"9";"n";289.107;1070;NA;NA;0.817757009345794;"No"
25;"25_F10";"F10";"B329_LIKE+F16";829;0.136500001;"F";"10";"n";289.107;1070;NA;NA;0.774766355140187;"No"
25;"25_F11";"F11";"B329_LIKE+F16";1612;0.175400004;"F";"11";"n";289.107;1070;NA;NA;1.50654205607477;"No"
25;"25_F2";"F2";"B329_LIKE+F16";1096;0.163399994;"F";"2";"n";289.107;1070;NA;NA;1.02429906542056;"No"
25;"25_F3";"F3";"B329_LIKE+F16";954;0.151099995;"F";"3";"n";289.107;1070;NA;NA;0.891588785046729;"No"
25;"25_F4";"F4";"B329_LIKE+F16";1492;0.1778;"F";"4";"n";289.107;1070;NA;NA;1.39439252336449;"No"
25;"25_F5";"F5";"B329_LIKE+F16";851;0.179100007;"F";"5";"n";289.107;1070;NA;NA;0.795327102803738;"No"
25;"25_F6";"F6";"B329_LIKE+F16";2686;0.201299995;"F";"6";"n";289.107;1070;NA;NA;2.51028037383178;"No"
25;"25_F7";"F7";"B329_LIKE+F16";837;0.155499995;"F";"7";"n";289.107;1070;NA;NA;0.782242990654206;"No"
25;"25_F8";"F8";"B329_LIKE+F16";939;0.162100002;"F";"8";"n";289.107;1070;NA;NA;0.877570093457944;"No"
25;"25_F9";"F9";"B329_LIKE+F16";953;0.158000007;"F";"9";"n";289.107;1070;NA;NA;0.890654205607477;"No"
25;"25_G10";"G10";"B329_LIKE+F16";1025;0.163699999;"G";"10";"n";289.107;1070;NA;NA;0.957943925233645;"No"
25;"25_G11";"G11";"B329_LIKE+F16";989;0.154300004;"G";"11";"n";289.107;1070;NA;NA;0.924299065420561;"No"
25;"25_G2";"G2";"B329_LIKE+F16";1115;0.176300004;"G";"2";"n";289.107;1070;NA;NA;1.04205607476636;"No"
25;"25_G3";"G3";"B329_LIKE+F16";1048;0.168599993;"G";"3";"n";289.107;1070;NA;NA;0.979439252336449;"No"
25;"25_G4";"G4";"B329_LIKE+F16";1162;0.166999996;"G";"4";"n";289.107;1070;NA;NA;1.08598130841121;"No"
25;"25_G5";"G5";"B329_LIKE+F16";1112;0.172900006;"G";"5";"n";289.107;1070;NA;NA;1.0392523364486;"No"
25;"25_G6";"G6";"B329_LIKE+F16";1145;0.184300005;"G";"6";"n";289.107;1070;NA;NA;1.07009345794393;"No"
25;"25_G7";"G7";"B329_LIKE+F16";1103;0.170900002;"G";"7";"n";289.107;1070;NA;NA;1.03084112149533;"No"
25;"25_G8";"G8";"B329_LIKE+F16";1016;0.157900006;"G";"8";"n";289.107;1070;NA;NA;0.949532710280374;"No"
25;"25_G9";"G9";"B329_LIKE+F16";932;0.154899999;"G";"9";"n";289.107;1070;NA;NA;0.871028037383178;"No"
26;"26_B10";"B10";"B329_LIKE+F16";897;0.131600007;"B";"10";"n";100.0755;772.5;NA;NA;1.16116504854369;"No"
26;"26_B11";"B11";"B329_LIKE+F16";680;0.123999998;"B";"11";"n";100.0755;772.5;NA;NA;0.880258899676375;"No"
26;"26_B2";"B2";"B329_LIKE+F16";855;0.155200005;"B";"2";"n";100.0755;772.5;NA;NA;1.10679611650485;"No"
26;"26_B3";"B3";"B329_LIKE+F16";739;0.130600005;"B";"3";"n";100.0755;772.5;NA;NA;0.95663430420712;"No"
26;"26_B4";"B4";"B329_LIKE+F16";632;0.119999997;"B";"4";"n";100.0755;772.5;NA;NA;0.818122977346278;"No"
26;"26_B5";"B5";"B329_LIKE+F16";1075;0.143600002;"B";"5";"n";100.0755;772.5;NA;NA;1.3915857605178;"No"
26;"26_B6";"B6";"B329_LIKE+F16";611;0.115000002;"B";"6";"n";100.0755;772.5;NA;NA;0.790938511326861;"No"
26;"26_B7";"B7";"B329_LIKE+F16";673;0.117700003;"B";"7";"n";100.0755;772.5;NA;NA;0.871197411003236;"No"
26;"26_B8";"B8";"B329_LIKE+F16";672;0.126599997;"B";"8";"n";100.0755;772.5;NA;NA;0.869902912621359;"No"
26;"26_B9";"B9";"B329_LIKE+F16";808;0.130600005;"B";"9";"n";100.0755;772.5;NA;NA;1.04595469255663;"No"
26;"26_C10";"C10";"B329_LIKE+F16";764;0.1778;"C";"10";"n";100.0755;772.5;NA;NA;0.988996763754045;"No"
26;"26_C11";"C11";"B329_LIKE+F16";780;0.131400004;"C";"11";"n";100.0755;772.5;NA;NA;1.00970873786408;"No"
26;"26_C2";"C2";"B329_LIKE+F16";948;0.154799998;"C";"2";"n";100.0755;772.5;NA;NA;1.22718446601942;"No"
26;"26_C3";"C3";"B329_LIKE+F16";718;0.145699993;"C";"3";"n";100.0755;772.5;NA;NA;0.929449838187702;"No"
26;"26_C4";"C4";"B329_LIKE+F16";1053;0.185800001;"C";"4";"n";100.0755;772.5;NA;NA;1.3631067961165;"No"
26;"26_C5";"C5";"B329_LIKE+F16";736;0.180500001;"C";"5";"n";100.0755;772.5;NA;NA;0.952750809061489;"No"
26;"26_C6";"C6";"B329_LIKE+F16";759;0.188899994;"C";"6";"n";100.0755;772.5;NA;NA;0.98252427184466;"No"
26;"26_C7";"C7";"B329_LIKE+F16";715;0.162400007;"C";"7";"n";100.0755;772.5;NA;NA;0.925566343042071;"No"
26;"26_C8";"C8";"B329_LIKE+F16";722;0.166199997;"C";"8";"n";100.0755;772.5;NA;NA;0.93462783171521;"No"
26;"26_C9";"C9";"B329_LIKE+F16";648;0.1884;"C";"9";"n";100.0755;772.5;NA;NA;0.838834951456311;"No"
26;"26_D10";"D10";"B329_LIKE+F16";738;0.167400002;"D";"10";"n";100.0755;772.5;NA;NA;0.955339805825243;"No"
26;"26_D11";"D11";"B329_LIKE+F16";782;0.133100003;"D";"11";"n";100.0755;772.5;NA;NA;1.01229773462783;"No"
26;"26_D2";"D2";"B329_LIKE+F16";801;0.136899993;"D";"2";"n";100.0755;772.5;NA;NA;1.0368932038835;"No"
26;"26_D3";"D3";"B329_LIKE+F16";711;0.155000001;"D";"3";"n";100.0755;772.5;NA;NA;0.920388349514563;"No"
26;"26_D4";"D4";"B329_LIKE+F16";855;0.212799996;"D";"4";"n";100.0755;772.5;NA;NA;1.10679611650485;"No"
26;"26_D5";"D5";"B329_LIKE+F16";733;0.174099997;"D";"5";"n";100.0755;772.5;NA;NA;0.948867313915858;"No"
26;"26_D6";"D6";"B329_LIKE+F16";716;0.144400001;"D";"6";"n";100.0755;772.5;NA;NA;0.926860841423948;"No"
26;"26_D7";"D7";"B329_LIKE+F16";722;0.178599998;"D";"7";"n";100.0755;772.5;NA;NA;0.93462783171521;"No"
26;"26_D8";"D8";"B329_LIKE+F16";687;0.172299996;"D";"8";"n";100.0755;772.5;NA;NA;0.889320388349515;"No"
26;"26_D9";"D9";"B329_LIKE+F16";644;0.175799996;"D";"9";"n";100.0755;772.5;NA;NA;0.833656957928803;"No"
26;"26_E10";"E10";"B329_LIKE+F16";712;0.220899999;"E";"10";"n";100.0755;772.5;NA;NA;0.92168284789644;"No"
26;"26_E11";"E11";"B329_LIKE+F16";1023;0.147499993;"E";"11";"n";100.0755;772.5;NA;NA;1.32427184466019;"No"
26;"26_E2";"E2";"B329_LIKE+F16";798;0.151700005;"E";"2";"n";100.0755;772.5;NA;NA;1.03300970873786;"No"
26;"26_E3";"E3";"B329_LIKE+F16";830;0.161799997;"E";"3";"n";100.0755;772.5;NA;NA;1.07443365695793;"No"
26;"26_E4";"E4";"B329_LIKE+F16";724;0.173099995;"E";"4";"n";100.0755;772.5;NA;NA;0.937216828478964;"No"
26;"26_E5";"E5";"B329_LIKE+F16";864;0.193200007;"E";"5";"n";100.0755;772.5;NA;NA;1.11844660194175;"No"
26;"26_E6";"E6";"B329_LIKE+F16";756;0.178499997;"E";"6";"n";100.0755;772.5;NA;NA;0.978640776699029;"No"
26;"26_E7";"E7";"B329_LIKE+F16";1109;0.177399993;"E";"7";"n";100.0755;772.5;NA;NA;1.43559870550162;"No"
26;"26_E8";"E8";"B329_LIKE+F16";725;0.176400006;"E";"8";"n";100.0755;772.5;NA;NA;0.938511326860841;"No"
26;"26_E9";"E9";"B329_LIKE+F16";682;0.182600006;"E";"9";"n";100.0755;772.5;NA;NA;0.882847896440129;"No"
26;"26_F10";"F10";"B329_LIKE+F16";653;0.181099996;"F";"10";"n";100.0755;772.5;NA;NA;0.845307443365696;"No"
26;"26_F11";"F11";"B329_LIKE+F16";734;0.131400004;"F";"11";"n";100.0755;772.5;NA;NA;0.950161812297735;"No"
26;"26_F2";"F2";"B329_LIKE+F16";754;0.130700007;"F";"2";"n";100.0755;772.5;NA;NA;0.976051779935275;"No"
26;"26_F3";"F3";"B329_LIKE+F16";744;0.146500006;"F";"3";"n";100.0755;772.5;NA;NA;0.963106796116505;"No"
26;"26_F4";"F4";"B329_LIKE+F16";676;0.144099995;"F";"4";"n";100.0755;772.5;NA;NA;0.875080906148867;"No"
26;"26_F5";"F5";"B329_LIKE+F16";671;0.155599996;"F";"5";"n";100.0755;772.5;NA;NA;0.868608414239482;"No"
26;"26_F6";"F6";"B329_LIKE+F16";632;0.144600004;"F";"6";"n";100.0755;772.5;NA;NA;0.818122977346278;"No"
26;"26_F7";"F7";"B329_LIKE+F16";641;0.157700002;"F";"7";"n";100.0755;772.5;NA;NA;0.829773462783172;"No"
26;"26_F8";"F8";"B329_LIKE+F16";555;0.156800002;"F";"8";"n";100.0755;772.5;NA;NA;0.718446601941748;"No"
26;"26_F9";"F9";"B329_LIKE+F16";601;0.190099999;"F";"9";"n";100.0755;772.5;NA;NA;0.777993527508091;"No"
26;"26_G10";"G10";"B329_LIKE+F16";761;0.134200007;"G";"10";"n";100.0755;772.5;NA;NA;0.985113268608414;"No"
26;"26_G11";"G11";"B329_LIKE+F16";775;0.1391;"G";"11";"n";100.0755;772.5;NA;NA;1.00323624595469;"No"
26;"26_G2";"G2";"B329_LIKE+F16";776;0.139400005;"G";"2";"n";100.0755;772.5;NA;NA;1.00453074433657;"No"
26;"26_G3";"G3";"B329_LIKE+F16";810;0.139699996;"G";"3";"n";100.0755;772.5;NA;NA;1.04854368932039;"No"
26;"26_G4";"G4";"B329_LIKE+F16";797;0.137899995;"G";"4";"n";100.0755;772.5;NA;NA;1.03171521035599;"No"
26;"26_G5";"G5";"B329_LIKE+F16";874;0.139500007;"G";"5";"n";100.0755;772.5;NA;NA;1.13139158576052;"No"
26;"26_G6";"G6";"B329_LIKE+F16";808;0.161699995;"G";"6";"n";100.0755;772.5;NA;NA;1.04595469255663;"No"
26;"26_G7";"G7";"B329_LIKE+F16";838;0.163399994;"G";"7";"n";100.0755;772.5;NA;NA;1.08478964401294;"No"
26;"26_G8";"G8";"B329_LIKE+F16";833;0.1514;"G";"8";"n";100.0755;772.5;NA;NA;1.07831715210356;"No"
26;"26_G9";"G9";"B329_LIKE+F16";1389;0.146599993;"G";"9";"n";100.0755;772.5;NA;NA;1.79805825242718;"No"
27;"27_B11";"B11";"B329_LIKE+F16";1003;0.139200002;"B";"11";"n";95.6277;918.5;NA;NA;1.09199782253674;"No"
27;"27_B2";"B2";"B329_LIKE+F16";846;0.136000007;"B";"2";"n";95.6277;918.5;NA;NA;0.921066956995101;"No"
27;"27_B3";"B3";"B329_LIKE+F16";852;0.137799993;"B";"3";"n";95.6277;918.5;NA;NA;0.927599346761023;"No"
27;"27_B4";"B4";"B329_LIKE+F16";798;0.130199999;"B";"4";"n";95.6277;918.5;NA;NA;0.868807838867719;"No"
27;"27_B5";"B5";"B329_LIKE+F16";814;0.129899994;"B";"5";"n";95.6277;918.5;NA;NA;0.88622754491018;"No"
27;"27_B6";"B6";"B329_LIKE+F16";786;0.125200003;"B";"6";"n";95.6277;918.5;NA;NA;0.855743059335874;"No"
27;"27_B7";"B7";"B329_LIKE+F16";814;0.125699997;"B";"7";"n";95.6277;918.5;NA;NA;0.88622754491018;"No"
27;"27_B8";"B8";"B329_LIKE+F16";1076;0.124600001;"B";"8";"n";95.6277;918.5;NA;NA;1.17147523135547;"No"
27;"27_B9";"B9";"B329_LIKE+F16";878;0.1285;"B";"9";"n";95.6277;918.5;NA;NA;0.955906369080022;"No"
27;"27_C10";"C10";"B329_LIKE+F16";939;0.143000007;"C";"10";"n";95.6277;918.5;NA;NA;1.0223189983669;"No"
27;"27_C11";"C11";"B329_LIKE+F16";889;0.133699998;"C";"11";"n";95.6277;918.5;NA;NA;0.967882416984213;"No"
27;"27_C2";"C2";"B329_LIKE+F16";878;0.140000001;"C";"2";"n";95.6277;918.5;NA;NA;0.955906369080022;"No"
27;"27_C3";"C3";"B329_LIKE+F16";883;0.137899995;"C";"3";"n";95.6277;918.5;NA;NA;0.961350027218291;"No"
27;"27_C4";"C4";"B329_LIKE+F16";812;0.132300004;"C";"4";"n";95.6277;918.5;NA;NA;0.884050081654872;"No"
27;"27_C5";"C5";"B329_LIKE+F16";785;0.125599995;"C";"5";"n";95.6277;918.5;NA;NA;0.85465432770822;"No"
27;"27_C6";"C6";"B329_LIKE+F16";817;0.126499996;"C";"6";"n";95.6277;918.5;NA;NA;0.889493739793141;"No"
27;"27_C7";"C7";"B329_LIKE+F16";829;0.127100006;"C";"7";"n";95.6277;918.5;NA;NA;0.902558519324986;"No"
27;"27_C8";"C8";"B329_LIKE+F16";1457;0.142499998;"C";"8";"n";95.6277;918.5;NA;NA;1.58628198149156;"No"
27;"27_C9";"C9";"B329_LIKE+F16";861;0.132200003;"C";"9";"n";95.6277;918.5;NA;NA;0.937397931409907;"No"
27;"27_D10";"D10";"B329_LIKE+F16";920;0.134100005;"D";"10";"n";95.6277;918.5;NA;NA;1.00163309744148;"No"
27;"27_D11";"D11";"B329_LIKE+F16";976;0.149900004;"D";"11";"n";95.6277;918.5;NA;NA;1.06260206859009;"No"
27;"27_D2";"D2";"B329_LIKE+F16";959;0.156499997;"D";"2";"n";95.6277;918.5;NA;NA;1.04409363091998;"No"
27;"27_D3";"D3";"B329_LIKE+F16";920;0.146899998;"D";"3";"n";95.6277;918.5;NA;NA;1.00163309744148;"No"
27;"27_D4";"D4";"B329_LIKE+F16";912;0.144800007;"D";"4";"n";95.6277;918.5;NA;NA;0.99292324442025;"No"
27;"27_D5";"D5";"B329_LIKE+F16";1034;0.162400007;"D";"5";"n";95.6277;918.5;NA;NA;1.12574850299401;"No"
27;"27_D6";"D6";"B329_LIKE+F16";875;0.132699996;"D";"6";"n";95.6277;918.5;NA;NA;0.95264017419706;"No"
27;"27_D7";"D7";"B329_LIKE+F16";939;0.142199993;"D";"7";"n";95.6277;918.5;NA;NA;1.0223189983669;"No"
27;"27_D8";"D8";"B329_LIKE+F16";998;0.145600006;"D";"8";"n";95.6277;918.5;NA;NA;1.08655416439848;"No"
27;"27_D9";"D9";"B329_LIKE+F16";831;0.133100003;"D";"9";"n";95.6277;918.5;NA;NA;0.904735982580294;"No"
27;"27_E10";"E10";"B329_LIKE+F16";717;0.127299994;"E";"10";"n";95.6277;918.5;NA;NA;0.780620577027763;"No"
27;"27_E11";"E11";"B329_LIKE+F16";855;0.129600003;"E";"11";"n";95.6277;918.5;NA;NA;0.930865541643985;"No"
27;"27_E2";"E2";"B329_LIKE+F16";952;0.156000003;"E";"2";"n";95.6277;918.5;NA;NA;1.0364725095264;"No"
27;"27_E3";"E3";"B329_LIKE+F16";872;0.136099994;"E";"3";"n";95.6277;918.5;NA;NA;0.949373979314099;"No"
27;"27_E4";"E4";"B329_LIKE+F16";857;0.135299996;"E";"4";"n";95.6277;918.5;NA;NA;0.933043004899292;"No"
27;"27_E5";"E5";"B329_LIKE+F16";877;0.135800004;"E";"5";"n";95.6277;918.5;NA;NA;0.954817637452368;"No"
27;"27_E6";"E6";"B329_LIKE+F16";917;0.149000004;"E";"6";"n";95.6277;918.5;NA;NA;0.998366902558519;"No"
27;"27_E7";"E7";"B329_LIKE+F16";875;0.148699999;"E";"7";"n";95.6277;918.5;NA;NA;0.95264017419706;"No"
27;"27_E8";"E8";"B329_LIKE+F16";899;0.143900007;"E";"8";"n";95.6277;918.5;NA;NA;0.978769733260751;"No"
27;"27_E9";"E9";"B329_LIKE+F16";822;0.1391;"E";"9";"n";95.6277;918.5;NA;NA;0.89493739793141;"No"
27;"27_F10";"F10";"B329_LIKE+F16";872;0.128700003;"F";"10";"n";95.6277;918.5;NA;NA;0.949373979314099;"No"
27;"27_F11";"F11";"B329_LIKE+F16";829;0.128999993;"F";"11";"n";95.6277;918.5;NA;NA;0.902558519324986;"No"
27;"27_F2";"F2";"B329_LIKE+F16";895;0.138799995;"F";"2";"n";95.6277;918.5;NA;NA;0.974414806750136;"No"
27;"27_F3";"F3";"B329_LIKE+F16";1020;0.163399994;"F";"3";"n";95.6277;918.5;NA;NA;1.11050626020686;"No"
27;"27_F4";"F4";"B329_LIKE+F16";862;0.133000001;"F";"4";"n";95.6277;918.5;NA;NA;0.938486663037561;"No"
27;"27_F5";"F5";"B329_LIKE+F16";997;0.142199993;"F";"5";"n";95.6277;918.5;NA;NA;1.08546543277082;"No"
27;"27_F6";"F6";"B329_LIKE+F16";925;0.132400006;"F";"6";"n";95.6277;918.5;NA;NA;1.00707675557975;"No"
27;"27_F7";"F7";"B329_LIKE+F16";878;0.138500005;"F";"7";"n";95.6277;918.5;NA;NA;0.955906369080022;"No"
27;"27_F8";"F8";"B329_LIKE+F16";920;0.139899999;"F";"8";"n";95.6277;918.5;NA;NA;1.00163309744148;"No"
27;"27_F9";"F9";"B329_LIKE+F16";937;0.137199998;"F";"9";"n";95.6277;918.5;NA;NA;1.0201415351116;"No"
27;"27_G10";"G10";"B329_LIKE+F16";874;0.136800006;"G";"10";"n";95.6277;918.5;NA;NA;0.951551442569407;"No"
27;"27_G11";"G11";"B329_LIKE+F16";854;0.131400004;"G";"11";"n";95.6277;918.5;NA;NA;0.929776810016331;"No"
27;"27_G2";"G2";"B329_LIKE+F16";1108;0.177200004;"G";"2";"n";95.6277;918.5;NA;NA;1.20631464344039;"No"
27;"27_G3";"G3";"B329_LIKE+F16";1031;0.1646;"G";"3";"n";95.6277;918.5;NA;NA;1.12248230811105;"No"
27;"27_G4";"G4";"B329_LIKE+F16";1008;0.151800007;"G";"4";"n";95.6277;918.5;NA;NA;1.09744148067501;"No"
27;"27_G5";"G5";"B329_LIKE+F16";983;0.145500004;"G";"5";"n";95.6277;918.5;NA;NA;1.07022318998367;"No"
27;"27_G6";"G6";"B329_LIKE+F16";934;0.144500002;"G";"6";"n";95.6277;918.5;NA;NA;1.01687534022863;"No"
27;"27_G7";"G7";"B329_LIKE+F16";1213;0.159899995;"G";"7";"n";95.6277;918.5;NA;NA;1.32063146434404;"No"
27;"27_G8";"G8";"B329_LIKE+F16";1056;0.149000004;"G";"8";"n";95.6277;918.5;NA;NA;1.1497005988024;"No"
27;"27_G9";"G9";"B329_LIKE+F16";972;0.142399997;"G";"9";"n";95.6277;918.5;NA;NA;1.05824714207948;"No"
28;"28_B10";"B10";"B329_LIKE+F16";763;0.133100003;"B";"10";"n";96.369;850;NA;NA;0.89764705882353;"No"
28;"28_B11";"B11";"B329_LIKE+F16";849;0.138799995;"B";"11";"n";96.369;850;NA;NA;0.998823529411765;"No"
28;"28_B2";"B2";"B329_LIKE+F16";800;0.137899995;"B";"2";"n";96.369;850;NA;NA;0.941176470588235;"No"
28;"28_B3";"B3";"B329_LIKE+F16";753;0.126499996;"B";"3";"n";96.369;850;NA;NA;0.885882352941176;"No"
28;"28_B4";"B4";"B329_LIKE+F16";850;0.131699994;"B";"4";"n";96.369;850;NA;NA;1;"No"
28;"28_B5";"B5";"B329_LIKE+F16";762;0.134299994;"B";"5";"n";96.369;850;NA;NA;0.896470588235294;"No"
28;"28_B6";"B6";"B329_LIKE+F16";804;0.130600005;"B";"6";"n";96.369;850;NA;NA;0.945882352941177;"No"
28;"28_B7";"B7";"B329_LIKE+F16";843;0.137600005;"B";"7";"n";96.369;850;NA;NA;0.991764705882353;"No"
28;"28_B8";"B8";"B329_LIKE+F16";835;0.129500002;"B";"8";"n";96.369;850;NA;NA;0.98235294117647;"No"
28;"28_B9";"B9";"B329_LIKE+F16";874;0.133100003;"B";"9";"n";96.369;850;NA;NA;1.02823529411765;"No"
28;"28_C10";"C10";"B329_LIKE+F16";769;0.129199997;"C";"10";"n";96.369;850;NA;NA;0.904705882352941;"No"
28;"28_C11";"C11";"B329_LIKE+F16";859;0.129299998;"C";"11";"n";96.369;850;NA;NA;1.01058823529412;"No"
28;"28_C2";"C2";"B329_LIKE+F16";886;0.144199997;"C";"2";"n";96.369;850;NA;NA;1.04235294117647;"No"
28;"28_C3";"C3";"B329_LIKE+F16";806;0.135700002;"C";"3";"n";96.369;850;NA;NA;0.948235294117647;"No"
28;"28_C4";"C4";"B329_LIKE+F16";840;0.144400001;"C";"4";"n";96.369;850;NA;NA;0.988235294117647;"No"
28;"28_C5";"C5";"B329_LIKE+F16";743;0.127499998;"C";"5";"n";96.369;850;NA;NA;0.874117647058824;"No"
28;"28_C6";"C6";"B329_LIKE+F16";827;0.129700005;"C";"6";"n";96.369;850;NA;NA;0.972941176470588;"No"
28;"28_C7";"C7";"B329_LIKE+F16";799;0.1241;"C";"7";"n";96.369;850;NA;NA;0.94;"No"
28;"28_C8";"C8";"B329_LIKE+F16";786;0.124899998;"C";"8";"n";96.369;850;NA;NA;0.924705882352941;"No"
28;"28_C9";"C9";"B329_LIKE+F16";832;0.141599998;"C";"9";"n";96.369;850;NA;NA;0.978823529411765;"No"
28;"28_D10";"D10";"B329_LIKE+F16";794;0.140000001;"D";"10";"n";96.369;850;NA;NA;0.934117647058823;"No"
28;"28_D11";"D11";"B329_LIKE+F16";692;0.124499999;"D";"11";"n";96.369;850;NA;NA;0.814117647058824;"No"
28;"28_D2";"D2";"B329_LIKE+F16";840;0.199300006;"D";"2";"n";96.369;850;NA;NA;0.988235294117647;"No"
28;"28_D3";"D3";"B329_LIKE+F16";695;0.123599999;"D";"3";"n";96.369;850;NA;NA;0.817647058823529;"No"
28;"28_D4";"D4";"B329_LIKE+F16";874;0.135000005;"D";"4";"n";96.369;850;NA;NA;1.02823529411765;"No"
28;"28_D5";"D5";"B329_LIKE+F16";1123;0.153799996;"D";"5";"n";96.369;850;NA;NA;1.32117647058824;"No"
28;"28_D6";"D6";"B329_LIKE+F16";944;0.127499998;"D";"6";"n";96.369;850;NA;NA;1.11058823529412;"No"
28;"28_D7";"D7";"B329_LIKE+F16";779;0.130700007;"D";"7";"n";96.369;850;NA;NA;0.916470588235294;"No"
28;"28_D8";"D8";"B329_LIKE+F16";818;0.119800001;"D";"8";"n";96.369;850;NA;NA;0.962352941176471;"No"
28;"28_D9";"D9";"B329_LIKE+F16";804;0.133000001;"D";"9";"n";96.369;850;NA;NA;0.945882352941177;"No"
28;"28_E10";"E10";"B329_LIKE+F16";813;0.129800007;"E";"10";"n";96.369;850;NA;NA;0.956470588235294;"No"
28;"28_E11";"E11";"B329_LIKE+F16";798;0.128000006;"E";"11";"n";96.369;850;NA;NA;0.938823529411765;"No"
28;"28_E2";"E2";"B329_LIKE+F16";943;0.160899997;"E";"2";"n";96.369;850;NA;NA;1.10941176470588;"No"
28;"28_E3";"E3";"B329_LIKE+F16";788;0.147499993;"E";"3";"n";96.369;850;NA;NA;0.927058823529412;"No"
28;"28_E4";"E4";"B329_LIKE+F16";775;0.128199995;"E";"4";"n";96.369;850;NA;NA;0.911764705882353;"No"
28;"28_E5";"E5";"B329_LIKE+F16";1675;0.167400002;"E";"5";"n";96.369;850;NA;NA;1.97058823529412;"No"
28;"28_E6";"E6";"B329_LIKE+F16";753;0.136000007;"E";"6";"n";96.369;850;NA;NA;0.885882352941176;"No"
28;"28_E7";"E7";"B329_LIKE+F16";751;0.134399995;"E";"7";"n";96.369;850;NA;NA;0.883529411764706;"No"
28;"28_E8";"E8";"B329_LIKE+F16";987;0.201399997;"E";"8";"n";96.369;850;NA;NA;1.16117647058824;"No"
28;"28_E9";"E9";"B329_LIKE+F16";763;0.1505;"E";"9";"n";96.369;850;NA;NA;0.89764705882353;"No"
28;"28_F10";"F10";"B329_LIKE+F16";833;0.132100001;"F";"10";"n";96.369;850;NA;NA;0.98;"No"
28;"28_F11";"F11";"B329_LIKE+F16";843;0.1435;"F";"11";"n";96.369;850;NA;NA;0.991764705882353;"No"
28;"28_F2";"F2";"B329_LIKE+F16";1028;0.153400004;"F";"2";"n";96.369;850;NA;NA;1.20941176470588;"No"
28;"28_F3";"F3";"B329_LIKE+F16";847;0.159600005;"F";"3";"n";96.369;850;NA;NA;0.996470588235294;"No"
28;"28_F4";"F4";"B329_LIKE+F16";999;0.157700002;"F";"4";"n";96.369;850;NA;NA;1.17529411764706;"No"
28;"28_F5";"F5";"B329_LIKE+F16";910;0.138799995;"F";"5";"n";96.369;850;NA;NA;1.07058823529412;"No"
28;"28_F6";"F6";"B329_LIKE+F16";812;0.170100003;"F";"6";"n";96.369;850;NA;NA;0.955294117647059;"No"
28;"28_F7";"F7";"B329_LIKE+F16";848;0.207399994;"F";"7";"n";96.369;850;NA;NA;0.99764705882353;"No"
28;"28_F8";"F8";"B329_LIKE+F16";899;0.205699995;"F";"8";"n";96.369;850;NA;NA;1.05764705882353;"No"
28;"28_F9";"F9";"B329_LIKE+F16";817;0.137099996;"F";"9";"n";96.369;850;NA;NA;0.961176470588235;"No"
28;"28_G10";"G10";"B329_LIKE+F16";912;0.143299997;"G";"10";"n";96.369;850;NA;NA;1.07294117647059;"No"
28;"28_G2";"G2";"B329_LIKE+F16";879;0.146899998;"G";"2";"n";96.369;850;NA;NA;1.03411764705882;"No"
28;"28_G3";"G3";"B329_LIKE+F16";909;0.148800001;"G";"3";"n";96.369;850;NA;NA;1.06941176470588;"No"
28;"28_G4";"G4";"B329_LIKE+F16";1043;0.179199994;"G";"4";"n";96.369;850;NA;NA;1.22705882352941;"No"
28;"28_G5";"G5";"B329_LIKE+F16";902;0.135100007;"G";"5";"n";96.369;850;NA;NA;1.06117647058824;"No"
28;"28_G6";"G6";"B329_LIKE+F16";877;0.134100005;"G";"6";"n";96.369;850;NA;NA;1.03176470588235;"No"
28;"28_G7";"G7";"B329_LIKE+F16";894;0.136399999;"G";"7";"n";96.369;850;NA;NA;1.05176470588235;"No"
28;"28_G8";"G8";"B329_LIKE+F16";945;0.146400005;"G";"8";"n";96.369;850;NA;NA;1.11176470588235;"No"
28;"28_G9";"G9";"B329_LIKE+F16";1003;0.129700005;"G";"9";"n";96.369;850;NA;NA;1.18;"No"
29;"29_B10";"B10";"B329_LIKE+F16";822;0.135000005;"B";"10";"n";131.9514;868;NA;NA;0.947004608294931;"No"
29;"29_B11";"B11";"B329_LIKE+F16";832;0.135800004;"B";"11";"n";131.9514;868;NA;NA;0.95852534562212;"No"
29;"29_B2";"B2";"B329_LIKE+F16";950;0.142900005;"B";"2";"n";131.9514;868;NA;NA;1.09447004608295;"No"
29;"29_B3";"B3";"B329_LIKE+F16";744;0.127700001;"B";"3";"n";131.9514;868;NA;NA;0.857142857142857;"No"
29;"29_B4";"B4";"B329_LIKE+F16";1604;0.144700006;"B";"4";"n";131.9514;868;NA;NA;1.84792626728111;"No"
29;"29_B5";"B5";"B329_LIKE+F16";888;0.142399997;"B";"5";"n";131.9514;868;NA;NA;1.02304147465438;"No"
29;"29_B6";"B6";"B329_LIKE+F16";900;0.150299996;"B";"6";"n";131.9514;868;NA;NA;1.036866359447;"No"
29;"29_B7";"B7";"B329_LIKE+F16";1237;0.167699993;"B";"7";"n";131.9514;868;NA;NA;1.42511520737327;"No"
29;"29_B8";"B8";"B329_LIKE+F16";863;0.137400001;"B";"8";"n";131.9514;868;NA;NA;0.994239631336406;"No"
29;"29_B9";"B9";"B329_LIKE+F16";849;0.140200004;"B";"9";"n";131.9514;868;NA;NA;0.978110599078341;"No"
29;"29_C10";"C10";"B329_LIKE+F16";720;0.123099998;"C";"10";"n";131.9514;868;NA;NA;0.829493087557604;"No"
29;"29_C11";"C11";"B329_LIKE+F16";705;0.125200003;"C";"11";"n";131.9514;868;NA;NA;0.81221198156682;"No"
29;"29_C2";"C2";"B329_LIKE+F16";762;0.132699996;"C";"2";"n";131.9514;868;NA;NA;0.877880184331797;"No"
29;"29_C3";"C3";"B329_LIKE+F16";1002;0.170699999;"C";"3";"n";131.9514;868;NA;NA;1.15437788018433;"No"
29;"29_C4";"C4";"B329_LIKE+F16";712;0.1237;"C";"4";"n";131.9514;868;NA;NA;0.820276497695853;"No"
29;"29_C5";"C5";"B329_LIKE+F16";704;0.1228;"C";"5";"n";131.9514;868;NA;NA;0.811059907834101;"No"
29;"29_C6";"C6";"B329_LIKE+F16";764;0.124799997;"C";"6";"n";131.9514;868;NA;NA;0.880184331797235;"No"
29;"29_C7";"C7";"B329_LIKE+F16";1613;0.151500002;"C";"7";"n";131.9514;868;NA;NA;1.85829493087558;"No"
29;"29_C8";"C8";"B329_LIKE+F16";779;0.125300005;"C";"8";"n";131.9514;868;NA;NA;0.897465437788018;"No"
29;"29_C9";"C9";"B329_LIKE+F16";732;0.1219;"C";"9";"n";131.9514;868;NA;NA;0.84331797235023;"No"
29;"29_D10";"D10";"B329_LIKE+F16";803;0.135900006;"D";"10";"n";131.9514;868;NA;NA;0.925115207373272;"No"
29;"29_D11";"D11";"B329_LIKE+F16";738;0.126300007;"D";"11";"n";131.9514;868;NA;NA;0.850230414746544;"No"
29;"29_D2";"D2";"B329_LIKE+F16";854;0.142499998;"D";"2";"n";131.9514;868;NA;NA;0.983870967741935;"No"
29;"29_D3";"D3";"B329_LIKE+F16";730;0.128700003;"D";"3";"n";131.9514;868;NA;NA;0.841013824884793;"No"
29;"29_D4";"D4";"B329_LIKE+F16";774;0.136600003;"D";"4";"n";131.9514;868;NA;NA;0.891705069124424;"No"
29;"29_D5";"D5";"B329_LIKE+F16";1015;0.162799999;"D";"5";"n";131.9514;868;NA;NA;1.16935483870968;"No"
29;"29_D6";"D6";"B329_LIKE+F16";908;0.149299994;"D";"6";"n";131.9514;868;NA;NA;1.04608294930876;"No"
29;"29_D7";"D7";"B329_LIKE+F16";888;0.147499993;"D";"7";"n";131.9514;868;NA;NA;1.02304147465438;"No"
29;"29_D8";"D8";"B329_LIKE+F16";1215;0.140100002;"D";"8";"n";131.9514;868;NA;NA;1.39976958525346;"No"
29;"29_D9";"D9";"B329_LIKE+F16";802;0.136600003;"D";"9";"n";131.9514;868;NA;NA;0.923963133640553;"No"
29;"29_E10";"E10";"B329_LIKE+F16";801;0.135900006;"E";"10";"n";131.9514;868;NA;NA;0.922811059907834;"No"
29;"29_E11";"E11";"B329_LIKE+F16";868;0.135700002;"E";"11";"n";131.9514;868;NA;NA;1;"No"
29;"29_E2";"E2";"B329_LIKE+F16";1057;0.160600007;"E";"2";"n";131.9514;868;NA;NA;1.21774193548387;"No"
29;"29_E3";"E3";"B329_LIKE+F16";1072;0.172600001;"E";"3";"n";131.9514;868;NA;NA;1.23502304147465;"No"
29;"29_E4";"E4";"B329_LIKE+F16";848;0.146899998;"E";"4";"n";131.9514;868;NA;NA;0.976958525345622;"No"
29;"29_E5";"E5";"B329_LIKE+F16";866;0.147799999;"E";"5";"n";131.9514;868;NA;NA;0.997695852534562;"No"
29;"29_E6";"E6";"B329_LIKE+F16";1030;0.164399996;"E";"6";"n";131.9514;868;NA;NA;1.18663594470046;"No"
29;"29_E7";"E7";"B329_LIKE+F16";998;0.161500007;"E";"7";"n";131.9514;868;NA;NA;1.14976958525346;"No"
29;"29_E8";"E8";"B329_LIKE+F16";942;0.151600003;"E";"8";"n";131.9514;868;NA;NA;1.0852534562212;"No"
29;"29_E9";"E9";"B329_LIKE+F16";985;0.149800003;"E";"9";"n";131.9514;868;NA;NA;1.13479262672811;"No"
29;"29_F10";"F10";"B329_LIKE+F16";1492;0.159600005;"F";"10";"n";131.9514;868;NA;NA;1.71889400921659;"No"
29;"29_F11";"F11";"B329_LIKE+F16";788;0.126599997;"F";"11";"n";131.9514;868;NA;NA;0.907834101382488;"No"
29;"29_F2";"F2";"B329_LIKE+F16";880;0.146200001;"F";"2";"n";131.9514;868;NA;NA;1.01382488479263;"No"
29;"29_F3";"F3";"B329_LIKE+F16";1042;0.136099994;"F";"3";"n";131.9514;868;NA;NA;1.20046082949309;"No"
29;"29_F4";"F4";"B329_LIKE+F16";952;0.163100004;"F";"4";"n";131.9514;868;NA;NA;1.09677419354839;"No"
29;"29_F5";"F5";"B329_LIKE+F16";973;0.145699993;"F";"5";"n";131.9514;868;NA;NA;1.12096774193548;"No"
29;"29_F6";"F6";"B329_LIKE+F16";871;0.146400005;"F";"6";"n";131.9514;868;NA;NA;1.00345622119816;"No"
29;"29_F7";"F7";"B329_LIKE+F16";806;0.135499999;"F";"7";"n";131.9514;868;NA;NA;0.928571428571429;"No"
29;"29_F8";"F8";"B329_LIKE+F16";715;0.127000004;"F";"8";"n";131.9514;868;NA;NA;0.823732718894009;"No"
29;"29_F9";"F9";"B329_LIKE+F16";800;0.1382;"F";"9";"n";131.9514;868;NA;NA;0.921658986175115;"No"
29;"29_G10";"G10";"B329_LIKE+F16";747;0.126800001;"G";"10";"n";131.9514;868;NA;NA;0.860599078341014;"No"
29;"29_G11";"G11";"B329_LIKE+F16";739;0.121100001;"G";"11";"n";131.9514;868;NA;NA;0.851382488479263;"No"
29;"29_G2";"G2";"B329_LIKE+F16";814;0.1426;"G";"2";"n";131.9514;868;NA;NA;0.93778801843318;"No"
29;"29_G3";"G3";"B329_LIKE+F16";948;0.144899994;"G";"3";"n";131.9514;868;NA;NA;1.09216589861751;"No"
29;"29_G4";"G4";"B329_LIKE+F16";944;0.147300005;"G";"4";"n";131.9514;868;NA;NA;1.08755760368664;"No"
29;"29_G5";"G5";"B329_LIKE+F16";771;0.130199999;"G";"5";"n";131.9514;868;NA;NA;0.888248847926267;"No"
29;"29_G6";"G6";"B329_LIKE+F16";894;0.138799995;"G";"6";"n";131.9514;868;NA;NA;1.02995391705069;"No"
29;"29_G7";"G7";"B329_LIKE+F16";855;0.135499999;"G";"7";"n";131.9514;868;NA;NA;0.985023041474654;"No"
29;"29_G8";"G8";"B329_LIKE+F16";794;0.125;"G";"8";"n";131.9514;868;NA;NA;0.914746543778802;"No"
29;"29_G9";"G9";"B329_LIKE+F16";829;0.137400001;"G";"9";"n";131.9514;868;NA;NA;0.955069124423963;"No"
30;"30_B10";"B10";"B329_LIKE+F16";900;0.136199996;"B";"10";"n";110.4537;914.5;NA;NA;0.984144341170038;"No"
30;"30_B11";"B11";"B329_LIKE+F16";962;0.136500001;"B";"11";"n";110.4537;914.5;NA;NA;1.05194095133953;"No"
30;"30_B2";"B2";"B329_LIKE+F16";882;0.153899997;"B";"2";"n";110.4537;914.5;NA;NA;0.964461454346638;"No"
30;"30_B3";"B3";"B329_LIKE+F16";1012;0.150600001;"B";"3";"n";110.4537;914.5;NA;NA;1.10661563696009;"No"
30;"30_B4";"B4";"B329_LIKE+F16";977;0.143000007;"B";"4";"n";110.4537;914.5;NA;NA;1.0683433570257;"No"
30;"30_B5";"B5";"B329_LIKE+F16";1206;0.184900001;"B";"5";"n";110.4537;914.5;NA;NA;1.31875341716785;"No"
30;"30_B6";"B6";"B329_LIKE+F16";977;0.146799996;"B";"6";"n";110.4537;914.5;NA;NA;1.0683433570257;"No"
30;"30_B7";"B7";"B329_LIKE+F16";958;0.136800006;"B";"7";"n";110.4537;914.5;NA;NA;1.04756697648989;"No"
30;"30_B8";"B8";"B329_LIKE+F16";922;0.137500003;"B";"8";"n";110.4537;914.5;NA;NA;1.00820120284308;"No"
30;"30_B9";"B9";"B329_LIKE+F16";825;0.127200007;"B";"9";"n";110.4537;914.5;NA;NA;0.902132312739202;"No"
30;"30_C10";"C10";"B329_LIKE+F16";836;0.128600001;"C";"10";"n";110.4537;914.5;NA;NA;0.914160743575724;"No"
30;"30_C11";"C11";"B329_LIKE+F16";1055;0.144899994;"C";"11";"n";110.4537;914.5;NA;NA;1.15363586659377;"No"
30;"30_C2";"C2";"B329_LIKE+F16";870;0.137999997;"C";"2";"n";110.4537;914.5;NA;NA;0.951339529797704;"No"
30;"30_C3";"C3";"B329_LIKE+F16";869;0.1303;"C";"3";"n";110.4537;914.5;NA;NA;0.950246036085292;"No"
30;"30_C4";"C4";"B329_LIKE+F16";863;0.138999999;"C";"4";"n";110.4537;914.5;NA;NA;0.943685073810826;"No"
30;"30_C5";"C5";"B329_LIKE+F16";1074;0.140400007;"C";"5";"n";110.4537;914.5;NA;NA;1.17441224712958;"No"
30;"30_C6";"C6";"B329_LIKE+F16";896;0.140400007;"C";"6";"n";110.4537;914.5;NA;NA;0.979770366320394;"No"
30;"30_C7";"C7";"B329_LIKE+F16";890;0.132400006;"C";"7";"n";110.4537;914.5;NA;NA;0.973209404045927;"No"
30;"30_C8";"C8";"B329_LIKE+F16";872;0.128999993;"C";"8";"n";110.4537;914.5;NA;NA;0.953526517222526;"No"
30;"30_C9";"C9";"B329_LIKE+F16";879;0.130600005;"C";"9";"n";110.4537;914.5;NA;NA;0.961180973209404;"No"
30;"30_D10";"D10";"B329_LIKE+F16";1517;0.146699995;"D";"10";"n";110.4537;914.5;NA;NA;1.65882996172772;"No"
30;"30_D11";"D11";"B329_LIKE+F16";1144;0.139799997;"D";"11";"n";110.4537;914.5;NA;NA;1.25095680699836;"No"
30;"30_D2";"D2";"B329_LIKE+F16";857;0.135800004;"D";"2";"n";110.4537;914.5;NA;NA;0.937124111536359;"No"
30;"30_D3";"D3";"B329_LIKE+F16";848;0.130500004;"D";"3";"n";110.4537;914.5;NA;NA;0.927282668124658;"No"
30;"30_D4";"D4";"B329_LIKE+F16";842;0.133699998;"D";"4";"n";110.4537;914.5;NA;NA;0.920721705850191;"No"
30;"30_D5";"D5";"B329_LIKE+F16";882;0.1294;"D";"5";"n";110.4537;914.5;NA;NA;0.964461454346638;"No"
30;"30_D6";"D6";"B329_LIKE+F16";818;0.122199997;"D";"6";"n";110.4537;914.5;NA;NA;0.894477856752324;"No"
30;"30_D7";"D7";"B329_LIKE+F16";1063;0.144299999;"D";"7";"n";110.4537;914.5;NA;NA;1.16238381629306;"No"
30;"30_D8";"D8";"B329_LIKE+F16";855;0.132599995;"D";"8";"n";110.4537;914.5;NA;NA;0.934937124111536;"No"
30;"30_D9";"D9";"B329_LIKE+F16";799;0.127100006;"D";"9";"n";110.4537;914.5;NA;NA;0.873701476216512;"No"
30;"30_E10";"E10";"B329_LIKE+F16";992;0.143299997;"E";"10";"n";110.4537;914.5;NA;NA;1.08474576271186;"No"
30;"30_E11";"E11";"B329_LIKE+F16";813;0.127800003;"E";"11";"n";110.4537;914.5;NA;NA;0.889010388190268;"No"
30;"30_E2";"E2";"B329_LIKE+F16";1035;0.154499993;"E";"2";"n";110.4537;914.5;NA;NA;1.13176599234554;"No"
30;"30_E3";"E3";"B329_LIKE+F16";911;0.147699997;"E";"3";"n";110.4537;914.5;NA;NA;0.996172772006561;"No"
30;"30_E4";"E4";"B329_LIKE+F16";944;0.146699995;"E";"4";"n";110.4537;914.5;NA;NA;1.03225806451613;"No"
30;"30_E5";"E5";"B329_LIKE+F16";929;0.156299993;"E";"5";"n";110.4537;914.5;NA;NA;1.01585565882996;"No"
30;"30_E6";"E6";"B329_LIKE+F16";980;0.1417;"E";"6";"n";110.4537;914.5;NA;NA;1.07162383816293;"No"
30;"30_E7";"E7";"B329_LIKE+F16";1080;0.143700004;"E";"7";"n";110.4537;914.5;NA;NA;1.18097320940405;"No"
30;"30_E8";"E8";"B329_LIKE+F16";1071;0.153600007;"E";"8";"n";110.4537;914.5;NA;NA;1.17113176599235;"No"
30;"30_E9";"E9";"B329_LIKE+F16";1136;0.147699997;"E";"9";"n";110.4537;914.5;NA;NA;1.24220885729907;"No"
30;"30_F10";"F10";"B329_LIKE+F16";915;0.1294;"F";"10";"n";110.4537;914.5;NA;NA;1.00054674685621;"No"
30;"30_F11";"F11";"B329_LIKE+F16";838;0.129199997;"F";"11";"n";110.4537;914.5;NA;NA;0.916347731000547;"No"
30;"30_F2";"F2";"B329_LIKE+F16";859;0.145400003;"F";"2";"n";110.4537;914.5;NA;NA;0.939311098961181;"No"
30;"30_F3";"F3";"B329_LIKE+F16";946;0.150299996;"F";"3";"n";110.4537;914.5;NA;NA;1.03444505194095;"No"
30;"30_F4";"F4";"B329_LIKE+F16";946;0.136800006;"F";"4";"n";110.4537;914.5;NA;NA;1.03444505194095;"No"
30;"30_F5";"F5";"B329_LIKE+F16";833;0.128399998;"F";"5";"n";110.4537;914.5;NA;NA;0.910880262438491;"No"
30;"30_F6";"F6";"B329_LIKE+F16";885;0.125599995;"F";"6";"n";110.4537;914.5;NA;NA;0.967741935483871;"No"
30;"30_F7";"F7";"B329_LIKE+F16";871;0.132699996;"F";"7";"n";110.4537;914.5;NA;NA;0.952433023510115;"No"
30;"30_F8";"F8";"B329_LIKE+F16";908;0.127599999;"F";"8";"n";110.4537;914.5;NA;NA;0.992892290869328;"No"
30;"30_F9";"F9";"B329_LIKE+F16";819;0.123099998;"F";"9";"n";110.4537;914.5;NA;NA;0.895571350464735;"No"
30;"30_G10";"G10";"B329_LIKE+F16";826;0.128299996;"G";"10";"n";110.4537;914.5;NA;NA;0.903225806451613;"No"
30;"30_G11";"G11";"B329_LIKE+F16";896;0.128999993;"G";"11";"n";110.4537;914.5;NA;NA;0.979770366320394;"No"
30;"30_G2";"G2";"B329_LIKE+F16";974;0.148200005;"G";"2";"n";110.4537;914.5;NA;NA;1.06506287588846;"No"
30;"30_G3";"G3";"B329_LIKE+F16";1150;0.161400005;"G";"3";"n";110.4537;914.5;NA;NA;1.25751776927283;"No"
30;"30_G4";"G4";"B329_LIKE+F16";914;0.142199993;"G";"4";"n";110.4537;914.5;NA;NA;0.999453253143794;"No"
30;"30_G5";"G5";"B329_LIKE+F16";1063;0.153099999;"G";"5";"n";110.4537;914.5;NA;NA;1.16238381629306;"No"
30;"30_G6";"G6";"B329_LIKE+F16";1100;0.1655;"G";"6";"n";110.4537;914.5;NA;NA;1.20284308365227;"No"
30;"30_G7";"G7";"B329_LIKE+F16";1085;0.152899995;"G";"7";"n";110.4537;914.5;NA;NA;1.1864406779661;"No"
30;"30_G8";"G8";"B329_LIKE+F16";1022;0.142900005;"G";"8";"n";110.4537;914.5;NA;NA;1.1175505740842;"No"
30;"30_G9";"G9";"B329_LIKE+F16";1423;0.157600001;"G";"9";"n";110.4537;914.5;NA;NA;1.55604155276107;"No"
31;"31_B10";"B10";"B329_LIKE+F16";794;0.119499996;"B";"10";"n";93.4038;846;NA;NA;0.938534278959811;"No"
31;"31_B11";"B11";"B329_LIKE+F16";1249;0.133000001;"B";"11";"n";93.4038;846;NA;NA;1.47635933806147;"No"
31;"31_B2";"B2";"B329_LIKE+F16";1032;0.1602;"B";"2";"n";93.4038;846;NA;NA;1.21985815602837;"No"
31;"31_B3";"B3";"B329_LIKE+F16";784;0.126300007;"B";"3";"n";93.4038;846;NA;NA;0.926713947990544;"No"
31;"31_B4";"B4";"B329_LIKE+F16";779;0.128000006;"B";"4";"n";93.4038;846;NA;NA;0.92080378250591;"No"
31;"31_B5";"B5";"B329_LIKE+F16";784;0.124600001;"B";"5";"n";93.4038;846;NA;NA;0.926713947990544;"No"
31;"31_B6";"B6";"B329_LIKE+F16";738;0.119800001;"B";"6";"n";93.4038;846;NA;NA;0.872340425531915;"No"
31;"31_B7";"B7";"B329_LIKE+F16";781;0.122599997;"B";"7";"n";93.4038;846;NA;NA;0.923167848699764;"No"
31;"31_B8";"B8";"B329_LIKE+F16";792;0.122299999;"B";"8";"n";93.4038;846;NA;NA;0.936170212765957;"No"
31;"31_B9";"B9";"B329_LIKE+F16";739;0.120099999;"B";"9";"n";93.4038;846;NA;NA;0.873522458628842;"No"
31;"31_C10";"C10";"B329_LIKE+F16";810;0.124499999;"C";"10";"n";93.4038;846;NA;NA;0.957446808510638;"No"
31;"31_C11";"C11";"B329_LIKE+F16";806;0.132499993;"C";"11";"n";93.4038;846;NA;NA;0.952718676122931;"No"
31;"31_C2";"C2";"B329_LIKE+F16";823;0.136500001;"C";"2";"n";93.4038;846;NA;NA;0.972813238770686;"No"
31;"31_C3";"C3";"B329_LIKE+F16";744;0.127299994;"C";"3";"n";93.4038;846;NA;NA;0.879432624113475;"No"
31;"31_C4";"C4";"B329_LIKE+F16";783;0.128099993;"C";"4";"n";93.4038;846;NA;NA;0.925531914893617;"No"
31;"31_C5";"C5";"B329_LIKE+F16";814;0.125400007;"C";"5";"n";93.4038;846;NA;NA;0.962174940898345;"No"
31;"31_C6";"C6";"B329_LIKE+F16";731;0.118600003;"C";"6";"n";93.4038;846;NA;NA;0.864066193853428;"No"
31;"31_C7";"C7";"B329_LIKE+F16";758;0.121200003;"C";"7";"n";93.4038;846;NA;NA;0.895981087470449;"No"
31;"31_C8";"C8";"B329_LIKE+F16";782;0.123000003;"C";"8";"n";93.4038;846;NA;NA;0.92434988179669;"No"
31;"31_C9";"C9";"B329_LIKE+F16";736;0.1197;"C";"9";"n";93.4038;846;NA;NA;0.869976359338062;"No"
31;"31_D10";"D10";"B329_LIKE+F16";765;0.118500002;"D";"10";"n";93.4038;846;NA;NA;0.904255319148936;"No"
31;"31_D3";"D3";"B329_LIKE+F16";743;0.127299994;"D";"3";"n";93.4038;846;NA;NA;0.878250591016548;"No"
31;"31_D4";"D4";"B329_LIKE+F16";714;0.123599999;"D";"4";"n";93.4038;846;NA;NA;0.843971631205674;"No"
31;"31_D5";"D5";"B329_LIKE+F16";790;0.122000001;"D";"5";"n";93.4038;846;NA;NA;0.933806146572104;"No"
31;"31_D6";"D6";"B329_LIKE+F16";947;0.124200001;"D";"6";"n";93.4038;846;NA;NA;1.1193853427896;"No"
31;"31_D7";"D7";"B329_LIKE+F16";744;0.118299998;"D";"7";"n";93.4038;846;NA;NA;0.879432624113475;"No"
31;"31_D8";"D8";"B329_LIKE+F16";759;0.1215;"D";"8";"n";93.4038;846;NA;NA;0.897163120567376;"No"
31;"31_D9";"D9";"B329_LIKE+F16";983;0.137500003;"D";"9";"n";93.4038;846;NA;NA;1.16193853427896;"No"
31;"31_E10";"E10";"B329_LIKE+F16";913;0.128800005;"E";"10";"n";93.4038;846;NA;NA;1.07919621749409;"No"
31;"31_E11";"E11";"B329_LIKE+F16";1051;0.155699998;"E";"11";"n";93.4038;846;NA;NA;1.24231678486998;"No"
31;"31_E2";"E2";"B329_LIKE+F16";839;0.142700002;"E";"2";"n";93.4038;846;NA;NA;0.991725768321513;"No"
31;"31_E3";"E3";"B329_LIKE+F16";853;0.138999999;"E";"3";"n";93.4038;846;NA;NA;1.00827423167849;"No"
31;"31_E4";"E4";"B329_LIKE+F16";913;0.1417;"E";"4";"n";93.4038;846;NA;NA;1.07919621749409;"No"
31;"31_E5";"E5";"B329_LIKE+F16";837;0.134900004;"E";"5";"n";93.4038;846;NA;NA;0.98936170212766;"No"
31;"31_E6";"E6";"B329_LIKE+F16";823;0.135000005;"E";"6";"n";93.4038;846;NA;NA;0.972813238770686;"No"
31;"31_E7";"E7";"B329_LIKE+F16";877;0.136999995;"E";"7";"n";93.4038;846;NA;NA;1.03664302600473;"No"
31;"31_E8";"E8";"B329_LIKE+F16";868;0.136500001;"E";"8";"n";93.4038;846;NA;NA;1.02600472813239;"No"
31;"31_E9";"E9";"B329_LIKE+F16";843;0.136399999;"E";"9";"n";93.4038;846;NA;NA;0.99645390070922;"No"
31;"31_F10";"F10";"B329_LIKE+F16";955;0.142000005;"F";"10";"n";93.4038;846;NA;NA;1.12884160756501;"No"
31;"31_F11";"F11";"B329_LIKE+F16";919;0.140100002;"F";"11";"n";93.4038;846;NA;NA;1.08628841607565;"No"
31;"31_F2";"F2";"B329_LIKE+F16";979;0.144500002;"F";"2";"n";93.4038;846;NA;NA;1.15721040189125;"No"
31;"31_F3";"F3";"B329_LIKE+F16";1129;0.164800003;"F";"3";"n";93.4038;846;NA;NA;1.33451536643026;"No"
31;"31_F4";"F4";"B329_LIKE+F16";909;0.145899996;"F";"4";"n";93.4038;846;NA;NA;1.07446808510638;"No"
31;"31_F5";"F5";"B329_LIKE+F16";1022;0.149399996;"F";"5";"n";93.4038;846;NA;NA;1.2080378250591;"No"
31;"31_F6";"F6";"B329_LIKE+F16";908;0.146400005;"F";"6";"n";93.4038;846;NA;NA;1.07328605200946;"No"
31;"31_F7";"F7";"B329_LIKE+F16";1301;0.148200005;"F";"7";"n";93.4038;846;NA;NA;1.53782505910165;"No"
31;"31_F8";"F8";"B329_LIKE+F16";863;0.128800005;"F";"8";"n";93.4038;846;NA;NA;1.02009456264775;"No"
31;"31_F9";"F9";"B329_LIKE+F16";862;0.135199994;"F";"9";"n";93.4038;846;NA;NA;1.01891252955083;"No"
31;"31_G10";"G10";"B329_LIKE+F16";849;0.130600005;"G";"10";"n";93.4038;846;NA;NA;1.00354609929078;"No"
31;"31_G11";"G11";"B329_LIKE+F16";862;0.131799996;"G";"11";"n";93.4038;846;NA;NA;1.01891252955083;"No"
31;"31_G2";"G2";"B329_LIKE+F16";808;0.135299996;"G";"2";"n";93.4038;846;NA;NA;0.955082742316785;"No"
31;"31_G3";"G3";"B329_LIKE+F16";1490;0.157600001;"G";"3";"n";93.4038;846;NA;NA;1.7612293144208;"No"
31;"31_G4";"G4";"B329_LIKE+F16";823;0.131500006;"G";"4";"n";93.4038;846;NA;NA;0.972813238770686;"No"
31;"31_G5";"G5";"B329_LIKE+F16";836;0.145099998;"G";"5";"n";93.4038;846;NA;NA;0.988179669030733;"No"
31;"31_G6";"G6";"B329_LIKE+F16";856;0.129899994;"G";"6";"n";93.4038;846;NA;NA;1.01182033096927;"No"
31;"31_G7";"G7";"B329_LIKE+F16";908;0.136399999;"G";"7";"n";93.4038;846;NA;NA;1.07328605200946;"No"
31;"31_G8";"G8";"B329_LIKE+F16";907;0.135299996;"G";"8";"n";93.4038;846;NA;NA;1.07210401891253;"No"
31;"31_G9";"G9";"B329_LIKE+F16";851;0.127800003;"G";"9";"n";93.4038;846;NA;NA;1.00591016548463;"No"
32;"32_B10";"B10";"B329_LIKE+F16";850;0.128999993;"B";"10";"n";114.1602;838;NA;NA;1.01431980906921;"No"
32;"32_B11";"B11";"B329_LIKE+F16";991;0.135700002;"B";"11";"n";114.1602;838;NA;NA;1.18257756563246;"No"
32;"32_B2";"B2";"B329_LIKE+F16";757;0.129700005;"B";"2";"n";114.1602;838;NA;NA;0.903341288782816;"No"
32;"32_B3";"B3";"B329_LIKE+F16";1758;0.167199999;"B";"3";"n";114.1602;838;NA;NA;2.09785202863962;"No"
32;"32_B4";"B4";"B329_LIKE+F16";836;0.1347;"B";"4";"n";114.1602;838;NA;NA;0.997613365155131;"No"
32;"32_B5";"B5";"B329_LIKE+F16";793;0.133699998;"B";"5";"n";114.1602;838;NA;NA;0.946300715990454;"No"
32;"32_B6";"B6";"B329_LIKE+F16";1178;0.156599998;"B";"6";"n";114.1602;838;NA;NA;1.40572792362768;"No"
32;"32_B7";"B7";"B329_LIKE+F16";763;0.122000001;"B";"7";"n";114.1602;838;NA;NA;0.910501193317422;"No"
32;"32_B8";"B8";"B329_LIKE+F16";847;0.128700003;"B";"8";"n";114.1602;838;NA;NA;1.01073985680191;"No"
32;"32_B9";"B9";"B329_LIKE+F16";795;0.131099999;"B";"9";"n";114.1602;838;NA;NA;0.948687350835322;"No"
32;"32_C10";"C10";"B329_LIKE+F16";840;0.123400003;"C";"10";"n";114.1602;838;NA;NA;1.00238663484487;"No"
32;"32_C11";"C11";"B329_LIKE+F16";793;0.126100004;"C";"11";"n";114.1602;838;NA;NA;0.946300715990454;"No"
32;"32_C2";"C2";"B329_LIKE+F16";893;0.137500003;"C";"2";"n";114.1602;838;NA;NA;1.06563245823389;"No"
32;"32_C3";"C3";"B329_LIKE+F16";766;0.132200003;"C";"3";"n";114.1602;838;NA;NA;0.914081145584726;"No"
32;"32_C4";"C4";"B329_LIKE+F16";773;0.130400002;"C";"4";"n";114.1602;838;NA;NA;0.922434367541766;"No"
32;"32_C5";"C5";"B329_LIKE+F16";812;0.131999999;"C";"5";"n";114.1602;838;NA;NA;0.968973747016706;"No"
32;"32_C6";"C6";"B329_LIKE+F16";784;0.1259;"C";"6";"n";114.1602;838;NA;NA;0.935560859188544;"No"
32;"32_C7";"C7";"B329_LIKE+F16";862;0.1338;"C";"7";"n";114.1602;838;NA;NA;1.02863961813842;"No"
32;"32_C8";"C8";"B329_LIKE+F16";799;0.123999998;"C";"8";"n";114.1602;838;NA;NA;0.95346062052506;"No"
32;"32_C9";"C9";"B329_LIKE+F16";803;0.122000001;"C";"9";"n";114.1602;838;NA;NA;0.958233890214797;"No"
32;"32_D10";"D10";"B329_LIKE+F16";900;0.132200003;"D";"10";"n";114.1602;838;NA;NA;1.07398568019093;"No"
32;"32_D11";"D11";"B329_LIKE+F16";898;0.140300006;"D";"11";"n";114.1602;838;NA;NA;1.07159904534606;"No"
32;"32_D2";"D2";"B329_LIKE+F16";747;0.135499999;"D";"2";"n";114.1602;838;NA;NA;0.891408114558473;"No"
32;"32_D3";"D3";"B329_LIKE+F16";832;0.137099996;"D";"3";"n";114.1602;838;NA;NA;0.992840095465394;"No"
32;"32_D4";"D4";"B329_LIKE+F16";813;0.130700007;"D";"4";"n";114.1602;838;NA;NA;0.970167064439141;"No"
32;"32_D5";"D5";"B329_LIKE+F16";1043;0.128399998;"D";"5";"n";114.1602;838;NA;NA;1.24463007159905;"No"
32;"32_D6";"D6";"B329_LIKE+F16";792;0.132499993;"D";"6";"n";114.1602;838;NA;NA;0.945107398568019;"No"
32;"32_D7";"D7";"B329_LIKE+F16";1074;0.132100001;"D";"7";"n";114.1602;838;NA;NA;1.28162291169451;"No"
32;"32_D8";"D8";"B329_LIKE+F16";1200;0.139300004;"D";"8";"n";114.1602;838;NA;NA;1.43198090692124;"No"
32;"32_D9";"D9";"B329_LIKE+F16";823;0.135600001;"D";"9";"n";114.1602;838;NA;NA;0.982100238663485;"No"
32;"32_E10";"E10";"B329_LIKE+F16";774;0.132699996;"E";"10";"n";114.1602;838;NA;NA;0.9236276849642;"No"
32;"32_E11";"E11";"B329_LIKE+F16";819;0.135100007;"E";"11";"n";114.1602;838;NA;NA;0.977326968973747;"No"
32;"32_E2";"E2";"B329_LIKE+F16";924;0.151199996;"E";"2";"n";114.1602;838;NA;NA;1.10262529832936;"No"
32;"32_E3";"E3";"B329_LIKE+F16";740;0.132499993;"E";"3";"n";114.1602;838;NA;NA;0.883054892601432;"No"
32;"32_E4";"E4";"B329_LIKE+F16";688;0.154499993;"E";"4";"n";114.1602;838;NA;NA;0.821002386634845;"No"
32;"32_E5";"E5";"B329_LIKE+F16";791;0.136299998;"E";"5";"n";114.1602;838;NA;NA;0.943914081145585;"No"
32;"32_E6";"E6";"B329_LIKE+F16";825;0.137999997;"E";"6";"n";114.1602;838;NA;NA;0.984486873508353;"No"
32;"32_E7";"E7";"B329_LIKE+F16";734;0.1382;"E";"7";"n";114.1602;838;NA;NA;0.875894988066826;"No"
32;"32_E8";"E8";"B329_LIKE+F16";721;0.137600005;"E";"8";"n";114.1602;838;NA;NA;0.860381861575179;"No"
32;"32_E9";"E9";"B329_LIKE+F16";703;0.135100007;"E";"9";"n";114.1602;838;NA;NA;0.83890214797136;"No"
32;"32_F10";"F10";"B329_LIKE+F16";772;0.123099998;"F";"10";"n";114.1602;838;NA;NA;0.921241050119332;"No"
32;"32_F11";"F11";"B329_LIKE+F16";790;0.123599999;"F";"11";"n";114.1602;838;NA;NA;0.94272076372315;"No"
32;"32_F2";"F2";"B329_LIKE+F16";704;0.125699997;"F";"2";"n";114.1602;838;NA;NA;0.840095465393795;"No"
32;"32_F3";"F3";"B329_LIKE+F16";721;0.126100004;"F";"3";"n";114.1602;838;NA;NA;0.860381861575179;"No"
32;"32_F4";"F4";"B329_LIKE+F16";746;0.123899996;"F";"4";"n";114.1602;838;NA;NA;0.890214797136038;"No"
32;"32_F5";"F5";"B329_LIKE+F16";751;0.126300007;"F";"5";"n";114.1602;838;NA;NA;0.89618138424821;"No"
32;"32_F6";"F6";"B329_LIKE+F16";825;0.124799997;"F";"6";"n";114.1602;838;NA;NA;0.984486873508353;"No"
32;"32_F7";"F7";"B329_LIKE+F16";944;0.1347;"F";"7";"n";114.1602;838;NA;NA;1.12649164677804;"No"
32;"32_F8";"F8";"B329_LIKE+F16";807;0.136999995;"F";"8";"n";114.1602;838;NA;NA;0.963007159904535;"No"
32;"32_F9";"F9";"B329_LIKE+F16";763;0.133300006;"F";"9";"n";114.1602;838;NA;NA;0.910501193317422;"No"
32;"32_G10";"G10";"B329_LIKE+F16";934;0.135199994;"G";"10";"n";114.1602;838;NA;NA;1.1145584725537;"No"
32;"32_G11";"G11";"B329_LIKE+F16";947;0.139500007;"G";"11";"n";114.1602;838;NA;NA;1.13007159904535;"No"
32;"32_G2";"G2";"B329_LIKE+F16";917;0.145099998;"G";"2";"n";114.1602;838;NA;NA;1.09427207637232;"No"
32;"32_G3";"G3";"B329_LIKE+F16";1076;0.151999995;"G";"3";"n";114.1602;838;NA;NA;1.28400954653938;"No"
32;"32_G4";"G4";"B329_LIKE+F16";833;0.135000005;"G";"4";"n";114.1602;838;NA;NA;0.994033412887828;"No"
32;"32_G5";"G5";"B329_LIKE+F16";885;0.136899993;"G";"5";"n";114.1602;838;NA;NA;1.05608591885442;"No"
32;"32_G6";"G6";"B329_LIKE+F16";869;0.131500006;"G";"6";"n";114.1602;838;NA;NA;1.03699284009547;"No"
32;"32_G7";"G7";"B329_LIKE+F16";926;0.133900002;"G";"7";"n";114.1602;838;NA;NA;1.10501193317422;"No"
32;"32_G8";"G8";"B329_LIKE+F16";794;0.128199995;"G";"8";"n";114.1602;838;NA;NA;0.947494033412888;"No"
32;"32_G9";"G9";"B329_LIKE+F16";900;0.135399997;"G";"9";"n";114.1602;838;NA;NA;1.07398568019093;"No"
33;"33_B10";"B10";"B329_LIKE+F16";990;0.149200007;"B";"10";"n";186.8076;966.5;NA;NA;1.02431453698914;"No"
33;"33_B11";"B11";"B329_LIKE+F16";1021;0.154499993;"B";"11";"n";186.8076;966.5;NA;NA;1.05638903259183;"No"
33;"33_B2";"B2";"B329_LIKE+F16";986;0.147499993;"B";"2";"n";186.8076;966.5;NA;NA;1.02017589239524;"No"
33;"33_B3";"B3";"B329_LIKE+F16";1012;0.146500006;"B";"3";"n";186.8076;966.5;NA;NA;1.04707708225556;"No"
33;"33_B4";"B4";"B329_LIKE+F16";904;0.1479;"B";"4";"n";186.8076;966.5;NA;NA;0.935333678220383;"No"
33;"33_B5";"B5";"B329_LIKE+F16";841;0.134499997;"B";"5";"n";186.8076;966.5;NA;NA;0.870150025866529;"No"
33;"33_B6";"B6";"B329_LIKE+F16";1027;0.148900002;"B";"6";"n";186.8076;966.5;NA;NA;1.06259699948267;"No"
33;"33_B7";"B7";"B329_LIKE+F16";924;0.132400006;"B";"7";"n";186.8076;966.5;NA;NA;0.95602690118986;"No"
33;"33_B8";"B8";"B329_LIKE+F16";1002;0.140599996;"B";"8";"n";186.8076;966.5;NA;NA;1.03673047077082;"No"
33;"33_B9";"B9";"B329_LIKE+F16";934;0.142399997;"B";"9";"n";186.8076;966.5;NA;NA;0.966373512674599;"No"
33;"33_C10";"C10";"B329_LIKE+F16";973;0.1206;"C";"10";"n";186.8076;966.5;NA;NA;1.00672529746508;"No"
33;"33_C11";"C11";"B329_LIKE+F16";823;0.126599997;"C";"11";"n";186.8076;966.5;NA;NA;0.851526125193999;"No"
33;"33_C2";"C2";"B329_LIKE+F16";713;0.126100004;"C";"2";"n";186.8076;966.5;NA;NA;0.737713398861873;"No"
33;"33_C3";"C3";"B329_LIKE+F16";744;0.123199999;"C";"3";"n";186.8076;966.5;NA;NA;0.769787894464563;"No"
33;"33_C4";"C4";"B329_LIKE+F16";727;0.117600001;"C";"4";"n";186.8076;966.5;NA;NA;0.752198654940507;"No"
33;"33_C5";"C5";"B329_LIKE+F16";874;0.1611;"C";"5";"n";186.8076;966.5;NA;NA;0.904293843766167;"No"
33;"33_C6";"C6";"B329_LIKE+F16";803;0.120399997;"C";"6";"n";186.8076;966.5;NA;NA;0.830832902224521;"No"
33;"33_C7";"C7";"B329_LIKE+F16";718;0.118799999;"C";"7";"n";186.8076;966.5;NA;NA;0.742886704604242;"No"
33;"33_C8";"C8";"B329_LIKE+F16";777;0.122900002;"C";"8";"n";186.8076;966.5;NA;NA;0.803931712364201;"No"
33;"33_C9";"C9";"B329_LIKE+F16";892;0.203999996;"C";"9";"n";186.8076;966.5;NA;NA;0.922917744438696;"No"
33;"33_D10";"D10";"B329_LIKE+F16";840;0.126699999;"D";"10";"n";186.8076;966.5;NA;NA;0.869115364718055;"No"
33;"33_D11";"D11";"B329_LIKE+F16";1003;0.143299997;"D";"11";"n";186.8076;966.5;NA;NA;1.0377651319193;"No"
33;"33_D2";"D2";"B329_LIKE+F16";745;0.123999998;"D";"2";"n";186.8076;966.5;NA;NA;0.770822555613037;"No"
33;"33_D3";"D3";"B329_LIKE+F16";786;0.127299994;"D";"3";"n";186.8076;966.5;NA;NA;0.813243662700466;"No"
33;"33_D4";"D4";"B329_LIKE+F16";839;0.240600005;"D";"4";"n";186.8076;966.5;NA;NA;0.868080703569581;"No"
33;"33_D5";"D5";"B329_LIKE+F16";933;0.129700005;"D";"5";"n";186.8076;966.5;NA;NA;0.965338851526125;"No"
33;"33_D6";"D6";"B329_LIKE+F16";871;0.289099991;"D";"6";"n";186.8076;966.5;NA;NA;0.901189860320745;"No"
33;"33_D7";"D7";"B329_LIKE+F16";880;0.166600004;"D";"7";"n";186.8076;966.5;NA;NA;0.91050181065701;"No"
33;"33_D8";"D8";"B329_LIKE+F16";968;0.131300002;"D";"8";"n";186.8076;966.5;NA;NA;1.00155199172271;"No"
33;"33_D9";"D9";"B329_LIKE+F16";1021;0.137999997;"D";"9";"n";186.8076;966.5;NA;NA;1.05638903259183;"No"
33;"33_E10";"E10";"B329_LIKE+F16";864;0.139699996;"E";"10";"n";186.8076;966.5;NA;NA;0.893947232281428;"No"
33;"33_E11";"E11";"B329_LIKE+F16";860;0.133900002;"E";"11";"n";186.8076;966.5;NA;NA;0.889808587687532;"No"
33;"33_E2";"E2";"B329_LIKE+F16";1483;0.183500007;"E";"2";"n";186.8076;966.5;NA;NA;1.53440248318676;"No"
33;"33_E3";"E3";"B329_LIKE+F16";799;0.133100003;"E";"3";"n";186.8076;966.5;NA;NA;0.826694257630626;"No"
33;"33_E4";"E4";"B329_LIKE+F16";830;0.132699996;"E";"4";"n";186.8076;966.5;NA;NA;0.858768753233316;"No"
33;"33_E5";"E5";"B329_LIKE+F16";826;0.126499996;"E";"5";"n";186.8076;966.5;NA;NA;0.854630108639421;"No"
33;"33_E6";"E6";"B329_LIKE+F16";816;0.132599995;"E";"6";"n";186.8076;966.5;NA;NA;0.844283497154682;"No"
33;"33_E7";"E7";"B329_LIKE+F16";796;0.135199994;"E";"7";"n";186.8076;966.5;NA;NA;0.823590274185204;"No"
33;"33_E8";"E8";"B329_LIKE+F16";974;0.139799997;"E";"8";"n";186.8076;966.5;NA;NA;1.00775995861355;"No"
33;"33_E9";"E9";"B329_LIKE+F16";809;0.128199995;"E";"9";"n";186.8076;966.5;NA;NA;0.837040869115365;"No"
33;"33_F10";"F10";"B329_LIKE+F16";1046;0.145899996;"F";"10";"n";186.8076;966.5;NA;NA;1.08225556130367;"No"
33;"33_F11";"F11";"B329_LIKE+F16";1267;0.1426;"F";"11";"n";186.8076;966.5;NA;NA;1.3109156751164;"No"
33;"33_F2";"F2";"B329_LIKE+F16";853;0.1417;"F";"2";"n";186.8076;966.5;NA;NA;0.882565959648215;"No"
33;"33_F3";"F3";"B329_LIKE+F16";856;0.149399996;"F";"3";"n";186.8076;966.5;NA;NA;0.885669943093637;"No"
33;"33_F4";"F4";"B329_LIKE+F16";910;0.148200005;"F";"4";"n";186.8076;966.5;NA;NA;0.941541645111226;"No"
33;"33_F5";"F5";"B329_LIKE+F16";1322;0.165199995;"F";"5";"n";186.8076;966.5;NA;NA;1.36782203828246;"No"
33;"33_F6";"F6";"B329_LIKE+F16";1058;0.1426;"F";"6";"n";186.8076;966.5;NA;NA;1.09467149508536;"No"
33;"33_F7";"F7";"B329_LIKE+F16";986;0.145400003;"F";"7";"n";186.8076;966.5;NA;NA;1.02017589239524;"No"
33;"33_F8";"F8";"B329_LIKE+F16";950;0.139200002;"F";"8";"n";186.8076;966.5;NA;NA;0.982928091050181;"No"
33;"33_F9";"F9";"B329_LIKE+F16";965;0.1347;"F";"9";"n";186.8076;966.5;NA;NA;0.998448008277289;"No"
33;"33_G10";"G10";"B329_LIKE+F16";1123;0.160099998;"G";"10";"n";186.8076;966.5;NA;NA;1.16192446973616;"No"
33;"33_G11";"G11";"B329_LIKE+F16";1146;0.1435;"G";"11";"n";186.8076;966.5;NA;NA;1.18572167615106;"No"
33;"33_G2";"G2";"B329_LIKE+F16";1103;0.202999994;"G";"2";"n";186.8076;966.5;NA;NA;1.14123124676668;"No"
33;"33_G3";"G3";"B329_LIKE+F16";935;0.149299994;"G";"3";"n";186.8076;966.5;NA;NA;0.967408173823073;"No"
33;"33_G4";"G4";"B329_LIKE+F16";926;0.141000003;"G";"4";"n";186.8076;966.5;NA;NA;0.958096223486808;"No"
33;"33_G5";"G5";"B329_LIKE+F16";1098;0.151299998;"G";"5";"n";186.8076;966.5;NA;NA;1.13605794102431;"No"
33;"33_G6";"G6";"B329_LIKE+F16";1144;0.165399998;"G";"6";"n";186.8076;966.5;NA;NA;1.18365235385411;"No"
33;"33_G7";"G7";"B329_LIKE+F16";1204;0.166299999;"G";"7";"n";186.8076;966.5;NA;NA;1.24573202276255;"No"
33;"33_G8";"G8";"B329_LIKE+F16";1108;0.186299995;"G";"8";"n";186.8076;966.5;NA;NA;1.14640455250905;"No"
33;"33_G9";"G9";"B329_LIKE+F16";1105;0.148300007;"G";"9";"n";186.8076;966.5;NA;NA;1.14330056906363;"No"
34;"34_B10";"B10";"B329_LIKE+F16";931;0.144800007;"B";"10";"n";114.1602;845;NA;NA;1.10177514792899;"No"
34;"34_B11";"B11";"B329_LIKE+F16";903;0.143000007;"B";"11";"n";114.1602;845;NA;NA;1.06863905325444;"No"
34;"34_B2";"B2";"B329_LIKE+F16";845;0.137199998;"B";"2";"n";114.1602;845;NA;NA;1;"No"
34;"34_B3";"B3";"B329_LIKE+F16";831;0.145300001;"B";"3";"n";114.1602;845;NA;NA;0.983431952662722;"No"
34;"34_B4";"B4";"B329_LIKE+F16";856;0.145899996;"B";"4";"n";114.1602;845;NA;NA;1.01301775147929;"No"
34;"34_B5";"B5";"B329_LIKE+F16";825;0.134399995;"B";"5";"n";114.1602;845;NA;NA;0.976331360946746;"No"
34;"34_B6";"B6";"B329_LIKE+F16";792;0.128999993;"B";"6";"n";114.1602;845;NA;NA;0.937278106508876;"No"
34;"34_B7";"B7";"B329_LIKE+F16";881;0.137199998;"B";"7";"n";114.1602;845;NA;NA;1.04260355029586;"No"
34;"34_B8";"B8";"B329_LIKE+F16";848;0.130099997;"B";"8";"n";114.1602;845;NA;NA;1.00355029585799;"No"
34;"34_B9";"B9";"B329_LIKE+F16";953;0.146500006;"B";"9";"n";114.1602;845;NA;NA;1.12781065088757;"No"
34;"34_C10";"C10";"B329_LIKE+F16";872;0.147300005;"C";"10";"n";114.1602;845;NA;NA;1.03195266272189;"No"
34;"34_C11";"C11";"B329_LIKE+F16";948;0.143600002;"C";"11";"n";114.1602;845;NA;NA;1.12189349112426;"No"
34;"34_C2";"C2";"B329_LIKE+F16";1069;0.1391;"C";"2";"n";114.1602;845;NA;NA;1.26508875739645;"No"
34;"34_C3";"C3";"B329_LIKE+F16";722;0.123499997;"C";"3";"n";114.1602;845;NA;NA;0.854437869822485;"No"
34;"34_C4";"C4";"B329_LIKE+F16";704;0.126900002;"C";"4";"n";114.1602;845;NA;NA;0.833136094674556;"No"
34;"34_C5";"C5";"B329_LIKE+F16";698;0.123999998;"C";"5";"n";114.1602;845;NA;NA;0.82603550295858;"No"
34;"34_C6";"C6";"B329_LIKE+F16";1525;0.158999994;"C";"6";"n";114.1602;845;NA;NA;1.80473372781065;"No"
34;"34_C7";"C7";"B329_LIKE+F16";862;0.143600002;"C";"7";"n";114.1602;845;NA;NA;1.02011834319527;"No"
34;"34_C8";"C8";"B329_LIKE+F16";900;0.140200004;"C";"8";"n";114.1602;845;NA;NA;1.06508875739645;"No"
34;"34_C9";"C9";"B329_LIKE+F16";914;0.142100006;"C";"9";"n";114.1602;845;NA;NA;1.08165680473373;"No"
34;"34_D10";"D10";"B329_LIKE+F16";865;0.142700002;"D";"10";"n";114.1602;845;NA;NA;1.02366863905325;"No"
34;"34_D11";"D11";"B329_LIKE+F16";869;0.135399997;"D";"11";"n";114.1602;845;NA;NA;1.02840236686391;"No"
34;"34_D2";"D2";"B329_LIKE+F16";607;0.117299996;"D";"2";"n";114.1602;845;NA;NA;0.718343195266272;"No"
34;"34_D3";"D3";"B329_LIKE+F16";666;0.118600003;"D";"3";"n";114.1602;845;NA;NA;0.788165680473373;"No"
34;"34_D4";"D4";"B329_LIKE+F16";754;0.106899999;"D";"4";"n";114.1602;845;NA;NA;0.892307692307692;"No"
34;"34_D5";"D5";"B329_LIKE+F16";856;0.137899995;"D";"5";"n";114.1602;845;NA;NA;1.01301775147929;"No"
34;"34_D6";"D6";"B329_LIKE+F16";909;0.150099993;"D";"6";"n";114.1602;845;NA;NA;1.07573964497041;"No"
34;"34_D7";"D7";"B329_LIKE+F16";805;0.128299996;"D";"7";"n";114.1602;845;NA;NA;0.952662721893491;"No"
34;"34_D8";"D8";"B329_LIKE+F16";942;0.145899996;"D";"8";"n";114.1602;845;NA;NA;1.11479289940828;"No"
34;"34_D9";"D9";"B329_LIKE+F16";925;0.145899996;"D";"9";"n";114.1602;845;NA;NA;1.09467455621302;"No"
34;"34_E10";"E10";"B329_LIKE+F16";653;0.1175;"E";"10";"n";114.1602;845;NA;NA;0.772781065088757;"No"
34;"34_E11";"E11";"B329_LIKE+F16";790;0.1259;"E";"11";"n";114.1602;845;NA;NA;0.93491124260355;"No"
34;"34_E2";"E2";"B329_LIKE+F16";736;0.128600001;"E";"2";"n";114.1602;845;NA;NA;0.871005917159763;"No"
34;"34_E3";"E3";"B329_LIKE+F16";671;0.1435;"E";"3";"n";114.1602;845;NA;NA;0.794082840236686;"No"
34;"34_E4";"E4";"B329_LIKE+F16";728;0.127299994;"E";"4";"n";114.1602;845;NA;NA;0.861538461538462;"No"
34;"34_E5";"E5";"B329_LIKE+F16";651;0.116800003;"E";"5";"n";114.1602;845;NA;NA;0.770414201183432;"No"
34;"34_E6";"E6";"B329_LIKE+F16";723;0.133100003;"E";"6";"n";114.1602;845;NA;NA;0.855621301775148;"No"
34;"34_E7";"E7";"B329_LIKE+F16";648;0.128299996;"E";"7";"n";114.1602;845;NA;NA;0.766863905325444;"No"
34;"34_E8";"E8";"B329_LIKE+F16";756;0.140200004;"E";"8";"n";114.1602;845;NA;NA;0.894674556213018;"No"
34;"34_E9";"E9";"B329_LIKE+F16";753;0.131099999;"E";"9";"n";114.1602;845;NA;NA;0.89112426035503;"No"
34;"34_F10";"F10";"B329_LIKE+F16";1382;0.155699998;"F";"10";"n";114.1602;845;NA;NA;1.63550295857988;"No"
34;"34_F11";"F11";"B329_LIKE+F16";842;0.138099998;"F";"11";"n";114.1602;845;NA;NA;0.996449704142012;"No"
34;"34_F2";"F2";"B329_LIKE+F16";717;0.132499993;"F";"2";"n";114.1602;845;NA;NA;0.848520710059172;"No"
34;"34_F3";"F3";"B329_LIKE+F16";691;0.116599999;"F";"3";"n";114.1602;845;NA;NA;0.817751479289941;"No"
34;"34_F4";"F4";"B329_LIKE+F16";679;0.120200001;"F";"4";"n";114.1602;845;NA;NA;0.803550295857988;"No"
34;"34_F5";"F5";"B329_LIKE+F16";818;0.131500006;"F";"5";"n";114.1602;845;NA;NA;0.968047337278107;"No"
34;"34_F6";"F6";"B329_LIKE+F16";850;0.132100001;"F";"6";"n";114.1602;845;NA;NA;1.00591715976331;"No"
34;"34_F7";"F7";"B329_LIKE+F16";777;0.128600001;"F";"7";"n";114.1602;845;NA;NA;0.919526627218935;"No"
34;"34_F8";"F8";"B329_LIKE+F16";853;0.137999997;"F";"8";"n";114.1602;845;NA;NA;1.0094674556213;"No"
34;"34_F9";"F9";"B329_LIKE+F16";843;0.135100007;"F";"9";"n";114.1602;845;NA;NA;0.997633136094675;"No"
34;"34_G10";"G10";"B329_LIKE+F16";1081;0.156200007;"G";"10";"n";114.1602;845;NA;NA;1.2792899408284;"No"
34;"34_G11";"G11";"B329_LIKE+F16";902;0.147300005;"G";"11";"n";114.1602;845;NA;NA;1.06745562130178;"No"
34;"34_G2";"G2";"B329_LIKE+F16";795;0.129199997;"G";"2";"n";114.1602;845;NA;NA;0.940828402366864;"No"
34;"34_G3";"G3";"B329_LIKE+F16";774;0.128299996;"G";"3";"n";114.1602;845;NA;NA;0.915976331360947;"No"
34;"34_G4";"G4";"B329_LIKE+F16";769;0.132499993;"G";"4";"n";114.1602;845;NA;NA;0.910059171597633;"No"
34;"34_G5";"G5";"B329_LIKE+F16";899;0.145099998;"G";"5";"n";114.1602;845;NA;NA;1.06390532544379;"No"
34;"34_G6";"G6";"B329_LIKE+F16";939;0.150900006;"G";"6";"n";114.1602;845;NA;NA;1.1112426035503;"No"
34;"34_G7";"G7";"B329_LIKE+F16";951;0.144999996;"G";"7";"n";114.1602;845;NA;NA;1.12544378698225;"No"
34;"34_G8";"G8";"B329_LIKE+F16";951;0.143199995;"G";"8";"n";114.1602;845;NA;NA;1.12544378698225;"No"
34;"34_G9";"G9";"B329_LIKE+F16";896;0.142199993;"G";"9";"n";114.1602;845;NA;NA;1.0603550295858;"No"
35;"35_B10";"B10";"B329_LIKE+F16";989;0.298700005;"B";"10";"n";138.6231;920;NA;NA;1.075;"No"
35;"35_B11";"B11";"B329_LIKE+F16";875;0.138999999;"B";"11";"n";138.6231;920;NA;NA;0.951086956521739;"No"
35;"35_B2";"B2";"B329_LIKE+F16";836;0.137999997;"B";"2";"n";138.6231;920;NA;NA;0.908695652173913;"No"
35;"35_B3";"B3";"B329_LIKE+F16";845;0.136000007;"B";"3";"n";138.6231;920;NA;NA;0.918478260869565;"No"
35;"35_B4";"B4";"B329_LIKE+F16";810;0.134000003;"B";"4";"n";138.6231;920;NA;NA;0.880434782608696;"No"
35;"35_B5";"B5";"B329_LIKE+F16";743;0.127700001;"B";"5";"n";138.6231;920;NA;NA;0.807608695652174;"No"
35;"35_B6";"B6";"B329_LIKE+F16";1165;0.127599999;"B";"6";"n";138.6231;920;NA;NA;1.26630434782609;"No"
35;"35_B7";"B7";"B329_LIKE+F16";966;0.227599993;"B";"7";"n";138.6231;920;NA;NA;1.05;"No"
35;"35_B8";"B8";"B329_LIKE+F16";668;0.217199996;"B";"8";"n";138.6231;920;NA;NA;0.726086956521739;"No"
35;"35_B9";"B9";"B329_LIKE+F16";860;0.271499991;"B";"9";"n";138.6231;920;NA;NA;0.934782608695652;"No"
35;"35_C10";"C10";"B329_LIKE+F16";999;0.167899996;"C";"10";"n";138.6231;920;NA;NA;1.08586956521739;"No"
35;"35_C11";"C11";"B329_LIKE+F16";857;0.140499994;"C";"11";"n";138.6231;920;NA;NA;0.931521739130435;"No"
35;"35_C2";"C2";"B329_LIKE+F16";857;0.142399997;"C";"2";"n";138.6231;920;NA;NA;0.931521739130435;"No"
35;"35_C3";"C3";"B329_LIKE+F16";880;0.139599994;"C";"3";"n";138.6231;920;NA;NA;0.956521739130435;"No"
35;"35_C4";"C4";"B329_LIKE+F16";869;0.1391;"C";"4";"n";138.6231;920;NA;NA;0.944565217391304;"No"
35;"35_C5";"C5";"B329_LIKE+F16";1186;0.169499993;"C";"5";"n";138.6231;920;NA;NA;1.28913043478261;"No"
35;"35_C6";"C6";"B329_LIKE+F16";954;0.147699997;"C";"6";"n";138.6231;920;NA;NA;1.03695652173913;"No"
35;"35_C7";"C7";"B329_LIKE+F16";1173;0.168200001;"C";"7";"n";138.6231;920;NA;NA;1.275;"No"
35;"35_C8";"C8";"B329_LIKE+F16";1075;0.163900003;"C";"8";"n";138.6231;920;NA;NA;1.16847826086957;"No"
35;"35_C9";"C9";"B329_LIKE+F16";764;0.408699989;"C";"9";"n";138.6231;920;NA;NA;0.830434782608696;"No"
35;"35_D10";"D10";"B329_LIKE+F16";836;0.244299993;"D";"10";"n";138.6231;920;NA;NA;0.908695652173913;"No"
35;"35_D11";"D11";"B329_LIKE+F16";723;0.126599997;"D";"11";"n";138.6231;920;NA;NA;0.785869565217391;"No"
35;"35_D2";"D2";"B329_LIKE+F16";830;0.134299994;"D";"2";"n";138.6231;920;NA;NA;0.902173913043478;"No"
35;"35_D3";"D3";"B329_LIKE+F16";741;0.134000003;"D";"3";"n";138.6231;920;NA;NA;0.805434782608696;"No"
35;"35_D4";"D4";"B329_LIKE+F16";788;0.1417;"D";"4";"n";138.6231;920;NA;NA;0.856521739130435;"No"
35;"35_D5";"D5";"B329_LIKE+F16";967;0.150800005;"D";"5";"n";138.6231;920;NA;NA;1.05108695652174;"No"
35;"35_D6";"D6";"B329_LIKE+F16";804;0.139599994;"D";"6";"n";138.6231;920;NA;NA;0.873913043478261;"No"
35;"35_D7";"D7";"B329_LIKE+F16";882;0.136099994;"D";"7";"n";138.6231;920;NA;NA;0.958695652173913;"No"
35;"35_D8";"D8";"B329_LIKE+F16";923;0.132699996;"D";"8";"n";138.6231;920;NA;NA;1.00326086956522;"No"
35;"35_D9";"D9";"B329_LIKE+F16";728;0.129700005;"D";"9";"n";138.6231;920;NA;NA;0.791304347826087;"No"
35;"35_E10";"E10";"B329_LIKE+F16";766;0.126200005;"E";"10";"n";138.6231;920;NA;NA;0.832608695652174;"No"
35;"35_E11";"E11";"B329_LIKE+F16";841;0.142399997;"E";"11";"n";138.6231;920;NA;NA;0.914130434782609;"No"
35;"35_E2";"E2";"B329_LIKE+F16";766;0.129700005;"E";"2";"n";138.6231;920;NA;NA;0.832608695652174;"No"
35;"35_E3";"E3";"B329_LIKE+F16";677;0.120399997;"E";"3";"n";138.6231;920;NA;NA;0.735869565217391;"No"
35;"35_E4";"E4";"B329_LIKE+F16";742;0.132100001;"E";"4";"n";138.6231;920;NA;NA;0.806521739130435;"No"
35;"35_E5";"E5";"B329_LIKE+F16";786;0.130400002;"E";"5";"n";138.6231;920;NA;NA;0.854347826086956;"No"
35;"35_E6";"E6";"B329_LIKE+F16";938;0.145699993;"E";"6";"n";138.6231;920;NA;NA;1.0195652173913;"No"
35;"35_E7";"E7";"B329_LIKE+F16";897;0.143800005;"E";"7";"n";138.6231;920;NA;NA;0.975;"No"
35;"35_E8";"E8";"B329_LIKE+F16";968;0.180000007;"E";"8";"n";138.6231;920;NA;NA;1.05217391304348;"No"
35;"35_E9";"E9";"B329_LIKE+F16";823;0.142900005;"E";"9";"n";138.6231;920;NA;NA;0.894565217391304;"No"
35;"35_F10";"F10";"B329_LIKE+F16";985;0.161300004;"F";"10";"n";138.6231;920;NA;NA;1.07065217391304;"No"
35;"35_F11";"F11";"B329_LIKE+F16";1026;0.158700004;"F";"11";"n";138.6231;920;NA;NA;1.11521739130435;"No"
35;"35_F2";"F2";"B329_LIKE+F16";1138;0.159500003;"F";"2";"n";138.6231;920;NA;NA;1.23695652173913;"No"
35;"35_F3";"F3";"B329_LIKE+F16";1080;0.168200001;"F";"3";"n";138.6231;920;NA;NA;1.17391304347826;"No"
35;"35_F4";"F4";"B329_LIKE+F16";1093;0.153999999;"F";"4";"n";138.6231;920;NA;NA;1.18804347826087;"No"
35;"35_F5";"F5";"B329_LIKE+F16";970;0.132200003;"F";"5";"n";138.6231;920;NA;NA;1.05434782608696;"No"
35;"35_F6";"F6";"B329_LIKE+F16";1036;0.206400007;"F";"6";"n";138.6231;920;NA;NA;1.12608695652174;"No"
35;"35_F7";"F7";"B329_LIKE+F16";966;0.141100004;"F";"7";"n";138.6231;920;NA;NA;1.05;"No"
35;"35_F8";"F8";"B329_LIKE+F16";919;0.149700001;"F";"8";"n";138.6231;920;NA;NA;0.998913043478261;"No"
35;"35_F9";"F9";"B329_LIKE+F16";996;0.135399997;"F";"9";"n";138.6231;920;NA;NA;1.08260869565217;"No"
35;"35_G10";"G10";"B329_LIKE+F16";1148;0.169300005;"G";"10";"n";138.6231;920;NA;NA;1.24782608695652;"No"
35;"35_G11";"G11";"B329_LIKE+F16";1092;0.172199994;"G";"11";"n";138.6231;920;NA;NA;1.18695652173913;"No"
35;"35_G2";"G2";"B329_LIKE+F16";1238;0.182999998;"G";"2";"n";138.6231;920;NA;NA;1.34565217391304;"No"
35;"35_G3";"G3";"B329_LIKE+F16";1251;0.185599998;"G";"3";"n";138.6231;920;NA;NA;1.35978260869565;"No"
35;"35_G4";"G4";"B329_LIKE+F16";1220;0.172999993;"G";"4";"n";138.6231;920;NA;NA;1.32608695652174;"No"
35;"35_G5";"G5";"B329_LIKE+F16";1250;0.196899995;"G";"5";"n";138.6231;920;NA;NA;1.35869565217391;"No"
35;"35_G6";"G6";"B329_LIKE+F16";1287;0.194199994;"G";"6";"n";138.6231;920;NA;NA;1.39891304347826;"No"
35;"35_G7";"G7";"B329_LIKE+F16";1191;0.184100002;"G";"7";"n";138.6231;920;NA;NA;1.2945652173913;"No"
35;"35_G8";"G8";"B329_LIKE+F16";1390;0.166299999;"G";"8";"n";138.6231;920;NA;NA;1.51086956521739;"No"
35;"35_G9";"G9";"B329_LIKE+F16";1086;0.168200001;"G";"9";"n";138.6231;920;NA;NA;1.1804347826087;"No"
36;"36_B10";"B10";"B329_LIKE+F16";1067;0.127700001;"B";"10";"n";216.4596;1040.5;NA;NA;1.02546852474772;"No"
36;"36_B11";"B11";"B329_LIKE+F16";1129;0.123499997;"B";"11";"n";216.4596;1040.5;NA;NA;1.08505526189332;"No"
36;"36_B2";"B2";"B329_LIKE+F16";2668;0.151600003;"B";"2";"n";216.4596;1040.5;NA;NA;2.56415185007208;"No"
36;"36_B3";"B3";"B329_LIKE+F16";1104;0.146200001;"B";"3";"n";216.4596;1040.5;NA;NA;1.06102835175396;"No"
36;"36_B4";"B4";"B329_LIKE+F16";1027;0.145400003;"B";"4";"n";216.4596;1040.5;NA;NA;0.987025468524748;"No"
36;"36_B5";"B5";"B329_LIKE+F16";1280;0.181700006;"B";"5";"n";216.4596;1040.5;NA;NA;1.23017779913503;"No"
36;"36_B6";"B6";"B329_LIKE+F16";1204;0.159899995;"B";"6";"n";216.4596;1040.5;NA;NA;1.15713599231139;"No"
36;"36_B7";"B7";"B329_LIKE+F16";1117;0.164800003;"B";"7";"n";216.4596;1040.5;NA;NA;1.07352234502643;"No"
36;"36_B8";"B8";"B329_LIKE+F16";1290;0.181500003;"B";"8";"n";216.4596;1040.5;NA;NA;1.23978856319077;"No"
36;"36_B9";"B9";"B329_LIKE+F16";1183;0.125200003;"B";"9";"n";216.4596;1040.5;NA;NA;1.13695338779433;"No"
36;"36_C10";"C10";"B329_LIKE+F16";917;0.119800001;"C";"10";"n";216.4596;1040.5;NA;NA;0.881307063911581;"No"
36;"36_C11";"C11";"B329_LIKE+F16";1141;0.147599995;"C";"11";"n";216.4596;1040.5;NA;NA;1.09658817876021;"No"
36;"36_C2";"C2";"B329_LIKE+F16";865;0.1241;"C";"2";"n";216.4596;1040.5;NA;NA;0.83133109082172;"No"
36;"36_C3";"C3";"B329_LIKE+F16";860;0.126900002;"C";"3";"n";216.4596;1040.5;NA;NA;0.826525708793849;"No"
36;"36_C4";"C4";"B329_LIKE+F16";830;0.119800001;"C";"4";"n";216.4596;1040.5;NA;NA;0.797693416626622;"No"
36;"36_C5";"C5";"B329_LIKE+F16";916;0.124499999;"C";"5";"n";216.4596;1040.5;NA;NA;0.880345987506007;"No"
36;"36_C6";"C6";"B329_LIKE+F16";1280;0.122500002;"C";"6";"n";216.4596;1040.5;NA;NA;1.23017779913503;"No"
36;"36_C7";"C7";"B329_LIKE+F16";930;0.131500006;"C";"7";"n";216.4596;1040.5;NA;NA;0.893801057184046;"No"
36;"36_C8";"C8";"B329_LIKE+F16";1092;0.129899994;"C";"8";"n";216.4596;1040.5;NA;NA;1.04949543488707;"No"
36;"36_C9";"C9";"B329_LIKE+F16";1147;0.132699996;"C";"9";"n";216.4596;1040.5;NA;NA;1.10235463719366;"No"
36;"36_D10";"D10";"B329_LIKE+F16";923;0.116400003;"D";"10";"n";216.4596;1040.5;NA;NA;0.887073522345026;"No"
36;"36_D11";"D11";"B329_LIKE+F16";1074;0.136399999;"D";"11";"n";216.4596;1040.5;NA;NA;1.03219605958674;"No"
36;"36_D2";"D2";"B329_LIKE+F16";969;0.141499996;"D";"2";"n";216.4596;1040.5;NA;NA;0.931283037001442;"No"
36;"36_D3";"D3";"B329_LIKE+F16";797;0.122599997;"D";"3";"n";216.4596;1040.5;NA;NA;0.765977895242672;"No"
36;"36_D4";"D4";"B329_LIKE+F16";817;0.113600001;"D";"4";"n";216.4596;1040.5;NA;NA;0.785199423354157;"No"
36;"36_D5";"D5";"B329_LIKE+F16";840;0.114299998;"D";"5";"n";216.4596;1040.5;NA;NA;0.807304180682364;"No"
36;"36_D6";"D6";"B329_LIKE+F16";812;0.113799997;"D";"6";"n";216.4596;1040.5;NA;NA;0.780394041326285;"No"
36;"36_D7";"D7";"B329_LIKE+F16";880;0.124600001;"D";"7";"n";216.4596;1040.5;NA;NA;0.845747236905334;"No"
36;"36_D8";"D8";"B329_LIKE+F16";982;0.122699998;"D";"8";"n";216.4596;1040.5;NA;NA;0.943777030273907;"No"
36;"36_D9";"D9";"B329_LIKE+F16";986;0.1215;"D";"9";"n";216.4596;1040.5;NA;NA;0.947621335896204;"No"
36;"36_E10";"E10";"B329_LIKE+F16";825;0.107699998;"E";"10";"n";216.4596;1040.5;NA;NA;0.792888034598751;"No"
36;"36_E11";"E11";"B329_LIKE+F16";864;0.118900001;"E";"11";"n";216.4596;1040.5;NA;NA;0.830370014416146;"No"
36;"36_E2";"E2";"B329_LIKE+F16";798;0.112899996;"E";"2";"n";216.4596;1040.5;NA;NA;0.766938971648246;"No"
36;"36_E3";"E3";"B329_LIKE+F16";844;0.118100002;"E";"3";"n";216.4596;1040.5;NA;NA;0.811148486304661;"No"
36;"36_E4";"E4";"B329_LIKE+F16";877;0.118299998;"E";"4";"n";216.4596;1040.5;NA;NA;0.842864007688611;"No"
36;"36_E5";"E5";"B329_LIKE+F16";885;0.120200001;"E";"5";"n";216.4596;1040.5;NA;NA;0.850552618933205;"No"
36;"36_E6";"E6";"B329_LIKE+F16";883;0.134200007;"E";"6";"n";216.4596;1040.5;NA;NA;0.848630466122057;"No"
36;"36_E7";"E7";"B329_LIKE+F16";881;0.126900002;"E";"7";"n";216.4596;1040.5;NA;NA;0.846708313310908;"No"
36;"36_E8";"E8";"B329_LIKE+F16";838;0.116499998;"E";"8";"n";216.4596;1040.5;NA;NA;0.805382027871216;"No"
36;"36_E9";"E9";"B329_LIKE+F16";845;0.115599997;"E";"9";"n";216.4596;1040.5;NA;NA;0.812109562710235;"No"
36;"36_F10";"F10";"B329_LIKE+F16";890;0.123199999;"F";"10";"n";216.4596;1040.5;NA;NA;0.855358000961076;"No"
36;"36_F11";"F11";"B329_LIKE+F16";928;0.120399997;"F";"11";"n";216.4596;1040.5;NA;NA;0.891878904372898;"No"
36;"36_F2";"F2";"B329_LIKE+F16";951;0.124799997;"F";"2";"n";216.4596;1040.5;NA;NA;0.913983661701105;"No"
36;"36_F3";"F3";"B329_LIKE+F16";969;0.124799997;"F";"3";"n";216.4596;1040.5;NA;NA;0.931283037001442;"No"
36;"36_F4";"F4";"B329_LIKE+F16";849;0.102300003;"F";"4";"n";216.4596;1040.5;NA;NA;0.815953868332532;"No"
36;"36_F5";"F5";"B329_LIKE+F16";983;0.1206;"F";"5";"n";216.4596;1040.5;NA;NA;0.944738106679481;"No"
36;"36_F6";"F6";"B329_LIKE+F16";1010;0.123800002;"F";"6";"n";216.4596;1040.5;NA;NA;0.970687169629986;"No"
36;"36_F7";"F7";"B329_LIKE+F16";900;0.115099996;"F";"7";"n";216.4596;1040.5;NA;NA;0.864968765016819;"No"
36;"36_F8";"F8";"B329_LIKE+F16";782;0.107699998;"F";"8";"n";216.4596;1040.5;NA;NA;0.751561749159058;"No"
36;"36_F9";"F9";"B329_LIKE+F16";897;0.115800001;"F";"9";"n";216.4596;1040.5;NA;NA;0.862085535800096;"No"
36;"36_G10";"G10";"B329_LIKE+F16";1054;0.121399999;"G";"10";"n";216.4596;1040.5;NA;NA;1.01297453147525;"No"
36;"36_G11";"G11";"B329_LIKE+F16";1091;0.126100004;"G";"11";"n";216.4596;1040.5;NA;NA;1.0485343584815;"No"
36;"36_G2";"G2";"B329_LIKE+F16";913;0.124300003;"G";"2";"n";216.4596;1040.5;NA;NA;0.877462758289284;"No"
36;"36_G3";"G3";"B329_LIKE+F16";960;0.127700001;"G";"3";"n";216.4596;1040.5;NA;NA;0.922633349351273;"No"
36;"36_G4";"G4";"B329_LIKE+F16";1096;0.120700002;"G";"4";"n";216.4596;1040.5;NA;NA;1.05333974050937;"No"
36;"36_G5";"G5";"B329_LIKE+F16";1083;0.119599998;"G";"5";"n";216.4596;1040.5;NA;NA;1.04084574723691;"No"
36;"36_G6";"G6";"B329_LIKE+F16";1177;0.135299996;"G";"6";"n";216.4596;1040.5;NA;NA;1.13118692936088;"No"
36;"36_G7";"G7";"B329_LIKE+F16";1261;0.155100003;"G";"7";"n";216.4596;1040.5;NA;NA;1.21191734742912;"No"
36;"36_G8";"G8";"B329_LIKE+F16";1128;0.131600007;"G";"8";"n";216.4596;1040.5;NA;NA;1.08409418548775;"No"
36;"36_G9";"G9";"B329_LIKE+F16";1163;0.125699997;"G";"9";"n";216.4596;1040.5;NA;NA;1.11773185968284;"No"
37;"37_B10";"B10";"B329_LIKE+F16";892;0.125;"B";"10";"n";84.5082;848.5;NA;NA;1.05126694166176;"No"
37;"37_B11";"B11";"B329_LIKE+F16";1005;0.140900001;"B";"11";"n";84.5082;848.5;NA;NA;1.18444313494402;"No"
37;"37_B2";"B2";"B329_LIKE+F16";724;0.117700003;"B";"2";"n";84.5082;848.5;NA;NA;0.853270477312905;"No"
37;"37_B3";"B3";"B329_LIKE+F16";759;0.117600001;"B";"3";"n";84.5082;848.5;NA;NA;0.894519740718916;"No"
37;"37_B4";"B4";"B329_LIKE+F16";777;0.1184;"B";"4";"n";84.5082;848.5;NA;NA;0.915733647613435;"No"
37;"37_B5";"B5";"B329_LIKE+F16";819;0.118100002;"B";"5";"n";84.5082;848.5;NA;NA;0.965232763700648;"No"
37;"37_B6";"B6";"B329_LIKE+F16";822;0.116300002;"B";"6";"n";84.5082;848.5;NA;NA;0.968768414849735;"No"
37;"37_B7";"B7";"B329_LIKE+F16";769;0.114799999;"B";"7";"n";84.5082;848.5;NA;NA;0.906305244549204;"No"
37;"37_B8";"B8";"B329_LIKE+F16";823;0.116400003;"B";"8";"n";84.5082;848.5;NA;NA;0.969946965232764;"No"
37;"37_B9";"B9";"B329_LIKE+F16";825;0.119800001;"B";"9";"n";84.5082;848.5;NA;NA;0.972304065998821;"No"
37;"37_C10";"C10";"B329_LIKE+F16";730;0.112199999;"C";"10";"n";84.5082;848.5;NA;NA;0.860341779611078;"No"
37;"37_C11";"C11";"B329_LIKE+F16";852;0.1215;"C";"11";"n";84.5082;848.5;NA;NA;1.0041249263406;"No"
37;"37_C2";"C2";"B329_LIKE+F16";878;0.131500006;"C";"2";"n";84.5082;848.5;NA;NA;1.03476723629935;"No"
37;"37_C3";"C3";"B329_LIKE+F16";844;0.142199993;"C";"3";"n";84.5082;848.5;NA;NA;0.99469652327637;"No"
37;"37_C4";"C4";"B329_LIKE+F16";861;0.135199994;"C";"4";"n";84.5082;848.5;NA;NA;1.01473187978786;"No"
37;"37_C5";"C5";"B329_LIKE+F16";902;0.133699998;"C";"5";"n";84.5082;848.5;NA;NA;1.06305244549204;"No"
37;"37_C6";"C6";"B329_LIKE+F16";893;0.127100006;"C";"6";"n";84.5082;848.5;NA;NA;1.05244549204478;"No"
37;"37_C7";"C7";"B329_LIKE+F16";868;0.121200003;"C";"7";"n";84.5082;848.5;NA;NA;1.02298173246906;"No"
37;"37_C8";"C8";"B329_LIKE+F16";874;0.1294;"C";"8";"n";84.5082;848.5;NA;NA;1.03005303476724;"No"
37;"37_C9";"C9";"B329_LIKE+F16";842;0.127299994;"C";"9";"n";84.5082;848.5;NA;NA;0.992339422510312;"No"
37;"37_D10";"D10";"B329_LIKE+F16";799;0.1184;"D";"10";"n";84.5082;848.5;NA;NA;0.941661756040071;"No"
37;"37_D11";"D11";"B329_LIKE+F16";762;0.127000004;"D";"11";"n";84.5082;848.5;NA;NA;0.898055391868002;"No"
37;"37_D2";"D2";"B329_LIKE+F16";931;0.147400007;"D";"2";"n";84.5082;848.5;NA;NA;1.09723040659988;"No"
37;"37_D3";"D3";"B329_LIKE+F16";897;0.148499995;"D";"3";"n";84.5082;848.5;NA;NA;1.0571596935769;"No"
37;"37_D4";"D4";"B329_LIKE+F16";845;0.137899995;"D";"4";"n";84.5082;848.5;NA;NA;0.995875073659399;"No"
37;"37_D5";"D5";"B329_LIKE+F16";896;0.135399997;"D";"5";"n";84.5082;848.5;NA;NA;1.05598114319387;"No"
37;"37_D6";"D6";"B329_LIKE+F16";868;0.128900006;"D";"6";"n";84.5082;848.5;NA;NA;1.02298173246906;"No"
37;"37_D7";"D7";"B329_LIKE+F16";858;0.1285;"D";"7";"n";84.5082;848.5;NA;NA;1.01119622863877;"No"
37;"37_D8";"D8";"B329_LIKE+F16";787;0.121200003;"D";"8";"n";84.5082;848.5;NA;NA;0.927519151443724;"No"
37;"37_D9";"D9";"B329_LIKE+F16";830;0.123899996;"D";"9";"n";84.5082;848.5;NA;NA;0.978196817913966;"No"
37;"37_E10";"E10";"B329_LIKE+F16";688;0.112899996;"E";"10";"n";84.5082;848.5;NA;NA;0.810842663523866;"No"
37;"37_E11";"E11";"B329_LIKE+F16";833;0.116999999;"E";"11";"n";84.5082;848.5;NA;NA;0.981732469063052;"No"
37;"37_E2";"E2";"B329_LIKE+F16";772;0.128199995;"E";"2";"n";84.5082;848.5;NA;NA;0.909840895698291;"No"
37;"37_E3";"E3";"B329_LIKE+F16";716;0.119800001;"E";"3";"n";84.5082;848.5;NA;NA;0.843842074248674;"No"
37;"37_E4";"E4";"B329_LIKE+F16";793;0.119599998;"E";"4";"n";84.5082;848.5;NA;NA;0.934590453741897;"No"
37;"37_E5";"E5";"B329_LIKE+F16";802;0.117700003;"E";"5";"n";84.5082;848.5;NA;NA;0.945197407189157;"No"
37;"37_E6";"E6";"B329_LIKE+F16";853;0.123599999;"E";"6";"n";84.5082;848.5;NA;NA;1.00530347672363;"No"
37;"37_E7";"E7";"B329_LIKE+F16";802;0.115400001;"E";"7";"n";84.5082;848.5;NA;NA;0.945197407189157;"No"
37;"37_E8";"E8";"B329_LIKE+F16";750;0.118500002;"E";"8";"n";84.5082;848.5;NA;NA;0.883912787271656;"No"
37;"37_E9";"E9";"B329_LIKE+F16";723;0.114799999;"E";"9";"n";84.5082;848.5;NA;NA;0.852091926929876;"No"
37;"37_F10";"F10";"B329_LIKE+F16";841;0.122500002;"F";"10";"n";84.5082;848.5;NA;NA;0.991160872127283;"No"
37;"37_F11";"F11";"B329_LIKE+F16";926;0.127100006;"F";"11";"n";84.5082;848.5;NA;NA;1.09133765468474;"No"
37;"37_F2";"F2";"B329_LIKE+F16";1011;0.133399993;"F";"2";"n";84.5082;848.5;NA;NA;1.19151443724219;"No"
37;"37_F3";"F3";"B329_LIKE+F16";865;0.126100004;"F";"3";"n";84.5082;848.5;NA;NA;1.01944608131998;"No"
37;"37_F4";"F4";"B329_LIKE+F16";814;0.126599997;"F";"4";"n";84.5082;848.5;NA;NA;0.959340011785504;"No"
37;"37_F5";"F5";"B329_LIKE+F16";796;0.127100006;"F";"5";"n";84.5082;848.5;NA;NA;0.938126104890984;"No"
37;"37_F6";"F6";"B329_LIKE+F16";820;0.126499996;"F";"6";"n";84.5082;848.5;NA;NA;0.966411314083677;"No"
37;"37_F7";"F7";"B329_LIKE+F16";923;0.136099994;"F";"7";"n";84.5082;848.5;NA;NA;1.08780200353565;"No"
37;"37_F8";"F8";"B329_LIKE+F16";920;0.135000005;"F";"8";"n";84.5082;848.5;NA;NA;1.08426635238656;"No"
37;"37_F9";"F9";"B329_LIKE+F16";911;0.134900004;"F";"9";"n";84.5082;848.5;NA;NA;1.0736593989393;"No"
37;"37_G10";"G10";"B329_LIKE+F16";983;0.147200003;"G";"10";"n";84.5082;848.5;NA;NA;1.15851502651738;"No"
37;"37_G11";"G11";"B329_LIKE+F16";1040;0.141299993;"G";"11";"n";84.5082;848.5;NA;NA;1.22569239835003;"No"
37;"37_G2";"G2";"B329_LIKE+F16";725;0.118699998;"G";"2";"n";84.5082;848.5;NA;NA;0.854449027695934;"No"
37;"37_G3";"G3";"B329_LIKE+F16";944;0.132499993;"G";"3";"n";84.5082;848.5;NA;NA;1.11255156157926;"No"
37;"37_G4";"G4";"B329_LIKE+F16";921;0.141399994;"G";"4";"n";84.5082;848.5;NA;NA;1.08544490276959;"No"
37;"37_G5";"G5";"B329_LIKE+F16";872;0.128399998;"G";"5";"n";84.5082;848.5;NA;NA;1.02769593400118;"No"
37;"37_G6";"G6";"B329_LIKE+F16";869;0.142700002;"G";"6";"n";84.5082;848.5;NA;NA;1.02416028285209;"No"
37;"37_G7";"G7";"B329_LIKE+F16";980;0.138099998;"G";"7";"n";84.5082;848.5;NA;NA;1.1549793753683;"No"
37;"37_G8";"G8";"B329_LIKE+F16";1022;0.134100005;"G";"8";"n";84.5082;848.5;NA;NA;1.20447849145551;"No"
37;"37_G9";"G9";"B329_LIKE+F16";1004;0.143399999;"G";"9";"n";84.5082;848.5;NA;NA;1.18326458456099;"No"
38;"38_B10";"B10";"B329_LIKE+F16";799;0.121600002;"B";"10";"n";91.9212;826;NA;NA;0.967312348668281;"No"
38;"38_B11";"B11";"B329_LIKE+F16";949;0.148699999;"B";"11";"n";91.9212;826;NA;NA;1.14891041162228;"No"
38;"38_B2";"B2";"B329_LIKE+F16";772;0.130199999;"B";"2";"n";91.9212;826;NA;NA;0.934624697336562;"No"
38;"38_B3";"B3";"B329_LIKE+F16";745;0.120200001;"B";"3";"n";91.9212;826;NA;NA;0.901937046004843;"No"
38;"38_B4";"B4";"B329_LIKE+F16";736;0.119000003;"B";"4";"n";91.9212;826;NA;NA;0.891041162227603;"No"
38;"38_B5";"B5";"B329_LIKE+F16";725;0.114699997;"B";"5";"n";91.9212;826;NA;NA;0.87772397094431;"No"
38;"38_B6";"B6";"B329_LIKE+F16";868;0.118299998;"B";"6";"n";91.9212;826;NA;NA;1.05084745762712;"No"
38;"38_B7";"B7";"B329_LIKE+F16";774;0.116999999;"B";"7";"n";91.9212;826;NA;NA;0.937046004842615;"No"
38;"38_B8";"B8";"B329_LIKE+F16";763;0.116700001;"B";"8";"n";91.9212;826;NA;NA;0.923728813559322;"No"
38;"38_B9";"B9";"B329_LIKE+F16";771;0.120499998;"B";"9";"n";91.9212;826;NA;NA;0.933414043583535;"No"
38;"38_C10";"C10";"B329_LIKE+F16";859;0.126300007;"C";"10";"n";91.9212;826;NA;NA;1.03995157384988;"No"
38;"38_C11";"C11";"B329_LIKE+F16";1058;0.132799998;"C";"11";"n";91.9212;826;NA;NA;1.28087167070218;"No"
38;"38_C2";"C2";"B329_LIKE+F16";822;0.128000006;"C";"2";"n";91.9212;826;NA;NA;0.995157384987893;"No"
38;"38_C3";"C3";"B329_LIKE+F16";816;0.126399994;"C";"3";"n";91.9212;826;NA;NA;0.987893462469734;"No"
38;"38_C4";"C4";"B329_LIKE+F16";880;0.1329;"C";"4";"n";91.9212;826;NA;NA;1.06537530266344;"No"
38;"38_C5";"C5";"B329_LIKE+F16";764;0.119599998;"C";"5";"n";91.9212;826;NA;NA;0.924939467312349;"No"
38;"38_C6";"C6";"B329_LIKE+F16";897;0.121100001;"C";"6";"n";91.9212;826;NA;NA;1.08595641646489;"No"
38;"38_C7";"C7";"B329_LIKE+F16";922;0.131699994;"C";"7";"n";91.9212;826;NA;NA;1.11622276029056;"No"
38;"38_C8";"C8";"B329_LIKE+F16";826;0.122699998;"C";"8";"n";91.9212;826;NA;NA;1;"No"
38;"38_C9";"C9";"B329_LIKE+F16";847;0.127299994;"C";"9";"n";91.9212;826;NA;NA;1.02542372881356;"No"
38;"38_D10";"D10";"B329_LIKE+F16";1141;0.126900002;"D";"10";"n";91.9212;826;NA;NA;1.38135593220339;"No"
38;"38_D11";"D11";"B329_LIKE+F16";1003;0.1523;"D";"11";"n";91.9212;826;NA;NA;1.21428571428571;"No"
38;"38_D2";"D2";"B329_LIKE+F16";728;0.124200001;"D";"2";"n";91.9212;826;NA;NA;0.88135593220339;"No"
38;"38_D3";"D3";"B329_LIKE+F16";805;0.124200001;"D";"3";"n";91.9212;826;NA;NA;0.974576271186441;"No"
38;"38_D4";"D4";"B329_LIKE+F16";747;0.116599999;"D";"4";"n";91.9212;826;NA;NA;0.904358353510896;"No"
38;"38_D5";"D5";"B329_LIKE+F16";758;0.119199999;"D";"5";"n";91.9212;826;NA;NA;0.917675544794189;"No"
38;"38_D6";"D6";"B329_LIKE+F16";759;0.121299997;"D";"6";"n";91.9212;826;NA;NA;0.918886198547216;"No"
38;"38_D7";"D7";"B329_LIKE+F16";754;0.114600003;"D";"7";"n";91.9212;826;NA;NA;0.912832929782082;"No"
38;"38_D8";"D8";"B329_LIKE+F16";759;0.112000003;"D";"8";"n";91.9212;826;NA;NA;0.918886198547216;"No"
38;"38_D9";"D9";"B329_LIKE+F16";821;0.116800003;"D";"9";"n";91.9212;826;NA;NA;0.993946731234867;"No"
38;"38_E10";"E10";"B329_LIKE+F16";789;0.123999998;"E";"10";"n";91.9212;826;NA;NA;0.955205811138015;"No"
38;"38_E11";"E11";"B329_LIKE+F16";818;0.127499998;"E";"11";"n";91.9212;826;NA;NA;0.990314769975787;"No"
38;"38_E2";"E2";"B329_LIKE+F16";746;0.123999998;"E";"2";"n";91.9212;826;NA;NA;0.903147699757869;"No"
38;"38_E5";"E5";"B329_LIKE+F16";860;0.129299998;"E";"5";"n";91.9212;826;NA;NA;1.04116222760291;"No"
38;"38_E6";"E6";"B329_LIKE+F16";828;0.123000003;"E";"6";"n";91.9212;826;NA;NA;1.00242130750605;"No"
38;"38_E7";"E7";"B329_LIKE+F16";782;0.115800001;"E";"7";"n";91.9212;826;NA;NA;0.946731234866828;"No"
38;"38_E8";"E8";"B329_LIKE+F16";775;0.122299999;"E";"8";"n";91.9212;826;NA;NA;0.938256658595642;"No"
38;"38_E9";"E9";"B329_LIKE+F16";767;0.119199999;"E";"9";"n";91.9212;826;NA;NA;0.928571428571429;"No"
38;"38_F10";"F10";"B329_LIKE+F16";1575;0.142900005;"F";"10";"n";91.9212;826;NA;NA;1.90677966101695;"No"
38;"38_F11";"F11";"B329_LIKE+F16";1137;0.157700002;"F";"11";"n";91.9212;826;NA;NA;1.37651331719128;"No"
38;"38_F2";"F2";"B329_LIKE+F16";718;0.118100002;"F";"2";"n";91.9212;826;NA;NA;0.869249394673123;"No"
38;"38_F3";"F3";"B329_LIKE+F16";775;0.125;"F";"3";"n";91.9212;826;NA;NA;0.938256658595642;"No"
38;"38_F4";"F4";"B329_LIKE+F16";812;0.123599999;"F";"4";"n";91.9212;826;NA;NA;0.983050847457627;"No"
38;"38_F5";"F5";"B329_LIKE+F16";816;0.126599997;"F";"5";"n";91.9212;826;NA;NA;0.987893462469734;"No"
38;"38_F6";"F6";"B329_LIKE+F16";880;0.125;"F";"6";"n";91.9212;826;NA;NA;1.06537530266344;"No"
38;"38_F7";"F7";"B329_LIKE+F16";785;0.127900004;"F";"7";"n";91.9212;826;NA;NA;0.950363196125908;"No"
38;"38_F8";"F8";"B329_LIKE+F16";826;0.121799998;"F";"8";"n";91.9212;826;NA;NA;1;"No"
38;"38_F9";"F9";"B329_LIKE+F16";802;0.122199997;"F";"9";"n";91.9212;826;NA;NA;0.970944309927361;"No"
38;"38_G10";"G10";"B329_LIKE+F16";1367;0.150999993;"G";"10";"n";91.9212;826;NA;NA;1.65496368038741;"No"
38;"38_G11";"G11";"B329_LIKE+F16";843;0.121299997;"G";"11";"n";91.9212;826;NA;NA;1.02058111380145;"No"
38;"38_G2";"G2";"B329_LIKE+F16";750;0.118100002;"G";"2";"n";91.9212;826;NA;NA;0.907990314769976;"No"
38;"38_G3";"G3";"B329_LIKE+F16";828;0.128700003;"G";"3";"n";91.9212;826;NA;NA;1.00242130750605;"No"
38;"38_G4";"G4";"B329_LIKE+F16";837;0.125599995;"G";"4";"n";91.9212;826;NA;NA;1.01331719128329;"No"
38;"38_G5";"G5";"B329_LIKE+F16";817;0.124200001;"G";"5";"n";91.9212;826;NA;NA;0.98910411622276;"No"
38;"38_G6";"G6";"B329_LIKE+F16";820;0.123000003;"G";"6";"n";91.9212;826;NA;NA;0.99273607748184;"No"
38;"38_G7";"G7";"B329_LIKE+F16";828;0.124899998;"G";"7";"n";91.9212;826;NA;NA;1.00242130750605;"No"
38;"38_G8";"G8";"B329_LIKE+F16";841;0.126000002;"G";"8";"n";91.9212;826;NA;NA;1.0181598062954;"No"
38;"38_G9";"G9";"B329_LIKE+F16";876;0.125100002;"G";"9";"n";91.9212;826;NA;NA;1.06053268765133;"No"
39;"39_B10";"B10";"B329_LIKE+F16";968;0.135499999;"B";"10";"n";101.5581;960.5;NA;NA;1.00780843310776;"No"
39;"39_B11";"B11";"B329_LIKE+F16";1015;0.134200007;"B";"11";"n";101.5581;960.5;NA;NA;1.05674128058303;"No"
39;"39_B2";"B2";"B329_LIKE+F16";987;0.156800002;"B";"2";"n";101.5581;960.5;NA;NA;1.02758979698074;"No"
39;"39_B3";"B3";"B329_LIKE+F16";913;0.142700002;"B";"3";"n";101.5581;960.5;NA;NA;0.950546590317543;"No"
39;"39_B4";"B4";"B329_LIKE+F16";947;0.140499994;"B";"4";"n";101.5581;960.5;NA;NA;0.985944820406038;"No"
39;"39_B5";"B5";"B329_LIKE+F16";978;0.132499993;"B";"5";"n";101.5581;960.5;NA;NA;1.01821967725143;"No"
39;"39_B6";"B6";"B329_LIKE+F16";913;0.133300006;"B";"6";"n";101.5581;960.5;NA;NA;0.950546590317543;"No"
39;"39_B7";"B7";"B329_LIKE+F16";868;0.122599997;"B";"7";"n";101.5581;960.5;NA;NA;0.903695991671005;"No"
39;"39_B8";"B8";"B329_LIKE+F16";898;0.1241;"B";"8";"n";101.5581;960.5;NA;NA;0.93492972410203;"No"
39;"39_B9";"B9";"B329_LIKE+F16";1025;0.139899999;"B";"9";"n";101.5581;960.5;NA;NA;1.0671525247267;"No"
39;"39_C10";"C10";"B329_LIKE+F16";1155;0.134900004;"C";"10";"n";101.5581;960.5;NA;NA;1.20249869859448;"No"
39;"39_C11";"C11";"B329_LIKE+F16";884;0.127800003;"C";"11";"n";101.5581;960.5;NA;NA;0.920353982300885;"No"
39;"39_C2";"C2";"B329_LIKE+F16";1042;0.157700002;"C";"2";"n";101.5581;960.5;NA;NA;1.08485163977095;"No"
39;"39_C3";"C3";"B329_LIKE+F16";878;0.134000003;"C";"3";"n";101.5581;960.5;NA;NA;0.91410723581468;"No"
39;"39_C4";"C4";"B329_LIKE+F16";1015;0.148000002;"C";"4";"n";101.5581;960.5;NA;NA;1.05674128058303;"No"
39;"39_C5";"C5";"B329_LIKE+F16";959;0.135600001;"C";"5";"n";101.5581;960.5;NA;NA;0.998438313378449;"No"
39;"39_C6";"C6";"B329_LIKE+F16";876;0.127100006;"C";"6";"n";101.5581;960.5;NA;NA;0.912024986985945;"No"
39;"39_C7";"C7";"B329_LIKE+F16";851;0.117399998;"C";"7";"n";101.5581;960.5;NA;NA;0.885996876626757;"No"
39;"39_C8";"C8";"B329_LIKE+F16";934;0.126399994;"C";"8";"n";101.5581;960.5;NA;NA;0.972410203019261;"No"
39;"39_C9";"C9";"B329_LIKE+F16";865;0.1237;"C";"9";"n";101.5581;960.5;NA;NA;0.900572618427902;"No"
39;"39_D10";"D10";"B329_LIKE+F16";827;0.118000001;"D";"10";"n";101.5581;960.5;NA;NA;0.861009890681936;"No"
39;"39_D11";"D11";"B329_LIKE+F16";814;0.119000003;"D";"11";"n";101.5581;960.5;NA;NA;0.847475273295159;"No"
39;"39_D2";"D2";"B329_LIKE+F16";912;0.141000003;"D";"2";"n";101.5581;960.5;NA;NA;0.949505465903175;"No"
39;"39_D3";"D3";"B329_LIKE+F16";1006;0.157600001;"D";"3";"n";101.5581;960.5;NA;NA;1.04737116085372;"No"
39;"39_D4";"D4";"B329_LIKE+F16";949;0.131200001;"D";"4";"n";101.5581;960.5;NA;NA;0.988027069234774;"No"
39;"39_D5";"D5";"B329_LIKE+F16";911;0.134100005;"D";"5";"n";101.5581;960.5;NA;NA;0.948464341488808;"No"
39;"39_D6";"D6";"B329_LIKE+F16";901;0.122900002;"D";"6";"n";101.5581;960.5;NA;NA;0.938053097345133;"No"
39;"39_D7";"D7";"B329_LIKE+F16";931;0.119099997;"D";"7";"n";101.5581;960.5;NA;NA;0.969286829776158;"No"
39;"39_D8";"D8";"B329_LIKE+F16";830;0.124399997;"D";"8";"n";101.5581;960.5;NA;NA;0.864133263925039;"No"
39;"39_D9";"D9";"B329_LIKE+F16";822;0.122000001;"D";"9";"n";101.5581;960.5;NA;NA;0.855804268610099;"No"
39;"39_E10";"E10";"B329_LIKE+F16";838;0.124300003;"E";"10";"n";101.5581;960.5;NA;NA;0.872462259239979;"No"
39;"39_E11";"E11";"B329_LIKE+F16";830;0.125100002;"E";"11";"n";101.5581;960.5;NA;NA;0.864133263925039;"No"
39;"39_E2";"E2";"B329_LIKE+F16";848;0.133300006;"E";"2";"n";101.5581;960.5;NA;NA;0.882873503383654;"No"
39;"39_E3";"E3";"B329_LIKE+F16";996;0.134800002;"E";"3";"n";101.5581;960.5;NA;NA;1.03695991671005;"No"
39;"39_E4";"E4";"B329_LIKE+F16";868;0.125200003;"E";"4";"n";101.5581;960.5;NA;NA;0.903695991671005;"No"
39;"39_E5";"E5";"B329_LIKE+F16";893;0.130999997;"E";"5";"n";101.5581;960.5;NA;NA;0.929724102030193;"No"
39;"39_E6";"E6";"B329_LIKE+F16";1002;0.1373;"E";"6";"n";101.5581;960.5;NA;NA;1.04320666319625;"No"
39;"39_E7";"E7";"B329_LIKE+F16";942;0.128999993;"E";"7";"n";101.5581;960.5;NA;NA;0.980739198334201;"No"
39;"39_E8";"E8";"B329_LIKE+F16";829;0.119199999;"E";"8";"n";101.5581;960.5;NA;NA;0.863092139510672;"No"
39;"39_E9";"E9";"B329_LIKE+F16";994;0.126200005;"E";"9";"n";101.5581;960.5;NA;NA;1.03487766788131;"No"
39;"39_F10";"F10";"B329_LIKE+F16";913;0.123899996;"F";"10";"n";101.5581;960.5;NA;NA;0.950546590317543;"No"
39;"39_F11";"F11";"B329_LIKE+F16";873;0.125799999;"F";"11";"n";101.5581;960.5;NA;NA;0.908901613742842;"No"
39;"39_F2";"F2";"B329_LIKE+F16";903;0.136099994;"F";"2";"n";101.5581;960.5;NA;NA;0.940135346173868;"No"
39;"39_F3";"F3";"B329_LIKE+F16";901;0.135499999;"F";"3";"n";101.5581;960.5;NA;NA;0.938053097345133;"No"
39;"39_F4";"F4";"B329_LIKE+F16";938;0.130400002;"F";"4";"n";101.5581;960.5;NA;NA;0.976574700676731;"No"
39;"39_F5";"F5";"B329_LIKE+F16";1014;0.130500004;"F";"5";"n";101.5581;960.5;NA;NA;1.05570015616866;"No"
39;"39_F6";"F6";"B329_LIKE+F16";1028;0.135499999;"F";"6";"n";101.5581;960.5;NA;NA;1.07027589796981;"No"
39;"39_F7";"F7";"B329_LIKE+F16";892;0.124700002;"F";"7";"n";101.5581;960.5;NA;NA;0.928682977615825;"No"
39;"39_F8";"F8";"B329_LIKE+F16";955;0.130700007;"F";"8";"n";101.5581;960.5;NA;NA;0.994273815720979;"No"
39;"39_F9";"F9";"B329_LIKE+F16";905;0.127000004;"F";"9";"n";101.5581;960.5;NA;NA;0.942217595002603;"No"
39;"39_G10";"G10";"B329_LIKE+F16";957;0.134399995;"G";"10";"n";101.5581;960.5;NA;NA;0.996356064549714;"No"
39;"39_G11";"G11";"B329_LIKE+F16";1029;0.148699999;"G";"11";"n";101.5581;960.5;NA;NA;1.07131702238417;"No"
39;"39_G2";"G2";"B329_LIKE+F16";907;0.138899997;"G";"2";"n";101.5581;960.5;NA;NA;0.944299843831338;"No"
39;"39_G3";"G3";"B329_LIKE+F16";921;0.145799994;"G";"3";"n";101.5581;960.5;NA;NA;0.958875585632483;"No"
39;"39_G4";"G4";"B329_LIKE+F16";962;0.156299993;"G";"4";"n";101.5581;960.5;NA;NA;1.00156168662155;"No"
39;"39_G5";"G5";"B329_LIKE+F16";985;0.137700006;"G";"5";"n";101.5581;960.5;NA;NA;1.025507548152;"No"
39;"39_G6";"G6";"B329_LIKE+F16";1129;0.145799994;"G";"6";"n";101.5581;960.5;NA;NA;1.17542946382093;"No"
39;"39_G7";"G7";"B329_LIKE+F16";1149;0.153200001;"G";"7";"n";101.5581;960.5;NA;NA;1.19625195210828;"No"
39;"39_G8";"G8";"B329_LIKE+F16";1060;0.147499993;"G";"8";"n";101.5581;960.5;NA;NA;1.10359187922957;"No"
39;"39_G9";"G9";"B329_LIKE+F16";1010;0.141299993;"G";"9";"n";101.5581;960.5;NA;NA;1.05153565851119;"No"
40;"40_B10";"B10";"B329_LIKE+F16";769;0.1184;"B";"10";"n";100.0755;827.5;NA;NA;0.929305135951662;"No"
40;"40_B11";"B11";"B329_LIKE+F16";776;0.123000003;"B";"11";"n";100.0755;827.5;NA;NA;0.937764350453172;"No"
40;"40_B2";"B2";"B329_LIKE+F16";799;0.140100002;"B";"2";"n";100.0755;827.5;NA;NA;0.965558912386707;"No"
40;"40_B3";"B3";"B329_LIKE+F16";755;0.127599999;"B";"3";"n";100.0755;827.5;NA;NA;0.91238670694864;"No"
40;"40_B4";"B4";"B329_LIKE+F16";896;0.1294;"B";"4";"n";100.0755;827.5;NA;NA;1.08277945619335;"No"
40;"40_B5";"B5";"B329_LIKE+F16";734;0.1184;"B";"5";"n";100.0755;827.5;NA;NA;0.887009063444109;"No"
40;"40_B6";"B6";"B329_LIKE+F16";736;0.123000003;"B";"6";"n";100.0755;827.5;NA;NA;0.889425981873112;"No"
40;"40_B7";"B7";"B329_LIKE+F16";766;0.116499998;"B";"7";"n";100.0755;827.5;NA;NA;0.925679758308157;"No"
40;"40_B8";"B8";"B329_LIKE+F16";791;0.1193;"B";"8";"n";100.0755;827.5;NA;NA;0.955891238670695;"No"
40;"40_B9";"B9";"B329_LIKE+F16";730;0.114;"B";"9";"n";100.0755;827.5;NA;NA;0.882175226586103;"No"
40;"40_C10";"C10";"B329_LIKE+F16";708;0.112000003;"C";"10";"n";100.0755;827.5;NA;NA;0.85558912386707;"No"
40;"40_C11";"C11";"B329_LIKE+F16";725;0.118699998;"C";"11";"n";100.0755;827.5;NA;NA;0.876132930513595;"No"
40;"40_C2";"C2";"B329_LIKE+F16";789;0.133100003;"C";"2";"n";100.0755;827.5;NA;NA;0.953474320241692;"No"
40;"40_C3";"C3";"B329_LIKE+F16";742;0.124799997;"C";"3";"n";100.0755;827.5;NA;NA;0.896676737160121;"No"
40;"40_C4";"C4";"B329_LIKE+F16";700;0.118199997;"C";"4";"n";100.0755;827.5;NA;NA;0.845921450151057;"No"
40;"40_C5";"C5";"B329_LIKE+F16";718;0.120399997;"C";"5";"n";100.0755;827.5;NA;NA;0.867673716012085;"No"
40;"40_C6";"C6";"B329_LIKE+F16";732;0.116899997;"C";"6";"n";100.0755;827.5;NA;NA;0.884592145015106;"No"
40;"40_C7";"C7";"B329_LIKE+F16";753;0.1162;"C";"7";"n";100.0755;827.5;NA;NA;0.909969788519638;"No"
40;"40_C8";"C8";"B329_LIKE+F16";774;0.115699999;"C";"8";"n";100.0755;827.5;NA;NA;0.935347432024169;"No"
40;"40_C9";"C9";"B329_LIKE+F16";780;0.1184;"C";"9";"n";100.0755;827.5;NA;NA;0.942598187311178;"No"
40;"40_D10";"D10";"B329_LIKE+F16";1013;0.142299995;"D";"10";"n";100.0755;827.5;NA;NA;1.22416918429003;"No"
40;"40_D11";"D11";"B329_LIKE+F16";785;0.120999999;"D";"11";"n";100.0755;827.5;NA;NA;0.948640483383686;"No"
40;"40_D2";"D2";"B329_LIKE+F16";775;0.131600007;"D";"2";"n";100.0755;827.5;NA;NA;0.936555891238671;"No"
40;"40_D3";"D3";"B329_LIKE+F16";760;0.114500001;"D";"3";"n";100.0755;827.5;NA;NA;0.918429003021148;"No"
40;"40_D4";"D4";"B329_LIKE+F16";744;0.116300002;"D";"4";"n";100.0755;827.5;NA;NA;0.899093655589124;"No"
40;"40_D5";"D5";"B329_LIKE+F16";876;0.1215;"D";"5";"n";100.0755;827.5;NA;NA;1.05861027190332;"No"
40;"40_D6";"D6";"B329_LIKE+F16";741;0.115999997;"D";"6";"n";100.0755;827.5;NA;NA;0.895468277945619;"No"
40;"40_D7";"D7";"B329_LIKE+F16";758;0.115000002;"D";"7";"n";100.0755;827.5;NA;NA;0.916012084592145;"No"
40;"40_D8";"D8";"B329_LIKE+F16";783;0.117899999;"D";"8";"n";100.0755;827.5;NA;NA;0.946223564954683;"No"
40;"40_D9";"D9";"B329_LIKE+F16";714;0.112499997;"D";"9";"n";100.0755;827.5;NA;NA;0.862839879154079;"No"
40;"40_E10";"E10";"B329_LIKE+F16";733;0.118000001;"E";"10";"n";100.0755;827.5;NA;NA;0.885800604229607;"No"
40;"40_E11";"E11";"B329_LIKE+F16";908;0.133900002;"E";"11";"n";100.0755;827.5;NA;NA;1.09728096676737;"No"
40;"40_E2";"E2";"B329_LIKE+F16";808;0.135800004;"E";"2";"n";100.0755;827.5;NA;NA;0.976435045317221;"No"
40;"40_E3";"E3";"B329_LIKE+F16";880;0.128800005;"E";"3";"n";100.0755;827.5;NA;NA;1.06344410876133;"No"
40;"40_E4";"E4";"B329_LIKE+F16";798;0.126300007;"E";"4";"n";100.0755;827.5;NA;NA;0.964350453172205;"No"
40;"40_E5";"E5";"B329_LIKE+F16";837;0.123599999;"E";"5";"n";100.0755;827.5;NA;NA;1.01148036253776;"No"
40;"40_E7";"E7";"B329_LIKE+F16";827;0.120099999;"E";"7";"n";100.0755;827.5;NA;NA;0.999395770392749;"No"
40;"40_E8";"E8";"B329_LIKE+F16";795;0.119900003;"E";"8";"n";100.0755;827.5;NA;NA;0.960725075528701;"No"
40;"40_E9";"E9";"B329_LIKE+F16";783;0.121200003;"E";"9";"n";100.0755;827.5;NA;NA;0.946223564954683;"No"
40;"40_F10";"F10";"B329_LIKE+F16";828;0.1241;"F";"10";"n";100.0755;827.5;NA;NA;1.00060422960725;"No"
40;"40_F11";"F11";"B329_LIKE+F16";909;0.124799997;"F";"11";"n";100.0755;827.5;NA;NA;1.09848942598187;"No"
40;"40_F2";"F2";"B329_LIKE+F16";950;0.144600004;"F";"2";"n";100.0755;827.5;NA;NA;1.14803625377644;"No"
40;"40_F3";"F3";"B329_LIKE+F16";924;0.147;"F";"3";"n";100.0755;827.5;NA;NA;1.1166163141994;"No"
40;"40_F4";"F4";"B329_LIKE+F16";895;0.138500005;"F";"4";"n";100.0755;827.5;NA;NA;1.08157099697885;"No"
40;"40_F5";"F5";"B329_LIKE+F16";852;0.130600005;"F";"5";"n";100.0755;827.5;NA;NA;1.02960725075529;"No"
40;"40_F6";"F6";"B329_LIKE+F16";827;0.124799997;"F";"6";"n";100.0755;827.5;NA;NA;0.999395770392749;"No"
40;"40_F7";"F7";"B329_LIKE+F16";928;0.1285;"F";"7";"n";100.0755;827.5;NA;NA;1.1214501510574;"No"
40;"40_F8";"F8";"B329_LIKE+F16";863;0.121799998;"F";"8";"n";100.0755;827.5;NA;NA;1.0429003021148;"No"
40;"40_F9";"F9";"B329_LIKE+F16";865;0.130099997;"F";"9";"n";100.0755;827.5;NA;NA;1.04531722054381;"No"
40;"40_G10";"G10";"B329_LIKE+F16";845;0.120200001;"G";"10";"n";100.0755;827.5;NA;NA;1.02114803625378;"No"
40;"40_G11";"G11";"B329_LIKE+F16";875;0.118600003;"G";"11";"n";100.0755;827.5;NA;NA;1.05740181268882;"No"
40;"40_G2";"G2";"B329_LIKE+F16";823;0.140499994;"G";"2";"n";100.0755;827.5;NA;NA;0.994561933534743;"No"
40;"40_G3";"G3";"B329_LIKE+F16";847;0.134900004;"G";"3";"n";100.0755;827.5;NA;NA;1.02356495468278;"No"
40;"40_G4";"G4";"B329_LIKE+F16";887;0.126000002;"G";"4";"n";100.0755;827.5;NA;NA;1.07190332326284;"No"
40;"40_G5";"G5";"B329_LIKE+F16";835;0.127800003;"G";"5";"n";100.0755;827.5;NA;NA;1.00906344410876;"No"
40;"40_G6";"G6";"B329_LIKE+F16";776;0.118100002;"G";"6";"n";100.0755;827.5;NA;NA;0.937764350453172;"No"
40;"40_G7";"G7";"B329_LIKE+F16";797;0.118299998;"G";"7";"n";100.0755;827.5;NA;NA;0.963141993957704;"No"
40;"40_G8";"G8";"B329_LIKE+F16";883;0.120499998;"G";"8";"n";100.0755;827.5;NA;NA;1.06706948640483;"No"
40;"40_G9";"G9";"B329_LIKE+F16";850;0.120700002;"G";"9";"n";100.0755;827.5;NA;NA;1.02719033232628;"No"
41;"41_B10";"B10";"B329_LIKE+F16";1055;0.152600005;"B";"10";"n";173.4642;939.5;NA;NA;1.12293773283662;"No"
41;"41_B11";"B11";"B329_LIKE+F16";1096;0.162599996;"B";"11";"n";173.4642;939.5;NA;NA;1.16657796700373;"No"
41;"41_B2";"B2";"B329_LIKE+F16";1003;0.136800006;"B";"2";"n";173.4642;939.5;NA;NA;1.06758914316126;"No"
41;"41_B3";"B3";"B329_LIKE+F16";983;0.135399997;"B";"3";"n";173.4642;939.5;NA;NA;1.04630122405535;"No"
41;"41_B4";"B4";"B329_LIKE+F16";928;0.1417;"B";"4";"n";173.4642;939.5;NA;NA;0.987759446514103;"No"
41;"41_B5";"B5";"B329_LIKE+F16";946;0.139400005;"B";"5";"n";173.4642;939.5;NA;NA;1.00691857370942;"No"
41;"41_B6";"B6";"B329_LIKE+F16";936;0.133399993;"B";"6";"n";173.4642;939.5;NA;NA;0.996274614156466;"No"
41;"41_B7";"B7";"B329_LIKE+F16";1109;0.136500001;"B";"7";"n";173.4642;939.5;NA;NA;1.18041511442257;"No"
41;"41_B8";"B8";"B329_LIKE+F16";983;0.138500005;"B";"8";"n";173.4642;939.5;NA;NA;1.04630122405535;"No"
41;"41_B9";"B9";"B329_LIKE+F16";978;0.140900001;"B";"9";"n";173.4642;939.5;NA;NA;1.04097924427887;"No"
41;"41_C10";"C10";"B329_LIKE+F16";864;0.124300003;"C";"10";"n";173.4642;939.5;NA;NA;0.9196381053752;"No"
41;"41_C11";"C11";"B329_LIKE+F16";817;0.128399998;"C";"11";"n";173.4642;939.5;NA;NA;0.869611495476317;"No"
41;"41_C2";"C2";"B329_LIKE+F16";820;0.129800007;"C";"2";"n";173.4642;939.5;NA;NA;0.872804683342203;"No"
41;"41_C3";"C3";"B329_LIKE+F16";869;0.130099997;"C";"3";"n";173.4642;939.5;NA;NA;0.924960085151676;"No"
41;"41_C4";"C4";"B329_LIKE+F16";810;0.125400007;"C";"4";"n";173.4642;939.5;NA;NA;0.86216072378925;"No"
41;"41_C5";"C5";"B329_LIKE+F16";794;0.121399999;"C";"5";"n";173.4642;939.5;NA;NA;0.845130388504524;"No"
41;"41_C6";"C6";"B329_LIKE+F16";854;0.123300001;"C";"6";"n";173.4642;939.5;NA;NA;0.908994145822246;"No"
41;"41_C7";"C7";"B329_LIKE+F16";769;0.115599997;"C";"7";"n";173.4642;939.5;NA;NA;0.818520489622139;"No"
41;"41_C8";"C8";"B329_LIKE+F16";794;0.116099998;"C";"8";"n";173.4642;939.5;NA;NA;0.845130388504524;"No"
41;"41_C9";"C9";"B329_LIKE+F16";884;0.132599995;"C";"9";"n";173.4642;939.5;NA;NA;0.940926024481107;"No"
41;"41_D10";"D10";"B329_LIKE+F16";836;0.131999999;"D";"10";"n";173.4642;939.5;NA;NA;0.889835018626929;"No"
41;"41_D11";"D11";"B329_LIKE+F16";909;0.133599997;"D";"11";"n";173.4642;939.5;NA;NA;0.967535923363491;"No"
41;"41_D2";"D2";"B329_LIKE+F16";821;0.125599995;"D";"2";"n";173.4642;939.5;NA;NA;0.873869079297499;"No"
41;"41_D3";"D3";"B329_LIKE+F16";806;0.131600007;"D";"3";"n";173.4642;939.5;NA;NA;0.857903139968068;"No"
41;"41_D4";"D4";"B329_LIKE+F16";1001;0.155100003;"D";"4";"n";173.4642;939.5;NA;NA;1.06546035125067;"No"
41;"41_D5";"D5";"B329_LIKE+F16";856;0.130799994;"D";"5";"n";173.4642;939.5;NA;NA;0.911122937732837;"No"
41;"41_D6";"D6";"B329_LIKE+F16";804;0.124799997;"D";"6";"n";173.4642;939.5;NA;NA;0.855774348057477;"No"
41;"41_D7";"D7";"B329_LIKE+F16";1333;0.132799998;"D";"7";"n";173.4642;939.5;NA;NA;1.41883980840873;"No"
41;"41_D8";"D8";"B329_LIKE+F16";795;0.122199997;"D";"8";"n";173.4642;939.5;NA;NA;0.846194784459819;"No"
41;"41_D9";"D9";"B329_LIKE+F16";901;0.138500005;"D";"9";"n";173.4642;939.5;NA;NA;0.959020755721128;"No"
41;"41_E10";"E10";"B329_LIKE+F16";791;0.1285;"E";"10";"n";173.4642;939.5;NA;NA;0.841937200638638;"No"
41;"41_E11";"E11";"B329_LIKE+F16";792;0.1219;"E";"11";"n";173.4642;939.5;NA;NA;0.843001596593933;"No"
41;"41_E2";"E2";"B329_LIKE+F16";869;0.145500004;"E";"2";"n";173.4642;939.5;NA;NA;0.924960085151676;"No"
41;"41_E3";"E3";"B329_LIKE+F16";789;0.126599997;"E";"3";"n";173.4642;939.5;NA;NA;0.839808408728047;"No"
41;"41_E4";"E4";"B329_LIKE+F16";892;0.143299997;"E";"4";"n";173.4642;939.5;NA;NA;0.94944119212347;"No"
41;"41_E5";"E5";"B329_LIKE+F16";813;0.135299996;"E";"5";"n";173.4642;939.5;NA;NA;0.865353911655136;"No"
41;"41_E6";"E6";"B329_LIKE+F16";811;0.123800002;"E";"6";"n";173.4642;939.5;NA;NA;0.863225119744545;"No"
41;"41_E7";"E7";"B329_LIKE+F16";798;0.121699996;"E";"7";"n";173.4642;939.5;NA;NA;0.849387972325705;"No"
41;"41_E8";"E8";"B329_LIKE+F16";795;0.129099995;"E";"8";"n";173.4642;939.5;NA;NA;0.846194784459819;"No"
41;"41_E9";"E9";"B329_LIKE+F16";811;0.133599997;"E";"9";"n";173.4642;939.5;NA;NA;0.863225119744545;"No"
41;"41_F10";"F10";"B329_LIKE+F16";913;0.140000001;"F";"10";"n";173.4642;939.5;NA;NA;0.971793507184673;"No"
41;"41_F11";"F11";"B329_LIKE+F16";969;0.140300006;"F";"11";"n";173.4642;939.5;NA;NA;1.03139968068121;"No"
41;"41_F2";"F2";"B329_LIKE+F16";949;0.137999997;"F";"2";"n";173.4642;939.5;NA;NA;1.01011176157531;"No"
41;"41_F3";"F3";"B329_LIKE+F16";899;0.136700004;"F";"3";"n";173.4642;939.5;NA;NA;0.956891963810538;"No"
41;"41_F4";"F4";"B329_LIKE+F16";879;0.133399993;"F";"4";"n";173.4642;939.5;NA;NA;0.93560404470463;"No"
41;"41_F5";"F5";"B329_LIKE+F16";835;0.131099999;"F";"5";"n";173.4642;939.5;NA;NA;0.888770622671634;"No"
41;"41_F6";"F6";"B329_LIKE+F16";798;0.123400003;"F";"6";"n";173.4642;939.5;NA;NA;0.849387972325705;"No"
41;"41_F7";"F7";"B329_LIKE+F16";900;0.140000001;"F";"7";"n";173.4642;939.5;NA;NA;0.957956359765833;"No"
41;"41_F8";"F8";"B329_LIKE+F16";825;0.125599995;"F";"8";"n";173.4642;939.5;NA;NA;0.87812666311868;"No"
41;"41_F9";"F9";"B329_LIKE+F16";921;0.130899996;"F";"9";"n";173.4642;939.5;NA;NA;0.980308674827036;"No"
41;"41_G10";"G10";"B329_LIKE+F16";1068;0.152999997;"G";"10";"n";173.4642;939.5;NA;NA;1.13677488025545;"No"
41;"41_G11";"G11";"B329_LIKE+F16";1168;0.173500001;"G";"11";"n";173.4642;939.5;NA;NA;1.24321447578499;"No"
41;"41_G2";"G2";"B329_LIKE+F16";943;0.151099995;"G";"2";"n";173.4642;939.5;NA;NA;1.00372538584353;"No"
41;"41_G3";"G3";"B329_LIKE+F16";924;0.149599999;"G";"3";"n";173.4642;939.5;NA;NA;0.983501862692922;"No"
41;"41_G4";"G4";"B329_LIKE+F16";949;0.149700001;"G";"4";"n";173.4642;939.5;NA;NA;1.01011176157531;"No"
41;"41_G5";"G5";"B329_LIKE+F16";935;0.141299993;"G";"5";"n";173.4642;939.5;NA;NA;0.995210218201171;"No"
41;"41_G6";"G6";"B329_LIKE+F16";911;0.138500005;"G";"6";"n";173.4642;939.5;NA;NA;0.969664715274082;"No"
41;"41_G7";"G7";"B329_LIKE+F16";1014;0.149399996;"G";"7";"n";173.4642;939.5;NA;NA;1.0792974986695;"No"
41;"41_G8";"G8";"B329_LIKE+F16";1009;0.142800003;"G";"8";"n";173.4642;939.5;NA;NA;1.07397551889303;"No"
41;"41_G9";"G9";"B329_LIKE+F16";1206;0.163699999;"G";"9";"n";173.4642;939.5;NA;NA;1.28366152208622;"No"
42;"42_B10";"B10";"B329_LIKE+F16";816;0.119499996;"B";"10";"n";126.021;925;NA;NA;0.882162162162162;"No"
42;"42_B11";"B11";"B329_LIKE+F16";835;0.125599995;"B";"11";"n";126.021;925;NA;NA;0.902702702702703;"No"
42;"42_B2";"B2";"B329_LIKE+F16";965;0.148100004;"B";"2";"n";126.021;925;NA;NA;1.04324324324324;"No"
42;"42_B3";"B3";"B329_LIKE+F16";1416;0.130600005;"B";"3";"n";126.021;925;NA;NA;1.53081081081081;"No"
42;"42_B4";"B4";"B329_LIKE+F16";812;0.127800003;"B";"4";"n";126.021;925;NA;NA;0.877837837837838;"No"
42;"42_B5";"B5";"B329_LIKE+F16";770;0.129800007;"B";"5";"n";126.021;925;NA;NA;0.832432432432432;"No"
42;"42_B6";"B6";"B329_LIKE+F16";763;0.1206;"B";"6";"n";126.021;925;NA;NA;0.824864864864865;"No"
42;"42_B7";"B7";"B329_LIKE+F16";805;0.1228;"B";"7";"n";126.021;925;NA;NA;0.87027027027027;"No"
42;"42_B8";"B8";"B329_LIKE+F16";830;0.122199997;"B";"8";"n";126.021;925;NA;NA;0.897297297297297;"No"
42;"42_B9";"B9";"B329_LIKE+F16";1087;0.153500006;"B";"9";"n";126.021;925;NA;NA;1.17513513513514;"No"
42;"42_C10";"C10";"B329_LIKE+F16";802;0.119900003;"C";"10";"n";126.021;925;NA;NA;0.867027027027027;"No"
42;"42_C11";"C11";"B329_LIKE+F16";868;0.128199995;"C";"11";"n";126.021;925;NA;NA;0.938378378378378;"No"
42;"42_C2";"C2";"B329_LIKE+F16";846;0.129500002;"C";"2";"n";126.021;925;NA;NA;0.914594594594595;"No"
42;"42_C3";"C3";"B329_LIKE+F16";825;0.127299994;"C";"3";"n";126.021;925;NA;NA;0.891891891891892;"No"
42;"42_C4";"C4";"B329_LIKE+F16";954;0.146599993;"C";"4";"n";126.021;925;NA;NA;1.03135135135135;"No"
42;"42_C5";"C5";"B329_LIKE+F16";935;0.1461;"C";"5";"n";126.021;925;NA;NA;1.01081081081081;"No"
42;"42_C6";"C6";"B329_LIKE+F16";989;0.144800007;"C";"6";"n";126.021;925;NA;NA;1.06918918918919;"No"
42;"42_C7";"C7";"B329_LIKE+F16";1037;0.158899993;"C";"7";"n";126.021;925;NA;NA;1.12108108108108;"No"
42;"42_C8";"C8";"B329_LIKE+F16";1099;0.158299997;"C";"8";"n";126.021;925;NA;NA;1.18810810810811;"No"
42;"42_C9";"C9";"B329_LIKE+F16";940;0.132799998;"C";"9";"n";126.021;925;NA;NA;1.01621621621622;"No"
42;"42_D10";"D10";"B329_LIKE+F16";984;0.147699997;"D";"10";"n";126.021;925;NA;NA;1.06378378378378;"No"
42;"42_D11";"D11";"B329_LIKE+F16";843;0.128099993;"D";"11";"n";126.021;925;NA;NA;0.911351351351351;"No"
42;"42_D2";"D2";"B329_LIKE+F16";913;0.143399999;"D";"2";"n";126.021;925;NA;NA;0.987027027027027;"No"
42;"42_D3";"D3";"B329_LIKE+F16";951;0.1479;"D";"3";"n";126.021;925;NA;NA;1.02810810810811;"No"
42;"42_D4";"D4";"B329_LIKE+F16";957;0.151099995;"D";"4";"n";126.021;925;NA;NA;1.03459459459459;"No"
42;"42_D5";"D5";"B329_LIKE+F16";998;0.1523;"D";"5";"n";126.021;925;NA;NA;1.07891891891892;"No"
42;"42_D6";"D6";"B329_LIKE+F16";915;0.145699993;"D";"6";"n";126.021;925;NA;NA;0.989189189189189;"No"
42;"42_D7";"D7";"B329_LIKE+F16";1060;0.158999994;"D";"7";"n";126.021;925;NA;NA;1.14594594594595;"No"
42;"42_D8";"D8";"B329_LIKE+F16";906;0.139400005;"D";"8";"n";126.021;925;NA;NA;0.97945945945946;"No"
42;"42_D9";"D9";"B329_LIKE+F16";978;0.145400003;"D";"9";"n";126.021;925;NA;NA;1.0572972972973;"No"
42;"42_E10";"E10";"B329_LIKE+F16";776;0.131300002;"E";"10";"n";126.021;925;NA;NA;0.838918918918919;"No"
42;"42_E11";"E11";"B329_LIKE+F16";885;0.146799996;"E";"11";"n";126.021;925;NA;NA;0.956756756756757;"No"
42;"42_E2";"E2";"B329_LIKE+F16";867;0.160799995;"E";"2";"n";126.021;925;NA;NA;0.937297297297297;"No"
42;"42_E3";"E3";"B329_LIKE+F16";834;0.148900002;"E";"3";"n";126.021;925;NA;NA;0.901621621621622;"No"
42;"42_E4";"E4";"B329_LIKE+F16";908;0.133300006;"E";"4";"n";126.021;925;NA;NA;0.981621621621622;"No"
42;"42_E5";"E5";"B329_LIKE+F16";832;0.123099998;"E";"5";"n";126.021;925;NA;NA;0.89945945945946;"No"
42;"42_E6";"E6";"B329_LIKE+F16";841;0.125300005;"E";"6";"n";126.021;925;NA;NA;0.909189189189189;"No"
42;"42_E7";"E7";"B329_LIKE+F16";839;0.126200005;"E";"7";"n";126.021;925;NA;NA;0.907027027027027;"No"
42;"42_E8";"E8";"B329_LIKE+F16";916;0.137799993;"E";"8";"n";126.021;925;NA;NA;0.99027027027027;"No"
42;"42_E9";"E9";"B329_LIKE+F16";805;0.126699999;"E";"9";"n";126.021;925;NA;NA;0.87027027027027;"No"
42;"42_F10";"F10";"B329_LIKE+F16";890;0.1329;"F";"10";"n";126.021;925;NA;NA;0.962162162162162;"No"
42;"42_F11";"F11";"B329_LIKE+F16";901;0.140499994;"F";"11";"n";126.021;925;NA;NA;0.974054054054054;"No"
42;"42_F2";"F2";"B329_LIKE+F16";910;0.135399997;"F";"2";"n";126.021;925;NA;NA;0.983783783783784;"No"
42;"42_F3";"F3";"B329_LIKE+F16";921;0.132599995;"F";"3";"n";126.021;925;NA;NA;0.995675675675676;"No"
42;"42_F4";"F4";"B329_LIKE+F16";917;0.141599998;"F";"4";"n";126.021;925;NA;NA;0.991351351351351;"No"
42;"42_F5";"F5";"B329_LIKE+F16";934;0.133900002;"F";"5";"n";126.021;925;NA;NA;1.00972972972973;"No"
42;"42_F6";"F6";"B329_LIKE+F16";891;0.156800002;"F";"6";"n";126.021;925;NA;NA;0.963243243243243;"No"
42;"42_F7";"F7";"B329_LIKE+F16";884;0.139599994;"F";"7";"n";126.021;925;NA;NA;0.955675675675676;"No"
42;"42_F8";"F8";"B329_LIKE+F16";1038;0.139799997;"F";"8";"n";126.021;925;NA;NA;1.12216216216216;"No"
42;"42_F9";"F9";"B329_LIKE+F16";1017;0.135499999;"F";"9";"n";126.021;925;NA;NA;1.09945945945946;"No"
42;"42_G10";"G10";"B329_LIKE+F16";935;0.1294;"G";"10";"n";126.021;925;NA;NA;1.01081081081081;"No"
42;"42_G11";"G11";"B329_LIKE+F16";898;0.125499994;"G";"11";"n";126.021;925;NA;NA;0.970810810810811;"No"
42;"42_G2";"G2";"B329_LIKE+F16";1117;0.182500005;"G";"2";"n";126.021;925;NA;NA;1.20756756756757;"No"
42;"42_G3";"G3";"B329_LIKE+F16";1034;0.165999994;"G";"3";"n";126.021;925;NA;NA;1.11783783783784;"No"
42;"42_G4";"G4";"B329_LIKE+F16";1097;0.167500004;"G";"4";"n";126.021;925;NA;NA;1.18594594594595;"No"
42;"42_G5";"G5";"B329_LIKE+F16";1093;0.162100002;"G";"5";"n";126.021;925;NA;NA;1.18162162162162;"No"
42;"42_G6";"G6";"B329_LIKE+F16";1098;0.161500007;"G";"6";"n";126.021;925;NA;NA;1.18702702702703;"No"
42;"42_G7";"G7";"B329_LIKE+F16";1013;0.137500003;"G";"7";"n";126.021;925;NA;NA;1.09513513513514;"No"
42;"42_G8";"G8";"B329_LIKE+F16";743;0.1241;"G";"8";"n";126.021;925;NA;NA;0.803243243243243;"No"
42;"42_G9";"G9";"B329_LIKE+F16";1000;0.149299994;"G";"9";"n";126.021;925;NA;NA;1.08108108108108;"No"
43;"43_B10";"B10";"B329_LIKE+F16";832;0.128099993;"B";"10";"n";108.9711;895.5;NA;NA;0.929089893914015;"No"
43;"43_B11";"B11";"B329_LIKE+F16";883;0.1303;"B";"11";"n";108.9711;895.5;NA;NA;0.986041317699609;"No"
43;"43_B2";"B2";"B329_LIKE+F16";829;0.137500003;"B";"2";"n";108.9711;895.5;NA;NA;0.925739810161921;"No"
43;"43_B3";"B3";"B329_LIKE+F16";735;0.1197;"B";"3";"n";108.9711;895.5;NA;NA;0.820770519262982;"No"
43;"43_B4";"B4";"B329_LIKE+F16";757;0.128700003;"B";"4";"n";108.9711;895.5;NA;NA;0.84533780011167;"No"
43;"43_B5";"B5";"B329_LIKE+F16";769;0.127299994;"B";"5";"n";108.9711;895.5;NA;NA;0.858738135120045;"No"
43;"43_B6";"B6";"B329_LIKE+F16";701;0.118699998;"B";"6";"n";108.9711;895.5;NA;NA;0.782802903405919;"No"
43;"43_B7";"B7";"B329_LIKE+F16";738;0.119400002;"B";"7";"n";108.9711;895.5;NA;NA;0.824120603015075;"No"
43;"43_B8";"B8";"B329_LIKE+F16";823;0.124200001;"B";"8";"n";108.9711;895.5;NA;NA;0.919039642657733;"No"
43;"43_B9";"B9";"B329_LIKE+F16";783;0.123199999;"B";"9";"n";108.9711;895.5;NA;NA;0.874371859296482;"No"
43;"43_C10";"C10";"B329_LIKE+F16";793;0.132599995;"C";"10";"n";108.9711;895.5;NA;NA;0.885538805136795;"No"
43;"43_C11";"C11";"B329_LIKE+F16";913;0.144600004;"C";"11";"n";108.9711;895.5;NA;NA;1.01954215522055;"No"
43;"43_C2";"C2";"B329_LIKE+F16";867;0.138500005;"C";"2";"n";108.9711;895.5;NA;NA;0.968174204355109;"No"
43;"43_C3";"C3";"B329_LIKE+F16";884;0.137099996;"C";"3";"n";108.9711;895.5;NA;NA;0.98715801228364;"No"
43;"43_C4";"C4";"B329_LIKE+F16";861;0.133300006;"C";"4";"n";108.9711;895.5;NA;NA;0.961474036850921;"No"
43;"43_C5";"C5";"B329_LIKE+F16";867;0.132599995;"C";"5";"n";108.9711;895.5;NA;NA;0.968174204355109;"No"
43;"43_C6";"C6";"B329_LIKE+F16";865;0.137400001;"C";"6";"n";108.9711;895.5;NA;NA;0.965940815187046;"No"
43;"43_C7";"C7";"B329_LIKE+F16";905;0.135100007;"C";"7";"n";108.9711;895.5;NA;NA;1.0106085985483;"No"
43;"43_C8";"C8";"B329_LIKE+F16";978;0.152700007;"C";"8";"n";108.9711;895.5;NA;NA;1.09212730318258;"No"
43;"43_C9";"C9";"B329_LIKE+F16";839;0.140200004;"C";"9";"n";108.9711;895.5;NA;NA;0.936906756002233;"No"
43;"43_D10";"D10";"B329_LIKE+F16";797;0.128000006;"D";"10";"n";108.9711;895.5;NA;NA;0.89000558347292;"No"
43;"43_D11";"D11";"B329_LIKE+F16";916;0.150900006;"D";"11";"n";108.9711;895.5;NA;NA;1.02289223897264;"No"
43;"43_D2";"D2";"B329_LIKE+F16";832;0.131099999;"D";"2";"n";108.9711;895.5;NA;NA;0.929089893914015;"No"
43;"43_D3";"D3";"B329_LIKE+F16";779;0.127299994;"D";"3";"n";108.9711;895.5;NA;NA;0.869905080960357;"No"
43;"43_D4";"D4";"B329_LIKE+F16";797;0.133000001;"D";"4";"n";108.9711;895.5;NA;NA;0.89000558347292;"No"
43;"43_D5";"D5";"B329_LIKE+F16";956;0.148399994;"D";"5";"n";108.9711;895.5;NA;NA;1.06756002233389;"No"
43;"43_D6";"D6";"B329_LIKE+F16";936;0.150999993;"D";"6";"n";108.9711;895.5;NA;NA;1.04522613065327;"No"
43;"43_D7";"D7";"B329_LIKE+F16";822;0.142199993;"D";"7";"n";108.9711;895.5;NA;NA;0.917922948073702;"No"
43;"43_D8";"D8";"B329_LIKE+F16";802;0.123400003;"D";"8";"n";108.9711;895.5;NA;NA;0.895589056393077;"No"
43;"43_D9";"D9";"B329_LIKE+F16";838;0.128700003;"D";"9";"n";108.9711;895.5;NA;NA;0.935790061418202;"No"
43;"43_E10";"E10";"B329_LIKE+F16";757;0.117799997;"E";"10";"n";108.9711;895.5;NA;NA;0.84533780011167;"No"
43;"43_E11";"E11";"B329_LIKE+F16";904;0.126200005;"E";"11";"n";108.9711;895.5;NA;NA;1.00949190396427;"No"
43;"43_E2";"E2";"B329_LIKE+F16";834;0.1382;"E";"2";"n";108.9711;895.5;NA;NA;0.931323283082077;"No"
43;"43_E3";"E3";"B329_LIKE+F16";897;0.136099994;"E";"3";"n";108.9711;895.5;NA;NA;1.00167504187605;"No"
43;"43_E4";"E4";"B329_LIKE+F16";1133;0.155399993;"E";"4";"n";108.9711;895.5;NA;NA;1.26521496370743;"No"
43;"43_E5";"E5";"B329_LIKE+F16";875;0.135199994;"E";"5";"n";108.9711;895.5;NA;NA;0.977107761027359;"No"
43;"43_E6";"E6";"B329_LIKE+F16";866;0.138300002;"E";"6";"n";108.9711;895.5;NA;NA;0.967057509771078;"No"
43;"43_E7";"E7";"B329_LIKE+F16";829;0.1285;"E";"7";"n";108.9711;895.5;NA;NA;0.925739810161921;"No"
43;"43_E8";"E8";"B329_LIKE+F16";913;0.127700001;"E";"8";"n";108.9711;895.5;NA;NA;1.01954215522055;"No"
43;"43_E9";"E9";"B329_LIKE+F16";834;0.126100004;"E";"9";"n";108.9711;895.5;NA;NA;0.931323283082077;"No"
43;"43_F10";"F10";"B329_LIKE+F16";1258;0.157600001;"F";"10";"n";108.9711;895.5;NA;NA;1.40480178671133;"No"
43;"43_F11";"F11";"B329_LIKE+F16";853;0.137400001;"F";"11";"n";108.9711;895.5;NA;NA;0.952540480178671;"No"
43;"43_F2";"F2";"B329_LIKE+F16";1107;0.169699997;"F";"2";"n";108.9711;895.5;NA;NA;1.23618090452261;"No"
43;"43_F3";"F3";"B329_LIKE+F16";813;0.1417;"F";"3";"n";108.9711;895.5;NA;NA;0.90787269681742;"No"
43;"43_F4";"F4";"B329_LIKE+F16";951;0.150999993;"F";"4";"n";108.9711;895.5;NA;NA;1.06197654941374;"No"
43;"43_F5";"F5";"B329_LIKE+F16";892;0.144899994;"F";"5";"n";108.9711;895.5;NA;NA;0.996091568955891;"No"
43;"43_F6";"F6";"B329_LIKE+F16";933;0.144400001;"F";"6";"n";108.9711;895.5;NA;NA;1.04187604690117;"No"
43;"43_F7";"F7";"B329_LIKE+F16";1215;0.162100002;"F";"7";"n";108.9711;895.5;NA;NA;1.35678391959799;"No"
43;"43_F8";"F8";"B329_LIKE+F16";947;0.1426;"F";"8";"n";108.9711;895.5;NA;NA;1.05750977107761;"No"
43;"43_F9";"F9";"B329_LIKE+F16";928;0.1373;"F";"9";"n";108.9711;895.5;NA;NA;1.03629257398102;"No"
43;"43_G10";"G10";"B329_LIKE+F16";1072;0.157600001;"G";"10";"n";108.9711;895.5;NA;NA;1.19709659408152;"No"
43;"43_G11";"G11";"B329_LIKE+F16";992;0.159500003;"G";"11";"n";108.9711;895.5;NA;NA;1.10776102735902;"No"
43;"43_G2";"G2";"B329_LIKE+F16";801;0.131699994;"G";"2";"n";108.9711;895.5;NA;NA;0.894472361809045;"No"
43;"43_G3";"G3";"B329_LIKE+F16";795;0.1294;"G";"3";"n";108.9711;895.5;NA;NA;0.887772194304858;"No"
43;"43_G4";"G4";"B329_LIKE+F16";968;0.144400001;"G";"4";"n";108.9711;895.5;NA;NA;1.08096035734227;"No"
43;"43_G5";"G5";"B329_LIKE+F16";1009;0.141599998;"G";"5";"n";108.9711;895.5;NA;NA;1.12674483528755;"No"
43;"43_G6";"G6";"B329_LIKE+F16";947;0.140100002;"G";"6";"n";108.9711;895.5;NA;NA;1.05750977107761;"No"
43;"43_G7";"G7";"B329_LIKE+F16";924;0.141100004;"G";"7";"n";108.9711;895.5;NA;NA;1.03182579564489;"No"
43;"43_G8";"G8";"B329_LIKE+F16";989;0.149100006;"G";"8";"n";108.9711;895.5;NA;NA;1.10441094360692;"No"
43;"43_G9";"G9";"B329_LIKE+F16";976;0.144099995;"G";"9";"n";108.9711;895.5;NA;NA;1.08989391401452;"No"
44;"44_B10";"B10";"B329_LIKE+F16";917;0.1171;"B";"10";"n";123.0558;762.5;NA;NA;1.20262295081967;"No"
44;"44_B11";"B11";"B329_LIKE+F16";862;0.142499998;"B";"11";"n";123.0558;762.5;NA;NA;1.13049180327869;"No"
44;"44_B2";"B2";"B329_LIKE+F16";878;0.158700004;"B";"2";"n";123.0558;762.5;NA;NA;1.15147540983607;"No"
44;"44_B3";"B3";"B329_LIKE+F16";819;0.149900004;"B";"3";"n";123.0558;762.5;NA;NA;1.07409836065574;"No"
44;"44_B4";"B4";"B329_LIKE+F16";1054;0.154200003;"B";"4";"n";123.0558;762.5;NA;NA;1.38229508196721;"No"
44;"44_B5";"B5";"B329_LIKE+F16";885;0.154400006;"B";"5";"n";123.0558;762.5;NA;NA;1.16065573770492;"No"
44;"44_B6";"B6";"B329_LIKE+F16";1116;0.168899998;"B";"6";"n";123.0558;762.5;NA;NA;1.46360655737705;"No"
44;"44_B7";"B7";"B329_LIKE+F16";902;0.144500002;"B";"7";"n";123.0558;762.5;NA;NA;1.18295081967213;"No"
44;"44_B8";"B8";"B329_LIKE+F16";733;0.128399998;"B";"8";"n";123.0558;762.5;NA;NA;0.961311475409836;"No"
44;"44_B9";"B9";"B329_LIKE+F16";754;0.1219;"B";"9";"n";123.0558;762.5;NA;NA;0.988852459016393;"No"
44;"44_C10";"C10";"B329_LIKE+F16";666;0.109999999;"C";"10";"n";123.0558;762.5;NA;NA;0.87344262295082;"No"
44;"44_C11";"C11";"B329_LIKE+F16";827;0.124399997;"C";"11";"n";123.0558;762.5;NA;NA;1.08459016393443;"No"
44;"44_C2";"C2";"B329_LIKE+F16";678;0.117600001;"C";"2";"n";123.0558;762.5;NA;NA;0.889180327868852;"No"
44;"44_C3";"C3";"B329_LIKE+F16";767;0.122599997;"C";"3";"n";123.0558;762.5;NA;NA;1.00590163934426;"No"
44;"44_C4";"C4";"B329_LIKE+F16";647;0.110200003;"C";"4";"n";123.0558;762.5;NA;NA;0.848524590163934;"No"
44;"44_C5";"C5";"B329_LIKE+F16";1170;0.141200006;"C";"5";"n";123.0558;762.5;NA;NA;1.5344262295082;"No"
44;"44_C6";"C6";"B329_LIKE+F16";695;0.113600001;"C";"6";"n";123.0558;762.5;NA;NA;0.911475409836066;"No"
44;"44_C7";"C7";"B329_LIKE+F16";722;0.110399999;"C";"7";"n";123.0558;762.5;NA;NA;0.946885245901639;"No"
44;"44_C8";"C8";"B329_LIKE+F16";682;0.108000003;"C";"8";"n";123.0558;762.5;NA;NA;0.894426229508197;"No"
44;"44_C9";"C9";"B329_LIKE+F16";693;0.113399997;"C";"9";"n";123.0558;762.5;NA;NA;0.908852459016393;"No"
44;"44_D10";"D10";"B329_LIKE+F16";716;0.1206;"D";"10";"n";123.0558;762.5;NA;NA;0.939016393442623;"No"
44;"44_D11";"D11";"B329_LIKE+F16";705;0.115800001;"D";"11";"n";123.0558;762.5;NA;NA;0.924590163934426;"No"
44;"44_D2";"D2";"B329_LIKE+F16";651;0.1118;"D";"2";"n";123.0558;762.5;NA;NA;0.853770491803279;"No"
44;"44_D3";"D3";"B329_LIKE+F16";684;0.119199999;"D";"3";"n";123.0558;762.5;NA;NA;0.897049180327869;"No"
44;"44_D4";"D4";"B329_LIKE+F16";725;0.129199997;"D";"4";"n";123.0558;762.5;NA;NA;0.950819672131147;"No"
44;"44_D5";"D5";"B329_LIKE+F16";714;0.116700001;"D";"5";"n";123.0558;762.5;NA;NA;0.936393442622951;"No"
44;"44_D6";"D6";"B329_LIKE+F16";809;0.139500007;"D";"6";"n";123.0558;762.5;NA;NA;1.06098360655738;"No"
44;"44_D7";"D7";"B329_LIKE+F16";725;0.1206;"D";"7";"n";123.0558;762.5;NA;NA;0.950819672131147;"No"
44;"44_D8";"D8";"B329_LIKE+F16";774;0.122599997;"D";"8";"n";123.0558;762.5;NA;NA;1.01508196721311;"No"
44;"44_D9";"D9";"B329_LIKE+F16";698;0.118699998;"D";"9";"n";123.0558;762.5;NA;NA;0.915409836065574;"No"
44;"44_E10";"E10";"B329_LIKE+F16";715;0.122000001;"E";"10";"n";123.0558;762.5;NA;NA;0.937704918032787;"No"
44;"44_E11";"E11";"B329_LIKE+F16";736;0.124799997;"E";"11";"n";123.0558;762.5;NA;NA;0.965245901639344;"No"
44;"44_E2";"E2";"B329_LIKE+F16";653;0.1127;"E";"2";"n";123.0558;762.5;NA;NA;0.856393442622951;"No"
44;"44_E3";"E3";"B329_LIKE+F16";672;0.113600001;"E";"3";"n";123.0558;762.5;NA;NA;0.881311475409836;"No"
44;"44_E4";"E4";"B329_LIKE+F16";681;0.1153;"E";"4";"n";123.0558;762.5;NA;NA;0.893114754098361;"No"
44;"44_E5";"E5";"B329_LIKE+F16";663;0.112000003;"E";"5";"n";123.0558;762.5;NA;NA;0.869508196721312;"No"
44;"44_E6";"E6";"B329_LIKE+F16";738;0.113899998;"E";"6";"n";123.0558;762.5;NA;NA;0.967868852459016;"No"
44;"44_E7";"E7";"B329_LIKE+F16";981;0.133100003;"E";"7";"n";123.0558;762.5;NA;NA;1.28655737704918;"No"
44;"44_E8";"E8";"B329_LIKE+F16";674;0.114299998;"E";"8";"n";123.0558;762.5;NA;NA;0.883934426229508;"No"
44;"44_E9";"E9";"B329_LIKE+F16";673;0.113700002;"E";"9";"n";123.0558;762.5;NA;NA;0.882622950819672;"No"
44;"44_F10";"F10";"B329_LIKE+F16";656;0.114;"F";"10";"n";123.0558;762.5;NA;NA;0.860327868852459;"No"
44;"44_F11";"F11";"B329_LIKE+F16";737;0.126499996;"F";"11";"n";123.0558;762.5;NA;NA;0.96655737704918;"No"
44;"44_F2";"F2";"B329_LIKE+F16";740;0.134900004;"F";"2";"n";123.0558;762.5;NA;NA;0.970491803278689;"No"
44;"44_F3";"F3";"B329_LIKE+F16";684;0.120099999;"F";"3";"n";123.0558;762.5;NA;NA;0.897049180327869;"No"
44;"44_F4";"F4";"B329_LIKE+F16";791;0.135700002;"F";"4";"n";123.0558;762.5;NA;NA;1.03737704918033;"No"
44;"44_F5";"F5";"B329_LIKE+F16";701;0.115599997;"F";"5";"n";123.0558;762.5;NA;NA;0.919344262295082;"No"
44;"44_F6";"F6";"B329_LIKE+F16";636;0.109300002;"F";"6";"n";123.0558;762.5;NA;NA;0.834098360655738;"No"
44;"44_F7";"F7";"B329_LIKE+F16";628;0.105700001;"F";"7";"n";123.0558;762.5;NA;NA;0.823606557377049;"No"
44;"44_F8";"F8";"B329_LIKE+F16";633;0.107900001;"F";"8";"n";123.0558;762.5;NA;NA;0.83016393442623;"No"
44;"44_F9";"F9";"B329_LIKE+F16";761;0.117399998;"F";"9";"n";123.0558;762.5;NA;NA;0.998032786885246;"No"
44;"44_G10";"G10";"B329_LIKE+F16";720;0.124300003;"G";"10";"n";123.0558;762.5;NA;NA;0.944262295081967;"No"
44;"44_G11";"G11";"B329_LIKE+F16";856;0.140300006;"G";"11";"n";123.0558;762.5;NA;NA;1.12262295081967;"No"
44;"44_G2";"G2";"B329_LIKE+F16";780;0.120099999;"G";"2";"n";123.0558;762.5;NA;NA;1.02295081967213;"No"
44;"44_G3";"G3";"B329_LIKE+F16";779;0.125499994;"G";"3";"n";123.0558;762.5;NA;NA;1.0216393442623;"No"
44;"44_G4";"G4";"B329_LIKE+F16";770;0.130099997;"G";"4";"n";123.0558;762.5;NA;NA;1.00983606557377;"No"
44;"44_G5";"G5";"B329_LIKE+F16";914;0.150999993;"G";"5";"n";123.0558;762.5;NA;NA;1.19868852459016;"No"
44;"44_G6";"G6";"B329_LIKE+F16";778;0.124799997;"G";"6";"n";123.0558;762.5;NA;NA;1.02032786885246;"No"
44;"44_G7";"G7";"B329_LIKE+F16";733;0.125699997;"G";"7";"n";123.0558;762.5;NA;NA;0.961311475409836;"No"
44;"44_G8";"G8";"B329_LIKE+F16";764;0.126699999;"G";"8";"n";123.0558;762.5;NA;NA;1.00196721311475;"No"
44;"44_G9";"G9";"B329_LIKE+F16";849;0.141000003;"G";"9";"n";123.0558;762.5;NA;NA;1.11344262295082;"No"
45;"45_B10";"B10";"B329_LIKE+F16";808;0.120399997;"B";"10";"n";114.9015;835;NA;NA;0.967664670658683;"No"
45;"45_B11";"B11";"B329_LIKE+F16";754;0.111199997;"B";"11";"n";114.9015;835;NA;NA;0.902994011976048;"No"
45;"45_B2";"B2";"B329_LIKE+F16";742;0.127000004;"B";"2";"n";114.9015;835;NA;NA;0.888622754491018;"No"
45;"45_B3";"B3";"B329_LIKE+F16";776;0.135100007;"B";"3";"n";114.9015;835;NA;NA;0.92934131736527;"No"
45;"45_B4";"B4";"B329_LIKE+F16";766;0.1303;"B";"4";"n";114.9015;835;NA;NA;0.917365269461078;"No"
45;"45_B5";"B5";"B329_LIKE+F16";953;0.149200007;"B";"5";"n";114.9015;835;NA;NA;1.14131736526946;"No"
45;"45_B6";"B6";"B329_LIKE+F16";791;0.134599999;"B";"6";"n";114.9015;835;NA;NA;0.947305389221557;"No"
45;"45_B7";"B7";"B329_LIKE+F16";747;0.130500004;"B";"7";"n";114.9015;835;NA;NA;0.894610778443114;"No"
45;"45_B8";"B8";"B329_LIKE+F16";759;0.118299998;"B";"8";"n";114.9015;835;NA;NA;0.908982035928144;"No"
45;"45_B9";"B9";"B329_LIKE+F16";829;0.127100006;"B";"9";"n";114.9015;835;NA;NA;0.992814371257485;"No"
45;"45_C10";"C10";"B329_LIKE+F16";853;0.140100002;"C";"10";"n";114.9015;835;NA;NA;1.02155688622754;"No"
45;"45_C11";"C11";"B329_LIKE+F16";960;0.155699998;"C";"11";"n";114.9015;835;NA;NA;1.1497005988024;"No"
45;"45_C2";"C2";"B329_LIKE+F16";1340;0.166500002;"C";"2";"n";114.9015;835;NA;NA;1.60479041916168;"No"
45;"45_C3";"C3";"B329_LIKE+F16";757;0.138400003;"C";"3";"n";114.9015;835;NA;NA;0.906586826347305;"No"
45;"45_C4";"C4";"B329_LIKE+F16";978;0.161799997;"C";"4";"n";114.9015;835;NA;NA;1.17125748502994;"No"
45;"45_C5";"C5";"B329_LIKE+F16";765;0.136199996;"C";"5";"n";114.9015;835;NA;NA;0.916167664670659;"No"
45;"45_C6";"C6";"B329_LIKE+F16";834;0.155599996;"C";"6";"n";114.9015;835;NA;NA;0.998802395209581;"No"
45;"45_C7";"C7";"B329_LIKE+F16";832;0.152700007;"C";"7";"n";114.9015;835;NA;NA;0.996407185628743;"No"
45;"45_C8";"C8";"B329_LIKE+F16";748;0.130899996;"C";"8";"n";114.9015;835;NA;NA;0.895808383233533;"No"
45;"45_C9";"C9";"B329_LIKE+F16";850;0.143099993;"C";"9";"n";114.9015;835;NA;NA;1.01796407185629;"No"
45;"45_D10";"D10";"B329_LIKE+F16";678;0.112099998;"D";"10";"n";114.9015;835;NA;NA;0.811976047904192;"No"
45;"45_D11";"D11";"B329_LIKE+F16";665;0.108499996;"D";"11";"n";114.9015;835;NA;NA;0.796407185628742;"No"
45;"45_D2";"D2";"B329_LIKE+F16";1116;0.157600001;"D";"2";"n";114.9015;835;NA;NA;1.33652694610778;"No"
45;"45_D3";"D3";"B329_LIKE+F16";898;0.160600007;"D";"3";"n";114.9015;835;NA;NA;1.07544910179641;"No"
45;"45_D4";"D4";"B329_LIKE+F16";951;0.157199994;"D";"4";"n";114.9015;835;NA;NA;1.13892215568862;"No"
45;"45_D5";"D5";"B329_LIKE+F16";776;0.140000001;"D";"5";"n";114.9015;835;NA;NA;0.92934131736527;"No"
45;"45_D6";"D6";"B329_LIKE+F16";880;0.155499995;"D";"6";"n";114.9015;835;NA;NA;1.05389221556886;"No"
45;"45_D7";"D7";"B329_LIKE+F16";583;0.130899996;"D";"7";"n";114.9015;835;NA;NA;0.698203592814371;"No"
45;"45_D8";"D8";"B329_LIKE+F16";589;0.105599999;"D";"8";"n";114.9015;835;NA;NA;0.705389221556886;"No"
45;"45_D9";"D9";"B329_LIKE+F16";610;0.1021;"D";"9";"n";114.9015;835;NA;NA;0.730538922155689;"No"
45;"45_E10";"E10";"B329_LIKE+F16";751;0.130799994;"E";"10";"n";114.9015;835;NA;NA;0.89940119760479;"No"
45;"45_E11";"E11";"B329_LIKE+F16";925;0.154400006;"E";"11";"n";114.9015;835;NA;NA;1.10778443113772;"No"
45;"45_E2";"E2";"B329_LIKE+F16";758;0.127900004;"E";"2";"n";114.9015;835;NA;NA;0.907784431137725;"No"
45;"45_E3";"E3";"B329_LIKE+F16";662;0.1096;"E";"3";"n";114.9015;835;NA;NA;0.792814371257485;"No"
45;"45_E4";"E4";"B329_LIKE+F16";758;0.120200001;"E";"4";"n";114.9015;835;NA;NA;0.907784431137725;"No"
45;"45_E5";"E5";"B329_LIKE+F16";835;0.156900004;"E";"5";"n";114.9015;835;NA;NA;1;"No"
45;"45_E6";"E6";"B329_LIKE+F16";1171;0.142299995;"E";"6";"n";114.9015;835;NA;NA;1.40239520958084;"No"
45;"45_E7";"E7";"B329_LIKE+F16";866;0.144899994;"E";"7";"n";114.9015;835;NA;NA;1.03712574850299;"No"
45;"45_E8";"E8";"B329_LIKE+F16";809;0.146699995;"E";"8";"n";114.9015;835;NA;NA;0.968862275449102;"No"
45;"45_E9";"E9";"B329_LIKE+F16";779;0.136199996;"E";"9";"n";114.9015;835;NA;NA;0.932934131736527;"No"
45;"45_F10";"F10";"B329_LIKE+F16";862;0.135600001;"F";"10";"n";114.9015;835;NA;NA;1.03233532934132;"No"
45;"45_F11";"F11";"B329_LIKE+F16";853;0.136500001;"F";"11";"n";114.9015;835;NA;NA;1.02155688622754;"No"
45;"45_F2";"F2";"B329_LIKE+F16";765;0.115800001;"F";"2";"n";114.9015;835;NA;NA;0.916167664670659;"No"
45;"45_F3";"F3";"B329_LIKE+F16";705;0.114;"F";"3";"n";114.9015;835;NA;NA;0.844311377245509;"No"
45;"45_F4";"F4";"B329_LIKE+F16";880;0.123999998;"F";"4";"n";114.9015;835;NA;NA;1.05389221556886;"No"
45;"45_F5";"F5";"B329_LIKE+F16";845;0.153500006;"F";"5";"n";114.9015;835;NA;NA;1.01197604790419;"No"
45;"45_F6";"F6";"B329_LIKE+F16";882;0.151700005;"F";"6";"n";114.9015;835;NA;NA;1.0562874251497;"No"
45;"45_F7";"F7";"B329_LIKE+F16";952;0.136700004;"F";"7";"n";114.9015;835;NA;NA;1.14011976047904;"No"
45;"45_F8";"F8";"B329_LIKE+F16";809;0.130400002;"F";"8";"n";114.9015;835;NA;NA;0.968862275449102;"No"
45;"45_F9";"F9";"B329_LIKE+F16";909;0.150399998;"F";"9";"n";114.9015;835;NA;NA;1.08862275449102;"No"
45;"45_G10";"G10";"B329_LIKE+F16";820;0.142100006;"G";"10";"n";114.9015;835;NA;NA;0.982035928143713;"No"
45;"45_G11";"G11";"B329_LIKE+F16";938;0.142199993;"G";"11";"n";114.9015;835;NA;NA;1.12335329341317;"No"
45;"45_G2";"G2";"B329_LIKE+F16";827;0.131999999;"G";"2";"n";114.9015;835;NA;NA;0.990419161676647;"No"
45;"45_G3";"G3";"B329_LIKE+F16";740;0.137099996;"G";"3";"n";114.9015;835;NA;NA;0.88622754491018;"No"
45;"45_G4";"G4";"B329_LIKE+F16";801;0.140100002;"G";"4";"n";114.9015;835;NA;NA;0.959281437125749;"No"
45;"45_G5";"G5";"B329_LIKE+F16";835;0.1373;"G";"5";"n";114.9015;835;NA;NA;1;"No"
45;"45_G6";"G6";"B329_LIKE+F16";824;0.1435;"G";"6";"n";114.9015;835;NA;NA;0.986826347305389;"No"
45;"45_G7";"G7";"B329_LIKE+F16";1217;0.142199993;"G";"7";"n";114.9015;835;NA;NA;1.45748502994012;"No"
45;"45_G8";"G8";"B329_LIKE+F16";811;0.148000002;"G";"8";"n";114.9015;835;NA;NA;0.97125748502994;"No"
45;"45_G9";"G9";"B329_LIKE+F16";885;0.146899998;"G";"9";"n";114.9015;835;NA;NA;1.05988023952096;"No"
46;"46_B10";"B10";"B329_LIKE+F16";904;0.130700007;"B";"10";"n";117.8667;985.5;NA;NA;0.917300862506342;"No"
46;"46_B11";"B11";"B329_LIKE+F16";1004;0.153099999;"B";"11";"n";117.8667;985.5;NA;NA;1.01877219685439;"No"
46;"46_B2";"B2";"B329_LIKE+F16";881;0.161300004;"B";"2";"n";117.8667;985.5;NA;NA;0.893962455606291;"No"
46;"46_B3";"B3";"B329_LIKE+F16";855;0.1435;"B";"3";"n";117.8667;985.5;NA;NA;0.867579908675799;"No"
46;"46_B4";"B4";"B329_LIKE+F16";984;0.161400005;"B";"4";"n";117.8667;985.5;NA;NA;0.998477929984779;"No"
46;"46_B5";"B5";"B329_LIKE+F16";948;0.158000007;"B";"5";"n";117.8667;985.5;NA;NA;0.961948249619482;"No"
46;"46_B6";"B6";"B329_LIKE+F16";971;0.155399993;"B";"6";"n";117.8667;985.5;NA;NA;0.985286656519533;"No"
46;"46_B7";"B7";"B329_LIKE+F16";911;0.146599993;"B";"7";"n";117.8667;985.5;NA;NA;0.924403855910705;"No"
46;"46_B8";"B8";"B329_LIKE+F16";864;0.136500001;"B";"8";"n";117.8667;985.5;NA;NA;0.876712328767123;"No"
46;"46_B9";"B9";"B329_LIKE+F16";913;0.145500004;"B";"9";"n";117.8667;985.5;NA;NA;0.926433282597666;"No"
46;"46_C10";"C10";"B329_LIKE+F16";931;0.149100006;"C";"10";"n";117.8667;985.5;NA;NA;0.944698122780315;"No"
46;"46_C11";"C11";"B329_LIKE+F16";1325;0.179000005;"C";"11";"n";117.8667;985.5;NA;NA;1.34449518011162;"No"
46;"46_C2";"C2";"B329_LIKE+F16";939;0.156299993;"C";"2";"n";117.8667;985.5;NA;NA;0.952815829528158;"No"
46;"46_C3";"C3";"B329_LIKE+F16";1052;0.175899997;"C";"3";"n";117.8667;985.5;NA;NA;1.06747843734145;"No"
46;"46_C4";"C4";"B329_LIKE+F16";987;0.148499995;"C";"4";"n";117.8667;985.5;NA;NA;1.00152207001522;"No"
46;"46_C5";"C5";"B329_LIKE+F16";900;0.140799999;"C";"5";"n";117.8667;985.5;NA;NA;0.91324200913242;"No"
46;"46_C6";"C6";"B329_LIKE+F16";969;0.1567;"C";"6";"n";117.8667;985.5;NA;NA;0.983257229832572;"No"
46;"46_C7";"C7";"B329_LIKE+F16";1042;0.158600003;"C";"7";"n";117.8667;985.5;NA;NA;1.05733130390665;"No"
46;"46_C8";"C8";"B329_LIKE+F16";1005;0.157100007;"C";"8";"n";117.8667;985.5;NA;NA;1.01978691019787;"No"
46;"46_C9";"C9";"B329_LIKE+F16";1080;0.180199996;"C";"9";"n";117.8667;985.5;NA;NA;1.0958904109589;"No"
46;"46_D10";"D10";"B329_LIKE+F16";889;0.132699996;"D";"10";"n";117.8667;985.5;NA;NA;0.902080162354135;"No"
46;"46_D11";"D11";"B329_LIKE+F16";1383;0.164900005;"D";"11";"n";117.8667;985.5;NA;NA;1.40334855403349;"No"
46;"46_D2";"D2";"B329_LIKE+F16";949;0.153400004;"D";"2";"n";117.8667;985.5;NA;NA;0.962962962962963;"No"
46;"46_D3";"D3";"B329_LIKE+F16";1074;0.180899993;"D";"3";"n";117.8667;985.5;NA;NA;1.08980213089802;"No"
46;"46_D4";"D4";"B329_LIKE+F16";920;0.146200001;"D";"4";"n";117.8667;985.5;NA;NA;0.933536276002029;"No"
46;"46_D5";"D5";"B329_LIKE+F16";1070;0.140699998;"D";"5";"n";117.8667;985.5;NA;NA;1.0857432775241;"No"
46;"46_D6";"D6";"B329_LIKE+F16";1014;0.146300003;"D";"6";"n";117.8667;985.5;NA;NA;1.02891933028919;"No"
46;"46_D7";"D7";"B329_LIKE+F16";966;0.140599996;"D";"7";"n";117.8667;985.5;NA;NA;0.980213089802131;"No"
46;"46_D8";"D8";"B329_LIKE+F16";954;0.149000004;"D";"8";"n";117.8667;985.5;NA;NA;0.968036529680365;"No"
46;"46_D9";"D9";"B329_LIKE+F16";994;0.155100003;"D";"9";"n";117.8667;985.5;NA;NA;1.00862506341958;"No"
46;"46_E10";"E10";"B329_LIKE+F16";1199;0.148900002;"E";"10";"n";117.8667;985.5;NA;NA;1.21664129883308;"No"
46;"46_E11";"E11";"B329_LIKE+F16";897;0.135900006;"E";"11";"n";117.8667;985.5;NA;NA;0.910197869101979;"No"
46;"46_E2";"E2";"B329_LIKE+F16";942;0.155599996;"E";"2";"n";117.8667;985.5;NA;NA;0.9558599695586;"No"
46;"46_E3";"E3";"B329_LIKE+F16";960;0.149700001;"E";"3";"n";117.8667;985.5;NA;NA;0.974124809741248;"No"
46;"46_E4";"E4";"B329_LIKE+F16";1599;0.167300001;"E";"4";"n";117.8667;985.5;NA;NA;1.62252663622527;"No"
46;"46_E5";"E5";"B329_LIKE+F16";877;0.1426;"E";"5";"n";117.8667;985.5;NA;NA;0.889903602232369;"No"
46;"46_E6";"E6";"B329_LIKE+F16";955;0.145999998;"E";"6";"n";117.8667;985.5;NA;NA;0.969051243023846;"No"
46;"46_E7";"E7";"B329_LIKE+F16";930;0.1417;"E";"7";"n";117.8667;985.5;NA;NA;0.943683409436834;"No"
46;"46_E8";"E8";"B329_LIKE+F16";933;0.144899994;"E";"8";"n";117.8667;985.5;NA;NA;0.946727549467275;"No"
46;"46_E9";"E9";"B329_LIKE+F16";1029;0.156000003;"E";"9";"n";117.8667;985.5;NA;NA;1.0441400304414;"No"
46;"46_F10";"F10";"B329_LIKE+F16";992;0.131500006;"F";"10";"n";117.8667;985.5;NA;NA;1.00659563673262;"No"
46;"46_F11";"F11";"B329_LIKE+F16";989;0.138999999;"F";"11";"n";117.8667;985.5;NA;NA;1.00355149670218;"No"
46;"46_F2";"F2";"B329_LIKE+F16";970;0.146500006;"F";"2";"n";117.8667;985.5;NA;NA;0.984271943176053;"No"
46;"46_F3";"F3";"B329_LIKE+F16";1050;0.178399995;"F";"3";"n";117.8667;985.5;NA;NA;1.06544901065449;"No"
46;"46_F4";"F4";"B329_LIKE+F16";1088;0.150700003;"F";"4";"n";117.8667;985.5;NA;NA;1.10400811770675;"No"
46;"46_F5";"F5";"B329_LIKE+F16";1448;0.135199994;"F";"5";"n";117.8667;985.5;NA;NA;1.46930492135972;"No"
46;"46_F6";"F6";"B329_LIKE+F16";948;0.138099998;"F";"6";"n";117.8667;985.5;NA;NA;0.961948249619482;"No"
46;"46_F7";"F7";"B329_LIKE+F16";823;0.122500002;"F";"7";"n";117.8667;985.5;NA;NA;0.835109081684424;"No"
46;"46_F8";"F8";"B329_LIKE+F16";938;0.120700002;"F";"8";"n";117.8667;985.5;NA;NA;0.951801116184678;"No"
46;"46_F9";"F9";"B329_LIKE+F16";1508;0.154899999;"F";"9";"n";117.8667;985.5;NA;NA;1.53018772196854;"No"
46;"46_G10";"G10";"B329_LIKE+F16";1284;0.144600004;"G";"10";"n";117.8667;985.5;NA;NA;1.30289193302892;"No"
46;"46_G11";"G11";"B329_LIKE+F16";1085;0.152600005;"G";"11";"n";117.8667;985.5;NA;NA;1.10096397767631;"No"
46;"46_G2";"G2";"B329_LIKE+F16";1634;0.179399997;"G";"2";"n";117.8667;985.5;NA;NA;1.65804160324708;"No"
46;"46_G4";"G4";"B329_LIKE+F16";2253;0.2245;"G";"4";"n";117.8667;985.5;NA;NA;2.28614916286149;"No"
46;"46_G5";"G5";"B329_LIKE+F16";1323;0.161699995;"G";"5";"n";117.8667;985.5;NA;NA;1.34246575342466;"No"
46;"46_G6";"G6";"B329_LIKE+F16";1090;0.142299995;"G";"6";"n";117.8667;985.5;NA;NA;1.10603754439371;"No"
46;"46_G7";"G7";"B329_LIKE+F16";1995;0.163699999;"G";"7";"n";117.8667;985.5;NA;NA;2.02435312024353;"No"
46;"46_G8";"G8";"B329_LIKE+F16";1596;0.167699993;"G";"8";"n";117.8667;985.5;NA;NA;1.61948249619482;"No"
46;"46_G9";"G9";"B329_LIKE+F16";1337;0.155900002;"G";"9";"n";117.8667;985.5;NA;NA;1.35667174023338;"No"
47;"47_B10";"B10";"B329_LIKE+F16";1455;0.157499999;"B";"10";"n";134.9166;1386.5;NA;NA;1.04940497655968;"No"
47;"47_B11";"B11";"B329_LIKE+F16";1598;0.174799994;"B";"11";"n";134.9166;1386.5;NA;NA;1.15254237288136;"No"
47;"47_B2";"B2";"B329_LIKE+F16";1336;0.156000003;"B";"2";"n";134.9166;1386.5;NA;NA;0.963577353047241;"No"
47;"47_B3";"B3";"B329_LIKE+F16";1392;0.151999995;"B";"3";"n";134.9166;1386.5;NA;NA;1.00396682293545;"No"
47;"47_B4";"B4";"B329_LIKE+F16";1512;0.150900006;"B";"4";"n";134.9166;1386.5;NA;NA;1.09051568698161;"No"
47;"47_B5";"B5";"B329_LIKE+F16";1294;0.146500006;"B";"5";"n";134.9166;1386.5;NA;NA;0.933285250631085;"No"
47;"47_B6";"B6";"B329_LIKE+F16";1515;0.160899997;"B";"6";"n";134.9166;1386.5;NA;NA;1.09267940858276;"No"
47;"47_B7";"B7";"B329_LIKE+F16";1375;0.159700006;"B";"7";"n";134.9166;1386.5;NA;NA;0.991705733862243;"No"
47;"47_B8";"B8";"B329_LIKE+F16";1603;0.180899993;"B";"8";"n";134.9166;1386.5;NA;NA;1.15614857554995;"No"
47;"47_B9";"B9";"B329_LIKE+F16";1532;0.1567;"B";"9";"n";134.9166;1386.5;NA;NA;1.10494049765597;"No"
47;"47_C10";"C10";"B329_LIKE+F16";1301;0.139699996;"C";"10";"n";134.9166;1386.5;NA;NA;0.938333934367111;"No"
47;"47_C11";"C11";"B329_LIKE+F16";1193;0.149900004;"C";"11";"n";134.9166;1386.5;NA;NA;0.860439956725568;"No"
47;"47_C2";"C2";"B329_LIKE+F16";1438;0.161799997;"C";"2";"n";134.9166;1386.5;NA;NA;1.03714388748648;"No"
47;"47_C3";"C3";"B329_LIKE+F16";1324;0.144899994;"C";"3";"n";134.9166;1386.5;NA;NA;0.954922466642625;"No"
47;"47_C4";"C4";"B329_LIKE+F16";1158;0.140400007;"C";"4";"n";134.9166;1386.5;NA;NA;0.835196538045438;"No"
47;"47_C5";"C5";"B329_LIKE+F16";1344;0.1373;"C";"5";"n";134.9166;1386.5;NA;NA;0.969347277316985;"No"
47;"47_C6";"C6";"B329_LIKE+F16";1478;0.156100005;"C";"6";"n";134.9166;1386.5;NA;NA;1.0659935088352;"No"
47;"47_C7";"C7";"B329_LIKE+F16";1385;0.1338;"C";"7";"n";134.9166;1386.5;NA;NA;0.998918139199423;"No"
47;"47_C8";"C8";"B329_LIKE+F16";1113;0.117799997;"C";"8";"n";134.9166;1386.5;NA;NA;0.802740714028128;"No"
47;"47_C9";"C9";"B329_LIKE+F16";1442;0.150099993;"C";"9";"n";134.9166;1386.5;NA;NA;1.04002884962135;"No"
47;"47_D10";"D10";"B329_LIKE+F16";1227;0.142700002;"D";"10";"n";134.9166;1386.5;NA;NA;0.88496213487198;"No"
47;"47_D11";"D11";"B329_LIKE+F16";1223;0.142100006;"D";"11";"n";134.9166;1386.5;NA;NA;0.882077172737108;"No"
47;"47_D2";"D2";"B329_LIKE+F16";1487;0.159400001;"D";"2";"n";134.9166;1386.5;NA;NA;1.07248467363866;"No"
47;"47_D3";"D3";"B329_LIKE+F16";1316;0.155300006;"D";"3";"n";134.9166;1386.5;NA;NA;0.949152542372881;"No"
47;"47_D4";"D4";"B329_LIKE+F16";1421;0.147799999;"D";"4";"n";134.9166;1386.5;NA;NA;1.02488279841327;"No"
47;"47_D5";"D5";"B329_LIKE+F16";1391;0.1787;"D";"5";"n";134.9166;1386.5;NA;NA;1.00324558240173;"No"
47;"47_D6";"D6";"B329_LIKE+F16";1604;0.180999994;"D";"6";"n";134.9166;1386.5;NA;NA;1.15686981608366;"No"
47;"47_D7";"D7";"B329_LIKE+F16";1267;0.137899995;"D";"7";"n";134.9166;1386.5;NA;NA;0.9138117562207;"No"
47;"47_D8";"D8";"B329_LIKE+F16";1548;0.152899995;"D";"8";"n";134.9166;1386.5;NA;NA;1.11648034619546;"No"
47;"47_D9";"D9";"B329_LIKE+F16";1450;0.163699999;"D";"9";"n";134.9166;1386.5;NA;NA;1.04579877389109;"No"
47;"47_E10";"E10";"B329_LIKE+F16";1377;0.155900002;"E";"10";"n";134.9166;1386.5;NA;NA;0.993148214929679;"No"
47;"47_E11";"E11";"B329_LIKE+F16";1424;0.186100006;"E";"11";"n";134.9166;1386.5;NA;NA;1.02704652001442;"No"
47;"47_E2";"E2";"B329_LIKE+F16";1334;0.148800001;"E";"2";"n";134.9166;1386.5;NA;NA;0.962134871979805;"No"
47;"47_E3";"E3";"B329_LIKE+F16";1317;0.150099993;"E";"3";"n";134.9166;1386.5;NA;NA;0.949873782906599;"No"
47;"47_E4";"E4";"B329_LIKE+F16";1492;0.163599998;"E";"4";"n";134.9166;1386.5;NA;NA;1.07609087630725;"No"
47;"47_E5";"E5";"B329_LIKE+F16";1340;0.1567;"E";"5";"n";134.9166;1386.5;NA;NA;0.966462315182113;"No"
47;"47_E6";"E6";"B329_LIKE+F16";1335;0.145699993;"E";"6";"n";134.9166;1386.5;NA;NA;0.962856112513523;"No"
47;"47_E7";"E7";"B329_LIKE+F16";1459;0.163900003;"E";"7";"n";134.9166;1386.5;NA;NA;1.05228993869455;"No"
47;"47_E8";"E8";"B329_LIKE+F16";1880;0.210199997;"E";"8";"n";134.9166;1386.5;NA;NA;1.35593220338983;"No"
47;"47_E9";"E9";"B329_LIKE+F16";1510;0.1646;"E";"9";"n";134.9166;1386.5;NA;NA;1.08907320591417;"No"
47;"47_F10";"F10";"B329_LIKE+F16";1381;0.148200005;"F";"10";"n";134.9166;1386.5;NA;NA;0.996033177064551;"No"
47;"47_F2";"F2";"B329_LIKE+F16";1198;0.128700003;"F";"2";"n";134.9166;1386.5;NA;NA;0.864046159394158;"No"
47;"47_F3";"F3";"B329_LIKE+F16";1353;0.133900002;"F";"3";"n";134.9166;1386.5;NA;NA;0.975838442120447;"No"
47;"47_F4";"F4";"B329_LIKE+F16";1315;0.140200004;"F";"4";"n";134.9166;1386.5;NA;NA;0.948431301839163;"No"
47;"47_F5";"F5";"B329_LIKE+F16";1240;0.137600005;"F";"5";"n";134.9166;1386.5;NA;NA;0.894338261810314;"No"
47;"47_F6";"F6";"B329_LIKE+F16";1296;0.136299998;"F";"6";"n";134.9166;1386.5;NA;NA;0.934727731698521;"No"
47;"47_F7";"F7";"B329_LIKE+F16";1248;0.142000005;"F";"7";"n";134.9166;1386.5;NA;NA;0.900108186080058;"No"
47;"47_F8";"F8";"B329_LIKE+F16";1487;0.143800005;"F";"8";"n";134.9166;1386.5;NA;NA;1.07248467363866;"No"
47;"47_F9";"F9";"B329_LIKE+F16";1284;0.144099995;"F";"9";"n";134.9166;1386.5;NA;NA;0.926072845293906;"No"
47;"47_G10";"G10";"B329_LIKE+F16";1286;0.136899993;"G";"10";"n";134.9166;1386.5;NA;NA;0.927515326361341;"No"
47;"47_G11";"G11";"B329_LIKE+F16";1369;0.158000007;"G";"11";"n";134.9166;1386.5;NA;NA;0.987378290659935;"No"
47;"47_G2";"G2";"B329_LIKE+F16";1419;0.142499998;"G";"2";"n";134.9166;1386.5;NA;NA;1.02344031734583;"No"
47;"47_G3";"G3";"B329_LIKE+F16";1774;0.141399994;"G";"3";"n";134.9166;1386.5;NA;NA;1.27948070681572;"No"
47;"47_G4";"G4";"B329_LIKE+F16";1376;0.141900003;"G";"4";"n";134.9166;1386.5;NA;NA;0.992426974395961;"No"
47;"47_G5";"G5";"B329_LIKE+F16";1387;0.142000005;"G";"5";"n";134.9166;1386.5;NA;NA;1.00036062026686;"No"
47;"47_G6";"G6";"B329_LIKE+F16";1405;0.148499995;"G";"6";"n";134.9166;1386.5;NA;NA;1.01334294987378;"No"
47;"47_G7";"G7";"B329_LIKE+F16";1475;0.1664;"G";"7";"n";134.9166;1386.5;NA;NA;1.06382978723404;"No"
47;"47_G8";"G8";"B329_LIKE+F16";1386;0.149200007;"G";"8";"n";134.9166;1386.5;NA;NA;0.999639379733141;"No"
47;"47_G9";"G9";"B329_LIKE+F16";1453;0.153200001;"G";"9";"n";134.9166;1386.5;NA;NA;1.04796249549225;"No"
48;"48_B10";"B10";"B329_LIKE+F16";1372;0.1435;"B";"10";"n";157.1556;1451;NA;NA;0.945554789800138;"No"
48;"48_B11";"B11";"B329_LIKE+F16";1492;0.156499997;"B";"11";"n";157.1556;1451;NA;NA;1.02825637491385;"No"
48;"48_B2";"B2";"B329_LIKE+F16";1338;0.158099994;"B";"2";"n";157.1556;1451;NA;NA;0.922122674017919;"No"
48;"48_B3";"B3";"B329_LIKE+F16";1254;0.143900007;"B";"3";"n";157.1556;1451;NA;NA;0.864231564438318;"No"
48;"48_B4";"B4";"B329_LIKE+F16";1273;0.143800005;"B";"4";"n";157.1556;1451;NA;NA;0.877325982081323;"No"
48;"48_B5";"B5";"B329_LIKE+F16";1354;0.143299997;"B";"5";"n";157.1556;1451;NA;NA;0.933149552033081;"No"
48;"48_B6";"B6";"B329_LIKE+F16";1434;0.155200005;"B";"6";"n";157.1556;1451;NA;NA;0.98828394210889;"No"
48;"48_B7";"B7";"B329_LIKE+F16";1369;0.152600005;"B";"7";"n";157.1556;1451;NA;NA;0.943487250172295;"No"
48;"48_B8";"B8";"B329_LIKE+F16";1442;0.159700006;"B";"8";"n";157.1556;1451;NA;NA;0.993797381116471;"No"
48;"48_B9";"B9";"B329_LIKE+F16";1403;0.158999994;"B";"9";"n";157.1556;1451;NA;NA;0.966919365954514;"No"
48;"48_C10";"C10";"B329_LIKE+F16";1273;0.133200005;"C";"10";"n";157.1556;1451;NA;NA;0.877325982081323;"No"
48;"48_C11";"C11";"B329_LIKE+F16";1347;0.149000004;"C";"11";"n";157.1556;1451;NA;NA;0.928325292901447;"No"
48;"48_C2";"C2";"B329_LIKE+F16";1227;0.141399994;"C";"2";"n";157.1556;1451;NA;NA;0.845623707787733;"No"
48;"48_C3";"C3";"B329_LIKE+F16";1444;0.1426;"C";"3";"n";157.1556;1451;NA;NA;0.995175740868367;"No"
48;"48_C4";"C4";"B329_LIKE+F16";1224;0.141800001;"C";"4";"n";157.1556;1451;NA;NA;0.84355616815989;"No"
48;"48_C5";"C5";"B329_LIKE+F16";1299;0.130199999;"C";"5";"n";157.1556;1451;NA;NA;0.895244658855961;"No"
48;"48_C6";"C6";"B329_LIKE+F16";1280;0.163000003;"C";"6";"n";157.1556;1451;NA;NA;0.882150241212957;"No"
48;"48_C7";"C7";"B329_LIKE+F16";1463;0.134100005;"C";"7";"n";157.1556;1451;NA;NA;1.00827015851137;"No"
48;"48_C8";"C8";"B329_LIKE+F16";1429;0.137099996;"C";"8";"n";157.1556;1451;NA;NA;0.984838042729152;"No"
48;"48_C9";"C9";"B329_LIKE+F16";1508;0.149900004;"C";"9";"n";157.1556;1451;NA;NA;1.03928325292901;"No"
48;"48_D10";"D10";"B329_LIKE+F16";1432;0.149599999;"D";"10";"n";157.1556;1451;NA;NA;0.986905582356995;"No"
48;"48_D11";"D11";"B329_LIKE+F16";1583;0.182999998;"D";"11";"n";157.1556;1451;NA;NA;1.09097174362509;"No"
48;"48_D2";"D2";"B329_LIKE+F16";1421;0.160899997;"D";"2";"n";157.1556;1451;NA;NA;0.979324603721571;"No"
48;"48_D3";"D3";"B329_LIKE+F16";1405;0.162499994;"D";"3";"n";157.1556;1451;NA;NA;0.968297725706409;"No"
48;"48_D4";"D4";"B329_LIKE+F16";2060;0.177200004;"D";"4";"n";157.1556;1451;NA;NA;1.4197105444521;"No"
48;"48_D5";"D5";"B329_LIKE+F16";1447;0.159799993;"D";"5";"n";157.1556;1451;NA;NA;0.99724328049621;"No"
48;"48_D6";"D6";"B329_LIKE+F16";1455;0.162100002;"D";"6";"n";157.1556;1451;NA;NA;1.00275671950379;"No"
48;"48_D7";"D7";"B329_LIKE+F16";1439;0.150700003;"D";"7";"n";157.1556;1451;NA;NA;0.991729841488629;"No"
48;"48_D8";"D8";"B329_LIKE+F16";1520;0.148200005;"D";"8";"n";157.1556;1451;NA;NA;1.04755341144039;"No"
48;"48_D9";"D9";"B329_LIKE+F16";1399;0.1479;"D";"9";"n";157.1556;1451;NA;NA;0.964162646450724;"No"
48;"48_E10";"E10";"B329_LIKE+F16";1334;0.154400006;"E";"10";"n";157.1556;1451;NA;NA;0.919365954514128;"No"
48;"48_E11";"E11";"B329_LIKE+F16";1419;0.157600001;"E";"11";"n";157.1556;1451;NA;NA;0.977946243969676;"No"
48;"48_E2";"E2";"B329_LIKE+F16";1385;0.157700002;"E";"2";"n";157.1556;1451;NA;NA;0.954514128187457;"No"
48;"48_E3";"E3";"B329_LIKE+F16";1515;0.167600006;"E";"3";"n";157.1556;1451;NA;NA;1.04410751206065;"No"
48;"48_E4";"E4";"B329_LIKE+F16";1469;0.158800006;"E";"4";"n";157.1556;1451;NA;NA;1.01240523776706;"No"
48;"48_E5";"E5";"B329_LIKE+F16";1422;0.165900007;"E";"5";"n";157.1556;1451;NA;NA;0.980013783597519;"No"
48;"48_E6";"E6";"B329_LIKE+F16";1484;0.159600005;"E";"6";"n";157.1556;1451;NA;NA;1.02274293590627;"No"
48;"48_E7";"E7";"B329_LIKE+F16";1477;0.165600002;"E";"7";"n";157.1556;1451;NA;NA;1.01791867677464;"No"
48;"48_E8";"E8";"B329_LIKE+F16";1435;0.160699993;"E";"8";"n";157.1556;1451;NA;NA;0.988973121984838;"No"
48;"48_E9";"E9";"B329_LIKE+F16";1235;0.147499993;"E";"9";"n";157.1556;1451;NA;NA;0.851137146795314;"No"
48;"48_F10";"F10";"B329_LIKE+F16";1576;0.153799996;"F";"10";"n";157.1556;1451;NA;NA;1.08614748449345;"No"
48;"48_F11";"F11";"B329_LIKE+F16";1599;0.157100007;"F";"11";"n";157.1556;1451;NA;NA;1.10199862164025;"No"
48;"48_F2";"F2";"B329_LIKE+F16";1234;0.148900002;"F";"2";"n";157.1556;1451;NA;NA;0.850447966919366;"No"
48;"48_F3";"F3";"B329_LIKE+F16";1597;0.169799998;"F";"3";"n";157.1556;1451;NA;NA;1.10062026188835;"No"
48;"48_F4";"F4";"B329_LIKE+F16";1512;0.159899995;"F";"4";"n";157.1556;1451;NA;NA;1.0420399724328;"No"
48;"48_F5";"F5";"B329_LIKE+F16";1353;0.138400003;"F";"5";"n";157.1556;1451;NA;NA;0.932460372157133;"No"
48;"48_F6";"F6";"B329_LIKE+F16";1366;0.136700004;"F";"6";"n";157.1556;1451;NA;NA;0.941419710544452;"No"
48;"48_F7";"F7";"B329_LIKE+F16";1504;0.166199997;"F";"7";"n";157.1556;1451;NA;NA;1.03652653342522;"No"
48;"48_F8";"F8";"B329_LIKE+F16";1651;0.153099999;"F";"8";"n";157.1556;1451;NA;NA;1.13783597518952;"No"
48;"48_F9";"F9";"B329_LIKE+F16";1443;0.157100007;"F";"9";"n";157.1556;1451;NA;NA;0.994486560992419;"No"
48;"48_G10";"G10";"B329_LIKE+F16";1224;0.145600006;"G";"10";"n";157.1556;1451;NA;NA;0.84355616815989;"No"
48;"48_G11";"G11";"B329_LIKE+F16";1439;0.1611;"G";"11";"n";157.1556;1451;NA;NA;0.991729841488629;"No"
48;"48_G2";"G2";"B329_LIKE+F16";1402;0.157000005;"G";"2";"n";157.1556;1451;NA;NA;0.966230186078566;"No"
48;"48_G3";"G3";"B329_LIKE+F16";1328;0.172099993;"G";"3";"n";157.1556;1451;NA;NA;0.915230875258442;"No"
48;"48_G4";"G4";"B329_LIKE+F16";1801;0.211799994;"G";"4";"n";157.1556;1451;NA;NA;1.24121295658167;"No"
48;"48_G5";"G5";"B329_LIKE+F16";1865;0.175400004;"G";"5";"n";157.1556;1451;NA;NA;1.28532046864232;"No"
48;"48_G6";"G6";"B329_LIKE+F16";1801;0.172900006;"G";"6";"n";157.1556;1451;NA;NA;1.24121295658167;"No"
48;"48_G7";"G7";"B329_LIKE+F16";1503;0.167500004;"G";"7";"n";157.1556;1451;NA;NA;1.03583735354928;"No"
48;"48_G8";"G8";"B329_LIKE+F16";1822;0.188199997;"G";"8";"n";157.1556;1451;NA;NA;1.25568573397657;"No"
48;"48_G9";"G9";"B329_LIKE+F16";1567;0.161500007;"G";"9";"n";157.1556;1451;NA;NA;1.07994486560992;"No"
49;"49_B10";"B10";"B329_LIKE+F16";1460;0.151600003;"B";"10";"n";203.8575;1550.5;NA;NA;0.941631731699452;"No"
49;"49_B11";"B11";"B329_LIKE+F16";1193;0.123400003;"B";"11";"n";203.8575;1550.5;NA;NA;0.769429216381812;"No"
49;"49_B2";"B2";"B329_LIKE+F16";1490;0.155100003;"B";"2";"n";203.8575;1550.5;NA;NA;0.960980328926153;"No"
49;"49_B3";"B3";"B329_LIKE+F16";1673;0.181799993;"B";"3";"n";203.8575;1550.5;NA;NA;1.07900677200903;"No"
49;"49_B4";"B4";"B329_LIKE+F16";1714;0.169200003;"B";"4";"n";203.8575;1550.5;NA;NA;1.10544985488552;"No"
49;"49_B5";"B5";"B329_LIKE+F16";1566;0.1373;"B";"5";"n";203.8575;1550.5;NA;NA;1.0099967752338;"No"
49;"49_B6";"B6";"B329_LIKE+F16";1348;0.145199999;"B";"6";"n";203.8575;1550.5;NA;NA;0.869396968719768;"No"
49;"49_B8";"B8";"B329_LIKE+F16";1466;0.150199994;"B";"8";"n";203.8575;1550.5;NA;NA;0.945501451144792;"No"
49;"49_B9";"B9";"B329_LIKE+F16";1441;0.146699995;"B";"9";"n";203.8575;1550.5;NA;NA;0.929377620122541;"No"
49;"49_C10";"C10";"B329_LIKE+F16";1436;0.138099998;"C";"10";"n";203.8575;1550.5;NA;NA;0.926152853918091;"No"
49;"49_C11";"C11";"B329_LIKE+F16";1466;0.164299995;"C";"11";"n";203.8575;1550.5;NA;NA;0.945501451144792;"No"
49;"49_C2";"C2";"B329_LIKE+F16";1715;0.164700001;"C";"2";"n";203.8575;1550.5;NA;NA;1.10609480812641;"No"
49;"49_C3";"C3";"B329_LIKE+F16";1819;0.185699999;"C";"3";"n";203.8575;1550.5;NA;NA;1.17316994517897;"No"
49;"49_C4";"C4";"B329_LIKE+F16";1697;0.183899999;"C";"4";"n";203.8575;1550.5;NA;NA;1.09448564979039;"No"
49;"49_C5";"C5";"B329_LIKE+F16";1856;0.178900003;"C";"5";"n";203.8575;1550.5;NA;NA;1.19703321509191;"No"
49;"49_C6";"C6";"B329_LIKE+F16";2565;0.229900002;"C";"6";"n";203.8575;1550.5;NA;NA;1.65430506288294;"No"
49;"49_C7";"C7";"B329_LIKE+F16";1703;0.174400002;"C";"7";"n";203.8575;1550.5;NA;NA;1.09835536923573;"No"
49;"49_C8";"C8";"B329_LIKE+F16";1553;0.159899995;"C";"8";"n";203.8575;1550.5;NA;NA;1.00161238310223;"No"
49;"49_C9";"C9";"B329_LIKE+F16";1788;0.188500002;"C";"9";"n";203.8575;1550.5;NA;NA;1.15317639471138;"No"
49;"49_D10";"D10";"B329_LIKE+F16";1599;0.160899997;"D";"10";"n";203.8575;1550.5;NA;NA;1.03128023218317;"No"
49;"49_D11";"D11";"B329_LIKE+F16";1679;0.169499993;"D";"11";"n";203.8575;1550.5;NA;NA;1.08287649145437;"No"
49;"49_D2";"D2";"B329_LIKE+F16";1447;0.165900007;"D";"2";"n";203.8575;1550.5;NA;NA;0.933247339567881;"No"
49;"49_D3";"D3";"B329_LIKE+F16";1479;0.175699994;"D";"3";"n";203.8575;1550.5;NA;NA;0.953885843276362;"No"
49;"49_D4";"D4";"B329_LIKE+F16";1597;0.170900002;"D";"4";"n";203.8575;1550.5;NA;NA;1.02999032570139;"No"
49;"49_D5";"D5";"B329_LIKE+F16";1557;0.171000004;"D";"5";"n";203.8575;1550.5;NA;NA;1.00419219606579;"No"
49;"49_D6";"D6";"B329_LIKE+F16";1567;0.157700002;"D";"6";"n";203.8575;1550.5;NA;NA;1.01064172847469;"No"
49;"49_D7";"D7";"B329_LIKE+F16";1403;0.143700004;"D";"7";"n";203.8575;1550.5;NA;NA;0.90486939696872;"No"
49;"49_D8";"D8";"B329_LIKE+F16";1552;0.1602;"D";"8";"n";203.8575;1550.5;NA;NA;1.00096742986134;"No"
49;"49_D9";"D9";"B329_LIKE+F16";1400;0.150000006;"D";"9";"n";203.8575;1550.5;NA;NA;0.90293453724605;"No"
49;"49_E10";"E10";"B329_LIKE+F16";1410;0.147599995;"E";"10";"n";203.8575;1550.5;NA;NA;0.90938406965495;"No"
49;"49_E11";"E11";"B329_LIKE+F16";2184;0.186399996;"E";"11";"n";203.8575;1550.5;NA;NA;1.40857787810384;"No"
49;"49_E2";"E2";"B329_LIKE+F16";1481;0.155000001;"E";"2";"n";203.8575;1550.5;NA;NA;0.955175749758143;"No"
49;"49_E3";"E3";"B329_LIKE+F16";1803;0.203400001;"E";"3";"n";203.8575;1550.5;NA;NA;1.16285069332473;"No"
49;"49_E4";"E4";"B329_LIKE+F16";1792;0.182400003;"E";"4";"n";203.8575;1550.5;NA;NA;1.15575620767494;"No"
49;"49_E5";"E5";"B329_LIKE+F16";1987;0.220300004;"E";"5";"n";203.8575;1550.5;NA;NA;1.2815220896485;"No"
49;"49_E6";"E6";"B329_LIKE+F16";1701;0.179199994;"E";"6";"n";203.8575;1550.5;NA;NA;1.09706546275395;"No"
49;"49_E7";"E7";"B329_LIKE+F16";1662;0.191699997;"E";"7";"n";203.8575;1550.5;NA;NA;1.07191228635924;"No"
49;"49_E8";"E8";"B329_LIKE+F16";1575;0.162200004;"E";"8";"n";203.8575;1550.5;NA;NA;1.01580135440181;"No"
49;"49_E9";"E9";"B329_LIKE+F16";1739;0.202299997;"E";"9";"n";203.8575;1550.5;NA;NA;1.12157368590777;"No"
49;"49_F10";"F10";"B329_LIKE+F16";1258;0.129600003;"F";"10";"n";203.8575;1550.5;NA;NA;0.811351177039665;"No"
49;"49_F11";"F11";"B329_LIKE+F16";1283;0.141599998;"F";"11";"n";203.8575;1550.5;NA;NA;0.827475008061916;"No"
49;"49_F2";"F2";"B329_LIKE+F16";1408;0.142900005;"F";"2";"n";203.8575;1550.5;NA;NA;0.90809416317317;"No"
49;"49_F3";"F3";"B329_LIKE+F16";1779;0.152500004;"F";"3";"n";203.8575;1550.5;NA;NA;1.14737181554337;"No"
49;"49_F4";"F4";"B329_LIKE+F16";1604;0.170399994;"F";"4";"n";203.8575;1550.5;NA;NA;1.03450499838762;"No"
49;"49_F5";"F5";"B329_LIKE+F16";1540;0.145300001;"F";"5";"n";203.8575;1550.5;NA;NA;0.993227990970655;"No"
49;"49_F6";"F6";"B329_LIKE+F16";1476;0.128900006;"F";"6";"n";203.8575;1550.5;NA;NA;0.951950983553692;"No"
49;"49_F7";"F7";"B329_LIKE+F16";1397;0.171599999;"F";"7";"n";203.8575;1550.5;NA;NA;0.90099967752338;"No"
49;"49_F8";"F8";"B329_LIKE+F16";2464;0.178800002;"F";"8";"n";203.8575;1550.5;NA;NA;1.58916478555305;"No"
49;"49_F9";"F9";"B329_LIKE+F16";1495;0.150900006;"F";"9";"n";203.8575;1550.5;NA;NA;0.964205095130603;"No"
49;"49_G10";"G10";"B329_LIKE+F16";2051;0.189999998;"G";"10";"n";203.8575;1550.5;NA;NA;1.32279909706546;"No"
49;"49_G11";"G11";"B329_LIKE+F16";2464;0.201000005;"G";"11";"n";203.8575;1550.5;NA;NA;1.58916478555305;"No"
49;"49_G2";"G2";"B329_LIKE+F16";2270;0.163399994;"G";"2";"n";203.8575;1550.5;NA;NA;1.46404385682038;"No"
49;"49_G3";"G3";"B329_LIKE+F16";1501;0.141399994;"G";"3";"n";203.8575;1550.5;NA;NA;0.968074814575943;"No"
49;"49_G4";"G4";"B329_LIKE+F16";1685;0.158299997;"G";"4";"n";203.8575;1550.5;NA;NA;1.08674621089971;"No"
49;"49_G5";"G5";"B329_LIKE+F16";1652;0.164299995;"G";"5";"n";203.8575;1550.5;NA;NA;1.06546275395034;"No"
49;"49_G6";"G6";"B329_LIKE+F16";1549;0.172299996;"G";"6";"n";203.8575;1550.5;NA;NA;0.999032570138665;"No"
49;"49_G7";"G7";"B329_LIKE+F16";1648;0.1743;"G";"7";"n";203.8575;1550.5;NA;NA;1.06288294098678;"No"
49;"49_G8";"G8";"B329_LIKE+F16";1584;0.175799996;"G";"8";"n";203.8575;1550.5;NA;NA;1.02160593356982;"No"
49;"49_G9";"G9";"B329_LIKE+F16";1976;0.191400006;"G";"9";"n";203.8575;1550.5;NA;NA;1.27442760399871;"No"
50;"50_B10";"B10";"B329_LIKE+F16";971;0.147400007;"B";"10";"n";90.4386;979.5;NA;NA;0.991322103113834;"No"
50;"50_B11";"B11";"B329_LIKE+F16";1230;0.162100002;"B";"11";"n";90.4386;979.5;NA;NA;1.25574272588055;"No"
50;"50_B2";"B2";"B329_LIKE+F16";1100;0.145300001;"B";"2";"n";90.4386;979.5;NA;NA;1.12302194997448;"No"
50;"50_B3";"B3";"B329_LIKE+F16";956;0.146599993;"B";"3";"n";90.4386;979.5;NA;NA;0.976008167432363;"No"
50;"50_B4";"B4";"B329_LIKE+F16";913;0.145999998;"B";"4";"n";90.4386;979.5;NA;NA;0.932108218478816;"No"
50;"50_B5";"B5";"B329_LIKE+F16";816;0.123099998;"B";"5";"n";90.4386;979.5;NA;NA;0.833078101071976;"No"
50;"50_B6";"B6";"B329_LIKE+F16";961;0.146599993;"B";"6";"n";90.4386;979.5;NA;NA;0.98111281265952;"No"
50;"50_B7";"B7";"B329_LIKE+F16";957;0.141800001;"B";"7";"n";90.4386;979.5;NA;NA;0.977029096477795;"No"
50;"50_B8";"B8";"B329_LIKE+F16";925;0.141599998;"B";"8";"n";90.4386;979.5;NA;NA;0.944359367023992;"No"
50;"50_B9";"B9";"B329_LIKE+F16";1193;0.170900002;"B";"9";"n";90.4386;979.5;NA;NA;1.21796835119959;"No"
50;"50_C10";"C10";"B329_LIKE+F16";978;0.145999998;"C";"10";"n";90.4386;979.5;NA;NA;0.998468606431853;"No"
50;"50_C11";"C11";"B329_LIKE+F16";1045;0.153999999;"C";"11";"n";90.4386;979.5;NA;NA;1.06687085247575;"No"
50;"50_C2";"C2";"B329_LIKE+F16";1055;0.162;"C";"2";"n";90.4386;979.5;NA;NA;1.07708014293007;"No"
50;"50_C3";"C3";"B329_LIKE+F16";955;0.150199994;"C";"3";"n";90.4386;979.5;NA;NA;0.974987238386932;"No"
50;"50_C4";"C4";"B329_LIKE+F16";1049;0.155699998;"C";"4";"n";90.4386;979.5;NA;NA;1.07095456865748;"No"
50;"50_C5";"C5";"B329_LIKE+F16";927;0.149700001;"C";"5";"n";90.4386;979.5;NA;NA;0.946401225114854;"No"
50;"50_C6";"C6";"B329_LIKE+F16";1037;0.144700006;"C";"6";"n";90.4386;979.5;NA;NA;1.0587034201123;"No"
50;"50_C7";"C7";"B329_LIKE+F16";911;0.138300002;"C";"7";"n";90.4386;979.5;NA;NA;0.930066360387953;"No"
50;"50_C8";"C8";"B329_LIKE+F16";924;0.141499996;"C";"8";"n";90.4386;979.5;NA;NA;0.94333843797856;"No"
50;"50_C9";"C9";"B329_LIKE+F16";903;0.140699998;"C";"9";"n";90.4386;979.5;NA;NA;0.921898928024502;"No"
50;"50_D10";"D10";"B329_LIKE+F16";855;0.134900004;"D";"10";"n";90.4386;979.5;NA;NA;0.872894333843798;"No"
50;"50_D11";"D11";"B329_LIKE+F16";1604;0.181299999;"D";"11";"n";90.4386;979.5;NA;NA;1.63757018887187;"No"
50;"50_D2";"D2";"B329_LIKE+F16";925;0.137700006;"D";"2";"n";90.4386;979.5;NA;NA;0.944359367023992;"No"
50;"50_D3";"D3";"B329_LIKE+F16";849;0.135600001;"D";"3";"n";90.4386;979.5;NA;NA;0.86676875957121;"No"
50;"50_D4";"D4";"B329_LIKE+F16";1009;0.155000001;"D";"4";"n";90.4386;979.5;NA;NA;1.03011740684022;"No"
50;"50_D5";"D5";"B329_LIKE+F16";936;0.143000007;"D";"5";"n";90.4386;979.5;NA;NA;0.955589586523737;"No"
50;"50_D6";"D6";"B329_LIKE+F16";884;0.133200005;"D";"6";"n";90.4386;979.5;NA;NA;0.902501276161307;"No"
50;"50_D7";"D7";"B329_LIKE+F16";1028;0.138699993;"D";"7";"n";90.4386;979.5;NA;NA;1.04951505870342;"No"
50;"50_D8";"D8";"B329_LIKE+F16";978;0.1426;"D";"8";"n";90.4386;979.5;NA;NA;0.998468606431853;"No"
50;"50_D9";"D9";"B329_LIKE+F16";919;0.140599996;"D";"9";"n";90.4386;979.5;NA;NA;0.938233792751404;"No"
50;"50_E10";"E10";"B329_LIKE+F16";1041;0.1514;"E";"10";"n";90.4386;979.5;NA;NA;1.06278713629403;"No"
50;"50_E11";"E11";"B329_LIKE+F16";989;0.158700004;"E";"11";"n";90.4386;979.5;NA;NA;1.0096988259316;"No"
50;"50_E2";"E2";"B329_LIKE+F16";989;0.149399996;"E";"2";"n";90.4386;979.5;NA;NA;1.0096988259316;"No"
50;"50_E3";"E3";"B329_LIKE+F16";916;0.135700002;"E";"3";"n";90.4386;979.5;NA;NA;0.93517100561511;"No"
50;"50_E4";"E4";"B329_LIKE+F16";957;0.149700001;"E";"4";"n";90.4386;979.5;NA;NA;0.977029096477795;"No"
50;"50_E5";"E5";"B329_LIKE+F16";979;0.1391;"E";"5";"n";90.4386;979.5;NA;NA;0.999489535477284;"No"
50;"50_E6";"E6";"B329_LIKE+F16";973;0.144999996;"E";"6";"n";90.4386;979.5;NA;NA;0.993363961204696;"No"
50;"50_E7";"E7";"B329_LIKE+F16";966;0.143399999;"E";"7";"n";90.4386;979.5;NA;NA;0.986217457886677;"No"
50;"50_E8";"E8";"B329_LIKE+F16";1007;0.151199996;"E";"8";"n";90.4386;979.5;NA;NA;1.02807554874936;"No"
50;"50_E9";"E9";"B329_LIKE+F16";984;0.150800005;"E";"9";"n";90.4386;979.5;NA;NA;1.00459418070444;"No"
50;"50_F10";"F10";"B329_LIKE+F16";995;0.146400005;"F";"10";"n";90.4386;979.5;NA;NA;1.01582440020419;"No"
50;"50_F11";"F11";"B329_LIKE+F16";852;0.139699996;"F";"11";"n";90.4386;979.5;NA;NA;0.869831546707504;"No"
50;"50_F2";"F2";"B329_LIKE+F16";1029;0.150800005;"F";"2";"n";90.4386;979.5;NA;NA;1.05053598774885;"No"
50;"50_F3";"F3";"B329_LIKE+F16";965;0.143199995;"F";"3";"n";90.4386;979.5;NA;NA;0.985196528841246;"No"
50;"50_F4";"F4";"B329_LIKE+F16";958;0.141900003;"F";"4";"n";90.4386;979.5;NA;NA;0.978050025523226;"No"
50;"50_F5";"F5";"B329_LIKE+F16";1015;0.151600003;"F";"5";"n";90.4386;979.5;NA;NA;1.03624298111281;"No"
50;"50_F6";"F6";"B329_LIKE+F16";912;0.143999994;"F";"6";"n";90.4386;979.5;NA;NA;0.931087289433384;"No"
50;"50_F7";"F7";"B329_LIKE+F16";980;0.148300007;"F";"7";"n";90.4386;979.5;NA;NA;1.00051046452272;"No"
50;"50_F8";"F8";"B329_LIKE+F16";1007;0.144600004;"F";"8";"n";90.4386;979.5;NA;NA;1.02807554874936;"No"
50;"50_F9";"F9";"B329_LIKE+F16";930;0.143399999;"F";"9";"n";90.4386;979.5;NA;NA;0.949464012251149;"No"
50;"50_G10";"G10";"B329_LIKE+F16";1070;0.166899994;"G";"10";"n";90.4386;979.5;NA;NA;1.09239407861154;"No"
50;"50_G11";"G11";"B329_LIKE+F16";865;0.143800005;"G";"11";"n";90.4386;979.5;NA;NA;0.883103624298111;"No"
50;"50_G2";"G2";"B329_LIKE+F16";1026;0.153600007;"G";"2";"n";90.4386;979.5;NA;NA;1.04747320061256;"No"
50;"50_G3";"G3";"B329_LIKE+F16";910;0.144099995;"G";"3";"n";90.4386;979.5;NA;NA;0.929045431342522;"No"
50;"50_G4";"G4";"B329_LIKE+F16";954;0.147799999;"G";"4";"n";90.4386;979.5;NA;NA;0.973966309341501;"No"
50;"50_G5";"G5";"B329_LIKE+F16";851;0.137899995;"G";"5";"n";90.4386;979.5;NA;NA;0.868810617662072;"No"
50;"50_G6";"G6";"B329_LIKE+F16";1001;0.152099997;"G";"6";"n";90.4386;979.5;NA;NA;1.02194997447677;"No"
50;"50_G7";"G7";"B329_LIKE+F16";1187;0.152099997;"G";"7";"n";90.4386;979.5;NA;NA;1.211842776927;"No"
50;"50_G8";"G8";"B329_LIKE+F16";995;0.153400004;"G";"8";"n";90.4386;979.5;NA;NA;1.01582440020419;"No"
50;"50_G9";"G9";"B329_LIKE+F16";978;0.152799994;"G";"9";"n";90.4386;979.5;NA;NA;0.998468606431853;"No"
51;"51_B10";"B10";"B329_LIKE+F16";1007;0.153500006;"B";"10";"n";95.6277;938.5;NA;NA;1.07298881193394;"No"
51;"51_B11";"B11";"B329_LIKE+F16";1052;0.158600003;"B";"11";"n";95.6277;938.5;NA;NA;1.12093766648908;"No"
51;"51_B2";"B2";"B329_LIKE+F16";974;0.159500003;"B";"2";"n";95.6277;938.5;NA;NA;1.0378263185935;"No"
51;"51_B3";"B3";"B329_LIKE+F16";828;0.145600006;"B";"3";"n";95.6277;938.5;NA;NA;0.882258923814598;"No"
51;"51_B4";"B4";"B329_LIKE+F16";1236;0.171499997;"B";"4";"n";95.6277;938.5;NA;NA;1.31699520511454;"No"
51;"51_B5";"B5";"B329_LIKE+F16";884;0.1417;"B";"5";"n";95.6277;938.5;NA;NA;0.941928609483218;"No"
51;"51_B6";"B6";"B329_LIKE+F16";896;0.1417;"B";"6";"n";95.6277;938.5;NA;NA;0.954714970697922;"No"
51;"51_B7";"B7";"B329_LIKE+F16";943;0.145799994;"B";"7";"n";95.6277;938.5;NA;NA;1.00479488545551;"No"
51;"51_B8";"B8";"B329_LIKE+F16";980;0.143000007;"B";"8";"n";95.6277;938.5;NA;NA;1.04421949920085;"No"
51;"51_B9";"B9";"B329_LIKE+F16";987;0.146699995;"B";"9";"n";95.6277;938.5;NA;NA;1.05167820990943;"No"
51;"51_C10";"C10";"B329_LIKE+F16";1227;0.183799997;"C";"10";"n";95.6277;938.5;NA;NA;1.30740543420352;"No"
51;"51_C11";"C11";"B329_LIKE+F16";925;0.144500002;"C";"11";"n";95.6277;938.5;NA;NA;0.985615343633458;"No"
51;"51_C2";"C2";"B329_LIKE+F16";1049;0.155599996;"C";"2";"n";95.6277;938.5;NA;NA;1.1177410761854;"No"
51;"51_C3";"C3";"B329_LIKE+F16";1022;0.1514;"C";"3";"n";95.6277;938.5;NA;NA;1.08897176345232;"No"
51;"51_C4";"C4";"B329_LIKE+F16";1106;0.155699998;"C";"4";"n";95.6277;938.5;NA;NA;1.17847629195525;"No"
51;"51_C5";"C5";"B329_LIKE+F16";1540;0.180700004;"C";"5";"n";95.6277;938.5;NA;NA;1.64091635588705;"No"
51;"51_C6";"C6";"B329_LIKE+F16";1041;0.158099994;"C";"6";"n";95.6277;938.5;NA;NA;1.1092168353756;"No"
51;"51_C7";"C7";"B329_LIKE+F16";963;0.150900006;"C";"7";"n";95.6277;938.5;NA;NA;1.02610548748002;"No"
51;"51_C8";"C8";"B329_LIKE+F16";1000;0.148599997;"C";"8";"n";95.6277;938.5;NA;NA;1.06553010122536;"No"
51;"51_C9";"C9";"B329_LIKE+F16";892;0.148200005;"C";"9";"n";95.6277;938.5;NA;NA;0.950452850293021;"No"
51;"51_D10";"D10";"B329_LIKE+F16";1089;0.141100004;"D";"10";"n";95.6277;938.5;NA;NA;1.16036228023442;"No"
51;"51_D11";"D11";"B329_LIKE+F16";827;0.134000003;"D";"11";"n";95.6277;938.5;NA;NA;0.881193393713372;"No"
51;"51_D2";"D2";"B329_LIKE+F16";872;0.139799997;"D";"2";"n";95.6277;938.5;NA;NA;0.929142248268514;"No"
51;"51_D3";"D3";"B329_LIKE+F16";839;0.138099998;"D";"3";"n";95.6277;938.5;NA;NA;0.893979754928077;"No"
51;"51_D4";"D4";"B329_LIKE+F16";922;0.140599996;"D";"4";"n";95.6277;938.5;NA;NA;0.982418753329782;"No"
51;"51_D5";"D5";"B329_LIKE+F16";827;0.134800002;"D";"5";"n";95.6277;938.5;NA;NA;0.881193393713372;"No"
51;"51_D6";"D6";"B329_LIKE+F16";892;0.1391;"D";"6";"n";95.6277;938.5;NA;NA;0.950452850293021;"No"
51;"51_D7";"D7";"B329_LIKE+F16";895;0.136199996;"D";"7";"n";95.6277;938.5;NA;NA;0.953649440596697;"No"
51;"51_D8";"D8";"B329_LIKE+F16";848;0.136800006;"D";"8";"n";95.6277;938.5;NA;NA;0.903569525839105;"No"
51;"51_D9";"D9";"B329_LIKE+F16";992;0.142499998;"D";"9";"n";95.6277;938.5;NA;NA;1.05700586041556;"No"
51;"51_E10";"E10";"B329_LIKE+F16";888;0.146200001;"E";"10";"n";95.6277;938.5;NA;NA;0.946190729888119;"No"
51;"51_E11";"E11";"B329_LIKE+F16";1482;0.176200002;"E";"11";"n";95.6277;938.5;NA;NA;1.57911561001598;"No"
51;"51_E2";"E2";"B329_LIKE+F16";940;0.150900006;"E";"2";"n";95.6277;938.5;NA;NA;1.00159829515184;"No"
51;"51_E3";"E3";"B329_LIKE+F16";932;0.147300005;"E";"3";"n";95.6277;938.5;NA;NA;0.993074054342035;"No"
51;"51_E4";"E4";"B329_LIKE+F16";874;0.141299993;"E";"4";"n";95.6277;938.5;NA;NA;0.931273308470964;"No"
51;"51_E5";"E5";"B329_LIKE+F16";854;0.141499996;"E";"5";"n";95.6277;938.5;NA;NA;0.909962706446457;"No"
51;"51_E6";"E6";"B329_LIKE+F16";1003;0.174999997;"E";"6";"n";95.6277;938.5;NA;NA;1.06872669152904;"No"
51;"51_E7";"E7";"B329_LIKE+F16";946;0.152500004;"E";"7";"n";95.6277;938.5;NA;NA;1.00799147575919;"No"
51;"51_E8";"E8";"B329_LIKE+F16";937;0.153699994;"E";"8";"n";95.6277;938.5;NA;NA;0.998401704848162;"No"
51;"51_E9";"E9";"B329_LIKE+F16";906;0.147599995;"E";"9";"n";95.6277;938.5;NA;NA;0.965370271710176;"No"
51;"51_F10";"F10";"B329_LIKE+F16";844;0.143999994;"F";"10";"n";95.6277;938.5;NA;NA;0.899307405434204;"No"
51;"51_F11";"F11";"B329_LIKE+F16";983;0.164399996;"F";"11";"n";95.6277;938.5;NA;NA;1.04741608950453;"No"
51;"51_F2";"F2";"B329_LIKE+F16";867;0.131400004;"F";"2";"n";95.6277;938.5;NA;NA;0.923814597762387;"No"
51;"51_F3";"F3";"B329_LIKE+F16";1101;0.150199994;"F";"3";"n";95.6277;938.5;NA;NA;1.17314864144912;"No"
51;"51_F4";"F4";"B329_LIKE+F16";868;0.152600005;"F";"4";"n";95.6277;938.5;NA;NA;0.924880127863612;"No"
51;"51_F5";"F5";"B329_LIKE+F16";875;0.141100004;"F";"5";"n";95.6277;938.5;NA;NA;0.93233883857219;"No"
51;"51_F6";"F6";"B329_LIKE+F16";867;0.1461;"F";"6";"n";95.6277;938.5;NA;NA;0.923814597762387;"No"
51;"51_F7";"F7";"B329_LIKE+F16";931;0.1514;"F";"7";"n";95.6277;938.5;NA;NA;0.99200852424081;"No"
51;"51_F8";"F8";"B329_LIKE+F16";1072;0.146200001;"F";"8";"n";95.6277;938.5;NA;NA;1.14224826851359;"No"
51;"51_F9";"F9";"B329_LIKE+F16";893;0.143399999;"F";"9";"n";95.6277;938.5;NA;NA;0.951518380394246;"No"
51;"51_G10";"G10";"B329_LIKE+F16";1099;0.170100003;"G";"10";"n";95.6277;938.5;NA;NA;1.17101758124667;"No"
51;"51_G11";"G11";"B329_LIKE+F16";882;0.1505;"G";"11";"n";95.6277;938.5;NA;NA;0.939797549280767;"No"
51;"51_G2";"G2";"B329_LIKE+F16";885;0.143299997;"G";"2";"n";95.6277;938.5;NA;NA;0.942994139584443;"No"
51;"51_G3";"G3";"B329_LIKE+F16";1061;0.172900006;"G";"3";"n";95.6277;938.5;NA;NA;1.13052743740011;"No"
51;"51_G4";"G4";"B329_LIKE+F16";1006;0.154300004;"G";"4";"n";95.6277;938.5;NA;NA;1.07192328183271;"No"
51;"51_G5";"G5";"B329_LIKE+F16";925;0.139799997;"G";"5";"n";95.6277;938.5;NA;NA;0.985615343633458;"No"
51;"51_G6";"G6";"B329_LIKE+F16";998;0.153500006;"G";"6";"n";95.6277;938.5;NA;NA;1.06339904102291;"No"
51;"51_G7";"G7";"B329_LIKE+F16";971;0.150700003;"G";"7";"n";95.6277;938.5;NA;NA;1.03462972828982;"No"
51;"51_G8";"G8";"B329_LIKE+F16";918;0.141800001;"G";"8";"n";95.6277;938.5;NA;NA;0.97815663292488;"No"
51;"51_G9";"G9";"B329_LIKE+F16";1011;0.149700001;"G";"9";"n";95.6277;938.5;NA;NA;1.07725093233884;"No"
52;"52_B10";"B10";"B329_LIKE+F16";1414;0.151199996;"B";"10";"n";114.1602;991;NA;NA;1.42684157416751;"No"
52;"52_B11";"B11";"B329_LIKE+F16";1116;0.161599994;"B";"11";"n";114.1602;991;NA;NA;1.12613521695257;"No"
52;"52_B2";"B2";"B329_LIKE+F16";923;0.148900002;"B";"2";"n";114.1602;991;NA;NA;0.9313824419778;"No"
52;"52_B3";"B3";"B329_LIKE+F16";967;0.150600001;"B";"3";"n";114.1602;991;NA;NA;0.975782038345106;"No"
52;"52_B4";"B4";"B329_LIKE+F16";975;0.154200003;"B";"4";"n";114.1602;991;NA;NA;0.983854692230071;"No"
52;"52_B5";"B5";"B329_LIKE+F16";1009;0.148800001;"B";"5";"n";114.1602;991;NA;NA;1.01816347124117;"No"
52;"52_B6";"B6";"B329_LIKE+F16";931;0.142900005;"B";"6";"n";114.1602;991;NA;NA;0.939455095862765;"No"
52;"52_B7";"B7";"B329_LIKE+F16";991;0.145999998;"B";"7";"n";114.1602;991;NA;NA;1;"No"
52;"52_B8";"B8";"B329_LIKE+F16";1027;0.152099997;"B";"8";"n";114.1602;991;NA;NA;1.03632694248234;"No"
52;"52_B9";"B9";"B329_LIKE+F16";1066;0.156200007;"B";"9";"n";114.1602;991;NA;NA;1.07568113017154;"No"
52;"52_C10";"C10";"B329_LIKE+F16";899;0.140400007;"C";"10";"n";114.1602;991;NA;NA;0.907164480322906;"No"
52;"52_C11";"C11";"B329_LIKE+F16";803;0.129299998;"C";"11";"n";114.1602;991;NA;NA;0.81029263370333;"No"
52;"52_C2";"C2";"B329_LIKE+F16";974;0.152400002;"C";"2";"n";114.1602;991;NA;NA;0.98284561049445;"No"
52;"52_C3";"C3";"B329_LIKE+F16";976;0.149000004;"C";"3";"n";114.1602;991;NA;NA;0.984863773965691;"No"
52;"52_C4";"C4";"B329_LIKE+F16";875;0.179499999;"C";"4";"n";114.1602;991;NA;NA;0.882946518668012;"No"
52;"52_C5";"C5";"B329_LIKE+F16";1026;0.150199994;"C";"5";"n";114.1602;991;NA;NA;1.03531786074672;"No"
52;"52_C6";"C6";"B329_LIKE+F16";1063;0.159400001;"C";"6";"n";114.1602;991;NA;NA;1.07265388496468;"No"
52;"52_C7";"C7";"B329_LIKE+F16";883;0.142299995;"C";"7";"n";114.1602;991;NA;NA;0.891019172552977;"No"
52;"52_C8";"C8";"B329_LIKE+F16";984;0.147799999;"C";"8";"n";114.1602;991;NA;NA;0.992936427850656;"No"
52;"52_C9";"C9";"B329_LIKE+F16";898;0.140100002;"C";"9";"n";114.1602;991;NA;NA;0.906155398587286;"No"
52;"52_D10";"D10";"B329_LIKE+F16";1084;0.198400006;"D";"10";"n";114.1602;991;NA;NA;1.09384460141271;"No"
52;"52_D11";"D11";"B329_LIKE+F16";972;0.139899999;"D";"11";"n";114.1602;991;NA;NA;0.980827447023209;"No"
52;"52_D2";"D2";"B329_LIKE+F16";913;0.144099995;"D";"2";"n";114.1602;991;NA;NA;0.921291624621594;"No"
52;"52_D3";"D3";"B329_LIKE+F16";1153;0.1391;"D";"3";"n";114.1602;991;NA;NA;1.16347124117053;"No"
52;"52_D4";"D4";"B329_LIKE+F16";994;0.139500007;"D";"4";"n";114.1602;991;NA;NA;1.00302724520686;"No"
52;"52_D5";"D5";"B329_LIKE+F16";1115;0.152700007;"D";"5";"n";114.1602;991;NA;NA;1.12512613521695;"No"
52;"52_D6";"D6";"B329_LIKE+F16";932;0.137199998;"D";"6";"n";114.1602;991;NA;NA;0.940464177598386;"No"
52;"52_D7";"D7";"B329_LIKE+F16";957;0.171800002;"D";"7";"n";114.1602;991;NA;NA;0.9656912209889;"No"
52;"52_D8";"D8";"B329_LIKE+F16";1084;0.149499997;"D";"8";"n";114.1602;991;NA;NA;1.09384460141271;"No"
52;"52_D9";"D9";"B329_LIKE+F16";1017;0.186800003;"D";"9";"n";114.1602;991;NA;NA;1.02623612512614;"No"
52;"52_E10";"E10";"B329_LIKE+F16";773;0.129899994;"E";"10";"n";114.1602;991;NA;NA;0.780020181634712;"No"
52;"52_E11";"E11";"B329_LIKE+F16";795;0.130899996;"E";"11";"n";114.1602;991;NA;NA;0.802219979818365;"No"
52;"52_E2";"E2";"B329_LIKE+F16";948;0.146899998;"E";"2";"n";114.1602;991;NA;NA;0.956609485368315;"No"
52;"52_E3";"E3";"B329_LIKE+F16";920;0.142199993;"E";"3";"n";114.1602;991;NA;NA;0.928355196770938;"No"
52;"52_E4";"E4";"B329_LIKE+F16";1057;0.156200007;"E";"4";"n";114.1602;991;NA;NA;1.06659939455096;"No"
52;"52_E5";"E5";"B329_LIKE+F16";986;0.150299996;"E";"5";"n";114.1602;991;NA;NA;0.994954591321897;"No"
52;"52_E6";"E6";"B329_LIKE+F16";876;0.263999999;"E";"6";"n";114.1602;991;NA;NA;0.883955600403633;"No"
52;"52_E7";"E7";"B329_LIKE+F16";851;0.138799995;"E";"7";"n";114.1602;991;NA;NA;0.858728557013118;"No"
52;"52_E8";"E8";"B329_LIKE+F16";830;0.138799995;"E";"8";"n";114.1602;991;NA;NA;0.837537840565086;"No"
52;"52_E9";"E9";"B329_LIKE+F16";795;0.1285;"E";"9";"n";114.1602;991;NA;NA;0.802219979818365;"No"
52;"52_F10";"F10";"B329_LIKE+F16";1028;0.172199994;"F";"10";"n";114.1602;991;NA;NA;1.03733602421796;"No"
52;"52_F11";"F11";"B329_LIKE+F16";1242;0.222000003;"F";"11";"n";114.1602;991;NA;NA;1.25327951564077;"No"
52;"52_F2";"F2";"B329_LIKE+F16";980;0.148399994;"F";"2";"n";114.1602;991;NA;NA;0.988900100908174;"No"
52;"52_F3";"F3";"B329_LIKE+F16";883;0.145099998;"F";"3";"n";114.1602;991;NA;NA;0.891019172552977;"No"
52;"52_F4";"F4";"B329_LIKE+F16";979;0.141800001;"F";"4";"n";114.1602;991;NA;NA;0.987891019172553;"No"
52;"52_F5";"F5";"B329_LIKE+F16";1210;0.162300006;"F";"5";"n";114.1602;991;NA;NA;1.22098890010091;"No"
52;"52_F6";"F6";"B329_LIKE+F16";1198;0.167300001;"F";"6";"n";114.1602;991;NA;NA;1.20887991927346;"No"
52;"52_F7";"F7";"B329_LIKE+F16";1081;0.155499995;"F";"7";"n";114.1602;991;NA;NA;1.09081735620585;"No"
52;"52_F8";"F8";"B329_LIKE+F16";1066;0.156100005;"F";"8";"n";114.1602;991;NA;NA;1.07568113017154;"No"
52;"52_F9";"F9";"B329_LIKE+F16";991;0.151500002;"F";"9";"n";114.1602;991;NA;NA;1;"No"
52;"52_G10";"G10";"B329_LIKE+F16";1067;0.152600005;"G";"10";"n";114.1602;991;NA;NA;1.07669021190716;"No"
52;"52_G11";"G11";"B329_LIKE+F16";1025;0.1435;"G";"11";"n";114.1602;991;NA;NA;1.0343087790111;"No"
52;"52_G2";"G2";"B329_LIKE+F16";1349;0.157000005;"G";"2";"n";114.1602;991;NA;NA;1.36125126135217;"No"
52;"52_G3";"G3";"B329_LIKE+F16";1494;0.184400007;"G";"3";"n";114.1602;991;NA;NA;1.50756811301715;"No"
52;"52_G4";"G4";"B329_LIKE+F16";1399;0.223800004;"G";"4";"n";114.1602;991;NA;NA;1.4117053481332;"No"
52;"52_G5";"G5";"B329_LIKE+F16";1138;0.158899993;"G";"5";"n";114.1602;991;NA;NA;1.14833501513623;"No"
52;"52_G6";"G6";"B329_LIKE+F16";1597;0.242699996;"G";"6";"n";114.1602;991;NA;NA;1.61150353178607;"No"
52;"52_G7";"G7";"B329_LIKE+F16";1461;0.230499998;"G";"7";"n";114.1602;991;NA;NA;1.47426841574167;"No"
52;"52_G8";"G8";"B329_LIKE+F16";1308;0.187700003;"G";"8";"n";114.1602;991;NA;NA;1.31987891019173;"No"
52;"52_G9";"G9";"B329_LIKE+F16";1041;0.154899999;"G";"9";"n";114.1602;991;NA;NA;1.05045408678103;"No"
53;"53_B10";"B10";"B329_LIKE+F16";984;0.139300004;"B";"10";"n";111.195;955;NA;NA;1.0303664921466;"No"
53;"53_B11";"B11";"B329_LIKE+F16";946;0.151600003;"B";"11";"n";111.195;955;NA;NA;0.990575916230366;"No"
53;"53_B2";"B2";"B329_LIKE+F16";886;0.147499993;"B";"2";"n";111.195;955;NA;NA;0.927748691099476;"No"
53;"53_B3";"B3";"B329_LIKE+F16";893;0.147400007;"B";"3";"n";111.195;955;NA;NA;0.935078534031414;"No"
53;"53_B4";"B4";"B329_LIKE+F16";993;0.146899998;"B";"4";"n";111.195;955;NA;NA;1.03979057591623;"No"
53;"53_B5";"B5";"B329_LIKE+F16";972;0.149200007;"B";"5";"n";111.195;955;NA;NA;1.01780104712042;"No"
53;"53_B6";"B6";"B329_LIKE+F16";1073;0.156499997;"B";"6";"n";111.195;955;NA;NA;1.12356020942408;"No"
53;"53_B7";"B7";"B329_LIKE+F16";1013;0.145999998;"B";"7";"n";111.195;955;NA;NA;1.06073298429319;"No"
53;"53_B8";"B8";"B329_LIKE+F16";1378;0.151999995;"B";"8";"n";111.195;955;NA;NA;1.44293193717277;"No"
53;"53_B9";"B9";"B329_LIKE+F16";930;0.149900004;"B";"9";"n";111.195;955;NA;NA;0.973821989528796;"No"
53;"53_C10";"C10";"B329_LIKE+F16";907;0.142700002;"C";"10";"n";111.195;955;NA;NA;0.949738219895288;"No"
53;"53_C11";"C11";"B329_LIKE+F16";860;0.145899996;"C";"11";"n";111.195;955;NA;NA;0.900523560209424;"No"
53;"53_C2";"C2";"B329_LIKE+F16";910;0.148200005;"C";"2";"n";111.195;955;NA;NA;0.952879581151832;"No"
53;"53_C3";"C3";"B329_LIKE+F16";850;0.141299993;"C";"3";"n";111.195;955;NA;NA;0.890052356020942;"No"
53;"53_C4";"C4";"B329_LIKE+F16";856;0.1347;"C";"4";"n";111.195;955;NA;NA;0.896335078534031;"No"
53;"53_C5";"C5";"B329_LIKE+F16";789;0.127800003;"C";"5";"n";111.195;955;NA;NA;0.826178010471204;"No"
53;"53_C6";"C6";"B329_LIKE+F16";970;0.140200004;"C";"6";"n";111.195;955;NA;NA;1.01570680628272;"No"
53;"53_C7";"C7";"B329_LIKE+F16";1230;0.142700002;"C";"7";"n";111.195;955;NA;NA;1.28795811518325;"No"
53;"53_C8";"C8";"B329_LIKE+F16";994;0.138999999;"C";"8";"n";111.195;955;NA;NA;1.04083769633508;"No"
53;"53_C9";"C9";"B329_LIKE+F16";1208;0.183899999;"C";"9";"n";111.195;955;NA;NA;1.26492146596859;"No"
53;"53_D10";"D10";"B329_LIKE+F16";1018;0.1479;"D";"10";"n";111.195;955;NA;NA;1.06596858638743;"No"
53;"53_D11";"D11";"B329_LIKE+F16";999;0.148399994;"D";"11";"n";111.195;955;NA;NA;1.04607329842932;"No"
53;"53_D2";"D2";"B329_LIKE+F16";834;0.142399997;"D";"2";"n";111.195;955;NA;NA;0.873298429319372;"No"
53;"53_D3";"D3";"B329_LIKE+F16";967;0.149299994;"D";"3";"n";111.195;955;NA;NA;1.01256544502618;"No"
53;"53_D4";"D4";"B329_LIKE+F16";1059;0.1611;"D";"4";"n";111.195;955;NA;NA;1.10890052356021;"No"
53;"53_D5";"D5";"B329_LIKE+F16";937;0.141200006;"D";"5";"n";111.195;955;NA;NA;0.981151832460733;"No"
53;"53_D6";"D6";"B329_LIKE+F16";1089;0.157399997;"D";"6";"n";111.195;955;NA;NA;1.14031413612565;"No"
53;"53_D7";"D7";"B329_LIKE+F16";1043;0.151099995;"D";"7";"n";111.195;955;NA;NA;1.09214659685864;"No"
53;"53_D8";"D8";"B329_LIKE+F16";1066;0.1505;"D";"8";"n";111.195;955;NA;NA;1.11623036649215;"No"
53;"53_D9";"D9";"B329_LIKE+F16";929;0.141000003;"D";"9";"n";111.195;955;NA;NA;0.972774869109948;"No"
53;"53_E10";"E10";"B329_LIKE+F16";904;0.149000004;"E";"10";"n";111.195;955;NA;NA;0.946596858638743;"No"
53;"53_E11";"E11";"B329_LIKE+F16";1497;0.160600007;"E";"11";"n";111.195;955;NA;NA;1.56753926701571;"No"
53;"53_E2";"E2";"B329_LIKE+F16";980;0.153799996;"E";"2";"n";111.195;955;NA;NA;1.0261780104712;"No"
53;"53_E3";"E3";"B329_LIKE+F16";969;0.154300004;"E";"3";"n";111.195;955;NA;NA;1.01465968586387;"No"
53;"53_E4";"E4";"B329_LIKE+F16";925;0.143900007;"E";"4";"n";111.195;955;NA;NA;0.968586387434555;"No"
53;"53_E5";"E5";"B329_LIKE+F16";975;0.147100002;"E";"5";"n";111.195;955;NA;NA;1.02094240837696;"No"
53;"53_E6";"E6";"B329_LIKE+F16";879;0.133300006;"E";"6";"n";111.195;955;NA;NA;0.920418848167539;"No"
53;"53_E7";"E7";"B329_LIKE+F16";1223;0.150099993;"E";"7";"n";111.195;955;NA;NA;1.28062827225131;"No"
53;"53_E8";"E8";"B329_LIKE+F16";939;0.146799996;"E";"8";"n";111.195;955;NA;NA;0.983246073298429;"No"
53;"53_E9";"E9";"B329_LIKE+F16";894;0.144400001;"E";"9";"n";111.195;955;NA;NA;0.936125654450262;"No"
53;"53_F10";"F10";"B329_LIKE+F16";799;0.136099994;"F";"10";"n";111.195;955;NA;NA;0.836649214659686;"No"
53;"53_F11";"F11";"B329_LIKE+F16";881;0.143900007;"F";"11";"n";111.195;955;NA;NA;0.922513089005236;"No"
53;"53_F2";"F2";"B329_LIKE+F16";810;0.132300004;"F";"2";"n";111.195;955;NA;NA;0.848167539267016;"No"
53;"53_F3";"F3";"B329_LIKE+F16";768;0.130999997;"F";"3";"n";111.195;955;NA;NA;0.804188481675393;"No"
53;"53_F4";"F4";"B329_LIKE+F16";819;0.137099996;"F";"4";"n";111.195;955;NA;NA;0.857591623036649;"No"
53;"53_F5";"F5";"B329_LIKE+F16";1151;0.139500007;"F";"5";"n";111.195;955;NA;NA;1.20523560209424;"No"
53;"53_F6";"F6";"B329_LIKE+F16";1233;0.144899994;"F";"6";"n";111.195;955;NA;NA;1.29109947643979;"No"
53;"53_F7";"F7";"B329_LIKE+F16";832;0.135199994;"F";"7";"n";111.195;955;NA;NA;0.871204188481675;"No"
53;"53_F8";"F8";"B329_LIKE+F16";936;0.142000005;"F";"8";"n";111.195;955;NA;NA;0.980104712041885;"No"
53;"53_F9";"F9";"B329_LIKE+F16";905;0.141399994;"F";"9";"n";111.195;955;NA;NA;0.947643979057592;"No"
53;"53_G10";"G10";"B329_LIKE+F16";1102;0.165399998;"G";"10";"n";111.195;955;NA;NA;1.15392670157068;"No"
53;"53_G11";"G11";"B329_LIKE+F16";1155;0.169200003;"G";"11";"n";111.195;955;NA;NA;1.20942408376963;"No"
53;"53_G2";"G2";"B329_LIKE+F16";805;0.133000001;"G";"2";"n";111.195;955;NA;NA;0.842931937172775;"No"
53;"53_G3";"G3";"B329_LIKE+F16";976;0.139300004;"G";"3";"n";111.195;955;NA;NA;1.02198952879581;"No"
53;"53_G4";"G4";"B329_LIKE+F16";989;0.148800001;"G";"4";"n";111.195;955;NA;NA;1.03560209424084;"No"
53;"53_G5";"G5";"B329_LIKE+F16";911;0.135600001;"G";"5";"n";111.195;955;NA;NA;0.953926701570681;"No"
53;"53_G6";"G6";"B329_LIKE+F16";953;0.139500007;"G";"6";"n";111.195;955;NA;NA;0.997905759162304;"No"
53;"53_G7";"G7";"B329_LIKE+F16";1080;0.152400002;"G";"7";"n";111.195;955;NA;NA;1.13089005235602;"No"
53;"53_G8";"G8";"B329_LIKE+F16";1221;0.164800003;"G";"8";"n";111.195;955;NA;NA;1.27853403141361;"No"
53;"53_G9";"G9";"B329_LIKE+F16";1179;0.171700001;"G";"9";"n";111.195;955;NA;NA;1.23455497382199;"No"
54;"54_B10";"B10";"B329_LIKE+F16";887;0.139799997;"B";"10";"n";154.9317;857;NA;NA;1.03500583430572;"No"
54;"54_B11";"B11";"B329_LIKE+F16";830;0.144899994;"B";"11";"n";154.9317;857;NA;NA;0.968494749124854;"No"
54;"54_B2";"B2";"B329_LIKE+F16";1047;0.165900007;"B";"2";"n";154.9317;857;NA;NA;1.22170361726955;"No"
54;"54_B3";"B3";"B329_LIKE+F16";734;0.136000007;"B";"3";"n";154.9317;857;NA;NA;0.856476079346558;"No"
54;"54_B4";"B4";"B329_LIKE+F16";822;0.143199995;"B";"4";"n";154.9317;857;NA;NA;0.959159859976663;"No"
54;"54_B5";"B5";"B329_LIKE+F16";960;0.159299999;"B";"5";"n";154.9317;857;NA;NA;1.12018669778296;"No"
54;"54_B6";"B6";"B329_LIKE+F16";922;0.149599999;"B";"6";"n";154.9317;857;NA;NA;1.07584597432905;"No"
54;"54_B7";"B7";"B329_LIKE+F16";924;0.127299994;"B";"7";"n";154.9317;857;NA;NA;1.0781796966161;"No"
54;"54_B8";"B8";"B329_LIKE+F16";695;0.117700003;"B";"8";"n";154.9317;857;NA;NA;0.810968494749125;"No"
54;"54_B9";"B9";"B329_LIKE+F16";732;0.127599999;"B";"9";"n";154.9317;857;NA;NA;0.85414235705951;"No"
54;"54_C10";"C10";"B329_LIKE+F16";950;0.153300002;"C";"10";"n";154.9317;857;NA;NA;1.10851808634772;"No"
54;"54_C11";"C11";"B329_LIKE+F16";1016;0.141399994;"C";"11";"n";154.9317;857;NA;NA;1.1855309218203;"No"
54;"54_C2";"C2";"B329_LIKE+F16";949;0.156599998;"C";"2";"n";154.9317;857;NA;NA;1.1073512252042;"No"
54;"54_C3";"C3";"B329_LIKE+F16";860;0.151700005;"C";"3";"n";154.9317;857;NA;NA;1.00350058343057;"No"
54;"54_C4";"C4";"B329_LIKE+F16";911;0.150099993;"C";"4";"n";154.9317;857;NA;NA;1.06301050175029;"No"
54;"54_C5";"C5";"B329_LIKE+F16";1412;0.166199997;"C";"5";"n";154.9317;857;NA;NA;1.64760793465578;"No"
54;"54_C6";"C6";"B329_LIKE+F16";1030;0.157499999;"C";"6";"n";154.9317;857;NA;NA;1.20186697782964;"No"
54;"54_C7";"C7";"B329_LIKE+F16";1077;0.1778;"C";"7";"n";154.9317;857;NA;NA;1.25670945157526;"No"
54;"54_C8";"C8";"B329_LIKE+F16";965;0.159500003;"C";"8";"n";154.9317;857;NA;NA;1.12602100350058;"No"
54;"54_C9";"C9";"B329_LIKE+F16";865;0.148800001;"C";"9";"n";154.9317;857;NA;NA;1.00933488914819;"No"
54;"54_D10";"D10";"B329_LIKE+F16";782;0.132499993;"D";"10";"n";154.9317;857;NA;NA;0.912485414235706;"No"
54;"54_D11";"D11";"B329_LIKE+F16";692;0.125300005;"D";"11";"n";154.9317;857;NA;NA;0.807467911318553;"No"
54;"54_D2";"D2";"B329_LIKE+F16";729;0.137999997;"D";"2";"n";154.9317;857;NA;NA;0.850641773628938;"No"
54;"54_D3";"D3";"B329_LIKE+F16";691;0.130400002;"D";"3";"n";154.9317;857;NA;NA;0.806301050175029;"No"
54;"54_D4";"D4";"B329_LIKE+F16";748;0.135900006;"D";"4";"n";154.9317;857;NA;NA;0.872812135355893;"No"
54;"54_D5";"D5";"B329_LIKE+F16";808;0.164800003;"D";"5";"n";154.9317;857;NA;NA;0.942823803967328;"No"
54;"54_D6";"D6";"B329_LIKE+F16";763;0.131300002;"D";"6";"n";154.9317;857;NA;NA;0.890315052508751;"No"
54;"54_D7";"D7";"B329_LIKE+F16";1796;0.1602;"D";"7";"n";154.9317;857;NA;NA;2.09568261376896;"No"
54;"54_D8";"D8";"B329_LIKE+F16";782;0.129500002;"D";"8";"n";154.9317;857;NA;NA;0.912485414235706;"No"
54;"54_D9";"D9";"B329_LIKE+F16";712;0.125499994;"D";"9";"n";154.9317;857;NA;NA;0.830805134189031;"No"
54;"54_E10";"E10";"B329_LIKE+F16";763;0.134299994;"E";"10";"n";154.9317;857;NA;NA;0.890315052508751;"No"
54;"54_E11";"E11";"B329_LIKE+F16";878;0.148200005;"E";"11";"n";154.9317;857;NA;NA;1.024504084014;"No"
54;"54_E2";"E2";"B329_LIKE+F16";724;0.1426;"E";"2";"n";154.9317;857;NA;NA;0.844807467911319;"No"
54;"54_E3";"E3";"B329_LIKE+F16";803;0.143700004;"E";"3";"n";154.9317;857;NA;NA;0.936989498249708;"No"
54;"54_E4";"E4";"B329_LIKE+F16";736;0.131400004;"E";"4";"n";154.9317;857;NA;NA;0.858809801633606;"No"
54;"54_E5";"E5";"B329_LIKE+F16";687;0.123000003;"E";"5";"n";154.9317;857;NA;NA;0.801633605600933;"No"
54;"54_E6";"E6";"B329_LIKE+F16";566;0.108900003;"E";"6";"n";154.9317;857;NA;NA;0.660443407234539;"No"
54;"54_E7";"E7";"B329_LIKE+F16";1461;0.160899997;"E";"7";"n";154.9317;857;NA;NA;1.70478413068845;"No"
54;"54_E8";"E8";"B329_LIKE+F16";720;0.132400006;"E";"8";"n";154.9317;857;NA;NA;0.840140023337223;"No"
54;"54_E9";"E9";"B329_LIKE+F16";599;0.122000001;"E";"9";"n";154.9317;857;NA;NA;0.698949824970828;"No"
54;"54_F10";"F10";"B329_LIKE+F16";775;0.131699994;"F";"10";"n";154.9317;857;NA;NA;0.904317386231039;"No"
54;"54_F11";"F11";"B329_LIKE+F16";831;0.145099998;"F";"11";"n";154.9317;857;NA;NA;0.969661610268378;"No"
54;"54_F2";"F2";"B329_LIKE+F16";677;0.154699996;"F";"2";"n";154.9317;857;NA;NA;0.789964994165694;"No"
54;"54_F3";"F3";"B329_LIKE+F16";874;0.148100004;"F";"3";"n";154.9317;857;NA;NA;1.01983663943991;"No"
54;"54_F4";"F4";"B329_LIKE+F16";747;0.139599994;"F";"4";"n";154.9317;857;NA;NA;0.871645274212369;"No"
54;"54_F5";"F5";"B329_LIKE+F16";732;0.133900002;"F";"5";"n";154.9317;857;NA;NA;0.85414235705951;"No"
54;"54_F6";"F6";"B329_LIKE+F16";694;0.129299998;"F";"6";"n";154.9317;857;NA;NA;0.809801633605601;"No"
54;"54_F7";"F7";"B329_LIKE+F16";682;0.119999997;"F";"7";"n";154.9317;857;NA;NA;0.795799299883314;"No"
54;"54_F8";"F8";"B329_LIKE+F16";704;0.125300005;"F";"8";"n";154.9317;857;NA;NA;0.82147024504084;"No"
54;"54_F9";"F9";"B329_LIKE+F16";800;0.140300006;"F";"9";"n";154.9317;857;NA;NA;0.933488914819137;"No"
54;"54_G10";"G10";"B329_LIKE+F16";899;0.150900006;"G";"10";"n";154.9317;857;NA;NA;1.049008168028;"No"
54;"54_G11";"G11";"B329_LIKE+F16";965;0.154799998;"G";"11";"n";154.9317;857;NA;NA;1.12602100350058;"No"
54;"54_G2";"G2";"B329_LIKE+F16";925;0.158199996;"G";"2";"n";154.9317;857;NA;NA;1.07934655775963;"No"
54;"54_G3";"G3";"B329_LIKE+F16";1052;0.166899994;"G";"3";"n";154.9317;857;NA;NA;1.22753792298716;"No"
54;"54_G4";"G4";"B329_LIKE+F16";858;0.138899997;"G";"4";"n";154.9317;857;NA;NA;1.00116686114352;"No"
54;"54_G5";"G5";"B329_LIKE+F16";904;0.138500005;"G";"5";"n";154.9317;857;NA;NA;1.05484247374562;"No"
54;"54_G6";"G6";"B329_LIKE+F16";1102;0.130199999;"G";"6";"n";154.9317;857;NA;NA;1.28588098016336;"No"
54;"54_G7";"G7";"B329_LIKE+F16";735;0.130799994;"G";"7";"n";154.9317;857;NA;NA;0.857642940490082;"No"
54;"54_G8";"G8";"B329_LIKE+F16";928;0.146300003;"G";"8";"n";154.9317;857;NA;NA;1.0828471411902;"No"
54;"54_G9";"G9";"B329_LIKE+F16";879;0.144600004;"G";"9";"n";154.9317;857;NA;NA;1.02567094515753;"No"
55;"55_B10";"B10";"B329_LIKE+F16";692;0.117200002;"B";"10";"n";259.455;882;NA;NA;0.784580498866213;"No"
55;"55_B11";"B11";"B329_LIKE+F16";655;0.1109;"B";"11";"n";259.455;882;NA;NA;0.742630385487528;"No"
55;"55_B2";"B2";"B329_LIKE+F16";970;0.152500004;"B";"2";"n";259.455;882;NA;NA;1.09977324263039;"No"
55;"55_B3";"B3";"B329_LIKE+F16";825;0.140400007;"B";"3";"n";259.455;882;NA;NA;0.935374149659864;"No"
55;"55_B4";"B4";"B329_LIKE+F16";1181;0.127900004;"B";"4";"n";259.455;882;NA;NA;1.3390022675737;"No"
55;"55_B5";"B5";"B329_LIKE+F16";677;0.115599997;"B";"5";"n";259.455;882;NA;NA;0.767573696145125;"No"
55;"55_B6";"B6";"B329_LIKE+F16";707;0.123999998;"B";"6";"n";259.455;882;NA;NA;0.801587301587302;"No"
55;"55_B7";"B7";"B329_LIKE+F16";637;0.1043;"B";"7";"n";259.455;882;NA;NA;0.722222222222222;"No"
55;"55_B8";"B8";"B329_LIKE+F16";699;0.113300003;"B";"8";"n";259.455;882;NA;NA;0.792517006802721;"No"
55;"55_B9";"B9";"B329_LIKE+F16";701;0.125599995;"B";"9";"n";259.455;882;NA;NA;0.794784580498866;"No"
55;"55_C10";"C10";"B329_LIKE+F16";628;0.104999997;"C";"10";"n";259.455;882;NA;NA;0.712018140589569;"No"
55;"55_C11";"C11";"B329_LIKE+F16";572;0.107000001;"C";"11";"n";259.455;882;NA;NA;0.648526077097506;"No"
55;"55_C2";"C2";"B329_LIKE+F16";1045;0.159500003;"C";"2";"n";259.455;882;NA;NA;1.18480725623583;"No"
55;"55_C3";"C3";"B329_LIKE+F16";851;0.143600002;"C";"3";"n";259.455;882;NA;NA;0.964852607709751;"No"
55;"55_C4";"C4";"B329_LIKE+F16";899;0.147699997;"C";"4";"n";259.455;882;NA;NA;1.01927437641723;"No"
55;"55_C5";"C5";"B329_LIKE+F16";899;0.146400005;"C";"5";"n";259.455;882;NA;NA;1.01927437641723;"No"
55;"55_C6";"C6";"B329_LIKE+F16";868;0.136500001;"C";"6";"n";259.455;882;NA;NA;0.984126984126984;"No"
55;"55_C7";"C7";"B329_LIKE+F16";624;0.108599998;"C";"7";"n";259.455;882;NA;NA;0.707482993197279;"No"
55;"55_C8";"C8";"B329_LIKE+F16";650;0.111100003;"C";"8";"n";259.455;882;NA;NA;0.736961451247165;"No"
55;"55_C9";"C9";"B329_LIKE+F16";592;0.116400003;"C";"9";"n";259.455;882;NA;NA;0.671201814058957;"No"
55;"55_D10";"D10";"B329_LIKE+F16";622;0.112300001;"D";"10";"n";259.455;882;NA;NA;0.705215419501134;"No"
55;"55_D11";"D11";"B329_LIKE+F16";778;0.132699996;"D";"11";"n";259.455;882;NA;NA;0.882086167800454;"No"
55;"55_D2";"D2";"B329_LIKE+F16";816;0.141000003;"D";"2";"n";259.455;882;NA;NA;0.925170068027211;"No"
55;"55_D3";"D3";"B329_LIKE+F16";1058;0.149599999;"D";"3";"n";259.455;882;NA;NA;1.19954648526077;"No"
55;"55_D4";"D4";"B329_LIKE+F16";889;0.158000007;"D";"4";"n";259.455;882;NA;NA;1.00793650793651;"No"
55;"55_D5";"D5";"B329_LIKE+F16";634;0.123000003;"D";"5";"n";259.455;882;NA;NA;0.718820861678005;"No"
55;"55_D6";"D6";"B329_LIKE+F16";624;0.109800003;"D";"6";"n";259.455;882;NA;NA;0.707482993197279;"No"
55;"55_D7";"D7";"B329_LIKE+F16";686;0.1153;"D";"7";"n";259.455;882;NA;NA;0.777777777777778;"No"
55;"55_D8";"D8";"B329_LIKE+F16";707;0.120800003;"D";"8";"n";259.455;882;NA;NA;0.801587301587302;"No"
55;"55_D9";"D9";"B329_LIKE+F16";658;0.122699998;"D";"9";"n";259.455;882;NA;NA;0.746031746031746;"No"
55;"55_E10";"E10";"B329_LIKE+F16";582;0.112099998;"E";"10";"n";259.455;882;NA;NA;0.659863945578231;"No"
55;"55_E11";"E11";"B329_LIKE+F16";631;0.109899998;"E";"11";"n";259.455;882;NA;NA;0.715419501133787;"No"
55;"55_E2";"E2";"B329_LIKE+F16";710;0.128900006;"E";"2";"n";259.455;882;NA;NA;0.804988662131519;"No"
55;"55_E3";"E3";"B329_LIKE+F16";682;0.123000003;"E";"3";"n";259.455;882;NA;NA;0.773242630385488;"No"
55;"55_E4";"E4";"B329_LIKE+F16";673;0.126399994;"E";"4";"n";259.455;882;NA;NA;0.763038548752835;"No"
55;"55_E5";"E5";"B329_LIKE+F16";881;0.144500002;"E";"5";"n";259.455;882;NA;NA;0.998866213151927;"No"
55;"55_E6";"E6";"B329_LIKE+F16";643;0.125699997;"E";"6";"n";259.455;882;NA;NA;0.729024943310658;"No"
55;"55_E7";"E7";"B329_LIKE+F16";618;0.115199998;"E";"7";"n";259.455;882;NA;NA;0.700680272108844;"No"
55;"55_E8";"E8";"B329_LIKE+F16";898;0.122900002;"E";"8";"n";259.455;882;NA;NA;1.01814058956916;"No"
55;"55_E9";"E9";"B329_LIKE+F16";583;0.106899999;"E";"9";"n";259.455;882;NA;NA;0.660997732426304;"No"
55;"55_F10";"F10";"B329_LIKE+F16";1074;0.141299993;"F";"10";"n";259.455;882;NA;NA;1.21768707482993;"No"
55;"55_F11";"F11";"B329_LIKE+F16";831;0.144299999;"F";"11";"n";259.455;882;NA;NA;0.942176870748299;"No"
55;"55_F2";"F2";"B329_LIKE+F16";1064;0.151800007;"F";"2";"n";259.455;882;NA;NA;1.20634920634921;"No"
55;"55_F3";"F3";"B329_LIKE+F16";967;0.149599999;"F";"3";"n";259.455;882;NA;NA;1.09637188208617;"No"
55;"55_F4";"F4";"B329_LIKE+F16";937;0.155900002;"F";"4";"n";259.455;882;NA;NA;1.06235827664399;"No"
55;"55_F5";"F5";"B329_LIKE+F16";861;0.148800001;"F";"5";"n";259.455;882;NA;NA;0.976190476190476;"No"
55;"55_F6";"F6";"B329_LIKE+F16";730;0.1237;"F";"6";"n";259.455;882;NA;NA;0.82766439909297;"No"
55;"55_F7";"F7";"B329_LIKE+F16";737;0.132300004;"F";"7";"n";259.455;882;NA;NA;0.835600907029478;"No"
55;"55_F8";"F8";"B329_LIKE+F16";1077;0.164299995;"F";"8";"n";259.455;882;NA;NA;1.22108843537415;"No"
55;"55_F9";"F9";"B329_LIKE+F16";846;0.155300006;"F";"9";"n";259.455;882;NA;NA;0.959183673469388;"No"
55;"55_G10";"G10";"B329_LIKE+F16";1065;0.159400001;"G";"10";"n";259.455;882;NA;NA;1.20748299319728;"No"
55;"55_G11";"G11";"B329_LIKE+F16";954;0.153500006;"G";"11";"n";259.455;882;NA;NA;1.08163265306122;"No"
55;"55_G2";"G2";"B329_LIKE+F16";980;0.156900004;"G";"2";"n";259.455;882;NA;NA;1.11111111111111;"No"
55;"55_G3";"G3";"B329_LIKE+F16";1074;0.156000003;"G";"3";"n";259.455;882;NA;NA;1.21768707482993;"No"
55;"55_G4";"G4";"B329_LIKE+F16";1005;0.152500004;"G";"4";"n";259.455;882;NA;NA;1.13945578231293;"No"
55;"55_G5";"G5";"B329_LIKE+F16";1063;0.158800006;"G";"5";"n";259.455;882;NA;NA;1.20521541950113;"No"
55;"55_G6";"G6";"B329_LIKE+F16";1764;0.169699997;"G";"6";"n";259.455;882;NA;NA;2;"No"
55;"55_G7";"G7";"B329_LIKE+F16";1108;0.169499993;"G";"7";"n";259.455;882;NA;NA;1.2562358276644;"No"
55;"55_G8";"G8";"B329_LIKE+F16";969;0.153600007;"G";"8";"n";259.455;882;NA;NA;1.09863945578231;"No"
55;"55_G9";"G9";"B329_LIKE+F16";773;0.126800001;"G";"9";"n";259.455;882;NA;NA;0.876417233560091;"No"
56;"56_B10";"B10";"B329_LIKE+F16";925;0.160899997;"B";"10";"n";95.6277;936;NA;NA;0.988247863247863;"No"
56;"56_B11";"B11";"B329_LIKE+F16";964;0.162200004;"B";"11";"n";95.6277;936;NA;NA;1.02991452991453;"No"
56;"56_B2";"B2";"B329_LIKE+F16";948;0.151800007;"B";"2";"n";95.6277;936;NA;NA;1.01282051282051;"No"
56;"56_B3";"B3";"B329_LIKE+F16";1062;0.175899997;"B";"3";"n";95.6277;936;NA;NA;1.13461538461538;"No"
56;"56_B4";"B4";"B329_LIKE+F16";976;0.168300003;"B";"4";"n";95.6277;936;NA;NA;1.04273504273504;"No"
56;"56_B5";"B5";"B329_LIKE+F16";906;0.155499995;"B";"5";"n";95.6277;936;NA;NA;0.967948717948718;"No"
56;"56_B6";"B6";"B329_LIKE+F16";873;0.144700006;"B";"6";"n";95.6277;936;NA;NA;0.932692307692308;"No"
56;"56_B7";"B7";"B329_LIKE+F16";932;0.152999997;"B";"7";"n";95.6277;936;NA;NA;0.995726495726496;"No"
56;"56_B8";"B8";"B329_LIKE+F16";892;0.156800002;"B";"8";"n";95.6277;936;NA;NA;0.952991452991453;"No"
56;"56_B9";"B9";"B329_LIKE+F16";915;0.155699998;"B";"9";"n";95.6277;936;NA;NA;0.977564102564103;"No"
56;"56_C10";"C10";"B329_LIKE+F16";910;0.171900004;"C";"10";"n";95.6277;936;NA;NA;0.972222222222222;"No"
56;"56_C11";"C11";"B329_LIKE+F16";957;0.160999998;"C";"11";"n";95.6277;936;NA;NA;1.0224358974359;"No"
56;"56_C2";"C2";"B329_LIKE+F16";812;0.241300002;"C";"2";"n";95.6277;936;NA;NA;0.867521367521368;"No"
56;"56_C3";"C3";"B329_LIKE+F16";737;0.196999997;"C";"3";"n";95.6277;936;NA;NA;0.787393162393162;"No"
56;"56_C4";"C4";"B329_LIKE+F16";807;0.207000002;"C";"4";"n";95.6277;936;NA;NA;0.862179487179487;"No"
56;"56_C5";"C5";"B329_LIKE+F16";960;0.159500003;"C";"5";"n";95.6277;936;NA;NA;1.02564102564103;"No"
56;"56_C6";"C6";"B329_LIKE+F16";813;0.190599993;"C";"6";"n";95.6277;936;NA;NA;0.868589743589744;"No"
56;"56_C7";"C7";"B329_LIKE+F16";827;0.168699995;"C";"7";"n";95.6277;936;NA;NA;0.883547008547009;"No"
56;"56_C8";"C8";"B329_LIKE+F16";811;0.181500003;"C";"8";"n";95.6277;936;NA;NA;0.866452991452991;"No"
56;"56_C9";"C9";"B329_LIKE+F16";938;0.206200004;"C";"9";"n";95.6277;936;NA;NA;1.00213675213675;"No"
56;"56_D10";"D10";"B329_LIKE+F16";873;0.172299996;"D";"10";"n";95.6277;936;NA;NA;0.932692307692308;"No"
56;"56_D11";"D11";"B329_LIKE+F16";892;0.146799996;"D";"11";"n";95.6277;936;NA;NA;0.952991452991453;"No"
56;"56_D2";"D2";"B329_LIKE+F16";884;0.216800004;"D";"2";"n";95.6277;936;NA;NA;0.944444444444444;"No"
56;"56_D3";"D3";"B329_LIKE+F16";808;0.178499997;"D";"3";"n";95.6277;936;NA;NA;0.863247863247863;"No"
56;"56_D4";"D4";"B329_LIKE+F16";878;0.179399997;"D";"4";"n";95.6277;936;NA;NA;0.938034188034188;"No"
56;"56_D5";"D5";"B329_LIKE+F16";831;0.174400002;"D";"5";"n";95.6277;936;NA;NA;0.887820512820513;"No"
56;"56_D6";"D6";"B329_LIKE+F16";781;0.158299997;"D";"6";"n";95.6277;936;NA;NA;0.834401709401709;"No"
56;"56_D7";"D7";"B329_LIKE+F16";840;0.148200005;"D";"7";"n";95.6277;936;NA;NA;0.897435897435897;"No"
56;"56_D8";"D8";"B329_LIKE+F16";788;0.175899997;"D";"8";"n";95.6277;936;NA;NA;0.841880341880342;"No"
56;"56_D9";"D9";"B329_LIKE+F16";820;0.185399994;"D";"9";"n";95.6277;936;NA;NA;0.876068376068376;"No"
56;"56_E10";"E10";"B329_LIKE+F16";983;0.190699995;"E";"10";"n";95.6277;936;NA;NA;1.05021367521368;"No"
56;"56_E11";"E11";"B329_LIKE+F16";982;0.177200004;"E";"11";"n";95.6277;936;NA;NA;1.0491452991453;"No"
56;"56_E2";"E2";"B329_LIKE+F16";782;0.224800006;"E";"2";"n";95.6277;936;NA;NA;0.835470085470085;"No"
56;"56_E3";"E3";"B329_LIKE+F16";887;0.173600003;"E";"3";"n";95.6277;936;NA;NA;0.947649572649573;"No"
56;"56_E4";"E4";"B329_LIKE+F16";921;0.153099999;"E";"4";"n";95.6277;936;NA;NA;0.983974358974359;"No"
56;"56_E5";"E5";"B329_LIKE+F16";879;0.180800006;"E";"5";"n";95.6277;936;NA;NA;0.939102564102564;"No"
56;"56_E6";"E6";"B329_LIKE+F16";947;0.189700007;"E";"6";"n";95.6277;936;NA;NA;1.01175213675214;"No"
56;"56_E7";"E7";"B329_LIKE+F16";907;0.191499993;"E";"7";"n";95.6277;936;NA;NA;0.969017094017094;"No"
56;"56_E8";"E8";"B329_LIKE+F16";919;0.202500001;"E";"8";"n";95.6277;936;NA;NA;0.981837606837607;"No"
56;"56_E9";"E9";"B329_LIKE+F16";1025;0.192399994;"E";"9";"n";95.6277;936;NA;NA;1.09508547008547;"No"
56;"56_F10";"F10";"B329_LIKE+F16";1011;0.185900003;"F";"10";"n";95.6277;936;NA;NA;1.0801282051282;"No"
56;"56_F11";"F11";"B329_LIKE+F16";993;0.169100001;"F";"11";"n";95.6277;936;NA;NA;1.06089743589744;"No"
56;"56_F2";"F2";"B329_LIKE+F16";876;0.141599998;"F";"2";"n";95.6277;936;NA;NA;0.935897435897436;"No"
56;"56_F3";"F3";"B329_LIKE+F16";850;0.144999996;"F";"3";"n";95.6277;936;NA;NA;0.908119658119658;"No"
56;"56_F4";"F4";"B329_LIKE+F16";859;0.144099995;"F";"4";"n";95.6277;936;NA;NA;0.917735042735043;"No"
56;"56_F5";"F5";"B329_LIKE+F16";926;0.1602;"F";"5";"n";95.6277;936;NA;NA;0.989316239316239;"No"
56;"56_F6";"F6";"B329_LIKE+F16";825;0.161899999;"F";"6";"n";95.6277;936;NA;NA;0.881410256410256;"No"
56;"56_F7";"F7";"B329_LIKE+F16";811;0.167799994;"F";"7";"n";95.6277;936;NA;NA;0.866452991452991;"No"
56;"56_F8";"F8";"B329_LIKE+F16";970;0.178399995;"F";"8";"n";95.6277;936;NA;NA;1.03632478632479;"No"
56;"56_F9";"F9";"B329_LIKE+F16";907;0.172800004;"F";"9";"n";95.6277;936;NA;NA;0.969017094017094;"No"
56;"56_G10";"G10";"B329_LIKE+F16";934;0.165399998;"G";"10";"n";95.6277;936;NA;NA;0.997863247863248;"No"
56;"56_G11";"G11";"B329_LIKE+F16";943;0.168200001;"G";"11";"n";95.6277;936;NA;NA;1.00747863247863;"No"
56;"56_G2";"G2";"B329_LIKE+F16";1086;0.158899993;"G";"2";"n";95.6277;936;NA;NA;1.16025641025641;"No"
56;"56_G3";"G3";"B329_LIKE+F16";1042;0.1778;"G";"3";"n";95.6277;936;NA;NA;1.11324786324786;"No"
56;"56_G4";"G4";"B329_LIKE+F16";1057;0.174099997;"G";"4";"n";95.6277;936;NA;NA;1.1292735042735;"No"
56;"56_G5";"G5";"B329_LIKE+F16";989;0.155000001;"G";"5";"n";95.6277;936;NA;NA;1.05662393162393;"No"
56;"56_G6";"G6";"B329_LIKE+F16";1117;0.164299995;"G";"6";"n";95.6277;936;NA;NA;1.19337606837607;"No"
56;"56_G7";"G7";"B329_LIKE+F16";1057;0.159999996;"G";"7";"n";95.6277;936;NA;NA;1.1292735042735;"No"
56;"56_G8";"G8";"B329_LIKE+F16";1025;0.163900003;"G";"8";"n";95.6277;936;NA;NA;1.09508547008547;"No"
56;"56_G9";"G9";"B329_LIKE+F16";1037;0.177599996;"G";"9";"n";95.6277;936;NA;NA;1.10790598290598;"No"
57;"57_B10";"B10";"B329_LIKE+F16";844;0.138500005;"B";"10";"n";116.3841;938;NA;NA;0.899786780383795;"No"
57;"57_B11";"B11";"B329_LIKE+F16";1105;0.178499997;"B";"11";"n";116.3841;938;NA;NA;1.17803837953092;"No"
57;"57_B2";"B2";"B329_LIKE+F16";1031;0.167600006;"B";"2";"n";116.3841;938;NA;NA;1.09914712153518;"No"
57;"57_B3";"B3";"B329_LIKE+F16";922;0.152500004;"B";"3";"n";116.3841;938;NA;NA;0.982942430703625;"No"
57;"57_B4";"B4";"B329_LIKE+F16";875;0.153899997;"B";"4";"n";116.3841;938;NA;NA;0.932835820895522;"No"
57;"57_B5";"B5";"B329_LIKE+F16";942;0.148499995;"B";"5";"n";116.3841;938;NA;NA;1.00426439232409;"No"
57;"57_B6";"B6";"B329_LIKE+F16";842;0.153099999;"B";"6";"n";116.3841;938;NA;NA;0.897654584221748;"No"
57;"57_B7";"B7";"B329_LIKE+F16";834;0.152999997;"B";"7";"n";116.3841;938;NA;NA;0.889125799573561;"No"
57;"57_B8";"B8";"B329_LIKE+F16";954;0.151700005;"B";"8";"n";116.3841;938;NA;NA;1.01705756929638;"No"
57;"57_B9";"B9";"B329_LIKE+F16";893;0.155000001;"B";"9";"n";116.3841;938;NA;NA;0.952025586353945;"No"
57;"57_C10";"C10";"B329_LIKE+F16";881;0.146899998;"C";"10";"n";116.3841;938;NA;NA;0.939232409381663;"No"
57;"57_C11";"C11";"B329_LIKE+F16";890;0.1479;"C";"11";"n";116.3841;938;NA;NA;0.948827292110874;"No"
57;"57_C2";"C2";"B329_LIKE+F16";892;0.139500007;"C";"2";"n";116.3841;938;NA;NA;0.950959488272921;"No"
57;"57_C3";"C3";"B329_LIKE+F16";939;0.158399999;"C";"3";"n";116.3841;938;NA;NA;1.00106609808102;"No"
57;"57_C4";"C4";"B329_LIKE+F16";977;0.149299994;"C";"4";"n";116.3841;938;NA;NA;1.04157782515991;"No"
57;"57_C5";"C5";"B329_LIKE+F16";961;0.156000003;"C";"5";"n";116.3841;938;NA;NA;1.02452025586354;"No"
57;"57_C6";"C6";"B329_LIKE+F16";865;0.156299993;"C";"6";"n";116.3841;938;NA;NA;0.922174840085288;"No"
57;"57_C7";"C7";"B329_LIKE+F16";945;0.145300001;"C";"7";"n";116.3841;938;NA;NA;1.00746268656716;"No"
57;"57_C8";"C8";"B329_LIKE+F16";1026;0.164199993;"C";"8";"n";116.3841;938;NA;NA;1.09381663113006;"No"
57;"57_C9";"C9";"B329_LIKE+F16";946;0.145300001;"C";"9";"n";116.3841;938;NA;NA;1.00852878464819;"No"
57;"57_D10";"D10";"B329_LIKE+F16";868;0.186800003;"D";"10";"n";116.3841;938;NA;NA;0.925373134328358;"No"
57;"57_D11";"D11";"B329_LIKE+F16";905;0.150199994;"D";"11";"n";116.3841;938;NA;NA;0.964818763326226;"No"
57;"57_D2";"D2";"B329_LIKE+F16";849;0.138400003;"D";"2";"n";116.3841;938;NA;NA;0.905117270788913;"No"
57;"57_D3";"D3";"B329_LIKE+F16";850;0.152099997;"D";"3";"n";116.3841;938;NA;NA;0.906183368869936;"No"
57;"57_D4";"D4";"B329_LIKE+F16";887;0.139699996;"D";"4";"n";116.3841;938;NA;NA;0.945628997867804;"No"
57;"57_D5";"D5";"B329_LIKE+F16";882;0.177000001;"D";"5";"n";116.3841;938;NA;NA;0.940298507462687;"No"
57;"57_D6";"D6";"B329_LIKE+F16";1006;0.161599994;"D";"6";"n";116.3841;938;NA;NA;1.0724946695096;"No"
57;"57_D7";"D7";"B329_LIKE+F16";744;0.123999998;"D";"7";"n";116.3841;938;NA;NA;0.79317697228145;"No"
57;"57_D9";"D9";"B329_LIKE+F16";910;0.263799995;"D";"9";"n";116.3841;938;NA;NA;0.970149253731343;"No"
57;"57_E10";"E10";"B329_LIKE+F16";891;0.143299997;"E";"10";"n";116.3841;938;NA;NA;0.949893390191898;"No"
57;"57_E11";"E11";"B329_LIKE+F16";937;0.159700006;"E";"11";"n";116.3841;938;NA;NA;0.998933901918977;"No"
57;"57_E2";"E2";"B329_LIKE+F16";1195;0.147200003;"E";"2";"n";116.3841;938;NA;NA;1.27398720682303;"No"
57;"57_E3";"E3";"B329_LIKE+F16";780;0.151899993;"E";"3";"n";116.3841;938;NA;NA;0.831556503198294;"No"
57;"57_E4";"E4";"B329_LIKE+F16";812;0.148000002;"E";"4";"n";116.3841;938;NA;NA;0.865671641791045;"No"
57;"57_E5";"E5";"B329_LIKE+F16";823;0.150999993;"E";"5";"n";116.3841;938;NA;NA;0.877398720682303;"No"
57;"57_E6";"E6";"B329_LIKE+F16";855;0.153799996;"E";"6";"n";116.3841;938;NA;NA;0.911513859275053;"No"
57;"57_E7";"E7";"B329_LIKE+F16";792;0.1373;"E";"7";"n";116.3841;938;NA;NA;0.844349680170576;"No"
57;"57_E8";"E8";"B329_LIKE+F16";927;0.155000001;"E";"8";"n";116.3841;938;NA;NA;0.988272921108742;"No"
57;"57_E9";"E9";"B329_LIKE+F16";882;0.141800001;"E";"9";"n";116.3841;938;NA;NA;0.940298507462687;"No"
57;"57_F10";"F10";"B329_LIKE+F16";996;0.160500005;"F";"10";"n";116.3841;938;NA;NA;1.06183368869936;"No"
57;"57_F11";"F11";"B329_LIKE+F16";1002;0.167999998;"F";"11";"n";116.3841;938;NA;NA;1.0682302771855;"No"
57;"57_F2";"F2";"B329_LIKE+F16";850;0.1479;"F";"2";"n";116.3841;938;NA;NA;0.906183368869936;"No"
57;"57_F3";"F3";"B329_LIKE+F16";788;0.1708;"F";"3";"n";116.3841;938;NA;NA;0.840085287846482;"No"
57;"57_F4";"F4";"B329_LIKE+F16";811;0.170000002;"F";"4";"n";116.3841;938;NA;NA;0.864605543710021;"No"
57;"57_F5";"F5";"B329_LIKE+F16";909;0.161699995;"F";"5";"n";116.3841;938;NA;NA;0.96908315565032;"No"
57;"57_F6";"F6";"B329_LIKE+F16";838;0.143299997;"F";"6";"n";116.3841;938;NA;NA;0.893390191897655;"No"
57;"57_F7";"F7";"B329_LIKE+F16";956;0.153200001;"F";"7";"n";116.3841;938;NA;NA;1.01918976545842;"No"
57;"57_F8";"F8";"B329_LIKE+F16";893;0.152700007;"F";"8";"n";116.3841;938;NA;NA;0.952025586353945;"No"
57;"57_F9";"F9";"B329_LIKE+F16";990;0.170000002;"F";"9";"n";116.3841;938;NA;NA;1.05543710021322;"No"
57;"57_G10";"G10";"B329_LIKE+F16";1245;0.209700003;"G";"10";"n";116.3841;938;NA;NA;1.3272921108742;"No"
57;"57_G11";"G11";"B329_LIKE+F16";974;0.159999996;"G";"11";"n";116.3841;938;NA;NA;1.03837953091684;"No"
57;"57_G2";"G2";"B329_LIKE+F16";933;0.148100004;"G";"2";"n";116.3841;938;NA;NA;0.994669509594883;"No"
57;"57_G3";"G3";"B329_LIKE+F16";971;0.173800007;"G";"3";"n";116.3841;938;NA;NA;1.03518123667377;"No"
57;"57_G4";"G4";"B329_LIKE+F16";853;0.158999994;"G";"4";"n";116.3841;938;NA;NA;0.909381663113006;"No"
57;"57_G5";"G5";"B329_LIKE+F16";922;0.152600005;"G";"5";"n";116.3841;938;NA;NA;0.982942430703625;"No"
57;"57_G6";"G6";"B329_LIKE+F16";1100;0.171200007;"G";"6";"n";116.3841;938;NA;NA;1.1727078891258;"No"
57;"57_G7";"G7";"B329_LIKE+F16";1042;0.179100007;"G";"7";"n";116.3841;938;NA;NA;1.11087420042644;"No"
57;"57_G8";"G8";"B329_LIKE+F16";987;0.155599996;"G";"8";"n";116.3841;938;NA;NA;1.05223880597015;"No"
57;"57_G9";"G9";"B329_LIKE+F16";1124;0.1866;"G";"9";"n";116.3841;938;NA;NA;1.19829424307036;"No"
58;"58_B10";"B10";"B329_LIKE+F16";815;0.147799999;"B";"10";"n";74.13;895.5;NA;NA;0.910106085985483;"No"
58;"58_B11";"B11";"B329_LIKE+F16";869;0.153500006;"B";"11";"n";74.13;895.5;NA;NA;0.970407593523171;"No"
58;"58_B2";"B2";"B329_LIKE+F16";836;0.173800007;"B";"2";"n";74.13;895.5;NA;NA;0.93355667225014;"No"
58;"58_B3";"B3";"B329_LIKE+F16";829;0.159799993;"B";"3";"n";74.13;895.5;NA;NA;0.925739810161921;"No"
58;"58_B4";"B4";"B329_LIKE+F16";893;0.157100007;"B";"4";"n";74.13;895.5;NA;NA;0.997208263539922;"No"
58;"58_B5";"B5";"B329_LIKE+F16";785;0.155399993;"B";"5";"n";74.13;895.5;NA;NA;0.876605248464545;"No"
58;"58_B6";"B6";"B329_LIKE+F16";832;0.155900002;"B";"6";"n";74.13;895.5;NA;NA;0.929089893914015;"No"
58;"58_B7";"B7";"B329_LIKE+F16";914;0.159600005;"B";"7";"n";74.13;895.5;NA;NA;1.02065884980458;"No"
58;"58_B8";"B8";"B329_LIKE+F16";818;0.1514;"B";"8";"n";74.13;895.5;NA;NA;0.913456169737577;"No"
58;"58_B9";"B9";"B329_LIKE+F16";888;0.159799993;"B";"9";"n";74.13;895.5;NA;NA;0.991624790619765;"No"
58;"58_C10";"C10";"B329_LIKE+F16";911;0.148200005;"C";"10";"n";74.13;895.5;NA;NA;1.01730876605248;"No"
58;"58_C11";"C11";"B329_LIKE+F16";892;0.151099995;"C";"11";"n";74.13;895.5;NA;NA;0.996091568955891;"No"
58;"58_C2";"C2";"B329_LIKE+F16";881;0.168400005;"C";"2";"n";74.13;895.5;NA;NA;0.983807928531547;"No"
58;"58_C3";"C3";"B329_LIKE+F16";860;0.159600005;"C";"3";"n";74.13;895.5;NA;NA;0.96035734226689;"No"
58;"58_C4";"C4";"B329_LIKE+F16";1004;0.163399994;"C";"4";"n";74.13;895.5;NA;NA;1.12116136236739;"No"
58;"58_C5";"C5";"B329_LIKE+F16";863;0.147799999;"C";"5";"n";74.13;895.5;NA;NA;0.963707426018984;"No"
58;"58_C6";"C6";"B329_LIKE+F16";908;0.139599994;"C";"6";"n";74.13;895.5;NA;NA;1.01395868230039;"No"
58;"58_C7";"C7";"B329_LIKE+F16";923;0.144199997;"C";"7";"n";74.13;895.5;NA;NA;1.03070910106086;"No"
58;"58_C8";"C8";"B329_LIKE+F16";896;0.141499996;"C";"8";"n";74.13;895.5;NA;NA;1.00055834729202;"No"
58;"58_C9";"C9";"B329_LIKE+F16";879;0.145899996;"C";"9";"n";74.13;895.5;NA;NA;0.981574539363484;"No"
58;"58_D10";"D10";"B329_LIKE+F16";871;0.147799999;"D";"10";"n";74.13;895.5;NA;NA;0.972640982691234;"No"
58;"58_D11";"D11";"B329_LIKE+F16";791;0.145099998;"D";"11";"n";74.13;895.5;NA;NA;0.883305415968733;"No"
58;"58_D2";"D2";"B329_LIKE+F16";995;0.190599993;"D";"2";"n";74.13;895.5;NA;NA;1.11111111111111;"No"
58;"58_D3";"D3";"B329_LIKE+F16";969;0.1708;"D";"3";"n";74.13;895.5;NA;NA;1.0820770519263;"No"
58;"58_D4";"D4";"B329_LIKE+F16";1021;0.169200003;"D";"4";"n";74.13;895.5;NA;NA;1.14014517029592;"No"
58;"58_D6";"D6";"B329_LIKE+F16";842;0.142900005;"D";"6";"n";74.13;895.5;NA;NA;0.940256839754327;"No"
58;"58_D7";"D7";"B329_LIKE+F16";967;0.1567;"D";"7";"n";74.13;895.5;NA;NA;1.07984366275824;"No"
58;"58_D8";"D8";"B329_LIKE+F16";863;0.144800007;"D";"8";"n";74.13;895.5;NA;NA;0.963707426018984;"No"
58;"58_D9";"D9";"B329_LIKE+F16";960;0.151800007;"D";"9";"n";74.13;895.5;NA;NA;1.07202680067002;"No"
58;"58_E10";"E10";"B329_LIKE+F16";921;0.1461;"E";"10";"n";74.13;895.5;NA;NA;1.0284757118928;"No"
58;"58_E11";"E11";"B329_LIKE+F16";898;0.150800005;"E";"11";"n";74.13;895.5;NA;NA;1.00279173646008;"No"
58;"58_E2";"E2";"B329_LIKE+F16";928;0.171599999;"E";"2";"n";74.13;895.5;NA;NA;1.03629257398102;"No"
58;"58_E3";"E3";"B329_LIKE+F16";956;0.177300006;"E";"3";"n";74.13;895.5;NA;NA;1.06756002233389;"No"
58;"58_E4";"E4";"B329_LIKE+F16";985;0.165000007;"E";"4";"n";74.13;895.5;NA;NA;1.0999441652708;"No"
58;"58_E5";"E5";"B329_LIKE+F16";963;0.160500005;"E";"5";"n";74.13;895.5;NA;NA;1.07537688442211;"No"
58;"58_E6";"E6";"B329_LIKE+F16";996;0.158999994;"E";"6";"n";74.13;895.5;NA;NA;1.11222780569514;"No"
58;"58_E7";"E7";"B329_LIKE+F16";958;0.151500002;"E";"7";"n";74.13;895.5;NA;NA;1.06979341150195;"No"
58;"58_E8";"E8";"B329_LIKE+F16";921;0.153300002;"E";"8";"n";74.13;895.5;NA;NA;1.0284757118928;"No"
58;"58_E9";"E9";"B329_LIKE+F16";940;0.171399996;"E";"9";"n";74.13;895.5;NA;NA;1.04969290898939;"No"
58;"58_F10";"F10";"B329_LIKE+F16";1041;0.141200006;"F";"10";"n";74.13;895.5;NA;NA;1.16247906197655;"No"
58;"58_F11";"F11";"B329_LIKE+F16";877;0.143399999;"F";"11";"n";74.13;895.5;NA;NA;0.979341150195422;"No"
58;"58_F2";"F2";"B329_LIKE+F16";995;0.173800007;"F";"2";"n";74.13;895.5;NA;NA;1.11111111111111;"No"
58;"58_F3";"F3";"B329_LIKE+F16";916;0.167199999;"F";"3";"n";74.13;895.5;NA;NA;1.02289223897264;"No"
58;"58_F4";"F4";"B329_LIKE+F16";857;0.150399998;"F";"4";"n";74.13;895.5;NA;NA;0.957007258514796;"No"
58;"58_F5";"F5";"B329_LIKE+F16";925;0.157700002;"F";"5";"n";74.13;895.5;NA;NA;1.03294249022892;"No"
58;"58_F6";"F6";"B329_LIKE+F16";881;0.140900001;"F";"6";"n";74.13;895.5;NA;NA;0.983807928531547;"No"
58;"58_F7";"F7";"B329_LIKE+F16";917;0.139899999;"F";"7";"n";74.13;895.5;NA;NA;1.02400893355667;"No"
58;"58_F8";"F8";"B329_LIKE+F16";1361;0.148000002;"F";"8";"n";74.13;895.5;NA;NA;1.51982132886655;"No"
58;"58_F9";"F9";"B329_LIKE+F16";966;0.170599997;"F";"9";"n";74.13;895.5;NA;NA;1.0787269681742;"No"
58;"58_G10";"G10";"B329_LIKE+F16";892;0.148000002;"G";"10";"n";74.13;895.5;NA;NA;0.996091568955891;"No"
58;"58_G11";"G11";"B329_LIKE+F16";805;0.140200004;"G";"11";"n";74.13;895.5;NA;NA;0.89893914014517;"No"
58;"58_G2";"G2";"B329_LIKE+F16";991;0.188899994;"G";"2";"n";74.13;895.5;NA;NA;1.10664433277499;"No"
58;"58_G3";"G3";"B329_LIKE+F16";866;0.152099997;"G";"3";"n";74.13;895.5;NA;NA;0.967057509771078;"No"
58;"58_G4";"G4";"B329_LIKE+F16";873;0.154200003;"G";"4";"n";74.13;895.5;NA;NA;0.974874371859296;"No"
58;"58_G5";"G5";"B329_LIKE+F16";932;0.149700001;"G";"5";"n";74.13;895.5;NA;NA;1.04075935231714;"No"
58;"58_G6";"G6";"B329_LIKE+F16";945;0.147599995;"G";"6";"n";74.13;895.5;NA;NA;1.05527638190955;"No"
58;"58_G7";"G7";"B329_LIKE+F16";951;0.155599996;"G";"7";"n";74.13;895.5;NA;NA;1.06197654941374;"No"
58;"58_G8";"G8";"B329_LIKE+F16";902;0.148399994;"G";"8";"n";74.13;895.5;NA;NA;1.0072585147962;"No"
58;"58_G9";"G9";"B329_LIKE+F16";843;0.140499994;"G";"9";"n";74.13;895.5;NA;NA;0.941373534338358;"No"
59;"59_B10";"B10";"B329_LIKE+F16";823;0.143299997;"B";"10";"n";69.6822;888;NA;NA;0.926801801801802;"No"
59;"59_B11";"B11";"B329_LIKE+F16";1085;0.147100002;"B";"11";"n";69.6822;888;NA;NA;1.22184684684685;"No"
59;"59_B2";"B2";"B329_LIKE+F16";838;0.143900007;"B";"2";"n";69.6822;888;NA;NA;0.943693693693694;"No"
59;"59_B3";"B3";"B329_LIKE+F16";863;0.141800001;"B";"3";"n";69.6822;888;NA;NA;0.971846846846847;"No"
59;"59_B4";"B4";"B329_LIKE+F16";881;0.145799994;"B";"4";"n";69.6822;888;NA;NA;0.992117117117117;"No"
59;"59_B5";"B5";"B329_LIKE+F16";888;0.145600006;"B";"5";"n";69.6822;888;NA;NA;1;"No"
59;"59_B6";"B6";"B329_LIKE+F16";926;0.146699995;"B";"6";"n";69.6822;888;NA;NA;1.04279279279279;"No"
59;"59_B7";"B7";"B329_LIKE+F16";841;0.139500007;"B";"7";"n";69.6822;888;NA;NA;0.947072072072072;"No"
59;"59_B8";"B8";"B329_LIKE+F16";795;0.138600007;"B";"8";"n";69.6822;888;NA;NA;0.89527027027027;"No"
59;"59_B9";"B9";"B329_LIKE+F16";830;0.143800005;"B";"9";"n";69.6822;888;NA;NA;0.934684684684685;"No"
59;"59_C10";"C10";"B329_LIKE+F16";853;0.149700001;"C";"10";"n";69.6822;888;NA;NA;0.960585585585586;"No"
59;"59_C11";"C11";"B329_LIKE+F16";878;0.153899997;"C";"11";"n";69.6822;888;NA;NA;0.988738738738739;"No"
59;"59_C2";"C2";"B329_LIKE+F16";844;0.140400007;"C";"2";"n";69.6822;888;NA;NA;0.95045045045045;"No"
59;"59_C3";"C3";"B329_LIKE+F16";801;0.136800006;"C";"3";"n";69.6822;888;NA;NA;0.902027027027027;"No"
59;"59_C4";"C4";"B329_LIKE+F16";888;0.147699997;"C";"4";"n";69.6822;888;NA;NA;1;"No"
59;"59_C5";"C5";"B329_LIKE+F16";919;0.147699997;"C";"5";"n";69.6822;888;NA;NA;1.03490990990991;"No"
59;"59_C6";"C6";"B329_LIKE+F16";955;0.154699996;"C";"6";"n";69.6822;888;NA;NA;1.07545045045045;"No"
59;"59_C7";"C7";"B329_LIKE+F16";854;0.150000006;"C";"7";"n";69.6822;888;NA;NA;0.961711711711712;"No"
59;"59_C8";"C8";"B329_LIKE+F16";885;0.1558;"C";"8";"n";69.6822;888;NA;NA;0.996621621621622;"No"
59;"59_C9";"C9";"B329_LIKE+F16";870;0.153999999;"C";"9";"n";69.6822;888;NA;NA;0.97972972972973;"No"
59;"59_D10";"D10";"B329_LIKE+F16";861;0.155200005;"D";"10";"n";69.6822;888;NA;NA;0.969594594594595;"No"
59;"59_D11";"D11";"B329_LIKE+F16";875;0.155200005;"D";"11";"n";69.6822;888;NA;NA;0.98536036036036;"No"
59;"59_D2";"D2";"B329_LIKE+F16";924;0.148800001;"D";"2";"n";69.6822;888;NA;NA;1.04054054054054;"No"
59;"59_D3";"D3";"B329_LIKE+F16";951;0.149499997;"D";"3";"n";69.6822;888;NA;NA;1.07094594594595;"No"
59;"59_D4";"D4";"B329_LIKE+F16";968;0.150999993;"D";"4";"n";69.6822;888;NA;NA;1.09009009009009;"No"
59;"59_D5";"D5";"B329_LIKE+F16";935;0.160699993;"D";"5";"n";69.6822;888;NA;NA;1.05292792792793;"No"
59;"59_D6";"D6";"B329_LIKE+F16";1091;0.157600001;"D";"6";"n";69.6822;888;NA;NA;1.2286036036036;"No"
59;"59_D7";"D7";"B329_LIKE+F16";927;0.1567;"D";"7";"n";69.6822;888;NA;NA;1.04391891891892;"No"
59;"59_D8";"D8";"B329_LIKE+F16";835;0.144199997;"D";"8";"n";69.6822;888;NA;NA;0.940315315315315;"No"
59;"59_D9";"D9";"B329_LIKE+F16";881;0.1523;"D";"9";"n";69.6822;888;NA;NA;0.992117117117117;"No"
59;"59_E10";"E10";"B329_LIKE+F16";819;0.1523;"E";"10";"n";69.6822;888;NA;NA;0.922297297297297;"No"
59;"59_E11";"E11";"B329_LIKE+F16";820;0.160899997;"E";"11";"n";69.6822;888;NA;NA;0.923423423423423;"No"
59;"59_E2";"E2";"B329_LIKE+F16";742;0.140100002;"E";"2";"n";69.6822;888;NA;NA;0.835585585585586;"No"
59;"59_E3";"E3";"B329_LIKE+F16";793;0.133300006;"E";"3";"n";69.6822;888;NA;NA;0.893018018018018;"No"
59;"59_E4";"E4";"B329_LIKE+F16";850;0.136800006;"E";"4";"n";69.6822;888;NA;NA;0.957207207207207;"No"
59;"59_E5";"E5";"B329_LIKE+F16";852;0.139699996;"E";"5";"n";69.6822;888;NA;NA;0.959459459459459;"No"
59;"59_E6";"E6";"B329_LIKE+F16";833;0.142900005;"E";"6";"n";69.6822;888;NA;NA;0.938063063063063;"No"
59;"59_E7";"E7";"B329_LIKE+F16";931;0.151500002;"E";"7";"n";69.6822;888;NA;NA;1.04842342342342;"No"
59;"59_E8";"E8";"B329_LIKE+F16";892;0.150999993;"E";"8";"n";69.6822;888;NA;NA;1.0045045045045;"No"
59;"59_E9";"E9";"B329_LIKE+F16";836;0.140300006;"E";"9";"n";69.6822;888;NA;NA;0.941441441441441;"No"
59;"59_F10";"F10";"B329_LIKE+F16";870;0.148300007;"F";"10";"n";69.6822;888;NA;NA;0.97972972972973;"No"
59;"59_F11";"F11";"B329_LIKE+F16";827;0.143800005;"F";"11";"n";69.6822;888;NA;NA;0.931306306306306;"No"
59;"59_F2";"F2";"B329_LIKE+F16";850;0.137899995;"F";"2";"n";69.6822;888;NA;NA;0.957207207207207;"No"
59;"59_F3";"F3";"B329_LIKE+F16";919;0.160699993;"F";"3";"n";69.6822;888;NA;NA;1.03490990990991;"No"
59;"59_F4";"F4";"B329_LIKE+F16";835;0.140000001;"F";"4";"n";69.6822;888;NA;NA;0.940315315315315;"No"
59;"59_F5";"F5";"B329_LIKE+F16";1005;0.155399993;"F";"5";"n";69.6822;888;NA;NA;1.13175675675676;"No"
59;"59_F6";"F6";"B329_LIKE+F16";901;0.144600004;"F";"6";"n";69.6822;888;NA;NA;1.01463963963964;"No"
59;"59_F7";"F7";"B329_LIKE+F16";873;0.140200004;"F";"7";"n";69.6822;888;NA;NA;0.983108108108108;"No"
59;"59_F8";"F8";"B329_LIKE+F16";846;0.142800003;"F";"8";"n";69.6822;888;NA;NA;0.952702702702703;"No"
59;"59_F9";"F9";"B329_LIKE+F16";890;0.152500004;"F";"9";"n";69.6822;888;NA;NA;1.00225225225225;"No"
59;"59_G10";"G10";"B329_LIKE+F16";1026;0.1734;"G";"10";"n";69.6822;888;NA;NA;1.15540540540541;"No"
59;"59_G11";"G11";"B329_LIKE+F16";905;0.152600005;"G";"11";"n";69.6822;888;NA;NA;1.01914414414414;"No"
59;"59_G2";"G2";"B329_LIKE+F16";903;0.143700004;"G";"2";"n";69.6822;888;NA;NA;1.01689189189189;"No"
59;"59_G3";"G3";"B329_LIKE+F16";926;0.150399998;"G";"3";"n";69.6822;888;NA;NA;1.04279279279279;"No"
59;"59_G4";"G4";"B329_LIKE+F16";1048;0.171800002;"G";"4";"n";69.6822;888;NA;NA;1.18018018018018;"No"
59;"59_G5";"G5";"B329_LIKE+F16";1022;0.159500003;"G";"5";"n";69.6822;888;NA;NA;1.1509009009009;"No"
59;"59_G6";"G6";"B329_LIKE+F16";1066;0.170100003;"G";"6";"n";69.6822;888;NA;NA;1.20045045045045;"No"
59;"59_G7";"G7";"B329_LIKE+F16";1089;0.175099999;"G";"7";"n";69.6822;888;NA;NA;1.22635135135135;"No"
59;"59_G8";"G8";"B329_LIKE+F16";1065;0.170200005;"G";"8";"n";69.6822;888;NA;NA;1.19932432432432;"No"
59;"59_G9";"G9";"B329_LIKE+F16";900;0.153699994;"G";"9";"n";69.6822;888;NA;NA;1.01351351351351;"No"
60;"60_B10";"B10";"B329_LIKE+F16";866;0.160899997;"B";"10";"n";99.3342;878;NA;NA;0.986332574031891;"No"
60;"60_B11";"B11";"B329_LIKE+F16";926;0.171100006;"B";"11";"n";99.3342;878;NA;NA;1.05466970387244;"No"
60;"60_B2";"B2";"B329_LIKE+F16";796;0.134000003;"B";"2";"n";99.3342;878;NA;NA;0.906605922551253;"No"
60;"60_B3";"B3";"B329_LIKE+F16";798;0.134100005;"B";"3";"n";99.3342;878;NA;NA;0.908883826879271;"No"
60;"60_B4";"B4";"B329_LIKE+F16";834;0.137700006;"B";"4";"n";99.3342;878;NA;NA;0.949886104783599;"No"
60;"60_B5";"B5";"B329_LIKE+F16";774;0.136999995;"B";"5";"n";99.3342;878;NA;NA;0.881548974943052;"No"
60;"60_B6";"B6";"B329_LIKE+F16";900;0.158600003;"B";"6";"n";99.3342;878;NA;NA;1.0250569476082;"No"
60;"60_B7";"B7";"B329_LIKE+F16";773;0.136600003;"B";"7";"n";99.3342;878;NA;NA;0.880410022779043;"No"
60;"60_B8";"B8";"B329_LIKE+F16";779;0.152199998;"B";"8";"n";99.3342;878;NA;NA;0.887243735763098;"No"
60;"60_B9";"B9";"B329_LIKE+F16";838;0.184499994;"B";"9";"n";99.3342;878;NA;NA;0.954441913439636;"No"
60;"60_C10";"C10";"B329_LIKE+F16";804;0.143700004;"C";"10";"n";99.3342;878;NA;NA;0.915717539863326;"No"
60;"60_C11";"C11";"B329_LIKE+F16";852;0.176200002;"C";"11";"n";99.3342;878;NA;NA;0.970387243735763;"No"
60;"60_C2";"C2";"B329_LIKE+F16";869;0.142700002;"C";"2";"n";99.3342;878;NA;NA;0.989749430523918;"No"
60;"60_C3";"C3";"B329_LIKE+F16";822;0.137199998;"C";"3";"n";99.3342;878;NA;NA;0.93621867881549;"No"
60;"60_C4";"C4";"B329_LIKE+F16";791;0.131999999;"C";"4";"n";99.3342;878;NA;NA;0.900911161731207;"No"
60;"60_C5";"C5";"B329_LIKE+F16";829;0.140200004;"C";"5";"n";99.3342;878;NA;NA;0.944191343963554;"No"
60;"60_C6";"C6";"B329_LIKE+F16";838;0.143299997;"C";"6";"n";99.3342;878;NA;NA;0.954441913439636;"No"
60;"60_C7";"C7";"B329_LIKE+F16";838;0.143099993;"C";"7";"n";99.3342;878;NA;NA;0.954441913439636;"No"
60;"60_C8";"C8";"B329_LIKE+F16";786;0.135100007;"C";"8";"n";99.3342;878;NA;NA;0.895216400911162;"No"
60;"60_C9";"C9";"B329_LIKE+F16";810;0.139699996;"C";"9";"n";99.3342;878;NA;NA;0.92255125284738;"No"
60;"60_D10";"D10";"B329_LIKE+F16";788;0.135700002;"D";"10";"n";99.3342;878;NA;NA;0.89749430523918;"No"
60;"60_D11";"D11";"B329_LIKE+F16";807;0.1373;"D";"11";"n";99.3342;878;NA;NA;0.919134396355353;"No"
60;"60_D2";"D2";"B329_LIKE+F16";818;0.137700006;"D";"2";"n";99.3342;878;NA;NA;0.931662870159453;"No"
60;"60_D3";"D3";"B329_LIKE+F16";905;0.159500003;"D";"3";"n";99.3342;878;NA;NA;1.03075170842825;"No"
60;"60_D4";"D4";"B329_LIKE+F16";812;0.137899995;"D";"4";"n";99.3342;878;NA;NA;0.924829157175399;"No"
60;"60_D5";"D5";"B329_LIKE+F16";840;0.196099997;"D";"5";"n";99.3342;878;NA;NA;0.956719817767654;"No"
60;"60_D6";"D6";"B329_LIKE+F16";837;0.171100006;"D";"6";"n";99.3342;878;NA;NA;0.953302961275626;"No"
60;"60_D7";"D7";"B329_LIKE+F16";869;0.164800003;"D";"7";"n";99.3342;878;NA;NA;0.989749430523918;"No"
60;"60_D8";"D8";"B329_LIKE+F16";908;0.151800007;"D";"8";"n";99.3342;878;NA;NA;1.03416856492027;"No"
60;"60_D9";"D9";"B329_LIKE+F16";892;0.199399993;"D";"9";"n";99.3342;878;NA;NA;1.01594533029613;"No"
60;"60_E10";"E10";"B329_LIKE+F16";882;0.151299998;"E";"10";"n";99.3342;878;NA;NA;1.00455580865604;"No"
60;"60_E11";"E11";"B329_LIKE+F16";820;0.143700004;"E";"11";"n";99.3342;878;NA;NA;0.933940774487471;"No"
60;"60_E2";"E2";"B329_LIKE+F16";977;0.162599996;"E";"2";"n";99.3342;878;NA;NA;1.1127562642369;"No"
60;"60_E3";"E3";"B329_LIKE+F16";981;0.165600002;"E";"3";"n";99.3342;878;NA;NA;1.11731207289294;"No"
60;"60_E4";"E4";"B329_LIKE+F16";948;0.155599996;"E";"4";"n";99.3342;878;NA;NA;1.07972665148064;"No"
60;"60_E5";"E5";"B329_LIKE+F16";865;0.148699999;"E";"5";"n";99.3342;878;NA;NA;0.985193621867882;"No"
60;"60_E6";"E6";"B329_LIKE+F16";996;0.156800002;"E";"6";"n";99.3342;878;NA;NA;1.13439635535308;"No"
60;"60_E7";"E7";"B329_LIKE+F16";983;0.157900006;"E";"7";"n";99.3342;878;NA;NA;1.11958997722096;"No"
60;"60_E8";"E8";"B329_LIKE+F16";1022;0.164100006;"E";"8";"n";99.3342;878;NA;NA;1.16400911161731;"No"
60;"60_E9";"E9";"B329_LIKE+F16";929;0.170300007;"E";"9";"n";99.3342;878;NA;NA;1.05808656036446;"No"
60;"60_F10";"F10";"B329_LIKE+F16";968;0.159799993;"F";"10";"n";99.3342;878;NA;NA;1.10250569476082;"No"
60;"60_F11";"F11";"B329_LIKE+F16";877;0.156100005;"F";"11";"n";99.3342;878;NA;NA;0.998861047835991;"No"
60;"60_F2";"F2";"B329_LIKE+F16";985;0.162100002;"F";"2";"n";99.3342;878;NA;NA;1.12186788154897;"No"
60;"60_F3";"F3";"B329_LIKE+F16";931;0.159799993;"F";"3";"n";99.3342;878;NA;NA;1.06036446469248;"No"
60;"60_F4";"F4";"B329_LIKE+F16";1086;0.174899995;"F";"4";"n";99.3342;878;NA;NA;1.2369020501139;"No"
60;"60_F5";"F5";"B329_LIKE+F16";920;0.154200003;"F";"5";"n";99.3342;878;NA;NA;1.04783599088838;"No"
60;"60_F6";"F6";"B329_LIKE+F16";881;0.153300002;"F";"6";"n";99.3342;878;NA;NA;1.00341685649203;"No"
60;"60_F7";"F7";"B329_LIKE+F16";949;0.1558;"F";"7";"n";99.3342;878;NA;NA;1.08086560364465;"No"
60;"60_F8";"F8";"B329_LIKE+F16";919;0.148499995;"F";"8";"n";99.3342;878;NA;NA;1.04669703872437;"No"
60;"60_F9";"F9";"B329_LIKE+F16";926;0.160699993;"F";"9";"n";99.3342;878;NA;NA;1.05466970387244;"No"
60;"60_G10";"G10";"B329_LIKE+F16";915;0.154300004;"G";"10";"n";99.3342;878;NA;NA;1.04214123006834;"No"
60;"60_G11";"G11";"B329_LIKE+F16";985;0.159899995;"G";"11";"n";99.3342;878;NA;NA;1.12186788154897;"No"
60;"60_G2";"G2";"B329_LIKE+F16";902;0.159899995;"G";"2";"n";99.3342;878;NA;NA;1.02733485193622;"No"
60;"60_G3";"G3";"B329_LIKE+F16";1059;0.1743;"G";"3";"n";99.3342;878;NA;NA;1.20615034168565;"No"
60;"60_G4";"G4";"B329_LIKE+F16";953;0.155599996;"G";"4";"n";99.3342;878;NA;NA;1.08542141230068;"No"
60;"60_G5";"G5";"B329_LIKE+F16";984;0.157100007;"G";"5";"n";99.3342;878;NA;NA;1.12072892938497;"No"
60;"60_G6";"G6";"B329_LIKE+F16";918;0.145699993;"G";"6";"n";99.3342;878;NA;NA;1.04555808656036;"No"
60;"60_G7";"G7";"B329_LIKE+F16";958;0.149399996;"G";"7";"n";99.3342;878;NA;NA;1.09111617312073;"No"
60;"60_G8";"G8";"B329_LIKE+F16";1000;0.160699993;"G";"8";"n";99.3342;878;NA;NA;1.13895216400911;"No"
60;"60_G9";"G9";"B329_LIKE+F16";951;0.158500001;"G";"9";"n";99.3342;878;NA;NA;1.08314350797267;"No"
61;"61_B10";"B10";"B329_LIKE+F16";814;0.146500006;"B";"10";"n";57.0801;857.5;NA;NA;0.949271137026239;"No"
61;"61_B11";"B11";"B329_LIKE+F16";1064;0.170499995;"B";"11";"n";57.0801;857.5;NA;NA;1.24081632653061;"No"
61;"61_B2";"B2";"B329_LIKE+F16";849;0.149599999;"B";"2";"n";57.0801;857.5;NA;NA;0.990087463556851;"No"
61;"61_B3";"B3";"B329_LIKE+F16";772;0.140900001;"B";"3";"n";57.0801;857.5;NA;NA;0.900291545189504;"No"
61;"61_B4";"B4";"B329_LIKE+F16";858;0.153099999;"B";"4";"n";57.0801;857.5;NA;NA;1.00058309037901;"No"
61;"61_B5";"B5";"B329_LIKE+F16";913;0.1567;"B";"5";"n";57.0801;857.5;NA;NA;1.06472303206997;"No"
61;"61_B7";"B7";"B329_LIKE+F16";828;0.141299993;"B";"7";"n";57.0801;857.5;NA;NA;0.965597667638484;"No"
61;"61_B8";"B8";"B329_LIKE+F16";881;0.148800001;"B";"8";"n";57.0801;857.5;NA;NA;1.02740524781341;"No"
61;"61_B9";"B9";"B329_LIKE+F16";920;0.154699996;"B";"9";"n";57.0801;857.5;NA;NA;1.07288629737609;"No"
61;"61_C10";"C10";"B329_LIKE+F16";867;0.152799994;"C";"10";"n";57.0801;857.5;NA;NA;1.01107871720117;"No"
61;"61_C11";"C11";"B329_LIKE+F16";818;0.1514;"C";"11";"n";57.0801;857.5;NA;NA;0.953935860058309;"No"
61;"61_C2";"C2";"B329_LIKE+F16";821;0.145099998;"C";"2";"n";57.0801;857.5;NA;NA;0.957434402332362;"No"
61;"61_C3";"C3";"B329_LIKE+F16";1013;0.174899995;"C";"3";"n";57.0801;857.5;NA;NA;1.18134110787172;"No"
61;"61_C4";"C4";"B329_LIKE+F16";801;0.1391;"C";"4";"n";57.0801;857.5;NA;NA;0.934110787172012;"No"
61;"61_C5";"C5";"B329_LIKE+F16";923;0.1523;"C";"5";"n";57.0801;857.5;NA;NA;1.07638483965015;"No"
61;"61_C6";"C6";"B329_LIKE+F16";873;0.144199997;"C";"6";"n";57.0801;857.5;NA;NA;1.01807580174927;"No"
61;"61_C7";"C7";"B329_LIKE+F16";847;0.140100002;"C";"7";"n";57.0801;857.5;NA;NA;0.987755102040816;"No"
61;"61_C8";"C8";"B329_LIKE+F16";900;0.148699999;"C";"8";"n";57.0801;857.5;NA;NA;1.04956268221574;"No"
61;"61_C9";"C9";"B329_LIKE+F16";808;0.146200001;"C";"9";"n";57.0801;857.5;NA;NA;0.942274052478134;"No"
61;"61_D10";"D10";"B329_LIKE+F16";870;0.157399997;"D";"10";"n";57.0801;857.5;NA;NA;1.01457725947522;"No"
61;"61_D11";"D11";"B329_LIKE+F16";969;0.172099993;"D";"11";"n";57.0801;857.5;NA;NA;1.13002915451895;"No"
61;"61_D2";"D2";"B329_LIKE+F16";761;0.124200001;"D";"2";"n";57.0801;857.5;NA;NA;0.887463556851312;"No"
61;"61_D3";"D3";"B329_LIKE+F16";811;0.135000005;"D";"3";"n";57.0801;857.5;NA;NA;0.945772594752187;"No"
61;"61_D4";"D4";"B329_LIKE+F16";834;0.144299999;"D";"4";"n";57.0801;857.5;NA;NA;0.972594752186589;"No"
61;"61_D5";"D5";"B329_LIKE+F16";820;0.144999996;"D";"5";"n";57.0801;857.5;NA;NA;0.956268221574344;"No"
61;"61_D6";"D6";"B329_LIKE+F16";868;0.149200007;"D";"6";"n";57.0801;857.5;NA;NA;1.01224489795918;"No"
61;"61_D7";"D7";"B329_LIKE+F16";776;0.136000007;"D";"7";"n";57.0801;857.5;NA;NA;0.904956268221574;"No"
61;"61_D8";"D8";"B329_LIKE+F16";868;0.151099995;"D";"8";"n";57.0801;857.5;NA;NA;1.01224489795918;"No"
61;"61_D9";"D9";"B329_LIKE+F16";827;0.147100002;"D";"9";"n";57.0801;857.5;NA;NA;0.964431486880466;"No"
61;"61_E10";"E10";"B329_LIKE+F16";899;0.146599993;"E";"10";"n";57.0801;857.5;NA;NA;1.04839650145773;"No"
61;"61_E11";"E11";"B329_LIKE+F16";822;0.151099995;"E";"11";"n";57.0801;857.5;NA;NA;0.958600583090379;"No"
61;"61_E2";"E2";"B329_LIKE+F16";847;0.144400001;"E";"2";"n";57.0801;857.5;NA;NA;0.987755102040816;"No"
61;"61_E3";"E3";"B329_LIKE+F16";890;0.157199994;"E";"3";"n";57.0801;857.5;NA;NA;1.03790087463557;"No"
61;"61_E4";"E4";"B329_LIKE+F16";840;0.145799994;"E";"4";"n";57.0801;857.5;NA;NA;0.979591836734694;"No"
61;"61_E5";"E5";"B329_LIKE+F16";857;0.140699998;"E";"5";"n";57.0801;857.5;NA;NA;0.999416909620991;"No"
61;"61_E6";"E6";"B329_LIKE+F16";833;0.143800005;"E";"6";"n";57.0801;857.5;NA;NA;0.971428571428571;"No"
61;"61_E7";"E7";"B329_LIKE+F16";866;0.143900007;"E";"7";"n";57.0801;857.5;NA;NA;1.00991253644315;"No"
61;"61_E8";"E8";"B329_LIKE+F16";822;0.144600004;"E";"8";"n";57.0801;857.5;NA;NA;0.958600583090379;"No"
61;"61_E9";"E9";"B329_LIKE+F16";824;0.150099993;"E";"9";"n";57.0801;857.5;NA;NA;0.960932944606414;"No"
61;"61_F10";"F10";"B329_LIKE+F16";998;0.179199994;"F";"10";"n";57.0801;857.5;NA;NA;1.16384839650146;"No"
61;"61_F11";"F11";"B329_LIKE+F16";983;0.171200007;"F";"11";"n";57.0801;857.5;NA;NA;1.1463556851312;"No"
61;"61_F2";"F2";"B329_LIKE+F16";901;0.155200005;"F";"2";"n";57.0801;857.5;NA;NA;1.05072886297376;"No"
61;"61_F3";"F3";"B329_LIKE+F16";891;0.1558;"F";"3";"n";57.0801;857.5;NA;NA;1.03906705539359;"No"
61;"61_F4";"F4";"B329_LIKE+F16";923;0.158399999;"F";"4";"n";57.0801;857.5;NA;NA;1.07638483965015;"No"
61;"61_F5";"F5";"B329_LIKE+F16";870;0.147200003;"F";"5";"n";57.0801;857.5;NA;NA;1.01457725947522;"No"
61;"61_F6";"F6";"B329_LIKE+F16";938;0.162499994;"F";"6";"n";57.0801;857.5;NA;NA;1.09387755102041;"No"
61;"61_F7";"F7";"B329_LIKE+F16";905;0.153899997;"F";"7";"n";57.0801;857.5;NA;NA;1.05539358600583;"No"
61;"61_F8";"F8";"B329_LIKE+F16";996;0.166199997;"F";"8";"n";57.0801;857.5;NA;NA;1.16151603498542;"No"
61;"61_F9";"F9";"B329_LIKE+F16";1023;0.170000002;"F";"9";"n";57.0801;857.5;NA;NA;1.1930029154519;"No"
61;"61_G10";"G10";"B329_LIKE+F16";850;0.146500006;"G";"10";"n";57.0801;857.5;NA;NA;0.991253644314869;"No"
61;"61_G11";"G11";"B329_LIKE+F16";828;0.144600004;"G";"11";"n";57.0801;857.5;NA;NA;0.965597667638484;"No"
61;"61_G2";"G2";"B329_LIKE+F16";798;0.1391;"G";"2";"n";57.0801;857.5;NA;NA;0.930612244897959;"No"
61;"61_G3";"G3";"B329_LIKE+F16";788;0.137799993;"G";"3";"n";57.0801;857.5;NA;NA;0.918950437317784;"No"
61;"61_G4";"G4";"B329_LIKE+F16";925;0.153999999;"G";"4";"n";57.0801;857.5;NA;NA;1.07871720116618;"No"
61;"61_G5";"G5";"B329_LIKE+F16";769;0.128299996;"G";"5";"n";57.0801;857.5;NA;NA;0.896793002915452;"No"
61;"61_G6";"G6";"B329_LIKE+F16";829;0.1373;"G";"6";"n";57.0801;857.5;NA;NA;0.966763848396501;"No"
61;"61_G7";"G7";"B329_LIKE+F16";1394;0.174500003;"G";"7";"n";57.0801;857.5;NA;NA;1.62565597667638;"No"
61;"61_G8";"G8";"B329_LIKE+F16";817;0.138999999;"G";"8";"n";57.0801;857.5;NA;NA;0.952769679300292;"No"
61;"61_G9";"G9";"B329_LIKE+F16";830;0.141900003;"G";"9";"n";57.0801;857.5;NA;NA;0.967930029154519;"No"
62;"62_B10";"B10";"B329_LIKE+F16";902;0.150700003;"B";"10";"n";71.1648;867.5;NA;NA;1.03976945244957;"No"
62;"62_B11";"B11";"B329_LIKE+F16";1044;0.177200004;"B";"11";"n";71.1648;867.5;NA;NA;1.20345821325648;"No"
62;"62_B2";"B2";"B329_LIKE+F16";879;0.145400003;"B";"2";"n";71.1648;867.5;NA;NA;1.01325648414986;"No"
62;"62_B3";"B3";"B329_LIKE+F16";901;0.147;"B";"3";"n";71.1648;867.5;NA;NA;1.03861671469741;"No"
62;"62_B4";"B4";"B329_LIKE+F16";1001;0.1523;"B";"4";"n";71.1648;867.5;NA;NA;1.15389048991354;"No"
62;"62_B5";"B5";"B329_LIKE+F16";911;0.150800005;"B";"5";"n";71.1648;867.5;NA;NA;1.05014409221902;"No"
62;"62_B6";"B6";"B329_LIKE+F16";836;0.145500004;"B";"6";"n";71.1648;867.5;NA;NA;0.963688760806916;"No"
62;"62_B7";"B7";"B329_LIKE+F16";850;0.143399999;"B";"7";"n";71.1648;867.5;NA;NA;0.979827089337176;"No"
62;"62_B8";"B8";"B329_LIKE+F16";876;0.151999995;"B";"8";"n";71.1648;867.5;NA;NA;1.00979827089337;"No"
62;"62_B9";"B9";"B329_LIKE+F16";979;0.165399998;"B";"9";"n";71.1648;867.5;NA;NA;1.12853025936599;"No"
62;"62_C10";"C10";"B329_LIKE+F16";795;0.140699998;"C";"10";"n";71.1648;867.5;NA;NA;0.9164265129683;"No"
62;"62_C11";"C11";"B329_LIKE+F16";826;0.144899994;"C";"11";"n";71.1648;867.5;NA;NA;0.952161383285303;"No"
62;"62_C2";"C2";"B329_LIKE+F16";787;0.135900006;"C";"2";"n";71.1648;867.5;NA;NA;0.907204610951009;"No"
62;"62_C3";"C3";"B329_LIKE+F16";1054;0.160600007;"C";"3";"n";71.1648;867.5;NA;NA;1.2149855907781;"No"
62;"62_C4";"C4";"B329_LIKE+F16";809;0.142399997;"C";"4";"n";71.1648;867.5;NA;NA;0.932564841498559;"No"
62;"62_C5";"C5";"B329_LIKE+F16";810;0.134800002;"C";"5";"n";71.1648;867.5;NA;NA;0.93371757925072;"No"
62;"62_C6";"C6";"B329_LIKE+F16";806;0.137099996;"C";"6";"n";71.1648;867.5;NA;NA;0.929106628242075;"No"
62;"62_C7";"C7";"B329_LIKE+F16";791;0.143099993;"C";"7";"n";71.1648;867.5;NA;NA;0.911815561959654;"No"
62;"62_C8";"C8";"B329_LIKE+F16";1053;0.140900001;"C";"8";"n";71.1648;867.5;NA;NA;1.21383285302594;"No"
62;"62_C9";"C9";"B329_LIKE+F16";897;0.150199994;"C";"9";"n";71.1648;867.5;NA;NA;1.03400576368876;"No"
62;"62_D10";"D10";"B329_LIKE+F16";893;0.146300003;"D";"10";"n";71.1648;867.5;NA;NA;1.02939481268012;"No"
62;"62_D11";"D11";"B329_LIKE+F16";867;0.151800007;"D";"11";"n";71.1648;867.5;NA;NA;0.999423631123919;"No"
62;"62_D2";"D2";"B329_LIKE+F16";867;0.146699995;"D";"2";"n";71.1648;867.5;NA;NA;0.999423631123919;"No"
62;"62_D3";"D3";"B329_LIKE+F16";830;0.140400007;"D";"3";"n";71.1648;867.5;NA;NA;0.956772334293948;"No"
62;"62_D4";"D4";"B329_LIKE+F16";844;0.140499994;"D";"4";"n";71.1648;867.5;NA;NA;0.972910662824207;"No"
62;"62_D5";"D5";"B329_LIKE+F16";857;0.141000003;"D";"5";"n";71.1648;867.5;NA;NA;0.987896253602305;"No"
62;"62_D6";"D6";"B329_LIKE+F16";861;0.149700001;"D";"6";"n";71.1648;867.5;NA;NA;0.992507204610951;"No"
62;"62_D7";"D7";"B329_LIKE+F16";886;0.148200005;"D";"7";"n";71.1648;867.5;NA;NA;1.02132564841499;"No"
62;"62_D8";"D8";"B329_LIKE+F16";977;0.161300004;"D";"8";"n";71.1648;867.5;NA;NA;1.12622478386167;"No"
62;"62_D9";"D9";"B329_LIKE+F16";910;0.155100003;"D";"9";"n";71.1648;867.5;NA;NA;1.04899135446686;"No"
62;"62_E10";"E10";"B329_LIKE+F16";897;0.152500004;"E";"10";"n";71.1648;867.5;NA;NA;1.03400576368876;"No"
62;"62_E11";"E11";"B329_LIKE+F16";868;0.151600003;"E";"11";"n";71.1648;867.5;NA;NA;1.00057636887608;"No"
62;"62_E2";"E2";"B329_LIKE+F16";854;0.156299993;"E";"2";"n";71.1648;867.5;NA;NA;0.984438040345821;"No"
62;"62_E3";"E3";"B329_LIKE+F16";871;0.149200007;"E";"3";"n";71.1648;867.5;NA;NA;1.00403458213256;"No"
62;"62_E4";"E4";"B329_LIKE+F16";904;0.149299994;"E";"4";"n";71.1648;867.5;NA;NA;1.04207492795389;"No"
62;"62_E5";"E5";"B329_LIKE+F16";829;0.141000003;"E";"5";"n";71.1648;867.5;NA;NA;0.955619596541787;"No"
62;"62_E6";"E6";"B329_LIKE+F16";911;0.150199994;"E";"6";"n";71.1648;867.5;NA;NA;1.05014409221902;"No"
62;"62_E7";"E7";"B329_LIKE+F16";821;0.142900005;"E";"7";"n";71.1648;867.5;NA;NA;0.946397694524496;"No"
62;"62_E8";"E8";"B329_LIKE+F16";836;0.135700002;"E";"8";"n";71.1648;867.5;NA;NA;0.963688760806916;"No"
62;"62_E9";"E9";"B329_LIKE+F16";841;0.144099995;"E";"9";"n";71.1648;867.5;NA;NA;0.969452449567723;"No"
62;"62_F10";"F10";"B329_LIKE+F16";773;0.138600007;"F";"10";"n";71.1648;867.5;NA;NA;0.891066282420749;"No"
62;"62_F11";"F11";"B329_LIKE+F16";876;0.141200006;"F";"11";"n";71.1648;867.5;NA;NA;1.00979827089337;"No"
62;"62_F2";"F2";"B329_LIKE+F16";842;0.141499996;"F";"2";"n";71.1648;867.5;NA;NA;0.970605187319885;"No"
62;"62_F3";"F3";"B329_LIKE+F16";987;0.150800005;"F";"3";"n";71.1648;867.5;NA;NA;1.13775216138329;"No"
62;"62_F4";"F4";"B329_LIKE+F16";799;0.1391;"F";"4";"n";71.1648;867.5;NA;NA;0.921037463976945;"No"
62;"62_F5";"F5";"B329_LIKE+F16";873;0.149399996;"F";"5";"n";71.1648;867.5;NA;NA;1.00634005763689;"No"
62;"62_F6";"F6";"B329_LIKE+F16";818;0.142100006;"F";"6";"n";71.1648;867.5;NA;NA;0.942939481268012;"No"
62;"62_F7";"F7";"B329_LIKE+F16";835;0.1391;"F";"7";"n";71.1648;867.5;NA;NA;0.962536023054755;"No"
62;"62_F8";"F8";"B329_LIKE+F16";809;0.136199996;"F";"8";"n";71.1648;867.5;NA;NA;0.932564841498559;"No"
62;"62_F9";"F9";"B329_LIKE+F16";801;0.136199996;"F";"9";"n";71.1648;867.5;NA;NA;0.923342939481268;"No"
62;"62_G10";"G10";"B329_LIKE+F16";1042;0.1611;"G";"10";"n";71.1648;867.5;NA;NA;1.20115273775216;"No"
62;"62_G11";"G11";"B329_LIKE+F16";983;0.165800005;"G";"11";"n";71.1648;867.5;NA;NA;1.13314121037464;"No"
62;"62_G2";"G2";"B329_LIKE+F16";877;0.147799999;"G";"2";"n";71.1648;867.5;NA;NA;1.01095100864553;"No"
62;"62_G3";"G3";"B329_LIKE+F16";921;0.155599996;"G";"3";"n";71.1648;867.5;NA;NA;1.06167146974063;"No"
62;"62_G4";"G4";"B329_LIKE+F16";1007;0.156499997;"G";"4";"n";71.1648;867.5;NA;NA;1.16080691642651;"No"
62;"62_G5";"G5";"B329_LIKE+F16";1058;0.165999994;"G";"5";"n";71.1648;867.5;NA;NA;1.21959654178674;"No"
62;"62_G6";"G6";"B329_LIKE+F16";983;0.169699997;"G";"6";"n";71.1648;867.5;NA;NA;1.13314121037464;"No"
62;"62_G7";"G7";"B329_LIKE+F16";949;0.156200007;"G";"7";"n";71.1648;867.5;NA;NA;1.09394812680115;"No"
62;"62_G8";"G8";"B329_LIKE+F16";1047;0.163000003;"G";"8";"n";71.1648;867.5;NA;NA;1.20691642651297;"No"
62;"62_G9";"G9";"B329_LIKE+F16";987;0.158399999;"G";"9";"n";71.1648;867.5;NA;NA;1.13775216138329;"No"
63;"63_B10";"B10";"B329_LIKE+F16";845;0.157399997;"B";"10";"n";101.5581;856;NA;NA;0.98714953271028;"No"
63;"63_B11";"B11";"B329_LIKE+F16";925;0.158399999;"B";"11";"n";101.5581;856;NA;NA;1.08060747663551;"No"
63;"63_B2";"B2";"B329_LIKE+F16";951;0.1664;"B";"2";"n";101.5581;856;NA;NA;1.11098130841122;"No"
63;"63_B3";"B3";"B329_LIKE+F16";928;0.160899997;"B";"3";"n";101.5581;856;NA;NA;1.08411214953271;"No"
63;"63_B4";"B4";"B329_LIKE+F16";865;0.154200003;"B";"4";"n";101.5581;856;NA;NA;1.01051401869159;"No"
63;"63_B5";"B5";"B329_LIKE+F16";859;0.158600003;"B";"5";"n";101.5581;856;NA;NA;1.0035046728972;"No"
63;"63_B6";"B6";"B329_LIKE+F16";909;0.155399993;"B";"6";"n";101.5581;856;NA;NA;1.06191588785047;"No"
63;"63_B7";"B7";"B329_LIKE+F16";894;0.155000001;"B";"7";"n";101.5581;856;NA;NA;1.04439252336449;"No"
63;"63_B8";"B8";"B329_LIKE+F16";818;0.153699994;"B";"8";"n";101.5581;856;NA;NA;0.955607476635514;"No"
63;"63_B9";"B9";"B329_LIKE+F16";888;0.158399999;"B";"9";"n";101.5581;856;NA;NA;1.03738317757009;"No"
63;"63_C10";"C10";"B329_LIKE+F16";728;0.139400005;"C";"10";"n";101.5581;856;NA;NA;0.850467289719626;"No"
63;"63_C11";"C11";"B329_LIKE+F16";849;0.153899997;"C";"11";"n";101.5581;856;NA;NA;0.991822429906542;"No"
63;"63_C2";"C2";"B329_LIKE+F16";803;0.144299999;"C";"2";"n";101.5581;856;NA;NA;0.938084112149533;"No"
63;"63_C3";"C3";"B329_LIKE+F16";815;0.148599997;"C";"3";"n";101.5581;856;NA;NA;0.952102803738318;"No"
63;"63_C4";"C4";"B329_LIKE+F16";851;0.155699998;"C";"4";"n";101.5581;856;NA;NA;0.994158878504673;"No"
63;"63_C5";"C5";"B329_LIKE+F16";707;0.133900002;"C";"5";"n";101.5581;856;NA;NA;0.825934579439252;"No"
63;"63_C6";"C6";"B329_LIKE+F16";751;0.141800001;"C";"6";"n";101.5581;856;NA;NA;0.877336448598131;"No"
63;"63_C7";"C7";"B329_LIKE+F16";823;0.144999996;"C";"7";"n";101.5581;856;NA;NA;0.961448598130841;"No"
63;"63_C8";"C8";"B329_LIKE+F16";829;0.151999995;"C";"8";"n";101.5581;856;NA;NA;0.968457943925234;"No"
63;"63_C9";"C9";"B329_LIKE+F16";833;0.198300004;"C";"9";"n";101.5581;856;NA;NA;0.973130841121495;"No"
63;"63_D10";"D10";"B329_LIKE+F16";927;0.165800005;"D";"10";"n";101.5581;856;NA;NA;1.08294392523364;"No"
63;"63_D11";"D11";"B329_LIKE+F16";1048;0.176899999;"D";"11";"n";101.5581;856;NA;NA;1.22429906542056;"No"
63;"63_D2";"D2";"B329_LIKE+F16";1071;0.171700001;"D";"2";"n";101.5581;856;NA;NA;1.25116822429907;"No"
63;"63_D3";"D3";"B329_LIKE+F16";907;0.163599998;"D";"3";"n";101.5581;856;NA;NA;1.05957943925234;"No"
63;"63_D4";"D4";"B329_LIKE+F16";1278;0.168599993;"D";"4";"n";101.5581;856;NA;NA;1.49299065420561;"No"
63;"63_D5";"D5";"B329_LIKE+F16";824;0.149499997;"D";"5";"n";101.5581;856;NA;NA;0.962616822429907;"No"
63;"63_D6";"D6";"B329_LIKE+F16";896;0.163100004;"D";"6";"n";101.5581;856;NA;NA;1.04672897196262;"No"
63;"63_D7";"D7";"B329_LIKE+F16";980;0.162499994;"D";"7";"n";101.5581;856;NA;NA;1.14485981308411;"No"
63;"63_D8";"D8";"B329_LIKE+F16";927;0.255699992;"D";"8";"n";101.5581;856;NA;NA;1.08294392523364;"No"
63;"63_D9";"D9";"B329_LIKE+F16";882;0.158199996;"D";"9";"n";101.5581;856;NA;NA;1.0303738317757;"No"
63;"63_E10";"E10";"B329_LIKE+F16";837;0.151700005;"E";"10";"n";101.5581;856;NA;NA;0.977803738317757;"No"
63;"63_E11";"E11";"B329_LIKE+F16";756;0.143299997;"E";"11";"n";101.5581;856;NA;NA;0.883177570093458;"No"
63;"63_E2";"E2";"B329_LIKE+F16";921;0.1602;"E";"2";"n";101.5581;856;NA;NA;1.07593457943925;"No"
63;"63_E3";"E3";"B329_LIKE+F16";823;0.1505;"E";"3";"n";101.5581;856;NA;NA;0.961448598130841;"No"
63;"63_E4";"E4";"B329_LIKE+F16";799;0.149700001;"E";"4";"n";101.5581;856;NA;NA;0.933411214953271;"No"
63;"63_E5";"E5";"B329_LIKE+F16";783;0.141000003;"E";"5";"n";101.5581;856;NA;NA;0.914719626168224;"No"
63;"63_E6";"E6";"B329_LIKE+F16";804;0.145799994;"E";"6";"n";101.5581;856;NA;NA;0.939252336448598;"No"
63;"63_E7";"E7";"B329_LIKE+F16";805;0.145999998;"E";"7";"n";101.5581;856;NA;NA;0.940420560747664;"No"
63;"63_E8";"E8";"B329_LIKE+F16";771;0.174600005;"E";"8";"n";101.5581;856;NA;NA;0.900700934579439;"No"
63;"63_E9";"E9";"B329_LIKE+F16";804;0.146500006;"E";"9";"n";101.5581;856;NA;NA;0.939252336448598;"No"
63;"63_F10";"F10";"B329_LIKE+F16";909;0.157900006;"F";"10";"n";101.5581;856;NA;NA;1.06191588785047;"No"
63;"63_F11";"F11";"B329_LIKE+F16";869;0.154499993;"F";"11";"n";101.5581;856;NA;NA;1.01518691588785;"No"
63;"63_F2";"F2";"B329_LIKE+F16";751;0.136700004;"F";"2";"n";101.5581;856;NA;NA;0.877336448598131;"No"
63;"63_F3";"F3";"B329_LIKE+F16";768;0.141299993;"F";"3";"n";101.5581;856;NA;NA;0.897196261682243;"No"
63;"63_F4";"F4";"B329_LIKE+F16";764;0.147100002;"F";"4";"n";101.5581;856;NA;NA;0.892523364485981;"No"
63;"63_F5";"F5";"B329_LIKE+F16";781;0.148200005;"F";"5";"n";101.5581;856;NA;NA;0.912383177570093;"No"
63;"63_F6";"F6";"B329_LIKE+F16";943;0.159799993;"F";"6";"n";101.5581;856;NA;NA;1.10163551401869;"No"
63;"63_F7";"F7";"B329_LIKE+F16";763;0.136899993;"F";"7";"n";101.5581;856;NA;NA;0.891355140186916;"No"
63;"63_F8";"F8";"B329_LIKE+F16";853;0.144800007;"F";"8";"n";101.5581;856;NA;NA;0.996495327102804;"No"
63;"63_F9";"F9";"B329_LIKE+F16";1002;0.176499993;"F";"9";"n";101.5581;856;NA;NA;1.17056074766355;"No"
63;"63_G10";"G10";"B329_LIKE+F16";887;0.161799997;"G";"10";"n";101.5581;856;NA;NA;1.03621495327103;"No"
63;"63_G11";"G11";"B329_LIKE+F16";975;0.163399994;"G";"11";"n";101.5581;856;NA;NA;1.13901869158878;"No"
63;"63_G2";"G2";"B329_LIKE+F16";793;0.146400005;"G";"2";"n";101.5581;856;NA;NA;0.926401869158878;"No"
63;"63_G3";"G3";"B329_LIKE+F16";880;0.156200007;"G";"3";"n";101.5581;856;NA;NA;1.02803738317757;"No"
63;"63_G4";"G4";"B329_LIKE+F16";769;0.142100006;"G";"4";"n";101.5581;856;NA;NA;0.898364485981308;"No"
63;"63_G5";"G5";"B329_LIKE+F16";799;0.143000007;"G";"5";"n";101.5581;856;NA;NA;0.933411214953271;"No"
63;"63_G6";"G6";"B329_LIKE+F16";945;0.213799998;"G";"6";"n";101.5581;856;NA;NA;1.10397196261682;"No"
63;"63_G7";"G7";"B329_LIKE+F16";842;0.149000004;"G";"7";"n";101.5581;856;NA;NA;0.983644859813084;"No"
63;"63_G8";"G8";"B329_LIKE+F16";1029;0.211400002;"G";"8";"n";101.5581;856;NA;NA;1.20210280373832;"No"
63;"63_G9";"G9";"B329_LIKE+F16";913;0.155100003;"G";"9";"n";101.5581;856;NA;NA;1.06658878504673;"No"
64;"64_B10";"B10";"B329_LIKE+F16";794;0.155699998;"B";"10";"n";127.5036;920;NA;NA;0.86304347826087;"No"
64;"64_B11";"B11";"B329_LIKE+F16";856;0.164700001;"B";"11";"n";127.5036;920;NA;NA;0.930434782608696;"No"
64;"64_B2";"B2";"B329_LIKE+F16";817;0.145300001;"B";"2";"n";127.5036;920;NA;NA;0.88804347826087;"No"
64;"64_B3";"B3";"B329_LIKE+F16";792;0.139500007;"B";"3";"n";127.5036;920;NA;NA;0.860869565217391;"No"
64;"64_B4";"B4";"B329_LIKE+F16";844;0.160799995;"B";"4";"n";127.5036;920;NA;NA;0.917391304347826;"No"
64;"64_B5";"B5";"B329_LIKE+F16";748;0.139400005;"B";"5";"n";127.5036;920;NA;NA;0.81304347826087;"No"
64;"64_B6";"B6";"B329_LIKE+F16";825;0.148599997;"B";"6";"n";127.5036;920;NA;NA;0.896739130434783;"No"
64;"64_B7";"B7";"B329_LIKE+F16";892;0.154100001;"B";"7";"n";127.5036;920;NA;NA;0.969565217391304;"No"
64;"64_B8";"B8";"B329_LIKE+F16";806;0.141399994;"B";"8";"n";127.5036;920;NA;NA;0.876086956521739;"No"
64;"64_B9";"B9";"B329_LIKE+F16";795;0.146799996;"B";"9";"n";127.5036;920;NA;NA;0.864130434782609;"No"
64;"64_C10";"C10";"B329_LIKE+F16";844;0.163699999;"C";"10";"n";127.5036;920;NA;NA;0.917391304347826;"No"
64;"64_C11";"C11";"B329_LIKE+F16";919;0.168599993;"C";"11";"n";127.5036;920;NA;NA;0.998913043478261;"No"
64;"64_C2";"C2";"B329_LIKE+F16";959;0.161599994;"C";"2";"n";127.5036;920;NA;NA;1.04239130434783;"No"
64;"64_C3";"C3";"B329_LIKE+F16";908;0.166700006;"C";"3";"n";127.5036;920;NA;NA;0.98695652173913;"No"
64;"64_C4";"C4";"B329_LIKE+F16";887;0.158999994;"C";"4";"n";127.5036;920;NA;NA;0.964130434782609;"No"
64;"64_C6";"C6";"B329_LIKE+F16";904;0.153200001;"C";"6";"n";127.5036;920;NA;NA;0.982608695652174;"No"
64;"64_C7";"C7";"B329_LIKE+F16";891;0.164399996;"C";"7";"n";127.5036;920;NA;NA;0.968478260869565;"No"
64;"64_C8";"C8";"B329_LIKE+F16";962;0.157000005;"C";"8";"n";127.5036;920;NA;NA;1.04565217391304;"No"
64;"64_C9";"C9";"B329_LIKE+F16";890;0.167500004;"C";"9";"n";127.5036;920;NA;NA;0.967391304347826;"No"
64;"64_D10";"D10";"B329_LIKE+F16";834;0.158500001;"D";"10";"n";127.5036;920;NA;NA;0.906521739130435;"No"
64;"64_D11";"D11";"B329_LIKE+F16";864;0.156599998;"D";"11";"n";127.5036;920;NA;NA;0.939130434782609;"No"
64;"64_D2";"D2";"B329_LIKE+F16";941;0.1558;"D";"2";"n";127.5036;920;NA;NA;1.02282608695652;"No"
64;"64_D3";"D3";"B329_LIKE+F16";1034;0.199200004;"D";"3";"n";127.5036;920;NA;NA;1.12391304347826;"No"
64;"64_D4";"D4";"B329_LIKE+F16";986;0.152899995;"D";"4";"n";127.5036;920;NA;NA;1.07173913043478;"No"
64;"64_D5";"D5";"B329_LIKE+F16";760;0.138099998;"D";"5";"n";127.5036;920;NA;NA;0.826086956521739;"No"
64;"64_D6";"D6";"B329_LIKE+F16";772;0.140699998;"D";"6";"n";127.5036;920;NA;NA;0.839130434782609;"No"
64;"64_D7";"D7";"B329_LIKE+F16";890;0.152799994;"D";"7";"n";127.5036;920;NA;NA;0.967391304347826;"No"
64;"64_D8";"D8";"B329_LIKE+F16";840;0.152099997;"D";"8";"n";127.5036;920;NA;NA;0.91304347826087;"No"
64;"64_D9";"D9";"B329_LIKE+F16";851;0.160699993;"D";"9";"n";127.5036;920;NA;NA;0.925;"No"
64;"64_E10";"E10";"B329_LIKE+F16";1112;0.200100005;"E";"10";"n";127.5036;920;NA;NA;1.20869565217391;"No"
64;"64_E11";"E11";"B329_LIKE+F16";1194;0.202700004;"E";"11";"n";127.5036;920;NA;NA;1.29782608695652;"No"
64;"64_E2";"E2";"B329_LIKE+F16";784;0.161200002;"E";"2";"n";127.5036;920;NA;NA;0.852173913043478;"No"
64;"64_E3";"E3";"B329_LIKE+F16";909;0.155900002;"E";"3";"n";127.5036;920;NA;NA;0.98804347826087;"No"
64;"64_E4";"E4";"B329_LIKE+F16";871;0.152099997;"E";"4";"n";127.5036;920;NA;NA;0.946739130434783;"No"
64;"64_E5";"E5";"B329_LIKE+F16";728;0.142000005;"E";"5";"n";127.5036;920;NA;NA;0.791304347826087;"No"
64;"64_E6";"E6";"B329_LIKE+F16";882;0.158000007;"E";"6";"n";127.5036;920;NA;NA;0.958695652173913;"No"
64;"64_E7";"E7";"B329_LIKE+F16";895;0.166600004;"E";"7";"n";127.5036;920;NA;NA;0.972826086956522;"No"
64;"64_E8";"E8";"B329_LIKE+F16";1040;0.176300004;"E";"8";"n";127.5036;920;NA;NA;1.1304347826087;"No"
64;"64_E9";"E9";"B329_LIKE+F16";1092;0.189400002;"E";"9";"n";127.5036;920;NA;NA;1.18695652173913;"No"
64;"64_F10";"F10";"B329_LIKE+F16";1248;0.201900005;"F";"10";"n";127.5036;920;NA;NA;1.35652173913043;"No"
64;"64_F11";"F11";"B329_LIKE+F16";1183;0.198599994;"F";"11";"n";127.5036;920;NA;NA;1.28586956521739;"No"
64;"64_F2";"F2";"B329_LIKE+F16";875;0.152199998;"F";"2";"n";127.5036;920;NA;NA;0.951086956521739;"No"
64;"64_F3";"F3";"B329_LIKE+F16";885;0.156200007;"F";"3";"n";127.5036;920;NA;NA;0.96195652173913;"No"
64;"64_F4";"F4";"B329_LIKE+F16";850;0.158500001;"F";"4";"n";127.5036;920;NA;NA;0.923913043478261;"No"
64;"64_F5";"F5";"B329_LIKE+F16";938;0.163900003;"F";"5";"n";127.5036;920;NA;NA;1.0195652173913;"No"
64;"64_F6";"F6";"B329_LIKE+F16";1062;0.186100006;"F";"6";"n";127.5036;920;NA;NA;1.15434782608696;"No"
64;"64_F7";"F7";"B329_LIKE+F16";1028;0.180199996;"F";"7";"n";127.5036;920;NA;NA;1.11739130434783;"No"
64;"64_F8";"F8";"B329_LIKE+F16";1103;0.178900003;"F";"8";"n";127.5036;920;NA;NA;1.19891304347826;"No"
64;"64_F9";"F9";"B329_LIKE+F16";1084;0.187099993;"F";"9";"n";127.5036;920;NA;NA;1.17826086956522;"No"
64;"64_G10";"G10";"B329_LIKE+F16";1072;0.176200002;"G";"10";"n";127.5036;920;NA;NA;1.16521739130435;"No"
64;"64_G11";"G11";"B329_LIKE+F16";1006;0.166700006;"G";"11";"n";127.5036;920;NA;NA;1.09347826086957;"No"
64;"64_G2";"G2";"B329_LIKE+F16";883;0.149800003;"G";"2";"n";127.5036;920;NA;NA;0.959782608695652;"No"
64;"64_G3";"G3";"B329_LIKE+F16";949;0.167600006;"G";"3";"n";127.5036;920;NA;NA;1.03152173913043;"No"
64;"64_G4";"G4";"B329_LIKE+F16";884;0.156200007;"G";"4";"n";127.5036;920;NA;NA;0.960869565217391;"No"
64;"64_G5";"G5";"B329_LIKE+F16";1063;0.165299997;"G";"5";"n";127.5036;920;NA;NA;1.1554347826087;"No"
64;"64_G6";"G6";"B329_LIKE+F16";984;0.163699999;"G";"6";"n";127.5036;920;NA;NA;1.0695652173913;"No"
64;"64_G7";"G7";"B329_LIKE+F16";917;0.156399995;"G";"7";"n";127.5036;920;NA;NA;0.996739130434783;"No"
64;"64_G8";"G8";"B329_LIKE+F16";1023;0.167500004;"G";"8";"n";127.5036;920;NA;NA;1.11195652173913;"No"
64;"64_G9";"G9";"B329_LIKE+F16";990;0.162100002;"G";"9";"n";127.5036;920;NA;NA;1.07608695652174;"No"
65;"65_B10";"B10";"B329_LIKE+F16";972;0.1388;"B";"10";"n";206.0814;1024.5;NA;NA;0.948755490483163;"No"
65;"65_B11";"B11";"B329_LIKE+F16";875;0.1351;"B";"11";"n";206.0814;1024.5;NA;NA;0.854075158613958;"No"
65;"65_B2";"B2";"B329_LIKE+F16";1296;0.223;"B";"2";"n";206.0814;1024.5;NA;NA;1.26500732064422;"No"
65;"65_B3";"B3";"B329_LIKE+F16";1401;0.2105;"B";"3";"n";206.0814;1024.5;NA;NA;1.36749633967789;"No"
65;"65_B4";"B4";"B329_LIKE+F16";1067;0.1661;"B";"4";"n";206.0814;1024.5;NA;NA;1.04148365056125;"No"
65;"65_B5";"B5";"B329_LIKE+F16";1292;0.1922;"B";"5";"n";206.0814;1024.5;NA;NA;1.26110297706198;"No"
65;"65_B6";"B6";"B329_LIKE+F16";985;0.155;"B";"6";"n";206.0814;1024.5;NA;NA;0.961444607125427;"No"
65;"65_B7";"B7";"B329_LIKE+F16";863;0.1354;"B";"7";"n";206.0814;1024.5;NA;NA;0.842362127867252;"No"
65;"65_B8";"B8";"B329_LIKE+F16";911;0.1371;"B";"8";"n";206.0814;1024.5;NA;NA;0.889214250854075;"No"
65;"65_B9";"B9";"B329_LIKE+F16";899;0.1251;"B";"9";"n";206.0814;1024.5;NA;NA;0.877501220107369;"No"
65;"65_C10";"C10";"B329_LIKE+F16";761;0.1417;"C";"10";"n";206.0814;1024.5;NA;NA;0.742801366520254;"No"
65;"65_C11";"C11";"B329_LIKE+F16";863;0.1442;"C";"11";"n";206.0814;1024.5;NA;NA;0.842362127867252;"No"
65;"65_C2";"C2";"B329_LIKE+F16";1172;0.147;"C";"2";"n";206.0814;1024.5;NA;NA;1.14397266959492;"No"
65;"65_C3";"C3";"B329_LIKE+F16";857;0.295;"C";"3";"n";206.0814;1024.5;NA;NA;0.836505612493899;"No"
65;"65_C4";"C4";"B329_LIKE+F16";577;0.3237;"C";"4";"n";206.0814;1024.5;NA;NA;0.563201561737433;"No"
65;"65_C5";"C5";"B329_LIKE+F16";746;0.2114;"C";"5";"n";206.0814;1024.5;NA;NA;0.728160078086872;"No"
65;"65_C6";"C6";"B329_LIKE+F16";662;0.1918;"C";"6";"n";206.0814;1024.5;NA;NA;0.646168862859932;"No"
65;"65_C7";"C7";"B329_LIKE+F16";790;0.1436;"C";"7";"n";206.0814;1024.5;NA;NA;0.771107857491459;"No"
65;"65_C8";"C8";"B329_LIKE+F16";778;0.1925;"C";"8";"n";206.0814;1024.5;NA;NA;0.759394826744754;"No"
65;"65_C9";"C9";"B329_LIKE+F16";1087;0.1577;"C";"9";"n";206.0814;1024.5;NA;NA;1.06100536847243;"No"
65;"65_D10";"D10";"B329_LIKE+F16";823;0.1341;"D";"10";"n";206.0814;1024.5;NA;NA;0.8033186920449;"No"
65;"65_D11";"D11";"B329_LIKE+F16";939;0.1406;"D";"11";"n";206.0814;1024.5;NA;NA;0.916544655929722;"No"
65;"65_D2";"D2";"B329_LIKE+F16";818;0.1244;"D";"2";"n";206.0814;1024.5;NA;NA;0.798438262567106;"No"
65;"65_D3";"D3";"B329_LIKE+F16";680;0.2104;"D";"3";"n";206.0814;1024.5;NA;NA;0.66373840897999;"No"
65;"65_D4";"D4";"B329_LIKE+F16";702;0.2881;"D";"4";"n";206.0814;1024.5;NA;NA;0.685212298682284;"No"
65;"65_D5";"D5";"B329_LIKE+F16";929;0.2008;"D";"5";"n";206.0814;1024.5;NA;NA;0.906783796974134;"No"
65;"65_D6";"D6";"B329_LIKE+F16";1051;0.209;"D";"6";"n";206.0814;1024.5;NA;NA;1.02586627623231;"No"
65;"65_D7";"D7";"B329_LIKE+F16";942;0.1507;"D";"7";"n";206.0814;1024.5;NA;NA;0.919472913616398;"No"
65;"65_D8";"D8";"B329_LIKE+F16";1401;0.2376;"D";"8";"n";206.0814;1024.5;NA;NA;1.36749633967789;"No"
65;"65_D9";"D9";"B329_LIKE+F16";825;0.1448;"D";"9";"n";206.0814;1024.5;NA;NA;0.805270863836018;"No"
65;"65_E10";"E10";"B329_LIKE+F16";881;0.1357;"E";"10";"n";206.0814;1024.5;NA;NA;0.859931673987311;"No"
65;"65_E11";"E11";"B329_LIKE+F16";1006;0.1619;"E";"11";"n";206.0814;1024.5;NA;NA;0.981942410932162;"No"
65;"65_E2";"E2";"B329_LIKE+F16";866;0.1391;"E";"2";"n";206.0814;1024.5;NA;NA;0.845290385553929;"No"
65;"65_E3";"E3";"B329_LIKE+F16";939;0.1358;"E";"3";"n";206.0814;1024.5;NA;NA;0.916544655929722;"No"
65;"65_E4";"E4";"B329_LIKE+F16";842;0.1876;"E";"4";"n";206.0814;1024.5;NA;NA;0.821864324060517;"No"
65;"65_E5";"E5";"B329_LIKE+F16";966;0.1469;"E";"5";"n";206.0814;1024.5;NA;NA;0.94289897510981;"No"
65;"65_E6";"E6";"B329_LIKE+F16";973;0.1418;"E";"6";"n";206.0814;1024.5;NA;NA;0.949731576378721;"No"
65;"65_E7";"E7";"B329_LIKE+F16";858;0.1382;"E";"7";"n";206.0814;1024.5;NA;NA;0.837481698389458;"No"
65;"65_E8";"E8";"B329_LIKE+F16";836;0.1372;"E";"8";"n";206.0814;1024.5;NA;NA;0.816007808687164;"No"
65;"65_E9";"E9";"B329_LIKE+F16";816;0.1423;"E";"9";"n";206.0814;1024.5;NA;NA;0.796486090775988;"No"
65;"65_F10";"F10";"B329_LIKE+F16";955;0.1581;"F";"10";"n";206.0814;1024.5;NA;NA;0.932162030258663;"No"
65;"65_F11";"F11";"B329_LIKE+F16";1181;0.1674;"F";"11";"n";206.0814;1024.5;NA;NA;1.15275744265495;"No"
65;"65_F2";"F2";"B329_LIKE+F16";1114;0.1707;"F";"2";"n";206.0814;1024.5;NA;NA;1.08735968765251;"No"
65;"65_F3";"F3";"B329_LIKE+F16";1019;0.1677;"F";"3";"n";206.0814;1024.5;NA;NA;0.994631527574427;"No"
65;"65_F4";"F4";"B329_LIKE+F16";1164;0.176;"F";"4";"n";206.0814;1024.5;NA;NA;1.13616398243045;"No"
65;"65_F5";"F5";"B329_LIKE+F16";1534;0.1949;"F";"5";"n";206.0814;1024.5;NA;NA;1.49731576378721;"No"
65;"65_F6";"F6";"B329_LIKE+F16";1268;0.2009;"F";"6";"n";206.0814;1024.5;NA;NA;1.23767691556857;"No"
65;"65_F7";"F7";"B329_LIKE+F16";1121;0.1834;"F";"7";"n";206.0814;1024.5;NA;NA;1.09419228892143;"No"
65;"65_F8";"F8";"B329_LIKE+F16";1091;0.1912;"F";"8";"n";206.0814;1024.5;NA;NA;1.06490971205466;"No"
65;"65_F9";"F9";"B329_LIKE+F16";1027;0.1591;"F";"9";"n";206.0814;1024.5;NA;NA;1.0024402147389;"No"
65;"65_G10";"G10";"B329_LIKE+F16";1159;0.1788;"G";"10";"n";206.0814;1024.5;NA;NA;1.13128355295266;"No"
65;"65_G11";"G11";"B329_LIKE+F16";1088;0.1885;"G";"11";"n";206.0814;1024.5;NA;NA;1.06198145436798;"No"
65;"65_G2";"G2";"B329_LIKE+F16";1197;0.1975;"G";"2";"n";206.0814;1024.5;NA;NA;1.16837481698389;"No"
65;"65_G3";"G3";"B329_LIKE+F16";1233;0.1622;"G";"3";"n";206.0814;1024.5;NA;NA;1.20351390922401;"No"
65;"65_G4";"G4";"B329_LIKE+F16";1041;0.1858;"G";"4";"n";206.0814;1024.5;NA;NA;1.01610541727672;"No"
65;"65_G5";"G5";"B329_LIKE+F16";1197;0.1728;"G";"5";"n";206.0814;1024.5;NA;NA;1.16837481698389;"No"
65;"65_G6";"G6";"B329_LIKE+F16";1163;0.1784;"G";"6";"n";206.0814;1024.5;NA;NA;1.1351878965349;"No"
65;"65_G7";"G7";"B329_LIKE+F16";1177;0.1807;"G";"7";"n";206.0814;1024.5;NA;NA;1.14885309907272;"No"
65;"65_G8";"G8";"B329_LIKE+F16";1072;0.1805;"G";"8";"n";206.0814;1024.5;NA;NA;1.04636408003904;"No"
65;"65_G9";"G9";"B329_LIKE+F16";1140;0.1798;"G";"9";"n";206.0814;1024.5;NA;NA;1.11273792093704;"No"
66;"66_B10";"B10";"B329_LIKE+F16";821;0.1291;"B";"10";"n";157.8969;937.5;NA;NA;0.875733333333333;"No"
66;"66_B11";"B11";"B329_LIKE+F16";624;0.1027;"B";"11";"n";157.8969;937.5;NA;NA;0.6656;"No"
66;"66_B2";"B2";"B329_LIKE+F16";846;0.1266;"B";"2";"n";157.8969;937.5;NA;NA;0.9024;"No"
66;"66_B3";"B3";"B329_LIKE+F16";773;0.1201;"B";"3";"n";157.8969;937.5;NA;NA;0.824533333333333;"No"
66;"66_B4";"B4";"B329_LIKE+F16";826;0.1233;"B";"4";"n";157.8969;937.5;NA;NA;0.881066666666667;"No"
66;"66_B5";"B5";"B329_LIKE+F16";725;0.1167;"B";"5";"n";157.8969;937.5;NA;NA;0.773333333333333;"No"
66;"66_B6";"B6";"B329_LIKE+F16";883;0.1217;"B";"6";"n";157.8969;937.5;NA;NA;0.941866666666667;"No"
66;"66_B7";"B7";"B329_LIKE+F16";802;0.1162;"B";"7";"n";157.8969;937.5;NA;NA;0.855466666666667;"No"
66;"66_B8";"B8";"B329_LIKE+F16";729;0.1236;"B";"8";"n";157.8969;937.5;NA;NA;0.7776;"No"
66;"66_B9";"B9";"B329_LIKE+F16";926;0.1276;"B";"9";"n";157.8969;937.5;NA;NA;0.987733333333333;"No"
66;"66_C10";"C10";"B329_LIKE+F16";813;0.1259;"C";"10";"n";157.8969;937.5;NA;NA;0.8672;"No"
66;"66_C11";"C11";"B329_LIKE+F16";1161;0.1669;"C";"11";"n";157.8969;937.5;NA;NA;1.2384;"No"
66;"66_C2";"C2";"B329_LIKE+F16";779;0.1291;"C";"2";"n";157.8969;937.5;NA;NA;0.830933333333333;"No"
66;"66_C3";"C3";"B329_LIKE+F16";810;0.1308;"C";"3";"n";157.8969;937.5;NA;NA;0.864;"No"
66;"66_C4";"C4";"B329_LIKE+F16";896;0.1506;"C";"4";"n";157.8969;937.5;NA;NA;0.955733333333333;"No"
66;"66_C5";"C5";"B329_LIKE+F16";954;0.1342;"C";"5";"n";157.8969;937.5;NA;NA;1.0176;"No"
66;"66_C6";"C6";"B329_LIKE+F16";884;0.1303;"C";"6";"n";157.8969;937.5;NA;NA;0.942933333333333;"No"
66;"66_C7";"C7";"B329_LIKE+F16";980;0.1332;"C";"7";"n";157.8969;937.5;NA;NA;1.04533333333333;"No"
66;"66_C8";"C8";"B329_LIKE+F16";827;0.1447;"C";"8";"n";157.8969;937.5;NA;NA;0.882133333333333;"No"
66;"66_C9";"C9";"B329_LIKE+F16";876;0.1275;"C";"9";"n";157.8969;937.5;NA;NA;0.9344;"No"
66;"66_D10";"D10";"B329_LIKE+F16";792;0.1214;"D";"10";"n";157.8969;937.5;NA;NA;0.8448;"No"
66;"66_D11";"D11";"B329_LIKE+F16";1142;0.1523;"D";"11";"n";157.8969;937.5;NA;NA;1.21813333333333;"No"
66;"66_D2";"D2";"B329_LIKE+F16";787;0.1293;"D";"2";"n";157.8969;937.5;NA;NA;0.839466666666667;"No"
66;"66_D3";"D3";"B329_LIKE+F16";892;0.1361;"D";"3";"n";157.8969;937.5;NA;NA;0.951466666666667;"No"
66;"66_D4";"D4";"B329_LIKE+F16";840;0.1289;"D";"4";"n";157.8969;937.5;NA;NA;0.896;"No"
66;"66_D5";"D5";"B329_LIKE+F16";1006;0.141;"D";"5";"n";157.8969;937.5;NA;NA;1.07306666666667;"No"
66;"66_D6";"D6";"B329_LIKE+F16";1010;0.1379;"D";"6";"n";157.8969;937.5;NA;NA;1.07733333333333;"No"
66;"66_D7";"D7";"B329_LIKE+F16";920;0.1176;"D";"7";"n";157.8969;937.5;NA;NA;0.981333333333333;"No"
66;"66_D8";"D8";"B329_LIKE+F16";888;0.1296;"D";"8";"n";157.8969;937.5;NA;NA;0.9472;"No"
66;"66_D9";"D9";"B329_LIKE+F16";941;0.1326;"D";"9";"n";157.8969;937.5;NA;NA;1.00373333333333;"No"
66;"66_E10";"E10";"B329_LIKE+F16";799;0.1305;"E";"10";"n";157.8969;937.5;NA;NA;0.852266666666667;"No"
66;"66_E11";"E11";"B329_LIKE+F16";976;0.1379;"E";"11";"n";157.8969;937.5;NA;NA;1.04106666666667;"No"
66;"66_E2";"E2";"B329_LIKE+F16";1076;0.1815;"E";"2";"n";157.8969;937.5;NA;NA;1.14773333333333;"No"
66;"66_E3";"E3";"B329_LIKE+F16";921;0.1547;"E";"3";"n";157.8969;937.5;NA;NA;0.9824;"No"
66;"66_E4";"E4";"B329_LIKE+F16";989;0.1695;"E";"4";"n";157.8969;937.5;NA;NA;1.05493333333333;"No"
66;"66_E5";"E5";"B329_LIKE+F16";1122;0.1685;"E";"5";"n";157.8969;937.5;NA;NA;1.1968;"No"
66;"66_E6";"E6";"B329_LIKE+F16";1006;0.1493;"E";"6";"n";157.8969;937.5;NA;NA;1.07306666666667;"No"
66;"66_E7";"E7";"B329_LIKE+F16";955;0.1415;"E";"7";"n";157.8969;937.5;NA;NA;1.01866666666667;"No"
66;"66_E8";"E8";"B329_LIKE+F16";878;0.133;"E";"8";"n";157.8969;937.5;NA;NA;0.936533333333333;"No"
66;"66_E9";"E9";"B329_LIKE+F16";830;0.1255;"E";"9";"n";157.8969;937.5;NA;NA;0.885333333333333;"No"
66;"66_F10";"F10";"B329_LIKE+F16";792;0.1238;"F";"10";"n";157.8969;937.5;NA;NA;0.8448;"No"
66;"66_F11";"F11";"B329_LIKE+F16";934;0.1328;"F";"11";"n";157.8969;937.5;NA;NA;0.996266666666667;"No"
66;"66_F2";"F2";"B329_LIKE+F16";812;0.1253;"F";"2";"n";157.8969;937.5;NA;NA;0.866133333333333;"No"
66;"66_F3";"F3";"B329_LIKE+F16";788;0.1256;"F";"3";"n";157.8969;937.5;NA;NA;0.840533333333333;"No"
66;"66_F4";"F4";"B329_LIKE+F16";804;0.1278;"F";"4";"n";157.8969;937.5;NA;NA;0.8576;"No"
66;"66_F5";"F5";"B329_LIKE+F16";1092;0.141;"F";"5";"n";157.8969;937.5;NA;NA;1.1648;"No"
66;"66_F6";"F6";"B329_LIKE+F16";958;0.1406;"F";"6";"n";157.8969;937.5;NA;NA;1.02186666666667;"No"
66;"66_F7";"F7";"B329_LIKE+F16";775;0.1248;"F";"7";"n";157.8969;937.5;NA;NA;0.826666666666667;"No"
66;"66_F8";"F8";"B329_LIKE+F16";813;0.1244;"F";"8";"n";157.8969;937.5;NA;NA;0.8672;"No"
66;"66_F9";"F9";"B329_LIKE+F16";833;0.1248;"F";"9";"n";157.8969;937.5;NA;NA;0.888533333333333;"No"
66;"66_G10";"G10";"B329_LIKE+F16";956;0.1524;"G";"10";"n";157.8969;937.5;NA;NA;1.01973333333333;"No"
66;"66_G11";"G11";"B329_LIKE+F16";1003;0.1556;"G";"11";"n";157.8969;937.5;NA;NA;1.06986666666667;"No"
66;"66_G2";"G2";"B329_LIKE+F16";1055;0.1779;"G";"2";"n";157.8969;937.5;NA;NA;1.12533333333333;"No"
66;"66_G3";"G3";"B329_LIKE+F16";876;0.1392;"G";"3";"n";157.8969;937.5;NA;NA;0.9344;"No"
66;"66_G4";"G4";"B329_LIKE+F16";1052;0.1732;"G";"4";"n";157.8969;937.5;NA;NA;1.12213333333333;"No"
66;"66_G5";"G5";"B329_LIKE+F16";1067;0.1587;"G";"5";"n";157.8969;937.5;NA;NA;1.13813333333333;"No"
66;"66_G6";"G6";"B329_LIKE+F16";1043;0.1751;"G";"6";"n";157.8969;937.5;NA;NA;1.11253333333333;"No"
66;"66_G7";"G7";"B329_LIKE+F16";1011;0.1616;"G";"7";"n";157.8969;937.5;NA;NA;1.0784;"No"
66;"66_G8";"G8";"B329_LIKE+F16";992;0.1577;"G";"8";"n";157.8969;937.5;NA;NA;1.05813333333333;"No"
66;"66_G9";"G9";"B329_LIKE+F16";951;0.1487;"G";"9";"n";157.8969;937.5;NA;NA;1.0144;"No"
67;"67_B10";"B10";"B329_LIKE+F16";820;0.1322;"B";"10";"n";100.8168;868;NA;NA;0.944700460829493;"No"
67;"67_B11";"B11";"B329_LIKE+F16";831;0.1474;"B";"11";"n";100.8168;868;NA;NA;0.957373271889401;"No"
67;"67_B2";"B2";"B329_LIKE+F16";859;0.1437;"B";"2";"n";100.8168;868;NA;NA;0.98963133640553;"No"
67;"67_B3";"B3";"B329_LIKE+F16";950;0.1499;"B";"3";"n";100.8168;868;NA;NA;1.09447004608295;"No"
67;"67_B4";"B4";"B329_LIKE+F16";827;0.1442;"B";"4";"n";100.8168;868;NA;NA;0.952764976958525;"No"
67;"67_B5";"B5";"B329_LIKE+F16";943;0.1392;"B";"5";"n";100.8168;868;NA;NA;1.08640552995392;"No"
67;"67_B6";"B6";"B329_LIKE+F16";1258;0.1667;"B";"6";"n";100.8168;868;NA;NA;1.44930875576037;"No"
67;"67_B7";"B7";"B329_LIKE+F16";813;0.1389;"B";"7";"n";100.8168;868;NA;NA;0.936635944700461;"No"
67;"67_B8";"B8";"B329_LIKE+F16";891;0.1469;"B";"8";"n";100.8168;868;NA;NA;1.02649769585253;"No"
67;"67_B9";"B9";"B329_LIKE+F16";846;0.1346;"B";"9";"n";100.8168;868;NA;NA;0.974654377880184;"No"
67;"67_C10";"C10";"B329_LIKE+F16";836;0.1432;"C";"10";"n";100.8168;868;NA;NA;0.963133640552995;"No"
67;"67_C11";"C11";"B329_LIKE+F16";850;0.1458;"C";"11";"n";100.8168;868;NA;NA;0.97926267281106;"No"
67;"67_C2";"C2";"B329_LIKE+F16";751;0.1258;"C";"2";"n";100.8168;868;NA;NA;0.865207373271889;"No"
67;"67_C3";"C3";"B329_LIKE+F16";840;0.1347;"C";"3";"n";100.8168;868;NA;NA;0.967741935483871;"No"
67;"67_C4";"C4";"B329_LIKE+F16";752;0.1243;"C";"4";"n";100.8168;868;NA;NA;0.866359447004608;"No"
67;"67_C5";"C5";"B329_LIKE+F16";813;0.1336;"C";"5";"n";100.8168;868;NA;NA;0.936635944700461;"No"
67;"67_C6";"C6";"B329_LIKE+F16";856;0.1308;"C";"6";"n";100.8168;868;NA;NA;0.986175115207373;"No"
67;"67_C7";"C7";"B329_LIKE+F16";821;0.1363;"C";"7";"n";100.8168;868;NA;NA;0.945852534562212;"No"
67;"67_C8";"C8";"B329_LIKE+F16";947;0.1462;"C";"8";"n";100.8168;868;NA;NA;1.09101382488479;"No"
67;"67_C9";"C9";"B329_LIKE+F16";931;0.1846;"C";"9";"n";100.8168;868;NA;NA;1.07258064516129;"No"
67;"67_D10";"D10";"B329_LIKE+F16";1044;0.1238;"D";"10";"n";100.8168;868;NA;NA;1.20276497695853;"No"
67;"67_D11";"D11";"B329_LIKE+F16";832;0.1352;"D";"11";"n";100.8168;868;NA;NA;0.95852534562212;"No"
67;"67_D2";"D2";"B329_LIKE+F16";776;0.1303;"D";"2";"n";100.8168;868;NA;NA;0.894009216589862;"No"
67;"67_D3";"D3";"B329_LIKE+F16";787;0.1293;"D";"3";"n";100.8168;868;NA;NA;0.90668202764977;"No"
67;"67_D4";"D4";"B329_LIKE+F16";764;0.1272;"D";"4";"n";100.8168;868;NA;NA;0.880184331797235;"No"
67;"67_D5";"D5";"B329_LIKE+F16";1033;0.1566;"D";"5";"n";100.8168;868;NA;NA;1.19009216589862;"No"
67;"67_D6";"D6";"B329_LIKE+F16";1094;0.1634;"D";"6";"n";100.8168;868;NA;NA;1.26036866359447;"No"
67;"67_D7";"D7";"B329_LIKE+F16";916;0.1596;"D";"7";"n";100.8168;868;NA;NA;1.05529953917051;"No"
67;"67_D8";"D8";"B329_LIKE+F16";840;0.1352;"D";"8";"n";100.8168;868;NA;NA;0.967741935483871;"No"
67;"67_D9";"D9";"B329_LIKE+F16";881;0.1395;"D";"9";"n";100.8168;868;NA;NA;1.01497695852535;"No"
67;"67_E10";"E10";"B329_LIKE+F16";789;0.1319;"E";"10";"n";100.8168;868;NA;NA;0.908986175115207;"No"
67;"67_E11";"E11";"B329_LIKE+F16";804;0.1363;"E";"11";"n";100.8168;868;NA;NA;0.926267281105991;"No"
67;"67_E2";"E2";"B329_LIKE+F16";771;0.1317;"E";"2";"n";100.8168;868;NA;NA;0.888248847926267;"No"
67;"67_E3";"E3";"B329_LIKE+F16";732;0.1173;"E";"3";"n";100.8168;868;NA;NA;0.84331797235023;"No"
67;"67_E4";"E4";"B329_LIKE+F16";783;0.1251;"E";"4";"n";100.8168;868;NA;NA;0.902073732718894;"No"
67;"67_E5";"E5";"B329_LIKE+F16";888;0.1427;"E";"5";"n";100.8168;868;NA;NA;1.02304147465438;"No"
67;"67_E6";"E6";"B329_LIKE+F16";805;0.1336;"E";"6";"n";100.8168;868;NA;NA;0.92741935483871;"No"
67;"67_E7";"E7";"B329_LIKE+F16";855;0.1486;"E";"7";"n";100.8168;868;NA;NA;0.985023041474654;"No"
67;"67_E8";"E8";"B329_LIKE+F16";816;0.1326;"E";"8";"n";100.8168;868;NA;NA;0.940092165898618;"No"
67;"67_E9";"E9";"B329_LIKE+F16";990;0.1508;"E";"9";"n";100.8168;868;NA;NA;1.1405529953917;"No"
67;"67_F10";"F10";"B329_LIKE+F16";837;0.1353;"F";"10";"n";100.8168;868;NA;NA;0.964285714285714;"No"
67;"67_F11";"F11";"B329_LIKE+F16";887;0.1482;"F";"11";"n";100.8168;868;NA;NA;1.02188940092166;"No"
67;"67_F2";"F2";"B329_LIKE+F16";768;0.1307;"F";"2";"n";100.8168;868;NA;NA;0.884792626728111;"No"
67;"67_F3";"F3";"B329_LIKE+F16";692;0.1005;"F";"3";"n";100.8168;868;NA;NA;0.797235023041475;"No"
67;"67_F4";"F4";"B329_LIKE+F16";767;0.1237;"F";"4";"n";100.8168;868;NA;NA;0.883640552995392;"No"
67;"67_F5";"F5";"B329_LIKE+F16";880;0.1403;"F";"5";"n";100.8168;868;NA;NA;1.01382488479263;"No"
67;"67_F6";"F6";"B329_LIKE+F16";768;0.1268;"F";"6";"n";100.8168;868;NA;NA;0.884792626728111;"No"
67;"67_F7";"F7";"B329_LIKE+F16";846;0.1428;"F";"7";"n";100.8168;868;NA;NA;0.974654377880184;"No"
67;"67_F8";"F8";"B329_LIKE+F16";917;0.1582;"F";"8";"n";100.8168;868;NA;NA;1.05645161290323;"No"
67;"67_F9";"F9";"B329_LIKE+F16";868;0.139;"F";"9";"n";100.8168;868;NA;NA;1;"No"
67;"67_G10";"G10";"B329_LIKE+F16";1007;0.19;"G";"10";"n";100.8168;868;NA;NA;1.16013824884793;"No"
67;"67_G11";"G11";"B329_LIKE+F16";1644;0.2128;"G";"11";"n";100.8168;868;NA;NA;1.89400921658986;"No"
67;"67_G2";"G2";"B329_LIKE+F16";984;0.1517;"G";"2";"n";100.8168;868;NA;NA;1.13364055299539;"No"
67;"67_G3";"G3";"B329_LIKE+F16";877;0.1473;"G";"3";"n";100.8168;868;NA;NA;1.01036866359447;"No"
67;"67_G4";"G4";"B329_LIKE+F16";884;0.1472;"G";"4";"n";100.8168;868;NA;NA;1.0184331797235;"No"
67;"67_G5";"G5";"B329_LIKE+F16";921;0.1539;"G";"5";"n";100.8168;868;NA;NA;1.0610599078341;"No"
67;"67_G6";"G6";"B329_LIKE+F16";934;0.1657;"G";"6";"n";100.8168;868;NA;NA;1.07603686635945;"No"
67;"67_G7";"G7";"B329_LIKE+F16";1098;0.1756;"G";"7";"n";100.8168;868;NA;NA;1.26497695852535;"No"
67;"67_G8";"G8";"B329_LIKE+F16";1105;0.1904;"G";"8";"n";100.8168;868;NA;NA;1.27304147465438;"No"
67;"67_G9";"G9";"B329_LIKE+F16";1016;0.1731;"G";"9";"n";100.8168;868;NA;NA;1.1705069124424;"No"
68;"68_B10";"B10";"B329_LIKE+F16";801;0.1266;"B";"10";"n";93.4038;848;NA;NA;0.944575471698113;"No"
68;"68_B11";"B11";"B329_LIKE+F16";817;0.1254;"B";"11";"n";93.4038;848;NA;NA;0.963443396226415;"No"
68;"68_B2";"B2";"B329_LIKE+F16";784;0.1354;"B";"2";"n";93.4038;848;NA;NA;0.924528301886792;"No"
68;"68_B3";"B3";"B329_LIKE+F16";768;0.1288;"B";"3";"n";93.4038;848;NA;NA;0.905660377358491;"No"
68;"68_B4";"B4";"B329_LIKE+F16";751;0.1317;"B";"4";"n";93.4038;848;NA;NA;0.88561320754717;"No"
68;"68_B5";"B5";"B329_LIKE+F16";789;0.1299;"B";"5";"n";93.4038;848;NA;NA;0.930424528301887;"No"
68;"68_B6";"B6";"B329_LIKE+F16";773;0.1253;"B";"6";"n";93.4038;848;NA;NA;0.911556603773585;"No"
68;"68_B7";"B7";"B329_LIKE+F16";828;0.129;"B";"7";"n";93.4038;848;NA;NA;0.976415094339623;"No"
68;"68_B9";"B9";"B329_LIKE+F16";812;0.1321;"B";"9";"n";93.4038;848;NA;NA;0.957547169811321;"No"
68;"68_C10";"C10";"B329_LIKE+F16";845;0.1366;"C";"10";"n";93.4038;848;NA;NA;0.996462264150943;"No"
68;"68_C11";"C11";"B329_LIKE+F16";1199;0.1491;"C";"11";"n";93.4038;848;NA;NA;1.41391509433962;"No"
68;"68_C2";"C2";"B329_LIKE+F16";1159;0.1905;"C";"2";"n";93.4038;848;NA;NA;1.36674528301887;"No"
68;"68_C3";"C3";"B329_LIKE+F16";885;0.1726;"C";"3";"n";93.4038;848;NA;NA;1.0436320754717;"No"
68;"68_C4";"C4";"B329_LIKE+F16";802;0.1358;"C";"4";"n";93.4038;848;NA;NA;0.945754716981132;"No"
68;"68_C5";"C5";"B329_LIKE+F16";797;0.1352;"C";"5";"n";93.4038;848;NA;NA;0.939858490566038;"No"
68;"68_C6";"C6";"B329_LIKE+F16";763;0.1261;"C";"6";"n";93.4038;848;NA;NA;0.899764150943396;"No"
68;"68_C7";"C7";"B329_LIKE+F16";1096;0.1611;"C";"7";"n";93.4038;848;NA;NA;1.29245283018868;"No"
68;"68_C8";"C8";"B329_LIKE+F16";812;0.1349;"C";"8";"n";93.4038;848;NA;NA;0.957547169811321;"No"
68;"68_C9";"C9";"B329_LIKE+F16";781;0.1328;"C";"9";"n";93.4038;848;NA;NA;0.920990566037736;"No"
68;"68_D10";"D10";"B329_LIKE+F16";762;0.129;"D";"10";"n";93.4038;848;NA;NA;0.898584905660377;"No"
68;"68_D11";"D11";"B329_LIKE+F16";772;0.1277;"D";"11";"n";93.4038;848;NA;NA;0.910377358490566;"No"
68;"68_D2";"D2";"B329_LIKE+F16";832;0.1406;"D";"2";"n";93.4038;848;NA;NA;0.981132075471698;"No"
68;"68_D3";"D3";"B329_LIKE+F16";784;0.1281;"D";"3";"n";93.4038;848;NA;NA;0.924528301886792;"No"
68;"68_D4";"D4";"B329_LIKE+F16";784;0.1368;"D";"4";"n";93.4038;848;NA;NA;0.924528301886792;"No"
68;"68_D5";"D5";"B329_LIKE+F16";910;0.14;"D";"5";"n";93.4038;848;NA;NA;1.07311320754717;"No"
68;"68_D6";"D6";"B329_LIKE+F16";923;0.1415;"D";"6";"n";93.4038;848;NA;NA;1.08844339622642;"No"
68;"68_D7";"D7";"B329_LIKE+F16";903;0.1313;"D";"7";"n";93.4038;848;NA;NA;1.06485849056604;"No"
68;"68_D8";"D8";"B329_LIKE+F16";822;0.1238;"D";"8";"n";93.4038;848;NA;NA;0.969339622641509;"No"
68;"68_D9";"D9";"B329_LIKE+F16";803;0.1281;"D";"9";"n";93.4038;848;NA;NA;0.946933962264151;"No"
68;"68_E10";"E10";"B329_LIKE+F16";946;0.1449;"E";"10";"n";93.4038;848;NA;NA;1.11556603773585;"No"
68;"68_E11";"E11";"B329_LIKE+F16";826;0.1347;"E";"11";"n";93.4038;848;NA;NA;0.974056603773585;"No"
68;"68_E2";"E2";"B329_LIKE+F16";1288;0.2106;"E";"2";"n";93.4038;848;NA;NA;1.5188679245283;"No"
68;"68_E3";"E3";"B329_LIKE+F16";1165;0.2006;"E";"3";"n";93.4038;848;NA;NA;1.37382075471698;"No"
68;"68_E4";"E4";"B329_LIKE+F16";1162;0.1967;"E";"4";"n";93.4038;848;NA;NA;1.37028301886792;"No"
68;"68_E5";"E5";"B329_LIKE+F16";1179;0.2398;"E";"5";"n";93.4038;848;NA;NA;1.39033018867925;"No"
68;"68_E6";"E6";"B329_LIKE+F16";1546;0.2237;"E";"6";"n";93.4038;848;NA;NA;1.82311320754717;"No"
68;"68_E7";"E7";"B329_LIKE+F16";1200;0.1859;"E";"7";"n";93.4038;848;NA;NA;1.41509433962264;"No"
68;"68_E8";"E8";"B329_LIKE+F16";882;0.1392;"E";"8";"n";93.4038;848;NA;NA;1.04009433962264;"No"
68;"68_E9";"E9";"B329_LIKE+F16";861;0.1357;"E";"9";"n";93.4038;848;NA;NA;1.01533018867925;"No"
68;"68_F10";"F10";"B329_LIKE+F16";793;0.1305;"F";"10";"n";93.4038;848;NA;NA;0.935141509433962;"No"
68;"68_F11";"F11";"B329_LIKE+F16";797;0.1284;"F";"11";"n";93.4038;848;NA;NA;0.939858490566038;"No"
68;"68_F2";"F2";"B329_LIKE+F16";840;0.1398;"F";"2";"n";93.4038;848;NA;NA;0.990566037735849;"No"
68;"68_F3";"F3";"B329_LIKE+F16";756;0.1361;"F";"3";"n";93.4038;848;NA;NA;0.891509433962264;"No"
68;"68_F4";"F4";"B329_LIKE+F16";839;0.1331;"F";"4";"n";93.4038;848;NA;NA;0.98938679245283;"No"
68;"68_F5";"F5";"B329_LIKE+F16";851;0.1285;"F";"5";"n";93.4038;848;NA;NA;1.00353773584906;"No"
68;"68_F6";"F6";"B329_LIKE+F16";823;0.1323;"F";"6";"n";93.4038;848;NA;NA;0.970518867924528;"No"
68;"68_F7";"F7";"B329_LIKE+F16";832;0.1267;"F";"7";"n";93.4038;848;NA;NA;0.981132075471698;"No"
68;"68_F8";"F8";"B329_LIKE+F16";850;0.1288;"F";"8";"n";93.4038;848;NA;NA;1.00235849056604;"No"
68;"68_F9";"F9";"B329_LIKE+F16";756;0.1513;"F";"9";"n";93.4038;848;NA;NA;0.891509433962264;"No"
68;"68_G10";"G10";"B329_LIKE+F16";862;0.1409;"G";"10";"n";93.4038;848;NA;NA;1.01650943396226;"No"
68;"68_G11";"G11";"B329_LIKE+F16";971;0.1546;"G";"11";"n";93.4038;848;NA;NA;1.14504716981132;"No"
68;"68_G2";"G2";"B329_LIKE+F16";827;0.1292;"G";"2";"n";93.4038;848;NA;NA;0.975235849056604;"No"
68;"68_G3";"G3";"B329_LIKE+F16";616;0.1033;"G";"3";"n";93.4038;848;NA;NA;0.726415094339623;"No"
68;"68_G4";"G4";"B329_LIKE+F16";867;0.1422;"G";"4";"n";93.4038;848;NA;NA;1.02240566037736;"No"
68;"68_G5";"G5";"B329_LIKE+F16";883;0.1457;"G";"5";"n";93.4038;848;NA;NA;1.04127358490566;"No"
68;"68_G6";"G6";"B329_LIKE+F16";914;0.1472;"G";"6";"n";93.4038;848;NA;NA;1.07783018867925;"No"
68;"68_G7";"G7";"B329_LIKE+F16";845;0.1382;"G";"7";"n";93.4038;848;NA;NA;0.996462264150943;"No"
68;"68_G8";"G8";"B329_LIKE+F16";764;0.1616;"G";"8";"n";93.4038;848;NA;NA;0.900943396226415;"No"
68;"68_G9";"G9";"B329_LIKE+F16";825;0.1432;"G";"9";"n";93.4038;848;NA;NA;0.972877358490566;"No"
69;"69_B10";"B10";"B329_LIKE+F16";788;0.1305;"B";"10";"n";167.5338;952.5;NA;NA;0.827296587926509;"No"
69;"69_B11";"B11";"B329_LIKE+F16";837;0.1389;"B";"11";"n";167.5338;952.5;NA;NA;0.878740157480315;"No"
69;"69_B2";"B2";"B329_LIKE+F16";861;0.1514;"B";"2";"n";167.5338;952.5;NA;NA;0.903937007874016;"No"
69;"69_B3";"B3";"B329_LIKE+F16";1061;0.1476;"B";"3";"n";167.5338;952.5;NA;NA;1.11391076115486;"No"
69;"69_B4";"B4";"B329_LIKE+F16";952;0.1536;"B";"4";"n";167.5338;952.5;NA;NA;0.999475065616798;"No"
69;"69_B5";"B5";"B329_LIKE+F16";868;0.1323;"B";"5";"n";167.5338;952.5;NA;NA;0.911286089238845;"No"
69;"69_B6";"B6";"B329_LIKE+F16";776;0.1243;"B";"6";"n";167.5338;952.5;NA;NA;0.814698162729659;"No"
69;"69_B7";"B7";"B329_LIKE+F16";924;0.1501;"B";"7";"n";167.5338;952.5;NA;NA;0.97007874015748;"No"
69;"69_B8";"B8";"B329_LIKE+F16";813;0.1291;"B";"8";"n";167.5338;952.5;NA;NA;0.853543307086614;"No"
69;"69_B9";"B9";"B329_LIKE+F16";838;0.1293;"B";"9";"n";167.5338;952.5;NA;NA;0.879790026246719;"No"
69;"69_C10";"C10";"B329_LIKE+F16";762;0.1277;"C";"10";"n";167.5338;952.5;NA;NA;0.8;"No"
69;"69_C11";"C11";"B329_LIKE+F16";784;0.1365;"C";"11";"n";167.5338;952.5;NA;NA;0.823097112860892;"No"
69;"69_C2";"C2";"B329_LIKE+F16";961;0.1673;"C";"2";"n";167.5338;952.5;NA;NA;1.00892388451444;"No"
69;"69_C3";"C3";"B329_LIKE+F16";880;0.1403;"C";"3";"n";167.5338;952.5;NA;NA;0.923884514435696;"No"
69;"69_C4";"C4";"B329_LIKE+F16";932;0.1536;"C";"4";"n";167.5338;952.5;NA;NA;0.978477690288714;"No"
69;"69_C5";"C5";"B329_LIKE+F16";962;0.1411;"C";"5";"n";167.5338;952.5;NA;NA;1.00997375328084;"No"
69;"69_C6";"C6";"B329_LIKE+F16";808;0.1315;"C";"6";"n";167.5338;952.5;NA;NA;0.848293963254593;"No"
69;"69_C7";"C7";"B329_LIKE+F16";765;0.1224;"C";"7";"n";167.5338;952.5;NA;NA;0.803149606299213;"No"
69;"69_C8";"C8";"B329_LIKE+F16";874;0.1317;"C";"8";"n";167.5338;952.5;NA;NA;0.91758530183727;"No"
69;"69_C9";"C9";"B329_LIKE+F16";761;0.1237;"C";"9";"n";167.5338;952.5;NA;NA;0.798950131233596;"No"
69;"69_D10";"D10";"B329_LIKE+F16";945;0.1448;"D";"10";"n";167.5338;952.5;NA;NA;0.992125984251969;"No"
69;"69_D11";"D11";"B329_LIKE+F16";1009;0.1502;"D";"11";"n";167.5338;952.5;NA;NA;1.05931758530184;"No"
69;"69_D2";"D2";"B329_LIKE+F16";793;0.1388;"D";"2";"n";167.5338;952.5;NA;NA;0.83254593175853;"No"
69;"69_D3";"D3";"B329_LIKE+F16";890;0.1492;"D";"3";"n";167.5338;952.5;NA;NA;0.934383202099738;"No"
69;"69_D4";"D4";"B329_LIKE+F16";928;0.1335;"D";"4";"n";167.5338;952.5;NA;NA;0.974278215223097;"No"
69;"69_D5";"D5";"B329_LIKE+F16";953;0.1358;"D";"5";"n";167.5338;952.5;NA;NA;1.0005249343832;"No"
69;"69_D6";"D6";"B329_LIKE+F16";1076;0.1473;"D";"6";"n";167.5338;952.5;NA;NA;1.12965879265092;"No"
69;"69_D7";"D7";"B329_LIKE+F16";922;0.1484;"D";"7";"n";167.5338;952.5;NA;NA;0.967979002624672;"No"
69;"69_D8";"D8";"B329_LIKE+F16";925;0.1417;"D";"8";"n";167.5338;952.5;NA;NA;0.971128608923885;"No"
69;"69_D9";"D9";"B329_LIKE+F16";979;0.1437;"D";"9";"n";167.5338;952.5;NA;NA;1.02782152230971;"No"
69;"69_E10";"E10";"B329_LIKE+F16";860;0.1414;"E";"10";"n";167.5338;952.5;NA;NA;0.902887139107612;"No"
69;"69_E11";"E11";"B329_LIKE+F16";977;0.1579;"E";"11";"n";167.5338;952.5;NA;NA;1.0257217847769;"No"
69;"69_E2";"E2";"B329_LIKE+F16";801;0.1372;"E";"2";"n";167.5338;952.5;NA;NA;0.840944881889764;"No"
69;"69_E3";"E3";"B329_LIKE+F16";777;0.14;"E";"3";"n";167.5338;952.5;NA;NA;0.815748031496063;"No"
69;"69_E4";"E4";"B329_LIKE+F16";800;0.134;"E";"4";"n";167.5338;952.5;NA;NA;0.83989501312336;"No"
69;"69_E5";"E5";"B329_LIKE+F16";888;0.1437;"E";"5";"n";167.5338;952.5;NA;NA;0.932283464566929;"No"
69;"69_E6";"E6";"B329_LIKE+F16";1007;0.1589;"E";"6";"n";167.5338;952.5;NA;NA;1.05721784776903;"No"
69;"69_E7";"E7";"B329_LIKE+F16";1097;0.1629;"E";"7";"n";167.5338;952.5;NA;NA;1.15170603674541;"No"
69;"69_E8";"E8";"B329_LIKE+F16";1039;0.1669;"E";"8";"n";167.5338;952.5;NA;NA;1.09081364829396;"No"
69;"69_E9";"E9";"B329_LIKE+F16";999;0.1495;"E";"9";"n";167.5338;952.5;NA;NA;1.0488188976378;"No"
69;"69_F10";"F10";"B329_LIKE+F16";831;0.1334;"F";"10";"n";167.5338;952.5;NA;NA;0.87244094488189;"No"
69;"69_F11";"F11";"B329_LIKE+F16";854;0.1384;"F";"11";"n";167.5338;952.5;NA;NA;0.896587926509186;"No"
69;"69_F2";"F2";"B329_LIKE+F16";1059;0.1706;"F";"2";"n";167.5338;952.5;NA;NA;1.11181102362205;"No"
69;"69_F3";"F3";"B329_LIKE+F16";1043;0.176;"F";"3";"n";167.5338;952.5;NA;NA;1.09501312335958;"No"
69;"69_F4";"F4";"B329_LIKE+F16";917;0.1472;"F";"4";"n";167.5338;952.5;NA;NA;0.962729658792651;"No"
69;"69_F5";"F5";"B329_LIKE+F16";1007;0.1552;"F";"5";"n";167.5338;952.5;NA;NA;1.05721784776903;"No"
69;"69_F6";"F6";"B329_LIKE+F16";1006;0.1581;"F";"6";"n";167.5338;952.5;NA;NA;1.05616797900262;"No"
69;"69_F7";"F7";"B329_LIKE+F16";981;0.1506;"F";"7";"n";167.5338;952.5;NA;NA;1.02992125984252;"No"
69;"69_F8";"F8";"B329_LIKE+F16";962;0.1393;"F";"8";"n";167.5338;952.5;NA;NA;1.00997375328084;"No"
69;"69_F9";"F9";"B329_LIKE+F16";1083;0.1426;"F";"9";"n";167.5338;952.5;NA;NA;1.13700787401575;"No"
69;"69_G10";"G10";"B329_LIKE+F16";1411;0.182;"G";"10";"n";167.5338;952.5;NA;NA;1.48136482939633;"No"
69;"69_G11";"G11";"B329_LIKE+F16";987;0.1764;"G";"11";"n";167.5338;952.5;NA;NA;1.03622047244094;"No"
69;"69_G2";"G2";"B329_LIKE+F16";773;0.1323;"G";"2";"n";167.5338;952.5;NA;NA;0.811548556430446;"No"
69;"69_G3";"G3";"B329_LIKE+F16";795;0.1245;"G";"3";"n";167.5338;952.5;NA;NA;0.834645669291339;"No"
69;"69_G4";"G4";"B329_LIKE+F16";828;0.1391;"G";"4";"n";167.5338;952.5;NA;NA;0.869291338582677;"No"
69;"69_G5";"G5";"B329_LIKE+F16";929;0.145;"G";"5";"n";167.5338;952.5;NA;NA;0.975328083989501;"No"
69;"69_G6";"G6";"B329_LIKE+F16";1084;0.1684;"G";"6";"n";167.5338;952.5;NA;NA;1.13805774278215;"No"
69;"69_G7";"G7";"B329_LIKE+F16";1180;0.186;"G";"7";"n";167.5338;952.5;NA;NA;1.23884514435696;"No"
69;"69_G8";"G8";"B329_LIKE+F16";1017;0.1687;"G";"8";"n";167.5338;952.5;NA;NA;1.06771653543307;"No"
69;"69_G9";"G9";"B329_LIKE+F16";1013;0.1592;"G";"9";"n";167.5338;952.5;NA;NA;1.06351706036745;"No"
70;"70_B10";"B10";"B329_LIKE+F16";813;0.1414;"B";"10";"n";108.2298;900.5;NA;NA;0.902831760133259;"No"
70;"70_B11";"B11";"B329_LIKE+F16";806;0.1308;"B";"11";"n";108.2298;900.5;NA;NA;0.89505830094392;"No"
70;"70_B2";"B2";"B329_LIKE+F16";840;0.1411;"B";"2";"n";108.2298;900.5;NA;NA;0.932815102720711;"No"
70;"70_B3";"B3";"B329_LIKE+F16";860;0.1403;"B";"3";"n";108.2298;900.5;NA;NA;0.955024986118823;"No"
70;"70_B4";"B4";"B329_LIKE+F16";867;0.1358;"B";"4";"n";108.2298;900.5;NA;NA;0.962798445308162;"No"
70;"70_B5";"B5";"B329_LIKE+F16";966;0.1393;"B";"5";"n";108.2298;900.5;NA;NA;1.07273736812882;"No"
70;"70_B6";"B6";"B329_LIKE+F16";845;0.1286;"B";"6";"n";108.2298;900.5;NA;NA;0.938367573570239;"No"
70;"70_B7";"B7";"B329_LIKE+F16";898;0.1283;"B";"7";"n";108.2298;900.5;NA;NA;0.997223764575236;"No"
70;"70_B8";"B8";"B329_LIKE+F16";781;0.1136;"B";"8";"n";108.2298;900.5;NA;NA;0.86729594669628;"No"
70;"70_B9";"B9";"B329_LIKE+F16";819;0.1275;"B";"9";"n";108.2298;900.5;NA;NA;0.909494725152693;"No"
70;"70_C10";"C10";"B329_LIKE+F16";805;0.1222;"C";"10";"n";108.2298;900.5;NA;NA;0.893947806774014;"No"
70;"70_C11";"C11";"B329_LIKE+F16";761;0.1281;"C";"11";"n";108.2298;900.5;NA;NA;0.845086063298168;"No"
70;"70_C2";"C2";"B329_LIKE+F16";969;0.1667;"C";"2";"n";108.2298;900.5;NA;NA;1.07606885063853;"No"
70;"70_C3";"C3";"B329_LIKE+F16";905;0.1749;"C";"3";"n";108.2298;900.5;NA;NA;1.00499722376458;"No"
70;"70_C4";"C4";"B329_LIKE+F16";919;0.1584;"C";"4";"n";108.2298;900.5;NA;NA;1.02054414214325;"No"
70;"70_C5";"C5";"B329_LIKE+F16";1465;0.187;"C";"5";"n";108.2298;900.5;NA;NA;1.62687395891172;"No"
70;"70_C6";"C6";"B329_LIKE+F16";884;0.1426;"C";"6";"n";108.2298;900.5;NA;NA;0.981676846196557;"No"
70;"70_C7";"C7";"B329_LIKE+F16";781;0.1316;"C";"7";"n";108.2298;900.5;NA;NA;0.86729594669628;"No"
70;"70_C8";"C8";"B329_LIKE+F16";805;0.1279;"C";"8";"n";108.2298;900.5;NA;NA;0.893947806774014;"No"
70;"70_C9";"C9";"B329_LIKE+F16";792;0.1337;"C";"9";"n";108.2298;900.5;NA;NA;0.879511382565242;"No"
70;"70_D10";"D10";"B329_LIKE+F16";801;0.1403;"D";"10";"n";108.2298;900.5;NA;NA;0.889505830094392;"No"
70;"70_D11";"D11";"B329_LIKE+F16";1017;0.154;"D";"11";"n";108.2298;900.5;NA;NA;1.129372570794;"No"
70;"70_D2";"D2";"B329_LIKE+F16";872;0.1349;"D";"2";"n";108.2298;900.5;NA;NA;0.96835091615769;"No"
70;"70_D3";"D3";"B329_LIKE+F16";810;0.1339;"D";"3";"n";108.2298;900.5;NA;NA;0.899500277623542;"No"
70;"70_D4";"D4";"B329_LIKE+F16";852;0.145;"D";"4";"n";108.2298;900.5;NA;NA;0.946141032759578;"No"
70;"70_D5";"D5";"B329_LIKE+F16";890;0.1503;"D";"5";"n";108.2298;900.5;NA;NA;0.988339811215991;"No"
70;"70_D6";"D6";"B329_LIKE+F16";1188;0.1466;"D";"6";"n";108.2298;900.5;NA;NA;1.31926707384786;"No"
70;"70_D7";"D7";"B329_LIKE+F16";973;0.1327;"D";"7";"n";108.2298;900.5;NA;NA;1.08051082731816;"No"
70;"70_D8";"D8";"B329_LIKE+F16";917;0.148;"D";"8";"n";108.2298;900.5;NA;NA;1.01832315380344;"No"
70;"70_D9";"D9";"B329_LIKE+F16";1029;0.1303;"D";"9";"n";108.2298;900.5;NA;NA;1.14269850083287;"No"
70;"70_E10";"E10";"B329_LIKE+F16";832;0.1366;"E";"10";"n";108.2298;900.5;NA;NA;0.923931149361466;"No"
70;"70_E11";"E11";"B329_LIKE+F16";839;0.1502;"E";"11";"n";108.2298;900.5;NA;NA;0.931704608550805;"No"
70;"70_E2";"E2";"B329_LIKE+F16";813;0.1452;"E";"2";"n";108.2298;900.5;NA;NA;0.902831760133259;"No"
70;"70_E3";"E3";"B329_LIKE+F16";853;0.1473;"E";"3";"n";108.2298;900.5;NA;NA;0.947251526929484;"No"
70;"70_E4";"E4";"B329_LIKE+F16";1123;0.1752;"E";"4";"n";108.2298;900.5;NA;NA;1.247084952804;"No"
70;"70_E5";"E5";"B329_LIKE+F16";948;0.1628;"E";"5";"n";108.2298;900.5;NA;NA;1.05274847307052;"No"
70;"70_E6";"E6";"B329_LIKE+F16";951;0.1388;"E";"6";"n";108.2298;900.5;NA;NA;1.05607995558023;"No"
70;"70_E7";"E7";"B329_LIKE+F16";890;0.1474;"E";"7";"n";108.2298;900.5;NA;NA;0.988339811215991;"No"
70;"70_E8";"E8";"B329_LIKE+F16";833;0.1507;"E";"8";"n";108.2298;900.5;NA;NA;0.925041643531371;"No"
70;"70_E9";"E9";"B329_LIKE+F16";814;0.1313;"E";"9";"n";108.2298;900.5;NA;NA;0.903942254303165;"No"
70;"70_F10";"F10";"B329_LIKE+F16";1491;0.1711;"F";"10";"n";108.2298;900.5;NA;NA;1.65574680732926;"No"
70;"70_F11";"F11";"B329_LIKE+F16";909;0.1572;"F";"11";"n";108.2298;900.5;NA;NA;1.0094392004442;"No"
70;"70_F2";"F2";"B329_LIKE+F16";873;0.149;"F";"2";"n";108.2298;900.5;NA;NA;0.969461410327596;"No"
70;"70_F3";"F3";"B329_LIKE+F16";812;0.1215;"F";"3";"n";108.2298;900.5;NA;NA;0.901721265963354;"No"
70;"70_F4";"F4";"B329_LIKE+F16";784;0.124;"F";"4";"n";108.2298;900.5;NA;NA;0.870627429205997;"No"
70;"70_F5";"F5";"B329_LIKE+F16";841;0.1251;"F";"5";"n";108.2298;900.5;NA;NA;0.933925596890616;"No"
70;"70_F6";"F6";"B329_LIKE+F16";839;0.1339;"F";"6";"n";108.2298;900.5;NA;NA;0.931704608550805;"No"
70;"70_F7";"F7";"B329_LIKE+F16";857;0.1381;"F";"7";"n";108.2298;900.5;NA;NA;0.951693503609106;"No"
70;"70_F8";"F8";"B329_LIKE+F16";903;0.1364;"F";"8";"n";108.2298;900.5;NA;NA;1.00277623542476;"No"
70;"70_F9";"F9";"B329_LIKE+F16";925;0.1483;"F";"9";"n";108.2298;900.5;NA;NA;1.02720710716269;"No"
70;"70_G10";"G10";"B329_LIKE+F16";1263;0.1996;"G";"10";"n";108.2298;900.5;NA;NA;1.40255413659078;"No"
70;"70_G11";"G11";"B329_LIKE+F16";1256;0.188;"G";"11";"n";108.2298;900.5;NA;NA;1.39478067740144;"No"
70;"70_G2";"G2";"B329_LIKE+F16";1063;0.175;"G";"2";"n";108.2298;900.5;NA;NA;1.18045530260966;"No"
70;"70_G3";"G3";"B329_LIKE+F16";1290;0.1811;"G";"3";"n";108.2298;900.5;NA;NA;1.43253747917823;"No"
70;"70_G4";"G4";"B329_LIKE+F16";938;0.1612;"G";"4";"n";108.2298;900.5;NA;NA;1.04164353137146;"No"
70;"70_G5";"G5";"B329_LIKE+F16";1174;0.1935;"G";"5";"n";108.2298;900.5;NA;NA;1.30372015546918;"No"
70;"70_G6";"G6";"B329_LIKE+F16";1333;0.2004;"G";"6";"n";108.2298;900.5;NA;NA;1.48028872848418;"No"
70;"70_G7";"G7";"B329_LIKE+F16";1193;0.1979;"G";"7";"n";108.2298;900.5;NA;NA;1.32481954469739;"No"
70;"70_G8";"G8";"B329_LIKE+F16";1124;0.1782;"G";"8";"n";108.2298;900.5;NA;NA;1.2481954469739;"No"
70;"70_G9";"G9";"B329_LIKE+F16";1147;0.1878;"G";"9";"n";108.2298;900.5;NA;NA;1.27373681288173;"No"
71;"71_B10";"B10";"B329_LIKE+F16";779;0.1365;"B";"10";"n";134.9166;872;NA;NA;0.893348623853211;"No"
71;"71_B11";"B11";"B329_LIKE+F16";754;0.1359;"B";"11";"n";134.9166;872;NA;NA;0.864678899082569;"No"
71;"71_B2";"B2";"B329_LIKE+F16";1094;0.1785;"B";"2";"n";134.9166;872;NA;NA;1.2545871559633;"No"
71;"71_B3";"B3";"B329_LIKE+F16";970;0.167;"B";"3";"n";134.9166;872;NA;NA;1.11238532110092;"No"
71;"71_B4";"B4";"B329_LIKE+F16";808;0.1374;"B";"4";"n";134.9166;872;NA;NA;0.926605504587156;"No"
71;"71_B5";"B5";"B329_LIKE+F16";689;0.1272;"B";"5";"n";134.9166;872;NA;NA;0.790137614678899;"No"
71;"71_B6";"B6";"B329_LIKE+F16";784;0.133;"B";"6";"n";134.9166;872;NA;NA;0.89908256880734;"No"
71;"71_B7";"B7";"B329_LIKE+F16";734;0.125;"B";"7";"n";134.9166;872;NA;NA;0.841743119266055;"No"
71;"71_B8";"B8";"B329_LIKE+F16";875;0.1481;"B";"8";"n";134.9166;872;NA;NA;1.00344036697248;"No"
71;"71_B9";"B9";"B329_LIKE+F16";849;0.1404;"B";"9";"n";134.9166;872;NA;NA;0.973623853211009;"No"
71;"71_C10";"C10";"B329_LIKE+F16";762;0.1263;"C";"10";"n";134.9166;872;NA;NA;0.873853211009174;"No"
71;"71_C11";"C11";"B329_LIKE+F16";790;0.1364;"C";"11";"n";134.9166;872;NA;NA;0.905963302752294;"No"
71;"71_C2";"C2";"B329_LIKE+F16";708;0.1272;"C";"2";"n";134.9166;872;NA;NA;0.811926605504587;"No"
71;"71_C3";"C3";"B329_LIKE+F16";757;0.1242;"C";"3";"n";134.9166;872;NA;NA;0.868119266055046;"No"
71;"71_C4";"C4";"B329_LIKE+F16";758;0.1278;"C";"4";"n";134.9166;872;NA;NA;0.869266055045872;"No"
71;"71_C5";"C5";"B329_LIKE+F16";791;0.1389;"C";"5";"n";134.9166;872;NA;NA;0.907110091743119;"No"
71;"71_C6";"C6";"B329_LIKE+F16";807;0.1379;"C";"6";"n";134.9166;872;NA;NA;0.92545871559633;"No"
71;"71_C7";"C7";"B329_LIKE+F16";733;0.1274;"C";"7";"n";134.9166;872;NA;NA;0.840596330275229;"No"
71;"71_C8";"C8";"B329_LIKE+F16";773;0.1255;"C";"8";"n";134.9166;872;NA;NA;0.886467889908257;"No"
71;"71_C9";"C9";"B329_LIKE+F16";759;0.128;"C";"9";"n";134.9166;872;NA;NA;0.870412844036697;"No"
71;"71_D10";"D10";"B329_LIKE+F16";1324;0.2067;"D";"10";"n";134.9166;872;NA;NA;1.51834862385321;"No"
71;"71_D11";"D11";"B329_LIKE+F16";1040;0.1863;"D";"11";"n";134.9166;872;NA;NA;1.19266055045872;"No"
71;"71_D2";"D2";"B329_LIKE+F16";969;0.1651;"D";"2";"n";134.9166;872;NA;NA;1.11123853211009;"No"
71;"71_D3";"D3";"B329_LIKE+F16";979;0.1734;"D";"3";"n";134.9166;872;NA;NA;1.12270642201835;"No"
71;"71_D4";"D4";"B329_LIKE+F16";1073;0.1799;"D";"4";"n";134.9166;872;NA;NA;1.23050458715596;"No"
71;"71_D5";"D5";"B329_LIKE+F16";1124;0.1928;"D";"5";"n";134.9166;872;NA;NA;1.28899082568807;"No"
71;"71_D6";"D6";"B329_LIKE+F16";1214;0.1888;"D";"6";"n";134.9166;872;NA;NA;1.39220183486239;"No"
71;"71_D7";"D7";"B329_LIKE+F16";1211;0.1863;"D";"7";"n";134.9166;872;NA;NA;1.38876146788991;"No"
71;"71_D8";"D8";"B329_LIKE+F16";1201;0.1933;"D";"8";"n";134.9166;872;NA;NA;1.37729357798165;"No"
71;"71_D9";"D9";"B329_LIKE+F16";994;0.1784;"D";"9";"n";134.9166;872;NA;NA;1.13990825688073;"No"
71;"71_E10";"E10";"B329_LIKE+F16";948;0.1338;"E";"10";"n";134.9166;872;NA;NA;1.08715596330275;"No"
71;"71_E11";"E11";"B329_LIKE+F16";821;0.1499;"E";"11";"n";134.9166;872;NA;NA;0.94151376146789;"No"
71;"71_E2";"E2";"B329_LIKE+F16";820;0.1343;"E";"2";"n";134.9166;872;NA;NA;0.940366972477064;"No"
71;"71_E3";"E3";"B329_LIKE+F16";795;0.1346;"E";"3";"n";134.9166;872;NA;NA;0.911697247706422;"No"
71;"71_E4";"E4";"B329_LIKE+F16";910;0.1525;"E";"4";"n";134.9166;872;NA;NA;1.04357798165138;"No"
71;"71_E5";"E5";"B329_LIKE+F16";846;0.1448;"E";"5";"n";134.9166;872;NA;NA;0.970183486238532;"No"
71;"71_E6";"E6";"B329_LIKE+F16";856;0.2965;"E";"6";"n";134.9166;872;NA;NA;0.981651376146789;"No"
71;"71_E7";"E7";"B329_LIKE+F16";812;0.1481;"E";"7";"n";134.9166;872;NA;NA;0.931192660550459;"No"
71;"71_E8";"E8";"B329_LIKE+F16";852;0.1358;"E";"8";"n";134.9166;872;NA;NA;0.977064220183486;"No"
71;"71_E9";"E9";"B329_LIKE+F16";792;0.1368;"E";"9";"n";134.9166;872;NA;NA;0.908256880733945;"No"
71;"71_F10";"F10";"B329_LIKE+F16";784;0.1356;"F";"10";"n";134.9166;872;NA;NA;0.89908256880734;"No"
71;"71_F11";"F11";"B329_LIKE+F16";779;0.1406;"F";"11";"n";134.9166;872;NA;NA;0.893348623853211;"No"
71;"71_F2";"F2";"B329_LIKE+F16";771;0.1305;"F";"2";"n";134.9166;872;NA;NA;0.884174311926605;"No"
71;"71_F3";"F3";"B329_LIKE+F16";758;0.1341;"F";"3";"n";134.9166;872;NA;NA;0.869266055045872;"No"
71;"71_F4";"F4";"B329_LIKE+F16";745;0.2051;"F";"4";"n";134.9166;872;NA;NA;0.854357798165138;"No"
71;"71_F5";"F5";"B329_LIKE+F16";895;0.138;"F";"5";"n";134.9166;872;NA;NA;1.02637614678899;"No"
71;"71_F6";"F6";"B329_LIKE+F16";751;0.1262;"F";"6";"n";134.9166;872;NA;NA;0.861238532110092;"No"
71;"71_F7";"F7";"B329_LIKE+F16";847;0.1379;"F";"7";"n";134.9166;872;NA;NA;0.971330275229358;"No"
71;"71_F8";"F8";"B329_LIKE+F16";816;0.1349;"F";"8";"n";134.9166;872;NA;NA;0.935779816513762;"No"
71;"71_F9";"F9";"B329_LIKE+F16";788;0.1324;"F";"9";"n";134.9166;872;NA;NA;0.903669724770642;"No"
71;"71_G10";"G10";"B329_LIKE+F16";906;0.1526;"G";"10";"n";134.9166;872;NA;NA;1.03899082568807;"No"
71;"71_G11";"G11";"B329_LIKE+F16";1360;0.1632;"G";"11";"n";134.9166;872;NA;NA;1.55963302752294;"No"
71;"71_G2";"G2";"B329_LIKE+F16";1231;0.2095;"G";"2";"n";134.9166;872;NA;NA;1.41169724770642;"No"
71;"71_G3";"G3";"B329_LIKE+F16";1099;0.1816;"G";"3";"n";134.9166;872;NA;NA;1.26032110091743;"No"
71;"71_G4";"G4";"B329_LIKE+F16";1006;0.177;"G";"4";"n";134.9166;872;NA;NA;1.15366972477064;"No"
71;"71_G5";"G5";"B329_LIKE+F16";961;0.1696;"G";"5";"n";134.9166;872;NA;NA;1.10206422018349;"No"
71;"71_G6";"G6";"B329_LIKE+F16";922;0.157;"G";"6";"n";134.9166;872;NA;NA;1.05733944954128;"No"
71;"71_G7";"G7";"B329_LIKE+F16";924;0.1335;"G";"7";"n";134.9166;872;NA;NA;1.05963302752294;"No"
71;"71_G8";"G8";"B329_LIKE+F16";982;0.168;"G";"8";"n";134.9166;872;NA;NA;1.12614678899083;"No"
71;"71_G9";"G9";"B329_LIKE+F16";883;0.1484;"G";"9";"n";134.9166;872;NA;NA;1.01261467889908;"No"
72;"72_B10";"B10";"B329_LIKE+F16";794;0.1197;"B";"10";"n";89.6973;826.5;NA;NA;0.960677555958863;"No"
72;"72_B11";"B11";"B329_LIKE+F16";811;0.1405;"B";"11";"n";89.6973;826.5;NA;NA;0.981246218995765;"No"
72;"72_B2";"B2";"B329_LIKE+F16";775;0.135;"B";"2";"n";89.6973;826.5;NA;NA;0.937689050211736;"No"
72;"72_B3";"B3";"B329_LIKE+F16";718;0.1256;"B";"3";"n";89.6973;826.5;NA;NA;0.868723532970357;"No"
72;"72_B4";"B4";"B329_LIKE+F16";758;0.1333;"B";"4";"n";89.6973;826.5;NA;NA;0.917120387174834;"No"
72;"72_B5";"B5";"B329_LIKE+F16";846;0.1469;"B";"5";"n";89.6973;826.5;NA;NA;1.02359346642468;"No"
72;"72_B6";"B6";"B329_LIKE+F16";732;0.1214;"B";"6";"n";89.6973;826.5;NA;NA;0.885662431941924;"No"
72;"72_B7";"B7";"B329_LIKE+F16";1422;0.1411;"B";"7";"n";89.6973;826.5;NA;NA;1.72050816696915;"No"
72;"72_B8";"B8";"B329_LIKE+F16";783;0.1239;"B";"8";"n";89.6973;826.5;NA;NA;0.947368421052632;"No"
72;"72_B9";"B9";"B329_LIKE+F16";808;0.1401;"B";"9";"n";89.6973;826.5;NA;NA;0.97761645493043;"No"
72;"72_C10";"C10";"B329_LIKE+F16";819;0.1493;"C";"10";"n";89.6973;826.5;NA;NA;0.990925589836661;"No"
72;"72_C11";"C11";"B329_LIKE+F16";841;0.1416;"C";"11";"n";89.6973;826.5;NA;NA;1.01754385964912;"No"
72;"72_C2";"C2";"B329_LIKE+F16";726;0.1288;"C";"2";"n";89.6973;826.5;NA;NA;0.878402903811252;"No"
72;"72_C3";"C3";"B329_LIKE+F16";882;0.1261;"C";"3";"n";89.6973;826.5;NA;NA;1.06715063520871;"No"
72;"72_C4";"C4";"B329_LIKE+F16";688;0.1219;"C";"4";"n";89.6973;826.5;NA;NA;0.832425892316999;"No"
72;"72_C5";"C5";"B329_LIKE+F16";918;0.1361;"C";"5";"n";89.6973;826.5;NA;NA;1.11070780399274;"No"
72;"72_C6";"C6";"B329_LIKE+F16";714;0.1206;"C";"6";"n";89.6973;826.5;NA;NA;0.863883847549909;"No"
72;"72_C7";"C7";"B329_LIKE+F16";961;0.139;"C";"7";"n";89.6973;826.5;NA;NA;1.16273442226255;"No"
72;"72_C8";"C8";"B329_LIKE+F16";715;0.1231;"C";"8";"n";89.6973;826.5;NA;NA;0.865093768905021;"No"
72;"72_C9";"C9";"B329_LIKE+F16";743;0.1311;"C";"9";"n";89.6973;826.5;NA;NA;0.898971566848155;"No"
72;"72_D10";"D10";"B329_LIKE+F16";769;0.1288;"D";"10";"n";89.6973;826.5;NA;NA;0.930429522081065;"No"
72;"72_D11";"D11";"B329_LIKE+F16";779;0.1415;"D";"11";"n";89.6973;826.5;NA;NA;0.942528735632184;"No"
72;"72_D2";"D2";"B329_LIKE+F16";750;0.1311;"D";"2";"n";89.6973;826.5;NA;NA;0.907441016333938;"No"
72;"72_D3";"D3";"B329_LIKE+F16";830;0.1606;"D";"3";"n";89.6973;826.5;NA;NA;1.00423472474289;"No"
72;"72_D4";"D4";"B329_LIKE+F16";832;0.1481;"D";"4";"n";89.6973;826.5;NA;NA;1.00665456745312;"No"
72;"72_D5";"D5";"B329_LIKE+F16";898;0.1436;"D";"5";"n";89.6973;826.5;NA;NA;1.0865093768905;"No"
72;"72_D6";"D6";"B329_LIKE+F16";858;0.1496;"D";"6";"n";89.6973;826.5;NA;NA;1.03811252268603;"No"
72;"72_D7";"D7";"B329_LIKE+F16";796;0.1393;"D";"7";"n";89.6973;826.5;NA;NA;0.963097398669087;"No"
72;"72_D8";"D8";"B329_LIKE+F16";811;0.1339;"D";"8";"n";89.6973;826.5;NA;NA;0.981246218995765;"No"
72;"72_D9";"D9";"B329_LIKE+F16";778;0.1333;"D";"9";"n";89.6973;826.5;NA;NA;0.941318814277072;"No"
72;"72_E10";"E10";"B329_LIKE+F16";787;0.1362;"E";"10";"n";89.6973;826.5;NA;NA;0.952208106473079;"No"
72;"72_E11";"E11";"B329_LIKE+F16";762;0.1346;"E";"11";"n";89.6973;826.5;NA;NA;0.921960072595281;"No"
72;"72_E2";"E2";"B329_LIKE+F16";750;0.1337;"E";"2";"n";89.6973;826.5;NA;NA;0.907441016333938;"No"
72;"72_E3";"E3";"B329_LIKE+F16";727;0.1277;"E";"3";"n";89.6973;826.5;NA;NA;0.879612825166364;"No"
72;"72_E4";"E4";"B329_LIKE+F16";698;0.133;"E";"4";"n";89.6973;826.5;NA;NA;0.844525105868119;"No"
72;"72_E5";"E5";"B329_LIKE+F16";882;0.1528;"E";"5";"n";89.6973;826.5;NA;NA;1.06715063520871;"No"
72;"72_E6";"E6";"B329_LIKE+F16";776;0.1262;"E";"6";"n";89.6973;826.5;NA;NA;0.938898971566848;"No"
72;"72_E7";"E7";"B329_LIKE+F16";792;0.1415;"E";"7";"n";89.6973;826.5;NA;NA;0.958257713248639;"No"
72;"72_E8";"E8";"B329_LIKE+F16";811;0.1374;"E";"8";"n";89.6973;826.5;NA;NA;0.981246218995765;"No"
72;"72_E9";"E9";"B329_LIKE+F16";777;0.1347;"E";"9";"n";89.6973;826.5;NA;NA;0.94010889292196;"No"
72;"72_F10";"F10";"B329_LIKE+F16";892;0.1478;"F";"10";"n";89.6973;826.5;NA;NA;1.07924984875983;"No"
72;"72_F11";"F11";"B329_LIKE+F16";810;0.1528;"F";"11";"n";89.6973;826.5;NA;NA;0.980036297640653;"No"
72;"72_F2";"F2";"B329_LIKE+F16";754;0.1306;"F";"2";"n";89.6973;826.5;NA;NA;0.912280701754386;"No"
72;"72_F3";"F3";"B329_LIKE+F16";731;0.1299;"F";"3";"n";89.6973;826.5;NA;NA;0.884452510586812;"No"
72;"72_F4";"F4";"B329_LIKE+F16";823;0.1328;"F";"4";"n";89.6973;826.5;NA;NA;0.995765275257108;"No"
72;"72_F5";"F5";"B329_LIKE+F16";880;0.1408;"F";"5";"n";89.6973;826.5;NA;NA;1.06473079249849;"No"
72;"72_F6";"F6";"B329_LIKE+F16";821;0.1321;"F";"6";"n";89.6973;826.5;NA;NA;0.993345432546884;"No"
72;"72_F7";"F7";"B329_LIKE+F16";858;0.1426;"F";"7";"n";89.6973;826.5;NA;NA;1.03811252268603;"No"
72;"72_F8";"F8";"B329_LIKE+F16";1047;0.1573;"F";"8";"n";89.6973;826.5;NA;NA;1.26678765880218;"No"
72;"72_F9";"F9";"B329_LIKE+F16";874;0.1442;"F";"9";"n";89.6973;826.5;NA;NA;1.05747126436782;"No"
72;"72_G10";"G10";"B329_LIKE+F16";784;0.144;"G";"10";"n";89.6973;826.5;NA;NA;0.948578342407744;"No"
72;"72_G11";"G11";"B329_LIKE+F16";845;0.1528;"G";"11";"n";89.6973;826.5;NA;NA;1.02238354506957;"No"
72;"72_G2";"G2";"B329_LIKE+F16";884;0.151;"G";"2";"n";89.6973;826.5;NA;NA;1.06957047791894;"No"
72;"72_G3";"G3";"B329_LIKE+F16";978;0.1612;"G";"3";"n";89.6973;826.5;NA;NA;1.18330308529946;"No"
72;"72_G4";"G4";"B329_LIKE+F16";816;0.1378;"G";"4";"n";89.6973;826.5;NA;NA;0.987295825771325;"No"
72;"72_G5";"G5";"B329_LIKE+F16";911;0.1523;"G";"5";"n";89.6973;826.5;NA;NA;1.10223835450696;"No"
72;"72_G6";"G6";"B329_LIKE+F16";1014;0.1608;"G";"6";"n";89.6973;826.5;NA;NA;1.22686025408348;"No"
72;"72_G7";"G7";"B329_LIKE+F16";892;0.1623;"G";"7";"n";89.6973;826.5;NA;NA;1.07924984875983;"No"
72;"72_G8";"G8";"B329_LIKE+F16";888;0.1613;"G";"8";"n";89.6973;826.5;NA;NA;1.07441016333938;"No"
72;"72_G9";"G9";"B329_LIKE+F16";882;0.1451;"G";"9";"n";89.6973;826.5;NA;NA;1.06715063520871;"No"
73;"73_B10";"B10";"B329_LIKE+F16";792;0.1418;"B";"10";"n";114.1602;836.5;NA;NA;0.946802151823072;"No"
73;"73_B11";"B11";"B329_LIKE+F16";811;0.1338;"B";"11";"n";114.1602;836.5;NA;NA;0.969515839808727;"No"
73;"73_B2";"B2";"B329_LIKE+F16";874;0.1533;"B";"2";"n";114.1602;836.5;NA;NA;1.04482964734011;"No"
73;"73_B3";"B3";"B329_LIKE+F16";783;0.152;"B";"3";"n";114.1602;836.5;NA;NA;0.936043036461446;"No"
73;"73_B4";"B4";"B329_LIKE+F16";745;0.1289;"B";"4";"n";114.1602;836.5;NA;NA;0.890615660490138;"No"
73;"73_B5";"B5";"B329_LIKE+F16";657;0.1216;"B";"5";"n";114.1602;836.5;NA;NA;0.785415421398685;"No"
73;"73_B6";"B6";"B329_LIKE+F16";777;0.1259;"B";"6";"n";114.1602;836.5;NA;NA;0.928870292887029;"No"
73;"73_B7";"B7";"B329_LIKE+F16";634;0.115;"B";"7";"n";114.1602;836.5;NA;NA;0.757919904363419;"No"
73;"73_B8";"B8";"B329_LIKE+F16";765;0.1269;"B";"8";"n";114.1602;836.5;NA;NA;0.914524805738195;"No"
73;"73_B9";"B9";"B329_LIKE+F16";752;0.1254;"B";"9";"n";114.1602;836.5;NA;NA;0.898983861326958;"No"
73;"73_C10";"C10";"B329_LIKE+F16";913;0.1744;"C";"10";"n";114.1602;836.5;NA;NA;1.09145248057382;"No"
73;"73_C11";"C11";"B329_LIKE+F16";945;0.1656;"C";"11";"n";114.1602;836.5;NA;NA;1.12970711297071;"No"
73;"73_C2";"C2";"B329_LIKE+F16";861;0.1517;"C";"2";"n";114.1602;836.5;NA;NA;1.02928870292887;"No"
73;"73_C3";"C3";"B329_LIKE+F16";1098;0.1528;"C";"3";"n";114.1602;836.5;NA;NA;1.31261207411835;"No"
73;"73_C4";"C4";"B329_LIKE+F16";956;0.1409;"C";"4";"n";114.1602;836.5;NA;NA;1.14285714285714;"No"
73;"73_C5";"C5";"B329_LIKE+F16";825;0.1341;"C";"5";"n";114.1602;836.5;NA;NA;0.986252241482367;"No"
73;"73_C6";"C6";"B329_LIKE+F16";791;0.1416;"C";"6";"n";114.1602;836.5;NA;NA;0.94560669456067;"No"
73;"73_C7";"C7";"B329_LIKE+F16";857;0.1556;"C";"7";"n";114.1602;836.5;NA;NA;1.02450687387926;"No"
73;"73_C8";"C8";"B329_LIKE+F16";1602;0.1834;"C";"8";"n";114.1602;836.5;NA;NA;1.9151225343694;"No"
73;"73_C9";"C9";"B329_LIKE+F16";963;0.1796;"C";"9";"n";114.1602;836.5;NA;NA;1.15122534369396;"No"
73;"73_D10";"D10";"B329_LIKE+F16";770;0.1483;"D";"10";"n";114.1602;836.5;NA;NA;0.920502092050209;"No"
73;"73_D11";"D11";"B329_LIKE+F16";821;0.1499;"D";"11";"n";114.1602;836.5;NA;NA;0.981470412432756;"No"
73;"73_D2";"D2";"B329_LIKE+F16";1128;0.1735;"D";"2";"n";114.1602;836.5;NA;NA;1.34847579199044;"No"
73;"73_D3";"D3";"B329_LIKE+F16";903;0.1539;"D";"3";"n";114.1602;836.5;NA;NA;1.07949790794979;"No"
73;"73_D4";"D4";"B329_LIKE+F16";767;0.1467;"D";"4";"n";114.1602;836.5;NA;NA;0.916915720263001;"No"
73;"73_D5";"D5";"B329_LIKE+F16";955;0.1399;"D";"5";"n";114.1602;836.5;NA;NA;1.14166168559474;"No"
73;"73_D6";"D6";"B329_LIKE+F16";1011;0.1627;"D";"6";"n";114.1602;836.5;NA;NA;1.2086072922893;"No"
73;"73_D7";"D7";"B329_LIKE+F16";759;0.1398;"D";"7";"n";114.1602;836.5;NA;NA;0.907352062163778;"No"
73;"73_D8";"D8";"B329_LIKE+F16";791;0.1395;"D";"8";"n";114.1602;836.5;NA;NA;0.94560669456067;"No"
73;"73_D9";"D9";"B329_LIKE+F16";741;0.1442;"D";"9";"n";114.1602;836.5;NA;NA;0.885833831440526;"No"
73;"73_E10";"E10";"B329_LIKE+F16";773;0.1296;"E";"10";"n";114.1602;836.5;NA;NA;0.924088463837418;"No"
73;"73_E11";"E11";"B329_LIKE+F16";683;0.1283;"E";"11";"n";114.1602;836.5;NA;NA;0.81649731022116;"No"
73;"73_E2";"E2";"B329_LIKE+F16";774;0.1319;"E";"2";"n";114.1602;836.5;NA;NA;0.925283921099821;"No"
73;"73_E3";"E3";"B329_LIKE+F16";786;0.1331;"E";"3";"n";114.1602;836.5;NA;NA;0.939629408248655;"No"
73;"73_E4";"E4";"B329_LIKE+F16";752;0.1287;"E";"4";"n";114.1602;836.5;NA;NA;0.898983861326958;"No"
73;"73_E5";"E5";"B329_LIKE+F16";921;0.1405;"E";"5";"n";114.1602;836.5;NA;NA;1.10101613867304;"No"
73;"73_E6";"E6";"B329_LIKE+F16";809;0.1291;"E";"6";"n";114.1602;836.5;NA;NA;0.967124925283921;"No"
73;"73_E7";"E7";"B329_LIKE+F16";722;0.1239;"E";"7";"n";114.1602;836.5;NA;NA;0.863120143454872;"No"
73;"73_E8";"E8";"B329_LIKE+F16";634;0.1171;"E";"8";"n";114.1602;836.5;NA;NA;0.757919904363419;"No"
73;"73_E9";"E9";"B329_LIKE+F16";830;0.1309;"E";"9";"n";114.1602;836.5;NA;NA;0.992229527794381;"No"
73;"73_F10";"F10";"B329_LIKE+F16";768;0.1247;"F";"10";"n";114.1602;836.5;NA;NA;0.918111177525403;"No"
73;"73_F11";"F11";"B329_LIKE+F16";889;0.1674;"F";"11";"n";114.1602;836.5;NA;NA;1.06276150627615;"No"
73;"73_F2";"F2";"B329_LIKE+F16";802;0.1379;"F";"2";"n";114.1602;836.5;NA;NA;0.958756724447101;"No"
73;"73_F3";"F3";"B329_LIKE+F16";865;0.1564;"F";"3";"n";114.1602;836.5;NA;NA;1.03407053197848;"No"
73;"73_F4";"F4";"B329_LIKE+F16";815;0.1421;"F";"4";"n";114.1602;836.5;NA;NA;0.974297668858338;"No"
73;"73_F5";"F5";"B329_LIKE+F16";824;0.1385;"F";"5";"n";114.1602;836.5;NA;NA;0.985056784219964;"No"
73;"73_F6";"F6";"B329_LIKE+F16";886;0.1531;"F";"6";"n";114.1602;836.5;NA;NA;1.05917513448894;"No"
73;"73_F7";"F7";"B329_LIKE+F16";755;0.1383;"F";"7";"n";114.1602;836.5;NA;NA;0.902570233114166;"No"
73;"73_F8";"F8";"B329_LIKE+F16";769;0.1407;"F";"8";"n";114.1602;836.5;NA;NA;0.919306634787806;"No"
73;"73_F9";"F9";"B329_LIKE+F16";798;0.1472;"F";"9";"n";114.1602;836.5;NA;NA;0.95397489539749;"No"
73;"73_G10";"G10";"B329_LIKE+F16";953;0.1712;"G";"10";"n";114.1602;836.5;NA;NA;1.13927077106993;"No"
73;"73_G11";"G11";"B329_LIKE+F16";1009;0.1858;"G";"11";"n";114.1602;836.5;NA;NA;1.2062163777645;"No"
73;"73_G2";"G2";"B329_LIKE+F16";1211;0.2123;"G";"2";"n";114.1602;836.5;NA;NA;1.44769874476987;"No"
73;"73_G3";"G3";"B329_LIKE+F16";1036;0.188;"G";"3";"n";114.1602;836.5;NA;NA;1.23849372384937;"No"
73;"73_G4";"G4";"B329_LIKE+F16";914;0.1679;"G";"4";"n";114.1602;836.5;NA;NA;1.09264793783622;"No"
73;"73_G5";"G5";"B329_LIKE+F16";1060;0.1717;"G";"5";"n";114.1602;836.5;NA;NA;1.26718469814704;"No"
73;"73_G6";"G6";"B329_LIKE+F16";895;0.1578;"G";"6";"n";114.1602;836.5;NA;NA;1.06993424985057;"No"
73;"73_G7";"G7";"B329_LIKE+F16";877;0.1553;"G";"7";"n";114.1602;836.5;NA;NA;1.04841601912732;"No"
73;"73_G8";"G8";"B329_LIKE+F16";992;0.1836;"G";"8";"n";114.1602;836.5;NA;NA;1.18589360430365;"No"
73;"73_G9";"G9";"B329_LIKE+F16";913;0.1569;"G";"9";"n";114.1602;836.5;NA;NA;1.09145248057382;"No"
74;"74_B10";"B10";"B329_LIKE+F16";805;0.1311;"B";"10";"n";121.5732;808.5;NA;NA;0.995670995670996;"No"
74;"74_B11";"B11";"B329_LIKE+F16";720;0.126;"B";"11";"n";121.5732;808.5;NA;NA;0.890538033395176;"No"
74;"74_B2";"B2";"B329_LIKE+F16";720;0.1488;"B";"2";"n";121.5732;808.5;NA;NA;0.890538033395176;"No"
74;"74_B3";"B3";"B329_LIKE+F16";747;0.147;"B";"3";"n";121.5732;808.5;NA;NA;0.923933209647495;"No"
74;"74_B4";"B4";"B329_LIKE+F16";816;0.1481;"B";"4";"n";121.5732;808.5;NA;NA;1.00927643784787;"No"
74;"74_B5";"B5";"B329_LIKE+F16";690;0.1437;"B";"5";"n";121.5732;808.5;NA;NA;0.853432282003711;"No"
74;"74_B6";"B6";"B329_LIKE+F16";680;0.1333;"B";"6";"n";121.5732;808.5;NA;NA;0.841063698206555;"No"
74;"74_B7";"B7";"B329_LIKE+F16";778;0.1444;"B";"7";"n";121.5732;808.5;NA;NA;0.962275819418677;"No"
74;"74_B8";"B8";"B329_LIKE+F16";640;0.1213;"B";"8";"n";121.5732;808.5;NA;NA;0.791589363017934;"No"
74;"74_B9";"B9";"B329_LIKE+F16";662;0.121;"B";"9";"n";121.5732;808.5;NA;NA;0.818800247371676;"No"
74;"74_C10";"C10";"B329_LIKE+F16";840;0.1614;"C";"10";"n";121.5732;808.5;NA;NA;1.03896103896104;"No"
74;"74_C11";"C11";"B329_LIKE+F16";963;0.1808;"C";"11";"n";121.5732;808.5;NA;NA;1.19109461966605;"No"
74;"74_C2";"C2";"B329_LIKE+F16";823;0.1653;"C";"2";"n";121.5732;808.5;NA;NA;1.01793444650588;"No"
74;"74_C3";"C3";"B329_LIKE+F16";982;0.1763;"C";"3";"n";121.5732;808.5;NA;NA;1.21459492888064;"No"
74;"74_C4";"C4";"B329_LIKE+F16";1328;0.1974;"C";"4";"n";121.5732;808.5;NA;NA;1.64254792826221;"No"
74;"74_C5";"C5";"B329_LIKE+F16";934;0.1931;"C";"5";"n";121.5732;808.5;NA;NA;1.1552257266543;"No"
74;"74_C6";"C6";"B329_LIKE+F16";845;0.159;"C";"6";"n";121.5732;808.5;NA;NA;1.04514533085962;"No"
74;"74_C7";"C7";"B329_LIKE+F16";989;0.1747;"C";"7";"n";121.5732;808.5;NA;NA;1.22325293753865;"No"
74;"74_C8";"C8";"B329_LIKE+F16";871;0.1515;"C";"8";"n";121.5732;808.5;NA;NA;1.07730364873222;"No"
74;"74_C9";"C9";"B329_LIKE+F16";818;0.1447;"C";"9";"n";121.5732;808.5;NA;NA;1.0117501546073;"No"
74;"74_D10";"D10";"B329_LIKE+F16";773;0.1361;"D";"10";"n";121.5732;808.5;NA;NA;0.956091527520099;"No"
74;"74_D11";"D11";"B329_LIKE+F16";782;0.136;"D";"11";"n";121.5732;808.5;NA;NA;0.967223252937539;"No"
74;"74_D2";"D2";"B329_LIKE+F16";683;0.135;"D";"2";"n";121.5732;808.5;NA;NA;0.844774273345702;"No"
74;"74_D3";"D3";"B329_LIKE+F16";763;0.1448;"D";"3";"n";121.5732;808.5;NA;NA;0.943722943722944;"No"
74;"74_D4";"D4";"B329_LIKE+F16";918;0.1568;"D";"4";"n";121.5732;808.5;NA;NA;1.13543599257885;"No"
74;"74_D5";"D5";"B329_LIKE+F16";758;0.147;"D";"5";"n";121.5732;808.5;NA;NA;0.937538651824366;"No"
74;"74_D6";"D6";"B329_LIKE+F16";893;0.1488;"D";"6";"n";121.5732;808.5;NA;NA;1.10451453308596;"No"
74;"74_D7";"D7";"B329_LIKE+F16";1116;0.1831;"D";"7";"n";121.5732;808.5;NA;NA;1.38033395176252;"No"
74;"74_D8";"D8";"B329_LIKE+F16";853;0.148;"D";"8";"n";121.5732;808.5;NA;NA;1.05504019789734;"No"
74;"74_D9";"D9";"B329_LIKE+F16";847;0.1525;"D";"9";"n";121.5732;808.5;NA;NA;1.04761904761905;"No"
74;"74_E10";"E10";"B329_LIKE+F16";707;0.1418;"E";"10";"n";121.5732;808.5;NA;NA;0.874458874458874;"No"
74;"74_E11";"E11";"B329_LIKE+F16";898;0.1723;"E";"11";"n";121.5732;808.5;NA;NA;1.11069882498454;"No"
74;"74_E2";"E2";"B329_LIKE+F16";810;0.1308;"E";"2";"n";121.5732;808.5;NA;NA;1.00185528756957;"No"
74;"74_E3";"E3";"B329_LIKE+F16";601;0.1231;"E";"3";"n";121.5732;808.5;NA;NA;0.743351886209029;"No"
74;"74_E4";"E4";"B329_LIKE+F16";705;0.1308;"E";"4";"n";121.5732;808.5;NA;NA;0.871985157699443;"No"
74;"74_E5";"E5";"B329_LIKE+F16";690;0.1355;"E";"5";"n";121.5732;808.5;NA;NA;0.853432282003711;"No"
74;"74_E6";"E6";"B329_LIKE+F16";758;0.1402;"E";"6";"n";121.5732;808.5;NA;NA;0.937538651824366;"No"
74;"74_E7";"E7";"B329_LIKE+F16";808;0.1454;"E";"7";"n";121.5732;808.5;NA;NA;0.999381570810142;"No"
74;"74_E8";"E8";"B329_LIKE+F16";654;0.1212;"E";"8";"n";121.5732;808.5;NA;NA;0.808905380333952;"No"
74;"74_E9";"E9";"B329_LIKE+F16";895;0.1388;"E";"9";"n";121.5732;808.5;NA;NA;1.10698824984539;"No"
74;"74_F10";"F10";"B329_LIKE+F16";827;0.1637;"F";"10";"n";121.5732;808.5;NA;NA;1.02288188002474;"No"
74;"74_F11";"F11";"B329_LIKE+F16";918;0.16;"F";"11";"n";121.5732;808.5;NA;NA;1.13543599257885;"No"
74;"74_F2";"F2";"B329_LIKE+F16";772;0.1513;"F";"2";"n";121.5732;808.5;NA;NA;0.954854669140383;"No"
74;"74_F3";"F3";"B329_LIKE+F16";809;0.1584;"F";"3";"n";121.5732;808.5;NA;NA;1.00061842918986;"No"
74;"74_F4";"F4";"B329_LIKE+F16";858;0.1639;"F";"4";"n";121.5732;808.5;NA;NA;1.06122448979592;"No"
74;"74_F5";"F5";"B329_LIKE+F16";815;0.162;"F";"5";"n";121.5732;808.5;NA;NA;1.00803957946815;"No"
74;"74_F6";"F6";"B329_LIKE+F16";1056;0.1676;"F";"6";"n";121.5732;808.5;NA;NA;1.30612244897959;"No"
74;"74_F7";"F7";"B329_LIKE+F16";890;0.1703;"F";"7";"n";121.5732;808.5;NA;NA;1.10080395794682;"No"
74;"74_F8";"F8";"B329_LIKE+F16";722;0.139;"F";"8";"n";121.5732;808.5;NA;NA;0.893011750154607;"No"
74;"74_F9";"F9";"B329_LIKE+F16";781;0.1529;"F";"9";"n";121.5732;808.5;NA;NA;0.965986394557823;"No"
74;"74_G10";"G10";"B329_LIKE+F16";887;0.1683;"G";"10";"n";121.5732;808.5;NA;NA;1.09709338280767;"No"
74;"74_G11";"G11";"B329_LIKE+F16";964;0.1829;"G";"11";"n";121.5732;808.5;NA;NA;1.19233147804576;"No"
74;"74_G2";"G2";"B329_LIKE+F16";807;0.1583;"G";"2";"n";121.5732;808.5;NA;NA;0.998144712430427;"No"
74;"74_G3";"G3";"B329_LIKE+F16";844;0.1591;"G";"3";"n";121.5732;808.5;NA;NA;1.0439084724799;"No"
74;"74_G4";"G4";"B329_LIKE+F16";1025;0.1733;"G";"4";"n";121.5732;808.5;NA;NA;1.26777983920841;"No"
74;"74_G5";"G5";"B329_LIKE+F16";817;0.1589;"G";"5";"n";121.5732;808.5;NA;NA;1.01051329622758;"No"
74;"74_G6";"G6";"B329_LIKE+F16";891;0.1653;"G";"6";"n";121.5732;808.5;NA;NA;1.10204081632653;"No"
74;"74_G7";"G7";"B329_LIKE+F16";1023;0.1784;"G";"7";"n";121.5732;808.5;NA;NA;1.26530612244898;"No"
74;"74_G8";"G8";"B329_LIKE+F16";1237;0.1818;"G";"8";"n";121.5732;808.5;NA;NA;1.5299938157081;"No"
74;"74_G9";"G9";"B329_LIKE+F16";917;0.1669;"G";"9";"n";121.5732;808.5;NA;NA;1.13419913419913;"No"
75;"75_B10";"B10";"B329_LIKE+F16";627;0.1133;"B";"10";"n";123.7971;662;NA;NA;0.947129909365559;"No"
75;"75_B11";"B11";"B329_LIKE+F16";632;0.1123;"B";"11";"n";123.7971;662;NA;NA;0.954682779456193;"No"
75;"75_B2";"B2";"B329_LIKE+F16";780;0.1537;"B";"2";"n";123.7971;662;NA;NA;1.17824773413897;"No"
75;"75_B3";"B3";"B329_LIKE+F16";633;0.1317;"B";"3";"n";123.7971;662;NA;NA;0.95619335347432;"No"
75;"75_B4";"B4";"B329_LIKE+F16";909;0.1602;"B";"4";"n";123.7971;662;NA;NA;1.37311178247734;"No"
75;"75_B5";"B5";"B329_LIKE+F16";582;0.1064;"B";"5";"n";123.7971;662;NA;NA;0.879154078549849;"No"
75;"75_B6";"B6";"B329_LIKE+F16";652;0.1196;"B";"6";"n";123.7971;662;NA;NA;0.984894259818731;"No"
75;"75_B7";"B7";"B329_LIKE+F16";736;0.1304;"B";"7";"n";123.7971;662;NA;NA;1.11178247734139;"No"
75;"75_B8";"B8";"B329_LIKE+F16";707;0.1264;"B";"8";"n";123.7971;662;NA;NA;1.06797583081571;"No"
75;"75_B9";"B9";"B329_LIKE+F16";609;0.19;"B";"9";"n";123.7971;662;NA;NA;0.919939577039275;"No"
75;"75_C10";"C10";"B329_LIKE+F16";572;0.1081;"C";"10";"n";123.7971;662;NA;NA;0.86404833836858;"No"
75;"75_C11";"C11";"B329_LIKE+F16";840;0.1442;"C";"11";"n";123.7971;662;NA;NA;1.26888217522659;"No"
75;"75_C2";"C2";"B329_LIKE+F16";574;0.1076;"C";"2";"n";123.7971;662;NA;NA;0.867069486404834;"No"
75;"75_C3";"C3";"B329_LIKE+F16";594;0.1049;"C";"3";"n";123.7971;662;NA;NA;0.897280966767372;"No"
75;"75_C4";"C4";"B329_LIKE+F16";830;0.1339;"C";"4";"n";123.7971;662;NA;NA;1.25377643504532;"No"
75;"75_C5";"C5";"B329_LIKE+F16";579;0.1022;"C";"5";"n";123.7971;662;NA;NA;0.874622356495468;"No"
75;"75_C6";"C6";"B329_LIKE+F16";565;0.1055;"C";"6";"n";123.7971;662;NA;NA;0.853474320241692;"No"
75;"75_C7";"C7";"B329_LIKE+F16";663;0.1108;"C";"7";"n";123.7971;662;NA;NA;1.00151057401813;"No"
75;"75_C8";"C8";"B329_LIKE+F16";541;0.1075;"C";"8";"n";123.7971;662;NA;NA;0.817220543806647;"No"
75;"75_C9";"C9";"B329_LIKE+F16";781;0.143;"C";"9";"n";123.7971;662;NA;NA;1.1797583081571;"No"
75;"75_D10";"D10";"B329_LIKE+F16";594;0.1232;"D";"10";"n";123.7971;662;NA;NA;0.897280966767372;"No"
75;"75_D11";"D11";"B329_LIKE+F16";556;0.1112;"D";"11";"n";123.7971;662;NA;NA;0.83987915407855;"No"
75;"75_D2";"D2";"B329_LIKE+F16";764;0.1626;"D";"2";"n";123.7971;662;NA;NA;1.15407854984894;"No"
75;"75_D3";"D3";"B329_LIKE+F16";625;0.1317;"D";"3";"n";123.7971;662;NA;NA;0.944108761329305;"No"
75;"75_D4";"D4";"B329_LIKE+F16";633;0.1238;"D";"4";"n";123.7971;662;NA;NA;0.95619335347432;"No"
75;"75_D5";"D5";"B329_LIKE+F16";660;0.1398;"D";"5";"n";123.7971;662;NA;NA;0.996978851963746;"No"
75;"75_D6";"D6";"B329_LIKE+F16";527;0.1079;"D";"6";"n";123.7971;662;NA;NA;0.79607250755287;"No"
75;"75_D7";"D7";"B329_LIKE+F16";629;0.1089;"D";"7";"n";123.7971;662;NA;NA;0.950151057401813;"No"
75;"75_D8";"D8";"B329_LIKE+F16";530;0.1083;"D";"8";"n";123.7971;662;NA;NA;0.800604229607251;"No"
75;"75_D9";"D9";"B329_LIKE+F16";473;0.1406;"D";"9";"n";123.7971;662;NA;NA;0.714501510574018;"No"
75;"75_E10";"E10";"B329_LIKE+F16";583;0.1229;"E";"10";"n";123.7971;662;NA;NA;0.880664652567976;"No"
75;"75_E11";"E11";"B329_LIKE+F16";555;0.1177;"E";"11";"n";123.7971;662;NA;NA;0.838368580060423;"No"
75;"75_E2";"E2";"B329_LIKE+F16";685;0.122;"E";"2";"n";123.7971;662;NA;NA;1.03474320241692;"No"
75;"75_E3";"E3";"B329_LIKE+F16";652;0.1175;"E";"3";"n";123.7971;662;NA;NA;0.984894259818731;"No"
75;"75_E4";"E4";"B329_LIKE+F16";662;0.1156;"E";"4";"n";123.7971;662;NA;NA;1;"No"
75;"75_E5";"E5";"B329_LIKE+F16";465;0.1056;"E";"5";"n";123.7971;662;NA;NA;0.702416918429003;"No"
75;"75_E6";"E6";"B329_LIKE+F16";667;0.1092;"E";"6";"n";123.7971;662;NA;NA;1.00755287009063;"No"
75;"75_E7";"E7";"B329_LIKE+F16";614;0.1196;"E";"7";"n";123.7971;662;NA;NA;0.927492447129909;"No"
75;"75_E8";"E8";"B329_LIKE+F16";353;0.0924;"E";"8";"n";123.7971;662;NA;NA;0.533232628398791;"No"
75;"75_E9";"E9";"B329_LIKE+F16";519;0.12;"E";"9";"n";123.7971;662;NA;NA;0.783987915407855;"No"
75;"75_F10";"F10";"B329_LIKE+F16";672;0.1476;"F";"10";"n";123.7971;662;NA;NA;1.01510574018127;"No"
75;"75_F11";"F11";"B329_LIKE+F16";859;0.1308;"F";"11";"n";123.7971;662;NA;NA;1.297583081571;"No"
75;"75_F2";"F2";"B329_LIKE+F16";1085;0.2028;"F";"2";"n";123.7971;662;NA;NA;1.63897280966767;"No"
75;"75_F3";"F3";"B329_LIKE+F16";787;0.1618;"F";"3";"n";123.7971;662;NA;NA;1.18882175226586;"No"
75;"75_F4";"F4";"B329_LIKE+F16";825;0.1564;"F";"4";"n";123.7971;662;NA;NA;1.24622356495468;"No"
75;"75_F5";"F5";"B329_LIKE+F16";719;0.1555;"F";"5";"n";123.7971;662;NA;NA;1.08610271903323;"No"
75;"75_F6";"F6";"B329_LIKE+F16";1057;0.1941;"F";"6";"n";123.7971;662;NA;NA;1.59667673716012;"No"
75;"75_F7";"F7";"B329_LIKE+F16";638;0.1347;"F";"7";"n";123.7971;662;NA;NA;0.963746223564955;"No"
75;"75_F8";"F8";"B329_LIKE+F16";376;0.0916;"F";"8";"n";123.7971;662;NA;NA;0.56797583081571;"No"
75;"75_F9";"F9";"B329_LIKE+F16";628;0.2277;"F";"9";"n";123.7971;662;NA;NA;0.948640483383686;"No"
75;"75_G10";"G10";"B329_LIKE+F16";746;0.1491;"G";"10";"n";123.7971;662;NA;NA;1.12688821752266;"No"
75;"75_G11";"G11";"B329_LIKE+F16";735;0.1465;"G";"11";"n";123.7971;662;NA;NA;1.11027190332326;"No"
75;"75_G2";"G2";"B329_LIKE+F16";702;0.5254;"G";"2";"n";123.7971;662;NA;NA;1.06042296072508;"No"
75;"75_G3";"G3";"B329_LIKE+F16";675;0.1302;"G";"3";"n";123.7971;662;NA;NA;1.01963746223565;"No"
75;"75_G4";"G4";"B329_LIKE+F16";875;0.1492;"G";"4";"n";123.7971;662;NA;NA;1.32175226586103;"No"
75;"75_G5";"G5";"B329_LIKE+F16";682;0.1283;"G";"5";"n";123.7971;662;NA;NA;1.03021148036254;"No"
75;"75_G6";"G6";"B329_LIKE+F16";709;0.1385;"G";"6";"n";123.7971;662;NA;NA;1.07099697885196;"No"
75;"75_G7";"G7";"B329_LIKE+F16";710;0.1399;"G";"7";"n";123.7971;662;NA;NA;1.07250755287009;"No"
75;"75_G8";"G8";"B329_LIKE+F16";622;0.14;"G";"8";"n";123.7971;662;NA;NA;0.939577039274924;"No"
75;"75_G9";"G9";"B329_LIKE+F16";786;0.2326;"G";"9";"n";123.7971;662;NA;NA;1.18731117824773;"No"
76;"76_B10";"B10";"B329_LIKE+F16";584;0.1107;"B";"10";"n";63.0105;565.5;NA;NA;1.03271441202476;"No"
76;"76_B11";"B11";"B329_LIKE+F16";604;0.1092;"B";"11";"n";63.0105;565.5;NA;NA;1.06808134394341;"No"
76;"76_B2";"B2";"B329_LIKE+F16";596;0.1181;"B";"2";"n";63.0105;565.5;NA;NA;1.05393457117595;"No"
76;"76_B3";"B3";"B329_LIKE+F16";525;0.1027;"B";"3";"n";63.0105;565.5;NA;NA;0.928381962864722;"No"
76;"76_B4";"B4";"B329_LIKE+F16";607;0.1132;"B";"4";"n";63.0105;565.5;NA;NA;1.07338638373121;"No"
76;"76_B5";"B5";"B329_LIKE+F16";535;0.1086;"B";"5";"n";63.0105;565.5;NA;NA;0.94606542882405;"No"
76;"76_B6";"B6";"B329_LIKE+F16";598;0.1105;"B";"6";"n";63.0105;565.5;NA;NA;1.05747126436782;"No"
76;"76_B7";"B7";"B329_LIKE+F16";552;0.1075;"B";"7";"n";63.0105;565.5;NA;NA;0.976127320954907;"No"
76;"76_B8";"B8";"B329_LIKE+F16";536;0.0999;"B";"8";"n";63.0105;565.5;NA;NA;0.947833775419982;"No"
76;"76_B9";"B9";"B329_LIKE+F16";688;0.1253;"B";"9";"n";63.0105;565.5;NA;NA;1.21662245800177;"No"
76;"76_C10";"C10";"B329_LIKE+F16";599;0.1159;"C";"10";"n";63.0105;565.5;NA;NA;1.05923961096375;"No"
76;"76_C11";"C11";"B329_LIKE+F16";539;0.1098;"C";"11";"n";63.0105;565.5;NA;NA;0.953138815207781;"No"
76;"76_C2";"C2";"B329_LIKE+F16";526;0.1001;"C";"2";"n";63.0105;565.5;NA;NA;0.930150309460654;"No"
76;"76_C3";"C3";"B329_LIKE+F16";549;0.1085;"C";"3";"n";63.0105;565.5;NA;NA;0.970822281167109;"No"
76;"76_C4";"C4";"B329_LIKE+F16";567;0.1097;"C";"4";"n";63.0105;565.5;NA;NA;1.0026525198939;"No"
76;"76_C5";"C5";"B329_LIKE+F16";516;0.106;"C";"5";"n";63.0105;565.5;NA;NA;0.912466843501326;"No"
76;"76_C6";"C6";"B329_LIKE+F16";480;0.0982;"C";"6";"n";63.0105;565.5;NA;NA;0.848806366047745;"No"
76;"76_C7";"C7";"B329_LIKE+F16";472;0.0964;"C";"7";"n";63.0105;565.5;NA;NA;0.834659593280283;"No"
76;"76_C8";"C8";"B329_LIKE+F16";469;0.0977;"C";"8";"n";63.0105;565.5;NA;NA;0.829354553492485;"No"
76;"76_C9";"C9";"B329_LIKE+F16";471;0.1014;"C";"9";"n";63.0105;565.5;NA;NA;0.83289124668435;"No"
76;"76_D10";"D10";"B329_LIKE+F16";510;0.1019;"D";"10";"n";63.0105;565.5;NA;NA;0.90185676392573;"No"
76;"76_D11";"D11";"B329_LIKE+F16";454;0.1009;"D";"11";"n";63.0105;565.5;NA;NA;0.802829354553492;"No"
76;"76_D2";"D2";"B329_LIKE+F16";530;0.1002;"D";"2";"n";63.0105;565.5;NA;NA;0.937223695844385;"No"
76;"76_D3";"D3";"B329_LIKE+F16";501;0.0981;"D";"3";"n";63.0105;565.5;NA;NA;0.885941644562334;"No"
76;"76_D4";"D4";"B329_LIKE+F16";803;0.1227;"D";"4";"n";63.0105;565.5;NA;NA;1.41998231653404;"No"
76;"76_D5";"D5";"B329_LIKE+F16";462;0.0978;"D";"5";"n";63.0105;565.5;NA;NA;0.816976127320955;"No"
76;"76_D6";"D6";"B329_LIKE+F16";777;0.1076;"D";"6";"n";63.0105;565.5;NA;NA;1.37400530503979;"No"
76;"76_D7";"D7";"B329_LIKE+F16";669;0.1013;"D";"7";"n";63.0105;565.5;NA;NA;1.18302387267905;"No"
76;"76_D8";"D8";"B329_LIKE+F16";453;0.0946;"D";"8";"n";63.0105;565.5;NA;NA;0.80106100795756;"No"
76;"76_D9";"D9";"B329_LIKE+F16";579;0.1048;"D";"9";"n";63.0105;565.5;NA;NA;1.02387267904509;"No"
76;"76_E11";"E11";"B329_LIKE+F16";474;0.1155;"E";"11";"n";63.0105;565.5;NA;NA;0.838196286472148;"No"
76;"76_E2";"E2";"B329_LIKE+F16";547;0.1035;"E";"2";"n";63.0105;565.5;NA;NA;0.967285587975243;"No"
76;"76_E3";"E3";"B329_LIKE+F16";523;0.1045;"E";"3";"n";63.0105;565.5;NA;NA;0.924845269672856;"No"
76;"76_E4";"E4";"B329_LIKE+F16";557;0.1014;"E";"4";"n";63.0105;565.5;NA;NA;0.984969053934571;"No"
76;"76_E5";"E5";"B329_LIKE+F16";582;0.1059;"E";"5";"n";63.0105;565.5;NA;NA;1.02917771883289;"No"
76;"76_E6";"E6";"B329_LIKE+F16";573;0.1028;"E";"6";"n";63.0105;565.5;NA;NA;1.0132625994695;"No"
76;"76_E7";"E7";"B329_LIKE+F16";594;0.0992;"E";"7";"n";63.0105;565.5;NA;NA;1.05039787798408;"No"
76;"76_E8";"E8";"B329_LIKE+F16";500;0.0974;"E";"8";"n";63.0105;565.5;NA;NA;0.884173297966401;"No"
76;"76_E9";"E9";"B329_LIKE+F16";528;0.1051;"E";"9";"n";63.0105;565.5;NA;NA;0.93368700265252;"No"
76;"76_F10";"F10";"B329_LIKE+F16";697;0.1379;"F";"10";"n";63.0105;565.5;NA;NA;1.23253757736516;"No"
76;"76_F11";"F11";"B329_LIKE+F16";639;0.1318;"F";"11";"n";63.0105;565.5;NA;NA;1.12997347480106;"No"
76;"76_F2";"F2";"B329_LIKE+F16";563;0.0994;"F";"2";"n";63.0105;565.5;NA;NA;0.995579133510168;"No"
76;"76_F3";"F3";"B329_LIKE+F16";573;0.1051;"F";"3";"n";63.0105;565.5;NA;NA;1.0132625994695;"No"
76;"76_F4";"F4";"B329_LIKE+F16";657;0.109;"F";"4";"n";63.0105;565.5;NA;NA;1.16180371352785;"No"
76;"76_F5";"F5";"B329_LIKE+F16";824;0.1311;"F";"5";"n";63.0105;565.5;NA;NA;1.45711759504863;"No"
76;"76_F6";"F6";"B329_LIKE+F16";572;0.1076;"F";"6";"n";63.0105;565.5;NA;NA;1.01149425287356;"No"
76;"76_F7";"F7";"B329_LIKE+F16";563;0.1025;"F";"7";"n";63.0105;565.5;NA;NA;0.995579133510168;"No"
76;"76_F8";"F8";"B329_LIKE+F16";530;0.1094;"F";"8";"n";63.0105;565.5;NA;NA;0.937223695844385;"No"
76;"76_F9";"F9";"B329_LIKE+F16";564;0.1142;"F";"9";"n";63.0105;565.5;NA;NA;0.997347480106101;"No"
76;"76_G10";"G10";"B329_LIKE+F16";664;0.1397;"G";"10";"n";63.0105;565.5;NA;NA;1.17418213969938;"No"
76;"76_G11";"G11";"B329_LIKE+F16";657;0.1362;"G";"11";"n";63.0105;565.5;NA;NA;1.16180371352785;"No"
76;"76_G2";"G2";"B329_LIKE+F16";539;0.105;"G";"2";"n";63.0105;565.5;NA;NA;0.953138815207781;"No"
76;"76_G3";"G3";"B329_LIKE+F16";593;0.1133;"G";"3";"n";63.0105;565.5;NA;NA;1.04862953138815;"No"
76;"76_G4";"G4";"B329_LIKE+F16";678;0.1329;"G";"4";"n";63.0105;565.5;NA;NA;1.19893899204244;"No"
76;"76_G5";"G5";"B329_LIKE+F16";526;0.102;"G";"5";"n";63.0105;565.5;NA;NA;0.930150309460654;"No"
76;"76_G6";"G6";"B329_LIKE+F16";620;0.1129;"G";"6";"n";63.0105;565.5;NA;NA;1.09637488947834;"No"
76;"76_G7";"G7";"B329_LIKE+F16";584;0.1171;"G";"7";"n";63.0105;565.5;NA;NA;1.03271441202476;"No"
76;"76_G8";"G8";"B329_LIKE+F16";696;0.1342;"G";"8";"n";63.0105;565.5;NA;NA;1.23076923076923;"No"
76;"76_G9";"G9";"B329_LIKE+F16";742;0.1382;"G";"9";"n";63.0105;565.5;NA;NA;1.31211317418214;"No"
77;"77_B10";"B10";"B329_LIKE+F16";507;0.0979;"B";"10";"n";100.8168;565.5;NA;NA;0.896551724137931;"No"
77;"77_B11";"B11";"B329_LIKE+F16";534;0.1051;"B";"11";"n";100.8168;565.5;NA;NA;0.944297082228117;"No"
77;"77_B2";"B2";"B329_LIKE+F16";615;0.1073;"B";"2";"n";100.8168;565.5;NA;NA;1.08753315649867;"No"
77;"77_B3";"B3";"B329_LIKE+F16";575;0.1003;"B";"3";"n";100.8168;565.5;NA;NA;1.01679929266136;"No"
77;"77_B4";"B4";"B329_LIKE+F16";653;0.1037;"B";"4";"n";100.8168;565.5;NA;NA;1.15473032714412;"No"
77;"77_B5";"B5";"B329_LIKE+F16";466;0.0986;"B";"5";"n";100.8168;565.5;NA;NA;0.824049513704686;"No"
77;"77_B6";"B6";"B329_LIKE+F16";483;0.101;"B";"6";"n";100.8168;565.5;NA;NA;0.854111405835544;"No"
77;"77_B7";"B7";"B329_LIKE+F16";498;0.0974;"B";"7";"n";100.8168;565.5;NA;NA;0.880636604774536;"No"
77;"77_B8";"B8";"B329_LIKE+F16";490;0.097;"B";"8";"n";100.8168;565.5;NA;NA;0.866489832007073;"No"
77;"77_B9";"B9";"B329_LIKE+F16";672;0.1231;"B";"9";"n";100.8168;565.5;NA;NA;1.18832891246684;"No"
77;"77_C10";"C10";"B329_LIKE+F16";469;0.0995;"C";"10";"n";100.8168;565.5;NA;NA;0.829354553492485;"No"
77;"77_C11";"C11";"B329_LIKE+F16";535;0.1037;"C";"11";"n";100.8168;565.5;NA;NA;0.94606542882405;"No"
77;"77_C2";"C2";"B329_LIKE+F16";495;0.0995;"C";"2";"n";100.8168;565.5;NA;NA;0.875331564986737;"No"
77;"77_C3";"C3";"B329_LIKE+F16";472;0.0965;"C";"3";"n";100.8168;565.5;NA;NA;0.834659593280283;"No"
77;"77_C4";"C4";"B329_LIKE+F16";528;0.0999;"C";"4";"n";100.8168;565.5;NA;NA;0.93368700265252;"No"
77;"77_C5";"C5";"B329_LIKE+F16";450;0.0951;"C";"5";"n";100.8168;565.5;NA;NA;0.795755968169761;"No"
77;"77_C6";"C6";"B329_LIKE+F16";460;0.0985;"C";"6";"n";100.8168;565.5;NA;NA;0.813439434129089;"No"
77;"77_C7";"C7";"B329_LIKE+F16";434;0.0934;"C";"7";"n";100.8168;565.5;NA;NA;0.767462422634836;"No"
77;"77_C8";"C8";"B329_LIKE+F16";441;0.0937;"C";"8";"n";100.8168;565.5;NA;NA;0.779840848806366;"No"
77;"77_C9";"C9";"B329_LIKE+F16";524;0.0989;"C";"9";"n";100.8168;565.5;NA;NA;0.926613616268789;"No"
77;"77_D10";"D10";"B329_LIKE+F16";567;0.102;"D";"10";"n";100.8168;565.5;NA;NA;1.0026525198939;"No"
77;"77_D11";"D11";"B329_LIKE+F16";630;0.1097;"D";"11";"n";100.8168;565.5;NA;NA;1.11405835543767;"No"
77;"77_D2";"D2";"B329_LIKE+F16";558;0.1028;"D";"2";"n";100.8168;565.5;NA;NA;0.986737400530504;"No"
77;"77_D3";"D3";"B329_LIKE+F16";518;0.098;"D";"3";"n";100.8168;565.5;NA;NA;0.916003536693192;"No"
77;"77_D4";"D4";"B329_LIKE+F16";541;0.0974;"D";"4";"n";100.8168;565.5;NA;NA;0.956675508399646;"No"
77;"77_D5";"D5";"B329_LIKE+F16";522;0.0966;"D";"5";"n";100.8168;565.5;NA;NA;0.923076923076923;"No"
77;"77_D6";"D6";"B329_LIKE+F16";566;0.0965;"D";"6";"n";100.8168;565.5;NA;NA;1.00088417329797;"No"
77;"77_D7";"D7";"B329_LIKE+F16";587;0.0992;"D";"7";"n";100.8168;565.5;NA;NA;1.03801945181256;"No"
77;"77_D8";"D8";"B329_LIKE+F16";539;0.0984;"D";"8";"n";100.8168;565.5;NA;NA;0.953138815207781;"No"
77;"77_D9";"D9";"B329_LIKE+F16";529;0.099;"D";"9";"n";100.8168;565.5;NA;NA;0.935455349248453;"No"
77;"77_E10";"E10";"B329_LIKE+F16";517;0.101;"E";"10";"n";100.8168;565.5;NA;NA;0.914235190097259;"No"
77;"77_E11";"E11";"B329_LIKE+F16";567;0.1087;"E";"11";"n";100.8168;565.5;NA;NA;1.0026525198939;"No"
77;"77_E2";"E2";"B329_LIKE+F16";513;0.1009;"E";"2";"n";100.8168;565.5;NA;NA;0.907161803713528;"No"
77;"77_E3";"E3";"B329_LIKE+F16";469;0.0952;"E";"3";"n";100.8168;565.5;NA;NA;0.829354553492485;"No"
77;"77_E4";"E4";"B329_LIKE+F16";691;0.1078;"E";"4";"n";100.8168;565.5;NA;NA;1.22192749778957;"No"
77;"77_E5";"E5";"B329_LIKE+F16";517;0.0945;"E";"5";"n";100.8168;565.5;NA;NA;0.914235190097259;"No"
77;"77_E6";"E6";"B329_LIKE+F16";714;0.1059;"E";"6";"n";100.8168;565.5;NA;NA;1.26259946949602;"No"
77;"77_E7";"E7";"B329_LIKE+F16";740;0.1118;"E";"7";"n";100.8168;565.5;NA;NA;1.30857648099027;"No"
77;"77_E8";"E8";"B329_LIKE+F16";515;0.0985;"E";"8";"n";100.8168;565.5;NA;NA;0.910698496905394;"No"
77;"77_E9";"E9";"B329_LIKE+F16";490;0.0986;"E";"9";"n";100.8168;565.5;NA;NA;0.866489832007073;"No"
77;"77_F10";"F10";"B329_LIKE+F16";655;0.1207;"F";"10";"n";100.8168;565.5;NA;NA;1.15826702033599;"No"
77;"77_F11";"F11";"B329_LIKE+F16";866;0.1351;"F";"11";"n";100.8168;565.5;NA;NA;1.53138815207781;"No"
77;"77_F2";"F2";"B329_LIKE+F16";574;0.1078;"F";"2";"n";100.8168;565.5;NA;NA;1.01503094606543;"No"
77;"77_F3";"F3";"B329_LIKE+F16";583;0.1095;"F";"3";"n";100.8168;565.5;NA;NA;1.03094606542882;"No"
77;"77_F4";"F4";"B329_LIKE+F16";810;0.14;"F";"4";"n";100.8168;565.5;NA;NA;1.43236074270557;"No"
77;"77_F5";"F5";"B329_LIKE+F16";516;0.0976;"F";"5";"n";100.8168;565.5;NA;NA;0.912466843501326;"No"
77;"77_F6";"F6";"B329_LIKE+F16";497;0.0936;"F";"6";"n";100.8168;565.5;NA;NA;0.878868258178603;"No"
77;"77_F7";"F7";"B329_LIKE+F16";646;0.1122;"F";"7";"n";100.8168;565.5;NA;NA;1.14235190097259;"No"
77;"77_F8";"F8";"B329_LIKE+F16";496;0.0986;"F";"8";"n";100.8168;565.5;NA;NA;0.87709991158267;"No"
77;"77_F9";"F9";"B329_LIKE+F16";539;0.1022;"F";"9";"n";100.8168;565.5;NA;NA;0.953138815207781;"No"
77;"77_G10";"G10";"B329_LIKE+F16";648;0.1342;"G";"10";"n";100.8168;565.5;NA;NA;1.14588859416446;"No"
77;"77_G11";"G11";"B329_LIKE+F16";674;0.1349;"G";"11";"n";100.8168;565.5;NA;NA;1.19186560565871;"No"
77;"77_G2";"G2";"B329_LIKE+F16";540;0.1056;"G";"2";"n";100.8168;565.5;NA;NA;0.954907161803713;"No"
77;"77_G3";"G3";"B329_LIKE+F16";545;0.105;"G";"3";"n";100.8168;565.5;NA;NA;0.963748894783378;"No"
77;"77_G4";"G4";"B329_LIKE+F16";663;0.1199;"G";"4";"n";100.8168;565.5;NA;NA;1.17241379310345;"No"
77;"77_G5";"G5";"B329_LIKE+F16";565;0.1108;"G";"5";"n";100.8168;565.5;NA;NA;0.999115826702034;"No"
77;"77_G6";"G6";"B329_LIKE+F16";717;0.1217;"G";"6";"n";100.8168;565.5;NA;NA;1.26790450928382;"No"
77;"77_G7";"G7";"B329_LIKE+F16";626;0.1112;"G";"7";"n";100.8168;565.5;NA;NA;1.10698496905393;"No"
77;"77_G8";"G8";"B329_LIKE+F16";1076;0.1493;"G";"8";"n";100.8168;565.5;NA;NA;1.9027409372237;"No"
77;"77_G9";"G9";"B329_LIKE+F16";661;0.1278;"G";"9";"n";100.8168;565.5;NA;NA;1.16887709991158;"No"
78;"78_B10";"B10";"B329_LIKE+F16";716;0.1333;"B";"10";"n";117.8667;704.5;NA;NA;1.01632363378282;"No"
78;"78_B11";"B11";"B329_LIKE+F16";666;0.1243;"B";"11";"n";117.8667;704.5;NA;NA;0.945351312987935;"No"
78;"78_B2";"B2";"B329_LIKE+F16";693;0.1082;"B";"2";"n";117.8667;704.5;NA;NA;0.983676366217175;"No"
78;"78_B3";"B3";"B329_LIKE+F16";705;0.1223;"B";"3";"n";117.8667;704.5;NA;NA;1.00070972320795;"No"
78;"78_B4";"B4";"B329_LIKE+F16";1097;0.1541;"B";"4";"n";117.8667;704.5;NA;NA;1.55713271823989;"No"
78;"78_B5";"B5";"B329_LIKE+F16";629;0.105;"B";"5";"n";117.8667;704.5;NA;NA;0.892831795599716;"No"
78;"78_B6";"B6";"B329_LIKE+F16";620;0.1019;"B";"6";"n";117.8667;704.5;NA;NA;0.880056777856636;"No"
78;"78_B7";"B7";"B329_LIKE+F16";599;0.1013;"B";"7";"n";117.8667;704.5;NA;NA;0.850248403122782;"No"
78;"78_B8";"B8";"B329_LIKE+F16";641;0.1089;"B";"8";"n";117.8667;704.5;NA;NA;0.90986515259049;"No"
78;"78_B9";"B9";"B329_LIKE+F16";644;0.1149;"B";"9";"n";117.8667;704.5;NA;NA;0.914123491838183;"No"
78;"78_C10";"C10";"B329_LIKE+F16";710;0.1118;"C";"10";"n";117.8667;704.5;NA;NA;1.00780695528744;"No"
78;"78_C11";"C11";"B329_LIKE+F16";854;0.1699;"C";"11";"n";117.8667;704.5;NA;NA;1.21220723917672;"No"
78;"78_C2";"C2";"B329_LIKE+F16";639;0.1006;"C";"2";"n";117.8667;704.5;NA;NA;0.907026259758694;"No"
78;"78_C3";"C3";"B329_LIKE+F16";849;0.1421;"C";"3";"n";117.8667;704.5;NA;NA;1.20511000709723;"No"
78;"78_C4";"C4";"B329_LIKE+F16";996;0.1658;"C";"4";"n";117.8667;704.5;NA;NA;1.41376863023421;"No"
78;"78_C5";"C5";"B329_LIKE+F16";663;0.1064;"C";"5";"n";117.8667;704.5;NA;NA;0.941092973740241;"No"
78;"78_C6";"C6";"B329_LIKE+F16";983;0.1316;"C";"6";"n";117.8667;704.5;NA;NA;1.39531582682754;"No"
78;"78_C7";"C7";"B329_LIKE+F16";777;0.1309;"C";"7";"n";117.8667;704.5;NA;NA;1.10290986515259;"No"
78;"78_C8";"C8";"B329_LIKE+F16";796;0.1446;"C";"8";"n";117.8667;704.5;NA;NA;1.12987934705465;"No"
78;"78_C9";"C9";"B329_LIKE+F16";740;0.1217;"C";"9";"n";117.8667;704.5;NA;NA;1.05039034776437;"No"
78;"78_D10";"D10";"B329_LIKE+F16";692;0.1166;"D";"10";"n";117.8667;704.5;NA;NA;0.982256919801277;"No"
78;"78_D11";"D11";"B329_LIKE+F16";633;0.1181;"D";"11";"n";117.8667;704.5;NA;NA;0.898509581263307;"No"
78;"78_D2";"D2";"B329_LIKE+F16";656;0.1098;"D";"2";"n";117.8667;704.5;NA;NA;0.931156848828957;"No"
78;"78_D3";"D3";"B329_LIKE+F16";886;0.1189;"D";"3";"n";117.8667;704.5;NA;NA;1.25762952448545;"No"
78;"78_D4";"D4";"B329_LIKE+F16";621;0.0999;"D";"4";"n";117.8667;704.5;NA;NA;0.881476224272534;"No"
78;"78_D5";"D5";"B329_LIKE+F16";891;0.1173;"D";"5";"n";117.8667;704.5;NA;NA;1.26472675656494;"No"
78;"78_D6";"D6";"B329_LIKE+F16";970;0.1284;"D";"6";"n";117.8667;704.5;NA;NA;1.37686302342087;"No"
78;"78_D7";"D7";"B329_LIKE+F16";721;0.1106;"D";"7";"n";117.8667;704.5;NA;NA;1.02342086586231;"No"
78;"78_D8";"D8";"B329_LIKE+F16";823;0.1369;"D";"8";"n";117.8667;704.5;NA;NA;1.16820440028389;"No"
78;"78_D9";"D9";"B329_LIKE+F16";545;0.1006;"D";"9";"n";117.8667;704.5;NA;NA;0.773598296664301;"No"
78;"78_E10";"E10";"B329_LIKE+F16";584;0.1135;"E";"10";"n";117.8667;704.5;NA;NA;0.828956706884315;"No"
78;"78_E11";"E11";"B329_LIKE+F16";577;0.1007;"E";"11";"n";117.8667;704.5;NA;NA;0.81902058197303;"No"
78;"78_E2";"E2";"B329_LIKE+F16";631;0.1062;"E";"2";"n";117.8667;704.5;NA;NA;0.895670688431512;"No"
78;"78_E3";"E3";"B329_LIKE+F16";583;0.107;"E";"3";"n";117.8667;704.5;NA;NA;0.827537260468417;"No"
78;"78_E4";"E4";"B329_LIKE+F16";1003;0.1487;"E";"4";"n";117.8667;704.5;NA;NA;1.42370475514549;"No"
78;"78_E5";"E5";"B329_LIKE+F16";1314;0.158;"E";"5";"n";117.8667;704.5;NA;NA;1.86515259048971;"No"
78;"78_E6";"E6";"B329_LIKE+F16";847;0.1199;"E";"6";"n";117.8667;704.5;NA;NA;1.20227111426544;"No"
78;"78_E7";"E7";"B329_LIKE+F16";648;0.1147;"E";"7";"n";117.8667;704.5;NA;NA;0.919801277501774;"No"
78;"78_E8";"E8";"B329_LIKE+F16";533;0.1024;"E";"8";"n";117.8667;704.5;NA;NA;0.756564939673527;"No"
78;"78_E9";"E9";"B329_LIKE+F16";801;0.1296;"E";"9";"n";117.8667;704.5;NA;NA;1.13697657913414;"No"
78;"78_F10";"F10";"B329_LIKE+F16";606;0.1123;"F";"10";"n";117.8667;704.5;NA;NA;0.860184528034067;"No"
78;"78_F11";"F11";"B329_LIKE+F16";676;0.13;"F";"11";"n";117.8667;704.5;NA;NA;0.959545777146913;"No"
78;"78_F2";"F2";"B329_LIKE+F16";694;0.112;"F";"2";"n";117.8667;704.5;NA;NA;0.985095812633073;"No"
78;"78_F3";"F3";"B329_LIKE+F16";689;0.116;"F";"3";"n";117.8667;704.5;NA;NA;0.977998580553584;"No"
78;"78_F4";"F4";"B329_LIKE+F16";759;0.1315;"F";"4";"n";117.8667;704.5;NA;NA;1.07735982966643;"No"
78;"78_F5";"F5";"B329_LIKE+F16";714;0.1235;"F";"5";"n";117.8667;704.5;NA;NA;1.01348474095103;"No"
78;"78_F6";"F6";"B329_LIKE+F16";780;0.1255;"F";"6";"n";117.8667;704.5;NA;NA;1.10716820440028;"No"
78;"78_F7";"F7";"B329_LIKE+F16";605;0.1117;"F";"7";"n";117.8667;704.5;NA;NA;0.858765081618169;"No"
78;"78_F8";"F8";"B329_LIKE+F16";599;0.1074;"F";"8";"n";117.8667;704.5;NA;NA;0.850248403122782;"No"
78;"78_F9";"F9";"B329_LIKE+F16";587;0.1072;"F";"9";"n";117.8667;704.5;NA;NA;0.833215046132008;"No"
78;"78_G10";"G10";"B329_LIKE+F16";674;0.1359;"G";"10";"n";117.8667;704.5;NA;NA;0.956706884315117;"No"
78;"78_G11";"G11";"B329_LIKE+F16";746;0.1424;"G";"11";"n";117.8667;704.5;NA;NA;1.05890702625976;"No"
78;"78_G2";"G2";"B329_LIKE+F16";792;0.1184;"G";"2";"n";117.8667;704.5;NA;NA;1.12420156139106;"No"
78;"78_G3";"G3";"B329_LIKE+F16";705;0.1245;"G";"3";"n";117.8667;704.5;NA;NA;1.00070972320795;"No"
78;"78_G4";"G4";"B329_LIKE+F16";845;0.1389;"G";"4";"n";117.8667;704.5;NA;NA;1.19943222143364;"No"
78;"78_G5";"G5";"B329_LIKE+F16";815;0.129;"G";"5";"n";117.8667;704.5;NA;NA;1.15684882895671;"No"
78;"78_G6";"G6";"B329_LIKE+F16";720;0.1302;"G";"6";"n";117.8667;704.5;NA;NA;1.02200141944642;"No"
78;"78_G7";"G7";"B329_LIKE+F16";666;0.1246;"G";"7";"n";117.8667;704.5;NA;NA;0.945351312987935;"No"
78;"78_G8";"G8";"B329_LIKE+F16";824;0.1307;"G";"8";"n";117.8667;704.5;NA;NA;1.16962384669979;"No"
78;"78_G9";"G9";"B329_LIKE+F16";640;0.1311;"G";"9";"n";117.8667;704.5;NA;NA;0.908445706174592;"No"
79;"79_B10";"B10";"B329_LIKE+F16";867;0.1386;"B";"10";"n";96.369;784.5;NA;NA;1.10516252390057;"No"
79;"79_B11";"B11";"B329_LIKE+F16";757;0.1341;"B";"11";"n";96.369;784.5;NA;NA;0.964945825366475;"No"
79;"79_B2";"B2";"B329_LIKE+F16";786;0.1915;"B";"2";"n";96.369;784.5;NA;NA;1.0019120458891;"No"
79;"79_B3";"B3";"B329_LIKE+F16";865;0.1933;"B";"3";"n";96.369;784.5;NA;NA;1.10261312938177;"No"
79;"79_B4";"B4";"B329_LIKE+F16";882;0.1839;"B";"4";"n";96.369;784.5;NA;NA;1.12428298279159;"No"
79;"79_B5";"B5";"B329_LIKE+F16";852;0.1946;"B";"5";"n";96.369;784.5;NA;NA;1.08604206500956;"No"
79;"79_B6";"B6";"B329_LIKE+F16";803;0.1717;"B";"6";"n";96.369;784.5;NA;NA;1.02358189929892;"No"
79;"79_B7";"B7";"B329_LIKE+F16";851;0.1498;"B";"7";"n";96.369;784.5;NA;NA;1.08476736775016;"No"
79;"79_B8";"B8";"B329_LIKE+F16";814;0.1509;"B";"8";"n";96.369;784.5;NA;NA;1.03760356915233;"No"
79;"79_B9";"B9";"B329_LIKE+F16";739;0.1491;"B";"9";"n";96.369;784.5;NA;NA;0.942001274697259;"No"
79;"79_C10";"C10";"B329_LIKE+F16";631;0.1308;"C";"10";"n";96.369;784.5;NA;NA;0.804333970681963;"No"
79;"79_C11";"C11";"B329_LIKE+F16";804;0.1428;"C";"11";"n";96.369;784.5;NA;NA;1.02485659655832;"No"
79;"79_C2";"C2";"B329_LIKE+F16";789;0.1617;"C";"2";"n";96.369;784.5;NA;NA;1.0057361376673;"No"
79;"79_C3";"C3";"B329_LIKE+F16";692;0.1576;"C";"3";"n";96.369;784.5;NA;NA;0.882090503505418;"No"
79;"79_C4";"C4";"B329_LIKE+F16";720;0.1547;"C";"4";"n";96.369;784.5;NA;NA;0.917782026768642;"No"
79;"79_C5";"C5";"B329_LIKE+F16";650;0.137;"C";"5";"n";96.369;784.5;NA;NA;0.82855321861058;"No"
79;"79_C6";"C6";"B329_LIKE+F16";673;0.1423;"C";"6";"n";96.369;784.5;NA;NA;0.8578712555768;"No"
79;"79_C7";"C7";"B329_LIKE+F16";779;0.1441;"C";"7";"n";96.369;784.5;NA;NA;0.992989165073295;"No"
79;"79_C8";"C8";"B329_LIKE+F16";618;0.1371;"C";"8";"n";96.369;784.5;NA;NA;0.787762906309751;"No"
79;"79_C9";"C9";"B329_LIKE+F16";607;0.1287;"C";"9";"n";96.369;784.5;NA;NA;0.773741236456342;"No"
79;"79_D10";"D10";"B329_LIKE+F16";760;0.1348;"D";"10";"n";96.369;784.5;NA;NA;0.968769917144678;"No"
79;"79_D11";"D11";"B329_LIKE+F16";738;0.138;"D";"11";"n";96.369;784.5;NA;NA;0.940726577437858;"No"
79;"79_D2";"D2";"B329_LIKE+F16";1052;0.2249;"D";"2";"n";96.369;784.5;NA;NA;1.34098151688974;"No"
79;"79_D3";"D3";"B329_LIKE+F16";1307;0.2194;"D";"3";"n";96.369;784.5;NA;NA;1.66602931803697;"No"
79;"79_D4";"D4";"B329_LIKE+F16";946;0.2054;"D";"4";"n";96.369;784.5;NA;NA;1.20586360739324;"No"
79;"79_D5";"D5";"B329_LIKE+F16";854;0.1764;"D";"5";"n";96.369;784.5;NA;NA;1.08859145952836;"No"
79;"79_D6";"D6";"B329_LIKE+F16";902;0.1821;"D";"6";"n";96.369;784.5;NA;NA;1.1497769279796;"No"
79;"79_D7";"D7";"B329_LIKE+F16";785;0.162;"D";"7";"n";96.369;784.5;NA;NA;1.0006373486297;"No"
79;"79_D8";"D8";"B329_LIKE+F16";735;0.1531;"D";"8";"n";96.369;784.5;NA;NA;0.936902485659656;"No"
79;"79_D9";"D9";"B329_LIKE+F16";761;0.1389;"D";"9";"n";96.369;784.5;NA;NA;0.970044614404079;"No"
79;"79_E10";"E10";"B329_LIKE+F16";679;0.1373;"E";"10";"n";96.369;784.5;NA;NA;0.865519439133206;"No"
79;"79_E11";"E11";"B329_LIKE+F16";699;0.1368;"E";"11";"n";96.369;784.5;NA;NA;0.891013384321224;"No"
79;"79_E2";"E2";"B329_LIKE+F16";751;0.181;"E";"2";"n";96.369;784.5;NA;NA;0.95729764181007;"No"
79;"79_E3";"E3";"B329_LIKE+F16";807;0.18;"E";"3";"n";96.369;784.5;NA;NA;1.02868068833652;"No"
79;"79_E4";"E4";"B329_LIKE+F16";860;0.179;"E";"4";"n";96.369;784.5;NA;NA;1.09623964308477;"No"
79;"79_E5";"E5";"B329_LIKE+F16";835;0.1825;"E";"5";"n";96.369;784.5;NA;NA;1.06437221159975;"No"
79;"79_E6";"E6";"B329_LIKE+F16";835;0.1696;"E";"6";"n";96.369;784.5;NA;NA;1.06437221159975;"No"
79;"79_E7";"E7";"B329_LIKE+F16";950;0.1721;"E";"7";"n";96.369;784.5;NA;NA;1.21096239643085;"No"
79;"79_E8";"E8";"B329_LIKE+F16";837;0.1826;"E";"8";"n";96.369;784.5;NA;NA;1.06692160611855;"No"
79;"79_E9";"E9";"B329_LIKE+F16";664;0.1417;"E";"9";"n";96.369;784.5;NA;NA;0.846398980242193;"No"
79;"79_F10";"F10";"B329_LIKE+F16";1288;0.1805;"F";"10";"n";96.369;784.5;NA;NA;1.64181007010835;"No"
79;"79_F11";"F11";"B329_LIKE+F16";742;0.1499;"F";"11";"n";96.369;784.5;NA;NA;0.945825366475462;"No"
79;"79_F2";"F2";"B329_LIKE+F16";672;0.1496;"F";"2";"n";96.369;784.5;NA;NA;0.8565965583174;"No"
79;"79_F3";"F3";"B329_LIKE+F16";697;0.1555;"F";"3";"n";96.369;784.5;NA;NA;0.888463989802422;"No"
79;"79_F4";"F4";"B329_LIKE+F16";726;0.1596;"F";"4";"n";96.369;784.5;NA;NA;0.925430210325048;"No"
79;"79_F5";"F5";"B329_LIKE+F16";737;0.1629;"F";"5";"n";96.369;784.5;NA;NA;0.939451880178458;"No"
79;"79_F6";"F6";"B329_LIKE+F16";749;0.1561;"F";"6";"n";96.369;784.5;NA;NA;0.954748247291268;"No"
79;"79_F7";"F7";"B329_LIKE+F16";838;0.1719;"F";"7";"n";96.369;784.5;NA;NA;1.06819630337795;"No"
79;"79_F8";"F8";"B329_LIKE+F16";811;0.156;"F";"8";"n";96.369;784.5;NA;NA;1.03377947737412;"No"
79;"79_F9";"F9";"B329_LIKE+F16";830;0.1544;"F";"9";"n";96.369;784.5;NA;NA;1.05799872530274;"No"
79;"79_G10";"G10";"B329_LIKE+F16";911;0.1665;"G";"10";"n";96.369;784.5;NA;NA;1.16124920331421;"No"
79;"79_G11";"G11";"B329_LIKE+F16";850;0.1637;"G";"11";"n";96.369;784.5;NA;NA;1.08349267049076;"No"
79;"79_G2";"G2";"B329_LIKE+F16";796;0.1754;"G";"2";"n";96.369;784.5;NA;NA;1.01465901848311;"No"
79;"79_G3";"G3";"B329_LIKE+F16";761;0.1586;"G";"3";"n";96.369;784.5;NA;NA;0.970044614404079;"No"
79;"79_G4";"G4";"B329_LIKE+F16";760;0.1634;"G";"4";"n";96.369;784.5;NA;NA;0.968769917144678;"No"
79;"79_G5";"G5";"B329_LIKE+F16";899;0.1896;"G";"5";"n";96.369;784.5;NA;NA;1.1459528362014;"No"
79;"79_G6";"G6";"B329_LIKE+F16";852;0.1802;"G";"6";"n";96.369;784.5;NA;NA;1.08604206500956;"No"
79;"79_G7";"G7";"B329_LIKE+F16";887;0.1742;"G";"7";"n";96.369;784.5;NA;NA;1.13065646908859;"No"
79;"79_G8";"G8";"B329_LIKE+F16";869;0.1677;"G";"8";"n";96.369;784.5;NA;NA;1.10771191841938;"No"
79;"79_G9";"G9";"B329_LIKE+F16";787;0.1612;"G";"9";"n";96.369;784.5;NA;NA;1.0031867431485;"No"
80;"80_B10";"B10";"B329_LIKE+F16";758;0.1426;"B";"10";"n";85.9908;698;NA;NA;1.08595988538682;"No"
80;"80_B11";"B11";"B329_LIKE+F16";739;0.1483;"B";"11";"n";85.9908;698;NA;NA;1.05873925501433;"No"
80;"80_B2";"B2";"B329_LIKE+F16";639;0.1329;"B";"2";"n";85.9908;698;NA;NA;0.915472779369627;"No"
80;"80_B3";"B3";"B329_LIKE+F16";745;0.1528;"B";"3";"n";85.9908;698;NA;NA;1.06733524355301;"No"
80;"80_B4";"B4";"B329_LIKE+F16";731;0.1511;"B";"4";"n";85.9908;698;NA;NA;1.04727793696275;"No"
80;"80_B5";"B5";"B329_LIKE+F16";621;0.1281;"B";"5";"n";85.9908;698;NA;NA;0.889684813753582;"No"
80;"80_B6";"B6";"B329_LIKE+F16";611;0.1262;"B";"6";"n";85.9908;698;NA;NA;0.875358166189112;"No"
80;"80_B7";"B7";"B329_LIKE+F16";689;0.1436;"B";"7";"n";85.9908;698;NA;NA;0.987106017191977;"No"
80;"80_B8";"B8";"B329_LIKE+F16";682;0.1275;"B";"8";"n";85.9908;698;NA;NA;0.977077363896848;"No"
80;"80_B9";"B9";"B329_LIKE+F16";781;0.1416;"B";"9";"n";85.9908;698;NA;NA;1.1189111747851;"No"
80;"80_C10";"C10";"B329_LIKE+F16";632;0.126;"C";"10";"n";85.9908;698;NA;NA;0.905444126074499;"No"
80;"80_C11";"C11";"B329_LIKE+F16";691;0.1355;"C";"11";"n";85.9908;698;NA;NA;0.989971346704871;"No"
80;"80_C2";"C2";"B329_LIKE+F16";751;0.145;"C";"2";"n";85.9908;698;NA;NA;1.07593123209169;"No"
80;"80_C3";"C3";"B329_LIKE+F16";737;0.1294;"C";"3";"n";85.9908;698;NA;NA;1.05587392550143;"No"
80;"80_C4";"C4";"B329_LIKE+F16";616;0.1265;"C";"4";"n";85.9908;698;NA;NA;0.882521489971347;"No"
80;"80_C5";"C5";"B329_LIKE+F16";571;0.1184;"C";"5";"n";85.9908;698;NA;NA;0.818051575931232;"No"
80;"80_C6";"C6";"B329_LIKE+F16";591;0.1201;"C";"6";"n";85.9908;698;NA;NA;0.846704871060172;"No"
80;"80_C7";"C7";"B329_LIKE+F16";591;0.1196;"C";"7";"n";85.9908;698;NA;NA;0.846704871060172;"No"
80;"80_C8";"C8";"B329_LIKE+F16";607;0.118;"C";"8";"n";85.9908;698;NA;NA;0.869627507163324;"No"
80;"80_C9";"C9";"B329_LIKE+F16";619;0.1265;"C";"9";"n";85.9908;698;NA;NA;0.886819484240688;"No"
80;"80_D10";"D10";"B329_LIKE+F16";674;0.1334;"D";"10";"n";85.9908;698;NA;NA;0.965616045845272;"No"
80;"80_D11";"D11";"B329_LIKE+F16";688;0.133;"D";"11";"n";85.9908;698;NA;NA;0.98567335243553;"No"
80;"80_D2";"D2";"B329_LIKE+F16";691;0.1312;"D";"2";"n";85.9908;698;NA;NA;0.989971346704871;"No"
80;"80_D3";"D3";"B329_LIKE+F16";782;0.1364;"D";"3";"n";85.9908;698;NA;NA;1.12034383954155;"No"
80;"80_D4";"D4";"B329_LIKE+F16";641;0.1292;"D";"4";"n";85.9908;698;NA;NA;0.918338108882522;"No"
80;"80_D5";"D5";"B329_LIKE+F16";660;0.1311;"D";"5";"n";85.9908;698;NA;NA;0.945558739255014;"No"
80;"80_D6";"D6";"B329_LIKE+F16";672;0.1276;"D";"6";"n";85.9908;698;NA;NA;0.962750716332378;"No"
80;"80_D7";"D7";"B329_LIKE+F16";703;0.137;"D";"7";"n";85.9908;698;NA;NA;1.00716332378224;"No"
80;"80_D8";"D8";"B329_LIKE+F16";666;0.1279;"D";"8";"n";85.9908;698;NA;NA;0.954154727793696;"No"
80;"80_D9";"D9";"B329_LIKE+F16";697;0.1367;"D";"9";"n";85.9908;698;NA;NA;0.998567335243553;"No"
80;"80_E10";"E10";"B329_LIKE+F16";650;0.1542;"E";"10";"n";85.9908;698;NA;NA;0.931232091690544;"No"
80;"80_E11";"E11";"B329_LIKE+F16";688;0.1557;"E";"11";"n";85.9908;698;NA;NA;0.98567335243553;"No"
80;"80_E2";"E2";"B329_LIKE+F16";626;0.1281;"E";"2";"n";85.9908;698;NA;NA;0.896848137535817;"No"
80;"80_E3";"E3";"B329_LIKE+F16";612;0.1249;"E";"3";"n";85.9908;698;NA;NA;0.876790830945559;"No"
80;"80_E4";"E4";"B329_LIKE+F16";612;0.1262;"E";"4";"n";85.9908;698;NA;NA;0.876790830945559;"No"
80;"80_E5";"E5";"B329_LIKE+F16";638;0.1277;"E";"5";"n";85.9908;698;NA;NA;0.91404011461318;"No"
80;"80_E6";"E6";"B329_LIKE+F16";615;0.1272;"E";"6";"n";85.9908;698;NA;NA;0.8810888252149;"No"
80;"80_E7";"E7";"B329_LIKE+F16";915;0.154;"E";"7";"n";85.9908;698;NA;NA;1.310888252149;"No"
80;"80_E8";"E8";"B329_LIKE+F16";695;0.1384;"E";"8";"n";85.9908;698;NA;NA;0.995702005730659;"No"
80;"80_E9";"E9";"B329_LIKE+F16";692;0.1396;"E";"9";"n";85.9908;698;NA;NA;0.991404011461318;"No"
80;"80_F10";"F10";"B329_LIKE+F16";716;0.1411;"F";"10";"n";85.9908;698;NA;NA;1.02578796561605;"No"
80;"80_F11";"F11";"B329_LIKE+F16";674;0.1407;"F";"11";"n";85.9908;698;NA;NA;0.965616045845272;"No"
80;"80_F2";"F2";"B329_LIKE+F16";678;0.1323;"F";"2";"n";85.9908;698;NA;NA;0.97134670487106;"No"
80;"80_F3";"F3";"B329_LIKE+F16";694;0.1345;"F";"3";"n";85.9908;698;NA;NA;0.994269340974212;"No"
80;"80_F4";"F4";"B329_LIKE+F16";653;0.1329;"F";"4";"n";85.9908;698;NA;NA;0.935530085959885;"No"
80;"80_F5";"F5";"B329_LIKE+F16";635;0.1291;"F";"5";"n";85.9908;698;NA;NA;0.90974212034384;"No"
80;"80_F6";"F6";"B329_LIKE+F16";758;0.1422;"F";"6";"n";85.9908;698;NA;NA;1.08595988538682;"No"
80;"80_F7";"F7";"B329_LIKE+F16";707;0.145;"F";"7";"n";85.9908;698;NA;NA;1.01289398280802;"No"
80;"80_F8";"F8";"B329_LIKE+F16";762;0.1344;"F";"8";"n";85.9908;698;NA;NA;1.09169054441261;"No"
80;"80_F9";"F9";"B329_LIKE+F16";741;0.1606;"F";"9";"n";85.9908;698;NA;NA;1.06160458452722;"No"
80;"80_G10";"G10";"B329_LIKE+F16";747;0.1657;"G";"10";"n";85.9908;698;NA;NA;1.0702005730659;"No"
80;"80_G11";"G11";"B329_LIKE+F16";771;0.1551;"G";"11";"n";85.9908;698;NA;NA;1.10458452722063;"No"
80;"80_G2";"G2";"B329_LIKE+F16";872;0.1604;"G";"2";"n";85.9908;698;NA;NA;1.24928366762178;"No"
80;"80_G3";"G3";"B329_LIKE+F16";763;0.1526;"G";"3";"n";85.9908;698;NA;NA;1.09312320916905;"No"
80;"80_G4";"G4";"B329_LIKE+F16";564;0.1127;"G";"4";"n";85.9908;698;NA;NA;0.808022922636103;"No"
80;"80_G5";"G5";"B329_LIKE+F16";768;0.1541;"G";"5";"n";85.9908;698;NA;NA;1.10028653295129;"No"
80;"80_G6";"G6";"B329_LIKE+F16";699;0.15;"G";"6";"n";85.9908;698;NA;NA;1.00143266475645;"No"
80;"80_G7";"G7";"B329_LIKE+F16";701;0.1523;"G";"7";"n";85.9908;698;NA;NA;1.00429799426934;"No"
80;"80_G8";"G8";"B329_LIKE+F16";757;0.1541;"G";"8";"n";85.9908;698;NA;NA;1.08452722063037;"No"
80;"80_G9";"G9";"B329_LIKE+F16";708;0.1501;"G";"9";"n";85.9908;698;NA;NA;1.01432664756447;"No"
81;"81_B10";"B10";"B329_LIKE+F16";666;0.1328;"B";"10";"n";51.891;701;NA;NA;0.950071326676177;"No"
81;"81_B11";"B11";"B329_LIKE+F16";935;0.1357;"B";"11";"n";51.891;701;NA;NA;1.33380884450785;"No"
81;"81_B2";"B2";"B329_LIKE+F16";677;0.1358;"B";"2";"n";51.891;701;NA;NA;0.965763195435093;"No"
81;"81_B3";"B3";"B329_LIKE+F16";730;0.1398;"B";"3";"n";51.891;701;NA;NA;1.0413694721826;"No"
81;"81_B4";"B4";"B329_LIKE+F16";632;0.123;"B";"4";"n";51.891;701;NA;NA;0.901569186875892;"No"
81;"81_B5";"B5";"B329_LIKE+F16";683;0.136;"B";"5";"n";51.891;701;NA;NA;0.97432239657632;"No"
81;"81_B6";"B6";"B329_LIKE+F16";667;0.1284;"B";"6";"n";51.891;701;NA;NA;0.951497860199715;"No"
81;"81_B7";"B7";"B329_LIKE+F16";644;0.1266;"B";"7";"n";51.891;701;NA;NA;0.918687589158345;"No"
81;"81_B8";"B8";"B329_LIKE+F16";683;0.1255;"B";"8";"n";51.891;701;NA;NA;0.97432239657632;"No"
81;"81_B9";"B9";"B329_LIKE+F16";701;0.136;"B";"9";"n";51.891;701;NA;NA;1;"No"
81;"81_C10";"C10";"B329_LIKE+F16";651;0.1303;"C";"10";"n";51.891;701;NA;NA;0.92867332382311;"No"
81;"81_C11";"C11";"B329_LIKE+F16";678;0.1297;"C";"11";"n";51.891;701;NA;NA;0.96718972895863;"No"
81;"81_C2";"C2";"B329_LIKE+F16";688;0.1364;"C";"2";"n";51.891;701;NA;NA;0.981455064194009;"No"
81;"81_C3";"C3";"B329_LIKE+F16";656;0.1318;"C";"3";"n";51.891;701;NA;NA;0.935805991440799;"No"
81;"81_C4";"C4";"B329_LIKE+F16";699;0.1409;"C";"4";"n";51.891;701;NA;NA;0.997146932952924;"No"
81;"81_C5";"C5";"B329_LIKE+F16";714;0.1319;"C";"5";"n";51.891;701;NA;NA;1.01854493580599;"No"
81;"81_C6";"C6";"B329_LIKE+F16";681;0.1329;"C";"6";"n";51.891;701;NA;NA;0.971469329529244;"No"
81;"81_C7";"C7";"B329_LIKE+F16";636;0.1228;"C";"7";"n";51.891;701;NA;NA;0.907275320970043;"No"
81;"81_C8";"C8";"B329_LIKE+F16";692;0.1366;"C";"8";"n";51.891;701;NA;NA;0.98716119828816;"No"
81;"81_C9";"C9";"B329_LIKE+F16";681;0.1323;"C";"9";"n";51.891;701;NA;NA;0.971469329529244;"No"
81;"81_D10";"D10";"B329_LIKE+F16";892;0.1508;"D";"10";"n";51.891;701;NA;NA;1.27246790299572;"No"
81;"81_D11";"D11";"B329_LIKE+F16";683;0.1368;"D";"11";"n";51.891;701;NA;NA;0.97432239657632;"No"
81;"81_D2";"D2";"B329_LIKE+F16";643;0.1506;"D";"2";"n";51.891;701;NA;NA;0.917261055634807;"No"
81;"81_D3";"D3";"B329_LIKE+F16";657;0.1241;"D";"3";"n";51.891;701;NA;NA;0.937232524964337;"No"
81;"81_D4";"D4";"B329_LIKE+F16";668;0.1385;"D";"4";"n";51.891;701;NA;NA;0.952924393723253;"No"
81;"81_D5";"D5";"B329_LIKE+F16";759;0.131;"D";"5";"n";51.891;701;NA;NA;1.08273894436519;"No"
81;"81_D6";"D6";"B329_LIKE+F16";643;0.1262;"D";"6";"n";51.891;701;NA;NA;0.917261055634807;"No"
81;"81_D7";"D7";"B329_LIKE+F16";741;0.1286;"D";"7";"n";51.891;701;NA;NA;1.05706134094151;"No"
81;"81_D8";"D8";"B329_LIKE+F16";674;0.126;"D";"8";"n";51.891;701;NA;NA;0.961483594864479;"No"
81;"81_D9";"D9";"B329_LIKE+F16";709;0.1321;"D";"9";"n";51.891;701;NA;NA;1.0114122681883;"No"
81;"81_E10";"E10";"B329_LIKE+F16";635;0.1309;"E";"10";"n";51.891;701;NA;NA;0.905848787446505;"No"
81;"81_E11";"E11";"B329_LIKE+F16";705;0.137;"E";"11";"n";51.891;701;NA;NA;1.00570613409415;"No"
81;"81_E2";"E2";"B329_LIKE+F16";903;0.1565;"E";"2";"n";51.891;701;NA;NA;1.28815977175464;"No"
81;"81_E3";"E3";"B329_LIKE+F16";1252;0.1486;"E";"3";"n";51.891;701;NA;NA;1.78601997146933;"No"
81;"81_E4";"E4";"B329_LIKE+F16";639;0.1318;"E";"4";"n";51.891;701;NA;NA;0.911554921540656;"No"
81;"81_E5";"E5";"B329_LIKE+F16";666;0.1363;"E";"5";"n";51.891;701;NA;NA;0.950071326676177;"No"
81;"81_E6";"E6";"B329_LIKE+F16";669;0.1448;"E";"6";"n";51.891;701;NA;NA;0.95435092724679;"No"
81;"81_E7";"E7";"B329_LIKE+F16";691;0.1366;"E";"7";"n";51.891;701;NA;NA;0.985734664764622;"No"
81;"81_E8";"E8";"B329_LIKE+F16";678;0.1367;"E";"8";"n";51.891;701;NA;NA;0.96718972895863;"No"
81;"81_E9";"E9";"B329_LIKE+F16";769;0.1317;"E";"9";"n";51.891;701;NA;NA;1.09700427960057;"No"
81;"81_F10";"F10";"B329_LIKE+F16";842;0.1579;"F";"10";"n";51.891;701;NA;NA;1.20114122681883;"No"
81;"81_F11";"F11";"B329_LIKE+F16";791;0.1543;"F";"11";"n";51.891;701;NA;NA;1.1283880171184;"No"
81;"81_F2";"F2";"B329_LIKE+F16";784;0.1656;"F";"2";"n";51.891;701;NA;NA;1.11840228245364;"No"
81;"81_F3";"F3";"B329_LIKE+F16";672;0.134;"F";"3";"n";51.891;701;NA;NA;0.958630527817404;"No"
81;"81_F4";"F4";"B329_LIKE+F16";859;0.1525;"F";"4";"n";51.891;701;NA;NA;1.22539229671897;"No"
81;"81_F5";"F5";"B329_LIKE+F16";701;0.1376;"F";"5";"n";51.891;701;NA;NA;1;"No"
81;"81_F6";"F6";"B329_LIKE+F16";681;0.1385;"F";"6";"n";51.891;701;NA;NA;0.971469329529244;"No"
81;"81_F7";"F7";"B329_LIKE+F16";754;0.1541;"F";"7";"n";51.891;701;NA;NA;1.0756062767475;"No"
81;"81_F8";"F8";"B329_LIKE+F16";804;0.155;"F";"8";"n";51.891;701;NA;NA;1.14693295292439;"No"
81;"81_F9";"F9";"B329_LIKE+F16";698;0.1369;"F";"9";"n";51.891;701;NA;NA;0.995720399429387;"No"
81;"81_G10";"G10";"B329_LIKE+F16";726;0.1534;"G";"10";"n";51.891;701;NA;NA;1.03566333808845;"No"
81;"81_G11";"G11";"B329_LIKE+F16";726;0.1535;"G";"11";"n";51.891;701;NA;NA;1.03566333808845;"No"
81;"81_G2";"G2";"B329_LIKE+F16";687;0.159;"G";"2";"n";51.891;701;NA;NA;0.980028530670471;"No"
81;"81_G3";"G3";"B329_LIKE+F16";661;0.1346;"G";"3";"n";51.891;701;NA;NA;0.942938659058488;"No"
81;"81_G4";"G4";"B329_LIKE+F16";686;0.1435;"G";"4";"n";51.891;701;NA;NA;0.978601997146933;"No"
81;"81_G5";"G5";"B329_LIKE+F16";749;0.1456;"G";"5";"n";51.891;701;NA;NA;1.06847360912981;"No"
81;"81_G6";"G6";"B329_LIKE+F16";748;0.15;"G";"6";"n";51.891;701;NA;NA;1.06704707560628;"No"
81;"81_G7";"G7";"B329_LIKE+F16";729;0.1467;"G";"7";"n";51.891;701;NA;NA;1.03994293865906;"No"
81;"81_G8";"G8";"B329_LIKE+F16";745;0.1437;"G";"8";"n";51.891;701;NA;NA;1.06276747503566;"No"
81;"81_G9";"G9";"B329_LIKE+F16";732;0.1462;"G";"9";"n";51.891;701;NA;NA;1.04422253922967;"No"
82;"82_B10";"B10";"B329_LIKE+F16";606;0.1268;"B";"10";"n";54.1149;680;NA;NA;0.891176470588235;"No"
82;"82_B11";"B11";"B329_LIKE+F16";636;0.128;"B";"11";"n";54.1149;680;NA;NA;0.935294117647059;"No"
82;"82_B2";"B2";"B329_LIKE+F16";680;0.1385;"B";"2";"n";54.1149;680;NA;NA;1;"No"
82;"82_B3";"B3";"B329_LIKE+F16";764;0.141;"B";"3";"n";54.1149;680;NA;NA;1.12352941176471;"No"
82;"82_B4";"B4";"B329_LIKE+F16";701;0.1388;"B";"4";"n";54.1149;680;NA;NA;1.03088235294118;"No"
82;"82_B5";"B5";"B329_LIKE+F16";703;0.1404;"B";"5";"n";54.1149;680;NA;NA;1.03382352941176;"No"
82;"82_B6";"B6";"B329_LIKE+F16";696;0.1398;"B";"6";"n";54.1149;680;NA;NA;1.02352941176471;"No"
82;"82_B7";"B7";"B329_LIKE+F16";607;0.123;"B";"7";"n";54.1149;680;NA;NA;0.89264705882353;"No"
82;"82_B8";"B8";"B329_LIKE+F16";636;0.1275;"B";"8";"n";54.1149;680;NA;NA;0.935294117647059;"No"
82;"82_B9";"B9";"B329_LIKE+F16";671;0.1331;"B";"9";"n";54.1149;680;NA;NA;0.986764705882353;"No"
82;"82_C10";"C10";"B329_LIKE+F16";599;0.1141;"C";"10";"n";54.1149;680;NA;NA;0.880882352941176;"No"
82;"82_C11";"C11";"B329_LIKE+F16";872;0.1349;"C";"11";"n";54.1149;680;NA;NA;1.28235294117647;"No"
82;"82_C2";"C2";"B329_LIKE+F16";721;0.1407;"C";"2";"n";54.1149;680;NA;NA;1.06029411764706;"No"
82;"82_C3";"C3";"B329_LIKE+F16";668;0.1302;"C";"3";"n";54.1149;680;NA;NA;0.98235294117647;"No"
82;"82_C4";"C4";"B329_LIKE+F16";736;0.1256;"C";"4";"n";54.1149;680;NA;NA;1.08235294117647;"No"
82;"82_C5";"C5";"B329_LIKE+F16";610;0.1262;"C";"5";"n";54.1149;680;NA;NA;0.897058823529412;"No"
82;"82_C6";"C6";"B329_LIKE+F16";655;0.1257;"C";"6";"n";54.1149;680;NA;NA;0.963235294117647;"No"
82;"82_C7";"C7";"B329_LIKE+F16";615;0.121;"C";"7";"n";54.1149;680;NA;NA;0.904411764705882;"No"
82;"82_C8";"C8";"B329_LIKE+F16";668;0.1258;"C";"8";"n";54.1149;680;NA;NA;0.98235294117647;"No"
82;"82_C9";"C9";"B329_LIKE+F16";622;0.1263;"C";"9";"n";54.1149;680;NA;NA;0.914705882352941;"No"
82;"82_D10";"D10";"B329_LIKE+F16";655;0.1287;"D";"10";"n";54.1149;680;NA;NA;0.963235294117647;"No"
82;"82_D11";"D11";"B329_LIKE+F16";644;0.1327;"D";"11";"n";54.1149;680;NA;NA;0.947058823529412;"No"
82;"82_D2";"D2";"B329_LIKE+F16";666;0.1386;"D";"2";"n";54.1149;680;NA;NA;0.979411764705882;"No"
82;"82_D3";"D3";"B329_LIKE+F16";658;0.129;"D";"3";"n";54.1149;680;NA;NA;0.967647058823529;"No"
82;"82_D4";"D4";"B329_LIKE+F16";635;0.1277;"D";"4";"n";54.1149;680;NA;NA;0.933823529411765;"No"
82;"82_D5";"D5";"B329_LIKE+F16";614;0.1183;"D";"5";"n";54.1149;680;NA;NA;0.902941176470588;"No"
82;"82_D6";"D6";"B329_LIKE+F16";639;0.1289;"D";"6";"n";54.1149;680;NA;NA;0.939705882352941;"No"
82;"82_D7";"D7";"B329_LIKE+F16";619;0.1258;"D";"7";"n";54.1149;680;NA;NA;0.910294117647059;"No"
82;"82_D8";"D8";"B329_LIKE+F16";640;0.1294;"D";"8";"n";54.1149;680;NA;NA;0.941176470588235;"No"
82;"82_D9";"D9";"B329_LIKE+F16";626;0.1295;"D";"9";"n";54.1149;680;NA;NA;0.920588235294118;"No"
82;"82_E10";"E10";"B329_LIKE+F16";694;0.1486;"E";"10";"n";54.1149;680;NA;NA;1.02058823529412;"No"
82;"82_E11";"E11";"B329_LIKE+F16";716;0.1476;"E";"11";"n";54.1149;680;NA;NA;1.05294117647059;"No"
82;"82_E2";"E2";"B329_LIKE+F16";674;0.1329;"E";"2";"n";54.1149;680;NA;NA;0.991176470588235;"No"
82;"82_E3";"E3";"B329_LIKE+F16";652;0.1297;"E";"3";"n";54.1149;680;NA;NA;0.958823529411765;"No"
82;"82_E4";"E4";"B329_LIKE+F16";670;0.1365;"E";"4";"n";54.1149;680;NA;NA;0.985294117647059;"No"
82;"82_E5";"E5";"B329_LIKE+F16";675;0.142;"E";"5";"n";54.1149;680;NA;NA;0.99264705882353;"No"
82;"82_E6";"E6";"B329_LIKE+F16";729;0.1531;"E";"6";"n";54.1149;680;NA;NA;1.07205882352941;"No"
82;"82_E7";"E7";"B329_LIKE+F16";704;0.146;"E";"7";"n";54.1149;680;NA;NA;1.03529411764706;"No"
82;"82_E8";"E8";"B329_LIKE+F16";711;0.1506;"E";"8";"n";54.1149;680;NA;NA;1.04558823529412;"No"
82;"82_E9";"E9";"B329_LIKE+F16";741;0.1481;"E";"9";"n";54.1149;680;NA;NA;1.08970588235294;"No"
82;"82_F10";"F10";"B329_LIKE+F16";664;0.1361;"F";"10";"n";54.1149;680;NA;NA;0.976470588235294;"No"
82;"82_F11";"F11";"B329_LIKE+F16";687;0.1405;"F";"11";"n";54.1149;680;NA;NA;1.01029411764706;"No"
82;"82_F2";"F2";"B329_LIKE+F16";575;0.1323;"F";"2";"n";54.1149;680;NA;NA;0.845588235294118;"No"
82;"82_F3";"F3";"B329_LIKE+F16";638;0.1303;"F";"3";"n";54.1149;680;NA;NA;0.938235294117647;"No"
82;"82_F4";"F4";"B329_LIKE+F16";607;0.128;"F";"4";"n";54.1149;680;NA;NA;0.89264705882353;"No"
82;"82_F5";"F5";"B329_LIKE+F16";676;0.1366;"F";"5";"n";54.1149;680;NA;NA;0.994117647058824;"No"
82;"82_F6";"F6";"B329_LIKE+F16";698;0.1402;"F";"6";"n";54.1149;680;NA;NA;1.02647058823529;"No"
82;"82_F7";"F7";"B329_LIKE+F16";667;0.1436;"F";"7";"n";54.1149;680;NA;NA;0.980882352941176;"No"
82;"82_F8";"F8";"B329_LIKE+F16";672;0.1353;"F";"8";"n";54.1149;680;NA;NA;0.988235294117647;"No"
82;"82_F9";"F9";"B329_LIKE+F16";738;0.1472;"F";"9";"n";54.1149;680;NA;NA;1.08529411764706;"No"
82;"82_G10";"G10";"B329_LIKE+F16";728;0.1481;"G";"10";"n";54.1149;680;NA;NA;1.07058823529412;"No"
82;"82_G11";"G11";"B329_LIKE+F16";660;0.1372;"G";"11";"n";54.1149;680;NA;NA;0.970588235294118;"No"
82;"82_G2";"G2";"B329_LIKE+F16";692;0.1383;"G";"2";"n";54.1149;680;NA;NA;1.01764705882353;"No"
82;"82_G3";"G3";"B329_LIKE+F16";680;0.1364;"G";"3";"n";54.1149;680;NA;NA;1;"No"
82;"82_G4";"G4";"B329_LIKE+F16";696;0.1402;"G";"4";"n";54.1149;680;NA;NA;1.02352941176471;"No"
82;"82_G5";"G5";"B329_LIKE+F16";706;0.1408;"G";"5";"n";54.1149;680;NA;NA;1.03823529411765;"No"
82;"82_G6";"G6";"B329_LIKE+F16";727;0.15;"G";"6";"n";54.1149;680;NA;NA;1.06911764705882;"No"
82;"82_G7";"G7";"B329_LIKE+F16";698;0.142;"G";"7";"n";54.1149;680;NA;NA;1.02647058823529;"No"
82;"82_G8";"G8";"B329_LIKE+F16";697;0.1469;"G";"8";"n";54.1149;680;NA;NA;1.025;"No"
82;"82_G9";"G9";"B329_LIKE+F16";690;0.1448;"G";"9";"n";54.1149;680;NA;NA;1.01470588235294;"No"
83;"83_B10";"B10";"B329_LIKE+F16";810;0.145;"B";"10";"n";102.2994;818;NA;NA;0.990220048899755;"No"
83;"83_B11";"B11";"B329_LIKE+F16";698;0.1314;"B";"11";"n";102.2994;818;NA;NA;0.853300733496333;"No"
83;"83_B2";"B2";"B329_LIKE+F16";842;0.1605;"B";"2";"n";102.2994;818;NA;NA;1.02933985330073;"No"
83;"83_B3";"B3";"B329_LIKE+F16";734;0.1528;"B";"3";"n";102.2994;818;NA;NA;0.897310513447433;"No"
83;"83_B4";"B4";"B329_LIKE+F16";777;0.1519;"B";"4";"n";102.2994;818;NA;NA;0.949877750611247;"No"
83;"83_B5";"B5";"B329_LIKE+F16";719;0.1348;"B";"5";"n";102.2994;818;NA;NA;0.878973105134474;"No"
83;"83_B6";"B6";"B329_LIKE+F16";637;0.1334;"B";"6";"n";102.2994;818;NA;NA;0.778728606356968;"No"
83;"83_B7";"B7";"B329_LIKE+F16";662;0.1327;"B";"7";"n";102.2994;818;NA;NA;0.809290953545232;"No"
83;"83_B8";"B8";"B329_LIKE+F16";677;0.1354;"B";"8";"n";102.2994;818;NA;NA;0.827628361858191;"No"
83;"83_B9";"B9";"B329_LIKE+F16";735;0.1344;"B";"9";"n";102.2994;818;NA;NA;0.898533007334963;"No"
83;"83_C10";"C10";"B329_LIKE+F16";752;0.1379;"C";"10";"n";102.2994;818;NA;NA;0.919315403422983;"No"
83;"83_C11";"C11";"B329_LIKE+F16";753;0.1441;"C";"11";"n";102.2994;818;NA;NA;0.920537897310513;"No"
83;"83_C2";"C2";"B329_LIKE+F16";834;0.1802;"C";"2";"n";102.2994;818;NA;NA;1.01955990220049;"No"
83;"83_C3";"C3";"B329_LIKE+F16";768;0.1536;"C";"3";"n";102.2994;818;NA;NA;0.938875305623472;"No"
83;"83_C4";"C4";"B329_LIKE+F16";725;0.1432;"C";"4";"n";102.2994;818;NA;NA;0.886308068459658;"No"
83;"83_C5";"C5";"B329_LIKE+F16";715;0.1361;"C";"5";"n";102.2994;818;NA;NA;0.874083129584352;"No"
83;"83_C6";"C6";"B329_LIKE+F16";708;0.1385;"C";"6";"n";102.2994;818;NA;NA;0.865525672371638;"No"
83;"83_C7";"C7";"B329_LIKE+F16";851;0.1481;"C";"7";"n";102.2994;818;NA;NA;1.04034229828851;"No"
83;"83_C8";"C8";"B329_LIKE+F16";690;0.1374;"C";"8";"n";102.2994;818;NA;NA;0.843520782396088;"No"
83;"83_C9";"C9";"B329_LIKE+F16";809;0.1551;"C";"9";"n";102.2994;818;NA;NA;0.988997555012225;"No"
83;"83_D10";"D10";"B329_LIKE+F16";712;0.1464;"D";"10";"n";102.2994;818;NA;NA;0.87041564792176;"No"
83;"83_D11";"D11";"B329_LIKE+F16";707;0.1479;"D";"11";"n";102.2994;818;NA;NA;0.864303178484108;"No"
83;"83_D2";"D2";"B329_LIKE+F16";1085;0.174;"D";"2";"n";102.2994;818;NA;NA;1.32640586797066;"No"
83;"83_D3";"D3";"B329_LIKE+F16";978;0.1636;"D";"3";"n";102.2994;818;NA;NA;1.19559902200489;"No"
83;"83_D4";"D4";"B329_LIKE+F16";885;0.1669;"D";"4";"n";102.2994;818;NA;NA;1.08190709046455;"No"
83;"83_D5";"D5";"B329_LIKE+F16";783;0.1495;"D";"5";"n";102.2994;818;NA;NA;0.95721271393643;"No"
83;"83_D6";"D6";"B329_LIKE+F16";702;0.1411;"D";"6";"n";102.2994;818;NA;NA;0.858190709046455;"No"
83;"83_D7";"D7";"B329_LIKE+F16";717;0.1382;"D";"7";"n";102.2994;818;NA;NA;0.876528117359413;"No"
83;"83_D8";"D8";"B329_LIKE+F16";703;0.151;"D";"8";"n";102.2994;818;NA;NA;0.859413202933985;"No"
83;"83_D9";"D9";"B329_LIKE+F16";824;0.1702;"D";"9";"n";102.2994;818;NA;NA;1.00733496332518;"No"
83;"83_E10";"E10";"B329_LIKE+F16";757;0.1569;"E";"10";"n";102.2994;818;NA;NA;0.925427872860636;"No"
83;"83_E11";"E11";"B329_LIKE+F16";794;0.1703;"E";"11";"n";102.2994;818;NA;NA;0.970660146699266;"No"
83;"83_E2";"E2";"B329_LIKE+F16";1308;0.2165;"E";"2";"n";102.2994;818;NA;NA;1.59902200488998;"No"
83;"83_E3";"E3";"B329_LIKE+F16";804;0.1581;"E";"3";"n";102.2994;818;NA;NA;0.982885085574572;"No"
83;"83_E4";"E4";"B329_LIKE+F16";681;0.1445;"E";"4";"n";102.2994;818;NA;NA;0.832518337408313;"No"
83;"83_E5";"E5";"B329_LIKE+F16";727;0.1486;"E";"5";"n";102.2994;818;NA;NA;0.888753056234719;"No"
83;"83_E6";"E6";"B329_LIKE+F16";771;0.1642;"E";"6";"n";102.2994;818;NA;NA;0.942542787286064;"No"
83;"83_E7";"E7";"B329_LIKE+F16";781;0.1547;"E";"7";"n";102.2994;818;NA;NA;0.954767726161369;"No"
83;"83_E8";"E8";"B329_LIKE+F16";710;0.1496;"E";"8";"n";102.2994;818;NA;NA;0.867970660146699;"No"
83;"83_E9";"E9";"B329_LIKE+F16";738;0.1604;"E";"9";"n";102.2994;818;NA;NA;0.902200488997555;"No"
83;"83_F10";"F10";"B329_LIKE+F16";796;0.1555;"F";"10";"n";102.2994;818;NA;NA;0.973105134474328;"No"
83;"83_F11";"F11";"B329_LIKE+F16";938;0.1762;"F";"11";"n";102.2994;818;NA;NA;1.14669926650367;"No"
83;"83_F2";"F2";"B329_LIKE+F16";1069;0.1608;"F";"2";"n";102.2994;818;NA;NA;1.30684596577017;"No"
83;"83_F3";"F3";"B329_LIKE+F16";829;0.1623;"F";"3";"n";102.2994;818;NA;NA;1.01344743276284;"No"
83;"83_F4";"F4";"B329_LIKE+F16";820;0.1662;"F";"4";"n";102.2994;818;NA;NA;1.00244498777506;"No"
83;"83_F5";"F5";"B329_LIKE+F16";769;0.1663;"F";"5";"n";102.2994;818;NA;NA;0.940097799511002;"No"
83;"83_F6";"F6";"B329_LIKE+F16";816;0.1596;"F";"6";"n";102.2994;818;NA;NA;0.997555012224939;"No"
83;"83_F7";"F7";"B329_LIKE+F16";759;0.156;"F";"7";"n";102.2994;818;NA;NA;0.927872860635697;"No"
83;"83_F8";"F8";"B329_LIKE+F16";799;0.1577;"F";"8";"n";102.2994;818;NA;NA;0.976772616136919;"No"
83;"83_F9";"F9";"B329_LIKE+F16";783;0.1619;"F";"9";"n";102.2994;818;NA;NA;0.95721271393643;"No"
83;"83_G10";"G10";"B329_LIKE+F16";874;0.1742;"G";"10";"n";102.2994;818;NA;NA;1.06845965770171;"No"
83;"83_G11";"G11";"B329_LIKE+F16";887;0.1589;"G";"11";"n";102.2994;818;NA;NA;1.08435207823961;"No"
83;"83_G2";"G2";"B329_LIKE+F16";828;0.1801;"G";"2";"n";102.2994;818;NA;NA;1.01222493887531;"No"
83;"83_G3";"G3";"B329_LIKE+F16";833;0.1669;"G";"3";"n";102.2994;818;NA;NA;1.01833740831296;"No"
83;"83_G4";"G4";"B329_LIKE+F16";877;0.1871;"G";"4";"n";102.2994;818;NA;NA;1.0721271393643;"No"
83;"83_G5";"G5";"B329_LIKE+F16";803;0.1655;"G";"5";"n";102.2994;818;NA;NA;0.981662591687042;"No"
83;"83_G6";"G6";"B329_LIKE+F16";866;0.1864;"G";"6";"n";102.2994;818;NA;NA;1.05867970660147;"No"
83;"83_G7";"G7";"B329_LIKE+F16";874;0.1832;"G";"7";"n";102.2994;818;NA;NA;1.06845965770171;"No"
83;"83_G8";"G8";"B329_LIKE+F16";891;0.1743;"G";"8";"n";102.2994;818;NA;NA;1.08924205378973;"No"
83;"83_G9";"G9";"B329_LIKE+F16";916;0.1949;"G";"9";"n";102.2994;818;NA;NA;1.119804400978;"No"
84;"84_B10";"B10";"B329_LIKE+F16";680;0.1381;"B";"10";"n";81.543;679.5;NA;NA;1.00073583517292;"No"
84;"84_B11";"B11";"B329_LIKE+F16";620;0.1337;"B";"11";"n";81.543;679.5;NA;NA;0.912435614422369;"No"
84;"84_B2";"B2";"B329_LIKE+F16";623;0.1413;"B";"2";"n";81.543;679.5;NA;NA;0.916850625459897;"No"
84;"84_B3";"B3";"B329_LIKE+F16";653;0.1404;"B";"3";"n";81.543;679.5;NA;NA;0.961000735835173;"No"
84;"84_B4";"B4";"B329_LIKE+F16";602;0.1282;"B";"4";"n";81.543;679.5;NA;NA;0.885945548197204;"No"
84;"84_B5";"B5";"B329_LIKE+F16";681;0.1456;"B";"5";"n";81.543;679.5;NA;NA;1.00220750551876;"No"
84;"84_B6";"B6";"B329_LIKE+F16";592;0.129;"B";"6";"n";81.543;679.5;NA;NA;0.871228844738778;"No"
84;"84_B7";"B7";"B329_LIKE+F16";597;0.1238;"B";"7";"n";81.543;679.5;NA;NA;0.878587196467991;"No"
84;"84_B8";"B8";"B329_LIKE+F16";682;0.1386;"B";"8";"n";81.543;679.5;NA;NA;1.00367917586461;"No"
84;"84_B9";"B9";"B329_LIKE+F16";578;0.1207;"B";"9";"n";81.543;679.5;NA;NA;0.850625459896983;"No"
84;"84_C10";"C10";"B329_LIKE+F16";654;0.1323;"C";"10";"n";81.543;679.5;NA;NA;0.962472406181015;"No"
84;"84_C11";"C11";"B329_LIKE+F16";737;0.1383;"C";"11";"n";81.543;679.5;NA;NA;1.08462104488595;"No"
84;"84_C2";"C2";"B329_LIKE+F16";491;0.0948;"C";"2";"n";81.543;679.5;NA;NA;0.722590139808683;"No"
84;"84_C3";"C3";"B329_LIKE+F16";614;0.128;"C";"3";"n";81.543;679.5;NA;NA;0.903605592347314;"No"
84;"84_C4";"C4";"B329_LIKE+F16";607;0.1244;"C";"4";"n";81.543;679.5;NA;NA;0.893303899926416;"No"
84;"84_C5";"C5";"B329_LIKE+F16";627;0.1312;"C";"5";"n";81.543;679.5;NA;NA;0.922737306843267;"No"
84;"84_C6";"C6";"B329_LIKE+F16";604;0.1246;"C";"6";"n";81.543;679.5;NA;NA;0.888888888888889;"No"
84;"84_C7";"C7";"B329_LIKE+F16";862;0.1406;"C";"7";"n";81.543;679.5;NA;NA;1.26857983811626;"No"
84;"84_C8";"C8";"B329_LIKE+F16";656;0.1321;"C";"8";"n";81.543;679.5;NA;NA;0.9654157468727;"No"
84;"84_C9";"C9";"B329_LIKE+F16";581;0.1291;"C";"9";"n";81.543;679.5;NA;NA;0.855040470934511;"No"
84;"84_D10";"D10";"B329_LIKE+F16";590;0.1281;"D";"10";"n";81.543;679.5;NA;NA;0.868285504047093;"No"
84;"84_D11";"D11";"B329_LIKE+F16";632;0.1317;"D";"11";"n";81.543;679.5;NA;NA;0.93009565857248;"No"
84;"84_D2";"D2";"B329_LIKE+F16";654;0.1345;"D";"2";"n";81.543;679.5;NA;NA;0.962472406181015;"No"
84;"84_D3";"D3";"B329_LIKE+F16";618;0.1299;"D";"3";"n";81.543;679.5;NA;NA;0.909492273730684;"No"
84;"84_D4";"D4";"B329_LIKE+F16";903;0.1474;"D";"4";"n";81.543;679.5;NA;NA;1.32891832229581;"No"
84;"84_D5";"D5";"B329_LIKE+F16";694;0.13;"D";"5";"n";81.543;679.5;NA;NA;1.02133922001472;"No"
84;"84_D6";"D6";"B329_LIKE+F16";748;0.1442;"D";"6";"n";81.543;679.5;NA;NA;1.10080941869021;"No"
84;"84_D7";"D7";"B329_LIKE+F16";621;0.1245;"D";"7";"n";81.543;679.5;NA;NA;0.913907284768212;"No"
84;"84_D8";"D8";"B329_LIKE+F16";593;0.1306;"D";"8";"n";81.543;679.5;NA;NA;0.872700515084621;"No"
84;"84_D9";"D9";"B329_LIKE+F16";642;0.1295;"D";"9";"n";81.543;679.5;NA;NA;0.944812362030905;"No"
84;"84_E10";"E10";"B329_LIKE+F16";647;0.1318;"E";"10";"n";81.543;679.5;NA;NA;0.952170713760118;"No"
84;"84_E11";"E11";"B329_LIKE+F16";730;0.1459;"E";"11";"n";81.543;679.5;NA;NA;1.07431935246505;"No"
84;"84_E2";"E2";"B329_LIKE+F16";679;0.1345;"E";"2";"n";81.543;679.5;NA;NA;0.999264164827079;"No"
84;"84_E4";"E4";"B329_LIKE+F16";663;0.1417;"E";"4";"n";81.543;679.5;NA;NA;0.975717439293598;"No"
84;"84_E5";"E5";"B329_LIKE+F16";980;0.1517;"E";"5";"n";81.543;679.5;NA;NA;1.44223693892568;"No"
84;"84_E6";"E6";"B329_LIKE+F16";554;0.1285;"E";"6";"n";81.543;679.5;NA;NA;0.815305371596762;"No"
84;"84_E7";"E7";"B329_LIKE+F16";719;0.1521;"E";"7";"n";81.543;679.5;NA;NA;1.05813097866078;"No"
84;"84_E8";"E8";"B329_LIKE+F16";633;0.1403;"E";"8";"n";81.543;679.5;NA;NA;0.931567328918322;"No"
84;"84_E9";"E9";"B329_LIKE+F16";644;0.1355;"E";"9";"n";81.543;679.5;NA;NA;0.94775570272259;"No"
84;"84_F10";"F10";"B329_LIKE+F16";663;0.1414;"F";"10";"n";81.543;679.5;NA;NA;0.975717439293598;"No"
84;"84_F11";"F11";"B329_LIKE+F16";787;0.1567;"F";"11";"n";81.543;679.5;NA;NA;1.15820456217807;"No"
84;"84_F2";"F2";"B329_LIKE+F16";656;0.1368;"F";"2";"n";81.543;679.5;NA;NA;0.9654157468727;"No"
84;"84_F3";"F3";"B329_LIKE+F16";641;0.1344;"F";"3";"n";81.543;679.5;NA;NA;0.943340691685063;"No"
84;"84_F4";"F4";"B329_LIKE+F16";626;0.1362;"F";"4";"n";81.543;679.5;NA;NA;0.921265636497425;"No"
84;"84_F5";"F5";"B329_LIKE+F16";643;0.1353;"F";"5";"n";81.543;679.5;NA;NA;0.946284032376748;"No"
84;"84_F6";"F6";"B329_LIKE+F16";699;0.1396;"F";"6";"n";81.543;679.5;NA;NA;1.02869757174393;"No"
84;"84_F7";"F7";"B329_LIKE+F16";671;0.1389;"F";"7";"n";81.543;679.5;NA;NA;0.987490802060338;"No"
84;"84_F8";"F8";"B329_LIKE+F16";714;0.1463;"F";"8";"n";81.543;679.5;NA;NA;1.05077262693157;"No"
84;"84_F9";"F9";"B329_LIKE+F16";692;0.1438;"F";"9";"n";81.543;679.5;NA;NA;1.01839587932303;"No"
84;"84_G10";"G10";"B329_LIKE+F16";666;0.1369;"G";"10";"n";81.543;679.5;NA;NA;0.980132450331126;"No"
84;"84_G11";"G11";"B329_LIKE+F16";790;0.1623;"G";"11";"n";81.543;679.5;NA;NA;1.1626195732156;"No"
84;"84_G2";"G2";"B329_LIKE+F16";655;0.1339;"G";"2";"n";81.543;679.5;NA;NA;0.963944076526858;"No"
84;"84_G3";"G3";"B329_LIKE+F16";730;0.1558;"G";"3";"n";81.543;679.5;NA;NA;1.07431935246505;"No"
84;"84_G4";"G4";"B329_LIKE+F16";778;0.1598;"G";"4";"n";81.543;679.5;NA;NA;1.14495952906549;"No"
84;"84_G5";"G5";"B329_LIKE+F16";702;0.151;"G";"5";"n";81.543;679.5;NA;NA;1.03311258278146;"No"
84;"84_G6";"G6";"B329_LIKE+F16";625;0.1358;"G";"6";"n";81.543;679.5;NA;NA;0.919793966151582;"No"
84;"84_G7";"G7";"B329_LIKE+F16";706;0.1452;"G";"7";"n";81.543;679.5;NA;NA;1.03899926416483;"No"
84;"84_G8";"G8";"B329_LIKE+F16";712;0.1494;"G";"8";"n";81.543;679.5;NA;NA;1.04782928623988;"No"
84;"84_G9";"G9";"B329_LIKE+F16";714;0.1542;"G";"9";"n";81.543;679.5;NA;NA;1.05077262693157;"No"
85;"85_B10";"B10";"B329_LIKE+F16";695;0.1389;"B";"10";"n";84.5082;677.5;NA;NA;1.02583025830258;"No"
85;"85_B11";"B11";"B329_LIKE+F16";582;0.124;"B";"11";"n";84.5082;677.5;NA;NA;0.859040590405904;"No"
85;"85_B2";"B2";"B329_LIKE+F16";664;0.143;"B";"2";"n";84.5082;677.5;NA;NA;0.980073800738007;"No"
85;"85_B3";"B3";"B329_LIKE+F16";612;0.1377;"B";"3";"n";84.5082;677.5;NA;NA;0.903321033210332;"No"
85;"85_B4";"B4";"B329_LIKE+F16";572;0.1266;"B";"4";"n";84.5082;677.5;NA;NA;0.844280442804428;"No"
85;"85_B5";"B5";"B329_LIKE+F16";608;0.1333;"B";"5";"n";84.5082;677.5;NA;NA;0.897416974169742;"No"
85;"85_B6";"B6";"B329_LIKE+F16";625;0.1335;"B";"6";"n";84.5082;677.5;NA;NA;0.922509225092251;"No"
85;"85_B7";"B7";"B329_LIKE+F16";623;0.1297;"B";"7";"n";84.5082;677.5;NA;NA;0.919557195571956;"No"
85;"85_B8";"B8";"B329_LIKE+F16";763;0.1404;"B";"8";"n";84.5082;677.5;NA;NA;1.12619926199262;"No"
85;"85_B9";"B9";"B329_LIKE+F16";734;0.1508;"B";"9";"n";84.5082;677.5;NA;NA;1.08339483394834;"No"
85;"85_C10";"C10";"B329_LIKE+F16";691;0.1343;"C";"10";"n";84.5082;677.5;NA;NA;1.01992619926199;"No"
85;"85_C11";"C11";"B329_LIKE+F16";680;0.1394;"C";"11";"n";84.5082;677.5;NA;NA;1.00369003690037;"No"
85;"85_C2";"C2";"B329_LIKE+F16";618;0.1295;"C";"2";"n";84.5082;677.5;NA;NA;0.912177121771218;"No"
85;"85_C3";"C3";"B329_LIKE+F16";569;0.1259;"C";"3";"n";84.5082;677.5;NA;NA;0.839852398523985;"No"
85;"85_C4";"C4";"B329_LIKE+F16";1139;0.1583;"C";"4";"n";84.5082;677.5;NA;NA;1.68118081180812;"No"
85;"85_C5";"C5";"B329_LIKE+F16";726;0.15;"C";"5";"n";84.5082;677.5;NA;NA;1.07158671586716;"No"
85;"85_C6";"C6";"B329_LIKE+F16";750;0.1474;"C";"6";"n";84.5082;677.5;NA;NA;1.1070110701107;"No"
85;"85_C7";"C7";"B329_LIKE+F16";581;0.1213;"C";"7";"n";84.5082;677.5;NA;NA;0.857564575645756;"No"
85;"85_C8";"C8";"B329_LIKE+F16";600;0.1248;"C";"8";"n";84.5082;677.5;NA;NA;0.885608856088561;"No"
85;"85_C9";"C9";"B329_LIKE+F16";659;0.1311;"C";"9";"n";84.5082;677.5;NA;NA;0.972693726937269;"No"
85;"85_D10";"D10";"B329_LIKE+F16";578;0.1252;"D";"10";"n";84.5082;677.5;NA;NA;0.853136531365314;"No"
85;"85_D11";"D11";"B329_LIKE+F16";600;0.1288;"D";"11";"n";84.5082;677.5;NA;NA;0.885608856088561;"No"
85;"85_D2";"D2";"B329_LIKE+F16";667;0.1431;"D";"2";"n";84.5082;677.5;NA;NA;0.98450184501845;"No"
85;"85_D3";"D3";"B329_LIKE+F16";625;0.124;"D";"3";"n";84.5082;677.5;NA;NA;0.922509225092251;"No"
85;"85_D4";"D4";"B329_LIKE+F16";604;0.138;"D";"4";"n";84.5082;677.5;NA;NA;0.891512915129151;"No"
85;"85_D5";"D5";"B329_LIKE+F16";659;0.1452;"D";"5";"n";84.5082;677.5;NA;NA;0.972693726937269;"No"
85;"85_D6";"D6";"B329_LIKE+F16";620;0.1402;"D";"6";"n";84.5082;677.5;NA;NA;0.915129151291513;"No"
85;"85_D7";"D7";"B329_LIKE+F16";947;0.1479;"D";"7";"n";84.5082;677.5;NA;NA;1.39778597785978;"No"
85;"85_D8";"D8";"B329_LIKE+F16";573;0.1298;"D";"8";"n";84.5082;677.5;NA;NA;0.845756457564576;"No"
85;"85_D9";"D9";"B329_LIKE+F16";595;0.1368;"D";"9";"n";84.5082;677.5;NA;NA;0.878228782287823;"No"
85;"85_E10";"E10";"B329_LIKE+F16";630;0.1389;"E";"10";"n";84.5082;677.5;NA;NA;0.929889298892989;"No"
85;"85_E11";"E11";"B329_LIKE+F16";614;0.1293;"E";"11";"n";84.5082;677.5;NA;NA;0.906273062730627;"No"
85;"85_E2";"E2";"B329_LIKE+F16";675;0.1357;"E";"2";"n";84.5082;677.5;NA;NA;0.996309963099631;"No"
85;"85_E3";"E3";"B329_LIKE+F16";777;0.1361;"E";"3";"n";84.5082;677.5;NA;NA;1.14686346863469;"No"
85;"85_E4";"E4";"B329_LIKE+F16";641;0.1317;"E";"4";"n";84.5082;677.5;NA;NA;0.946125461254612;"No"
85;"85_E5";"E5";"B329_LIKE+F16";612;0.1292;"E";"5";"n";84.5082;677.5;NA;NA;0.903321033210332;"No"
85;"85_E6";"E6";"B329_LIKE+F16";606;0.1382;"E";"6";"n";84.5082;677.5;NA;NA;0.894464944649446;"No"
85;"85_E7";"E7";"B329_LIKE+F16";587;0.1348;"E";"7";"n";84.5082;677.5;NA;NA;0.866420664206642;"No"
85;"85_E8";"E8";"B329_LIKE+F16";634;0.1424;"E";"8";"n";84.5082;677.5;NA;NA;0.935793357933579;"No"
85;"85_E9";"E9";"B329_LIKE+F16";638;0.1241;"E";"9";"n";84.5082;677.5;NA;NA;0.94169741697417;"No"
85;"85_F10";"F10";"B329_LIKE+F16";785;0.139;"F";"10";"n";84.5082;677.5;NA;NA;1.15867158671587;"No"
85;"85_F11";"F11";"B329_LIKE+F16";634;0.1313;"F";"11";"n";84.5082;677.5;NA;NA;0.935793357933579;"No"
85;"85_F2";"F2";"B329_LIKE+F16";683;0.1443;"F";"2";"n";84.5082;677.5;NA;NA;1.00811808118081;"No"
85;"85_F3";"F3";"B329_LIKE+F16";557;0.1435;"F";"3";"n";84.5082;677.5;NA;NA;0.822140221402214;"No"
85;"85_F4";"F4";"B329_LIKE+F16";652;0.1239;"F";"4";"n";84.5082;677.5;NA;NA;0.962361623616236;"No"
85;"85_F5";"F5";"B329_LIKE+F16";631;0.1378;"F";"5";"n";84.5082;677.5;NA;NA;0.931365313653137;"No"
85;"85_F6";"F6";"B329_LIKE+F16";610;0.137;"F";"6";"n";84.5082;677.5;NA;NA;0.900369003690037;"No"
85;"85_F7";"F7";"B329_LIKE+F16";614;0.1341;"F";"7";"n";84.5082;677.5;NA;NA;0.906273062730627;"No"
85;"85_F8";"F8";"B329_LIKE+F16";649;0.1346;"F";"8";"n";84.5082;677.5;NA;NA;0.957933579335793;"No"
85;"85_F9";"F9";"B329_LIKE+F16";612;0.1334;"F";"9";"n";84.5082;677.5;NA;NA;0.903321033210332;"No"
85;"85_G10";"G10";"B329_LIKE+F16";645;0.1364;"G";"10";"n";84.5082;677.5;NA;NA;0.952029520295203;"No"
85;"85_G11";"G11";"B329_LIKE+F16";850;0.1473;"G";"11";"n";84.5082;677.5;NA;NA;1.25461254612546;"No"
85;"85_G2";"G2";"B329_LIKE+F16";712;0.1426;"G";"2";"n";84.5082;677.5;NA;NA;1.05092250922509;"No"
85;"85_G3";"G3";"B329_LIKE+F16";683;0.1315;"G";"3";"n";84.5082;677.5;NA;NA;1.00811808118081;"No"
85;"85_G4";"G4";"B329_LIKE+F16";731;0.1518;"G";"4";"n";84.5082;677.5;NA;NA;1.0789667896679;"No"
85;"85_G5";"G5";"B329_LIKE+F16";798;0.1627;"G";"5";"n";84.5082;677.5;NA;NA;1.17785977859779;"No"
85;"85_G6";"G6";"B329_LIKE+F16";698;0.1567;"G";"6";"n";84.5082;677.5;NA;NA;1.03025830258303;"No"
85;"85_G7";"G7";"B329_LIKE+F16";716;0.1455;"G";"7";"n";84.5082;677.5;NA;NA;1.05682656826568;"No"
85;"85_G8";"G8";"B329_LIKE+F16";670;0.1445;"G";"8";"n";84.5082;677.5;NA;NA;0.988929889298893;"No"
85;"85_G9";"G9";"B329_LIKE+F16";662;0.1412;"G";"9";"n";84.5082;677.5;NA;NA;0.977121771217712;"No"
86;"86_B10";"B10";"B329_LIKE+F16";591;0.1182;"B";"10";"n";85.2495;618;NA;NA;0.95631067961165;"No"
86;"86_B11";"B11";"B329_LIKE+F16";561;0.1151;"B";"11";"n";85.2495;618;NA;NA;0.907766990291262;"No"
86;"86_B2";"B2";"B329_LIKE+F16";676;0.1497;"B";"2";"n";85.2495;618;NA;NA;1.09385113268608;"No"
86;"86_B3";"B3";"B329_LIKE+F16";1070;0.1596;"B";"3";"n";85.2495;618;NA;NA;1.73139158576052;"No"
86;"86_B4";"B4";"B329_LIKE+F16";639;0.1359;"B";"4";"n";85.2495;618;NA;NA;1.03398058252427;"No"
86;"86_B5";"B5";"B329_LIKE+F16";608;0.1305;"B";"5";"n";85.2495;618;NA;NA;0.983818770226537;"No"
86;"86_B6";"B6";"B329_LIKE+F16";552;0.1155;"B";"6";"n";85.2495;618;NA;NA;0.893203883495146;"No"
86;"86_B7";"B7";"B329_LIKE+F16";549;0.1197;"B";"7";"n";85.2495;618;NA;NA;0.888349514563107;"No"
86;"86_B8";"B8";"B329_LIKE+F16";543;0.1196;"B";"8";"n";85.2495;618;NA;NA;0.878640776699029;"No"
86;"86_B9";"B9";"B329_LIKE+F16";559;0.1212;"B";"9";"n";85.2495;618;NA;NA;0.90453074433657;"No"
86;"86_C10";"C10";"B329_LIKE+F16";555;0.1089;"C";"10";"n";85.2495;618;NA;NA;0.898058252427185;"No"
86;"86_C11";"C11";"B329_LIKE+F16";567;0.1128;"C";"11";"n";85.2495;618;NA;NA;0.91747572815534;"No"
86;"86_C2";"C2";"B329_LIKE+F16";650;0.114;"C";"2";"n";85.2495;618;NA;NA;1.05177993527508;"No"
86;"86_C3";"C3";"B329_LIKE+F16";761;0.1285;"C";"3";"n";85.2495;618;NA;NA;1.23139158576052;"No"
86;"86_C4";"C4";"B329_LIKE+F16";591;0.1141;"C";"4";"n";85.2495;618;NA;NA;0.95631067961165;"No"
86;"86_C5";"C5";"B329_LIKE+F16";640;0.1237;"C";"5";"n";85.2495;618;NA;NA;1.03559870550162;"No"
86;"86_C6";"C6";"B329_LIKE+F16";552;0.1115;"C";"6";"n";85.2495;618;NA;NA;0.893203883495146;"No"
86;"86_C7";"C7";"B329_LIKE+F16";493;0.1053;"C";"7";"n";85.2495;618;NA;NA;0.797734627831715;"No"
86;"86_C8";"C8";"B329_LIKE+F16";524;0.1112;"C";"8";"n";85.2495;618;NA;NA;0.84789644012945;"No"
86;"86_C9";"C9";"B329_LIKE+F16";603;0.1081;"C";"9";"n";85.2495;618;NA;NA;0.975728155339806;"No"
86;"86_D10";"D10";"B329_LIKE+F16";590;0.1326;"D";"10";"n";85.2495;618;NA;NA;0.954692556634304;"No"
86;"86_D11";"D11";"B329_LIKE+F16";616;0.1287;"D";"11";"n";85.2495;618;NA;NA;0.996763754045307;"No"
86;"86_D2";"D2";"B329_LIKE+F16";680;0.1252;"D";"2";"n";85.2495;618;NA;NA;1.10032362459547;"No"
86;"86_D3";"D3";"B329_LIKE+F16";599;0.1282;"D";"3";"n";85.2495;618;NA;NA;0.969255663430421;"No"
86;"86_D4";"D4";"B329_LIKE+F16";860;0.1365;"D";"4";"n";85.2495;618;NA;NA;1.3915857605178;"No"
86;"86_D5";"D5";"B329_LIKE+F16";586;0.1275;"D";"5";"n";85.2495;618;NA;NA;0.948220064724919;"No"
86;"86_D6";"D6";"B329_LIKE+F16";632;0.1248;"D";"6";"n";85.2495;618;NA;NA;1.02265372168285;"No"
86;"86_D7";"D7";"B329_LIKE+F16";674;0.1259;"D";"7";"n";85.2495;618;NA;NA;1.09061488673139;"No"
86;"86_D8";"D8";"B329_LIKE+F16";552;0.1191;"D";"8";"n";85.2495;618;NA;NA;0.893203883495146;"No"
86;"86_D9";"D9";"B329_LIKE+F16";934;0.1287;"D";"9";"n";85.2495;618;NA;NA;1.51132686084142;"No"
86;"86_E10";"E10";"B329_LIKE+F16";626;0.1299;"E";"10";"n";85.2495;618;NA;NA;1.01294498381877;"No"
86;"86_E11";"E11";"B329_LIKE+F16";597;0.1266;"E";"11";"n";85.2495;618;NA;NA;0.966019417475728;"No"
86;"86_E2";"E2";"B329_LIKE+F16";613;0.1242;"E";"2";"n";85.2495;618;NA;NA;0.991909385113269;"No"
86;"86_E3";"E3";"B329_LIKE+F16";721;0.1341;"E";"3";"n";85.2495;618;NA;NA;1.16666666666667;"No"
86;"86_E4";"E4";"B329_LIKE+F16";788;0.144;"E";"4";"n";85.2495;618;NA;NA;1.27508090614887;"No"
86;"86_E5";"E5";"B329_LIKE+F16";552;0.1155;"E";"5";"n";85.2495;618;NA;NA;0.893203883495146;"No"
86;"86_E6";"E6";"B329_LIKE+F16";545;0.1193;"E";"6";"n";85.2495;618;NA;NA;0.881877022653722;"No"
86;"86_E7";"E7";"B329_LIKE+F16";607;0.1225;"E";"7";"n";85.2495;618;NA;NA;0.982200647249191;"No"
86;"86_E8";"E8";"B329_LIKE+F16";593;0.1295;"E";"8";"n";85.2495;618;NA;NA;0.959546925566343;"No"
86;"86_E9";"E9";"B329_LIKE+F16";548;0.1226;"E";"9";"n";85.2495;618;NA;NA;0.88673139158576;"No"
86;"86_F10";"F10";"B329_LIKE+F16";614;0.1361;"F";"10";"n";85.2495;618;NA;NA;0.993527508090615;"No"
86;"86_F11";"F11";"B329_LIKE+F16";703;0.1491;"F";"11";"n";85.2495;618;NA;NA;1.13754045307443;"No"
86;"86_F2";"F2";"B329_LIKE+F16";625;0.1304;"F";"2";"n";85.2495;618;NA;NA;1.01132686084142;"No"
86;"86_F3";"F3";"B329_LIKE+F16";570;0.1195;"F";"3";"n";85.2495;618;NA;NA;0.922330097087379;"No"
86;"86_F4";"F4";"B329_LIKE+F16";571;0.132;"F";"4";"n";85.2495;618;NA;NA;0.923948220064725;"No"
86;"86_F5";"F5";"B329_LIKE+F16";586;0.1325;"F";"5";"n";85.2495;618;NA;NA;0.948220064724919;"No"
86;"86_F6";"F6";"B329_LIKE+F16";547;0.1158;"F";"6";"n";85.2495;618;NA;NA;0.885113268608414;"No"
86;"86_F7";"F7";"B329_LIKE+F16";466;0.1128;"F";"7";"n";85.2495;618;NA;NA;0.754045307443366;"No"
86;"86_F8";"F8";"B329_LIKE+F16";544;0.1245;"F";"8";"n";85.2495;618;NA;NA;0.880258899676375;"No"
86;"86_F9";"F9";"B329_LIKE+F16";596;0.1359;"F";"9";"n";85.2495;618;NA;NA;0.964401294498382;"No"
86;"86_G10";"G10";"B329_LIKE+F16";649;0.143;"G";"10";"n";85.2495;618;NA;NA;1.05016181229773;"No"
86;"86_G11";"G11";"B329_LIKE+F16";720;0.1433;"G";"11";"n";85.2495;618;NA;NA;1.16504854368932;"No"
86;"86_G2";"G2";"B329_LIKE+F16";585;0.1303;"G";"2";"n";85.2495;618;NA;NA;0.946601941747573;"No"
86;"86_G3";"G3";"B329_LIKE+F16";703;0.1494;"G";"3";"n";85.2495;618;NA;NA;1.13754045307443;"No"
86;"86_G4";"G4";"B329_LIKE+F16";604;0.1339;"G";"4";"n";85.2495;618;NA;NA;0.977346278317152;"No"
86;"86_G5";"G5";"B329_LIKE+F16";853;0.1639;"G";"5";"n";85.2495;618;NA;NA;1.38025889967638;"No"
86;"86_G6";"G6";"B329_LIKE+F16";607;0.1337;"G";"6";"n";85.2495;618;NA;NA;0.982200647249191;"No"
86;"86_G7";"G7";"B329_LIKE+F16";614;0.1282;"G";"7";"n";85.2495;618;NA;NA;0.993527508090615;"No"
86;"86_G8";"G8";"B329_LIKE+F16";602;0.1348;"G";"8";"n";85.2495;618;NA;NA;0.97411003236246;"No"
86;"86_G9";"G9";"B329_LIKE+F16";599;0.138;"G";"9";"n";85.2495;618;NA;NA;0.969255663430421;"No"
87;"87_B10";"B10";"B329_LIKE+F16";1273;0.1549;"B";"10";"n";219.4248;1494.5;NA;NA;0.851789896286383;"No"
87;"87_B11";"B11";"B329_LIKE+F16";1634;0.1869;"B";"11";"n";219.4248;1494.5;NA;NA;1.09334225493476;"No"
87;"87_B2";"B2";"B329_LIKE+F16";1413;0.1578;"B";"2";"n";219.4248;1494.5;NA;NA;0.945466711274674;"No"
87;"87_B3";"B3";"B329_LIKE+F16";1362;0.1638;"B";"3";"n";219.4248;1494.5;NA;NA;0.911341585814654;"No"
87;"87_B4";"B4";"B329_LIKE+F16";1836;0.1851;"B";"4";"n";219.4248;1494.5;NA;NA;1.22850451656072;"No"
87;"87_B5";"B5";"B329_LIKE+F16";1361;0.1355;"B";"5";"n";219.4248;1494.5;NA;NA;0.910672465707595;"No"
87;"87_B6";"B6";"B329_LIKE+F16";1669;0.1958;"B";"6";"n";219.4248;1494.5;NA;NA;1.11676145868183;"No"
87;"87_B7";"B7";"B329_LIKE+F16";1281;0.1565;"B";"7";"n";219.4248;1494.5;NA;NA;0.857142857142857;"No"
87;"87_B8";"B8";"B329_LIKE+F16";1510;0.2231;"B";"8";"n";219.4248;1494.5;NA;NA;1.01037136165942;"No"
87;"87_B9";"B9";"B329_LIKE+F16";1446;0.1723;"B";"9";"n";219.4248;1494.5;NA;NA;0.967547674807628;"No"
87;"87_C10";"C10";"B329_LIKE+F16";1487;0.2021;"C";"10";"n";219.4248;1494.5;NA;NA;0.994981599197056;"No"
87;"87_C11";"C11";"B329_LIKE+F16";1275;0.1509;"C";"11";"n";219.4248;1494.5;NA;NA;0.853128136500502;"No"
87;"87_C2";"C2";"B329_LIKE+F16";1340;0.1939;"C";"2";"n";219.4248;1494.5;NA;NA;0.896620943459351;"No"
87;"87_C3";"C3";"B329_LIKE+F16";1370;0.1794;"C";"3";"n";219.4248;1494.5;NA;NA;0.916694546671127;"No"
87;"87_C4";"C4";"B329_LIKE+F16";1660;0.1797;"C";"4";"n";219.4248;1494.5;NA;NA;1.1107393777183;"No"
87;"87_C5";"C5";"B329_LIKE+F16";1091;0.1401;"C";"5";"n";219.4248;1494.5;NA;NA;0.730010036801606;"No"
87;"87_C6";"C6";"B329_LIKE+F16";1285;0.1614;"C";"6";"n";219.4248;1494.5;NA;NA;0.859819337571094;"No"
87;"87_C7";"C7";"B329_LIKE+F16";1473;0.1594;"C";"7";"n";219.4248;1494.5;NA;NA;0.985613917698227;"No"
87;"87_C8";"C8";"B329_LIKE+F16";1495;0.1699;"C";"8";"n";219.4248;1494.5;NA;NA;1.00033456005353;"No"
87;"87_C9";"C9";"B329_LIKE+F16";1528;0.1077;"C";"9";"n";219.4248;1494.5;NA;NA;1.02241552358648;"No"
87;"87_D10";"D10";"B329_LIKE+F16";1127;0.1372;"D";"10";"n";219.4248;1494.5;NA;NA;0.754098360655738;"No"
87;"87_D11";"D11";"B329_LIKE+F16";1416;0.1345;"D";"11";"n";219.4248;1494.5;NA;NA;0.947474071595852;"No"
87;"87_D2";"D2";"B329_LIKE+F16";1496;0.1774;"D";"2";"n";219.4248;1494.5;NA;NA;1.00100368016059;"No"
87;"87_D3";"D3";"B329_LIKE+F16";1183;0.1404;"D";"3";"n";219.4248;1494.5;NA;NA;0.791569086651054;"No"
87;"87_D4";"D4";"B329_LIKE+F16";1306;0.1536;"D";"4";"n";219.4248;1494.5;NA;NA;0.873870859819338;"No"
87;"87_D5";"D5";"B329_LIKE+F16";1682;0.2077;"D";"5";"n";219.4248;1494.5;NA;NA;1.1254600200736;"No"
87;"87_D6";"D6";"B329_LIKE+F16";1652;0.2499;"D";"6";"n";219.4248;1494.5;NA;NA;1.10538641686183;"No"
87;"87_D7";"D7";"B329_LIKE+F16";1246;0.1541;"D";"7";"n";219.4248;1494.5;NA;NA;0.833723653395785;"No"
87;"87_D8";"D8";"B329_LIKE+F16";1231;0.1291;"D";"8";"n";219.4248;1494.5;NA;NA;0.823686851789896;"No"
87;"87_D9";"D9";"B329_LIKE+F16";2134;0.2347;"D";"9";"n";219.4248;1494.5;NA;NA;1.42790230846437;"No"
87;"87_E10";"E10";"B329_LIKE+F16";1187;0.158;"E";"10";"n";219.4248;1494.5;NA;NA;0.794245567079291;"No"
87;"87_E11";"E11";"B329_LIKE+F16";1631;0.1843;"E";"11";"n";219.4248;1494.5;NA;NA;1.09133489461358;"No"
87;"87_E2";"E2";"B329_LIKE+F16";1158;0.1527;"E";"2";"n";219.4248;1494.5;NA;NA;0.774841083974573;"No"
87;"87_E3";"E3";"B329_LIKE+F16";1331;0.1474;"E";"3";"n";219.4248;1494.5;NA;NA;0.890598862495818;"No"
87;"87_E4";"E4";"B329_LIKE+F16";1910;0.2656;"E";"4";"n";219.4248;1494.5;NA;NA;1.2780194044831;"No"
87;"87_E5";"E5";"B329_LIKE+F16";2031;0.2811;"E";"5";"n";219.4248;1494.5;NA;NA;1.35898293743727;"No"
87;"87_E6";"E6";"B329_LIKE+F16";1401;0.1597;"E";"6";"n";219.4248;1494.5;NA;NA;0.937437269989963;"No"
87;"87_E7";"E7";"B329_LIKE+F16";1437;0.188;"E";"7";"n";219.4248;1494.5;NA;NA;0.961525593844095;"No"
87;"87_E8";"E8";"B329_LIKE+F16";1480;0.147;"E";"8";"n";219.4248;1494.5;NA;NA;0.990297758447641;"No"
87;"87_E9";"E9";"B329_LIKE+F16";1428;0.1784;"E";"9";"n";219.4248;1494.5;NA;NA;0.955503512880562;"No"
87;"87_F10";"F10";"B329_LIKE+F16";2023;0.1757;"F";"10";"n";219.4248;1494.5;NA;NA;1.3536299765808;"No"
87;"87_F11";"F11";"B329_LIKE+F16";1158;0.1715;"F";"11";"n";219.4248;1494.5;NA;NA;0.774841083974573;"No"
87;"87_F2";"F2";"B329_LIKE+F16";1475;0.2115;"F";"2";"n";219.4248;1494.5;NA;NA;0.986952157912345;"No"
87;"87_F3";"F3";"B329_LIKE+F16";1496;0.1889;"F";"3";"n";219.4248;1494.5;NA;NA;1.00100368016059;"No"
87;"87_F4";"F4";"B329_LIKE+F16";1722;0.2297;"F";"4";"n";219.4248;1494.5;NA;NA;1.15222482435597;"No"
87;"87_F5";"F5";"B329_LIKE+F16";1844;0.242;"F";"5";"n";219.4248;1494.5;NA;NA;1.2338574774172;"No"
87;"87_F6";"F6";"B329_LIKE+F16";2208;0.3313;"F";"6";"n";219.4248;1494.5;NA;NA;1.47741719638675;"No"
87;"87_F7";"F7";"B329_LIKE+F16";1288;0.1754;"F";"7";"n";219.4248;1494.5;NA;NA;0.861826697892272;"No"
87;"87_F8";"F8";"B329_LIKE+F16";1384;0.1482;"F";"8";"n";219.4248;1494.5;NA;NA;0.926062228169957;"No"
87;"87_F9";"F9";"B329_LIKE+F16";1479;0.1442;"F";"9";"n";219.4248;1494.5;NA;NA;0.989628638340582;"No"
87;"87_G10";"G10";"B329_LIKE+F16";1400;0.148;"G";"10";"n";219.4248;1494.5;NA;NA;0.936768149882904;"No"
87;"87_G11";"G11";"B329_LIKE+F16";1375;0.1484;"G";"11";"n";219.4248;1494.5;NA;NA;0.920040147206424;"No"
87;"87_G2";"G2";"B329_LIKE+F16";1494;0.2105;"G";"2";"n";219.4248;1494.5;NA;NA;0.99966543994647;"No"
87;"87_G3";"G3";"B329_LIKE+F16";1162;0.159;"G";"3";"n";219.4248;1494.5;NA;NA;0.77751756440281;"No"
87;"87_G4";"G4";"B329_LIKE+F16";1477;0.1547;"G";"4";"n";219.4248;1494.5;NA;NA;0.988290398126464;"No"
87;"87_G5";"G5";"B329_LIKE+F16";1755;0.1693;"G";"5";"n";219.4248;1494.5;NA;NA;1.17430578788893;"No"
87;"87_G6";"G6";"B329_LIKE+F16";1329;0.1681;"G";"6";"n";219.4248;1494.5;NA;NA;0.8892606222817;"No"
87;"87_G7";"G7";"B329_LIKE+F16";1599;0.1975;"G";"7";"n";219.4248;1494.5;NA;NA;1.06992305118769;"No"
87;"87_G8";"G8";"B329_LIKE+F16";1473;0.1505;"G";"8";"n";219.4248;1494.5;NA;NA;0.985613917698227;"No"
87;"87_G9";"G9";"B329_LIKE+F16";1430;0.1654;"G";"9";"n";219.4248;1494.5;NA;NA;0.95684175309468;"No"
88;"88_B10";"B10";"B329_LIKE+F16";535;0.1102;"B";"10";"n";83.0256;628;NA;NA;0.851910828025478;"No"
88;"88_B11";"B11";"B329_LIKE+F16";638;0.1135;"B";"11";"n";83.0256;628;NA;NA;1.01592356687898;"No"
88;"88_B2";"B2";"B329_LIKE+F16";569;0.1132;"B";"2";"n";83.0256;628;NA;NA;0.906050955414013;"No"
88;"88_B3";"B3";"B329_LIKE+F16";696;0.1185;"B";"3";"n";83.0256;628;NA;NA;1.10828025477707;"No"
88;"88_B4";"B4";"B329_LIKE+F16";621;0.1233;"B";"4";"n";83.0256;628;NA;NA;0.988853503184713;"No"
88;"88_B5";"B5";"B329_LIKE+F16";564;0.111;"B";"5";"n";83.0256;628;NA;NA;0.898089171974522;"No"
88;"88_B6";"B6";"B329_LIKE+F16";562;0.1173;"B";"6";"n";83.0256;628;NA;NA;0.894904458598726;"No"
88;"88_B7";"B7";"B329_LIKE+F16";513;0.1057;"B";"7";"n";83.0256;628;NA;NA;0.81687898089172;"No"
88;"88_B8";"B8";"B329_LIKE+F16";543;0.11;"B";"8";"n";83.0256;628;NA;NA;0.864649681528662;"No"
88;"88_B9";"B9";"B329_LIKE+F16";613;0.1203;"B";"9";"n";83.0256;628;NA;NA;0.976114649681529;"No"
88;"88_C10";"C10";"B329_LIKE+F16";509;0.1061;"C";"10";"n";83.0256;628;NA;NA;0.810509554140127;"No"
88;"88_C11";"C11";"B329_LIKE+F16";582;0.1082;"C";"11";"n";83.0256;628;NA;NA;0.926751592356688;"No"
88;"88_C2";"C2";"B329_LIKE+F16";582;0.1107;"C";"2";"n";83.0256;628;NA;NA;0.926751592356688;"No"
88;"88_C3";"C3";"B329_LIKE+F16";610;0.1243;"C";"3";"n";83.0256;628;NA;NA;0.971337579617834;"No"
88;"88_C4";"C4";"B329_LIKE+F16";624;0.1251;"C";"4";"n";83.0256;628;NA;NA;0.993630573248408;"No"
88;"88_C5";"C5";"B329_LIKE+F16";689;0.1302;"C";"5";"n";83.0256;628;NA;NA;1.09713375796178;"No"
88;"88_C6";"C6";"B329_LIKE+F16";597;0.1261;"C";"6";"n";83.0256;628;NA;NA;0.950636942675159;"No"
88;"88_C7";"C7";"B329_LIKE+F16";645;0.1327;"C";"7";"n";83.0256;628;NA;NA;1.02707006369427;"No"
88;"88_C8";"C8";"B329_LIKE+F16";569;0.1135;"C";"8";"n";83.0256;628;NA;NA;0.906050955414013;"No"
88;"88_C9";"C9";"B329_LIKE+F16";523;0.1073;"C";"9";"n";83.0256;628;NA;NA;0.832802547770701;"No"
88;"88_D10";"D10";"B329_LIKE+F16";752;0.1389;"D";"10";"n";83.0256;628;NA;NA;1.19745222929936;"No"
88;"88_D11";"D11";"B329_LIKE+F16";542;0.1053;"D";"11";"n";83.0256;628;NA;NA;0.863057324840764;"No"
88;"88_D2";"D2";"B329_LIKE+F16";652;0.1274;"D";"2";"n";83.0256;628;NA;NA;1.03821656050955;"No"
88;"88_D3";"D3";"B329_LIKE+F16";571;0.1139;"D";"3";"n";83.0256;628;NA;NA;0.909235668789809;"No"
88;"88_D4";"D4";"B329_LIKE+F16";593;0.1258;"D";"4";"n";83.0256;628;NA;NA;0.944267515923567;"No"
88;"88_D5";"D5";"B329_LIKE+F16";537;0.1076;"D";"5";"n";83.0256;628;NA;NA;0.855095541401274;"No"
88;"88_D6";"D6";"B329_LIKE+F16";583;0.1224;"D";"6";"n";83.0256;628;NA;NA;0.928343949044586;"No"
88;"88_D7";"D7";"B329_LIKE+F16";717;0.1179;"D";"7";"n";83.0256;628;NA;NA;1.14171974522293;"No"
88;"88_D8";"D8";"B329_LIKE+F16";624;0.1272;"D";"8";"n";83.0256;628;NA;NA;0.993630573248408;"No"
88;"88_D9";"D9";"B329_LIKE+F16";555;0.1106;"D";"9";"n";83.0256;628;NA;NA;0.88375796178344;"No"
88;"88_E10";"E10";"B329_LIKE+F16";538;0.1113;"E";"10";"n";83.0256;628;NA;NA;0.856687898089172;"No"
88;"88_E11";"E11";"B329_LIKE+F16";513;0.1052;"E";"11";"n";83.0256;628;NA;NA;0.81687898089172;"No"
88;"88_E2";"E2";"B329_LIKE+F16";802;0.1532;"E";"2";"n";83.0256;628;NA;NA;1.27707006369427;"No"
88;"88_E3";"E3";"B329_LIKE+F16";586;0.1147;"E";"3";"n";83.0256;628;NA;NA;0.93312101910828;"No"
88;"88_E4";"E4";"B329_LIKE+F16";565;0.1118;"E";"4";"n";83.0256;628;NA;NA;0.89968152866242;"No"
88;"88_E5";"E5";"B329_LIKE+F16";553;0.1105;"E";"5";"n";83.0256;628;NA;NA;0.880573248407643;"No"
88;"88_E6";"E6";"B329_LIKE+F16";538;0.1131;"E";"6";"n";83.0256;628;NA;NA;0.856687898089172;"No"
88;"88_E7";"E7";"B329_LIKE+F16";588;0.1233;"E";"7";"n";83.0256;628;NA;NA;0.936305732484076;"No"
88;"88_E8";"E8";"B329_LIKE+F16";549;0.1103;"E";"8";"n";83.0256;628;NA;NA;0.874203821656051;"No"
88;"88_E9";"E9";"B329_LIKE+F16";536;0.1069;"E";"9";"n";83.0256;628;NA;NA;0.853503184713376;"No"
88;"88_F10";"F10";"B329_LIKE+F16";620;0.129;"F";"10";"n";83.0256;628;NA;NA;0.987261146496815;"No"
88;"88_F11";"F11";"B329_LIKE+F16";692;0.1329;"F";"11";"n";83.0256;628;NA;NA;1.10191082802548;"No"
88;"88_F2";"F2";"B329_LIKE+F16";683;0.1318;"F";"2";"n";83.0256;628;NA;NA;1.08757961783439;"No"
88;"88_F3";"F3";"B329_LIKE+F16";645;0.1315;"F";"3";"n";83.0256;628;NA;NA;1.02707006369427;"No"
88;"88_F4";"F4";"B329_LIKE+F16";579;0.1309;"F";"4";"n";83.0256;628;NA;NA;0.921974522292994;"No"
88;"88_F5";"F5";"B329_LIKE+F16";609;0.1287;"F";"5";"n";83.0256;628;NA;NA;0.969745222929936;"No"
88;"88_F6";"F6";"B329_LIKE+F16";663;0.1286;"F";"6";"n";83.0256;628;NA;NA;1.05573248407643;"No"
88;"88_F7";"F7";"B329_LIKE+F16";707;0.148;"F";"7";"n";83.0256;628;NA;NA;1.12579617834395;"No"
88;"88_F8";"F8";"B329_LIKE+F16";656;0.1283;"F";"8";"n";83.0256;628;NA;NA;1.04458598726115;"No"
88;"88_F9";"F9";"B329_LIKE+F16";700;0.1253;"F";"9";"n";83.0256;628;NA;NA;1.11464968152866;"No"
88;"88_G10";"G10";"B329_LIKE+F16";1200;0.1803;"G";"10";"n";83.0256;628;NA;NA;1.91082802547771;"No"
88;"88_G11";"G11";"B329_LIKE+F16";847;0.1497;"G";"11";"n";83.0256;628;NA;NA;1.34872611464968;"No"
88;"88_G2";"G2";"B329_LIKE+F16";622;0.1278;"G";"2";"n";83.0256;628;NA;NA;0.990445859872611;"No"
88;"88_G3";"G3";"B329_LIKE+F16";656;0.1319;"G";"3";"n";83.0256;628;NA;NA;1.04458598726115;"No"
88;"88_G4";"G4";"B329_LIKE+F16";612;0.1237;"G";"4";"n";83.0256;628;NA;NA;0.974522292993631;"No"
88;"88_G5";"G5";"B329_LIKE+F16";656;0.1249;"G";"5";"n";83.0256;628;NA;NA;1.04458598726115;"No"
88;"88_G6";"G6";"B329_LIKE+F16";666;0.1334;"G";"6";"n";83.0256;628;NA;NA;1.06050955414013;"No"
88;"88_G7";"G7";"B329_LIKE+F16";664;0.1351;"G";"7";"n";83.0256;628;NA;NA;1.05732484076433;"No"
88;"88_G8";"G8";"B329_LIKE+F16";627;0.1261;"G";"8";"n";83.0256;628;NA;NA;0.998407643312102;"No"
88;"88_G9";"G9";"B329_LIKE+F16";678;0.1336;"G";"9";"n";83.0256;628;NA;NA;1.0796178343949;"No"
89;"89_B10";"B10";"B329_LIKE+F16";661;0.1202;"B";"10";"n";120.8319;691;NA;NA;0.956584659913169;"No"
89;"89_B11";"B11";"B329_LIKE+F16";575;0.1082;"B";"11";"n";120.8319;691;NA;NA;0.832127351664255;"No"
89;"89_B2";"B2";"B329_LIKE+F16";646;0.1189;"B";"2";"n";120.8319;691;NA;NA;0.934876989869754;"No"
89;"89_B3";"B3";"B329_LIKE+F16";630;0.1186;"B";"3";"n";120.8319;691;NA;NA;0.911722141823444;"No"
89;"89_B4";"B4";"B329_LIKE+F16";664;0.121;"B";"4";"n";120.8319;691;NA;NA;0.960926193921852;"No"
89;"89_B5";"B5";"B329_LIKE+F16";594;0.1123;"B";"5";"n";120.8319;691;NA;NA;0.859623733719247;"No"
89;"89_B6";"B6";"B329_LIKE+F16";610;0.1138;"B";"6";"n";120.8319;691;NA;NA;0.882778581765557;"No"
89;"89_B7";"B7";"B329_LIKE+F16";577;0.1508;"B";"7";"n";120.8319;691;NA;NA;0.835021707670043;"No"
89;"89_B8";"B8";"B329_LIKE+F16";784;0.1533;"B";"8";"n";120.8319;691;NA;NA;1.13458755426918;"No"
89;"89_B9";"B9";"B329_LIKE+F16";682;0.1331;"B";"9";"n";120.8319;691;NA;NA;0.986975397973951;"No"
89;"89_C10";"C10";"B329_LIKE+F16";532;0.136;"C";"10";"n";120.8319;691;NA;NA;0.769898697539797;"No"
89;"89_C11";"C11";"B329_LIKE+F16";821;0.1323;"C";"11";"n";120.8319;691;NA;NA;1.18813314037627;"No"
89;"89_C2";"C2";"B329_LIKE+F16";733;0.1281;"C";"2";"n";120.8319;691;NA;NA;1.06078147612156;"No"
89;"89_C3";"C3";"B329_LIKE+F16";623;0.1125;"C";"3";"n";120.8319;691;NA;NA;0.901591895803184;"No"
89;"89_C4";"C4";"B329_LIKE+F16";616;0.1186;"C";"4";"n";120.8319;691;NA;NA;0.891461649782923;"No"
89;"89_C5";"C5";"B329_LIKE+F16";602;0.1287;"C";"5";"n";120.8319;691;NA;NA;0.871201157742402;"No"
89;"89_C6";"C6";"B329_LIKE+F16";800;0.1486;"C";"6";"n";120.8319;691;NA;NA;1.15774240231548;"No"
89;"89_C7";"C7";"B329_LIKE+F16";567;0.1175;"C";"7";"n";120.8319;691;NA;NA;0.8205499276411;"No"
89;"89_C8";"C8";"B329_LIKE+F16";561;0.1454;"C";"8";"n";120.8319;691;NA;NA;0.811866859623734;"No"
89;"89_C9";"C9";"B329_LIKE+F16";550;0.1185;"C";"9";"n";120.8319;691;NA;NA;0.795947901591896;"No"
89;"89_D10";"D10";"B329_LIKE+F16";609;0.2349;"D";"10";"n";120.8319;691;NA;NA;0.881331403762663;"No"
89;"89_D11";"D11";"B329_LIKE+F16";982;0.1908;"D";"11";"n";120.8319;691;NA;NA;1.42112879884226;"No"
89;"89_D2";"D2";"B329_LIKE+F16";630;0.1205;"D";"2";"n";120.8319;691;NA;NA;0.911722141823444;"No"
89;"89_D3";"D3";"B329_LIKE+F16";650;0.121;"D";"3";"n";120.8319;691;NA;NA;0.940665701881331;"No"
89;"89_D4";"D4";"B329_LIKE+F16";689;0.1293;"D";"4";"n";120.8319;691;NA;NA;0.997105643994211;"No"
89;"89_D5";"D5";"B329_LIKE+F16";570;0.1224;"D";"5";"n";120.8319;691;NA;NA;0.824891461649783;"No"
89;"89_D6";"D6";"B329_LIKE+F16";558;0.1266;"D";"6";"n";120.8319;691;NA;NA;0.807525325615051;"No"
89;"89_D7";"D7";"B329_LIKE+F16";612;0.1575;"D";"7";"n";120.8319;691;NA;NA;0.885672937771346;"No"
89;"89_D8";"D8";"B329_LIKE+F16";655;0.2012;"D";"8";"n";120.8319;691;NA;NA;0.947901591895803;"No"
89;"89_D9";"D9";"B329_LIKE+F16";1083;0.3256;"D";"9";"n";120.8319;691;NA;NA;1.56729377713459;"No"
89;"89_E10";"E10";"B329_LIKE+F16";550;0.1415;"E";"10";"n";120.8319;691;NA;NA;0.795947901591896;"No"
89;"89_E11";"E11";"B329_LIKE+F16";693;0.1224;"E";"11";"n";120.8319;691;NA;NA;1.00289435600579;"No"
89;"89_E2";"E2";"B329_LIKE+F16";793;0.1456;"E";"2";"n";120.8319;691;NA;NA;1.14761215629522;"No"
89;"89_E3";"E3";"B329_LIKE+F16";627;0.1235;"E";"3";"n";120.8319;691;NA;NA;0.907380607814761;"No"
89;"89_E4";"E4";"B329_LIKE+F16";613;0.1204;"E";"4";"n";120.8319;691;NA;NA;0.88712011577424;"No"
89;"89_E5";"E5";"B329_LIKE+F16";851;0.1671;"E";"5";"n";120.8319;691;NA;NA;1.2315484804631;"No"
89;"89_E6";"E6";"B329_LIKE+F16";587;0.1263;"E";"6";"n";120.8319;691;NA;NA;0.849493487698987;"No"
89;"89_E7";"E7";"B329_LIKE+F16";1296;0.1383;"E";"7";"n";120.8319;691;NA;NA;1.87554269175109;"No"
89;"89_E8";"E8";"B329_LIKE+F16";602;0.1465;"E";"8";"n";120.8319;691;NA;NA;0.871201157742402;"No"
89;"89_E9";"E9";"B329_LIKE+F16";557;0.156;"E";"9";"n";120.8319;691;NA;NA;0.806078147612156;"No"
89;"89_F10";"F10";"B329_LIKE+F16";630;0.1231;"F";"10";"n";120.8319;691;NA;NA;0.911722141823444;"No"
89;"89_F11";"F11";"B329_LIKE+F16";888;0.1698;"F";"11";"n";120.8319;691;NA;NA;1.28509406657019;"No"
89;"89_F2";"F2";"B329_LIKE+F16";639;0.1296;"F";"2";"n";120.8319;691;NA;NA;0.924746743849494;"No"
89;"89_F3";"F3";"B329_LIKE+F16";662;0.1316;"F";"3";"n";120.8319;691;NA;NA;0.958031837916064;"No"
89;"89_F4";"F4";"B329_LIKE+F16";740;0.143;"F";"4";"n";120.8319;691;NA;NA;1.07091172214182;"No"
89;"89_F5";"F5";"B329_LIKE+F16";654;0.1302;"F";"5";"n";120.8319;691;NA;NA;0.946454413892909;"No"
89;"89_F6";"F6";"B329_LIKE+F16";622;0.128;"F";"6";"n";120.8319;691;NA;NA;0.90014471780029;"No"
89;"89_F7";"F7";"B329_LIKE+F16";710;0.1368;"F";"7";"n";120.8319;691;NA;NA;1.02749638205499;"No"
89;"89_F8";"F8";"B329_LIKE+F16";693;0.1364;"F";"8";"n";120.8319;691;NA;NA;1.00289435600579;"No"
89;"89_F9";"F9";"B329_LIKE+F16";605;0.123;"F";"9";"n";120.8319;691;NA;NA;0.875542691751085;"No"
89;"89_G10";"G10";"B329_LIKE+F16";925;0.1574;"G";"10";"n";120.8319;691;NA;NA;1.33863965267728;"No"
89;"89_G11";"G11";"B329_LIKE+F16";730;0.1348;"G";"11";"n";120.8319;691;NA;NA;1.05643994211288;"No"
89;"89_G2";"G2";"B329_LIKE+F16";869;0.1674;"G";"2";"n";120.8319;691;NA;NA;1.2575976845152;"No"
89;"89_G3";"G3";"B329_LIKE+F16";806;0.1365;"G";"3";"n";120.8319;691;NA;NA;1.16642547033285;"No"
89;"89_G4";"G4";"B329_LIKE+F16";717;0.1384;"G";"4";"n";120.8319;691;NA;NA;1.03762662807525;"No"
89;"89_G5";"G5";"B329_LIKE+F16";762;0.1468;"G";"5";"n";120.8319;691;NA;NA;1.1027496382055;"No"
89;"89_G6";"G6";"B329_LIKE+F16";695;0.143;"G";"6";"n";120.8319;691;NA;NA;1.00578871201158;"No"
89;"89_G7";"G7";"B329_LIKE+F16";818;0.1555;"G";"7";"n";120.8319;691;NA;NA;1.18379160636758;"No"
89;"89_G8";"G8";"B329_LIKE+F16";839;0.1615;"G";"8";"n";120.8319;691;NA;NA;1.21418234442836;"No"
89;"89_G9";"G9";"B329_LIKE+F16";900;0.1574;"G";"9";"n";120.8319;691;NA;NA;1.30246020260492;"No"
90;"90_B10";"B10";"B329_LIKE+F16";682;0.1112;"B";"10";"n";116.3841;784;NA;NA;0.869897959183674;"No"
90;"90_B11";"B11";"B329_LIKE+F16";910;0.1451;"B";"11";"n";116.3841;784;NA;NA;1.16071428571429;"No"
90;"90_B2";"B2";"B329_LIKE+F16";762;0.1444;"B";"2";"n";116.3841;784;NA;NA;0.971938775510204;"No"
90;"90_B3";"B3";"B329_LIKE+F16";836;0.1413;"B";"3";"n";116.3841;784;NA;NA;1.06632653061224;"No"
90;"90_B4";"B4";"B329_LIKE+F16";748;0.1494;"B";"4";"n";116.3841;784;NA;NA;0.954081632653061;"No"
90;"90_B5";"B5";"B329_LIKE+F16";1114;0.1577;"B";"5";"n";116.3841;784;NA;NA;1.42091836734694;"No"
90;"90_B6";"B6";"B329_LIKE+F16";783;0.1432;"B";"6";"n";116.3841;784;NA;NA;0.998724489795918;"No"
90;"90_B7";"B7";"B329_LIKE+F16";1333;0.1498;"B";"7";"n";116.3841;784;NA;NA;1.70025510204082;"No"
90;"90_B8";"B8";"B329_LIKE+F16";689;0.1066;"B";"8";"n";116.3841;784;NA;NA;0.878826530612245;"No"
90;"90_B9";"B9";"B329_LIKE+F16";710;0.1275;"B";"9";"n";116.3841;784;NA;NA;0.905612244897959;"No"
90;"90_C10";"C10";"B329_LIKE+F16";648;0.1143;"C";"10";"n";116.3841;784;NA;NA;0.826530612244898;"No"
90;"90_C11";"C11";"B329_LIKE+F16";582;0.1031;"C";"11";"n";116.3841;784;NA;NA;0.74234693877551;"No"
90;"90_C2";"C2";"B329_LIKE+F16";733;0.1358;"C";"2";"n";116.3841;784;NA;NA;0.934948979591837;"No"
90;"90_C3";"C3";"B329_LIKE+F16";786;0.1438;"C";"3";"n";116.3841;784;NA;NA;1.00255102040816;"No"
90;"90_C4";"C4";"B329_LIKE+F16";704;0.1429;"C";"4";"n";116.3841;784;NA;NA;0.897959183673469;"No"
90;"90_C5";"C5";"B329_LIKE+F16";814;0.1401;"C";"5";"n";116.3841;784;NA;NA;1.03826530612245;"No"
90;"90_C6";"C6";"B329_LIKE+F16";664;0.1375;"C";"6";"n";116.3841;784;NA;NA;0.846938775510204;"No"
90;"90_C7";"C7";"B329_LIKE+F16";766;0.1396;"C";"7";"n";116.3841;784;NA;NA;0.977040816326531;"No"
90;"90_C8";"C8";"B329_LIKE+F16";738;0.1198;"C";"8";"n";116.3841;784;NA;NA;0.941326530612245;"No"
90;"90_C9";"C9";"B329_LIKE+F16";670;0.1242;"C";"9";"n";116.3841;784;NA;NA;0.854591836734694;"No"
90;"90_D10";"D10";"B329_LIKE+F16";726;0.1439;"D";"10";"n";116.3841;784;NA;NA;0.926020408163265;"No"
90;"90_D11";"D11";"B329_LIKE+F16";655;0.1144;"D";"11";"n";116.3841;784;NA;NA;0.835459183673469;"No"
90;"90_D2";"D2";"B329_LIKE+F16";694;0.1362;"D";"2";"n";116.3841;784;NA;NA;0.885204081632653;"No"
90;"90_D3";"D3";"B329_LIKE+F16";846;0.1605;"D";"3";"n";116.3841;784;NA;NA;1.07908163265306;"No"
90;"90_D4";"D4";"B329_LIKE+F16";749;0.1384;"D";"4";"n";116.3841;784;NA;NA;0.955357142857143;"No"
90;"90_D5";"D5";"B329_LIKE+F16";841;0.1505;"D";"5";"n";116.3841;784;NA;NA;1.07270408163265;"No"
90;"90_D6";"D6";"B329_LIKE+F16";719;0.1365;"D";"6";"n";116.3841;784;NA;NA;0.917091836734694;"No"
90;"90_D7";"D7";"B329_LIKE+F16";735;0.1355;"D";"7";"n";116.3841;784;NA;NA;0.9375;"No"
90;"90_D8";"D8";"B329_LIKE+F16";785;0.1288;"D";"8";"n";116.3841;784;NA;NA;1.00127551020408;"No"
90;"90_D9";"D9";"B329_LIKE+F16";896;0.1492;"D";"9";"n";116.3841;784;NA;NA;1.14285714285714;"No"
90;"90_E10";"E10";"B329_LIKE+F16";1064;0.1642;"E";"10";"n";116.3841;784;NA;NA;1.35714285714286;"No"
90;"90_E11";"E11";"B329_LIKE+F16";861;0.1397;"E";"11";"n";116.3841;784;NA;NA;1.09821428571429;"No"
90;"90_E2";"E2";"B329_LIKE+F16";700;0.1344;"E";"2";"n";116.3841;784;NA;NA;0.892857142857143;"No"
90;"90_E3";"E3";"B329_LIKE+F16";737;0.134;"E";"3";"n";116.3841;784;NA;NA;0.940051020408163;"No"
90;"90_E4";"E4";"B329_LIKE+F16";768;0.1411;"E";"4";"n";116.3841;784;NA;NA;0.979591836734694;"No"
90;"90_E5";"E5";"B329_LIKE+F16";770;0.1592;"E";"5";"n";116.3841;784;NA;NA;0.982142857142857;"No"
90;"90_E6";"E6";"B329_LIKE+F16";890;0.1766;"E";"6";"n";116.3841;784;NA;NA;1.13520408163265;"No"
90;"90_E7";"E7";"B329_LIKE+F16";813;0.1423;"E";"7";"n";116.3841;784;NA;NA;1.03698979591837;"No"
90;"90_E8";"E8";"B329_LIKE+F16";673;0.1344;"E";"8";"n";116.3841;784;NA;NA;0.858418367346939;"No"
90;"90_E9";"E9";"B329_LIKE+F16";878;0.1479;"E";"9";"n";116.3841;784;NA;NA;1.11989795918367;"No"
90;"90_F10";"F10";"B329_LIKE+F16";923;0.1769;"F";"10";"n";116.3841;784;NA;NA;1.17729591836735;"No"
90;"90_F11";"F11";"B329_LIKE+F16";739;0.1357;"F";"11";"n";116.3841;784;NA;NA;0.942602040816326;"No"
90;"90_F2";"F2";"B329_LIKE+F16";731;0.1383;"F";"2";"n";116.3841;784;NA;NA;0.932397959183674;"No"
90;"90_F3";"F3";"B329_LIKE+F16";702;0.1392;"F";"3";"n";116.3841;784;NA;NA;0.895408163265306;"No"
90;"90_F4";"F4";"B329_LIKE+F16";709;0.1298;"F";"4";"n";116.3841;784;NA;NA;0.904336734693878;"No"
90;"90_F5";"F5";"B329_LIKE+F16";804;0.1389;"F";"5";"n";116.3841;784;NA;NA;1.02551020408163;"No"
90;"90_F6";"F6";"B329_LIKE+F16";819;0.1459;"F";"6";"n";116.3841;784;NA;NA;1.04464285714286;"No"
90;"90_F7";"F7";"B329_LIKE+F16";690;0.1286;"F";"7";"n";116.3841;784;NA;NA;0.880102040816326;"No"
90;"90_F8";"F8";"B329_LIKE+F16";684;0.1405;"F";"8";"n";116.3841;784;NA;NA;0.872448979591837;"No"
90;"90_F9";"F9";"B329_LIKE+F16";678;0.1256;"F";"9";"n";116.3841;784;NA;NA;0.864795918367347;"No"
90;"90_G10";"G10";"B329_LIKE+F16";668;0.1203;"G";"10";"n";116.3841;784;NA;NA;0.852040816326531;"No"
90;"90_G11";"G11";"B329_LIKE+F16";703;0.1202;"G";"11";"n";116.3841;784;NA;NA;0.896683673469388;"No"
90;"90_G2";"G2";"B329_LIKE+F16";922;0.1671;"G";"2";"n";116.3841;784;NA;NA;1.17602040816327;"No"
90;"90_G3";"G3";"B329_LIKE+F16";809;0.1356;"G";"3";"n";116.3841;784;NA;NA;1.03188775510204;"No"
90;"90_G4";"G4";"B329_LIKE+F16";897;0.1524;"G";"4";"n";116.3841;784;NA;NA;1.14413265306122;"No"
90;"90_G5";"G5";"B329_LIKE+F16";733;0.1453;"G";"5";"n";116.3841;784;NA;NA;0.934948979591837;"No"
90;"90_G6";"G6";"B329_LIKE+F16";766;0.1364;"G";"6";"n";116.3841;784;NA;NA;0.977040816326531;"No"
90;"90_G7";"G7";"B329_LIKE+F16";866;0.1445;"G";"7";"n";116.3841;784;NA;NA;1.10459183673469;"No"
90;"90_G8";"G8";"B329_LIKE+F16";951;0.1893;"G";"8";"n";116.3841;784;NA;NA;1.21301020408163;"No"
90;"90_G9";"G9";"B329_LIKE+F16";801;0.1403;"G";"9";"n";116.3841;784;NA;NA;1.02168367346939;"No"
91;"91_B10";"B10";"B329_LIKE+F16";607;0.1155;"B";"10";"n";169.7577;669;NA;NA;0.907324364723468;"No"
91;"91_B11";"B11";"B329_LIKE+F16";588;0.1049;"B";"11";"n";169.7577;669;NA;NA;0.878923766816143;"No"
91;"91_B2";"B2";"B329_LIKE+F16";552;0.1005;"B";"2";"n";169.7577;669;NA;NA;0.825112107623318;"No"
91;"91_B3";"B3";"B329_LIKE+F16";529;0.1008;"B";"3";"n";169.7577;669;NA;NA;0.790732436472347;"No"
91;"91_B4";"B4";"B329_LIKE+F16";537;0.099;"B";"4";"n";169.7577;669;NA;NA;0.802690582959641;"No"
91;"91_B5";"B5";"B329_LIKE+F16";599;0.1075;"B";"5";"n";169.7577;669;NA;NA;0.895366218236173;"No"
91;"91_B6";"B6";"B329_LIKE+F16";552;0.0993;"B";"6";"n";169.7577;669;NA;NA;0.825112107623318;"No"
91;"91_B7";"B7";"B329_LIKE+F16";1044;0.1116;"B";"7";"n";169.7577;669;NA;NA;1.56053811659193;"No"
91;"91_B8";"B8";"B329_LIKE+F16";554;0.1002;"B";"8";"n";169.7577;669;NA;NA;0.828101644245142;"No"
91;"91_B9";"B9";"B329_LIKE+F16";703;0.1038;"B";"9";"n";169.7577;669;NA;NA;1.050822122571;"No"
91;"91_C10";"C10";"B329_LIKE+F16";566;0.1049;"C";"10";"n";169.7577;669;NA;NA;0.846038863976084;"No"
91;"91_C11";"C11";"B329_LIKE+F16";588;0.1028;"C";"11";"n";169.7577;669;NA;NA;0.878923766816143;"No"
91;"91_C2";"C2";"B329_LIKE+F16";629;0.1045;"C";"2";"n";169.7577;669;NA;NA;0.940209267563528;"No"
91;"91_C3";"C3";"B329_LIKE+F16";580;0.1033;"C";"3";"n";169.7577;669;NA;NA;0.866965620328849;"No"
91;"91_C4";"C4";"B329_LIKE+F16";589;0.1069;"C";"4";"n";169.7577;669;NA;NA;0.880418535127055;"No"
91;"91_C5";"C5";"B329_LIKE+F16";556;0.1148;"C";"5";"n";169.7577;669;NA;NA;0.831091180866966;"No"
91;"91_C6";"C6";"B329_LIKE+F16";538;0.094;"C";"6";"n";169.7577;669;NA;NA;0.804185351270553;"No"
91;"91_C7";"C7";"B329_LIKE+F16";525;0.0945;"C";"7";"n";169.7577;669;NA;NA;0.7847533632287;"No"
91;"91_C8";"C8";"B329_LIKE+F16";528;0.0985;"C";"8";"n";169.7577;669;NA;NA;0.789237668161435;"No"
91;"91_C9";"C9";"B329_LIKE+F16";567;0.1039;"C";"9";"n";169.7577;669;NA;NA;0.847533632286996;"No"
91;"91_D10";"D10";"B329_LIKE+F16";537;0.1106;"D";"10";"n";169.7577;669;NA;NA;0.802690582959641;"No"
91;"91_D11";"D11";"B329_LIKE+F16";828;0.1564;"D";"11";"n";169.7577;669;NA;NA;1.23766816143498;"No"
91;"91_D2";"D2";"B329_LIKE+F16";542;0.1019;"D";"2";"n";169.7577;669;NA;NA;0.8101644245142;"No"
91;"91_D3";"D3";"B329_LIKE+F16";555;0.1111;"D";"3";"n";169.7577;669;NA;NA;0.829596412556054;"No"
91;"91_D4";"D4";"B329_LIKE+F16";713;0.1285;"D";"4";"n";169.7577;669;NA;NA;1.06576980568012;"No"
91;"91_D5";"D5";"B329_LIKE+F16";537;0.1042;"D";"5";"n";169.7577;669;NA;NA;0.802690582959641;"No"
91;"91_D6";"D6";"B329_LIKE+F16";683;0.1292;"D";"6";"n";169.7577;669;NA;NA;1.02092675635277;"No"
91;"91_D7";"D7";"B329_LIKE+F16";786;0.1549;"D";"7";"n";169.7577;669;NA;NA;1.17488789237668;"No"
91;"91_D8";"D8";"B329_LIKE+F16";660;0.1229;"D";"8";"n";169.7577;669;NA;NA;0.986547085201794;"No"
91;"91_D9";"D9";"B329_LIKE+F16";636;0.1253;"D";"9";"n";169.7577;669;NA;NA;0.95067264573991;"No"
91;"91_E10";"E10";"B329_LIKE+F16";860;0.1646;"E";"10";"n";169.7577;669;NA;NA;1.28550074738416;"No"
91;"91_E11";"E11";"B329_LIKE+F16";1141;0.2052;"E";"11";"n";169.7577;669;NA;NA;1.70553064275037;"No"
91;"91_E2";"E2";"B329_LIKE+F16";570;0.1041;"E";"2";"n";169.7577;669;NA;NA;0.852017937219731;"No"
91;"91_E3";"E3";"B329_LIKE+F16";516;0.1039;"E";"3";"n";169.7577;669;NA;NA;0.771300448430493;"No"
91;"91_E4";"E4";"B329_LIKE+F16";546;0.1012;"E";"4";"n";169.7577;669;NA;NA;0.816143497757848;"No"
91;"91_E5";"E5";"B329_LIKE+F16";595;0.1046;"E";"5";"n";169.7577;669;NA;NA;0.889387144992526;"No"
91;"91_E6";"E6";"B329_LIKE+F16";678;0.1194;"E";"6";"n";169.7577;669;NA;NA;1.01345291479821;"No"
91;"91_E7";"E7";"B329_LIKE+F16";616;0.1115;"E";"7";"n";169.7577;669;NA;NA;0.920777279521674;"No"
91;"91_E8";"E8";"B329_LIKE+F16";548;0.1021;"E";"8";"n";169.7577;669;NA;NA;0.819133034379671;"No"
91;"91_E9";"E9";"B329_LIKE+F16";725;0.1275;"E";"9";"n";169.7577;669;NA;NA;1.08370702541106;"No"
91;"91_F10";"F10";"B329_LIKE+F16";912;0.1794;"F";"10";"n";169.7577;669;NA;NA;1.36322869955157;"No"
91;"91_F11";"F11";"B329_LIKE+F16";1041;0.2157;"F";"11";"n";169.7577;669;NA;NA;1.55605381165919;"No"
91;"91_F2";"F2";"B329_LIKE+F16";606;0.1164;"F";"2";"n";169.7577;669;NA;NA;0.905829596412556;"No"
91;"91_F3";"F3";"B329_LIKE+F16";601;0.1127;"F";"3";"n";169.7577;669;NA;NA;0.898355754857997;"No"
91;"91_F4";"F4";"B329_LIKE+F16";630;0.1226;"F";"4";"n";169.7577;669;NA;NA;0.94170403587444;"No"
91;"91_F5";"F5";"B329_LIKE+F16";942;0.1479;"F";"5";"n";169.7577;669;NA;NA;1.40807174887892;"No"
91;"91_F6";"F6";"B329_LIKE+F16";1777;0.1741;"F";"6";"n";169.7577;669;NA;NA;2.65620328849028;"No"
91;"91_F7";"F7";"B329_LIKE+F16";1152;0.1943;"F";"7";"n";169.7577;669;NA;NA;1.7219730941704;"No"
91;"91_F8";"F8";"B329_LIKE+F16";806;0.147;"F";"8";"n";169.7577;669;NA;NA;1.20478325859492;"No"
91;"91_F9";"F9";"B329_LIKE+F16";927;0.18;"F";"9";"n";169.7577;669;NA;NA;1.38565022421525;"No"
91;"91_G10";"G10";"B329_LIKE+F16";896;0.1736;"G";"10";"n";169.7577;669;NA;NA;1.33931240657698;"No"
91;"91_G11";"G11";"B329_LIKE+F16";906;0.166;"G";"11";"n";169.7577;669;NA;NA;1.3542600896861;"No"
91;"91_G2";"G2";"B329_LIKE+F16";659;0.1209;"G";"2";"n";169.7577;669;NA;NA;0.985052316890882;"No"
91;"91_G3";"G3";"B329_LIKE+F16";874;0.1671;"G";"3";"n";169.7577;669;NA;NA;1.30642750373692;"No"
91;"91_G4";"G4";"B329_LIKE+F16";1043;0.1782;"G";"4";"n";169.7577;669;NA;NA;1.55904334828102;"No"
91;"91_G5";"G5";"B329_LIKE+F16";844;0.1592;"G";"5";"n";169.7577;669;NA;NA;1.26158445440957;"No"
91;"91_G6";"G6";"B329_LIKE+F16";893;0.1674;"G";"6";"n";169.7577;669;NA;NA;1.33482810164425;"No"
91;"91_G7";"G7";"B329_LIKE+F16";1032;0.1879;"G";"7";"n";169.7577;669;NA;NA;1.54260089686099;"No"
91;"91_G8";"G8";"B329_LIKE+F16";862;0.1653;"G";"8";"n";169.7577;669;NA;NA;1.28849028400598;"No"
91;"91_G9";"G9";"B329_LIKE+F16";899;0.1707;"G";"9";"n";169.7577;669;NA;NA;1.34379671150972;"No"
92;"92_B10";"B10";"B329_LIKE+F16";830;0.1435;"B";"10";"n";98.5929;782.5;NA;NA;1.06070287539936;"No"
92;"92_B11";"B11";"B329_LIKE+F16";822;0.1458;"B";"11";"n";98.5929;782.5;NA;NA;1.05047923322684;"No"
92;"92_B2";"B2";"B329_LIKE+F16";942;0.1852;"B";"2";"n";98.5929;782.5;NA;NA;1.2038338658147;"No"
92;"92_B3";"B3";"B329_LIKE+F16";921;0.1703;"B";"3";"n";98.5929;782.5;NA;NA;1.17699680511182;"No"
92;"92_B4";"B4";"B329_LIKE+F16";992;0.1787;"B";"4";"n";98.5929;782.5;NA;NA;1.26773162939297;"No"
92;"92_B5";"B5";"B329_LIKE+F16";881;0.1925;"B";"5";"n";98.5929;782.5;NA;NA;1.1258785942492;"No"
92;"92_B6";"B6";"B329_LIKE+F16";870;0.1434;"B";"6";"n";98.5929;782.5;NA;NA;1.11182108626198;"No"
92;"92_B7";"B7";"B329_LIKE+F16";908;0.1609;"B";"7";"n";98.5929;782.5;NA;NA;1.16038338658147;"No"
92;"92_B8";"B8";"B329_LIKE+F16";853;0.1458;"B";"8";"n";98.5929;782.5;NA;NA;1.09009584664537;"No"
92;"92_B9";"B9";"B329_LIKE+F16";947;0.1498;"B";"9";"n";98.5929;782.5;NA;NA;1.21022364217252;"No"
92;"92_C10";"C10";"B329_LIKE+F16";834;0.1533;"C";"10";"n";98.5929;782.5;NA;NA;1.06581469648562;"No"
92;"92_C11";"C11";"B329_LIKE+F16";792;0.1292;"C";"11";"n";98.5929;782.5;NA;NA;1.01214057507987;"No"
92;"92_C2";"C2";"B329_LIKE+F16";873;0.1533;"C";"2";"n";98.5929;782.5;NA;NA;1.11565495207668;"No"
92;"92_C3";"C3";"B329_LIKE+F16";990;0.1662;"C";"3";"n";98.5929;782.5;NA;NA;1.26517571884984;"No"
92;"92_C4";"C4";"B329_LIKE+F16";1115;0.1942;"C";"4";"n";98.5929;782.5;NA;NA;1.42492012779553;"No"
92;"92_C5";"C5";"B329_LIKE+F16";958;0.1519;"C";"5";"n";98.5929;782.5;NA;NA;1.22428115015974;"No"
92;"92_C6";"C6";"B329_LIKE+F16";857;0.1541;"C";"6";"n";98.5929;782.5;NA;NA;1.09520766773163;"No"
92;"92_C7";"C7";"B329_LIKE+F16";781;0.1281;"C";"7";"n";98.5929;782.5;NA;NA;0.998083067092652;"No"
92;"92_C8";"C8";"B329_LIKE+F16";747;0.1342;"C";"8";"n";98.5929;782.5;NA;NA;0.954632587859425;"No"
92;"92_C9";"C9";"B329_LIKE+F16";725;0.1369;"C";"9";"n";98.5929;782.5;NA;NA;0.926517571884984;"No"
92;"92_D10";"D10";"B329_LIKE+F16";NA;NA;"D";"10";"n";98.5929;782.5;NA;NA;NA;"No"
92;"92_D11";"D11";"B329_LIKE+F16";NA;NA;"D";"11";"n";98.5929;782.5;NA;NA;NA;"No"
92;"92_D2";"D2";"B329_LIKE+F16";NA;NA;"D";"2";"n";98.5929;782.5;NA;NA;NA;"No"
92;"92_D3";"D3";"B329_LIKE+F16";NA;NA;"D";"3";"n";98.5929;782.5;NA;NA;NA;"No"
92;"92_D4";"D4";"B329_LIKE+F16";NA;NA;"D";"4";"n";98.5929;782.5;NA;NA;NA;"No"
92;"92_D5";"D5";"B329_LIKE+F16";NA;NA;"D";"5";"n";98.5929;782.5;NA;NA;NA;"No"
92;"92_D6";"D6";"B329_LIKE+F16";NA;NA;"D";"6";"n";98.5929;782.5;NA;NA;NA;"No"
92;"92_D7";"D7";"B329_LIKE+F16";NA;NA;"D";"7";"n";98.5929;782.5;NA;NA;NA;"No"
92;"92_D8";"D8";"B329_LIKE+F16";NA;NA;"D";"8";"n";98.5929;782.5;NA;NA;NA;"No"
92;"92_D9";"D9";"B329_LIKE+F16";NA;NA;"D";"9";"n";98.5929;782.5;NA;NA;NA;"No"
92;"92_E10";"E10";"B329_LIKE+F16";777;0.1323;"E";"10";"n";98.5929;782.5;NA;NA;0.99297124600639;"No"
92;"92_E11";"E11";"B329_LIKE+F16";790;0.1458;"E";"11";"n";98.5929;782.5;NA;NA;1.00958466453674;"No"
92;"92_E2";"E2";"B329_LIKE+F16";744;0.1335;"E";"2";"n";98.5929;782.5;NA;NA;0.950798722044728;"No"
92;"92_E3";"E3";"B329_LIKE+F16";716;0.1232;"E";"3";"n";98.5929;782.5;NA;NA;0.915015974440895;"No"
92;"92_E4";"E4";"B329_LIKE+F16";701;0.1228;"E";"4";"n";98.5929;782.5;NA;NA;0.895846645367412;"No"
92;"92_E5";"E5";"B329_LIKE+F16";664;0.1168;"E";"5";"n";98.5929;782.5;NA;NA;0.848562300319489;"No"
92;"92_E6";"E6";"B329_LIKE+F16";824;0.1358;"E";"6";"n";98.5929;782.5;NA;NA;1.05303514376997;"No"
92;"92_E7";"E7";"B329_LIKE+F16";715;0.1281;"E";"7";"n";98.5929;782.5;NA;NA;0.913738019169329;"No"
92;"92_E8";"E8";"B329_LIKE+F16";689;0.1225;"E";"8";"n";98.5929;782.5;NA;NA;0.880511182108626;"No"
92;"92_E9";"E9";"B329_LIKE+F16";866;0.1552;"E";"9";"n";98.5929;782.5;NA;NA;1.10670926517572;"No"
92;"92_F10";"F10";"B329_LIKE+F16";670;0.1168;"F";"10";"n";98.5929;782.5;NA;NA;0.856230031948882;"No"
92;"92_F11";"F11";"B329_LIKE+F16";722;0.1293;"F";"11";"n";98.5929;782.5;NA;NA;0.922683706070287;"No"
92;"92_F2";"F2";"B329_LIKE+F16";723;0.1267;"F";"2";"n";98.5929;782.5;NA;NA;0.923961661341853;"No"
92;"92_F3";"F3";"B329_LIKE+F16";713;0.13;"F";"3";"n";98.5929;782.5;NA;NA;0.911182108626198;"No"
92;"92_F4";"F4";"B329_LIKE+F16";652;0.12;"F";"4";"n";98.5929;782.5;NA;NA;0.833226837060703;"No"
92;"92_F5";"F5";"B329_LIKE+F16";684;0.1252;"F";"5";"n";98.5929;782.5;NA;NA;0.874121405750799;"No"
92;"92_F6";"F6";"B329_LIKE+F16";768;0.1348;"F";"6";"n";98.5929;782.5;NA;NA;0.9814696485623;"No"
92;"92_F7";"F7";"B329_LIKE+F16";728;0.1242;"F";"7";"n";98.5929;782.5;NA;NA;0.93035143769968;"No"
92;"92_F8";"F8";"B329_LIKE+F16";630;0.1156;"F";"8";"n";98.5929;782.5;NA;NA;0.805111821086262;"No"
92;"92_F9";"F9";"B329_LIKE+F16";849;0.1517;"F";"9";"n";98.5929;782.5;NA;NA;1.08498402555911;"No"
92;"92_G10";"G10";"B329_LIKE+F16";716;0.1259;"G";"10";"n";98.5929;782.5;NA;NA;0.915015974440895;"No"
92;"92_G11";"G11";"B329_LIKE+F16";688;0.129;"G";"11";"n";98.5929;782.5;NA;NA;0.879233226837061;"No"
92;"92_G2";"G2";"B329_LIKE+F16";795;0.1449;"G";"2";"n";98.5929;782.5;NA;NA;1.01597444089457;"No"
92;"92_G3";"G3";"B329_LIKE+F16";899;0.1506;"G";"3";"n";98.5929;782.5;NA;NA;1.14888178913738;"No"
92;"92_G4";"G4";"B329_LIKE+F16";780;0.137;"G";"4";"n";98.5929;782.5;NA;NA;0.996805111821086;"No"
92;"92_G5";"G5";"B329_LIKE+F16";765;0.1352;"G";"5";"n";98.5929;782.5;NA;NA;0.977635782747604;"No"
92;"92_G6";"G6";"B329_LIKE+F16";877;0.155;"G";"6";"n";98.5929;782.5;NA;NA;1.12076677316294;"No"
92;"92_G7";"G7";"B329_LIKE+F16";841;0.1442;"G";"7";"n";98.5929;782.5;NA;NA;1.07476038338658;"No"
92;"92_G8";"G8";"B329_LIKE+F16";933;0.1596;"G";"8";"n";98.5929;782.5;NA;NA;1.19233226837061;"No"
92;"92_G9";"G9";"B329_LIKE+F16";842;0.168;"G";"9";"n";98.5929;782.5;NA;NA;1.07603833865815;"No"
93;"93_B10";"B10";"B329_LIKE+F16";756;0.153;"B";"10";"n";71.9061;745.5;NA;NA;1.01408450704225;"No"
93;"93_B11";"B11";"B329_LIKE+F16";746;0.1471;"B";"11";"n";71.9061;745.5;NA;NA;1.00067069081154;"No"
93;"93_B2";"B2";"B329_LIKE+F16";753;0.141;"B";"2";"n";71.9061;745.5;NA;NA;1.01006036217304;"No"
93;"93_B3";"B3";"B329_LIKE+F16";697;0.1382;"B";"3";"n";71.9061;745.5;NA;NA;0.934942991281019;"No"
93;"93_B4";"B4";"B329_LIKE+F16";719;0.1448;"B";"4";"n";71.9061;745.5;NA;NA;0.964453386988598;"No"
93;"93_B5";"B5";"B329_LIKE+F16";720;0.1384;"B";"5";"n";71.9061;745.5;NA;NA;0.96579476861167;"No"
93;"93_B6";"B6";"B329_LIKE+F16";750;0.1368;"B";"6";"n";71.9061;745.5;NA;NA;1.00603621730382;"No"
93;"93_B7";"B7";"B329_LIKE+F16";1148;0.1674;"B";"7";"n";71.9061;745.5;NA;NA;1.53990610328638;"No"
93;"93_B8";"B8";"B329_LIKE+F16";741;0.1335;"B";"8";"n";71.9061;745.5;NA;NA;0.993963782696177;"No"
93;"93_B9";"B9";"B329_LIKE+F16";745;0.1505;"B";"9";"n";71.9061;745.5;NA;NA;0.999329309188464;"No"
93;"93_C10";"C10";"B329_LIKE+F16";702;0.1348;"C";"10";"n";71.9061;745.5;NA;NA;0.941649899396378;"No"
93;"93_C11";"C11";"B329_LIKE+F16";775;0.1314;"C";"11";"n";71.9061;745.5;NA;NA;1.03957075788062;"No"
93;"93_C2";"C2";"B329_LIKE+F16";753;0.1452;"C";"2";"n";71.9061;745.5;NA;NA;1.01006036217304;"No"
93;"93_C3";"C3";"B329_LIKE+F16";750;0.1398;"C";"3";"n";71.9061;745.5;NA;NA;1.00603621730382;"No"
93;"93_C4";"C4";"B329_LIKE+F16";916;0.1379;"C";"4";"n";71.9061;745.5;NA;NA;1.22870556673374;"No"
93;"93_C5";"C5";"B329_LIKE+F16";765;0.1327;"C";"5";"n";71.9061;745.5;NA;NA;1.0261569416499;"No"
93;"93_C6";"C6";"B329_LIKE+F16";930;0.1436;"C";"6";"n";71.9061;745.5;NA;NA;1.24748490945674;"No"
93;"93_C7";"C7";"B329_LIKE+F16";731;0.1336;"C";"7";"n";71.9061;745.5;NA;NA;0.98054996646546;"No"
93;"93_C8";"C8";"B329_LIKE+F16";735;0.132;"C";"8";"n";71.9061;745.5;NA;NA;0.985915492957746;"No"
93;"93_C9";"C9";"B329_LIKE+F16";922;0.157;"C";"9";"n";71.9061;745.5;NA;NA;1.23675385647217;"No"
93;"93_D10";"D10";"B329_LIKE+F16";715;0.137;"D";"10";"n";71.9061;745.5;NA;NA;0.959087860496311;"No"
93;"93_D11";"D11";"B329_LIKE+F16";710;0.1391;"D";"11";"n";71.9061;745.5;NA;NA;0.952380952380952;"No"
93;"93_D2";"D2";"B329_LIKE+F16";819;0.1449;"D";"2";"n";71.9061;745.5;NA;NA;1.09859154929577;"No"
93;"93_D3";"D3";"B329_LIKE+F16";689;0.1318;"D";"3";"n";71.9061;745.5;NA;NA;0.924211938296445;"No"
93;"93_D4";"D4";"B329_LIKE+F16";735;0.1377;"D";"4";"n";71.9061;745.5;NA;NA;0.985915492957746;"No"
93;"93_D5";"D5";"B329_LIKE+F16";694;0.1291;"D";"5";"n";71.9061;745.5;NA;NA;0.930918846411804;"No"
93;"93_D6";"D6";"B329_LIKE+F16";861;0.1396;"D";"6";"n";71.9061;745.5;NA;NA;1.15492957746479;"No"
93;"93_D7";"D7";"B329_LIKE+F16";719;0.1252;"D";"7";"n";71.9061;745.5;NA;NA;0.964453386988598;"No"
93;"93_D8";"D8";"B329_LIKE+F16";679;0.1287;"D";"8";"n";71.9061;745.5;NA;NA;0.910798122065728;"No"
93;"93_D9";"D9";"B329_LIKE+F16";748;0.1363;"D";"9";"n";71.9061;745.5;NA;NA;1.00335345405768;"No"
93;"93_E10";"E10";"B329_LIKE+F16";940;0.1608;"E";"10";"n";71.9061;745.5;NA;NA;1.26089872568746;"No"
93;"93_E11";"E11";"B329_LIKE+F16";658;0.1329;"E";"11";"n";71.9061;745.5;NA;NA;0.882629107981221;"No"
93;"93_E2";"E2";"B329_LIKE+F16";707;0.137;"E";"2";"n";71.9061;745.5;NA;NA;0.948356807511737;"No"
93;"93_E3";"E3";"B329_LIKE+F16";680;0.132;"E";"3";"n";71.9061;745.5;NA;NA;0.9121395036888;"No"
93;"93_E4";"E4";"B329_LIKE+F16";763;0.1402;"E";"4";"n";71.9061;745.5;NA;NA;1.02347417840376;"No"
93;"93_E5";"E5";"B329_LIKE+F16";663;0.1306;"E";"5";"n";71.9061;745.5;NA;NA;0.88933601609658;"No"
93;"93_E6";"E6";"B329_LIKE+F16";997;0.1744;"E";"6";"n";71.9061;745.5;NA;NA;1.33735747820255;"No"
93;"93_E7";"E7";"B329_LIKE+F16";906;0.1509;"E";"7";"n";71.9061;745.5;NA;NA;1.21529175050302;"No"
93;"93_E8";"E8";"B329_LIKE+F16";632;0.1268;"E";"8";"n";71.9061;745.5;NA;NA;0.847753185781355;"No"
93;"93_E9";"E9";"B329_LIKE+F16";706;0.1444;"E";"9";"n";71.9061;745.5;NA;NA;0.947015425888665;"No"
93;"93_F10";"F10";"B329_LIKE+F16";738;0.1289;"F";"10";"n";71.9061;745.5;NA;NA;0.989939637826962;"No"
93;"93_F11";"F11";"B329_LIKE+F16";693;0.1313;"F";"11";"n";71.9061;745.5;NA;NA;0.929577464788732;"No"
93;"93_F2";"F2";"B329_LIKE+F16";703;0.1326;"F";"2";"n";71.9061;745.5;NA;NA;0.94299128101945;"No"
93;"93_F3";"F3";"B329_LIKE+F16";714;0.1316;"F";"3";"n";71.9061;745.5;NA;NA;0.957746478873239;"No"
93;"93_F4";"F4";"B329_LIKE+F16";776;0.1395;"F";"4";"n";71.9061;745.5;NA;NA;1.04091213950369;"No"
93;"93_F5";"F5";"B329_LIKE+F16";729;0.1373;"F";"5";"n";71.9061;745.5;NA;NA;0.977867203219316;"No"
93;"93_F6";"F6";"B329_LIKE+F16";860;0.1391;"F";"6";"n";71.9061;745.5;NA;NA;1.15358819584172;"No"
93;"93_F7";"F7";"B329_LIKE+F16";795;0.1432;"F";"7";"n";71.9061;745.5;NA;NA;1.06639839034205;"No"
93;"93_F8";"F8";"B329_LIKE+F16";784;0.1346;"F";"8";"n";71.9061;745.5;NA;NA;1.05164319248826;"No"
93;"93_F9";"F9";"B329_LIKE+F16";730;0.1328;"F";"9";"n";71.9061;745.5;NA;NA;0.979208584842388;"No"
93;"93_G10";"G10";"B329_LIKE+F16";681;0.133;"G";"10";"n";71.9061;745.5;NA;NA;0.913480885311871;"No"
93;"93_G11";"G11";"B329_LIKE+F16";670;0.1323;"G";"11";"n";71.9061;745.5;NA;NA;0.898725687458082;"No"
93;"93_G2";"G2";"B329_LIKE+F16";723;0.1413;"G";"2";"n";71.9061;745.5;NA;NA;0.969818913480885;"No"
93;"93_G3";"G3";"B329_LIKE+F16";921;0.1449;"G";"3";"n";71.9061;745.5;NA;NA;1.23541247484909;"No"
93;"93_G4";"G4";"B329_LIKE+F16";799;0.144;"G";"4";"n";71.9061;745.5;NA;NA;1.07176391683434;"No"
93;"93_G5";"G5";"B329_LIKE+F16";695;0.1239;"G";"5";"n";71.9061;745.5;NA;NA;0.932260228034876;"No"
93;"93_G6";"G6";"B329_LIKE+F16";798;0.1476;"G";"6";"n";71.9061;745.5;NA;NA;1.07042253521127;"No"
93;"93_G7";"G7";"B329_LIKE+F16";712;0.133;"G";"7";"n";71.9061;745.5;NA;NA;0.955063715627096;"No"
93;"93_G8";"G8";"B329_LIKE+F16";703;0.1301;"G";"8";"n";71.9061;745.5;NA;NA;0.94299128101945;"No"
93;"93_G9";"G9";"B329_LIKE+F16";785;0.1302;"G";"9";"n";71.9061;745.5;NA;NA;1.05298457411133;"No"
94;"94_B10";"B10";"B329_LIKE+F16";1238;0.137;"B";"10";"n";128.9862;775.5;NA;NA;1.59638942617666;"No"
94;"94_B11";"B11";"B329_LIKE+F16";717;0.1416;"B";"11";"n";128.9862;775.5;NA;NA;0.924564796905222;"No"
94;"94_B2";"B2";"B329_LIKE+F16";586;0.123;"B";"2";"n";128.9862;775.5;NA;NA;0.755641521598968;"No"
94;"94_B3";"B3";"B329_LIKE+F16";684;0.1388;"B";"3";"n";128.9862;775.5;NA;NA;0.882011605415861;"No"
94;"94_B4";"B4";"B329_LIKE+F16";634;0.1333;"B";"4";"n";128.9862;775.5;NA;NA;0.817537072856222;"No"
94;"94_B5";"B5";"B329_LIKE+F16";592;0.1195;"B";"5";"n";128.9862;775.5;NA;NA;0.763378465506125;"No"
94;"94_B6";"B6";"B329_LIKE+F16";604;0.1231;"B";"6";"n";128.9862;775.5;NA;NA;0.778852353320438;"No"
94;"94_B7";"B7";"B329_LIKE+F16";620;0.1295;"B";"7";"n";128.9862;775.5;NA;NA;0.799484203739523;"No"
94;"94_B8";"B8";"B329_LIKE+F16";599;0.1177;"B";"8";"n";128.9862;775.5;NA;NA;0.772404900064474;"No"
94;"94_B9";"B9";"B329_LIKE+F16";614;0.127;"B";"9";"n";128.9862;775.5;NA;NA;0.791747259832366;"No"
94;"94_C10";"C10";"B329_LIKE+F16";583;0.1206;"C";"10";"n";128.9862;775.5;NA;NA;0.75177304964539;"No"
94;"94_C11";"C11";"B329_LIKE+F16";675;0.1334;"C";"11";"n";128.9862;775.5;NA;NA;0.870406189555126;"No"
94;"94_C2";"C2";"B329_LIKE+F16";698;0.1225;"C";"2";"n";128.9862;775.5;NA;NA;0.90006447453256;"No"
94;"94_C3";"C3";"B329_LIKE+F16";1294;0.1192;"C";"3";"n";128.9862;775.5;NA;NA;1.66860090264346;"No"
94;"94_C4";"C4";"B329_LIKE+F16";627;0.1255;"C";"4";"n";128.9862;775.5;NA;NA;0.808510638297872;"No"
94;"94_C5";"C5";"B329_LIKE+F16";584;0.1203;"C";"5";"n";128.9862;775.5;NA;NA;0.753062540296583;"No"
94;"94_C6";"C6";"B329_LIKE+F16";576;0.1101;"C";"6";"n";128.9862;775.5;NA;NA;0.742746615087041;"No"
94;"94_C7";"C7";"B329_LIKE+F16";568;0.107;"C";"7";"n";128.9862;775.5;NA;NA;0.732430689877498;"No"
94;"94_C8";"C8";"B329_LIKE+F16";751;0.1344;"C";"8";"n";128.9862;775.5;NA;NA;0.968407479045777;"No"
94;"94_C9";"C9";"B329_LIKE+F16";583;0.12;"C";"9";"n";128.9862;775.5;NA;NA;0.75177304964539;"No"
94;"94_D10";"D10";"B329_LIKE+F16";676;0.1403;"D";"10";"n";128.9862;775.5;NA;NA;0.871695680206318;"No"
94;"94_D11";"D11";"B329_LIKE+F16";764;0.1476;"D";"11";"n";128.9862;775.5;NA;NA;0.985170857511283;"No"
94;"94_D2";"D2";"B329_LIKE+F16";731;0.1495;"D";"2";"n";128.9862;775.5;NA;NA;0.942617666021921;"No"
94;"94_D3";"D3";"B329_LIKE+F16";888;0.1594;"D";"3";"n";128.9862;775.5;NA;NA;1.14506769825919;"No"
94;"94_D4";"D4";"B329_LIKE+F16";912;0.1841;"D";"4";"n";128.9862;775.5;NA;NA;1.17601547388781;"No"
94;"94_D5";"D5";"B329_LIKE+F16";785;0.1653;"D";"5";"n";128.9862;775.5;NA;NA;1.01225016118633;"No"
94;"94_D6";"D6";"B329_LIKE+F16";921;0.1736;"D";"6";"n";128.9862;775.5;NA;NA;1.18762088974855;"No"
94;"94_D7";"D7";"B329_LIKE+F16";1151;0.1887;"D";"7";"n";128.9862;775.5;NA;NA;1.48420373952289;"No"
94;"94_D8";"D8";"B329_LIKE+F16";747;0.1459;"D";"8";"n";128.9862;775.5;NA;NA;0.963249516441006;"No"
94;"94_D9";"D9";"B329_LIKE+F16";754;0.1475;"D";"9";"n";128.9862;775.5;NA;NA;0.972275950999355;"No"
94;"94_E10";"E10";"B329_LIKE+F16";734;0.1445;"E";"10";"n";128.9862;775.5;NA;NA;0.9464861379755;"No"
94;"94_E11";"E11";"B329_LIKE+F16";784;0.1553;"E";"11";"n";128.9862;775.5;NA;NA;1.01096067053514;"No"
94;"94_E2";"E2";"B329_LIKE+F16";651;0.1289;"E";"2";"n";128.9862;775.5;NA;NA;0.839458413926499;"No"
94;"94_E3";"E3";"B329_LIKE+F16";732;0.1303;"E";"3";"n";128.9862;775.5;NA;NA;0.943907156673114;"No"
94;"94_E4";"E4";"B329_LIKE+F16";639;0.1259;"E";"4";"n";128.9862;775.5;NA;NA;0.823984526112186;"No"
94;"94_E5";"E5";"B329_LIKE+F16";782;0.1604;"E";"5";"n";128.9862;775.5;NA;NA;1.00838168923275;"No"
94;"94_E6";"E6";"B329_LIKE+F16";765;0.1479;"E";"6";"n";128.9862;775.5;NA;NA;0.986460348162476;"No"
94;"94_E7";"E7";"B329_LIKE+F16";858;0.1693;"E";"7";"n";128.9862;775.5;NA;NA;1.1063829787234;"No"
94;"94_E8";"E8";"B329_LIKE+F16";705;0.145;"E";"8";"n";128.9862;775.5;NA;NA;0.909090909090909;"No"
94;"94_E9";"E9";"B329_LIKE+F16";750;0.1384;"E";"9";"n";128.9862;775.5;NA;NA;0.967117988394584;"No"
94;"94_F10";"F10";"B329_LIKE+F16";768;0.1442;"F";"10";"n";128.9862;775.5;NA;NA;0.990328820116054;"No"
94;"94_F11";"F11";"B329_LIKE+F16";807;0.1652;"F";"11";"n";128.9862;775.5;NA;NA;1.04061895551257;"No"
94;"94_F2";"F2";"B329_LIKE+F16";789;0.1551;"F";"2";"n";128.9862;775.5;NA;NA;1.0174081237911;"No"
94;"94_F3";"F3";"B329_LIKE+F16";775;0.148;"F";"3";"n";128.9862;775.5;NA;NA;0.999355254674404;"No"
94;"94_F4";"F4";"B329_LIKE+F16";835;0.1653;"F";"4";"n";128.9862;775.5;NA;NA;1.07672469374597;"No"
94;"94_F5";"F5";"B329_LIKE+F16";932;0.1705;"F";"5";"n";128.9862;775.5;NA;NA;1.20180528691167;"No"
94;"94_F6";"F6";"B329_LIKE+F16";881;0.1753;"F";"6";"n";128.9862;775.5;NA;NA;1.13604126370084;"No"
94;"94_F7";"F7";"B329_LIKE+F16";908;0.1629;"F";"7";"n";128.9862;775.5;NA;NA;1.17085751128304;"No"
94;"94_F8";"F8";"B329_LIKE+F16";728;0.1375;"F";"8";"n";128.9862;775.5;NA;NA;0.938749194068343;"No"
94;"94_F9";"F9";"B329_LIKE+F16";737;0.1424;"F";"9";"n";128.9862;775.5;NA;NA;0.950354609929078;"No"
94;"94_G10";"G10";"B329_LIKE+F16";810;0.1678;"G";"10";"n";128.9862;775.5;NA;NA;1.04448742746615;"No"
94;"94_G11";"G11";"B329_LIKE+F16";772;0.1494;"G";"11";"n";128.9862;775.5;NA;NA;0.995486782720825;"No"
94;"94_G2";"G2";"B329_LIKE+F16";728;0.1543;"G";"2";"n";128.9862;775.5;NA;NA;0.938749194068343;"No"
94;"94_G3";"G3";"B329_LIKE+F16";1109;0.1736;"G";"3";"n";128.9862;775.5;NA;NA;1.43004513217279;"No"
94;"94_G4";"G4";"B329_LIKE+F16";774;0.1628;"G";"4";"n";128.9862;775.5;NA;NA;0.998065764023211;"No"
94;"94_G5";"G5";"B329_LIKE+F16";887;0.1787;"G";"5";"n";128.9862;775.5;NA;NA;1.14377820760799;"No"
94;"94_G6";"G6";"B329_LIKE+F16";862;0.171;"G";"6";"n";128.9862;775.5;NA;NA;1.11154094132818;"No"
94;"94_G7";"G7";"B329_LIKE+F16";887;0.1655;"G";"7";"n";128.9862;775.5;NA;NA;1.14377820760799;"No"
94;"94_G8";"G8";"B329_LIKE+F16";810;0.1579;"G";"8";"n";128.9862;775.5;NA;NA;1.04448742746615;"No"
94;"94_G9";"G9";"B329_LIKE+F16";710;0.1444;"G";"9";"n";128.9862;775.5;NA;NA;0.915538362346873;"No"
95;"95_B10";"B10";"B329_LIKE+F16";1049;0.1816;"B";"10";"n";91.1799;738;NA;NA;1.42140921409214;"No"
95;"95_B11";"B11";"B329_LIKE+F16";741;0.1475;"B";"11";"n";91.1799;738;NA;NA;1.00406504065041;"No"
95;"95_B2";"B2";"B329_LIKE+F16";719;0.1485;"B";"2";"n";91.1799;738;NA;NA;0.974254742547426;"No"
95;"95_B3";"B3";"B329_LIKE+F16";693;0.1772;"B";"3";"n";91.1799;738;NA;NA;0.939024390243902;"No"
95;"95_B4";"B4";"B329_LIKE+F16";646;0.1436;"B";"4";"n";91.1799;738;NA;NA;0.875338753387534;"No"
95;"95_B5";"B5";"B329_LIKE+F16";700;0.1457;"B";"5";"n";91.1799;738;NA;NA;0.948509485094851;"No"
95;"95_B6";"B6";"B329_LIKE+F16";686;0.1351;"B";"6";"n";91.1799;738;NA;NA;0.929539295392954;"No"
95;"95_B7";"B7";"B329_LIKE+F16";684;0.1341;"B";"7";"n";91.1799;738;NA;NA;0.926829268292683;"No"
95;"95_B8";"B8";"B329_LIKE+F16";950;0.1798;"B";"8";"n";91.1799;738;NA;NA;1.28726287262873;"No"
95;"95_B9";"B9";"B329_LIKE+F16";699;0.1277;"B";"9";"n";91.1799;738;NA;NA;0.947154471544715;"No"
95;"95_C10";"C10";"B329_LIKE+F16";684;0.128;"C";"10";"n";91.1799;738;NA;NA;0.926829268292683;"No"
95;"95_C11";"C11";"B329_LIKE+F16";568;0.1165;"C";"11";"n";91.1799;738;NA;NA;0.769647696476965;"No"
95;"95_C2";"C2";"B329_LIKE+F16";648;0.1261;"C";"2";"n";91.1799;738;NA;NA;0.878048780487805;"No"
95;"95_C3";"C3";"B329_LIKE+F16";665;0.1218;"C";"3";"n";91.1799;738;NA;NA;0.901084010840108;"No"
95;"95_C4";"C4";"B329_LIKE+F16";820;0.1343;"C";"4";"n";91.1799;738;NA;NA;1.11111111111111;"No"
95;"95_C5";"C5";"B329_LIKE+F16";654;0.1263;"C";"5";"n";91.1799;738;NA;NA;0.886178861788618;"No"
95;"95_C6";"C6";"B329_LIKE+F16";569;0.1248;"C";"6";"n";91.1799;738;NA;NA;0.7710027100271;"No"
95;"95_C7";"C7";"B329_LIKE+F16";639;0.1235;"C";"7";"n";91.1799;738;NA;NA;0.865853658536585;"No"
95;"95_C8";"C8";"B329_LIKE+F16";663;0.1381;"C";"8";"n";91.1799;738;NA;NA;0.898373983739837;"No"
95;"95_C9";"C9";"B329_LIKE+F16";652;0.1108;"C";"9";"n";91.1799;738;NA;NA;0.883468834688347;"No"
95;"95_D10";"D10";"B329_LIKE+F16";728;0.1295;"D";"10";"n";91.1799;738;NA;NA;0.986449864498645;"No"
95;"95_D11";"D11";"B329_LIKE+F16";697;0.1426;"D";"11";"n";91.1799;738;NA;NA;0.944444444444444;"No"
95;"95_D2";"D2";"B329_LIKE+F16";666;0.1376;"D";"2";"n";91.1799;738;NA;NA;0.902439024390244;"No"
95;"95_D3";"D3";"B329_LIKE+F16";698;0.1401;"D";"3";"n";91.1799;738;NA;NA;0.94579945799458;"No"
95;"95_D4";"D4";"B329_LIKE+F16";652;0.1699;"D";"4";"n";91.1799;738;NA;NA;0.883468834688347;"No"
95;"95_D5";"D5";"B329_LIKE+F16";678;0.1418;"D";"5";"n";91.1799;738;NA;NA;0.91869918699187;"No"
95;"95_D6";"D6";"B329_LIKE+F16";661;0.1416;"D";"6";"n";91.1799;738;NA;NA;0.895663956639566;"No"
95;"95_D7";"D7";"B329_LIKE+F16";819;0.1934;"D";"7";"n";91.1799;738;NA;NA;1.10975609756098;"No"
95;"95_D8";"D8";"B329_LIKE+F16";695;0.1796;"D";"8";"n";91.1799;738;NA;NA;0.941734417344173;"No"
95;"95_D9";"D9";"B329_LIKE+F16";692;0.1326;"D";"9";"n";91.1799;738;NA;NA;0.937669376693767;"No"
95;"95_E10";"E10";"B329_LIKE+F16";774;0.1362;"E";"10";"n";91.1799;738;NA;NA;1.04878048780488;"No"
95;"95_E11";"E11";"B329_LIKE+F16";1115;0.1953;"E";"11";"n";91.1799;738;NA;NA;1.51084010840108;"No"
95;"95_E2";"E2";"B329_LIKE+F16";715;0.1402;"E";"2";"n";91.1799;738;NA;NA;0.968834688346883;"No"
95;"95_E3";"E3";"B329_LIKE+F16";664;0.1425;"E";"3";"n";91.1799;738;NA;NA;0.899728997289973;"No"
95;"95_E4";"E4";"B329_LIKE+F16";665;0.1559;"E";"4";"n";91.1799;738;NA;NA;0.901084010840108;"No"
95;"95_E5";"E5";"B329_LIKE+F16";786;0.1494;"E";"5";"n";91.1799;738;NA;NA;1.0650406504065;"No"
95;"95_E6";"E6";"B329_LIKE+F16";856;0.1556;"E";"6";"n";91.1799;738;NA;NA;1.15989159891599;"No"
95;"95_E7";"E7";"B329_LIKE+F16";818;0.1498;"E";"7";"n";91.1799;738;NA;NA;1.10840108401084;"No"
95;"95_E8";"E8";"B329_LIKE+F16";784;0.1462;"E";"8";"n";91.1799;738;NA;NA;1.06233062330623;"No"
95;"95_E9";"E9";"B329_LIKE+F16";753;0.1492;"E";"9";"n";91.1799;738;NA;NA;1.02032520325203;"No"
95;"95_F10";"F10";"B329_LIKE+F16";785;0.1541;"F";"10";"n";91.1799;738;NA;NA;1.06368563685637;"No"
95;"95_F11";"F11";"B329_LIKE+F16";771;0.1477;"F";"11";"n";91.1799;738;NA;NA;1.04471544715447;"No"
95;"95_F2";"F2";"B329_LIKE+F16";713;0.1384;"F";"2";"n";91.1799;738;NA;NA;0.966124661246612;"No"
95;"95_F3";"F3";"B329_LIKE+F16";638;0.1352;"F";"3";"n";91.1799;738;NA;NA;0.86449864498645;"No"
95;"95_F4";"F4";"B329_LIKE+F16";857;0.1614;"F";"4";"n";91.1799;738;NA;NA;1.16124661246612;"No"
95;"95_F5";"F5";"B329_LIKE+F16";685;0.2074;"F";"5";"n";91.1799;738;NA;NA;0.928184281842818;"No"
95;"95_F6";"F6";"B329_LIKE+F16";711;0.1847;"F";"6";"n";91.1799;738;NA;NA;0.963414634146341;"No"
95;"95_F7";"F7";"B329_LIKE+F16";737;0.1404;"F";"7";"n";91.1799;738;NA;NA;0.998644986449865;"No"
95;"95_F8";"F8";"B329_LIKE+F16";739;0.1327;"F";"8";"n";91.1799;738;NA;NA;1.00135501355014;"No"
95;"95_F9";"F9";"B329_LIKE+F16";691;0.1382;"F";"9";"n";91.1799;738;NA;NA;0.936314363143631;"No"
95;"95_G10";"G10";"B329_LIKE+F16";771;0.1559;"G";"10";"n";91.1799;738;NA;NA;1.04471544715447;"No"
95;"95_G11";"G11";"B329_LIKE+F16";698;0.143;"G";"11";"n";91.1799;738;NA;NA;0.94579945799458;"No"
95;"95_G2";"G2";"B329_LIKE+F16";739;0.1393;"G";"2";"n";91.1799;738;NA;NA;1.00135501355014;"No"
95;"95_G3";"G3";"B329_LIKE+F16";777;0.1536;"G";"3";"n";91.1799;738;NA;NA;1.05284552845528;"No"
95;"95_G4";"G4";"B329_LIKE+F16";713;0.1305;"G";"4";"n";91.1799;738;NA;NA;0.966124661246612;"No"
95;"95_G5";"G5";"B329_LIKE+F16";814;0.1829;"G";"5";"n";91.1799;738;NA;NA;1.1029810298103;"No"
95;"95_G6";"G6";"B329_LIKE+F16";676;0.1365;"G";"6";"n";91.1799;738;NA;NA;0.915989159891599;"No"
95;"95_G7";"G7";"B329_LIKE+F16";723;0.1439;"G";"7";"n";91.1799;738;NA;NA;0.979674796747967;"No"
95;"95_G8";"G8";"B329_LIKE+F16";759;0.1615;"G";"8";"n";91.1799;738;NA;NA;1.02845528455285;"No"
95;"95_G9";"G9";"B329_LIKE+F16";745;0.1407;"G";"9";"n";91.1799;738;NA;NA;1.00948509485095;"No"
96;"96_B10";"B10";"B329_LIKE+F16";630;0.1263;"B";"10";"n";78.5778;689;NA;NA;0.914368650217707;"No"
96;"96_B11";"B11";"B329_LIKE+F16";533;0.1137;"B";"11";"n";78.5778;689;NA;NA;0.773584905660377;"No"
96;"96_B2";"B2";"B329_LIKE+F16";522;0.114;"B";"2";"n";78.5778;689;NA;NA;0.757619738751814;"No"
96;"96_B3";"B3";"B329_LIKE+F16";923;0.1331;"B";"3";"n";78.5778;689;NA;NA;1.33962264150943;"No"
96;"96_B4";"B4";"B329_LIKE+F16";550;0.1144;"B";"4";"n";78.5778;689;NA;NA;0.798258345428157;"No"
96;"96_B5";"B5";"B329_LIKE+F16";592;0.122;"B";"5";"n";78.5778;689;NA;NA;0.85921625544267;"No"
96;"96_B6";"B6";"B329_LIKE+F16";1183;0.1289;"B";"6";"n";78.5778;689;NA;NA;1.71698113207547;"No"
96;"96_B7";"B7";"B329_LIKE+F16";592;0.1133;"B";"7";"n";78.5778;689;NA;NA;0.85921625544267;"No"
96;"96_B8";"B8";"B329_LIKE+F16";589;0.1237;"B";"8";"n";78.5778;689;NA;NA;0.854862119013062;"No"
96;"96_B9";"B9";"B329_LIKE+F16";573;0.1165;"B";"9";"n";78.5778;689;NA;NA;0.831640058055152;"No"
96;"96_C10";"C10";"B329_LIKE+F16";618;0.1209;"C";"10";"n";78.5778;689;NA;NA;0.896952104499274;"No"
96;"96_C11";"C11";"B329_LIKE+F16";573;0.1164;"C";"11";"n";78.5778;689;NA;NA;0.831640058055152;"No"
96;"96_C2";"C2";"B329_LIKE+F16";646;0.1182;"C";"2";"n";78.5778;689;NA;NA;0.937590711175617;"No"
96;"96_C3";"C3";"B329_LIKE+F16";729;0.1237;"C";"3";"n";78.5778;689;NA;NA;1.05805515239477;"No"
96;"96_C4";"C4";"B329_LIKE+F16";648;0.1271;"C";"4";"n";78.5778;689;NA;NA;0.940493468795356;"No"
96;"96_C5";"C5";"B329_LIKE+F16";657;0.1291;"C";"5";"n";78.5778;689;NA;NA;0.95355587808418;"No"
96;"96_C6";"C6";"B329_LIKE+F16";820;0.1495;"C";"6";"n";78.5778;689;NA;NA;1.19013062409289;"No"
96;"96_C7";"C7";"B329_LIKE+F16";677;0.1294;"C";"7";"n";78.5778;689;NA;NA;0.982583454281567;"No"
96;"96_C8";"C8";"B329_LIKE+F16";701;0.1337;"C";"8";"n";78.5778;689;NA;NA;1.01741654571843;"No"
96;"96_C9";"C9";"B329_LIKE+F16";730;0.1566;"C";"9";"n";78.5778;689;NA;NA;1.05950653120464;"No"
96;"96_D10";"D10";"B329_LIKE+F16";746;0.1411;"D";"10";"n";78.5778;689;NA;NA;1.08272859216255;"No"
96;"96_D11";"D11";"B329_LIKE+F16";676;0.1338;"D";"11";"n";78.5778;689;NA;NA;0.981132075471698;"No"
96;"96_D2";"D2";"B329_LIKE+F16";603;0.1144;"D";"2";"n";78.5778;689;NA;NA;0.875181422351234;"No"
96;"96_D3";"D3";"B329_LIKE+F16";618;0.1192;"D";"3";"n";78.5778;689;NA;NA;0.896952104499274;"No"
96;"96_D4";"D4";"B329_LIKE+F16";604;0.116;"D";"4";"n";78.5778;689;NA;NA;0.876632801161103;"No"
96;"96_D5";"D5";"B329_LIKE+F16";650;0.1261;"D";"5";"n";78.5778;689;NA;NA;0.943396226415094;"No"
96;"96_D6";"D6";"B329_LIKE+F16";675;0.1228;"D";"6";"n";78.5778;689;NA;NA;0.979680696661829;"No"
96;"96_D7";"D7";"B329_LIKE+F16";668;0.1244;"D";"7";"n";78.5778;689;NA;NA;0.969521044992743;"No"
96;"96_D8";"D8";"B329_LIKE+F16";702;0.1319;"D";"8";"n";78.5778;689;NA;NA;1.0188679245283;"No"
96;"96_D9";"D9";"B329_LIKE+F16";811;0.1437;"D";"9";"n";78.5778;689;NA;NA;1.17706821480406;"No"
96;"96_E10";"E10";"B329_LIKE+F16";670;0.1323;"E";"10";"n";78.5778;689;NA;NA;0.972423802612482;"No"
96;"96_E11";"E11";"B329_LIKE+F16";720;0.1399;"E";"11";"n";78.5778;689;NA;NA;1.04499274310595;"No"
96;"96_E2";"E2";"B329_LIKE+F16";748;0.1414;"E";"2";"n";78.5778;689;NA;NA;1.08563134978229;"No"
96;"96_E3";"E3";"B329_LIKE+F16";702;0.127;"E";"3";"n";78.5778;689;NA;NA;1.0188679245283;"No"
96;"96_E4";"E4";"B329_LIKE+F16";611;0.1174;"E";"4";"n";78.5778;689;NA;NA;0.886792452830189;"No"
96;"96_E5";"E5";"B329_LIKE+F16";707;0.1328;"E";"5";"n";78.5778;689;NA;NA;1.02612481857765;"No"
96;"96_E6";"E6";"B329_LIKE+F16";823;0.1467;"E";"6";"n";78.5778;689;NA;NA;1.1944847605225;"No"
96;"96_E7";"E7";"B329_LIKE+F16";576;0.1098;"E";"7";"n";78.5778;689;NA;NA;0.83599419448476;"No"
96;"96_E8";"E8";"B329_LIKE+F16";745;0.1357;"E";"8";"n";78.5778;689;NA;NA;1.08127721335269;"No"
96;"96_E9";"E9";"B329_LIKE+F16";649;0.1342;"E";"9";"n";78.5778;689;NA;NA;0.941944847605225;"No"
96;"96_F10";"F10";"B329_LIKE+F16";707;0.1339;"F";"10";"n";78.5778;689;NA;NA;1.02612481857765;"No"
96;"96_F11";"F11";"B329_LIKE+F16";789;0.1522;"F";"11";"n";78.5778;689;NA;NA;1.14513788098694;"No"
96;"96_F2";"F2";"B329_LIKE+F16";612;0.116;"F";"2";"n";78.5778;689;NA;NA;0.888243831640058;"No"
96;"96_F3";"F3";"B329_LIKE+F16";697;0.1469;"F";"3";"n";78.5778;689;NA;NA;1.01161103047895;"No"
96;"96_F4";"F4";"B329_LIKE+F16";688;0.144;"F";"4";"n";78.5778;689;NA;NA;0.998548621190131;"No"
96;"96_F5";"F5";"B329_LIKE+F16";769;0.1407;"F";"5";"n";78.5778;689;NA;NA;1.11611030478955;"No"
96;"96_F6";"F6";"B329_LIKE+F16";690;0.1373;"F";"6";"n";78.5778;689;NA;NA;1.00145137880987;"No"
96;"96_F7";"F7";"B329_LIKE+F16";739;0.1444;"F";"7";"n";78.5778;689;NA;NA;1.07256894049347;"No"
96;"96_F8";"F8";"B329_LIKE+F16";745;0.1453;"F";"8";"n";78.5778;689;NA;NA;1.08127721335269;"No"
96;"96_F9";"F9";"B329_LIKE+F16";703;0.1409;"F";"9";"n";78.5778;689;NA;NA;1.02031930333817;"No"
96;"96_G10";"G10";"B329_LIKE+F16";651;0.1315;"G";"10";"n";78.5778;689;NA;NA;0.944847605224964;"No"
96;"96_G11";"G11";"B329_LIKE+F16";684;0.1318;"G";"11";"n";78.5778;689;NA;NA;0.992743105950653;"No"
96;"96_G2";"G2";"B329_LIKE+F16";693;0.1427;"G";"2";"n";78.5778;689;NA;NA;1.00580551523948;"No"
96;"96_G3";"G3";"B329_LIKE+F16";662;0.1328;"G";"3";"n";78.5778;689;NA;NA;0.960812772133527;"No"
96;"96_G4";"G4";"B329_LIKE+F16";578;0.1153;"G";"4";"n";78.5778;689;NA;NA;0.838896952104499;"No"
96;"96_G5";"G5";"B329_LIKE+F16";703;0.1306;"G";"5";"n";78.5778;689;NA;NA;1.02031930333817;"No"
96;"96_G6";"G6";"B329_LIKE+F16";654;0.1327;"G";"6";"n";78.5778;689;NA;NA;0.949201741654572;"No"
96;"96_G7";"G7";"B329_LIKE+F16";733;0.1531;"G";"7";"n";78.5778;689;NA;NA;1.06386066763425;"No"
96;"96_G8";"G8";"B329_LIKE+F16";748;0.1408;"G";"8";"n";78.5778;689;NA;NA;1.08563134978229;"No"
96;"96_G9";"G9";"B329_LIKE+F16";673;0.1352;"G";"9";"n";78.5778;689;NA;NA;0.97677793904209;"No"
97;"97_B10";"B10";"B329_LIKE+F16";647;0.1188;"B";"10";"n";69.6822;642.5;NA;NA;1.00700389105058;"No"
97;"97_B11";"B11";"B329_LIKE+F16";674;0.1313;"B";"11";"n";69.6822;642.5;NA;NA;1.04902723735409;"No"
97;"97_B2";"B2";"B329_LIKE+F16";626;0.1325;"B";"2";"n";69.6822;642.5;NA;NA;0.97431906614786;"No"
97;"97_B3";"B3";"B329_LIKE+F16";577;0.1164;"B";"3";"n";69.6822;642.5;NA;NA;0.898054474708171;"No"
97;"97_B4";"B4";"B329_LIKE+F16";588;0.1255;"B";"4";"n";69.6822;642.5;NA;NA;0.915175097276265;"No"
97;"97_B5";"B5";"B329_LIKE+F16";577;0.1131;"B";"5";"n";69.6822;642.5;NA;NA;0.898054474708171;"No"
97;"97_B6";"B6";"B329_LIKE+F16";511;0.0989;"B";"6";"n";69.6822;642.5;NA;NA;0.795330739299611;"No"
97;"97_B7";"B7";"B329_LIKE+F16";589;0.1151;"B";"7";"n";69.6822;642.5;NA;NA;0.916731517509728;"No"
97;"97_B8";"B8";"B329_LIKE+F16";641;0.1144;"B";"8";"n";69.6822;642.5;NA;NA;0.997665369649805;"No"
97;"97_B9";"B9";"B329_LIKE+F16";586;0.1181;"B";"9";"n";69.6822;642.5;NA;NA;0.912062256809339;"No"
97;"97_C10";"C10";"B329_LIKE+F16";596;0.126;"C";"10";"n";69.6822;642.5;NA;NA;0.927626459143969;"No"
97;"97_C11";"C11";"B329_LIKE+F16";661;0.1344;"C";"11";"n";69.6822;642.5;NA;NA;1.02879377431907;"No"
97;"97_C2";"C2";"B329_LIKE+F16";559;0.1086;"C";"2";"n";69.6822;642.5;NA;NA;0.870038910505837;"No"
97;"97_C3";"C3";"B329_LIKE+F16";627;0.1195;"C";"3";"n";69.6822;642.5;NA;NA;0.975875486381323;"No"
97;"97_C4";"C4";"B329_LIKE+F16";665;0.1361;"C";"4";"n";69.6822;642.5;NA;NA;1.03501945525292;"No"
97;"97_C5";"C5";"B329_LIKE+F16";597;0.1181;"C";"5";"n";69.6822;642.5;NA;NA;0.929182879377432;"No"
97;"97_C6";"C6";"B329_LIKE+F16";679;0.1371;"C";"6";"n";69.6822;642.5;NA;NA;1.0568093385214;"No"
97;"97_C7";"C7";"B329_LIKE+F16";728;0.2277;"C";"7";"n";69.6822;642.5;NA;NA;1.13307392996109;"No"
97;"97_C8";"C8";"B329_LIKE+F16";623;0.1237;"C";"8";"n";69.6822;642.5;NA;NA;0.969649805447471;"No"
97;"97_C9";"C9";"B329_LIKE+F16";581;0.1214;"C";"9";"n";69.6822;642.5;NA;NA;0.904280155642023;"No"
97;"97_D10";"D10";"B329_LIKE+F16";566;0.1265;"D";"10";"n";69.6822;642.5;NA;NA;0.880933852140078;"No"
97;"97_D11";"D11";"B329_LIKE+F16";530;0.112;"D";"11";"n";69.6822;642.5;NA;NA;0.824902723735409;"No"
97;"97_D2";"D2";"B329_LIKE+F16";561;0.1111;"D";"2";"n";69.6822;642.5;NA;NA;0.873151750972763;"No"
97;"97_D3";"D3";"B329_LIKE+F16";501;0.1103;"D";"3";"n";69.6822;642.5;NA;NA;0.77976653696498;"No"
97;"97_D4";"D4";"B329_LIKE+F16";544;0.1175;"D";"4";"n";69.6822;642.5;NA;NA;0.846692607003891;"No"
97;"97_D5";"D5";"B329_LIKE+F16";516;0.1189;"D";"5";"n";69.6822;642.5;NA;NA;0.803112840466926;"No"
97;"97_D6";"D6";"B329_LIKE+F16";618;0.1287;"D";"6";"n";69.6822;642.5;NA;NA;0.961867704280156;"No"
97;"97_D7";"D7";"B329_LIKE+F16";607;0.1226;"D";"7";"n";69.6822;642.5;NA;NA;0.944747081712062;"No"
97;"97_D8";"D8";"B329_LIKE+F16";614;0.1239;"D";"8";"n";69.6822;642.5;NA;NA;0.955642023346304;"No"
97;"97_D9";"D9";"B329_LIKE+F16";622;0.1282;"D";"9";"n";69.6822;642.5;NA;NA;0.968093385214008;"No"
97;"97_E10";"E10";"B329_LIKE+F16";667;0.1314;"E";"10";"n";69.6822;642.5;NA;NA;1.03813229571984;"No"
97;"97_E11";"E11";"B329_LIKE+F16";637;0.162;"E";"11";"n";69.6822;642.5;NA;NA;0.991439688715953;"No"
97;"97_E2";"E2";"B329_LIKE+F16";591;0.124;"E";"2";"n";69.6822;642.5;NA;NA;0.919844357976654;"No"
97;"97_E3";"E3";"B329_LIKE+F16";595;0.1448;"E";"3";"n";69.6822;642.5;NA;NA;0.926070038910506;"No"
97;"97_E4";"E4";"B329_LIKE+F16";625;0.179;"E";"4";"n";69.6822;642.5;NA;NA;0.972762645914397;"No"
97;"97_E5";"E5";"B329_LIKE+F16";677;0.1341;"E";"5";"n";69.6822;642.5;NA;NA;1.05369649805447;"No"
97;"97_E6";"E6";"B329_LIKE+F16";670;0.1314;"E";"6";"n";69.6822;642.5;NA;NA;1.04280155642023;"No"
97;"97_E7";"E7";"B329_LIKE+F16";681;0.1906;"E";"7";"n";69.6822;642.5;NA;NA;1.05992217898833;"No"
97;"97_E8";"E8";"B329_LIKE+F16";606;0.122;"E";"8";"n";69.6822;642.5;NA;NA;0.943190661478599;"No"
97;"97_E9";"E9";"B329_LIKE+F16";660;0.1329;"E";"9";"n";69.6822;642.5;NA;NA;1.0272373540856;"No"
97;"97_F10";"F10";"B329_LIKE+F16";639;0.1317;"F";"10";"n";69.6822;642.5;NA;NA;0.994552529182879;"No"
97;"97_F11";"F11";"B329_LIKE+F16";702;0.142;"F";"11";"n";69.6822;642.5;NA;NA;1.09260700389105;"No"
97;"97_F2";"F2";"B329_LIKE+F16";685;0.1371;"F";"2";"n";69.6822;642.5;NA;NA;1.06614785992218;"No"
97;"97_F3";"F3";"B329_LIKE+F16";683;0.1948;"F";"3";"n";69.6822;642.5;NA;NA;1.06303501945525;"No"
97;"97_F4";"F4";"B329_LIKE+F16";644;0.1901;"F";"4";"n";69.6822;642.5;NA;NA;1.00233463035019;"No"
97;"97_F5";"F5";"B329_LIKE+F16";843;0.159;"F";"5";"n";69.6822;642.5;NA;NA;1.31206225680934;"No"
97;"97_F6";"F6";"B329_LIKE+F16";551;0.1176;"F";"6";"n";69.6822;642.5;NA;NA;0.857587548638132;"No"
97;"97_F7";"F7";"B329_LIKE+F16";705;0.129;"F";"7";"n";69.6822;642.5;NA;NA;1.09727626459144;"No"
97;"97_F8";"F8";"B329_LIKE+F16";705;0.1359;"F";"8";"n";69.6822;642.5;NA;NA;1.09727626459144;"No"
97;"97_F9";"F9";"B329_LIKE+F16";640;0.1327;"F";"9";"n";69.6822;642.5;NA;NA;0.996108949416342;"No"
97;"97_G10";"G10";"B329_LIKE+F16";687;0.1456;"G";"10";"n";69.6822;642.5;NA;NA;1.0692607003891;"No"
97;"97_G11";"G11";"B329_LIKE+F16";754;0.1704;"G";"11";"n";69.6822;642.5;NA;NA;1.17354085603113;"No"
97;"97_G2";"G2";"B329_LIKE+F16";672;0.1375;"G";"2";"n";69.6822;642.5;NA;NA;1.04591439688716;"No"
97;"97_G3";"G3";"B329_LIKE+F16";523;0.1149;"G";"3";"n";69.6822;642.5;NA;NA;0.814007782101167;"No"
97;"97_G4";"G4";"B329_LIKE+F16";737;0.1424;"G";"4";"n";69.6822;642.5;NA;NA;1.14708171206226;"No"
97;"97_G5";"G5";"B329_LIKE+F16";681;0.2883;"G";"5";"n";69.6822;642.5;NA;NA;1.05992217898833;"No"
97;"97_G6";"G6";"B329_LIKE+F16";620;0.1308;"G";"6";"n";69.6822;642.5;NA;NA;0.964980544747082;"No"
97;"97_G7";"G7";"B329_LIKE+F16";728;0.1418;"G";"7";"n";69.6822;642.5;NA;NA;1.13307392996109;"No"
97;"97_G8";"G8";"B329_LIKE+F16";738;0.1467;"G";"8";"n";69.6822;642.5;NA;NA;1.14863813229572;"No"
97;"97_G9";"G9";"B329_LIKE+F16";687;0.1507;"G";"9";"n";69.6822;642.5;NA;NA;1.0692607003891;"No"
98;"98_B10";"B10";"B329_LIKE+F16";591;0.1221;"B";"10";"n";71.9061;638.5;NA;NA;0.925606891151135;"No"
98;"98_B11";"B11";"B329_LIKE+F16";672;0.1394;"B";"11";"n";71.9061;638.5;NA;NA;1.05246671887236;"No"
98;"98_B2";"B2";"B329_LIKE+F16";528;0.1129;"B";"2";"n";71.9061;638.5;NA;NA;0.826938136256852;"No"
98;"98_B3";"B3";"B329_LIKE+F16";534;0.1176;"B";"3";"n";71.9061;638.5;NA;NA;0.836335160532498;"No"
98;"98_B4";"B4";"B329_LIKE+F16";565;0.123;"B";"4";"n";71.9061;638.5;NA;NA;0.884886452623336;"No"
98;"98_B5";"B5";"B329_LIKE+F16";516;0.1166;"B";"5";"n";71.9061;638.5;NA;NA;0.80814408770556;"No"
98;"98_B6";"B6";"B329_LIKE+F16";572;0.1351;"B";"6";"n";71.9061;638.5;NA;NA;0.89584964761159;"No"
98;"98_B7";"B7";"B329_LIKE+F16";497;0.1101;"B";"7";"n";71.9061;638.5;NA;NA;0.778386844166014;"No"
98;"98_B8";"B8";"B329_LIKE+F16";611;0.1225;"B";"8";"n";71.9061;638.5;NA;NA;0.956930305403289;"No"
98;"98_B9";"B9";"B329_LIKE+F16";649;0.1438;"B";"9";"n";71.9061;638.5;NA;NA;1.01644479248238;"No"
98;"98_C10";"C10";"B329_LIKE+F16";633;0.1301;"C";"10";"n";71.9061;638.5;NA;NA;0.991386061080658;"No"
98;"98_C11";"C11";"B329_LIKE+F16";581;0.1303;"C";"11";"n";71.9061;638.5;NA;NA;0.909945184025059;"No"
98;"98_C2";"C2";"B329_LIKE+F16";619;0.13;"C";"2";"n";71.9061;638.5;NA;NA;0.96945967110415;"No"
98;"98_C3";"C3";"B329_LIKE+F16";607;0.1275;"C";"3";"n";71.9061;638.5;NA;NA;0.950665622552858;"No"
98;"98_C4";"C4";"B329_LIKE+F16";554;0.1252;"C";"4";"n";71.9061;638.5;NA;NA;0.867658574784652;"No"
98;"98_C5";"C5";"B329_LIKE+F16";664;0.1271;"C";"5";"n";71.9061;638.5;NA;NA;1.0399373531715;"No"
98;"98_C6";"C6";"B329_LIKE+F16";655;0.1234;"C";"6";"n";71.9061;638.5;NA;NA;1.02584181675803;"No"
98;"98_C7";"C7";"B329_LIKE+F16";538;0.1128;"C";"7";"n";71.9061;638.5;NA;NA;0.842599843382929;"No"
98;"98_C8";"C8";"B329_LIKE+F16";715;0.1537;"C";"8";"n";71.9061;638.5;NA;NA;1.11981205951449;"No"
98;"98_C9";"C9";"B329_LIKE+F16";573;0.1242;"C";"9";"n";71.9061;638.5;NA;NA;0.897415818324197;"No"
98;"98_D10";"D10";"B329_LIKE+F16";617;0.1242;"D";"10";"n";71.9061;638.5;NA;NA;0.966327329678935;"No"
98;"98_D11";"D11";"B329_LIKE+F16";637;0.1263;"D";"11";"n";71.9061;638.5;NA;NA;0.997650743931088;"No"
98;"98_D2";"D2";"B329_LIKE+F16";579;0.1301;"D";"2";"n";71.9061;638.5;NA;NA;0.906812842599843;"No"
98;"98_D3";"D3";"B329_LIKE+F16";573;0.1172;"D";"3";"n";71.9061;638.5;NA;NA;0.897415818324197;"No"
98;"98_D4";"D4";"B329_LIKE+F16";536;0.1105;"D";"4";"n";71.9061;638.5;NA;NA;0.839467501957713;"No"
98;"98_D5";"D5";"B329_LIKE+F16";644;0.111;"D";"5";"n";71.9061;638.5;NA;NA;1.00861393891934;"No"
98;"98_D6";"D6";"B329_LIKE+F16";649;0.1525;"D";"6";"n";71.9061;638.5;NA;NA;1.01644479248238;"No"
98;"98_D7";"D7";"B329_LIKE+F16";719;0.1444;"D";"7";"n";71.9061;638.5;NA;NA;1.12607674236492;"No"
98;"98_D8";"D8";"B329_LIKE+F16";547;0.1154;"D";"8";"n";71.9061;638.5;NA;NA;0.856695379796398;"No"
98;"98_D9";"D9";"B329_LIKE+F16";564;0.1161;"D";"9";"n";71.9061;638.5;NA;NA;0.883320281910728;"No"
98;"98_E10";"E10";"B329_LIKE+F16";606;0.1307;"E";"10";"n";71.9061;638.5;NA;NA;0.949099451840251;"No"
98;"98_E11";"E11";"B329_LIKE+F16";637;0.1419;"E";"11";"n";71.9061;638.5;NA;NA;0.997650743931088;"No"
98;"98_E2";"E2";"B329_LIKE+F16";660;0.1345;"E";"2";"n";71.9061;638.5;NA;NA;1.03367267032107;"No"
98;"98_E3";"E3";"B329_LIKE+F16";587;0.1249;"E";"3";"n";71.9061;638.5;NA;NA;0.919342208300705;"No"
98;"98_E4";"E4";"B329_LIKE+F16";626;0.127;"E";"4";"n";71.9061;638.5;NA;NA;0.980422866092404;"No"
98;"98_E5";"E5";"B329_LIKE+F16";877;0.1667;"E";"5";"n";71.9061;638.5;NA;NA;1.37353171495693;"No"
98;"98_E6";"E6";"B329_LIKE+F16";800;0.1642;"E";"6";"n";71.9061;638.5;NA;NA;1.25293657008614;"No"
98;"98_E7";"E7";"B329_LIKE+F16";730;0.1531;"E";"7";"n";71.9061;638.5;NA;NA;1.1433046202036;"No"
98;"98_E8";"E8";"B329_LIKE+F16";653;0.2246;"E";"8";"n";71.9061;638.5;NA;NA;1.02270947533281;"No"
98;"98_E9";"E9";"B329_LIKE+F16";688;0.1394;"E";"9";"n";71.9061;638.5;NA;NA;1.07752545027408;"No"
98;"98_F10";"F10";"B329_LIKE+F16";636;0.1401;"F";"10";"n";71.9061;638.5;NA;NA;0.996084573218481;"No"
98;"98_F11";"F11";"B329_LIKE+F16";636;0.1403;"F";"11";"n";71.9061;638.5;NA;NA;0.996084573218481;"No"
98;"98_F2";"F2";"B329_LIKE+F16";592;0.131;"F";"2";"n";71.9061;638.5;NA;NA;0.927173061863743;"No"
98;"98_F3";"F3";"B329_LIKE+F16";552;0.116;"F";"3";"n";71.9061;638.5;NA;NA;0.864526233359436;"No"
98;"98_F4";"F4";"B329_LIKE+F16";656;0.2818;"F";"4";"n";71.9061;638.5;NA;NA;1.02740798747063;"No"
98;"98_F5";"F5";"B329_LIKE+F16";660;0.1296;"F";"5";"n";71.9061;638.5;NA;NA;1.03367267032107;"No"
98;"98_F6";"F6";"B329_LIKE+F16";594;0.1287;"F";"6";"n";71.9061;638.5;NA;NA;0.930305403288958;"No"
98;"98_F7";"F7";"B329_LIKE+F16";606;0.1325;"F";"7";"n";71.9061;638.5;NA;NA;0.949099451840251;"No"
98;"98_F8";"F8";"B329_LIKE+F16";611;0.1306;"F";"8";"n";71.9061;638.5;NA;NA;0.956930305403289;"No"
98;"98_F9";"F9";"B329_LIKE+F16";781;0.1361;"F";"9";"n";71.9061;638.5;NA;NA;1.22317932654659;"No"
98;"98_G10";"G10";"B329_LIKE+F16";627;0.1333;"G";"10";"n";71.9061;638.5;NA;NA;0.981989036805012;"No"
98;"98_G11";"G11";"B329_LIKE+F16";648;0.1394;"G";"11";"n";71.9061;638.5;NA;NA;1.01487862176977;"No"
98;"98_G2";"G2";"B329_LIKE+F16";682;0.1387;"G";"2";"n";71.9061;638.5;NA;NA;1.06812842599843;"No"
98;"98_G3";"G3";"B329_LIKE+F16";670;0.215;"G";"3";"n";71.9061;638.5;NA;NA;1.04933437744714;"No"
98;"98_G4";"G4";"B329_LIKE+F16";636;0.1364;"G";"4";"n";71.9061;638.5;NA;NA;0.996084573218481;"No"
98;"98_G5";"G5";"B329_LIKE+F16";640;0.138;"G";"5";"n";71.9061;638.5;NA;NA;1.00234925606891;"No"
98;"98_G6";"G6";"B329_LIKE+F16";693;0.1431;"G";"6";"n";71.9061;638.5;NA;NA;1.08535630383712;"No"
98;"98_G7";"G7";"B329_LIKE+F16";670;0.1402;"G";"7";"n";71.9061;638.5;NA;NA;1.04933437744714;"No"
98;"98_G8";"G8";"B329_LIKE+F16";621;0.1324;"G";"8";"n";71.9061;638.5;NA;NA;0.972592012529366;"No"
98;"98_G9";"G9";"B329_LIKE+F16";676;0.1898;"G";"9";"n";71.9061;638.5;NA;NA;1.05873140172279;"No"
99;"99_B10";"B10";"B329_LIKE+F16";641;0.1372;"B";"10";"n";68.1996;647;NA;NA;0.990726429675425;"No"
99;"99_B11";"B11";"B329_LIKE+F16";628;0.1328;"B";"11";"n";68.1996;647;NA;NA;0.970633693972179;"No"
99;"99_B2";"B2";"B329_LIKE+F16";632;0.1315;"B";"2";"n";68.1996;647;NA;NA;0.976816074188563;"No"
99;"99_B3";"B3";"B329_LIKE+F16";636;0.1511;"B";"3";"n";68.1996;647;NA;NA;0.982998454404946;"No"
99;"99_B4";"B4";"B329_LIKE+F16";604;0.1209;"B";"4";"n";68.1996;647;NA;NA;0.933539412673879;"No"
99;"99_B5";"B5";"B329_LIKE+F16";642;0.1268;"B";"5";"n";68.1996;647;NA;NA;0.992272024729521;"No"
99;"99_B6";"B6";"B329_LIKE+F16";648;0.1256;"B";"6";"n";68.1996;647;NA;NA;1.0015455950541;"No"
99;"99_B7";"B7";"B329_LIKE+F16";602;0.1298;"B";"7";"n";68.1996;647;NA;NA;0.930448222565688;"No"
99;"99_B8";"B8";"B329_LIKE+F16";611;0.1224;"B";"8";"n";68.1996;647;NA;NA;0.94435857805255;"No"
99;"99_B9";"B9";"B329_LIKE+F16";646;0.1361;"B";"9";"n";68.1996;647;NA;NA;0.998454404945904;"No"
99;"99_C10";"C10";"B329_LIKE+F16";574;0.1209;"C";"10";"n";68.1996;647;NA;NA;0.887171561051005;"No"
99;"99_C11";"C11";"B329_LIKE+F16";560;0.1176;"C";"11";"n";68.1996;647;NA;NA;0.865533230293663;"No"
99;"99_C2";"C2";"B329_LIKE+F16";614;0.125;"C";"2";"n";68.1996;647;NA;NA;0.948995363214838;"No"
99;"99_C3";"C3";"B329_LIKE+F16";569;0.1231;"C";"3";"n";68.1996;647;NA;NA;0.879443585780526;"No"
99;"99_C4";"C4";"B329_LIKE+F16";589;0.1255;"C";"4";"n";68.1996;647;NA;NA;0.910355486862442;"No"
99;"99_C5";"C5";"B329_LIKE+F16";624;0.1776;"C";"5";"n";68.1996;647;NA;NA;0.964451313755796;"No"
99;"99_C6";"C6";"B329_LIKE+F16";600;0.1251;"C";"6";"n";68.1996;647;NA;NA;0.927357032457496;"No"
99;"99_C7";"C7";"B329_LIKE+F16";566;0.1216;"C";"7";"n";68.1996;647;NA;NA;0.874806800618238;"No"
99;"99_C8";"C8";"B329_LIKE+F16";559;0.124;"C";"8";"n";68.1996;647;NA;NA;0.863987635239567;"No"
99;"99_C9";"C9";"B329_LIKE+F16";558;0.1236;"C";"9";"n";68.1996;647;NA;NA;0.862442040185471;"No"
99;"99_D10";"D10";"B329_LIKE+F16";621;0.139;"D";"10";"n";68.1996;647;NA;NA;0.959814528593508;"No"
99;"99_D11";"D11";"B329_LIKE+F16";866;0.1428;"D";"11";"n";68.1996;647;NA;NA;1.33848531684699;"No"
99;"99_D3";"D3";"B329_LIKE+F16";605;0.1396;"D";"3";"n";68.1996;647;NA;NA;0.935085007727975;"No"
99;"99_D4";"D4";"B329_LIKE+F16";579;0.1302;"D";"4";"n";68.1996;647;NA;NA;0.894899536321484;"No"
99;"99_D5";"D5";"B329_LIKE+F16";621;0.133;"D";"5";"n";68.1996;647;NA;NA;0.959814528593508;"No"
99;"99_D6";"D6";"B329_LIKE+F16";715;0.1546;"D";"6";"n";68.1996;647;NA;NA;1.10510046367852;"No"
99;"99_D7";"D7";"B329_LIKE+F16";592;0.1151;"D";"7";"n";68.1996;647;NA;NA;0.91499227202473;"No"
99;"99_D8";"D8";"B329_LIKE+F16";724;0.1427;"D";"8";"n";68.1996;647;NA;NA;1.11901081916538;"No"
99;"99_D9";"D9";"B329_LIKE+F16";709;0.146;"D";"9";"n";68.1996;647;NA;NA;1.09582689335394;"No"
99;"99_E10";"E10";"B329_LIKE+F16";610;0.1479;"E";"10";"n";68.1996;647;NA;NA;0.942812982998454;"No"
99;"99_E11";"E11";"B329_LIKE+F16";689;0.1257;"E";"11";"n";68.1996;647;NA;NA;1.06491499227202;"No"
99;"99_E2";"E2";"B329_LIKE+F16";816;0.1603;"E";"2";"n";68.1996;647;NA;NA;1.26120556414219;"No"
99;"99_E3";"E3";"B329_LIKE+F16";720;0.1461;"E";"3";"n";68.1996;647;NA;NA;1.112828438949;"No"
99;"99_E4";"E4";"B329_LIKE+F16";812;0.1511;"E";"4";"n";68.1996;647;NA;NA;1.25502318392581;"No"
99;"99_E5";"E5";"B329_LIKE+F16";710;0.1506;"E";"5";"n";68.1996;647;NA;NA;1.09737248840804;"No"
99;"99_E6";"E6";"B329_LIKE+F16";837;0.1816;"E";"6";"n";68.1996;647;NA;NA;1.29366306027821;"No"
99;"99_E7";"E7";"B329_LIKE+F16";620;0.1421;"E";"7";"n";68.1996;647;NA;NA;0.958268933539413;"No"
99;"99_E8";"E8";"B329_LIKE+F16";620;0.127;"E";"8";"n";68.1996;647;NA;NA;0.958268933539413;"No"
99;"99_E9";"E9";"B329_LIKE+F16";581;0.1289;"E";"9";"n";68.1996;647;NA;NA;0.897990726429675;"No"
99;"99_F10";"F10";"B329_LIKE+F16";630;0.1385;"F";"10";"n";68.1996;647;NA;NA;0.973724884080371;"No"
99;"99_F11";"F11";"B329_LIKE+F16";629;0.1322;"F";"11";"n";68.1996;647;NA;NA;0.972179289026275;"No"
99;"99_F2";"F2";"B329_LIKE+F16";617;0.1305;"F";"2";"n";68.1996;647;NA;NA;0.953632148377125;"No"
99;"99_F3";"F3";"B329_LIKE+F16";648;0.149;"F";"3";"n";68.1996;647;NA;NA;1.0015455950541;"No"
99;"99_F4";"F4";"B329_LIKE+F16";670;0.1433;"F";"4";"n";68.1996;647;NA;NA;1.0355486862442;"No"
99;"99_F5";"F5";"B329_LIKE+F16";807;0.1468;"F";"5";"n";68.1996;647;NA;NA;1.24729520865533;"No"
99;"99_F6";"F6";"B329_LIKE+F16";632;0.1346;"F";"6";"n";68.1996;647;NA;NA;0.976816074188563;"No"
99;"99_F7";"F7";"B329_LIKE+F16";903;0.1593;"F";"7";"n";68.1996;647;NA;NA;1.39567233384853;"No"
99;"99_F8";"F8";"B329_LIKE+F16";637;0.1312;"F";"8";"n";68.1996;647;NA;NA;0.984544049459042;"No"
99;"99_F9";"F9";"B329_LIKE+F16";715;0.1602;"F";"9";"n";68.1996;647;NA;NA;1.10510046367852;"No"
99;"99_G10";"G10";"B329_LIKE+F16";617;0.1347;"G";"10";"n";68.1996;647;NA;NA;0.953632148377125;"No"
99;"99_G11";"G11";"B329_LIKE+F16";731;0.1438;"G";"11";"n";68.1996;647;NA;NA;1.12982998454405;"No"
99;"99_G2";"G2";"B329_LIKE+F16";731;0.1558;"G";"2";"n";68.1996;647;NA;NA;1.12982998454405;"No"
99;"99_G3";"G3";"B329_LIKE+F16";850;0.1727;"G";"3";"n";68.1996;647;NA;NA;1.31375579598145;"No"
99;"99_G4";"G4";"B329_LIKE+F16";761;0.1621;"G";"4";"n";68.1996;647;NA;NA;1.17619783616692;"No"
99;"99_G5";"G5";"B329_LIKE+F16";811;0.1691;"G";"5";"n";68.1996;647;NA;NA;1.25347758887172;"No"
99;"99_G6";"G6";"B329_LIKE+F16";904;0.173;"G";"6";"n";68.1996;647;NA;NA;1.39721792890263;"No"
99;"99_G7";"G7";"B329_LIKE+F16";952;0.1648;"G";"7";"n";68.1996;647;NA;NA;1.47140649149923;"No"
99;"99_G8";"G8";"B329_LIKE+F16";906;0.1566;"G";"8";"n";68.1996;647;NA;NA;1.40030911901082;"No"
99;"99_G9";"G9";"B329_LIKE+F16";667;0.1475;"G";"9";"n";68.1996;647;NA;NA;1.03091190108192;"No"
100;"100_B10";"B10";"B329_LIKE+F16";620;0.1362;"B";"10";"n";97.8516;650;NA;NA;0.953846153846154;"No"
100;"100_B11";"B11";"B329_LIKE+F16";688;0.151;"B";"11";"n";97.8516;650;NA;NA;1.05846153846154;"No"
100;"100_B2";"B2";"B329_LIKE+F16";656;0.1438;"B";"2";"n";97.8516;650;NA;NA;1.00923076923077;"No"
100;"100_B3";"B3";"B329_LIKE+F16";519;0.1154;"B";"3";"n";97.8516;650;NA;NA;0.798461538461538;"No"
100;"100_B4";"B4";"B329_LIKE+F16";624;0.1368;"B";"4";"n";97.8516;650;NA;NA;0.96;"No"
100;"100_B5";"B5";"B329_LIKE+F16";771;0.1654;"B";"5";"n";97.8516;650;NA;NA;1.18615384615385;"No"
100;"100_B6";"B6";"B329_LIKE+F16";635;0.1311;"B";"6";"n";97.8516;650;NA;NA;0.976923076923077;"No"
100;"100_B7";"B7";"B329_LIKE+F16";655;0.1367;"B";"7";"n";97.8516;650;NA;NA;1.00769230769231;"No"
100;"100_B8";"B8";"B329_LIKE+F16";443;0.1066;"B";"8";"n";97.8516;650;NA;NA;0.681538461538462;"No"
100;"100_B9";"B9";"B329_LIKE+F16";611;0.1354;"B";"9";"n";97.8516;650;NA;NA;0.94;"No"
100;"100_C10";"C10";"B329_LIKE+F16";592;0.1351;"C";"10";"n";97.8516;650;NA;NA;0.910769230769231;"No"
100;"100_C11";"C11";"B329_LIKE+F16";646;0.138;"C";"11";"n";97.8516;650;NA;NA;0.993846153846154;"No"
100;"100_C2";"C2";"B329_LIKE+F16";653;0.1375;"C";"2";"n";97.8516;650;NA;NA;1.00461538461538;"No"
100;"100_C3";"C3";"B329_LIKE+F16";646;0.1529;"C";"3";"n";97.8516;650;NA;NA;0.993846153846154;"No"
100;"100_C4";"C4";"B329_LIKE+F16";611;0.1427;"C";"4";"n";97.8516;650;NA;NA;0.94;"No"
100;"100_C5";"C5";"B329_LIKE+F16";682;0.1454;"C";"5";"n";97.8516;650;NA;NA;1.04923076923077;"No"
100;"100_C6";"C6";"B329_LIKE+F16";608;0.1401;"C";"6";"n";97.8516;650;NA;NA;0.935384615384615;"No"
100;"100_C7";"C7";"B329_LIKE+F16";944;0.191;"C";"7";"n";97.8516;650;NA;NA;1.45230769230769;"No"
100;"100_C8";"C8";"B329_LIKE+F16";597;0.1303;"C";"8";"n";97.8516;650;NA;NA;0.918461538461538;"No"
100;"100_C9";"C9";"B329_LIKE+F16";678;0.1515;"C";"9";"n";97.8516;650;NA;NA;1.04307692307692;"No"
100;"100_D10";"D10";"B329_LIKE+F16";543;0.1272;"D";"10";"n";97.8516;650;NA;NA;0.835384615384615;"No"
100;"100_D11";"D11";"B329_LIKE+F16";615;0.1307;"D";"11";"n";97.8516;650;NA;NA;0.946153846153846;"No"
100;"100_D2";"D2";"B329_LIKE+F16";592;0.1284;"D";"2";"n";97.8516;650;NA;NA;0.910769230769231;"No"
100;"100_D3";"D3";"B329_LIKE+F16";548;0.1235;"D";"3";"n";97.8516;650;NA;NA;0.843076923076923;"No"
100;"100_D4";"D4";"B329_LIKE+F16";715;0.1531;"D";"4";"n";97.8516;650;NA;NA;1.1;"No"
100;"100_D5";"D5";"B329_LIKE+F16";647;0.1331;"D";"5";"n";97.8516;650;NA;NA;0.995384615384615;"No"
100;"100_D6";"D6";"B329_LIKE+F16";1035;0.1755;"D";"6";"n";97.8516;650;NA;NA;1.59230769230769;"No"
100;"100_D7";"D7";"B329_LIKE+F16";624;0.1445;"D";"7";"n";97.8516;650;NA;NA;0.96;"No"
100;"100_D8";"D8";"B329_LIKE+F16";564;0.1236;"D";"8";"n";97.8516;650;NA;NA;0.867692307692308;"No"
100;"100_D9";"D9";"B329_LIKE+F16";551;0.1248;"D";"9";"n";97.8516;650;NA;NA;0.847692307692308;"No"
100;"100_E10";"E10";"B329_LIKE+F16";603;0.1325;"E";"10";"n";97.8516;650;NA;NA;0.927692307692308;"No"
100;"100_E11";"E11";"B329_LIKE+F16";589;0.1182;"E";"11";"n";97.8516;650;NA;NA;0.906153846153846;"No"
100;"100_E2";"E2";"B329_LIKE+F16";541;0.1236;"E";"2";"n";97.8516;650;NA;NA;0.832307692307692;"No"
100;"100_E3";"E3";"B329_LIKE+F16";594;0.1343;"E";"3";"n";97.8516;650;NA;NA;0.913846153846154;"No"
100;"100_E4";"E4";"B329_LIKE+F16";895;0.1555;"E";"4";"n";97.8516;650;NA;NA;1.37692307692308;"No"
100;"100_E5";"E5";"B329_LIKE+F16";679;0.1319;"E";"5";"n";97.8516;650;NA;NA;1.04461538461538;"No"
100;"100_E6";"E6";"B329_LIKE+F16";587;0.1576;"E";"6";"n";97.8516;650;NA;NA;0.903076923076923;"No"
100;"100_E7";"E7";"B329_LIKE+F16";585;0.1403;"E";"7";"n";97.8516;650;NA;NA;0.9;"No"
100;"100_E8";"E8";"B329_LIKE+F16";578;0.1357;"E";"8";"n";97.8516;650;NA;NA;0.889230769230769;"No"
100;"100_E9";"E9";"B329_LIKE+F16";585;0.1303;"E";"9";"n";97.8516;650;NA;NA;0.9;"No"
100;"100_F10";"F10";"B329_LIKE+F16";608;0.1294;"F";"10";"n";97.8516;650;NA;NA;0.935384615384615;"No"
100;"100_F11";"F11";"B329_LIKE+F16";676;0.1455;"F";"11";"n";97.8516;650;NA;NA;1.04;"No"
100;"100_F2";"F2";"B329_LIKE+F16";579;0.1255;"F";"2";"n";97.8516;650;NA;NA;0.890769230769231;"No"
100;"100_F3";"F3";"B329_LIKE+F16";580;0.1287;"F";"3";"n";97.8516;650;NA;NA;0.892307692307692;"No"
100;"100_F4";"F4";"B329_LIKE+F16";579;0.1303;"F";"4";"n";97.8516;650;NA;NA;0.890769230769231;"No"
100;"100_F5";"F5";"B329_LIKE+F16";569;0.126;"F";"5";"n";97.8516;650;NA;NA;0.875384615384615;"No"
100;"100_F6";"F6";"B329_LIKE+F16";553;0.1296;"F";"6";"n";97.8516;650;NA;NA;0.850769230769231;"No"
100;"100_F7";"F7";"B329_LIKE+F16";587;0.1355;"F";"7";"n";97.8516;650;NA;NA;0.903076923076923;"No"
100;"100_F8";"F8";"B329_LIKE+F16";618;0.1332;"F";"8";"n";97.8516;650;NA;NA;0.950769230769231;"No"
100;"100_F9";"F9";"B329_LIKE+F16";616;0.1366;"F";"9";"n";97.8516;650;NA;NA;0.947692307692308;"No"
100;"100_G10";"G10";"B329_LIKE+F16";717;0.1415;"G";"10";"n";97.8516;650;NA;NA;1.10307692307692;"No"
100;"100_G11";"G11";"B329_LIKE+F16";794;0.1605;"G";"11";"n";97.8516;650;NA;NA;1.22153846153846;"No"
100;"100_G2";"G2";"B329_LIKE+F16";683;0.1405;"G";"2";"n";97.8516;650;NA;NA;1.05076923076923;"No"
100;"100_G3";"G3";"B329_LIKE+F16";779;0.1578;"G";"3";"n";97.8516;650;NA;NA;1.19846153846154;"No"
100;"100_G4";"G4";"B329_LIKE+F16";722;0.1407;"G";"4";"n";97.8516;650;NA;NA;1.11076923076923;"No"
100;"100_G5";"G5";"B329_LIKE+F16";602;0.1244;"G";"5";"n";97.8516;650;NA;NA;0.926153846153846;"No"
100;"100_G6";"G6";"B329_LIKE+F16";703;0.1665;"G";"6";"n";97.8516;650;NA;NA;1.08153846153846;"No"
100;"100_G7";"G7";"B329_LIKE+F16";695;0.1503;"G";"7";"n";97.8516;650;NA;NA;1.06923076923077;"No"
100;"100_G8";"G8";"B329_LIKE+F16";936;0.1887;"G";"8";"n";97.8516;650;NA;NA;1.44;"No"
100;"100_G9";"G9";"B329_LIKE+F16";1056;0.1999;"G";"9";"n";97.8516;650;NA;NA;1.62461538461538;"No"
1;"1_A1";"A1";"B329_LIKE+F16";999;0.1723;"A";"1";"y";110.4537;882.5;NA;NA;1.13201133144476;"No"
1;"1_A10";"A10";"B329_LIKE+F16";1194;0.1807;"A";"10";"y";110.4537;882.5;NA;NA;1.35297450424929;"No"
1;"1_A11";"A11";"B329_LIKE+F16";1319;0.1878;"A";"11";"y";110.4537;882.5;NA;NA;1.49461756373938;"No"
1;"1_A12";"A12";"B329_LIKE+F16";838;0.1721;"A";"12";"y";110.4537;882.5;NA;NA;0.94957507082153;"No"
1;"1_A2";"A2";"B329_LIKE+F16";860;0.1554;"A";"2";"y";110.4537;882.5;NA;NA;0.974504249291785;"No"
1;"1_A3";"A3";"B329_LIKE+F16";957;0.1677;"A";"3";"y";110.4537;882.5;NA;NA;1.08441926345609;"No"
1;"1_A4";"A4";"B329_LIKE+F16";894;0.1613;"A";"4";"y";110.4537;882.5;NA;NA;1.01303116147309;"No"
1;"1_A5";"A5";"B329_LIKE+F16";919;0.1665;"A";"5";"y";110.4537;882.5;NA;NA;1.0413597733711;"No"
1;"1_A6";"A6";"B329_LIKE+F16";768;0.1415;"A";"6";"y";110.4537;882.5;NA;NA;0.870254957507082;"No"
1;"1_A7";"A7";"B329_LIKE+F16";859;0.1449;"A";"7";"y";110.4537;882.5;NA;NA;0.973371104815864;"No"
1;"1_A8";"A8";"B329_LIKE+F16";933;0.1523;"A";"8";"y";110.4537;882.5;NA;NA;1.05722379603399;"No"
1;"1_A9";"A9";"B329_LIKE+F16";915;0.1474;"A";"9";"y";110.4537;882.5;NA;NA;1.03682719546742;"No"
1;"1_B1";"B1";"B329_LIKE+F16";878;0.1655;"B";"1";"y";110.4537;882.5;NA;NA;0.994900849858357;"No"
1;"1_B12";"B12";"B329_LIKE+F16";1245;0.1991;"B";"12";"y";110.4537;882.5;NA;NA;1.41076487252125;"No"
1;"1_C1";"C1";"B329_LIKE+F16";879;0.1596;"C";"1";"y";110.4537;882.5;NA;NA;0.996033994334278;"No"
1;"1_C12";"C12";"B329_LIKE+F16";889;0.1509;"C";"12";"y";110.4537;882.5;NA;NA;1.00736543909348;"No"
1;"1_D1";"D1";"B329_LIKE+F16";906;0.1583;"D";"1";"y";110.4537;882.5;NA;NA;1.02662889518414;"No"
1;"1_D12";"D12";"B329_LIKE+F16";1078;0.1732;"D";"12";"y";110.4537;882.5;NA;NA;1.22152974504249;"No"
1;"1_E1";"E1";"B329_LIKE+F16";831;0.159;"E";"1";"y";110.4537;882.5;NA;NA;0.941643059490085;"No"
1;"1_E12";"E12";"B329_LIKE+F16";877;0.1581;"E";"12";"y";110.4537;882.5;NA;NA;0.993767705382436;"No"
1;"1_F1";"F1";"B329_LIKE+F16";869;0.1656;"F";"1";"y";110.4537;882.5;NA;NA;0.984702549575071;"No"
1;"1_F12";"F12";"B329_LIKE+F16";923;0.1648;"F";"12";"y";110.4537;882.5;NA;NA;1.04589235127479;"No"
1;"1_G1";"G1";"B329_LIKE+F16";1140;0.1788;"G";"1";"y";110.4537;882.5;NA;NA;1.29178470254958;"No"
1;"1_G12";"G12";"B329_LIKE+F16";1007;0.1713;"G";"12";"y";110.4537;882.5;NA;NA;1.14107648725212;"No"
2;"2_A1";"A1";"B329_LIKE+F16";995;0.1727;"A";"1";"y";91.9212;786;NA;NA;1.26590330788804;"No"
2;"2_A10";"A10";"B329_LIKE+F16";794;0.1604;"A";"10";"y";91.9212;786;NA;NA;1.01017811704835;"No"
2;"2_A11";"A11";"B329_LIKE+F16";824;0.1625;"A";"11";"y";91.9212;786;NA;NA;1.04834605597964;"No"
2;"2_A12";"A12";"B329_LIKE+F16";946;0.1645;"A";"12";"y";91.9212;786;NA;NA;1.20356234096692;"No"
2;"2_A2";"A2";"B329_LIKE+F16";954;0.1651;"A";"2";"y";91.9212;786;NA;NA;1.21374045801527;"No"
2;"2_A3";"A3";"B329_LIKE+F16";898;0.1512;"A";"3";"y";91.9212;786;NA;NA;1.14249363867684;"No"
2;"2_A4";"A4";"B329_LIKE+F16";851;0.1483;"A";"4";"y";91.9212;786;NA;NA;1.08269720101781;"No"
2;"2_A5";"A5";"B329_LIKE+F16";786;0.1397;"A";"5";"y";91.9212;786;NA;NA;1;"No"
2;"2_A6";"A6";"B329_LIKE+F16";687;0.13;"A";"6";"y";91.9212;786;NA;NA;0.874045801526718;"No"
2;"2_A7";"A7";"B329_LIKE+F16";852;0.1435;"A";"7";"y";91.9212;786;NA;NA;1.08396946564885;"No"
2;"2_A8";"A8";"B329_LIKE+F16";731;0.1355;"A";"8";"y";91.9212;786;NA;NA;0.930025445292621;"No"
2;"2_A9";"A9";"B329_LIKE+F16";721;0.1349;"A";"9";"y";91.9212;786;NA;NA;0.917302798982188;"No"
2;"2_B1";"B1";"B329_LIKE+F16";1162;0.1985;"B";"1";"y";91.9212;786;NA;NA;1.47837150127226;"No"
2;"2_B12";"B12";"B329_LIKE+F16";1034;0.1877;"B";"12";"y";91.9212;786;NA;NA;1.31552162849873;"No"
2;"2_C1";"C1";"B329_LIKE+F16";740;0.1406;"C";"1";"y";91.9212;786;NA;NA;0.94147582697201;"No"
2;"2_C12";"C12";"B329_LIKE+F16";758;0.1487;"C";"12";"y";91.9212;786;NA;NA;0.964376590330789;"No"
2;"2_D1";"D1";"B329_LIKE+F16";896;0.1534;"D";"1";"y";91.9212;786;NA;NA;1.13994910941476;"No"
2;"2_D12";"D12";"B329_LIKE+F16";837;0.1578;"D";"12";"y";91.9212;786;NA;NA;1.06488549618321;"No"
2;"2_E1";"E1";"B329_LIKE+F16";1541;0.2319;"E";"1";"y";91.9212;786;NA;NA;1.96055979643766;"No"
2;"2_E12";"E12";"B329_LIKE+F16";825;0.1633;"E";"12";"y";91.9212;786;NA;NA;1.04961832061069;"No"
2;"2_F1";"F1";"B329_LIKE+F16";958;0.1657;"F";"1";"y";91.9212;786;NA;NA;1.21882951653944;"No"
2;"2_F12";"F12";"B329_LIKE+F16";779;0.1592;"F";"12";"y";91.9212;786;NA;NA;0.991094147582697;"No"
2;"2_G1";"G1";"B329_LIKE+F16";880;0.1685;"G";"1";"y";91.9212;786;NA;NA;1.11959287531807;"No"
2;"2_G12";"G12";"B329_LIKE+F16";829;0.1748;"G";"12";"y";91.9212;786;NA;NA;1.05470737913486;"No"
3;"3_A1";"A1";"B329_LIKE+F16";1320;0.208;"A";"1";"y";55.5975;787;NA;NA;1.67725540025413;"No"
3;"3_A10";"A10";"B329_LIKE+F16";1140;0.1503;"A";"10";"y";55.5975;787;NA;NA;1.44853875476493;"No"
3;"3_A11";"A11";"B329_LIKE+F16";819;0.1514;"A";"11";"y";55.5975;787;NA;NA;1.04066073697586;"No"
3;"3_A12";"A12";"B329_LIKE+F16";1352;0.1928;"A";"12";"y";55.5975;787;NA;NA;1.71791613722999;"No"
3;"3_A2";"A2";"B329_LIKE+F16";993;0.177;"A";"2";"y";55.5975;787;NA;NA;1.26175349428208;"No"
3;"3_A3";"A3";"B329_LIKE+F16";1011;0.1758;"A";"3";"y";55.5975;787;NA;NA;1.284625158831;"No"
3;"3_A4";"A4";"B329_LIKE+F16";848;0.1504;"A";"4";"y";55.5975;787;NA;NA;1.07750952986023;"No"
3;"3_A5";"A5";"B329_LIKE+F16";861;0.1526;"A";"5";"y";55.5975;787;NA;NA;1.09402795425667;"No"
3;"3_A6";"A6";"B329_LIKE+F16";826;0.1411;"A";"6";"y";55.5975;787;NA;NA;1.04955527318933;"No"
3;"3_A7";"A7";"B329_LIKE+F16";839;0.147;"A";"7";"y";55.5975;787;NA;NA;1.06607369758577;"No"
3;"3_A8";"A8";"B329_LIKE+F16";854;0.1523;"A";"8";"y";55.5975;787;NA;NA;1.0851334180432;"No"
3;"3_A9";"A9";"B329_LIKE+F16";761;0.1418;"A";"9";"y";55.5975;787;NA;NA;0.966963151207116;"No"
3;"3_B1";"B1";"B329_LIKE+F16";938;0.1663;"B";"1";"y";55.5975;787;NA;NA;1.19186785260483;"No"
3;"3_B12";"B12";"B329_LIKE+F16";778;0.1521;"B";"12";"y";55.5975;787;NA;NA;0.98856416772554;"No"
3;"3_C1";"C1";"B329_LIKE+F16";863;0.1514;"C";"1";"y";55.5975;787;NA;NA;1.09656925031766;"No"
3;"3_C12";"C12";"B329_LIKE+F16";854;0.1629;"C";"12";"y";55.5975;787;NA;NA;1.0851334180432;"No"
3;"3_D1";"D1";"B329_LIKE+F16";843;0.1552;"D";"1";"y";55.5975;787;NA;NA;1.07115628970775;"No"
3;"3_D12";"D12";"B329_LIKE+F16";829;0.1597;"D";"12";"y";55.5975;787;NA;NA;1.05336721728081;"No"
3;"3_E1";"E1";"B329_LIKE+F16";1026;0.1827;"E";"1";"y";55.5975;787;NA;NA;1.30368487928844;"No"
3;"3_E12";"E12";"B329_LIKE+F16";920;0.1695;"E";"12";"y";55.5975;787;NA;NA;1.16899618805591;"No"
3;"3_F1";"F1";"B329_LIKE+F16";926;0.167;"F";"1";"y";55.5975;787;NA;NA;1.17662007623888;"No"
3;"3_F12";"F12";"B329_LIKE+F16";781;0.1556;"F";"12";"y";55.5975;787;NA;NA;0.992376111817027;"No"
3;"3_G1";"G1";"B329_LIKE+F16";962;0.1722;"G";"1";"y";55.5975;787;NA;NA;1.22236340533672;"No"
3;"3_G12";"G12";"B329_LIKE+F16";802;0.1683;"G";"12";"y";55.5975;787;NA;NA;1.01905972045743;"No"
4;"4_A1";"A1";"B329_LIKE+F16";985;0.1492;"A";"1";"y";94.1451;799.5;NA;NA;1.23202001250782;"No"
4;"4_A10";"A10";"B329_LIKE+F16";777;0.1418;"A";"10";"y";94.1451;799.5;NA;NA;0.971857410881801;"No"
4;"4_A11";"A11";"B329_LIKE+F16";963;0.1589;"A";"11";"y";94.1451;799.5;NA;NA;1.20450281425891;"No"
4;"4_A12";"A12";"B329_LIKE+F16";606;0.1434;"A";"12";"y";94.1451;799.5;NA;NA;0.75797373358349;"No"
4;"4_A2";"A2";"B329_LIKE+F16";799;0.1433;"A";"2";"y";94.1451;799.5;NA;NA;0.999374609130707;"No"
4;"4_A3";"A3";"B329_LIKE+F16";884;0.1447;"A";"3";"y";94.1451;799.5;NA;NA;1.10569105691057;"No"
4;"4_A4";"A4";"B329_LIKE+F16";988;0.153;"A";"4";"y";94.1451;799.5;NA;NA;1.23577235772358;"No"
4;"4_A5";"A5";"B329_LIKE+F16";1010;0.1536;"A";"5";"y";94.1451;799.5;NA;NA;1.26328955597248;"No"
4;"4_A6";"A6";"B329_LIKE+F16";777;0.1385;"A";"6";"y";94.1451;799.5;NA;NA;0.971857410881801;"No"
4;"4_A7";"A7";"B329_LIKE+F16";707;0.1235;"A";"7";"y";94.1451;799.5;NA;NA;0.884302689180738;"No"
4;"4_A8";"A8";"B329_LIKE+F16";744;0.1331;"A";"8";"y";94.1451;799.5;NA;NA;0.930581613508443;"No"
4;"4_A9";"A9";"B329_LIKE+F16";841;0.1493;"A";"9";"y";94.1451;799.5;NA;NA;1.05190744215134;"No"
4;"4_B1";"B1";"B329_LIKE+F16";1017;0.1801;"B";"1";"y";94.1451;799.5;NA;NA;1.27204502814259;"No"
4;"4_B12";"B12";"B329_LIKE+F16";827;0.1611;"B";"12";"y";94.1451;799.5;NA;NA;1.03439649781113;"No"
4;"4_C1";"C1";"B329_LIKE+F16";747;0.1397;"C";"1";"y";94.1451;799.5;NA;NA;0.934333958724203;"No"
4;"4_C12";"C12";"B329_LIKE+F16";797;0.1535;"C";"12";"y";94.1451;799.5;NA;NA;0.996873045653533;"No"
4;"4_D1";"D1";"B329_LIKE+F16";871;0.1543;"D";"1";"y";94.1451;799.5;NA;NA;1.08943089430894;"No"
4;"4_D12";"D12";"B329_LIKE+F16";862;0.1637;"D";"12";"y";94.1451;799.5;NA;NA;1.07817385866166;"No"
4;"4_E1";"E1";"B329_LIKE+F16";909;0.1648;"E";"1";"y";94.1451;799.5;NA;NA;1.13696060037523;"No"
4;"4_E12";"E12";"B329_LIKE+F16";859;0.1662;"E";"12";"y";94.1451;799.5;NA;NA;1.0744215134459;"No"
4;"4_F1";"F1";"B329_LIKE+F16";873;0.1597;"F";"1";"y";94.1451;799.5;NA;NA;1.09193245778612;"No"
4;"4_F12";"F12";"B329_LIKE+F16";917;0.1713;"F";"12";"y";94.1451;799.5;NA;NA;1.14696685428393;"No"
4;"4_G1";"G1";"B329_LIKE+F16";905;0.1618;"G";"1";"y";94.1451;799.5;NA;NA;1.13195747342089;"No"
4;"4_G12";"G12";"B329_LIKE+F16";915;0.1889;"G";"12";"y";94.1451;799.5;NA;NA;1.14446529080675;"No"
5;"5_A1";"A1";"B329_LIKE+F16";1112;0.1495;"A";"1";"y";100.0755;825;NA;NA;1.34787878787879;"No"
5;"5_A10";"A10";"B329_LIKE+F16";890;0.1519;"A";"10";"y";100.0755;825;NA;NA;1.07878787878788;"No"
5;"5_A11";"A11";"B329_LIKE+F16";1134;0.1679;"A";"11";"y";100.0755;825;NA;NA;1.37454545454545;"No"
5;"5_A12";"A12";"B329_LIKE+F16";1148;0.1735;"A";"12";"y";100.0755;825;NA;NA;1.39151515151515;"No"
5;"5_A2";"A2";"B329_LIKE+F16";819;0.1441;"A";"2";"y";100.0755;825;NA;NA;0.992727272727273;"No"
5;"5_A3";"A3";"B329_LIKE+F16";863;0.1401;"A";"3";"y";100.0755;825;NA;NA;1.04606060606061;"No"
5;"5_A4";"A4";"B329_LIKE+F16";765;0.1329;"A";"4";"y";100.0755;825;NA;NA;0.927272727272727;"No"
5;"5_A5";"A5";"B329_LIKE+F16";865;0.1413;"A";"5";"y";100.0755;825;NA;NA;1.04848484848485;"No"
5;"5_A6";"A6";"B329_LIKE+F16";824;0.1435;"A";"6";"y";100.0755;825;NA;NA;0.998787878787879;"No"
5;"5_A7";"A7";"B329_LIKE+F16";804;0.1403;"A";"7";"y";100.0755;825;NA;NA;0.974545454545454;"No"
5;"5_A8";"A8";"B329_LIKE+F16";878;0.1506;"A";"8";"y";100.0755;825;NA;NA;1.06424242424242;"No"
5;"5_A9";"A9";"B329_LIKE+F16";909;0.1575;"A";"9";"y";100.0755;825;NA;NA;1.10181818181818;"No"
5;"5_B1";"B1";"B329_LIKE+F16";933;0.1631;"B";"1";"y";100.0755;825;NA;NA;1.13090909090909;"No"
5;"5_B12";"B12";"B329_LIKE+F16";977;0.1769;"B";"12";"y";100.0755;825;NA;NA;1.18424242424242;"No"
5;"5_C1";"C1";"B329_LIKE+F16";916;0.1598;"C";"1";"y";100.0755;825;NA;NA;1.11030303030303;"No"
5;"5_C12";"C12";"B329_LIKE+F16";1499;0.2001;"C";"12";"y";100.0755;825;NA;NA;1.8169696969697;"No"
5;"5_D1";"D1";"B329_LIKE+F16";924;0.1663;"D";"1";"y";100.0755;825;NA;NA;1.12;"No"
5;"5_D12";"D12";"B329_LIKE+F16";852;0.1713;"D";"12";"y";100.0755;825;NA;NA;1.03272727272727;"No"
5;"5_E1";"E1";"B329_LIKE+F16";825;0.147;"E";"1";"y";100.0755;825;NA;NA;1;"No"
5;"5_E12";"E12";"B329_LIKE+F16";752;0.1638;"E";"12";"y";100.0755;825;NA;NA;0.911515151515152;"No"
5;"5_F1";"F1";"B329_LIKE+F16";1041;0.1807;"F";"1";"y";100.0755;825;NA;NA;1.26181818181818;"No"
5;"5_F12";"F12";"B329_LIKE+F16";1242;0.2096;"F";"12";"y";100.0755;825;NA;NA;1.50545454545455;"No"
5;"5_G1";"G1";"B329_LIKE+F16";954;0.1689;"G";"1";"y";100.0755;825;NA;NA;1.15636363636364;"No"
5;"5_G12";"G12";"B329_LIKE+F16";1025;0.1847;"G";"12";"y";100.0755;825;NA;NA;1.24242424242424;"No"
6;"6_A1";"A1";"B329_LIKE+F16";986;0.1724;"A";"1";"y";100.8168;877.5;NA;NA;1.12364672364672;"No"
6;"6_A10";"A10";"B329_LIKE+F16";945;0.1682;"A";"10";"y";100.8168;877.5;NA;NA;1.07692307692308;"No"
6;"6_A11";"A11";"B329_LIKE+F16";1032;0.1699;"A";"11";"y";100.8168;877.5;NA;NA;1.17606837606838;"No"
6;"6_A12";"A12";"B329_LIKE+F16";1122;0.1751;"A";"12";"y";100.8168;877.5;NA;NA;1.27863247863248;"No"
6;"6_A2";"A2";"B329_LIKE+F16";974;0.1525;"A";"2";"y";100.8168;877.5;NA;NA;1.10997150997151;"No"
6;"6_A3";"A3";"B329_LIKE+F16";988;0.1688;"A";"3";"y";100.8168;877.5;NA;NA;1.12592592592593;"No"
6;"6_A4";"A4";"B329_LIKE+F16";984;0.156;"A";"4";"y";100.8168;877.5;NA;NA;1.12136752136752;"No"
6;"6_A5";"A5";"B329_LIKE+F16";1033;0.1713;"A";"5";"y";100.8168;877.5;NA;NA;1.17720797720798;"No"
6;"6_A6";"A6";"B329_LIKE+F16";842;0.1482;"A";"6";"y";100.8168;877.5;NA;NA;0.95954415954416;"No"
6;"6_A7";"A7";"B329_LIKE+F16";908;0.145;"A";"7";"y";100.8168;877.5;NA;NA;1.03475783475783;"No"
6;"6_A8";"A8";"B329_LIKE+F16";969;0.1803;"A";"8";"y";100.8168;877.5;NA;NA;1.1042735042735;"No"
6;"6_A9";"A9";"B329_LIKE+F16";968;0.1573;"A";"9";"y";100.8168;877.5;NA;NA;1.1031339031339;"No"
6;"6_B1";"B1";"B329_LIKE+F16";955;0.1611;"B";"1";"y";100.8168;877.5;NA;NA;1.08831908831909;"No"
6;"6_B12";"B12";"B329_LIKE+F16";1325;0.2095;"B";"12";"y";100.8168;877.5;NA;NA;1.50997150997151;"No"
6;"6_C1";"C1";"B329_LIKE+F16";875;0.154;"C";"1";"y";100.8168;877.5;NA;NA;0.997150997150997;"No"
6;"6_C12";"C12";"B329_LIKE+F16";928;0.171;"C";"12";"y";100.8168;877.5;NA;NA;1.05754985754986;"No"
6;"6_D1";"D1";"B329_LIKE+F16";818;0.1532;"D";"1";"y";100.8168;877.5;NA;NA;0.932193732193732;"No"
6;"6_D12";"D12";"B329_LIKE+F16";947;0.1728;"D";"12";"y";100.8168;877.5;NA;NA;1.07920227920228;"No"
6;"6_E1";"E1";"B329_LIKE+F16";838;0.1473;"E";"1";"y";100.8168;877.5;NA;NA;0.954985754985755;"No"
6;"6_E12";"E12";"B329_LIKE+F16";864;0.1709;"E";"12";"y";100.8168;877.5;NA;NA;0.984615384615385;"No"
6;"6_F1";"F1";"B329_LIKE+F16";979;0.1876;"F";"1";"y";100.8168;877.5;NA;NA;1.11566951566952;"No"
6;"6_F12";"F12";"B329_LIKE+F16";978;0.1786;"F";"12";"y";100.8168;877.5;NA;NA;1.11452991452991;"No"
6;"6_G1";"G1";"B329_LIKE+F16";900;0.1661;"G";"1";"y";100.8168;877.5;NA;NA;1.02564102564103;"No"
6;"6_G12";"G12";"B329_LIKE+F16";1020;0.1838;"G";"12";"y";100.8168;877.5;NA;NA;1.16239316239316;"No"
7;"7_A1";"A1";"B329_LIKE+F16";1094;0.1856;"A";"1";"y";67.4583;819;NA;NA;1.33577533577534;"No"
7;"7_A10";"A10";"B329_LIKE+F16";862;0.1621;"A";"10";"y";67.4583;819;NA;NA;1.05250305250305;"No"
7;"7_A11";"A11";"B329_LIKE+F16";1164;0.2007;"A";"11";"y";67.4583;819;NA;NA;1.42124542124542;"No"
7;"7_A12";"A12";"B329_LIKE+F16";1171;0.2111;"A";"12";"y";67.4583;819;NA;NA;1.42979242979243;"No"
7;"7_A2";"A2";"B329_LIKE+F16";800;0.143;"A";"2";"y";67.4583;819;NA;NA;0.976800976800977;"No"
7;"7_A3";"A3";"B329_LIKE+F16";1113;0.1784;"A";"3";"y";67.4583;819;NA;NA;1.35897435897436;"No"
7;"7_A4";"A4";"B329_LIKE+F16";853;0.1449;"A";"4";"y";67.4583;819;NA;NA;1.04151404151404;"No"
7;"7_A5";"A5";"B329_LIKE+F16";899;0.157;"A";"5";"y";67.4583;819;NA;NA;1.0976800976801;"No"
7;"7_A6";"A6";"B329_LIKE+F16";737;0.1353;"A";"6";"y";67.4583;819;NA;NA;0.8998778998779;"No"
7;"7_A7";"A7";"B329_LIKE+F16";818;0.1466;"A";"7";"y";67.4583;819;NA;NA;0.998778998778999;"No"
7;"7_A8";"A8";"B329_LIKE+F16";849;0.1569;"A";"8";"y";67.4583;819;NA;NA;1.03663003663004;"No"
7;"7_A9";"A9";"B329_LIKE+F16";890;0.1497;"A";"9";"y";67.4583;819;NA;NA;1.08669108669109;"No"
7;"7_B1";"B1";"B329_LIKE+F16";872;0.1656;"B";"1";"y";67.4583;819;NA;NA;1.06471306471306;"No"
7;"7_B12";"B12";"B329_LIKE+F16";995;0.166;"B";"12";"y";67.4583;819;NA;NA;1.21489621489621;"No"
7;"7_C1";"C1";"B329_LIKE+F16";864;0.1474;"C";"1";"y";67.4583;819;NA;NA;1.05494505494505;"No"
7;"7_C12";"C12";"B329_LIKE+F16";829;0.161;"C";"12";"y";67.4583;819;NA;NA;1.01221001221001;"No"
7;"7_D1";"D1";"B329_LIKE+F16";789;0.1329;"D";"1";"y";67.4583;819;NA;NA;0.963369963369963;"No"
7;"7_D12";"D12";"B329_LIKE+F16";862;0.1799;"D";"12";"y";67.4583;819;NA;NA;1.05250305250305;"No"
7;"7_E1";"E1";"B329_LIKE+F16";817;0.1489;"E";"1";"y";67.4583;819;NA;NA;0.997557997557998;"No"
7;"7_E12";"E12";"B329_LIKE+F16";917;0.182;"E";"12";"y";67.4583;819;NA;NA;1.11965811965812;"No"
7;"7_F1";"F1";"B329_LIKE+F16";831;0.1603;"F";"1";"y";67.4583;819;NA;NA;1.01465201465201;"No"
7;"7_F12";"F12";"B329_LIKE+F16";955;0.1854;"F";"12";"y";67.4583;819;NA;NA;1.16605616605617;"No"
7;"7_G1";"G1";"B329_LIKE+F16";823;0.1538;"G";"1";"y";67.4583;819;NA;NA;1.004884004884;"No"
7;"7_G12";"G12";"B329_LIKE+F16";905;0.1771;"G";"12";"y";67.4583;819;NA;NA;1.1050061050061;"No"
8;"8_A1";"A1";"B329_LIKE+F16";878;0.1351;"A";"1";"y";117.1254;788;NA;NA;1.11421319796954;"No"
8;"8_A10";"A10";"B329_LIKE+F16";782;0.1399;"A";"10";"y";117.1254;788;NA;NA;0.99238578680203;"No"
8;"8_A11";"A11";"B329_LIKE+F16";1191;0.1854;"A";"11";"y";117.1254;788;NA;NA;1.51142131979695;"No"
8;"8_A12";"A12";"B329_LIKE+F16";746;0.1523;"A";"12";"y";117.1254;788;NA;NA;0.946700507614213;"No"
8;"8_A2";"A2";"B329_LIKE+F16";733;0.1295;"A";"2";"y";117.1254;788;NA;NA;0.930203045685279;"No"
8;"8_A3";"A3";"B329_LIKE+F16";736;0.117;"A";"3";"y";117.1254;788;NA;NA;0.934010152284264;"No"
8;"8_A4";"A4";"B329_LIKE+F16";782;0.1238;"A";"4";"y";117.1254;788;NA;NA;0.99238578680203;"No"
8;"8_A5";"A5";"B329_LIKE+F16";676;0.1312;"A";"5";"y";117.1254;788;NA;NA;0.857868020304569;"No"
8;"8_A6";"A6";"B329_LIKE+F16";777;0.1311;"A";"6";"y";117.1254;788;NA;NA;0.986040609137056;"No"
8;"8_A7";"A7";"B329_LIKE+F16";732;0.1228;"A";"7";"y";117.1254;788;NA;NA;0.928934010152284;"No"
8;"8_A8";"A8";"B329_LIKE+F16";724;0.1268;"A";"8";"y";117.1254;788;NA;NA;0.918781725888325;"No"
8;"8_A9";"A9";"B329_LIKE+F16";721;0.1334;"A";"9";"y";117.1254;788;NA;NA;0.91497461928934;"No"
8;"8_B1";"B1";"B329_LIKE+F16";932;0.1669;"B";"1";"y";117.1254;788;NA;NA;1.18274111675127;"No"
8;"8_B12";"B12";"B329_LIKE+F16";991;0.207;"B";"12";"y";117.1254;788;NA;NA;1.25761421319797;"No"
8;"8_C1";"C1";"B329_LIKE+F16";914;0.1837;"C";"1";"y";117.1254;788;NA;NA;1.15989847715736;"No"
8;"8_C12";"C12";"B329_LIKE+F16";700;0.1648;"C";"12";"y";117.1254;788;NA;NA;0.888324873096447;"No"
8;"8_D1";"D1";"B329_LIKE+F16";813;0.149;"D";"1";"y";117.1254;788;NA;NA;1.03172588832487;"No"
8;"8_D12";"D12";"B329_LIKE+F16";1177;0.2086;"D";"12";"y";117.1254;788;NA;NA;1.49365482233503;"No"
8;"8_E1";"E1";"B329_LIKE+F16";867;0.1496;"E";"1";"y";117.1254;788;NA;NA;1.1002538071066;"No"
8;"8_E12";"E12";"B329_LIKE+F16";757;0.1574;"E";"12";"y";117.1254;788;NA;NA;0.960659898477157;"No"
8;"8_F1";"F1";"B329_LIKE+F16";898;0.1771;"F";"1";"y";117.1254;788;NA;NA;1.13959390862944;"No"
8;"8_F12";"F12";"B329_LIKE+F16";772;0.1611;"F";"12";"y";117.1254;788;NA;NA;0.979695431472081;"No"
8;"8_G1";"G1";"B329_LIKE+F16";881;0.1906;"G";"1";"y";117.1254;788;NA;NA;1.11802030456853;"No"
8;"8_G12";"G12";"B329_LIKE+F16";1049;0.1881;"G";"12";"y";117.1254;788;NA;NA;1.33121827411168;"No"
9;"9_A1";"A1";"B329_LIKE+F16";789;0.1364;"A";"1";"y";63.7518;752;NA;NA;1.04920212765957;"No"
9;"9_A10";"A10";"B329_LIKE+F16";698;0.1398;"A";"10";"y";63.7518;752;NA;NA;0.928191489361702;"No"
9;"9_A11";"A11";"B329_LIKE+F16";769;0.1491;"A";"11";"y";63.7518;752;NA;NA;1.02260638297872;"No"
9;"9_A12";"A12";"B329_LIKE+F16";1093;0.1993;"A";"12";"y";63.7518;752;NA;NA;1.45345744680851;"No"
9;"9_A2";"A2";"B329_LIKE+F16";721;0.1589;"A";"2";"y";63.7518;752;NA;NA;0.958776595744681;"No"
9;"9_A3";"A3";"B329_LIKE+F16";654;0.1177;"A";"3";"y";63.7518;752;NA;NA;0.86968085106383;"No"
9;"9_A4";"A4";"B329_LIKE+F16";662;0.1362;"A";"4";"y";63.7518;752;NA;NA;0.88031914893617;"No"
9;"9_A5";"A5";"B329_LIKE+F16";866;0.1606;"A";"5";"y";63.7518;752;NA;NA;1.15159574468085;"No"
9;"9_A6";"A6";"B329_LIKE+F16";1004;0.1897;"A";"6";"y";63.7518;752;NA;NA;1.33510638297872;"No"
9;"9_A7";"A7";"B329_LIKE+F16";814;0.1605;"A";"7";"y";63.7518;752;NA;NA;1.08244680851064;"No"
9;"9_A8";"A8";"B329_LIKE+F16";965;0.1705;"A";"8";"y";63.7518;752;NA;NA;1.28324468085106;"No"
9;"9_A9";"A9";"B329_LIKE+F16";758;0.1486;"A";"9";"y";63.7518;752;NA;NA;1.00797872340426;"No"
9;"9_B1";"B1";"B329_LIKE+F16";769;0.156;"B";"1";"y";63.7518;752;NA;NA;1.02260638297872;"No"
9;"9_B12";"B12";"B329_LIKE+F16";794;0.1636;"B";"12";"y";63.7518;752;NA;NA;1.05585106382979;"No"
9;"9_C1";"C1";"B329_LIKE+F16";729;0.1703;"C";"1";"y";63.7518;752;NA;NA;0.969414893617021;"No"
9;"9_C12";"C12";"B329_LIKE+F16";753;0.1636;"C";"12";"y";63.7518;752;NA;NA;1.00132978723404;"No"
9;"9_D1";"D1";"B329_LIKE+F16";709;0.1484;"D";"1";"y";63.7518;752;NA;NA;0.94281914893617;"No"
9;"9_D12";"D12";"B329_LIKE+F16";731;0.1518;"D";"12";"y";63.7518;752;NA;NA;0.972074468085106;"No"
9;"9_E1";"E1";"B329_LIKE+F16";751;0.1667;"E";"1";"y";63.7518;752;NA;NA;0.998670212765957;"No"
9;"9_E12";"E12";"B329_LIKE+F16";741;0.1647;"E";"12";"y";63.7518;752;NA;NA;0.985372340425532;"No"
9;"9_F1";"F1";"B329_LIKE+F16";826;0.1586;"F";"1";"y";63.7518;752;NA;NA;1.09840425531915;"No"
9;"9_F12";"F12";"B329_LIKE+F16";791;0.1581;"F";"12";"y";63.7518;752;NA;NA;1.05186170212766;"No"
9;"9_G1";"G1";"B329_LIKE+F16";849;0.1662;"G";"1";"y";63.7518;752;NA;NA;1.12898936170213;"No"
9;"9_G12";"G12";"B329_LIKE+F16";817;0.1665;"G";"12";"y";63.7518;752;NA;NA;1.08643617021277;"No"
10;"10_A1";"A1";"B329_LIKE+F16";762;0.1363;"A";"1";"y";91.1799;777;NA;NA;0.980694980694981;"No"
10;"10_A10";"A10";"B329_LIKE+F16";736;0.1406;"A";"10";"y";91.1799;777;NA;NA;0.947232947232947;"No"
10;"10_A11";"A11";"B329_LIKE+F16";992;0.1662;"A";"11";"y";91.1799;777;NA;NA;1.27670527670528;"No"
10;"10_A12";"A12";"B329_LIKE+F16";1109;0.19;"A";"12";"y";91.1799;777;NA;NA;1.42728442728443;"No"
10;"10_A2";"A2";"B329_LIKE+F16";736;0.1344;"A";"2";"y";91.1799;777;NA;NA;0.947232947232947;"No"
10;"10_A3";"A3";"B329_LIKE+F16";810;0.1471;"A";"3";"y";91.1799;777;NA;NA;1.04247104247104;"No"
10;"10_A4";"A4";"B329_LIKE+F16";959;0.1721;"A";"4";"y";91.1799;777;NA;NA;1.23423423423423;"No"
10;"10_A5";"A5";"B329_LIKE+F16";776;0.1447;"A";"5";"y";91.1799;777;NA;NA;0.998712998712999;"No"
10;"10_A6";"A6";"B329_LIKE+F16";707;0.1285;"A";"6";"y";91.1799;777;NA;NA;0.90990990990991;"No"
10;"10_A7";"A7";"B329_LIKE+F16";761;0.1388;"A";"7";"y";91.1799;777;NA;NA;0.979407979407979;"No"
10;"10_A8";"A8";"B329_LIKE+F16";805;0.1552;"A";"8";"y";91.1799;777;NA;NA;1.03603603603604;"No"
10;"10_A9";"A9";"B329_LIKE+F16";894;0.1541;"A";"9";"y";91.1799;777;NA;NA;1.15057915057915;"No"
10;"10_B1";"B1";"B329_LIKE+F16";864;0.1738;"B";"1";"y";91.1799;777;NA;NA;1.11196911196911;"No"
10;"10_B12";"B12";"B329_LIKE+F16";763;0.1481;"B";"12";"y";91.1799;777;NA;NA;0.981981981981982;"No"
10;"10_C1";"C1";"B329_LIKE+F16";849;0.1555;"C";"1";"y";91.1799;777;NA;NA;1.09266409266409;"No"
10;"10_C12";"C12";"B329_LIKE+F16";817;0.1469;"C";"12";"y";91.1799;777;NA;NA;1.05148005148005;"No"
10;"10_D1";"D1";"B329_LIKE+F16";918;0.1857;"D";"1";"y";91.1799;777;NA;NA;1.18146718146718;"No"
10;"10_D12";"D12";"B329_LIKE+F16";901;0.1492;"D";"12";"y";91.1799;777;NA;NA;1.15958815958816;"No"
10;"10_E1";"E1";"B329_LIKE+F16";856;0.1778;"E";"1";"y";91.1799;777;NA;NA;1.1016731016731;"No"
10;"10_E12";"E12";"B329_LIKE+F16";748;0.1504;"E";"12";"y";91.1799;777;NA;NA;0.962676962676963;"No"
10;"10_F1";"F1";"B329_LIKE+F16";989;0.1629;"F";"1";"y";91.1799;777;NA;NA;1.27284427284427;"No"
10;"10_F12";"F12";"B329_LIKE+F16";958;0.1781;"F";"12";"y";91.1799;777;NA;NA;1.23294723294723;"No"
10;"10_G1";"G1";"B329_LIKE+F16";822;0.1631;"G";"1";"y";91.1799;777;NA;NA;1.05791505791506;"No"
10;"10_G12";"G12";"B329_LIKE+F16";741;0.1551;"G";"12";"y";91.1799;777;NA;NA;0.953667953667954;"No"
11;"11_A1";"A1";"B329_LIKE+F16";725;0.1402;"A";"1";"y";99.3342;715;NA;NA;1.01398601398601;"No"
11;"11_A10";"A10";"B329_LIKE+F16";698;0.1287;"A";"10";"y";99.3342;715;NA;NA;0.976223776223776;"No"
11;"11_A11";"A11";"B329_LIKE+F16";716;0.1465;"A";"11";"y";99.3342;715;NA;NA;1.0013986013986;"No"
11;"11_A12";"A12";"B329_LIKE+F16";779;0.1582;"A";"12";"y";99.3342;715;NA;NA;1.08951048951049;"No"
11;"11_A2";"A2";"B329_LIKE+F16";812;0.1597;"A";"2";"y";99.3342;715;NA;NA;1.13566433566434;"No"
11;"11_A3";"A3";"B329_LIKE+F16";735;0.1359;"A";"3";"y";99.3342;715;NA;NA;1.02797202797203;"No"
11;"11_A4";"A4";"B329_LIKE+F16";693;0.1245;"A";"4";"y";99.3342;715;NA;NA;0.969230769230769;"No"
11;"11_A5";"A5";"B329_LIKE+F16";605;0.1177;"A";"5";"y";99.3342;715;NA;NA;0.846153846153846;"No"
11;"11_A6";"A6";"B329_LIKE+F16";573;0.1157;"A";"6";"y";99.3342;715;NA;NA;0.801398601398601;"No"
11;"11_A7";"A7";"B329_LIKE+F16";566;0.111;"A";"7";"y";99.3342;715;NA;NA;0.791608391608392;"No"
11;"11_A8";"A8";"B329_LIKE+F16";669;0.1175;"A";"8";"y";99.3342;715;NA;NA;0.935664335664336;"No"
11;"11_A9";"A9";"B329_LIKE+F16";637;0.1218;"A";"9";"y";99.3342;715;NA;NA;0.890909090909091;"No"
11;"11_B1";"B1";"B329_LIKE+F16";669;0.1366;"B";"1";"y";99.3342;715;NA;NA;0.935664335664336;"No"
11;"11_B12";"B12";"B329_LIKE+F16";932;0.183;"B";"12";"y";99.3342;715;NA;NA;1.3034965034965;"No"
11;"11_C1";"C1";"B329_LIKE+F16";628;0.1273;"C";"1";"y";99.3342;715;NA;NA;0.878321678321678;"No"
11;"11_C12";"C12";"B329_LIKE+F16";773;0.1492;"C";"12";"y";99.3342;715;NA;NA;1.08111888111888;"No"
11;"11_D1";"D1";"B329_LIKE+F16";650;0.1306;"D";"1";"y";99.3342;715;NA;NA;0.909090909090909;"No"
11;"11_D12";"D12";"B329_LIKE+F16";893;0.1635;"D";"12";"y";99.3342;715;NA;NA;1.24895104895105;"No"
11;"11_E1";"E1";"B329_LIKE+F16";819;0.1806;"E";"1";"y";99.3342;715;NA;NA;1.14545454545455;"No"
11;"11_F1";"F1";"B329_LIKE+F16";983;0.1494;"F";"1";"y";99.3342;715;NA;NA;1.37482517482517;"No"
11;"11_F12";"F12";"B329_LIKE+F16";775;0.1475;"F";"12";"y";99.3342;715;NA;NA;1.08391608391608;"No"
11;"11_G1";"G1";"B329_LIKE+F16";780;0.1606;"G";"1";"y";99.3342;715;NA;NA;1.09090909090909;"No"
11;"11_G12";"G12";"B329_LIKE+F16";975;0.1842;"G";"12";"y";99.3342;715;NA;NA;1.36363636363636;"No"
12;"12_A1";"A1";"B329_LIKE+F16";1029;0.178;"A";"1";"y";172.7229;870;NA;NA;1.18275862068966;"No"
12;"12_A10";"A10";"B329_LIKE+F16";985;0.1809;"A";"10";"y";172.7229;870;NA;NA;1.13218390804598;"No"
12;"12_A11";"A11";"B329_LIKE+F16";998;0.1829;"A";"11";"y";172.7229;870;NA;NA;1.14712643678161;"No"
12;"12_A12";"A12";"B329_LIKE+F16";1409;0.2122;"A";"12";"y";172.7229;870;NA;NA;1.61954022988506;"No"
12;"12_A2";"A2";"B329_LIKE+F16";667;0.1193;"A";"2";"y";172.7229;870;NA;NA;0.766666666666667;"No"
12;"12_A3";"A3";"B329_LIKE+F16";909;0.131;"A";"3";"y";172.7229;870;NA;NA;1.0448275862069;"No"
12;"12_A4";"A4";"B329_LIKE+F16";718;0.1309;"A";"4";"y";172.7229;870;NA;NA;0.825287356321839;"No"
12;"12_A5";"A5";"B329_LIKE+F16";665;0.12;"A";"5";"y";172.7229;870;NA;NA;0.764367816091954;"No"
12;"12_A6";"A6";"B329_LIKE+F16";582;0.0968;"A";"6";"y";172.7229;870;NA;NA;0.668965517241379;"No"
12;"12_A7";"A7";"B329_LIKE+F16";703;0.1262;"A";"7";"y";172.7229;870;NA;NA;0.808045977011494;"No"
12;"12_A8";"A8";"B329_LIKE+F16";912;0.1364;"A";"8";"y";172.7229;870;NA;NA;1.04827586206897;"No"
12;"12_A9";"A9";"B329_LIKE+F16";928;0.1698;"A";"9";"y";172.7229;870;NA;NA;1.06666666666667;"No"
12;"12_B1";"B1";"B329_LIKE+F16";804;0.1525;"B";"1";"y";172.7229;870;NA;NA;0.924137931034483;"No"
12;"12_B12";"B12";"B329_LIKE+F16";1060;0.1906;"B";"12";"y";172.7229;870;NA;NA;1.2183908045977;"No"
12;"12_C1";"C1";"B329_LIKE+F16";1067;0.1929;"C";"1";"y";172.7229;870;NA;NA;1.2264367816092;"No"
12;"12_C12";"C12";"B329_LIKE+F16";838;0.1576;"C";"12";"y";172.7229;870;NA;NA;0.963218390804598;"No"
12;"12_D1";"D1";"B329_LIKE+F16";707;0.1423;"D";"1";"y";172.7229;870;NA;NA;0.81264367816092;"No"
12;"12_D12";"D12";"B329_LIKE+F16";933;0.1582;"D";"12";"y";172.7229;870;NA;NA;1.07241379310345;"No"
12;"12_E1";"E1";"B329_LIKE+F16";1297;0.199;"E";"1";"y";172.7229;870;NA;NA;1.49080459770115;"No"
12;"12_E12";"E12";"B329_LIKE+F16";1344;0.1854;"E";"12";"y";172.7229;870;NA;NA;1.5448275862069;"No"
12;"12_F1";"F1";"B329_LIKE+F16";1055;0.1798;"F";"1";"y";172.7229;870;NA;NA;1.21264367816092;"No"
12;"12_F12";"F12";"B329_LIKE+F16";873;0.1632;"F";"12";"y";172.7229;870;NA;NA;1.00344827586207;"No"
12;"12_G1";"G1";"B329_LIKE+F16";992;0.167;"G";"1";"y";172.7229;870;NA;NA;1.14022988505747;"No"
12;"12_G12";"G12";"B329_LIKE+F16";934;0.1726;"G";"12";"y";172.7229;870;NA;NA;1.0735632183908;"No"
13;"13_A1";"A1";"B329_LIKE+F16";1147;0.181500003;"A";"1";"y";168.2751;863.5;NA;NA;1.32831499710481;"No"
13;"13_A10";"A10";"B329_LIKE+F16";1150;0.175099999;"A";"10";"y";168.2751;863.5;NA;NA;1.3317892298784;"No"
13;"13_A11";"A11";"B329_LIKE+F16";1032;0.159199998;"A";"11";"y";168.2751;863.5;NA;NA;1.19513607411697;"No"
13;"13_A12";"A12";"B329_LIKE+F16";1814;0.214000002;"A";"12";"y";168.2751;863.5;NA;NA;2.10075275043428;"No"
13;"13_A2";"A2";"B329_LIKE+F16";1085;0.171700001;"A";"2";"y";168.2751;863.5;NA;NA;1.25651418645049;"No"
13;"13_A3";"A3";"B329_LIKE+F16";1146;0.175600007;"A";"3";"y";168.2751;863.5;NA;NA;1.32715691951361;"No"
13;"13_A4";"A4";"B329_LIKE+F16";918;0.143900007;"A";"4";"y";168.2751;863.5;NA;NA;1.06311522872032;"No"
13;"13_A5";"A5";"B329_LIKE+F16";815;0.147499993;"A";"5";"y";168.2751;863.5;NA;NA;0.943833236826867;"No"
13;"13_A6";"A6";"B329_LIKE+F16";797;0.138400003;"A";"6";"y";168.2751;863.5;NA;NA;0.922987840185292;"No"
13;"13_A7";"A7";"B329_LIKE+F16";772;0.129999995;"A";"7";"y";168.2751;863.5;NA;NA;0.894035900405327;"No"
13;"13_A8";"A8";"B329_LIKE+F16";937;0.150600001;"A";"8";"y";168.2751;863.5;NA;NA;1.0851187029531;"No"
13;"13_A9";"A9";"B329_LIKE+F16";1005;0.150999993;"A";"9";"y";168.2751;863.5;NA;NA;1.1638679791546;"No"
13;"13_B1";"B1";"B329_LIKE+F16";963;0.150999993;"B";"1";"y";168.2751;863.5;NA;NA;1.11522872032426;"No"
13;"13_B12";"B12";"B329_LIKE+F16";1022;0.172600001;"B";"12";"y";168.2751;863.5;NA;NA;1.18355529820498;"No"
13;"13_C1";"C1";"B329_LIKE+F16";912;0.144899994;"C";"1";"y";168.2751;863.5;NA;NA;1.05616676317313;"No"
13;"13_C12";"C12";"B329_LIKE+F16";1214;0.180500001;"C";"12";"y";168.2751;863.5;NA;NA;1.40590619571511;"No"
13;"13_D1";"D1";"B329_LIKE+F16";832;0.148000002;"D";"1";"y";168.2751;863.5;NA;NA;0.963520555877244;"No"
13;"13_D12";"D12";"B329_LIKE+F16";964;0.160799995;"D";"12";"y";168.2751;863.5;NA;NA;1.11638679791546;"No"
13;"13_E1";"E1";"B329_LIKE+F16";866;0.154699996;"E";"1";"y";168.2751;863.5;NA;NA;1.002895193978;"No"
13;"13_E12";"E12";"B329_LIKE+F16";1659;0.222599998;"E";"12";"y";168.2751;863.5;NA;NA;1.92125072379849;"No"
13;"13_F1";"F1";"B329_LIKE+F16";890;0.166700006;"F";"1";"y";168.2751;863.5;NA;NA;1.03068905616676;"No"
13;"13_F12";"F12";"B329_LIKE+F16";1396;0.197400004;"F";"12";"y";168.2751;863.5;NA;NA;1.61667631731326;"No"
13;"13_G1";"G1";"B329_LIKE+F16";1225;0.186800003;"G";"1";"y";168.2751;863.5;NA;NA;1.4186450492183;"No"
13;"13_G12";"G12";"B329_LIKE+F16";1099;0.1664;"G";"12";"y";168.2751;863.5;NA;NA;1.27272727272727;"No"
14;"14_A1";"A1";"B329_LIKE+F16";878;0.130400002;"A";"1";"y";112.6776;911;NA;NA;0.96377607025247;"No"
14;"14_A10";"A10";"B329_LIKE+F16";951;0.154699996;"A";"10";"y";112.6776;911;NA;NA;1.04390779363337;"No"
14;"14_A11";"A11";"B329_LIKE+F16";895;0.140499994;"A";"11";"y";112.6776;911;NA;NA;0.982436882546652;"No"
14;"14_A12";"A12";"B329_LIKE+F16";847;0.126399994;"A";"12";"y";112.6776;911;NA;NA;0.929747530186608;"No"
14;"14_A2";"A2";"B329_LIKE+F16";955;0.1505;"A";"2";"y";112.6776;911;NA;NA;1.04829857299671;"No"
14;"14_A3";"A3";"B329_LIKE+F16";1040;0.156000003;"A";"3";"y";112.6776;911;NA;NA;1.14160263446762;"No"
14;"14_A4";"A4";"B329_LIKE+F16";912;0.1426;"A";"4";"y";112.6776;911;NA;NA;1.00109769484083;"No"
14;"14_A5";"A5";"B329_LIKE+F16";1030;0.1523;"A";"5";"y";112.6776;911;NA;NA;1.13062568605928;"No"
14;"14_A6";"A6";"B329_LIKE+F16";708;0.122000001;"A";"6";"y";112.6776;911;NA;NA;0.777167947310648;"No"
14;"14_A7";"A7";"B329_LIKE+F16";941;0.156000003;"A";"7";"y";112.6776;911;NA;NA;1.03293084522503;"No"
14;"14_A8";"A8";"B329_LIKE+F16";949;0.150900006;"A";"8";"y";112.6776;911;NA;NA;1.0417124039517;"No"
14;"14_A9";"A9";"B329_LIKE+F16";1096;0.148900002;"A";"9";"y";112.6776;911;NA;NA;1.20307354555434;"No"
14;"14_B1";"B1";"B329_LIKE+F16";938;0.138899997;"B";"1";"y";112.6776;911;NA;NA;1.02963776070252;"No"
14;"14_B12";"B12";"B329_LIKE+F16";1112;0.167999998;"B";"12";"y";112.6776;911;NA;NA;1.22063666300768;"No"
14;"14_C1";"C1";"B329_LIKE+F16";1191;0.179000005;"C";"1";"y";112.6776;911;NA;NA;1.30735455543359;"No"
14;"14_C12";"C12";"B329_LIKE+F16";1080;0.167099997;"C";"12";"y";112.6776;911;NA;NA;1.18551042810099;"No"
14;"14_D1";"D1";"B329_LIKE+F16";922;0.144800007;"D";"1";"y";112.6776;911;NA;NA;1.01207464324918;"No"
14;"14_D12";"D12";"B329_LIKE+F16";1504;0.224800006;"D";"12";"y";112.6776;911;NA;NA;1.65093304061471;"No"
14;"14_E1";"E1";"B329_LIKE+F16";963;0.165999994;"E";"1";"y";112.6776;911;NA;NA;1.05708013172338;"No"
14;"14_E12";"E12";"B329_LIKE+F16";1084;0.163800001;"E";"12";"y";112.6776;911;NA;NA;1.18990120746432;"No"
14;"14_F1";"F1";"B329_LIKE+F16";694;0.111100003;"F";"1";"y";112.6776;911;NA;NA;0.761800219538968;"No"
14;"14_F12";"F12";"B329_LIKE+F16";1339;0.1435;"F";"12";"y";112.6776;911;NA;NA;1.46981339187706;"No"
14;"14_G1";"G1";"B329_LIKE+F16";840;0.126200005;"G";"1";"y";112.6776;911;NA;NA;0.922063666300768;"No"
14;"14_G12";"G12";"B329_LIKE+F16";1309;0.172299996;"G";"12";"y";112.6776;911;NA;NA;1.43688254665203;"No"
15;"15_A1";"A1";"B329_LIKE+F16";849;0.1417;"A";"1";"y";100.0755;870.5;NA;NA;0.975301550832855;"No"
15;"15_A10";"A10";"B329_LIKE+F16";785;0.125300005;"A";"10";"y";100.0755;870.5;NA;NA;0.90178058587019;"No"
15;"15_A11";"A11";"B329_LIKE+F16";818;0.133499995;"A";"11";"y";100.0755;870.5;NA;NA;0.939689833429064;"No"
15;"15_A12";"A12";"B329_LIKE+F16";1049;0.155000001;"A";"12";"y";100.0755;870.5;NA;NA;1.20505456634118;"No"
15;"15_A2";"A2";"B329_LIKE+F16";960;0.148699999;"A";"2";"y";100.0755;870.5;NA;NA;1.10281447443998;"No"
15;"15_A3";"A3";"B329_LIKE+F16";968;0.148800001;"A";"3";"y";100.0755;870.5;NA;NA;1.11200459506031;"No"
15;"15_A4";"A4";"B329_LIKE+F16";956;0.153200001;"A";"4";"y";100.0755;870.5;NA;NA;1.09821941412981;"No"
15;"15_A5";"A5";"B329_LIKE+F16";904;0.144899994;"A";"5";"y";100.0755;870.5;NA;NA;1.03848363009764;"No"
15;"15_A6";"A6";"B329_LIKE+F16";1088;0.145699993;"A";"6";"y";100.0755;870.5;NA;NA;1.24985640436531;"No"
15;"15_A7";"A7";"B329_LIKE+F16";920;0.142000005;"A";"7";"y";100.0755;870.5;NA;NA;1.05686387133831;"No"
15;"15_A8";"A8";"B329_LIKE+F16";786;0.125100002;"A";"8";"y";100.0755;870.5;NA;NA;0.902929350947731;"No"
15;"15_A9";"A9";"B329_LIKE+F16";776;0.120200001;"A";"9";"y";100.0755;870.5;NA;NA;0.891441700172315;"No"
15;"15_B1";"B1";"B329_LIKE+F16";990;0.157399997;"B";"1";"y";100.0755;870.5;NA;NA;1.13727742676623;"No"
15;"15_B12";"B12";"B329_LIKE+F16";1090;0.166899994;"B";"12";"y";100.0755;870.5;NA;NA;1.25215393452039;"No"
15;"15_C1";"C1";"B329_LIKE+F16";992;0.151600003;"C";"1";"y";100.0755;870.5;NA;NA;1.13957495692131;"No"
15;"15_C12";"C12";"B329_LIKE+F16";903;0.138600007;"C";"12";"y";100.0755;870.5;NA;NA;1.0373348650201;"No"
15;"15_D1";"D1";"B329_LIKE+F16";812;0.143999994;"D";"1";"y";100.0755;870.5;NA;NA;0.932797242963814;"No"
15;"15_D12";"D12";"B329_LIKE+F16";924;0.144400001;"D";"12";"y";100.0755;870.5;NA;NA;1.06145893164848;"No"
15;"15_E1";"E1";"B329_LIKE+F16";898;0.147599995;"E";"1";"y";100.0755;870.5;NA;NA;1.0315910396324;"No"
15;"15_E12";"E12";"B329_LIKE+F16";865;0.150399998;"E";"12";"y";100.0755;870.5;NA;NA;0.993681792073521;"No"
15;"15_F1";"F1";"B329_LIKE+F16";960;0.150299996;"F";"1";"y";100.0755;870.5;NA;NA;1.10281447443998;"No"
15;"15_F12";"F12";"B329_LIKE+F16";1054;0.171900004;"F";"12";"y";100.0755;870.5;NA;NA;1.21079839172889;"No"
15;"15_G1";"G1";"B329_LIKE+F16";1054;0.158899993;"G";"1";"y";100.0755;870.5;NA;NA;1.21079839172889;"No"
15;"15_G12";"G12";"B329_LIKE+F16";1213;0.197300002;"G";"12";"y";100.0755;870.5;NA;NA;1.39345203905801;"No"
16;"16_A10";"A10";"B329_LIKE+F16";1250;0.176200002;"A";"10";"y";139.3644;950.5;NA;NA;1.31509731720147;"No"
16;"16_A11";"A11";"B329_LIKE+F16";1044;0.168300003;"A";"11";"y";139.3644;950.5;NA;NA;1.09836927932667;"No"
16;"16_A12";"A12";"B329_LIKE+F16";999;0.179299995;"A";"12";"y";139.3644;950.5;NA;NA;1.05102577590742;"No"
16;"16_A2";"A2";"B329_LIKE+F16";1067;0.156399995;"A";"2";"y";139.3644;950.5;NA;NA;1.12256706996318;"No"
16;"16_A3";"A3";"B329_LIKE+F16";953;0.158199996;"A";"3";"y";139.3644;950.5;NA;NA;1.0026301946344;"No"
16;"16_A4";"A4";"B329_LIKE+F16";930;0.159099996;"A";"4";"y";139.3644;950.5;NA;NA;0.978432403997896;"No"
16;"16_A5";"A5";"B329_LIKE+F16";1121;0.160799995;"A";"5";"y";139.3644;950.5;NA;NA;1.17937927406628;"No"
16;"16_A6";"A6";"B329_LIKE+F16";1067;0.166800007;"A";"6";"y";139.3644;950.5;NA;NA;1.12256706996318;"No"
16;"16_A7";"A7";"B329_LIKE+F16";1031;0.1602;"A";"7";"y";139.3644;950.5;NA;NA;1.08469226722777;"No"
16;"16_A8";"A8";"B329_LIKE+F16";1035;0.165000007;"A";"8";"y";139.3644;950.5;NA;NA;1.08890057864282;"No"
16;"16_A9";"A9";"B329_LIKE+F16";896;0.1479;"A";"9";"y";139.3644;950.5;NA;NA;0.942661756970016;"No"
16;"16_B1";"B1";"B329_LIKE+F16";831;0.131600007;"B";"1";"y";139.3644;950.5;NA;NA;0.874276696475539;"No"
16;"16_B12";"B12";"B329_LIKE+F16";1391;0.209299996;"B";"12";"y";139.3644;950.5;NA;NA;1.4634402945818;"No"
16;"16_C1";"C1";"B329_LIKE+F16";1045;0.171399996;"C";"1";"y";139.3644;950.5;NA;NA;1.09942135718043;"No"
16;"16_C12";"C12";"B329_LIKE+F16";1016;0.166299999;"C";"12";"y";139.3644;950.5;NA;NA;1.06891109942136;"No"
16;"16_D1";"D1";"B329_LIKE+F16";1016;0.150299996;"D";"1";"y";139.3644;950.5;NA;NA;1.06891109942136;"No"
16;"16_D12";"D12";"B329_LIKE+F16";1088;0.185800001;"D";"12";"y";139.3644;950.5;NA;NA;1.14466070489216;"No"
16;"16_E1";"E1";"B329_LIKE+F16";1716;0.154100001;"E";"1";"y";139.3644;950.5;NA;NA;1.80536559705418;"No"
16;"16_E12";"E12";"B329_LIKE+F16";1318;0.207300007;"E";"12";"y";139.3644;950.5;NA;NA;1.38663861125723;"No"
16;"16_F1";"F1";"B329_LIKE+F16";943;0.163800001;"F";"1";"y";139.3644;950.5;NA;NA;0.992109416096791;"No"
16;"16_F12";"F12";"B329_LIKE+F16";1066;0.182999998;"F";"12";"y";139.3644;950.5;NA;NA;1.12151499210942;"No"
16;"16_G1";"G1";"B329_LIKE+F16";920;0.161799997;"G";"1";"y";139.3644;950.5;NA;NA;0.967911625460284;"No"
16;"16_G12";"G12";"B329_LIKE+F16";1465;0.229300007;"G";"12";"y";139.3644;950.5;NA;NA;1.54129405576013;"No"
17;"17_A1";"A1";"B329_LIKE+F16";982;0.147;"A";"1";"y";108.9711;908;NA;NA;1.08149779735683;"No"
17;"17_A10";"A10";"B329_LIKE+F16";924;0.145400003;"A";"10";"y";108.9711;908;NA;NA;1.01762114537445;"No"
17;"17_A11";"A11";"B329_LIKE+F16";966;0.145500004;"A";"11";"y";108.9711;908;NA;NA;1.06387665198238;"No"
17;"17_A12";"A12";"B329_LIKE+F16";1456;0.168500006;"A";"12";"y";108.9711;908;NA;NA;1.60352422907489;"No"
17;"17_A2";"A2";"B329_LIKE+F16";996;0.1347;"A";"2";"y";108.9711;908;NA;NA;1.09691629955947;"No"
17;"17_A3";"A3";"B329_LIKE+F16";979;0.149200007;"A";"3";"y";108.9711;908;NA;NA;1.07819383259912;"No"
17;"17_A4";"A4";"B329_LIKE+F16";1079;0.144099995;"A";"4";"y";108.9711;908;NA;NA;1.18832599118943;"No"
17;"17_A5";"A5";"B329_LIKE+F16";865;0.137500003;"A";"5";"y";108.9711;908;NA;NA;0.952643171806167;"No"
17;"17_A6";"A6";"B329_LIKE+F16";869;0.138600007;"A";"6";"y";108.9711;908;NA;NA;0.95704845814978;"No"
17;"17_A7";"A7";"B329_LIKE+F16";928;0.132300004;"A";"7";"y";108.9711;908;NA;NA;1.02202643171806;"No"
17;"17_A8";"A8";"B329_LIKE+F16";1070;0.145699993;"A";"8";"y";108.9711;908;NA;NA;1.1784140969163;"No"
17;"17_A9";"A9";"B329_LIKE+F16";831;0.142199993;"A";"9";"y";108.9711;908;NA;NA;0.915198237885463;"No"
17;"17_B1";"B1";"B329_LIKE+F16";1197;0.170399994;"B";"1";"y";108.9711;908;NA;NA;1.31828193832599;"No"
17;"17_B12";"B12";"B329_LIKE+F16";1077;0.150000006;"B";"12";"y";108.9711;908;NA;NA;1.18612334801762;"No"
17;"17_C1";"C1";"B329_LIKE+F16";1095;0.167300001;"C";"1";"y";108.9711;908;NA;NA;1.20594713656388;"No"
17;"17_C12";"C12";"B329_LIKE+F16";1082;0.1479;"C";"12";"y";108.9711;908;NA;NA;1.19162995594714;"No"
17;"17_D1";"D1";"B329_LIKE+F16";969;0.161300004;"D";"1";"y";108.9711;908;NA;NA;1.06718061674009;"No"
17;"17_D12";"D12";"B329_LIKE+F16";1100;0.151700005;"D";"12";"y";108.9711;908;NA;NA;1.21145374449339;"No"
17;"17_E1";"E1";"B329_LIKE+F16";971;0.156900004;"E";"1";"y";108.9711;908;NA;NA;1.06938325991189;"No"
17;"17_E12";"E12";"B329_LIKE+F16";1244;0.182799995;"E";"12";"y";108.9711;908;NA;NA;1.37004405286344;"No"
17;"17_F1";"F1";"B329_LIKE+F16";902;0.144400001;"F";"1";"y";108.9711;908;NA;NA;0.993392070484581;"No"
17;"17_F12";"F12";"B329_LIKE+F16";1009;0.151700005;"F";"12";"y";108.9711;908;NA;NA;1.11123348017621;"No"
17;"17_G1";"G1";"B329_LIKE+F16";1055;0.169699997;"G";"1";"y";108.9711;908;NA;NA;1.16189427312775;"No"
17;"17_G12";"G12";"B329_LIKE+F16";994;0.152199998;"G";"12";"y";108.9711;908;NA;NA;1.09471365638767;"No"
18;"18_A1";"A1";"B329_LIKE+F16";1287;0.190300003;"A";"1";"y";107.4885;947.5;NA;NA;1.35831134564644;"No"
18;"18_A10";"A10";"B329_LIKE+F16";1322;0.200499997;"A";"10";"y";107.4885;947.5;NA;NA;1.39525065963061;"No"
18;"18_A11";"A11";"B329_LIKE+F16";1163;0.174899995;"A";"11";"y";107.4885;947.5;NA;NA;1.22744063324538;"No"
18;"18_A12";"A12";"B329_LIKE+F16";1103;0.159600005;"A";"12";"y";107.4885;947.5;NA;NA;1.16411609498681;"No"
18;"18_A2";"A2";"B329_LIKE+F16";1400;0.193599999;"A";"2";"y";107.4885;947.5;NA;NA;1.47757255936675;"No"
18;"18_A3";"A3";"B329_LIKE+F16";1063;0.154100001;"A";"3";"y";107.4885;947.5;NA;NA;1.12189973614776;"No"
18;"18_A4";"A4";"B329_LIKE+F16";1217;0.179499999;"A";"4";"y";107.4885;947.5;NA;NA;1.2844327176781;"No"
18;"18_A5";"A5";"B329_LIKE+F16";1053;0.152400002;"A";"5";"y";107.4885;947.5;NA;NA;1.11134564643799;"No"
18;"18_A6";"A6";"B329_LIKE+F16";1443;0.156599998;"A";"6";"y";107.4885;947.5;NA;NA;1.52295514511873;"No"
18;"18_A7";"A7";"B329_LIKE+F16";1335;0.203799993;"A";"7";"y";107.4885;947.5;NA;NA;1.4089709762533;"No"
18;"18_A8";"A8";"B329_LIKE+F16";1185;0.164100006;"A";"8";"y";107.4885;947.5;NA;NA;1.25065963060686;"No"
18;"18_A9";"A9";"B329_LIKE+F16";1299;0.197899997;"A";"9";"y";107.4885;947.5;NA;NA;1.37097625329815;"No"
18;"18_B1";"B1";"B329_LIKE+F16";958;0.148300007;"B";"1";"y";107.4885;947.5;NA;NA;1.01108179419525;"No"
18;"18_B12";"B12";"B329_LIKE+F16";1077;0.166899994;"B";"12";"y";107.4885;947.5;NA;NA;1.13667546174142;"No"
18;"18_C1";"C1";"B329_LIKE+F16";1075;0.1708;"C";"1";"y";107.4885;947.5;NA;NA;1.13456464379947;"No"
18;"18_C12";"C12";"B329_LIKE+F16";1402;0.202999994;"C";"12";"y";107.4885;947.5;NA;NA;1.47968337730871;"No"
18;"18_D1";"D1";"B329_LIKE+F16";917;0.143399999;"D";"1";"y";107.4885;947.5;NA;NA;0.967810026385224;"No"
18;"18_D12";"D12";"B329_LIKE+F16";955;0.159700006;"D";"12";"y";107.4885;947.5;NA;NA;1.00791556728232;"No"
18;"18_E1";"E1";"B329_LIKE+F16";910;0.150600001;"E";"1";"y";107.4885;947.5;NA;NA;0.96042216358839;"No"
18;"18_E12";"E12";"B329_LIKE+F16";1261;0.164000005;"E";"12";"y";107.4885;947.5;NA;NA;1.33087071240106;"No"
18;"18_F1";"F1";"B329_LIKE+F16";993;0.159500003;"F";"1";"y";107.4885;947.5;NA;NA;1.04802110817942;"No"
18;"18_F12";"F12";"B329_LIKE+F16";950;0.148499995;"F";"12";"y";107.4885;947.5;NA;NA;1.00263852242744;"No"
18;"18_G1";"G1";"B329_LIKE+F16";917;0.158600003;"G";"1";"y";107.4885;947.5;NA;NA;0.967810026385224;"No"
18;"18_G12";"G12";"B329_LIKE+F16";937;0.152400002;"G";"12";"y";107.4885;947.5;NA;NA;0.988918205804749;"No"
19;"19_A1";"A1";"B329_LIKE+F16";1140;0.149100006;"A";"1";"y";106.0059;957;NA;NA;1.19122257053292;"No"
19;"19_A10";"A10";"B329_LIKE+F16";930;0.1435;"A";"10";"y";106.0059;957;NA;NA;0.971786833855799;"No"
19;"19_A11";"A11";"B329_LIKE+F16";1109;0.163399994;"A";"11";"y";106.0059;957;NA;NA;1.15882967607106;"No"
19;"19_A12";"A12";"B329_LIKE+F16";1042;0.165700004;"A";"12";"y";106.0059;957;NA;NA;1.08881922675026;"No"
19;"19_A2";"A2";"B329_LIKE+F16";868;0.136399999;"A";"2";"y";106.0059;957;NA;NA;0.90700104493208;"No"
19;"19_A3";"A3";"B329_LIKE+F16";1019;0.161300004;"A";"3";"y";106.0059;957;NA;NA;1.06478578892372;"No"
19;"19_A4";"A4";"B329_LIKE+F16";952;0.140900001;"A";"4";"y";106.0059;957;NA;NA;0.994775339602926;"No"
19;"19_A5";"A5";"B329_LIKE+F16";938;0.140699998;"A";"5";"y";106.0059;957;NA;NA;0.980146290491118;"No"
19;"19_A6";"A6";"B329_LIKE+F16";996;0.154599994;"A";"6";"y";106.0059;957;NA;NA;1.04075235109718;"No"
19;"19_A7";"A7";"B329_LIKE+F16";1251;0.165099993;"A";"7";"y";106.0059;957;NA;NA;1.30721003134796;"No"
19;"19_A8";"A8";"B329_LIKE+F16";1193;0.187199995;"A";"8";"y";106.0059;957;NA;NA;1.2466039707419;"No"
19;"19_A9";"A9";"B329_LIKE+F16";1037;0.143900007;"A";"9";"y";106.0059;957;NA;NA;1.08359456635319;"No"
19;"19_B1";"B1";"B329_LIKE+F16";1076;0.1514;"B";"1";"y";106.0059;957;NA;NA;1.12434691745037;"No"
19;"19_B12";"B12";"B329_LIKE+F16";929;0.1435;"B";"12";"y";106.0059;957;NA;NA;0.970741901776385;"No"
19;"19_C1";"C1";"B329_LIKE+F16";1131;0.172800004;"C";"1";"y";106.0059;957;NA;NA;1.18181818181818;"No"
19;"19_C12";"C12";"B329_LIKE+F16";1168;0.188199997;"C";"12";"y";106.0059;957;NA;NA;1.22048066875653;"No"
19;"19_D1";"D1";"B329_LIKE+F16";875;0.147699997;"D";"1";"y";106.0059;957;NA;NA;0.914315569487983;"No"
19;"19_D12";"D12";"B329_LIKE+F16";824;0.144099995;"D";"12";"y";106.0059;957;NA;NA;0.861024033437827;"No"
19;"19_E1";"E1";"B329_LIKE+F16";1064;0.1699;"E";"1";"y";106.0059;957;NA;NA;1.11180773249739;"No"
19;"19_E12";"E12";"B329_LIKE+F16";1035;0.158500001;"E";"12";"y";106.0059;957;NA;NA;1.08150470219436;"No"
19;"19_F1";"F1";"B329_LIKE+F16";841;0.147300005;"F";"1";"y";106.0059;957;NA;NA;0.878787878787879;"No"
19;"19_F12";"F12";"B329_LIKE+F16";895;0.1523;"F";"12";"y";106.0059;957;NA;NA;0.93521421107628;"No"
19;"19_G1";"G1";"B329_LIKE+F16";1014;0.1523;"G";"1";"y";106.0059;957;NA;NA;1.05956112852665;"No"
19;"19_G12";"G12";"B329_LIKE+F16";862;0.147300005;"G";"12";"y";106.0059;957;NA;NA;0.90073145245559;"No"
20;"20_A1";"A1";"B329_LIKE+F16";961;0.151299998;"A";"1";"y";77.0952;1013;NA;NA;0.948667324777888;"No"
20;"20_A10";"A10";"B329_LIKE+F16";952;0.148900002;"A";"10";"y";77.0952;1013;NA;NA;0.939782823297137;"No"
20;"20_A11";"A11";"B329_LIKE+F16";1013;0.158000007;"A";"11";"y";77.0952;1013;NA;NA;1;"No"
20;"20_A12";"A12";"B329_LIKE+F16";961;0.154400006;"A";"12";"y";77.0952;1013;NA;NA;0.948667324777888;"No"
20;"20_A2";"A2";"B329_LIKE+F16";1049;0.166899994;"A";"2";"y";77.0952;1013;NA;NA;1.035538005923;"No"
20;"20_A3";"A3";"B329_LIKE+F16";1030;0.150800005;"A";"3";"y";77.0952;1013;NA;NA;1.01678183613031;"No"
20;"20_A4";"A4";"B329_LIKE+F16";920;0.138500005;"A";"4";"y";77.0952;1013;NA;NA;0.908193484698914;"No"
20;"20_A5";"A5";"B329_LIKE+F16";968;0.140300006;"A";"5";"y";77.0952;1013;NA;NA;0.955577492596249;"No"
20;"20_A6";"A6";"B329_LIKE+F16";913;0.139200002;"A";"6";"y";77.0952;1013;NA;NA;0.901283316880553;"No"
20;"20_A7";"A7";"B329_LIKE+F16";1002;0.143900007;"A";"7";"y";77.0952;1013;NA;NA;0.989141164856861;"No"
20;"20_A8";"A8";"B329_LIKE+F16";963;0.142800003;"A";"8";"y";77.0952;1013;NA;NA;0.950641658440276;"No"
20;"20_A9";"A9";"B329_LIKE+F16";971;0.1514;"A";"9";"y";77.0952;1013;NA;NA;0.958538993089832;"No"
20;"20_B1";"B1";"B329_LIKE+F16";1134;0.178299993;"B";"1";"y";77.0952;1013;NA;NA;1.11944718657453;"No"
20;"20_B12";"B12";"B329_LIKE+F16";1015;0.158700004;"B";"12";"y";77.0952;1013;NA;NA;1.00197433366239;"No"
20;"20_C1";"C1";"B329_LIKE+F16";1219;0.183400005;"C";"1";"y";77.0952;1013;NA;NA;1.20335636722606;"No"
20;"20_C12";"C12";"B329_LIKE+F16";1427;0.212300003;"C";"12";"y";77.0952;1013;NA;NA;1.40868706811451;"No"
20;"20_D1";"D1";"B329_LIKE+F16";898;0.148300007;"D";"1";"y";77.0952;1013;NA;NA;0.886475814412636;"No"
20;"20_D12";"D12";"B329_LIKE+F16";1046;0.1778;"D";"12";"y";77.0952;1013;NA;NA;1.03257650542942;"No"
20;"20_E1";"E1";"B329_LIKE+F16";1031;0.149399996;"E";"1";"y";77.0952;1013;NA;NA;1.0177690029615;"No"
20;"20_E12";"E12";"B329_LIKE+F16";1171;0.175899997;"E";"12";"y";77.0952;1013;NA;NA;1.15597235932873;"No"
20;"20_F1";"F1";"B329_LIKE+F16";1183;0.194999993;"F";"1";"y";77.0952;1013;NA;NA;1.16781836130306;"No"
20;"20_F12";"F12";"B329_LIKE+F16";1055;0.181500003;"F";"12";"y";77.0952;1013;NA;NA;1.04146100691017;"No"
20;"20_G12";"G12";"B329_LIKE+F16";1133;0.176799998;"G";"12";"y";77.0952;1013;NA;NA;1.11846001974334;"No"
21;"21_A1";"A1";"B329_LIKE+F16";940;0.168300003;"A";"1";"y";70.4235;947.5;NA;NA;0.992084432717678;"No"
21;"21_A10";"A10";"B329_LIKE+F16";1134;0.171000004;"A";"10";"y";70.4235;947.5;NA;NA;1.19683377308707;"No"
21;"21_A11";"A11";"B329_LIKE+F16";1241;0.188700005;"A";"11";"y";70.4235;947.5;NA;NA;1.30976253298153;"No"
21;"21_A12";"A12";"B329_LIKE+F16";994;0.154899999;"A";"12";"y";70.4235;947.5;NA;NA;1.0490765171504;"No"
21;"21_A2";"A2";"B329_LIKE+F16";885;0.145500004;"A";"2";"y";70.4235;947.5;NA;NA;0.934036939313984;"No"
21;"21_A3";"A3";"B329_LIKE+F16";913;0.149100006;"A";"3";"y";70.4235;947.5;NA;NA;0.963588390501319;"No"
21;"21_A4";"A4";"B329_LIKE+F16";888;0.143700004;"A";"4";"y";70.4235;947.5;NA;NA;0.937203166226913;"No"
21;"21_A5";"A5";"B329_LIKE+F16";972;0.152799994;"A";"5";"y";70.4235;947.5;NA;NA;1.02585751978892;"No"
21;"21_A6";"A6";"B329_LIKE+F16";1013;0.157900006;"A";"6";"y";70.4235;947.5;NA;NA;1.06912928759894;"No"
21;"21_A7";"A7";"B329_LIKE+F16";1024;0.152799994;"A";"7";"y";70.4235;947.5;NA;NA;1.08073878627968;"No"
21;"21_A8";"A8";"B329_LIKE+F16";1069;0.1743;"A";"8";"y";70.4235;947.5;NA;NA;1.12823218997361;"No"
21;"21_A9";"A9";"B329_LIKE+F16";1424;0.204799995;"A";"9";"y";70.4235;947.5;NA;NA;1.50290237467018;"No"
21;"21_B1";"B1";"B329_LIKE+F16";963;0.162499994;"B";"1";"y";70.4235;947.5;NA;NA;1.01635883905013;"No"
21;"21_B12";"B12";"B329_LIKE+F16";931;0.154799998;"B";"12";"y";70.4235;947.5;NA;NA;0.982585751978892;"No"
21;"21_C1";"C1";"B329_LIKE+F16";987;0.156399995;"C";"1";"y";70.4235;947.5;NA;NA;1.04168865435356;"No"
21;"21_C12";"C12";"B329_LIKE+F16";905;0.168799996;"C";"12";"y";70.4235;947.5;NA;NA;0.955145118733509;"No"
21;"21_D1";"D1";"B329_LIKE+F16";958;0.156599998;"D";"1";"y";70.4235;947.5;NA;NA;1.01108179419525;"No"
21;"21_D12";"D12";"B329_LIKE+F16";967;0.158899993;"D";"12";"y";70.4235;947.5;NA;NA;1.02058047493404;"No"
21;"21_E1";"E1";"B329_LIKE+F16";1029;0.151899993;"E";"1";"y";70.4235;947.5;NA;NA;1.08601583113456;"No"
21;"21_E12";"E12";"B329_LIKE+F16";914;0.163599998;"E";"12";"y";70.4235;947.5;NA;NA;0.964643799472296;"No"
21;"21_F1";"F1";"B329_LIKE+F16";999;0.157100007;"F";"1";"y";70.4235;947.5;NA;NA;1.05435356200528;"No"
21;"21_F12";"F12";"B329_LIKE+F16";1157;0.197500005;"F";"12";"y";70.4235;947.5;NA;NA;1.22110817941953;"No"
21;"21_G1";"G1";"B329_LIKE+F16";895;0.149299994;"G";"1";"y";70.4235;947.5;NA;NA;0.944591029023747;"No"
21;"21_G12";"G12";"B329_LIKE+F16";1165;0.187199995;"G";"12";"y";70.4235;947.5;NA;NA;1.22955145118734;"No"
22;"22_A1";"A1";"B329_LIKE+F16";1171;0.182500005;"A";"1";"y";194.2206;1113.5;NA;NA;1.05163897620117;"No"
22;"22_A10";"A10";"B329_LIKE+F16";1285;0.188700005;"A";"10";"y";194.2206;1113.5;NA;NA;1.15401885945218;"No"
22;"22_A11";"A11";"B329_LIKE+F16";1356;0.194499999;"A";"11";"y";194.2206;1113.5;NA;NA;1.21778176919623;"No"
22;"22_A12";"A12";"B329_LIKE+F16";1402;0.194299996;"A";"12";"y";194.2206;1113.5;NA;NA;1.25909295015716;"No"
22;"22_A2";"A2";"B329_LIKE+F16";1107;0.179900005;"A";"2";"y";194.2206;1113.5;NA;NA;0.99416255051639;"No"
22;"22_A3";"A3";"B329_LIKE+F16";1109;0.173999995;"A";"3";"y";194.2206;1113.5;NA;NA;0.995958688819039;"No"
22;"22_A4";"A4";"B329_LIKE+F16";1342;0.190599993;"A";"4";"y";194.2206;1113.5;NA;NA;1.20520880107768;"No"
22;"22_A5";"A5";"B329_LIKE+F16";1096;0.168699995;"A";"5";"y";194.2206;1113.5;NA;NA;0.984283789851819;"No"
22;"22_A6";"A6";"B329_LIKE+F16";1146;0.170599997;"A";"6";"y";194.2206;1113.5;NA;NA;1.02918724741805;"No"
22;"22_A7";"A7";"B329_LIKE+F16";1055;0.160899997;"A";"7";"y";194.2206;1113.5;NA;NA;0.947462954647508;"No"
22;"22_A8";"A8";"B329_LIKE+F16";1158;0.162599996;"A";"8";"y";194.2206;1113.5;NA;NA;1.03996407723395;"No"
22;"22_A9";"A9";"B329_LIKE+F16";1300;0.180000007;"A";"9";"y";194.2206;1113.5;NA;NA;1.16748989672205;"No"
22;"22_B1";"B1";"B329_LIKE+F16";953;0.171399996;"B";"1";"y";194.2206;1113.5;NA;NA;0.855859901212393;"No"
22;"22_B12";"B12";"B329_LIKE+F16";1317;0.214699998;"B";"12";"y";194.2206;1113.5;NA;NA;1.18275707229457;"No"
22;"22_C1";"C1";"B329_LIKE+F16";1491;0.2377;"C";"1";"y";194.2206;1113.5;NA;NA;1.33902110462506;"No"
22;"22_C12";"C12";"B329_LIKE+F16";1757;0.234799996;"C";"12";"y";194.2206;1113.5;NA;NA;1.57790749887741;"No"
22;"22_D1";"D1";"B329_LIKE+F16";912;0.168699995;"D";"1";"y";194.2206;1113.5;NA;NA;0.819039066008083;"No"
22;"22_D12";"D12";"B329_LIKE+F16";1118;0.168500006;"D";"12";"y";194.2206;1113.5;NA;NA;1.00404131118096;"No"
22;"22_E1";"E1";"B329_LIKE+F16";1073;0.175600007;"E";"1";"y";194.2206;1113.5;NA;NA;0.963628199371352;"No"
22;"22_E12";"E12";"B329_LIKE+F16";1492;0.229900002;"E";"12";"y";194.2206;1113.5;NA;NA;1.33991917377638;"No"
22;"22_F1";"F1";"B329_LIKE+F16";998;0.163100004;"F";"1";"y";194.2206;1113.5;NA;NA;0.896273013022003;"No"
22;"22_F12";"F12";"B329_LIKE+F16";1014;0.162100002;"F";"12";"y";194.2206;1113.5;NA;NA;0.910642119443197;"No"
22;"22_G1";"G1";"B329_LIKE+F16";1256;0.182600006;"G";"1";"y";194.2206;1113.5;NA;NA;1.12797485406376;"No"
22;"22_G12";"G12";"B329_LIKE+F16";1498;0.207699999;"G";"12";"y";194.2206;1113.5;NA;NA;1.34530758868433;"No"
23;"23_A1";"A1";"B329_LIKE+F16";1083;0.172600001;"A";"1";"y";119.3493;1087.5;NA;NA;0.995862068965517;"No"
23;"23_A10";"A10";"B329_LIKE+F16";1514;0.223900005;"A";"10";"y";119.3493;1087.5;NA;NA;1.39218390804598;"No"
23;"23_A11";"A11";"B329_LIKE+F16";1671;0.234200001;"A";"11";"y";119.3493;1087.5;NA;NA;1.53655172413793;"No"
23;"23_A2";"A2";"B329_LIKE+F16";1053;0.171299994;"A";"2";"y";119.3493;1087.5;NA;NA;0.968275862068966;"No"
23;"23_A3";"A3";"B329_LIKE+F16";1095;0.177000001;"A";"3";"y";119.3493;1087.5;NA;NA;1.00689655172414;"No"
23;"23_A4";"A4";"B329_LIKE+F16";1165;0.187600002;"A";"4";"y";119.3493;1087.5;NA;NA;1.07126436781609;"No"
23;"23_A5";"A5";"B329_LIKE+F16";1166;0.186199993;"A";"5";"y";119.3493;1087.5;NA;NA;1.07218390804598;"No"
23;"23_A6";"A6";"B329_LIKE+F16";1293;0.204999998;"A";"6";"y";119.3493;1087.5;NA;NA;1.18896551724138;"No"
23;"23_A7";"A7";"B329_LIKE+F16";1540;0.217700005;"A";"7";"y";119.3493;1087.5;NA;NA;1.41609195402299;"No"
23;"23_A8";"A8";"B329_LIKE+F16";1540;0.200399995;"A";"8";"y";119.3493;1087.5;NA;NA;1.41609195402299;"No"
23;"23_A9";"A9";"B329_LIKE+F16";1759;0.241500005;"A";"9";"y";119.3493;1087.5;NA;NA;1.61747126436782;"No"
23;"23_B1";"B1";"B329_LIKE+F16";1076;0.178800002;"B";"1";"y";119.3493;1087.5;NA;NA;0.989425287356322;"No"
23;"23_B12";"B12";"B329_LIKE+F16";1034;0.201800004;"B";"12";"y";119.3493;1087.5;NA;NA;0.95080459770115;"No"
23;"23_C1";"C1";"B329_LIKE+F16";1055;0.168200001;"C";"1";"y";119.3493;1087.5;NA;NA;0.970114942528736;"No"
23;"23_C12";"C12";"B329_LIKE+F16";1171;0.190200001;"C";"12";"y";119.3493;1087.5;NA;NA;1.0767816091954;"No"
23;"23_D1";"D1";"B329_LIKE+F16";1223;0.192200005;"D";"1";"y";119.3493;1087.5;NA;NA;1.12459770114943;"No"
23;"23_D12";"D12";"B329_LIKE+F16";1221;0.190799996;"D";"12";"y";119.3493;1087.5;NA;NA;1.12275862068966;"No"
23;"23_E1";"E1";"B329_LIKE+F16";958;0.158999994;"E";"1";"y";119.3493;1087.5;NA;NA;0.880919540229885;"No"
23;"23_E12";"E12";"B329_LIKE+F16";1264;0.193599999;"E";"12";"y";119.3493;1087.5;NA;NA;1.16229885057471;"No"
23;"23_F1";"F1";"B329_LIKE+F16";1294;0.191400006;"F";"1";"y";119.3493;1087.5;NA;NA;1.18988505747126;"No"
23;"23_F12";"F12";"B329_LIKE+F16";1280;0.197899997;"F";"12";"y";119.3493;1087.5;NA;NA;1.17701149425287;"No"
23;"23_G1";"G1";"B329_LIKE+F16";1139;0.171499997;"G";"1";"y";119.3493;1087.5;NA;NA;1.04735632183908;"No"
23;"23_G12";"G12";"B329_LIKE+F16";1522;0.222499996;"G";"12";"y";119.3493;1087.5;NA;NA;1.39954022988506;"No"
24;"24_A1";"A1";"B329_LIKE+F16";957;0.127900004;"A";"1";"y";112.6776;1022.5;NA;NA;0.935941320293398;"No"
24;"24_A10";"A10";"B329_LIKE+F16";1217;0.172600001;"A";"10";"y";112.6776;1022.5;NA;NA;1.19022004889976;"No"
24;"24_A11";"A11";"B329_LIKE+F16";1080;0.168899998;"A";"11";"y";112.6776;1022.5;NA;NA;1.05623471882641;"No"
24;"24_A12";"A12";"B329_LIKE+F16";1248;0.1743;"A";"12";"y";112.6776;1022.5;NA;NA;1.22053789731051;"No"
24;"24_A2";"A2";"B329_LIKE+F16";1082;0.178499997;"A";"2";"y";112.6776;1022.5;NA;NA;1.05819070904645;"No"
24;"24_A3";"A3";"B329_LIKE+F16";1207;0.174999997;"A";"3";"y";112.6776;1022.5;NA;NA;1.18044009779951;"No"
24;"24_A4";"A4";"B329_LIKE+F16";1101;0.171299994;"A";"4";"y";112.6776;1022.5;NA;NA;1.07677261613692;"No"
24;"24_A5";"A5";"B329_LIKE+F16";1054;0.181500003;"A";"5";"y";112.6776;1022.5;NA;NA;1.03080684596577;"No"
24;"24_A6";"A6";"B329_LIKE+F16";1017;0.169699997;"A";"6";"y";112.6776;1022.5;NA;NA;0.994621026894866;"No"
24;"24_A7";"A7";"B329_LIKE+F16";1027;0.157900006;"A";"7";"y";112.6776;1022.5;NA;NA;1.00440097799511;"No"
24;"24_A8";"A8";"B329_LIKE+F16";1293;0.174799994;"A";"8";"y";112.6776;1022.5;NA;NA;1.26454767726161;"No"
24;"24_A9";"A9";"B329_LIKE+F16";1078;0.167899996;"A";"9";"y";112.6776;1022.5;NA;NA;1.05427872860636;"No"
24;"24_B1";"B1";"B329_LIKE+F16";1095;0.183300003;"B";"1";"y";112.6776;1022.5;NA;NA;1.07090464547677;"No"
24;"24_B12";"B12";"B329_LIKE+F16";1250;0.190200001;"B";"12";"y";112.6776;1022.5;NA;NA;1.22249388753056;"No"
24;"24_C1";"C1";"B329_LIKE+F16";936;0.161500007;"C";"1";"y";112.6776;1022.5;NA;NA;0.915403422982885;"No"
24;"24_C12";"C12";"B329_LIKE+F16";1094;0.175500005;"C";"12";"y";112.6776;1022.5;NA;NA;1.06992665036675;"No"
24;"24_D12";"D12";"B329_LIKE+F16";1033;0.149800003;"D";"12";"y";112.6776;1022.5;NA;NA;1.01026894865526;"No"
24;"24_E1";"E1";"B329_LIKE+F16";968;0.152999997;"E";"1";"y";112.6776;1022.5;NA;NA;0.946699266503668;"No"
24;"24_E12";"E12";"B329_LIKE+F16";1034;0.160300002;"E";"12";"y";112.6776;1022.5;NA;NA;1.01124694376528;"No"
24;"24_F1";"F1";"B329_LIKE+F16";970;0.162799999;"F";"1";"y";112.6776;1022.5;NA;NA;0.948655256723716;"No"
24;"24_F12";"F12";"B329_LIKE+F16";1099;0.170599997;"F";"12";"y";112.6776;1022.5;NA;NA;1.07481662591687;"No"
24;"24_G1";"G1";"B329_LIKE+F16";1407;0.2042;"G";"1";"y";112.6776;1022.5;NA;NA;1.3760391198044;"No"
24;"24_G12";"G12";"B329_LIKE+F16";1317;0.181400001;"G";"12";"y";112.6776;1022.5;NA;NA;1.2880195599022;"No"
25;"25_A1";"A1";"B329_LIKE+F16";1597;0.251899987;"A";"1";"y";289.107;1070;NA;NA;1.49252336448598;"No"
25;"25_A10";"A10";"B329_LIKE+F16";1493;0.216199994;"A";"10";"y";289.107;1070;NA;NA;1.39532710280374;"No"
25;"25_A11";"A11";"B329_LIKE+F16";1779;0.274199992;"A";"11";"y";289.107;1070;NA;NA;1.66261682242991;"No"
25;"25_A12";"A12";"B329_LIKE+F16";1316;0.206;"A";"12";"y";289.107;1070;NA;NA;1.22990654205607;"No"
25;"25_A2";"A2";"B329_LIKE+F16";952;0.66839999;"A";"2";"y";289.107;1070;NA;NA;0.889719626168224;"No"
25;"25_A3";"A3";"B329_LIKE+F16";1434;0.232999995;"A";"3";"y";289.107;1070;NA;NA;1.34018691588785;"No"
25;"25_A4";"A4";"B329_LIKE+F16";1593;0.2377;"A";"4";"y";289.107;1070;NA;NA;1.48878504672897;"No"
25;"25_A5";"A5";"B329_LIKE+F16";1584;0.164499998;"A";"5";"y";289.107;1070;NA;NA;1.4803738317757;"No"
25;"25_A6";"A6";"B329_LIKE+F16";1265;0.193399996;"A";"6";"y";289.107;1070;NA;NA;1.18224299065421;"No"
25;"25_A7";"A7";"B329_LIKE+F16";1462;0.209800005;"A";"7";"y";289.107;1070;NA;NA;1.36635514018692;"No"
25;"25_A8";"A8";"B329_LIKE+F16";1355;0.195199996;"A";"8";"y";289.107;1070;NA;NA;1.26635514018692;"No"
25;"25_A9";"A9";"B329_LIKE+F16";1524;0.231299996;"A";"9";"y";289.107;1070;NA;NA;1.42429906542056;"No"
25;"25_B1";"B1";"B329_LIKE+F16";1277;0.551900029;"B";"1";"y";289.107;1070;NA;NA;1.19345794392523;"No"
25;"25_B12";"B12";"B329_LIKE+F16";1318;0.216999993;"B";"12";"y";289.107;1070;NA;NA;1.23177570093458;"No"
25;"25_C1";"C1";"B329_LIKE+F16";838;0.326299995;"C";"1";"y";289.107;1070;NA;NA;0.783177570093458;"No"
25;"25_C12";"C12";"B329_LIKE+F16";1048;0.161899999;"C";"12";"y";289.107;1070;NA;NA;0.979439252336449;"No"
25;"25_D1";"D1";"B329_LIKE+F16";804;0.160300002;"D";"1";"y";289.107;1070;NA;NA;0.751401869158879;"No"
25;"25_D12";"D12";"B329_LIKE+F16";1155;0.167999998;"D";"12";"y";289.107;1070;NA;NA;1.07943925233645;"No"
25;"25_E1";"E1";"B329_LIKE+F16";936;0.176400006;"E";"1";"y";289.107;1070;NA;NA;0.874766355140187;"No"
25;"25_E12";"E12";"B329_LIKE+F16";1567;0.220500007;"E";"12";"y";289.107;1070;NA;NA;1.46448598130841;"No"
25;"25_F1";"F1";"B329_LIKE+F16";1194;0.172600001;"F";"1";"y";289.107;1070;NA;NA;1.11588785046729;"No"
25;"25_F12";"F12";"B329_LIKE+F16";1169;0.180299997;"F";"12";"y";289.107;1070;NA;NA;1.09252336448598;"No"
25;"25_G1";"G1";"B329_LIKE+F16";1411;0.199599996;"G";"1";"y";289.107;1070;NA;NA;1.31869158878505;"No"
25;"25_G12";"G12";"B329_LIKE+F16";1443;0.210600004;"G";"12";"y";289.107;1070;NA;NA;1.34859813084112;"No"
26;"26_A1";"A1";"B329_LIKE+F16";925;0.142100006;"A";"1";"y";100.0755;772.5;NA;NA;1.19741100323625;"No"
26;"26_A10";"A10";"B329_LIKE+F16";859;0.150000006;"A";"10";"y";100.0755;772.5;NA;NA;1.11197411003236;"No"
26;"26_A11";"A11";"B329_LIKE+F16";765;0.135299996;"A";"11";"y";100.0755;772.5;NA;NA;0.990291262135922;"No"
26;"26_A12";"A12";"B329_LIKE+F16";1460;0.152400002;"A";"12";"y";100.0755;772.5;NA;NA;1.88996763754045;"No"
26;"26_A2";"A2";"B329_LIKE+F16";971;0.171800002;"A";"2";"y";100.0755;772.5;NA;NA;1.25695792880259;"No"
26;"26_A3";"A3";"B329_LIKE+F16";890;0.150999993;"A";"3";"y";100.0755;772.5;NA;NA;1.15210355987055;"No"
26;"26_A4";"A4";"B329_LIKE+F16";863;0.151500002;"A";"4";"y";100.0755;772.5;NA;NA;1.11715210355987;"No"
26;"26_A5";"A5";"B329_LIKE+F16";920;0.153999999;"A";"5";"y";100.0755;772.5;NA;NA;1.19093851132686;"No"
26;"26_A6";"A6";"B329_LIKE+F16";842;0.142199993;"A";"6";"y";100.0755;772.5;NA;NA;1.08996763754045;"No"
26;"26_A7";"A7";"B329_LIKE+F16";894;0.1646;"A";"7";"y";100.0755;772.5;NA;NA;1.15728155339806;"No"
26;"26_A8";"A8";"B329_LIKE+F16";858;0.148599997;"A";"8";"y";100.0755;772.5;NA;NA;1.11067961165049;"No"
26;"26_A9";"A9";"B329_LIKE+F16";844;0.143099993;"A";"9";"y";100.0755;772.5;NA;NA;1.09255663430421;"No"
26;"26_B1";"B1";"B329_LIKE+F16";812;0.147499993;"B";"1";"y";100.0755;772.5;NA;NA;1.05113268608414;"No"
26;"26_B12";"B12";"B329_LIKE+F16";749;0.133599997;"B";"12";"y";100.0755;772.5;NA;NA;0.96957928802589;"No"
26;"26_C1";"C1";"B329_LIKE+F16";796;0.126800001;"C";"1";"y";100.0755;772.5;NA;NA;1.03042071197411;"No"
26;"26_C12";"C12";"B329_LIKE+F16";794;0.139500007;"C";"12";"y";100.0755;772.5;NA;NA;1.02783171521036;"No"
26;"26_D1";"D1";"B329_LIKE+F16";872;0.150600001;"D";"1";"y";100.0755;772.5;NA;NA;1.12880258899676;"No"
26;"26_D12";"D12";"B329_LIKE+F16";935;0.149399996;"D";"12";"y";100.0755;772.5;NA;NA;1.21035598705502;"No"
26;"26_E1";"E1";"B329_LIKE+F16";767;0.176200002;"E";"1";"y";100.0755;772.5;NA;NA;0.992880258899676;"No"
26;"26_E12";"E12";"B329_LIKE+F16";744;0.132599995;"E";"12";"y";100.0755;772.5;NA;NA;0.963106796116505;"No"
26;"26_F1";"F1";"B329_LIKE+F16";808;0.153699994;"F";"1";"y";100.0755;772.5;NA;NA;1.04595469255663;"No"
26;"26_F12";"F12";"B329_LIKE+F16";731;0.135000005;"F";"12";"y";100.0755;772.5;NA;NA;0.946278317152104;"No"
26;"26_G12";"G12";"B329_LIKE+F16";855;0.144400001;"G";"12";"y";100.0755;772.5;NA;NA;1.10679611650485;"No"
27;"27_A1";"A1";"B329_LIKE+F16";1152;0.178200006;"A";"1";"y";95.6277;918.5;NA;NA;1.25421883505716;"No"
27;"27_A10";"A10";"B329_LIKE+F16";961;0.143999994;"A";"10";"y";95.6277;918.5;NA;NA;1.04627109417529;"No"
27;"27_A11";"A11";"B329_LIKE+F16";1083;0.158999994;"A";"11";"y";95.6277;918.5;NA;NA;1.17909635274905;"No"
27;"27_A12";"A12";"B329_LIKE+F16";1118;0.152700007;"A";"12";"y";95.6277;918.5;NA;NA;1.21720195971693;"No"
27;"27_A2";"A2";"B329_LIKE+F16";934;0.148599997;"A";"2";"y";95.6277;918.5;NA;NA;1.01687534022863;"No"
27;"27_A3";"A3";"B329_LIKE+F16";1044;0.161699995;"A";"3";"y";95.6277;918.5;NA;NA;1.13663581927055;"No"
27;"27_A4";"A4";"B329_LIKE+F16";1003;0.159999996;"A";"4";"y";95.6277;918.5;NA;NA;1.09199782253674;"No"
27;"27_A5";"A5";"B329_LIKE+F16";932;0.150999993;"A";"5";"y";95.6277;918.5;NA;NA;1.01469787697333;"No"
27;"27_A6";"A6";"B329_LIKE+F16";898;0.138400003;"A";"6";"y";95.6277;918.5;NA;NA;0.977681001633097;"No"
27;"27_A7";"A7";"B329_LIKE+F16";864;0.131099999;"A";"7";"y";95.6277;918.5;NA;NA;0.940664126292869;"No"
27;"27_A8";"A8";"B329_LIKE+F16";889;0.132300004;"A";"8";"y";95.6277;918.5;NA;NA;0.967882416984213;"No"
27;"27_A9";"A9";"B329_LIKE+F16";909;0.1435;"A";"9";"y";95.6277;918.5;NA;NA;0.989657049537289;"No"
27;"27_B1";"B1";"B329_LIKE+F16";780;0.1391;"B";"1";"y";95.6277;918.5;NA;NA;0.849210669569951;"No"
27;"27_B12";"B12";"B329_LIKE+F16";1177;0.155499995;"B";"12";"y";95.6277;918.5;NA;NA;1.2814371257485;"No"
27;"27_C1";"C1";"B329_LIKE+F16";1058;0.164199993;"C";"1";"y";95.6277;918.5;NA;NA;1.1518780620577;"No"
27;"27_C12";"C12";"B329_LIKE+F16";971;0.145799994;"C";"12";"y";95.6277;918.5;NA;NA;1.05715841045182;"No"
27;"27_D1";"D1";"B329_LIKE+F16";1042;0.165800005;"D";"1";"y";95.6277;918.5;NA;NA;1.13445835601524;"No"
27;"27_D12";"D12";"B329_LIKE+F16";926;0.139200002;"D";"12";"y";95.6277;918.5;NA;NA;1.0081654872074;"No"
27;"27_E1";"E1";"B329_LIKE+F16";1684;0.1998;"E";"1";"y";95.6277;918.5;NA;NA;1.83342406096897;"No"
27;"27_E12";"E12";"B329_LIKE+F16";858;0.138699993;"E";"12";"y";95.6277;918.5;NA;NA;0.934131736526946;"No"
27;"27_F1";"F1";"B329_LIKE+F16";1063;0.155300006;"F";"1";"y";95.6277;918.5;NA;NA;1.15732172019597;"No"
27;"27_F12";"F12";"B329_LIKE+F16";1083;0.148800001;"F";"12";"y";95.6277;918.5;NA;NA;1.17909635274905;"No"
27;"27_G1";"G1";"B329_LIKE+F16";1584;0.196600005;"G";"1";"y";95.6277;918.5;NA;NA;1.72455089820359;"No"
27;"27_G12";"G12";"B329_LIKE+F16";938;0.137500003;"G";"12";"y";95.6277;918.5;NA;NA;1.02123026673925;"No"
28;"28_A1";"A1";"B329_LIKE+F16";1190;0.210099995;"A";"1";"y";96.369;850;NA;NA;1.4;"No"
28;"28_A10";"A10";"B329_LIKE+F16";1131;0.163399994;"A";"10";"y";96.369;850;NA;NA;1.33058823529412;"No"
28;"28_A11";"A11";"B329_LIKE+F16";1016;0.149000004;"A";"11";"y";96.369;850;NA;NA;1.19529411764706;"No"
28;"28_A12";"A12";"B329_LIKE+F16";1288;0.173700005;"A";"12";"y";96.369;850;NA;NA;1.51529411764706;"No"
28;"28_A2";"A2";"B329_LIKE+F16";1042;0.165999994;"A";"2";"y";96.369;850;NA;NA;1.22588235294118;"No"
28;"28_A3";"A3";"B329_LIKE+F16";1282;0.218500003;"A";"3";"y";96.369;850;NA;NA;1.50823529411765;"No"
28;"28_A4";"A4";"B329_LIKE+F16";1825;0.166800007;"A";"4";"y";96.369;850;NA;NA;2.14705882352941;"No"
28;"28_A5";"A5";"B329_LIKE+F16";1059;0.163699999;"A";"5";"y";96.369;850;NA;NA;1.24588235294118;"No"
28;"28_A6";"A6";"B329_LIKE+F16";1044;0.173600003;"A";"6";"y";96.369;850;NA;NA;1.22823529411765;"No"
28;"28_A7";"A7";"B329_LIKE+F16";975;0.145400003;"A";"7";"y";96.369;850;NA;NA;1.14705882352941;"No"
28;"28_A8";"A8";"B329_LIKE+F16";1163;0.170399994;"A";"8";"y";96.369;850;NA;NA;1.36823529411765;"No"
28;"28_A9";"A9";"B329_LIKE+F16";950;0.151500002;"A";"9";"y";96.369;850;NA;NA;1.11764705882353;"No"
28;"28_B1";"B1";"B329_LIKE+F16";856;0.1479;"B";"1";"y";96.369;850;NA;NA;1.00705882352941;"No"
28;"28_B12";"B12";"B329_LIKE+F16";1044;0.135600001;"B";"12";"y";96.369;850;NA;NA;1.22823529411765;"No"
28;"28_C1";"C1";"B329_LIKE+F16";965;0.1505;"C";"1";"y";96.369;850;NA;NA;1.13529411764706;"No"
28;"28_C12";"C12";"B329_LIKE+F16";953;0.147400007;"C";"12";"y";96.369;850;NA;NA;1.12117647058824;"No"
28;"28_D1";"D1";"B329_LIKE+F16";777;0.146799996;"D";"1";"y";96.369;850;NA;NA;0.914117647058823;"No"
28;"28_D12";"D12";"B329_LIKE+F16";845;0.135100007;"D";"12";"y";96.369;850;NA;NA;0.994117647058824;"No"
28;"28_E1";"E1";"B329_LIKE+F16";880;0.150199994;"E";"1";"y";96.369;850;NA;NA;1.03529411764706;"No"
28;"28_E12";"E12";"B329_LIKE+F16";792;0.1285;"E";"12";"y";96.369;850;NA;NA;0.931764705882353;"No"
28;"28_F1";"F1";"B329_LIKE+F16";860;0.159799993;"F";"1";"y";96.369;850;NA;NA;1.01176470588235;"No"
28;"28_F12";"F12";"B329_LIKE+F16";850;0.1347;"F";"12";"y";96.369;850;NA;NA;1;"No"
28;"28_G1";"G1";"B329_LIKE+F16";1026;0.166199997;"G";"1";"y";96.369;850;NA;NA;1.20705882352941;"No"
28;"28_G12";"G12";"B329_LIKE+F16";916;0.135399997;"G";"12";"y";96.369;850;NA;NA;1.07764705882353;"No"
29;"29_A1";"A1";"B329_LIKE+F16";851;0.148000002;"A";"1";"y";131.9514;868;NA;NA;0.980414746543779;"No"
29;"29_A10";"A10";"B329_LIKE+F16";915;0.145799994;"A";"10";"y";131.9514;868;NA;NA;1.05414746543779;"No"
29;"29_A11";"A11";"B329_LIKE+F16";967;0.148000002;"A";"11";"y";131.9514;868;NA;NA;1.11405529953917;"No"
29;"29_A12";"A12";"B329_LIKE+F16";1216;0.164000005;"A";"12";"y";131.9514;868;NA;NA;1.40092165898618;"No"
29;"29_A2";"A2";"B329_LIKE+F16";886;0.151899993;"A";"2";"y";131.9514;868;NA;NA;1.02073732718894;"No"
29;"29_A3";"A3";"B329_LIKE+F16";895;0.163299993;"A";"3";"y";131.9514;868;NA;NA;1.03110599078341;"No"
29;"29_A4";"A4";"B329_LIKE+F16";995;0.161599994;"A";"4";"y";131.9514;868;NA;NA;1.1463133640553;"No"
29;"29_A5";"A5";"B329_LIKE+F16";1067;0.1655;"A";"5";"y";131.9514;868;NA;NA;1.22926267281106;"No"
29;"29_A6";"A6";"B329_LIKE+F16";1016;0.165399998;"A";"6";"y";131.9514;868;NA;NA;1.1705069124424;"No"
29;"29_A7";"A7";"B329_LIKE+F16";953;0.153300002;"A";"7";"y";131.9514;868;NA;NA;1.09792626728111;"No"
29;"29_A8";"A8";"B329_LIKE+F16";1001;0.139699996;"A";"8";"y";131.9514;868;NA;NA;1.15322580645161;"No"
29;"29_A9";"A9";"B329_LIKE+F16";843;0.142299995;"A";"9";"y";131.9514;868;NA;NA;0.971198156682028;"No"
29;"29_B1";"B1";"B329_LIKE+F16";923;0.159700006;"B";"1";"y";131.9514;868;NA;NA;1.06336405529954;"No"
29;"29_B12";"B12";"B329_LIKE+F16";996;0.173899993;"B";"12";"y";131.9514;868;NA;NA;1.14746543778802;"No"
29;"29_C1";"C1";"B329_LIKE+F16";765;0.137999997;"C";"1";"y";131.9514;868;NA;NA;0.881336405529954;"No"
29;"29_C12";"C12";"B329_LIKE+F16";856;0.136800006;"C";"12";"y";131.9514;868;NA;NA;0.986175115207373;"No"
29;"29_D1";"D1";"B329_LIKE+F16";883;0.153500006;"D";"1";"y";131.9514;868;NA;NA;1.01728110599078;"No"
29;"29_D12";"D12";"B329_LIKE+F16";758;0.127499998;"D";"12";"y";131.9514;868;NA;NA;0.873271889400922;"No"
29;"29_E1";"E1";"B329_LIKE+F16";1455;0.141800001;"E";"1";"y";131.9514;868;NA;NA;1.67626728110599;"No"
29;"29_E12";"E12";"B329_LIKE+F16";1023;0.171700001;"E";"12";"y";131.9514;868;NA;NA;1.17857142857143;"No"
29;"29_F1";"F1";"B329_LIKE+F16";953;0.157299995;"F";"1";"y";131.9514;868;NA;NA;1.09792626728111;"No"
29;"29_F12";"F12";"B329_LIKE+F16";781;0.129500002;"F";"12";"y";131.9514;868;NA;NA;0.899769585253456;"No"
29;"29_G1";"G1";"B329_LIKE+F16";822;0.145199999;"G";"1";"y";131.9514;868;NA;NA;0.947004608294931;"No"
29;"29_G12";"G12";"B329_LIKE+F16";868;0.135900006;"G";"12";"y";131.9514;868;NA;NA;1;"No"
30;"30_A1";"A1";"B329_LIKE+F16";875;0.157199994;"A";"1";"y";110.4537;914.5;NA;NA;0.95680699835976;"No"
30;"30_A10";"A10";"B329_LIKE+F16";906;0.1373;"A";"10";"y";110.4537;914.5;NA;NA;0.990705303444505;"No"
30;"30_A11";"A11";"B329_LIKE+F16";1238;0.185200006;"A";"11";"y";110.4537;914.5;NA;NA;1.35374521596501;"No"
30;"30_A12";"A12";"B329_LIKE+F16";986;0.171800002;"A";"12";"y";110.4537;914.5;NA;NA;1.0781848004374;"No"
30;"30_A2";"A2";"B329_LIKE+F16";869;0.144899994;"A";"2";"y";110.4537;914.5;NA;NA;0.950246036085292;"No"
30;"30_A3";"A3";"B329_LIKE+F16";875;0.151299998;"A";"3";"y";110.4537;914.5;NA;NA;0.95680699835976;"No"
30;"30_A4";"A4";"B329_LIKE+F16";1020;0.153099999;"A";"4";"y";110.4537;914.5;NA;NA;1.11536358665938;"No"
30;"30_A5";"A5";"B329_LIKE+F16";1085;0.1567;"A";"5";"y";110.4537;914.5;NA;NA;1.1864406779661;"No"
30;"30_A6";"A6";"B329_LIKE+F16";1211;0.164199993;"A";"6";"y";110.4537;914.5;NA;NA;1.32422088572991;"No"
30;"30_A7";"A7";"B329_LIKE+F16";1030;0.155300006;"A";"7";"y";110.4537;914.5;NA;NA;1.12629852378349;"No"
30;"30_A8";"A8";"B329_LIKE+F16";1065;0.146200001;"A";"8";"y";110.4537;914.5;NA;NA;1.16457080371788;"No"
30;"30_A9";"A9";"B329_LIKE+F16";1221;0.173299998;"A";"9";"y";110.4537;914.5;NA;NA;1.33515582285402;"No"
30;"30_B1";"B1";"B329_LIKE+F16";1073;0.178299993;"B";"1";"y";110.4537;914.5;NA;NA;1.17331875341717;"No"
30;"30_B12";"B12";"B329_LIKE+F16";861;0.140799999;"B";"12";"y";110.4537;914.5;NA;NA;0.941498086386003;"No"
30;"30_C1";"C1";"B329_LIKE+F16";893;0.145699993;"C";"1";"y";110.4537;914.5;NA;NA;0.97648988518316;"No"
30;"30_C12";"C12";"B329_LIKE+F16";1094;0.145899996;"C";"12";"y";110.4537;914.5;NA;NA;1.1962821213778;"No"
30;"30_D1";"D1";"B329_LIKE+F16";859;0.144299999;"D";"1";"y";110.4537;914.5;NA;NA;0.939311098961181;"No"
30;"30_D12";"D12";"B329_LIKE+F16";809;0.124200001;"D";"12";"y";110.4537;914.5;NA;NA;0.884636413340623;"No"
30;"30_E1";"E1";"B329_LIKE+F16";1413;0.191200003;"E";"1";"y";110.4537;914.5;NA;NA;1.54510661563696;"No"
30;"30_E12";"E12";"B329_LIKE+F16";881;0.135299996;"E";"12";"y";110.4537;914.5;NA;NA;0.963367960634226;"No"
30;"30_F1";"F1";"B329_LIKE+F16";1249;0.161200002;"F";"1";"y";110.4537;914.5;NA;NA;1.36577364680153;"No"
30;"30_F12";"F12";"B329_LIKE+F16";1050;0.126699999;"F";"12";"y";110.4537;914.5;NA;NA;1.14816839803171;"No"
30;"30_G1";"G1";"B329_LIKE+F16";895;0.153300002;"G";"1";"y";110.4537;914.5;NA;NA;0.978676872607983;"No"
30;"30_G12";"G12";"B329_LIKE+F16";923;0.140200004;"G";"12";"y";110.4537;914.5;NA;NA;1.00929469655549;"No"
31;"31_A1";"A1";"B329_LIKE+F16";796;0.140000001;"A";"1";"y";93.4038;846;NA;NA;0.940898345153664;"No"
31;"31_A10";"A10";"B329_LIKE+F16";935;0.1435;"A";"10";"y";93.4038;846;NA;NA;1.10520094562648;"No"
31;"31_A11";"A11";"B329_LIKE+F16";879;0.133200005;"A";"11";"y";93.4038;846;NA;NA;1.03900709219858;"No"
31;"31_A12";"A12";"B329_LIKE+F16";1035;0.138799995;"A";"12";"y";93.4038;846;NA;NA;1.22340425531915;"No"
31;"31_A2";"A2";"B329_LIKE+F16";892;0.146799996;"A";"2";"y";93.4038;846;NA;NA;1.05437352245863;"No"
31;"31_A3";"A3";"B329_LIKE+F16";854;0.151199996;"A";"3";"y";93.4038;846;NA;NA;1.00945626477541;"No"
31;"31_A4";"A4";"B329_LIKE+F16";821;0.144199997;"A";"4";"y";93.4038;846;NA;NA;0.970449172576832;"No"
31;"31_A5";"A5";"B329_LIKE+F16";779;0.1303;"A";"5";"y";93.4038;846;NA;NA;0.92080378250591;"No"
31;"31_A6";"A6";"B329_LIKE+F16";883;0.147100002;"A";"6";"y";93.4038;846;NA;NA;1.04373522458629;"No"
31;"31_A7";"A7";"B329_LIKE+F16";884;0.134399995;"A";"7";"y";93.4038;846;NA;NA;1.04491725768322;"No"
31;"31_A8";"A8";"B329_LIKE+F16";875;0.136000007;"A";"8";"y";93.4038;846;NA;NA;1.03427895981087;"No"
31;"31_A9";"A9";"B329_LIKE+F16";790;0.138699993;"A";"9";"y";93.4038;846;NA;NA;0.933806146572104;"No"
31;"31_B1";"B1";"B329_LIKE+F16";783;0.149599999;"B";"1";"y";93.4038;846;NA;NA;0.925531914893617;"No"
31;"31_B12";"B12";"B329_LIKE+F16";841;0.124700002;"B";"12";"y";93.4038;846;NA;NA;0.994089834515366;"No"
31;"31_C1";"C1";"B329_LIKE+F16";777;0.148599997;"C";"1";"y";93.4038;846;NA;NA;0.918439716312057;"No"
31;"31_C12";"C12";"B329_LIKE+F16";806;0.133000001;"C";"12";"y";93.4038;846;NA;NA;0.952718676122931;"No"
31;"31_D1";"D1";"B329_LIKE+F16";792;0.146899998;"D";"1";"y";93.4038;846;NA;NA;0.936170212765957;"No"
31;"31_D12";"D12";"B329_LIKE+F16";865;0.135499999;"D";"12";"y";93.4038;846;NA;NA;1.02245862884161;"No"
31;"31_E1";"E1";"B329_LIKE+F16";914;0.150800005;"E";"1";"y";93.4038;846;NA;NA;1.08037825059102;"No"
31;"31_E12";"E12";"B329_LIKE+F16";916;0.138300002;"E";"12";"y";93.4038;846;NA;NA;1.08274231678487;"No"
31;"31_F1";"F1";"B329_LIKE+F16";874;0.140900001;"F";"1";"y";93.4038;846;NA;NA;1.03309692671395;"No"
31;"31_F12";"F12";"B329_LIKE+F16";1112;0.166099995;"F";"12";"y";93.4038;846;NA;NA;1.31442080378251;"No"
31;"31_G1";"G1";"B329_LIKE+F16";922;0.168099999;"G";"1";"y";93.4038;846;NA;NA;1.08983451536643;"No"
31;"31_G12";"G12";"B329_LIKE+F16";874;0.141200006;"G";"12";"y";93.4038;846;NA;NA;1.03309692671395;"No"
32;"32_A1";"A1";"B329_LIKE+F16";1317;0.189700007;"A";"1";"y";114.1602;838;NA;NA;1.57159904534606;"No"
32;"32_A10";"A10";"B329_LIKE+F16";1063;0.165600002;"A";"10";"y";114.1602;838;NA;NA;1.26849642004773;"No"
32;"32_A11";"A11";"B329_LIKE+F16";1176;0.164299995;"A";"11";"y";114.1602;838;NA;NA;1.40334128878282;"No"
32;"32_A12";"A12";"B329_LIKE+F16";700;0.134599999;"A";"12";"y";114.1602;838;NA;NA;0.835322195704057;"No"
32;"32_A2";"A2";"B329_LIKE+F16";1118;0.172299996;"A";"2";"y";114.1602;838;NA;NA;1.33412887828162;"No"
32;"32_A3";"A3";"B329_LIKE+F16";1355;0.182600006;"A";"3";"y";114.1602;838;NA;NA;1.61694510739857;"No"
32;"32_A4";"A4";"B329_LIKE+F16";1020;0.1602;"A";"4";"y";114.1602;838;NA;NA;1.21718377088305;"No"
32;"32_A5";"A5";"B329_LIKE+F16";1012;0.158099994;"A";"5";"y";114.1602;838;NA;NA;1.20763723150358;"No"
32;"32_A6";"A6";"B329_LIKE+F16";883;0.143900007;"A";"6";"y";114.1602;838;NA;NA;1.05369928400955;"No"
32;"32_A7";"A7";"B329_LIKE+F16";1053;0.155000001;"A";"7";"y";114.1602;838;NA;NA;1.25656324582339;"No"
32;"32_A8";"A8";"B329_LIKE+F16";979;0.150900006;"A";"8";"y";114.1602;838;NA;NA;1.16825775656325;"No"
32;"32_A9";"A9";"B329_LIKE+F16";1080;0.163599998;"A";"9";"y";114.1602;838;NA;NA;1.28878281622912;"No"
32;"32_B1";"B1";"B329_LIKE+F16";1095;0.168599993;"B";"1";"y";114.1602;838;NA;NA;1.30668257756563;"No"
32;"32_B12";"B12";"B329_LIKE+F16";982;0.151199996;"B";"12";"y";114.1602;838;NA;NA;1.17183770883055;"No"
32;"32_C1";"C1";"B329_LIKE+F16";783;0.1373;"C";"1";"y";114.1602;838;NA;NA;0.93436754176611;"No"
32;"32_C12";"C12";"B329_LIKE+F16";993;0.143600002;"C";"12";"y";114.1602;838;NA;NA;1.18496420047733;"No"
32;"32_D1";"D1";"B329_LIKE+F16";881;0.170499995;"D";"1";"y";114.1602;838;NA;NA;1.05131264916468;"No"
32;"32_D12";"D12";"B329_LIKE+F16";1156;0.174799994;"D";"12";"y";114.1602;838;NA;NA;1.37947494033413;"No"
32;"32_E1";"E1";"B329_LIKE+F16";911;0.154499993;"E";"1";"y";114.1602;838;NA;NA;1.08711217183771;"No"
32;"32_E12";"E12";"B329_LIKE+F16";941;0.129600003;"E";"12";"y";114.1602;838;NA;NA;1.12291169451074;"No"
32;"32_F1";"F1";"B329_LIKE+F16";888;0.1567;"F";"1";"y";114.1602;838;NA;NA;1.05966587112172;"No"
32;"32_F12";"F12";"B329_LIKE+F16";809;0.137500003;"F";"12";"y";114.1602;838;NA;NA;0.965393794749403;"No"
32;"32_G1";"G1";"B329_LIKE+F16";1054;0.144299999;"G";"1";"y";114.1602;838;NA;NA;1.25775656324582;"No"
32;"32_G12";"G12";"B329_LIKE+F16";1060;0.152700007;"G";"12";"y";114.1602;838;NA;NA;1.26491646778043;"No"
33;"33_A1";"A1";"B329_LIKE+F16";1300;0.173299998;"A";"1";"y";186.8076;966.5;NA;NA;1.34505949301604;"No"
33;"33_A10";"A10";"B329_LIKE+F16";1080;0.158199996;"A";"10";"y";186.8076;966.5;NA;NA;1.11743404035178;"No"
33;"33_A11";"A11";"B329_LIKE+F16";1193;0.167699993;"A";"11";"y";186.8076;966.5;NA;NA;1.23435075012933;"No"
33;"33_A12";"A12";"B329_LIKE+F16";1109;0.144400001;"A";"12";"y";186.8076;966.5;NA;NA;1.14743921365753;"No"
33;"33_A2";"A2";"B329_LIKE+F16";1030;0.147400007;"A";"2";"y";186.8076;966.5;NA;NA;1.06570098292809;"No"
33;"33_A3";"A3";"B329_LIKE+F16";1165;0.179900005;"A";"3";"y";186.8076;966.5;NA;NA;1.20538023797206;"No"
33;"33_A4";"A4";"B329_LIKE+F16";937;0.172600001;"A";"4";"y";186.8076;966.5;NA;NA;0.969477496120021;"No"
33;"33_A5";"A5";"B329_LIKE+F16";1225;0.192900002;"A";"5";"y";186.8076;966.5;NA;NA;1.2674599068805;"No"
33;"33_A6";"A6";"B329_LIKE+F16";1064;0.171800002;"A";"6";"y";186.8076;966.5;NA;NA;1.1008794619762;"No"
33;"33_A7";"A7";"B329_LIKE+F16";1137;0.193599999;"A";"7";"y";186.8076;966.5;NA;NA;1.1764097258148;"No"
33;"33_A8";"A8";"B329_LIKE+F16";1086;0.156800002;"A";"8";"y";186.8076;966.5;NA;NA;1.12364200724263;"No"
33;"33_A9";"A9";"B329_LIKE+F16";1314;0.192000002;"A";"9";"y";186.8076;966.5;NA;NA;1.35954474909467;"No"
33;"33_B1";"B1";"B329_LIKE+F16";1386;0.179199994;"B";"1";"y";186.8076;966.5;NA;NA;1.43404035178479;"No"
33;"33_B12";"B12";"B329_LIKE+F16";1258;0.192499995;"B";"12";"y";186.8076;966.5;NA;NA;1.30160372478013;"No"
33;"33_C1";"C1";"B329_LIKE+F16";944;0.152899995;"C";"1";"y";186.8076;966.5;NA;NA;0.976720124159338;"No"
33;"33_C12";"C12";"B329_LIKE+F16";924;0.135199994;"C";"12";"y";186.8076;966.5;NA;NA;0.95602690118986;"No"
33;"33_D1";"D1";"B329_LIKE+F16";775;0.139500007;"D";"1";"y";186.8076;966.5;NA;NA;0.801862390067253;"No"
33;"33_D12";"D12";"B329_LIKE+F16";1021;0.151700005;"D";"12";"y";186.8076;966.5;NA;NA;1.05638903259183;"No"
33;"33_E1";"E1";"B329_LIKE+F16";1077;0.144199997;"E";"1";"y";186.8076;966.5;NA;NA;1.11433005690636;"No"
33;"33_E12";"E12";"B329_LIKE+F16";1116;0.1505;"E";"12";"y";186.8076;966.5;NA;NA;1.15468184169684;"No"
33;"33_F1";"F1";"B329_LIKE+F16";978;0.159099996;"F";"1";"y";186.8076;966.5;NA;NA;1.01189860320745;"No"
33;"33_F12";"F12";"B329_LIKE+F16";1242;0.166199997;"F";"12";"y";186.8076;966.5;NA;NA;1.28504914640455;"No"
33;"33_G1";"G1";"B329_LIKE+F16";797;0.125499994;"G";"1";"y";186.8076;966.5;NA;NA;0.824624935333678;"No"
33;"33_G12";"G12";"B329_LIKE+F16";1289;0.159799993;"G";"12";"y";186.8076;966.5;NA;NA;1.33367822038282;"No"
34;"34_A1";"A1";"B329_LIKE+F16";906;0.147699997;"A";"1";"y";114.1602;845;NA;NA;1.07218934911243;"No"
34;"34_A10";"A10";"B329_LIKE+F16";851;0.132599995;"A";"10";"y";114.1602;845;NA;NA;1.00710059171598;"No"
34;"34_A11";"A11";"B329_LIKE+F16";1162;0.143999994;"A";"11";"y";114.1602;845;NA;NA;1.37514792899408;"No"
34;"34_A12";"A12";"B329_LIKE+F16";1333;0.145199999;"A";"12";"y";114.1602;845;NA;NA;1.57751479289941;"No"
34;"34_A2";"A2";"B329_LIKE+F16";997;0.156000003;"A";"2";"y";114.1602;845;NA;NA;1.17988165680473;"No"
34;"34_A3";"A3";"B329_LIKE+F16";935;0.150299996;"A";"3";"y";114.1602;845;NA;NA;1.10650887573965;"No"
34;"34_A4";"A4";"B329_LIKE+F16";983;0.154300004;"A";"4";"y";114.1602;845;NA;NA;1.16331360946746;"No"
34;"34_A5";"A5";"B329_LIKE+F16";767;0.129800007;"A";"5";"y";114.1602;845;NA;NA;0.907692307692308;"No"
34;"34_A6";"A6";"B329_LIKE+F16";763;0.121200003;"A";"6";"y";114.1602;845;NA;NA;0.902958579881657;"No"
34;"34_A7";"A7";"B329_LIKE+F16";1003;0.129999995;"A";"7";"y";114.1602;845;NA;NA;1.18698224852071;"No"
34;"34_A8";"A8";"B329_LIKE+F16";748;0.123300001;"A";"8";"y";114.1602;845;NA;NA;0.885207100591716;"No"
34;"34_A9";"A9";"B329_LIKE+F16";870;0.134800002;"A";"9";"y";114.1602;845;NA;NA;1.02958579881657;"No"
34;"34_B1";"B1";"B329_LIKE+F16";855;0.158199996;"B";"1";"y";114.1602;845;NA;NA;1.01183431952663;"No"
34;"34_B12";"B12";"B329_LIKE+F16";811;0.125499994;"B";"12";"y";114.1602;845;NA;NA;0.959763313609467;"No"
34;"34_C1";"C1";"B329_LIKE+F16";828;0.1391;"C";"1";"y";114.1602;845;NA;NA;0.979881656804734;"No"
34;"34_C12";"C12";"B329_LIKE+F16";1113;0.162;"C";"12";"y";114.1602;845;NA;NA;1.31715976331361;"No"
34;"34_D1";"D1";"B329_LIKE+F16";813;0.133900002;"D";"1";"y";114.1602;845;NA;NA;0.962130177514793;"No"
34;"34_D12";"D12";"B329_LIKE+F16";845;0.137799993;"D";"12";"y";114.1602;845;NA;NA;1;"No"
34;"34_E1";"E1";"B329_LIKE+F16";776;0.135800004;"E";"1";"y";114.1602;845;NA;NA;0.918343195266272;"No"
34;"34_E12";"E12";"B329_LIKE+F16";860;0.1373;"E";"12";"y";114.1602;845;NA;NA;1.01775147928994;"No"
34;"34_F1";"F1";"B329_LIKE+F16";794;0.1479;"F";"1";"y";114.1602;845;NA;NA;0.939644970414201;"No"
34;"34_F12";"F12";"B329_LIKE+F16";916;0.141100004;"F";"12";"y";114.1602;845;NA;NA;1.08402366863905;"No"
34;"34_G1";"G1";"B329_LIKE+F16";805;0.139200002;"G";"1";"y";114.1602;845;NA;NA;0.952662721893491;"No"
34;"34_G12";"G12";"B329_LIKE+F16";1010;0.1523;"G";"12";"y";114.1602;845;NA;NA;1.19526627218935;"No"
35;"35_A1";"A1";"B329_LIKE+F16";973;0.157800004;"A";"1";"y";138.6231;920;NA;NA;1.05760869565217;"No"
35;"35_A10";"A10";"B329_LIKE+F16";921;0.138699993;"A";"10";"y";138.6231;920;NA;NA;1.00108695652174;"No"
35;"35_A11";"A11";"B329_LIKE+F16";905;0.147100002;"A";"11";"y";138.6231;920;NA;NA;0.983695652173913;"No"
35;"35_A12";"A12";"B329_LIKE+F16";1236;0.167199999;"A";"12";"y";138.6231;920;NA;NA;1.34347826086957;"No"
35;"35_A2";"A2";"B329_LIKE+F16";1002;0.150299996;"A";"2";"y";138.6231;920;NA;NA;1.08913043478261;"No"
35;"35_A3";"A3";"B329_LIKE+F16";904;0.142499998;"A";"3";"y";138.6231;920;NA;NA;0.982608695652174;"No"
35;"35_A4";"A4";"B329_LIKE+F16";884;0.145400003;"A";"4";"y";138.6231;920;NA;NA;0.960869565217391;"No"
35;"35_A5";"A5";"B329_LIKE+F16";846;0.139599994;"A";"5";"y";138.6231;920;NA;NA;0.919565217391304;"No"
35;"35_A6";"A6";"B329_LIKE+F16";867;0.126499996;"A";"6";"y";138.6231;920;NA;NA;0.942391304347826;"No"
35;"35_A7";"A7";"B329_LIKE+F16";786;0.121100001;"A";"7";"y";138.6231;920;NA;NA;0.854347826086956;"No"
35;"35_A8";"A8";"B329_LIKE+F16";938;0.142499998;"A";"8";"y";138.6231;920;NA;NA;1.0195652173913;"No"
35;"35_A9";"A9";"B329_LIKE+F16";780;0.132499993;"A";"9";"y";138.6231;920;NA;NA;0.847826086956522;"No"
35;"35_B1";"B1";"B329_LIKE+F16";931;0.159400001;"B";"1";"y";138.6231;920;NA;NA;1.01195652173913;"No"
35;"35_B12";"B12";"B329_LIKE+F16";884;0.139699996;"B";"12";"y";138.6231;920;NA;NA;0.960869565217391;"No"
35;"35_C1";"C1";"B329_LIKE+F16";1019;0.158899993;"C";"1";"y";138.6231;920;NA;NA;1.10760869565217;"No"
35;"35_C12";"C12";"B329_LIKE+F16";821;0.133100003;"C";"12";"y";138.6231;920;NA;NA;0.892391304347826;"No"
35;"35_D1";"D1";"B329_LIKE+F16";1041;0.144400001;"D";"1";"y";138.6231;920;NA;NA;1.13152173913043;"No"
35;"35_D12";"D12";"B329_LIKE+F16";910;0.187999994;"D";"12";"y";138.6231;920;NA;NA;0.989130434782609;"No"
35;"35_E1";"E1";"B329_LIKE+F16";905;0.145099998;"E";"1";"y";138.6231;920;NA;NA;0.983695652173913;"No"
35;"35_E12";"E12";"B329_LIKE+F16";831;0.136700004;"E";"12";"y";138.6231;920;NA;NA;0.903260869565217;"No"
35;"35_F1";"F1";"B329_LIKE+F16";1007;0.153099999;"F";"1";"y";138.6231;920;NA;NA;1.0945652173913;"No"
35;"35_F12";"F12";"B329_LIKE+F16";1121;0.163299993;"F";"12";"y";138.6231;920;NA;NA;1.21847826086957;"No"
35;"35_G1";"G1";"B329_LIKE+F16";1116;0.157700002;"G";"1";"y";138.6231;920;NA;NA;1.21304347826087;"No"
35;"35_G12";"G12";"B329_LIKE+F16";1272;0.176400006;"G";"12";"y";138.6231;920;NA;NA;1.38260869565217;"No"
36;"36_A1";"A1";"B329_LIKE+F16";1261;0.152099997;"A";"1";"y";216.4596;1040.5;NA;NA;1.21191734742912;"No"
36;"36_A10";"A10";"B329_LIKE+F16";1828;0.160699993;"A";"10";"y";216.4596;1040.5;NA;NA;1.75684766938972;"No"
36;"36_A11";"A11";"B329_LIKE+F16";1516;0.147499993;"A";"11";"y";216.4596;1040.5;NA;NA;1.45699183085055;"No"
36;"36_A12";"A12";"B329_LIKE+F16";1083;0.148300007;"A";"12";"y";216.4596;1040.5;NA;NA;1.04084574723691;"No"
36;"36_A2";"A2";"B329_LIKE+F16";1304;0.143099993;"A";"2";"y";216.4596;1040.5;NA;NA;1.25324363286881;"No"
36;"36_A3";"A3";"B329_LIKE+F16";1438;0.146200001;"A";"3";"y";216.4596;1040.5;NA;NA;1.38202787121576;"No"
36;"36_A4";"A4";"B329_LIKE+F16";1698;0.161699995;"A";"4";"y";216.4596;1040.5;NA;NA;1.63190773666506;"No"
36;"36_A5";"A5";"B329_LIKE+F16";1198;0.143800005;"A";"5";"y";216.4596;1040.5;NA;NA;1.15136953387794;"No"
36;"36_A6";"A6";"B329_LIKE+F16";1219;0.175099999;"A";"6";"y";216.4596;1040.5;NA;NA;1.171552138395;"No"
36;"36_A7";"A7";"B329_LIKE+F16";1256;0.187900007;"A";"7";"y";216.4596;1040.5;NA;NA;1.20711196540125;"No"
36;"36_A8";"A8";"B329_LIKE+F16";1237;0.137099996;"A";"8";"y";216.4596;1040.5;NA;NA;1.18885151369534;"No"
36;"36_A9";"A9";"B329_LIKE+F16";1775;0.149499997;"A";"9";"y";216.4596;1040.5;NA;NA;1.70591061989428;"No"
36;"36_B1";"B1";"B329_LIKE+F16";1130;0.138799995;"B";"1";"y";216.4596;1040.5;NA;NA;1.08601633829889;"No"
36;"36_B12";"B12";"B329_LIKE+F16";1091;0.148699999;"B";"12";"y";216.4596;1040.5;NA;NA;1.0485343584815;"No"
36;"36_C1";"C1";"B329_LIKE+F16";1007;0.139500007;"C";"1";"y";216.4596;1040.5;NA;NA;0.967803940413263;"No"
36;"36_C12";"C12";"B329_LIKE+F16";1198;0.150099993;"C";"12";"y";216.4596;1040.5;NA;NA;1.15136953387794;"No"
36;"36_D1";"D1";"B329_LIKE+F16";1062;0.149900004;"D";"1";"y";216.4596;1040.5;NA;NA;1.02066314271985;"No"
36;"36_D12";"D12";"B329_LIKE+F16";1317;0.1884;"D";"12";"y";216.4596;1040.5;NA;NA;1.26573762614128;"No"
36;"36_E1";"E1";"B329_LIKE+F16";946;0.139899999;"E";"1";"y";216.4596;1040.5;NA;NA;0.909178279673234;"No"
36;"36_E12";"E12";"B329_LIKE+F16";991;0.142399997;"E";"12";"y";216.4596;1040.5;NA;NA;0.952426717924075;"No"
36;"36_F1";"F1";"B329_LIKE+F16";1150;0.134599999;"F";"1";"y";216.4596;1040.5;NA;NA;1.10523786641038;"No"
36;"36_F12";"F12";"B329_LIKE+F16";1054;0.150099993;"F";"12";"y";216.4596;1040.5;NA;NA;1.01297453147525;"No"
36;"36_G1";"G1";"B329_LIKE+F16";1235;0.167999998;"G";"1";"y";216.4596;1040.5;NA;NA;1.18692936088419;"No"
36;"36_G12";"G12";"B329_LIKE+F16";1341;0.1752;"G";"12";"y";216.4596;1040.5;NA;NA;1.28880345987506;"No"
37;"37_A1";"A1";"B329_LIKE+F16";830;0.135199994;"A";"1";"y";84.5082;848.5;NA;NA;0.978196817913966;"No"
37;"37_A10";"A10";"B329_LIKE+F16";943;0.127000004;"A";"10";"y";84.5082;848.5;NA;NA;1.11137301119623;"No"
37;"37_A11";"A11";"B329_LIKE+F16";915;0.132200003;"A";"11";"y";84.5082;848.5;NA;NA;1.07837360047142;"No"
37;"37_A12";"A12";"B329_LIKE+F16";945;0.124499999;"A";"12";"y";84.5082;848.5;NA;NA;1.11373011196229;"No"
37;"37_A2";"A2";"B329_LIKE+F16";820;0.132200003;"A";"2";"y";84.5082;848.5;NA;NA;0.966411314083677;"No"
37;"37_A3";"A3";"B329_LIKE+F16";998;0.144899994;"A";"3";"y";84.5082;848.5;NA;NA;1.17619328226282;"No"
37;"37_A4";"A4";"B329_LIKE+F16";898;0.1347;"A";"4";"y";84.5082;848.5;NA;NA;1.05833824395993;"No"
37;"37_A5";"A5";"B329_LIKE+F16";987;0.127700001;"A";"5";"y";84.5082;848.5;NA;NA;1.1632292280495;"No"
37;"37_A6";"A6";"B329_LIKE+F16";808;0.132499993;"A";"6";"y";84.5082;848.5;NA;NA;0.95226870948733;"No"
37;"37_A7";"A7";"B329_LIKE+F16";743;0.120899998;"A";"7";"y";84.5082;848.5;NA;NA;0.875662934590454;"No"
37;"37_A8";"A8";"B329_LIKE+F16";796;0.121699996;"A";"8";"y";84.5082;848.5;NA;NA;0.938126104890984;"No"
37;"37_A9";"A9";"B329_LIKE+F16";871;0.1219;"A";"9";"y";84.5082;848.5;NA;NA;1.02651738361815;"No"
37;"37_B1";"B1";"B329_LIKE+F16";828;0.131799996;"B";"1";"y";84.5082;848.5;NA;NA;0.975839717147908;"No"
37;"37_B12";"B12";"B329_LIKE+F16";1164;0.1743;"B";"12";"y";84.5082;848.5;NA;NA;1.37183264584561;"No"
37;"37_C1";"C1";"B329_LIKE+F16";798;0.132200003;"C";"1";"y";84.5082;848.5;NA;NA;0.940483205657042;"No"
37;"37_C12";"C12";"B329_LIKE+F16";994;0.140900001;"C";"12";"y";84.5082;848.5;NA;NA;1.1714790807307;"No"
37;"37_D1";"D1";"B329_LIKE+F16";821;0.1285;"D";"1";"y";84.5082;848.5;NA;NA;0.967589864466706;"No"
37;"37_D12";"D12";"B329_LIKE+F16";867;0.133599997;"D";"12";"y";84.5082;848.5;NA;NA;1.02180318208603;"No"
37;"37_E1";"E1";"B329_LIKE+F16";952;0.151700005;"E";"1";"y";84.5082;848.5;NA;NA;1.12197996464349;"No"
37;"37_E12";"E12";"B329_LIKE+F16";907;0.135499999;"E";"12";"y";84.5082;848.5;NA;NA;1.06894519740719;"No"
37;"37_F1";"F1";"B329_LIKE+F16";758;0.124700002;"F";"1";"y";84.5082;848.5;NA;NA;0.893341190335887;"No"
37;"37_F12";"F12";"B329_LIKE+F16";991;0.139200002;"F";"12";"y";84.5082;848.5;NA;NA;1.16794342958161;"No"
37;"37_G1";"G1";"B329_LIKE+F16";825;0.129800007;"G";"1";"y";84.5082;848.5;NA;NA;0.972304065998821;"No"
37;"37_G12";"G12";"B329_LIKE+F16";1159;0.182699993;"G";"12";"y";84.5082;848.5;NA;NA;1.36593989393047;"No"
38;"38_A1";"A1";"B329_LIKE+F16";856;0.139200002;"A";"1";"y";91.9212;826;NA;NA;1.0363196125908;"No"
38;"38_A10";"A10";"B329_LIKE+F16";904;0.130600005;"A";"10";"y";91.9212;826;NA;NA;1.09443099273608;"No"
38;"38_A11";"A11";"B329_LIKE+F16";917;0.146400005;"A";"11";"y";91.9212;826;NA;NA;1.11016949152542;"No"
38;"38_A12";"A12";"B329_LIKE+F16";1061;0.155599996;"A";"12";"y";91.9212;826;NA;NA;1.28450363196126;"No"
38;"38_A2";"A2";"B329_LIKE+F16";990;0.160500005;"A";"2";"y";91.9212;826;NA;NA;1.19854721549637;"No"
38;"38_A3";"A3";"B329_LIKE+F16";979;0.138899997;"A";"3";"y";91.9212;826;NA;NA;1.18523002421308;"No"
38;"38_A4";"A4";"B329_LIKE+F16";940;0.131699994;"A";"4";"y";91.9212;826;NA;NA;1.13801452784504;"No"
38;"38_A5";"A5";"B329_LIKE+F16";1033;0.161200002;"A";"5";"y";91.9212;826;NA;NA;1.25060532687651;"No"
38;"38_A6";"A6";"B329_LIKE+F16";1608;0.178399995;"A";"6";"y";91.9212;826;NA;NA;1.94673123486683;"No"
38;"38_A7";"A7";"B329_LIKE+F16";987;0.145500004;"A";"7";"y";91.9212;826;NA;NA;1.19491525423729;"No"
38;"38_A8";"A8";"B329_LIKE+F16";916;0.135900006;"A";"8";"y";91.9212;826;NA;NA;1.1089588377724;"No"
38;"38_A9";"A9";"B329_LIKE+F16";901;0.137799993;"A";"9";"y";91.9212;826;NA;NA;1.090799031477;"No"
38;"38_B1";"B1";"B329_LIKE+F16";769;0.131600007;"B";"1";"y";91.9212;826;NA;NA;0.930992736077482;"No"
38;"38_B12";"B12";"B329_LIKE+F16";915;0.139599994;"B";"12";"y";91.9212;826;NA;NA;1.10774818401937;"No"
38;"38_C1";"C1";"B329_LIKE+F16";860;0.138899997;"C";"1";"y";91.9212;826;NA;NA;1.04116222760291;"No"
38;"38_C12";"C12";"B329_LIKE+F16";1082;0.158399999;"C";"12";"y";91.9212;826;NA;NA;1.30992736077482;"No"
38;"38_D1";"D1";"B329_LIKE+F16";869;0.131400004;"D";"1";"y";91.9212;826;NA;NA;1.05205811138015;"No"
38;"38_D12";"D12";"B329_LIKE+F16";1052;0.149700001;"D";"12";"y";91.9212;826;NA;NA;1.27360774818402;"No"
38;"38_E1";"E1";"B329_LIKE+F16";819;0.129899994;"E";"1";"y";91.9212;826;NA;NA;0.991525423728814;"No"
38;"38_E12";"E12";"B329_LIKE+F16";967;0.150399998;"E";"12";"y";91.9212;826;NA;NA;1.17070217917676;"No"
38;"38_F1";"F1";"B329_LIKE+F16";786;0.128299996;"F";"1";"y";91.9212;826;NA;NA;0.951573849878935;"No"
38;"38_F12";"F12";"B329_LIKE+F16";907;0.136299998;"F";"12";"y";91.9212;826;NA;NA;1.09806295399516;"No"
38;"38_G1";"G1";"B329_LIKE+F16";888;0.147699997;"G";"1";"y";91.9212;826;NA;NA;1.07506053268765;"No"
38;"38_G12";"G12";"B329_LIKE+F16";1271;0.148100004;"G";"12";"y";91.9212;826;NA;NA;1.53874092009685;"No"
39;"39_A1";"A1";"B329_LIKE+F16";1079;0.154400006;"A";"1";"y";101.5581;960.5;NA;NA;1.12337324310255;"No"
39;"39_A10";"A10";"B329_LIKE+F16";1683;0.164399996;"A";"10";"y";101.5581;960.5;NA;NA;1.75221238938053;"No"
39;"39_A11";"A11";"B329_LIKE+F16";1245;0.157199994;"A";"11";"y";101.5581;960.5;NA;NA;1.29619989588756;"No"
39;"39_A12";"A12";"B329_LIKE+F16";1100;0.157600001;"A";"12";"y";101.5581;960.5;NA;NA;1.14523685580427;"No"
39;"39_A2";"A2";"B329_LIKE+F16";1180;0.164299995;"A";"2";"y";101.5581;960.5;NA;NA;1.22852680895367;"No"
39;"39_A3";"A3";"B329_LIKE+F16";1374;0.166299999;"A";"3";"y";101.5581;960.5;NA;NA;1.43050494534097;"No"
39;"39_A4";"A4";"B329_LIKE+F16";1343;0.162799999;"A";"4";"y";101.5581;960.5;NA;NA;1.39823008849558;"No"
39;"39_A5";"A5";"B329_LIKE+F16";1165;0.167799994;"A";"5";"y";101.5581;960.5;NA;NA;1.21290994273816;"No"
39;"39_A6";"A6";"B329_LIKE+F16";1135;0.157299995;"A";"6";"y";101.5581;960.5;NA;NA;1.18167621030713;"No"
39;"39_A7";"A7";"B329_LIKE+F16";970;0.141399994;"A";"7";"y";101.5581;960.5;NA;NA;1.00989068193649;"No"
39;"39_A8";"A8";"B329_LIKE+F16";1096;0.151700005;"A";"8";"y";101.5581;960.5;NA;NA;1.1410723581468;"No"
39;"39_A9";"A9";"B329_LIKE+F16";1503;0.159600005;"A";"9";"y";101.5581;960.5;NA;NA;1.56480999479438;"No"
39;"39_B1";"B1";"B329_LIKE+F16";975;0.1611;"B";"1";"y";101.5581;960.5;NA;NA;1.01509630400833;"No"
39;"39_B12";"B12";"B329_LIKE+F16";973;0.150399998;"B";"12";"y";101.5581;960.5;NA;NA;1.01301405517959;"No"
39;"39_C1";"C1";"B329_LIKE+F16";1173;0.185599998;"C";"1";"y";101.5581;960.5;NA;NA;1.2212389380531;"No"
39;"39_C12";"C12";"B329_LIKE+F16";955;0.150800005;"C";"12";"y";101.5581;960.5;NA;NA;0.994273815720979;"No"
39;"39_D1";"D1";"B329_LIKE+F16";1055;0.167999998;"D";"1";"y";101.5581;960.5;NA;NA;1.09838625715773;"No"
39;"39_D12";"D12";"B329_LIKE+F16";867;0.1391;"D";"12";"y";101.5581;960.5;NA;NA;0.902654867256637;"No"
39;"39_E1";"E1";"B329_LIKE+F16";858;0.140599996;"E";"1";"y";101.5581;960.5;NA;NA;0.89328474752733;"No"
39;"39_E12";"E12";"B329_LIKE+F16";1087;0.166099995;"E";"12";"y";101.5581;960.5;NA;NA;1.13170223841749;"No"
39;"39_F1";"F1";"B329_LIKE+F16";966;0.158700004;"F";"1";"y";101.5581;960.5;NA;NA;1.00572618427902;"No"
39;"39_F12";"F12";"B329_LIKE+F16";1057;0.143600002;"F";"12";"y";101.5581;960.5;NA;NA;1.10046850598647;"No"
39;"39_G1";"G1";"B329_LIKE+F16";836;0.140699998;"G";"1";"y";101.5581;960.5;NA;NA;0.870380010411244;"No"
39;"39_G12";"G12";"B329_LIKE+F16";1101;0.153999999;"G";"12";"y";101.5581;960.5;NA;NA;1.14627798021864;"No"
40;"40_A1";"A1";"B329_LIKE+F16";1115;0.186299995;"A";"1";"y";100.0755;827.5;NA;NA;1.34743202416918;"No"
40;"40_A10";"A10";"B329_LIKE+F16";1162;0.155200005;"A";"10";"y";100.0755;827.5;NA;NA;1.40422960725076;"No"
40;"40_A11";"A11";"B329_LIKE+F16";968;0.149399996;"A";"11";"y";100.0755;827.5;NA;NA;1.16978851963746;"No"
40;"40_A12";"A12";"B329_LIKE+F16";1041;0.149700001;"A";"12";"y";100.0755;827.5;NA;NA;1.25800604229607;"No"
40;"40_A2";"A2";"B329_LIKE+F16";1033;0.158399999;"A";"2";"y";100.0755;827.5;NA;NA;1.24833836858006;"No"
40;"40_A3";"A3";"B329_LIKE+F16";1068;0.157600001;"A";"3";"y";100.0755;827.5;NA;NA;1.29063444108761;"No"
40;"40_A4";"A4";"B329_LIKE+F16";996;0.154799998;"A";"4";"y";100.0755;827.5;NA;NA;1.2036253776435;"No"
40;"40_A5";"A5";"B329_LIKE+F16";970;0.1655;"A";"5";"y";100.0755;827.5;NA;NA;1.17220543806647;"No"
40;"40_A6";"A6";"B329_LIKE+F16";1016;0.161599994;"A";"6";"y";100.0755;827.5;NA;NA;1.22779456193353;"No"
40;"40_A7";"A7";"B329_LIKE+F16";941;0.161899999;"A";"7";"y";100.0755;827.5;NA;NA;1.13716012084592;"No"
40;"40_A8";"A8";"B329_LIKE+F16";909;0.149700001;"A";"8";"y";100.0755;827.5;NA;NA;1.09848942598187;"No"
40;"40_A9";"A9";"B329_LIKE+F16";1046;0.138500005;"A";"9";"y";100.0755;827.5;NA;NA;1.26404833836858;"No"
40;"40_B1";"B1";"B329_LIKE+F16";938;0.157499999;"B";"1";"y";100.0755;827.5;NA;NA;1.13353474320242;"No"
40;"40_B12";"B12";"B329_LIKE+F16";863;0.137700006;"B";"12";"y";100.0755;827.5;NA;NA;1.0429003021148;"No"
40;"40_C1";"C1";"B329_LIKE+F16";812;0.140499994;"C";"1";"y";100.0755;827.5;NA;NA;0.981268882175227;"No"
40;"40_C12";"C12";"B329_LIKE+F16";799;0.133000001;"C";"12";"y";100.0755;827.5;NA;NA;0.965558912386707;"No"
40;"40_D1";"D1";"B329_LIKE+F16";806;0.144500002;"D";"1";"y";100.0755;827.5;NA;NA;0.974018126888218;"No"
40;"40_D12";"D12";"B329_LIKE+F16";848;0.128900006;"D";"12";"y";100.0755;827.5;NA;NA;1.02477341389728;"No"
40;"40_E1";"E1";"B329_LIKE+F16";859;0.144899994;"E";"1";"y";100.0755;827.5;NA;NA;1.0380664652568;"No"
40;"40_E12";"E12";"B329_LIKE+F16";821;0.130799994;"E";"12";"y";100.0755;827.5;NA;NA;0.99214501510574;"No"
40;"40_F1";"F1";"B329_LIKE+F16";1053;0.1655;"F";"1";"y";100.0755;827.5;NA;NA;1.27250755287009;"No"
40;"40_F12";"F12";"B329_LIKE+F16";980;0.145899996;"F";"12";"y";100.0755;827.5;NA;NA;1.18429003021148;"No"
40;"40_G1";"G1";"B329_LIKE+F16";853;0.145300001;"G";"1";"y";100.0755;827.5;NA;NA;1.03081570996979;"No"
40;"40_G12";"G12";"B329_LIKE+F16";869;0.131300002;"G";"12";"y";100.0755;827.5;NA;NA;1.05015105740181;"No"
41;"41_A1";"A1";"B329_LIKE+F16";1215;0.194800004;"A";"1";"y";173.4642;939.5;NA;NA;1.29324108568387;"No"
41;"41_A10";"A10";"B329_LIKE+F16";1342;0.154499993;"A";"10";"y";173.4642;939.5;NA;NA;1.42841937200639;"No"
41;"41_A11";"A11";"B329_LIKE+F16";1096;0.150399998;"A";"11";"y";173.4642;939.5;NA;NA;1.16657796700373;"No"
41;"41_A12";"A12";"B329_LIKE+F16";1428;0.164700001;"A";"12";"y";173.4642;939.5;NA;NA;1.51995742416179;"No"
41;"41_A2";"A2";"B329_LIKE+F16";1336;0.1708;"A";"2";"y";173.4642;939.5;NA;NA;1.42203299627461;"No"
41;"41_A3";"A3";"B329_LIKE+F16";1150;0.153699994;"A";"3";"y";173.4642;939.5;NA;NA;1.22405534858968;"No"
41;"41_A4";"A4";"B329_LIKE+F16";1126;0.146599993;"A";"4";"y";173.4642;939.5;NA;NA;1.19850984566259;"No"
41;"41_A5";"A5";"B329_LIKE+F16";1226;0.187000006;"A";"5";"y";173.4642;939.5;NA;NA;1.30494944119212;"No"
41;"41_A6";"A6";"B329_LIKE+F16";1194;0.177699998;"A";"6";"y";173.4642;939.5;NA;NA;1.27088877062267;"No"
41;"41_A7";"A7";"B329_LIKE+F16";1176;0.171499997;"A";"7";"y";173.4642;939.5;NA;NA;1.25172964342736;"No"
41;"41_A8";"A8";"B329_LIKE+F16";1123;0.150700003;"A";"8";"y";173.4642;939.5;NA;NA;1.1953166577967;"No"
41;"41_A9";"A9";"B329_LIKE+F16";1295;0.163499996;"A";"9";"y";173.4642;939.5;NA;NA;1.3783927621075;"No"
41;"41_B1";"B1";"B329_LIKE+F16";943;0.152600005;"B";"1";"y";173.4642;939.5;NA;NA;1.00372538584353;"No"
41;"41_B12";"B12";"B329_LIKE+F16";1200;0.1708;"B";"12";"y";173.4642;939.5;NA;NA;1.27727514635444;"No"
41;"41_C1";"C1";"B329_LIKE+F16";842;0.142199993;"C";"1";"y";173.4642;939.5;NA;NA;0.896221394358701;"No"
41;"41_C12";"C12";"B329_LIKE+F16";1011;0.145199999;"C";"12";"y";173.4642;939.5;NA;NA;1.07610431080362;"No"
41;"41_D1";"D1";"B329_LIKE+F16";981;0.153099999;"D";"1";"y";173.4642;939.5;NA;NA;1.04417243214476;"No"
41;"41_D12";"D12";"B329_LIKE+F16";1178;0.174199998;"D";"12";"y";173.4642;939.5;NA;NA;1.25385843533795;"No"
41;"41_E1";"E1";"B329_LIKE+F16";1065;0.171299994;"E";"1";"y";173.4642;939.5;NA;NA;1.13358169238957;"No"
41;"41_E12";"E12";"B329_LIKE+F16";1080;0.153500006;"E";"12";"y";173.4642;939.5;NA;NA;1.149547631719;"No"
41;"41_F1";"F1";"B329_LIKE+F16";952;0.153699994;"F";"1";"y";173.4642;939.5;NA;NA;1.01330494944119;"No"
41;"41_F12";"F12";"B329_LIKE+F16";1039;0.161500007;"F";"12";"y";173.4642;939.5;NA;NA;1.10590739755189;"No"
41;"41_G1";"G1";"B329_LIKE+F16";972;0.161699995;"G";"1";"y";173.4642;939.5;NA;NA;1.0345928685471;"No"
41;"41_G12";"G12";"B329_LIKE+F16";1258;0.1796;"G";"12";"y";173.4642;939.5;NA;NA;1.33901011176158;"No"
42;"42_A1";"A1";"B329_LIKE+F16";1008;0.145899996;"A";"1";"y";126.021;925;NA;NA;1.08972972972973;"No"
42;"42_A10";"A10";"B329_LIKE+F16";1158;0.148000002;"A";"10";"y";126.021;925;NA;NA;1.25189189189189;"No"
42;"42_A11";"A11";"B329_LIKE+F16";1118;0.146300003;"A";"11";"y";126.021;925;NA;NA;1.20864864864865;"No"
42;"42_A12";"A12";"B329_LIKE+F16";1270;0.150099993;"A";"12";"y";126.021;925;NA;NA;1.37297297297297;"No"
42;"42_A2";"A2";"B329_LIKE+F16";771;0.105999999;"A";"2";"y";126.021;925;NA;NA;0.833513513513514;"No"
42;"42_A3";"A3";"B329_LIKE+F16";1014;0.1505;"A";"3";"y";126.021;925;NA;NA;1.09621621621622;"No"
42;"42_A4";"A4";"B329_LIKE+F16";993;0.145099998;"A";"4";"y";126.021;925;NA;NA;1.07351351351351;"No"
42;"42_A5";"A5";"B329_LIKE+F16";960;0.142700002;"A";"5";"y";126.021;925;NA;NA;1.03783783783784;"No"
42;"42_A6";"A6";"B329_LIKE+F16";949;0.134599999;"A";"6";"y";126.021;925;NA;NA;1.02594594594595;"No"
42;"42_A7";"A7";"B329_LIKE+F16";874;0.130400002;"A";"7";"y";126.021;925;NA;NA;0.944864864864865;"No"
42;"42_A8";"A8";"B329_LIKE+F16";938;0.135000005;"A";"8";"y";126.021;925;NA;NA;1.01405405405405;"No"
42;"42_A9";"A9";"B329_LIKE+F16";1607;0.159099996;"A";"9";"y";126.021;925;NA;NA;1.7372972972973;"No"
42;"42_B1";"B1";"B329_LIKE+F16";908;0.1461;"B";"1";"y";126.021;925;NA;NA;0.981621621621622;"No"
42;"42_B12";"B12";"B329_LIKE+F16";1044;0.137500003;"B";"12";"y";126.021;925;NA;NA;1.12864864864865;"No"
42;"42_C1";"C1";"B329_LIKE+F16";925;0.144700006;"C";"1";"y";126.021;925;NA;NA;1;"No"
42;"42_C12";"C12";"B329_LIKE+F16";1120;0.139200002;"C";"12";"y";126.021;925;NA;NA;1.21081081081081;"No"
42;"42_D1";"D1";"B329_LIKE+F16";1072;0.172000006;"D";"1";"y";126.021;925;NA;NA;1.15891891891892;"No"
42;"42_D12";"D12";"B329_LIKE+F16";1052;0.165800005;"D";"12";"y";126.021;925;NA;NA;1.1372972972973;"No"
42;"42_E1";"E1";"B329_LIKE+F16";873;0.1567;"E";"1";"y";126.021;925;NA;NA;0.943783783783784;"No"
42;"42_E12";"E12";"B329_LIKE+F16";1160;0.164000005;"E";"12";"y";126.021;925;NA;NA;1.25405405405405;"No"
42;"42_F1";"F1";"B329_LIKE+F16";925;0.146500006;"F";"1";"y";126.021;925;NA;NA;1;"No"
42;"42_F12";"F12";"B329_LIKE+F16";1052;0.1611;"F";"12";"y";126.021;925;NA;NA;1.1372972972973;"No"
42;"42_G1";"G1";"B329_LIKE+F16";1277;0.186199993;"G";"1";"y";126.021;925;NA;NA;1.38054054054054;"No"
42;"42_G12";"G12";"B329_LIKE+F16";914;0.130600005;"G";"12";"y";126.021;925;NA;NA;0.988108108108108;"No"
43;"43_A1";"A1";"B329_LIKE+F16";874;0.146400005;"A";"1";"y";108.9711;895.5;NA;NA;0.975991066443328;"No"
43;"43_A10";"A10";"B329_LIKE+F16";1141;0.171100006;"A";"10";"y";108.9711;895.5;NA;NA;1.27414852037968;"No"
43;"43_A11";"A11";"B329_LIKE+F16";1000;0.152600005;"A";"11";"y";108.9711;895.5;NA;NA;1.11669458403127;"No"
43;"43_A12";"A12";"B329_LIKE+F16";1428;0.176599994;"A";"12";"y";108.9711;895.5;NA;NA;1.59463986599665;"No"
43;"43_A2";"A2";"B329_LIKE+F16";815;0.132799998;"A";"2";"y";108.9711;895.5;NA;NA;0.910106085985483;"No"
43;"43_A3";"A3";"B329_LIKE+F16";861;0.142399997;"A";"3";"y";108.9711;895.5;NA;NA;0.961474036850921;"No"
43;"43_A4";"A4";"B329_LIKE+F16";1050;0.167500004;"A";"4";"y";108.9711;895.5;NA;NA;1.17252931323283;"No"
43;"43_A5";"A5";"B329_LIKE+F16";1075;0.167699993;"A";"5";"y";108.9711;895.5;NA;NA;1.20044667783361;"No"
43;"43_A6";"A6";"B329_LIKE+F16";1059;0.169;"A";"6";"y";108.9711;895.5;NA;NA;1.18257956448911;"No"
43;"43_A7";"A7";"B329_LIKE+F16";1180;0.185800001;"A";"7";"y";108.9711;895.5;NA;NA;1.3176996091569;"No"
43;"43_A8";"A8";"B329_LIKE+F16";1104;0.171700001;"A";"8";"y";108.9711;895.5;NA;NA;1.23283082077052;"No"
43;"43_A9";"A9";"B329_LIKE+F16";1057;0.156599998;"A";"9";"y";108.9711;895.5;NA;NA;1.18034617532105;"No"
43;"43_B1";"B1";"B329_LIKE+F16";868;0.144800007;"B";"1";"y";108.9711;895.5;NA;NA;0.96929089893914;"No"
43;"43_B12";"B12";"B329_LIKE+F16";1048;0.148599997;"B";"12";"y";108.9711;895.5;NA;NA;1.17029592406477;"No"
43;"43_C1";"C1";"B329_LIKE+F16";1051;0.164000005;"C";"1";"y";108.9711;895.5;NA;NA;1.17364600781686;"No"
43;"43_C12";"C12";"B329_LIKE+F16";1270;0.144500002;"C";"12";"y";108.9711;895.5;NA;NA;1.41820212171971;"No"
43;"43_D1";"D1";"B329_LIKE+F16";894;0.145600006;"D";"1";"y";108.9711;895.5;NA;NA;0.998324958123953;"No"
43;"43_D12";"D12";"B329_LIKE+F16";1090;0.164100006;"D";"12";"y";108.9711;895.5;NA;NA;1.21719709659408;"No"
43;"43_E1";"E1";"B329_LIKE+F16";930;0.150099993;"E";"1";"y";108.9711;895.5;NA;NA;1.03852596314908;"No"
43;"43_E12";"E12";"B329_LIKE+F16";915;0.128000006;"E";"12";"y";108.9711;895.5;NA;NA;1.02177554438861;"No"
43;"43_F1";"F1";"B329_LIKE+F16";901;0.158199996;"F";"1";"y";108.9711;895.5;NA;NA;1.00614182021217;"No"
43;"43_F12";"F12";"B329_LIKE+F16";1127;0.1752;"F";"12";"y";108.9711;895.5;NA;NA;1.25851479620324;"No"
43;"43_G1";"G1";"B329_LIKE+F16";959;0.148900002;"G";"1";"y";108.9711;895.5;NA;NA;1.07091010608599;"No"
43;"43_G12";"G12";"B329_LIKE+F16";1137;0.156200007;"G";"12";"y";108.9711;895.5;NA;NA;1.26968174204355;"No"
44;"44_A1";"A1";"B329_LIKE+F16";889;0.140599996;"A";"1";"y";123.0558;762.5;NA;NA;1.16590163934426;"No"
44;"44_A10";"A10";"B329_LIKE+F16";948;0.140799999;"A";"10";"y";123.0558;762.5;NA;NA;1.24327868852459;"No"
44;"44_A11";"A11";"B329_LIKE+F16";893;0.142000005;"A";"11";"y";123.0558;762.5;NA;NA;1.17114754098361;"No"
44;"44_A12";"A12";"B329_LIKE+F16";1291;0.162100002;"A";"12";"y";123.0558;762.5;NA;NA;1.69311475409836;"No"
44;"44_A2";"A2";"B329_LIKE+F16";801;0.127200007;"A";"2";"y";123.0558;762.5;NA;NA;1.05049180327869;"No"
44;"44_A3";"A3";"B329_LIKE+F16";1184;0.138500005;"A";"3";"y";123.0558;762.5;NA;NA;1.5527868852459;"No"
44;"44_A4";"A4";"B329_LIKE+F16";817;0.129299998;"A";"4";"y";123.0558;762.5;NA;NA;1.07147540983607;"No"
44;"44_A5";"A5";"B329_LIKE+F16";829;0.132799998;"A";"5";"y";123.0558;762.5;NA;NA;1.0872131147541;"No"
44;"44_A6";"A6";"B329_LIKE+F16";841;0.129800007;"A";"6";"y";123.0558;762.5;NA;NA;1.10295081967213;"No"
44;"44_A7";"A7";"B329_LIKE+F16";747;0.126300007;"A";"7";"y";123.0558;762.5;NA;NA;0.979672131147541;"No"
44;"44_A8";"A8";"B329_LIKE+F16";959;0.1514;"A";"8";"y";123.0558;762.5;NA;NA;1.25770491803279;"No"
44;"44_A9";"A9";"B329_LIKE+F16";994;0.164399996;"A";"9";"y";123.0558;762.5;NA;NA;1.30360655737705;"No"
44;"44_B1";"B1";"B329_LIKE+F16";997;0.166099995;"B";"1";"y";123.0558;762.5;NA;NA;1.30754098360656;"No"
44;"44_B12";"B12";"B329_LIKE+F16";804;0.129600003;"B";"12";"y";123.0558;762.5;NA;NA;1.0544262295082;"No"
44;"44_C1";"C1";"B329_LIKE+F16";726;0.129299998;"C";"1";"y";123.0558;762.5;NA;NA;0.952131147540984;"No"
44;"44_C12";"C12";"B329_LIKE+F16";884;0.131500006;"C";"12";"y";123.0558;762.5;NA;NA;1.15934426229508;"No"
44;"44_D1";"D1";"B329_LIKE+F16";739;0.127399996;"D";"1";"y";123.0558;762.5;NA;NA;0.969180327868852;"No"
44;"44_D12";"D12";"B329_LIKE+F16";877;0.135000005;"D";"12";"y";123.0558;762.5;NA;NA;1.15016393442623;"No"
44;"44_E1";"E1";"B329_LIKE+F16";676;0.115099996;"E";"1";"y";123.0558;762.5;NA;NA;0.88655737704918;"No"
44;"44_E12";"E12";"B329_LIKE+F16";900;0.144299999;"E";"12";"y";123.0558;762.5;NA;NA;1.18032786885246;"No"
44;"44_F1";"F1";"B329_LIKE+F16";1087;0.169799998;"F";"1";"y";123.0558;762.5;NA;NA;1.4255737704918;"No"
44;"44_F12";"F12";"B329_LIKE+F16";822;0.1329;"F";"12";"y";123.0558;762.5;NA;NA;1.07803278688525;"No"
44;"44_G1";"G1";"B329_LIKE+F16";886;0.127399996;"G";"1";"y";123.0558;762.5;NA;NA;1.16196721311475;"No"
44;"44_G12";"G12";"B329_LIKE+F16";1016;0.141100004;"G";"12";"y";123.0558;762.5;NA;NA;1.33245901639344;"No"
45;"45_A1";"A1";"B329_LIKE+F16";1160;0.163499996;"A";"1";"y";114.9015;835;NA;NA;1.38922155688623;"No"
45;"45_A10";"A10";"B329_LIKE+F16";950;0.131699994;"A";"10";"y";114.9015;835;NA;NA;1.1377245508982;"No"
45;"45_A11";"A11";"B329_LIKE+F16";958;0.137799993;"A";"11";"y";114.9015;835;NA;NA;1.14730538922156;"No"
45;"45_A12";"A12";"B329_LIKE+F16";1252;0.158999994;"A";"12";"y";114.9015;835;NA;NA;1.49940119760479;"No"
45;"45_A2";"A2";"B329_LIKE+F16";1100;0.163299993;"A";"2";"y";114.9015;835;NA;NA;1.31736526946108;"No"
45;"45_A3";"A3";"B329_LIKE+F16";943;0.136899993;"A";"3";"y";114.9015;835;NA;NA;1.12934131736527;"No"
45;"45_A4";"A4";"B329_LIKE+F16";951;0.142199993;"A";"4";"y";114.9015;835;NA;NA;1.13892215568862;"No"
45;"45_A5";"A5";"B329_LIKE+F16";1091;0.176599994;"A";"5";"y";114.9015;835;NA;NA;1.30658682634731;"No"
45;"45_A6";"A6";"B329_LIKE+F16";848;0.133200005;"A";"6";"y";114.9015;835;NA;NA;1.01556886227545;"No"
45;"45_A7";"A7";"B329_LIKE+F16";808;0.1338;"A";"7";"y";114.9015;835;NA;NA;0.967664670658683;"No"
45;"45_A8";"A8";"B329_LIKE+F16";857;0.117200002;"A";"8";"y";114.9015;835;NA;NA;1.02634730538922;"No"
45;"45_A9";"A9";"B329_LIKE+F16";901;0.137099996;"A";"9";"y";114.9015;835;NA;NA;1.07904191616766;"No"
45;"45_B1";"B1";"B329_LIKE+F16";832;0.138799995;"B";"1";"y";114.9015;835;NA;NA;0.996407185628743;"No"
45;"45_B12";"B12";"B329_LIKE+F16";1038;0.139300004;"B";"12";"y";114.9015;835;NA;NA;1.24311377245509;"No"
45;"45_C1";"C1";"B329_LIKE+F16";1033;0.163000003;"C";"1";"y";114.9015;835;NA;NA;1.23712574850299;"No"
45;"45_C12";"C12";"B329_LIKE+F16";1007;0.129999995;"C";"12";"y";114.9015;835;NA;NA;1.2059880239521;"No"
45;"45_D1";"D1";"B329_LIKE+F16";858;0.156200007;"D";"1";"y";114.9015;835;NA;NA;1.02754491017964;"No"
45;"45_D12";"D12";"B329_LIKE+F16";983;0.124700002;"D";"12";"y";114.9015;835;NA;NA;1.17724550898204;"No"
45;"45_E1";"E1";"B329_LIKE+F16";902;0.136099994;"E";"1";"y";114.9015;835;NA;NA;1.08023952095808;"No"
45;"45_E12";"E12";"B329_LIKE+F16";1275;0.187199995;"E";"12";"y";114.9015;835;NA;NA;1.52694610778443;"No"
45;"45_F1";"F1";"B329_LIKE+F16";816;0.124600001;"F";"1";"y";114.9015;835;NA;NA;0.977245508982036;"No"
45;"45_F12";"F12";"B329_LIKE+F16";1300;0.200499997;"F";"12";"y";114.9015;835;NA;NA;1.55688622754491;"No"
45;"45_G1";"G1";"B329_LIKE+F16";780;0.117399998;"G";"1";"y";114.9015;835;NA;NA;0.934131736526946;"No"
45;"45_G12";"G12";"B329_LIKE+F16";1081;0.160799995;"G";"12";"y";114.9015;835;NA;NA;1.29461077844311;"No"
46;"46_A1";"A1";"B329_LIKE+F16";980;0.173700005;"A";"1";"y";117.8667;985.5;NA;NA;0.994419076610857;"No"
46;"46_A10";"A10";"B329_LIKE+F16";932;0.157199994;"A";"10";"y";117.8667;985.5;NA;NA;0.945712836123795;"No"
46;"46_A11";"A11";"B329_LIKE+F16";919;0.150399998;"A";"11";"y";117.8667;985.5;NA;NA;0.932521562658549;"No"
46;"46_A12";"A12";"B329_LIKE+F16";1133;0.160899997;"A";"12";"y";117.8667;985.5;NA;NA;1.14967021816337;"No"
46;"46_A2";"A2";"B329_LIKE+F16";982;0.152700007;"A";"2";"y";117.8667;985.5;NA;NA;0.996448503297818;"No"
46;"46_A3";"A3";"B329_LIKE+F16";980;0.151199996;"A";"3";"y";117.8667;985.5;NA;NA;0.994419076610857;"No"
46;"46_A4";"A4";"B329_LIKE+F16";908;0.147599995;"A";"4";"y";117.8667;985.5;NA;NA;0.921359715880264;"No"
46;"46_A5";"A5";"B329_LIKE+F16";928;0.149599999;"A";"5";"y";117.8667;985.5;NA;NA;0.941653982749873;"No"
46;"46_A6";"A6";"B329_LIKE+F16";954;0.144400001;"A";"6";"y";117.8667;985.5;NA;NA;0.968036529680365;"No"
46;"46_A7";"A7";"B329_LIKE+F16";915;0.144700006;"A";"7";"y";117.8667;985.5;NA;NA;0.928462709284627;"No"
46;"46_A8";"A8";"B329_LIKE+F16";982;0.153600007;"A";"8";"y";117.8667;985.5;NA;NA;0.996448503297818;"No"
46;"46_A9";"A9";"B329_LIKE+F16";935;0.149200007;"A";"9";"y";117.8667;985.5;NA;NA;0.948756976154236;"No"
46;"46_B1";"B1";"B329_LIKE+F16";1031;0.164299995;"B";"1";"y";117.8667;985.5;NA;NA;1.04616945712836;"No"
46;"46_B12";"B12";"B329_LIKE+F16";891;0.151800007;"B";"12";"y";117.8667;985.5;NA;NA;0.904109589041096;"No"
46;"46_C1";"C1";"B329_LIKE+F16";1184;0.165000007;"C";"1";"y";117.8667;985.5;NA;NA;1.20142059868087;"No"
46;"46_C12";"C12";"B329_LIKE+F16";1143;0.164199993;"C";"12";"y";117.8667;985.5;NA;NA;1.15981735159817;"No"
46;"46_D1";"D1";"B329_LIKE+F16";1061;0.164100006;"D";"1";"y";117.8667;985.5;NA;NA;1.07661085743278;"No"
46;"46_D12";"D12";"B329_LIKE+F16";1249;0.177000001;"D";"12";"y";117.8667;985.5;NA;NA;1.2673769660071;"No"
46;"46_E1";"E1";"B329_LIKE+F16";1213;0.195899993;"E";"1";"y";117.8667;985.5;NA;NA;1.23084728564181;"No"
46;"46_E12";"E12";"B329_LIKE+F16";1452;0.179299995;"E";"12";"y";117.8667;985.5;NA;NA;1.47336377473364;"No"
46;"46_F1";"F1";"B329_LIKE+F16";1248;0.171399996;"F";"1";"y";117.8667;985.5;NA;NA;1.26636225266362;"No"
46;"46_F12";"F12";"B329_LIKE+F16";1767;0.188199997;"F";"12";"y";117.8667;985.5;NA;NA;1.79299847792998;"No"
46;"46_G1";"G1";"B329_LIKE+F16";1444;0.1743;"G";"1";"y";117.8667;985.5;NA;NA;1.46524606798579;"No"
46;"46_G12";"G12";"B329_LIKE+F16";2118;0.226400003;"G";"12";"y";117.8667;985.5;NA;NA;2.14916286149163;"No"
47;"47_A1";"A1";"B329_LIKE+F16";1321;0.147499993;"A";"1";"y";134.9166;1386.5;NA;NA;0.952758745041471;"No"
47;"47_A10";"A10";"B329_LIKE+F16";1509;0.194999993;"A";"10";"y";134.9166;1386.5;NA;NA;1.08835196538045;"No"
47;"47_A11";"A11";"B329_LIKE+F16";2005;0.198300004;"A";"11";"y";134.9166;1386.5;NA;NA;1.44608727010458;"No"
47;"47_A12";"A12";"B329_LIKE+F16";1857;0.193499997;"A";"12";"y";134.9166;1386.5;NA;NA;1.33934367111432;"No"
47;"47_A2";"A2";"B329_LIKE+F16";1326;0.147;"A";"2";"y";134.9166;1386.5;NA;NA;0.956364947710061;"No"
47;"47_A3";"A3";"B329_LIKE+F16";1556;0.166899994;"A";"3";"y";134.9166;1386.5;NA;NA;1.1222502704652;"No"
47;"47_A4";"A4";"B329_LIKE+F16";1369;0.143700004;"A";"4";"y";134.9166;1386.5;NA;NA;0.987378290659935;"No"
47;"47_A5";"A5";"B329_LIKE+F16";1548;0.162599996;"A";"5";"y";134.9166;1386.5;NA;NA;1.11648034619546;"No"
47;"47_A6";"A6";"B329_LIKE+F16";1318;0.159899995;"A";"6";"y";134.9166;1386.5;NA;NA;0.950595023440317;"No"
47;"47_A7";"A7";"B329_LIKE+F16";1554;0.150999993;"A";"7";"y";134.9166;1386.5;NA;NA;1.12080778939776;"No"
47;"47_A8";"A8";"B329_LIKE+F16";1706;0.179499999;"A";"8";"y";134.9166;1386.5;NA;NA;1.2304363505229;"No"
47;"47_A9";"A9";"B329_LIKE+F16";1377;0.135000005;"A";"9";"y";134.9166;1386.5;NA;NA;0.993148214929679;"No"
47;"47_B1";"B1";"B329_LIKE+F16";1688;0.174799994;"B";"1";"y";134.9166;1386.5;NA;NA;1.21745402091598;"No"
47;"47_B12";"B12";"B329_LIKE+F16";1992;0.200800002;"B";"12";"y";134.9166;1386.5;NA;NA;1.43671114316625;"No"
47;"47_C1";"C1";"B329_LIKE+F16";1379;0.144600004;"C";"1";"y";134.9166;1386.5;NA;NA;0.994590695997115;"No"
47;"47_C12";"C12";"B329_LIKE+F16";1456;0.1734;"C";"12";"y";134.9166;1386.5;NA;NA;1.0501262170934;"No"
47;"47_D1";"D1";"B329_LIKE+F16";1359;0.152199998;"D";"1";"y";134.9166;1386.5;NA;NA;0.980165885322755;"No"
47;"47_D12";"D12";"B329_LIKE+F16";2181;0.229300007;"D";"12";"y";134.9166;1386.5;NA;NA;1.57302560403895;"No"
47;"47_E1";"E1";"B329_LIKE+F16";1421;0.160099998;"E";"1";"y";134.9166;1386.5;NA;NA;1.02488279841327;"No"
47;"47_E12";"E12";"B329_LIKE+F16";1856;0.1998;"E";"12";"y";134.9166;1386.5;NA;NA;1.3386224305806;"No"
47;"47_F1";"F1";"B329_LIKE+F16";1386;0.155699998;"F";"1";"y";134.9166;1386.5;NA;NA;0.999639379733141;"No"
47;"47_F12";"F12";"B329_LIKE+F16";1681;0.1875;"F";"12";"y";134.9166;1386.5;NA;NA;1.21240533717995;"No"
47;"47_G1";"G1";"B329_LIKE+F16";1471;0.156499997;"G";"1";"y";134.9166;1386.5;NA;NA;1.06094482509917;"No"
47;"47_G12";"G12";"B329_LIKE+F16";1641;0.185000002;"G";"12";"y";134.9166;1386.5;NA;NA;1.18355571583123;"No"
48;"48_A1";"A1";"B329_LIKE+F16";1674;0.1928;"A";"1";"y";157.1556;1451;NA;NA;1.15368711233632;"No"
48;"48_A10";"A10";"B329_LIKE+F16";1543;0.184400007;"A";"10";"y";157.1556;1451;NA;NA;1.06340454858718;"No"
48;"48_A11";"A11";"B329_LIKE+F16";1985;0.195299998;"A";"11";"y";157.1556;1451;NA;NA;1.36802205375603;"No"
48;"48_A12";"A12";"B329_LIKE+F16";2107;0.2236;"A";"12";"y";157.1556;1451;NA;NA;1.45210199862164;"No"
48;"48_A2";"A2";"B329_LIKE+F16";1422;0.161300004;"A";"2";"y";157.1556;1451;NA;NA;0.980013783597519;"No"
48;"48_A3";"A3";"B329_LIKE+F16";1573;0.161599994;"A";"3";"y";157.1556;1451;NA;NA;1.08407994486561;"No"
48;"48_A4";"A4";"B329_LIKE+F16";1559;0.171100006;"A";"4";"y";157.1556;1451;NA;NA;1.07443142660234;"No"
48;"48_A5";"A5";"B329_LIKE+F16";1899;0.198200002;"A";"5";"y";157.1556;1451;NA;NA;1.30875258442453;"No"
48;"48_A6";"A6";"B329_LIKE+F16";1721;0.195099995;"A";"6";"y";157.1556;1451;NA;NA;1.18607856650586;"No"
48;"48_A7";"A7";"B329_LIKE+F16";1538;0.179299995;"A";"7";"y";157.1556;1451;NA;NA;1.05995864920744;"No"
48;"48_A8";"A8";"B329_LIKE+F16";1741;0.199399993;"A";"8";"y";157.1556;1451;NA;NA;1.19986216402481;"No"
48;"48_A9";"A9";"B329_LIKE+F16";1680;0.208299994;"A";"9";"y";157.1556;1451;NA;NA;1.15782219159201;"No"
48;"48_B1";"B1";"B329_LIKE+F16";1324;0.149000004;"B";"1";"y";157.1556;1451;NA;NA;0.912474155754652;"No"
48;"48_B12";"B12";"B329_LIKE+F16";1862;0.189300001;"B";"12";"y";157.1556;1451;NA;NA;1.28325292901447;"No"
48;"48_C1";"C1";"B329_LIKE+F16";1446;0.159500003;"C";"1";"y";157.1556;1451;NA;NA;0.996554100620262;"No"
48;"48_C12";"C12";"B329_LIKE+F16";1890;0.185499996;"C";"12";"y";157.1556;1451;NA;NA;1.30254996554101;"No"
48;"48_D1";"D1";"B329_LIKE+F16";1523;0.184499994;"D";"1";"y";157.1556;1451;NA;NA;1.04962095106823;"No"
48;"48_D12";"D12";"B329_LIKE+F16";1996;0.198100001;"D";"12";"y";157.1556;1451;NA;NA;1.37560303239145;"No"
48;"48_E1";"E1";"B329_LIKE+F16";1550;0.176599994;"E";"1";"y";157.1556;1451;NA;NA;1.06822880771881;"No"
48;"48_E12";"E12";"B329_LIKE+F16";1811;0.202399999;"E";"12";"y";157.1556;1451;NA;NA;1.24810475534114;"No"
48;"48_F1";"F1";"B329_LIKE+F16";1477;0.180899993;"F";"1";"y";157.1556;1451;NA;NA;1.01791867677464;"No"
48;"48_F12";"F12";"B329_LIKE+F16";1733;0.184100002;"F";"12";"y";157.1556;1451;NA;NA;1.19434872501723;"No"
48;"48_G1";"G1";"B329_LIKE+F16";1766;0.200499997;"G";"1";"y";157.1556;1451;NA;NA;1.2170916609235;"No"
48;"48_G12";"G12";"B329_LIKE+F16";1916;0.225700006;"G";"12";"y";157.1556;1451;NA;NA;1.32046864231564;"No"
49;"49_A1";"A1";"B329_LIKE+F16";1947;0.190300003;"A";"1";"y";203.8575;1550.5;NA;NA;1.2557239600129;"No"
49;"49_A10";"A10";"B329_LIKE+F16";1370;0.165000007;"A";"10";"y";203.8575;1550.5;NA;NA;0.883585940019349;"No"
49;"49_A11";"A11";"B329_LIKE+F16";1857;0.188999996;"A";"11";"y";203.8575;1550.5;NA;NA;1.1976781683328;"No"
49;"49_A12";"A12";"B329_LIKE+F16";1593;0.180999994;"A";"12";"y";203.8575;1550.5;NA;NA;1.02741051273783;"No"
49;"49_A2";"A2";"B329_LIKE+F16";1361;0.158199996;"A";"2";"y";203.8575;1550.5;NA;NA;0.877781360851338;"No"
49;"49_A3";"A3";"B329_LIKE+F16";1515;0.172099993;"A";"3";"y";203.8575;1550.5;NA;NA;0.977104159948404;"No"
49;"49_A4";"A4";"B329_LIKE+F16";1432;0.164499998;"A";"4";"y";203.8575;1550.5;NA;NA;0.923573040954531;"No"
49;"49_A5";"A5";"B329_LIKE+F16";1407;0.157900006;"A";"5";"y";203.8575;1550.5;NA;NA;0.90744920993228;"No"
49;"49_A6";"A6";"B329_LIKE+F16";1427;0.176599994;"A";"6";"y";203.8575;1550.5;NA;NA;0.920348274750081;"No"
49;"49_A7";"A7";"B329_LIKE+F16";1454;0.170699999;"A";"7";"y";203.8575;1550.5;NA;NA;0.937762012254112;"No"
49;"49_A8";"A8";"B329_LIKE+F16";1487;0.1505;"A";"8";"y";203.8575;1550.5;NA;NA;0.959045469203483;"No"
49;"49_A9";"A9";"B329_LIKE+F16";1600;0.186800003;"A";"9";"y";203.8575;1550.5;NA;NA;1.03192518542406;"No"
49;"49_B1";"B1";"B329_LIKE+F16";1159;0.141800001;"B";"1";"y";203.8575;1550.5;NA;NA;0.747500806191551;"No"
49;"49_B12";"B12";"B329_LIKE+F16";1531;0.169;"B";"12";"y";203.8575;1550.5;NA;NA;0.987423411802644;"No"
49;"49_C1";"C1";"B329_LIKE+F16";1530;0.162300006;"C";"1";"y";203.8575;1550.5;NA;NA;0.986778458561754;"No"
49;"49_D1";"D1";"B329_LIKE+F16";1437;0.169400007;"D";"1";"y";203.8575;1550.5;NA;NA;0.926797807158981;"No"
49;"49_D12";"D12";"B329_LIKE+F16";1577;0.1752;"D";"12";"y";203.8575;1550.5;NA;NA;1.01709126088359;"No"
49;"49_E1";"E1";"B329_LIKE+F16";1437;0.161300004;"E";"1";"y";203.8575;1550.5;NA;NA;0.926797807158981;"No"
49;"49_E12";"E12";"B329_LIKE+F16";1473;0.198200002;"E";"12";"y";203.8575;1550.5;NA;NA;0.950016123831022;"No"
49;"49_F1";"F1";"B329_LIKE+F16";1401;0.149900004;"F";"1";"y";203.8575;1550.5;NA;NA;0.90357949048694;"No"
49;"49_F12";"F12";"B329_LIKE+F16";2283;0.173999995;"F";"12";"y";203.8575;1550.5;NA;NA;1.47242824895195;"No"
49;"49_G1";"G1";"B329_LIKE+F16";1546;0.162499994;"G";"1";"y";203.8575;1550.5;NA;NA;0.997097710415995;"No"
49;"49_G12";"G12";"B329_LIKE+F16";3007;0.220200002;"G";"12";"y";203.8575;1550.5;NA;NA;1.93937439535634;"No"
50;"50_A1";"A1";"B329_LIKE+F16";1092;0.167099997;"A";"1";"y";90.4386;979.5;NA;NA;1.11485451761103;"No"
50;"50_A10";"A10";"B329_LIKE+F16";1000;0.158099994;"A";"10";"y";90.4386;979.5;NA;NA;1.02092904543134;"No"
50;"50_A11";"A11";"B329_LIKE+F16";1074;0.171900004;"A";"11";"y";90.4386;979.5;NA;NA;1.09647779479326;"No"
50;"50_A12";"A12";"B329_LIKE+F16";1173;0.192499995;"A";"12";"y";90.4386;979.5;NA;NA;1.19754977029096;"No"
50;"50_A2";"A2";"B329_LIKE+F16";1056;0.162100002;"A";"2";"y";90.4386;979.5;NA;NA;1.0781010719755;"No"
50;"50_A3";"A3";"B329_LIKE+F16";1067;0.1602;"A";"3";"y";90.4386;979.5;NA;NA;1.08933129147524;"No"
50;"50_A4";"A4";"B329_LIKE+F16";1262;0.196500003;"A";"4";"y";90.4386;979.5;NA;NA;1.28841245533435;"No"
50;"50_A5";"A5";"B329_LIKE+F16";1210;0.163000003;"A";"5";"y";90.4386;979.5;NA;NA;1.23532414497192;"No"
50;"50_A6";"A6";"B329_LIKE+F16";1017;0.146200001;"A";"6";"y";90.4386;979.5;NA;NA;1.03828483920368;"No"
50;"50_A7";"A7";"B329_LIKE+F16";1033;0.148599997;"A";"7";"y";90.4386;979.5;NA;NA;1.05461970393058;"No"
50;"50_A8";"A8";"B329_LIKE+F16";931;0.143700004;"A";"8";"y";90.4386;979.5;NA;NA;0.95048494129658;"No"
50;"50_A9";"A9";"B329_LIKE+F16";786;0.141200006;"A";"9";"y";90.4386;979.5;NA;NA;0.802450229709035;"No"
50;"50_B1";"B1";"B329_LIKE+F16";1134;0.147100002;"B";"1";"y";90.4386;979.5;NA;NA;1.15773353751914;"No"
50;"50_B12";"B12";"B329_LIKE+F16";1144;0.191400006;"B";"12";"y";90.4386;979.5;NA;NA;1.16794282797346;"No"
50;"50_C1";"C1";"B329_LIKE+F16";1219;0.170300007;"C";"1";"y";90.4386;979.5;NA;NA;1.24451250638081;"No"
50;"50_C12";"C12";"B329_LIKE+F16";919;0.158199996;"C";"12";"y";90.4386;979.5;NA;NA;0.938233792751404;"No"
50;"50_D1";"D1";"B329_LIKE+F16";1043;0.1505;"D";"1";"y";90.4386;979.5;NA;NA;1.06482899438489;"No"
50;"50_D12";"D12";"B329_LIKE+F16";1062;0.176899999;"D";"12";"y";90.4386;979.5;NA;NA;1.08422664624809;"No"
50;"50_E1";"E1";"B329_LIKE+F16";973;0.145099998;"E";"1";"y";90.4386;979.5;NA;NA;0.993363961204696;"No"
50;"50_E12";"E12";"B329_LIKE+F16";1109;0.196600005;"E";"12";"y";90.4386;979.5;NA;NA;1.13221031138336;"No"
50;"50_F1";"F1";"B329_LIKE+F16";1052;0.139699996;"F";"1";"y";90.4386;979.5;NA;NA;1.07401735579377;"No"
50;"50_F12";"F12";"B329_LIKE+F16";1149;0.168599993;"F";"12";"y";90.4386;979.5;NA;NA;1.17304747320061;"No"
50;"50_G1";"G1";"B329_LIKE+F16";1071;0.150000006;"G";"1";"y";90.4386;979.5;NA;NA;1.09341500765697;"No"
50;"50_G12";"G12";"B329_LIKE+F16";876;0.159500003;"G";"12";"y";90.4386;979.5;NA;NA;0.894333843797856;"No"
51;"51_A1";"A1";"B329_LIKE+F16";1087;0.172499999;"A";"1";"y";95.6277;938.5;NA;NA;1.15823122003197;"No"
51;"51_A10";"A10";"B329_LIKE+F16";940;0.148699999;"A";"10";"y";95.6277;938.5;NA;NA;1.00159829515184;"No"
51;"51_A11";"A11";"B329_LIKE+F16";1119;0.160899997;"A";"11";"y";95.6277;938.5;NA;NA;1.19232818327118;"No"
51;"51_A12";"A12";"B329_LIKE+F16";985;0.168799996;"A";"12";"y";95.6277;938.5;NA;NA;1.04954714970698;"No"
51;"51_A2";"A2";"B329_LIKE+F16";1026;0.155499995;"A";"2";"y";95.6277;938.5;NA;NA;1.09323388385722;"No"
51;"51_A3";"A3";"B329_LIKE+F16";980;0.157700002;"A";"3";"y";95.6277;938.5;NA;NA;1.04421949920085;"No"
51;"51_A4";"A4";"B329_LIKE+F16";926;0.152400002;"A";"4";"y";95.6277;938.5;NA;NA;0.986680873734683;"No"
51;"51_A5";"A5";"B329_LIKE+F16";919;0.147699997;"A";"5";"y";95.6277;938.5;NA;NA;0.979222163026106;"No"
51;"51_A6";"A6";"B329_LIKE+F16";901;0.146300003;"A";"6";"y";95.6277;938.5;NA;NA;0.960042621204049;"No"
51;"51_A7";"A7";"B329_LIKE+F16";838;0.131600007;"A";"7";"y";95.6277;938.5;NA;NA;0.892914224826851;"No"
51;"51_A8";"A8";"B329_LIKE+F16";875;0.139599994;"A";"8";"y";95.6277;938.5;NA;NA;0.93233883857219;"No"
51;"51_A9";"A9";"B329_LIKE+F16";878;0.144600004;"A";"9";"y";95.6277;938.5;NA;NA;0.935535428875866;"No"
51;"51_B1";"B1";"B329_LIKE+F16";878;0.143199995;"B";"1";"y";95.6277;938.5;NA;NA;0.935535428875866;"No"
51;"51_B12";"B12";"B329_LIKE+F16";1129;0.180800006;"B";"12";"y";95.6277;938.5;NA;NA;1.20298348428343;"No"
51;"51_C1";"C1";"B329_LIKE+F16";1071;0.162300006;"C";"1";"y";95.6277;938.5;NA;NA;1.14118273841236;"No"
51;"51_C12";"C12";"B329_LIKE+F16";1101;0.172299996;"C";"12";"y";95.6277;938.5;NA;NA;1.17314864144912;"No"
51;"51_D1";"D1";"B329_LIKE+F16";933;0.150800005;"D";"1";"y";95.6277;938.5;NA;NA;0.99413958444326;"No"
51;"51_D12";"D12";"B329_LIKE+F16";1204;0.167600006;"D";"12";"y";95.6277;938.5;NA;NA;1.28289824187533;"No"
51;"51_E1";"E1";"B329_LIKE+F16";1027;0.157100007;"E";"1";"y";95.6277;938.5;NA;NA;1.09429941395844;"No"
51;"51_E12";"E12";"B329_LIKE+F16";946;0.151999995;"E";"12";"y";95.6277;938.5;NA;NA;1.00799147575919;"No"
51;"51_F1";"F1";"B329_LIKE+F16";1193;0.173700005;"F";"1";"y";95.6277;938.5;NA;NA;1.27117741076185;"No"
51;"51_F12";"F12";"B329_LIKE+F16";911;0.158299997;"F";"12";"y";95.6277;938.5;NA;NA;0.970697922216303;"No"
51;"51_G1";"G1";"B329_LIKE+F16";1090;0.147599995;"G";"1";"y";95.6277;938.5;NA;NA;1.16142781033564;"No"
51;"51_G12";"G12";"B329_LIKE+F16";919;0.168899998;"G";"12";"y";95.6277;938.5;NA;NA;0.979222163026106;"No"
52;"52_A1";"A1";"B329_LIKE+F16";1413;0.159299999;"A";"1";"y";114.1602;991;NA;NA;1.42583249243189;"No"
52;"52_A10";"A10";"B329_LIKE+F16";859;0.142800003;"A";"10";"y";114.1602;991;NA;NA;0.866801210898083;"No"
52;"52_A11";"A11";"B329_LIKE+F16";955;0.153400004;"A";"11";"y";114.1602;991;NA;NA;0.963673057517659;"No"
52;"52_A12";"A12";"B329_LIKE+F16";1193;0.172700003;"A";"12";"y";114.1602;991;NA;NA;1.20383451059536;"No"
52;"52_A2";"A2";"B329_LIKE+F16";989;0.158399999;"A";"2";"y";114.1602;991;NA;NA;0.997981836528759;"No"
52;"52_A3";"A3";"B329_LIKE+F16";985;0.147599995;"A";"3";"y";114.1602;991;NA;NA;0.993945509586276;"No"
52;"52_A4";"A4";"B329_LIKE+F16";964;0.156599998;"A";"4";"y";114.1602;991;NA;NA;0.972754793138244;"No"
52;"52_A5";"A5";"B329_LIKE+F16";969;0.155599996;"A";"5";"y";114.1602;991;NA;NA;0.977800201816347;"No"
52;"52_A6";"A6";"B329_LIKE+F16";1243;0.167500004;"A";"6";"y";114.1602;991;NA;NA;1.25428859737639;"No"
52;"52_A7";"A7";"B329_LIKE+F16";974;0.160300002;"A";"7";"y";114.1602;991;NA;NA;0.98284561049445;"No"
52;"52_A8";"A8";"B329_LIKE+F16";1013;0.155399993;"A";"8";"y";114.1602;991;NA;NA;1.02219979818365;"No"
52;"52_A9";"A9";"B329_LIKE+F16";1044;0.165199995;"A";"9";"y";114.1602;991;NA;NA;1.05348133198789;"No"
52;"52_B1";"B1";"B329_LIKE+F16";1166;0.155499995;"B";"1";"y";114.1602;991;NA;NA;1.1765893037336;"No"
52;"52_B12";"B12";"B329_LIKE+F16";1182;0.191300005;"B";"12";"y";114.1602;991;NA;NA;1.19273461150353;"No"
52;"52_C1";"C1";"B329_LIKE+F16";1039;0.158199996;"C";"1";"y";114.1602;991;NA;NA;1.04843592330979;"No"
52;"52_C12";"C12";"B329_LIKE+F16";950;0.158399999;"C";"12";"y";114.1602;991;NA;NA;0.958627648839556;"No"
52;"52_D1";"D1";"B329_LIKE+F16";1112;0.168799996;"D";"1";"y";114.1602;991;NA;NA;1.12209889001009;"No"
52;"52_D12";"D12";"B329_LIKE+F16";972;0.150099993;"D";"12";"y";114.1602;991;NA;NA;0.980827447023209;"No"
52;"52_E1";"E1";"B329_LIKE+F16";998;0.148200005;"E";"1";"y";114.1602;991;NA;NA;1.00706357214934;"No"
52;"52_E12";"E12";"B329_LIKE+F16";990;0.152500004;"E";"12";"y";114.1602;991;NA;NA;0.99899091826438;"No"
52;"52_F1";"F1";"B329_LIKE+F16";1359;0.193399996;"F";"1";"y";114.1602;991;NA;NA;1.37134207870838;"No"
52;"52_F12";"F12";"B329_LIKE+F16";953;0.168200001;"F";"12";"y";114.1602;991;NA;NA;0.961654894046418;"No"
52;"52_G1";"G1";"B329_LIKE+F16";1691;0.216800004;"G";"1";"y";114.1602;991;NA;NA;1.70635721493441;"No"
52;"52_G12";"G12";"B329_LIKE+F16";1238;0.194999993;"G";"12";"y";114.1602;991;NA;NA;1.24924318869828;"No"
53;"53_A1";"A1";"B329_LIKE+F16";752;0.135900006;"A";"1";"y";111.195;955;NA;NA;0.787434554973822;"No"
53;"53_A10";"A10";"B329_LIKE+F16";963;0.1743;"A";"10";"y";111.195;955;NA;NA;1.00837696335079;"No"
53;"53_A11";"A11";"B329_LIKE+F16";1006;0.164000005;"A";"11";"y";111.195;955;NA;NA;1.05340314136126;"No"
53;"53_A12";"A12";"B329_LIKE+F16";1334;0.202199996;"A";"12";"y";111.195;955;NA;NA;1.39685863874346;"No"
53;"53_A2";"A2";"B329_LIKE+F16";854;0.149000004;"A";"2";"y";111.195;955;NA;NA;0.894240837696335;"No"
53;"53_A3";"A3";"B329_LIKE+F16";862;0.1567;"A";"3";"y";111.195;955;NA;NA;0.90261780104712;"No"
53;"53_A4";"A4";"B329_LIKE+F16";887;0.152099997;"A";"4";"y";111.195;955;NA;NA;0.928795811518325;"No"
53;"53_A5";"A5";"B329_LIKE+F16";933;0.149800003;"A";"5";"y";111.195;955;NA;NA;0.97696335078534;"No"
53;"53_A6";"A6";"B329_LIKE+F16";855;0.144299999;"A";"6";"y";111.195;955;NA;NA;0.895287958115183;"No"
53;"53_A7";"A7";"B329_LIKE+F16";980;0.154899999;"A";"7";"y";111.195;955;NA;NA;1.0261780104712;"No"
53;"53_A8";"A8";"B329_LIKE+F16";999;0.164700001;"A";"8";"y";111.195;955;NA;NA;1.04607329842932;"No"
53;"53_A9";"A9";"B329_LIKE+F16";945;0.167799994;"A";"9";"y";111.195;955;NA;NA;0.989528795811518;"No"
53;"53_B1";"B1";"B329_LIKE+F16";822;0.143900007;"B";"1";"y";111.195;955;NA;NA;0.860732984293194;"No"
53;"53_B12";"B12";"B329_LIKE+F16";1116;0.1752;"B";"12";"y";111.195;955;NA;NA;1.16858638743456;"No"
53;"53_C1";"C1";"B329_LIKE+F16";1094;0.152700007;"C";"1";"y";111.195;955;NA;NA;1.1455497382199;"No"
53;"53_C12";"C12";"B329_LIKE+F16";867;0.153999999;"C";"12";"y";111.195;955;NA;NA;0.907853403141361;"No"
53;"53_D1";"D1";"B329_LIKE+F16";957;0.148399994;"D";"1";"y";111.195;955;NA;NA;1.0020942408377;"No"
53;"53_D12";"D12";"B329_LIKE+F16";961;0.150600001;"D";"12";"y";111.195;955;NA;NA;1.00628272251309;"No"
53;"53_E1";"E1";"B329_LIKE+F16";887;0.161400005;"E";"1";"y";111.195;955;NA;NA;0.928795811518325;"No"
53;"53_E12";"E12";"B329_LIKE+F16";962;0.147400007;"E";"12";"y";111.195;955;NA;NA;1.00732984293194;"No"
53;"53_F1";"F1";"B329_LIKE+F16";846;0.137500003;"F";"1";"y";111.195;955;NA;NA;0.88586387434555;"No"
53;"53_F12";"F12";"B329_LIKE+F16";1018;0.160799995;"F";"12";"y";111.195;955;NA;NA;1.06596858638743;"No"
53;"53_G1";"G1";"B329_LIKE+F16";971;0.243000001;"G";"1";"y";111.195;955;NA;NA;1.01675392670157;"No"
53;"53_G12";"G12";"B329_LIKE+F16";1551;0.2227;"G";"12";"y";111.195;955;NA;NA;1.62408376963351;"No"
54;"54_A1";"A1";"B329_LIKE+F16";894;0.152500004;"A";"1";"y";154.9317;857;NA;NA;1.04317386231039;"No"
54;"54_A10";"A10";"B329_LIKE+F16";873;0.134299994;"A";"10";"y";154.9317;857;NA;NA;1.01866977829638;"No"
54;"54_A11";"A11";"B329_LIKE+F16";1002;0.139300004;"A";"11";"y";154.9317;857;NA;NA;1.16919486581097;"No"
54;"54_A12";"A12";"B329_LIKE+F16";814;0.121299997;"A";"12";"y";154.9317;857;NA;NA;0.949824970828471;"No"
54;"54_A2";"A2";"B329_LIKE+F16";949;0.1558;"A";"2";"y";154.9317;857;NA;NA;1.1073512252042;"No"
54;"54_A3";"A3";"B329_LIKE+F16";898;0.151800007;"A";"3";"y";154.9317;857;NA;NA;1.04784130688448;"No"
54;"54_A4";"A4";"B329_LIKE+F16";854;0.142700002;"A";"4";"y";154.9317;857;NA;NA;0.996499416569428;"No"
54;"54_A5";"A5";"B329_LIKE+F16";845;0.151500002;"A";"5";"y";154.9317;857;NA;NA;0.985997666277713;"No"
54;"54_A6";"A6";"B329_LIKE+F16";856;0.155900002;"A";"6";"y";154.9317;857;NA;NA;0.998833138856476;"No"
54;"54_A7";"A7";"B329_LIKE+F16";926;0.161500007;"A";"7";"y";154.9317;857;NA;NA;1.08051341890315;"No"
54;"54_A8";"A8";"B329_LIKE+F16";881;0.139500007;"A";"8";"y";154.9317;857;NA;NA;1.02800466744457;"No"
54;"54_A9";"A9";"B329_LIKE+F16";902;0.151800007;"A";"9";"y";154.9317;857;NA;NA;1.05250875145858;"No"
54;"54_B1";"B1";"B329_LIKE+F16";909;0.156299993;"B";"1";"y";154.9317;857;NA;NA;1.06067677946324;"No"
54;"54_B12";"B12";"B329_LIKE+F16";690;0.130700007;"B";"12";"y";154.9317;857;NA;NA;0.805134189031505;"No"
54;"54_C1";"C1";"B329_LIKE+F16";963;0.161400005;"C";"1";"y";154.9317;857;NA;NA;1.12368728121354;"No"
54;"54_C12";"C12";"B329_LIKE+F16";924;0.138699993;"C";"12";"y";154.9317;857;NA;NA;1.0781796966161;"No"
54;"54_D1";"D1";"B329_LIKE+F16";1088;0.165399998;"D";"1";"y";154.9317;857;NA;NA;1.26954492415403;"No"
54;"54_D12";"D12";"B329_LIKE+F16";826;0.151800007;"D";"12";"y";154.9317;857;NA;NA;0.963827304550758;"No"
54;"54_E1";"E1";"B329_LIKE+F16";1023;0.1602;"E";"1";"y";154.9317;857;NA;NA;1.19369894982497;"No"
54;"54_E12";"E12";"B329_LIKE+F16";990;0.169699997;"E";"12";"y";154.9317;857;NA;NA;1.15519253208868;"No"
54;"54_F1";"F1";"B329_LIKE+F16";661;0.113799997;"F";"1";"y";154.9317;857;NA;NA;0.771295215869312;"No"
54;"54_F12";"F12";"B329_LIKE+F16";953;0.158000007;"F";"12";"y";154.9317;857;NA;NA;1.1120186697783;"No"
54;"54_G1";"G1";"B329_LIKE+F16";1027;0.170000002;"G";"1";"y";154.9317;857;NA;NA;1.19836639439907;"No"
54;"54_G12";"G12";"B329_LIKE+F16";787;0.138999999;"G";"12";"y";154.9317;857;NA;NA;0.918319719953326;"No"
55;"55_A1";"A1";"B329_LIKE+F16";1026;0.145400003;"A";"1";"y";259.455;882;NA;NA;1.16326530612245;"No"
55;"55_A10";"A10";"B329_LIKE+F16";915;0.138400003;"A";"10";"y";259.455;882;NA;NA;1.03741496598639;"No"
55;"55_A11";"A11";"B329_LIKE+F16";1031;0.143199995;"A";"11";"y";259.455;882;NA;NA;1.16893424036281;"No"
55;"55_A12";"A12";"B329_LIKE+F16";1047;0.150000006;"A";"12";"y";259.455;882;NA;NA;1.18707482993197;"No"
55;"55_A2";"A2";"B329_LIKE+F16";1042;0.162799999;"A";"2";"y";259.455;882;NA;NA;1.18140589569161;"No"
55;"55_A3";"A3";"B329_LIKE+F16";1139;0.171399996;"A";"3";"y";259.455;882;NA;NA;1.29138321995465;"No"
55;"55_A4";"A4";"B329_LIKE+F16";1058;0.155200005;"A";"4";"y";259.455;882;NA;NA;1.19954648526077;"No"
55;"55_A5";"A5";"B329_LIKE+F16";917;0.143099993;"A";"5";"y";259.455;882;NA;NA;1.03968253968254;"No"
55;"55_A6";"A6";"B329_LIKE+F16";954;0.134299994;"A";"6";"y";259.455;882;NA;NA;1.08163265306122;"No"
55;"55_A7";"A7";"B329_LIKE+F16";927;0.141800001;"A";"7";"y";259.455;882;NA;NA;1.05102040816327;"No"
55;"55_A8";"A8";"B329_LIKE+F16";1055;0.1602;"A";"8";"y";259.455;882;NA;NA;1.19614512471655;"No"
55;"55_A9";"A9";"B329_LIKE+F16";864;0.123199999;"A";"9";"y";259.455;882;NA;NA;0.979591836734694;"No"
55;"55_B1";"B1";"B329_LIKE+F16";997;0.157499999;"B";"1";"y";259.455;882;NA;NA;1.13038548752834;"No"
55;"55_B12";"B12";"B329_LIKE+F16";733;0.128900006;"B";"12";"y";259.455;882;NA;NA;0.831065759637188;"No"
55;"55_C1";"C1";"B329_LIKE+F16";1103;0.164499998;"C";"1";"y";259.455;882;NA;NA;1.25056689342404;"No"
55;"55_C12";"C12";"B329_LIKE+F16";873;0.146400005;"C";"12";"y";259.455;882;NA;NA;0.989795918367347;"No"
55;"55_D1";"D1";"B329_LIKE+F16";931;0.148900002;"D";"1";"y";259.455;882;NA;NA;1.05555555555556;"No"
55;"55_D12";"D12";"B329_LIKE+F16";895;0.145699993;"D";"12";"y";259.455;882;NA;NA;1.01473922902494;"No"
55;"55_E1";"E1";"B329_LIKE+F16";1842;0.176400006;"E";"1";"y";259.455;882;NA;NA;2.08843537414966;"No"
55;"55_E12";"E12";"B329_LIKE+F16";883;0.127399996;"E";"12";"y";259.455;882;NA;NA;1.00113378684807;"No"
55;"55_F1";"F1";"B329_LIKE+F16";1263;0.184400007;"F";"1";"y";259.455;882;NA;NA;1.43197278911565;"No"
55;"55_F12";"F12";"B329_LIKE+F16";976;0.1699;"F";"12";"y";259.455;882;NA;NA;1.10657596371882;"No"
55;"55_G1";"G1";"B329_LIKE+F16";1150;0.168799996;"G";"1";"y";259.455;882;NA;NA;1.30385487528345;"No"
55;"55_G12";"G12";"B329_LIKE+F16";1350;0.187900007;"G";"12";"y";259.455;882;NA;NA;1.53061224489796;"No"
56;"56_A1";"A1";"B329_LIKE+F16";965;0.145899996;"A";"1";"y";95.6277;936;NA;NA;1.03098290598291;"No"
56;"56_A10";"A10";"B329_LIKE+F16";1466;0.172199994;"A";"10";"y";95.6277;936;NA;NA;1.56623931623932;"No"
56;"56_A11";"A11";"B329_LIKE+F16";1117;0.180099994;"A";"11";"y";95.6277;936;NA;NA;1.19337606837607;"No"
56;"56_A12";"A12";"B329_LIKE+F16";1241;0.207499996;"A";"12";"y";95.6277;936;NA;NA;1.3258547008547;"No"
56;"56_A2";"A2";"B329_LIKE+F16";982;0.144899994;"A";"2";"y";95.6277;936;NA;NA;1.0491452991453;"No"
56;"56_A3";"A3";"B329_LIKE+F16";911;0.143099993;"A";"3";"y";95.6277;936;NA;NA;0.973290598290598;"No"
56;"56_A4";"A4";"B329_LIKE+F16";1036;0.156599998;"A";"4";"y";95.6277;936;NA;NA;1.10683760683761;"No"
56;"56_A5";"A5";"B329_LIKE+F16";883;0.141599998;"A";"5";"y";95.6277;936;NA;NA;0.943376068376068;"No"
56;"56_A6";"A6";"B329_LIKE+F16";943;0.146400005;"A";"6";"y";95.6277;936;NA;NA;1.00747863247863;"No"
56;"56_A7";"A7";"B329_LIKE+F16";957;0.150600001;"A";"7";"y";95.6277;936;NA;NA;1.0224358974359;"No"
56;"56_A8";"A8";"B329_LIKE+F16";1004;0.162699997;"A";"8";"y";95.6277;936;NA;NA;1.07264957264957;"No"
56;"56_A9";"A9";"B329_LIKE+F16";1080;0.173099995;"A";"9";"y";95.6277;936;NA;NA;1.15384615384615;"No"
56;"56_B1";"B1";"B329_LIKE+F16";956;0.144500002;"B";"1";"y";95.6277;936;NA;NA;1.02136752136752;"No"
56;"56_B12";"B12";"B329_LIKE+F16";1002;0.171800002;"B";"12";"y";95.6277;936;NA;NA;1.07051282051282;"No"
56;"56_C1";"C1";"B329_LIKE+F16";1314;0.161400005;"C";"1";"y";95.6277;936;NA;NA;1.40384615384615;"No"
56;"56_C12";"C12";"B329_LIKE+F16";921;0.1567;"C";"12";"y";95.6277;936;NA;NA;0.983974358974359;"No"
56;"56_D1";"D1";"B329_LIKE+F16";986;0.146899998;"D";"1";"y";95.6277;936;NA;NA;1.0534188034188;"No"
56;"56_D12";"D12";"B329_LIKE+F16";1226;0.198500007;"D";"12";"y";95.6277;936;NA;NA;1.30982905982906;"No"
56;"56_E1";"E1";"B329_LIKE+F16";971;0.138600007;"E";"1";"y";95.6277;936;NA;NA;1.03739316239316;"No"
56;"56_E12";"E12";"B329_LIKE+F16";1221;0.197099999;"E";"12";"y";95.6277;936;NA;NA;1.30448717948718;"No"
56;"56_F1";"F1";"B329_LIKE+F16";907;0.140000001;"F";"1";"y";95.6277;936;NA;NA;0.969017094017094;"No"
56;"56_F12";"F12";"B329_LIKE+F16";1228;0.201800004;"F";"12";"y";95.6277;936;NA;NA;1.31196581196581;"No"
56;"56_G1";"G1";"B329_LIKE+F16";1111;0.156000003;"G";"1";"y";95.6277;936;NA;NA;1.18696581196581;"No"
56;"56_G12";"G12";"B329_LIKE+F16";1298;0.216499999;"G";"12";"y";95.6277;936;NA;NA;1.38675213675214;"No"
57;"57_A1";"A1";"B329_LIKE+F16";892;0.158700004;"A";"1";"y";116.3841;938;NA;NA;0.950959488272921;"No"
57;"57_A10";"A10";"B329_LIKE+F16";1103;0.191;"A";"10";"y";116.3841;938;NA;NA;1.17590618336887;"No"
57;"57_A11";"A11";"B329_LIKE+F16";1009;0.164299995;"A";"11";"y";116.3841;938;NA;NA;1.07569296375267;"No"
57;"57_A12";"A12";"B329_LIKE+F16";987;0.181700006;"A";"12";"y";116.3841;938;NA;NA;1.05223880597015;"No"
57;"57_A2";"A2";"B329_LIKE+F16";912;0.152899995;"A";"2";"y";116.3841;938;NA;NA;0.97228144989339;"No"
57;"57_A3";"A3";"B329_LIKE+F16";1031;0.165800005;"A";"3";"y";116.3841;938;NA;NA;1.09914712153518;"No"
57;"57_A4";"A4";"B329_LIKE+F16";999;0.157600001;"A";"4";"y";116.3841;938;NA;NA;1.06503198294243;"No"
57;"57_A5";"A5";"B329_LIKE+F16";1083;0.186100006;"A";"5";"y";116.3841;938;NA;NA;1.1545842217484;"No"
57;"57_A6";"A6";"B329_LIKE+F16";1021;0.160799995;"A";"6";"y";116.3841;938;NA;NA;1.08848614072495;"No"
57;"57_A7";"A7";"B329_LIKE+F16";1047;0.167099997;"A";"7";"y";116.3841;938;NA;NA;1.11620469083156;"No"
57;"57_A8";"A8";"B329_LIKE+F16";1066;0.169799998;"A";"8";"y";116.3841;938;NA;NA;1.136460554371;"No"
57;"57_A9";"A9";"B329_LIKE+F16";1138;0.179199994;"A";"9";"y";116.3841;938;NA;NA;1.21321961620469;"No"
57;"57_B1";"B1";"B329_LIKE+F16";1051;0.178000003;"B";"1";"y";116.3841;938;NA;NA;1.12046908315565;"No"
57;"57_B12";"B12";"B329_LIKE+F16";1101;0.175400004;"B";"12";"y";116.3841;938;NA;NA;1.17377398720682;"No"
57;"57_C1";"C1";"B329_LIKE+F16";987;0.159400001;"C";"1";"y";116.3841;938;NA;NA;1.05223880597015;"No"
57;"57_C12";"C12";"B329_LIKE+F16";1100;0.185800001;"C";"12";"y";116.3841;938;NA;NA;1.1727078891258;"No"
57;"57_D1";"D1";"B329_LIKE+F16";1051;0.160999998;"D";"1";"y";116.3841;938;NA;NA;1.12046908315565;"No"
57;"57_D12";"D12";"B329_LIKE+F16";950;0.160799995;"D";"12";"y";116.3841;938;NA;NA;1.01279317697228;"No"
57;"57_E1";"E1";"B329_LIKE+F16";860;0.137700006;"E";"1";"y";116.3841;938;NA;NA;0.916844349680171;"No"
57;"57_E12";"E12";"B329_LIKE+F16";1145;0.186299995;"E";"12";"y";116.3841;938;NA;NA;1.22068230277185;"No"
57;"57_F1";"F1";"B329_LIKE+F16";965;0.156399995;"F";"1";"y";116.3841;938;NA;NA;1.02878464818763;"No"
57;"57_F12";"F12";"B329_LIKE+F16";1135;0.192499995;"F";"12";"y";116.3841;938;NA;NA;1.21002132196162;"No"
57;"57_G1";"G1";"B329_LIKE+F16";1017;0.158899993;"G";"1";"y";116.3841;938;NA;NA;1.08422174840085;"No"
57;"57_G12";"G12";"B329_LIKE+F16";1017;0.171599999;"G";"12";"y";116.3841;938;NA;NA;1.08422174840085;"No"
58;"58_A1";"A1";"B329_LIKE+F16";804;0.354499996;"A";"1";"y";74.13;895.5;NA;NA;0.897822445561139;"No"
58;"58_A10";"A10";"B329_LIKE+F16";871;0.167300001;"A";"10";"y";74.13;895.5;NA;NA;0.972640982691234;"No"
58;"58_A11";"A11";"B329_LIKE+F16";913;0.166999996;"A";"11";"y";74.13;895.5;NA;NA;1.01954215522055;"No"
58;"58_A12";"A12";"B329_LIKE+F16";1132;0.192499995;"A";"12";"y";74.13;895.5;NA;NA;1.26409826912339;"No"
58;"58_A2";"A2";"B329_LIKE+F16";821;0.323900014;"A";"2";"y";74.13;895.5;NA;NA;0.916806253489671;"No"
58;"58_A3";"A3";"B329_LIKE+F16";888;0.294;"A";"3";"y";74.13;895.5;NA;NA;0.991624790619765;"No"
58;"58_A4";"A4";"B329_LIKE+F16";879;0.239600003;"A";"4";"y";74.13;895.5;NA;NA;0.981574539363484;"No"
58;"58_A5";"A5";"B329_LIKE+F16";877;0.187000006;"A";"5";"y";74.13;895.5;NA;NA;0.979341150195422;"No"
58;"58_A6";"A6";"B329_LIKE+F16";895;0.179000005;"A";"6";"y";74.13;895.5;NA;NA;0.999441652707984;"No"
58;"58_A7";"A7";"B329_LIKE+F16";836;0.175699994;"A";"7";"y";74.13;895.5;NA;NA;0.93355667225014;"No"
58;"58_A8";"A8";"B329_LIKE+F16";896;0.172800004;"A";"8";"y";74.13;895.5;NA;NA;1.00055834729202;"No"
58;"58_A9";"A9";"B329_LIKE+F16";883;0.169599995;"A";"9";"y";74.13;895.5;NA;NA;0.986041317699609;"No"
58;"58_B1";"B1";"B329_LIKE+F16";845;0.255199999;"B";"1";"y";74.13;895.5;NA;NA;0.943606923506421;"No"
58;"58_B12";"B12";"B329_LIKE+F16";900;0.180600002;"B";"12";"y";74.13;895.5;NA;NA;1.00502512562814;"No"
58;"58_C1";"C1";"B329_LIKE+F16";974;0.262300014;"C";"1";"y";74.13;895.5;NA;NA;1.08766052484645;"No"
58;"58_C12";"C12";"B329_LIKE+F16";831;0.157700002;"C";"12";"y";74.13;895.5;NA;NA;0.927973199329983;"No"
58;"58_D1";"D1";"B329_LIKE+F16";889;0.204300001;"D";"1";"y";74.13;895.5;NA;NA;0.992741485203797;"No"
58;"58_D12";"D12";"B329_LIKE+F16";951;0.169200003;"D";"12";"y";74.13;895.5;NA;NA;1.06197654941374;"No"
58;"58_E1";"E1";"B329_LIKE+F16";1020;0.208900005;"E";"1";"y";74.13;895.5;NA;NA;1.13902847571189;"No"
58;"58_E12";"E12";"B329_LIKE+F16";1021;0.188500002;"E";"12";"y";74.13;895.5;NA;NA;1.14014517029592;"No"
58;"58_F1";"F1";"B329_LIKE+F16";952;0.184200004;"F";"1";"y";74.13;895.5;NA;NA;1.06309324399777;"No"
58;"58_F12";"F12";"B329_LIKE+F16";818;0.142900005;"F";"12";"y";74.13;895.5;NA;NA;0.913456169737577;"No"
58;"58_G1";"G1";"B329_LIKE+F16";895;0.177000001;"G";"1";"y";74.13;895.5;NA;NA;0.999441652707984;"No"
58;"58_G12";"G12";"B329_LIKE+F16";898;0.155900002;"G";"12";"y";74.13;895.5;NA;NA;1.00279173646008;"No"
59;"59_A1";"A1";"B329_LIKE+F16";1159;0.176499993;"A";"1";"y";69.6822;888;NA;NA;1.30518018018018;"No"
59;"59_A10";"A10";"B329_LIKE+F16";885;0.159799993;"A";"10";"y";69.6822;888;NA;NA;0.996621621621622;"No"
59;"59_A11";"A11";"B329_LIKE+F16";883;0.1611;"A";"11";"y";69.6822;888;NA;NA;0.994369369369369;"No"
59;"59_A2";"A2";"B329_LIKE+F16";990;0.172999993;"A";"2";"y";69.6822;888;NA;NA;1.11486486486486;"No"
59;"59_A3";"A3";"B329_LIKE+F16";997;0.164800003;"A";"3";"y";69.6822;888;NA;NA;1.12274774774775;"No"
59;"59_A4";"A4";"B329_LIKE+F16";1057;0.161400005;"A";"4";"y";69.6822;888;NA;NA;1.19031531531532;"No"
59;"59_A5";"A5";"B329_LIKE+F16";964;0.158500001;"A";"5";"y";69.6822;888;NA;NA;1.08558558558559;"No"
59;"59_A6";"A6";"B329_LIKE+F16";868;0.157199994;"A";"6";"y";69.6822;888;NA;NA;0.977477477477477;"No"
59;"59_A7";"A7";"B329_LIKE+F16";974;0.161699995;"A";"7";"y";69.6822;888;NA;NA;1.09684684684685;"No"
59;"59_A8";"A8";"B329_LIKE+F16";880;0.155300006;"A";"8";"y";69.6822;888;NA;NA;0.990990990990991;"No"
59;"59_A9";"A9";"B329_LIKE+F16";1204;0.187000006;"A";"9";"y";69.6822;888;NA;NA;1.35585585585586;"No"
59;"59_B1";"B1";"B329_LIKE+F16";877;0.149100006;"B";"1";"y";69.6822;888;NA;NA;0.987612612612613;"No"
59;"59_B12";"B12";"B329_LIKE+F16";897;0.159799993;"B";"12";"y";69.6822;888;NA;NA;1.01013513513514;"No"
59;"59_C1";"C1";"B329_LIKE+F16";856;0.142100006;"C";"1";"y";69.6822;888;NA;NA;0.963963963963964;"No"
59;"59_C12";"C12";"B329_LIKE+F16";941;0.166999996;"C";"12";"y";69.6822;888;NA;NA;1.05968468468468;"No"
59;"59_D1";"D1";"B329_LIKE+F16";969;0.160799995;"D";"1";"y";69.6822;888;NA;NA;1.09121621621622;"No"
59;"59_D12";"D12";"B329_LIKE+F16";934;0.168200001;"D";"12";"y";69.6822;888;NA;NA;1.0518018018018;"No"
59;"59_E1";"E1";"B329_LIKE+F16";887;0.146200001;"E";"1";"y";69.6822;888;NA;NA;0.998873873873874;"No"
59;"59_E12";"E12";"B329_LIKE+F16";940;0.164000005;"E";"12";"y";69.6822;888;NA;NA;1.05855855855856;"No"
59;"59_F1";"F1";"B329_LIKE+F16";893;0.146400005;"F";"1";"y";69.6822;888;NA;NA;1.00563063063063;"No"
59;"59_F12";"F12";"B329_LIKE+F16";929;0.174600005;"F";"12";"y";69.6822;888;NA;NA;1.04617117117117;"No"
59;"59_G1";"G1";"B329_LIKE+F16";1361;0.165700004;"G";"1";"y";69.6822;888;NA;NA;1.53265765765766;"No"
59;"59_G12";"G12";"B329_LIKE+F16";1230;0.193499997;"G";"12";"y";69.6822;888;NA;NA;1.38513513513514;"No"
60;"60_A1";"A1";"B329_LIKE+F16";816;0.128000006;"A";"1";"y";99.3342;878;NA;NA;0.929384965831435;"No"
60;"60_A10";"A10";"B329_LIKE+F16";1137;0.178100005;"A";"10";"y";99.3342;878;NA;NA;1.29498861047836;"No"
60;"60_A11";"A11";"B329_LIKE+F16";917;0.157100007;"A";"11";"y";99.3342;878;NA;NA;1.04441913439636;"No"
60;"60_A12";"A12";"B329_LIKE+F16";919;0.157299995;"A";"12";"y";99.3342;878;NA;NA;1.04669703872437;"No"
60;"60_A2";"A2";"B329_LIKE+F16";808;0.128199995;"A";"2";"y";99.3342;878;NA;NA;0.920273348519362;"No"
60;"60_A3";"A3";"B329_LIKE+F16";830;0.131400004;"A";"3";"y";99.3342;878;NA;NA;0.945330296127563;"No"
60;"60_A4";"A4";"B329_LIKE+F16";798;0.133900002;"A";"4";"y";99.3342;878;NA;NA;0.908883826879271;"No"
60;"60_A5";"A5";"B329_LIKE+F16";822;0.137500003;"A";"5";"y";99.3342;878;NA;NA;0.93621867881549;"No"
60;"60_A6";"A6";"B329_LIKE+F16";879;0.145799994;"A";"6";"y";99.3342;878;NA;NA;1.00113895216401;"No"
60;"60_A7";"A7";"B329_LIKE+F16";946;0.150600001;"A";"7";"y";99.3342;878;NA;NA;1.07744874715262;"No"
60;"60_A8";"A8";"B329_LIKE+F16";936;0.151899993;"A";"8";"y";99.3342;878;NA;NA;1.06605922551253;"No"
60;"60_A9";"A9";"B329_LIKE+F16";1019;0.162400007;"A";"9";"y";99.3342;878;NA;NA;1.16059225512528;"No"
60;"60_B1";"B1";"B329_LIKE+F16";817;0.153300002;"B";"1";"y";99.3342;878;NA;NA;0.930523917995444;"No"
60;"60_B12";"B12";"B329_LIKE+F16";891;0.160799995;"B";"12";"y";99.3342;878;NA;NA;1.01480637813212;"No"
60;"60_C1";"C1";"B329_LIKE+F16";780;0.127599999;"C";"1";"y";99.3342;878;NA;NA;0.888382687927107;"No"
60;"60_C12";"C12";"B329_LIKE+F16";795;0.1426;"C";"12";"y";99.3342;878;NA;NA;0.905466970387244;"No"
60;"60_D1";"D1";"B329_LIKE+F16";828;0.170000002;"D";"1";"y";99.3342;878;NA;NA;0.943052391799544;"No"
60;"60_D12";"D12";"B329_LIKE+F16";861;0.156299993;"D";"12";"y";99.3342;878;NA;NA;0.980637813211845;"No"
60;"60_E1";"E1";"B329_LIKE+F16";1129;0.174099997;"E";"1";"y";99.3342;878;NA;NA;1.28587699316629;"No"
60;"60_E12";"E12";"B329_LIKE+F16";794;0.168799996;"E";"12";"y";99.3342;878;NA;NA;0.904328018223235;"No"
60;"60_F1";"F1";"B329_LIKE+F16";829;0.129899994;"F";"1";"y";99.3342;878;NA;NA;0.944191343963554;"No"
60;"60_F12";"F12";"B329_LIKE+F16";1232;0.200000003;"F";"12";"y";99.3342;878;NA;NA;1.40318906605923;"No"
60;"60_G1";"G1";"B329_LIKE+F16";1068;0.158299997;"G";"1";"y";99.3342;878;NA;NA;1.21640091116173;"No"
60;"60_G12";"G12";"B329_LIKE+F16";1158;0.182500005;"G";"12";"y";99.3342;878;NA;NA;1.31890660592255;"No"
61;"61_A1";"A1";"B329_LIKE+F16";839;0.138699993;"A";"1";"y";57.0801;857.5;NA;NA;0.978425655976676;"No"
61;"61_A10";"A10";"B329_LIKE+F16";863;0.144500002;"A";"10";"y";57.0801;857.5;NA;NA;1.0064139941691;"No"
61;"61_A11";"A11";"B329_LIKE+F16";889;0.157199994;"A";"11";"y";57.0801;857.5;NA;NA;1.03673469387755;"No"
61;"61_A12";"A12";"B329_LIKE+F16";945;0.155000001;"A";"12";"y";57.0801;857.5;NA;NA;1.10204081632653;"No"
61;"61_A2";"A2";"B329_LIKE+F16";824;0.135900006;"A";"2";"y";57.0801;857.5;NA;NA;0.960932944606414;"No"
61;"61_A3";"A3";"B329_LIKE+F16";780;0.135399997;"A";"3";"y";57.0801;857.5;NA;NA;0.909620991253644;"No"
61;"61_A4";"A4";"B329_LIKE+F16";851;0.143099993;"A";"4";"y";57.0801;857.5;NA;NA;0.992419825072886;"No"
61;"61_A5";"A5";"B329_LIKE+F16";822;0.145300001;"A";"5";"y";57.0801;857.5;NA;NA;0.958600583090379;"No"
61;"61_A7";"A7";"B329_LIKE+F16";864;0.134599999;"A";"7";"y";57.0801;857.5;NA;NA;1.00758017492711;"No"
61;"61_A8";"A8";"B329_LIKE+F16";882;0.139899999;"A";"8";"y";57.0801;857.5;NA;NA;1.02857142857143;"No"
61;"61_A9";"A9";"B329_LIKE+F16";915;0.150999993;"A";"9";"y";57.0801;857.5;NA;NA;1.06705539358601;"No"
61;"61_B1";"B1";"B329_LIKE+F16";866;0.144500002;"B";"1";"y";57.0801;857.5;NA;NA;1.00991253644315;"No"
61;"61_B12";"B12";"B329_LIKE+F16";846;0.144299999;"B";"12";"y";57.0801;857.5;NA;NA;0.986588921282799;"No"
61;"61_C1";"C1";"B329_LIKE+F16";991;0.159199998;"C";"1";"y";57.0801;857.5;NA;NA;1.15568513119534;"No"
61;"61_C12";"C12";"B329_LIKE+F16";880;0.153799996;"C";"12";"y";57.0801;857.5;NA;NA;1.02623906705539;"No"
61;"61_D1";"D1";"B329_LIKE+F16";832;0.137799993;"D";"1";"y";57.0801;857.5;NA;NA;0.970262390670554;"No"
61;"61_D12";"D12";"B329_LIKE+F16";940;0.163000003;"D";"12";"y";57.0801;857.5;NA;NA;1.09620991253644;"No"
61;"61_E1";"E1";"B329_LIKE+F16";889;0.156599998;"E";"1";"y";57.0801;857.5;NA;NA;1.03673469387755;"No"
61;"61_E12";"E12";"B329_LIKE+F16";834;0.152700007;"E";"12";"y";57.0801;857.5;NA;NA;0.972594752186589;"No"
61;"61_F1";"F1";"B329_LIKE+F16";975;0.163599998;"F";"1";"y";57.0801;857.5;NA;NA;1.13702623906706;"No"
61;"61_F12";"F12";"B329_LIKE+F16";1022;0.167300001;"F";"12";"y";57.0801;857.5;NA;NA;1.19183673469388;"No"
61;"61_G1";"G1";"B329_LIKE+F16";771;0.129600003;"G";"1";"y";57.0801;857.5;NA;NA;0.899125364431487;"No"
61;"61_G12";"G12";"B329_LIKE+F16";822;0.1479;"G";"12";"y";57.0801;857.5;NA;NA;0.958600583090379;"No"
62;"62_A1";"A1";"B329_LIKE+F16";858;0.134800002;"A";"1";"y";71.1648;867.5;NA;NA;0.989048991354467;"No"
62;"62_A10";"A10";"B329_LIKE+F16";837;0.144400001;"A";"10";"y";71.1648;867.5;NA;NA;0.964841498559078;"No"
62;"62_A11";"A11";"B329_LIKE+F16";839;0.143800005;"A";"11";"y";71.1648;867.5;NA;NA;0.9671469740634;"No"
62;"62_A12";"A12";"B329_LIKE+F16";1028;0.157499999;"A";"12";"y";71.1648;867.5;NA;NA;1.1850144092219;"No"
62;"62_A2";"A2";"B329_LIKE+F16";802;0.135399997;"A";"2";"y";71.1648;867.5;NA;NA;0.924495677233429;"No"
62;"62_A3";"A3";"B329_LIKE+F16";820;0.145999998;"A";"3";"y";71.1648;867.5;NA;NA;0.945244956772334;"No"
62;"62_A4";"A4";"B329_LIKE+F16";798;0.140599996;"A";"4";"y";71.1648;867.5;NA;NA;0.919884726224784;"No"
62;"62_A5";"A5";"B329_LIKE+F16";778;0.136999995;"A";"5";"y";71.1648;867.5;NA;NA;0.896829971181556;"No"
62;"62_A6";"A6";"B329_LIKE+F16";824;0.145300001;"A";"6";"y";71.1648;867.5;NA;NA;0.94985590778098;"No"
62;"62_A7";"A7";"B329_LIKE+F16";789;0.1329;"A";"7";"y";71.1648;867.5;NA;NA;0.909510086455331;"No"
62;"62_A8";"A8";"B329_LIKE+F16";830;0.138300002;"A";"8";"y";71.1648;867.5;NA;NA;0.956772334293948;"No"
62;"62_A9";"A9";"B329_LIKE+F16";833;0.148100004;"A";"9";"y";71.1648;867.5;NA;NA;0.960230547550432;"No"
62;"62_B1";"B1";"B329_LIKE+F16";882;0.142499998;"B";"1";"y";71.1648;867.5;NA;NA;1.01671469740634;"No"
62;"62_B12";"B12";"B329_LIKE+F16";1119;0.179499999;"B";"12";"y";71.1648;867.5;NA;NA;1.28991354466859;"No"
62;"62_C12";"C12";"B329_LIKE+F16";883;0.149299994;"C";"12";"y";71.1648;867.5;NA;NA;1.0178674351585;"No"
62;"62_D1";"D1";"B329_LIKE+F16";916;0.154799998;"D";"1";"y";71.1648;867.5;NA;NA;1.05590778097983;"No"
62;"62_D12";"D12";"B329_LIKE+F16";931;0.163599998;"D";"12";"y";71.1648;867.5;NA;NA;1.07319884726225;"No"
62;"62_E1";"E1";"B329_LIKE+F16";898;0.151199996;"E";"1";"y";71.1648;867.5;NA;NA;1.03515850144092;"No"
62;"62_E12";"E12";"B329_LIKE+F16";970;0.162100002;"E";"12";"y";71.1648;867.5;NA;NA;1.11815561959654;"No"
62;"62_F1";"F1";"B329_LIKE+F16";1051;0.167699993;"F";"1";"y";71.1648;867.5;NA;NA;1.21152737752161;"No"
62;"62_F12";"F12";"B329_LIKE+F16";845;0.156299993;"F";"12";"y";71.1648;867.5;NA;NA;0.974063400576369;"No"
62;"62_G1";"G1";"B329_LIKE+F16";939;0.147799999;"G";"1";"y";71.1648;867.5;NA;NA;1.08242074927954;"No"
62;"62_G12";"G12";"B329_LIKE+F16";1025;0.166700006;"G";"12";"y";71.1648;867.5;NA;NA;1.18155619596542;"No"
63;"63_A2";"A2";"B329_LIKE+F16";807;0.141800001;"A";"2";"y";101.5581;856;NA;NA;0.942757009345794;"No"
63;"63_A3";"A3";"B329_LIKE+F16";805;0.130099997;"A";"3";"y";101.5581;856;NA;NA;0.940420560747664;"No"
63;"63_A4";"A4";"B329_LIKE+F16";782;0.132100001;"A";"4";"y";101.5581;856;NA;NA;0.913551401869159;"No"
63;"63_A5";"A5";"B329_LIKE+F16";1000;0.202999994;"A";"5";"y";101.5581;856;NA;NA;1.16822429906542;"No"
63;"63_A6";"A6";"B329_LIKE+F16";801;0.1373;"A";"6";"y";101.5581;856;NA;NA;0.935747663551402;"No"
63;"63_A7";"A7";"B329_LIKE+F16";848;0.195999995;"A";"7";"y";101.5581;856;NA;NA;0.990654205607477;"No"
63;"63_A8";"A8";"B329_LIKE+F16";889;0.148499995;"A";"8";"y";101.5581;856;NA;NA;1.03855140186916;"No"
63;"63_A9";"A9";"B329_LIKE+F16";882;0.158199996;"A";"9";"y";101.5581;856;NA;NA;1.0303738317757;"No"
63;"63_B1";"B1";"B329_LIKE+F16";979;0.166700006;"B";"1";"y";101.5581;856;NA;NA;1.14369158878505;"No"
63;"63_B12";"B12";"B329_LIKE+F16";1020;0.181500003;"B";"12";"y";101.5581;856;NA;NA;1.19158878504673;"No"
63;"63_C1";"C1";"B329_LIKE+F16";619;0.098700002;"C";"1";"y";101.5581;856;NA;NA;0.723130841121495;"No"
63;"63_C12";"C12";"B329_LIKE+F16";866;0.150199994;"C";"12";"y";101.5581;856;NA;NA;1.01168224299065;"No"
63;"63_D1";"D1";"B329_LIKE+F16";1000;0.1602;"D";"1";"y";101.5581;856;NA;NA;1.16822429906542;"No"
63;"63_D12";"D12";"B329_LIKE+F16";1079;0.176699996;"D";"12";"y";101.5581;856;NA;NA;1.26051401869159;"No"
63;"63_E1";"E1";"B329_LIKE+F16";929;0.167199999;"E";"1";"y";101.5581;856;NA;NA;1.08528037383178;"No"
63;"63_E12";"E12";"B329_LIKE+F16";931;0.157199994;"E";"12";"y";101.5581;856;NA;NA;1.08761682242991;"No"
63;"63_F1";"F1";"B329_LIKE+F16";795;0.140900001;"F";"1";"y";101.5581;856;NA;NA;0.928738317757009;"No"
63;"63_F12";"F12";"B329_LIKE+F16";903;0.195099995;"F";"12";"y";101.5581;856;NA;NA;1.05490654205607;"No"
63;"63_G1";"G1";"B329_LIKE+F16";1299;0.191;"G";"1";"y";101.5581;856;NA;NA;1.51752336448598;"No"
63;"63_G12";"G12";"B329_LIKE+F16";1080;0.177100003;"G";"12";"y";101.5581;856;NA;NA;1.26168224299065;"No"
64;"64_A1";"A1";"B329_LIKE+F16";989;0.163699999;"A";"1";"y";127.5036;920;NA;NA;1.075;"No"
64;"64_A10";"A10";"B329_LIKE+F16";1179;0.197600007;"A";"10";"y";127.5036;920;NA;NA;1.28152173913043;"No"
64;"64_A11";"A11";"B329_LIKE+F16";1216;0.193200007;"A";"11";"y";127.5036;920;NA;NA;1.32173913043478;"No"
64;"64_A12";"A12";"B329_LIKE+F16";1155;0.180800006;"A";"12";"y";127.5036;920;NA;NA;1.2554347826087;"No"
64;"64_A2";"A2";"B329_LIKE+F16";955;0.172199994;"A";"2";"y";127.5036;920;NA;NA;1.03804347826087;"No"
64;"64_A3";"A3";"B329_LIKE+F16";942;0.153699994;"A";"3";"y";127.5036;920;NA;NA;1.02391304347826;"No"
64;"64_A4";"A4";"B329_LIKE+F16";997;0.148800001;"A";"4";"y";127.5036;920;NA;NA;1.08369565217391;"No"
64;"64_A5";"A5";"B329_LIKE+F16";1088;0.155599996;"A";"5";"y";127.5036;920;NA;NA;1.18260869565217;"No"
64;"64_A6";"A6";"B329_LIKE+F16";955;0.157299995;"A";"6";"y";127.5036;920;NA;NA;1.03804347826087;"No"
64;"64_A7";"A7";"B329_LIKE+F16";1091;0.186900005;"A";"7";"y";127.5036;920;NA;NA;1.18586956521739;"No"
64;"64_A8";"A8";"B329_LIKE+F16";1102;0.173800007;"A";"8";"y";127.5036;920;NA;NA;1.19782608695652;"No"
64;"64_A9";"A9";"B329_LIKE+F16";1172;0.1822;"A";"9";"y";127.5036;920;NA;NA;1.27391304347826;"No"
64;"64_B1";"B1";"B329_LIKE+F16";769;0.142199993;"B";"1";"y";127.5036;920;NA;NA;0.835869565217391;"No"
64;"64_B12";"B12";"B329_LIKE+F16";998;0.160500005;"B";"12";"y";127.5036;920;NA;NA;1.08478260869565;"No"
64;"64_C1";"C1";"B329_LIKE+F16";919;0.161200002;"C";"1";"y";127.5036;920;NA;NA;0.998913043478261;"No"
64;"64_C12";"C12";"B329_LIKE+F16";1076;0.190099999;"C";"12";"y";127.5036;920;NA;NA;1.1695652173913;"No"
64;"64_D1";"D1";"B329_LIKE+F16";1137;0.164000005;"D";"1";"y";127.5036;920;NA;NA;1.23586956521739;"No"
64;"64_D12";"D12";"B329_LIKE+F16";899;0.151800007;"D";"12";"y";127.5036;920;NA;NA;0.977173913043478;"No"
64;"64_E1";"E1";"B329_LIKE+F16";800;0.157000005;"E";"1";"y";127.5036;920;NA;NA;0.869565217391304;"No"
64;"64_E12";"E12";"B329_LIKE+F16";1527;0.231600001;"E";"12";"y";127.5036;920;NA;NA;1.65978260869565;"No"
64;"64_F1";"F1";"B329_LIKE+F16";921;0.138099998;"F";"1";"y";127.5036;920;NA;NA;1.00108695652174;"No"
64;"64_F12";"F12";"B329_LIKE+F16";1199;0.180999994;"F";"12";"y";127.5036;920;NA;NA;1.30326086956522;"No"
64;"64_G1";"G1";"B329_LIKE+F16";1089;0.164499998;"G";"1";"y";127.5036;920;NA;NA;1.18369565217391;"No"
64;"64_G12";"G12";"B329_LIKE+F16";1112;0.184100002;"G";"12";"y";127.5036;920;NA;NA;1.20869565217391;"No"
65;"65_A1";"A1";"B329_LIKE+F16";1333;0.1593;"A";"1";"y";206.0814;1024.5;NA;NA;1.30112249877989;"No"
65;"65_A10";"A10";"B329_LIKE+F16";945;0.8827;"A";"10";"y";206.0814;1024.5;NA;NA;0.922401171303075;"No"
65;"65_A11";"A11";"B329_LIKE+F16";709;0.5348;"A";"11";"y";206.0814;1024.5;NA;NA;0.692044899951196;"No"
65;"65_A12";"A12";"B329_LIKE+F16";1022;0.1679;"A";"12";"y";206.0814;1024.5;NA;NA;0.997559785261103;"No"
65;"65_A2";"A2";"B329_LIKE+F16";1110;0.1471;"A";"2";"y";206.0814;1024.5;NA;NA;1.08345534407028;"No"
65;"65_A3";"A3";"B329_LIKE+F16";997;0.1444;"A";"3";"y";206.0814;1024.5;NA;NA;0.973157637872133;"No"
65;"65_A4";"A4";"B329_LIKE+F16";1091;0.1647;"A";"4";"y";206.0814;1024.5;NA;NA;1.06490971205466;"No"
65;"65_A5";"A5";"B329_LIKE+F16";1171;0.1659;"A";"5";"y";206.0814;1024.5;NA;NA;1.14299658369937;"No"
65;"65_A6";"A6";"B329_LIKE+F16";1101;0.1871;"A";"6";"y";206.0814;1024.5;NA;NA;1.07467057101025;"No"
65;"65_A7";"A7";"B329_LIKE+F16";991;0.1389;"A";"7";"y";206.0814;1024.5;NA;NA;0.96730112249878;"No"
65;"65_A8";"A8";"B329_LIKE+F16";1013;0.1497;"A";"8";"y";206.0814;1024.5;NA;NA;0.988775012201074;"No"
65;"65_A9";"A9";"B329_LIKE+F16";1154;0.1869;"A";"9";"y";206.0814;1024.5;NA;NA;1.12640312347487;"No"
65;"65_B1";"B1";"B329_LIKE+F16";1355;0.2081;"B";"1";"y";206.0814;1024.5;NA;NA;1.32259638848219;"No"
65;"65_B12";"B12";"B329_LIKE+F16";869;0.1493;"B";"12";"y";206.0814;1024.5;NA;NA;0.848218643240605;"No"
65;"65_C1";"C1";"B329_LIKE+F16";1148;0.1735;"C";"1";"y";206.0814;1024.5;NA;NA;1.12054660810151;"No"
65;"65_C12";"C12";"B329_LIKE+F16";1280;0.2071;"C";"12";"y";206.0814;1024.5;NA;NA;1.24938994631528;"No"
65;"65_D1";"D1";"B329_LIKE+F16";1037;0.1542;"D";"1";"y";206.0814;1024.5;NA;NA;1.01220107369449;"No"
65;"65_D12";"D12";"B329_LIKE+F16";1056;0.1564;"D";"12";"y";206.0814;1024.5;NA;NA;1.0307467057101;"No"
65;"65_E1";"E1";"B329_LIKE+F16";1066;0.1587;"E";"1";"y";206.0814;1024.5;NA;NA;1.04050756466569;"No"
65;"65_E12";"E12";"B329_LIKE+F16";1267;0.18;"E";"12";"y";206.0814;1024.5;NA;NA;1.23670082967301;"No"
65;"65_F1";"F1";"B329_LIKE+F16";1177;0.1662;"F";"1";"y";206.0814;1024.5;NA;NA;1.14885309907272;"No"
65;"65_F12";"F12";"B329_LIKE+F16";1365;0.1881;"F";"12";"y";206.0814;1024.5;NA;NA;1.33235724743777;"No"
65;"65_G1";"G1";"B329_LIKE+F16";1048;0.1531;"G";"1";"y";206.0814;1024.5;NA;NA;1.02293801854563;"No"
65;"65_G12";"G12";"B329_LIKE+F16";1887;0.2774;"G";"12";"y";206.0814;1024.5;NA;NA;1.84187408491947;"No"
66;"66_A1";"A1";"B329_LIKE+F16";1210;0.1705;"A";"1";"y";157.8969;937.5;NA;NA;1.29066666666667;"No"
66;"66_A10";"A10";"B329_LIKE+F16";950;0.1513;"A";"10";"y";157.8969;937.5;NA;NA;1.01333333333333;"No"
66;"66_A11";"A11";"B329_LIKE+F16";1222;0.1915;"A";"11";"y";157.8969;937.5;NA;NA;1.30346666666667;"No"
66;"66_A12";"A12";"B329_LIKE+F16";801;0.1555;"A";"12";"y";157.8969;937.5;NA;NA;0.8544;"No"
66;"66_A2";"A2";"B329_LIKE+F16";1060;0.1608;"A";"2";"y";157.8969;937.5;NA;NA;1.13066666666667;"No"
66;"66_A3";"A3";"B329_LIKE+F16";997;0.1594;"A";"3";"y";157.8969;937.5;NA;NA;1.06346666666667;"No"
66;"66_A4";"A4";"B329_LIKE+F16";913;0.1442;"A";"4";"y";157.8969;937.5;NA;NA;0.973866666666667;"No"
66;"66_A5";"A5";"B329_LIKE+F16";955;0.1381;"A";"5";"y";157.8969;937.5;NA;NA;1.01866666666667;"No"
66;"66_A6";"A6";"B329_LIKE+F16";998;0.143;"A";"6";"y";157.8969;937.5;NA;NA;1.06453333333333;"No"
66;"66_A7";"A7";"B329_LIKE+F16";822;0.1251;"A";"7";"y";157.8969;937.5;NA;NA;0.8768;"No"
66;"66_A8";"A8";"B329_LIKE+F16";876;0.1304;"A";"8";"y";157.8969;937.5;NA;NA;0.9344;"No"
66;"66_A9";"A9";"B329_LIKE+F16";1049;0.1543;"A";"9";"y";157.8969;937.5;NA;NA;1.11893333333333;"No"
66;"66_B1";"B1";"B329_LIKE+F16";976;0.145;"B";"1";"y";157.8969;937.5;NA;NA;1.04106666666667;"No"
66;"66_B12";"B12";"B329_LIKE+F16";1079;0.1606;"B";"12";"y";157.8969;937.5;NA;NA;1.15093333333333;"No"
66;"66_C1";"C1";"B329_LIKE+F16";1103;0.1693;"C";"1";"y";157.8969;937.5;NA;NA;1.17653333333333;"No"
66;"66_C12";"C12";"B329_LIKE+F16";1151;0.1839;"C";"12";"y";157.8969;937.5;NA;NA;1.22773333333333;"No"
66;"66_D1";"D1";"B329_LIKE+F16";987;0.1628;"D";"1";"y";157.8969;937.5;NA;NA;1.0528;"No"
66;"66_D12";"D12";"B329_LIKE+F16";1077;0.1538;"D";"12";"y";157.8969;937.5;NA;NA;1.1488;"No"
66;"66_E1";"E1";"B329_LIKE+F16";1258;0.1992;"E";"1";"y";157.8969;937.5;NA;NA;1.34186666666667;"No"
66;"66_E12";"E12";"B329_LIKE+F16";1275;0.1884;"E";"12";"y";157.8969;937.5;NA;NA;1.36;"No"
66;"66_F1";"F1";"B329_LIKE+F16";973;0.1509;"F";"1";"y";157.8969;937.5;NA;NA;1.03786666666667;"No"
66;"66_F12";"F12";"B329_LIKE+F16";1053;0.1673;"F";"12";"y";157.8969;937.5;NA;NA;1.1232;"No"
66;"66_G1";"G1";"B329_LIKE+F16";1370;0.2023;"G";"1";"y";157.8969;937.5;NA;NA;1.46133333333333;"No"
66;"66_G12";"G12";"B329_LIKE+F16";1281;0.2071;"G";"12";"y";157.8969;937.5;NA;NA;1.3664;"No"
67;"67_A1";"A1";"B329_LIKE+F16";1030;0.1562;"A";"1";"y";100.8168;868;NA;NA;1.18663594470046;"No"
67;"67_A10";"A10";"B329_LIKE+F16";1223;0.2157;"A";"10";"y";100.8168;868;NA;NA;1.40898617511521;"No"
67;"67_A11";"A11";"B329_LIKE+F16";1348;0.2223;"A";"11";"y";100.8168;868;NA;NA;1.55299539170507;"No"
67;"67_A12";"A12";"B329_LIKE+F16";795;0.1914;"A";"12";"y";100.8168;868;NA;NA;0.915898617511521;"No"
67;"67_A2";"A2";"B329_LIKE+F16";868;0.1403;"A";"2";"y";100.8168;868;NA;NA;1;"No"
67;"67_A3";"A3";"B329_LIKE+F16";970;0.1563;"A";"3";"y";100.8168;868;NA;NA;1.11751152073733;"No"
67;"67_A4";"A4";"B329_LIKE+F16";818;0.1312;"A";"4";"y";100.8168;868;NA;NA;0.942396313364055;"No"
67;"67_A5";"A5";"B329_LIKE+F16";836;0.1404;"A";"5";"y";100.8168;868;NA;NA;0.963133640552995;"No"
67;"67_A6";"A6";"B329_LIKE+F16";891;0.1434;"A";"6";"y";100.8168;868;NA;NA;1.02649769585253;"No"
67;"67_A7";"A7";"B329_LIKE+F16";832;0.1317;"A";"7";"y";100.8168;868;NA;NA;0.95852534562212;"No"
67;"67_A8";"A8";"B329_LIKE+F16";1056;0.1808;"A";"8";"y";100.8168;868;NA;NA;1.21658986175115;"No"
67;"67_A9";"A9";"B329_LIKE+F16";1045;0.1709;"A";"9";"y";100.8168;868;NA;NA;1.20391705069124;"No"
67;"67_B1";"B1";"B329_LIKE+F16";1053;0.1666;"B";"1";"y";100.8168;868;NA;NA;1.213133640553;"No"
67;"67_B12";"B12";"B329_LIKE+F16";1079;0.168;"B";"12";"y";100.8168;868;NA;NA;1.24308755760369;"No"
67;"67_C1";"C1";"B329_LIKE+F16";965;0.1483;"C";"1";"y";100.8168;868;NA;NA;1.11175115207373;"No"
67;"67_C12";"C12";"B329_LIKE+F16";1271;0.1954;"C";"12";"y";100.8168;868;NA;NA;1.46428571428571;"No"
67;"67_D1";"D1";"B329_LIKE+F16";829;0.1292;"D";"1";"y";100.8168;868;NA;NA;0.955069124423963;"No"
67;"67_D12";"D12";"B329_LIKE+F16";976;0.1697;"D";"12";"y";100.8168;868;NA;NA;1.12442396313364;"No"
67;"67_E1";"E1";"B329_LIKE+F16";902;0.1439;"E";"1";"y";100.8168;868;NA;NA;1.03917050691244;"No"
67;"67_E12";"E12";"B329_LIKE+F16";1190;0.1716;"E";"12";"y";100.8168;868;NA;NA;1.37096774193548;"No"
67;"67_F1";"F1";"B329_LIKE+F16";868;0.1423;"F";"1";"y";100.8168;868;NA;NA;1;"No"
67;"67_F12";"F12";"B329_LIKE+F16";1141;0.1778;"F";"12";"y";100.8168;868;NA;NA;1.31451612903226;"No"
67;"67_G1";"G1";"B329_LIKE+F16";974;0.1606;"G";"1";"y";100.8168;868;NA;NA;1.1221198156682;"No"
67;"67_G12";"G12";"B329_LIKE+F16";1608;0.2472;"G";"12";"y";100.8168;868;NA;NA;1.85253456221198;"No"
68;"68_A1";"A1";"B329_LIKE+F16";1016;0.1607;"A";"1";"y";93.4038;848;NA;NA;1.19811320754717;"No"
68;"68_A10";"A10";"B329_LIKE+F16";880;0.1443;"A";"10";"y";93.4038;848;NA;NA;1.0377358490566;"No"
68;"68_A11";"A11";"B329_LIKE+F16";1083;0.1734;"A";"11";"y";93.4038;848;NA;NA;1.27712264150943;"No"
68;"68_A12";"A12";"B329_LIKE+F16";737;0.1791;"A";"12";"y";93.4038;848;NA;NA;0.869103773584906;"No"
68;"68_A2";"A2";"B329_LIKE+F16";837;0.1466;"A";"2";"y";93.4038;848;NA;NA;0.987028301886792;"No"
68;"68_A3";"A3";"B329_LIKE+F16";948;0.1446;"A";"3";"y";93.4038;848;NA;NA;1.11792452830189;"No"
68;"68_A4";"A4";"B329_LIKE+F16";854;0.1398;"A";"4";"y";93.4038;848;NA;NA;1.00707547169811;"No"
68;"68_A5";"A5";"B329_LIKE+F16";937;0.1418;"A";"5";"y";93.4038;848;NA;NA;1.10495283018868;"No"
68;"68_A6";"A6";"B329_LIKE+F16";791;0.1312;"A";"6";"y";93.4038;848;NA;NA;0.932783018867924;"No"
68;"68_A7";"A7";"B329_LIKE+F16";818;0.1334;"A";"7";"y";93.4038;848;NA;NA;0.964622641509434;"No"
68;"68_A8";"A8";"B329_LIKE+F16";813;0.1292;"A";"8";"y";93.4038;848;NA;NA;0.95872641509434;"No"
68;"68_A9";"A9";"B329_LIKE+F16";855;0.1408;"A";"9";"y";93.4038;848;NA;NA;1.00825471698113;"No"
68;"68_B1";"B1";"B329_LIKE+F16";974;0.1507;"B";"1";"y";93.4038;848;NA;NA;1.14858490566038;"No"
68;"68_B12";"B12";"B329_LIKE+F16";1562;0.1804;"B";"12";"y";93.4038;848;NA;NA;1.84198113207547;"No"
68;"68_C1";"C1";"B329_LIKE+F16";973;0.1488;"C";"1";"y";93.4038;848;NA;NA;1.14740566037736;"No"
68;"68_C12";"C12";"B329_LIKE+F16";1171;0.1664;"C";"12";"y";93.4038;848;NA;NA;1.38089622641509;"No"
68;"68_D1";"D1";"B329_LIKE+F16";983;0.1685;"D";"1";"y";93.4038;848;NA;NA;1.15919811320755;"No"
68;"68_D12";"D12";"B329_LIKE+F16";948;0.1597;"D";"12";"y";93.4038;848;NA;NA;1.11792452830189;"No"
68;"68_E1";"E1";"B329_LIKE+F16";1383;0.2295;"E";"1";"y";93.4038;848;NA;NA;1.63089622641509;"No"
68;"68_E12";"E12";"B329_LIKE+F16";1160;0.1686;"E";"12";"y";93.4038;848;NA;NA;1.36792452830189;"No"
68;"68_F1";"F1";"B329_LIKE+F16";891;0.1433;"F";"1";"y";93.4038;848;NA;NA;1.05070754716981;"No"
68;"68_F12";"F12";"B329_LIKE+F16";1171;0.1851;"F";"12";"y";93.4038;848;NA;NA;1.38089622641509;"No"
68;"68_G1";"G1";"B329_LIKE+F16";936;0.1412;"G";"1";"y";93.4038;848;NA;NA;1.10377358490566;"No"
68;"68_G12";"G12";"B329_LIKE+F16";1059;0.1882;"G";"12";"y";93.4038;848;NA;NA;1.24882075471698;"No"
69;"69_A1";"A1";"B329_LIKE+F16";993;0.1672;"A";"1";"y";167.5338;952.5;NA;NA;1.04251968503937;"No"
69;"69_A10";"A10";"B329_LIKE+F16";1218;0.1905;"A";"10";"y";167.5338;952.5;NA;NA;1.27874015748031;"No"
69;"69_A11";"A11";"B329_LIKE+F16";1883;0.2341;"A";"11";"y";167.5338;952.5;NA;NA;1.97690288713911;"No"
69;"69_A12";"A12";"B329_LIKE+F16";1339;0.2466;"A";"12";"y";167.5338;952.5;NA;NA;1.40577427821522;"No"
69;"69_A3";"A3";"B329_LIKE+F16";1761;0.2188;"A";"3";"y";167.5338;952.5;NA;NA;1.8488188976378;"No"
69;"69_A4";"A4";"B329_LIKE+F16";984;0.1685;"A";"4";"y";167.5338;952.5;NA;NA;1.03307086614173;"No"
69;"69_A5";"A5";"B329_LIKE+F16";903;0.159;"A";"5";"y";167.5338;952.5;NA;NA;0.948031496062992;"No"
69;"69_A6";"A6";"B329_LIKE+F16";819;0.1379;"A";"6";"y";167.5338;952.5;NA;NA;0.859842519685039;"No"
69;"69_A7";"A7";"B329_LIKE+F16";861;0.1471;"A";"7";"y";167.5338;952.5;NA;NA;0.903937007874016;"No"
69;"69_A8";"A8";"B329_LIKE+F16";908;0.1584;"A";"8";"y";167.5338;952.5;NA;NA;0.953280839895013;"No"
69;"69_A9";"A9";"B329_LIKE+F16";1083;0.1838;"A";"9";"y";167.5338;952.5;NA;NA;1.13700787401575;"No"
69;"69_B1";"B1";"B329_LIKE+F16";1536;0.2014;"B";"1";"y";167.5338;952.5;NA;NA;1.61259842519685;"No"
69;"69_B12";"B12";"B329_LIKE+F16";1014;0.1611;"B";"12";"y";167.5338;952.5;NA;NA;1.06456692913386;"No"
69;"69_C1";"C1";"B329_LIKE+F16";1140;0.1702;"C";"1";"y";167.5338;952.5;NA;NA;1.19685039370079;"No"
69;"69_C12";"C12";"B329_LIKE+F16";1113;0.169;"C";"12";"y";167.5338;952.5;NA;NA;1.16850393700787;"No"
69;"69_D1";"D1";"B329_LIKE+F16";1325;0.1794;"D";"1";"y";167.5338;952.5;NA;NA;1.39107611548556;"No"
69;"69_D12";"D12";"B329_LIKE+F16";1275;0.1888;"D";"12";"y";167.5338;952.5;NA;NA;1.33858267716535;"No"
69;"69_E1";"E1";"B329_LIKE+F16";835;0.1483;"E";"1";"y";167.5338;952.5;NA;NA;0.876640419947507;"No"
69;"69_E12";"E12";"B329_LIKE+F16";1593;0.2276;"E";"12";"y";167.5338;952.5;NA;NA;1.67244094488189;"No"
69;"69_F1";"F1";"B329_LIKE+F16";1991;0.2502;"F";"1";"y";167.5338;952.5;NA;NA;2.09028871391076;"No"
69;"69_F12";"F12";"B329_LIKE+F16";1090;0.157;"F";"12";"y";167.5338;952.5;NA;NA;1.14435695538058;"No"
69;"69_G1";"G1";"B329_LIKE+F16";955;0.1485;"G";"1";"y";167.5338;952.5;NA;NA;1.00262467191601;"No"
69;"69_G12";"G12";"B329_LIKE+F16";1112;0.1815;"G";"12";"y";167.5338;952.5;NA;NA;1.16745406824147;"No"
70;"70_A1";"A1";"B329_LIKE+F16";1010;0.1514;"A";"1";"y";108.2298;900.5;NA;NA;1.12159911160466;"No"
70;"70_A10";"A10";"B329_LIKE+F16";903;0.1442;"A";"10";"y";108.2298;900.5;NA;NA;1.00277623542476;"No"
70;"70_A11";"A11";"B329_LIKE+F16";1019;0.1613;"A";"11";"y";108.2298;900.5;NA;NA;1.13159355913381;"No"
70;"70_A12";"A12";"B329_LIKE+F16";1150;0.1654;"A";"12";"y";108.2298;900.5;NA;NA;1.27706829539145;"No"
70;"70_A2";"A2";"B329_LIKE+F16";834;0.1418;"A";"2";"y";108.2298;900.5;NA;NA;0.926152137701277;"No"
70;"70_A3";"A3";"B329_LIKE+F16";974;0.143;"A";"3";"y";108.2298;900.5;NA;NA;1.08162132148806;"No"
70;"70_A4";"A4";"B329_LIKE+F16";864;0.1338;"A";"4";"y";108.2298;900.5;NA;NA;0.959466962798445;"No"
70;"70_A5";"A5";"B329_LIKE+F16";927;0.1397;"A";"5";"y";108.2298;900.5;NA;NA;1.0294280955025;"No"
70;"70_A6";"A6";"B329_LIKE+F16";833;0.1304;"A";"6";"y";108.2298;900.5;NA;NA;0.925041643531371;"No"
70;"70_A7";"A7";"B329_LIKE+F16";861;0.1325;"A";"7";"y";108.2298;900.5;NA;NA;0.956135480288729;"No"
70;"70_A8";"A8";"B329_LIKE+F16";871;0.1334;"A";"8";"y";108.2298;900.5;NA;NA;0.967240421987785;"No"
70;"70_A9";"A9";"B329_LIKE+F16";927;0.1507;"A";"9";"y";108.2298;900.5;NA;NA;1.0294280955025;"No"
70;"70_B1";"B1";"B329_LIKE+F16";1021;0.1633;"B";"1";"y";108.2298;900.5;NA;NA;1.13381454747363;"No"
70;"70_B12";"B12";"B329_LIKE+F16";1846;0.2305;"B";"12";"y";108.2298;900.5;NA;NA;2.04997223764575;"No"
70;"70_C1";"C1";"B329_LIKE+F16";1436;0.2198;"C";"1";"y";108.2298;900.5;NA;NA;1.59466962798445;"No"
70;"70_C12";"C12";"B329_LIKE+F16";1019;0.1729;"C";"12";"y";108.2298;900.5;NA;NA;1.13159355913381;"No"
70;"70_D1";"D1";"B329_LIKE+F16";867;0.1407;"D";"1";"y";108.2298;900.5;NA;NA;0.962798445308162;"No"
70;"70_D12";"D12";"B329_LIKE+F16";962;0.1694;"D";"12";"y";108.2298;900.5;NA;NA;1.06829539144919;"No"
70;"70_E1";"E1";"B329_LIKE+F16";945;0.1689;"E";"1";"y";108.2298;900.5;NA;NA;1.0494169905608;"No"
70;"70_E12";"E12";"B329_LIKE+F16";1097;0.1849;"E";"12";"y";108.2298;900.5;NA;NA;1.21821210438645;"No"
70;"70_F1";"F1";"B329_LIKE+F16";897;0.1417;"F";"1";"y";108.2298;900.5;NA;NA;0.99611327040533;"No"
70;"70_F12";"F12";"B329_LIKE+F16";1464;0.2094;"F";"12";"y";108.2298;900.5;NA;NA;1.62576346474181;"No"
70;"70_G1";"G1";"B329_LIKE+F16";1397;0.1971;"G";"1";"y";108.2298;900.5;NA;NA;1.55136035535813;"No"
70;"70_G12";"G12";"B329_LIKE+F16";1654;0.25;"G";"12";"y";108.2298;900.5;NA;NA;1.83675735702388;"No"
71;"71_A1";"A1";"B329_LIKE+F16";829;0.1391;"A";"1";"y";134.9166;872;NA;NA;0.950688073394495;"No"
71;"71_A10";"A10";"B329_LIKE+F16";872;0.1436;"A";"10";"y";134.9166;872;NA;NA;1;"No"
71;"71_A11";"A11";"B329_LIKE+F16";797;0.1491;"A";"11";"y";134.9166;872;NA;NA;0.913990825688073;"No"
71;"71_A12";"A12";"B329_LIKE+F16";1161;0.1552;"A";"12";"y";134.9166;872;NA;NA;1.33142201834862;"No"
71;"71_A2";"A2";"B329_LIKE+F16";872;0.1404;"A";"2";"y";134.9166;872;NA;NA;1;"No"
71;"71_A3";"A3";"B329_LIKE+F16";1139;0.1551;"A";"3";"y";134.9166;872;NA;NA;1.30619266055046;"No"
71;"71_A4";"A4";"B329_LIKE+F16";880;0.1381;"A";"4";"y";134.9166;872;NA;NA;1.00917431192661;"No"
71;"71_A5";"A5";"B329_LIKE+F16";916;0.1571;"A";"5";"y";134.9166;872;NA;NA;1.05045871559633;"No"
71;"71_A6";"A6";"B329_LIKE+F16";743;0.1206;"A";"6";"y";134.9166;872;NA;NA;0.852064220183486;"No"
71;"71_A7";"A7";"B329_LIKE+F16";813;0.1355;"A";"7";"y";134.9166;872;NA;NA;0.932339449541284;"No"
71;"71_A8";"A8";"B329_LIKE+F16";812;0.1291;"A";"8";"y";134.9166;872;NA;NA;0.931192660550459;"No"
71;"71_A9";"A9";"B329_LIKE+F16";937;0.1392;"A";"9";"y";134.9166;872;NA;NA;1.07454128440367;"No"
71;"71_B1";"B1";"B329_LIKE+F16";1167;0.1785;"B";"1";"y";134.9166;872;NA;NA;1.33830275229358;"No"
71;"71_B12";"B12";"B329_LIKE+F16";1161;0.1677;"B";"12";"y";134.9166;872;NA;NA;1.33142201834862;"No"
71;"71_C1";"C1";"B329_LIKE+F16";874;0.1588;"C";"1";"y";134.9166;872;NA;NA;1.00229357798165;"No"
71;"71_C12";"C12";"B329_LIKE+F16";1202;0.1767;"C";"12";"y";134.9166;872;NA;NA;1.37844036697248;"No"
71;"71_D1";"D1";"B329_LIKE+F16";1289;0.2088;"D";"1";"y";134.9166;872;NA;NA;1.47821100917431;"No"
71;"71_D12";"D12";"B329_LIKE+F16";1305;0.2161;"D";"12";"y";134.9166;872;NA;NA;1.49655963302752;"No"
71;"71_E1";"E1";"B329_LIKE+F16";899;0.1511;"E";"1";"y";134.9166;872;NA;NA;1.03096330275229;"No"
71;"71_E12";"E12";"B329_LIKE+F16";956;0.1579;"E";"12";"y";134.9166;872;NA;NA;1.09633027522936;"No"
71;"71_F1";"F1";"B329_LIKE+F16";1052;0.1662;"F";"1";"y";134.9166;872;NA;NA;1.20642201834862;"No"
71;"71_F12";"F12";"B329_LIKE+F16";917;0.1516;"F";"12";"y";134.9166;872;NA;NA;1.05160550458716;"No"
71;"71_G1";"G1";"B329_LIKE+F16";1282;0.1991;"G";"1";"y";134.9166;872;NA;NA;1.47018348623853;"No"
71;"71_G12";"G12";"B329_LIKE+F16";1050;0.1622;"G";"12";"y";134.9166;872;NA;NA;1.20412844036697;"No"
72;"72_A1";"A1";"B329_LIKE+F16";985;0.1404;"A";"1";"y";89.6973;826.5;NA;NA;1.19177253478524;"No"
72;"72_A10";"A10";"B329_LIKE+F16";671;0.0902;"A";"10";"y";89.6973;826.5;NA;NA;0.811857229280097;"No"
72;"72_A12";"A12";"B329_LIKE+F16";756;0.1941;"A";"12";"y";89.6973;826.5;NA;NA;0.91470054446461;"No"
72;"72_A2";"A2";"B329_LIKE+F16";759;0.1278;"A";"2";"y";89.6973;826.5;NA;NA;0.918330308529946;"No"
72;"72_A3";"A3";"B329_LIKE+F16";1555;0.1632;"A";"3";"y";89.6973;826.5;NA;NA;1.88142770719903;"No"
72;"72_A4";"A4";"B329_LIKE+F16";767;0.1251;"A";"4";"y";89.6973;826.5;NA;NA;0.928009679370841;"No"
72;"72_A5";"A5";"B329_LIKE+F16";769;0.1271;"A";"5";"y";89.6973;826.5;NA;NA;0.930429522081065;"No"
72;"72_A6";"A6";"B329_LIKE+F16";900;0.139;"A";"6";"y";89.6973;826.5;NA;NA;1.08892921960073;"No"
72;"72_A7";"A7";"B329_LIKE+F16";978;0.1284;"A";"7";"y";89.6973;826.5;NA;NA;1.18330308529946;"No"
72;"72_A8";"A8";"B329_LIKE+F16";852;0.1283;"A";"8";"y";89.6973;826.5;NA;NA;1.03085299455535;"No"
72;"72_A9";"A9";"B329_LIKE+F16";844;0.1395;"A";"9";"y";89.6973;826.5;NA;NA;1.02117362371446;"No"
72;"72_B1";"B1";"B329_LIKE+F16";831;0.1448;"B";"1";"y";89.6973;826.5;NA;NA;1.005444646098;"No"
72;"72_B12";"B12";"B329_LIKE+F16";1005;0.1525;"B";"12";"y";89.6973;826.5;NA;NA;1.21597096188748;"No"
72;"72_C1";"C1";"B329_LIKE+F16";873;0.1493;"C";"1";"y";89.6973;826.5;NA;NA;1.0562613430127;"No"
72;"72_C12";"C12";"B329_LIKE+F16";1219;0.1883;"C";"12";"y";89.6973;826.5;NA;NA;1.47489413188143;"No"
72;"72_D1";"D1";"B329_LIKE+F16";916;0.1549;"D";"1";"y";89.6973;826.5;NA;NA;1.10828796128252;"No"
72;"72_D12";"D12";"B329_LIKE+F16";838;0.142;"D";"12";"y";89.6973;826.5;NA;NA;1.01391409558379;"No"
72;"72_E1";"E1";"B329_LIKE+F16";930;0.1644;"E";"1";"y";89.6973;826.5;NA;NA;1.12522686025408;"No"
72;"72_E12";"E12";"B329_LIKE+F16";917;0.1522;"E";"12";"y";89.6973;826.5;NA;NA;1.10949788263763;"No"
72;"72_F1";"F1";"B329_LIKE+F16";929;0.1545;"F";"1";"y";89.6973;826.5;NA;NA;1.12401693889897;"No"
72;"72_F12";"F12";"B329_LIKE+F16";902;0.1568;"F";"12";"y";89.6973;826.5;NA;NA;1.09134906231095;"No"
72;"72_G1";"G1";"B329_LIKE+F16";1064;0.1832;"G";"1";"y";89.6973;826.5;NA;NA;1.28735632183908;"No"
72;"72_G12";"G12";"B329_LIKE+F16";966;0.1675;"G";"12";"y";89.6973;826.5;NA;NA;1.16878402903811;"No"
73;"73_A1";"A1";"B329_LIKE+F16";764;0.1366;"A";"1";"y";114.1602;836.5;NA;NA;0.913329348475792;"No"
73;"73_A10";"A10";"B329_LIKE+F16";667;0.0913;"A";"10";"y";114.1602;836.5;NA;NA;0.797369994022714;"No"
73;"73_A11";"A11";"B329_LIKE+F16";897;0.1565;"A";"11";"y";114.1602;836.5;NA;NA;1.07232516437537;"No"
73;"73_A12";"A12";"B329_LIKE+F16";931;0.173;"A";"12";"y";114.1602;836.5;NA;NA;1.11297071129707;"No"
73;"73_A2";"A2";"B329_LIKE+F16";885;0.1608;"A";"2";"y";114.1602;836.5;NA;NA;1.05797967722654;"No"
73;"73_A3";"A3";"B329_LIKE+F16";819;0.0907;"A";"3";"y";114.1602;836.5;NA;NA;0.97907949790795;"No"
73;"73_A4";"A4";"B329_LIKE+F16";1158;0.1681;"A";"4";"y";114.1602;836.5;NA;NA;1.38433950986252;"No"
73;"73_A5";"A5";"B329_LIKE+F16";689;0.1194;"A";"5";"y";114.1602;836.5;NA;NA;0.823670053795577;"No"
73;"73_A6";"A6";"B329_LIKE+F16";679;0.1087;"A";"6";"y";114.1602;836.5;NA;NA;0.811715481171548;"No"
73;"73_A7";"A7";"B329_LIKE+F16";638;0.1156;"A";"7";"y";114.1602;836.5;NA;NA;0.76270173341303;"No"
73;"73_A8";"A8";"B329_LIKE+F16";774;0.1322;"A";"8";"y";114.1602;836.5;NA;NA;0.925283921099821;"No"
73;"73_A9";"A9";"B329_LIKE+F16";646;0.0905;"A";"9";"y";114.1602;836.5;NA;NA;0.772265391512253;"No"
73;"73_B1";"B1";"B329_LIKE+F16";953;0.172;"B";"1";"y";114.1602;836.5;NA;NA;1.13927077106993;"No"
73;"73_B12";"B12";"B329_LIKE+F16";1444;0.1867;"B";"12";"y";114.1602;836.5;NA;NA;1.72624028690974;"No"
73;"73_C1";"C1";"B329_LIKE+F16";976;0.1622;"C";"1";"y";114.1602;836.5;NA;NA;1.1667662881052;"No"
73;"73_C12";"C12";"B329_LIKE+F16";1175;0.2053;"C";"12";"y";114.1602;836.5;NA;NA;1.40466228332337;"No"
73;"73_D1";"D1";"B329_LIKE+F16";843;0.1489;"D";"1";"y";114.1602;836.5;NA;NA;1.00777047220562;"No"
73;"73_D12";"D12";"B329_LIKE+F16";897;0.1667;"D";"12";"y";114.1602;836.5;NA;NA;1.07232516437537;"No"
73;"73_E1";"E1";"B329_LIKE+F16";844;0.1481;"E";"1";"y";114.1602;836.5;NA;NA;1.00896592946802;"No"
73;"73_E12";"E12";"B329_LIKE+F16";816;0.1442;"E";"12";"y";114.1602;836.5;NA;NA;0.975493126120741;"No"
73;"73_F1";"F1";"B329_LIKE+F16";935;0.1741;"F";"1";"y";114.1602;836.5;NA;NA;1.11775254034668;"No"
73;"73_F12";"F12";"B329_LIKE+F16";971;0.1656;"F";"12";"y";114.1602;836.5;NA;NA;1.16078900179319;"No"
73;"73_G1";"G1";"B329_LIKE+F16";1195;0.2088;"G";"1";"y";114.1602;836.5;NA;NA;1.42857142857143;"No"
73;"73_G12";"G12";"B329_LIKE+F16";1170;0.2106;"G";"12";"y";114.1602;836.5;NA;NA;1.39868499701136;"No"
74;"74_A1";"A1";"B329_LIKE+F16";820;0.1529;"A";"1";"y";121.5732;808.5;NA;NA;1.01422387136673;"No"
74;"74_A10";"A10";"B329_LIKE+F16";624;0.0934;"A";"10";"y";121.5732;808.5;NA;NA;0.771799628942486;"No"
74;"74_A11";"A11";"B329_LIKE+F16";762;0.149;"A";"11";"y";121.5732;808.5;NA;NA;0.942486085343228;"No"
74;"74_A12";"A12";"B329_LIKE+F16";868;0.1588;"A";"12";"y";121.5732;808.5;NA;NA;1.07359307359307;"No"
74;"74_A2";"A2";"B329_LIKE+F16";811;0.1483;"A";"2";"y";121.5732;808.5;NA;NA;1.00309214594929;"No"
74;"74_A3";"A3";"B329_LIKE+F16";737;0.0942;"A";"3";"y";121.5732;808.5;NA;NA;0.91156462585034;"No"
74;"74_A4";"A4";"B329_LIKE+F16";981;0.1662;"A";"4";"y";121.5732;808.5;NA;NA;1.21335807050093;"No"
74;"74_A5";"A5";"B329_LIKE+F16";824;0.1416;"A";"5";"y";121.5732;808.5;NA;NA;1.01917130488559;"No"
74;"74_A6";"A6";"B329_LIKE+F16";719;0.1341;"A";"6";"y";121.5732;808.5;NA;NA;0.889301175015461;"No"
74;"74_A7";"A7";"B329_LIKE+F16";784;0.1351;"A";"7";"y";121.5732;808.5;NA;NA;0.96969696969697;"No"
74;"74_A8";"A8";"B329_LIKE+F16";668;0.1729;"A";"8";"y";121.5732;808.5;NA;NA;0.826221397649969;"No"
74;"74_A9";"A9";"B329_LIKE+F16";588;0.0917;"A";"9";"y";121.5732;808.5;NA;NA;0.727272727272727;"No"
74;"74_B1";"B1";"B329_LIKE+F16";868;0.1822;"B";"1";"y";121.5732;808.5;NA;NA;1.07359307359307;"No"
74;"74_B12";"B12";"B329_LIKE+F16";782;0.1486;"B";"12";"y";121.5732;808.5;NA;NA;0.967223252937539;"No"
74;"74_C1";"C1";"B329_LIKE+F16";792;0.158;"C";"1";"y";121.5732;808.5;NA;NA;0.979591836734694;"No"
74;"74_C12";"C12";"B329_LIKE+F16";1010;0.1805;"C";"12";"y";121.5732;808.5;NA;NA;1.24922696351268;"No"
74;"74_D1";"D1";"B329_LIKE+F16";676;0.1519;"D";"1";"y";121.5732;808.5;NA;NA;0.836116264687693;"No"
74;"74_D12";"D12";"B329_LIKE+F16";829;0.1345;"D";"12";"y";121.5732;808.5;NA;NA;1.02535559678417;"No"
74;"74_E1";"E1";"B329_LIKE+F16";702;0.134;"E";"1";"y";121.5732;808.5;NA;NA;0.868274582560297;"No"
74;"74_E12";"E12";"B329_LIKE+F16";1013;0.2029;"E";"12";"y";121.5732;808.5;NA;NA;1.25293753865182;"No"
74;"74_F1";"F1";"B329_LIKE+F16";773;0.1498;"F";"1";"y";121.5732;808.5;NA;NA;0.956091527520099;"No"
74;"74_F12";"F12";"B329_LIKE+F16";804;0.1445;"F";"12";"y";121.5732;808.5;NA;NA;0.99443413729128;"No"
74;"74_G1";"G1";"B329_LIKE+F16";756;0.145;"G";"1";"y";121.5732;808.5;NA;NA;0.935064935064935;"No"
74;"74_G12";"G12";"B329_LIKE+F16";584;0.2991;"G";"12";"y";121.5732;808.5;NA;NA;0.722325293753865;"No"
75;"75_A1";"A1";"B329_LIKE+F16";845;0.1564;"A";"1";"y";123.7971;662;NA;NA;1.27643504531722;"No"
75;"75_A10";"A10";"B329_LIKE+F16";745;0.1301;"A";"10";"y";123.7971;662;NA;NA;1.12537764350453;"No"
75;"75_A11";"A11";"B329_LIKE+F16";590;0.1159;"A";"11";"y";123.7971;662;NA;NA;0.891238670694864;"No"
75;"75_A12";"A12";"B329_LIKE+F16";642;0.1219;"A";"12";"y";123.7971;662;NA;NA;0.969788519637462;"No"
75;"75_A2";"A2";"B329_LIKE+F16";666;0.134;"A";"2";"y";123.7971;662;NA;NA;1.00604229607251;"No"
75;"75_A3";"A3";"B329_LIKE+F16";406;0.0945;"A";"3";"y";123.7971;662;NA;NA;0.613293051359517;"No"
75;"75_A4";"A4";"B329_LIKE+F16";611;0.1409;"A";"4";"y";123.7971;662;NA;NA;0.922960725075529;"No"
75;"75_A5";"A5";"B329_LIKE+F16";524;0.1185;"A";"5";"y";123.7971;662;NA;NA;0.791540785498489;"No"
75;"75_A7";"A7";"B329_LIKE+F16";580;0.1102;"A";"7";"y";123.7971;662;NA;NA;0.876132930513595;"No"
75;"75_A8";"A8";"B329_LIKE+F16";600;0.1183;"A";"8";"y";123.7971;662;NA;NA;0.906344410876133;"No"
75;"75_A9";"A9";"B329_LIKE+F16";546;0.1046;"A";"9";"y";123.7971;662;NA;NA;0.824773413897281;"No"
75;"75_B1";"B1";"B329_LIKE+F16";816;0.161;"B";"1";"y";123.7971;662;NA;NA;1.23262839879154;"No"
75;"75_B12";"B12";"B329_LIKE+F16";672;0.1258;"B";"12";"y";123.7971;662;NA;NA;1.01510574018127;"No"
75;"75_C1";"C1";"B329_LIKE+F16";662;0.1298;"C";"1";"y";123.7971;662;NA;NA;1;"No"
75;"75_C12";"C12";"B329_LIKE+F16";766;0.1331;"C";"12";"y";123.7971;662;NA;NA;1.1570996978852;"No"
75;"75_D1";"D1";"B329_LIKE+F16";783;0.1632;"D";"1";"y";123.7971;662;NA;NA;1.18277945619335;"No"
75;"75_D12";"D12";"B329_LIKE+F16";659;0.1254;"D";"12";"y";123.7971;662;NA;NA;0.995468277945619;"No"
75;"75_E1";"E1";"B329_LIKE+F16";787;0.139;"E";"1";"y";123.7971;662;NA;NA;1.18882175226586;"No"
75;"75_E12";"E12";"B329_LIKE+F16";647;0.1398;"E";"12";"y";123.7971;662;NA;NA;0.977341389728097;"No"
75;"75_F1";"F1";"B329_LIKE+F16";899;0.183;"F";"1";"y";123.7971;662;NA;NA;1.35800604229607;"No"
75;"75_F12";"F12";"B329_LIKE+F16";916;0.1674;"F";"12";"y";123.7971;662;NA;NA;1.38368580060423;"No"
75;"75_G1";"G1";"B329_LIKE+F16";889;0.1604;"G";"1";"y";123.7971;662;NA;NA;1.3429003021148;"No"
75;"75_G12";"G12";"B329_LIKE+F16";822;0.1534;"G";"12";"y";123.7971;662;NA;NA;1.2416918429003;"No"
76;"76_A1";"A1";"B329_LIKE+F16";521;0.1295;"A";"1";"y";63.0105;565.5;NA;NA;0.92130857648099;"No"
76;"76_A10";"A10";"B329_LIKE+F16";528;0.1074;"A";"10";"y";63.0105;565.5;NA;NA;0.93368700265252;"No"
76;"76_A11";"A11";"B329_LIKE+F16";520;0.1081;"A";"11";"y";63.0105;565.5;NA;NA;0.919540229885057;"No"
76;"76_A12";"A12";"B329_LIKE+F16";678;0.1095;"A";"12";"y";63.0105;565.5;NA;NA;1.19893899204244;"No"
76;"76_A2";"A2";"B329_LIKE+F16";529;0.1297;"A";"2";"y";63.0105;565.5;NA;NA;0.935455349248453;"No"
76;"76_A3";"A3";"B329_LIKE+F16";586;0.1097;"A";"3";"y";63.0105;565.5;NA;NA;1.03625110521662;"No"
76;"76_A4";"A4";"B329_LIKE+F16";603;0.1111;"A";"4";"y";63.0105;565.5;NA;NA;1.06631299734748;"No"
76;"76_A5";"A5";"B329_LIKE+F16";509;0.1028;"A";"5";"y";63.0105;565.5;NA;NA;0.900088417329797;"No"
76;"76_A6";"A6";"B329_LIKE+F16";475;0.1031;"A";"6";"y";63.0105;565.5;NA;NA;0.839964633068081;"No"
76;"76_A7";"A7";"B329_LIKE+F16";514;0.1038;"A";"7";"y";63.0105;565.5;NA;NA;0.908930150309461;"No"
76;"76_A8";"A8";"B329_LIKE+F16";525;0.1031;"A";"8";"y";63.0105;565.5;NA;NA;0.928381962864722;"No"
76;"76_A9";"A9";"B329_LIKE+F16";735;0.1114;"A";"9";"y";63.0105;565.5;NA;NA;1.29973474801061;"No"
76;"76_B1";"B1";"B329_LIKE+F16";502;0.1093;"B";"1";"y";63.0105;565.5;NA;NA;0.887709991158267;"No"
76;"76_B12";"B12";"B329_LIKE+F16";523;0.1022;"B";"12";"y";63.0105;565.5;NA;NA;0.924845269672856;"No"
76;"76_C1";"C1";"B329_LIKE+F16";534;0.1154;"C";"1";"y";63.0105;565.5;NA;NA;0.944297082228117;"No"
76;"76_C12";"C12";"B329_LIKE+F16";814;0.1335;"C";"12";"y";63.0105;565.5;NA;NA;1.4394341290893;"No"
76;"76_D1";"D1";"B329_LIKE+F16";523;0.1052;"D";"1";"y";63.0105;565.5;NA;NA;0.924845269672856;"No"
76;"76_D12";"D12";"B329_LIKE+F16";612;0.1117;"D";"12";"y";63.0105;565.5;NA;NA;1.08222811671088;"No"
76;"76_E1";"E1";"B329_LIKE+F16";647;0.135;"E";"1";"y";63.0105;565.5;NA;NA;1.14412024756852;"No"
76;"76_E12";"E12";"B329_LIKE+F16";604;0.1193;"E";"12";"y";63.0105;565.5;NA;NA;1.06808134394341;"No"
76;"76_F1";"F1";"B329_LIKE+F16";573;0.1154;"F";"1";"y";63.0105;565.5;NA;NA;1.0132625994695;"No"
76;"76_F12";"F12";"B329_LIKE+F16";677;0.1313;"F";"12";"y";63.0105;565.5;NA;NA;1.19717064544651;"No"
76;"76_G1";"G1";"B329_LIKE+F16";576;0.1162;"G";"1";"y";63.0105;565.5;NA;NA;1.01856763925729;"No"
76;"76_G12";"G12";"B329_LIKE+F16";808;0.1366;"G";"12";"y";63.0105;565.5;NA;NA;1.4288240495137;"No"
77;"77_A1";"A1";"B329_LIKE+F16";632;0.1106;"A";"1";"y";100.8168;565.5;NA;NA;1.11759504862953;"No"
77;"77_A10";"A10";"B329_LIKE+F16";674;0.0901;"A";"10";"y";100.8168;565.5;NA;NA;1.19186560565871;"No"
77;"77_A11";"A11";"B329_LIKE+F16";642;0.1073;"A";"11";"y";100.8168;565.5;NA;NA;1.13527851458886;"No"
77;"77_A12";"A12";"B329_LIKE+F16";817;0.1247;"A";"12";"y";100.8168;565.5;NA;NA;1.4447391688771;"No"
77;"77_A2";"A2";"B329_LIKE+F16";518;0.1075;"A";"2";"y";100.8168;565.5;NA;NA;0.916003536693192;"No"
77;"77_A3";"A3";"B329_LIKE+F16";492;0.1033;"A";"3";"y";100.8168;565.5;NA;NA;0.870026525198939;"No"
77;"77_A4";"A4";"B329_LIKE+F16";560;0.1033;"A";"4";"y";100.8168;565.5;NA;NA;0.99027409372237;"No"
77;"77_A5";"A5";"B329_LIKE+F16";500;0.1005;"A";"5";"y";100.8168;565.5;NA;NA;0.884173297966401;"No"
77;"77_A6";"A6";"B329_LIKE+F16";518;0.0978;"A";"6";"y";100.8168;565.5;NA;NA;0.916003536693192;"No"
77;"77_A7";"A7";"B329_LIKE+F16";535;0.099;"A";"7";"y";100.8168;565.5;NA;NA;0.94606542882405;"No"
77;"77_A8";"A8";"B329_LIKE+F16";542;0.0994;"A";"8";"y";100.8168;565.5;NA;NA;0.958443854995579;"No"
77;"77_A9";"A9";"B329_LIKE+F16";796;0.1441;"A";"9";"y";100.8168;565.5;NA;NA;1.40760389036251;"No"
77;"77_B1";"B1";"B329_LIKE+F16";692;0.1152;"B";"1";"y";100.8168;565.5;NA;NA;1.2236958443855;"No"
77;"77_B12";"B12";"B329_LIKE+F16";674;0.1138;"B";"12";"y";100.8168;565.5;NA;NA;1.19186560565871;"No"
77;"77_C1";"C1";"B329_LIKE+F16";541;0.1107;"C";"1";"y";100.8168;565.5;NA;NA;0.956675508399646;"No"
77;"77_C12";"C12";"B329_LIKE+F16";852;0.1283;"C";"12";"y";100.8168;565.5;NA;NA;1.50663129973475;"No"
77;"77_D1";"D1";"B329_LIKE+F16";802;0.1281;"D";"1";"y";100.8168;565.5;NA;NA;1.41821396993811;"No"
77;"77_D12";"D12";"B329_LIKE+F16";710;0.1205;"D";"12";"y";100.8168;565.5;NA;NA;1.25552608311229;"No"
77;"77_E1";"E1";"B329_LIKE+F16";555;0.1065;"E";"1";"y";100.8168;565.5;NA;NA;0.981432360742706;"No"
77;"77_E12";"E12";"B329_LIKE+F16";635;0.1203;"E";"12";"y";100.8168;565.5;NA;NA;1.12290008841733;"No"
77;"77_F1";"F1";"B329_LIKE+F16";596;0.1099;"F";"1";"y";100.8168;565.5;NA;NA;1.05393457117595;"No"
77;"77_F12";"F12";"B329_LIKE+F16";678;0.1283;"F";"12";"y";100.8168;565.5;NA;NA;1.19893899204244;"No"
77;"77_G1";"G1";"B329_LIKE+F16";592;0.1133;"G";"1";"y";100.8168;565.5;NA;NA;1.04686118479222;"No"
77;"77_G12";"G12";"B329_LIKE+F16";726;0.1492;"G";"12";"y";100.8168;565.5;NA;NA;1.28381962864721;"No"
78;"78_A1";"A1";"B329_LIKE+F16";789;0.1397;"A";"1";"y";117.8667;704.5;NA;NA;1.11994322214336;"No"
78;"78_A10";"A10";"B329_LIKE+F16";894;0.0942;"A";"10";"y";117.8667;704.5;NA;NA;1.26898509581263;"No"
78;"78_A11";"A11";"B329_LIKE+F16";1108;0.0963;"A";"11";"y";117.8667;704.5;NA;NA;1.57274662881476;"No"
78;"78_A12";"A12";"B329_LIKE+F16";606;0.0908;"A";"12";"y";117.8667;704.5;NA;NA;0.860184528034067;"No"
78;"78_A2";"A2";"B329_LIKE+F16";707;0.1212;"A";"2";"y";117.8667;704.5;NA;NA;1.00354861603974;"No"
78;"78_A3";"A3";"B329_LIKE+F16";484;0.0876;"A";"3";"y";117.8667;704.5;NA;NA;0.687012065294535;"No"
78;"78_A4";"A4";"B329_LIKE+F16";741;0.0908;"A";"4";"y";117.8667;704.5;NA;NA;1.05180979418027;"No"
78;"78_A5";"A5";"B329_LIKE+F16";657;0.1139;"A";"5";"y";117.8667;704.5;NA;NA;0.932576295244855;"No"
78;"78_A6";"A6";"B329_LIKE+F16";594;0.1039;"A";"6";"y";117.8667;704.5;NA;NA;0.843151171043293;"No"
78;"78_A7";"A7";"B329_LIKE+F16";658;0.1105;"A";"7";"y";117.8667;704.5;NA;NA;0.933995741660752;"No"
78;"78_A8";"A8";"B329_LIKE+F16";645;0.0879;"A";"8";"y";117.8667;704.5;NA;NA;0.915542938254081;"No"
78;"78_A9";"A9";"B329_LIKE+F16";854;0.0966;"A";"9";"y";117.8667;704.5;NA;NA;1.21220723917672;"No"
78;"78_B1";"B1";"B329_LIKE+F16";636;0.1213;"B";"1";"y";117.8667;704.5;NA;NA;0.902767920511001;"No"
78;"78_B12";"B12";"B329_LIKE+F16";889;0.1708;"B";"12";"y";117.8667;704.5;NA;NA;1.26188786373314;"No"
78;"78_C1";"C1";"B329_LIKE+F16";567;0.1097;"C";"1";"y";117.8667;704.5;NA;NA;0.804826117814053;"No"
78;"78_C12";"C12";"B329_LIKE+F16";606;0.1282;"C";"12";"y";117.8667;704.5;NA;NA;0.860184528034067;"No"
78;"78_D1";"D1";"B329_LIKE+F16";631;0.1153;"D";"1";"y";117.8667;704.5;NA;NA;0.895670688431512;"No"
78;"78_D12";"D12";"B329_LIKE+F16";714;0.1421;"D";"12";"y";117.8667;704.5;NA;NA;1.01348474095103;"No"
78;"78_E1";"E1";"B329_LIKE+F16";707;0.117;"E";"1";"y";117.8667;704.5;NA;NA;1.00354861603974;"No"
78;"78_E12";"E12";"B329_LIKE+F16";899;0.1561;"E";"12";"y";117.8667;704.5;NA;NA;1.27608232789212;"No"
78;"78_F1";"F1";"B329_LIKE+F16";778;0.111;"F";"1";"y";117.8667;704.5;NA;NA;1.10432931156849;"No"
78;"78_F12";"F12";"B329_LIKE+F16";717;0.1553;"F";"12";"y";117.8667;704.5;NA;NA;1.01774308019872;"No"
78;"78_G1";"G1";"B329_LIKE+F16";789;0.1299;"G";"1";"y";117.8667;704.5;NA;NA;1.11994322214336;"No"
78;"78_G12";"G12";"B329_LIKE+F16";686;0.1422;"G";"12";"y";117.8667;704.5;NA;NA;0.973740241305891;"No"
79;"79_A1";"A1";"B329_LIKE+F16";849;0.2198;"A";"1";"y";96.369;784.5;NA;NA;1.08221797323136;"No"
79;"79_A10";"A10";"B329_LIKE+F16";603;0.0878;"A";"10";"y";96.369;784.5;NA;NA;0.768642447418738;"No"
79;"79_A11";"A11";"B329_LIKE+F16";743;0.1446;"A";"11";"y";96.369;784.5;NA;NA;0.947100063734863;"No"
79;"79_A12";"A12";"B329_LIKE+F16";758;0.1434;"A";"12";"y";96.369;784.5;NA;NA;0.966220522625876;"No"
79;"79_A2";"A2";"B329_LIKE+F16";859;0.2069;"A";"2";"y";96.369;784.5;NA;NA;1.09496494582537;"No"
79;"79_A4";"A4";"B329_LIKE+F16";589;0.0873;"A";"4";"y";96.369;784.5;NA;NA;0.750796685787126;"No"
79;"79_A5";"A5";"B329_LIKE+F16";670;0.1539;"A";"5";"y";96.369;784.5;NA;NA;0.854047163798598;"No"
79;"79_A7";"A7";"B329_LIKE+F16";655;0.1331;"A";"7";"y";96.369;784.5;NA;NA;0.834926704907584;"No"
79;"79_A8";"A8";"B329_LIKE+F16";629;0.1325;"A";"8";"y";96.369;784.5;NA;NA;0.801784576163161;"No"
79;"79_A9";"A9";"B329_LIKE+F16";735;0.0932;"A";"9";"y";96.369;784.5;NA;NA;0.936902485659656;"No"
79;"79_B1";"B1";"B329_LIKE+F16";928;0.2022;"B";"1";"y";96.369;784.5;NA;NA;1.18291905672403;"No"
79;"79_B12";"B12";"B329_LIKE+F16";784;0.1613;"B";"12";"y";96.369;784.5;NA;NA;0.9993626513703;"No"
79;"79_C1";"C1";"B329_LIKE+F16";817;0.1938;"C";"1";"y";96.369;784.5;NA;NA;1.04142766093053;"No"
79;"79_C12";"C12";"B329_LIKE+F16";779;0.165;"C";"12";"y";96.369;784.5;NA;NA;0.992989165073295;"No"
79;"79_D1";"D1";"B329_LIKE+F16";832;0.195;"D";"1";"y";96.369;784.5;NA;NA;1.06054811982154;"No"
79;"79_D12";"D12";"B329_LIKE+F16";729;0.1533;"D";"12";"y";96.369;784.5;NA;NA;0.92925430210325;"No"
79;"79_E1";"E1";"B329_LIKE+F16";859;0.1895;"E";"1";"y";96.369;784.5;NA;NA;1.09496494582537;"No"
79;"79_E12";"E12";"B329_LIKE+F16";724;0.1603;"E";"12";"y";96.369;784.5;NA;NA;0.922880815806246;"No"
79;"79_F1";"F1";"B329_LIKE+F16";735;0.1642;"F";"1";"y";96.369;784.5;NA;NA;0.936902485659656;"No"
79;"79_F12";"F12";"B329_LIKE+F16";849;0.1703;"F";"12";"y";96.369;784.5;NA;NA;1.08221797323136;"No"
79;"79_G1";"G1";"B329_LIKE+F16";870;0.1752;"G";"1";"y";96.369;784.5;NA;NA;1.10898661567878;"No"
79;"79_G12";"G12";"B329_LIKE+F16";1004;0.2116;"G";"12";"y";96.369;784.5;NA;NA;1.2797960484385;"No"
80;"80_A1";"A1";"B329_LIKE+F16";730;0.1456;"A";"1";"y";85.9908;698;NA;NA;1.0458452722063;"No"
80;"80_A10";"A10";"B329_LIKE+F16";940;0.0913;"A";"10";"y";85.9908;698;NA;NA;1.34670487106017;"No"
80;"80_A11";"A11";"B329_LIKE+F16";1008;0.1842;"A";"11";"y";85.9908;698;NA;NA;1.44412607449857;"No"
80;"80_A12";"A12";"B329_LIKE+F16";673;0.2054;"A";"12";"y";85.9908;698;NA;NA;0.964183381088825;"No"
80;"80_A2";"A2";"B329_LIKE+F16";510;0.0868;"A";"2";"y";85.9908;698;NA;NA;0.730659025787966;"No"
80;"80_A3";"A3";"B329_LIKE+F16";693;0.0898;"A";"3";"y";85.9908;698;NA;NA;0.992836676217765;"No"
80;"80_A4";"A4";"B329_LIKE+F16";666;0.0891;"A";"4";"y";85.9908;698;NA;NA;0.954154727793696;"No"
80;"80_A5";"A5";"B329_LIKE+F16";833;0.1447;"A";"5";"y";85.9908;698;NA;NA;1.19340974212034;"No"
80;"80_A6";"A6";"B329_LIKE+F16";778;0.127;"A";"6";"y";85.9908;698;NA;NA;1.11461318051576;"No"
80;"80_A7";"A7";"B329_LIKE+F16";779;0.149;"A";"7";"y";85.9908;698;NA;NA;1.11604584527221;"No"
80;"80_A8";"A8";"B329_LIKE+F16";999;0.1829;"A";"8";"y";85.9908;698;NA;NA;1.43123209169054;"No"
80;"80_A9";"A9";"B329_LIKE+F16";872;0.0913;"A";"9";"y";85.9908;698;NA;NA;1.24928366762178;"No"
80;"80_B1";"B1";"B329_LIKE+F16";740;0.1337;"B";"1";"y";85.9908;698;NA;NA;1.06017191977077;"No"
80;"80_B12";"B12";"B329_LIKE+F16";829;0.1705;"B";"12";"y";85.9908;698;NA;NA;1.18767908309456;"No"
80;"80_C1";"C1";"B329_LIKE+F16";712;0.1127;"C";"1";"y";85.9908;698;NA;NA;1.02005730659026;"No"
80;"80_C12";"C12";"B329_LIKE+F16";699;0.1434;"C";"12";"y";85.9908;698;NA;NA;1.00143266475645;"No"
80;"80_D1";"D1";"B329_LIKE+F16";618;0.1117;"D";"1";"y";85.9908;698;NA;NA;0.885386819484241;"No"
80;"80_D12";"D12";"B329_LIKE+F16";806;0.1662;"D";"12";"y";85.9908;698;NA;NA;1.15472779369627;"No"
80;"80_E1";"E1";"B329_LIKE+F16";958;0.157;"E";"1";"y";85.9908;698;NA;NA;1.37249283667622;"No"
80;"80_E12";"E12";"B329_LIKE+F16";704;0.1584;"E";"12";"y";85.9908;698;NA;NA;1.00859598853868;"No"
80;"80_F1";"F1";"B329_LIKE+F16";793;0.1474;"F";"1";"y";85.9908;698;NA;NA;1.13610315186246;"No"
80;"80_F12";"F12";"B329_LIKE+F16";792;0.1666;"F";"12";"y";85.9908;698;NA;NA;1.13467048710602;"No"
80;"80_G1";"G1";"B329_LIKE+F16";805;0.1593;"G";"1";"y";85.9908;698;NA;NA;1.15329512893983;"No"
80;"80_G12";"G12";"B329_LIKE+F16";757;0.1688;"G";"12";"y";85.9908;698;NA;NA;1.08452722063037;"No"
81;"81_A1";"A1";"B329_LIKE+F16";1177;0.1794;"A";"1";"y";51.891;701;NA;NA;1.67902995720399;"No"
81;"81_A10";"A10";"B329_LIKE+F16";699;0.1418;"A";"10";"y";51.891;701;NA;NA;0.997146932952924;"No"
81;"81_A11";"A11";"B329_LIKE+F16";806;0.1579;"A";"11";"y";51.891;701;NA;NA;1.14978601997147;"No"
81;"81_A12";"A12";"B329_LIKE+F16";963;0.1855;"A";"12";"y";51.891;701;NA;NA;1.3737517831669;"No"
81;"81_A2";"A2";"B329_LIKE+F16";765;0.1568;"A";"2";"y";51.891;701;NA;NA;1.09129814550642;"No"
81;"81_A3";"A3";"B329_LIKE+F16";843;0.1596;"A";"3";"y";51.891;701;NA;NA;1.20256776034237;"No"
81;"81_A4";"A4";"B329_LIKE+F16";704;0.1249;"A";"4";"y";51.891;701;NA;NA;1.00427960057061;"No"
81;"81_A5";"A5";"B329_LIKE+F16";698;0.1311;"A";"5";"y";51.891;701;NA;NA;0.995720399429387;"No"
81;"81_A6";"A6";"B329_LIKE+F16";646;0.1306;"A";"6";"y";51.891;701;NA;NA;0.921540656205421;"No"
81;"81_A7";"A7";"B329_LIKE+F16";650;0.1259;"A";"7";"y";51.891;701;NA;NA;0.927246790299572;"No"
81;"81_A8";"A8";"B329_LIKE+F16";622;0.1259;"A";"8";"y";51.891;701;NA;NA;0.887303851640514;"No"
81;"81_A9";"A9";"B329_LIKE+F16";717;0.1327;"A";"9";"y";51.891;701;NA;NA;1.0228245363766;"No"
81;"81_B1";"B1";"B329_LIKE+F16";686;0.1353;"B";"1";"y";51.891;701;NA;NA;0.978601997146933;"No"
81;"81_B12";"B12";"B329_LIKE+F16";781;0.1531;"B";"12";"y";51.891;701;NA;NA;1.11412268188302;"No"
81;"81_C1";"C1";"B329_LIKE+F16";701;0.136;"C";"1";"y";51.891;701;NA;NA;1;"No"
81;"81_C12";"C12";"B329_LIKE+F16";719;0.1422;"C";"12";"y";51.891;701;NA;NA;1.02567760342368;"No"
81;"81_D1";"D1";"B329_LIKE+F16";823;0.1432;"D";"1";"y";51.891;701;NA;NA;1.17403708987161;"No"
81;"81_D12";"D12";"B329_LIKE+F16";736;0.1508;"D";"12";"y";51.891;701;NA;NA;1.04992867332382;"No"
81;"81_E1";"E1";"B329_LIKE+F16";787;0.1601;"E";"1";"y";51.891;701;NA;NA;1.12268188302425;"No"
81;"81_E12";"E12";"B329_LIKE+F16";760;0.1494;"E";"12";"y";51.891;701;NA;NA;1.08416547788873;"No"
81;"81_F1";"F1";"B329_LIKE+F16";796;0.1794;"F";"1";"y";51.891;701;NA;NA;1.13552068473609;"No"
81;"81_F12";"F12";"B329_LIKE+F16";781;0.1631;"F";"12";"y";51.891;701;NA;NA;1.11412268188302;"No"
81;"81_G1";"G1";"B329_LIKE+F16";849;0.1655;"G";"1";"y";51.891;701;NA;NA;1.21112696148359;"No"
81;"81_G12";"G12";"B329_LIKE+F16";766;0.1654;"G";"12";"y";51.891;701;NA;NA;1.09272467902996;"No"
82;"82_A1";"A1";"B329_LIKE+F16";718;0.1488;"A";"1";"y";54.1149;680;NA;NA;1.05588235294118;"No"
82;"82_A10";"A10";"B329_LIKE+F16";702;0.1427;"A";"10";"y";54.1149;680;NA;NA;1.03235294117647;"No"
82;"82_A11";"A11";"B329_LIKE+F16";734;0.1562;"A";"11";"y";54.1149;680;NA;NA;1.07941176470588;"No"
82;"82_A12";"A12";"B329_LIKE+F16";698;0.1582;"A";"12";"y";54.1149;680;NA;NA;1.02647058823529;"No"
82;"82_A2";"A2";"B329_LIKE+F16";686;0.1396;"A";"2";"y";54.1149;680;NA;NA;1.00882352941176;"No"
82;"82_A3";"A3";"B329_LIKE+F16";603;0.1182;"A";"3";"y";54.1149;680;NA;NA;0.886764705882353;"No"
82;"82_A4";"A4";"B329_LIKE+F16";691;0.1407;"A";"4";"y";54.1149;680;NA;NA;1.01617647058824;"No"
82;"82_A5";"A5";"B329_LIKE+F16";604;0.1252;"A";"5";"y";54.1149;680;NA;NA;0.888235294117647;"No"
82;"82_A6";"A6";"B329_LIKE+F16";616;0.1237;"A";"6";"y";54.1149;680;NA;NA;0.905882352941176;"No"
82;"82_A7";"A7";"B329_LIKE+F16";642;0.1254;"A";"7";"y";54.1149;680;NA;NA;0.944117647058824;"No"
82;"82_A8";"A8";"B329_LIKE+F16";687;0.138;"A";"8";"y";54.1149;680;NA;NA;1.01029411764706;"No"
82;"82_A9";"A9";"B329_LIKE+F16";643;0.1351;"A";"9";"y";54.1149;680;NA;NA;0.945588235294118;"No"
82;"82_B1";"B1";"B329_LIKE+F16";763;0.1534;"B";"1";"y";54.1149;680;NA;NA;1.12205882352941;"No"
82;"82_B12";"B12";"B329_LIKE+F16";699;0.1449;"B";"12";"y";54.1149;680;NA;NA;1.02794117647059;"No"
82;"82_C1";"C1";"B329_LIKE+F16";751;0.14;"C";"1";"y";54.1149;680;NA;NA;1.10441176470588;"No"
82;"82_C12";"C12";"B329_LIKE+F16";600;0.134;"C";"12";"y";54.1149;680;NA;NA;0.88235294117647;"No"
82;"82_D1";"D1";"B329_LIKE+F16";739;0.1405;"D";"1";"y";54.1149;680;NA;NA;1.08676470588235;"No"
82;"82_D12";"D12";"B329_LIKE+F16";636;0.19;"D";"12";"y";54.1149;680;NA;NA;0.935294117647059;"No"
82;"82_E1";"E1";"B329_LIKE+F16";805;0.157;"E";"1";"y";54.1149;680;NA;NA;1.18382352941176;"No"
82;"82_E12";"E12";"B329_LIKE+F16";793;0.1814;"E";"12";"y";54.1149;680;NA;NA;1.16617647058824;"No"
82;"82_F1";"F1";"B329_LIKE+F16";623;0.157;"F";"1";"y";54.1149;680;NA;NA;0.916176470588235;"No"
82;"82_F12";"F12";"B329_LIKE+F16";715;0.1507;"F";"12";"y";54.1149;680;NA;NA;1.05147058823529;"No"
82;"82_G1";"G1";"B329_LIKE+F16";710;0.1538;"G";"1";"y";54.1149;680;NA;NA;1.04411764705882;"No"
82;"82_G12";"G12";"B329_LIKE+F16";836;0.1754;"G";"12";"y";54.1149;680;NA;NA;1.22941176470588;"No"
83;"83_A1";"A1";"B329_LIKE+F16";861;0.174;"A";"1";"y";102.2994;818;NA;NA;1.05256723716381;"No"
83;"83_A10";"A10";"B329_LIKE+F16";840;0.1706;"A";"10";"y";102.2994;818;NA;NA;1.02689486552567;"No"
83;"83_A11";"A11";"B329_LIKE+F16";875;0.1706;"A";"11";"y";102.2994;818;NA;NA;1.06968215158924;"No"
83;"83_A12";"A12";"B329_LIKE+F16";845;0.1754;"A";"12";"y";102.2994;818;NA;NA;1.03300733496333;"No"
83;"83_A2";"A2";"B329_LIKE+F16";775;0.1665;"A";"2";"y";102.2994;818;NA;NA;0.947432762836186;"No"
83;"83_A3";"A3";"B329_LIKE+F16";931;0.1708;"A";"3";"y";102.2994;818;NA;NA;1.13814180929095;"No"
83;"83_A4";"A4";"B329_LIKE+F16";924;0.1798;"A";"4";"y";102.2994;818;NA;NA;1.12958435207824;"No"
83;"83_A5";"A5";"B329_LIKE+F16";855;0.1638;"A";"5";"y";102.2994;818;NA;NA;1.04523227383863;"No"
83;"83_A6";"A6";"B329_LIKE+F16";749;0.1432;"A";"6";"y";102.2994;818;NA;NA;0.915647921760391;"No"
83;"83_A7";"A7";"B329_LIKE+F16";927;0.1742;"A";"7";"y";102.2994;818;NA;NA;1.13325183374083;"No"
83;"83_A8";"A8";"B329_LIKE+F16";892;0.1614;"A";"8";"y";102.2994;818;NA;NA;1.09046454767726;"No"
83;"83_A9";"A9";"B329_LIKE+F16";748;0.1528;"A";"9";"y";102.2994;818;NA;NA;0.914425427872861;"No"
83;"83_B1";"B1";"B329_LIKE+F16";1276;0.2259;"B";"1";"y";102.2994;818;NA;NA;1.559902200489;"No"
83;"83_B12";"B12";"B329_LIKE+F16";829;0.1657;"B";"12";"y";102.2994;818;NA;NA;1.01344743276284;"No"
83;"83_C1";"C1";"B329_LIKE+F16";989;0.1963;"C";"1";"y";102.2994;818;NA;NA;1.20904645476773;"No"
83;"83_C12";"C12";"B329_LIKE+F16";868;0.1634;"C";"12";"y";102.2994;818;NA;NA;1.06112469437653;"No"
83;"83_D1";"D1";"B329_LIKE+F16";994;0.1855;"D";"1";"y";102.2994;818;NA;NA;1.21515892420538;"No"
83;"83_D12";"D12";"B329_LIKE+F16";768;0.1511;"D";"12";"y";102.2994;818;NA;NA;0.938875305623472;"No"
83;"83_E1";"E1";"B329_LIKE+F16";959;0.179;"E";"1";"y";102.2994;818;NA;NA;1.17237163814181;"No"
83;"83_E12";"E12";"B329_LIKE+F16";835;0.1646;"E";"12";"y";102.2994;818;NA;NA;1.02078239608802;"No"
83;"83_F1";"F1";"B329_LIKE+F16";627;0.1079;"F";"1";"y";102.2994;818;NA;NA;0.766503667481663;"No"
83;"83_F12";"F12";"B329_LIKE+F16";1035;0.1861;"F";"12";"y";102.2994;818;NA;NA;1.26528117359413;"No"
83;"83_G1";"G1";"B329_LIKE+F16";1049;0.1643;"G";"1";"y";102.2994;818;NA;NA;1.28239608801956;"No"
83;"83_G12";"G12";"B329_LIKE+F16";869;0.1795;"G";"12";"y";102.2994;818;NA;NA;1.06234718826406;"No"
84;"84_A1";"A1";"B329_LIKE+F16";1079;0.2118;"A";"1";"y";81.543;679.5;NA;NA;1.58793230316409;"No"
84;"84_A10";"A10";"B329_LIKE+F16";795;0.1552;"A";"10";"y";81.543;679.5;NA;NA;1.16997792494481;"No"
84;"84_A11";"A11";"B329_LIKE+F16";652;0.1219;"A";"11";"y";81.543;679.5;NA;NA;0.95952906548933;"No"
84;"84_A12";"A12";"B329_LIKE+F16";854;0.1652;"A";"12";"y";81.543;679.5;NA;NA;1.25680647534952;"No"
84;"84_A2";"A2";"B329_LIKE+F16";810;0.1614;"A";"2";"y";81.543;679.5;NA;NA;1.19205298013245;"No"
84;"84_A3";"A3";"B329_LIKE+F16";823;0.1733;"A";"3";"y";81.543;679.5;NA;NA;1.2111846946284;"No"
84;"84_A4";"A4";"B329_LIKE+F16";835;0.1743;"A";"4";"y";81.543;679.5;NA;NA;1.22884473877851;"No"
84;"84_A5";"A5";"B329_LIKE+F16";734;0.1517;"A";"5";"y";81.543;679.5;NA;NA;1.08020603384842;"No"
84;"84_A6";"A6";"B329_LIKE+F16";788;0.1544;"A";"6";"y";81.543;679.5;NA;NA;1.15967623252391;"No"
84;"84_A7";"A7";"B329_LIKE+F16";613;0.126;"A";"7";"y";81.543;679.5;NA;NA;0.902133922001472;"No"
84;"84_A8";"A8";"B329_LIKE+F16";725;0.1392;"A";"8";"y";81.543;679.5;NA;NA;1.06696100073584;"No"
84;"84_A9";"A9";"B329_LIKE+F16";612;0.1281;"A";"9";"y";81.543;679.5;NA;NA;0.900662251655629;"No"
84;"84_B1";"B1";"B329_LIKE+F16";807;0.1458;"B";"1";"y";81.543;679.5;NA;NA;1.18763796909492;"No"
84;"84_B12";"B12";"B329_LIKE+F16";659;0.1264;"B";"12";"y";81.543;679.5;NA;NA;0.969830757910228;"No"
84;"84_C1";"C1";"B329_LIKE+F16";624;0.1219;"C";"1";"y";81.543;679.5;NA;NA;0.91832229580574;"No"
84;"84_C12";"C12";"B329_LIKE+F16";756;0.1468;"C";"12";"y";81.543;679.5;NA;NA;1.11258278145695;"No"
84;"84_D1";"D1";"B329_LIKE+F16";658;0.1336;"D";"1";"y";81.543;679.5;NA;NA;0.968359087564386;"No"
84;"84_D12";"D12";"B329_LIKE+F16";716;0.1358;"D";"12";"y";81.543;679.5;NA;NA;1.05371596762325;"No"
84;"84_E1";"E1";"B329_LIKE+F16";733;0.1457;"E";"1";"y";81.543;679.5;NA;NA;1.07873436350258;"No"
84;"84_E12";"E12";"B329_LIKE+F16";879;0.1636;"E";"12";"y";81.543;679.5;NA;NA;1.29359823399558;"No"
84;"84_F1";"F1";"B329_LIKE+F16";670;0.14;"F";"1";"y";81.543;679.5;NA;NA;0.986019131714496;"No"
84;"84_F12";"F12";"B329_LIKE+F16";806;0.1519;"F";"12";"y";81.543;679.5;NA;NA;1.18616629874908;"No"
84;"84_G1";"G1";"B329_LIKE+F16";720;0.144;"G";"1";"y";81.543;679.5;NA;NA;1.05960264900662;"No"
84;"84_G12";"G12";"B329_LIKE+F16";937;0.174;"G";"12";"y";81.543;679.5;NA;NA;1.37895511405445;"No"
85;"85_A1";"A1";"B329_LIKE+F16";806;0.1532;"A";"1";"y";84.5082;677.5;NA;NA;1.18966789667897;"No"
85;"85_A10";"A10";"B329_LIKE+F16";775;0.1508;"A";"10";"y";84.5082;677.5;NA;NA;1.14391143911439;"No"
85;"85_A11";"A11";"B329_LIKE+F16";725;0.1538;"A";"11";"y";84.5082;677.5;NA;NA;1.07011070110701;"No"
85;"85_A12";"A12";"B329_LIKE+F16";974;0.1686;"A";"12";"y";84.5082;677.5;NA;NA;1.43763837638376;"No"
85;"85_A2";"A2";"B329_LIKE+F16";727;0.1424;"A";"2";"y";84.5082;677.5;NA;NA;1.07306273062731;"No"
85;"85_A3";"A3";"B329_LIKE+F16";705;0.1316;"A";"3";"y";84.5082;677.5;NA;NA;1.04059040590406;"No"
85;"85_A4";"A4";"B329_LIKE+F16";737;0.1558;"A";"4";"y";84.5082;677.5;NA;NA;1.08782287822878;"No"
85;"85_A5";"A5";"B329_LIKE+F16";685;0.1357;"A";"5";"y";84.5082;677.5;NA;NA;1.01107011070111;"No"
85;"85_A6";"A6";"B329_LIKE+F16";728;0.1482;"A";"6";"y";84.5082;677.5;NA;NA;1.07453874538745;"No"
85;"85_A7";"A7";"B329_LIKE+F16";711;0.1398;"A";"7";"y";84.5082;677.5;NA;NA;1.04944649446494;"No"
85;"85_A8";"A8";"B329_LIKE+F16";820;0.1592;"A";"8";"y";84.5082;677.5;NA;NA;1.21033210332103;"No"
85;"85_A9";"A9";"B329_LIKE+F16";823;0.1567;"A";"9";"y";84.5082;677.5;NA;NA;1.21476014760148;"No"
85;"85_B1";"B1";"B329_LIKE+F16";734;0.1602;"B";"1";"y";84.5082;677.5;NA;NA;1.08339483394834;"No"
85;"85_B12";"B12";"B329_LIKE+F16";801;0.1483;"B";"12";"y";84.5082;677.5;NA;NA;1.18228782287823;"No"
85;"85_C1";"C1";"B329_LIKE+F16";588;0.1131;"C";"1";"y";84.5082;677.5;NA;NA;0.86789667896679;"No"
85;"85_C12";"C12";"B329_LIKE+F16";680;0.1387;"C";"12";"y";84.5082;677.5;NA;NA;1.00369003690037;"No"
85;"85_D1";"D1";"B329_LIKE+F16";728;0.1542;"D";"1";"y";84.5082;677.5;NA;NA;1.07453874538745;"No"
85;"85_D12";"D12";"B329_LIKE+F16";650;0.1253;"D";"12";"y";84.5082;677.5;NA;NA;0.959409594095941;"No"
85;"85_E1";"E1";"B329_LIKE+F16";751;0.1392;"E";"1";"y";84.5082;677.5;NA;NA;1.10848708487085;"No"
85;"85_E12";"E12";"B329_LIKE+F16";698;0.1314;"E";"12";"y";84.5082;677.5;NA;NA;1.03025830258303;"No"
85;"85_F1";"F1";"B329_LIKE+F16";664;0.1252;"F";"1";"y";84.5082;677.5;NA;NA;0.980073800738007;"No"
85;"85_F12";"F12";"B329_LIKE+F16";713;0.1487;"F";"12";"y";84.5082;677.5;NA;NA;1.05239852398524;"No"
85;"85_G1";"G1";"B329_LIKE+F16";713;0.1377;"G";"1";"y";84.5082;677.5;NA;NA;1.05239852398524;"No"
85;"85_G12";"G12";"B329_LIKE+F16";752;0.1403;"G";"12";"y";84.5082;677.5;NA;NA;1.109963099631;"No"
86;"86_A1";"A1";"B329_LIKE+F16";807;0.1694;"A";"1";"y";85.2495;618;NA;NA;1.30582524271845;"No"
86;"86_A10";"A10";"B329_LIKE+F16";625;0.1165;"A";"10";"y";85.2495;618;NA;NA;1.01132686084142;"No"
86;"86_A11";"A11";"B329_LIKE+F16";734;0.1512;"A";"11";"y";85.2495;618;NA;NA;1.18770226537217;"No"
86;"86_A12";"A12";"B329_LIKE+F16";629;0.1295;"A";"12";"y";85.2495;618;NA;NA;1.01779935275081;"No"
86;"86_A2";"A2";"B329_LIKE+F16";749;0.1544;"A";"2";"y";85.2495;618;NA;NA;1.21197411003236;"No"
86;"86_A3";"A3";"B329_LIKE+F16";712;0.1324;"A";"3";"y";85.2495;618;NA;NA;1.15210355987055;"No"
86;"86_A4";"A4";"B329_LIKE+F16";799;0.1408;"A";"4";"y";85.2495;618;NA;NA;1.29288025889968;"No"
86;"86_A5";"A5";"B329_LIKE+F16";644;0.1278;"A";"5";"y";85.2495;618;NA;NA;1.042071197411;"No"
86;"86_A6";"A6";"B329_LIKE+F16";731;0.1466;"A";"6";"y";85.2495;618;NA;NA;1.18284789644013;"No"
86;"86_A7";"A7";"B329_LIKE+F16";620;0.119;"A";"7";"y";85.2495;618;NA;NA;1.00323624595469;"No"
86;"86_A8";"A8";"B329_LIKE+F16";580;0.1106;"A";"8";"y";85.2495;618;NA;NA;0.938511326860841;"No"
86;"86_A9";"A9";"B329_LIKE+F16";609;0.1188;"A";"9";"y";85.2495;618;NA;NA;0.985436893203884;"No"
86;"86_B1";"B1";"B329_LIKE+F16";708;0.1411;"B";"1";"y";85.2495;618;NA;NA;1.14563106796116;"No"
86;"86_B12";"B12";"B329_LIKE+F16";779;0.1403;"B";"12";"y";85.2495;618;NA;NA;1.26051779935275;"No"
86;"86_C1";"C1";"B329_LIKE+F16";585;0.1093;"C";"1";"y";85.2495;618;NA;NA;0.946601941747573;"No"
86;"86_C12";"C12";"B329_LIKE+F16";647;0.136;"C";"12";"y";85.2495;618;NA;NA;1.04692556634304;"No"
86;"86_D1";"D1";"B329_LIKE+F16";636;0.1186;"D";"1";"y";85.2495;618;NA;NA;1.02912621359223;"No"
86;"86_E1";"E1";"B329_LIKE+F16";752;0.13;"E";"1";"y";85.2495;618;NA;NA;1.2168284789644;"No"
86;"86_E12";"E12";"B329_LIKE+F16";709;0.1404;"E";"12";"y";85.2495;618;NA;NA;1.14724919093851;"No"
86;"86_F1";"F1";"B329_LIKE+F16";594;0.1258;"F";"1";"y";85.2495;618;NA;NA;0.961165048543689;"No"
86;"86_F12";"F12";"B329_LIKE+F16";868;0.1597;"F";"12";"y";85.2495;618;NA;NA;1.40453074433657;"No"
86;"86_G1";"G1";"B329_LIKE+F16";677;0.1254;"G";"1";"y";85.2495;618;NA;NA;1.09546925566343;"No"
86;"86_G12";"G12";"B329_LIKE+F16";642;0.136;"G";"12";"y";85.2495;618;NA;NA;1.03883495145631;"No"
87;"87_A1";"A1";"B329_LIKE+F16";2227;0.2716;"A";"1";"y";219.4248;1494.5;NA;NA;1.49013047842088;"No"
87;"87_A10";"A10";"B329_LIKE+F16";1838;0.2605;"A";"10";"y";219.4248;1494.5;NA;NA;1.22984275677484;"No"
87;"87_A11";"A11";"B329_LIKE+F16";1653;0.2005;"A";"11";"y";219.4248;1494.5;NA;NA;1.10605553696889;"No"
87;"87_A12";"A12";"B329_LIKE+F16";2262;0.261;"A";"12";"y";219.4248;1494.5;NA;NA;1.51354968216795;"No"
87;"87_A2";"A2";"B329_LIKE+F16";1601;0.249;"A";"2";"y";219.4248;1494.5;NA;NA;1.07126129140181;"No"
87;"87_A3";"A3";"B329_LIKE+F16";1536;0.1755;"A";"3";"y";219.4248;1494.5;NA;NA;1.02776848444296;"No"
87;"87_A4";"A4";"B329_LIKE+F16";1636;0.1904;"A";"4";"y";219.4248;1494.5;NA;NA;1.09468049514888;"No"
87;"87_A5";"A5";"B329_LIKE+F16";1534;0.1651;"A";"5";"y";219.4248;1494.5;NA;NA;1.02643024422884;"No"
87;"87_A6";"A6";"B329_LIKE+F16";1443;0.1881;"A";"6";"y";219.4248;1494.5;NA;NA;0.96554031448645;"No"
87;"87_A7";"A7";"B329_LIKE+F16";1392;0.21;"A";"7";"y";219.4248;1494.5;NA;NA;0.93141518902643;"No"
87;"87_A8";"A8";"B329_LIKE+F16";2068;0.2345;"A";"8";"y";219.4248;1494.5;NA;NA;1.38374038139846;"No"
87;"87_A9";"A9";"B329_LIKE+F16";2138;0.2423;"A";"9";"y";219.4248;1494.5;NA;NA;1.43057878889261;"No"
87;"87_B1";"B1";"B329_LIKE+F16";2558;0.3196;"B";"1";"y";219.4248;1494.5;NA;NA;1.71160923385748;"No"
87;"87_B12";"B12";"B329_LIKE+F16";1669;0.1706;"B";"12";"y";219.4248;1494.5;NA;NA;1.11676145868183;"No"
87;"87_C1";"C1";"B329_LIKE+F16";1605;0.183;"C";"1";"y";219.4248;1494.5;NA;NA;1.07393777183004;"No"
87;"87_C12";"C12";"B329_LIKE+F16";1412;0.1422;"C";"12";"y";219.4248;1494.5;NA;NA;0.944797591167615;"No"
87;"87_D1";"D1";"B329_LIKE+F16";1510;0.1507;"D";"1";"y";219.4248;1494.5;NA;NA;1.01037136165942;"No"
87;"87_D12";"D12";"B329_LIKE+F16";1913;0.1402;"D";"12";"y";219.4248;1494.5;NA;NA;1.28002676480428;"No"
87;"87_E1";"E1";"B329_LIKE+F16";2039;0.2513;"E";"1";"y";219.4248;1494.5;NA;NA;1.36433589829374;"No"
87;"87_E12";"E12";"B329_LIKE+F16";1628;0.1508;"E";"12";"y";219.4248;1494.5;NA;NA;1.08932753429241;"No"
87;"87_F1";"F1";"B329_LIKE+F16";1877;0.2114;"F";"1";"y";219.4248;1494.5;NA;NA;1.25593844095015;"No"
87;"87_F12";"F12";"B329_LIKE+F16";1522;0.1455;"F";"12";"y";219.4248;1494.5;NA;NA;1.01840080294413;"No"
87;"87_G1";"G1";"B329_LIKE+F16";1503;0.1754;"G";"1";"y";219.4248;1494.5;NA;NA;1.00568752091;"No"
87;"87_G12";"G12";"B329_LIKE+F16";1624;0.1486;"G";"12";"y";219.4248;1494.5;NA;NA;1.08665105386417;"No"
88;"88_A1";"A1";"B329_LIKE+F16";672;0.1281;"A";"1";"y";83.0256;628;NA;NA;1.07006369426752;"No"
88;"88_A10";"A10";"B329_LIKE+F16";693;0.1161;"A";"10";"y";83.0256;628;NA;NA;1.10350318471338;"No"
88;"88_A11";"A11";"B329_LIKE+F16";690;0.1201;"A";"11";"y";83.0256;628;NA;NA;1.09872611464968;"No"
88;"88_A12";"A12";"B329_LIKE+F16";768;0.1697;"A";"12";"y";83.0256;628;NA;NA;1.22292993630573;"No"
88;"88_A2";"A2";"B329_LIKE+F16";609;0.1115;"A";"2";"y";83.0256;628;NA;NA;0.969745222929936;"No"
88;"88_A3";"A3";"B329_LIKE+F16";643;0.1211;"A";"3";"y";83.0256;628;NA;NA;1.02388535031847;"No"
88;"88_A4";"A4";"B329_LIKE+F16";629;0.1182;"A";"4";"y";83.0256;628;NA;NA;1.0015923566879;"No"
88;"88_A5";"A5";"B329_LIKE+F16";632;0.121;"A";"5";"y";83.0256;628;NA;NA;1.00636942675159;"No"
88;"88_A6";"A6";"B329_LIKE+F16";612;0.1151;"A";"6";"y";83.0256;628;NA;NA;0.974522292993631;"No"
88;"88_A7";"A7";"B329_LIKE+F16";571;0.1099;"A";"7";"y";83.0256;628;NA;NA;0.909235668789809;"No"
88;"88_A8";"A8";"B329_LIKE+F16";741;0.1207;"A";"8";"y";83.0256;628;NA;NA;1.17993630573248;"No"
88;"88_A9";"A9";"B329_LIKE+F16";740;0.1179;"A";"9";"y";83.0256;628;NA;NA;1.17834394904459;"No"
88;"88_B1";"B1";"B329_LIKE+F16";625;0.1247;"B";"1";"y";83.0256;628;NA;NA;0.995222929936306;"No"
88;"88_B12";"B12";"B329_LIKE+F16";659;0.113;"B";"12";"y";83.0256;628;NA;NA;1.04936305732484;"No"
88;"88_C1";"C1";"B329_LIKE+F16";670;0.1297;"C";"1";"y";83.0256;628;NA;NA;1.06687898089172;"No"
88;"88_C12";"C12";"B329_LIKE+F16";613;0.1124;"C";"12";"y";83.0256;628;NA;NA;0.976114649681529;"No"
88;"88_D1";"D1";"B329_LIKE+F16";731;0.1435;"D";"1";"y";83.0256;628;NA;NA;1.1640127388535;"No"
88;"88_D12";"D12";"B329_LIKE+F16";633;0.118;"D";"12";"y";83.0256;628;NA;NA;1.00796178343949;"No"
88;"88_E1";"E1";"B329_LIKE+F16";683;0.1445;"E";"1";"y";83.0256;628;NA;NA;1.08757961783439;"No"
88;"88_E12";"E12";"B329_LIKE+F16";622;0.1167;"E";"12";"y";83.0256;628;NA;NA;0.990445859872611;"No"
88;"88_F1";"F1";"B329_LIKE+F16";787;0.1532;"F";"1";"y";83.0256;628;NA;NA;1.2531847133758;"No"
88;"88_F12";"F12";"B329_LIKE+F16";730;0.1315;"F";"12";"y";83.0256;628;NA;NA;1.16242038216561;"No"
88;"88_G1";"G1";"B329_LIKE+F16";745;0.1407;"G";"1";"y";83.0256;628;NA;NA;1.18630573248408;"No"
88;"88_G12";"G12";"B329_LIKE+F16";691;0.1347;"G";"12";"y";83.0256;628;NA;NA;1.10031847133758;"No"
89;"89_A1";"A1";"B329_LIKE+F16";970;0.1598;"A";"1";"y";120.8319;691;NA;NA;1.40376266280753;"No"
89;"89_A10";"A10";"B329_LIKE+F16";657;0.1214;"A";"10";"y";120.8319;691;NA;NA;0.950795947901592;"No"
89;"89_A11";"A11";"B329_LIKE+F16";1245;0.1257;"A";"11";"y";120.8319;691;NA;NA;1.80173661360347;"No"
89;"89_A12";"A12";"B329_LIKE+F16";853;0.1206;"A";"12";"y";120.8319;691;NA;NA;1.23444283646889;"No"
89;"89_A2";"A2";"B329_LIKE+F16";813;0.1335;"A";"2";"y";120.8319;691;NA;NA;1.17655571635311;"No"
89;"89_A3";"A3";"B329_LIKE+F16";710;0.1197;"A";"3";"y";120.8319;691;NA;NA;1.02749638205499;"No"
89;"89_A4";"A4";"B329_LIKE+F16";824;0.1288;"A";"4";"y";120.8319;691;NA;NA;1.19247467438495;"No"
89;"89_A5";"A5";"B329_LIKE+F16";796;0.1439;"A";"5";"y";120.8319;691;NA;NA;1.15195369030391;"No"
89;"89_A6";"A6";"B329_LIKE+F16";641;0.1073;"A";"6";"y";120.8319;691;NA;NA;0.927641099855282;"No"
89;"89_A7";"A7";"B329_LIKE+F16";644;0.1095;"A";"7";"y";120.8319;691;NA;NA;0.931982633863965;"No"
89;"89_A8";"A8";"B329_LIKE+F16";663;0.1092;"A";"8";"y";120.8319;691;NA;NA;0.959479015918958;"No"
89;"89_A9";"A9";"B329_LIKE+F16";677;0.1158;"A";"9";"y";120.8319;691;NA;NA;0.979739507959479;"No"
89;"89_B1";"B1";"B329_LIKE+F16";699;0.1387;"B";"1";"y";120.8319;691;NA;NA;1.01157742402315;"No"
89;"89_B12";"B12";"B329_LIKE+F16";672;0.1182;"B";"12";"y";120.8319;691;NA;NA;0.972503617945007;"No"
89;"89_C1";"C1";"B329_LIKE+F16";721;0.1365;"C";"1";"y";120.8319;691;NA;NA;1.04341534008683;"No"
89;"89_C12";"C12";"B329_LIKE+F16";654;0.1074;"C";"12";"y";120.8319;691;NA;NA;0.946454413892909;"No"
89;"89_D1";"D1";"B329_LIKE+F16";858;0.1542;"D";"1";"y";120.8319;691;NA;NA;1.24167872648336;"No"
89;"89_D12";"D12";"B329_LIKE+F16";976;0.2193;"D";"12";"y";120.8319;691;NA;NA;1.41244573082489;"No"
89;"89_E1";"E1";"B329_LIKE+F16";722;0.1388;"E";"1";"y";120.8319;691;NA;NA;1.04486251808973;"No"
89;"89_E12";"E12";"B329_LIKE+F16";663;0.1169;"E";"12";"y";120.8319;691;NA;NA;0.959479015918958;"No"
89;"89_F1";"F1";"B329_LIKE+F16";737;0.1463;"F";"1";"y";120.8319;691;NA;NA;1.06657018813314;"No"
89;"89_F12";"F12";"B329_LIKE+F16";775;0.135;"F";"12";"y";120.8319;691;NA;NA;1.12156295224313;"No"
89;"89_G1";"G1";"B329_LIKE+F16";799;0.1542;"G";"1";"y";120.8319;691;NA;NA;1.15629522431259;"No"
89;"89_G12";"G12";"B329_LIKE+F16";899;0.1464;"G";"12";"y";120.8319;691;NA;NA;1.30101302460203;"No"
90;"90_A1";"A1";"B329_LIKE+F16";943;0.1615;"A";"1";"y";116.3841;784;NA;NA;1.20280612244898;"No"
90;"90_A10";"A10";"B329_LIKE+F16";800;0.1352;"A";"10";"y";116.3841;784;NA;NA;1.02040816326531;"No"
90;"90_A11";"A11";"B329_LIKE+F16";613;0.1029;"A";"11";"y";116.3841;784;NA;NA;0.781887755102041;"No"
90;"90_A12";"A12";"B329_LIKE+F16";833;0.1274;"A";"12";"y";116.3841;784;NA;NA;1.0625;"No"
90;"90_A2";"A2";"B329_LIKE+F16";819;0.1445;"A";"2";"y";116.3841;784;NA;NA;1.04464285714286;"No"
90;"90_A3";"A3";"B329_LIKE+F16";844;0.155;"A";"3";"y";116.3841;784;NA;NA;1.0765306122449;"No"
90;"90_A4";"A4";"B329_LIKE+F16";879;0.1556;"A";"4";"y";116.3841;784;NA;NA;1.12117346938776;"No"
90;"90_A5";"A5";"B329_LIKE+F16";980;0.1623;"A";"5";"y";116.3841;784;NA;NA;1.25;"No"
90;"90_A6";"A6";"B329_LIKE+F16";720;0.1319;"A";"6";"y";116.3841;784;NA;NA;0.918367346938776;"No"
90;"90_A7";"A7";"B329_LIKE+F16";1041;0.1644;"A";"7";"y";116.3841;784;NA;NA;1.32780612244898;"No"
90;"90_A8";"A8";"B329_LIKE+F16";859;0.1424;"A";"8";"y";116.3841;784;NA;NA;1.09566326530612;"No"
90;"90_A9";"A9";"B329_LIKE+F16";754;0.1125;"A";"9";"y";116.3841;784;NA;NA;0.961734693877551;"No"
90;"90_B1";"B1";"B329_LIKE+F16";903;0.1679;"B";"1";"y";116.3841;784;NA;NA;1.15178571428571;"No"
90;"90_B12";"B12";"B329_LIKE+F16";652;0.1235;"B";"12";"y";116.3841;784;NA;NA;0.831632653061224;"No"
90;"90_C1";"C1";"B329_LIKE+F16";850;0.1542;"C";"1";"y";116.3841;784;NA;NA;1.08418367346939;"No"
90;"90_C12";"C12";"B329_LIKE+F16";648;0.1101;"C";"12";"y";116.3841;784;NA;NA;0.826530612244898;"No"
90;"90_D1";"D1";"B329_LIKE+F16";825;0.1565;"D";"1";"y";116.3841;784;NA;NA;1.05229591836735;"No"
90;"90_D12";"D12";"B329_LIKE+F16";651;0.1192;"D";"12";"y";116.3841;784;NA;NA;0.830357142857143;"No"
90;"90_E1";"E1";"B329_LIKE+F16";800;0.1528;"E";"1";"y";116.3841;784;NA;NA;1.02040816326531;"No"
90;"90_E12";"E12";"B329_LIKE+F16";660;0.1163;"E";"12";"y";116.3841;784;NA;NA;0.841836734693878;"No"
90;"90_F1";"F1";"B329_LIKE+F16";744;0.1423;"F";"1";"y";116.3841;784;NA;NA;0.948979591836735;"No"
90;"90_F12";"F12";"B329_LIKE+F16";980;0.1335;"F";"12";"y";116.3841;784;NA;NA;1.25;"No"
90;"90_G1";"G1";"B329_LIKE+F16";1417;0.1682;"G";"1";"y";116.3841;784;NA;NA;1.80739795918367;"No"
90;"90_G12";"G12";"B329_LIKE+F16";885;0.1388;"G";"12";"y";116.3841;784;NA;NA;1.12882653061224;"No"
91;"91_A1";"A1";"B329_LIKE+F16";696;0.1252;"A";"1";"y";169.7577;669;NA;NA;1.04035874439462;"No"
91;"91_A10";"A10";"B329_LIKE+F16";682;0.1295;"A";"10";"y";169.7577;669;NA;NA;1.01943198804185;"No"
91;"91_A11";"A11";"B329_LIKE+F16";730;0.124;"A";"11";"y";169.7577;669;NA;NA;1.09118086696562;"No"
91;"91_A12";"A12";"B329_LIKE+F16";861;0.1805;"A";"12";"y";169.7577;669;NA;NA;1.28699551569507;"No"
91;"91_A2";"A2";"B329_LIKE+F16";627;0.1154;"A";"2";"y";169.7577;669;NA;NA;0.937219730941704;"No"
91;"91_A3";"A3";"B329_LIKE+F16";580;0.1129;"A";"3";"y";169.7577;669;NA;NA;0.866965620328849;"No"
91;"91_A4";"A4";"B329_LIKE+F16";613;0.1012;"A";"4";"y";169.7577;669;NA;NA;0.916292974588939;"No"
91;"91_A5";"A5";"B329_LIKE+F16";596;0.1078;"A";"5";"y";169.7577;669;NA;NA;0.890881913303438;"No"
91;"91_A6";"A6";"B329_LIKE+F16";590;0.1017;"A";"6";"y";169.7577;669;NA;NA;0.881913303437967;"No"
91;"91_A7";"A7";"B329_LIKE+F16";655;0.1038;"A";"7";"y";169.7577;669;NA;NA;0.979073243647235;"No"
91;"91_A8";"A8";"B329_LIKE+F16";650;0.116;"A";"8";"y";169.7577;669;NA;NA;0.971599402092676;"No"
91;"91_A9";"A9";"B329_LIKE+F16";691;0.1216;"A";"9";"y";169.7577;669;NA;NA;1.03288490284006;"No"
91;"91_B1";"B1";"B329_LIKE+F16";788;0.1341;"B";"1";"y";169.7577;669;NA;NA;1.17787742899851;"No"
91;"91_B12";"B12";"B329_LIKE+F16";832;0.1632;"B";"12";"y";169.7577;669;NA;NA;1.24364723467862;"No"
91;"91_C1";"C1";"B329_LIKE+F16";639;0.1214;"C";"1";"y";169.7577;669;NA;NA;0.955156950672646;"No"
91;"91_C12";"C12";"B329_LIKE+F16";1066;0.2123;"C";"12";"y";169.7577;669;NA;NA;1.59342301943199;"No"
91;"91_D1";"D1";"B329_LIKE+F16";629;0.1194;"D";"1";"y";169.7577;669;NA;NA;0.940209267563528;"No"
91;"91_D12";"D12";"B329_LIKE+F16";762;0.1373;"D";"12";"y";169.7577;669;NA;NA;1.1390134529148;"No"
91;"91_E1";"E1";"B329_LIKE+F16";674;0.1206;"E";"1";"y";169.7577;669;NA;NA;1.00747384155456;"No"
91;"91_E12";"E12";"B329_LIKE+F16";1270;0.2402;"E";"12";"y";169.7577;669;NA;NA;1.898355754858;"No"
91;"91_F1";"F1";"B329_LIKE+F16";707;0.1261;"F";"1";"y";169.7577;669;NA;NA;1.05680119581465;"No"
91;"91_F12";"F12";"B329_LIKE+F16";860;0.1635;"F";"12";"y";169.7577;669;NA;NA;1.28550074738416;"No"
91;"91_G1";"G1";"B329_LIKE+F16";768;0.1392;"G";"1";"y";169.7577;669;NA;NA;1.14798206278027;"No"
91;"91_G12";"G12";"B329_LIKE+F16";916;0.1838;"G";"12";"y";169.7577;669;NA;NA;1.36920777279522;"No"
92;"92_A1";"A1";"B329_LIKE+F16";758;0.1516;"A";"1";"y";98.5929;782.5;NA;NA;0.968690095846645;"No"
92;"92_A10";"A10";"B329_LIKE+F16";752;0.134;"A";"10";"y";98.5929;782.5;NA;NA;0.961022364217252;"No"
92;"92_A11";"A11";"B329_LIKE+F16";682;0.1202;"A";"11";"y";98.5929;782.5;NA;NA;0.871565495207668;"No"
92;"92_A12";"A12";"B329_LIKE+F16";779;0.136;"A";"12";"y";98.5929;782.5;NA;NA;0.995527156549521;"No"
92;"92_A2";"A2";"B329_LIKE+F16";866;0.1571;"A";"2";"y";98.5929;782.5;NA;NA;1.10670926517572;"No"
92;"92_A3";"A3";"B329_LIKE+F16";784;0.1485;"A";"3";"y";98.5929;782.5;NA;NA;1.00191693290735;"No"
92;"92_A4";"A4";"B329_LIKE+F16";736;0.128;"A";"4";"y";98.5929;782.5;NA;NA;0.940575079872204;"No"
92;"92_A5";"A5";"B329_LIKE+F16";673;0.1232;"A";"5";"y";98.5929;782.5;NA;NA;0.860063897763578;"No"
92;"92_A6";"A6";"B329_LIKE+F16";802;0.1202;"A";"6";"y";98.5929;782.5;NA;NA;1.02492012779553;"No"
92;"92_A7";"A7";"B329_LIKE+F16";727;0.1177;"A";"7";"y";98.5929;782.5;NA;NA;0.929073482428115;"No"
92;"92_A8";"A8";"B329_LIKE+F16";718;0.127;"A";"8";"y";98.5929;782.5;NA;NA;0.917571884984026;"No"
92;"92_A9";"A9";"B329_LIKE+F16";704;0.1253;"A";"9";"y";98.5929;782.5;NA;NA;0.899680511182109;"No"
92;"92_B1";"B1";"B329_LIKE+F16";1060;0.2066;"B";"1";"y";98.5929;782.5;NA;NA;1.35463258785942;"No"
92;"92_B12";"B12";"B329_LIKE+F16";745;0.1384;"B";"12";"y";98.5929;782.5;NA;NA;0.952076677316294;"No"
92;"92_C1";"C1";"B329_LIKE+F16";912;0.1623;"C";"1";"y";98.5929;782.5;NA;NA;1.16549520766773;"No"
92;"92_C12";"C12";"B329_LIKE+F16";623;0.1414;"C";"12";"y";98.5929;782.5;NA;NA;0.796166134185303;"No"
92;"92_D1";"D1";"B329_LIKE+F16";NA;NA;"D";"1";"y";98.5929;782.5;NA;NA;NA;"No"
92;"92_D12";"D12";"B329_LIKE+F16";NA;NA;"D";"12";"y";98.5929;782.5;NA;NA;NA;"No"
92;"92_E1";"E1";"B329_LIKE+F16";788;0.1454;"E";"1";"y";98.5929;782.5;NA;NA;1.00702875399361;"No"
92;"92_E12";"E12";"B329_LIKE+F16";738;0.1346;"E";"12";"y";98.5929;782.5;NA;NA;0.943130990415335;"No"
92;"92_F1";"F1";"B329_LIKE+F16";917;0.151;"F";"1";"y";98.5929;782.5;NA;NA;1.17188498402556;"No"
92;"92_F12";"F12";"B329_LIKE+F16";787;0.1334;"F";"12";"y";98.5929;782.5;NA;NA;1.00575079872204;"No"
92;"92_G1";"G1";"B329_LIKE+F16";745;0.1314;"G";"1";"y";98.5929;782.5;NA;NA;0.952076677316294;"No"
92;"92_G12";"G12";"B329_LIKE+F16";876;0.1625;"G";"12";"y";98.5929;782.5;NA;NA;1.11948881789137;"No"
93;"93_A1";"A1";"B329_LIKE+F16";1120;0.2015;"A";"1";"y";71.9061;745.5;NA;NA;1.50234741784038;"No"
93;"93_A10";"A10";"B329_LIKE+F16";746;0.1577;"A";"10";"y";71.9061;745.5;NA;NA;1.00067069081154;"No"
93;"93_A11";"A11";"B329_LIKE+F16";727;0.1684;"A";"11";"y";71.9061;745.5;NA;NA;0.975184439973172;"No"
93;"93_A12";"A12";"B329_LIKE+F16";808;0.1816;"A";"12";"y";71.9061;745.5;NA;NA;1.08383635144199;"No"
93;"93_A2";"A2";"B329_LIKE+F16";803;0.1545;"A";"2";"y";71.9061;745.5;NA;NA;1.07712944332663;"No"
93;"93_A3";"A3";"B329_LIKE+F16";849;0.1754;"A";"3";"y";71.9061;745.5;NA;NA;1.13883299798793;"No"
93;"93_A4";"A4";"B329_LIKE+F16";789;0.1491;"A";"4";"y";71.9061;745.5;NA;NA;1.05835010060362;"No"
93;"93_A5";"A5";"B329_LIKE+F16";797;0.1511;"A";"5";"y";71.9061;745.5;NA;NA;1.0690811535882;"No"
93;"93_A6";"A6";"B329_LIKE+F16";974;0.1412;"A";"6";"y";71.9061;745.5;NA;NA;1.3065057008719;"No"
93;"93_A7";"A7";"B329_LIKE+F16";734;0.1361;"A";"7";"y";71.9061;745.5;NA;NA;0.984574111334675;"No"
93;"93_A8";"A8";"B329_LIKE+F16";685;0.1256;"A";"8";"y";71.9061;745.5;NA;NA;0.918846411804158;"No"
93;"93_A9";"A9";"B329_LIKE+F16";736;0.1467;"A";"9";"y";71.9061;745.5;NA;NA;0.987256874580818;"No"
93;"93_B1";"B1";"B329_LIKE+F16";785;0.1672;"B";"1";"y";71.9061;745.5;NA;NA;1.05298457411133;"No"
93;"93_B12";"B12";"B329_LIKE+F16";905;0.194;"B";"12";"y";71.9061;745.5;NA;NA;1.21395036887995;"No"
93;"93_C1";"C1";"B329_LIKE+F16";803;0.1597;"C";"1";"y";71.9061;745.5;NA;NA;1.07712944332663;"No"
93;"93_C12";"C12";"B329_LIKE+F16";888;0.1863;"C";"12";"y";71.9061;745.5;NA;NA;1.19114688128773;"No"
93;"93_D1";"D1";"B329_LIKE+F16";795;0.1652;"D";"1";"y";71.9061;745.5;NA;NA;1.06639839034205;"No"
93;"93_D12";"D12";"B329_LIKE+F16";720;0.1393;"D";"12";"y";71.9061;745.5;NA;NA;0.96579476861167;"No"
93;"93_E1";"E1";"B329_LIKE+F16";801;0.1571;"E";"1";"y";71.9061;745.5;NA;NA;1.07444668008048;"No"
93;"93_E12";"E12";"B329_LIKE+F16";728;0.1567;"E";"12";"y";71.9061;745.5;NA;NA;0.976525821596244;"No"
93;"93_F1";"F1";"B329_LIKE+F16";993;0.1688;"F";"1";"y";71.9061;745.5;NA;NA;1.33199195171026;"No"
93;"93_F12";"F12";"B329_LIKE+F16";825;0.1653;"F";"12";"y";71.9061;745.5;NA;NA;1.10663983903421;"No"
93;"93_G1";"G1";"B329_LIKE+F16";857;0.1648;"G";"1";"y";71.9061;745.5;NA;NA;1.1495640509725;"No"
93;"93_G12";"G12";"B329_LIKE+F16";645;0.1292;"G";"12";"y";71.9061;745.5;NA;NA;0.865191146881288;"No"
94;"94_A1";"A1";"B329_LIKE+F16";843;0.1683;"A";"1";"y";128.9862;775.5;NA;NA;1.08704061895551;"No"
94;"94_A10";"A10";"B329_LIKE+F16";868;0.1778;"A";"10";"y";128.9862;775.5;NA;NA;1.11927788523533;"No"
94;"94_A11";"A11";"B329_LIKE+F16";875;0.171;"A";"11";"y";128.9862;775.5;NA;NA;1.12830431979368;"No"
94;"94_A12";"A12";"B329_LIKE+F16";962;0.1963;"A";"12";"y";128.9862;775.5;NA;NA;1.24049000644745;"No"
94;"94_A2";"A2";"B329_LIKE+F16";890;0.1605;"A";"2";"y";128.9862;775.5;NA;NA;1.14764667956157;"No"
94;"94_A3";"A3";"B329_LIKE+F16";802;0.1497;"A";"3";"y";128.9862;775.5;NA;NA;1.03417150225661;"No"
94;"94_A4";"A4";"B329_LIKE+F16";774;0.1406;"A";"4";"y";128.9862;775.5;NA;NA;0.998065764023211;"No"
94;"94_A5";"A5";"B329_LIKE+F16";779;0.1397;"A";"5";"y";128.9862;775.5;NA;NA;1.00451321727917;"No"
94;"94_A6";"A6";"B329_LIKE+F16";780;0.1436;"A";"6";"y";128.9862;775.5;NA;NA;1.00580270793037;"No"
94;"94_A7";"A7";"B329_LIKE+F16";778;0.1431;"A";"7";"y";128.9862;775.5;NA;NA;1.00322372662798;"No"
94;"94_A8";"A8";"B329_LIKE+F16";776;0.1461;"A";"8";"y";128.9862;775.5;NA;NA;1.0006447453256;"No"
94;"94_A9";"A9";"B329_LIKE+F16";871;0.1711;"A";"9";"y";128.9862;775.5;NA;NA;1.12314635718891;"No"
94;"94_B1";"B1";"B329_LIKE+F16";839;0.1657;"B";"1";"y";128.9862;775.5;NA;NA;1.08188265635074;"No"
94;"94_B12";"B12";"B329_LIKE+F16";825;0.1618;"B";"12";"y";128.9862;775.5;NA;NA;1.06382978723404;"No"
94;"94_C1";"C1";"B329_LIKE+F16";540;0.1106;"C";"1";"y";128.9862;775.5;NA;NA;0.696324951644101;"No"
94;"94_C12";"C12";"B329_LIKE+F16";884;0.1721;"C";"12";"y";128.9862;775.5;NA;NA;1.13990973565442;"No"
94;"94_D1";"D1";"B329_LIKE+F16";1115;0.2243;"D";"1";"y";128.9862;775.5;NA;NA;1.43778207607995;"No"
94;"94_D12";"D12";"B329_LIKE+F16";815;0.1582;"D";"12";"y";128.9862;775.5;NA;NA;1.05093488072211;"No"
94;"94_E1";"E1";"B329_LIKE+F16";799;0.1605;"E";"1";"y";128.9862;775.5;NA;NA;1.03030303030303;"No"
94;"94_E12";"E12";"B329_LIKE+F16";942;0.1865;"E";"12";"y";128.9862;775.5;NA;NA;1.2147001934236;"No"
94;"94_F1";"F1";"B329_LIKE+F16";838;0.1473;"F";"1";"y";128.9862;775.5;NA;NA;1.08059316569955;"No"
94;"94_F12";"F12";"B329_LIKE+F16";972;0.1875;"F";"12";"y";128.9862;775.5;NA;NA;1.25338491295938;"No"
94;"94_G1";"G1";"B329_LIKE+F16";857;0.1674;"G";"1";"y";128.9862;775.5;NA;NA;1.10509348807221;"No"
94;"94_G12";"G12";"B329_LIKE+F16";816;0.1638;"G";"12";"y";128.9862;775.5;NA;NA;1.05222437137331;"No"
95;"95_A1";"A1";"B329_LIKE+F16";1025;0.203;"A";"1";"y";91.1799;738;NA;NA;1.38888888888889;"No"
95;"95_A10";"A10";"B329_LIKE+F16";783;0.1654;"A";"10";"y";91.1799;738;NA;NA;1.0609756097561;"No"
95;"95_A11";"A11";"B329_LIKE+F16";783;0.1696;"A";"11";"y";91.1799;738;NA;NA;1.0609756097561;"No"
95;"95_A12";"A12";"B329_LIKE+F16";904;0.1971;"A";"12";"y";91.1799;738;NA;NA;1.22493224932249;"No"
95;"95_A2";"A2";"B329_LIKE+F16";825;0.1568;"A";"2";"y";91.1799;738;NA;NA;1.11788617886179;"No"
95;"95_A3";"A3";"B329_LIKE+F16";867;0.1927;"A";"3";"y";91.1799;738;NA;NA;1.17479674796748;"No"
95;"95_A4";"A4";"B329_LIKE+F16";983;0.1787;"A";"4";"y";91.1799;738;NA;NA;1.3319783197832;"No"
95;"95_A5";"A5";"B329_LIKE+F16";935;0.1916;"A";"5";"y";91.1799;738;NA;NA;1.26693766937669;"No"
95;"95_A6";"A6";"B329_LIKE+F16";776;0.1966;"A";"6";"y";91.1799;738;NA;NA;1.05149051490515;"No"
95;"95_A7";"A7";"B329_LIKE+F16";736;0.1585;"A";"7";"y";91.1799;738;NA;NA;0.997289972899729;"No"
95;"95_A8";"A8";"B329_LIKE+F16";718;0.1755;"A";"8";"y";91.1799;738;NA;NA;0.97289972899729;"No"
95;"95_A9";"A9";"B329_LIKE+F16";843;0.1695;"A";"9";"y";91.1799;738;NA;NA;1.14227642276423;"No"
95;"95_B1";"B1";"B329_LIKE+F16";799;0.1595;"B";"1";"y";91.1799;738;NA;NA;1.08265582655827;"No"
95;"95_B12";"B12";"B329_LIKE+F16";638;0.1374;"B";"12";"y";91.1799;738;NA;NA;0.86449864498645;"No"
95;"95_C1";"C1";"B329_LIKE+F16";856;0.1773;"C";"1";"y";91.1799;738;NA;NA;1.15989159891599;"No"
95;"95_C12";"C12";"B329_LIKE+F16";1089;0.1755;"C";"12";"y";91.1799;738;NA;NA;1.47560975609756;"No"
95;"95_D1";"D1";"B329_LIKE+F16";736;0.1451;"D";"1";"y";91.1799;738;NA;NA;0.997289972899729;"No"
95;"95_D12";"D12";"B329_LIKE+F16";751;0.1546;"D";"12";"y";91.1799;738;NA;NA;1.01761517615176;"No"
95;"95_E1";"E1";"B329_LIKE+F16";999;0.185;"E";"1";"y";91.1799;738;NA;NA;1.35365853658537;"No"
95;"95_E12";"E12";"B329_LIKE+F16";824;0.1785;"E";"12";"y";91.1799;738;NA;NA;1.11653116531165;"No"
95;"95_F1";"F1";"B329_LIKE+F16";901;0.1852;"F";"1";"y";91.1799;738;NA;NA;1.22086720867209;"No"
95;"95_F12";"F12";"B329_LIKE+F16";834;0.1934;"F";"12";"y";91.1799;738;NA;NA;1.13008130081301;"No"
95;"95_G1";"G1";"B329_LIKE+F16";858;0.1616;"G";"1";"y";91.1799;738;NA;NA;1.16260162601626;"No"
95;"95_G12";"G12";"B329_LIKE+F16";885;0.1852;"G";"12";"y";91.1799;738;NA;NA;1.19918699186992;"No"
96;"96_A1";"A1";"B329_LIKE+F16";757;0.1781;"A";"1";"y";78.5778;689;NA;NA;1.09869375907112;"No"
96;"96_A10";"A10";"B329_LIKE+F16";786;0.1721;"A";"10";"y";78.5778;689;NA;NA;1.14078374455733;"No"
96;"96_A11";"A11";"B329_LIKE+F16";663;0.1274;"A";"11";"y";78.5778;689;NA;NA;0.962264150943396;"No"
96;"96_A12";"A12";"B329_LIKE+F16";685;0.1319;"A";"12";"y";78.5778;689;NA;NA;0.994194484760523;"No"
96;"96_A2";"A2";"B329_LIKE+F16";734;0.1568;"A";"2";"y";78.5778;689;NA;NA;1.06531204644412;"No"
96;"96_A3";"A3";"B329_LIKE+F16";770;0.1504;"A";"3";"y";78.5778;689;NA;NA;1.11756168359942;"No"
96;"96_A4";"A4";"B329_LIKE+F16";717;0.1622;"A";"4";"y";78.5778;689;NA;NA;1.04063860667634;"No"
96;"96_A5";"A5";"B329_LIKE+F16";810;0.1564;"A";"5";"y";78.5778;689;NA;NA;1.17561683599419;"No"
96;"96_A6";"A6";"B329_LIKE+F16";1146;0.191;"A";"6";"y";78.5778;689;NA;NA;1.6632801161103;"No"
96;"96_A7";"A7";"B329_LIKE+F16";807;0.1606;"A";"7";"y";78.5778;689;NA;NA;1.17126269956459;"No"
96;"96_A8";"A8";"B329_LIKE+F16";631;0.1281;"A";"8";"y";78.5778;689;NA;NA;0.915820029027576;"No"
96;"96_A9";"A9";"B329_LIKE+F16";953;0.1655;"A";"9";"y";78.5778;689;NA;NA;1.38316400580552;"No"
96;"96_B1";"B1";"B329_LIKE+F16";649;0.1313;"B";"1";"y";78.5778;689;NA;NA;0.941944847605225;"No"
96;"96_B12";"B12";"B329_LIKE+F16";830;0.1691;"B";"12";"y";78.5778;689;NA;NA;1.20464441219158;"No"
96;"96_C1";"C1";"B329_LIKE+F16";749;0.1463;"C";"1";"y";78.5778;689;NA;NA;1.08708272859216;"No"
96;"96_C12";"C12";"B329_LIKE+F16";735;0.1529;"C";"12";"y";78.5778;689;NA;NA;1.06676342525399;"No"
96;"96_D1";"D1";"B329_LIKE+F16";719;0.1363;"D";"1";"y";78.5778;689;NA;NA;1.04354136429608;"No"
96;"96_D12";"D12";"B329_LIKE+F16";801;0.1636;"D";"12";"y";78.5778;689;NA;NA;1.16255442670537;"No"
96;"96_E1";"E1";"B329_LIKE+F16";641;0.1467;"E";"1";"y";78.5778;689;NA;NA;0.93033381712627;"No"
96;"96_E12";"E12";"B329_LIKE+F16";697;0.1455;"E";"12";"y";78.5778;689;NA;NA;1.01161103047895;"No"
96;"96_F1";"F1";"B329_LIKE+F16";590;0.1138;"F";"1";"y";78.5778;689;NA;NA;0.856313497822932;"No"
96;"96_F12";"F12";"B329_LIKE+F16";800;0.1653;"F";"12";"y";78.5778;689;NA;NA;1.1611030478955;"No"
96;"96_G1";"G1";"B329_LIKE+F16";688;0.128;"G";"1";"y";78.5778;689;NA;NA;0.998548621190131;"No"
96;"96_G12";"G12";"B329_LIKE+F16";717;0.1508;"G";"12";"y";78.5778;689;NA;NA;1.04063860667634;"No"
97;"97_A1";"A1";"B329_LIKE+F16";715;0.1416;"A";"1";"y";69.6822;642.5;NA;NA;1.11284046692607;"No"
97;"97_A10";"A10";"B329_LIKE+F16";622;0.1312;"A";"10";"y";69.6822;642.5;NA;NA;0.968093385214008;"No"
97;"97_A11";"A11";"B329_LIKE+F16";607;0.1193;"A";"11";"y";69.6822;642.5;NA;NA;0.944747081712062;"No"
97;"97_A12";"A12";"B329_LIKE+F16";776;0.152;"A";"12";"y";69.6822;642.5;NA;NA;1.20778210116732;"No"
97;"97_A2";"A2";"B329_LIKE+F16";596;0.1238;"A";"2";"y";69.6822;642.5;NA;NA;0.927626459143969;"No"
97;"97_A3";"A3";"B329_LIKE+F16";930;0.1872;"A";"3";"y";69.6822;642.5;NA;NA;1.44747081712062;"No"
97;"97_A4";"A4";"B329_LIKE+F16";673;0.125;"A";"4";"y";69.6822;642.5;NA;NA;1.04747081712062;"No"
97;"97_A5";"A5";"B329_LIKE+F16";625;0.1242;"A";"5";"y";69.6822;642.5;NA;NA;0.972762645914397;"No"
97;"97_A6";"A6";"B329_LIKE+F16";750;0.1775;"A";"6";"y";69.6822;642.5;NA;NA;1.16731517509728;"No"
97;"97_A7";"A7";"B329_LIKE+F16";627;0.1541;"A";"7";"y";69.6822;642.5;NA;NA;0.975875486381323;"No"
97;"97_A8";"A8";"B329_LIKE+F16";710;0.1553;"A";"8";"y";69.6822;642.5;NA;NA;1.10505836575875;"No"
97;"97_A9";"A9";"B329_LIKE+F16";676;0.1219;"A";"9";"y";69.6822;642.5;NA;NA;1.05214007782101;"No"
97;"97_B1";"B1";"B329_LIKE+F16";606;0.1256;"B";"1";"y";69.6822;642.5;NA;NA;0.943190661478599;"No"
97;"97_B12";"B12";"B329_LIKE+F16";849;0.1711;"B";"12";"y";69.6822;642.5;NA;NA;1.32140077821012;"No"
97;"97_C1";"C1";"B329_LIKE+F16";741;0.1186;"C";"1";"y";69.6822;642.5;NA;NA;1.15330739299611;"No"
97;"97_C12";"C12";"B329_LIKE+F16";694;0.1507;"C";"12";"y";69.6822;642.5;NA;NA;1.08015564202335;"No"
97;"97_D1";"D1";"B329_LIKE+F16";577;0.1204;"D";"1";"y";69.6822;642.5;NA;NA;0.898054474708171;"No"
97;"97_D12";"D12";"B329_LIKE+F16";702;0.1383;"D";"12";"y";69.6822;642.5;NA;NA;1.09260700389105;"No"
97;"97_E1";"E1";"B329_LIKE+F16";649;0.1379;"E";"1";"y";69.6822;642.5;NA;NA;1.01011673151751;"No"
97;"97_E12";"E12";"B329_LIKE+F16";1047;0.2339;"E";"12";"y";69.6822;642.5;NA;NA;1.6295719844358;"No"
97;"97_F1";"F1";"B329_LIKE+F16";748;0.1367;"F";"1";"y";69.6822;642.5;NA;NA;1.16420233463035;"No"
97;"97_F12";"F12";"B329_LIKE+F16";706;0.1551;"F";"12";"y";69.6822;642.5;NA;NA;1.0988326848249;"No"
97;"97_G1";"G1";"B329_LIKE+F16";1041;0.1845;"G";"1";"y";69.6822;642.5;NA;NA;1.62023346303502;"No"
97;"97_G12";"G12";"B329_LIKE+F16";907;0.193;"G";"12";"y";69.6822;642.5;NA;NA;1.41167315175097;"No"
98;"98_A1";"A1";"B329_LIKE+F16";1108;0.1947;"A";"1";"y";71.9061;638.5;NA;NA;1.7353171495693;"No"
98;"98_A10";"A10";"B329_LIKE+F16";832;0.1769;"A";"10";"y";71.9061;638.5;NA;NA;1.30305403288958;"No"
98;"98_A11";"A11";"B329_LIKE+F16";784;0.1643;"A";"11";"y";71.9061;638.5;NA;NA;1.22787783868442;"No"
98;"98_A12";"A12";"B329_LIKE+F16";690;0.1406;"A";"12";"y";71.9061;638.5;NA;NA;1.0806577916993;"No"
98;"98_A2";"A2";"B329_LIKE+F16";647;0.1211;"A";"2";"y";71.9061;638.5;NA;NA;1.01331245105717;"No"
98;"98_A3";"A3";"B329_LIKE+F16";1278;0.1987;"A";"3";"y";71.9061;638.5;NA;NA;2.00156617071261;"No"
98;"98_A4";"A4";"B329_LIKE+F16";1078;0.1965;"A";"4";"y";71.9061;638.5;NA;NA;1.68833202819107;"No"
98;"98_A5";"A5";"B329_LIKE+F16";1001;0.2171;"A";"5";"y";71.9061;638.5;NA;NA;1.56773688332028;"No"
98;"98_A6";"A6";"B329_LIKE+F16";907;0.1806;"A";"6";"y";71.9061;638.5;NA;NA;1.42051683633516;"No"
98;"98_A7";"A7";"B329_LIKE+F16";722;0.143;"A";"7";"y";71.9061;638.5;NA;NA;1.13077525450274;"No"
98;"98_A8";"A8";"B329_LIKE+F16";852;0.1934;"A";"8";"y";71.9061;638.5;NA;NA;1.33437744714174;"No"
98;"98_A9";"A9";"B329_LIKE+F16";1136;0.179;"A";"9";"y";71.9061;638.5;NA;NA;1.77916992952232;"No"
98;"98_B1";"B1";"B329_LIKE+F16";613;0.1313;"B";"1";"y";71.9061;638.5;NA;NA;0.960062646828504;"No"
98;"98_B12";"B12";"B329_LIKE+F16";657;0.1386;"B";"12";"y";71.9061;638.5;NA;NA;1.02897415818324;"No"
98;"98_C1";"C1";"B329_LIKE+F16";667;0.1355;"C";"1";"y";71.9061;638.5;NA;NA;1.04463586530932;"No"
98;"98_C12";"C12";"B329_LIKE+F16";611;0.1282;"C";"12";"y";71.9061;638.5;NA;NA;0.956930305403289;"No"
98;"98_D1";"D1";"B329_LIKE+F16";615;0.1227;"D";"1";"y";71.9061;638.5;NA;NA;0.96319498825372;"No"
98;"98_D12";"D12";"B329_LIKE+F16";593;0.129;"D";"12";"y";71.9061;638.5;NA;NA;0.928739232576351;"No"
98;"98_E1";"E1";"B329_LIKE+F16";838;0.1444;"E";"1";"y";71.9061;638.5;NA;NA;1.31245105716523;"No"
98;"98_E12";"E12";"B329_LIKE+F16";792;0.1536;"E";"12";"y";71.9061;638.5;NA;NA;1.24040720438528;"No"
98;"98_F1";"F1";"B329_LIKE+F16";802;0.1339;"F";"1";"y";71.9061;638.5;NA;NA;1.25606891151135;"No"
98;"98_F12";"F12";"B329_LIKE+F16";994;0.212;"F";"12";"y";71.9061;638.5;NA;NA;1.55677368833203;"No"
98;"98_G1";"G1";"B329_LIKE+F16";764;0.1547;"G";"1";"y";71.9061;638.5;NA;NA;1.19655442443226;"No"
98;"98_G12";"G12";"B329_LIKE+F16";746;0.1573;"G";"12";"y";71.9061;638.5;NA;NA;1.16836335160532;"No"
99;"99_A1";"A1";"B329_LIKE+F16";792;0.1542;"A";"1";"y";68.1996;647;NA;NA;1.22411128284389;"No"
99;"99_A10";"A10";"B329_LIKE+F16";626;0.1282;"A";"10";"y";68.1996;647;NA;NA;0.967542503863988;"No"
99;"99_A11";"A11";"B329_LIKE+F16";615;0.1215;"A";"11";"y";68.1996;647;NA;NA;0.950540958268934;"No"
99;"99_A12";"A12";"B329_LIKE+F16";634;0.1265;"A";"12";"y";68.1996;647;NA;NA;0.979907264296754;"No"
99;"99_A2";"A2";"B329_LIKE+F16";773;0.152;"A";"2";"y";68.1996;647;NA;NA;1.19474497681607;"No"
99;"99_A3";"A3";"B329_LIKE+F16";644;0.1296;"A";"3";"y";68.1996;647;NA;NA;0.995363214837713;"No"
99;"99_A4";"A4";"B329_LIKE+F16";651;0.133;"A";"4";"y";68.1996;647;NA;NA;1.00618238021638;"No"
99;"99_A5";"A5";"B329_LIKE+F16";728;0.1423;"A";"5";"y";68.1996;647;NA;NA;1.12519319938176;"No"
99;"99_A6";"A6";"B329_LIKE+F16";691;0.1414;"A";"6";"y";68.1996;647;NA;NA;1.06800618238022;"No"
99;"99_A7";"A7";"B329_LIKE+F16";748;0.1621;"A";"7";"y";68.1996;647;NA;NA;1.15610510046368;"No"
99;"99_A8";"A8";"B329_LIKE+F16";635;0.128;"A";"8";"y";68.1996;647;NA;NA;0.98145285935085;"No"
99;"99_A9";"A9";"B329_LIKE+F16";644;0.1254;"A";"9";"y";68.1996;647;NA;NA;0.995363214837713;"No"
99;"99_B1";"B1";"B329_LIKE+F16";855;0.1781;"B";"1";"y";68.1996;647;NA;NA;1.32148377125193;"No"
99;"99_B12";"B12";"B329_LIKE+F16";681;0.1338;"B";"12";"y";68.1996;647;NA;NA;1.05255023183926;"No"
99;"99_C1";"C1";"B329_LIKE+F16";625;0.126;"C";"1";"y";68.1996;647;NA;NA;0.965996908809892;"No"
99;"99_C12";"C12";"B329_LIKE+F16";640;0.1295;"C";"12";"y";68.1996;647;NA;NA;0.989180834621329;"No"
99;"99_D1";"D1";"B329_LIKE+F16";770;0.1645;"D";"1";"y";68.1996;647;NA;NA;1.19010819165379;"No"
99;"99_D12";"D12";"B329_LIKE+F16";653;0.1384;"D";"12";"y";68.1996;647;NA;NA;1.00927357032457;"No"
99;"99_E1";"E1";"B329_LIKE+F16";1052;0.2074;"E";"1";"y";68.1996;647;NA;NA;1.62596599690881;"No"
99;"99_E12";"E12";"B329_LIKE+F16";682;0.1463;"E";"12";"y";68.1996;647;NA;NA;1.05409582689335;"No"
99;"99_F1";"F1";"B329_LIKE+F16";729;0.1494;"F";"1";"y";68.1996;647;NA;NA;1.12673879443586;"No"
99;"99_F12";"F12";"B329_LIKE+F16";1022;0.1981;"F";"12";"y";68.1996;647;NA;NA;1.57959814528594;"No"
99;"99_G1";"G1";"B329_LIKE+F16";989;0.2104;"G";"1";"y";68.1996;647;NA;NA;1.52859350850077;"No"
99;"99_G12";"G12";"B329_LIKE+F16";606;0.128;"G";"12";"y";68.1996;647;NA;NA;0.936630602782071;"No"
100;"100_A1";"A1";"B329_LIKE+F16";716;0.1348;"A";"1";"y";97.8516;650;NA;NA;1.10153846153846;"No"
100;"100_A10";"A10";"B329_LIKE+F16";937;0.2247;"A";"10";"y";97.8516;650;NA;NA;1.44153846153846;"No"
100;"100_A11";"A11";"B329_LIKE+F16";944;0.1779;"A";"11";"y";97.8516;650;NA;NA;1.45230769230769;"No"
100;"100_A12";"A12";"B329_LIKE+F16";866;0.1636;"A";"12";"y";97.8516;650;NA;NA;1.33230769230769;"No"
100;"100_A2";"A2";"B329_LIKE+F16";735;0.1538;"A";"2";"y";97.8516;650;NA;NA;1.13076923076923;"No"
100;"100_A3";"A3";"B329_LIKE+F16";726;0.152;"A";"3";"y";97.8516;650;NA;NA;1.11692307692308;"No"
100;"100_A4";"A4";"B329_LIKE+F16";716;0.148;"A";"4";"y";97.8516;650;NA;NA;1.10153846153846;"No"
100;"100_A5";"A5";"B329_LIKE+F16";759;0.1498;"A";"5";"y";97.8516;650;NA;NA;1.16769230769231;"No"
100;"100_A6";"A6";"B329_LIKE+F16";698;0.1602;"A";"6";"y";97.8516;650;NA;NA;1.07384615384615;"No"
100;"100_A7";"A7";"B329_LIKE+F16";811;0.1563;"A";"7";"y";97.8516;650;NA;NA;1.24769230769231;"No"
100;"100_A8";"A8";"B329_LIKE+F16";764;0.1557;"A";"8";"y";97.8516;650;NA;NA;1.17538461538462;"No"
100;"100_A9";"A9";"B329_LIKE+F16";880;0.1799;"A";"9";"y";97.8516;650;NA;NA;1.35384615384615;"No"
100;"100_B1";"B1";"B329_LIKE+F16";732;0.1477;"B";"1";"y";97.8516;650;NA;NA;1.12615384615385;"No"
100;"100_B12";"B12";"B329_LIKE+F16";933;0.1807;"B";"12";"y";97.8516;650;NA;NA;1.43538461538462;"No"
100;"100_C1";"C1";"B329_LIKE+F16";850;0.1758;"C";"1";"y";97.8516;650;NA;NA;1.30769230769231;"No"
100;"100_C12";"C12";"B329_LIKE+F16";1038;0.1914;"C";"12";"y";97.8516;650;NA;NA;1.59692307692308;"No"
100;"100_D1";"D1";"B329_LIKE+F16";733;0.1302;"D";"1";"y";97.8516;650;NA;NA;1.12769230769231;"No"
100;"100_D12";"D12";"B329_LIKE+F16";722;0.15;"D";"12";"y";97.8516;650;NA;NA;1.11076923076923;"No"
100;"100_E1";"E1";"B329_LIKE+F16";643;0.1402;"E";"1";"y";97.8516;650;NA;NA;0.989230769230769;"No"
100;"100_E12";"E12";"B329_LIKE+F16";704;0.1588;"E";"12";"y";97.8516;650;NA;NA;1.08307692307692;"No"
100;"100_F1";"F1";"B329_LIKE+F16";605;0.1222;"F";"1";"y";97.8516;650;NA;NA;0.930769230769231;"No"
100;"100_F12";"F12";"B329_LIKE+F16";1066;0.1012;"F";"12";"y";97.8516;650;NA;NA;1.64;"No"
100;"100_G1";"G1";"B329_LIKE+F16";636;0.1289;"G";"1";"y";97.8516;650;NA;NA;0.978461538461538;"No"
100;"100_G12";"G12";"B329_LIKE+F16";1145;0.104;"G";"12";"y";97.8516;650;NA;NA;1.76153846153846;"No"
17;"17_E9";"E9";"B329_LIKE+F16_high";2635;0.160899997;"E";"9";"n";NA;908;635.57225;2106.6821;2.90198237885463;"Yes"
28;"28_G11";"G11";"B329_LIKE+F16_high";4434;0.180999994;"G";"11";"n";NA;850;609.0775;1910.059;5.21647058823529;"Yes"
31;"31_D11";"D11";"B329_LIKE+F16_high";2587;0.161799997;"D";"11";"n";NA;846;612.4905;1873.4418;3.05791962174941;"Yes"
31;"31_D2";"D2";"B329_LIKE+F16_high";2118;0.169400007;"D";"2";"n";NA;846;612.4905;1873.4418;2.50354609929078;"Yes"
40;"40_E6";"E6";"B329_LIKE+F16_high";2369;0.149399996;"E";"6";"n";NA;827.5;577.31125;1928.3305;2.86283987915408;"Yes"
46;"46_G3";"G3";"B329_LIKE+F16_high";2573;0.207900003;"G";"3";"n";NA;985.5;690.83325;2282.0337;2.61085743277524;"Yes"
58;"58_D5";"D5";"B329_LIKE+F16_high";1877;0.177300006;"D";"5";"n";NA;895.5;710.175;1710.93;2.09603573422669;"Yes"
84;"84_E3";"E3";"B329_LIKE+F16_high";1896;0.1725;"E";"3";"n";NA;679.5;475.6425;1576.473;2.79028697571744;"Yes"
16;"16_A1";"A1";"B329_LIKE+F16_high";2558;0.169200003;"A";"1";"y";NA;950.5;602.089;2483.5084;2.69121514992109;"Yes"
20;"20_G1";"G1";"B329_LIKE+F16_high";2703;0.215399995;"G";"1";"y";NA;1013;820.262;1861.0472;2.66831194471866;"Yes"
23;"23_A12";"A12";"B329_LIKE+F16_high";2718;0.296000004;"A";"12";"y";NA;1087.5;789.12675;2400.3423;2.49931034482759;"Yes"
26;"26_G1";"G1";"B329_LIKE+F16_high";2296;0.174199998;"G";"1";"y";NA;772.5;522.31125;1873.3305;2.97216828478964;"Yes"
49;"49_C12";"C12";"B329_LIKE+F16_high";4249;0.179100007;"C";"12";"y";NA;1550.5;1040.85625;3792.9325;2.74040632054176;"Yes"
59;"59_A12";"A12";"B329_LIKE+F16_high";2019;0.191300005;"A";"12";"y";NA;888;713.7945;1654.5042;2.27364864864865;"Yes"
61;"61_A6";"A6";"B329_LIKE+F16_high";1694;0.166199997;"A";"6";"y";NA;857.5;714.79975;1485.3811;1.97551020408163;"Yes"
69;"69_A2";"A2";"B329_LIKE+F16_high";4265;0.217;"A";"2";"y";NA;952.5;533.6655;2795.3718;4.47769028871391;"Yes"
86;"86_D12";"D12";"B329_LIKE+F16_high";1907;0.1815;"D";"12";"y";NA;618;404.87625;1555.7445;3.08576051779935;"Yes"
1;"1_C3";"C3";"B329_LIKE+F16_low";595;0.1163;"C";"3";"n";NA;882.5;606.36575;2097.4907;0.674220963172805;"Yes"
7;"7_B9";"B9";"B329_LIKE+F16_low";639;0.122;"B";"9";"n";NA;819;650.35425;1561.0413;0.78021978021978;"Yes"
9;"9_B9";"B9";"B329_LIKE+F16_low";528;0.1012;"B";"9";"n";NA;752;592.6205;1453.2698;0.702127659574468;"Yes"
14;"14_F2";"F2";"B329_LIKE+F16_low";498;0.099799998;"F";"2";"n";NA;911;629.306;2150.4536;0.546652030735456;"Yes"
20;"20_B2";"B2";"B329_LIKE+F16_low";811;0.145999998;"B";"2";"n";NA;1013;820.262;1861.0472;0.800592300098717;"Yes"
20;"20_C4";"C4";"B329_LIKE+F16_low";668;0.107000001;"C";"4";"n";NA;1013;820.262;1861.0472;0.659427443237907;"Yes"
21;"21_E5";"E5";"B329_LIKE+F16_low";751;0.126499996;"E";"5";"n";NA;947.5;771.44125;1722.1585;0.792612137203166;"Yes"
23;"23_C6";"C6";"B329_LIKE+F16_low";679;0.1039;"C";"6";"n";NA;1087.5;789.12675;2400.3423;0.624367816091954;"Yes"
27;"27_B10";"B10";"B329_LIKE+F16_low";542;0.092500001;"B";"10";"n";NA;918.5;679.43075;1970.4047;0.590092542188351;"Yes"
38;"38_E3";"E3";"B329_LIKE+F16_low";432;0.110399999;"E";"3";"n";NA;826;596.197;1837.1332;0.523002421307506;"Yes"
38;"38_E4";"E4";"B329_LIKE+F16_low";552;0.097000003;"E";"4";"n";NA;826;596.197;1837.1332;0.668280871670702;"Yes"
47;"47_F11";"F11";"B329_LIKE+F16_low";1029;0.142000005;"F";"11";"n";NA;1386.5;1049.2085;2870.5826;0.742156509195817;"Yes"
49;"49_B7";"B7";"B329_LIKE+F16_low";930;0.108900003;"B";"7";"n";NA;1550.5;1040.85625;3792.9325;0.599806514027733;"Yes"
57;"57_D8";"D8";"B329_LIKE+F16_low";453;0.101999998;"D";"8";"n";NA;938;647.03975;2218.2251;0.482942430703625;"Yes"
61;"61_B6";"B6";"B329_LIKE+F16_low";701;0.135700002;"B";"6";"n";NA;857.5;714.79975;1485.3811;0.817492711370262;"Yes"
64;"64_C5";"C5";"B329_LIKE+F16_low";496;0.096100003;"C";"5";"n";NA;920;601.241;2322.5396;0.539130434782609;"Yes"
68;"68_B8";"B8";"B329_LIKE+F16_low";519;0.2162;"B";"8";"n";NA;848;614.4905;1875.4418;0.612028301886792;"Yes"
76;"76_E10";"E10";"B329_LIKE+F16_low";384;0.1421;"E";"10";"n";NA;565.5;407.97375;1258.6155;0.679045092838196;"Yes"
99;"99_D2";"D2";"B329_LIKE+F16_low";395;0.1696;"D";"2";"n";NA;647;476.501;1397.1956;0.610510046367852;"Yes"
11;"11_E12";"E12";"B329_LIKE+F16_low";456;0.0932;"E";"12";"y";NA;715;466.6645;1807.6762;0.637762237762238;"Yes"
24;"24_D1";"D1";"B329_LIKE+F16_low";684;0.135199994;"D";"1";"y";NA;1022.5;740.806;2261.9536;0.668948655256724;"Yes"
62;"62_C1";"C1";"B329_LIKE+F16_low";563;0.109700002;"C";"1";"y";NA;867.5;689.588;1650.3128;0.648991354466859;"Yes"
72;"72_A11";"A11";"B329_LIKE+F16_low";563;0.0915;"A";"11";"y";NA;826.5;602.25675;1813.1703;0.68118572292801;"Yes"
79;"79_A3";"A3";"B329_LIKE+F16_low";460;0.088;"A";"3";"y";NA;784.5;543.5775;1844.559;0.58636073932441;"Yes"
79;"79_A6";"A6";"B329_LIKE+F16_low";424;0.0875;"A";"6";"y";NA;784.5;543.5775;1844.559;0.540471637985978;"Yes"
