time;A1;A2;A3;A4;A5;A6;A7;A8;A9;A10;A11;A12;B1;B2;B3;B4;B5;B6;B7;B8;B9;B10;B11;B12;C1;C2;C3;C4;C5;C6;C7;C8;C9;C10;C11;C12;D1;D2;D3;D4;D5;D6;D7;D8;D9;D10;D11;D12;E1;E2;E3;E4;E5;E6;E7;E8;E9;E10;E11;E12;F1;F2;F3;F4;F5;F6;F7;F8;F9;F10;F11;F12;G1;G2;G3;G4;G5;G6;G7;G8;G9;G10;G11;G12;H1;H2;H3;H4;H5;H6;H7;H8;H9;H10;H11;H12
0;2790;3039;3024;3027;3017;2994;3037;3007;3044;139;134;139;141;146;142;144;138;129;152;159;157;158;155;156;149;155;148;2960;2986;2989;2992;2992;2999;3231;3042;3024;139;135;138;141;139;141;148;136;136;150;157;156;160;152;151;151;152;157;2972;3005;2960;3005;2970;3032;2907;2977;2964;139;136;138;137;136;133;137;138;147;151;154;152;147;154;151;151;149;147;178;175;173;186;185;181;191;182;190;199;190;200;187;200;173
600;2818;3041;3029;3055;3023;3040;3026;3019;3062;138;131;135;132;136;139;135;134;132;150;147;150;155;153;156;149;149;149;3003;2993;3009;3007;3040;3060;3222;3087;3018;136;136;134;134;132;137;145;133;135;151;150;158;158;152;149;145;148;150;2982;3001;3024;3031;3018;3043;2937;2977;2977;130;135;132;134;132;127;133;136;148;153;155;146;148;147;153;149;143;140;190;180;167;171;182;184;178;172;198;176;170;176;176;194;173
1200.1;2825;3018;3007;3021;3029;3036;3036;3030;3038;135;134;136;128;138;136;137;135;132;142;148;150;144;143;146;150;150;149;3020;3007;3003;2999;3028;3033;3220;3050;3012;140;139;136;136;130;134;148;134;133;148;148;152;159;152;150;148;146;149;2950;3008;2999;3037;3005;3035;2922;2995;2988;135;129;131;138;135;132;133;130;151;146;151;143;148;153;152;145;145;146;204;175;178;194;180;179;177;173;167;184;175;194;172;190;172
1800.2;2823;3038;3026;3032;3025;3017;3045;3008;3045;135;138;136;129;132;139;141;137;134;142;139;145;142;142;139;149;153;145;3006;2992;2995;3015;3019;3036;3212;3060;3005;140;136;132;136;129;132;145;134;137;149;147;154;156;153;147;148;145;141;2942;3017;3001;3030;3004;3051;2935;2996;2985;134;128;136;135;132;132;132;131;147;151;151;148;147;147;151;151;145;145;168;170;167;177;179;171;182;224;167;174;168;186;179;191;174
2400.2;2801;3030;3003;3023;3019;3017;3031;3027;3016;137;136;133;130;137;132;136;136;127;137;137;139;142;139;139;152;154;147;2995;2984;3018;2993;3009;3017;3191;3050;2989;133;132;136;135;131;139;147;135;132;145;145;152;163;151;149;149;148;139;2978;3019;2999;3048;2991;3044;2950;2996;2995;138;131;135;136;132;134;134;133;145;149;150;153;145;146;149;145;146;142;208;174;170;180;177;174;180;184;178;181;164;188;176;191;173
3000.3;2787;3044;3006;3020;3014;3040;3001;3015;3030;137;138;135;133;134;138;133;136;133;141;139;137;137;137;138;146;149;145;2995;2986;2996;3006;3023;3015;3191;3063;2989;138;133;136;134;132;140;143;135;132;149;146;150;161;161;149;146;145;142;2950;3015;2976;3050;3033;3048;2930;2987;2990;137;131;136;138;135;129;132;135;149;149;150;146;152;149;152;148;144;140;180;171;162;182;177;172;182;194;169;175;162;181;179;194;178
3600.4;2796;3034;3017;3032;3008;3017;3032;3011;3050;141;136;135;136;141;137;133;135;133;141;138;141;146;139;139;147;146;140;3010;2990;3002;3003;3005;3041;3198;3060;3014;139;139;132;132;130;136;148;138;135;142;147;155;155;150;151;153;143;135;2947;3017;2994;3015;2998;3036;2933;2981;2971;138;128;136;135;133;131;136;135;148;153;151;149;151;150;148;146;140;139;178;172;172;184;177;171;174;197;169;188;162;193;171;194;168
4200.5;2801;3032;3007;3026;3037;2997;3029;3016;3022;141;134;136;134;140;138;136;136;138;143;137;143;140;141;138;148;150;140;3006;2997;2999;2989;3012;3014;3190;3044;3001;138;137;134;133;129;138;141;132;133;146;143;156;158;151;151;149;145;137;2971;2995;2968;3023;2986;3040;2918;2984;2972;135;132;139;138;135;134;136;138;151;154;151;149;147;144;146;146;149;142;194;170;168;172;179;175;180;189;174;172;176;167;174;188;173
4800.5;2825;3035;3013;3037;3007;3022;3027;3035;3035;142;140;133;132;138;139;138;139;134;142;138;141;142;136;138;150;147;140;2999;2982;2996;3017;3020;3026;3164;3064;2993;142;137;134;135;137;141;141;140;136;147;141;148;157;154;149;148;148;141;2937;2995;2977;3030;3004;3047;2911;2977;2963;136;133;133;133;137;132;136;134;147;145;152;145;146;147;147;150;147;144;179;169;171;178;175;169;178;171;167;178;158;172;171;189;164
5400.6;2800;3035;2999;3037;3025;3023;3033;3001;3015;144;132;133;129;136;134;134;132;132;142;133;139;140;142;138;146;149;139;2973;2996;2992;2988;3001;3011;3148;3068;3006;141;131;138;135;135;138;141;133;131;146;152;147;155;146;153;145;146;138;2964;3018;2992;3046;2981;3058;2918;2958;2976;134;132;131;138;133;130;132;131;145;154;149;146;144;145;149;151;144;142;180;172;168;183;170;169;173;176;200;182;175;165;169;197;169
6000.7;2814;3024;3008;3044;3026;3031;3033;3020;3023;140;134;136;133;136;136;138;136;128;138;140;141;142;140;140;148;153;141;3004;2993;3000;2992;3024;3004;3163;3040;3036;143;133;133;137;134;137;141;140;136;141;142;139;158;145;148;145;147;137;2967;2994;3013;3025;3006;3044;2933;2988;2957;138;128;136;135;128;134;133;136;151;152;150;145;150;146;147;147;144;142;173;177;169;171;179;180;168;182;168;181;161;167;165;198;169
6600.7;2818;3034;3021;3034;3003;3013;3030;3011;3041;139;135;137;134;139;136;137;135;130;143;140;139;138;138;137;151;150;138;3004;2997;3015;2997;3007;3035;3152;3056;2997;145;136;138;134;135;133;144;136;129;147;144;146;153;149;154;149;147;138;2967;2992;2984;3057;2983;3044;2928;2979;2978;144;134;136;137;135;132;135;134;151;148;149;145;148;149;150;149;147;145;176;179;169;167;175;169;175;163;166;179;159;185;169;195;173
7200.8;2822;3029;3006;3054;3009;3052;3058;3022;3026;147;137;137;132;140;140;141;140;133;140;139;138;140;143;138;151;152;138;3003;2989;3019;3012;3028;3031;3139;3084;3005;145;136;135;137;135;137;144;137;132;147;140;145;158;153;151;144;148;141;2969;3010;2978;3062;3018;3032;2932;2999;2987;142;133;137;136;133;132;129;138;149;151;145;146;146;150;150;148;143;143;178;185;169;172;172;179;172;184;194;177;160;170;170;194;169
7800.9;2824;3028;3055;3017;3025;3040;3045;3036;3037;144;137;133;132;141;141;137;136;133;142;141;140;135;140;141;146;151;134;3014;3004;3016;2993;3027;3028;3154;3045;3035;144;136;139;136;129;136;139;134;135;144;139;146;158;155;147;143;143;139;2962;3018;3001;3057;2979;3047;2936;2989;2976;142;137;140;135;131;139;131;138;146;149;147;145;141;147;144;145;140;141;186;166;162;177;175;176;178;162;165;171;163;172;171;190;164
8400.9;2818;3057;3012;3036;3032;3024;3025;3036;3009;145;135;138;134;138;129;131;134;126;145;137;138;143;142;140;146;153;139;2987;3002;3003;3004;3014;3016;3136;3034;3023;143;136;136;136;131;138;147;137;133;145;140;146;160;154;153;146;148;137;2973;3003;2983;3052;3032;3037;2931;2987;3001;143;136;135;134;132;134;137;138;145;148;155;146;149;146;146;147;147;140;182;167;167;184;174;173;177;166;165;182;164;168;166;184;168
9001;2837;3047;3026;3042;3030;3044;3045;3025;3027;146;136;137;131;138;141;138;140;129;137;139;138;139;140;143;148;152;142;3004;3000;2994;2993;3016;3054;3160;3051;3000;150;137;139;139;131;140;146;139;134;145;142;140;157;154;146;148;146;135;2976;3005;3000;3053;3015;3055;2932;2986;2976;145;131;133;137;137;136;138;139;147;151;151;148;152;148;148;151;146;140;171;167;167;174;172;171;174;161;166;183;163;169;166;196;167
9601;2808;3021;3043;3042;3040;3033;3046;2998;3037;149;138;130;132;139;140;139;141;131;137;139;141;144;142;141;147;152;141;3007;2994;3024;2978;3001;3016;3138;3080;3003;147;139;135;139;137;135;143;133;130;141;141;142;159;149;151;152;147;139;2981;3018;3009;3046;3050;3066;2949;2986;2986;146;130;135;139;133;133;136;135;148;151;145;149;146;142;148;147;144;146;177;171;168;185;168;178;173;199;166;177;164;188;163;192;164
10201.1;2830;3040;3022;3062;3047;3050;3022;3023;3035;146;141;135;131;138;142;136;139;133;146;141;143;138;139;142;145;144;138;3033;3018;3020;3007;3043;3043;3143;3098;2996;147;140;137;135;137;138;146;135;131;146;143;142;155;150;148;146;143;140;2963;3003;3010;3057;3018;3054;2946;3000;2990;152;133;138;137;136;131;133;137;149;153;150;151;150;144;148;144;143;142;170;167;170;168;170;174;172;213;164;172;160;167;168;199;167
10801.2;2838;3053;3037;3030;3050;3021;3057;3028;3040;155;135;134;134;138;140;134;136;131;139;139;138;143;148;140;149;150;137;3010;3013;3020;3031;3015;3021;3137;3085;3002;147;136;135;139;131;138;141;139;130;142;138;148;158;146;148;150;146;135;2976;3000;3011;3045;3014;3079;2949;3003;3003;150;131;137;136;128;132;133;141;147;143;151;150;150;148;145;146;149;147;167;173;168;176;171;165;171;175;192;189;166;171;166;198;160
11401.2;2816;3048;3037;3064;3047;3026;3047;3029;3049;155;137;131;134;138;135;137;136;131;141;143;141;136;140;143;147;153;143;3009;2993;3026;3013;3026;3059;3147;3059;3038;154;132;136;140;130;142;144;139;129;148;138;147;154;149;154;151;151;136;2983;3028;3020;3061;3030;3084;2936;3008;2984;146;131;134;133;136;133;136;146;147;154;154;147;147;147;148;148;141;142;172;173;172;186;166;171;176;218;166;177;161;169;166;195;166
12001.3;2820;3077;3050;3068;3058;3047;3061;3054;3068;146;137;133;134;136;134;133;134;133;139;134;136;138;135;140;141;147;135;3025;3005;3034;3018;3047;3059;3176;3104;3044;150;134;135;132;125;133;137;135;125;142;131;140;155;145;145;148;138;134;3004;3029;3028;3061;3021;3091;2955;3011;3007;147;133;130;132;131;134;126;135;143;145;145;147;147;145;147;142;142;137;182;181;169;164;168;168;171;163;174;175;164;171;165;193;173
12601.4;2837;3045;3040;3072;3052;3044;3058;3053;3045;150;135;133;127;130;135;134;134;128;132;133;140;139;137;134;139;147;135;3026;3031;3037;3006;3035;3047;3158;3091;3028;155;132;133;130;131;134;143;137;131;140;134;142;156;147;142;142;145;130;2989;3017;3031;3066;3032;3085;2947;2994;3011;144;130;130;136;132;125;131;135;141;147;146;141;143;144;143;139;136;136;166;174;161;168;175;166;170;206;151;185;158;169;168;190;158
13201.5;2863;3062;3052;3084;3063;3055;3058;3058;3055;152;136;127;127;135;137;133;139;126;134;129;136;134;137;133;142;146;132;3056;3027;3071;3027;3049;3076;3141;3102;3034;147;134;131;133;128;135;138;132;130;138;133;143;152;140;148;142;140;134;3005;3032;3030;3096;3054;3085;2968;3005;3027;152;129;128;132;129;131;135;140;146;141;149;142;145;146;138;140;137;139;171;173;171;164;170;167;173;165;190;175;157;169;156;189;164
13801.5;2834;3075;3042;3075;3069;3059;3062;3054;3056;156;137;130;138;135;134;132;132;126;136;136;137;141;137;134;134;144;131;3015;3020;3032;3034;3030;3068;3119;3097;3021;155;134;131;134;130;138;140;135;124;138;139;141;153;143;141;145;142;138;3012;3040;3021;3096;3060;3074;2973;2997;3005;149;130;129;127;131;130;132;136;140;146;147;143;141;144;144;142;138;138;171;171;168;167;170;175;166;162;162;180;159;161;168;186;162
14401.6;2866;3073;3054;3071;3081;3069;3066;3052;3050;155;139;134;131;133;134;134;135;126;138;135;137;140;137;137;140;148;131;3038;3035;3058;3039;3065;3073;3135;3103;3027;156;135;136;134;131;135;140;136;125;139;138;138;152;146;148;142;140;132;3012;3059;3045;3072;3040;3080;2974;3033;2994;151;129;129;131;129;125;132;136;145;141;146;145;146;144;148;139;140;135;162;178;160;167;164;164;166;174;162;180;156;164;166;191;164
15001.6;2850;3089;3062;3062;3091;3094;3079;3063;3074;154;135;135;132;136;141;134;140;128;140;132;132;135;135;134;144;144;133;3040;3050;3052;3039;3056;3053;3145;3098;3052;158;138;132;129;129;135;143;140;125;141;131;141;150;146;142;143;138;132;3016;3045;3066;3084;3056;3093;2965;3021;3025;152;131;132;132;130;130;131;139;141;141;143;144;147;145;141;144;139;140;169;167;171;170;167;167;172;169;163;168;161;169;160;187;159
15601.7;2869;3056;3077;3074;3064;3051;3097;3066;3065;159;136;136;128;135;136;135;139;130;133;136;135;133;137;133;142;149;130;3044;3056;3050;3029;3067;3077;3143;3106;3054;159;134;132;131;131;138;145;141;120;140;135;139;150;146;144;142;141;131;3025;3074;3056;3081;3065;3099;2958;3017;3022;156;131;130;133;133;132;136;142;140;137;150;145;148;141;144;143;140;136;167;170;154;169;167;167;175;169;159;173;158;164;164;182;164
16201.8;2885;3071;3083;3091;3072;3079;3073;3043;3070;167;138;131;131;137;139;132;138;123;133;133;136;138;141;140;148;144;132;3050;3055;3058;3072;3071;3099;3153;3108;3042;166;134;135;134;131;138;143;143;123;140;139;141;155;145;142;141;142;133;3017;3073;3050;3083;3066;3089;2962;3038;3014;159;135;129;136;137;132;136;139;141;147;149;143;143;143;144;138;142;133;167;172;157;171;166;168;175;168;153;196;168;163;170;180;163
16801.9;2880;3095;3065;3109;3083;3080;3077;3079;3064;163;138;134;131;136;141;130;144;121;134;133;135;137;141;134;145;150;133;3074;3059;3088;3050;3107;3076;3136;3126;3042;161;139;133;136;132;142;141;142;126;142;138;140;151;143;142;145;137;129;3036;3071;3063;3121;3062;3108;2975;3038;3029;161;135;135;130;136;134;135;142;142;140;144;143;148;141;146;141;140;137;166;179;160;166;173;164;172;178;157;190;160;167;165;181;163
17401.9;2875;3103;3081;3112;3110;3083;3078;3108;3072;163;137;131;126;139;134;136;147;126;143;141;136;136;138;133;144;147;128;3045;3065;3070;3075;3089;3092;3126;3128;3060;164;137;135;135;126;138;144;138;125;140;135;138;150;144;144;145;137;131;3027;3075;3050;3114;3062;3118;2973;3064;3017;164;132;132;138;132;131;135;144;146;137;150;139;144;146;146;146;136;133;173;169;155;167;168;163;167;167;187;188;159;169;168;179;164
18002;2862;3112;3075;3109;3088;3081;3079;3102;3103;169;142;131;131;134;142;134;145;124;136;137;136;138;137;134;145;147;133;3074;3085;3067;3068;3089;3097;3147;3150;3060;167;139;140;134;131;138;143;145;126;135;143;144;160;142;148;144;141;136;3046;3091;3066;3131;3089;3112;2982;3037;3022;166;135;134;135;132;138;138;142;145;145;148;142;151;141;141;143;135;138;171;176;157;169;168;166;170;192;181;199;167;162;163;186;165
18602.1;2894;3117;3104;3120;3117;3116;3103;3099;3077;169;141;130;134;135;139;139;147;125;133;138;142;138;136;135;146;145;134;3079;3053;3104;3070;3086;3103;3159;3155;3062;168;141;135;135;130;143;147;145;123;138;138;142;152;144;150;148;136;130;3042;3088;3090;3124;3101;3110;3009;3048;3027;175;133;132;137;134;136;135;141;144;142;150;142;144;145;146;141;135;137;169;172;157;167;167;170;171;206;155;188;161;163;159;180;171
19202.1;2905;3110;3101;3131;3120;3103;3111;3121;3073;174;143;130;134;138;143;134;150;124;133;134;134;133;139;139;143;150;132;3092;3090;3109;3109;3116;3112;3167;3168;3064;172;142;130;140;130;145;143;146;125;140;142;143;154;148;148;140;136;131;3047;3112;3078;3144;3104;3137;3015;3067;3048;170;136;133;136;131;138;136;144;141;142;147;146;143;144;146;143;135;138;166;177;159;172;173;171;174;166;157;189;161;171;161;184;177
19802.2;2901;3125;3103;3136;3110;3106;3126;3126;3067;185;147;134;134;136;148;137;151;130;141;138;142;139;137;139;149;151;136;3078;3083;3111;3064;3109;3112;3145;3163;3058;180;144;137;140;143;144;153;150;132;142;136;148;158;151;150;144;137;135;3093;3116;3085;3137;3108;3126;3002;3074;3034;171;139;136;140;134;147;139;147;146;147;153;147;147;149;143;146;142;143;173;178;161;173;178;176;180;172;157;198;167;169;172;187;176
20402.3;2941;3185;3148;3168;3154;3138;3144;3154;3102;189;146;141;142;146;151;147;157;137;141;145;143;153;147;146;156;157;139;3150;3101;3107;3124;3147;3156;3177;3185;3086;182;148;145;142;138;152;153;159;134;145;143;148;160;155;155;156;141;140;3109;3149;3140;3154;3129;3177;3029;3102;3060;181;147;142;146;139;147;145;158;150;145;154;151;157;148;149;150;145;142;174;174;171;172;174;174;180;197;166;196;169;175;177;184;177
21002.3;2926;3185;3135;3152;3173;3122;3143;3165;3093;193;154;141;143;148;150;144;161;130;139;139;145;142;150;148;150;152;138;3122;3126;3116;3129;3156;3164;3192;3197;3069;190;146;144;140;138;156;155;155;133;150;145;147;156;150;155;146;139;131;3085;3157;3136;3150;3147;3162;3050;3106;3044;181;146;140;145;140;142;147;156;143;144;152;151;152;152;148;147;141;140;174;177;162;180;181;172;183;178;157;193;160;174;168;183;186
21602.4;2939;3161;3121;3151;3129;3131;3120;3117;3100;189;147;134;137;144;149;141;157;122;134;137;135;142;137;140;141;143;128;3135;3121;3107;3136;3153;3137;3153;3203;3065;188;149;134;144;134;147;147;153;132;140;142;145;153;145;143;137;134;132;3098;3120;3123;3146;3127;3152;3051;3126;3025;186;143;135;142;132;144;140;155;144;142;148;147;147;142;140;138;137;137;172;181;165;169;169;173;167;172;152;188;159;167;170;182;174
22202.5;2953;3142;3134;3185;3157;3154;3138;3143;3080;194;149;134;136;138;143;138;154;124;135;139;134;139;139;133;137;140;134;3112;3123;3144;3125;3157;3148;3171;3186;3047;185;150;132;141;137;148;149;157;130;140;139;140;153;142;145;138;138;132;3112;3152;3102;3151;3133;3175;3024;3127;3044;189;146;139;144;138;147;143;156;137;144;152;149;142;137;137;137;137;136;166;183;157;176;173;173;176;196;151;190;165;168;167;182;174
22802.5;2947;3169;3147;3171;3152;3143;3152;3168;3065;200;148;138;140;141;153;148;160;127;137;140;137;141;140;141;138;144;139;3119;3109;3144;3145;3155;3155;3155;3207;3063;200;153;139;145;135;153;155;160;130;142;144;144;156;146;148;137;136;134;3093;3162;3110;3171;3144;3176;3046;3119;3049;198;146;136;144;136;144;142;159;149;142;152;146;146;143;139;139;143;143;175;177;159;174;173;175;178;171;151;194;163;170;169;177;182
23402.6;2965;3213;3167;3213;3197;3178;3192;3182;3112;204;156;145;143;146;158;155;166;134;141;138;143;148;148;147;144;150;142;3167;3163;3167;3185;3174;3179;3206;3241;3088;202;160;145;150;141;157;151;167;131;145;147;147;164;156;146;147;141;138;3144;3178;3167;3199;3190;3212;3091;3141;3063;198;152;140;154;148;149;146;169;145;145;156;156;151;151;147;145;148;143;173;188;162;178;180;178;187;197;160;200;176;177;182;185;181
24002.7;2973;3211;3172;3202;3211;3182;3195;3194;3081;217;154;144;154;154;159;152;172;134;139;147;143;151;150;142;146;148;138;3180;3197;3155;3167;3194;3175;3191;3224;3072;205;159;146;153;145;159;162;167;130;148;149;149;164;154;147;149;143;139;3180;3198;3178;3220;3195;3210;3078;3149;3051;213;152;145;153;149;157;152;168;151;143;160;152;156;153;147;144;148;143;171;189;165;178;176;182;182;182;162;197;171;176;176;191;183
24602.7;3023;3231;3185;3221;3222;3220;3181;3240;3086;214;158;141;147;143;157;148;168;127;134;143;138;141;141;146;140;143;134;3192;3192;3190;3193;3200;3200;3204;3246;3103;204;157;142;152;142;159;160;165;132;140;142;146;161;150;145;147;142;134;3162;3202;3165;3223;3191;3208;3068;3169;3071;210;152;145;149;141;151;148;166;147;145;154;148;150;140;147;139;139;143;172;185;162;175;179;178;177;216;153;196;166;170;175;185;174
25202.8;2995;3211;3173;3241;3226;3182;3187;3211;3079;215;150;140;144;145;159;149;166;127;136;142;135;144;143;143;140;141;135;3183;3176;3169;3195;3201;3204;3201;3224;3077;209;154;147;148;144;158;154;162;129;138;140;142;153;149;141;140;139;131;3178;3221;3157;3200;3199;3203;3087;3164;3045;207;147;139;149;143;152;144;167;139;137;153;143;141;145;137;136;141;133;168;182;168;173;171;173;177;172;152;188;173;170;172;183;176
25802.9;3013;3236;3179;3220;3220;3206;3204;3231;3087;219;158;139;147;148;152;150;170;125;133;136;141;143;142;142;140;139;134;3196;3195;3194;3200;3218;3209;3220;3243;3084;207;157;143;149;141;156;158;166;127;139;141;143;148;146;140;136;144;133;3183;3231;3157;3223;3201;3249;3116;3180;3026;213;156;138;149;140;151;148;167;143;139;146;144;142;147;135;138;136;132;171;183;162;179;170;175;177;176;157;191;170;170;170;178;180
26402.9;3047;3285;3234;3264;3249;3221;3211;3244;3099;230;164;146;148;153;166;158;182;131;135;146;147;152;145;148;142;145;136;3249;3264;3202;3224;3264;3237;3243;3301;3083;225;164;150;160;144;162;170;175;126;144;148;148;157;154;142;145;143;137;3222;3232;3206;3260;3235;3275;3151;3206;3050;226;164;142;154;149;165;156;174;151;145;158;149;147;151;147;145;142;142;170;187;168;183;181;183;182;190;164;195;169;178;181;189;181
27003;3070;3312;3229;3277;3270;3266;3259;3275;3092;244;177;147;155;154;168;166;184;130;143;145;149;148;147;146;147;146;143;3235;3238;3246;3235;3268;3271;3249;3312;3084;228;169;149;165;152;167;161;184;131;150;151;150;160;152;149;147;145;137;3227;3261;3198;3283;3266;3277;3163;3222;3049;235;166;150;163;152;168;160;184;155;144;157;150;149;151;146;144;144;144;178;193;168;180;178;181;187;182;158;195;176;181;179;186;184
27603.1;3078;3298;3252;3297;3289;3234;3272;3283;3113;251;169;146;159;157;172;160;182;129;146;145;144;154;149;151;148;151;135;3256;3280;3256;3281;3290;3294;3291;3325;3073;232;174;145;164;149;171;169;181;131;149;151;150;159;155;148;148;149;139;3255;3283;3201;3288;3276;3296;3181;3238;3069;233;167;152;160;154;169;167;184;147;144;160;156;151;149;145;146;149;143;175;191;173;183;181;177;185;186;162;194;178;179;181;190;185
28203.1;3100;3307;3277;3313;3291;3273;3274;3286;3115;254;173;149;159;164;179;161;191;134;143;145;144;150;142;149;144;152;140;3275;3254;3260;3299;3296;3280;3276;3336;3043;243;170;154;158;155;174;172;186;133;146;149;153;158;153;151;147;146;138;3282;3307;3216;3300;3289;3299;3198;3260;3087;248;171;153;165;151;170;161;189;150;143;159;153;149;149;147;151;145;147;179;195;173;180;181;186;188;226;154;198;176;179;182;191;182
28803.2;3127;3306;3258;3319;3290;3265;3292;3309;3078;256;169;142;155;153;174;157;188;125;131;139;140;141;144;141;140;145;129;3299;3282;3282;3282;3314;3296;3283;3349;3075;236;171;148;155;149;167;165;180;125;140;145;143;158;149;143;139;138;132;3279;3289;3251;3320;3303;3311;3177;3268;3069;245;163;144;158;149;167;159;182;143;137;149;149;145;143;141;143;138;137;172;183;162;178;176;175;174;187;150;194;173;176;172;186;182
29403.3;3113;3327;3277;3339;3330;3277;3315;3311;3079;261;174;146;153;149;175;159;191;127;135;133;136;142;142;144;141;148;132;3335;3324;3299;3319;3335;3305;3286;3311;3065;244;174;149;158;149;174;170;190;126;139;141;140;152;141;139;141;142;134;3317;3312;3241;3306;3252;3351;3183;3286;3047;254;163;146;158;150;165;156;187;139;135;151;145;145;138;141;140;136;130;167;196;165;177;171;177;176;186;154;186;167;174;178;184;185
30003.3;3155;3357;3311;3361;3363;3329;3336;3357;3108;269;183;153;165;159;182;164;198;132;140;148;147;154;147;147;147;151;138;3353;3325;3323;3335;3364;3344;3325;3364;3069;256;184;152;166;150;183;168;196;132;146;151;149;154;152;148;146;144;134;3342;3343;3279;3365;3350;3343;3242;3309;3041;265;173;152;169;154;175;166;198;152;145;159;154;149;146;148;146;147;144;178;197;166;180;176;183;181;176;157;195;172;183;181;192;193
30603.4;3194;3380;3345;3379;3389;3349;3339;3384;3107;278;186;154;167;159;188;171;204;134;142;148;146;157;147;150;154;158;138;3378;3335;3360;3387;3378;3341;3338;3392;3069;267;183;156;171;158;185;177;200;133;144;147;149;158;151;151;144;142;139;3355;3348;3310;3381;3374;3371;3260;3315;3074;274;181;154;171;159;179;170;201;150;151;162;156;152;146;146;150;155;143;174;185;175;187;177;186;185;177;158;196;176;182;185;190;187
31203.5;3185;3402;3345;3407;3401;3358;3361;3386;3092;285;194;158;169;167;189;171;203;135;144;145;148;152;148;155;152;154;143;3395;3381;3340;3367;3388;3382;3370;3424;3094;275;188;156;175;162;195;185;205;133;149;153;147;164;157;151;147;154;134;3379;3397;3314;3410;3386;3383;3273;3351;3098;281;186;155;175;162;184;177;204;156;147;161;157;152;151;150;150;147;144;175;198;174;186;183;186;184;190;165;195;176;178;184;191;191
31803.5;3236;3440;3364;3420;3422;3385;3352;3406;3094;289;192;160;176;165;188;177;209;138;144;155;147;155;149;156;148;153;144;3435;3403;3356;3400;3426;3377;3387;3416;3062;268;192;159;182;166;193;177;209;129;148;148;150;166;154;153;155;145;141;3401;3435;3350;3430;3389;3396;3306;3368;3034;285;191;157;179;171;187;177;210;147;146;160;157;155;151;147;148;153;141;173;189;174;192;185;181;181;178;159;199;180;182;187;193;199
32403.6;3228;3475;3399;3433;3423;3392;3404;3431;3099;297;200;163;174;169;197;177;218;133;141;153;145;157;151;161;151;156;142;3433;3391;3394;3410;3446;3404;3394;3460;3107;290;195;163;177;165;199;190;210;135;145;152;151;165;157;152;150;150;137;3407;3456;3337;3436;3410;3409;3290;3372;3075;292;191;163;181;165;188;176;217;151;148;164;156;153;147;151;153;153;147;179;192;175;199;183;184;183;181;163;196;178;184;182;190;196
33003.7;3240;3474;3402;3497;3467;3404;3424;3427;3119;301;195;160;169;163;194;174;215;128;136;144;141;146;150;150;142;149;136;3456;3415;3410;3444;3461;3429;3433;3457;3083;281;192;154;179;163;196;184;210;132;140;145;146;153;150;143;142;145;128;3467;3451;3377;3483;3394;3441;3340;3389;3079;291;188;152;178;165;190;180;214;141;135;153;147;148;139;145;146;146;141;171;186;167;192;173;176;176;180;158;190;168;174;179;185;189
33603.7;3292;3479;3435;3503;3472;3436;3441;3460;3113;304;199;154;172;165;196;177;219;126;134;146;146;145;143;148;142;147;135;3468;3455;3441;3515;3470;3460;3420;3473;3080;288;189;154;179;160;201;183;215;125;137;148;144;154;147;147;144;140;139;3486;3478;3381;3462;3397;3459;3359;3453;3036;299;187;156;181;163;195;183;214;148;140;155;145;146;143;145;143;145;133;169;185;167;187;176;171;178;178;152;186;170;176;179;186;184
34203.8;3305;3517;3473;3518;3508;3457;3476;3507;3126;317;206;164;182;173;208;191;227;134;137;152;144;153;150;152;152;148;139;3502;3503;3484;3502;3518;3489;3480;3511;3091;302;204;165;186;170;206;195;224;134;147;151;153;160;149;150;146;149;135;3507;3475;3433;3539;3514;3493;3385;3446;3077;303;203;160;190;177;201;186;225;151;147;159;151;149;145;149;150;150;142;177;193;175;181;179;183;181;182;158;188;178;182;185;196;196
34803.9;3368;3547;3501;3537;3539;3487;3486;3522;3106;329;216;165;189;178;212;190;237;133;138;148;151;154;156;154;153;154;142;3559;3522;3468;3546;3560;3503;3520;3523;3083;307;210;168;190;172;211;199;231;136;143;158;152;158;150;157;150;147;140;3564;3540;3460;3537;3491;3521;3414;3508;3079;316;204;167;196;171;209;195;236;153;149;168;157;155;149;148;148;148;144;177;198;169;201;183;181;180;228;163;193;174;180;184;189;198
35404;3374;3545;3504;3572;3548;3498;3511;3527;3119;333;222;168;193;179;217;198;241;130;142;149;147;156;153;154;148;154;142;3560;3546;3488;3590;3564;3517;3532;3571;3103;313;213;170;192;182;211;204;237;132;147;159;151;161;148;156;151;150;137;3574;3538;3482;3584;3557;3530;3439;3501;3088;322;214;167;197;174;216;195;238;149;149;164;156;154;148;151;150;150;145;180;193;170;187;184;187;184;186;160;199;179;178;185;193;196
36004;3409;3615;3537;3593;3562;3550;3532;3581;3117;349;219;167;192;184;218;202;240;130;139;158;150;161;154;154;152;153;142;3607;3556;3542;3600;3600;3547;3568;3592;3082;323;220;169;202;178;218;209;244;138;146;159;152;157;149;158;150;148;138;3607;3577;3502;3589;3561;3581;3458;3529;3069;330;218;168;204;181;218;199;248;152;148;159;151;153;149;149;152;153;142;179;193;172;205;184;183;185;192;163;202;180;177;189;194;193
36604.1;3451;3640;3542;3633;3580;3537;3572;3580;3113;349;228;175;198;189;225;205;245;135;146;154;154;158;151;156;153;156;147;3631;3600;3537;3637;3596;3561;3576;3602;3090;329;225;171;208;181;231;208;247;134;150;162;156;160;152;151;153;153;139;3633;3585;3517;3610;3603;3585;3512;3549;3057;347;226;172;211;184;218;204;249;148;144;164;152;157;151;149;153;150;141;179;196;171;195;186;180;192;187;162;195;167;185;184;193;189
37204.2;3482;3647;3593;3652;3642;3545;3576;3599;3107;357;232;166;193;185;224;207;246;125;137;152;145;154;151;150;147;152;137;3651;3604;3551;3630;3655;3586;3621;3632;3104;342;220;173;199;178;228;210;246;130;142;151;151;156;150;149;148;142;132;3681;3634;3551;3603;3611;3633;3499;3578;3085;344;221;168;205;186;221;202;254;143;145;153;154;150;139;146;142;147;136;172;192;167;197;177;180;182;178;154;188;171;177;185;185;189
37804.2;3495;3684;3599;3702;3647;3581;3600;3638;3116;358;230;174;201;189;232;199;248;122;133;146;138;154;150;144;143;145;133;3690;3667;3599;3685;3674;3597;3584;3629;3078;340;225;173;203;181;231;212;250;122;141;151;149;159;139;142;147;148;131;3698;3665;3568;3643;3576;3659;3562;3601;3071;354;224;169;204;185;230;206;245;143;142;154;146;146;142;144;147;146;134;172;192;168;180;176;176;191;175;155;188;166;176;178;186;196
38404.3;3550;3705;3653;3711;3655;3635;3651;3669;3113;375;242;182;202;198;240;213;266;129;141;151;143;160;153;151;148;153;134;3715;3665;3620;3680;3699;3653;3683;3690;3109;349;244;178;213;193;241;222;265;137;140;159;152;161;148;147;151;148;145;3707;3713;3596;3709;3654;3694;3571;3652;3086;360;236;178;216;190;232;215;268;152;145;156;155;155;151;150;150;143;138;175;197;175;186;179;186;183;180;163;197;177;181;184;192;191
39004.4;3551;3739;3651;3726;3707;3652;3655;3700;3122;378;245;182;209;201;243;218;273;130;142;158;148;161;156;155;148;158;141;3751;3686;3666;3728;3719;3682;3698;3729;3113;360;240;182;215;198;248;231;269;134;147;163;152;160;149;148;151;154;140;3751;3732;3641;3725;3726;3720;3595;3693;3101;373;237;180;225;200;241;226;275;151;145;154;147;155;148;148;155;153;139;173;201;178;192;180;182;192;199;165;197;177;181;182;197;194
39604.4;3573;3773;3689;3764;3742;3684;3697;3720;3138;393;252;191;216;201;242;225;275;128;140;159;151;161;152;158;152;153;142;3799;3749;3653;3774;3754;3703;3706;3750;3082;366;254;189;224;202;253;228;272;133;149;160;157;162;155;151;150;152;138;3824;3745;3654;3737;3745;3753;3583;3694;3107;380;241;186;227;208;247;227;282;151;142;161;154;156;149;151;154;153;142;181;199;173;194;181;188;185;189;166;200;179;188;183;199;193
40204.5;3618;3762;3697;3764;3732;3679;3709;3718;3110;397;259;189;220;207;254;230;281;134;140;154;150;159;161;159;155;152;138;3814;3769;3691;3766;3793;3707;3732;3754;3087;377;258;190;233;200;266;240;282;132;141;160;153;168;150;151;152;153;139;3828;3754;3662;3777;3729;3757;3658;3715;3102;389;252;184;234;203;254;234;280;149;146;158;157;153;147;151;155;154;143;177;200;180;193;182;181;188;182;165;196;183;186;184;194;199
40804.6;3641;3829;3734;3769;3775;3722;3722;3739;3116;408;259;198;226;207;256;235;287;133;139;157;155;160;152;156;149;158;137;3849;3776;3721;3773;3787;3742;3742;3782;3095;382;269;193;231;205;267;241;284;127;143;159;157;164;150;161;150;151;138;3844;3808;3694;3800;3757;3763;3656;3714;3070;394;260;189;244;212;261;237;285;149;147;159;154;152;148;154;151;151;138;175;198;180;190;183;184;190;218;161;193;179;185;189;194;195
41404.6;3682;3827;3753;3795;3763;3755;3731;3768;3087;412;268;195;228;214;263;234;294;130;141;157;146;161;154;157;151;157;142;3857;3786;3750;3786;3800;3738;3791;3793;3087;389;266;193;234;213;269;250;296;131;147;164;159;162;153;153;151;146;141;3893;3815;3709;3814;3770;3771;3676;3742;3081;407;261;191;244;218;265;235;301;150;145;155;155;156;150;151;154;156;145;180;201;175;185;179;187;193;192;167;197;174;188;191;194;202
42004.7;3711;3861;3753;3829;3811;3769;3760;3799;3114;415;273;191;233;212;267;238;298;132;138;155;145;156;152;154;152;151;137;3911;3807;3790;3836;3855;3780;3764;3815;3074;393;265;200;238;213;274;247;296;124;140;161;149;164;146;150;147;144;135;3956;3853;3734;3851;3798;3813;3704;3755;3066;405;258;191;240;217;269;243;302;142;139;156;146;150;144;152;151;145;140;174;195;176;181;177;179;183;212;160;196;175;182;184;191;198
42604.8;3778;3867;3793;3830;3844;3790;3783;3820;3095;424;275;197;228;211;271;237;302;126;132;149;148;152;153;152;147;148;133;3992;3856;3818;3854;3857;3811;3791;3840;3085;398;278;195;242;210;280;254;299;126;142;157;147;160;146;149;144;143;128;3968;3868;3744;3801;3752;3858;3749;3780;3068;413;267;193;250;220;273;249;302;142;137;156;147;150;142;152;148;144;138;173;189;171;183;175;182;181;185;156;191;176;182;183;186;184
43204.8;3807;3920;3822;3878;3877;3830;3837;3846;3099;427;282;206;243;223;281;252;307;127;139;150;150;157;149;153;151;154;138;3997;3866;3816;3880;3894;3869;3853;3893;3116;406;280;202;257;219;290;256;305;132;142;159;150;160;151;153;145;152;136;4007;3915;3787;3881;3837;3907;3748;3803;3088;421;273;202;256;227;282;248;318;143;144;160;153;147;151;149;153;148;139;174;193;178;183;182;184;186;187;163;194;175;184;189;192;194
43804.9;3848;3916;3816;3914;3888;3853;3866;3893;3124;440;289;209;252;229;282;257;324;130;140;163;152;157;158;159;156;158;138;4044;3901;3830;3875;3925;3870;3842;3915;3072;411;293;208;253;225;292;263;317;128;146;164;154;162;156;155;155;147;136;4048;3925;3820;3884;3869;3857;3779;3863;3101;429;292;207;268;232;287;258;329;144;144;164;153;154;145;156;152;153;145;183;199;174;186;183;188;196;208;162;198;181;184;187;198;185
44405;3861;3942;3849;3904;3895;3852;3825;3900;3131;448;303;221;256;235;295;265;331;131;136;157;155;158;153;156;156;157;137;4074;3912;3859;3896;3924;3885;3880;3947;3129;420;303;218;263;231;299;271;328;134;147;166;157;165;147;156;154;148;140;4089;3949;3839;3942;3878;3876;3812;3858;3092;440;299;220;269;244;295;268;334;149;144;157;153;154;147;151;153;152;140;181;198;179;193;179;185;184;218;166;199;179;184;188;193;187
45005;3925;3969;3896;3914;3913;3889;3883;3909;3116;461;301;220;262;243;301;271;333;131;142;159;153;164;156;159;155;164;143;4095;3934;3883;3939;3947;3887;3889;3952;3081;434;308;218;272;243;309;279;329;130;146;166;154;162;154;153;153;152;136;4132;3940;3857;3918;3894;3908;3826;3883;3109;450;302;216;275;249;301;273;341;155;147;166;160;155;148;153;151;156;140;173;200;181;191;179;184;190;189;165;197;182;188;189;197;189
45605.1;3963;3969;3869;3923;3921;3861;3915;3915;3123;459;305;227;272;241;307;272;349;134;135;156;151;160;154;159;154;155;142;4150;3959;3879;3904;3940;3875;3926;3960;3105;435;317;221;278;239;310;288;346;132;146;167;155;162;152;155;152;152;137;4157;3975;3838;3963;3917;3915;3820;3900;3090;452;307;228;280;249;303;273;350;149;146;161;157;154;147;154;154;151;145;174;200;179;186;184;187;197;201;162;200;176;191;190;197;194
46205.2;3962;3960;3904;3946;3932;3908;3917;3926;3116;473;324;225;278;250;315;279;350;136;136;158;153;160;151;154;150;160;143;4168;3955;3898;3951;3968;3929;3919;3997;3094;447;313;225;283;239;319;288;350;127;142;167;160;164;148;154;154;149;134;4184;3984;3884;3957;3929;3967;3814;3915;3078;455;308;223;279;261;314;279;359;149;146;159;151;156;144;154;156;151;142;174;194;177;187;178;187;186;213;166;200;179;182;185;196;191
46805.2;4017;3995;3918;3973;3929;3936;3929;3970;3090;482;323;239;274;263;320;289;355;126;141;158;153;159;157;154;153;156;140;4187;3978;3893;3948;3974;3936;3915;3994;3095;450;323;236;288;251;329;296;355;128;146;161;157;166;154;158;155;150;139;4234;3972;3848;3969;3923;3965;3853;3910;3083;460;318;227;293;264;322;288;362;153;144;162;157;150;144;156;154;152;140;180;201;177;187;181;189;196;199;161;201;186;186;189;194;187
47405.3;4078;4036;3945;3991;3981;3945;3927;4005;3093;479;330;239;281;260;333;291;368;129;136;156;147;152;158;157;155;154;135;4244;3993;3928;3972;3985;3961;3972;4023;3082;459;325;235;291;260;326;297;360;130;145;163;155;161;146;154;152;149;135;4318;4021;3895;3981;3939;3980;3857;3952;3126;465;328;230;297;265;323;293;368;145;137;156;153;153;149;149;152;149;140;174;197;177;196;180;188;185;175;164;192;178;180;184;191;186
48005.4;4116;4059;3947;4012;3994;3999;3964;3992;3129;487;338;241;290;261;332;293;369;123;136;150;144;158;148;153;146;150;131;4300;4023;3950;3997;4022;4016;3925;4006;3121;447;334;238;298;258;334;301;361;123;139;158;147;155;144;146;147;145;128;4333;4041;3920;3953;3876;4016;3880;3949;3103;484;325;241;303;266;326;302;363;137;136;158;143;150;141;147;150;150;136;178;195;171;180;177;183;183;177;157;192;175;182;183;195;188
48605.4;4155;4059;3957;4013;4009;4006;3974;4030;3106;503;338;249;299;268;341;312;385;130;136;156;147;159;150;158;153;152;140;4302;3989;3958;4008;4036;3997;3999;4068;3110;471;347;246;304;270;344;319;375;133;144;163;154;165;145;151;146;149;137;4341;4077;3971;4008;3992;4015;3936;4018;3100;482;333;245;320;275;348;306;378;150;143;156;156;148;143;154;149;151;138;176;202;176;185;182;185;185;185;168;197;182;185;192;194;185
49205.5;4217;4118;4024;4075;4015;4015;4004;4033;3130;501;359;257;304;273;354;311;392;133;141;159;153;164;156;157;153;158;139;4429;4080;4001;4049;4080;4027;4026;4081;3116;483;350;248;323;276;357;321;384;134;141;164;155;167;153;157;150;151;134;4432;4064;3969;4054;4030;4052;3946;4036;3114;505;349;251;321;284;350;322;389;149;148;158;157;159;145;152;154;155;142;181;200;182;182;182;187;183;187;168;197;178;185;188;198;192
49805.6;4227;4111;4018;4056;4060;4025;4019;4076;3115;515;362;261;315;280;357;323;397;129;141;159;155;166;155;162;155;160;143;4428;4060;4003;4065;4088;4046;4044;4088;3144;488;362;254;326;277;361;330;387;130;143;170;162;166;151;156;156;152;135;4446;4119;3989;4083;4028;4094;3985;4054;3083;512;349;261;328;290;365;325;399;151;140;153;152;160;145;154;157;155;140;173;204;183;194;179;191;190;198;168;197;180;190;193;197;197
50405.6;4271;4109;4022;4088;4046;4042;4032;4080;3117;527;357;274;315;293;366;326;406;131;141;162;156;161;158;159;156;162;141;4468;4086;4022;4087;4091;4059;4065;4095;3098;493;374;261;331;292;373;333;402;130;143;171;161;160;148;153;153;151;140;4463;4120;3990;4079;4030;4113;3986;4019;3101;514;359;266;328;301;375;330;410;149;146;156;151;155;148;147;151;156;139;178;201;183;191;184;188;189;207;167;198;178;193;188;201;189
51005.7;4318;4132;4027;4092;4044;4041;4056;4071;3113;536;374;267;323;294;370;333;412;133;140;162;154;163;156;159;151;155;138;4498;4082;4020;4105;4107;4052;4067;4102;3088;507;368;266;330;293;373;344;408;133;145;168;161;163;153;159;152;148;134;4520;4136;4002;4105;4041;4081;3980;4059;3114;522;367;269;343;305;377;342;420;149;142;160;150;157;152;154;154;154;142;176;201;178;188;180;188;189;187;166;194;180;191;195;196;189
51605.8;4347;4150;4054;4084;4096;4064;4060;4107;3100;548;377;274;330;300;379;338;423;129;141;163;152;165;159;162;157;159;142;4540;4123;4043;4091;4154;4074;4079;4134;3103;511;378;270;337;293;374;339;420;132;146;170;163;166;150;154;152;152;138;4603;4120;4026;4098;4075;4097;4002;4092;3087;528;368;272;345;301;388;346;421;149;144;163;152;155;152;156;154;155;138;176;203;183;188;186;187;191;185;164;200;187;190;195;195;196
52205.8;4381;4182;4077;4128;4111;4087;4056;4109;3116;552;379;287;334;307;382;355;427;131;144;161;149;170;159;160;152;156;141;4553;4130;4069;4115;4151;4099;4089;4146;3085;514;386;269;345;306;391;360;417;132;148;165;159;161;155;154;156;154;139;4622;4141;4038;4135;4101;4102;4037;4083;3113;525;385;281;352;320;392;354;434;154;145;155;154;152;149;153;152;152;139;183;192;181;193;185;186;189;181;168;197;180;186;192;194;191
52805.9;4437;4184;4079;4133;4116;4121;4072;4128;3093;559;392;282;347;310;395;346;427;136;137;164;155;165;159;164;150;157;140;4613;4151;4082;4136;4154;4093;4128;4151;3107;532;394;274;349;317;398;364;433;128;152;170;159;165;155;157;148;152;140;4636;4185;4035;4175;4121;4158;4039;4123;3107;537;396;285;350;320;396;370;442;150;147;160;147;159;148;160;154;154;139;175;205;177;186;181;187;193;181;169;194;182;187;190;199;192
53406;4471;4199;4102;4138;4156;4134;4102;4128;3141;559;399;293;345;319;404;357;443;132;141;159;156;159;166;162;151;160;133;4667;4153;4075;4159;4195;4112;4127;4161;3097;536;408;290;359;320;410;372;433;132;145;169;161;171;149;154;157;152;139;4671;4213;4083;4177;4120;4152;4045;4129;3104;553;393;290;367;323;408;367;444;151;146;163;148;158;149;156;150;157;142;180;201;182;195;182;192;187;190;164;201;180;187;191;200;194
54006;4486;4204;4088;4165;4187;4121;4120;4132;3098;568;405;294;348;334;409;373;460;129;140;158;152;160;158;162;153;167;136;4677;4166;4099;4161;4180;4116;4163;4183;3117;539;409;298;358;329;409;379;449;131;139;168;159;166;155;156;154;154;135;4712;4234;4070;4176;4176;4180;4086;4155;3102;559;397;296;369;336;414;379;454;147;142;165;150;154;148;153;153;153;142;175;206;184;191;187;182;183;183;163;197;181;189;191;198;188
54606.1;4571;4272;4151;4238;4191;4187;4174;4196;3143;572;407;306;358;324;405;370;455;124;137;161;148;155;156;148;147;157;135;4777;4199;4147;4213;4228;4180;4183;4229;3117;539;414;300;368;328;410;377;449;128;141;167;155;160;142;146;150;144;133;4807;4265;4104;4175;4094;4224;4116;4188;3109;557;408;296;378;336;412;373;453;142;135;155;145;150;141;155;144;149;136;172;192;170;186;178;179;185;179;160;194;172;184;183;191;191
55206.2;4599;4259;4140;4276;4235;4190;4219;4206;3136;581;416;306;364;337;424;374;462;128;137;158;148;160;156;157;149;155;139;4805;4238;4209;4231;4259;4197;4215;4238;3120;544;429;302;376;342;427;381;458;128;143;160;153;158;150;152;150;150;135;4835;4272;4080;4129;4076;4249;4159;4218;3141;570;411;306;386;347;420;382;455;144;140;159;145;155;149;147;144;151;134;174;199;175;186;182;186;187;178;165;192;176;183;192;195;189
55806.2;4645;4288;4200;4300;4247;4211;4210;4277;3137;590;431;320;371;347;437;398;481;128;142;165;156;166;159;160;151;158;137;4868;4251;4206;4276;4256;4247;4261;4264;3136;558;438;313;394;338;436;401;475;129;142;172;158;169;155;156;153;153;139;4893;4291;4186;4293;4271;4272;4184;4252;3124;576;424;319;394;356;436;405;476;145;147;158;148;155;151;150;156;156;135;176;201;172;196;185;189;192;187;167;195;180;186;190;193;196
56406.3;4707;4311;4242;4323;4249;4254;4220;4269;3123;603;439;328;380;358;437;392;486;132;136;162;157;164;162;161;153;161;137;4888;4256;4208;4297;4288;4219;4294;4292;3127;569;437;321;394;352;441;403;478;131;143;177;160;167;149;156;149;154;141;4927;4320;4177;4304;4230;4292;4199;4271;3117;589;432;320;402;367;446;405;497;148;148;160;151;155;150;156;157;154;135;179;203;179;200;186;187;188;184;163;196;181;196;188;199;193
57006.4;4721;4326;4243;4307;4303;4254;4248;4289;3114;597;440;327;386;357;458;407;484;131;140;166;155;169;158;158;158;155;138;4903;4284;4234;4294;4298;4269;4277;4273;3123;566;449;328;398;359;451;413;488;134;140;173;159;167;154;158;146;155;136;4970;4314;4179;4285;4239;4315;4211;4273;3121;593;439;326;409;369;443;409;506;150;146;162;149;153;150;155;154;156;144;178;208;179;189;184;186;187;185;165;197;185;187;194;198;193
57606.4;4766;4340;4284;4328;4329;4273;4266;4304;3116;605;452;346;388;375;461;410;494;132;136;166;152;166;162;163;151;155;142;4897;4317;4233;4307;4329;4268;4314;4298;3106;582;455;330;406;367;458;429;492;133;144;172;159;166;154;158;156;154;137;5027;4320;4223;4313;4293;4304;4231;4294;3120;599;440;326;408;374;469;427;512;148;146;171;152;156;148;154;151;155;143;174;207;180;191;184;191;188;185;169;199;183;187;196;201;193
58206.5;4790;4337;4279;4339;4332;4275;4273;4312;3103;622;453;343;403;372;462;419;512;133;134;167;156;165;163;159;153;157;140;4982;4310;4258;4343;4316;4286;4358;4337;3116;586;465;335;408;377;472;433;505;132;144;174;159;165;154;159;153;152;135;5037;4353;4280;4323;4289;4302;4261;4287;3093;598;449;334;418;385;469;432;508;148;145;167;153;160;150;150;153;153;140;175;200;178;189;186;185;186;181;168;199;180;187;193;198;196
58806.6;4883;4417;4325;4395;4383;4324;4318;4365;3118;627;464;356;406;373;482;429;517;125;132;165;148;160;157;154;148;157;136;5065;4377;4298;4375;4390;4321;4370;4369;3112;598;471;342;422;384;477;427;514;124;143;165;153;163;150;151;150;145;136;5130;4383;4283;4379;4336;4401;4288;4356;3116;605;461;343;426;390;480;445;524;148;142;157;150;144;144;146;153;153;135;172;198;178;183;178;185;185;184;163;192;180;185;189;192;185
59406.6;4874;4462;4336;4427;4325;4331;4339;4391;3103;630;474;358;415;385;476;429;517;127;134;158;150;161;149;156;149;151;129;5095;4359;4337;4403;4395;4351;4332;4338;3099;606;476;352;420;382;475;445;516;127;138;170;151;158;153;151;148;149;129;5123;4401;4245;4325;4235;4438;4330;4394;3139;611;464;348;436;392;479;429;518;140;135;158;144;150;142;149;147;150;136;168;191;174;183;179;188;191;178;160;194;176;182;187;191;185
60006.7;4919;4445;4367;4455;4393;4362;4362;4377;3110;650;482;372;424;403;494;443;532;128;140;161;154;164;159;156;155;156;138;5104;4424;4332;4423;4438;4375;4420;4419;3111;607;483;359;435;393;492;450;530;130;144;172;156;168;152;154;152;153;135;5191;4450;4310;4408;4379;4455;4364;4421;3147;630;475;359;447;411;494;450;541;147;143;157;145;151;152;156;150;156;139;171;202;184;194;183;190;188;181;165;192;180;193;190;198;187
60606.8;4995;4471;4390;4490;4436;4418;4359;4426;3146;647;495;374;430;411;500;446;547;128;139;169;155;164;163;157;159;156;137;5177;4415;4397;4469;4459;4401;4466;4451;3112;615;501;361;451;409;500;464;538;134;144;173;162;167;157;158;157;154;140;5211;4479;4373;4452;4404;4459;4349;4441;3094;630;485;374;448;418;499;458;563;148;143;159;154;155;148;155;152;151;142;180;202;181;197;186;191;194;183;163;198;185;190;197;199;189
61206.9;5001;4476;4386;4478;4433;4415;4405;4445;3127;655;506;375;443;417;515;454;550;133;142;166;156;166;159;159;154;165;140;5220;4404;4367;4482;4460;4391;4466;4447;3104;621;506;371;449;410;510;467;554;130;143;176;159;166;154;160;150;152;135;5236;4476;4367;4473;4420;4471;4365;4429;3101;644;498;375;452;419;513;478;567;147;143;165;154;153;148;147;154;157;138;175;204;183;194;179;193;195;190;167;201;185;192;195;202;194
61806.9;5023;4491;4428;4491;4478;4454;4399;4427;3128;662;510;390;446;421;510;464;556;132;142;164;159;173;162;159;155;159;141;5229;4450;4397;4480;4458;4435;4510;4486;3105;628;513;386;456;418;519;470;558;131;145;173;163;166;154;156;154;154;137;5294;4519;4380;4472;4416;4443;4395;4462;3099;644;503;382;465;423;524;478;571;151;146;164;146;149;152;155;158;155;139;176;200;180;197;186;194;192;186;165;193;184;190;198;196;196
62407;5068;4562;4438;4556;4472;4463;4460;4527;3123;663;517;387;450;429;514;470;561;124;135;156;149;163;155;160;147;152;134;5245;4514;4440;4508;4505;4463;4510;4494;3133;625;518;390;454;420;520;484;563;125;144;171;161;166;149;149;149;152;129;5339;4519;4418;4514;4495;4525;4493;4530;3126;646;509;381;460;438;528;484;574;141;141;156;146;149;141;147;150;147;135;174;197;175;188;175;187;181;184;162;192;176;184;186;194;184
63007.1;5103;4571;4476;4591;4526;4509;4483;4530;3145;668;523;396;459;435;529;469;575;124;131;160;150;162;160;155;148;153;130;5332;4540;4482;4516;4557;4480;4556;4522;3126;645;525;388;461;429;532;481;564;122;137;170;154;160;152;149;146;147;134;5382;4560;4410;4485;4431;4557;4474;4531;3099;648;506;391;469;442;530;478;568;140;139;158;142;145;144;148;156;151;131;169;195;180;185;180;181;184;177;164;190;179;181;184;185;182
63607.1;5146;4590;4506;4608;4538;4532;4516;4528;3130;680;523;404;464;437;533;487;582;128;140;164;153;166;160;158;153;160;139;5333;4530;4525;4603;4565;4481;4590;4530;3110;654;536;402;480;434;539;501;581;128;142;173;158;164;152;156;156;153;136;5406;4596;4454;4588;4525;4615;4528;4556;3126;656;520;403;484;454;549;500;605;147;143;160;147;152;144;153;157;152;137;179;202;181;189;185;187;195;187;168;198;180;188;188;194;191
64207.2;5189;4641;4522;4645;4571;4529;4530;4596;3140;697;537;418;470;450;548;498;592;129;138;167;157;168;159;160;153;159;140;5394;4578;4540;4589;4584;4516;4593;4570;3124;654;539;408;482;446;551;500;592;126;146;175;158;167;150;158;155;155;137;5455;4613;4489;4638;4557;4640;4543;4606;3110;663;539;413;498;458;558;516;608;147;147;163;151;156;150;155;156;157;144;177;205;185;195;184;193;191;189;167;200;182;190;197;201;195
64807.3;5207;4625;4566;4645;4593;4560;4579;4604;3160;707;551;422;483;461;558;511;608;131;139;169;157;171;162;168;154;162;139;5413;4611;4543;4637;4618;4530;4601;4592;3117;658;563;408;491;446;563;509;602;132;144;176;168;165;156;160;152;156;137;5460;4627;4528;4613;4595;4604;4560;4602;3132;687;554;415;504;469;567;528;619;147;148;166;153;160;150;159;154;157;144;181;211;186;193;185;192;191;193;169;196;192;190;195;202;193
65407.3;5245;4677;4601;4689;4642;4616;4599;4632;3138;707;554;428;488;465;568;508;613;127;134;163;155;168;155;159;146;156;136;5482;4619;4575;4646;4655;4584;4654;4626;3150;664;563;426;498;458;568;517;615;128;139;170;160;165;148;152;150;152;134;5534;4687;4580;4661;4612;4682;4630;4669;3155;690;543;419;502;479;574;529;630;147;141;162;145;153;147;151;149;152;137;177;201;180;193;196;187;188;183;161;201;185;190;182;192;191
66007.4;5313;4699;4633;4692;4666;4644;4622;4680;3155;711;550;430;495;472;572;519;614;126;135;163;150;162;157;159;157;155;128;5515;4682;4599;4696;4689;4642;4717;4666;3120;676;571;427;500;462;576;529;617;126;137;169;159;163;145;151;150;145;134;5595;4738;4600;4649;4606;4682;4658;4701;3146;689;556;419;508;488;581;529;627;143;138;153;142;151;150;149;147;148;136;171;197;178;186;178;189;186;185;159;189;180;184;194;196;182
66607.5;5362;4744;4664;4717;4697;4652;4692;4680;3129;708;565;441;506;481;583;528;623;127;135;164;154;167;154;157;151;149;132;5565;4702;4632;4727;4724;4651;4735;4661;3114;674;578;434;509;469;585;528;613;125;140;168;157;159;143;155;149;150;131;5643;4709;4603;4667;4657;4742;4684;4720;3161;699;560;430;529;484;588;531;640;141;139;160;147;149;143;149;152;151;135;177;194;180;184;203;188;181;180;166;199;184;188;194;191;180
67207.5;5413;4761;4683;4761;4725;4692;4690;4730;3168;735;585;452;512;491;599;534;642;133;134;164;156;166;159;162;159;159;139;5611;4744;4655;4745;4778;4681;4763;4693;3150;693;591;432;523;480;596;547;636;134;140;171;165;166;148;158;156;153;136;5664;4770;4648;4744;4693;4788;4708;4738;3132;713;585;447;536;503;605;555;657;150;144;163;146;156;149;154;154;156;141;179;203;183;194;187;189;191;189;167;197;185;191;192;198;193
67807.6;5431;4773;4736;4772;4749;4744;4733;4728;3168;731;589;457;524;508;611;553;652;133;140;166;164;170;161;163;159;156;141;5640;4709;4665;4783;4763;4678;4785;4721;3148;701;603;460;524;492;605;554;646;131;142;176;160;167;156;155;149;152;132;5735;4786;4633;4761;4717;4784;4712;4765;3148;720;587;444;547;515;626;572;672;153;145;166;152;159;149;155;156;159;140;189;212;184;197;193;193;194;190;171;196;189;190;195;200;199
68407.7;5470;4816;4734;4824;4793;4765;4746;4786;3147;747;588;457;528;505;598;556;667;128;136;169;156;166;159;164;153;165;133;5695;4784;4705;4806;4810;4719;4820;4761;3139;703;602;463;542;499;607;558;653;126;140;176;156;167;156;158;150;153;136;5738;4812;4687;4778;4729;4826;4743;4769;3133;722;595;458;555;516;619;574;684;147;136;156;144;154;141;150;150;151;134;179;207;177;196;191;190;190;186;162;200;186;189;192;196;192
69007.7;5485;4846;4762;4829;4819;4774;4743;4782;3147;748;607;470;536;514;624;544;674;131;135;165;151;171;156;161;143;153;133;5708;4770;4735;4829;4784;4706;4813;4775;3134;695;614;464;541;501;619;560;656;126;137;170;160;161;153;152;148;150;130;5754;4831;4678;4849;4747;4821;4744;4836;3116;718;592;461;548;521;628;577;685;138;137;156;147;148;144;149;153;152;134;171;203;183;186;187;182;187;182;159;195;175;190;185;198;186
69607.8;5542;4863;4781;4886;4808;4750;4751;4816;3155;746;605;482;539;518;632;577;682;129;138;164;152;167;158;160;147;154;129;5740;4798;4782;4841;4834;4740;4840;4794;3138;714;620;464;555;502;616;569;665;127;134;175;158;161;145;153;150;145;129;5830;4836;4721;4813;4757;4873;4792;4836;3124;735;621;474;568;530;636;582;700;140;136;156;141;151;144;151;148;149;137;173;198;183;205;181;185;184;189;166;191;177;189;190;193;189
70207.9;5578;4872;4795;4871;4888;4798;4813;4819;3148;750;616;481;543;538;638;577;682;123;133;163;150;164;155;157;152;155;136;5772;4822;4772;4892;4853;4789;4883;4814;3164;725;632;478;549;514;633;578;667;127;141;173;157;162;152;148;147;148;128;5895;4934;4735;4879;4825;4940;4854;4914;3131;741;617;476;565;538;641;596;707;140;140;154;146;150;144;149;148;150;129;173;202;178;196;184;186;180;178;165;195;181;189;184;195;189
70807.9;5632;4929;4857;4926;4858;4870;4844;4872;3131;761;628;498;554;542;642;590;697;129;140;166;159;171;157;164;157;165;137;5829;4880;4807;4906;4907;4816;4905;4830;3128;730;643;482;566;534;652;592;699;127;142;176;163;171;153;159;147;154;134;5944;4911;4780;4902;4847;4894;4872;4891;3159;749;627;494;578;561;664;612;720;143;144;161;148;155;149;157;150;153;140;180;208;181;212;179;191;184;191;167;202;184;197;190;205;193
71408;5674;4940;4894;4941;4895;4858;4866;4918;3155;778;633;504;567;554;660;603;707;136;141;171;156;174;165;163;160;159;141;5915;4855;4821;4939;4939;4837;4957;4848;3137;722;659;500;580;545;654;615;708;132;147;182;167;166;157;154;152;153;138;5945;4960;4827;4919;4852;4959;4884;4875;3117;766;630;493;583;564;670;616;735;147;148;162;151;156;153;158;154;160;140;180;207;182;192;205;192;187;197;174;191;190;195;194;204;198
72008.1;5701;4984;4933;4964;4933;4881;4913;4959;3157;774;639;520;576;553;656;607;717;126;133;169;153;167;157;158;149;155;137;5917;4924;4865;4952;4965;4868;4948;4887;3134;739;662;502;579;550;654;601;706;124;139;173;159;164;150;155;150;149;134;5986;4967;4853;4935;4905;4972;4938;4978;3148;754;634;499;591;561;667;626;727;146;144;158;143;150;145;150;151;146;136;176;204;181;194;182;190;186;183;166;182;184;190;192;196;186
72608.1;5745;4988;4923;5002;4952;4903;4881;4955;3148;789;638;516;583;563;669;607;724;128;130;162;152;167;157;155;154;158;135;5940;4940;4895;4976;4992;4889;4980;4885;3124;740;663;503;583;547;663;611;709;126;136;179;153;162;150;152;148;150;132;5991;5014;4850;4957;4935;4992;4903;4994;3120;758;646;502;592;584;676;634;752;140;142;158;146;153;145;149;153;148;132;176;201;180;188;185;189;186;187;166;175;180;187;192;190;197
73208.2;5754;4980;4975;5006;4958;4891;4941;4960;3156;794;653;519;581;572;693;613;735;125;132;163;151;168;157;159;149;153;134;5966;4958;4896;4991;4997;4879;5022;4921;3128;748;674;511;576;561;679;624;723;125;138;175;161;165;150;152;147;150;130;6039;5026;4893;5005;4945;5028;4978;5010;3116;766;662;509;598;579;694;629;758;145;137;160;143;150;147;151;147;152;132;179;197;177;189;187;186;185;185;162;184;181;185;190;192;189
73808.3;5842;5033;4971;5086;5030;4957;4967;4994;3158;798;671;530;597;585;690;626;736;125;137;164;150;167;159;156;149;152;135;5997;5000;4905;5018;5029;4927;5045;4915;3142;762;686;528;604;569;679;618;720;125;137;173;161;166;146;155;149;149;131;6114;5076;4922;5028;4956;5036;5021;5035;3132;774;659;511;613;593;703;649;760;142;139;160;148;151;141;154;151;150;132;175;203;182;189;184;186;185;188;166;175;176;188;187;194;198
74408.3;5825;5049;5002;5094;5034;5012;4974;5033;3130;819;671;536;613;585;705;627;756;124;130;164;149;164;158;157;152;151;131;6051;5004;4955;5096;5042;4947;5052;4973;3138;758;697;529;611;571;687;639;741;124;138;171;160;160;152;154;151;150;136;6154;5083;4921;5055;4993;5052;5029;5092;3129;787;678;524;619;608;723;654;773;142;135;157;146;153;137;150;146;147;134;178;203;179;188;180;191;182;187;168;185;180;187;193;195;193
75008.4;5915;5094;5017;5118;5070;5035;5030;5048;3164;809;676;539;612;595;710;646;767;126;135;165;153;166;160;155;146;158;134;6106;5033;4980;5065;5086;5005;5092;4978;3177;775;703;543;625;578;707;644;760;127;136;180;158;165;151;152;150;150;134;6167;5097;4943;5081;5023;5129;5064;5102;3154;782;672;536;623;607;718;666;789;143;138;157;139;155;144;150;147;148;128;175;198;179;184;194;194;190;187;163;177;180;187;187;187;191
75608.5;5957;5139;5097;5145;5089;5039;5054;5100;3156;818;693;550;627;608;724;649;771;125;137;166;149;165;162;163;149;155;133;6142;5072;5039;5140;5140;5019;5133;5038;3149;773;714;543;617;593;714;653;764;123;137;180;160;160;148;153;149;151;129;6229;5117;5013;5116;5037;5146;5089;5147;3163;799;701;538;634;617;728;672;786;139;138;158;144;153;141;152;148;151;134;178;205;179;191;187;187;180;187;160;175;182;190;192;201;190
76208.5;5970;5145;5100;5195;5080;5067;5079;5119;3141;822;697;556;632;620;724;663;776;127;131;166;155;168;156;159;151;156;134;6181;5106;5057;5129;5151;5029;5171;5058;3141;785;722;554;624;606;725;654;775;125;137;171;164;162;151;154;148;152;134;6298;5152;5020;5165;5110;5143;5104;5160;3127;795;709;546;642;614;737;679;806;141;143;160;144;153;145;147;146;152;136;172;198;180;189;184;188;186;180;165;171;180;187;188;194;191
76808.6;6043;5169;5115;5168;5119;5071;5085;5115;3142;828;698;550;639;620;733;669;782;122;134;166;147;167;162;163;149;154;130;6219;5125;5055;5188;5131;5045;5148;5088;3120;776;734;561;646;597;723;665;776;124;136;172;161;161;148;152;150;147;138;6334;5150;5039;5139;5088;5176;5136;5180;3152;818;712;557;646;625;755;694;806;143;138;153;143;149;142;152;150;154;135;174;200;178;191;187;183;183;181;165;176;184;187;188;194;193
77408.7;6045;5213;5134;5223;5163;5141;5093;5182;3135;833;709;572;650;628;744;661;804;124;131;165;152;165;157;156;148;154;131;6258;5143;5092;5190;5193;5081;5201;5072;3109;795;727;564;641;621;739;676;797;127;135;176;161;160;151;148;147;149;131;6331;5181;5053;5137;5106;5191;5179;5227;3142;814;716;564;666;639;761;700;822;139;139;159;148;153;148;149;146;154;134;178;204;180;187;186;182;183;186;164;172;184;184;190;194;189
78008.7;6117;5209;5171;5220;5192;5116;5125;5158;3126;844;716;590;645;640;746;687;812;127;134;169;150;171;156;157;148;156;130;6286;5157;5127;5214;5203;5125;5246;5092;3160;789;739;568;649;622;746;689;807;129;136;171;158;162;149;148;149;148;130;6398;5217;5084;5212;5138;5240;5203;5236;3140;817;720;571;662;653;761;707;820;142;138;154;145;149;140;150;152;150;132;173;202;179;188;206;184;179;189;171;175;180;184;186;191;193
78608.8;6123;5255;5206;5286;5236;5167;5163;5211;3144;843;718;588;660;651;779;688;801;127;136;165;152;162;154;161;145;154;134;6341;5172;5135;5243;5222;5142;5255;5140;3131;807;766;578;653;630;759;689;806;131;136;170;160;158;148;155;154;147;129;6462;5216;5103;5248;5152;5272;5244;5269;3121;815;727;568;668;666;773;719;837;138;143;159;142;147;145;153;150;148;134;177;206;181;191;196;185;183;188;169;177;179;182;190;194;197
79208.9;6151;5278;5254;5312;5256;5204;5143;5258;3119;854;734;594;668;660;773;713;822;126;131;168;151;171;159;159;146;153;129;6392;5243;5152;5265;5264;5166;5314;5182;3141;799;761;582;676;628;764;697;813;126;133;172;159;166;149;152;146;147;127;6488;5279;5147;5260;5186;5329;5270;5306;3133;837;747;585;682;675;786;720;860;141;140;161;145;151;145;146;149;151;135;176;203;181;182;185;192;188;186;163;173;180;187;192;201;191
79808.9;6195;5306;5261;5328;5284;5259;5205;5285;3134;866;732;611;669;668;781;710;837;121;134;163;156;167;159;158;155;155;132;6446;5218;5178;5259;5262;5160;5321;5190;3105;817;769;591;666;648;769;708;810;123;135;176;158;161;145;152;145;149;130;6517;5280;5189;5281;5233;5349;5277;5362;3144;846;746;580;695;682;799;740;850;142;141;155;146;149;141;151;145;154;135;182;201;178;191;190;188;180;188;159;173;180;185;194;197;189
80409;6235;5350;5273;5352;5320;5243;5273;5319;3145;872;748;609;684;667;790;721;846;125;137;168;154;162;157;156;153;156;134;6433;5298;5192;5309;5295;5202;5322;5212;3112;822;778;593;678;645;782;721;825;128;137;172;162;163;148;147;151;147;132;6549;5340;5201;5342;5261;5377;5338;5377;3129;845;769;608;701;677;807;741;869;145;141;157;144;151;145;149;151;150;129;173;202;175;199;217;187;183;222;163;173;185;184;188;200;197
81009.1;6348;5378;5334;5393;5327;5282;5281;5335;3142;877;760;617;694;682;810;724;851;127;138;165;151;171;156;160;149;155;129;6525;5312;5243;5359;5331;5206;5357;5247;3115;849;792;609;685;663;788;727;838;124;139;182;160;160;147;150;144;149;134;6612;5347;5245;5342;5289;5394;5393;5382;3146;848;780;611;701;697;821;759;889;144;134;159;149;157;141;148;149;152;131;174;207;183;192;188;190;184;214;163;172;184;191;188;198;190
81609.1;6353;5369;5355;5442;5370;5330;5336;5362;3168;878;776;631;700;699;822;735;864;123;133;168;149;170;160;161;148;154;131;6545;5351;5296;5401;5356;5294;5373;5255;3128;833;803;621;700;671;802;739;851;125;133;173;164;164;149;154;148;149;133;6632;5382;5256;5351;5318;5436;5408;5430;3145;864;771;613;716;703;840;761;900;146;136;155;144;154;140;151;144;150;136;178;206;178;186;197;180;183;188;167;175;181;190;189;195;191
82209.2;6400;5404;5410;5457;5396;5346;5353;5374;3132;878;774;635;703;705;823;741;868;123;132;172;153;173;157;161;149;155;133;6609;5336;5328;5436;5377;5296;5443;5297;3121;841;812;633;706;679;814;744;851;126;137;181;155;164;151;147;148;154;127;6726;5402;5275;5394;5339;5441;5397;5465;3128;863;771;621;726;719;844;770;902;140;137;150;147;149;146;145;148;150;134;178;206;179;192;190;190;191;203;166;176;181;186;186;199;192
82809.3;6409;5447;5413;5486;5455;5388;5394;5427;3136;898;785;640;704;712;835;758;898;126;132;166;152;173;164;159;152;153;128;6620;5399;5344;5459;5454;5321;5487;5329;3118;873;817;643;717;694;816;753;869;126;134;182;156;166;149;154;151;150;131;6747;5432;5336;5431;5401;5450;5471;5485;3137;871;800;644;732;718;851;785;904;141;135;158;142;152;145;156;148;152;132;178;203;176;186;189;190;183;180;164;178;181;185;190;196;196
83409.3;6504;5502;5431;5540;5461;5409;5399;5441;3125;894;802;649;720;710;843;764;894;124;134;166;152;164;156;157;146;156;136;6701;5459;5414;5489;5433;5315;5481;5375;3129;853;829;643;725;706;825;758;894;124;136;172;163;160;154;154;146;150;133;6826;5486;5338;5488;5399;5530;5489;5505;3148;882;800;638;744;729;852;793;922;143;140;161;143;154;142;150;149;155;135;177;202;174;193;189;189;187;196;171;175;178;188;187;201;187
84009.4;6537;5537;5456;5553;5493;5453;5438;5495;3141;915;805;659;727;728;869;769;908;127;134;170;161;169;162;162;150;157;132;6757;5463;5397;5511;5490;5404;5523;5393;3116;856;840;648;726;701;838;765;883;126;138;175;160;160;149;150;152;154;127;6860;5508;5391;5482;5453;5517;5506;5525;3134;880;826;649;745;742;872;803;930;141;139;157;147;148;142;149;149;153;135;176;205;172;196;212;189;187;205;167;176;181;190;191;197;190
84609.5;6616;5571;5513;5592;5534;5457;5501;5513;3143;911;814;669;733;741;871;783;914;124;139;174;152;175;161;165;149;160;130;6784;5489;5399;5549;5527;5410;5531;5400;3107;868;857;660;741;713;855;773;895;127;136;176;162;166;146;152;144;151;134;6874;5544;5410;5531;5472;5541;5570;5553;3144;895;828;661;743;741;876;811;954;141;139;160;145;146;141;151;153;150;139;168;205;173;195;186;187;183;183;166;173;186;185;190;201;196
85209.6;6656;5595;5549;5610;5543;5489;5486;5550;3113;917;814;676;739;746;872;790;925;125;132;167;159;170;157;163;146;153;134;6804;5517;5452;5556;5504;5428;5573;5422;3124;879;853;667;747;728;855;780;917;129;139;174;161;166;153;154;149;149;128;6909;5609;5442;5508;5499;5602;5578;5613;3150;906;834;670;753;757;885;821;961;142;135;158;148;147;143;151;146;151;132;179;204;180;188;181;188;187;184;169;174;182;186;195;201;187
85809.6;6679;5611;5542;5647;5576;5516;5551;5601;3144;934;828;677;761;763;882;792;933;123;133;168;153;168;159;154;151;155;129;6890;5547;5495;5597;5583;5455;5618;5475;3116;884;864;677;759;731;870;801;922;125;134;180;163;161;149;148;152;149;127;7020;5646;5452;5579;5505;5636;5599;5617;3127;904;835;670;773;771;901;830;975;139;136;158;144;149;143;151;148;152;133;173;203;172;193;186;190;185;208;161;171;187;192;187;202;196
86409.7;6704;5673;5576;5717;5617;5556;5546;5611;3133;935;836;686;768;784;891;801;954;124;136;171;154;176;159;163;152;155;132;6943;5563;5499;5629;5608;5501;5645;5503;3118;886;881;672;761;750;870;813;935;125;140;182;156;169;146;148;147;147;129;7035;5626;5524;5630;5538;5679;5657;5635;3151;916;857;678;789;778;905;834;983;138;140;160;144;153;142;154;148;154;137;177;201;181;185;187;187;185;215;165;178;181;188;192;205;193
87009.7;6796;5664;5622;5720;5684;5629;5567;5634;3126;933;849;697;773;776;913;815;962;124;133;171;153;169;165;163;146;159;135;6949;5598;5549;5701;5634;5527;5690;5550;3141;902;885;683;769;745;881;808;939;123;135;178;159;165;150;153;150;152;127;7073;5696;5521;5650;5587;5689;5715;5680;3124;917;858;689;785;786;912;848;979;136;142;163;144;153;146;148;148;148;129;180;206;180;189;186;189;185;190;167;175;188;189;194;198;202
87609.8;6835;5713;5633;5762;5679;5650;5644;5664;3141;950;847;708;780;792;911;821;965;123;136;173;156;170;161;161;153;155;136;7004;5638;5597;5702;5657;5573;5722;5568;3162;897;900;704;788;760;885;816;943;127;142;184;159;162;148;152;150;149;131;7133;5726;5504;5684;5572;5722;5700;5776;3136;923;865;695;786;793;915;853;997;139;138;158;146;151;143;150;150;152;129;176;207;177;187;191;186;178;218;165;176;185;188;197;198;189
88209.9;6887;5762;5711;5781;5695;5647;5672;5693;3138;948;858;705;799;789;937;848;972;121;129;171;156;169;163;161;150;150;133;7022;5686;5588;5753;5718;5595;5714;5605;3120;909;906;710;781;773;908;829;965;126;138;183;159;162;146;154;147;148;128;7181;5741;5600;5742;5637;5777;5746;5775;3128;935;879;701;802;808;937;869;1012;141;139;161;140;155;143;151;150;152;131;175;204;180;199;186;194;186;186;166;171;186;188;189;197;194
88810;6936;5748;5721;5806;5746;5707;5676;5738;3129;957;874;714;804;804;930;834;980;119;134;172;154;171;158;168;147;159;134;7102;5707;5669;5776;5762;5622;5760;5623;3129;906;924;715;785;781;921;848;960;125;139;179;161;171;150;153;150;147;129;7239;5776;5612;5753;5673;5795;5758;5813;3145;928;888;723;808;818;946;869;1023;143;138;158;146;152;142;150;149;149;131;177;202;179;194;190;183;183;191;164;175;182;185;194;195;186
89410;6952;5797;5747;5835;5738;5737;5703;5776;3113;966;878;736;805;812;944;849;983;122;132;170;154;170;160;163;153;159;131;7152;5704;5709;5780;5753;5624;5781;5639;3121;914;918;719;806;792;919;831;983;126;138;182;159;167;150;158;148;151;129;7248;5788;5610;5762;5655;5838;5772;5822;3140;934;886;720;814;833;945;885;1027;138;140;159;143;150;141;154;150;148;133;182;208;179;198;191;189;190;193;162;172;184;187;188;200;187
90010.1;7017;5809;5769;5895;5791;5729;5767;5783;3135;963;875;734;821;824;959;862;1012;126;133;175;151;170;159;161;151;156;131;7178;5750;5716;5844;5804;5675;5833;5664;3127;921;933;734;813;805;934;859;980;121;135;185;157;157;148;153;149;150;130;7325;5840;5661;5770;5746;5865;5843;5832;3138;953;904;723;831;833;967;895;1046;138;144;159;144;153;143;151;151;154;128;176;201;179;210;193;189;183;189;166;176;187;185;191;196;192
90610.2;7095;5865;5822;5912;5849;5806;5793;5842;3137;964;890;738;827;839;967;873;1010;124;129;175;156;167;162;169;149;158;130;7235;5790;5691;5865;5822;5695;5851;5696;3100;918;943;733;813;801;948;864;990;126;136;177;167;161;149;155;149;146;130;7404;5841;5722;5793;5771;5885;5837;5851;3132;948;910;741;837;846;976;910;1059;140;141;157;143;142;143;148;150;151;133;179;204;176;187;191;189;186;187;169;176;183;187;185;203;200
91210.2;7095;5917;5842;5975;5866;5816;5808;5870;3144;994;894;751;833;847;980;889;1025;125;134;172;155;172;161;162;150;158;128;7295;5857;5747;5903;5848;5737;5904;5740;3128;938;955;746;823;808;951;873;1009;125;135;181;162;164;147;151;149;151;132;7456;5894;5727;5834;5815;5894;5917;5923;3139;961;928;743;843;855;982;916;1073;139;137;157;148;151;148;151;145;152;130;177;208;178;201;195;189;185;189;163;175;186;188;195;198;186
91810.3;7206;5963;5881;5987;5911;5840;5866;5863;3124;985;905;767;839;858;994;889;1043;130;133;173;154;170;161;160;151;155;135;7369;5863;5808;5920;5857;5729;5880;5748;3146;948;956;754;837;830;951;887;1025;126;137;182;161;158;151;154;151;150;130;7457;5877;5751;5941;5812;5950;5932;5955;3147;962;919;754;849;860;985;924;1065;140;141;162;146;153;145;151;149;149;131;180;206;178;208;182;196;188;184;168;173;181;187;189;199;196
92410.3;7209;5959;5907;5982;5916;5845;5861;5920;3134;1001;925;763;847;861;996;905;1043;123;134;168;157;175;160;166;153;151;133;7424;5891;5852;5947;5898;5802;5961;5804;3120;952;988;768;846;823;968;892;1034;126;133;175;163;166;151;149;152;147;131;7514;5945;5799;5934;5854;5977;6005;5987;3147;965;936;774;861;884;1013;936;1090;138;137;156;143;151;143;151;149;150;133;179;209;178;203;192;189;184;197;165;175;182;184;188;192;190
93010.4;7320;6021;5957;6090;5954;5907;5912;5952;3145;990;918;786;865;873;1015;902;1051;121;135;174;155;171;159;163;152;159;134;7434;5904;5839;6009;5959;5798;5981;5832;3139;955;983;782;859;847;994;906;1042;123;133;177;159;164;148;153;149;153;131;7595;5966;5823;5915;5844;5986;6013;6010;3169;977;935;761;871;873;1013;936;1090;140;143;160;145;151;145;150;148;155;132;180;207;182;200;216;189;182;184;160;171;189;184;189;202;191
93610.5;7350;6043;5967;6090;6004;5961;5953;5949;3127;1003;942;791;866;879;1021;922;1058;124;137;168;154;168;164;163;153;154;131;7494;5929;5874;6036;5974;5848;6018;5851;3121;969;987;785;865;850;984;900;1046;127;138;183;166;162;150;154;148;155;130;7603;6038;5882;5965;5920;6019;6022;6032;3137;983;971;769;883;889;1024;947;1095;138;142;158;145;150;140;155;150;153;132;175;205;183;200;195;186;190;189;163;178;181;186;195;207;193
94210.6;7382;6096;5999;6092;6010;5969;5962;6027;3134;1008;935;800;871;892;1044;918;1068;124;134;171;156;168;164;160;153;157;134;7525;5964;5892;6050;6035;5878;6075;5896;3116;972;1000;792;860;865;1001;921;1059;126;134;179;160;164;149;149;148;147;130;7688;6048;5891;5984;5959;6057;6030;6082;3153;991;957;788;881;911;1039;976;1109;141;138;158;145;150;142;154;150;151;131;176;209;175;204;182;185;184;193;159;171;180;187;191;211;197
94810.6;7407;6039;6062;6136;6042;6008;6031;6047;3114;1021;942;795;878;914;1035;929;1103;118;131;177;158;168;159;162;151;156;130;7618;6019;5940;6074;5997;5956;6093;5927;3128;958;1025;796;873;868;1002;923;1071;127;137;180;164;165;149;156;148;149;132;7719;6076;5912;6026;5966;6119;6111;6104;3155;1007;977;796;883;912;1051;981;1132;137;141;160;142;149;145;147;148;152;136;176;207;179;198;181;188;186;209;165;173;181;192;186;216;197
95410.7;7482;6151;6071;6189;6127;5998;6020;6074;3129;1015;948;817;893;906;1044;945;1085;121;130;176;158;172;166;165;149;155;135;7644;6076;5941;6131;6097;5934;6111;5933;3129;972;1018;818;888;878;1016;943;1072;127;137;182;163;163;145;154;140;150;131;7749;6120;5962;6071;5981;6133;6140;6158;3128;1008;990;797;897;911;1054;987;1139;141;136;157;147;152;145;144;149;153;134;176;201;183;199;187;191;182;211;164;174;182;185;193;204;189
96010.7;7553;6180;6135;6236;6155;6113;6095;6078;3133;1016;965;814;892;928;1072;957;1098;120;137;174;153;169;160;161;152;155;131;7710;6091;5985;6156;6101;5954;6145;5954;3141;987;1036;818;888;888;1022;944;1082;127;135;179;167;165;147;155;150;151;128;7843;6129;6000;6125;6034;6198;6162;6137;3096;1001;993;810;909;942;1070;983;1144;139;137;163;141;151;142;148;147;151;133;173;207;173;200;185;189;186;209;164;174;183;186;194;220;193
96610.8;7590;6239;6143;6217;6130;6119;6121;6170;3141;1033;976;820;907;938;1068;955;1119;124;135;173;155;174;159;163;149;155;130;7734;6129;6029;6153;6142;6018;6218;5997;3136;988;1032;818;895;891;1051;958;1087;125;141;183;162;161;147;151;149;149;130;7852;6192;6037;6145;6062;6220;6181;6224;3140;1011;1010;813;912;937;1071;991;1154;141;135;161;142;151;145;152;153;150;133;176;206;179;210;183;192;184;213;161;180;184;185;194;212;187
97210.9;7641;6272;6191;6268;6227;6141;6164;6211;3152;1049;981;834;932;947;1077;963;1135;121;136;175;159;169;161;161;148;153;134;7843;6171;6092;6212;6169;6047;6211;6065;3134;999;1056;839;904;907;1056;965;1114;121;134;179;167;164;149;153;150;149;127;7917;6210;6023;6167;6093;6228;6248;6266;3127;1006;1016;817;927;954;1089;1014;1167;138;138;155;144;152;142;150;151;152;136;176;206;178;198;184;186;188;210;164;171;184;189;193;201;195
97811;7697;6312;6252;6354;6235;6156;6187;6210;3161;1030;986;837;915;956;1107;989;1136;129;130;175;157;168;162;163;153;155;134;7855;6184;6076;6283;6231;6081;6248;6057;3146;1003;1047;852;919;917;1062;970;1101;126;137;182;167;165;151;152;148;149;129;8053;6246;6077;6166;6125;6290;6270;6273;3130;1028;1027;839;937;943;1098;1029;1189;135;138;156;141;151;141;153;150;151;136;181;201;180;214;188;190;183;218;168;176;180;186;200;203;194
98411;7760;6303;6209;6337;6230;6188;6226;6224;3136;1061;994;853;942;970;1104;986;1136;123;135;175;154;169;159;163;153;154;129;7887;6186;6147;6267;6210;6103;6275;6109;3124;1011;1080;850;924;932;1061;964;1118;125;136;179;159;165;151;155;144;149;130;8087;6305;6119;6218;6177;6321;6313;6333;3159;1034;1031;848;950;977;1110;1019;1201;141;139;158;147;154;142;147;152;151;138;178;212;177;199;205;194;187;187;163;176;178;191;193;204;190
99011.1;7813;6350;6304;6351;6272;6240;6197;6286;3148;1053;1004;854;949;978;1117;1006;1144;122;136;180;156;172;165;162;150;155;131;7961;6250;6193;6328;6263;6145;6329;6158;3147;1017;1080;855;939;948;1074;993;1133;125;136;182;163;164;146;151;147;149;127;8118;6326;6141;6286;6203;6367;6352;6347;3152;1029;1037;847;953;980;1132;1052;1203;137;138;162;140;153;143;150;146;152;131;181;210;176;199;187;194;183;188;163;174;185;187;189;201;189
99611.2;7902;6376;6299;6430;6344;6268;6265;6283;3149;1063;1010;867;946;985;1129;1015;1173;125;135;168;153;174;164;165;150;155;133;7999;6267;6202;6341;6321;6152;6346;6182;3142;1013;1096;881;952;949;1097;976;1151;126;139;181;164;165;147;156;154;150;130;8198;6358;6189;6323;6260;6419;6356;6396;3131;1033;1044;859;966;992;1125;1053;1216;141;139;159;145;151;141;152;150;155;129;183;204;178;197;215;181;188;205;161;173;184;191;196;205;191
100211.2;7907;6417;6340;6457;6375;6338;6341;6324;3159;1072;1026;864;970;1003;1118;1025;1183;125;132;176;159;175;159;162;152;157;131;8083;6325;6218;6398;6327;6203;6399;6211;3131;1035;1088;878;952;950;1096;1007;1141;124;136;177;159;167;147;154;148;151;134;8231;6392;6209;6329;6275;6393;6422;6396;3147;1044;1055;869;973;994;1133;1064;1232;135;135;159;142;156;141;150;151;148;131;178;210;180;211;212;190;187;182;166;174;185;191;194;204;196
100811.3;7952;6469;6399;6469;6412;6339;6345;6405;3130;1076;1037;894;963;1007;1144;1026;1182;123;131;176;160;175;157;161;156;155;130;8119;6371;6290;6441;6382;6240;6420;6234;3142;1032;1105;882;949;963;1125;1011;1164;121;138;183;163;165;151;152;149;145;132;8285;6386;6213;6365;6335;6477;6423;6468;3149;1053;1058;882;981;1012;1149;1077;1219;140;134;156;147;150;143;147;146;152;134;175;206;184;213;189;191;185;188;166;176;184;187;191;200;193
101411.4;8067;6509;6412;6551;6456;6371;6375;6412;3154;1088;1039;891;979;1023;1149;1037;1196;121;137;172;159;172;164;161;151;155;134;8226;6376;6331;6445;6422;6256;6433;6240;3145;1040;1108;902;971;964;1124;1033;1179;123;138;182;160;167;152;152;151;148;132;8365;6469;6281;6418;6323;6488;6476;6452;3139;1064;1080;896;984;1028;1149;1071;1244;138;137;157;145;149;146;152;147;155;132;179;210;185;196;181;190;183;201;168;176;186;189;189;208;190
102011.4;8118;6526;6440;6576;6503;6457;6459;6460;3154;1088;1046;899;986;1031;1171;1047;1217;124;134;177;161;175;160;160;148;157;130;8283;6432;6357;6509;6462;6302;6499;6283;3140;1031;1118;905;973;973;1138;1045;1188;125;130;183;162;165;145;152;146;149;126;8423;6541;6334;6439;6395;6561;6509;6556;3122;1068;1081;904;993;1036;1172;1084;1268;138;138;162;146;151;146;151;149;153;132;177;205;175;192;212;184;187;201;166;171;185;188;193;199;191
102611.5;8147;6577;6529;6640;6508;6473;6434;6514;3160;1109;1058;917;996;1047;1181;1066;1219;124;133;178;156;174;163;166;150;152;129;8315;6498;6368;6525;6499;6332;6525;6368;3132;1045;1119;912;981;1001;1151;1049;1195;123;133;185;166;160;152;154;146;150;129;8476;6529;6376;6476;6457;6568;6558;6593;3152;1067;1082;897;1009;1036;1203;1111;1267;139;136;160;146;152;143;151;149;154;135;174;210;182;201;180;187;184;205;163;176;185;193;197;226;201
103211.6;8259;6595;6555;6669;6561;6513;6498;6523;3168;1104;1072;920;1014;1056;1190;1071;1227;120;133;176;156;178;166;168;149;162;131;8382;6537;6439;6582;6546;6395;6585;6392;3161;1062;1115;932;984;1011;1157;1060;1215;124;135;187;163;165;147;155;151;155;129;8579;6569;6418;6512;6439;6610;6635;6652;3168;1086;1089;919;1017;1048;1190;1129;1271;137;134;159;140;147;141;150;148;148;136;173;210;185;197;184;185;188;208;164;170;181;188;194;204;192
103811.6;8275;6635;6551;6697;6588;6539;6552;6574;3167;1116;1068;935;1019;1082;1184;1082;1253;121;133;175;159;177;161;166;153;156;130;8424;6572;6468;6617;6568;6445;6592;6405;3167;1070;1114;916;999;1020;1155;1072;1209;124;136;179;160;163;151;154;150;152;128;8598;6609;6372;6531;6460;6629;6631;6702;3138;1081;1091;926;1012;1060;1204;1127;1287;139;135;158;144;151;141;148;150;153;130;181;205;187;198;184;190;182;210;166;177;190;185;197;208;192
104411.7;8373;6704;6610;6754;6624;6550;6594;6647;3173;1117;1103;946;1017;1077;1220;1089;1258;120;135;175;160;173;161;165;150;157;131;8528;6579;6480;6602;6614;6477;6692;6466;3173;1062;1120;938;1020;1023;1169;1078;1223;122;134;180;162;164;149;152;153;153;130;8726;6662;6481;6592;6536;6681;6665;6705;3157;1089;1095;947;1039;1058;1218;1136;1273;140;137;158;147;145;142;153;147;154;132;177;210;184;199;211;197;188;195;163;172;185;190;190;216;192
105011.8;8440;6757;6704;6773;6697;6648;6640;6641;3194;1119;1109;952;1049;1094;1230;1106;1274;129;144;180;164;179;164;169;161;168;139;8556;6618;6514;6720;6658;6519;6708;6516;3163;1089;1131;957;1028;1044;1188;1098;1229;127;138;193;170;170;154;158;156;153;132;8757;6702;6504;6633;6551;6737;6771;6744;3187;1106;1099;969;1046;1094;1239;1157;1285;141;143;171;157;153;149;158;159;157;139;187;216;191;215;196;197;191;194;170;178;189;191;202;210;196
105611.8;8516;6801;6717;6821;6743;6705;6681;6696;3195;1134;1105;978;1068;1110;1258;1125;1282;129;140;186;163;187;173;171;160;165;137;8630;6662;6586;6742;6726;6566;6709;6542;3173;1097;1122;962;1044;1059;1201;1105;1262;130;146;194;169;174;154;160;157;158;136;8820;6728;6575;6679;6610;6736;6776;6762;3183;1115;1099;954;1061;1111;1247;1166;1294;144;145;165;149;160;154;155;162;165;140;182;218;192;211;190;198;194;205;175;181;191;195;202;216;199
106211.9;8520;6788;6717;6850;6702;6667;6632;6698;3171;1122;1103;975;1053;1108;1251;1110;1268;124;134;175;159;172;164;166;155;155;134;8631;6660;6584;6726;6663;6548;6723;6556;3129;1092;1135;963;1022;1054;1199;1093;1257;125;138;184;167;163;150;149;148;154;134;8844;6733;6520;6658;6629;6754;6754;6762;3167;1111;1104;969;1063;1102;1251;1159;1283;138;138;157;141;156;141;146;148;154;129;181;206;179;200;182;188;191;200;165;173;191;184;197;208;189
106812;8562;6822;6722;6848;6721;6688;6654;6729;3169;1134;1110;985;1066;1123;1233;1130;1275;118;134;170;159;176;160;165;149;159;129;8635;6676;6636;6753;6680;6576;6752;6545;3165;1093;1126;970;1030;1057;1209;1111;1279;121;135;183;164;165;156;151;150;149;129;8873;6759;6569;6679;6608;6784;6830;6833;3155;1106;1107;981;1062;1125;1255;1185;1270;143;138;162;144;150;143;150;153;152;131;176;210;181;207;185;190;189;194;164;180;182;191;197;200;193
107412;8654;6844;6746;6882;6780;6759;6733;6760;3168;1145;1114;993;1079;1123;1238;1143;1283;126;134;179;157;177;160;164;149;158;132;8738;6730;6641;6773;6781;6615;6818;6606;3182;1098;1122;980;1056;1087;1223;1123;1254;125;139;184;164;164;149;149;151;152;132;8948;6794;6634;6744;6682;6856;6827;6853;3171;1108;1094;975;1066;1118;1255;1200;1283;141;137;161;149;147;145;151;147;153;133;176;205;186;192;191;194;182;194;167;173;186;188;201;218;194
108012.1;8699;6876;6831;6902;6809;6771;6774;6764;3187;1154;1117;998;1085;1153;1249;1148;1286;123;132;180;159;171;158;168;150;159;132;8868;6812;6679;6825;6779;6656;6854;6663;3162;1099;1126;1003;1067;1072;1230;1140;1298;118;137;184;162;164;147;154;145;151;126;8950;6873;6672;6812;6726;6909;6847;6900;3205;1130;1098;976;1073;1132;1260;1197;1298;138;138;158;144;151;147;150;146;150;131;176;209;181;202;184;189;183;200;167;180;186;189;198;206;196
108612.2;8745;6945;6843;6955;6871;6797;6814;6848;3205;1157;1119;1010;1103;1162;1252;1164;1297;122;133;179;156;175;161;162;153;155;131;8846;6824;6753;6889;6843;6706;6870;6733;3182;1116;1148;1002;1076;1100;1235;1139;1281;127;137;179;165;166;151;152;148;146;130;9081;6912;6699;6814;6755;6925;6964;6956;3197;1143;1115;990;1082;1155;1268;1222;1307;138;136;157;144;150;143;147;149;150;133;180;212;181;197;182;189;181;196;169;175;187;184;192;202;190
109212.2;8830;6981;6886;6980;6945;6852;6852;6919;3187;1172;1124;1029;1116;1169;1271;1172;1284;132;138;181;164;186;169;174;158;164;137;8989;6889;6779;6970;6900;6776;6910;6747;3164;1129;1161;1013;1078;1120;1244;1173;1284;124;144;187;172;166;154;159;158;155;133;9206;6967;6759;6886;6829;6948;6970;6984;3221;1142;1112;1017;1110;1174;1273;1217;1286;149;143;167;149;159;148;152;155;158;137;189;217;190;203;192;199;188;199;171;184;190;195;202;207;198
109812.3;8882;7026;6931;7050;6994;6894;6884;6950;3210;1181;1135;1050;1117;1188;1270;1177;1301;128;140;183;165;182;169;177;156;162;136;9036;6935;6811;6944;6906;6799;6960;6748;3189;1121;1151;1031;1089;1116;1241;1158;1286;130;140;187;175;172;162;160;153;161;138;9248;6969;6746;6927;6790;7037;7004;6999;3184;1148;1123;1030;1130;1178;1274;1235;1306;146;146;166;149;156;150;154;158;156;135;182;217;185;205;195;196;200;199;171;178;195;198;202;213;203
110412.4;8866;7034;6922;7057;6956;6866;6882;6935;3180;1177;1100;1054;1119;1171;1263;1194;1300;124;137;177;162;175;165;170;154;157;133;9018;6879;6779;6924;6919;6790;6978;6712;3150;1130;1141;1033;1092;1116;1234;1165;1298;123;138;185;171;165;147;153;150;150;130;9202;7000;6768;6927;6801;7007;7017;6995;3164;1147;1097;1022;1100;1195;1249;1241;1313;137;140;162;145;148;142;154;155;157;135;180;208;185;207;186;193;183;193;168;177;182;193;197;203;195
111012.4;8942;7054;6965;7049;6962;6925;6954;6966;3185;1176;1117;1056;1121;1205;1257;1191;1305;126;135;183;160;170;158;165;154;159;135;9093;6961;6829;6978;6938;6820;6982;6802;3170;1135;1141;1049;1088;1130;1230;1185;1286;123;136;184;167;165;151;152;148;155;128;9262;7031;6808;6907;6869;7049;7044;7039;3179;1148;1112;1036;1120;1191;1258;1245;1284;138;136;158;143;151;139;148;149;151;129;176;212;186;193;197;191;186;194;161;174;190;184;197;198;191
111612.5;9011;7051;6958;7110;6999;6944;6967;6973;3197;1181;1115;1044;1149;1206;1260;1209;1287;123;132;183;156;179;163;170;148;158;131;9107;6956;6831;6990;6967;6832;7046;6770;3143;1149;1133;1051;1098;1131;1230;1188;1296;123;136;188;163;166;151;154;149;154;130;9304;7012;6753;6880;6881;7056;7085;7047;3180;1160;1109;1048;1135;1196;1252;1232;1295;139;138;160;140;148;141;149;147;151;134;179;210;181;212;185;191;189;195;165;177;188;194;199;208;195
112212.6;9089;7125;7030;7148;7055;7045;7031;7069;3211;1197;1133;1080;1160;1209;1265;1223;1303;129;137;185;164;179;168;178;158;160;140;9241;7011;6890;7086;7031;6879;7108;6875;3172;1157;1165;1065;1126;1160;1250;1211;1296;131;139;189;171;167;156;162;156;158;137;9438;7134;6877;7036;6930;7151;7108;7124;3182;1166;1112;1054;1142;1212;1290;1268;1308;145;140;166;150;158;150;159;154;154;139;183;214;188;203;195;200;194;188;173;184;188;200;198;212;203
112812.6;9132;7148;7094;7194;7079;7056;7042;7074;3191;1205;1133;1078;1165;1213;1287;1229;1319;128;139;182;166;182;168;173;160;163;137;9261;7060;6951;7131;7071;6934;7116;6896;3189;1162;1148;1084;1119;1165;1256;1205;1309;128;139;188;173;173;155;159;157;156;137;9437;7097;6879;7021;6955;7164;7183;7223;3199;1174;1130;1058;1144;1227;1274;1269;1307;147;142;163;151;156;150;155;159;158;138;188;214;188;211;192;198;195;201;170;181;197;196;203;208;203
113412.7;9190;7172;7106;7232;7154;7068;7059;7123;3203;1200;1136;1111;1165;1228;1277;1252;1301;129;137;194;157;180;174;172;159;166;135;9361;7074;6958;7139;7072;6938;7161;6926;3159;1157;1160;1096;1132;1169;1260;1228;1295;129;146;192;174;168;156;162;155;160;137;9521;7136;6937;7063;6973;7216;7169;7181;3170;1162;1119;1076;1172;1236;1267;1269;1295;151;144;166;155;155;157;160;159;158;139;186;212;189;212;188;203;197;193;172;181;192;197;202;219;199
114012.8;9213;7254;7134;7204;7200;7053;7075;7105;3218;1206;1127;1096;1151;1202;1270;1235;1284;124;132;176;160;177;165;170;156;161;130;9349;7097;7002;7144;7147;6910;7156;6917;3172;1164;1155;1103;1139;1187;1242;1226;1294;123;137;186;167;160;148;152;148;150;131;9510;7154;6938;7068;6984;7188;7231;7266;3177;1163;1103;1071;1155;1221;1279;1262;1309;140;138;162;147;153;145;154;151;150;127;180;208;185;209;180;190;185;190;166;180;180;192;194;207;200
114612.8;9279;7231;7180;7263;7115;7119;7090;7142;3160;1221;1133;1104;1152;1222;1265;1246;1302;123;132;177;156;175;163;166;152;154;132;9422;7156;7026;7198;7135;6983;7224;6973;3172;1161;1143;1102;1150;1181;1252;1225;1293;124;135;189;165;162;150;152;146;152;133;9631;7234;6947;7056;6926;7240;7255;7244;3187;1180;1121;1089;1178;1215;1269;1219;1278;140;136;162;142;155;142;151;148;156;130;183;205;187;199;185;197;187;191;166;175;185;192;191;207;194
115212.9;9323;7264;7199;7365;7224;7132;7124;7179;3182;1218;1139;1128;1179;1217;1281;1258;1304;126;138;185;160;178;163;171;155;162;134;9507;7181;7068;7250;7206;7045;7269;7001;3172;1157;1152;1112;1160;1195;1260;1244;1303;127;139;184;170;170;150;153;159;155;129;9704;7240;7033;7094;7122;7275;7264;7301;3185;1187;1126;1108;1189;1233;1283;1259;1316;142;136;163;151;150;145;155;154;155;134;181;215;184;211;185;188;193;199;167;181;191;192;200;200;198
115813;9389;7345;7249;7379;7275;7186;7222;7268;3204;1224;1132;1133;1182;1246;1291;1253;1322;132;144;189;163;182;166;171;160;163;137;9579;7234;7143;7268;7196;7080;7290;7085;3186;1179;1159;1114;1171;1208;1249;1250;1309;132;143;194;176;176;158;160;153;160;138;9729;7277;7059;7241;7158;7320;7325;7329;3190;1192;1126;1123;1185;1239;1285;1280;1316;142;145;169;148;161;148;160;155;160;139;189;219;188;206;210;199;194;196;173;183;193;192;204;210;202
116413;9427;7411;7271;7396;7321;7232;7228;7253;3224;1239;1137;1151;1167;1230;1296;1271;1305;128;142;192;165;184;169;176;160;168;139;9656;7242;7124;7337;7284;7117;7343;7116;3184;1193;1164;1134;1170;1204;1253;1266;1311;128;146;189;175;172;158;166;150;159;136;9855;7302;7162;7246;7202;7421;7378;7366;3181;1214;1142;1130;1188;1244;1287;1289;1319;149;145;166;148;159;148;158;157;160;137;191;218;192;205;194;199;194;199;172;186;195;198;200;211;203
117013.1;9533;7472;7381;7486;7355;7259;7299;7318;3210;1228;1152;1169;1175;1244;1278;1274;1313;130;145;186;165;183;170;174;162;162;143;9643;7305;7156;7334;7351;7145;7332;7158;3190;1206;1167;1155;1170;1216;1273;1278;1311;134;144;198;175;174;161;161;155;160;139;9865;7377;7158;7274;7199;7404;7415;7389;3185;1211;1128;1145;1188;1236;1294;1279;1317;147;146;167;150;160;150;156;155;160;142;190;217;194;213;193;201;188;206;172;182;194;195;206;211;200
117613.2;9522;7439;7337;7469;7358;7293;7298;7331;3198;1229;1144;1170;1167;1238;1273;1270;1306;127;133;177;158;178;164;169;155;159;133;9734;7283;7189;7366;7287;7162;7384;7174;3193;1192;1153;1145;1169;1207;1269;1269;1302;126;137;189;163;164;147;155;150;153;127;9864;7396;7172;7282;7234;7449;7462;7475;3167;1210;1127;1134;1169;1227;1293;1290;1320;142;138;160;146;155;146;150;153;155;133;182;213;188;200;187;194;185;199;164;182;189;188;200;199;190
118213.2;9543;7430;7370;7461;7377;7332;7342;7340;3195;1236;1141;1150;1173;1224;1283;1254;1320;124;128;177;158;175;163;166;151;162;133;9827;7336;7222;7385;7332;7233;7459;7194;3180;1199;1164;1153;1175;1208;1259;1276;1301;121;134;190;165;162;148;157;150;152;125;9912;7395;7121;7216;7143;7470;7451;7442;3193;1219;1138;1150;1181;1222;1269;1242;1277;136;139;159;144;152;145;153;147;148;131;182;203;182;212;188;190;186;189;166;179;187;190;194;194;196
118813.3;9621;7557;7434;7520;7447;7372;7370;7366;3199;1233;1146;1164;1180;1244;1284;1271;1302;126;137;186;166;181;167;173;157;169;131;9823;7368;7221;7406;7360;7239;7474;7208;3198;1191;1164;1173;1180;1211;1247;1280;1298;128;137;190;164;172;156;160;154;155;133;10060;7469;7262;7375;7301;7493;7478;7520;3195;1219;1135;1155;1191;1244;1300;1273;1322;139;141;169;152;155;145;149;155;159;140;182;211;184;201;191;194;188;193;173;184;190;194;201;208;201
119413.4;9721;7563;7426;7602;7471;7438;7398;7470;3210;1256;1145;1167;1175;1238;1289;1269;1320;128;139;186;165;181;167;175;160;161;134;9817;7407;7268;7444;7394;7287;7477;7241;3197;1193;1157;1168;1186;1217;1273;1279;1313;125;143;197;172;172;154;157;156;155;140;10053;7469;7266;7398;7334;7536;7476;7530;3222;1235;1129;1168;1187;1249;1289;1299;1328;144;144;168;149;160;143;159;162;160;139;190;220;189;209;205;195;189;198;171;183;195;194;201;207;207
120013.4;9695;7573;7462;7592;7492;7430;7424;7459;3178;1243;1148;1179;1187;1238;1285;1280;1312;131;142;188;167;182;168;173;159;167;135;9924;7447;7302;7505;7432;7308;7539;7270;3183;1204;1176;1182;1183;1211;1268;1289;1325;127;138;192;169;169;155;162;157;160;137;10146;7493;7280;7397;7379;7554;7579;7535;3187;1224;1130;1159;1203;1246;1283;1290;1315;144;146;167;150;158;149;152;157;157;138;192;213;187;217;188;195;194;199;170;185;198;197;203;210;205
120613.5;9724;7578;7521;7633;7551;7475;7457;7485;3202;1255;1162;1166;1174;1227;1291;1265;1314;128;138;190;162;187;170;179;157;169;139;9964;7432;7349;7500;7467;7290;7514;7264;3152;1210;1162;1174;1179;1217;1258;1267;1320;128;144;192;168;171;159;161;157;157;137;10133;7550;7260;7470;7391;7605;7613;7545;3207;1228;1134;1153;1186;1246;1294;1300;1320;145;144;169;154;158;151;154;157;159;139;184;218;189;209;193;201;196;222;176;186;194;191;203;209;200
121213.6;9770;7615;7519;7634;7495;7465;7440;7513;3202;1261;1161;1173;1176;1239;1274;1268;1306;128;143;188;167;183;172;179;162;162;132;9949;7466;7329;7524;7451;7349;7551;7313;3181;1228;1152;1171;1169;1217;1281;1283;1326;129;143;192;176;170;157;160;153;161;136;10221;7562;7325;7459;7412;7586;7613;7605;3175;1239;1128;1163;1193;1246;1284;1281;1326;144;138;168;151;159;152;157;156;162;134;188;215;192;213;193;201;197;201;162;184;193;194;205;206;200
121813.7;9797;7688;7614;7680;7579;7581;7509;7582;3190;1264;1150;1168;1180;1238;1284;1267;1316;125;135;181;158;181;163;168;156;158;135;10042;7517;7434;7584;7515;7360;7591;7345;3191;1227;1169;1174;1179;1206;1277;1270;1316;128;135;188;170;169;153;150;153;155;127;10272;7573;7369;7493;7433;7703;7633;7660;3182;1251;1134;1164;1186;1227;1287;1237;1301;143;136;162;143;152;143;152;145;152;132;179;214;180;208;187;197;190;193;156;186;188;189;200;204;198
122413.7;9894;7741;7649;7743;7657;7620;7564;7621;3215;1296;1141;1161;1175;1235;1291;1285;1319;124;130;181;157;178;164;166;146;162;129;10132;7555;7456;7622;7602;7399;7622;7294;3190;1244;1160;1172;1171;1218;1258;1273;1332;128;135;188;162;165;150;149;147;151;126;10333;7642;7361;7370;7308;7748;7716;7744;3204;1270;1139;1169;1195;1251;1271;1229;1250;138;132;162;146;154;147;147;146;156;127;180;211;184;214;185;191;191;223;150;178;183;186;194;201;198
123013.8;9915;7711;7658;7775;7640;7620;7624;7659;3233;1291;1157;1160;1188;1245;1287;1268;1326;131;135;187;160;181;168;168;157;162;139;10189;7589;7489;7662;7609;7459;7754;7477;3205;1254;1179;1180;1176;1210;1283;1299;1320;129;137;193;177;170;156;158;155;159;133;10339;7709;7477;7596;7597;7761;7778;7708;3212;1261;1147;1167;1196;1245;1297;1281;1309;141;140;168;152;155;150;155;154;159;136;186;220;190;209;193;198;195;195;163;184;199;196;203;204;198
123613.8;9978;7766;7739;7827;7752;7682;7671;7703;3213;1302;1161;1165;1189;1249;1306;1279;1336;128;139;191;166;182;170;174;163;165;136;10241;7643;7511;7716;7681;7499;7774;7507;3193;1255;1170;1178;1182;1226;1289;1294;1321;130;141;197;171;170;154;156;156;154;137;10433;7736;7538;7658;7604;7811;7820;7795;3210;1263;1142;1182;1203;1270;1293;1280;1322;147;143;167;154;157;151;159;158;164;138;187;213;193;215;193;199;190;197;167;186;192;193;206;209;204
124213.9;10020;7794;7690;7829;7748;7660;7679;7732;3218;1294;1160;1177;1180;1242;1309;1294;1334;129;140;189;162;185;168;176;164;164;136;10247;7679;7507;7722;7623;7511;7775;7489;3186;1258;1175;1181;1190;1231;1285;1271;1327;132;143;192;172;171;152;158;157;162;139;10444;7752;7528;7643;7614;7791;7843;7778;3215;1280;1130;1175;1200;1260;1294;1279;1323;149;141;169;151;155;147;156;162;161;136;189;217;195;204;189;205;197;203;179;190;193;194;205;208;206
124814;10010;7834;7774;7892;7788;7708;7686;7740;3203;1315;1163;1170;1181;1246;1297;1294;1332;130;140;192;166;185;174;175;160;164;140;10274;7669;7592;7755;7690;7517;7803;7519;3192;1262;1163;1192;1171;1227;1271;1292;1336;128;140;189;176;176;156;165;156;167;135;10497;7774;7579;7671;7624;7860;7851;7866;3190;1272;1167;1178;1194;1251;1290;1292;1330;146;145;170;146;159;148;159;153;159;138;183;217;191;213;194;196;193;195;160;184;189;197;205;212;204
125414;10075;7886;7801;7900;7814;7758;7696;7765;3197;1315;1157;1171;1183;1250;1283;1289;1326;130;143;188;169;186;168;177;160;167;136;10435;7744;7620;7737;7711;7553;7824;7523;3181;1259;1175;1175;1194;1227;1275;1281;1346;129;144;195;173;173;157;163;156;162;134;10516;7814;7583;7696;7608;7860;7912;7862;3223;1269;1140;1162;1197;1248;1306;1303;1318;144;146;169;150;160;148;156;159;163;141;186;214;194;208;195;199;195;197;158;181;196;198;207;208;204
126014.1;10102;7897;7831;7933;7852;7808;7773;7809;3211;1316;1154;1169;1178;1245;1301;1274;1321;121;134;181;162;183;167;172;155;157;133;10381;7754;7666;7823;7771;7618;7925;7593;3155;1254;1170;1184;1184;1213;1275;1285;1318;122;141;192;166;166;150;157;150;156;131;10538;7851;7632;7798;7714;7938;7916;7942;3200;1271;1149;1183;1205;1248;1301;1298;1327;138;142;163;146;146;142;154;156;158;133;183;215;184;205;188;193;182;197;162;180;191;192;202;198;203
126614.2;10164;7968;7897;8013;7903;7823;7825;7902;3242;1310;1168;1174;1190;1239;1297;1289;1323;119;135;184;158;177;160;171;151;158;132;10485;7813;7694;7879;7820;7664;7887;7568;3187;1257;1166;1191;1199;1232;1271;1296;1338;123;135;185;164;165;146;152;147;154;131;10636;7923;7597;7620;7585;8000;8019;7951;3231;1277;1155;1179;1207;1245;1273;1262;1268;139;133;159;140;148;146;153;152;153;130;180;208;183;208;186;191;189;194;156;183;191;191;195;198;196
127214.3;10209;8045;7939;8017;7969;7858;7885;7929;3227;1318;1166;1187;1187;1273;1303;1288;1339;127;138;189;165;183;168;181;162;165;135;10564;7858;7730;7902;7880;7665;8011;7724;3221;1268;1178;1187;1188;1230;1297;1291;1351;123;145;192;171;167;150;157;159;155;139;10687;7988;7719;7805;7811;8057;8038;8025;3206;1279;1155;1183;1198;1270;1305;1288;1329;143;145;163;148;151;150;153;155;162;136;184;219;190;210;192;198;191;203;160;187;198;194;199;213;205
127814.3;10268;8064;7985;8097;7993;7927;7899;7978;3210;1303;1178;1194;1197;1263;1309;1290;1336;131;136;189;163;187;164;174;158;161;136;10542;7886;7779;7917;7889;7700;8040;7719;3189;1252;1190;1197;1195;1227;1286;1287;1332;130;145;190;176;176;156;159;160;160;137;10655;7940;7751;7857;7840;8049;8040;8006;3203;1264;1144;1178;1196;1254;1309;1290;1340;146;140;165;149;157;147;156;152;157;135;184;218;190;202;191;200;191;212;158;183;196;196;204;210;211
128414.4;10245;8090;8006;8098;8001;7929;7966;7958;3240;1309;1178;1187;1188;1266;1297;1288;1323;132;139;189;164;188;170;173;160;166;136;10545;7900;7813;7981;7943;7747;8065;7734;3191;1271;1185;1196;1213;1233;1301;1285;1338;131;148;195;174;173;159;161;155;163;136;10704;7993;7827;7928;7848;8119;8091;8077;3207;1284;1157;1185;1217;1262;1318;1307;1338;148;147;171;150;159;150;160;151;165;138;188;219;186;213;198;196;199;195;165;184;194;196;207;210;205
129014.5;10223;8129;8042;8138;8023;7989;7973;8000;3209;1326;1172;1184;1186;1261;1291;1281;1333;130;140;191;168;182;177;172;156;169;139;10560;7953;7836;7975;7918;7771;8136;7754;3203;1267;1176;1185;1209;1239;1291;1293;1337;133;143;197;170;173;157;159;162;165;133;10701;7998;7810;7888;7874;8129;8142;8102;3202;1283;1146;1186;1215;1269;1304;1285;1324;145;140;169;151;159;148;159;158;157;138;188;218;190;211;197;205;189;203;159;191;196;196;207;214;210
129614.5;10239;8138;8059;8152;8124;7996;7990;8058;3217;1330;1175;1185;1184;1257;1286;1291;1336;128;145;189;163;186;169;177;164;167;139;10581;7956;7865;7987;8025;7792;8127;7764;3180;1269;1196;1192;1183;1237;1285;1290;1342;131;145;192;172;174;160;166;156;158;135;10618;8080;7830;7973;7897;8121;8195;8160;3201;1289;1149;1185;1211;1270;1291;1310;1340;150;143;168;152;161;148;155;160;159;141;187;225;191;207;198;198;195;235;161;188;193;197;204;213;206
130214.6;10326;8210;8113;8238;8172;8034;8054;8073;3227;1315;1169;1179;1199;1268;1308;1299;1339;128;137;191;162;186;172;173;156;161;136;10616;8057;7885;8094;8020;7874;8226;7882;3208;1268;1181;1204;1199;1230;1277;1300;1346;133;144;194;169;175;153;160;151;157;133;10776;8152;7896;8035;8019;8228;8264;8207;3232;1289;1151;1189;1214;1272;1316;1306;1351;138;140;165;146;156;143;155;153;155;133;189;224;189;204;204;199;192;198;161;192;191;195;204;206;203
130814.7;10387;8258;8169;8265;8194;8127;8160;8118;3224;1314;1187;1185;1201;1253;1314;1287;1329;122;135;184;165;177;164;174;152;160;127;10721;8069;7969;8096;8073;7944;8197;7872;3199;1275;1190;1192;1197;1228;1266;1296;1332;127;135;189;167;165;152;156;152;152;129;10780;8150;7900;7871;7820;8264;8301;8229;3240;1286;1151;1177;1209;1259;1293;1266;1289;137;135;161;152;154;144;148;155;153;132;181;211;187;210;183;196;195;205;159;183;191;191;196;203;203
131414.7;10358;8223;8175;8306;8195;8173;8131;8151;3207;1322;1175;1186;1197;1249;1296;1302;1328;129;133;190;159;176;166;171;155;160;128;10689;8072;7958;8109;8027;7947;8247;7908;3215;1265;1186;1187;1202;1234;1289;1290;1356;126;137;194;170;174;149;157;155;163;133;10743;8167;7894;7876;7877;8302;8322;8281;3210;1281;1148;1173;1203;1265;1294;1246;1304;145;140;168;147;157;146;147;149;156;136;183;214;188;205;198;196;189;203;160;183;191;194;203;209;202
132014.8;10387;8333;8275;8345;8286;8233;8183;8257;3229;1318;1167;1191;1204;1263;1316;1285;1354;132;144;188;167;187;172;178;166;166;141;10735;8135;8022;8181;8144;8004;8357;7988;3218;1272;1185;1201;1203;1231;1299;1307;1356;133;141;195;175;171;156;160;156;159;137;10864;8183;8060;8179;8149;8359;8414;8360;3237;1298;1163;1197;1233;1281;1326;1311;1348;143;145;170;152;155;153;161;156;158;137;188;220;186;217;196;198;192;205;163;185;192;197;199;212;209
132614.8;10409;8363;8309;8424;8291;8263;8203;8229;3220;1331;1180;1206;1212;1264;1300;1297;1357;130;142;195;170;192;172;178;160;166;134;10747;8151;8051;8222;8167;7997;8324;7967;3226;1278;1191;1214;1197;1241;1292;1309;1351;128;142;198;178;174;160;157;158;163;137;10843;8275;8052;8187;8115;8362;8432;8344;3215;1289;1171;1198;1206;1284;1326;1318;1339;143;145;170;152;156;148;154;156;161;140;189;225;192;212;196;201;191;198;165;184;200;192;200;212;209
133214.9;10449;8441;8338;8421;8348;8304;8289;8287;3232;1316;1181;1183;1209;1276;1308;1299;1342;133;146;196;168;190;169;179;160;168;136;10813;8190;8063;8248;8226;8036;8357;8024;3215;1285;1185;1194;1215;1243;1309;1297;1342;130;146;202;172;173;154;166;158;161;134;10839;8314;8073;8178;8155;8414;8422;8429;3215;1305;1162;1187;1215;1266;1316;1323;1344;145;145;166;154;157;147;154;158;162;142;190;223;191;208;197;202;195;194;166;190;191;198;208;215;206
133815;10419;8401;8382;8452;8382;8321;8283;8267;3220;1311;1191;1196;1199;1280;1318;1297;1350;128;138;193;166;194;173;175;160;168;135;10798;8227;8135;8247;8238;8051;8437;8034;3199;1282;1178;1196;1203;1251;1288;1304;1347;127;143;197;175;174;155;162;161;162;139;10843;8318;8110;8210;8195;8420;8512;8433;3215;1301;1163;1187;1217;1271;1327;1306;1349;147;143;171;149;162;151;155;157;163;136;190;224;189;206;197;201;195;201;167;184;199;200;212;210;206
134415.1;10428;8468;8403;8508;8430;8331;8348;8325;3220;1334;1186;1198;1204;1263;1308;1295;1337;124;141;197;169;185;167;176;160;165;138;10787;8228;8168;8295;8241;8099;8454;8100;3193;1281;1201;1206;1194;1240;1278;1289;1352;133;139;193;171;175;159;159;160;164;139;10871;8361;8114;8261;8209;8470;8501;8454;3223;1302;1177;1190;1214;1266;1321;1296;1360;149;142;166;156;161;148;161;159;161;139;188;220;190;209;210;199;194;201;162;187;195;199;206;205;204
135015.1;10452;8540;8461;8525;8422;8393;8357;8402;3232;1318;1183;1191;1196;1266;1314;1290;1337;124;133;185;158;183;169;172;157;159;132;10812;8307;8186;8353;8307;8136;8500;8123;3182;1256;1190;1221;1198;1230;1299;1319;1339;120;139;197;172;170;151;157;153;155;133;10831;8419;8182;8238;8227;8521;8538;8493;3229;1291;1169;1191;1225;1248;1310;1288;1323;139;143;165;145;152;146;155;149;157;128;178;217;182;211;187;194;190;192;150;184;187;190;201;206;211
135615.2;10517;8573;8491;8618;8506;8460;8420;8477;3244;1318;1195;1184;1193;1259;1303;1294;1331;122;131;181;163;179;162;166;154;163;132;10851;8381;8264;8410;8347;8146;8444;8081;3189;1278;1191;1192;1202;1255;1298;1310;1343;122;135;192;168;170;148;155;149;158;131;10965;8455;8178;8144;8092;8626;8640;8598;3215;1281;1171;1201;1224;1264;1303;1257;1292;141;135;160;143;151;136;152;154;157;134;180;209;190;206;187;194;187;192;153;181;186;191;205;205;206
136215.3;10560;8607;8574;8627;8608;8474;8464;8491;3239;1344;1199;1191;1215;1271;1310;1301;1363;131;138;191;164;192;169;176;162;167;138;10862;8361;8261;8423;8391;8234;8597;8239;3205;1263;1208;1200;1198;1246;1297;1314;1348;131;139;198;170;175;156;161;154;156;136;10976;8485;8271;8399;8396;8637;8680;8585;3247;1302;1171;1199;1221;1280;1320;1315;1354;145;144;173;147;162;146;157;159;155;139;189;221;193;211;200;204;194;221;158;182;200;194;199;208;210
136815.3;10531;8654;8631;8696;8581;8577;8521;8575;3248;1334;1188;1208;1216;1280;1328;1303;1357;130;141;191;170;192;171;178;159;169;134;10959;8446;8369;8503;8482;8246;8649;8266;3226;1282;1204;1201;1199;1254;1300;1299;1344;133;137;198;175;176;156;161;157;162;138;10964;8600;8271;8446;8442;8676;8733;8638;3242;1308;1178;1209;1228;1289;1315;1317;1361;145;146;168;156;158;149;153;163;161;138;188;223;193;216;194;198;196;202;164;184;193;199;210;212;208
137415.4;10552;8647;8607;8694;8647;8551;8515;8544;3244;1335;1195;1202;1217;1263;1316;1298;1361;130;140;195;170;190;170;176;164;164;137;10877;8431;8307;8488;8454;8299;8633;8244;3215;1275;1206;1202;1210;1256;1303;1293;1341;128;144;202;170;172;156;162;157;161;138;10949;8551;8321;8417;8418;8631;8723;8664;3220;1323;1168;1199;1228;1270;1326;1311;1346;143;141;169;149;161;147;161;159;160;138;192;225;191;209;194;203;196;220;158;189;194;196;209;214;208
138015.5;10545;8725;8648;8750;8667;8563;8546;8563;3230;1338;1196;1197;1206;1268;1316;1302;1351;128;138;195;165;192;168;178;154;167;138;10908;8477;8341;8514;8473;8361;8714;8278;3201;1270;1192;1201;1213;1249;1299;1315;1358;131;144;200;171;167;156;163;159;166;138;10978;8578;8393;8451;8445;8716;8776;8728;3205;1304;1167;1190;1227;1283;1328;1314;1363;145;148;171;153;160;148;157;159;161;141;192;225;185;207;194;203;193;198;164;183;202;202;205;212;210
138615.5;10567;8718;8700;8777;8642;8601;8557;8634;3198;1334;1196;1196;1212;1276;1312;1304;1347;134;142;193;164;188;172;182;164;168;138;10910;8492;8407;8550;8503;8311;8723;8339;3241;1271;1209;1206;1202;1264;1299;1313;1358;132;142;202;174;174;159;160;159;160;136;11000;8636;8420;8505;8499;8754;8801;8695;3219;1298;1182;1204;1213;1272;1329;1313;1351;146;149;169;151;155;153;158;158;164;139;191;224;195;205;194;203;194;205;165;190;205;200;205;210;208
139215.6;10565;8766;8723;8809;8699;8649;8626;8619;3227;1327;1193;1201;1207;1275;1322;1299;1344;132;145;192;168;196;171;180;161;172;133;10942;8513;8423;8591;8524;8371;8771;8359;3202;1258;1211;1194;1203;1251;1302;1319;1355;133;146;201;173;177;157;166;161;166;134;10997;8683;8452;8481;8533;8752;8824;8726;3233;1301;1168;1193;1208;1283;1324;1314;1337;147;143;172;151;158;151;156;156;164;139;187;219;184;203;203;202;194;193;162;193;203;202;211;208;209
139815.6;10618;8840;8806;8890;8772;8689;8683;8732;3225;1339;1188;1206;1207;1269;1313;1303;1347;125;137;184;165;183;162;176;156;158;134;11051;8613;8505;8667;8595;8440;8827;8452;3192;1267;1192;1206;1208;1242;1299;1300;1344;126;137;192;169;166;153;157;155;158;128;11047;8710;8508;8506;8479;8898;8868;8820;3236;1300;1166;1205;1237;1274;1318;1292;1319;133;136;164;144;153;145;152;151;157;136;185;212;183;215;211;196;188;223;156;188;199;190;197;206;206
140415.8;10670;8902;8804;8898;8794;8771;8736;8739;3248;1328;1188;1201;1212;1271;1319;1296;1350;126;131;185;159;187;161;169;152;156;128;11061;8606;8555;8698;8642;8460;8757;8333;3220;1274;1204;1210;1219;1258;1311;1310;1343;120;140;194;169;171;148;151;149;160;131;11079;8757;8386;8400;8363;8935;8935;8886;3225;1302;1174;1204;1235;1270;1301;1252;1305;139;137;163;146;144;141;152;151;154;130;181;210;181;196;197;194;184;196;154;182;195;192;197;207;199
141015.8;10650;8890;8837;8982;8854;8769;8739;8764;3205;1345;1201;1209;1208;1295;1324;1321;1363;128;137;189;168;187;169;181;157;167;136;11053;8699;8555;8728;8672;8501;8888;8532;3208;1284;1204;1207;1213;1259;1302;1318;1369;129;140;202;173;170;155;158;160;163;134;11112;8800;8574;8702;8659;8926;8994;8916;3205;1295;1162;1196;1226;1303;1336;1321;1358;144;140;169;150;159;147;150;158;165;136;187;222;192;199;193;201;195;221;160;185;204;195;208;209;207
141615.9;10635;8992;8872;8962;8886;8800;8817;8840;3245;1331;1203;1199;1209;1281;1309;1296;1356;130;141;193;169;189;169;178;167;167;135;11003;8738;8596;8730;8692;8541;8987;8530;3225;1287;1203;1219;1217;1259;1302;1319;1352;130;140;200;177;172;161;162;155;161;138;11042;8832;8580;8709;8692;8983;9042;8955;3238;1304;1179;1207;1235;1281;1334;1315;1350;146;145;168;149;156;151;158;156;166;138;190;222;193;202;220;206;200;226;160;184;203;198;204;212;214
142216;10681;8942;8898;8985;8904;8885;8833;8861;3238;1335;1203;1196;1202;1274;1310;1311;1352;127;143;199;166;193;172;174;165;164;135;11056;8792;8637;8818;8716;8543;8973;8518;3206;1275;1216;1209;1220;1252;1312;1309;1356;134;137;202;173;171;161;160;156;165;135;11179;8877;8649;8735;8700;9016;9063;8963;3233;1321;1177;1209;1232;1303;1328;1316;1362;146;146;167;150;157;148;160;157;160;136;191;222;187;209;223;204;194;218;164;183;202;196;202;209;210
142816;10689;9013;8967;9016;8948;8851;8815;8849;3232;1334;1217;1197;1211;1272;1322;1309;1369;131;140;197;169;189;174;177;159;171;138;11067;8785;8643;8823;8769;8634;9022;8590;3230;1283;1213;1226;1230;1272;1306;1324;1376;130;140;201;174;176;157;162;156;153;136;11132;8892;8666;8745;8743;9013;9042;8980;3220;1306;1188;1214;1225;1274;1327;1308;1365;145;143;168;153;161;147;156;158;161;136;184;222;194;208;200;207;198;206;159;188;205;199;208;207;213
143416.1;10609;9019;8981;9040;8948;8886;8853;8879;3223;1338;1195;1199;1196;1277;1327;1313;1344;130;142;192;170;195;173;175;162;169;134;11031;8803;8641;8802;8746;8603;8989;8593;3189;1269;1216;1203;1205;1249;1306;1308;1346;131;141;200;178;173;159;159;157;162;139;11080;8909;8673;8802;8776;9038;9122;9008;3197;1307;1177;1202;1211;1280;1314;1311;1359;143;146;169;156;158;154;157;157;161;134;194;223;194;233;204;200;200;200;161;183;205;194;207;215;212
144016.1;10732;9101;9049;9076;8992;8945;8874;8916;3232;1337;1197;1193;1216;1258;1305;1310;1351;130;139;197;170;194;170;180;162;164;140;11141;8871;8739;8878;8803;8696;9063;8680;3217;1275;1208;1219;1210;1259;1303;1313;1361;127;144;203;174;175;160;164;157;159;136;11180;8970;8748;8830;8806;9140;9117;9102;3216;1309;1186;1202;1220;1290;1333;1328;1360;143;141;172;150;159;149;158;156;163;141;187;221;190;209;208;204;195;215;164;193;206;199;211;212;210
144616.2;10739;9184;9062;9163;9120;8998;9020;9043;3246;1347;1205;1201;1213;1265;1323;1330;1362;126;134;192;163;191;171;175;157;160;127;11139;8944;8771;8957;8874;8770;9190;8725;3213;1279;1210;1210;1206;1265;1295;1319;1374;124;139;198;170;166;150;154;155;158;127;11175;9021;8784;8761;8785;9171;9252;9126;3220;1291;1181;1199;1233;1283;1336;1305;1329;140;143;162;144;155;143;153;154;155;133;184;219;187;216;193;193;196;191;161;175;192;192;200;205;205
145216.3;10795;9211;9158;9213;9152;8995;9029;9072;3283;1344;1202;1208;1216;1272;1338;1319;1365;118;131;192;158;186;166;171;155;161;136;11234;8977;8863;8984;8976;8703;9105;8615;3218;1282;1219;1206;1211;1273;1307;1324;1357;126;135;189;162;174;147;153;154;155;130;11275;9066;8741;8656;8652;9272;9268;9233;3245;1313;1195;1201;1224;1278;1323;1257;1290;137;134;164;146;152;141;147;154;157;131;180;218;193;206;209;195;190;235;158;183;196;188;205;208;213
145816.3;10785;9240;9207;9273;9176;9105;9070;9156;3240;1343;1211;1211;1208;1282;1333;1325;1376;127;136;195;165;192;172;179;159;165;137;11231;9001;8881;9037;8995;8773;9211;8791;3246;1282;1203;1225;1225;1258;1330;1318;1374;127;141;201;171;174;153;163;161;161;139;11260;9116;8923;8939;8962;9294;9335;9177;3242;1310;1195;1206;1239;1290;1338;1343;1373;144;145;170;148;158;152;159;158;165;136;190;218;193;208;197;198;199;196;158;184;207;193;206;208;208
146416.4;10817;9268;9219;9271;9184;9103;9085;9163;3258;1341;1216;1222;1219;1285;1327;1313;1376;131;137;191;172;189;170;179;161;169;136;11271;9027;8902;9027;9010;8803;9245;8822;3238;1276;1222;1221;1217;1253;1316;1341;1359;130;141;202;171;177;156;162;156;158;138;11276;9149;8893;8998;9014;9295;9343;9211;3242;1310;1203;1212;1238;1313;1333;1324;1363;140;146;172;150;162;153;157;162;166;136;191;222;195;207;208;202;200;198;161;192;207;193;209;210;210
147016.5;10823;9289;9248;9356;9225;9164;9137;9162;3267;1332;1215;1212;1220;1282;1334;1319;1354;132;144;197;165;189;173;181;159;169;135;11281;9072;8903;9123;9019;8912;9317;8822;3218;1307;1231;1226;1223;1259;1308;1310;1372;132;145;205;176;177;153;164;155;161;137;11295;9152;8938;9060;9058;9375;9360;9297;3233;1310;1197;1215;1236;1302;1335;1322;1356;143;146;172;146;161;149;156;158;165;135;190;225;194;211;210;198;196;195;163;192;200;198;205;211;204
147616.5;10834;9274;9284;9342;9254;9180;9161;9202;3270;1353;1214;1203;1207;1282;1317;1309;1364;133;136;195;168;189;176;175;158;166;134;11267;9077;8944;9087;9076;8881;9299;8878;3214;1278;1210;1220;1228;1267;1315;1323;1371;131;144;198;173;176;157;167;162;163;134;11301;9197;8978;9089;9028;9362;9403;9356;3219;1309;1199;1226;1231;1300;1345;1325;1374;144;145;175;151;159;151;153;157;162;134;191;228;196;217;232;198;192;223;164;185;202;201;210;209;212
148216.6;10854;9451;9325;9394;9294;9189;9224;9240;3246;1345;1212;1209;1204;1276;1332;1315;1362;125;137;194;162;185;170;180;158;167;131;11319;9154;9033;9200;9161;8954;9409;8941;3235;1288;1213;1228;1213;1253;1312;1312;1356;129;136;200;167;173;152;158;156;163;132;11428;9260;9027;9146;9111;9453;9461;9403;3254;1319;1193;1210;1235;1304;1346;1336;1365;146;143;164;151;150;148;155;151;161;135;187;220;191;212;211;200;195;196;164;183;199;194;206;209;207
148816.7;10870;9413;9358;9461;9368;9265;9259;9308;3266;1342;1216;1196;1221;1284;1336;1308;1363;125;132;192;164;185;166;178;158;160;130;11307;9156;9031;9141;9169;8982;9417;9008;3225;1291;1205;1207;1227;1267;1317;1314;1359;122;137;198;166;171;150;157;153;159;128;11401;9298;9011;9033;9017;9492;9560;9444;3252;1305;1186;1216;1234;1295;1344;1286;1328;140;141;162;144;155;144;152;150;158;127;188;213;187;217;231;200;193;197;161;174;196;194;205;211;201
149416.7;10925;9502;9415;9517;9372;9290;9314;9324;3289;1346;1223;1212;1217;1276;1332;1314;1358;121;131;190;162;184;165;172;155;163;128;11398;9264;9150;9265;9240;9011;9503;9070;3231;1295;1222;1223;1231;1265;1307;1320;1383;122;132;204;167;174;155;153;151;151;128;11438;9369;9028;8999;9047;9572;9583;9508;3250;1312;1197;1202;1240;1285;1324;1276;1320;136;136;163;152;147;143;151;154;156;128;181;206;188;200;199;191;190;190;155;178;200;188;207;211;204
150016.8;10945;9547;9436;9559;9407;9378;9344;9350;3276;1336;1218;1228;1231;1291;1339;1307;1367;126;137;194;165;189;175;175;162;166;133;11353;9263;9141;9319;9250;9100;9532;9137;3259;1287;1229;1236;1221;1271;1315;1335;1362;128;142;194;174;175;158;160;151;162;136;11426;9402;9197;9254;9266;9610;9637;9519;3246;1326;1193;1216;1243;1306;1361;1327;1366;139;139;170;147;155;148;156;157;159;131;186;221;189;203;208;198;197;194;165;183;206;195;208;210;202
150616.9;10951;9566;9461;9544;9429;9406;9380;9393;3281;1345;1235;1229;1230;1289;1326;1333;1380;125;139;192;170;191;170;182;169;169;139;11447;9347;9184;9329;9313;9114;9572;9092;3255;1293;1217;1225;1244;1278;1326;1335;1381;134;145;198;173;176;158;159;157;164;134;11412;9419;9214;9262;9276;9633;9612;9529;3257;1327;1200;1225;1231;1301;1354;1334;1376;147;141;169;152;158;154;160;162;168;133;195;219;194;211;234;201;193;201;156;191;204;198;207;211;208
151217;10971;9605;9528;9609;9495;9388;9386;9414;3278;1360;1227;1227;1226;1295;1339;1329;1377;131;145;199;172;189;175;177;163;168;132;11418;9342;9238;9336;9329;9112;9614;9122;3230;1288;1227;1224;1219;1268;1323;1334;1378;130;143;203;174;174;164;163;159;166;136;11456;9469;9257;9324;9326;9658;9658;9547;3271;1313;1197;1220;1238;1308;1357;1336;1404;152;142;171;149;157;149;163;160;163;136;194;222;196;223;200;200;197;218;162;187;202;196;209;214;208
151817;10976;9670;9570;9628;9544;9457;9441;9464;3277;1350;1222;1216;1224;1308;1349;1327;1380;123;138;191;166;184;175;179;160;162;133;11443;9370;9253;9408;9356;9189;9619;9183;3235;1294;1219;1216;1211;1265;1320;1332;1376;124;142;198;170;177;154;156;152;153;131;11449;9507;9292;9360;9372;9732;9729;9648;3262;1314;1210;1211;1244;1294;1340;1341;1375;140;145;162;155;157;147;157;156;160;131;190;215;187;202;201;195;195;207;155;182;204;193;204;204;202
152417.1;11003;9637;9589;9713;9582;9504;9500;9552;3287;1345;1228;1220;1220;1273;1338;1316;1369;125;131;192;162;188;170;170;159;165;129;11485;9461;9306;9463;9420;9211;9646;9206;3231;1293;1219;1215;1228;1282;1309;1332;1376;125;136;194;167;169;151;158;155;162;125;11547;9580;9281;9258;9280;9697;9735;9680;3256;1316;1196;1216;1241;1292;1338;1317;1350;134;139;164;147;149;142;150;149;155;131;183;216;188;224;197;196;189;205;158;182;199;194;197;206;201
153017.2;11045;9702;9657;9708;9609;9574;9571;9562;3269;1347;1218;1218;1229;1292;1351;1309;1365;122;135;187;158;189;169;174;158;165;129;11558;9426;9280;9442;9456;9260;9671;9208;3270;1278;1221;1219;1223;1265;1311;1335;1379;123;137;189;165;170;153;158;153;153;132;11536;9609;9254;9227;9280;9774;9810;9703;3238;1314;1201;1226;1243;1304;1345;1284;1324;141;131;166;147;159;143;155;150;156;127;187;207;186;206;216;198;194;197;160;183;197;197;203;201;204
153617.2;11009;9702;9707;9761;9615;9575;9560;9615;3299;1355;1233;1238;1228;1301;1353;1325;1378;126;137;191;173;193;176;180;161;168;137;11551;9445;9389;9529;9475;9299;9812;9363;3241;1293;1226;1234;1231;1269;1326;1344;1387;126;140;201;171;172;160;164;161;166;131;11528;9615;9364;9473;9483;9815;9842;9739;3262;1331;1201;1226;1251;1301;1351;1342;1397;142;139;169;153;164;150;158;153;163;133;193;226;193;215;205;205;191;234;162;187;208;199;205;212;204
154217.3;11159;9891;9818;9885;9743;9698;9695;9707;3296;1357;1231;1227;1238;1309;1348;1343;1387;129;142;198;169;196;174;180;167;168;138;11584;9510;9459;9549;9472;9362;9806;9347;3260;1300;1233;1244;1242;1292;1334;1345;1385;129;144;201;174;175;157;164;156;170;137;11580;9650;9454;9547;9506;9862;9881;9783;3277;1336;1220;1225;1244;1313;1357;1357;1380;147;141;171;150;157;152;164;158;165;140;195;227;190;224;213;202;193;201;163;189;209;200;212;213;208
154817.3;11111;9851;9815;9848;9757;9663;9669;9677;3278;1349;1244;1237;1235;1309;1361;1340;1388;130;142;203;166;197;180;185;162;166;141;11583;9580;9461;9558;9536;9372;9830;9368;3232;1287;1237;1221;1234;1272;1332;1345;1392;132;140;206;178;177;159;168;159;162;138;11577;9709;9451;9535;9533;9878;9906;9820;3259;1338;1212;1228;1238;1325;1361;1349;1391;144;142;171;153;159;156;164;158;164;135;195;224;195;222;204;206;198;208;166;190;207;200;214;219;217
155417.4;11132;9902;9848;9938;9742;9746;9703;9760;3301;1357;1237;1231;1233;1295;1349;1326;1383;124;128;189;167;188;170;175;160;170;136;11655;9636;9543;9656;9634;9439;9902;9457;3259;1298;1228;1242;1229;1276;1340;1344;1372;122;140;197;170;174;152;157;154;162;129;11643;9796;9528;9630;9637;9938;9976;9877;3265;1322;1209;1227;1257;1300;1356;1342;1384;141;138;169;151;155;148;157;154;162;130;189;222;189;220;238;194;191;224;159;180;198;195;206;209;208
156017.5;11147;9953;9924;9924;9865;9758;9790;9801;3309;1358;1248;1238;1239;1314;1355;1333;1386;121;132;188;165;189;168;170;153;160;131;11587;9697;9552;9730;9635;9504;9924;9491;3267;1293;1233;1239;1244;1272;1332;1348;1385;125;137;200;170;173;156;156;153;159;130;11638;9833;9566;9558;9614;10007;10003;9928;3284;1315;1212;1226;1239;1308;1341;1304;1376;136;135;161;143;154;144;153;154;158;131;188;220;191;210;200;196;191;197;161;182;194;195;205;208;207
156617.6;11205;10005;9944;10037;9860;9813;9814;9855;3288;1353;1250;1245;1228;1294;1356;1332;1381;125;140;194;168;187;175;177;159;164;128;11635;9678;9566;9702;9701;9537;9958;9510;3288;1305;1249;1243;1239;1278;1332;1352;1393;125;138;202;174;176;155;165;154;166;132;11688;9826;9620;9683;9763;10017;10091;9947;3294;1322;1219;1236;1252;1317;1370;1360;1387;139;140;168;152;156;145;159;160;165;132;188;219;190;230;207;201;194;199;161;190;201;197;212;210;209
157217.6;11219;10030;9972;10011;9921;9827;9853;9933;3304;1376;1250;1242;1239;1309;1361;1340;1389;135;142;206;174;202;175;181;162;171;140;11700;9787;9634;9739;9704;9537;9997;9572;3274;1319;1246;1239;1244;1291;1344;1351;1395;126;140;205;176;181;159;162;163;169;135;11671;9887;9656;9728;9764;10117;10063;9999;3293;1332;1227;1239;1252;1325;1370;1348;1390;144;145;175;155;160;149;161;160;165;142;192;222;196;216;203;205;196;214;164;189;205;201;211;212;206
157817.7;11210;10043;10002;10083;9969;9841;9881;9896;3295;1371;1234;1243;1234;1311;1367;1338;1399;133;146;197;172;197;181;185;170;176;140;11694;9757;9649;9778;9740;9578;10083;9543;3266;1307;1249;1242;1241;1295;1337;1343;1407;132;145;202;172;177;163;165;161;161;139;11695;9925;9669;9771;9737;10116;10126;9963;3293;1336;1224;1243;1257;1331;1376;1357;1412;145;144;172;155;159;154;162;162;166;139;200;230;195;214;211;205;197;250;165;190;205;202;214;212;213
158417.8;11304;10092;10060;10119;9997;9933;9910;9967;3296;1364;1229;1249;1244;1294;1368;1346;1383;129;138;197;169;189;173;174;157;167;132;11745;9807;9691;9815;9747;9622;10080;9626;3268;1303;1247;1243;1237;1283;1353;1352;1390;126;139;198;171;173;152;160;153;161;131;11690;9929;9729;9801;9846;10157;10187;10000;3295;1329;1223;1233;1258;1312;1359;1358;1390;144;138;166;150;150;146;155;153;160;132;194;225;187;224;201;203;197;199;155;186;202;195;205;201;201
159017.8;11236;10148;10083;10101;9986;9945;9897;9964;3288;1354;1241;1235;1223;1294;1361;1325;1389;123;139;188;169;189;170;177;159;167;136;11721;9829;9714;9824;9792;9622;10093;9643;3276;1295;1235;1232;1222;1274;1325;1355;1408;123;137;200;168;166;152;157;152;162;126;11730;9956;9717;9734;9810;10165;10128;10073;3282;1327;1217;1217;1245;1306;1359;1324;1371;142;138;165;140;154;143;155;152;160;134;183;217;188;210;194;203;194;195;158;183;206;194;202;211;203
159617.9;11250;10140;10123;10151;10004;9930;9925;9940;3266;1363;1237;1242;1225;1323;1340;1340;1383;124;139;198;162;192;169;175;155;163;134;11725;9877;9760;9879;9873;9678;10170;9684;3276;1309;1248;1243;1236;1278;1316;1333;1401;121;135;199;170;175;153;155;150;161;129;11761;9990;9803;9785;9826;10263;10280;10139;3269;1347;1209;1229;1252;1315;1362;1322;1358;141;138;164;148;150;146;154;152;165;129;188;222;185;216;201;195;191;199;159;178;202;192;200;209;198
160218;11281;10194;10168;10159;10113;10015;9956;10049;3308;1356;1252;1246;1254;1322;1365;1343;1402;132;138;192;172;196;173;178;164;171;137;11796;9922;9793;9914;9865;9705;10208;9728;3263;1315;1247;1253;1241;1298;1347;1355;1407;130;144;204;171;174;156;167;161;170;133;11786;10072;9836;9885;9849;10280;10267;10174;3280;1353;1224;1250;1264;1332;1367;1362;1413;143;140;170;149;159;150;157;158;164;140;191;225;193;215;231;208;199;234;165;192;207;200;210;216;208
160818;11262;10156;10139;10195;10132;9985;10023;10046;3287;1375;1255;1244;1231;1307;1352;1333;1386;133;142;195;172;194;178;188;167;172;134;11790;9978;9837;9915;9923;9788;10162;9745;3274;1300;1260;1240;1246;1291;1341;1365;1392;130;146;209;181;174;160;164;161;163;139;11745;9978;9835;9920;9935;10250;10232;10163;3281;1342;1227;1230;1254;1317;1367;1354;1407;140;145;172;154;164;149;162;158;162;136;196;225;192;208;202;203;199;232;164;189;202;200;212;214;209
161418.1;11302;10263;10187;10230;10167;10089;10079;10070;3316;1377;1244;1260;1235;1308;1347;1338;1399;130;140;197;169;189;180;180;161;171;134;11813;9981;9906;10039;9941;9766;10249;9778;3276;1305;1251;1247;1239;1294;1327;1343;1407;126;140;198;178;172;157;161;163;159;131;11816;10042;9918;9987;9942;10337;10360;10228;3276;1343;1231;1248;1270;1327;1362;1348;1393;142;141;171;152;159;147;161;158;161;136;191;217;195;210;207;195;196;231;163;186;199;197;206;208;216
162018.2;11259;10314;10208;10262;10155;10103;10110;10101;3309;1371;1243;1238;1247;1313;1343;1337;1395;122;136;188;167;191;172;182;157;163;136;11767;9961;9843;9985;9906;9782;10276;9797;3249;1304;1252;1245;1243;1287;1335;1348;1390;122;137;193;167;173;153;157;157;162;129;11725;10088;9906;9927;9974;10335;10319;10245;3289;1326;1215;1244;1249;1312;1361;1337;1374;140;136;166;146;155;141;152;160;155;131;188;221;185;216;202;200;196;226;160;188;197;192;203;210;201
162618.2;11339;10328;10316;10337;10166;10131;10121;10176;3306;1365;1257;1244;1236;1312;1362;1335;1390;124;138;196;161;186;169;173;157;163;132;11884;10065;9897;10031;10033;9843;10302;9855;3271;1307;1246;1234;1233;1272;1342;1352;1395;127;141;198;174;172;153;154;150;160;134;11910;10168;9934;9943;10051;10390;10391;10302;3305;1343;1233;1246;1272;1314;1357;1320;1390;139;134;166;143;155;140;156;155;156;131;183;222;186;217;214;198;191;226;157;180;198;193;204;206;205
163218.3;11356;10370;10316;10368;10259;10187;10158;10209;3290;1375;1255;1245;1236;1311;1354;1344;1390;127;139;199;170;193;171;179;159;170;131;11868;10044;9928;10047;10024;9902;10328;9871;3303;1316;1265;1260;1247;1297;1337;1344;1388;128;147;200;176;174;155;155;156;168;136;11819;10194;9914;10061;10090;10437;10418;10297;3267;1337;1232;1242;1272;1318;1368;1365;1406;146;145;165;153;157;147;152;161;160;133;191;221;200;212;211;202;194;235;163;185;203;197;208;212;212
163818.4;11351;10410;10322;10334;10225;10191;10204;10180;3302;1369;1257;1258;1237;1324;1360;1344;1400;127;141;204;171;197;181;175;165;175;136;11884;10102;9959;10110;10071;9895;10374;9932;3267;1306;1248;1231;1244;1281;1330;1349;1398;132;145;207;179;175;159;162;157;169;134;11835;10195;9954;10018;10071;10491;10426;10340;3297;1345;1236;1253;1254;1331;1365;1358;1403;143;146;167;152;163;148;160;167;165;137;195;226;195;227;204;212;198;234;163;187;202;198;207;210;214
164418.4;11377;10448;10366;10383;10303;10223;10202;10260;3305;1366;1252;1258;1241;1306;1368;1358;1395;128;137;198;163;197;175;182;164;173;136;11936;10098;10045;10184;10061;9903;10433;9948;3265;1319;1267;1240;1241;1285;1336;1359;1399;129;145;206;179;174;156;163;153;161;136;11866;10258;10030;10134;10118;10498;10518;10435;3297;1334;1235;1236;1268;1335;1374;1358;1395;140;141;173;151;156;152;157;156;165;135;192;228;191;213;228;201;198;223;158;189;206;202;202;212;212
165018.5;11382;10457;10367;10439;10323;10236;10236;10261;3322;1367;1251;1243;1239;1309;1360;1342;1410;130;137;199;168;187;172;174;161;167;132;11868;10169;10012;10176;10132;10001;10434;10004;3278;1309;1237;1253;1241;1286;1334;1359;1387;129;135;205;171;170;159;156;158;162;127;11875;10288;10067;10126;10197;10519;10501;10403;3268;1331;1226;1232;1266;1308;1370;1363;1410;140;136;168;146;153;145;155;153;156;128;188;225;188;208;203;199;190;203;162;183;195;194;203;210;203
165618.6;11398;10494;10390;10434;10373;10257;10269;10322;3297;1361;1255;1241;1244;1311;1367;1356;1400;123;139;197;166;193;173;174;155;167;131;11907;10161;10063;10182;10147;9963;10462;9973;3256;1305;1264;1243;1254;1291;1333;1355;1402;130;139;199;174;162;149;154;157;160;128;11903;10279;10072;10138;10134;10543;10547;10419;3276;1327;1225;1240;1255;1325;1365;1359;1412;138;142;165;142;150;146;155;153;164;131;188;225;190;211;196;200;192;201;155;182;200;194;204;207;202
166218.6;11376;10516;10453;10496;10391;10341;10349;10328;3301;1371;1242;1235;1255;1310;1355;1337;1406;121;133;190;167;194;173;179;161;166;131;11950;10227;10160;10228;10166;10007;10504;10085;3296;1316;1249;1250;1244;1289;1358;1345;1397;123;137;200;170;172;152;159;156;157;128;11889;10388;10105;10232;10231;10635;10614;10507;3289;1340;1216;1239;1256;1333;1356;1369;1403;139;139;167;147;149;143;152;152;158;128;191;219;191;222;228;197;193;210;154;186;201;195;202;207;203
166818.7;11452;10515;10499;10576;10411;10368;10373;10371;3304;1377;1253;1257;1247;1313;1370;1339;1398;128;139;202;167;191;173;183;166;170;136;11994;10232;10156;10282;10263;10061;10579;10052;3275;1309;1260;1246;1243;1303;1342;1354;1407;130;143;201;175;176;158;163;157;166;132;11974;10428;10158;10236;10258;10668;10654;10497;3291;1352;1223;1254;1254;1335;1376;1370;1402;141;140;170;151;158;147;157;155;165;136;193;228;195;222;233;204;193;204;159;189;201;196;209;209;209
167418.8;11490;10595;10536;10580;10441;10376;10369;10434;3340;1385;1259;1264;1251;1327;1374;1349;1421;129;144;204;169;198;172;186;164;174;139;12010;10269;10172;10324;10251;10080;10605;10089;3264;1324;1270;1258;1235;1307;1341;1356;1398;127;141;204;181;178;159;168;160;166;138;11974;10418;10192;10274;10311;10722;10681;10551;3288;1356;1249;1249;1269;1323;1380;1351;1407;145;145;171;159;165;150;165;159;167;137;197;231;196;213;235;203;198;236;170;191;213;205;214;213;214
168018.8;11532;10645;10616;10649;10482;10402;10414;10422;3314;1375;1266;1252;1237;1307;1381;1356;1393;120;137;199;167;191;171;180;158;170;132;12016;10330;10209;10313;10248;10125;10615;10124;3260;1309;1270;1255;1260;1292;1346;1353;1395;130;139;203;177;173;154;163;159;159;131;11935;10465;10194;10254;10343;10726;10721;10594;3264;1337;1225;1242;1255;1331;1374;1383;1401;140;140;169;148;158;144;156;156;164;128;190;227;195;216;197;206;193;195;162;183;207;197;207;217;207
168618.9;11500;10661;10576;10622;10473;10417;10415;10551;3293;1382;1256;1253;1244;1315;1347;1355;1394;124;135;196;164;189;172;181;154;160;133;11994;10315;10217;10349;10284;10145;10613;10168;3255;1311;1265;1255;1249;1295;1348;1370;1415;126;135;203;173;174;154;153;159;158;131;11969;10455;10273;10337;10343;10741;10743;10558;3300;1345;1225;1235;1262;1329;1363;1364;1393;137;138;165;147;150;147;158;157;164;129;190;225;188;218;200;194;193;201;159;187;202;197;207;202;205
169219;11572;10656;10644;10684;10555;10485;10482;10532;3309;1358;1260;1248;1259;1311;1360;1345;1421;126;133;198;171;194;170;179;160;167;132;12136;10410;10309;10410;10401;10199;10721;10158;3293;1313;1255;1254;1248;1292;1354;1347;1412;126;139;202;170;171;156;158;153;161;127;11978;10549;10247;10425;10414;10803;10816;10670;3289;1325;1230;1256;1262;1334;1385;1378;1397;138;140;164;145;152;142;156;154;161;131;187;225;189;209;193;200;196;228;160;184;205;199;205;208;210
169819;11550;10727;10685;10713;10576;10485;10444;10547;3309;1384;1245;1253;1245;1305;1366;1347;1398;120;138;196;167;191;173;179;158;163;129;12017;10376;10291;10377;10363;10239;10715;10241;3288;1314;1273;1248;1244;1293;1349;1353;1417;130;137;197;173;170;151;154;154;159;128;11986;10556;10275;10422;10399;10825;10797;10728;3289;1341;1231;1251;1263;1336;1377;1366;1398;136;137;162;143;156;144;157;157;157;131;188;219;193;219;199;200;194;192;159;181;205;192;206;213;213
170419.1;11612;10796;10684;10785;10622;10513;10506;10540;3309;1368;1256;1249;1232;1301;1366;1346;1414;124;137;196;165;184;170;179;158;169;129;12027;10420;10319;10472;10453;10233;10686;10244;3286;1317;1260;1241;1241;1300;1349;1360;1409;123;141;198;172;172;152;158;153;162;129;12007;10585;10326;10443;10486;10861;10840;10730;3286;1341;1247;1236;1262;1335;1376;1368;1405;139;138;162;148;152;144;151;153;158;129;188;221;187;212;217;201;189;203;159;179;199;195;204;208;206
171019.2;11630;10787;10761;10786;10647;10614;10577;10651;3335;1382;1262;1258;1250;1315;1366;1358;1432;123;136;198;172;191;167;176;161;167;126;12100;10467;10376;10524;10476;10252;10800;10336;3282;1328;1282;1253;1243;1274;1360;1354;1404;122;141;202;177;169;154;159;152;160;131;12055;10628;10384;10448;10475;10962;10915;10737;3291;1346;1250;1252;1266;1341;1381;1370;1405;137;134;161;148;156;139;159;156;156;128;186;223;189;211;196;199;193;222;159;182;205;195;205;206;207
171619.3;11690;10810;10792;10818;10694;10642;10654;10668;3319;1397;1280;1269;1261;1324;1377;1367;1414;132;139;204;175;201;174;186;160;168;138;12072;10522;10411;10562;10475;10339;10837;10369;3307;1324;1272;1269;1261;1307;1346;1363;1407;133;143;208;175;176;157;161;161;167;134;12112;10671;10457;10554;10512;10954;10914;10796;3298;1360;1241;1264;1266;1338;1378;1370;1421;139;144;168;150;161;154;162;158;169;130;197;228;193;235;210;206;200;225;166;187;206;200;212;216;206
172219.3;11745;10878;10857;10913;10749;10673;10712;10751;3319;1388;1273;1278;1254;1329;1389;1351;1424;130;141;204;170;195;173;179;165;172;132;12070;10596;10419;10621;10512;10312;10866;10423;3290;1331;1269;1265;1250;1313;1355;1377;1418;127;141;203;175;174;155;160;157;169;131;12117;10688;10516;10565;10614;10997;10949;10875;3319;1353;1238;1251;1278;1325;1372;1366;1433;138;144;171;144;159;146;158;154;163;138;191;221;193;218;210;206;191;214;160;187;204;196;207;214;209
172819.4;11713;10879;10818;10848;10752;10671;10655;10687;3323;1386;1272;1252;1251;1316;1364;1354;1407;122;136;203;171;187;172;179;164;171;135;12141;10596;10408;10546;10479;10305;10867;10378;3273;1325;1261;1253;1251;1303;1350;1372;1400;125;141;206;175;173;154;154;156;161;130;12087;10748;10511;10565;10575;11004;10984;10853;3284;1352;1238;1242;1264;1315;1372;1370;1421;140;140;172;148;155;148;150;154;160;130;188;221;188;223;223;202;191;200;163;182;204;200;201;206;205
173419.4;11616;10936;10871;10853;10734;10679;10702;10723;3292;1364;1257;1256;1247;1312;1366;1359;1406;126;131;195;168;191;175;177;156;165;131;12050;10549;10452;10626;10545;10349;10888;10454;3301;1304;1264;1251;1250;1291;1335;1359;1407;126;137;201;174;177;151;159;155;161;134;12060;10698;10456;10600;10579;11008;10991;10792;3276;1345;1239;1257;1265;1327;1377;1375;1399;135;141;167;147;155;144;153;155;158;130;193;226;193;212;210;196;195;200;160;186;202;197;203;205;207
174019.5;11690;10924;10891;10906;10766;10694;10691;10729;3314;1376;1264;1254;1236;1327;1377;1358;1418;118;132;193;166;194;170;178;160;161;131;12108;10655;10545;10593;10606;10378;10908;10412;3279;1323;1270;1256;1257;1298;1354;1366;1423;123;136;203;173;173;150;161;154;155;132;12113;10760;10490;10612;10619;11018;11047;10919;3289;1351;1243;1240;1274;1335;1381;1364;1414;139;138;165;149;152;147;159;154;160;134;188;229;193;224;230;198;188;199;158;186;205;189;212;210;210
174619.6;11697;10934;10890;10940;10825;10722;10734;10807;3288;1391;1262;1264;1244;1314;1354;1352;1406;121;131;195;171;190;173;176;162;167;129;12148;10654;10555;10625;10611;10419;10994;10422;3263;1304;1265;1242;1248;1300;1332;1371;1406;126;139;203;168;173;154;156;151;156;128;12121;10785;10600;10645;10675;11113;11103;10914;3298;1365;1241;1262;1271;1331;1372;1361;1416;138;140;165;142;154;145;158;155;157;129;188;217;190;207;200;201;195;212;156;183;200;199;207;205;208
175219.6;11736;11025;10995;10982;10875;10772;10830;10848;3307;1381;1266;1264;1239;1328;1373;1362;1414;124;133;199;165;193;172;179;159;169;130;12151;10683;10536;10664;10661;10489;10992;10509;3294;1314;1266;1261;1258;1291;1349;1368;1409;120;140;202;174;178;152;159;155;158;127;12121;10824;10592;10661;10745;11102;11078;10967;3311;1345;1256;1250;1268;1340;1380;1372;1419;140;141;168;146;153;147;155;154;162;133;190;224;188;221;198;197;191;214;161;181;201;194;205;207;205
175819.7;11746;11023;10944;11015;10878;10803;10801;10848;3325;1384;1272;1270;1264;1337;1367;1352;1398;124;141;198;169;192;170;182;158;169;132;12168;10677;10556;10670;10661;10489;11043;10561;3272;1319;1283;1254;1253;1308;1366;1371;1405;124;139;206;177;176;155;163;155;160;131;12210;10844;10644;10691;10733;11151;11136;10977;3308;1358;1238;1235;1277;1325;1385;1370;1423;143;140;166;147;155;147;154;159;161;131;185;227;188;208;206;202;191;212;157;181;202;194;205;214;208
176419.8;11801;11041;11062;11057;10969;10846;10904;10956;3309;1385;1276;1270;1265;1329;1391;1353;1438;132;141;207;175;202;180;185;164;176;137;12189;10797;10648;10754;10728;10582;11111;10598;3283;1325;1289;1277;1267;1317;1361;1375;1424;133;144;214;180;181;162;168;163;168;132;12198;10917;10651;10781;10759;11190;11138;11057;3315;1361;1256;1252;1295;1343;1388;1390;1428;148;143;174;149;164;151;160;160;165;135;192;230;197;235;230;204;198;210;164;194;211;203;210;214;214
177019.9;11834;11097;11058;11078;10950;10859;10876;10914;3319;1392;1272;1271;1259;1323;1390;1366;1420;123;136;195;166;194;175;182;164;167;137;12197;10745;10606;10773;10774;10554;11066;10545;3288;1322;1277;1254;1257;1308;1364;1372;1417;125;142;204;176;180;154;164;158;163;131;12183;10914;10682;10709;10790;11207;11191;11052;3315;1364;1251;1258;1272;1345;1372;1365;1424;141;141;169;146;158;145;154;155;162;134;193;224;190;212;230;193;195;205;162;185;206;196;208;210;211
177619.9;11767;11080;11028;11092;10912;10899;10891;10887;3313;1386;1269;1272;1248;1318;1384;1355;1418;129;139;206;170;188;168;181;165;165;134;12212;10804;10680;10741;10737;10552;11041;10591;3270;1309;1256;1261;1252;1302;1363;1364;1421;122;139;200;175;174;155;158;155;163;129;12190;10907;10666;10721;10816;11148;11196;11051;3296;1345;1251;1251;1269;1349;1366;1381;1401;135;138;165;148;155;147;158;154;158;135;185;231;191;231;222;199;193;219;159;184;199;198;204;208;207
178220;11802;11162;11094;11106;10996;10928;10957;10981;3286;1377;1267;1264;1261;1323;1375;1360;1409;126;133;198;165;194;171;178;160;167;130;12242;10778;10652;10824;10795;10604;11099;10618;3278;1332;1264;1271;1245;1304;1342;1370;1407;119;142;207;173;172;150;164;153;159;130;12200;10920;10735;10764;10831;11214;11210;11072;3303;1356;1246;1256;1281;1337;1383;1366;1420;137;136;166;144;159;143;154;155;161;127;188;224;195;219;207;201;198;213;159;180;202;190;205;206;208
178820;11875;11161;11097;11163;11012;10955;10933;11012;3312;1377;1281;1272;1244;1325;1388;1357;1422;122;137;197;168;187;169;180;159;166;130;12233;10790;10710;10840;10808;10612;11118;10642;3288;1317;1282;1249;1255;1303;1361;1363;1418;125;136;202;171;176;157;160;152;160;128;12217;10960;10748;10830;10851;11308;11275;11127;3292;1346;1249;1268;1266;1342;1387;1375;1423;136;136;164;144;154;144;156;158;165;131;184;222;190;225;198;196;194;199;159;182;206;200;204;214;204
179420.1;11891;11162;11167;11222;11059;10951;11001;11067;3307;1388;1269;1269;1262;1327;1375;1357;1415;124;132;197;167;184;175;180;159;166;133;12300;10887;10760;10827;10872;10666;11259;10698;3285;1328;1278;1270;1261;1300;1368;1364;1421;126;137;202;176;171;152;161;153;157;127;12271;11053;10807;10914;10889;11324;11324;11180;3305;1339;1260;1245;1259;1350;1382;1374;1423;137;135;165;145;155;143;154;157;158;134;189;222;187;231;202;198;197;202;157;183;198;199;199;208;207
180020.2;11896;11299;11223;11238;11054;11050;11056;11077;3305;1382;1276;1265;1256;1330;1379;1371;1417;126;135;200;169;190;169;177;157;167;125;12314;10886;10814;10923;10858;10706;11241;10770;3286;1313;1286;1258;1259;1299;1364;1372;1424;120;132;205;176;171;154;158;152;162;127;12342;11062;10804;10898;10995;11355;11371;11179;3313;1356;1264;1239;1294;1339;1379;1370;1403;141;139;170;143;157;142;154;156;160;130;192;223;191;221;206;197;198;242;159;183;205;197;208;207;204
180620.2;11962;11315;11207;11294;11090;11013;11082;11053;3342;1374;1269;1257;1257;1331;1371;1347;1404;124;134;201;170;194;172;183;158;168;130;12326;10952;10841;10937;10969;10765;11267;10797;3290;1314;1266;1269;1240;1300;1360;1383;1428;122;139;203;171;172;155;154;159;163;129;12344;11078;10882;10956;10950;11409;11419;11252;3291;1354;1246;1255;1266;1336;1394;1379;1421;138;138;166;144;153;144;151;152;155;130;191;223;188;223;197;201;199;199;162;183;204;197;210;211;203
181220.3;11928;11278;11241;11292;11128;11069;11053;11112;3316;1386;1276;1264;1252;1341;1378;1374;1420;121;137;202;168;191;174;181;161;171;130;12302;10997;10855;10919;10916;10762;11257;10795;3286;1321;1295;1255;1253;1298;1365;1374;1425;123;137;203;177;176;157;163;156;165;130;12262;11097;10885;10944;10996;11426;11376;11256;3299;1354;1242;1264;1275;1336;1385;1385;1411;139;140;167;145;159;146;155;161;161;130;186;231;193;218;206;204;198;230;162;185;206;195;206;210;204
181820.4;12031;11421;11309;11351;11234;11176;11209;11229;3338;1396;1286;1284;1268;1348;1396;1375;1432;128;145;207;178;195;179;192;168;173;138;12392;11032;10906;10992;11064;10847;11410;10872;3321;1345;1295;1279;1277;1327;1377;1395;1429;134;144;212;180;180;163;172;158;168;135;12447;11222;10973;11084;11090;11515;11564;11414;3321;1361;1268;1275;1297;1360;1404;1391;1446;144;147;171;150;163;152;162;161;169;136;196;226;195;222;218;205;199;214;170;189;205;211;213;222;211
182420.5;12036;11431;11411;11385;11281;11201;11226;11282;3316;1402;1277;1285;1260;1341;1397;1384;1424;128;140;198;166;193;174;183;164;171;138;12398;11039;10934;11071;11048;10849;11359;10861;3317;1321;1288;1259;1269;1312;1366;1385;1425;128;141;205;182;174;154;158;156;162;132;12436;11190;10993;11052;11090;11599;11514;11309;3316;1363;1257;1263;1281;1337;1394;1391;1430;142;138;171;147;157;149;158;156;158;133;191;224;190;217;238;204;202;205;165;189;207;202;209;217;213
183020.5;12011;11429;11289;11411;11239;11154;11186;11192;3331;1395;1279;1282;1266;1326;1363;1374;1417;123;138;196;168;196;169;179;160;164;130;12364;11037;10917;11077;11068;10862;11398;10908;3284;1326;1277;1256;1266;1310;1357;1365;1428;123;139;198;174;176;157;160;156;164;129;12434;11168;11008;11055;11073;11572;11481;11360;3309;1353;1260;1253;1270;1344;1409;1387;1426;136;137;170;148;152;145;157;155;162;128;188;231;192;219;204;201;194;226;162;178;203;199;201;207;206
183620.6;12046;11392;11390;11412;11270;11168;11194;11182;3307;1391;1284;1283;1253;1327;1376;1355;1437;122;136;200;169;188;171;180;160;174;131;12384;11011;10917;11068;11010;10886;11384;10871;3305;1330;1288;1257;1270;1303;1359;1373;1419;125;141;203;174;175;152;163;156;157;127;12431;11191;11013;11000;11109;11577;11508;11448;3321;1357;1247;1252;1262;1351;1388;1362;1428;136;139;166;144;152;145;156;155;162;129;186;232;188;224;193;198;192;203;162;185;203;199;209;209;210
184220.7;12038;11440;11364;11420;11274;11197;11202;11275;3337;1392;1288;1270;1255;1330;1370;1370;1441;120;133;200;172;192;176;184;158;170;130;12431;11110;10981;11113;11100;10909;11431;10925;3297;1328;1282;1267;1265;1318;1360;1385;1419;120;139;198;173;176;152;161;158;157;127;12502;11283;11053;11135;11162;11594;11604;11423;3323;1364;1268;1261;1278;1355;1405;1392;1436;141;136;166;148;153;147;157;159;160;128;194;226;189;229;194;195;199;247;154;182;203;205;205;210;206
184820.7;12119;11515;11517;11509;11392;11289;11358;11371;3344;1405;1288;1279;1278;1325;1393;1372;1441;129;142;207;174;199;174;186;166;172;144;12426;11135;11066;11170;11107;10956;11502;11025;3313;1334;1297;1264;1287;1326;1362;1393;1440;131;139;210;175;179;161;163;162;168;135;12561;11280;11093;11145;11206;11663;11614;11491;3307;1372;1262;1269;1277;1361;1411;1380;1448;144;150;175;151;162;150;161;158;162;133;200;230;199;235;203;211;203;211;160;190;208;203;212;213;213
185420.8;12166;11596;11479;11532;11384;11365;11326;11410;3353;1402;1286;1291;1274;1347;1392;1379;1436;129;143;207;176;194;180;193;169;175;138;12494;11167;11063;11189;11156;10973;11536;11019;3304;1334;1301;1277;1265;1329;1364;1383;1452;130;142;207;179;179;159;173;163;166;137;12534;11295;11140;11229;11208;11678;11636;11519;3314;1374;1271;1274;1287;1357;1394;1391;1438;147;145;175;155;162;154;162;160;170;137;195;235;198;223;205;206;205;208;167;190;208;201;215;215;217
186020.9;12185;11572;11488;11566;11397;11314;11335;11395;3335;1397;1288;1273;1263;1332;1384;1378;1443;127;139;204;170;191;171;180;169;172;131;12451;11172;11049;11182;11116;10973;11539;10999;3296;1330;1284;1257;1263;1312;1359;1384;1430;127;137;208;175;176;156;160;158;164;133;12511;11319;11161;11175;11217;11669;11631;11485;3292;1356;1263;1260;1283;1364;1399;1396;1433;143;141;171;149;157;147;158;158;161;129;192;228;193;226;198;204;199;205;162;184;201;200;206;211;208
186620.9;12157;11603;11520;11554;11374;11317;11336;11360;3331;1393;1292;1289;1272;1339;1380;1378;1434;126;130;200;166;188;173;182;160;166;127;12466;11176;11091;11201;11159;10984;11527;11037;3274;1327;1287;1270;1277;1311;1362;1378;1422;123;139;208;176;167;156;158;154;164;131;12528;11330;11117;11218;11260;11722;11629;11498;3314;1358;1264;1261;1280;1337;1377;1381;1409;138;142;168;144;155;149;155;155;163;127;186;225;192;215;198;199;193;228;161;184;212;199;209;212;211
187221;12158;11588;11529;11578;11439;11380;11421;11410;3328;1387;1284;1271;1257;1345;1377;1369;1437;125;138;197;167;198;171;184;164;165;131;12570;11235;11114;11250;11207;11045;11624;11098;3291;1334;1290;1271;1266;1306;1367;1381;1425;123;137;209;173;174;149;158;153;162;129;12610;11413;11164;11144;11302;11777;11703;11618;3313;1372;1276;1268;1267;1348;1404;1372;1413;138;136;173;145;155;149;150;153;162;131;189;223;191;219;195;199;198;236;163;182;205;195;209;210;206
187821.1;12254;11652;11616;11649;11539;11425;11481;11431;3343;1404;1280;1296;1263;1343;1396;1388;1443;130;141;204;170;203;172;188;168;175;136;12561;11317;11211;11316;11317;11044;11657;11142;3312;1336;1297;1273;1271;1306;1368;1390;1437;131;142;214;182;183;158;168;158;171;135;12628;11453;11240;11382;11327;11833;11763;11598;3327;1373;1271;1270;1283;1370;1397;1398;1432;143;143;174;151;155;150;159;163;165;137;195;231;201;214;228;204;204;207;167;191;208;202;220;212;216
188421.1;12269;11702;11639;11651;11482;11405;11421;11480;3337;1400;1308;1303;1273;1346;1391;1365;1428;132;144;205;178;202;177;192;167;176;135;12592;11345;11164;11329;11297;11123;11643;11119;3320;1337;1289;1267;1271;1317;1374;1394;1432;130;145;204;186;180;159;166;158;167;140;12584;11437;11266;11290;11356;11790;11761;11667;3315;1356;1275;1269;1296;1361;1405;1390;1438;147;146;175;154;160;149;165;167;168;136;198;231;203;226;214;205;206;232;166;184;213;199;216;220;214
189021.2;12282;11685;11659;11670;11553;11453;11522;11503;3353;1403;1297;1290;1274;1341;1378;1377;1436;127;137;206;176;203;175;192;169;172;135;12613;11338;11199;11306;11292;11160;11667;11168;3310;1345;1298;1287;1276;1322;1372;1385;1439;131;145;212;182;182;162;165;165;167;135;12678;11469;11313;11337;11351;11850;11813;11642;3334;1371;1267;1277;1296;1355;1421;1390;1436;149;140;177;150;159;152;162;165;166;131;192;230;195;222;225;203;204;207;167;187;207;202;220;221;209
189621.3;12314;11747;11691;11718;11540;11492;11506;11551;3348;1404;1298;1282;1276;1338;1388;1378;1430;121;138;206;167;200;172;185;163;171;132;12557;11361;11206;11353;11331;11190;11702;11269;3283;1344;1290;1276;1275;1327;1368;1386;1430;128;139;201;172;178;152;160;156;164;131;12634;11496;11328;11350;11466;11852;11795;11650;3316;1351;1256;1273;1279;1347;1402;1385;1449;140;142;168;149;152;146;159;154;159;129;194;233;194;214;206;195;194;223;158;188;208;196;216;217;212
190221.3;12241;11746;11715;11767;11582;11523;11543;11531;3344;1409;1286;1283;1278;1347;1391;1378;1437;125;135;197;168;191;169;182;161;171;127;12607;11403;11307;11337;11383;11224;11704;11228;3308;1346;1286;1274;1257;1334;1354;1388;1425;125;139;210;175;176;151;159;153;162;126;12630;11570;11331;11240;11307;11887;11913;11754;3318;1369;1268;1274;1295;1339;1389;1361;1410;139;143;170;150;155;144;161;154;163;125;192;224;191;212;219;202;199;224;160;185;211;199;216;215;205
190821.4;12240;11751;11672;11724;11602;11537;11577;11578;3349;1384;1274;1295;1271;1345;1393;1372;1426;123;136;199;166;197;178;185;164;166;132;12625;11406;11288;11359;11404;11204;11732;11257;3289;1350;1300;1276;1279;1323;1379;1390;1437;126;139;208;175;180;158;165;159;164;132;12673;11529;11274;11243;11340;11897;11907;11718;3312;1367;1275;1282;1281;1346;1402;1358;1406;140;138;166;150;160;148;156;156;164;135;191;227;198;218;225;202;200;210;159;184;206;203;216;213;214
191421.5;12402;11850;11773;11776;11633;11558;11623;11622;3357;1402;1287;1287;1281;1349;1399;1387;1428;134;139;208;172;201;177;189;170;174;138;12719;11466;11306;11491;11413;11231;11816;11297;3330;1351;1317;1285;1264;1329;1374;1400;1444;129;145;211;176;182;158;164;162;169;137;12738;11629;11435;11431;11492;11996;11943;11817;3332;1378;1274;1270;1294;1359;1414;1389;1458;147;146;169;149;164;155;162;158;165;137;195;236;199;232;215;205;197;205;163;189;208;204;219;217;216
192021.5;12384;11811;11786;11844;11710;11604;11643;11645;3346;1415;1311;1297;1286;1349;1393;1380;1428;129;139;208;172;203;174;188;171;176;134;12686;11394;11352;11465;11423;11238;11813;11360;3314;1343;1297;1281;1278;1321;1363;1403;1433;127;143;211;179;182;160;168;163;167;140;12764;11577;11380;11460;11502;11941;11978;11802;3312;1369;1273;1272;1294;1366;1396;1401;1445;145;145;172;152;161;154;160;159;168;136;194;225;197;217;217;209;205;232;163;188;208;206;219;212;211
192621.6;12406;11828;11793;11849;11656;11618;11686;11620;3326;1411;1302;1289;1272;1347;1404;1385;1441;124;137;206;171;195;172;181;160;171;134;12639;11471;11365;11435;11438;11278;11860;11324;3292;1331;1287;1278;1273;1317;1359;1392;1432;126;142;207;174;173;154;153;154;164;130;12753;11649;11354;11497;11534;11993;11929;11782;3322;1378;1250;1268;1285;1361;1386;1381;1424;140;142;171;147;154;145;156;154;162;129;187;228;193;223;198;198;199;205;164;185;204;194;207;213;211
193221.7;12385;11874;11842;11823;11680;11631;11662;11712;3360;1407;1300;1296;1274;1334;1385;1380;1447;123;132;202;166;193;173;185;159;169;138;12739;11502;11435;11533;11488;11342;11893;11396;3309;1332;1291;1284;1281;1318;1374;1403;1448;124;135;205;171;174;155;157;155;161;130;12771;11617;11406;11346;11431;12077;12022;11919;3350;1362;1279;1270;1294;1351;1394;1375;1405;137;141;171;146;155;141;152;153;163;128;189;226;195;212;204;197;192;209;160;185;203;197;213;209;206
193821.7;12428;11876;11869;11929;11718;11663;11682;11724;3351;1406;1300;1305;1261;1345;1385;1394;1428;130;139;206;170;196;175;185;161;172;130;12758;11521;11413;11541;11515;11314;11901;11398;3320;1357;1306;1269;1272;1317;1371;1394;1443;123;143;206;174;181;156;164;160;168;134;12746;11691;11495;11598;11562;12066;12054;11873;3332;1370;1264;1278;1291;1358;1396;1401;1433;143;143;172;148;163;146;163;160;160;134;193;228;199;224;204;200;203;204;165;184;208;203;214;214;216
194421.8;12440;11955;11886;11925;11796;11709;11781;11810;3350;1406;1303;1287;1277;1350;1401;1397;1441;131;145;212;176;201;175;189;165;170;135;12837;11622;11444;11550;11553;11392;11956;11420;3328;1341;1314;1288;1290;1329;1383;1394;1453;132;145;211;180;181;159;165;163;166;132;12817;11711;11521;11571;11628;12064;12046;11915;3327;1378;1281;1276;1285;1371;1388;1410;1445;147;146;176;150;159;151;165;163;174;136;198;237;202;230;210;204;198;221;162;186;214;206;219;218;212
195021.9;12470;11970;11942;11998;11820;11716;11757;11857;3347;1410;1312;1312;1269;1346;1397;1387;1441;130;140;212;177;202;180;189;167;178;138;12854;11630;11485;11581;11566;11407;11990;11489;3311;1343;1315;1292;1282;1338;1396;1399;1459;133;145;212;183;182;160;168;161;165;138;12861;11723;11603;11645;11663;12181;12126;11976;3336;1384;1273;1276;1296;1362;1404;1395;1446;141;144;180;151;162;150;167;159;172;135;194;239;199;226;223;202;206;213;163;187;209;205;216;217;217
195621.9;12469;11972;11930;12017;11784;11744;11759;11806;3343;1408;1308;1310;1284;1351;1400;1374;1440;128;143;208;176;202;174;188;171;173;134;12806;11586;11525;11604;11554;11385;11954;11464;3311;1351;1297;1277;1280;1328;1373;1404;1444;131;144;210;181;183;159;164;162;167;138;12920;11792;11586;11605;11634;12136;12082;11972;3335;1371;1272;1280;1290;1367;1407;1395;1440;144;143;173;153;162;153;162;163;167;131;195;232;197;235;212;215;208;206;166;190;214;206;218;213;214
196222;12502;12018;11940;11985;11868;11727;11803;11873;3346;1404;1310;1301;1269;1339;1400;1389;1456;128;140;207;178;204;180;194;171;175;138;12844;11635;11498;11647;11655;11434;11989;11472;3293;1340;1296;1287;1278;1329;1388;1393;1451;129;145;215;187;184;158;169;162;164;144;12824;11765;11573;11620;11690;12180;12150;11957;3333;1358;1283;1267;1285;1361;1420;1403;1432;148;149;180;152;163;146;166;162;167;136;196;229;195;217;217;216;202;242;168;189;217;204;220;216;210
196822.1;12544;12066;12025;12065;11853;11795;11824;11905;3345;1404;1292;1300;1285;1355;1398;1379;1446;123;140;204;168;198;171;183;163;168;132;12925;11689;11617;11664;11651;11481;12044;11529;3318;1338;1295;1271;1275;1337;1393;1396;1456;122;140;203;175;172;152;163;154;158;128;12887;11783;11622;11643;11663;12249;12171;12011;3313;1369;1279;1275;1295;1366;1403;1381;1405;140;142;174;146;153;147;150;153;156;128;191;229;191;217;205;202;204;197;161;179;206;200;207;211;207
197422.1;12599;12075;12055;12111;11953;11842;11855;11913;3344;1421;1307;1304;1278;1351;1396;1395;1448;122;132;201;173;199;170;181;159;169;127;12858;11751;11598;11679;11659;11524;11949;11492;3318;1343;1297;1284;1298;1329;1394;1396;1452;122;134;206;172;176;154;161;155;163;130;12909;11858;11539;11411;11449;12316;12224;12115;3333;1365;1272;1267;1304;1368;1379;1348;1380;142;136;166;148;153;146;155;154;161;124;191;224;190;231;203;199;196;210;162;187;206;199;212;211;207
198022.2;12572;12138;12096;12097;11889;11875;11875;11923;3380;1410;1308;1314;1303;1356;1401;1389;1453;126;140;212;181;200;177;188;170;173;133;12895;11757;11672;11789;11715;11535;12160;11669;3315;1363;1314;1279;1298;1336;1389;1409;1438;130;142;208;182;178;157;166;163;172;134;12943;11917;11730;11730;11849;12322;12243;12101;3330;1379;1265;1293;1305;1370;1396;1399;1459;140;142;173;146;158;146;163;159;166;137;200;231;200;213;233;201;209;211;167;189;211;198;219;218;216
198622.3;12588;12151;12066;12134;11957;11889;11912;11928;3339;1415;1306;1324;1281;1353;1404;1400;1460;129;138;211;173;200;180;188;172;176;135;12978;11786;11671;11751;11749;11615;12137;11631;3331;1355;1305;1292;1288;1335;1396;1395;1461;131;144;214;180;183;163;169;159;168;139;12993;11929;11720;11788;11875;12369;12314;12099;3318;1383;1282;1289;1288;1378;1420;1403;1457;143;144;179;151;162;149;165;164;166;135;199;232;201;235;223;220;209;214;167;196;216;209;211;216;212
199222.3;12606;12155;12135;12169;11995;11906;11955;11982;3339;1413;1320;1311;1280;1362;1412;1394;1442;129;137;209;177;204;180;189;171;178;138;12991;11838;11672;11784;11796;11542;12137;11666;3302;1356;1302;1282;1287;1345;1385;1407;1443;129;142;215;179;180;161;167;164;169;136;13007;11971;11771;11796;11843;12321;12294;12143;3342;1389;1294;1281;1284;1367;1427;1406;1455;145;148;178;152;162;148;166;170;172;134;200;231;199;221;208;208;205;205;166;196;210;205;217;219;214
199822.4;12553;12163;12089;12158;12038;11913;11970;12001;3335;1406;1308;1306;1291;1351;1399;1408;1452;131;141;210;173;202;183;193;171;180;134;12909;11826;11720;11789;11793;11601;12116;11624;3306;1345;1317;1286;1286;1328;1385;1386;1438;132;142;212;179;183;155;170;163;171;132;13015;11984;11763;11828;11870;12336;12320;12214;3329;1374;1292;1273;1292;1373;1408;1400;1445;146;147;179;159;163;151;160;162;168;139;200;234;198;222;200;208;206;237;166;190;208;212;215;220;220
200422.5;12559;12200;12097;12131;12013;12001;11957;12033;3341;1412;1304;1305;1298;1348;1409;1392;1441;132;137;215;178;201;177;192;163;176;136;12940;11802;11749;11863;11823;11572;12190;11702;3334;1348;1310;1287;1287;1336;1393;1404;1459;129;144;218;177;185;155;167;162;168;139;12990;11935;11777;11815;11820;12342;12310;12216;3328;1381;1276;1279;1306;1370;1415;1402;1455;143;149;172;156;156;154;162;162;172;135;195;233;197;229;220;214;200;220;168;188;214;199;220;219;219
201022.5;12615;12204;12144;12161;12049;11998;11980;12020;3344;1419;1309;1308;1287;1344;1400;1397;1466;130;145;207;177;201;173;190;166;173;136;13033;11831;11727;11887;11770;11622;12220;11727;3294;1325;1322;1285;1292;1347;1382;1389;1459;129;144;218;179;179;165;173;162;173;137;13013;12003;11786;11862;11850;12421;12374;12251;3309;1374;1288;1285;1299;1388;1403;1416;1438;141;145;174;151;162;149;162;164;167;133;196;238;199;225;206;215;201;207;172;191;214;203;214;218;215
201622.6;12638;12264;12187;12215;12039;11998;12002;12009;3336;1414;1311;1296;1269;1360;1407;1405;1460;131;145;211;180;203;178;193;168;176;139;12973;11862;11773;11890;11825;11647;12232;11735;3314;1356;1310;1281;1286;1332;1386;1408;1465;131;144;215;179;187;159;165;163;166;140;13035;12083;11791;11838;11957;12392;12334;12266;3316;1381;1266;1294;1309;1370;1408;1392;1449;142;150;176;152;163;153;165;167;167;137;197;238;204;243;210;208;203;211;170;187;210;208;216;214;210
202222.7;12694;12286;12274;12266;12103;12041;12119;12112;3340;1418;1313;1316;1278;1355;1413;1388;1458;127;138;211;179;203;173;187;170;175;131;13074;11992;11822;11941;11902;11723;12321;11794;3290;1352;1302;1278;1286;1344;1397;1411;1455;128;146;212;179;181;160;165;163;166;133;13156;12129;11886;11965;12022;12485;12459;12338;3353;1373;1287;1297;1316;1360;1410;1405;1443;140;143;175;147;161;149;159;160;164;134;194;232;196;220;225;203;202;208;160;187;207;201;212;213;217
202822.7;12705;12349;12273;12267;12133;12102;12103;12161;3357;1405;1313;1325;1277;1367;1415;1390;1459;122;135;206;173;200;172;186;161;169;131;13095;11990;11867;11981;11927;11735;12212;11687;3316;1349;1321;1293;1288;1340;1383;1411;1471;126;131;214;179;176;150;162;157;162;130;13112;12129;11709;11658;11667;12580;12478;12372;3361;1371;1285;1284;1301;1364;1397;1349;1393;138;138;176;144;155;145;155;156;162;131;189;227;198;231;204;204;201;232;157;183;203;204;211;212;209
203422.8;12706;12369;12291;12344;12122;12091;12121;12168;3357;1411;1305;1315;1292;1367;1417;1411;1457;136;138;211;170;201;177;183;165;173;135;13059;11998;11896;11961;11969;11751;12342;11819;3334;1351;1306;1292;1298;1323;1385;1413;1460;128;141;211;180;179;157;164;154;162;135;13118;12180;11922;11903;11967;12546;12465;12358;3340;1384;1297;1292;1307;1363;1412;1354;1415;145;142;174;148;163;151;162;159;164;132;194;232;199;220;211;212;201;208;161;190;209;203;214;219;215
204022.9;12717;12383;12354;12379;12154;12123;12206;12229;3394;1411;1309;1317;1290;1364;1410;1411;1486;126;143;211;175;196;178;192;170;173;135;13202;12079;11971;11994;12001;11895;12471;11950;3336;1355;1333;1294;1296;1348;1397;1409;1452;130;145;214;175;179;162;164;163;168;135;13224;12250;11986;12011;11981;12692;12512;12412;3327;1395;1298;1307;1309;1368;1415;1410;1465;143;149;174;153;159;146;163;160;172;133;199;233;198;226;212;210;208;225;161;191;208;209;218;222;211
204622.9;12753;12373;12306;12366;12202;12191;12191;12245;3374;1417;1317;1309;1291;1372;1418;1418;1474;128;144;210;179;196;178;187;169;175;135;13134;12090;11989;12030;12062;11848;12424;11852;3317;1356;1319;1298;1291;1344;1395;1410;1466;132;142;219;180;187;159;167;160;170;138;13236;12157;11992;12016;12104;12586;12572;12416;3318;1388;1294;1290;1321;1379;1424;1412;1472;141;146;176;155;163;149;161;163;170;135;199;234;203;226;203;211;204;202;169;190;212;211;220;221;213
205223;12717;12455;12338;12445;12257;12154;12196;12266;3368;1418;1305;1326;1289;1364;1428;1401;1468;132;142;210;175;202;182;193;171;175;143;13111;12067;11970;12079;12035;11869;12426;11918;3328;1353;1319;1295;1297;1334;1383;1434;1456;130;146;215;180;183;161;168;161;170;140;13172;12251;12046;12072;12128;12635;12584;12411;3336;1375;1301;1286;1312;1371;1433;1422;1463;146;150;183;155;162;153;162;160;172;138;196;237;202;219;209;211;203;221;167;189;215;209;218;223;217
205823.1;12764;12433;12388;12391;12217;12178;12197;12240;3362;1425;1314;1323;1291;1366;1411;1399;1457;129;144;214;176;204;178;194;168;175;136;13100;12062;11993;12029;12008;11863;12404;11938;3325;1338;1337;1294;1278;1342;1393;1410;1466;128;147;217;179;183;162;170;163;166;139;13297;12276;12003;12103;12152;12652;12610;12435;3332;1392;1297;1283;1313;1365;1402;1408;1463;144;143;176;150;165;151;168;160;170;138;199;234;202;225;234;207;205;236;169;192;211;204;216;215;216
206423.1;12744;12438;12398;12404;12236;12179;12257;12284;3352;1421;1323;1319;1294;1369;1435;1406;1483;129;140;214;177;201;173;191;167;175;135;13174;12083;11999;12097;12070;11875;12388;11908;3332;1358;1319;1291;1291;1345;1402;1406;1463;131;145;216;182;180;162;170;160;172;137;13212;12325;12031;12096;12180;12715;12587;12463;3327;1385;1298;1287;1303;1374;1419;1420;1455;148;146;171;156;166;154;161;166;173;140;197;230;201;230;217;212;209;213;164;191;213;202;219;218;214
207023.2;12737;12402;12392;12391;12270;12208;12216;12260;3376;1418;1312;1329;1303;1374;1409;1422;1469;130;144;212;175;210;177;187;164;179;136;13224;12089;12001;12107;12072;11920;12439;12014;3309;1360;1313;1297;1275;1335;1393;1415;1456;130;144;215;182;183;164;168;163;171;138;13213;12272;12076;12075;12160;12662;12603;12460;3323;1386;1310;1294;1317;1377;1418;1436;1462;143;145;170;153;165;152;167;162;169;139;200;244;202;228;209;211;200;206;168;190;213;201;221;221;215
207623.3;12800;12482;12424;12498;12252;12201;12283;12273;3356;1424;1310;1304;1290;1345;1411;1403;1469;133;144;212;176;201;180;193;171;180;140;13249;12115;12002;12076;12097;11905;12456;11954;3318;1363;1311;1301;1286;1352;1398;1398;1454;132;143;215;182;180;163;168;166;172;140;13244;12322;12062;12106;12221;12736;12611;12478;3326;1392;1288;1274;1298;1384;1425;1421;1457;144;148;176;153;163;153;161;166;161;137;197;238;199;231;232;210;208;225;169;193;216;206;216;220;217
208223.3;12879;12548;12447;12471;12337;12252;12342;12360;3340;1412;1318;1320;1289;1374;1414;1395;1472;123;138;210;164;199;176;187;165;175;131;13308;12198;12091;12187;12131;12016;12574;12074;3330;1356;1328;1310;1294;1352;1411;1430;1476;125;141;209;177;181;151;159;162;166;132;13322;12408;12177;12168;12194;12752;12763;12658;3344;1393;1284;1294;1313;1375;1426;1393;1442;141;141;166;150;157;146;151;159;166;131;194;235;199;219;204;206;197;208;160;186;208;202;207;213;211
208823.4;12853;12612;12550;12556;12399;12359;12393;12413;3381;1426;1319;1345;1292;1370;1439;1411;1469;122;137;207;169;201;170;187;161;171;132;13343;12219;12173;12262;12173;11991;12361;11875;3339;1361;1323;1303;1296;1358;1402;1409;1443;123;133;199;177;175;155;164;157;171;131;13356;12364;11908;11872;11827;12878;12759;12620;3320;1381;1286;1280;1303;1357;1399;1329;1385;139;143;171;149;156;147;155;154;166;132;185;227;192;224;225;207;199;210;159;184;204;204;208;217;209
209423.5;12834;12551;12517;12557;12367;12352;12384;12370;3337;1434;1324;1322;1290;1374;1424;1420;1478;129;140;207;172;205;181;189;169;174;133;13293;12268;12170;12260;12220;12085;12619;12179;3350;1359;1333;1311;1304;1347;1400;1430;1458;132;142;213;185;183;160;163;165;173;134;13371;12451;12254;12309;12327;12873;12755;12669;3325;1383;1296;1292;1302;1383;1435;1407;1450;142;142;173;151;157;154;162;167;169;133;195;242;198;220;235;205;200;215;166;187;208;203;212;221;223
210023.5;12831;12615;12552;12528;12388;12360;12392;12431;3356;1427;1325;1333;1295;1368;1420;1417;1478;124;142;214;178;203;177;189;177;180;136;13286;12302;12124;12278;12264;12057;12623;12119;3329;1359;1331;1300;1290;1347;1402;1418;1481;134;146;218;176;181;161;162;160;173;136;13347;12458;12193;12289;12349;12835;12809;12704;3354;1398;1301;1288;1307;1390;1433;1417;1463;142;149;178;153;160;152;167;165;170;137;203;240;203;229;223;214;209;230;168;194;210;200;222;217;216
210623.6;12929;12684;12587;12595;12377;12340;12417;12515;3380;1428;1323;1330;1295;1378;1422;1423;1486;127;143;216;169;205;179;190;165;177;134;13362;12297;12165;12280;12202;12057;12669;12155;3338;1359;1329;1309;1304;1352;1405;1443;1490;132;148;218;178;182;156;169;160;174;135;13400;12449;12285;12264;12382;12908;12848;12687;3338;1397;1297;1290;1325;1368;1430;1413;1459;143;142;172;153;167;153;167;163;173;138;197;235;201;225;215;205;200;214;170;191;212;210;220;218;214
211223.7;12900;12606;12522;12587;12409;12367;12386;12438;3346;1438;1315;1330;1295;1382;1419;1408;1477;131;141;212;177;203;180;190;165;175;133;13328;12256;12155;12250;12236;12160;12628;12115;3342;1358;1326;1301;1301;1334;1411;1420;1472;132;143;215;181;185;166;167;161;166;135;13379;12528;12259;12303;12368;12878;12802;12686;3360;1382;1297;1285;1306;1402;1426;1433;1462;143;144;180;154;161;150;163;160;166;137;197;240;201;227;218;209;208;218;167;194;214;213;219;217;217
211823.8;12886;12649;12546;12650;12424;12389;12414;12492;3358;1430;1323;1332;1294;1361;1423;1408;1481;125;148;213;175;200;179;189;170;177;136;13343;12299;12191;12274;12202;12096;12662;12230;3290;1366;1315;1291;1286;1346;1418;1420;1478;134;148;211;180;177;157;167;160;176;136;13383;12507;12184;12313;12357;12899;12800;12650;3327;1382;1286;1301;1305;1366;1432;1430;1462;145;142;174;158;163;154;166;164;172;135;199;235;200;233;200;210;204;248;162;186;212;210;213;217;213
212423.8;12866;12612;12580;12592;12460;12387;12398;12481;3324;1413;1298;1323;1301;1363;1419;1419;1459;131;137;211;174;206;181;191;166;177;140;13338;12290;12168;12306;12285;12112;12626;12172;3296;1368;1331;1287;1287;1349;1392;1423;1474;129;147;217;181;183;161;170;162;170;136;13379;12508;12275;12320;12396;12875;12820;12724;3333;1380;1289;1292;1299;1376;1426;1401;1457;143;142;176;151;159;153;166;164;168;133;198;239;201;232;215;205;210;210;165;191;215;208;219;217;216
213023.9;12898;12704;12559;12634;12475;12462;12475;12505;3349;1416;1325;1330;1302;1368;1427;1421;1481;131;140;211;170;202;183;189;167;178;141;13330;12305;12255;12375;12329;12174;12646;12220;3316;1348;1323;1305;1297;1341;1402;1418;1476;131;145;218;182;190;161;169;167;174;140;13394;12540;12348;12359;12457;12905;12813;12747;3318;1390;1312;1284;1307;1373;1438;1407;1470;145;145;174;152;164;154;163;164;169;136;195;239;200;234;206;214;212;216;171;193;209;220;216;222;213
213624;12876;12690;12604;12634;12492;12464;12487;12537;3348;1408;1323;1324;1287;1364;1427;1435;1477;129;142;212;175;203;181;189;174;176;135;13335;12328;12235;12362;12317;12142;12678;12244;3297;1356;1317;1274;1298;1354;1385;1428;1470;130;144;216;178;184;162;171;168;173;136;13466;12591;12348;12380;12399;12956;12878;12743;3316;1398;1301;1313;1309;1394;1430;1412;1456;148;148;179;150;161;149;163;163;167;135;197;237;199;233;205;221;202;210;168;191;212;208;219;218;213
214224;13025;12797;12745;12769;12550;12507;12610;12573;3369;1425;1315;1332;1306;1374;1420;1426;1489;124;139;216;175;196;179;189;166;174;138;13457;12445;12308;12416;12417;12228;12751;12286;3342;1361;1327;1290;1289;1349;1418;1425;1481;129;144;214;176;183;156;164;158;167;135;13537;12653;12406;12525;12574;13046;12939;12818;3351;1386;1302;1309;1306;1372;1425;1424;1458;141;141;176;151;155;148;164;158;166;131;200;235;200;232;205;205;205;214;159;192;210;220;218;211;213
214824.1;12989;12803;12763;12794;12596;12566;12592;12662;3370;1422;1319;1321;1306;1366;1424;1417;1486;120;134;211;172;193;172;181;163;173;129;13437;12472;12418;12496;12455;12228;12640;12168;3329;1357;1329;1305;1302;1343;1421;1433;1478;126;133;202;173;176;151;163;165;164;129;13509;12675;12247;12165;12103;13040;12969;12915;3364;1391;1294;1291;1311;1388;1400;1358;1396;140;139;174;146;155;141;156;160;167;128;189;227;195;205;233;207;194;209;156;189;205;216;213;215;214
215424.2;13040;12832;12692;12805;12594;12546;12586;12669;3380;1412;1323;1327;1308;1385;1436;1410;1498;129;143;212;170;201;179;186;169;177;136;13493;12546;12388;12489;12499;12279;12819;12360;3333;1360;1327;1311;1287;1351;1422;1429;1481;132;142;206;179;181;157;164;162;168;130;13529;12692;12362;12331;12519;13113;13013;12917;3381;1388;1290;1300;1324;1383;1447;1398;1429;141;143;178;150;163;148;161;162;168;131;193;231;199;229;209;206;204;217;165;190;211;219;214;220;218
216024.2;12983;12861;12766;12770;12665;12576;12635;12686;3393;1424;1325;1330;1306;1379;1441;1437;1482;134;141;215;178;207;176;193;171;174;133;13482;12542;12460;12524;12502;12372;12807;12453;3323;1379;1328;1328;1295;1365;1413;1444;1481;132;141;214;174;183;158;168;169;168;134;13551;12742;12534;12578;12623;13104;13032;12985;3360;1400;1314;1304;1330;1379;1449;1437;1479;139;145;177;152;166;151;162;164;170;135;199;242;202;223;216;210;199;223;167;187;214;227;218;221;215
216624.3;12991;12866;12756;12821;12634;12585;12661;12652;3373;1422;1329;1323;1307;1378;1432;1432;1495;129;144;218;176;205;179;195;175;178;133;13484;12536;12402;12502;12488;12347;12860;12451;3328;1369;1334;1309;1296;1347;1414;1423;1472;129;148;210;180;182;159;168;162;173;136;13542;12735;12509;12541;12589;13136;12996;12947;3376;1398;1308;1296;1329;1397;1446;1439;1480;145;144;177;155;168;149;166;162;168;136;197;240;205;227;205;216;205;221;164;191;214;227;219;227;216
217224.4;13037;12832;12776;12841;12671;12622;12680;12738;3365;1432;1338;1334;1288;1384;1440;1432;1487;128;143;217;175;208;185;189;169;180;137;13463;12579;12379;12499;12524;12330;12884;12442;3347;1357;1330;1301;1303;1372;1416;1438;1482;131;142;217;185;186;160;169;163;173;134;13566;12782;12533;12651;12660;13138;12992;12893;3353;1388;1297;1303;1323;1392;1429;1425;1463;138;138;181;155;165;146;162;161;167;134;201;241;201;234;223;205;202;212;167;187;211;227;217;214;214
217824.4;13011;12876;12787;12851;12661;12583;12664;12671;3365;1426;1317;1335;1306;1385;1455;1432;1483;130;144;217;177;206;175;193;170;174;137;13529;12558;12455;12540;12510;12389;12926;12404;3354;1357;1321;1304;1295;1352;1422;1433;1478;133;147;217;181;183;160;167;162;170;134;13572;12776;12526;12563;12606;13173;13003;12946;3348;1392;1297;1301;1328;1388;1423;1415;1465;140;145;176;154;161;148;162;162;167;137;202;242;204;224;209;214;205;225;167;191;217;220;216;220;212
218424.5;13007;12880;12784;12864;12664;12628;12685;12694;3362;1429;1327;1341;1305;1385;1417;1427;1490;131;145;216;179;199;182;187;166;179;137;13550;12591;12447;12572;12509;12386;12871;12511;3313;1356;1330;1304;1305;1361;1415;1445;1485;129;147;216;188;186;164;170;166;168;136;13559;12756;12512;12543;12673;13156;13017;12970;3340;1396;1314;1297;1299;1385;1432;1412;1470;140;152;177;150;166;151;165;159;170;134;199;238;206;237;213;212;196;212;165;189;217;224;220;224;220
219024.6;12974;12925;12831;12875;12730;12676;12686;12739;3359;1433;1328;1333;1311;1364;1426;1418;1492;129;142;217;179;202;181;195;169;176;135;13498;12606;12460;12566;12501;12452;12879;12517;3333;1348;1322;1293;1304;1364;1406;1430;1485;130;145;217;182;183;158;175;163;170;135;13611;12830;12539;12606;12706;13174;13063;13007;3361;1382;1303;1309;1311;1396;1432;1417;1486;146;146;173;153;167;150;161;162;170;134;196;239;205;230;208;202;208;216;165;194;218;218;221;225;217
219624.6;13003;12936;12823;12908;12706;12627;12701;12766;3395;1441;1330;1335;1310;1388;1418;1427;1479;129;137;213;181;203;180;194;165;179;135;13498;12638;12470;12545;12494;12408;12883;12493;3319;1355;1320;1302;1302;1365;1422;1422;1479;131;140;218;181;181;160;166;163;172;137;13621;12808;12524;12657;12672;13287;13102;12962;3352;1387;1292;1300;1315;1395;1435;1434;1458;147;143;178;156;162;151;166;160;168;139;197;236;204;235;237;210;206;223;166;190;214;217;222;225;216
220224.7;13000;12905;12816;12895;12692;12677;12697;12752;3380;1427;1324;1324;1299;1379;1426;1413;1483;126;144;218;173;207;183;195;170;176;137;13559;12635;12509;12620;12564;12426;12894;12439;3308;1346;1333;1301;1300;1353;1391;1437;1483;128;143;214;179;184;159;166;164;169;134;13617;12845;12628;12641;12745;13182;13024;13010;3326;1394;1299;1284;1316;1385;1420;1424;1466;144;145;174;154;160;150;163;160;168;139;200;241;205;235;206;204;203;214;164;195;210;220;222;222;212
220824.8;13049;12944;12859;12950;12778;12672;12713;12808;3373;1435;1331;1334;1310;1381;1434;1436;1495;127;146;214;177;200;179;193;168;178;137;13562;12705;12529;12621;12554;12482;12902;12534;3320;1364;1339;1305;1312;1361;1412;1441;1475;134;147;217;180;181;160;168;165;169;137;13611;12899;12615;12635;12731;13232;13074;12981;3339;1387;1299;1295;1314;1395;1426;1430;1480;146;143;178;158;165;151;165;164;174;140;201;235;203;233;208;221;205;220;169;194;211;228;225;223;219
221424.8;13067;12978;12912;12906;12751;12764;12737;12816;3359;1430;1339;1337;1304;1372;1433;1442;1496;133;145;217;178;201;185;192;175;176;140;13657;12748;12565;12709;12627;12467;13026;12609;3338;1359;1339;1301;1309;1356;1412;1443;1500;132;146;214;181;182;168;172;166;171;137;13641;12959;12617;12694;12766;13301;13152;13098;3356;1394;1291;1305;1303;1387;1435;1433;1486;142;153;178;152;159;151;166;160;172;135;195;237;201;232;207;207;210;214;168;193;213;223;223;223;217
222024.9;13157;13134;12982;13075;12848;12809;12894;12918;3384;1424;1335;1345;1301;1376;1443;1433;1497;125;138;207;177;201;170;185;167;173;131;13700;12795;12665;12700;12728;12585;13090;12676;3347;1363;1347;1310;1312;1356;1414;1447;1494;122;137;210;176;178;153;166;160;169;133;13795;13018;12665;12636;12672;13384;13227;13244;3377;1390;1301;1321;1322;1398;1419;1396;1446;139;142;173;144;161;149;162;160;167;129;192;233;195;218;220;195;201;237;157;185;215;219;208;210;215
222625;13156;13125;13009;13062;12876;12810;12867;12960;3382;1433;1330;1331;1309;1386;1451;1427;1486;125;135;209;170;198;174;187;165;175;134;13718;12774;12701;12826;12713;12493;12862;12376;3336;1370;1351;1308;1317;1367;1418;1445;1488;125;143;214;172;181;154;158;156;168;129;13620;12957;12343;12320;12212;13424;13293;13202;3361;1382;1303;1296;1324;1376;1395;1333;1391;141;141;173;144;158;147;161;158;163;130;195;230;195;229;207;203;211;218;160;184;211;218;214;219;203
223225;13190;13167;13075;13134;12980;12915;12916;12989;3396;1434;1343;1349;1318;1387;1446;1437;1502;131;140;219;178;205;180;195;169;175;137;13750;12798;12708;12809;12764;12589;13182;12699;3367;1380;1336;1319;1319;1369;1434;1442;1482;128;147;220;182;182;156;170;166;169;133;13755;13131;12795;12881;12906;13372;13230;13210;3373;1399;1325;1298;1329;1411;1454;1442;1481;147;143;174;151;158;148;165;160;173;134;204;244;198;229;205;201;204;246;165;189;216;220;226;222;213
223825.1;13152;13150;12964;13075;12929;12829;12950;12995;3372;1439;1332;1346;1321;1394;1441;1433;1524;129;143;219;180;206;178;188;170;178;135;13778;12859;12724;12874;12747;12693;13124;12766;3356;1391;1340;1317;1322;1367;1426;1444;1507;133;145;223;181;182;161;168;162;172;133;13790;13121;12800;12865;12938;13462;13263;13227;3377;1391;1331;1314;1336;1390;1441;1433;1479;144;151;177;154;162;150;164;163;171;134;197;241;200;234;210;211;209;213;170;191;217;227;222;220;216
224425.2;13143;13106;13025;13184;12913;12870;12946;12954;3390;1448;1334;1365;1316;1393;1453;1454;1492;131;145;221;176;203;175;187;170;178;141;13740;12861;12760;12851;12776;12704;13223;12751;3340;1371;1333;1315;1313;1367;1410;1437;1497;131;142;215;182;182;163;173;161;172;134;13815;13133;12814;12934;12929;13483;13275;13292;3367;1411;1318;1324;1330;1408;1452;1428;1490;143;145;180;157;159;152;166;166;171;141;202;236;202;230;207;216;200;215;172;200;214;228;222;223;222
225025.2;13113;13132;13046;13126;12927;12931;12892;12970;3390;1437;1342;1351;1316;1389;1440;1436;1505;129;140;218;177;209;181;195;166;178;137;13712;12929;12721;12844;12760;12669;13173;12751;3354;1375;1349;1325;1297;1362;1418;1429;1491;130;140;217;185;180;159;169;162;171;133;13815;13076;12800;12892;12931;13451;13220;13211;3353;1383;1317;1304;1331;1408;1437;1440;1473;137;147;179;150;163;151;165;163;167;133;201;247;198;226;208;212;211;238;170;199;219;226;224;222;220
225625.3;13159;13245;13053;13204;12973;12897;12947;13024;3397;1449;1326;1355;1305;1397;1453;1445;1521;129;143;217;176;202;184;195;172;178;139;13726;12967;12784;12894;12810;12690;13143;12759;3330;1377;1351;1320;1309;1372;1425;1438;1487;130;144;218;178;181;160;167;167;169;136;13775;13121;12790;12916;12912;13486;13333;13202;3378;1406;1325;1310;1323;1398;1432;1448;1477;143;146;178;155;164;147;163;163;167;137;195;241;197;232;209;215;211;221;173;191;215;228;224;228;222
226225.4;13122;13168;13051;13060;12916;12907;12931;13013;3400;1454;1342;1346;1320;1403;1448;1432;1507;130;141;218;178;207;183;187;171;182;141;13663;12936;12740;12860;12853;12667;13117;12791;3332;1384;1344;1332;1313;1368;1412;1438;1490;131;142;218;179;182;162;170;164;172;134;13826;13148;12810;12983;12949;13561;13312;13225;3343;1405;1304;1317;1325;1405;1448;1433;1500;144;147;176;154;163;154;167;165;170;138;201;235;206;231;207;208;203;212;172;190;214;226;222;219;219
226825.4;13107;13189;13039;13143;12974;12884;12986;13005;3361;1439;1352;1345;1309;1386;1438;1447;1490;132;145;222;177;201;178;194;170;181;138;13686;12879;12764;12859;12721;12650;13207;12738;3338;1390;1338;1303;1314;1366;1422;1444;1499;132;144;217;180;183;167;167;165;169;134;13808;13153;12821;12916;12907;13472;13309;13231;3378;1401;1306;1314;1331;1398;1452;1442;1485;146;144;179;152;167;156;167;163;172;133;202;238;195;232;205;213;204;215;169;194;210;223;221;220;216
227425.5;13104;13156;13039;13152;12941;12918;12900;12991;3365;1438;1346;1339;1309;1395;1442;1446;1505;133;142;220;177;204;180;189;170;174;136;13760;12909;12732;12881;12898;12726;13218;12784;3334;1374;1339;1304;1318;1365;1420;1450;1497;130;146;218;188;188;161;169;165;173;135;13799;13143;12865;13005;12956;13521;13381;13311;3346;1402;1307;1322;1333;1412;1449;1435;1468;145;142;182;154;165;151;170;158;169;137;206;233;204;238;235;213;213;215;170;189;213;224;226;223;217
228025.6;13106;13261;13103;13159;12985;12966;12973;13069;3379;1445;1334;1334;1310;1380;1454;1438;1512;132;144;218;181;207;187;190;167;182;139;13754;12924;12803;12921;12878;12750;13202;12858;3343;1368;1333;1310;1313;1372;1420;1439;1519;129;145;218;182;179;160;172;165;174;140;13767;13190;12842;12969;12900;13512;13339;13249;3334;1398;1312;1306;1329;1400;1461;1440;1490;147;148;180;154;163;153;168;159;176;134;204;240;205;236;207;221;202;214;166;193;215;224;223;227;220
228625.6;13131;13244;13108;13218;13053;12956;13041;13048;3361;1442;1346;1350;1325;1391;1446;1438;1500;129;141;222;180;204;181;187;172;179;134;13735;12956;12811;12941;12892;12752;13243;12828;3350;1373;1347;1290;1316;1373;1441;1452;1510;128;145;215;185;183;157;170;162;171;138;13834;13175;12860;12953;13041;13586;13399;13301;3348;1399;1324;1312;1325;1402;1453;1434;1483;146;142;175;156;161;151;163;160;172;136;199;242;202;244;212;208;206;215;171;192;213;224;220;222;216
229225.7;13127;13244;13108;13188;13014;12928;13008;13061;3359;1434;1329;1349;1334;1397;1447;1433;1515;130;144;219;173;204;181;192;170;182;137;13790;12961;12847;12986;12816;12759;13226;12852;3345;1375;1338;1316;1325;1371;1411;1445;1490;130;144;221;182;188;160;169;168;172;135;13831;13186;12870;12980;13022;13594;13388;13285;3368;1389;1313;1305;1320;1402;1443;1426;1491;141;141;176;156;164;153;163;159;168;140;200;243;202;229;213;215;210;216;169;190;216;224;224;223;219
229825.8;13162;13261;13155;13246;13005;12960;13083;13133;3364;1436;1346;1350;1313;1396;1441;1437;1497;131;145;222;181;204;181;194;172;179;139;13832;13020;12834;12988;12886;12803;13251;12904;3341;1367;1343;1307;1311;1373;1427;1447;1510;134;143;220;180;186;164;166;161;177;136;13852;13193;12837;13032;13055;13561;13403;13258;3368;1403;1302;1313;1330;1400;1441;1436;1481;144;145;173;153;162;153;170;164;169;133;199;247;203;231;207;211;207;214;168;192;217;224;223;224;216
230425.9;13141;13282;13136;13226;13034;12978;13095;13101;3356;1431;1345;1344;1313;1389;1446;1445;1499;131;145;218;180;203;177;188;169;176;136;13843;13035;12938;12984;12931;12761;13257;12885;3329;1363;1343;1313;1302;1351;1425;1464;1501;131;142;220;183;188;156;166;166;171;137;13820;13316;12903;13021;13019;13583;13366;13327;3344;1400;1305;1312;1327;1401;1454;1440;1475;145;149;179;155;160;147;165;167;170;132;207;238;201;234;207;213;209;237;168;187;212;226;225;219;222
231025.9;13145;13332;13189;13335;13105;13019;13096;13109;3348;1431;1345;1361;1315;1403;1441;1448;1508;129;141;217;172;201;173;192;172;181;139;13766;13056;12870;12986;12963;12816;13253;12895;3334;1363;1343;1314;1313;1374;1426;1438;1496;129;145;219;180;180;164;170;168;171;137;13846;13287;12938;13035;13097;13640;13380;13319;3349;1408;1314;1317;1325;1415;1458;1434;1498;142;145;182;149;163;154;166;165;167;137;201;238;198;235;201;209;206;241;169;191;219;231;221;219;220
231626;13144;13363;13237;13276;13136;13075;13125;13171;3393;1443;1334;1358;1305;1380;1455;1443;1513;128;142;221;180;205;185;190;171;181;132;13828;13076;12947;13058;12972;12866;13377;12927;3336;1379;1339;1324;1309;1385;1423;1441;1495;129;145;216;184;183;159;169;164;171;137;13896;13247;12918;13160;13071;13696;13416;13355;3348;1399;1312;1318;1327;1406;1450;1445;1484;140;145;176;152;162;150;164;170;171;140;197;239;205;238;230;209;205;237;167;192;220;221;224;222;222
232226;13163;13372;13196;13316;13159;13094;13163;13196;3383;1444;1331;1348;1321;1396;1454;1437;1501;130;142;217;182;202;182;196;172;181;132;13785;13167;12967;13109;12979;12919;13343;12943;3306;1371;1346;1321;1310;1374;1428;1443;1492;133;144;220;184;185;162;167;166;171;136;13865;13322;12970;13046;13116;13721;13486;13412;3351;1390;1320;1317;1325;1410;1447;1437;1493;145;145;180;154;164;153;164;165;175;131;202;238;203;235;199;222;206;232;171;194;217;230;224;220;217
232826.1;13153;13395;13254;13305;13128;13085;13130;13211;3380;1435;1347;1351;1310;1400;1444;1430;1515;128;144;217;180;201;180;194;168;181;135;13846;13129;12916;13026;13028;12900;13331;12983;3344;1369;1358;1317;1307;1369;1426;1452;1502;129;145;217;183;182;162;172;165;175;136;13870;13316;13042;13148;13165;13690;13485;13400;3355;1398;1313;1326;1332;1406;1441;1438;1483;143;147;175;155;164;153;167;164;175;131;201;236;208;230;219;215;212;242;168;192;219;227;223;222;222
233426.2;13257;13550;13401;13518;13355;13226;13370;13389;3392;1458;1363;1363;1328;1399;1447;1456;1526;125;132;217;177;200;178;192;164;175;132;13962;13292;13071;13266;13170;13019;13495;13123;3379;1375;1357;1328;1320;1387;1444;1449;1504;128;140;215;183;180;155;165;160;169;130;14074;13503;13048;13113;13017;13859;13606;13525;3406;1416;1316;1323;1332;1408;1445;1404;1452;143;145;173;154;156;144;159;162;162;129;191;232;199;239;206;216;203;234;157;185;213;218;214;212;217
234026.2;13328;13565;13384;13467;13337;13266;13343;13345;3401;1459;1344;1356;1332;1412;1473;1459;1526;117;133;210;168;204;174;182;165;173;131;13992;13325;13102;13231;13161;12896;13278;12909;3373;1396;1346;1324;1325;1374;1432;1462;1500;126;138;209;176;176;152;163;158;166;134;14021;13414;12731;12705;12748;13921;13629;13551;3382;1401;1336;1331;1323;1395;1416;1364;1387;139;136;170;147;157;145;162;158;165;126;187;233;202;230;208;197;202;232;161;182;216;225;220;220;209
234626.3;13261;13501;13371;13544;13360;13261;13357;13452;3410;1459;1353;1363;1333;1401;1473;1445;1520;128;141;216;177;203;179;195;169;174;135;13959;13288;13124;13242;13239;13119;13488;13172;3372;1377;1348;1330;1331;1382;1447;1447;1505;127;141;220;179;179;160;165;166;171;136;14044;13530;13156;13268;13290;13879;13616;13565;3377;1423;1323;1332;1343;1420;1466;1435;1506;141;148;178;155;162;148;163;162;173;133;201;240;207;231;209;214;205;239;166;193;220;223;223;223;214
235226.4;13271;13593;13394;13492;13369;13286;13325;13381;3427;1458;1369;1356;1329;1408;1450;1458;1538;129;143;226;181;207;181;188;173;181;136;14006;13268;13126;13254;13173;13076;13469;13175;3358;1393;1365;1335;1330;1391;1433;1468;1519;134;146;225;189;184;163;170;165;175;135;14003;13552;13176;13292;13259;13861;13644;13607;3394;1418;1331;1332;1340;1419;1463;1450;1482;145;149;175;160;168;149;163;162;170;132;199;239;202;233;215;214;206;238;168;192;215;225;223;227;216
235826.5;13270;13588;13409;13551;13319;13268;13302;13292;3387;1450;1356;1371;1322;1398;1462;1453;1519;130;140;217;178;207;187;192;168;181;132;13960;13213;13071;13206;13176;13024;13464;13131;3361;1383;1360;1333;1332;1389;1444;1458;1503;125;146;219;184;186;159;172;166;175;133;13979;13504;13155;13298;13243;13826;13543;13546;3376;1419;1331;1324;1333;1407;1468;1462;1500;142;148;176;153;156;150;164;161;171;134;204;247;204;244;234;208;209;240;169;188;216;230;223;227;218
236426.5;13261;13543;13427;13461;13313;13225;13285;13357;3390;1444;1357;1376;1320;1406;1452;1452;1523;133;141;219;184;205;181;191;169;183;137;13887;13264;13150;13213;13201;13092;13534;13144;3349;1378;1356;1342;1341;1391;1440;1457;1509;135;146;222;183;186;159;173;163;172;137;13922;13576;13200;13308;13258;13815;13559;13519;3362;1404;1312;1319;1351;1405;1458;1447;1508;143;145;181;153;159;154;165;165;170;138;198;240;209;222;215;217;208;240;171;198;219;232;226;227;222
237026.6;13310;13670;13485;13644;13411;13378;13417;13512;3413;1477;1360;1370;1325;1409;1465;1463;1528;127;137;217;177;200;169;198;167;176;135;14079;13417;13179;13351;13276;13107;13601;13277;3379;1373;1359;1327;1326;1383;1434;1464;1522;128;142;216;181;181;155;168;158;167;131;14086;13595;13268;13414;13412;13970;13719;13648;3383;1410;1315;1331;1346;1423;1462;1449;1505;138;139;173;147;163;145;157;159;165;124;201;238;197;226;200;210;212;238;164;191;210;216;221;223;210
237626.6;13336;13656;13462;13668;13458;13320;13440;13504;3380;1448;1363;1362;1332;1410;1467;1467;1534;127;136;214;176;200;172;184;164;174;130;14060;13433;13207;13382;13332;13130;13510;13229;3387;1384;1343;1326;1330;1381;1427;1461;1508;124;136;208;176;177;155;161;163;170;129;14077;13619;13015;13098;13039;13990;13721;13711;3406;1418;1328;1330;1343;1417;1433;1413;1423;140;139;176;149;156;148;158;161;170;131;190;230;198;219;203;205;206;233;158;191;218;212;216;216;209
238226.7;13299;13704;13506;13584;13438;13328;13468;13481;3406;1450;1358;1369;1341;1413;1469;1460;1520;133;139;216;184;212;176;201;172;176;134;14053;13439;13293;13470;13357;13190;13704;13301;3354;1405;1371;1337;1335;1398;1449;1472;1526;129;144;219;184;178;157;172;161;172;139;14093;13669;13278;13494;13470;13943;13711;13737;3401;1422;1348;1336;1355;1412;1482;1463;1509;143;147;183;152;161;148;161;169;170;131;199;238;203;236;208;215;212;237;168;186;221;227;223;226;221
238826.8;13293;13674;13458;13557;13443;13409;13468;13510;3406;1456;1350;1366;1332;1406;1478;1460;1536;129;148;222;178;207;182;195;176;182;135;14047;13451;13239;13392;13323;13215;13667;13298;3392;1378;1351;1348;1337;1397;1431;1469;1525;132;148;221;185;186;162;173;171;169;134;14188;13672;13273;13464;13425;13954;13743;13686;3400;1426;1330;1330;1349;1424;1477;1471;1507;145;148;178;153;160;153;167;168;168;136;197;237;203;233;233;210;210;243;169;193;215;227;224;224;218
239426.9;13267;13630;13482;13606;13409;13403;13415;13497;3423;1454;1367;1368;1326;1413;1474;1475;1535;130;146;218;177;209;176;197;173;178;139;13948;13451;13212;13305;13286;13160;13619;13242;3354;1379;1362;1323;1326;1393;1448;1453;1536;129;140;220;181;185;163;170;168;177;135;14030;13641;13144;13446;13349;13912;13671;13659;3400;1418;1323;1332;1345;1430;1453;1453;1495;141;145;182;156;164;150;168;163;171;135;198;238;206;226;243;214;213;244;171;194;221;225;226;227;225
240026.9;13299;13694;13473;13699;13461;13340;13489;13496;3394;1457;1363;1363;1341;1407;1461;1470;1531;133;146;221;182;210;186;197;174;183;137;14036;13447;13207;13384;13321;13216;13692;13327;3347;1380;1363;1335;1320;1375;1451;1470;1522;128;144;224;187;185;159;178;169;172;138;14071;13709;13188;13453;13383;13945;13642;13633;3393;1422;1329;1334;1343;1417;1473;1455;1495;144;145;187;152;160;149;165;165;170;136;200;242;203;228;207;221;214;236;168;195;219;230;227;221;225
240627;13374;13751;13620;13671;13520;13421;13528;13522;3419;1444;1370;1362;1335;1425;1476;1449;1540;129;137;218;174;205;176;193;168;173;134;14107;13527;13315;13392;13396;13309;13716;13412;3374;1405;1363;1325;1344;1384;1439;1474;1511;127;142;216;182;181;154;170;162;169;131;14186;13771;13393;13517;13504;14056;13817;13741;3401;1425;1341;1327;1348;1437;1485;1449;1497;139;141;175;146;160;153;166;156;164;130;197;237;203;248;207;219;205;234;166;190;214;222;222;216;223
241227.1;13368;13826;13590;13770;13487;13452;13574;13589;3427;1451;1364;1372;1337;1411;1467;1468;1522;128;131;220;171;202;175;193;166;179;130;14153;13644;13335;13517;13480;13335;13712;13408;3377;1385;1365;1347;1327;1391;1441;1476;1522;124;140;212;180;181;154;163;161;163;132;14201;13769;13218;13310;13286;14033;13792;13706;3387;1424;1324;1322;1343;1427;1481;1423;1458;134;140;173;149;154;143;161;160;169;126;196;237;196;232;211;201;213;225;167;187;217;226;218;217;224
241827.1;13417;13826;13633;13751;13511;13493;13599;13588;3457;1471;1360;1367;1334;1411;1466;1470;1542;131;134;219;174;201;176;190;167;176;133;14125;13551;13322;13547;13405;13310;13736;13458;3372;1392;1358;1347;1335;1396;1457;1466;1538;125;145;221;179;179;157;165;165;172;135;14163;13782;13292;13371;13500;14013;13802;13803;3408;1430;1349;1347;1356;1424;1465;1420;1514;140;141;178;152;158;145;161;156;166;135;198;243;197;237;210;213;208;234;169;190;216;223;222;220;220
242427.2;13368;13833;13663;13786;13573;13484;13602;13612;3398;1466;1368;1378;1339;1414;1477;1465;1536;129;140;224;180;205;181;197;173;181;139;14136;13579;13363;13534;13459;13389;13738;13476;3390;1403;1370;1352;1339;1394;1458;1486;1539;128;148;222;187;189;160;168;167;174;138;14158;13848;13389;13610;13507;14077;13853;13789;3405;1437;1337;1330;1350;1431;1476;1462;1514;144;147;176;153;158;153;164;162;172;135;201;243;206;237;215;213;209;228;168;190;218;231;224;228;231
243027.3;13371;13892;13677;13842;13666;13538;13670;13688;3443;1462;1378;1371;1331;1417;1480;1470;1548;126;143;218;179;207;181;188;170;178;132;14185;13592;13418;13615;13497;13402;13770;13480;3360;1398;1373;1352;1335;1385;1448;1481;1527;126;142;225;182;180;156;167;160;165;131;14245;13876;13417;13597;13560;14149;13927;13809;3416;1428;1350;1332;1351;1429;1476;1469;1510;139;144;178;149;161;147;166;159;172;132;199;240;203;230;204;215;205;234;165;190;217;225;219;217;224
243627.3;13378;13925;13703;13796;13604;13550;13607;13650;3415;1463;1369;1377;1330;1407;1482;1477;1544;126;143;219;181;198;177;195;167;176;128;14112;13587;13356;13506;13455;13389;13860;13478;3347;1381;1367;1344;1336;1388;1457;1477;1525;123;141;219;177;181;157;165;162;169;138;14240;13871;13464;13581;13608;14110;13911;13875;3425;1418;1338;1325;1347;1424;1478;1460;1500;142;140;168;150;157;144;160;159;163;135;200;235;198;231;212;215;207;234;165;184;219;223;221;218;226
244227.4;13357;13907;13734;13813;13648;13549;13582;13699;3438;1449;1383;1375;1351;1408;1477;1472;1541;124;138;214;172;203;175;191;167;175;133;14119;13704;13408;13589;13553;13417;13821;13574;3386;1402;1361;1342;1324;1379;1453;1489;1527;128;138;215;180;184;155;160;159;166;130;14237;13924;13456;13631;13591;14116;13973;13822;3421;1436;1348;1337;1350;1429;1479;1441;1511;137;142;174;144;160;146;159;154;168;129;200;238;196;233;208;210;208;221;158;190;214;230;224;219;218
244827.5;13395;13966;13771;13868;13709;13623;13705;13783;3408;1460;1371;1372;1341;1437;1490;1476;1549;122;134;216;171;206;179;188;165;172;135;14237;13674;13423;13636;13579;13475;13905;13511;3389;1393;1382;1337;1335;1407;1468;1481;1533;127;141;213;179;178;153;165;159;166;131;14237;13917;13471;13681;13603;14146;13999;13833;3404;1414;1336;1343;1351;1420;1476;1463;1505;135;141;174;148;162;148;157;163;163;125;196;241;196;221;204;204;211;229;165;186;212;230;213;220;218
245427.5;13396;13934;13701;13864;13674;13656;13659;13768;3439;1475;1364;1388;1350;1439;1480;1483;1546;127;145;226;177;213;182;194;167;184;135;14133;13615;13462;13574;13625;13489;13825;13551;3370;1400;1380;1347;1352;1410;1453;1494;1527;129;146;223;185;185;164;174;169;173;135;14234;13943;13465;13618;13694;14127;13981;13865;3438;1437;1346;1339;1356;1431;1489;1474;1524;145;146;177;152;161;146;167;164;175;135;202;243;197;234;210;210;207;240;172;195;218;226;221;226;226
246027.6;13361;14007;13790;13888;13693;13672;13736;13753;3427;1473;1379;1392;1354;1418;1485;1485;1550;127;141;220;178;213;183;197;170;178;134;14172;13709;13554;13695;13652;13469;13913;13638;3389;1392;1386;1347;1329;1411;1471;1482;1538;128;147;225;183;184;162;160;168;169;135;14280;13966;13442;13801;13691;14180;14012;13951;3426;1423;1347;1331;1361;1446;1477;1474;1531;138;143;182;152;162;153;164;160;168;136;200;241;200;234;210;214;202;221;166;191;220;223;223;223;217
246627.7;13359;13996;13736;13888;13736;13633;13804;13762;3438;1462;1385;1390;1355;1426;1470;1487;1560;118;138;218;179;205;173;195;172;173;129;14145;13761;13467;13675;13604;13503;13935;13628;3386;1388;1369;1351;1336;1410;1458;1480;1516;126;142;219;178;178;154;167;160;169;135;14176;13978;13404;13797;13660;14152;13969;13911;3408;1421;1334;1352;1357;1448;1467;1481;1507;139;139;176;148;157;147;162;158;167;131;197;237;202;232;223;210;205;235;167;192;224;223;218;218;221
247227.7;13420;14066;13800;13913;13692;13636;13707;13780;3425;1486;1376;1382;1348;1415;1496;1482;1541;128;136;222;179;201;179;188;165;175;131;14178;13813;13514;13665;13585;13493;13966;13605;3381;1404;1375;1351;1343;1403;1462;1476;1532;122;142;212;181;183;155;162;156;172;133;14221;13992;13487;13659;13661;14207;13972;13913;3403;1417;1332;1350;1362;1440;1478;1470;1527;138;140;177;148;161;146;159;164;163;128;196;237;202;229;200;203;211;229;159;189;212;225;225;222;216
247827.8;13373;14036;13752;13919;13718;13626;13740;13785;3419;1449;1359;1367;1357;1418;1469;1479;1540;123;140;220;175;204;180;191;164;176;135;14171;13747;13489;13668;13620;13535;13896;13533;3376;1390;1373;1339;1346;1409;1461;1482;1538;125;136;220;182;182;153;161;161;175;131;14210;14037;13473;13816;13686;14186;14020;13879;3412;1424;1339;1351;1354;1432;1484;1477;1514;141;138;176;149;157;144;165;158;164;130;194;241;203;236;219;207;204;228;165;195;217;221;224;222;220
248427.9;13396;14107;13825;13970;13766;13717;13777;13832;3409;1473;1365;1388;1336;1421;1491;1493;1559;122;139;215;177;203;176;191;166;180;129;14232;13788;13537;13682;13689;13543;13950;13661;3398;1383;1378;1349;1344;1391;1461;1475;1537;125;140;218;183;180;156;167;157;170;127;14289;14003;13549;13888;13702;14221;14090;13956;3419;1421;1330;1348;1357;1438;1496;1479;1516;135;142;171;146;158;147;160;160;169;130;203;236;200;227;204;206;204;233;166;187;216;228;219;220;222
249027.9;13438;14084;13863;13930;13805;13748;13744;13837;3437;1468;1383;1382;1334;1430;1479;1503;1564;122;137;218;172;206;177;188;168;177;129;14248;13770;13573;13764;13727;13550;13991;13678;3375;1383;1378;1347;1351;1418;1451;1492;1549;125;139;219;178;179;151;164;162;173;129;14303;14081;13562;13841;13745;14288;14066;13967;3407;1431;1333;1336;1359;1442;1477;1465;1533;140;140;171;150;155;147;158;159;166;130;195;238;198;240;212;211;204;234;159;192;218;221;223;223;216
249628;13415;14088;13834;13996;13844;13762;13837;13897;3458;1480;1373;1389;1353;1433;1492;1501;1556;130;137;222;180;208;186;196;168;181;137;14275;13884;13662;13838;13728;13600;14078;13725;3419;1400;1398;1350;1355;1407;1469;1506;1557;126;144;226;183;183;163;170;164;171;132;14315;14097;13570;13891;13800;14280;14088;13977;3420;1439;1365;1355;1361;1440;1495;1479;1522;138;149;182;154;161;149;163;162;171;138;201;245;202;241;211;211;212;232;167;198;219;228;225;228;223
250228;13390;14107;13840;13995;13828;13739;13797;13817;3434;1456;1377;1382;1358;1433;1486;1505;1560;128;141;224;184;211;182;200;173;178;138;14219;13826;13630;13733;13681;13633;14015;13646;3393;1415;1388;1364;1345;1406;1472;1505;1541;132;148;224;184;181;164;175;169;172;137;14293;14022;13577;13836;13790;14294;14050;13970;3405;1433;1353;1359;1372;1448;1487;1478;1531;142;143;176;155;162;154;165;167;173;136;204;245;205;240;210;222;216;233;175;198;224;234;230;230;228
250828.1;13419;14065;13908;13994;13844;13764;13802;13925;3433;1468;1386;1376;1359;1424;1497;1491;1571;122;143;224;173;204;178;196;168;178;130;14282;13857;13587;13786;13778;13666;13986;13698;3392;1402;1381;1348;1345;1416;1461;1473;1551;126;140;220;177;182;154;160;158;169;132;14275;14079;13586;13855;13812;14369;14063;14012;3406;1430;1347;1366;1363;1431;1506;1470;1522;141;140;179;148;160;149;160;160;165;129;194;236;200;220;204;217;205;233;163;193;215;229;217;222;227
251428.2;13336;14108;13844;14028;13783;13758;13820;13856;3417;1462;1372;1375;1339;1446;1489;1472;1570;125;138;222;176;206;174;193;166;178;130;14233;13865;13580;13765;13707;13632;14009;13730;3382;1401;1369;1339;1338;1404;1474;1486;1527;130;141;220;186;175;156;168;162;174;131;14328;14079;13583;13849;13792;14295;14077;14009;3392;1451;1358;1350;1363;1444;1492;1475;1530;134;141;173;148;156;145;163;162;166;129;195;237;196;234;216;209;215;230;159;197;218;223;219;223;226
252028.3;13368;14167;13909;14053;13826;13810;13873;13925;3437;1461;1368;1397;1347;1432;1486;1476;1556;124;136;216;179;203;176;189;166;178;133;14253;13877;13608;13833;13750;13640;14025;13736;3381;1399;1381;1332;1355;1406;1453;1493;1542;123;141;218;181;182;150;163;163;172;130;14241;14106;13624;13879;13754;14340;14154;14066;3433;1440;1343;1358;1363;1438;1481;1486;1520;144;136;174;149;158;145;159;162;169;128;195;236;204;235;210;215;206;227;163;190;216;220;224;223;218
252628.3;13418;14151;13924;14105;13908;13857;13898;13917;3431;1479;1381;1382;1352;1431;1502;1486;1558;130;138;221;172;208;173;199;169;178;127;14219;13955;13671;13840;13773;13720;14081;13810;3413;1405;1378;1348;1359;1417;1490;1487;1565;124;146;217;183;184;158;162;161;168;129;14291;14144;13600;13891;13855;14365;14100;14113;3428;1440;1354;1339;1363;1432;1503;1476;1526;140;142;169;146;153;149;163;158;169;131;200;242;199;226;206;208;205;225;168;194;220;221;225;220;219
253228.4;13453;14185;13939;14050;13891;13782;13892;13959;3427;1479;1384;1377;1349;1432;1492;1494;1564;130;139;223;178;205;181;195;168;181;133;14350;13885;13696;13888;13747;13702;14064;13791;3415;1398;1392;1343;1346;1403;1476;1501;1537;131;141;218;182;181;161;167;164;176;132;14237;14085;13700;13896;13834;14373;14173;13958;3428;1426;1334;1355;1370;1435;1498;1467;1529;140;139;178;156;165;151;162;163;169;132;192;250;206;232;225;210;209;240;163;201;217;230;228;226;226
253828.5;13450;14260;13971;14108;13939;13918;13946;13960;3461;1483;1385;1397;1367;1438;1507;1484;1566;132;147;229;185;209;184;196;170;184;140;14283;14003;13706;13872;13859;13771;14172;13769;3408;1405;1393;1364;1354;1422;1466;1517;1539;130;147;225;187;188;162;174;166;178;134;14288;14168;13657;14004;13879;14419;14104;14073;3428;1441;1359;1353;1365;1442;1493;1476;1526;142;144;180;154;165;150;172;163;174;132;204;244;207;232;205;222;214;236;168;203;221;230;222;226;224
254428.5;13465;14342;13992;14172;13976;13928;13999;13997;3424;1473;1397;1394;1358;1442;1506;1494;1565;127;141;225;179;207;179;198;171;179;134;14269;13952;13659;13886;13870;13808;14073;13784;3389;1398;1378;1353;1358;1407;1478;1506;1546;128;141;222;182;186;156;174;162;169;131;14277;14170;13633;13858;13778;14364;14156;14085;3421;1434;1347;1360;1367;1440;1493;1481;1532;142;138;172;150;162;156;164;162;169;132;197;240;204;235;227;213;208;238;162;195;217;228;221;224;224
255028.6;13442;14247;13945;14167;13862;13825;13930;13970;3422;1463;1382;1400;1349;1421;1483;1501;1564;124;134;223;180;205;174;196;163;171;135;14248;13992;13661;13801;13812;13700;14078;13780;3398;1396;1374;1344;1334;1412;1462;1490;1541;127;140;214;185;180;156;161;162;164;127;14257;14152;13682;13961;13887;14330;14177;14087;3399;1435;1337;1337;1350;1443;1490;1488;1519;138;134;171;149;158;145;159;165;166;129;194;246;201;222;208;213;214;230;168;194;216;227;223;219;226
255628.7;13421;14222;13929;14169;13920;13890;13920;13978;3442;1464;1386;1375;1357;1448;1508;1506;1561;126;141;218;173;203;175;192;166;178;132;14270;13963;13689;13953;13887;13722;14163;13820;3390;1407;1382;1352;1356;1419;1458;1502;1554;123;137;218;180;182;156;166;160;170;127;14256;14220;13680;13960;13912;14459;14274;14166;3433;1430;1351;1340;1365;1458;1486;1465;1531;141;136;173;149;158;142;161;164;165;132;196;244;199;228;211;218;206;225;166;195;213;229;223;226;226
256228.7;13436;14179;13932;14149;13960;13886;13927;13945;3436;1469;1380;1380;1351;1445;1483;1487;1573;123;139;225;173;203;173;194;166;177;131;14266;14027;13725;13978;13860;13785;14149;13885;3376;1418;1384;1363;1355;1422;1452;1492;1555;126;143;212;181;183;160;167;155;170;130;14309;14281;13698;14054;13960;14390;14235;14061;3418;1446;1358;1367;1377;1438;1504;1491;1528;137;138;171;147;153;146;162;154;167;127;194;242;200;244;221;211;211;232;166;197;218;224;226;220;227
256828.8;13337;14202;14009;14202;13948;13885;13948;13997;3431;1477;1375;1388;1346;1427;1494;1474;1572;124;141;214;180;205;173;197;164;176;131;14355;13983;13724;13953;13893;13771;14144;13861;3409;1396;1383;1354;1347;1403;1466;1507;1548;126;145;217;179;179;155;163;162;169;127;14282;14255;13745;13961;13868;14408;14156;14106;3418;1439;1342;1356;1353;1434;1486;1485;1520;135;135;173;145;155;147;163;156;169;128;198;236;198;223;206;212;205;229;167;192;218;228;218;218;220
257428.9;13379;14239;13965;14107;13896;13827;13941;13984;3433;1472;1378;1370;1356;1416;1486;1502;1570;123;135;222;186;205;177;192;165;175;135;14274;13989;13744;13956;13908;13754;14113;13880;3385;1415;1386;1348;1353;1405;1451;1496;1555;124;142;218;179;178;160;166;161;170;128;14317;14236;13688;13954;13913;14418;14196;14070;3410;1429;1341;1359;1343;1443;1489;1472;1514;137;140;172;150;156;149;161;159;167;132;194;245;202;234;203;204;209;230;164;188;216;228;221;219;223
258028.9;13342;14253;13937;14102;13927;13875;13963;13977;3419;1474;1374;1386;1355;1417;1502;1498;1575;123;140;219;176;207;174;190;162;174;130;14212;14013;13729;13911;13939;13791;14175;13847;3383;1400;1387;1356;1346;1406;1483;1482;1538;123;137;220;184;180;157;167;164;168;132;14276;14234;13712;13956;13894;14391;14200;14070;3405;1444;1330;1343;1352;1455;1494;1487;1514;135;142;172;147;157;144;160;162;170;127;196;236;202;225;203;207;209;230;163;193;215;231;223;216;224
258629;13441;14344;14067;14239;13973;14013;14025;14042;3443;1472;1396;1393;1349;1433;1506;1495;1583;124;140;224;175;210;172;188;166;176;130;14279;14084;13828;14035;13929;13886;14195;13956;3387;1403;1394;1354;1350;1421;1469;1494;1544;122;142;217;178;180;154;166;161;165;131;14408;14323;13858;14043;14026;14488;14342;14151;3417;1437;1369;1342;1363;1462;1500;1483;1541;134;139;171;145;154;141;161;163;170;129;195;240;202;223;203;209;211;237;161;198;218;233;220;222;226
259229.1;13419;14407;14072;14298;14067;14038;14124;14080;3463;1483;1398;1414;1360;1437;1504;1518;1576;131;142;226;188;211;182;200;176;177;136;14338;14098;13789;14028;13981;13869;14285;13922;3406;1411;1390;1372;1348;1421;1470;1501;1570;133;148;224;182;188;162;165;165;170;139;14377;14338;13821;14091;13940;14513;14394;14243;3439;1450;1346;1376;1372;1460;1500;1504;1531;141;141;183;157;165;152;167;168;176;136;201;253;213;231;206;211;214;226;171;197;222;237;231;229;241
259829.1;13399;14414;14097;14313;14099;13996;14119;14149;3444;1495;1393;1399;1376;1436;1509;1501;1575;131;146;232;182;210;186;199;172;187;137;14386;14246;13827;14069;14012;13862;14316;13935;3409;1418;1393;1376;1364;1421;1471;1496;1573;135;150;224;181;188;166;172;171;174;141;14359;14376;13783;14073;14023;14590;14365;14224;3448;1451;1363;1356;1382;1449;1500;1506;1543;144;149;178;155;166;150;169;162;179;137;203;253;213;236;217;216;213;238;172;203;226;233;225;232;245
260429.2;13418;14423;14100;14292;14078;14009;14067;14116;3439;1481;1398;1397;1359;1423;1504;1490;1579;129;144;225;175;207;178;192;168;175;133;14230;14044;13827;13990;13964;13893;14252;13930;3392;1411;1382;1357;1351;1421;1484;1487;1561;128;140;220;180;184;158;168;159;172;134;14310;14304;13820;14067;13980;14518;14290;14180;3432;1443;1345;1346;1368;1440;1483;1483;1536;137;143;175;146;165;147;165;159;169;128;197;242;197;232;206;212;209;224;164;200;226;231;223;223;226
261029.3;13420;14390;14021;14246;14061;13987;14128;14037;3453;1474;1399;1391;1355;1461;1499;1501;1564;127;139;216;176;209;181;198;162;176;134;14255;14166;13778;14049;13968;13873;14238;14004;3379;1410;1381;1341;1347;1422;1477;1508;1563;126;141;221;176;180;159;167;160;167;130;14300;14306;13746;14052;13921;14480;14336;14193;3421;1430;1352;1350;1371;1451;1501;1467;1527;133;139;173;141;155;145;157;164;167;131;198;239;205;233;207;213;208;221;162;194;217;227;227;224;226
261629.3;13368;14372;14007;14242;14093;14025;14112;14100;3425;1476;1389;1391;1364;1444;1505;1505;1560;127;138;227;176;210;174;195;169;176;129;14321;14167;13766;14022;13969;13856;14303;13986;3376;1407;1374;1357;1361;1427;1489;1506;1533;124;137;221;185;184;153;163;163;170;127;14369;14307;13819;14081;14013;14475;14292;14237;3432;1440;1345;1354;1379;1438;1490;1468;1523;139;138;171;150;161;149;156;158;170;129;194;242;202;242;211;213;206;214;161;192;220;232;219;221;230
262229.4;13382;14456;14087;14277;14084;13983;14093;14147;3416;1482;1382;1408;1346;1429;1491;1503;1582;123;140;218;176;203;174;194;170;175;129;14324;14186;13838;14065;13977;13926;14260;14075;3389;1402;1385;1372;1360;1415;1480;1507;1545;125;140;222;182;180;162;169;163;167;129;14327;14364;13804;14105;14053;14509;14354;14225;3417;1428;1362;1350;1381;1454;1510;1493;1526;139;136;174;151;160;141;165;162;170;128;198;244;206;231;212;211;209;211;168;187;210;230;225;224;226
262829.5;13407;14429;14187;14357;14144;14077;14117;14209;3434;1488;1381;1387;1359;1440;1519;1514;1585;125;136;223;180;201;178;194;166;176;130;14409;14165;13900;14155;14051;13994;14361;14075;3423;1412;1380;1359;1359;1411;1476;1506;1558;126;137;219;179;180;156;166;158;169;131;14347;14477;13872;14183;14037;14598;14401;14309;3445;1452;1351;1362;1367;1450;1519;1489;1554;136;142;173;145;159;148;167;165;168;128;200;239;206;225;226;207;203;216;165;192;213;229;224;216;233
263429.5;13416;14517;14119;14363;14168;14143;14151;14146;3448;1478;1392;1393;1365;1445;1505;1493;1569;122;138;222;176;208;175;189;167;175;135;14348;14242;13909;14121;14009;13947;14322;14118;3400;1429;1394;1372;1354;1426;1491;1511;1565;122;140;217;182;178;154;164;156;167;130;14345;14462;13920;14199;14141;14592;14469;14344;3425;1430;1360;1372;1361;1456;1525;1508;1530;139;141;175;147;159;147;164;162;171;131;196;241;200;246;206;211;211;214;159;194;217;232;225;223;223
264029.6;13368;14465;14153;14316;14148;14052;14141;14183;3449;1483;1391;1403;1372;1444;1511;1520;1572;125;138;227;180;210;180;202;175;178;134;14297;14146;13895;14164;14055;14008;14375;14101;3414;1422;1393;1360;1352;1408;1475;1505;1576;130;147;227;185;184;160;170;166;172;130;14387;14428;13891;14233;14087;14637;14421;14271;3438;1454;1356;1359;1378;1450;1499;1503;1530;140;138;184;152;161;157;168;160;176;129;201;251;209;241;216;213;219;218;164;199;223;229;229;223;237
264629.7;13446;14547;14158;14443;14222;14166;14200;14286;3455;1505;1396;1411;1379;1468;1502;1524;1588;132;145;235;181;212;184;205;176;189;140;14322;14252;13895;14174;14168;14060;14383;14146;3410;1421;1408;1362;1365;1432;1498;1519;1568;135;148;227;189;188;162;176;169;179;137;14406;14476;13909;14288;14132;14658;14515;14365;3458;1469;1358;1368;1392;1469;1515;1504;1564;146;145;179;156;165;155;168;169;172;133;203;252;210;251;211;220;214;230;175;199;221;240;231;228;239
265229.8;13437;14523;14194;14440;14225;14161;14211;14313;3447;1490;1411;1407;1370;1458;1501;1522;1583;127;145;222;183;207;178;194;173;177;132;14424;14287;13934;14231;14171;14038;14401;14085;3416;1427;1396;1363;1350;1420;1504;1513;1564;125;144;223;187;186;159;171;162;171;134;14364;14501;13932;14248;14158;14658;14508;14323;3437;1457;1368;1367;1372;1445;1514;1496;1534;142;141;175;145;161;146;162;164;169;129;202;242;204;234;205;209;211;217;165;199;219;228;226;228;222
265829.8;13381;14508;14205;14420;14215;14157;14171;14233;3440;1488;1393;1399;1364;1463;1499;1510;1582;121;136;220;180;203;176;195;167;178;128;14385;14261;13916;14210;14131;14050;14408;14116;3379;1423;1391;1368;1364;1419;1492;1514;1576;123;140;223;179;185;157;167;165;168;127;14356;14440;13918;14240;14127;14628;14518;14341;3411;1442;1364;1374;1374;1457;1507;1482;1528;139;140;175;147;163;147;158;163;167;129;196;245;202;240;227;223;219;216;160;192;212;228;221;226;226
266429.9;13405;14538;14282;14461;14244;14143;14216;14216;3467;1476;1408;1402;1364;1439;1506;1505;1587;125;141;225;179;208;174;198;167;177;132;14349;14223;13976;14181;14184;14048;14402;14107;3404;1418;1383;1365;1364;1421;1463;1500;1567;123;143;222;180;182;157;171;162;170;130;14355;14506;13904;14252;14125;14689;14576;14368;3421;1444;1343;1342;1376;1453;1510;1501;1536;139;141;170;152;157;142;158;158;168;125;199;241;199;226;208;216;211;215;169;197;217;231;224;226;227
267029.9;13397;14553;14227;14454;14204;14184;14290;14292;3448;1489;1396;1388;1355;1449;1509;1514;1596;122;136;223;178;205;178;194;171;180;131;14379;14335;14001;14204;14165;14112;14533;14220;3417;1424;1403;1358;1356;1434;1479;1526;1578;124;141;220;183;182;160;169;162;167;131;14443;14597;13965;14297;14227;14678;14598;14422;3441;1446;1362;1365;1376;1460;1511;1511;1556;139;143;179;152;155;146;163;162;167;129;201;240;201;244;225;209;207;222;163;188;218;233;224;220;237
267630;13378;14568;14255;14445;14294;14240;14232;14277;3428;1484;1401;1398;1356;1443;1497;1521;1587;127;137;223;181;209;176;192;168;180;131;14434;14348;14010;14265;14213;14065;14487;14132;3426;1430;1400;1369;1369;1424;1478;1511;1573;124;141;220;179;179;156;165;163;169;136;14472;14586;14033;14350;14181;14730;14584;14432;3464;1458;1373;1362;1387;1481;1500;1500;1534;138;136;175;148;161;149;163;161;166;131;202;244;206;249;203;217;208;231;167;195;222;223;221;231;231
268230.1;13431;14703;14327;14536;14350;14240;14345;14351;3485;1497;1401;1399;1386;1458;1516;1525;1579;126;148;223;180;209;180;201;173;179;132;14453;14356;14102;14308;14225;14146;14555;14277;3434;1433;1404;1363;1380;1425;1479;1519;1581;128;141;219;189;184;161;168;164;170;135;14475;14587;13961;14317;14205;14695;14636;14434;3448;1476;1364;1369;1389;1465;1502;1501;1547;141;145;175;156;167;149;168;162;172;136;205;249;211;246;212;221;213;218;173;198;223;233;231;233;231
268830.2;13449;14643;14406;14563;14409;14297;14391;14393;3492;1490;1422;1401;1395;1466;1528;1524;1599;133;147;232;185;210;184;205;175;188;136;14432;14429;14087;14315;14260;14224;14552;14267;3394;1428;1407;1378;1379;1439;1512;1521;1581;133;152;228;186;184;168;168;170;177;136;14475;14614;14110;14383;14311;14810;14693;14507;3489;1476;1372;1382;1394;1459;1521;1507;1572;140;143;182;159;167;155;169;167;180;141;202;260;211;241;210;223;219;226;173;198;222;233;229;229;232
269430.3;13396;14696;14342;14600;14423;14293;14364;14391;3469;1498;1398;1401;1368;1468;1508;1532;1596;129;144;236;183;221;184;200;176;184;138;14453;14344;14032;14312;14273;14164;14601;14281;3415;1431;1411;1393;1376;1439;1489;1543;1573;133;146;230;185;189;161;177;168;179;137;14418;14625;14124;14405;14328;14885;14732;14529;3468;1467;1376;1377;1395;1472;1517;1493;1561;146;142;184;149;167;149;166;168;179;136;204;255;215;247;209;222;215;230;166;202;225;233;234;232;237
270030.3;13414;14643;14382;14538;14366;14264;14301;14308;3461;1495;1406;1420;1375;1447;1515;1529;1589;127;142;229;183;210;179;194;165;180;136;14433;14372;14042;14339;14277;14162;14578;14285;3416;1422;1406;1377;1381;1425;1492;1521;1559;130;141;222;180;184;157;168;163;170;132;14451;14613;14088;14356;14331;14822;14713;14490;3451;1453;1356;1370;1389;1461;1503;1506;1541;139;138;172;154;161;144;159;163;174;129;202;245;206;242;203;217;210;224;165;199;221;233;229;227;226
270630.3;13449;14705;14359;14619;14438;14349;14383;14405;3436;1498;1412;1408;1386;1452;1509;1518;1592;121;137;223;177;206;174;191;164;178;133;14463;14465;14147;14425;14260;14207;14628;14273;3444;1422;1401;1380;1370;1429;1501;1524;1583;123;142;219;180;178;152;165;162;167;124;14483;14721;14088;14378;14268;14814;14666;14617;3448;1447;1375;1365;1365;1465;1511;1483;1533;135;138;171;147;161;147;165;158;173;132;205;250;206;241;228;222;207;218;161;191;218;230;222;231;223
271230.4;13361;14680;14331;14604;14350;14273;14360;14378;3462;1487;1403;1407;1377;1460;1515;1514;1591;127;143;224;185;207;177;197;170;182;130;14392;14399;14107;14348;14265;14197;14576;14278;3439;1420;1407;1379;1373;1428;1489;1519;1573;127;142;224;186;185;158;166;162;173;135;14428;14676;14035;14384;14268;14790;14725;14502;3426;1457;1365;1374;1386;1484;1515;1503;1551;146;142;177;150;165;150;164;167;171;132;202;247;205;239;229;222;210;221;164;197;222;232;233;230;225
271830.5;13429;14728;14411;14667;14451;14365;14472;14465;3457;1506;1406;1412;1395;1475;1521;1531;1598;130;142;235;182;212;184;203;180;184;138;14501;14467;14195;14455;14357;14237;14616;14386;3435;1426;1403;1380;1375;1429;1507;1520;1585;130;145;225;187;187;163;175;170;177;135;14429;14622;14136;14405;14334;14852;14738;14577;3459;1468;1367;1381;1395;1474;1516;1508;1550;145;145;178;157;163;153;174;166;173;134;206;254;213;231;219;216;216;220;172;200;229;234;237;227;236
272430.6;13375;14739;14449;14651;14481;14371;14512;14471;3474;1500;1420;1419;1381;1457;1535;1521;1612;132;142;234;185;219;181;206;174;186;140;14425;14534;14166;14455;14408;14253;14634;14344;3437;1435;1408;1393;1365;1438;1489;1521;1585;133;149;229;187;190;163;177;169;173;140;14444;14677;14081;14414;14380;14867;14728;14559;3443;1456;1376;1381;1387;1468;1526;1504;1562;147;149;182;158;167;155;170;164;180;133;207;253;210;236;212;227;223;251;173;203;229;237;229;230;238
273030.6;13368;14693;14376;14647;14415;14345;14435;14414;3469;1510;1403;1410;1382;1457;1520;1522;1609;128;144;230;186;221;184;202;176;183;138;14390;14470;14174;14417;14303;14251;14622;14363;3425;1427;1398;1380;1369;1437;1503;1524;1581;133;143;229;192;189;159;171;171;177;135;14407;14730;14154;14466;14359;14826;14738;14623;3458;1464;1367;1377;1391;1479;1526;1503;1543;139;142;186;153;165;150;170;170;173;140;209;247;209;234;233;220;216;226;167;197;227;238;233;230;234
273630.7;13389;14732;14449;14648;14420;14339;14413;14470;3444;1499;1415;1415;1369;1463;1515;1519;1616;122;139;229;176;211;179;196;174;179;131;14415;14475;14195;14426;14331;14270;14677;14366;3430;1421;1407;1372;1378;1424;1496;1520;1586;126;137;217;181;178;158;161;162;174;127;14432;14716;14075;14318;14266;14872;14750;14627;3436;1462;1378;1367;1367;1451;1500;1479;1508;138;141;179;148;160;144;164;161;173;131;199;241;204;241;209;225;205;251;168;193;220;231;227;231;226
274230.8;13338;14854;14461;14697;14433;14425;14501;14420;3455;1485;1410;1415;1378;1452;1513;1534;1607;122;139;230;182;209;176;196;168;179;130;14494;14528;14142;14493;14385;14282;14637;14376;3428;1433;1403;1373;1376;1448;1494;1521;1575;124;140;217;180;184;156;167;163;167;132;14477;14754;13984;14137;14101;14931;14816;14693;3464;1463;1381;1385;1386;1462;1510;1459;1511;140;138;175;150;158;140;162;155;168;126;197;249;206;239;214;215;215;222;162;199;221;227;222;225;226
274830.8;13352;14808;14459;14687;14476;14429;14454;14474;3473;1491;1420;1409;1393;1462;1521;1511;1613;129;146;233;184;214;186;203;170;187;138;14388;14531;14126;14455;14357;14366;14685;14295;3413;1429;1425;1373;1387;1428;1499;1531;1586;128;149;229;188;179;166;172;170;174;136;14471;14737;14154;14554;14369;14860;14806;14641;3461;1463;1388;1368;1401;1462;1529;1506;1545;142;143;183;153;164;157;166;168;175;134;208;255;206;244;214;225;218;224;174;201;225;234;231;233;230
275430.9;13376;14820;14436;14707;14511;14442;14489;14515;3478;1499;1416;1414;1383;1450;1529;1515;1618;133;145;229;187;215;186;203;177;182;140;14426;14520;14169;14449;14375;14285;14632;14328;3446;1427;1398;1375;1382;1451;1498;1537;1589;130;149;225;186;188;161;171;173;173;137;14466;14726;14158;14524;14383;14912;14817;14640;3458;1464;1378;1363;1393;1464;1516;1510;1549;144;144;176;157;166;154;173;165;174;134;208;257;211;256;217;229;216;220;171;197;232;230;229;230;231
276031;13325;14741;14400;14696;14455;14413;14451;14482;3454;1493;1410;1401;1365;1469;1527;1528;1608;134;142;236;187;212;188;201;175;188;139;14414;14523;14143;14492;14387;14208;14676;14330;3406;1446;1412;1375;1366;1438;1493;1526;1590;131;148;228;191;191;167;178;170;178;135;14409;14752;14107;14495;14333;14915;14778;14586;3444;1457;1386;1383;1390;1461;1518;1508;1551;146;145;183;156;167;154;171;167;179;137;205;253;218;243;213;227;215;256;173;205;229;233;234;231;235
276631;13296;14796;14416;14731;14474;14423;14430;14526;3445;1512;1425;1410;1374;1457;1524;1522;1598;129;149;231;183;211;184;205;171;187;140;14360;14513;14181;14429;14378;14297;14666;14378;3435;1432;1408;1382;1368;1453;1495;1528;1595;132;141;227;193;191;165;171;167;178;140;14461;14796;14199;14566;14355;14942;14862;14659;3435;1466;1369;1372;1379;1479;1521;1518;1563;143;145;181;153;166;153;170;167;181;132;204;253;214;259;213;222;211;224;169;202;226;242;228;227;239
277231.1;13281;14753;14488;14728;14516;14487;14541;14469;3467;1473;1416;1411;1378;1454;1537;1532;1601;123;140;225;181;211;175;200;167;181;132;14396;14481;14232;14493;14452;14300;14737;14376;3418;1423;1404;1384;1372;1435;1495;1528;1578;122;140;225;179;182;157;167;162;172;128;14370;14782;14096;14395;14263;14966;14866;14685;3467;1453;1380;1369;1377;1457;1499;1472;1509;141;143;173;152;158;149;162;162;171;130;196;242;206;236;208;219;208;220;166;193;218;228;227;223;228
277831.2;13353;14854;14517;14752;14585;14493;14483;14542;3479;1499;1412;1412;1384;1448;1524;1533;1606;125;140;229;180;207;181;196;169;181;128;14390;14566;14194;14516;14401;14221;14617;14423;3429;1428;1400;1365;1375;1442;1496;1529;1585;125;135;222;177;183;160;164;160;170;131;14411;14689;13847;14112;14105;14885;14810;14714;3462;1456;1374;1372;1397;1483;1487;1459;1493;138;137;177;149;162;150;165;160;179;130;194;243;210;232;202;219;210;228;166;195;221;233;231;232;223
278431.2;13350;14913;14553;14699;14590;14452;14606;14579;3483;1518;1423;1412;1377;1473;1514;1540;1608;130;143;231;187;210;179;207;174;184;133;14358;14609;14307;14530;14443;14357;14791;14403;3421;1432;1407;1385;1379;1450;1498;1534;1569;128;146;231;184;183;162;176;168;172;135;14450;14824;14150;14623;14446;15036;14958;14682;3475;1458;1386;1377;1388;1482;1525;1512;1556;143;142;184;155;164;150;168;170;172;137;201;252;213;253;214;219;214;228;176;202;230;235;240;237;233
279031.3;13326;14854;14543;14745;14546;14531;14564;14625;3475;1500;1419;1413;1385;1476;1523;1542;1596;128;147;229;182;215;184;203;179;185;138;14381;14642;14223;14514;14456;14341;14694;14408;3430;1440;1430;1375;1405;1443;1492;1534;1585;131;145;225;190;189;168;168;169;180;136;14419;14842;14245;14520;14390;14955;14916;14758;3448;1470;1371;1374;1392;1477;1513;1515;1562;142;142;183;151;170;154;170;170;179;138;203;260;212;241;216;232;213;227;173;201;229;234;232;227;227
279631.4;13258;14831;14521;14797;14554;14405;14548;14570;3441;1518;1419;1421;1381;1464;1530;1525;1596;130;144;237;183;217;186;207;178;187;140;14351;14518;14224;14531;14396;14283;14781;14403;3405;1430;1408;1390;1374;1459;1510;1538;1569;136;149;235;190;193;171;172;167;177;139;14388;14827;14155;14561;14435;14973;14873;14749;3458;1467;1366;1383;1383;1476;1537;1512;1542;142;145;182;158;164;151;167;171;176;136;203;257;218;246;213;231;219;221;169;201;223;225;235;236;236
280231.4;13320;14892;14560;14776;14615;14558;14609;14622;3470;1509;1430;1411;1387;1475;1530;1533;1631;137;147;232;192;214;184;205;179;181;138;14450;14640;14249;14518;14472;14371;14825;14523;3412;1427;1420;1368;1382;1425;1509;1520;1587;134;152;230;188;191;164;174;168;178;136;14465;14850;14166;14568;14489;15029;14941;14781;3439;1472;1377;1377;1381;1471;1535;1496;1562;147;144;186;157;169;152;170;170;178;136;206;252;214;258;225;224;219;229;172;206;227;232;239;235;231
280831.5;13335;14929;14512;14767;14559;14492;14577;14556;3446;1499;1404;1422;1384;1460;1529;1535;1608;130;144;232;190;221;183;201;170;186;137;14319;14584;14235;14563;14454;14320;14798;14392;3408;1432;1417;1378;1378;1449;1501;1533;1587;131;143;225;183;188;162;172;168;179;137;14371;14798;14216;14593;14413;14971;14932;14679;3439;1452;1357;1383;1381;1473;1530;1524;1566;145;149;187;156;167;150;171;170;177;135;200;254;213;246;212;229;215;225;168;202;221;230;234;235;230
281431.6;13271;14963;14541;14817;14578;14541;14602;14616;3486;1497;1409;1421;1387;1452;1520;1526;1620;124;138;227;182;208;177;196;164;180;130;14456;14624;14290;14618;14489;14414;14880;14525;3437;1431;1405;1378;1376;1444;1494;1522;1604;125;140;222;178;185;159;167;163;175;128;14425;14920;14207;14438;14370;15041;14964;14846;3463;1456;1382;1361;1396;1473;1513;1485;1511;142;141;174;152;159;145;159;162;170;132;198;249;210;239;220;223;206;218;161;197;215;222;225;229;226
282031.6;13312;14979;14586;14854;14626;14573;14635;14622;3460;1506;1400;1435;1366;1463;1536;1550;1597;123;136;225;184;209;179;192;168;180;131;14428;14650;14323;14576;14482;14270;14636;14332;3418;1422;1413;1388;1371;1442;1487;1531;1603;124;140;218;180;183;152;169;161;165;135;14413;14780;13918;14159;14001;15031;14990;14796;3436;1461;1377;1361;1387;1467;1468;1432;1461;139;143;177;151;160;147;162;161;170;129;199;242;208;241;204;223;207;219;168;195;219;206;228;226;232
282631.7;13252;14981;14577;14874;14655;14528;14671;14658;3464;1521;1426;1423;1393;1446;1524;1537;1623;131;144;230;177;217;183;201;171;188;138;14405;14665;14261;14631;14487;14536;14906;14533;3456;1435;1403;1394;1368;1430;1504;1531;1583;132;149;224;187;185;164;176;168;177;137;14450;14925;14329;14681;14561;15067;15065;14875;3455;1469;1386;1372;1402;1473;1522;1511;1559;145;146;182;152;167;149;169;167;174;131;201;262;210;247;213;229;219;222;172;199;220;226;225;232;228
283231.8;13286;15011;14555;14849;14613;14578;14633;14663;3463;1508;1418;1419;1391;1470;1541;1543;1604;132;143;233;183;214;189;203;176;186;138;14378;14657;14344;14578;14516;14446;14842;14557;3435;1430;1418;1381;1380;1444;1513;1538;1596;129;146;223;191;190;161;166;167;177;139;14449;14874;14223;14705;14513;15094;15043;14816;3451;1472;1379;1377;1406;1470;1514;1520;1557;143;139;186;157;169;154;166;170;179;139;207;260;214;243;210;227;210;231;171;197;224;219;234;238;233
283831.8;13281;14993;14582;14865;14605;14560;14627;14622;3460;1496;1421;1412;1382;1462;1537;1545;1622;133;144;231;187;211;183;198;180;185;136;14333;14563;14313;14571;14510;14376;14853;14432;3401;1429;1416;1380;1384;1452;1504;1549;1578;129;141;231;188;185;164;173;170;179;139;14349;14889;14281;14670;14527;15103;15018;14825;3439;1460;1367;1373;1378;1464;1527;1505;1543;145;144;179;155;164;156;171;167;181;138;208;263;216;237;210;238;210;238;173;205;228;215;237;229;236
284431.9;13229;14957;14586;14872;14581;14544;14581;14655;3438;1504;1408;1418;1392;1461;1524;1548;1618;131;144;234;188;217;189;206;177;186;139;14353;14669;14271;14628;14555;14476;14923;14495;3409;1426;1400;1378;1387;1431;1503;1543;1597;129;141;227;186;190;166;172;172;174;138;14420;14855;14248;14632;14538;15104;15040;14797;3463;1474;1373;1383;1386;1464;1511;1501;1545;144;148;184;158;168;153;169;161;179;136;205;260;216;243;215;218;223;222;172;200;231;219;236;232;238
285032;13235;14994;14590;14800;14623;14592;14605;14657;3449;1516;1419;1407;1365;1468;1531;1532;1604;130;143;240;189;213;184;203;176;183;135;14284;14685;14230;14589;14480;14391;14823;14478;3404;1437;1396;1390;1369;1425;1503;1540;1595;131;145;227;187;184;163;171;164;174;136;14370;14863;14302;14678;14532;15128;14952;14775;3423;1463;1364;1376;1404;1466;1507;1502;1543;143;142;184;156;165;152;173;169;180;132;208;253;215;245;222;231;219;277;172;205;230;222;230;233;229
285632;13273;15057;14640;14907;14705;14648;14705;14757;3453;1517;1421;1416;1379;1455;1531;1527;1610;125;139;229;181;210;184;199;171;182;134;14358;14675;14367;14660;14527;14471;14999;14526;3418;1415;1411;1378;1369;1423;1493;1526;1587;130;139;223;183;185;158;169;162;172;127;14444;14923;14294;14761;14588;15166;15085;14926;3446;1466;1348;1376;1390;1475;1508;1501;1552;137;138;180;153;160;150;170;163;171;131;190;249;209;236;223;219;214;225;164;196;226;208;232;222;228
286232.1;13263;15085;14656;14890;14690;14632;14673;14672;3439;1521;1412;1424;1383;1465;1514;1540;1612;122;139;228;176;210;179;195;173;177;131;14383;14786;14389;14687;14643;14421;14772;14410;3426;1426;1415;1390;1368;1442;1514;1533;1597;124;139;218;179;180;149;166;162;176;134;14355;14924;14020;14306;14192;15131;15145;14958;3459;1446;1370;1381;1391;1458;1496;1452;1483;140;140;181;149;155;142;165;161;173;131;194;239;201;241;204;222;212;217;165;196;222;207;232;226;229
286832.2;13316;15168;14703;15007;14690;14638;14726;14759;3456;1506;1426;1429;1394;1456;1535;1545;1632;129;146;233;190;213;189;200;172;189;133;14412;14768;14433;14725;14646;14509;14992;14641;3438;1425;1404;1392;1377;1447;1506;1538;1592;126;146;230;186;186;157;168;170;176;134;14465;14990;14397;14809;14658;15219;15132;14984;3457;1483;1379;1374;1386;1472;1522;1525;1563;138;144;181;150;165;150;167;167;176;134;199;259;214;237;219;223;213;242;165;200;219;213;228;229;236
287432.2;13238;15097;14649;14983;14686;14713;14721;14708;3464;1516;1426;1427;1395;1472;1539;1549;1620;131;143;231;184;214;187;194;176;186;138;14359;14782;14424;14663;14615;14516;15025;14644;3450;1438;1405;1388;1395;1448;1516;1534;1602;131;146;232;184;193;160;170;169;178;137;14463;15043;14407;14846;14663;15270;15188;14968;3485;1476;1383;1390;1407;1461;1535;1521;1561;141;141;184;157;168;149;171;165;175;138;204;258;214;238;209;233;209;222;167;200;225;215;231;234;231
288032.3;13257;15140;14708;14994;14744;14690;14815;14727;3471;1512;1435;1416;1385;1471;1540;1552;1619;138;141;229;184;211;181;207;172;187;136;14294;14768;14373;14703;14662;14588;14926;14619;3404;1442;1413;1392;1388;1444;1508;1557;1599;129;146;228;190;185;164;174;166;178;135;14375;15025;14414;14705;14714;15142;15166;14920;3470;1462;1390;1379;1407;1464;1530;1501;1558;143;143;183;155;166;157;166;168;174;135;205;259;216;243;211;228;223;225;169;200;225;218;231;229;237
288632.4;13245;15079;14684;14981;14719;14619;14702;14705;3449;1516;1404;1421;1378;1474;1528;1548;1632;129;149;236;183;217;184;200;178;187;140;14298;14737;14379;14705;14624;14548;14949;14637;3417;1432;1405;1390;1378;1442;1505;1539;1607;132;146;231;194;187;163;173;168;181;135;14410;15016;14391;14808;14641;15238;15129;15018;3463;1481;1380;1388;1390;1473;1522;1514;1554;144;146;178;156;165;152;167;168;176;133;202;266;213;253;212;231;216;228;168;204;230;217;232;237;239
289232.4;13143;15105;14654;14959;14664;14658;14666;14757;3455;1511;1425;1420;1380;1474;1528;1562;1635;130;148;235;189;218;189;197;176;190;141;14292;14734;14352;14720;14591;14515;15002;14620;3399;1427;1410;1375;1372;1439;1499;1529;1595;130;145;229;185;189;164;171;170;173;134;14348;14977;14400;14715;14598;15162;15201;14962;3436;1456;1388;1375;1397;1479;1536;1522;1573;142;140;188;153;169;153;163;170;179;136;212;257;211;238;229;226;221;230;172;199;231;212;234;236;225
289832.5;13151;15091;14636;14975;14703;14620;14741;14768;3442;1503;1418;1410;1389;1472;1520;1543;1616;129;143;238;191;215;185;202;180;182;141;14286;14760;14359;14724;14596;14500;15009;14623;3423;1421;1398;1365;1385;1448;1503;1527;1589;134;144;227;187;188;163;175;167;176;136;14385;14964;14386;14791;14684;15249;15230;14893;3432;1472;1377;1379;1389;1460;1522;1527;1555;144;145;181;151;167;149;172;169;177;133;207;262;216;246;210;224;213;246;169;203;224;215;231;230;235
290432.6;13151;15086;14637;14933;14707;14652;14719;14771;3438;1511;1416;1406;1385;1484;1530;1539;1628;132;144;235;186;220;188;204;173;188;142;14274;14708;14313;14668;14561;14554;14987;14580;3400;1427;1411;1379;1369;1440;1505;1556;1599;135;144;229;191;184;165;175;172;174;139;14225;14925;14388;14702;14634;15258;15168;14973;3414;1470;1365;1372;1396;1479;1517;1519;1544;145;147;180;153;161;152;167;168;178;133;201;263;217;243;215;223;221;270;170;206;229;213;236;233;236
291032.6;13187;15068;14684;14981;14714;14690;14746;14726;3431;1506;1421;1416;1386;1472;1528;1536;1625;130;142;236;181;218;182;201;176;184;139;14227;14749;14323;14684;14655;14568;15018;14648;3392;1425;1408;1376;1374;1432;1515;1532;1601;132;146;229;189;186;160;175;172;179;140;14311;14956;14380;14749;14666;15194;15161;15000;3467;1465;1376;1388;1414;1465;1537;1507;1556;141;144;184;153;163;151;170;170;178;133;208;267;209;246;208;227;214;265;170;194;231;213;235;234;236
291632.7;13198;15153;14675;14962;14749;14649;14771;14774;3454;1496;1411;1399;1388;1463;1529;1557;1635;132;143;234;186;213;188;201;176;183;136;14276;14818;14409;14731;14676;14555;15033;14625;3418;1408;1405;1373;1379;1436;1510;1535;1600;137;146;232;187;188;164;172;168;179;135;14353;15048;14474;14797;14739;15293;15275;15004;3459;1470;1375;1372;1396;1456;1535;1519;1554;145;147;180;154;165;148;173;169;177;128;203;255;208;247;215;232;217;223;168;194;230;214;232;234;236
292232.8;13169;15128;14640;14980;14791;14680;14789;14773;3438;1513;1412;1416;1390;1460;1531;1541;1616;128;143;232;188;214;192;202;179;190;136;14229;14790;14421;14749;14645;14546;15063;14685;3419;1425;1396;1373;1365;1444;1493;1556;1594;132;148;227;185;187;166;174;167;177;140;14272;14934;14405;14749;14690;15265;15241;15004;3415;1460;1379;1375;1396;1462;1530;1506;1553;146;145;182;154;166;147;167;169;178;134;203;267;214;239;231;230;215;266;167;201;226;216;235;233;244
292832.8;13151;15118;14655;14955;14696;14689;14707;14745;3444;1506;1418;1408;1400;1460;1542;1537;1620;126;140;229;188;215;184;198;173;184;139;14248;14749;14409;14735;14668;14592;15052;14667;3425;1439;1400;1395;1379;1434;1504;1533;1596;130;146;231;192;192;158;172;169;173;140;14300;15061;14448;14793;14713;15315;15267;15101;3426;1464;1362;1375;1386;1475;1533;1511;1581;145;147;181;155;167;154;172;169;176;135;202;259;209;258;219;230;219;253;171;204;233;215;229;228;239
293432.9;13119;15175;14706;15032;14733;14761;14744;14824;3457;1502;1404;1430;1380;1470;1537;1546;1621;132;152;235;184;219;192;199;172;193;136;14237;14801;14423;14827;14644;14573;15106;14683;3418;1433;1409;1374;1384;1442;1514;1524;1598;128;144;227;185;187;163;176;174;177;136;14356;15044;14480;14837;14686;15319;15310;15047;3448;1464;1373;1368;1377;1490;1522;1525;1559;144;144;183;157;166;151;165;165;178;136;207;264;214;240;239;227;208;271;171;202;223;217;232;243;231
294033;13112;15147;14724;15017;14787;14718;14809;14775;3445;1503;1418;1406;1379;1467;1532;1560;1624;130;141;233;187;217;187;196;173;184;135;14212;14793;14410;14701;14624;14578;15062;14688;3400;1413;1410;1367;1377;1444;1505;1533;1605;132;145;232;187;193;157;176;170;175;133;14269;15020;14458;14869;14707;15302;15250;15063;3428;1469;1365;1380;1394;1468;1508;1525;1552;146;144;180;160;168;152;164;173;176;138;203;262;214;241;214;225;215;228;170;200;233;216;234;249;240
294633;13113;15143;14695;15003;14757;14716;14764;14835;3461;1508;1411;1410;1394;1485;1528;1546;1620;133;141;236;182;218;186;195;176;186;137;14251;14810;14450;14747;14674;14573;15160;14671;3395;1419;1410;1389;1383;1459;1500;1541;1591;132;147;232;188;186;161;177;166;179;136;14253;15063;14443;14855;14785;15351;15313;15132;3455;1463;1378;1382;1392;1465;1529;1515;1565;142;143;178;159;164;153;168;170;180;132;208;259;212;240;209;225;213;275;168;205;227;211;232;236;232
295233.1;13159;15186;14718;15074;14770;14771;14833;14854;3445;1512;1411;1432;1397;1470;1537;1550;1627;131;144;235;185;211;185;199;176;185;140;14234;14847;14523;14817;14684;14656;15140;14709;3409;1441;1414;1386;1383;1449;1516;1527;1600;133;146;231;188;188;160;171;171;185;139;14288;15162;14503;14900;14767;15425;15416;15200;3429;1473;1367;1384;1394;1476;1536;1510;1545;144;143;179;157;165;153;170;162;171;133;204;263;212;234;215;223;217;226;172;204;229;214;238;237;241
295833.2;13080;15173;14773;15030;14835;14740;14837;14884;3476;1513;1419;1410;1386;1478;1535;1549;1633;131;146;237;184;216;183;206;176;183;133;14248;14843;14429;14794;14740;14629;15183;14756;3426;1431;1393;1374;1390;1439;1516;1539;1605;136;146;232;188;190;161;171;169;180;139;14290;15059;14564;14886;14783;15339;15355;15159;3448;1470;1385;1371;1393;1487;1515;1525;1545;141;143;185;157;162;156;162;170;173;135;208;261;213;251;214;227;219;257;171;202;223;213;228;234;232
296433.3;13117;15230;14718;15093;14815;14792;14798;14899;3447;1511;1424;1433;1394;1474;1535;1558;1622;128;146;238;186;211;191;202;176;191;137;14196;14877;14500;14788;14724;14569;15123;14749;3399;1438;1397;1393;1369;1439;1522;1551;1594;133;146;229;188;184;161;171;170;178;137;14258;15144;14527;14892;14824;15399;15371;15199;3441;1462;1371;1368;1393;1476;1525;1513;1544;148;149;181;153;168;153;167;168;175;135;206;268;215;249;212;222;211;226;165;201;226;215;230;247;238
297033.3;13159;15298;14939;15246;14996;14905;14939;15015;3459;1517;1423;1433;1407;1483;1531;1557;1635;124;136;232;181;205;181;194;168;181;133;14343;15041;14652;14962;14894;14750;15212;14766;3463;1438;1417;1391;1380;1439;1494;1545;1613;128;142;227;185;184;161;169;164;167;131;14357;15231;14403;14705;14538;15595;15531;15297;3481;1471;1379;1379;1398;1477;1501;1468;1504;136;139;181;150;157;147;167;163;174;131;197;249;200;243;209;219;206;220;168;198;219;206;230;231;236
297633.4;13163;15284;14862;15155;14882;14817;14875;14905;3435;1518;1419;1437;1395;1473;1536;1542;1620;125;144;232;184;216;182;197;172;182;131;14325;14916;14629;14887;14824;14660;15133;14816;3463;1450;1420;1392;1384;1445;1525;1543;1597;124;141;229;188;184;157;169;160;177;129;14313;15148;14154;14377;14299;15464;15496;15305;3464;1461;1382;1384;1395;1465;1494;1444;1460;143;139;183;156;162;146;163;164;171;133;200;255;210;239;214;230;207;226;168;199;225;213;228;235;231
298233.4;13160;15321;14908;15207;14879;14857;14948;14936;3490;1523;1419;1416;1405;1481;1554;1575;1649;129;142;233;184;219;184;200;173;183;138;14287;15029;14604;14962;14817;14743;15308;14856;3448;1444;1406;1391;1391;1439;1513;1561;1629;130;147;238;188;187;162;170;170;177;135;14372;15319;14722;15040;14945;15549;15576;15389;3503;1482;1388;1389;1417;1504;1544;1528;1574;146;145;180;157;162;150;172;163;172;132;204;266;217;255;219;224;214;230;174;204;232;213;237;233;233
298833.5;13125;15335;14882;15125;14882;14802;14969;14970;3503;1512;1421;1423;1411;1485;1541;1563;1643;131;148;237;181;219;185;203;173;183;139;14281;14976;14579;14947;14800;14696;15316;14857;3458;1449;1428;1394;1386;1450;1529;1563;1627;134;148;235;189;188;161;172;167;176;139;14339;15257;14664;14988;14946;15489;15538;15346;3485;1499;1378;1380;1407;1492;1534;1520;1568;144;145;183;154;168;158;168;168;177;133;206;265;216;240;218;222;212;230;171;203;229;214;238;232;238
299433.6;13078;15304;14886;15095;14882;14849;14931;14924;3471;1515;1420;1425;1402;1487;1543;1557;1644;130;146;234;184;212;189;199;174;185;135;14326;14972;14643;14989;14850;14813;15347;14924;3456;1447;1424;1389;1378;1453;1525;1558;1617;130;153;230;182;194;165;173;171;179;136;14371;15280;14757;15039;14972;15550;15581;15433;3485;1470;1381;1381;1419;1484;1532;1513;1567;143;147;182;152;170;155;173;171;181;134;203;268;210;250;231;222;212;236;170;203;233;211;232;240;238
300033.7;13111;15326;14844;15149;14848;14859;14924;14908;3466;1511;1423;1420;1389;1479;1537;1565;1637;133;144;238;188;214;187;196;175;187;140;14246;14950;14545;14871;14765;14680;15224;14794;3427;1452;1405;1391;1386;1439;1511;1551;1615;131;151;228;192;190;160;175;171;176;136;14278;15203;14676;15010;14871;15476;15526;15304;3458;1478;1377;1372;1407;1477;1540;1520;1557;147;142;182;155;165;150;170;164;174;138;206;263;211;239;235;223;211;222;173;205;231;215;232;234;241
300633.7;13075;15276;14878;15099;14823;14767;14900;14917;3442;1501;1428;1424;1387;1481;1533;1563;1639;126;147;237;188;220;187;196;176;185;134;14244;14928;14563;14897;14816;14652;15246;14884;3436;1433;1410;1385;1375;1448;1516;1548;1622;128;148;231;185;189;164;174;169;179;137;14240;15240;14668;14989;14838;15534;15525;15293;3431;1471;1371;1389;1407;1473;1515;1517;1557;145;150;179;155;170;150;170;165;181;133;204;273;210;252;217;224;210;224;169;206;234;215;240;235;234
301233.8;13066;15245;14845;15146;14816;14777;14892;14933;3445;1494;1420;1421;1387;1481;1535;1544;1643;134;145;230;185;213;184;200;174;184;132;14184;14997;14558;14885;14769;14792;15228;14880;3411;1444;1411;1385;1387;1432;1508;1548;1600;131;145;230;185;186;158;173;165;174;134;14301;15205;14651;14987;14888;15531;15513;15327;3446;1472;1373;1384;1394;1477;1535;1515;1553;142;147;184;156;164;153;166;163;178;131;208;264;212;238;210;227;215;226;171;200;231;212;229;246;238
301833.8;13043;15240;14832;15107;14890;14793;14908;14992;3463;1505;1435;1409;1389;1481;1554;1558;1638;134;145;239;182;214;184;205;177;184;140;14198;14958;14653;14941;14832;14685;15342;14894;3441;1444;1410;1391;1395;1443;1518;1564;1606;132;148;227;190;188;160;177;170;177;140;14270;15264;14663;15032;14917;15492;15598;15302;3466;1478;1386;1387;1392;1487;1530;1525;1570;146;145;184;156;167;152;168;166;177;135;206;265;211;238;243;222;206;250;170;206;221;214;235;237;238
302433.9;13041;15306;14864;15188;14946;14852;14907;14993;3466;1500;1422;1406;1401;1460;1531;1570;1634;131;143;241;189;211;184;203;177;186;135;14132;14936;14602;14838;14753;14756;15329;14849;3415;1435;1402;1383;1398;1457;1513;1551;1606;129;146;229;186;188;168;170;172;181;136;14279;15208;14711;15040;14928;15526;15585;15360;3452;1471;1382;1392;1402;1489;1529;1508;1567;142;146;180;155;166;154;168;170;178;133;204;269;215;245;238;226;216;248;172;199;230;214;231;234;243
303034;13014;15289;14847;15136;14950;14846;14925;14922;3440;1508;1423;1426;1400;1462;1548;1566;1651;131;144;237;182;212;184;201;179;182;137;14121;14998;14563;14941;14788;14728;15312;14943;3426;1450;1405;1384;1386;1444;1520;1558;1609;130;142;234;188;191;161;177;167;181;137;14213;15192;14739;15075;15036;15554;15597;15424;3467;1493;1377;1371;1404;1485;1547;1509;1585;143;146;185;152;166;156;166;170;178;134;205;269;214;249;231;224;218;253;172;204;233;216;231;232;233
303634.1;13061;15315;14930;15218;14931;14923;14969;14965;3454;1517;1434;1417;1403;1471;1533;1570;1640;129;142;231;187;217;188;198;175;189;138;14146;15046;14657;14971;14863;14825;15427;14936;3436;1440;1413;1383;1387;1452;1509;1549;1623;131;146;226;188;185;159;171;173;174;135;14295;15324;14717;15099;15013;15633;15610;15400;3476;1475;1374;1389;1399;1467;1542;1528;1563;145;144;185;156;168;153;169;170;176;132;203;269;206;241;219;231;213;252;170;204;232;218;229;240;238
304234.1;13022;15369;14921;15240;14915;14854;15010;15027;3448;1513;1436;1419;1391;1481;1550;1554;1629;134;146;234;183;216;187;199;182;187;133;14178;15062;14668;14949;14881;14775;15303;14923;3402;1449;1409;1399;1394;1442;1518;1550;1617;135;143;233;187;189;160;173;173;180;138;14286;15348;14741;15074;15073;15635;15586;15403;3435;1480;1392;1381;1397;1479;1538;1519;1557;139;146;180;159;165;154;172;170;179;137;205;271;214;247;208;225;209;253;173;202;230;216;234;244;237
304834.2;12995;15292;14932;15175;14908;14847;14945;14941;3453;1529;1432;1418;1391;1472;1535;1556;1634;129;142;234;185;217;187;201;176;188;138;14174;14948;14594;14980;14857;14757;15363;14909;3414;1444;1415;1377;1384;1443;1505;1544;1607;129;143;230;183;190;160;172;167;176;132;14199;15233;14718;15088;14987;15612;15574;15450;3464;1477;1373;1383;1407;1469;1531;1514;1577;146;143;185;156;167;151;168;169;179;138;211;271;219;242;213;226;218;267;168;206;235;220;231;238;234
305434.3;12980;15315;14931;15185;14913;14839;14965;14955;3433;1514;1424;1420;1405;1471;1541;1557;1629;131;145;235;188;215;190;201;177;188;137;14144;15057;14569;14921;14819;14760;15396;14910;3403;1418;1403;1382;1389;1440;1506;1549;1589;131;147;230;183;191;159;167;166;173;134;14265;15260;14739;15076;15001;15622;15562;15438;3467;1475;1378;1381;1387;1478;1522;1515;1559;142;146;183;157;165;150;169;167;174;135;205;273;209;241;214;226;207;225;168;205;233;214;240;237;239
306034.3;12968;15305;14923;15249;14910;14844;14975;15021;3454;1517;1411;1427;1391;1482;1563;1567;1637;130;144;234;184;213;187;203;176;186;131;14096;14966;14619;15006;14872;14789;15344;14912;3444;1417;1419;1382;1384;1437;1519;1557;1614;131;147;226;188;192;161;171;168;177;138;14203;15288;14785;15119;15031;15668;15681;15499;3454;1464;1388;1386;1409;1484;1541;1516;1559;146;145;180;156;164;155;168;169;181;135;207;271;211;242;213;221;212;238;168;200;232;213;231;231;237
306634.4;12924;15350;14908;15240;14958;14788;15042;14993;3429;1508;1410;1429;1396;1486;1544;1548;1632;127;143;235;187;215;190;201;174;178;136;14061;15021;14693;14978;14860;14796;15427;14907;3452;1436;1411;1388;1381;1453;1517;1555;1622;130;148;230;187;195;158;175;169;176;135;14176;15348;14750;15078;15018;15602;15646;15428;3433;1477;1378;1362;1411;1487;1527;1530;1554;148;147;187;151;167;152;168;171;175;134;207;270;213;240;221;220;208;228;172;207;228;215;229;241;234
307234.5;12974;15366;14943;15201;14904;14897;15007;15040;3471;1522;1429;1433;1396;1474;1547;1552;1632;130;140;234;185;213;188;203;177;182;140;14116;15067;14658;14992;14946;14797;15454;15010;3426;1438;1415;1387;1384;1436;1523;1552;1621;133;150;232;187;188;162;176;171;180;134;14178;15315;14820;15191;15126;15675;15758;15482;3452;1476;1377;1388;1391;1491;1536;1514;1561;146;146;182;156;161;146;169;169;179;136;209;270;213;241;217;227;214;232;170;199;232;217;237;236;236
307834.5;12971;15364;14984;15252;14947;14882;14943;15020;3466;1519;1421;1413;1388;1479;1540;1551;1651;133;144;226;181;216;188;201;178;189;139;14139;15058;14620;14965;14875;14792;15487;14893;3431;1441;1415;1393;1392;1457;1526;1559;1610;131;149;237;187;190;162;178;164;177;136;14263;15382;14802;15175;15102;15691;15768;15550;3465;1470;1380;1400;1408;1482;1526;1512;1565;144;147;180;157;163;153;170;165;176;134;209;275;223;236;220;223;214;242;168;202;235;216;233;240;238
308434.6;12971;15359;15059;15210;14950;14931;14967;15022;3428;1525;1431;1425;1392;1480;1548;1567;1639;126;146;231;188;213;183;201;178;181;138;14087;15025;14611;15023;14904;14817;15458;15003;3415;1427;1412;1386;1398;1434;1500;1557;1614;132;145;232;185;189;162;173;169;176;132;14171;15321;14807;15124;15094;15683;15710;15548;3462;1489;1376;1388;1399;1474;1536;1523;1568;142;146;179;155;166;150;172;164;181;136;203;280;215;234;215;220;207;250;172;204;227;216;233;233;233
309034.7;12944;15435;15052;15266;15009;14915;15043;15047;3451;1517;1428;1416;1395;1466;1546;1566;1630;128;143;233;184;217;185;197;167;187;138;14065;15130;14706;15070;14877;14864;15492;14993;3429;1425;1424;1383;1382;1447;1515;1553;1601;132;146;229;191;185;164;169;169;181;136;14174;15398;14779;15215;15130;15725;15725;15582;3449;1463;1396;1395;1392;1476;1523;1518;1571;142;146;183;153;171;147;166;166;177;134;208;281;212;243;211;223;216;231;170;201;232;215;234;237;238
309634.7;12933;15477;15054;15245;14995;14958;15073;15085;3448;1502;1440;1422;1402;1472;1563;1564;1661;131;144;236;185;216;186;204;180;186;143;14081;15061;14724;15063;14915;14929;15483;15059;3401;1430;1412;1398;1393;1453;1532;1560;1617;132;147;232;188;191;161;175;168;177;140;14194;15358;14871;15204;15145;15722;15728;15578;3455;1475;1384;1386;1412;1490;1543;1515;1566;146;142;185;156;173;155;170;168;175;129;209;280;215;240;208;225;213;250;172;203;237;218;233;232;236
310234.8;12956;15459;15057;15287;14945;14987;15055;15096;3457;1508;1423;1415;1391;1482;1539;1565;1654;133;142;231;182;218;187;206;175;188;137;14116;15103;14798;15107;15019;14957;15605;15015;3423;1444;1412;1393;1385;1459;1521;1563;1622;130;150;238;186;188;162;173;167;179;133;14231;15446;14859;15284;15178;15765;15831;15629;3478;1486;1383;1364;1401;1499;1542;1524;1569;147;143;182;155;167;152;171;166;176;132;206;279;215;242;224;228;218;272;169;210;229;214;230;229;235
310834.9;12970;15501;15108;15331;14966;14991;15048;15118;3435;1518;1428;1428;1406;1487;1544;1568;1643;131;144;233;184;215;189;200;172;192;133;14070;15149;14829;15117;15000;14895;15568;15076;3414;1436;1398;1401;1386;1428;1532;1543;1628;128;147;232;183;190;167;174;170;181;136;14169;15419;14897;15272;15140;15711;15871;15680;3464;1463;1389;1389;1402;1482;1527;1526;1568;142;145;185;154;169;150;168;168;177;130;207;276;214;244;215;225;211;226;170;204;230;215;238;230;243
311434.9;13034;15487;15139;15317;14934;14955;15042;15128;3459;1518;1425;1432;1406;1494;1553;1562;1653;131;146;242;186;217;186;204;175;185;137;14117;15190;14744;15080;15014;14875;15601;15015;3446;1438;1408;1400;1392;1448;1526;1569;1609;127;148;231;182;187;158;177;164;178;138;14179;15497;14969;15300;15268;15905;15825;15669;3463;1470;1388;1398;1395;1491;1527;1528;1571;143;142;179;158;167;147;173;165;180;137;207;280;221;244;238;224;213;229;170;208;233;215;236;235;236
312035;12967;15569;15096;15364;15024;14991;15111;15087;3464;1518;1437;1422;1407;1476;1536;1585;1664;125;142;238;187;214;189;206;176;191;139;14063;15196;14813;15156;15010;14978;15607;15115;3427;1453;1411;1391;1376;1459;1527;1573;1627;134;149;234;190;189;158;174;171;178;140;14131;15502;15019;15276;15295;15825;15892;15676;3468;1475;1397;1395;1420;1480;1539;1530;1565;146;144;184;155;172;150;165;165;179;137;205;282;213;247;208;226;219;227;169;211;231;216;230;241;236
312635.1;13042;15556;15222;15390;15145;15060;15158;15182;3472;1512;1434;1435;1408;1495;1555;1569;1665;136;148;243;186;215;191;199;175;186;137;14112;15294;14788;15190;15097;15009;15636;15202;3442;1442;1433;1404;1387;1454;1524;1568;1625;136;146;230;188;188;160;174;172;177;133;14212;15593;14999;15384;15369;15931;15960;15764;3492;1483;1394;1392;1401;1475;1553;1524;1572;146;146;187;154;165;154;170;166;175;136;210;280;220;244;214;232;214;243;171;203;233;214;239;235;243
313235.1;13019;15635;15185;15419;15131;15002;15116;15231;3463;1518;1437;1424;1393;1495;1550;1566;1662;130;140;232;192;214;185;203;175;187;133;14130;15289;14861;15199;15116;14972;15689;15127;3423;1450;1408;1397;1395;1462;1518;1573;1635;135;149;230;185;193;158;174;170;179;135;14280;15630;15041;15362;15379;15866;15932;15784;3482;1483;1387;1398;1425;1485;1555;1515;1575;145;143;179;155;164;149;171;165;184;137;210;284;214;249;219;223;210;231;171;210;236;214;237;234;244
313835.2;12977;15581;15143;15396;15038;14997;15072;15134;3447;1510;1428;1415;1403;1483;1546;1568;1646;130;143;238;182;219;187;199;175;180;137;14192;15277;14821;15115;15128;14965;15684;15220;3455;1431;1418;1391;1380;1459;1514;1567;1612;128;146;240;185;191;167;170;172;175;135;14178;15534;15013;15374;15257;15901;15941;15746;3471;1480;1395;1395;1401;1489;1519;1539;1571;142;145;183;159;165;149;170;165;177;134;203;292;213;253;233;221;216;296;174;207;237;216;233;233;231
314435.3;12962;15626;15233;15402;15036;15024;15124;15185;3456;1514;1436;1433;1388;1483;1565;1575;1637;133;145;237;187;218;184;202;177;188;134;14090;15209;14825;15194;15060;14983;15751;15171;3443;1422;1409;1384;1394;1447;1522;1562;1622;131;148;234;188;189;167;176;171;173;133;14223;15577;15011;15382;15321;15928;15961;15792;3444;1488;1387;1388;1414;1493;1532;1533;1565;147;147;183;161;169;155;168;168;177;133;200;287;220;236;216;219;215;246;173;202;234;215;236;232;236
315035.3;12943;15594;15138;15375;15054;14976;15059;15199;3474;1511;1431;1425;1402;1492;1545;1578;1651;126;142;234;190;214;184;206;173;184;137;14116;15242;14832;15167;15047;14959;15681;15138;3415;1441;1419;1391;1384;1442;1526;1557;1629;132;143;231;184;185;162;170;166;176;136;14196;15560;15021;15307;15311;15946;15917;15748;3470;1482;1382;1394;1408;1471;1545;1519;1564;141;143;186;155;159;152;171;168;181;135;206;289;222;249;216;226;211;253;169;205;228;212;231;235;239
315635.4;12964;15649;15217;15445;15135;15083;15172;15197;3457;1521;1433;1428;1405;1479;1535;1572;1648;129;147;241;189;214;185;204;176;187;141;14067;15265;14844;15188;15088;14993;15696;15211;3435;1428;1414;1389;1396;1452;1520;1570;1632;136;149;229;188;192;160;170;169;180;133;14227;15638;15083;15419;15405;15950;15970;15814;3486;1482;1391;1387;1398;1494;1543;1533;1582;146;146;184;150;168;154;169;169;181;133;203;291;218;230;217;236;220;244;173;202;233;216;231;239;240
316235.5;12944;15623;15232;15351;15073;15048;15148;15197;3444;1517;1434;1433;1415;1484;1555;1580;1645;131;142;234;184;221;187;200;178;187;131;14093;15337;14858;15253;15178;15029;15771;15222;3420;1444;1425;1398;1401;1458;1531;1569;1617;134;143;232;188;195;160;177;168;182;137;14192;15602;15075;15419;15362;15985;16017;15873;3468;1498;1389;1396;1414;1476;1521;1523;1571;147;143;184;152;168;152;171;171;180;134;204;293;214;243;230;223;215;289;171;204;239;218;239;236;234
316835.6;13007;15688;15266;15452;15144;15059;15192;15224;3494;1524;1429;1439;1399;1491;1569;1580;1678;134;143;237;191;217;188;202;181;185;137;14094;15380;14942;15274;15127;15055;15782;15187;3422;1455;1437;1407;1393;1472;1529;1563;1636;131;146;231;184;193;158;174;171;183;137;14206;15676;15073;15499;15432;16029;16076;15847;3464;1491;1387;1389;1404;1507;1544;1544;1583;144;147;184;157;169;156;173;169;176;131;208;288;211;245;219;227;208;234;175;208;237;217;237;236;234
317435.6;12953;15686;15284;15419;15100;15104;15256;15262;3444;1528;1438;1422;1400;1485;1563;1580;1656;127;143;236;185;215;191;198;177;188;137;14111;15342;14885;15267;15141;15080;15819;15209;3432;1436;1442;1390;1396;1458;1530;1564;1625;126;148;230;183;190;161;174;168;178;139;14139;15605;15112;15477;15403;15965;16088;15821;3486;1494;1408;1407;1403;1492;1548;1534;1594;141;145;187;157;172;154;167;167;182;135;203;295;218;252;222;226;209;267;174;207;242;221;233;238;232
318035.7;12947;15702;15323;15459;15116;15061;15227;15270;3475;1529;1443;1415;1391;1485;1561;1585;1656;136;143;236;185;216;190;203;174;188;138;14140;15339;14965;15268;15188;15064;15777;15285;3427;1443;1425;1402;1387;1463;1528;1575;1630;132;142;233;183;187;164;172;174;177;139;14160;15637;15100;15456;15457;16001;16065;15851;3464;1493;1383;1379;1415;1490;1539;1537;1567;144;146;187;153;172;150;171;170;179;134;206;292;212;251;223;228;212;240;168;202;241;215;240;233;235
318635.8;12972;15686;15325;15426;15151;15093;15163;15329;3464;1520;1423;1438;1397;1489;1574;1594;1669;131;144;237;187;214;187;198;176;194;138;14030;15331;14829;15242;15156;15120;15776;15311;3417;1447;1433;1386;1394;1458;1522;1582;1631;127;147;235;185;191;166;178;169;175;136;14067;15649;15164;15459;15368;16041;16015;15795;3453;1489;1400;1400;1417;1492;1538;1527;1563;147;144;181;155;165;152;175;172;177;140;211;300;210;247;210;230;207;236;166;211;240;214;236;235;233
319235.8;12981;15776;15361;15479;15161;15032;15199;15317;3466;1540;1451;1452;1406;1488;1574;1584;1677;130;139;240;186;217;189;204;177;186;138;14096;15355;14950;15310;15220;15168;15843;15364;3418;1448;1414;1386;1397;1457;1512;1583;1640;133;148;236;187;190;161;174;171;180;131;14186;15712;15172;15580;15536;16044;16086;15978;3491;1491;1388;1390;1419;1486;1554;1542;1579;141;145;184;153;163;153;171;165;178;133;205;300;215;253;211;227;207;227;171;208;241;215;237;234;236
319835.9;12949;15730;15358;15504;15203;15099;15242;15238;3461;1513;1434;1434;1404;1491;1585;1598;1668;129;147;238;192;218;185;203;173;189;135;14016;15371;14976;15352;15172;15078;15746;15343;3429;1450;1431;1394;1381;1471;1534;1575;1616;126;147;234;183;190;161;172;163;182;136;14120;15688;15161;15477;15435;15994;16054;15903;3463;1487;1397;1401;1422;1475;1535;1532;1591;143;144;182;156;169;153;172;172;177;135;211;300;225;241;207;227;215;229;172;204;244;213;236;235;238
320435.9;13015;15773;15336;15502;15181;15135;15243;15302;3460;1525;1444;1441;1410;1496;1566;1569;1673;134;150;239;188;218;185;201;176;188;138;14100;15459;15058;15442;15281;15196;15854;15347;3441;1441;1424;1400;1403;1462;1551;1567;1639;136;147;233;188;195;166;177;170;184;139;14212;15751;15196;15600;15524;16131;16125;15956;3489;1486;1394;1395;1419;1488;1537;1530;1569;147;145;183;151;170;153;171;169;180;136;211;301;217;241;217;227;216;234;169;208;240;211;240;235;235
321036;13075;15914;15516;15643;15331;15330;15373;15465;3509;1530;1453;1446;1425;1506;1577;1593;1678;123;140;237;181;216;186;195;172;177;133;14202;15592;15162;15528;15373;15243;15971;15551;3467;1461;1420;1395;1417;1475;1557;1589;1650;125;143;226;186;188;159;172;165;173;132;14340;15902;15130;15445;15329;16217;16313;16166;3497;1488;1393;1417;1419;1508;1527;1492;1526;137;139;182;151;161;147;169;164;178;128;204;293;211;230;204;222;206;263;168;204;234;211;235;228;231
321636.1;13086;15936;15542;15687;15393;15312;15454;15468;3512;1534;1455;1460;1437;1514;1574;1584;1693;123;136;232;183;212;183;197;165;181;130;14233;15569;15105;15568;15351;15150;15745;15329;3480;1469;1425;1404;1414;1475;1549;1587;1630;124;144;230;185;184;156;173;166;175;128;14247;15715;14809;15041;15015;16192;16276;16200;3525;1497;1381;1392;1408;1497;1519;1434;1488;140;144;186;153;159;146;166;163;174;132;200;293;212;245;226;225;213;233;165;200;231;209;233;235;238
322236.2;13004;15918;15505;15642;15360;15205;15384;15421;3512;1540;1450;1444;1430;1520;1582;1623;1671;131;144;242;189;217;187;203;176;189;132;14154;15616;15191;15494;15372;15299;16078;15483;3464;1462;1440;1422;1403;1477;1543;1584;1665;132;146;236;193;190;159;179;169;177;137;14295;15831;15380;15705;15701;16240;16302;16086;3514;1505;1395;1403;1438;1503;1564;1539;1597;143;142;181;160;168;153;172;170;181;129;206;304;217;240;211;225;211;231;174;208;242;215;239;234;242
322836.2;13049;15940;15522;15602;15341;15246;15408;15420;3501;1530;1473;1447;1418;1518;1589;1601;1698;127;144;242;187;224;185;202;180;188;136;14129;15502;15192;15508;15297;15233;15943;15500;3453;1467;1412;1415;1401;1463;1540;1594;1644;132;151;236;189;192;163;175;169;180;137;14234;15811;15403;15690;15676;16180;16296;16130;3528;1503;1394;1407;1433;1495;1562;1555;1590;142;146;186;157;169;156;169;165;181;138;207;305;214;248;221;228;213;240;173;205;239;216;243;233;242
323436.3;13071;15986;15553;15685;15380;15266;15441;15476;3524;1552;1457;1447;1437;1500;1589;1601;1698;132;146;241;191;211;186;203;173;192;137;14175;15544;15103;15561;15380;15323;16046;15519;3466;1450;1455;1408;1405;1476;1549;1598;1659;134;145;239;188;187;162;174;169;177;139;14174;15907;15340;15744;15680;16266;16310;16113;3489;1508;1411;1411;1438;1508;1566;1543;1605;142;148;184;157;163;156;171;172;178;135;204;312;218;247;228;230;215;240;172;209;240;214;241;240;237
324036.3;13102;16072;15667;15745;15483;15317;15544;15533;3539;1535;1454;1445;1421;1512;1592;1606;1706;126;139;235;183;212;185;203;175;181;133;14277;15723;15245;15611;15508;15442;16195;15657;3473;1480;1436;1413;1420;1488;1547;1601;1665;127;139;234;182;190;155;169;170;178;135;14349;16050;15517;15850;15861;16375;16363;16230;3514;1491;1400;1409;1437;1516;1550;1552;1608;142;141;179;154;161;155;165;163;177;132;205;306;216;241;206;224;208;232;166;204;237;208;236;232;243
324636.4;13132;16100;15703;15781;15480;15346;15488;15623;3529;1542;1446;1442;1440;1532;1596;1609;1694;121;142;239;181;213;185;194;172;180;134;14288;15677;15311;15632;15463;15409;16159;15611;3479;1473;1441;1416;1411;1488;1544;1607;1660;126;147;228;185;189;158;169;168;176;131;14392;16082;15313;15662;15686;16425;16456;16274;3553;1511;1403;1408;1422;1500;1563;1530;1579;137;137;175;151;165;149;165;165;174;130;203;304;214;253;212;226;211;238;167;198;234;207;230;230;232
325236.5;13127;16119;15683;15829;15503;15355;15516;15575;3511;1559;1465;1461;1442;1519;1593;1622;1687;126;143;242;187;215;189;203;179;187;136;14283;15744;15310;15650;15503;15419;16120;15623;3519;1482;1447;1422;1427;1491;1549;1610;1668;132;150;232;186;189;162;172;165;177;137;14402;16088;15489;15938;15871;16432;16458;16344;3528;1503;1404;1407;1429;1533;1565;1566;1610;143;144;185;156;164;154;167;164;182;132;206;313;223;251;229;228;221;259;170;205;251;216;236;236;234
325836.5;13064;16090;15684;15748;15479;15377;15510;15587;3538;1563;1457;1465;1431;1525;1591;1617;1698;131;149;242;188;217;186;202;180;191;137;14288;15705;15258;15586;15494;15380;16237;15640;3474;1468;1439;1414;1402;1483;1548;1596;1649;129;148;235;193;195;170;173;168;177;135;14277;15971;15390;15822;15816;16274;16411;16290;3529;1519;1411;1410;1425;1529;1563;1572;1612;145;146;188;157;164;156;172;170;178;132;213;316;221;252;217;230;213;259;174;204;253;217;238;239;239
326436.6;13029;16044;15640;15714;15426;15313;15518;15549;3498;1554;1456;1456;1431;1510;1578;1603;1690;133;144;235;189;218;192;205;184;189;134;14232;15700;15219;15606;15500;15396;16222;15631;3479;1474;1450;1419;1415;1493;1564;1610;1676;128;149;236;192;195;166;180;172;181;140;14245;16013;15518;15815;15904;16392;16478;16293;3509;1515;1405;1422;1434;1510;1558;1561;1597;145;149;186;155;169;155;170;169;177;138;207;322;220;244;210;224;214;237;171;201;249;218;240;236;245
327036.7;13102;16192;15753;15890;15491;15373;15610;15661;3507;1560;1457;1455;1421;1503;1596;1615;1699;127;139;240;185;214;185;202;172;189;133;14254;15717;15268;15652;15490;15393;16141;15713;3462;1448;1438;1413;1413;1483;1557;1596;1661;128;143;233;185;185;159;169;167;176;133;14217;16042;15443;15866;15880;16414;16456;16313;3496;1510;1417;1403;1425;1523;1553;1554;1594;139;139;183;153;162;146;164;166;171;130;206;312;208;245;211;218;209;234;168;203;246;213;236;241;229
327636.8;13025;16014;15584;15667;15409;15265;15412;15507;3491;1522;1440;1428;1409;1505;1590;1596;1698;127;142;235;181;213;186;194;173;181;134;14160;15710;15210;15588;15409;15353;16084;15585;3454;1455;1439;1416;1411;1458;1541;1586;1660;125;139;226;185;181;154;165;169;174;130;14242;16041;15495;15811;15738;16332;16372;16208;3504;1499;1386;1409;1428;1517;1580;1531;1577;143;136;185;149;161;148;159;161;169;125;196;317;213;237;210;224;202;242;162;193;241;212;229;230;232
328236.8;13003;15987;15586;15729;15405;15311;15437;15480;3474;1546;1440;1439;1419;1510;1586;1599;1694;123;139;239;183;211;185;199;171;188;132;14197;15705;15223;15672;15493;15349;16159;15697;3477;1454;1429;1398;1423;1470;1527;1590;1649;127;141;227;183;184;156;164;162;171;128;14303;16046;15437;15826;15751;16375;16408;16332;3504;1507;1404;1397;1419;1517;1549;1545;1597;140;138;178;146;159;147;163;164;171;130;203;330;214;234;210;221;205;300;162;198;243;209;233;226;229
328836.9;13033;16128;15728;15793;15503;15366;15519;15547;3530;1551;1447;1452;1433;1507;1588;1619;1694;123;141;233;185;213;183;193;167;182;127;14222;15703;15358;15642;15555;15475;16267;15711;3490;1459;1448;1413;1421;1486;1552;1594;1658;124;139;227;180;189;154;169;164;173;129;14318;16234;15452;15846;15939;16500;16541;16350;3531;1517;1412;1418;1430;1507;1555;1540;1608;138;141;177;147;153;143;163;160;173;129;204;314;216;246;211;234;204;248;169;197;242;209;228;234;231
329437;13072;16168;15740;15763;15456;15384;15562;15478;3512;1541;1451;1461;1425;1530;1605;1621;1692;128;147;241;186;219;191;201;175;189;134;14169;15739;15292;15687;15480;15429;16182;15703;3477;1465;1447;1405;1419;1471;1561;1578;1669;130;147;237;187;189;161;179;172;179;141;14262;16015;15567;15892;15829;16431;16469;16376;3521;1515;1404;1407;1430;1512;1561;1555;1600;149;144;181;151;165;152;171;165;176;132;205;316;220;262;234;229;214;251;172;206;247;213;235;237;238
330037;12929;16019;15623;15695;15430;15225;15421;15517;3480;1553;1450;1451;1413;1522;1577;1612;1712;135;143;239;189;216;185;203;178;182;135;14134;15695;15210;15519;15452;15368;16169;15619;3436;1457;1430;1416;1403;1451;1557;1590;1655;131;153;229;188;190;158;173;173;183;136;14172;16076;15425;15853;15767;16357;16487;16345;3507;1507;1402;1399;1425;1498;1558;1557;1588;143;144;182;156;165;155;164;168;181;130;206;327;212;247;210;230;217;299;171;199;246;214;241;246;236
330637.1;13019;16116;15751;15863;15526;15414;15526;15586;3522;1555;1454;1470;1423;1508;1582;1612;1710;130;145;240;187;218;182;202;175;187;131;14214;15820;15356;15657;15615;15489;16261;15752;3472;1468;1454;1411;1404;1486;1550;1616;1669;126;151;232;187;188;163;176;164;176;132;14291;16235;15600;16034;16021;16509;16517;16348;3540;1503;1388;1411;1423;1522;1576;1565;1619;140;139;183;151;165;146;167;163;173;132;206;335;214;240;207;218;215;254;171;199;244;216;230;239;230
331237.2;13021;16062;15706;15701;15458;15294;15500;15567;3461;1540;1457;1454;1429;1511;1562;1605;1680;126;139;236;180;213;180;198;170;184;126;14116;15688;15294;15561;15548;15428;16187;15688;3445;1461;1428;1418;1411;1490;1549;1601;1647;129;144;226;176;184;157;169;164;176;130;14198;16096;15521;15888;15876;16351;16432;16355;3508;1504;1402;1420;1410;1507;1559;1533;1598;137;143;178;154;160;147;168;166;171;124;204;328;216;237;202;224;207;273;168;193;246;208;232;230;228
331837.2;13007;16140;15745;15826;15524;15381;15534;15581;3507;1546;1459;1442;1412;1510;1581;1615;1698;125;139;234;181;210;179;196;173;185;127;14143;15823;15339;15740;15583;15538;16282;15705;3465;1470;1444;1417;1419;1482;1557;1597;1656;126;147;230;181;184;161;163;164;173;135;14236;16193;15455;15898;15895;16465;16408;16329;3504;1497;1421;1403;1432;1522;1570;1528;1575;135;137;174;152;156;144;169;163;168;130;202;338;209;251;225;223;207;254;162;201;244;203;233;228;233
332437.3;12930;16194;15755;15793;15438;15395;15582;15557;3512;1543;1445;1454;1428;1507;1579;1628;1711;128;143;243;189;216;183;204;173;186;134;14134;15811;15300;15685;15603;15449;16271;15737;3461;1483;1435;1404;1418;1473;1539;1591;1652;130;149;234;184;186;161;177;168;176;132;14219;16111;15602;15986;15951;16460;16558;16435;3532;1521;1410;1406;1446;1524;1569;1558;1608;142;147;186;153;166;155;170;162;180;134;208;336;214;249;212;234;213;275;174;207;249;214;235;228;238
333037.4;12951;16111;15756;15810;15528;15387;15548;15575;3499;1552;1441;1472;1426;1507;1593;1609;1681;132;147;246;193;221;192;203;180;189;138;14146;15833;15446;15724;15629;15518;16325;15732;3492;1466;1454;1413;1412;1491;1555;1605;1680;132;150;236;190;192;160;175;166;181;136;14231;16136;15655;15982;15991;16406;16623;16440;3503;1498;1426;1420;1434;1518;1562;1574;1613;146;146;184;155;169;150;171;174;179;135;204;343;213;247;213;233;221;243;175;207;255;218;243;241;235
333637.4;12947;16172;15805;15813;15544;15401;15543;15594;3488;1561;1451;1463;1429;1516;1584;1610;1712;129;144;235;187;225;180;203;177;190;136;14152;15887;15371;15703;15559;15524;16311;15786;3462;1464;1444;1412;1432;1485;1570;1608;1672;132;147;236;188;193;164;173;170;181;136;14204;16202;15637;16036;15977;16542;16561;16455;3526;1531;1414;1426;1448;1520;1572;1574;1614;145;145;181;154;163;149;171;173;180;132;203;336;224;241;218;233;213;290;175;211;250;212;236;229;234
334237.5;12973;16136;15822;15889;15600;15410;15667;15635;3511;1551;1464;1447;1424;1516;1588;1613;1712;125;142;231;184;206;179;206;176;182;130;14206;15970;15455;15763;15682;15559;16368;15891;3474;1480;1458;1413;1428;1508;1565;1596;1668;123;142;232;179;193;159;169;162;173;132;14311;16272;15749;16117;16071;16466;16628;16562;3533;1513;1409;1430;1426;1530;1586;1550;1622;138;139;183;152;158;147;168;162;171;129;205;339;217;247;228;231;205;242;171;201;254;209;237;233;234
334837.6;13023;16278;15809;15843;15664;15445;15698;15746;3510;1534;1451;1461;1435;1526;1600;1618;1717;127;139;238;187;212;181;199;174;186;135;14193;15969;15482;15824;15675;15591;16384;15883;3491;1485;1455;1404;1420;1503;1574;1614;1681;126;141;227;188;184;159;176;162;178;130;14295;16318;15732;16054;16128;16596;16659;16601;3537;1523;1415;1426;1431;1527;1586;1541;1625;135;139;178;152;159;149;166;167;177;129;207;348;213;242;213;226;206;284;171;202;249;211;236;230;229
335437.6;13022;16300;15952;15945;15647;15490;15714;15708;3515;1554;1457;1469;1443;1529;1610;1635;1719;123;140;229;183;212;183;203;178;181;132;14268;15981;15500;15810;15685;15617;16457;15923;3491;1481;1444;1433;1443;1487;1570;1624;1686;125;140;226;185;188;154;169;160;174;132;14332;16372;15710;16018;16152;16632;16676;16565;3560;1517;1429;1431;1445;1518;1581;1561;1620;136;140;177;155;160;142;167;165;171;129;201;348;213;242;215;229;206;239;166;200;254;211;232;237;230
336037.7;13036;16332;15907;15902;15688;15512;15692;15753;3489;1559;1464;1465;1443;1532;1596;1630;1702;131;145;241;192;224;188;203;181;190;135;14156;15945;15469;15766;15690;15620;16369;15914;3496;1474;1452;1419;1413;1494;1564;1619;1683;133;148;229;189;194;168;176;168;181;133;14286;16332;15731;16143;16114;16617;16711;16519;3535;1510;1423;1427;1444;1530;1578;1562;1608;144;146;187;154;170;154;173;169;181;126;210;350;215;254;223;232;214;310;176;213;257;221;237;234;238
336637.8;12897;16305;15945;15907;15622;15425;15666;15643;3520;1561;1465;1459;1422;1524;1599;1613;1727;133;147;246;191;218;190;208;180;194;138;14186;15914;15461;15778;15679;15542;16386;15860;3462;1485;1459;1432;1435;1503;1555;1634;1682;130;153;235;191;190;165;170;167;181;136;14262;16319;15730;16155;16132;16614;16725;16640;3529;1523;1413;1432;1439;1523;1586;1575;1620;145;151;186;160;169;152;170;167;184;136;214;358;218;253;222;228;213;352;171;207;256;217;244;234;238
337237.8;13021;16337;15963;16054;15659;15569;15729;15704;3525;1563;1466;1461;1426;1531;1597;1627;1731;128;143;238;185;216;185;203;169;188;129;14232;16002;15547;15870;15747;15679;16497;15879;3488;1487;1448;1431;1422;1497;1572;1606;1686;126;143;228;186;184;157;176;164;178;135;14268;16407;15785;16192;16187;16718;16783;16642;3528;1524;1410;1418;1432;1532;1585;1564;1613;138;142;181;148;163;151;166;167;178;128;206;364;218;242;214;232;209;307;172;204;253;210;232;230;242
337837.9;12979;16241;15831;15916;15697;15472;15741;15690;3542;1565;1463;1453;1431;1513;1599;1644;1699;126;140;240;186;210;185;200;166;184;131;14207;16036;15535;15826;15734;15609;16421;15976;3478;1473;1459;1425;1431;1497;1569;1623;1690;120;138;237;182;185;155;164;167;175;129;14311;16366;15752;16134;16216;16654;16689;16633;3530;1524;1414;1411;1444;1506;1572;1563;1596;137;140;178;148;158;146;161;165;175;133;201;359;215;246;212;225;204;237;165;194;258;215;236;232;231
338437.9;13026;16402;16022;15975;15644;15517;15708;15755;3504;1543;1454;1457;1444;1534;1605;1623;1723;129;138;233;188;208;182;202;169;184;127;14205;16002;15562;15849;15811;15676;16457;15958;3472;1467;1430;1432;1413;1489;1563;1605;1680;125;145;229;180;180;159;170;164;177;129;14267;16457;15712;16129;16200;16687;16698;16676;3560;1518;1419;1426;1440;1509;1584;1555;1637;135;138;181;149;161;151;163;161;169;129;200;362;218;241;210;230;208;237;165;201;257;213;232;241;238
