time;A1;A2;A3;A4;A5;A6;A7;A8;A9;A10;A11;A12;B1;B2;B3;B4;B5;B6;B7;B8;B9;B10;B11;B12;C1;C2;C3;C4;C5;C6;C7;C8;C9;C10;C11;C12;D1;D2;D3;D4;D5;D6;D7;D8;D9;D10;D11;D12;E1;E2;E3;E4;E5;E6;E7;E8;E9;E10;E11;E12;F1;F2;F3;F4;F5;F6;F7;F8;F9;F10;F11;F12;G1;G2;G3;G4;G5;G6;G7;G8;G9;G10;G11;G12;H1;H2;H3;H4;H5;H6;H7;H8;H9;H10;H11;H12
0;0.113899998;0.090000004;0.089699998;0.0902;0.090300001;0.088699996;0.089500003;0.090300001;0.0854;0.085900001;0.085699998;0.085900001;0.090000004;0.0845;0.083800003;0.084200002;0.085699998;0.080600001;0.0836;0.082699999;0.082500003;0.082999997;0.083499998;0.082199998;0.080700003;0.080600001;0.076300003;0.091399997;0.090300001;0.089699998;0.090899996;0.091799997;0.090499997;0.090099998;0.090499997;0.085199997;0.085699998;0.083800003;0.083899997;0.085299999;0.090099998;0.086199999;0.0867;0.086900003;0.081200004;0.082999997;0.082900003;0.082099997;0.081200004;0.0823;0.081799999;0.082500003;0.084899999;0.077;0.090400003;0.090099998;0.091700003;0.093800001;0.091600001;0.0898;0.092900001;0.0911;0.085699998;0.085900001;0.085500002;0.085199997;0.086000003;0.086199999;0.088100001;0.085699998;0.085299999;0.079899997;0.080700003;0.080899999;0.082199998;0.082199998;0.082900003;0.082099997;0.083800003;0.083800003;0.076899998;0.086999997;0.085900001;0.101999998;0.0889;0.089500003;0.0858;0.105700001;0.089199997;0.081600003;0.092299998;0.090899996;0.106700003;0.091600001;0.090400003;0.088799998
600.9;0.114;0.0902;0.089699998;0.090000004;0.090300001;0.088600002;0.089500003;0.090400003;0.085299999;0.085900001;0.085699998;0.086000003;0.092500001;0.086800002;0.086099997;0.086300001;0.086099997;0.080600001;0.083700001;0.0823;0.082500003;0.082900003;0.083099999;0.080799997;0.080499999;0.081600003;0.075300001;0.091600001;0.090599999;0.089900002;0.090800002;0.092200004;0.090599999;0.090300001;0.090700001;0.085199997;0.087499999;0.085600004;0.0858;0.086999997;0.091899998;0.086300001;0.086599998;0.086999997;0.081299998;0.083099999;0.081900001;0.081299998;0.081299998;0.082900003;0.081600003;0.082900003;0.084600002;0.077100001;0.090599999;0.090499997;0.091799997;0.093999997;0.092;0.090000004;0.093099996;0.091399997;0.085600004;0.086999997;0.086400002;0.086300001;0.087200001;0.087200001;0.089100003;0.086800002;0.0858;0.0801;0.081100002;0.081100002;0.081799999;0.082199998;0.082900003;0.081799999;0.083499998;0.083400004;0.077299997;0.092399999;0.087899998;0.1017;0.088100001;0.087200001;0.087899998;0.092799999;0.086300001;0.083899997;0.086499996;0.086400002;0.0867;0.088200003;0.089599997;0.088100001
1201;0.114500001;0.090899996;0.090300001;0.090599999;0.0911;0.089299999;0.090000004;0.090999998;0.085500002;0.086199999;0.086000003;0.086300001;0.092500001;0.086999997;0.086300001;0.086599998;0.086400002;0.080700003;0.085299999;0.083300002;0.082500003;0.083800003;0.084700003;0.081900001;0.081;0.0814;0.075999998;0.092100002;0.091300003;0.090400003;0.091499999;0.092799999;0.0911;0.090700001;0.091399997;0.085500002;0.088;0.086000003;0.086199999;0.087399997;0.092200004;0.0867;0.086999997;0.087300003;0.081600003;0.0832;0.082800001;0.082199998;0.081699997;0.082999997;0.082400002;0.082999997;0.085000001;0.078500003;0.091399997;0.091399997;0.092600003;0.094800003;0.092799999;0.090700001;0.093800001;0.092299998;0.086000003;0.087300003;0.086800002;0.086599998;0.087399997;0.087700002;0.089500003;0.087099999;0.086400002;0.080499999;0.081799999;0.081699997;0.082599998;0.082900003;0.0836;0.082500003;0.084299996;0.084600002;0.078100003;0.110200003;0.088299997;0.111400001;0.118000001;0.087200001;0.0876;0.092900001;0.088;0.080799997;0.096100003;0.087300003;0.105899997;0.088699996;0.090800002;0.088
1801;0.114799999;0.091300003;0.090499997;0.090800002;0.091600001;0.089500003;0.090400003;0.091399997;0.0854;0.086300001;0.086099997;0.086300001;0.092900001;0.087200001;0.086599998;0.0867;0.086599998;0.080799997;0.086400002;0.084799998;0.083899997;0.085100003;0.086000003;0.0836;0.081100002;0.081200004;0.076099999;0.092500001;0.091899998;0.090800002;0.091799997;0.0933;0.091399997;0.090999998;0.091700003;0.0854;0.087899998;0.086000003;0.086099997;0.087399997;0.092;0.086599998;0.086999997;0.087399997;0.081500001;0.083400004;0.082900003;0.0823;0.082099997;0.083499998;0.082500003;0.083300002;0.085500002;0.079899997;0.091899998;0.091899998;0.093000002;0.095399998;0.093400002;0.0911;0.0942;0.092799999;0.086099997;0.087800004;0.087099999;0.086999997;0.087700002;0.087800004;0.089699998;0.087399997;0.086599998;0.080600001;0.082099997;0.081799999;0.082800001;0.082999997;0.083700001;0.082800001;0.0845;0.084600002;0.078100003;0.089900002;0.088600002;0.110600002;0.090099998;0.087800004;0.088500001;0.094099998;0.094099998;0.083800003;0.089299999;0.090000004;0.0889;0.091200002;0.091899998;0.088799998
2401;0.1153;0.091899998;0.090999998;0.091399997;0.092100002;0.0898;0.090599999;0.091899998;0.0854;0.086599998;0.086199999;0.086300001;0.092699997;0.087200001;0.086599998;0.0867;0.0867;0.080600001;0.086599998;0.085199997;0.084700003;0.085299999;0.086199999;0.084200002;0.080899999;0.0814;0.075999998;0.093099996;0.092500001;0.091600001;0.092399999;0.093900003;0.091899998;0.091399997;0.092299998;0.0854;0.088100001;0.086099997;0.086199999;0.087300003;0.092299998;0.086800002;0.086999997;0.087399997;0.081500001;0.083999999;0.082599998;0.082199998;0.081799999;0.082999997;0.082500003;0.082999997;0.085299999;0.0801;0.092399999;0.092500001;0.0933;0.0955;0.093800001;0.091399997;0.094499998;0.093199998;0.085900001;0.087700002;0.086999997;0.086800002;0.0876;0.087800004;0.089699998;0.087300003;0.0867;0.080399998;0.0823;0.081799999;0.082599998;0.082800001;0.083800003;0.082599998;0.084399998;0.084399998;0.078000002;0.110699996;0.089400001;0.103600003;0.090099998;0.088399999;0.089100003;0.094599999;0.093000002;0.080799997;0.098800004;0.090800002;0.095299996;0.0889;0.095600002;0.087800004
3001.2;0.115999997;0.092900001;0.091700003;0.092399999;0.092900001;0.0902;0.091300003;0.092699997;0.085500002;0.086900003;0.086400002;0.086599998;0.093099996;0.0876;0.086800002;0.086800002;0.087099999;0.080799997;0.087099999;0.085500002;0.084899999;0.085500002;0.086499996;0.084399998;0.081;0.081200004;0.076300003;0.093800001;0.0933;0.091799997;0.093000002;0.094599999;0.092200004;0.091700003;0.092900001;0.0854;0.088299997;0.086199999;0.086300001;0.087499999;0.092399999;0.086999997;0.087099999;0.087700002;0.081500001;0.085299999;0.082599998;0.082699999;0.082000002;0.083400004;0.082699999;0.083300002;0.0858;0.080200002;0.093099996;0.0933;0.093900003;0.096299998;0.094599999;0.092;0.095200002;0.093999997;0.086000003;0.088;0.087399997;0.087200001;0.087899998;0.088100001;0.090000004;0.087399997;0.086900003;0.080399998;0.082500003;0.082099997;0.082900003;0.0832;0.084399998;0.082900003;0.0845;0.084700003;0.078199998;0.091300003;0.089599997;0.104099996;0.092600003;0.088100001;0.087700002;0.095399998;0.0964;0.0814;0.091300003;0.089500003;0.089599997;0.090400003;0.096199997;0.089599997
3601.3;0.116700001;0.093699999;0.092399999;0.092699997;0.093599997;0.090700001;0.091799997;0.0933;0.0854;0.087099999;0.086599998;0.086599998;0.093099996;0.087700002;0.086900003;0.086999997;0.087200001;0.080600001;0.087399997;0.085500002;0.085000001;0.085600004;0.0867;0.084600002;0.0814;0.081500001;0.077100001;0.094499998;0.094300002;0.092399999;0.093800001;0.0955;0.092900001;0.092500001;0.093900003;0.085500002;0.088699996;0.086499996;0.086599998;0.087700002;0.092699997;0.087200001;0.087300003;0.088100001;0.081500001;0.086199999;0.082599998;0.082800001;0.082099997;0.083499998;0.083099999;0.083300002;0.085699998;0.080200002;0.093800001;0.094499998;0.094499998;0.096799999;0.095299996;0.092600003;0.095600002;0.094800003;0.086000003;0.088399999;0.0876;0.087300003;0.088100001;0.088299997;0.090099998;0.0876;0.087200001;0.080399998;0.083099999;0.082400002;0.083099999;0.0832;0.084299996;0.083099999;0.085000001;0.085199997;0.078699999;0.092600003;0.090899996;0.105400003;0.092699997;0.0889;0.088100001;0.097199999;0.097800002;0.0836;0.100500003;0.092200004;0.096299998;0.090599999;0.098099999;0.0898
4201.2;0.117600001;0.094899997;0.093199998;0.093599997;0.094599999;0.091499999;0.092399999;0.094099998;0.0854;0.087399997;0.086800002;0.086999997;0.093400002;0.088100001;0.087200001;0.087200001;0.0876;0.080700003;0.087800004;0.085699998;0.085100003;0.0858;0.086999997;0.084700003;0.081299998;0.081799999;0.077699997;0.095399998;0.095399998;0.0933;0.094700001;0.096500002;0.093599997;0.093000002;0.094700001;0.085500002;0.0889;0.0867;0.0867;0.087899998;0.092900001;0.087499999;0.087499999;0.088299997;0.0814;0.086599998;0.082800001;0.082900003;0.0823;0.083800003;0.083300002;0.0836;0.086000003;0.080200002;0.094800003;0.095899999;0.095299996;0.097800002;0.096299998;0.093400002;0.0964;0.095700003;0.086099997;0.088699996;0.087899998;0.087399997;0.088200003;0.088699996;0.090300001;0.087800004;0.087499999;0.080399998;0.083499998;0.082400002;0.0832;0.083300002;0.084399998;0.083099999;0.084700003;0.084899999;0.078199998;0.0995;0.090899996;0.106399998;0.091300003;0.089199997;0.095100001;0.096199997;0.090499997;0.080799997;0.091899998;0.090099998;0.092699997;0.091700003;0.096799999;0.090999998
4801.4;0.118699998;0.0964;0.094300002;0.094700001;0.095799997;0.092200004;0.0933;0.095100001;0.085600004;0.087800004;0.087099999;0.086900003;0.093400002;0.088200003;0.087399997;0.087200001;0.088;0.080499999;0.087800004;0.0858;0.085199997;0.0858;0.087499999;0.084799998;0.0814;0.081799999;0.078400001;0.0964;0.096500002;0.094099998;0.095600002;0.097599998;0.094300002;0.093599997;0.095600002;0.0854;0.089199997;0.086800002;0.0867;0.087899998;0.093000002;0.0876;0.0876;0.088600002;0.081299998;0.086599998;0.083099999;0.083700001;0.082199998;0.083999999;0.082900003;0.0836;0.086000003;0.080200002;0.095700003;0.096799999;0.096100003;0.098700002;0.097400002;0.094099998;0.097000003;0.096600004;0.085900001;0.0889;0.087899998;0.087499999;0.088200003;0.088699996;0.090499997;0.087800004;0.087700002;0.080200002;0.083300002;0.082500003;0.0832;0.083300002;0.084600002;0.083099999;0.084600002;0.085299999;0.078299999;0.094099998;0.091399997;0.107000001;0.093400002;0.090099998;0.093500003;0.095899999;0.092699997;0.082000002;0.093099996;0.090700001;0.090499997;0.091600001;0.096600004;0.0898
5401.3;0.120099999;0.097999997;0.095700003;0.095899999;0.097199999;0.093099996;0.094300002;0.096500002;0.085500002;0.088299997;0.087300003;0.087200001;0.093699999;0.088500001;0.0876;0.0876;0.088399999;0.080700003;0.088;0.086000003;0.0854;0.086099997;0.0876;0.085100003;0.081600003;0.082099997;0.078599997;0.097800002;0.098099999;0.095399998;0.097000003;0.099200003;0.0955;0.094700001;0.097099997;0.085500002;0.089599997;0.087200001;0.086999997;0.088299997;0.093400002;0.088;0.087899998;0.089000002;0.0814;0.086900003;0.0836;0.085299999;0.0823;0.084299996;0.083099999;0.0836;0.086400002;0.0801;0.096900001;0.098700002;0.097000003;0.099699996;0.098800004;0.095100001;0.097900003;0.097900003;0.0858;0.089400001;0.088100001;0.0876;0.088500001;0.089000002;0.090700001;0.088;0.088100001;0.080200002;0.083400004;0.082699999;0.083300002;0.083700001;0.084899999;0.083499998;0.085000001;0.085699998;0.078500003;0.092699997;0.091700003;0.107699998;0.094400004;0.090300001;0.090499997;0.095899999;0.091399997;0.083300002;0.097000003;0.0955;0.090499997;0.092200004;0.098300003;0.094599999
6001.5;0.121399999;0.099699996;0.097000003;0.097499996;0.098899998;0.094300002;0.0955;0.097999997;0.085500002;0.088600002;0.0876;0.087399997;0.093800001;0.088699996;0.087899998;0.087700002;0.088799998;0.080700003;0.088100001;0.086199999;0.085600004;0.086300001;0.087800004;0.085299999;0.081799999;0.083400004;0.078599997;0.099200003;0.099799998;0.096699998;0.098399997;0.101000004;0.096600004;0.095799997;0.0986;0.0854;0.0898;0.087200001;0.087099999;0.088299997;0.093500003;0.088200003;0.088100001;0.089400001;0.0814;0.086900003;0.084399998;0.0858;0.082900003;0.085100003;0.0832;0.084100001;0.086499996;0.080300003;0.0986;0.100500003;0.098499998;0.101400003;0.100599997;0.096500002;0.099100001;0.0995;0.085900001;0.0898;0.088500001;0.087800004;0.088699996;0.089299999;0.090999998;0.088200003;0.088600002;0.080300003;0.083499998;0.082800001;0.0832;0.083700001;0.085100003;0.083300002;0.084899999;0.085500002;0.077799998;0.099799998;0.092799999;0.1065;0.094800003;0.092;0.099299997;0.097000003;0.094400004;0.080700003;0.0999;0.090400003;0.0942;0.092;0.097900003;0.091399997
6601.6;0.123300001;0.102200001;0.098800004;0.099299997;0.100900002;0.095700003;0.096900001;0.099799998;0.085500002;0.089199997;0.088;0.087700002;0.0942;0.089000002;0.088299997;0.088100001;0.089400001;0.080700003;0.088200003;0.086499996;0.085699998;0.086499996;0.088100001;0.085500002;0.082099997;0.083700001;0.078699999;0.101000004;0.101800002;0.098399997;0.100299999;0.103;0.098200001;0.097099997;0.100400001;0.0854;0.090400003;0.087700002;0.087399997;0.088699996;0.093900003;0.088699996;0.088500001;0.090000004;0.081500001;0.086999997;0.084700003;0.086000003;0.083099999;0.085000001;0.083499998;0.084200002;0.086800002;0.080200002;0.100400001;0.102600001;0.100100003;0.103100002;0.102499999;0.097999997;0.100500003;0.101499997;0.086000003;0.0902;0.088799998;0.088100001;0.089100003;0.089699998;0.091499999;0.088699996;0.089100003;0.080300003;0.083700001;0.083400004;0.083700001;0.084100001;0.085600004;0.083899997;0.085199997;0.086000003;0.078000002;0.093400002;0.092399999;0.107900001;0.097000003;0.092100002;0.091700003;0.097000003;0.094099998;0.081699997;0.099100001;0.091499999;0.108800001;0.092799999;0.098999999;0.091600001
7201.8;0.125300005;0.104500003;0.100900002;0.101400003;0.103100002;0.097199999;0.098800004;0.101800002;0.085600004;0.0898;0.088500001;0.087899998;0.0942;0.089199997;0.088600002;0.088299997;0.0898;0.080600001;0.088200003;0.0867;0.085900001;0.0867;0.088500001;0.0858;0.082500003;0.083800003;0.0788;0.103100002;0.104199998;0.100400001;0.102499999;0.105499998;0.100000001;0.0986;0.102700002;0.085500002;0.090700001;0.088;0.0876;0.089000002;0.094300002;0.089199997;0.088799998;0.090599999;0.081500001;0.087200001;0.085699998;0.086400002;0.0836;0.085699998;0.083899997;0.084600002;0.087300003;0.080300003;0.102499999;0.104900002;0.101899996;0.104999997;0.104599997;0.099699996;0.102200001;0.103699997;0.086000003;0.090599999;0.089100003;0.088299997;0.089400001;0.090000004;0.091799997;0.0889;0.089599997;0.080300003;0.083800003;0.083700001;0.083899997;0.0845;0.086000003;0.084100001;0.085600004;0.086400002;0.078199998;0.101000004;0.093900003;0.112300001;0.097999997;0.092;0.095899999;0.097900003;0.093699999;0.101300001;0.106700003;0.091799997;0.092100002;0.093000002;0.099299997;0.092
7801.9;0.127800003;0.107299998;0.103399999;0.103799999;0.105599999;0.099100001;0.100699998;0.104099996;0.085600004;0.090499997;0.088799998;0.088200003;0.094499998;0.089500003;0.0889;0.088500001;0.090300001;0.080600001;0.088299997;0.086800002;0.086099997;0.086900003;0.088699996;0.086000003;0.082900003;0.083700001;0.078599997;0.105400003;0.106899999;0.102700002;0.104999997;0.108400002;0.102200001;0.100500003;0.105400003;0.085500002;0.0911;0.088600002;0.087700002;0.089199997;0.094499998;0.089400001;0.089000002;0.090899996;0.081299998;0.087099999;0.0858;0.086400002;0.083499998;0.0858;0.083999999;0.084700003;0.0876;0.0801;0.104500003;0.107199997;0.103699997;0.107000001;0.106799997;0.101300001;0.104000002;0.106200002;0.0858;0.0911;0.089400001;0.088500001;0.089599997;0.0902;0.092100002;0.089000002;0.090000004;0.0801;0.0836;0.0836;0.084200002;0.084600002;0.086300001;0.084299996;0.0858;0.086800002;0.078199998;0.103699997;0.0942;0.109399997;0.100299999;0.092500001;0.095399998;0.098700002;0.094499998;0.082699999;0.103200004;0.095700003;0.093400002;0.093699999;0.099200003;0.092200004
8401.9;0.130600005;0.110399999;0.105999999;0.106600001;0.108599998;0.101199999;0.103;0.106799997;0.085600004;0.0911;0.089400001;0.088500001;0.094899997;0.0898;0.089400001;0.088799998;0.090899996;0.080600001;0.088500001;0.087200001;0.086300001;0.087300003;0.089100003;0.086400002;0.082999997;0.083899997;0.078699999;0.1083;0.109800003;0.105300002;0.108199999;0.111500002;0.104500003;0.102499999;0.108000003;0.0854;0.091499999;0.088600002;0.087899998;0.089599997;0.094800003;0.089900002;0.089400001;0.091499999;0.081299998;0.087200001;0.086099997;0.086599998;0.0836;0.086199999;0.084200002;0.084899999;0.087800004;0.079899997;0.106899999;0.109999999;0.105899997;0.109399997;0.109499998;0.103799999;0.106200002;0.108900003;0.085699998;0.091300003;0.089699998;0.088500001;0.089900002;0.090400003;0.092399999;0.089199997;0.090300001;0.079999998;0.083800003;0.083899997;0.0845;0.084899999;0.086499996;0.084700003;0.086099997;0.087200001;0.078100003;0.106799997;0.093599997;0.113899998;0.0955;0.093099996;0.094999999;0.099699996;0.094300002;0.081200004;0.1017;0.092799999;0.092100002;0.093800001;0.098999999;0.092900001
9002;0.133699998;0.114100002;0.109200001;0.109999999;0.112300001;0.103699997;0.105599999;0.110100001;0.085600004;0.091700003;0.089900002;0.088799998;0.094899997;0.090000004;0.089599997;0.089199997;0.091499999;0.080600001;0.088500001;0.087399997;0.086400002;0.0876;0.089500003;0.0867;0.083099999;0.084700003;0.078199998;0.111299999;0.1131;0.108199999;0.1109;0.115000002;0.107199997;0.104800001;0.111100003;0.085299999;0.091799997;0.088799998;0.087899998;0.089699998;0.094899997;0.0902;0.089599997;0.092;0.081200004;0.087099999;0.086000003;0.086599998;0.083999999;0.086499996;0.084399998;0.085000001;0.088100001;0.079899997;0.110399999;0.113700002;0.108800001;0.112599999;0.113499999;0.1065;0.108400002;0.112000003;0.0854;0.091600001;0.0898;0.088500001;0.090000004;0.090499997;0.092600003;0.089299999;0.090599999;0.079800002;0.083499998;0.084100001;0.084299996;0.085100003;0.086599998;0.084600002;0.086000003;0.086999997;0.077399999;0.094800003;0.094999999;0.109999999;0.096100003;0.098499998;0.093699999;0.099299997;0.0942;0.080799997;0.103799999;0.094099998;0.092500001;0.094599999;0.099699996;0.093500003
9602.1;0.137199998;0.117799997;0.112599999;0.113399997;0.116099998;0.1065;0.108499996;0.113499999;0.085600004;0.092299998;0.090400003;0.089199997;0.095299996;0.090400003;0.089900002;0.089500003;0.092100002;0.080399998;0.088600002;0.087800004;0.0867;0.087899998;0.089900002;0.086999997;0.0836;0.085500002;0.078400001;0.1149;0.116999999;0.111699998;0.114699997;0.119400002;0.1105;0.1074;0.1149;0.085299999;0.092200004;0.089100003;0.088;0.090000004;0.095299996;0.090599999;0.090000004;0.092600003;0.081100002;0.087300003;0.086599998;0.086900003;0.0845;0.086999997;0.085100003;0.085600004;0.088500001;0.079800002;0.113600001;0.116999999;0.1118;0.115800001;0.116999999;0.109499998;0.111699998;0.1162;0.0854;0.092100002;0.0902;0.088699996;0.090300001;0.090899996;0.092900001;0.089599997;0.0911;0.079599999;0.083400004;0.084700003;0.085100003;0.085699998;0.087099999;0.084899999;0.086300001;0.087399997;0.077799998;0.094999999;0.0955;0.110299997;0.105700001;0.093400002;0.103;0.101000004;0.120099999;0.080300003;0.107100002;0.093999997;0.119599998;0.094300002;0.101400003;0.093699999
10202.2;0.141599998;0.122100003;0.116800003;0.117399998;0.1206;0.109899998;0.111900002;0.117600001;0.085600004;0.093099996;0.090999998;0.089599997;0.095799997;0.090700001;0.090499997;0.089900002;0.092900001;0.080499999;0.088699996;0.088100001;0.086900003;0.088200003;0.0902;0.087399997;0.083999999;0.085500002;0.078400001;0.118799999;0.120800003;0.115500003;0.118699998;0.1237;0.113799997;0.110399999;0.118900001;0.085299999;0.092699997;0.089500003;0.088200003;0.090400003;0.0955;0.091200002;0.090400003;0.0933;0.081;0.087300003;0.086900003;0.086999997;0.084700003;0.087200001;0.085500002;0.085699998;0.0889;0.079599999;0.1175;0.121100001;0.115199998;0.119400002;0.120999999;0.1127;0.115000002;0.120399997;0.085299999;0.092500001;0.090499997;0.088799998;0.090700001;0.0911;0.0933;0.0898;0.091600001;0.079599999;0.083700001;0.085000001;0.0854;0.086000003;0.087399997;0.085500002;0.086800002;0.087899998;0.078199998;0.094099998;0.0964;0.112300001;0.095799997;0.093599997;0.092900001;0.100000001;0.1241;0.080399998;0.103100002;0.097000003;0.094400004;0.094800003;0.101300001;0.094300002
10802.1;0.145600006;0.126200005;0.120700002;0.121299997;0.124899998;0.114;0.115500003;0.121799998;0.085600004;0.093800001;0.091600001;0.090000004;0.095899999;0.090800002;0.090800002;0.0902;0.093500003;0.080399998;0.088699996;0.088399999;0.087099999;0.088600002;0.090499997;0.087700002;0.0845;0.0858;0.078400001;0.122500002;0.124799997;0.1193;0.1228;0.128199995;0.1175;0.113799997;0.122900002;0.085199997;0.093099996;0.089699998;0.088200003;0.090599999;0.095700003;0.091399997;0.090700001;0.093900003;0.080899999;0.087200001;0.087099999;0.087200001;0.085100003;0.087499999;0.085600004;0.086099997;0.089299999;0.079400003;0.121399999;0.124600001;0.118799999;0.123300001;0.125100002;0.116300002;0.118699998;0.124700002;0.085000001;0.092699997;0.090700001;0.088799998;0.090800002;0.091200002;0.093400002;0.089900002;0.092;0.079300001;0.0836;0.085199997;0.085199997;0.086000003;0.087399997;0.085299999;0.086800002;0.087899998;0.077200003;0.093000002;0.096799999;0.114200003;0.097800002;0.093699999;0.093199998;0.101499997;0.096900001;0.083400004;0.097400002;0.094499998;0.0933;0.095600002;0.105300002;0.096500002
11402.1;0.149499997;0.130400002;0.124799997;0.125599995;0.129600003;0.1175;0.119400002;0.126399994;0.085500002;0.094800003;0.092299998;0.090499997;0.0964;0.091200002;0.091399997;0.090700001;0.094300002;0.080399998;0.0889;0.0889;0.087399997;0.089000002;0.0911;0.088200003;0.085000001;0.0867;0.078400001;0.126499996;0.128999993;0.123300001;0.127399996;0.1329;0.1215;0.117799997;0.127299994;0.085100003;0.093199998;0.090099998;0.088299997;0.090800002;0.096000001;0.091899998;0.090999998;0.094400004;0.080700003;0.087200001;0.087300003;0.087399997;0.0854;0.087700002;0.086199999;0.086300001;0.089400001;0.079300001;0.125100002;0.128900006;0.122400001;0.127000004;0.129999995;0.119999997;0.122599997;0.129500002;0.084899999;0.0933;0.091200002;0.089000002;0.091300003;0.091600001;0.094099998;0.090400003;0.092799999;0.0792;0.083400004;0.085199997;0.085199997;0.086300001;0.087399997;0.085500002;0.086900003;0.088200003;0.077;0.093500003;0.096299998;0.112499997;0.101199999;0.093900003;0.094700001;0.100500003;0.109800003;0.082099997;0.0995;0.094999999;0.0933;0.095899999;0.103200004;0.094800003
12002.2;0.154100001;0.135299996;0.129500002;0.130400002;0.134800002;0.121299997;0.123199999;0.131099999;0.085600004;0.095399998;0.093000002;0.090899996;0.096799999;0.091600001;0.092;0.091399997;0.095299996;0.080399998;0.089000002;0.089199997;0.0876;0.089400001;0.091499999;0.088600002;0.085199997;0.086499996;0.078299999;0.130899996;0.133699998;0.127700001;0.132100001;0.137700006;0.125300005;0.121100001;0.131500006;0.084899999;0.093699999;0.090499997;0.088500001;0.091300003;0.096299998;0.092399999;0.091499999;0.095299996;0.080700003;0.087200001;0.087800004;0.087700002;0.086199999;0.088299997;0.086400002;0.086800002;0.090000004;0.079400003;0.129800007;0.134200007;0.127100006;0.131999999;0.135600001;0.124600001;0.127200007;0.134800002;0.084799998;0.093699999;0.091600001;0.089199997;0.091700003;0.092;0.094499998;0.090800002;0.093699999;0.079300001;0.0836;0.085900001;0.085699998;0.086999997;0.088100001;0.086000003;0.087399997;0.088699996;0.077100001;0.098999999;0.098399997;0.115800001;0.096199997;0.093800001;0.094599999;0.101599999;0.097800002;0.081699997;0.098300003;0.095200002;0.093599997;0.096500002;0.107000001;0.094899997
12602.3;0.158999994;0.140300006;0.134499997;0.135399997;0.139799997;0.125599995;0.127399996;0.135700002;0.085500002;0.096100003;0.093699999;0.091399997;0.097400002;0.092;0.092699997;0.091700003;0.096199997;0.080300003;0.089500003;0.089699998;0.087899998;0.089900002;0.092200004;0.089100003;0.085699998;0.087300003;0.078400001;0.135299996;0.138799995;0.132400006;0.1373;0.143199995;0.129899994;0.125599995;0.136399999;0.084899999;0.093999997;0.090899996;0.088699996;0.091700003;0.096699998;0.093000002;0.092100002;0.096100003;0.080600001;0.087399997;0.088200003;0.088;0.086400002;0.088600002;0.086900003;0.087200001;0.090700001;0.0792;0.133599997;0.138300002;0.130899996;0.135900006;0.139899999;0.128399998;0.131699994;0.139799997;0.084700003;0.0942;0.092100002;0.089299999;0.092100002;0.092299998;0.094999999;0.0911;0.0942;0.079099998;0.083800003;0.086300001;0.085900001;0.087399997;0.088299997;0.086300001;0.087700002;0.089100003;0.077100001;0.093400002;0.099299997;0.114299998;0.097900003;0.0955;0.097000003;0.101400003;0.114600003;0.080399998;0.114699997;0.095299996;0.093800001;0.097199999;0.105499998;0.094700001
13202.3;0.164399996;0.145999998;0.140000001;0.141200006;0.145600006;0.130600005;0.131999999;0.140799999;0.085500002;0.096900001;0.094400004;0.091799997;0.0977;0.092299998;0.093199998;0.092299998;0.097400002;0.080600001;0.089299999;0.0902;0.088299997;0.090300001;0.093000002;0.089599997;0.086300001;0.088100001;0.078500003;0.140100002;0.144299999;0.137600005;0.142800003;0.148900002;0.134800002;0.129800007;0.141499996;0.084899999;0.094800003;0.091600001;0.089100003;0.092200004;0.0973;0.093800001;0.092600003;0.097199999;0.080700003;0.087700002;0.0889;0.088500001;0.086900003;0.089100003;0.087499999;0.087800004;0.091300003;0.0792;0.138400003;0.143600002;0.135800004;0.140799999;0.145300001;0.133100003;0.136899993;0.145699993;0.084899999;0.094899997;0.092699997;0.089699998;0.092699997;0.092900001;0.095600002;0.091600001;0.095100001;0.079099998;0.084299996;0.087300003;0.086900003;0.088399999;0.089299999;0.087099999;0.088399999;0.090300001;0.077699997;0.094800003;0.101000004;0.119099997;0.098200001;0.0942;0.099799998;0.103299998;0.096600004;0.093099996;0.114100002;0.095899999;0.094499998;0.097599998;0.107900001;0.095899999
13802.4;0.169699997;0.152099997;0.145500004;0.146699995;0.151500002;0.135199994;0.136800006;0.146200001;0.085600004;0.097499996;0.095200002;0.092299998;0.097999997;0.092600003;0.093699999;0.092699997;0.097900003;0.080300003;0.089400001;0.090800002;0.088600002;0.090899996;0.093000002;0.089900002;0.086800002;0.088500001;0.078400001;0.145199999;0.149700001;0.143299997;0.148300007;0.155000001;0.140000001;0.134399995;0.146799996;0.084899999;0.095299996;0.092100002;0.089299999;0.092799999;0.097800002;0.094499998;0.093199998;0.098099999;0.080600001;0.0876;0.089100003;0.088699996;0.087499999;0.089500003;0.087700002;0.088100001;0.091799997;0.0792;0.143099993;0.149100006;0.140699998;0.145899996;0.150600001;0.138099998;0.142100006;0.1514;0.084799998;0.095299996;0.0933;0.089900002;0.093199998;0.093400002;0.096000001;0.092;0.095799997;0.079099998;0.084100001;0.087800004;0.086900003;0.088699996;0.089400001;0.087399997;0.088799998;0.090400003;0.077100001;0.095299996;0.101899996;0.113600001;0.097999997;0.094300002;0.095600002;0.103299998;0.098200001;0.079899997;0.105499998;0.096600004;0.094300002;0.097800002;0.108199999;0.096100003
14402.5;0.174799994;0.157800004;0.151099995;0.152099997;0.157100007;0.140300006;0.141599998;0.151299998;0.085600004;0.098200001;0.096100003;0.092699997;0.098300003;0.092900001;0.094300002;0.093199998;0.098800004;0.080300003;0.089500003;0.091300003;0.0889;0.091399997;0.093400002;0.090599999;0.087200001;0.089199997;0.078400001;0.150999993;0.156000003;0.149399996;0.154200003;0.1611;0.145899996;0.138699993;0.152500004;0.084899999;0.096100003;0.092799999;0.089500003;0.093099996;0.098200001;0.095100001;0.093699999;0.098800004;0.080600001;0.0876;0.089500003;0.089000002;0.088200003;0.0902;0.088500001;0.088600002;0.092500001;0.0792;0.149000004;0.155399993;0.146500006;0.151800007;0.157399997;0.143900007;0.1479;0.158099994;0.084799998;0.096199997;0.094099998;0.090300001;0.093800001;0.093800001;0.097000003;0.092600003;0.096500002;0.079099998;0.084200002;0.087899998;0.087200001;0.089500003;0.089900002;0.087800004;0.089299999;0.090899996;0.076899998;0.094999999;0.102799997;0.108599998;0.098800004;0.101899996;0.095700003;0.103200004;0.111900002;0.079899997;0.109899998;0.097000003;0.094599999;0.098300003;0.106700003;0.097000003
15002.5;0.180099994;0.163499996;0.156499997;0.157700002;0.163000003;0.145400003;0.146899998;0.156800002;0.085600004;0.098899998;0.097199999;0.093099996;0.098999999;0.093400002;0.094999999;0.093699999;0.099699996;0.080300003;0.089699998;0.091799997;0.089299999;0.091899998;0.093800001;0.091300003;0.087700002;0.0898;0.078199998;0.157100007;0.162;0.156200007;0.160300002;0.167799994;0.151700005;0.144099995;0.158199996;0.084899999;0.096600004;0.093599997;0.089900002;0.093699999;0.098700002;0.096100003;0.094400004;0.099699996;0.080600001;0.087700002;0.090400003;0.089400001;0.088699996;0.090499997;0.088799998;0.089100003;0.093099996;0.079099998;0.155000001;0.161500007;0.1523;0.157299995;0.163699999;0.149700001;0.153500006;0.164299995;0.084799998;0.096600004;0.094800003;0.090599999;0.094400004;0.094099998;0.0977;0.0933;0.0973;0.079099998;0.0845;0.088299997;0.0876;0.090099998;0.090099998;0.088299997;0.089599997;0.091399997;0.076800004;0.094599999;0.103200004;0.112499997;0.100100003;0.095600002;0.095600002;0.103100002;0.0986;0.080700003;0.099600002;0.097000003;0.095399998;0.098200001;0.110100001;0.097099997
15602.6;0.186399996;0.170399994;0.163299993;0.163699999;0.169400007;0.151199996;0.152500004;0.162599996;0.085500002;0.099699996;0.098200001;0.093599997;0.099699996;0.093999997;0.095700003;0.094400004;0.100599997;0.080300003;0.089900002;0.092299998;0.089699998;0.092600003;0.094400004;0.091899998;0.088299997;0.090700001;0.078199998;0.163699999;0.168400005;0.162699997;0.1664;0.174899995;0.158199996;0.148900002;0.164499998;0.084899999;0.097000003;0.0942;0.090099998;0.0942;0.099200003;0.096699998;0.095100001;0.100299999;0.080600001;0.087800004;0.090499997;0.089699998;0.089299999;0.090800002;0.089400001;0.089599997;0.093699999;0.079099998;0.161599994;0.167500004;0.158000007;0.162699997;0.169400007;0.155499995;0.159700006;0.170599997;0.084700003;0.097099997;0.095600002;0.090899996;0.094899997;0.094499998;0.098300003;0.093699999;0.0977;0.078900002;0.0845;0.089100003;0.087800004;0.0902;0.090599999;0.089000002;0.090499997;0.092;0.076800004;0.094700001;0.101499997;0.108999997;0.099699996;0.096100003;0.097099997;0.105700001;0.099200003;0.081100002;0.099299997;0.098999999;0.095200002;0.0986;0.097800002;0.097000003
16202.7;0.192000002;0.176599994;0.169300005;0.169599995;0.175699994;0.157299995;0.158000007;0.168099999;0.085500002;0.100100003;0.098999999;0.0942;0.099799998;0.094099998;0.095899999;0.094800003;0.101199999;0.080200002;0.089900002;0.093000002;0.090099998;0.0933;0.094700001;0.092299998;0.088799998;0.090899996;0.078000002;0.169499993;0.173999995;0.168200001;0.172299996;0.180999994;0.164000005;0.154699996;0.170000002;0.084899999;0.097599998;0.094700001;0.0902;0.094700001;0.099699996;0.0973;0.095799997;0.101199999;0.080499999;0.088;0.091300003;0.090099998;0.089900002;0.091300003;0.090400003;0.0902;0.094099998;0.079000004;0.168300003;0.173299998;0.164100006;0.168799996;0.175400004;0.161899999;0.166099995;0.177100003;0.084600002;0.0977;0.096199997;0.090999998;0.095600002;0.095299996;0.098700002;0.093999997;0.097900003;0.078900002;0.083899997;0.089699998;0.088399999;0.090800002;0.0911;0.089299999;0.090700001;0.091799997;0.0766;0.094899997;0.101800002;0.109200001;0.0995;0.096299998;0.096600004;0.104999997;0.098499998;0.080200002;0.125400007;0.0986;0.095299996;0.099399999;0.0973;0.0973
16802.7;0.197799996;0.182099998;0.174400002;0.175300002;0.182099998;0.163200006;0.163599998;0.173999995;0.085500002;0.100599997;0.099699996;0.094700001;0.100599997;0.094800003;0.096699998;0.095700003;0.101899996;0.080300003;0.0902;0.093699999;0.090400003;0.093800001;0.095200002;0.092799999;0.089100003;0.091200002;0.078100003;0.175799996;0.180000007;0.174099997;0.178200006;0.1875;0.170399994;0.1602;0.175799996;0.084899999;0.098300003;0.095700003;0.090700001;0.095299996;0.100299999;0.098099999;0.096299998;0.101800002;0.080600001;0.087899998;0.091700003;0.090300001;0.090400003;0.091700003;0.090499997;0.090599999;0.094599999;0.079099998;0.175699994;0.180000007;0.170200005;0.174600005;0.181600004;0.168200001;0.171700001;0.183500007;0.084700003;0.0986;0.097000003;0.091499999;0.096199997;0.095799997;0.099200003;0.094700001;0.098300003;0.079000004;0.0845;0.090300001;0.088600002;0.091499999;0.091700003;0.090000004;0.091499999;0.092500001;0.076899998;0.094700001;0.103799999;0.109499998;0.100299999;0.096900001;0.097099997;0.1052;0.1065;0.0801;0.111599997;0.0995;0.095799997;0.0995;0.101199999;0.097499996
17402.8;0.205300003;0.189099997;0.181700006;0.181899995;0.188999996;0.169699997;0.170200005;0.180899993;0.085600004;0.100900002;0.100599997;0.095299996;0.100900002;0.095200002;0.096799999;0.096100003;0.1021;0.080300003;0.090300001;0.094300002;0.090800002;0.094300002;0.0955;0.093099996;0.089400001;0.091300003;0.078100003;0.181799993;0.185399994;0.180199996;0.184100002;0.194199994;0.175999999;0.164800003;0.181199998;0.084799998;0.098999999;0.096299998;0.090999998;0.095899999;0.101000004;0.098499998;0.096799999;0.1017;0.080499999;0.088100001;0.092299998;0.090800002;0.091200002;0.092;0.090899996;0.090899996;0.094999999;0.079099998;0.181500003;0.185599998;0.176400006;0.180199996;0.187399998;0.173999995;0.1787;0.190799996;0.084700003;0.099200003;0.097599998;0.091700003;0.096600004;0.0964;0.099399999;0.094999999;0.098399997;0.079000004;0.084799998;0.091300003;0.089500003;0.092299998;0.092399999;0.090599999;0.092;0.092900001;0.077;0.096199997;0.104199998;0.112199999;0.100100003;0.100199997;0.097499996;0.104500003;0.100400001;0.088500001;0.1127;0.100000001;0.096000001;0.0995;0.097400002;0.099200003
18002.9;0.211400002;0.194999993;0.187099993;0.187700003;0.195199996;0.175699994;0.175799996;0.186399996;0.085500002;0.101499997;0.101300001;0.095899999;0.101499997;0.095799997;0.097199999;0.096500002;0.101999998;0.080300003;0.090499997;0.094899997;0.091300003;0.094800003;0.096100003;0.093400002;0.0898;0.092;0.078100003;0.187299997;0.191400006;0.185200006;0.190500006;0.200000003;0.181400001;0.171700001;0.187900007;0.084799998;0.099399999;0.096799999;0.091399997;0.096000001;0.101499997;0.098700002;0.0973;0.101899996;0.080499999;0.088200003;0.092699997;0.0911;0.091600001;0.092399999;0.0911;0.0911;0.095600002;0.079099998;0.187000006;0.190799996;0.181099996;0.185200006;0.192399994;0.179499999;0.183400005;0.195700005;0.0845;0.0995;0.098200001;0.092100002;0.097000003;0.097099997;0.099600002;0.095299996;0.098800004;0.078900002;0.084600002;0.091499999;0.089599997;0.092600003;0.092500001;0.090899996;0.092299998;0.093000002;0.076800004;0.096000001;0.104800001;0.1109;0.100900002;0.097800002;0.099600002;0.105400003;0.119599998;0.089199997;0.113600001;0.1008;0.096799999;0.100100003;0.097599998;0.098800004
18603;0.217399999;0.201199993;0.193800002;0.193900004;0.202199996;0.181999996;0.182600006;0.1928;0.085500002;0.101999998;0.101899996;0.0964;0.101599999;0.096299998;0.097400002;0.096900001;0.1021;0.080300003;0.090700001;0.095600002;0.091799997;0.095200002;0.096799999;0.093699999;0.089900002;0.092299998;0.077699997;0.193700001;0.197500005;0.191300005;0.196400002;0.206100002;0.1866;0.177300006;0.194000006;0.084799998;0.100000001;0.0973;0.091700003;0.0964;0.1021;0.098999999;0.098099999;0.101899996;0.080399998;0.088500001;0.0933;0.091399997;0.092200004;0.093000002;0.091399997;0.091200002;0.095399998;0.079099998;0.194199994;0.197600007;0.187399998;0.192599997;0.200200006;0.1866;0.189799994;0.202800006;0.084600002;0.100500003;0.098999999;0.092500001;0.097400002;0.097599998;0.099600002;0.095399998;0.099100001;0.078900002;0.084399998;0.092;0.089900002;0.092699997;0.092699997;0.090899996;0.092;0.092399999;0.076399997;0.096500002;0.107299998;0.110200003;0.101000004;0.099600002;0.099399999;0.105499998;0.123199999;0.081799999;0.113600001;0.101099998;0.096900001;0.100400001;0.097599998;0.100699998
19202.9;0.223299995;0.207499996;0.200200006;0.201000005;0.208199993;0.188600004;0.188899994;0.199599996;0.085500002;0.102499999;0.102799997;0.096799999;0.1017;0.096699998;0.097499996;0.097000003;0.102300003;0.080300003;0.090700001;0.096299998;0.092100002;0.095399998;0.097199999;0.093800001;0.089900002;0.092299998;0.078100003;0.198799998;0.203299999;0.196999997;0.202500001;0.211999997;0.192200005;0.183200002;0.199300006;0.084799998;0.101000004;0.098099999;0.092;0.096900001;0.102899998;0.099100001;0.0986;0.102200001;0.080499999;0.088600002;0.093699999;0.091799997;0.092299998;0.093400002;0.091799997;0.0911;0.0964;0.0792;0.199100003;0.203299999;0.193200007;0.198300004;0.205599993;0.192200005;0.1963;0.209999993;0.084700003;0.101199999;0.099399999;0.092799999;0.0977;0.098300003;0.099699996;0.095399998;0.099699996;0.079000004;0.084299996;0.092600003;0.090700001;0.092699997;0.093099996;0.091300003;0.092200004;0.093199998;0.077;0.096600004;0.106700003;0.110399999;0.1017;0.098899998;0.099799998;0.105400003;0.1008;0.080300003;0.112999998;0.101899996;0.097499996;0.100900002;0.101499997;0.100900002
19803.1;0.228200004;0.213699996;0.206;0.206200004;0.214000002;0.193700001;0.194700003;0.205200002;0.085600004;0.103;0.103399999;0.097099997;0.102200001;0.097400002;0.098099999;0.097199999;0.102899998;0.080399998;0.090999998;0.096900001;0.092200004;0.095700003;0.097800002;0.094099998;0.090000004;0.092399999;0.078199998;0.204699993;0.2095;0.203199998;0.208700001;0.218099996;0.198200002;0.189199999;0.204999998;0.0854;0.101800002;0.098899998;0.092699997;0.097499996;0.103699997;0.099299997;0.098999999;0.102799997;0.081;0.089000002;0.094599999;0.092100002;0.093000002;0.093999997;0.092299998;0.091799997;0.096900001;0.079899997;0.204999998;0.2104;0.200499997;0.204899997;0.211999997;0.199499995;0.203199998;0.217999995;0.085699998;0.102499999;0.100599997;0.093500003;0.098399997;0.099200003;0.100599997;0.096199997;0.101199999;0.079899997;0.085199997;0.093599997;0.091700003;0.093900003;0.094800003;0.092;0.092900001;0.0942;0.077699997;0.098300003;0.108400002;0.111900002;0.1039;0.099200003;0.101899996;0.108000003;0.1043;0.081299998;0.115000002;0.103299998;0.099100001;0.103200004;0.099699996;0.104400001
20403.2;0.231600001;0.218899995;0.211600006;0.212899998;0.219899997;0.199399993;0.200299993;0.211099997;0.085600004;0.103799999;0.104699999;0.097999997;0.102799997;0.098200001;0.098800004;0.097800002;0.103699997;0.080700003;0.091399997;0.097400002;0.092399999;0.095700003;0.098399997;0.094400004;0.090300001;0.092500001;0.079099998;0.209999993;0.215800002;0.210099995;0.215499997;0.224800006;0.204699993;0.195500001;0.211099997;0.085699998;0.102899998;0.100100003;0.093500003;0.098300003;0.104900002;0.100199997;0.099699996;0.104099996;0.081500001;0.0898;0.095600002;0.093199998;0.0933;0.094899997;0.092699997;0.092299998;0.097900003;0.080499999;0.213300005;0.218099996;0.207800001;0.211500004;0.219400004;0.205799997;0.207200006;0.223399997;0.086199999;0.103799999;0.1021;0.094800003;0.099600002;0.100599997;0.101999998;0.097199999;0.103;0.080499999;0.0867;0.094400004;0.092500001;0.094400004;0.095799997;0.092500001;0.093500003;0.095700003;0.078599997;0.098999999;0.109999999;0.113499999;0.104699999;0.099299997;0.1039;0.109300002;0.113600001;0.082099997;0.1162;0.104599997;0.100199997;0.104000002;0.101599999;0.102700002
21003.4;0.236300007;0.225400001;0.218099996;0.218999997;0.226799995;0.205899999;0.206599995;0.217700005;0.0858;0.1043;0.105700001;0.0986;0.103299998;0.0986;0.0995;0.097900003;0.104699999;0.080700003;0.091600001;0.097999997;0.092799999;0.096000001;0.0995;0.094800003;0.090300001;0.092100002;0.0788;0.217299998;0.2236;0.217500001;0.222800002;0.231900007;0.212200001;0.203899994;0.219699994;0.0858;0.103500001;0.1008;0.093599997;0.098300003;0.105099998;0.100500003;0.099699996;0.104699999;0.081500001;0.090099998;0.096199997;0.093699999;0.092699997;0.094700001;0.092100002;0.092500001;0.097800002;0.080399998;0.218099996;0.224099994;0.2139;0.215800002;0.224399999;0.211500004;0.213300005;0.229499996;0.086199999;0.1043;0.102600001;0.094700001;0.099699996;0.100599997;0.102499999;0.097499996;0.103600003;0.080399998;0.086599998;0.093999997;0.091899998;0.093599997;0.095600002;0.092;0.093199998;0.095399998;0.078299999;0.099100001;0.1105;0.112999998;0.104699999;0.099299997;0.103799999;0.1096;0.103699997;0.082900003;0.1162;0.103799999;0.100000001;0.104099996;0.1017;0.1043
21603.4;0.240899995;0.230599999;0.224399999;0.225700006;0.233899996;0.212699994;0.2139;0.224999994;0.085500002;0.104800001;0.106600001;0.098399997;0.103299998;0.098099999;0.099600002;0.097599998;0.105300002;0.080300003;0.091399997;0.097999997;0.092500001;0.095799997;0.0999;0.094599999;0.0902;0.091499999;0.078100003;0.221900001;0.228499994;0.223199993;0.227799997;0.237100005;0.217099994;0.208399996;0.223299995;0.084899999;0.103600003;0.101199999;0.093000002;0.097900003;0.104699999;0.100400001;0.099200003;0.104900002;0.080600001;0.089500003;0.095700003;0.093099996;0.091799997;0.093699999;0.090899996;0.092600003;0.096699998;0.0792;0.224999994;0.230700001;0.221399993;0.221799999;0.231700003;0.218700007;0.220699996;0.236599997;0.085000001;0.103799999;0.102300003;0.093800001;0.0986;0.099600002;0.101899996;0.096600004;0.103500001;0.0792;0.085699998;0.0933;0.090899996;0.092399999;0.094700001;0.091600001;0.092900001;0.094499998;0.077699997;0.098200001;0.110100001;0.112199999;0.103500001;0.098800004;0.102799997;0.107799999;0.105999999;0.080700003;0.1153;0.103500001;0.099200003;0.103600003;0.100400001;0.103799999
22203.5;0.247799993;0.238900006;0.232600003;0.232800007;0.240700006;0.219999999;0.221699998;0.232199997;0.085500002;0.105700001;0.107600003;0.098800004;0.103699997;0.098099999;0.100299999;0.097800002;0.106399998;0.080300003;0.091499999;0.098399997;0.092699997;0.095899999;0.100599997;0.094499998;0.091300003;0.092600003;0.078199998;0.227899998;0.235400006;0.230299994;0.234799996;0.243799999;0.224000007;0.215299994;0.230299994;0.084700003;0.104099996;0.1017;0.092600003;0.097900003;0.104400001;0.100299999;0.098800004;0.105599999;0.080499999;0.089400001;0.095700003;0.092900001;0.091399997;0.093500003;0.091499999;0.092900001;0.096699998;0.078900002;0.230599999;0.237800002;0.227699995;0.227500007;0.237499997;0.224299997;0.227500007;0.243000001;0.084399998;0.104099996;0.103;0.093500003;0.098499998;0.099100001;0.102300003;0.096600004;0.104000002;0.0788;0.085500002;0.093400002;0.090899996;0.092100002;0.094499998;0.091899998;0.093199998;0.094300002;0.077299997;0.097999997;0.110799998;0.1118;0.104599997;0.098300003;0.103100002;0.107900001;0.1228;0.079899997;0.114699997;0.103500001;0.099399999;0.103500001;0.100000001;0.102700002
22803.6;0.253500015;0.245700002;0.239399999;0.238999993;0.247600004;0.226999998;0.229399994;0.239899993;0.085600004;0.106600001;0.108499996;0.098700002;0.1043;0.097900003;0.101199999;0.098099999;0.107600003;0.080499999;0.091799997;0.0995;0.0933;0.096500002;0.101300001;0.094599999;0.091600001;0.093000002;0.078299999;0.233799994;0.242500007;0.237800002;0.2421;0.250800014;0.231099993;0.222599998;0.237499997;0.0854;0.105599999;0.103200004;0.093199998;0.099100001;0.104599997;0.101499997;0.099299997;0.107299998;0.081100002;0.090400003;0.096500002;0.093199998;0.092100002;0.094099998;0.092399999;0.094099998;0.0977;0.079899997;0.237900004;0.245100006;0.235300004;0.235699996;0.245100006;0.232199997;0.236900002;0.252299994;0.085600004;0.106299996;0.105099998;0.094499998;0.099799998;0.099600002;0.104099996;0.098099999;0.106200002;0.079999998;0.086800002;0.094999999;0.092299998;0.093000002;0.095399998;0.0933;0.094899997;0.096000001;0.078199998;0.099299997;0.113700002;0.113499999;0.106200002;0.102600001;0.105099998;0.111000001;0.1052;0.081699997;0.117200002;0.106899999;0.1008;0.105599999;0.101800002;0.104800001
23403.7;0.25940001;0.251899987;0.245900005;0.245700002;0.252999991;0.233199999;0.234999999;0.2456;0.085600004;0.1074;0.109499998;0.098800004;0.1052;0.097999997;0.102200001;0.098700002;0.108900003;0.080600001;0.092100002;0.100100003;0.093500003;0.096900001;0.101899996;0.094599999;0.092200004;0.093599997;0.078500003;0.239600003;0.249699995;0.244299993;0.2491;0.258100003;0.237800002;0.230800003;0.245000005;0.085600004;0.106700003;0.104699999;0.093500003;0.0999;0.104699999;0.102700002;0.099600002;0.1087;0.0814;0.090499997;0.097199999;0.093699999;0.092399999;0.094599999;0.093000002;0.094599999;0.098200001;0.080300003;0.242200002;0.250099987;0.240600005;0.241500005;0.251199991;0.238499999;0.241300002;0.257800013;0.086099997;0.1074;0.105899997;0.094599999;0.100699998;0.099600002;0.105400003;0.099100001;0.108099997;0.080300003;0.087200001;0.095200002;0.093000002;0.093500003;0.095600002;0.093800001;0.095399998;0.096600004;0.078500003;0.100000001;0.114399999;0.114200003;0.107199997;0.1008;0.105999999;0.110799998;0.121699996;0.082000002;0.117399998;0.106799997;0.101899996;0.106399998;0.102399997;0.1052
24003.7;0.264999986;0.259000003;0.253600001;0.252400011;0.26030001;0.2403;0.242599994;0.253199995;0.085600004;0.108099997;0.110699996;0.098999999;0.105800003;0.098099999;0.103200004;0.099200003;0.1105;0.080700003;0.092500001;0.100400001;0.093599997;0.097099997;0.102399997;0.094599999;0.092500001;0.093900003;0.078500003;0.2456;0.256199986;0.251300007;0.255400002;0.264200002;0.244499996;0.237499997;0.250800014;0.085699998;0.107600003;0.105899997;0.093699999;0.100599997;0.1043;0.103699997;0.100100003;0.110299997;0.0814;0.090800002;0.097800002;0.0942;0.092500001;0.094599999;0.093500003;0.094800003;0.098499998;0.080300003;0.248899996;0.257800013;0.248300001;0.248799995;0.258599997;0.2465;0.246900007;0.264600009;0.086199999;0.108199999;0.107199997;0.094499998;0.101300001;0.099399999;0.106299996;0.099600002;0.109399997;0.080300003;0.087300003;0.095700003;0.0933;0.093900003;0.095600002;0.094400004;0.095899999;0.097099997;0.078400001;0.098899998;0.113899998;0.114399999;0.107500002;0.100900002;0.106200002;0.111199997;0.107799999;0.082400002;0.118900001;0.107000001;0.1017;0.1074;0.102799997;0.106399998
24603.6;0.270599991;0.265399992;0.26030001;0.259499997;0.26789999;0.248099998;0.250400007;0.260899991;0.085500002;0.1087;0.112400003;0.098999999;0.105700001;0.097400002;0.103600003;0.099299997;0.111400001;0.0801;0.092200004;0.100299999;0.093000002;0.096900001;0.103;0.094499998;0.092500001;0.094099998;0.078000002;0.251700014;0.263700008;0.259000003;0.262800008;0.271899998;0.251700014;0.2447;0.258399993;0.084799998;0.107100002;0.105700001;0.092699997;0.100199997;0.102899998;0.103399999;0.099399999;0.1109;0.080499999;0.0902;0.097499996;0.093599997;0.092100002;0.093199998;0.093000002;0.093999997;0.097499996;0.079099998;0.255199999;0.264699996;0.255100012;0.254700005;0.265100002;0.253300011;0.254200011;0.272399992;0.084799998;0.107699998;0.107000001;0.093099996;0.100699998;0.098099999;0.105899997;0.098899998;0.109399997;0.079000004;0.086199999;0.094599999;0.092;0.093099996;0.094300002;0.093400002;0.094800003;0.095899999;0.077200003;0.098200001;0.113700002;0.113200001;0.106399998;0.101099998;0.104999997;0.110399999;0.131500006;0.080300003;0.116899997;0.106399998;0.100500003;0.105999999;0.1017;0.1052
25203.7;0.278200001;0.273799986;0.268599987;0.267800003;0.276499987;0.256500006;0.259499997;0.269600004;0.085500002;0.109499998;0.113799997;0.099100001;0.106700003;0.097800002;0.104599997;0.100100003;0.113200001;0.080200002;0.092399999;0.101000004;0.093400002;0.097000003;0.103500001;0.094800003;0.092799999;0.094300002;0.0779;0.258700013;0.271400005;0.266400009;0.269899994;0.278600007;0.258599997;0.253100008;0.265500009;0.084799998;0.107799999;0.107000001;0.092900001;0.101000004;0.102799997;0.104400001;0.0999;0.112300001;0.080399998;0.090800002;0.097900003;0.093500003;0.092399999;0.093099996;0.093400002;0.094499998;0.098099999;0.0792;0.263500005;0.272399992;0.262499988;0.261200011;0.273400009;0.261299998;0.264099985;0.280999988;0.084700003;0.108499996;0.108400002;0.0933;0.101599999;0.098300003;0.107199997;0.100199997;0.113200001;0.079000004;0.086300001;0.095100001;0.092100002;0.093699999;0.093999997;0.093599997;0.095200002;0.096500002;0.077200003;0.100000001;0.117799997;0.113700002;0.106899999;0.0999;0.105800003;0.110399999;0.105599999;0.080499999;0.117399998;0.107000001;0.1008;0.106899999;0.102600001;0.105999999
25803.8;0.28490001;0.280499995;0.275700003;0.274699986;0.282499999;0.263000011;0.265700012;0.2755;0.085500002;0.110399999;0.115099996;0.098800004;0.107500002;0.098200001;0.105899997;0.1008;0.114600003;0.080200002;0.092600003;0.101499997;0.093500003;0.0977;0.104099996;0.094999999;0.093199998;0.094899997;0.078000002;0.265599996;0.278499991;0.273499995;0.276800007;0.285899997;0.266299993;0.263300002;0.273099989;0.084700003;0.1087;0.108599998;0.093099996;0.101800002;0.102799997;0.105800003;0.100599997;0.114200003;0.080300003;0.092600003;0.101099998;0.0933;0.093000002;0.092399999;0.093699999;0.094599999;0.098099999;0.078900002;0.270000011;0.279000014;0.270700008;0.266900003;0.280400008;0.268000007;0.272199988;0.287699997;0.084399998;0.1087;0.109200001;0.093099996;0.1021;0.098200001;0.108000003;0.1017;0.1184;0.078699999;0.086000003;0.094599999;0.091600001;0.0942;0.093199998;0.093400002;0.094800003;0.096100003;0.076700002;0.100400001;0.120499998;0.113200001;0.106799997;0.099399999;0.1052;0.110699996;0.104800001;0.079800002;0.117200002;0.1065;0.100599997;0.106799997;0.101800002;0.107600003
26403.8;0.292600006;0.287600011;0.282099992;0.281699985;0.289000005;0.270099998;0.272700012;0.282299995;0.085600004;0.111400001;0.116999999;0.098999999;0.109200001;0.099299997;0.107699998;0.102200001;0.116999999;0.080600001;0.093199998;0.102300003;0.0942;0.098300003;0.104599997;0.095399998;0.0942;0.096000001;0.078699999;0.272599995;0.286799997;0.281100005;0.284299999;0.293300003;0.273600012;0.270300001;0.280999988;0.085600004;0.110799998;0.111500002;0.094700001;0.103799999;0.104500003;0.108400002;0.102600001;0.1171;0.0814;0.091600001;0.0995;0.094599999;0.095299996;0.093500003;0.0955;0.0964;0.0999;0.080300003;0.278299987;0.287999988;0.278299987;0.275900006;0.288199991;0.276899993;0.282000005;0.298200011;0.086099997;0.112300001;0.112899996;0.095299996;0.104900002;0.100500003;0.111199997;0.103100002;0.116099998;0.080300003;0.088;0.096100003;0.093599997;0.096900001;0.095299996;0.096000001;0.097499996;0.098999999;0.079099998;0.100900002;0.118000001;0.115900002;0.109399997;0.1017;0.108499996;0.112499997;0.1105;0.082099997;0.119400002;0.108900003;0.102799997;0.109499998;0.104099996;0.109999999
27003.9;0.299400002;0.2949;0.289999992;0.289200008;0.296099991;0.27790001;0.281100005;0.290699989;0.085600004;0.112300001;0.118900001;0.0995;0.110100001;0.099799998;0.108999997;0.103;0.118900001;0.080600001;0.093400002;0.103;0.094400004;0.098899998;0.104999997;0.095799997;0.094499998;0.096199997;0.078599997;0.278600007;0.293300003;0.287600011;0.291599989;0.299499989;0.280200005;0.277399987;0.287699997;0.085699998;0.111400001;0.113399997;0.094999999;0.104800001;0.105099998;0.1096;0.103399999;0.118799999;0.081299998;0.091899998;0.100500003;0.094999999;0.095600002;0.093500003;0.095700003;0.096699998;0.100199997;0.080200002;0.284099996;0.295599997;0.28490001;0.282900006;0.294400007;0.284500003;0.287800014;0.305099994;0.086099997;0.112599999;0.114299998;0.095600002;0.105700001;0.1008;0.112199999;0.103699997;0.118000001;0.080200002;0.087800004;0.0964;0.0933;0.096699998;0.094499998;0.095799997;0.0973;0.098899998;0.078299999;0.100500003;0.117899999;0.115900002;0.109399997;0.102300003;0.108499996;0.113200001;0.108800001;0.082099997;0.119599998;0.109800003;0.103500001;0.109800003;0.104099996;0.1096
27604;0.308499992;0.30399999;0.298599988;0.297500014;0.3037;0.286199987;0.289099991;0.298299998;0.085600004;0.1131;0.121299997;0.099699996;0.111100003;0.100400001;0.110299997;0.104099996;0.121100001;0.080600001;0.093699999;0.104099996;0.094899997;0.099399999;0.105400003;0.0964;0.094999999;0.096799999;0.078900002;0.28670001;0.301899999;0.295599997;0.300500005;0.307500005;0.288800001;0.287299991;0.296299994;0.086199999;0.112800002;0.115099996;0.0955;0.105999999;0.105499998;0.111100003;0.104500003;0.121200003;0.081500001;0.092299998;0.101199999;0.095299996;0.096199997;0.093599997;0.096500002;0.097199999;0.100900002;0.080499999;0.290399998;0.302300006;0.291700006;0.290600002;0.301299989;0.292400002;0.29519999;0.311800003;0.086099997;0.113899998;0.115999997;0.095899999;0.107000001;0.1017;0.114100002;0.104800001;0.120099999;0.080399998;0.088200003;0.096699998;0.093500003;0.097400002;0.094800003;0.096600004;0.098099999;0.099699996;0.0788;0.101099998;0.119099997;0.116999999;0.110200003;0.102899998;0.109200001;0.113499999;0.111900002;0.082199998;0.120200001;0.111199997;0.1043;0.110799998;0.104800001;0.110299997
28204;0.314300001;0.310299993;0.305299997;0.3046;0.309799999;0.293300003;0.296099991;0.305099994;0.085600004;0.114200003;0.123599999;0.0999;0.112300001;0.101000004;0.1118;0.104999997;0.123000003;0.080600001;0.093800001;0.104500003;0.094599999;0.100000001;0.106200002;0.096699998;0.095299996;0.097000003;0.078699999;0.293099999;0.308200002;0.30250001;0.306600004;0.3134;0.295100003;0.294200003;0.301899999;0.0858;0.113600001;0.116700001;0.095799997;0.107000001;0.106200002;0.112899996;0.105599999;0.123300001;0.081500001;0.092399999;0.1017;0.0955;0.096600004;0.093500003;0.096699998;0.097499996;0.101199999;0.080499999;0.298500001;0.310900003;0.300700009;0.299100012;0.310299993;0.301099986;0.30340001;0.319900006;0.086300001;0.114200003;0.1175;0.096299998;0.108099997;0.102300003;0.115099996;0.105899997;0.122400001;0.080399998;0.088500001;0.097199999;0.093900003;0.097800002;0.094700001;0.097099997;0.0986;0.100199997;0.079000004;0.1017;0.120399997;0.116700001;0.110399999;0.102899998;0.109999999;0.113700002;0.139200002;0.082400002;0.120700002;0.111299999;0.1039;0.111400001;0.105300002;0.1109
28804.1;0.321399987;0.316900015;0.312400013;0.31220001;0.316799998;0.301099986;0.304100007;0.312700003;0.085500002;0.115599997;0.126100004;0.100000001;0.113200001;0.101400003;0.1131;0.105899997;0.125100002;0.080300003;0.093699999;0.104900002;0.094400004;0.100100003;0.106399998;0.097000003;0.095200002;0.097000003;0.078100003;0.300799996;0.316199988;0.310600013;0.314900011;0.32100001;0.303000003;0.30399999;0.308999985;0.085000001;0.113600001;0.117700003;0.095299996;0.107199997;0.105800003;0.113600001;0.105800003;0.124600001;0.080600001;0.092200004;0.102499999;0.094599999;0.096100003;0.092500001;0.096000001;0.096799999;0.100400001;0.0792;0.305099994;0.317499995;0.306899995;0.304199994;0.315200001;0.307200015;0.313499987;0.329400003;0.084899999;0.115000002;0.118699998;0.095600002;0.108099997;0.101800002;0.115999997;0.1065;0.129800007;0.0792;0.087499999;0.096299998;0.092200004;0.096799999;0.093500003;0.095899999;0.097499996;0.099299997;0.077399999;0.102799997;0.128399998;0.115999997;0.1096;0.101999998;0.108499996;0.1131;0.1083;0.081100002;0.119099997;0.110699996;0.103500001;0.110799998;0.104400001;0.112800002
29404.2;0.32980001;0.324999988;0.319499999;0.319000006;0.322699994;0.307500005;0.310499996;0.319299996;0.085299999;0.1162;0.128199995;0.100000001;0.114200003;0.101999998;0.114699997;0.106899999;0.127499998;0.079999998;0.093699999;0.105499998;0.094499998;0.100599997;0.106600001;0.097199999;0.095399998;0.097199999;0.077799998;0.307000011;0.322899997;0.317400008;0.3222;0.328399986;0.311199993;0.315699995;0.320100009;0.084700003;0.114600003;0.119800001;0.095600002;0.1083;0.106299996;0.1153;0.106899999;0.127100006;0.080200002;0.095600002;0.108800001;0.094300002;0.096100003;0.092500001;0.095799997;0.096600004;0.100299999;0.078699999;0.312599987;0.325300008;0.315699995;0.311800003;0.322299987;0.31310001;0.32159999;0.337799996;0.084299996;0.115199998;0.120099999;0.095399998;0.108999997;0.102200001;0.117700003;0.111900002;0.138400003;0.078699999;0.086599998;0.095899999;0.091600001;0.097000003;0.093599997;0.095899999;0.097900003;0.099699996;0.079499997;0.109099999;0.136899993;0.115500003;0.109300002;0.101300001;0.108199999;0.1131;0.107699998;0.080200002;0.1193;0.110699996;0.103600003;0.1109;0.103799999;0.1127
30004.2;0.339399993;0.333999991;0.327699989;0.327600002;0.330799997;0.316000015;0.318100005;0.326099992;0.0858;0.117799997;0.130700007;0.100500003;0.116400003;0.103600003;0.117200002;0.108900003;0.130500004;0.080600001;0.094400004;0.106799997;0.095299996;0.101400003;0.107299998;0.098200001;0.096500002;0.098200001;0.078500003;0.313499987;0.330799997;0.324699998;0.328599989;0.334300011;0.316599995;0.320899993;0.321999997;0.085600004;0.116599999;0.123300001;0.097400002;0.1109;0.108199999;0.118299998;0.109300002;0.1303;0.081200004;0.092900001;0.103600003;0.095700003;0.097800002;0.094400004;0.097800002;0.098499998;0.102300003;0.080200002;0.319700003;0.334100008;0.321999997;0.319900006;0.328999996;0.322899997;0.33070001;0.3477;0.086000003;0.118199997;0.123999998;0.097599998;0.111900002;0.104500003;0.120499998;0.109499998;0.129199997;0.080200002;0.088399999;0.097400002;0.093400002;0.098899998;0.095700003;0.098099999;0.099699996;0.101400003;0.078599997;0.101899996;0.123300001;0.117700003;0.1118;0.103799999;0.110600002;0.114699997;0.111599997;0.082199998;0.121799998;0.113200001;0.105499998;0.113300003;0.1061;0.114699997
30604.3;0.348100007;0.342200011;0.335999995;0.335299999;0.338800013;0.324800014;0.327100009;0.334399998;0.085600004;0.119099997;0.133699998;0.101000004;0.117700003;0.104599997;0.119000003;0.110100001;0.133399993;0.080700003;0.094800003;0.107900001;0.095700003;0.102399997;0.1074;0.0986;0.096699998;0.0986;0.078400001;0.3204;0.338;0.332199991;0.336400002;0.341199994;0.324299991;0.328299999;0.32980001;0.085500002;0.118100002;0.126100004;0.098099999;0.112400003;0.109300002;0.120700002;0.1109;0.133300006;0.081299998;0.093099996;0.104400001;0.095899999;0.097900003;0.093900003;0.097999997;0.098800004;0.102700002;0.080200002;0.326400012;0.342299998;0.33039999;0.328900009;0.337199986;0.331200004;0.336400002;0.353500009;0.085900001;0.119400002;0.126100004;0.098099999;0.113399997;0.105400003;0.122500002;0.1109;0.131899998;0.080200002;0.088;0.097800002;0.093199998;0.098999999;0.095100001;0.098200001;0.0999;0.1017;0.078100003;0.101899996;0.123899996;0.118199997;0.112800002;0.104000002;0.110399999;0.114600003;0.110399999;0.082199998;0.121699996;0.113700002;0.105800003;0.113899998;0.1065;0.115400001
31204.4;0.355300009;0.348800004;0.342099994;0.341800004;0.343699992;0.330199987;0.332199991;0.34009999;0.085500002;0.120499998;0.136199996;0.101400003;0.119499996;0.105700001;0.121399999;0.112199999;0.136600003;0.080700003;0.095100001;0.108900003;0.096299998;0.102899998;0.108199999;0.099399999;0.0973;0.099299997;0.078000002;0.325899988;0.344300002;0.33860001;0.342799991;0.346799999;0.33129999;0.336600006;0.335700005;0.085699998;0.119599998;0.1285;0.098700002;0.113899998;0.110699996;0.123199999;0.112899996;0.137099996;0.0814;0.0933;0.105300002;0.096100003;0.098499998;0.093999997;0.098300003;0.099299997;0.103299998;0.080200002;0.330799997;0.3495;0.337099999;0.334800005;0.343499988;0.337399989;0.343800008;0.360300004;0.086000003;0.120800003;0.128900006;0.098899998;0.115199998;0.106799997;0.125200003;0.112599999;0.135000005;0.080200002;0.088100001;0.098499998;0.093400002;0.099299997;0.094800003;0.098700002;0.100400001;0.102200001;0.078299999;0.102300003;0.124799997;0.119000003;0.112999998;0.104599997;0.110699996;0.114799999;0.112800002;0.082000002;0.122699998;0.114299998;0.106200002;0.114299998;0.106899999;0.116999999
31804.4;0.361099988;0.355699986;0.347299993;0.347600013;0.348199993;0.335299999;0.336699992;0.345299989;0.085600004;0.121799998;0.138999999;0.101800002;0.1206;0.1065;0.123099998;0.1131;0.138899997;0.080499999;0.095200002;0.109399997;0.096000001;0.103399999;0.108800001;0.099799998;0.097800002;0.099799998;0.078299999;0.332300007;0.351799995;0.345800012;0.351200014;0.354000002;0.338800013;0.347799987;0.343199998;0.0858;0.120099999;0.130600005;0.099399999;0.115500003;0.111599997;0.125300005;0.114200003;0.1391;0.0814;0.093599997;0.106299996;0.096299998;0.099100001;0.094300002;0.099100001;0.100000001;0.1039;0.080399998;0.336699992;0.35620001;0.342799991;0.340999991;0.34799999;0.343899995;0.350699991;0.367900014;0.086199999;0.122000001;0.131600007;0.099699996;0.116899997;0.108199999;0.127100006;0.114299998;0.137199998;0.080399998;0.088699996;0.098999999;0.093400002;0.100000001;0.094999999;0.099299997;0.101000004;0.102799997;0.078400001;0.102799997;0.126000002;0.119599998;0.112899996;0.104900002;0.111199997;0.115400001;0.114799999;0.082099997;0.122900002;0.115500003;0.107199997;0.115099996;0.107799999;0.118299998
32404.5;0.368400007;0.362500012;0.354000002;0.354600012;0.354299992;0.342200011;0.343400002;0.351700008;0.085600004;0.123000003;0.142100006;0.102600001;0.122599997;0.108099997;0.1259;0.115199998;0.142399997;0.080700003;0.0955;0.109999999;0.095799997;0.103799999;0.109099999;0.100400001;0.098300003;0.100299999;0.078500003;0.33950001;0.358500004;0.353100002;0.3583;0.360799998;0.345800012;0.3565;0.349900007;0.086000003;0.122500002;0.133599997;0.100400001;0.117399998;0.1131;0.127900004;0.1162;0.1426;0.081500001;0.0942;0.107299998;0.096600004;0.099799998;0.094800003;0.099699996;0.100500003;0.104599997;0.080499999;0.344700009;0.3653;0.352200001;0.349799991;0.356400013;0.352600008;0.360599995;0.377400011;0.086400002;0.124799997;0.1347;0.1008;0.1193;0.110100001;0.130500004;0.116700001;0.141100004;0.080499999;0.089000002;0.099299997;0.0933;0.100599997;0.096199997;0.099799998;0.101499997;0.103500001;0.078900002;0.103200004;0.127200007;0.1193;0.118699998;0.104900002;0.111599997;0.1153;0.111000001;0.082400002;0.122900002;0.115699999;0.107299998;0.115699999;0.108599998;0.117399998
33004.6;0.378800005;0.370900005;0.363299996;0.364199996;0.362899989;0.351500005;0.352800012;0.361200005;0.0854;0.124700002;0.145500004;0.103;0.123400003;0.108499996;0.127299994;0.115999997;0.144700006;0.0801;0.095100001;0.110299997;0.095399998;0.104599997;0.109099999;0.100699998;0.097999997;0.100000001;0.077500001;0.344599992;0.364300013;0.358900011;0.364199996;0.366299987;0.351599991;0.362699986;0.354900002;0.084899999;0.122699998;0.135600001;0.100100003;0.118000001;0.113200001;0.129600003;0.117200002;0.145300001;0.080399998;0.094499998;0.109300002;0.0955;0.098999999;0.093599997;0.098700002;0.0995;0.103600003;0.079099998;0.350100011;0.370400012;0.3583;0.355100006;0.361799985;0.357300013;0.370000005;0.383100003;0.084799998;0.123000003;0.135100007;0.0999;0.1193;0.109200001;0.130600005;0.121100001;0.149200007;0.079099998;0.0876;0.098399997;0.091799997;0.099399999;0.094800003;0.098899998;0.100500003;0.102499999;0.079099998;0.106600001;0.136000007;0.118199997;0.116300002;0.103299998;0.110100001;0.114100002;0.1118;0.080799997;0.121799998;0.114500001;0.106799997;0.114500001;0.107299998;0.116700001
33604.6;0.386299998;0.377700001;0.370099992;0.370900005;0.368699998;0.356599987;0.357600003;0.366699994;0.0854;0.126499996;0.148800001;0.103500001;0.125699997;0.110299997;0.130700007;0.118000001;0.148200005;0.0801;0.0955;0.111199997;0.095700003;0.104800001;0.109700002;0.101199999;0.098499998;0.100299999;0.077600002;0.352499992;0.372200012;0.366299987;0.371899992;0.372799993;0.359100014;0.377900004;0.368000001;0.084700003;0.123599999;0.1382;0.100599997;0.1193;0.114100002;0.131899998;0.118699998;0.147100002;0.080200002;0.097499996;0.115000002;0.095399998;0.099100001;0.093900003;0.098899998;0.099600002;0.103600003;0.0788;0.357199997;0.378699988;0.366400003;0.363400012;0.370799989;0.363499999;0.379500002;0.391400009;0.084399998;0.124899998;0.138400003;0.100500003;0.121399999;0.110600002;0.134299994;0.129700005;0.159400001;0.0788;0.087399997;0.098399997;0.091300003;0.0995;0.094899997;0.098700002;0.101099998;0.103799999;0.083300002;0.112000003;0.143399999;0.118100002;0.112899996;0.103;0.109499998;0.113499999;0.109899998;0.080200002;0.121200003;0.114;0.106200002;0.114299998;0.106700003;0.117700003
34204.9;0.394400001;0.384600013;0.377999991;0.378399998;0.375699997;0.364300013;0.3653;0.3741;0.085600004;0.128199995;0.152500004;0.104400001;0.127800003;0.1118;0.132699996;0.120499998;0.1523;0.080600001;0.096000001;0.113399997;0.096799999;0.105999999;0.110100001;0.101999998;0.0995;0.101499997;0.078299999;0.357300013;0.378199995;0.371499985;0.377799988;0.377499998;0.363000005;0.380699992;0.368200004;0.085600004;0.126300007;0.142800003;0.102799997;0.122500002;0.116899997;0.135600001;0.1219;0.151199996;0.081299998;0.094499998;0.1096;0.096500002;0.100699998;0.095700003;0.1008;0.101499997;0.105599999;0.080200002;0.364800006;0.385399997;0.372599989;0.372000009;0.377499998;0.372299999;0.386500001;0.398299992;0.085900001;0.1285;0.142399997;0.102499999;0.124600001;0.113300003;0.136800006;0.121699996;0.149399996;0.080200002;0.088699996;0.100100003;0.093199998;0.101199999;0.096600004;0.100699998;0.102499999;0.104599997;0.078500003;0.102600001;0.128900006;0.119999997;0.114299998;0.105300002;0.111400001;0.115800001;0.112599999;0.082099997;0.123899996;0.1162;0.108400002;0.116599999;0.108800001;0.120099999
34804.8;0.4014;0.391799986;0.384200007;0.38499999;0.381300002;0.369500011;0.370000005;0.379099995;0.085600004;0.129600003;0.1558;0.105499998;0.1303;0.113700002;0.135800004;0.122699998;0.156299993;0.080600001;0.0964;0.114200003;0.096900001;0.106700003;0.110699996;0.102700002;0.0999;0.101800002;0.078400001;0.364100009;0.38499999;0.378100008;0.385800004;0.384299994;0.370499998;0.391900003;0.37470001;0.085600004;0.127800003;0.145699993;0.103600003;0.124600001;0.118500002;0.138999999;0.124399997;0.157499999;0.081200004;0.094599999;0.110299997;0.096799999;0.101000004;0.096100003;0.101000004;0.101800002;0.105899997;0.0801;0.369700015;0.39199999;0.379000008;0.378199995;0.382200003;0.378899992;0.394600004;0.405099988;0.085900001;0.130799994;0.145799994;0.103699997;0.126900002;0.115400001;0.140400007;0.123999998;0.154100001;0.0801;0.088600002;0.100199997;0.092699997;0.101300001;0.096699998;0.101000004;0.102700002;0.104999997;0.078400001;0.102700002;0.129500002;0.120399997;0.123400003;0.104900002;0.111299999;0.115500003;0.1329;0.0823;0.123400003;0.116499998;0.108800001;0.116599999;0.109099999;0.1197
35405;0.40990001;0.399500012;0.392500013;0.392399997;0.388399988;0.377700001;0.378199995;0.386799991;0.085600004;0.131899998;0.159799993;0.1065;0.132499993;0.115400001;0.138899997;0.125100002;0.159500003;0.080700003;0.096699998;0.115000002;0.096900001;0.1074;0.111299999;0.103299998;0.100299999;0.102399997;0.0788;0.370499998;0.391600013;0.385100007;0.392199993;0.390399992;0.376300007;0.400599986;0.379500002;0.0858;0.129700005;0.149000004;0.104699999;0.126699999;0.119900003;0.142100006;0.127000004;0.161500007;0.0814;0.094899997;0.111400001;0.097400002;0.1017;0.096900001;0.1017;0.102300003;0.1065;0.080300003;0.377700001;0.4014;0.387600005;0.388099998;0.391600013;0.388599992;0.403800011;0.413300008;0.086000003;0.133000001;0.149900004;0.104900002;0.129299998;0.117399998;0.143199995;0.126300007;0.157800004;0.080300003;0.089100003;0.100699998;0.092900001;0.101899996;0.097599998;0.101899996;0.103600003;0.105800003;0.079000004;0.103399999;0.130999997;0.121100001;0.113700002;0.105499998;0.1118;0.115900002;0.111699998;0.082199998;0.123800002;0.117200002;0.109399997;0.117299996;0.1105;0.119999997
36005.1;0.417100012;0.407000005;0.399699986;0.399599999;0.395200014;0.384600013;0.385199994;0.393099993;0.085600004;0.1338;0.163699999;0.107600003;0.134399995;0.116899997;0.141399994;0.127299994;0.162300006;0.080700003;0.096799999;0.115900002;0.097000003;0.108199999;0.1118;0.104000002;0.1008;0.102700002;0.0788;0.375099987;0.396800011;0.390300006;0.398499995;0.396200001;0.382699996;0.409099996;0.385100007;0.0858;0.130799994;0.152700007;0.1061;0.129299998;0.1219;0.144500002;0.128999993;0.1646;0.081500001;0.095700003;0.112999998;0.097900003;0.1021;0.097400002;0.102200001;0.102799997;0.107000001;0.080399998;0.382699996;0.405299991;0.392399997;0.392800003;0.396200001;0.3935;0.411300004;0.419499993;0.086199999;0.133900002;0.153400004;0.106200002;0.131899998;0.119099997;0.146400005;0.128900006;0.160999998;0.080399998;0.089199997;0.101499997;0.093099996;0.102499999;0.097999997;0.102499999;0.104199998;0.106399998;0.079400003;0.104199998;0.131899998;0.1219;0.117299996;0.105999999;0.112199999;0.116099998;0.112899996;0.082400002;0.124300003;0.118100002;0.109899998;0.117799997;0.110799998;0.1206
36605.1;0.424699992;0.413399994;0.405299991;0.406399995;0.401199996;0.390199989;0.389800012;0.398099989;0.085600004;0.135499999;0.167300001;0.1087;0.136999995;0.118900001;0.144600004;0.129500002;0.166700006;0.080700003;0.097099997;0.116800003;0.097400002;0.109099999;0.112400003;0.104699999;0.101000004;0.102899998;0.078699999;0.381799996;0.403499991;0.396899998;0.405400008;0.401800007;0.387699991;0.419800013;0.390399992;0.085900001;0.132300004;0.156299993;0.107199997;0.131600007;0.123800002;0.148399994;0.131699994;0.167400002;0.081600003;0.095899999;0.113799997;0.097999997;0.102399997;0.097499996;0.102399997;0.103100002;0.1074;0.080499999;0.389200002;0.41170001;0.400299996;0.400700003;0.403499991;0.399800003;0.41870001;0.424699992;0.086300001;0.136399999;0.156499997;0.107199997;0.134599999;0.120999999;0.149700001;0.131099999;0.163800001;0.080499999;0.089500003;0.101599999;0.092900001;0.102399997;0.098099999;0.102600001;0.104500003;0.106899999;0.0792;0.104199998;0.132100001;0.122400001;0.115699999;0.1061;0.112599999;0.116400003;0.113799997;0.082599998;0.124799997;0.1184;0.1149;0.1184;0.111299999;0.121100001
37205.2;0.432300001;0.421000004;0.412499994;0.413800001;0.407400012;0.397000015;0.396800011;0.405000001;0.0854;0.138099998;0.171299994;0.109899998;0.138400003;0.119800001;0.147;0.130999997;0.168899998;0.0801;0.096799999;0.116999999;0.096900001;0.108999997;0.1127;0.104999997;0.100599997;0.102499999;0.078000002;0.387600005;0.409500003;0.40259999;0.411900014;0.408499986;0.394699991;0.428299993;0.396299988;0.084899999;0.133100003;0.159400001;0.1074;0.133100003;0.124499999;0.151199996;0.133499995;0.169599995;0.080700003;0.095299996;0.114200003;0.0973;0.1017;0.096600004;0.101400003;0.1021;0.106399998;0.0792;0.394800007;0.416500002;0.405099988;0.405900002;0.408800006;0.405200005;0.426600009;0.430700004;0.084899999;0.136700004;0.159500003;0.107100002;0.136000007;0.1219;0.152400002;0.132699996;0.165900007;0.079300001;0.088399999;0.100699998;0.091600001;0.101300001;0.097000003;0.1017;0.103399999;0.105800003;0.078000002;0.103600003;0.1329;0.121600002;0.123800002;0.104800001;0.111299999;0.115400001;0.1109;0.081100002;0.122900002;0.117399998;0.110100001;0.117200002;0.110200003;0.121399999
37805.2;0.440100014;0.427100003;0.419400007;0.420399994;0.414000005;0.403299987;0.403600007;0.41139999;0.0854;0.140200004;0.175300002;0.111100003;0.141000003;0.1219;0.150900006;0.134000003;0.172499999;0.0801;0.097099997;0.118299998;0.0973;0.109899998;0.1131;0.105599999;0.1008;0.102700002;0.0779;0.39320001;0.415800005;0.40959999;0.41870001;0.415199995;0.401899993;0.440299988;0.406500012;0.084700003;0.134800002;0.162699997;0.108499996;0.135299996;0.126499996;0.154499993;0.136500001;0.172800004;0.080300003;0.099399999;0.123099998;0.097099997;0.101800002;0.096699998;0.101499997;0.1021;0.106399998;0.078900002;0.4005;0.422300011;0.412800014;0.414099991;0.417699993;0.409999996;0.436300009;0.438800007;0.0845;0.1391;0.162799999;0.107799999;0.138400003;0.123400003;0.155699998;0.143900007;0.181500003;0.0788;0.088;0.100699998;0.091200002;0.101000004;0.096799999;0.101300001;0.103500001;0.106799997;0.083400004;0.111900002;0.144400001;0.121200003;0.112000003;0.104199998;0.110600002;0.116999999;0.1109;0.080600001;0.123099998;0.116700001;0.1105;0.116700001;0.109800003;0.120899998
38405.2;0.445499986;0.432599992;0.425999999;0.427300006;0.420899987;0.410299987;0.409799993;0.417600006;0.085600004;0.142199993;0.179399997;0.1127;0.144600004;0.124700002;0.155699998;0.137600005;0.176100001;0.080600001;0.097999997;0.119599998;0.097900003;0.111100003;0.113899998;0.1065;0.101599999;0.103600003;0.078599997;0.400000006;0.423000008;0.416599989;0.425099999;0.421799988;0.407299995;0.448300004;0.406899989;0.085600004;0.137700006;0.168799996;0.111199997;0.139500007;0.130099997;0.158899993;0.140699998;0.175999999;0.081299998;0.096100003;0.116800003;0.098200001;0.103200004;0.098499998;0.103100002;0.103500001;0.107900001;0.080200002;0.407499999;0.4287;0.417100012;0.419099987;0.419999987;0.417899996;0.444299996;0.445800006;0.086099997;0.141200006;0.168200001;0.1109;0.142900005;0.127499998;0.158600003;0.139799997;0.171900004;0.080200002;0.089599997;0.102399997;0.093099996;0.102799997;0.0986;0.103200004;0.1052;0.1074;0.079300001;0.104699999;0.134299994;0.123800002;0.112499997;0.107000001;0.112400003;0.116499998;0.112499997;0.0823;0.125400007;0.118299998;0.112099998;0.118600003;0.111599997;0.121799998
39005.3;0.452499986;0.438199997;0.431600004;0.433099985;0.425999999;0.416200012;0.415300012;0.423299998;0.085600004;0.144500002;0.183599994;0.114299998;0.147;0.126599997;0.157800004;0.140000001;0.177900001;0.080499999;0.097900003;0.120999999;0.098300003;0.111900002;0.114200003;0.107000001;0.101800002;0.1039;0.078599997;0.404599994;0.42719999;0.421600014;0.430599988;0.427100003;0.4111;0.455599993;0.412699997;0.085600004;0.139400005;0.173299998;0.112599999;0.142199993;0.131899998;0.163000003;0.143099993;0.178599998;0.081200004;0.0964;0.118100002;0.098800004;0.103299998;0.098399997;0.103200004;0.103600003;0.108099997;0.079999998;0.412699997;0.434300005;0.422800004;0.426099986;0.426600009;0.423900008;0.448100001;0.449200004;0.085699998;0.142499998;0.172099993;0.111900002;0.145799994;0.129600003;0.163499996;0.141800001;0.174899995;0.079899997;0.089400001;0.102399997;0.092900001;0.102600001;0.0986;0.103100002;0.105099998;0.1074;0.0788;0.104199998;0.134399995;0.123899996;0.112999998;0.106399998;0.112800002;0.116599999;0.140400007;0.082099997;0.125300005;0.118699998;0.112499997;0.118799999;0.1118;0.121600002
39605.3;0.458700001;0.444799989;0.437700003;0.439999998;0.431899995;0.421900004;0.4208;0.428299993;0.085600004;0.146699995;0.187800005;0.115699999;0.149599999;0.128800005;0.160600007;0.142700002;0.180199996;0.080600001;0.097999997;0.121799998;0.098700002;0.112899996;0.115000002;0.107699998;0.101899996;0.104000002;0.078500003;0.408499986;0.431899995;0.426699996;0.435200006;0.4296;0.414099991;0.462399989;0.416399986;0.085600004;0.141200006;0.1778;0.113899998;0.145300001;0.134100005;0.166500002;0.1461;0.181199998;0.081299998;0.096799999;0.1193;0.099200003;0.103500001;0.0986;0.103399999;0.1039;0.108499996;0.0801;0.419099987;0.441399992;0.430400014;0.434300005;0.435299993;0.431300014;0.455900013;0.45570001;0.085900001;0.1461;0.177200004;0.113499999;0.148900002;0.132200003;0.167600006;0.144199997;0.178499997;0.0801;0.089599997;0.102399997;0.093000002;0.102899998;0.098899998;0.103600003;0.105499998;0.107699998;0.078400001;0.104699999;0.135000005;0.124300003;0.1131;0.1065;0.112800002;0.116599999;0.114299998;0.0823;0.125799999;0.119199999;0.112800002;0.119199999;0.112300001;0.122699998
40205.4;0.465900004;0.451799989;0.445600003;0.447299987;0.4384;0.4287;0.427899987;0.435400009;0.085600004;0.149000004;0.192000002;0.117600001;0.152799994;0.131300002;0.1646;0.145600006;0.1831;0.080600001;0.098499998;0.122599997;0.099200003;0.113600001;0.115999997;0.108499996;0.102200001;0.1043;0.078699999;0.415199995;0.4384;0.433400005;0.442000002;0.437099993;0.421600014;0.471899986;0.422399998;0.085699998;0.142900005;0.181999996;0.115599997;0.148399994;0.136899993;0.169499993;0.149599999;0.183899999;0.0814;0.0973;0.1206;0.099699996;0.1039;0.098999999;0.1039;0.1043;0.108999997;0.080300003;0.424699992;0.448500007;0.4375;0.441599995;0.441500008;0.4384;0.463200003;0.462599993;0.086000003;0.148599997;0.182699993;0.115800001;0.152799994;0.1347;0.170699999;0.147799999;0.181799993;0.080300003;0.090000004;0.103;0.0933;0.103200004;0.099299997;0.104000002;0.105899997;0.1083;0.078900002;0.1052;0.135700002;0.124799997;0.114100002;0.106799997;0.112999998;0.116300002;0.113399997;0.0823;0.125499994;0.1197;0.114200003;0.119499996;0.112899996;0.125300005
40805.5;0.471899986;0.458099991;0.451599985;0.452800006;0.444200009;0.435000002;0.433299989;0.440699995;0.085600004;0.150999993;0.195800006;0.1193;0.156399995;0.134000003;0.168699995;0.149299994;0.186000004;0.080700003;0.098800004;0.123400003;0.099600002;0.114100002;0.116599999;0.108999997;0.102399997;0.104599997;0.0788;0.419999987;0.444099993;0.439399987;0.447400004;0.442400008;0.427100003;0.479999989;0.427599996;0.085900001;0.145300001;0.186800003;0.117399998;0.151899993;0.139400005;0.172999993;0.153500006;0.186299995;0.081500001;0.097599998;0.121699996;0.100100003;0.104199998;0.0995;0.104199998;0.104599997;0.109499998;0.080399998;0.430500001;0.454299986;0.444000006;0.446700007;0.4463;0.444299996;0.468699992;0.467700005;0.086199999;0.150000006;0.1866;0.1171;0.156499997;0.137799993;0.173999995;0.151700005;0.185100004;0.080499999;0.0902;0.103399999;0.093599997;0.103200004;0.099399999;0.104000002;0.105899997;0.108400002;0.079300001;0.105099998;0.136000007;0.125699997;0.114699997;0.107199997;0.113300003;0.118100002;0.137700006;0.082500003;0.125300005;0.120200001;0.114799999;0.119999997;0.113499999;0.125499994
41405.5;0.477899998;0.462099999;0.456999987;0.458499998;0.449499995;0.440299988;0.438699991;0.445899993;0.085699998;0.153899997;0.200499997;0.1215;0.159600005;0.136600003;0.172099993;0.152700007;0.1884;0.080700003;0.099200003;0.123800002;0.099299997;0.1149;0.1175;0.1096;0.102600001;0.104900002;0.0788;0.425599992;0.449800014;0.445300013;0.453200012;0.448500007;0.433099985;0.489199996;0.433099985;0.085900001;0.147699997;0.191300005;0.119400002;0.156299993;0.142800003;0.176799998;0.158000007;0.190099999;0.081699997;0.097999997;0.123000003;0.100400001;0.104400001;0.0995;0.1043;0.104800001;0.109700002;0.080499999;0.435099989;0.457599998;0.448399991;0.451000005;0.450500011;0.449400008;0.475800008;0.473199993;0.086300001;0.151999995;0.191499993;0.119000003;0.1611;0.141100004;0.177599996;0.155599996;0.186700001;0.080499999;0.090499997;0.103699997;0.093800001;0.103500001;0.099699996;0.104400001;0.106299996;0.108800001;0.079300001;0.105800003;0.136800006;0.126100004;0.114100002;0.107299998;0.113600001;0.116599999;0.113700002;0.082699999;0.125599995;0.120499998;0.1149;0.119999997;0.113799997;0.126499996
42005.6;0.4833;0.468899995;0.462500006;0.464100003;0.454100013;0.445899993;0.443899989;0.451499999;0.0854;0.155100003;0.203999996;0.123099998;0.162499994;0.138699993;0.1752;0.155399993;0.190699995;0.079999998;0.098800004;0.124200001;0.098999999;0.1149;0.117600001;0.109899998;0.101899996;0.104099996;0.077799998;0.430599988;0.454600006;0.450800002;0.458000004;0.453000009;0.4384;0.495099992;0.43810001;0.0845;0.147499993;0.193900004;0.1197;0.159700006;0.143800005;0.178200006;0.160400003;0.191499993;0.079899997;0.096699998;0.1228;0.099299997;0.102700002;0.097900003;0.102399997;0.102799997;0.107900001;0.078400001;0.438199997;0.461600006;0.452199996;0.4542;0.453299999;0.453299999;0.479200006;0.476799995;0.083700001;0.151600003;0.193399996;0.1184;0.163299993;0.141200006;0.177900001;0.157900006;0.187800005;0.078199998;0.087800004;0.101199999;0.091300003;0.1008;0.097000003;0.101599999;0.103500001;0.1061;0.076499999;0.103200004;0.134399995;0.123300001;0.1109;0.104500003;0.1105;0.113300003;0.128900006;0.079499997;0.122599997;0.117799997;0.113300003;0.117399998;0.111100003;0.122199997
42605.6;0.4903;0.476000011;0.469700009;0.470999986;0.460900009;0.452300012;0.450100005;0.458099991;0.085500002;0.157600001;0.208499998;0.125300005;0.167899996;0.141900003;0.178599998;0.158800006;0.193599999;0.080200002;0.098999999;0.125200003;0.0999;0.115900002;0.117899999;0.1105;0.1021;0.1043;0.077600002;0.437000006;0.459600002;0.457100004;0.463099986;0.458200008;0.443699986;0.505400002;0.446999997;0.084799998;0.150399998;0.198100001;0.122100003;0.164800003;0.147200003;0.180999994;0.163399994;0.194800004;0.080399998;0.101300001;0.131500006;0.099799998;0.103399999;0.098499998;0.103299998;0.103699997;0.108800001;0.079099998;0.447100013;0.469399989;0.461199999;0.464899987;0.465799987;0.459800005;0.491299987;0.486900002;0.084700003;0.1567;0.199100003;0.121299997;0.168099999;0.145699993;0.184400007;0.171700001;0.205400005;0.079000004;0.089000002;0.102300003;0.092100002;0.101899996;0.098200001;0.103;0.105300002;0.108400002;0.082099997;0.115400001;0.1479;0.124499999;0.111900002;0.105899997;0.112199999;0.116099998;0.111699998;0.080899999;0.124399997;0.118600003;0.115000002;0.118600003;0.112599999;0.116599999
43205.7;0.495499998;0.4815;0.4745;0.476599991;0.465999991;0.458299994;0.455599993;0.46329999;0.085600004;0.158800006;0.212400004;0.127599999;0.173299998;0.145400003;0.181400001;0.162499994;0.196199998;0.080499999;0.0995;0.126599997;0.100400001;0.117299996;0.118699998;0.111199997;0.102899998;0.105099998;0.078400001;0.442699999;0.4648;0.462300003;0.467799991;0.463200003;0.448300004;0.50910002;0.448100001;0.085600004;0.152999997;0.203299999;0.125400007;0.168899998;0.151099995;0.184499994;0.167300001;0.196799994;0.081200004;0.100900002;0.126200005;0.1008;0.104800001;0.100000001;0.104699999;0.105099998;0.110200003;0.080200002;0.453599989;0.474999994;0.467400014;0.472200006;0.470800012;0.466600001;0.496600002;0.492599994;0.086000003;0.158700004;0.204099998;0.124899998;0.171000004;0.149399996;0.185699999;0.177100003;0.207000002;0.080200002;0.090599999;0.1039;0.093900003;0.103399999;0.100000001;0.104400001;0.106299996;0.108900003;0.082099997;0.117200002;0.148200005;0.126300007;0.114500001;0.108099997;0.114100002;0.116400003;0.113300003;0.082400002;0.126200005;0.119900003;0.118100002;0.1197;0.113899998;0.117799997
43805.8;0.501299977;0.486200005;0.479400009;0.48179999;0.470600009;0.463499993;0.461199999;0.467799991;0.085600004;0.160400003;0.215900004;0.129700005;0.177200004;0.148599997;0.183899999;0.166299999;0.198500007;0.080600001;0.099799998;0.127700001;0.101199999;0.118199997;0.118900001;0.111599997;0.103;0.1052;0.078199998;0.447600007;0.470299989;0.467700005;0.473699987;0.467700005;0.452600002;0.515399992;0.453599989;0.085500002;0.153999999;0.206;0.126900002;0.172299996;0.154200003;0.186700001;0.170599997;0.198699996;0.081100002;0.097999997;0.126800001;0.101400003;0.104699999;0.0999;0.104500003;0.104900002;0.110200003;0.079999998;0.456900001;0.479200006;0.468199998;0.472600013;0.470600009;0.470299989;0.4991;0.495799989;0.085600004;0.159600005;0.206499994;0.126800001;0.173999995;0.152099997;0.186399996;0.168400005;0.195500001;0.080200002;0.089900002;0.103299998;0.093599997;0.103100002;0.099600002;0.104199998;0.1061;0.1087;0.078199998;0.105800003;0.137700006;0.126300007;0.114500001;0.107500002;0.113499999;0.117299996;0.125200003;0.082099997;0.126100004;0.119900003;0.115900002;0.119999997;0.113899998;0.119800001
44405.7;0.505900025;0.490399987;0.483799994;0.486499995;0.473500013;0.467000008;0.464700013;0.471399993;0.086000003;0.163200006;0.219899997;0.132499993;0.180500001;0.152099997;0.187099993;0.170300007;0.201299995;0.080600001;0.100000001;0.128399998;0.101300001;0.118799999;0.120099999;0.112300001;0.103200004;0.105499998;0.078500003;0.451900005;0.475199997;0.471799999;0.478300005;0.471599996;0.456999987;0.522700012;0.458600014;0.085600004;0.155900002;0.209600002;0.129600003;0.176699996;0.158099994;0.189500004;0.174700007;0.201800004;0.081200004;0.098300003;0.128099993;0.101899996;0.104900002;0.100299999;0.104800001;0.105099998;0.1105;0.079999998;0.461199999;0.483200014;0.4727;0.477499992;0.475300014;0.475499988;0.501399994;0.497200012;0.0858;0.161799997;0.2104;0.128999993;0.178599998;0.156900004;0.189700007;0.172299996;0.199499995;0.079999998;0.0902;0.1039;0.094400004;0.103600003;0.100100003;0.104699999;0.1065;0.109300002;0.078500003;0.106399998;0.138400003;0.127100006;0.113300003;0.107600003;0.114;0.1162;0.136299998;0.0823;0.126499996;0.120300002;0.116400003;0.120200001;0.114299998;0.117700003
45005.9;0.510800004;0.495299995;0.488799989;0.491600007;0.478500009;0.472200006;0.469500005;0.476500005;0.085600004;0.165800005;0.224399999;0.135000005;0.183799997;0.155399993;0.189300001;0.173700005;0.203700006;0.080600001;0.100199997;0.1294;0.101800002;0.119599998;0.120800003;0.112899996;0.103299998;0.105700001;0.078400001;0.457599998;0.480599999;0.477200001;0.483399987;0.476399988;0.461499989;0.527899981;0.463200003;0.085699998;0.158399999;0.213200003;0.131899998;0.180500001;0.162100002;0.192599997;0.178100005;0.204899997;0.081299998;0.098899998;0.129199997;0.102300003;0.1052;0.100400001;0.104999997;0.1052;0.111000001;0.0801;0.467400014;0.489199996;0.477499992;0.483399987;0.48089999;0.480300009;0.509000003;0.504400015;0.085900001;0.165199995;0.214599997;0.131699994;0.182999998;0.162499994;0.192699999;0.175099999;0.202199996;0.080200002;0.090400003;0.104099996;0.0942;0.103799999;0.100400001;0.104900002;0.106799997;0.1096;0.078599997;0.106600001;0.138899997;0.127599999;0.117700003;0.107799999;0.114200003;0.116400003;0.113399997;0.082500003;0.126300007;0.120800003;0.1171;0.120700002;0.114600003;0.118299998
45606;0.515799999;0.499900013;0.493600011;0.496600002;0.482600003;0.477299988;0.474400014;0.481099993;0.085600004;0.167999998;0.228100002;0.137600005;0.187099993;0.159600005;0.192000002;0.176899999;0.206599995;0.080600001;0.100500003;0.1303;0.101999998;0.119900003;0.121399999;0.113300003;0.103399999;0.105899997;0.078500003;0.462399989;0.484699994;0.48210001;0.488299996;0.480699986;0.466199994;0.533399999;0.467599988;0.0858;0.160300002;0.216999993;0.134599999;0.183899999;0.166299999;0.194399998;0.180299997;0.206900001;0.081299998;0.099399999;0.130099997;0.102799997;0.105400003;0.100599997;0.1052;0.105499998;0.111299999;0.080300003;0.472600013;0.493999988;0.48300001;0.489499986;0.485900015;0.486299992;0.513499975;0.508700013;0.086300001;0.166600004;0.218600005;0.134399995;0.186700001;0.166299999;0.196600005;0.178399995;0.205400005;0.080300003;0.090599999;0.104199998;0.094400004;0.103799999;0.100500003;0.105099998;0.107000001;0.109899998;0.078699999;0.107100002;0.139400005;0.128000006;0.114399999;0.108199999;0.114399999;0.116599999;0.126699999;0.082699999;0.126699999;0.121100001;0.117299996;0.121100001;0.1149;0.118100002
46206.1;0.521600008;0.505299985;0.498699993;0.502699971;0.488000005;0.482600003;0.479900002;0.486900002;0.085699998;0.169599995;0.232199997;0.140400007;0.189600006;0.162499994;0.194299996;0.179800004;0.208299994;0.080600001;0.100699998;0.130899996;0.102499999;0.120499998;0.122199997;0.113899998;0.103500001;0.1061;0.078599997;0.467299998;0.488900006;0.487399995;0.492900014;0.484699994;0.471599996;0.540400028;0.471799999;0.0858;0.162400007;0.220799997;0.137600005;0.187299997;0.170000002;0.197400004;0.183400005;0.210299999;0.081500001;0.100100003;0.131099999;0.103299998;0.105800003;0.101099998;0.105499998;0.105800003;0.1118;0.080499999;0.479400009;0.501399994;0.49059999;0.497000009;0.493499994;0.493499994;0.519500017;0.514900029;0.086199999;0.169599995;0.222800002;0.137400001;0.189899996;0.169599995;0.199100003;0.181400001;0.208399996;0.080499999;0.090800002;0.104500003;0.094599999;0.104000002;0.100699998;0.105400003;0.1074;0.110299997;0.079000004;0.107500002;0.139799997;0.128399998;0.115999997;0.108400002;0.114600003;0.117399998;0.132799998;0.082800001;0.127000004;0.121600002;0.117799997;0.1215;0.1153;0.121799998
46806.1;0.526899993;0.510500014;0.504599988;0.508400023;0.493699998;0.487800002;0.485000014;0.4921;0.085699998;0.172299996;0.236499995;0.143600002;0.192499995;0.165700004;0.196400002;0.182099998;0.210500002;0.080700003;0.101000004;0.131500006;0.102899998;0.121200003;0.1228;0.114500001;0.103699997;0.106299996;0.0788;0.472499996;0.493099988;0.49149999;0.497500002;0.48969999;0.476399988;0.547299981;0.476799995;0.086000003;0.164700001;0.224299997;0.140499994;0.189700007;0.172700003;0.199200004;0.185499996;0.211999997;0.081500001;0.100199997;0.131999999;0.103799999;0.105899997;0.101099998;0.105700001;0.105999999;0.112099998;0.080499999;0.483099997;0.504499972;0.494500011;0.498199999;0.493600011;0.496399999;0.523299992;0.519200027;0.086300001;0.1699;0.225099996;0.140000001;0.192399994;0.172700003;0.2016;0.184200004;0.210700005;0.080499999;0.090999998;0.105099998;0.094899997;0.1043;0.101099998;0.105599999;0.107600003;0.110699996;0.079400003;0.108000003;0.140100002;0.129099995;0.113799997;0.108599998;0.1149;0.1175;0.124499999;0.082900003;0.126900002;0.122100003;0.118100002;0.121799998;0.115800001;0.120099999
47406.2;0.533999979;0.514699996;0.50880003;0.513100028;0.497299999;0.491899997;0.488900006;0.495700002;0.0858;0.1743;0.240799993;0.146400005;0.195199996;0.169699997;0.199399993;0.185100004;0.213499993;0.080600001;0.101300001;0.131999999;0.102799997;0.121699996;0.123499997;0.115099996;0.103600003;0.106200002;0.078400001;0.476900011;0.497200012;0.494899988;0.50150001;0.492700011;0.479900002;0.550999999;0.479400009;0.0854;0.165099993;0.226699993;0.142399997;0.191400006;0.175699994;0.201700002;0.187600002;0.214100003;0.080799997;0.0999;0.132300004;0.103399999;0.104999997;0.100199997;0.104699999;0.104999997;0.111100003;0.0792;0.487399995;0.507700026;0.498299986;0.503099978;0.499199986;0.50120002;0.5273;0.522400022;0.084399998;0.1708;0.227500007;0.141100004;0.193100005;0.174099997;0.202600002;0.184900001;0.211899996;0.079000004;0.089199997;0.102899998;0.092699997;0.1021;0.098800004;0.103399999;0.105300002;0.108400002;0.076700002;0.105700001;0.1382;0.126900002;0.119499996;0.106200002;0.112599999;0.114399999;0.111500002;0.080399998;0.124799997;0.119800001;0.115900002;0.119400002;0.113600001;0.116599999
48006.1;0.537500024;0.518899977;0.512700021;0.518599987;0.501900017;0.496300012;0.493299991;0.50059998;0.085500002;0.176400006;0.244499996;0.148599997;0.197999999;0.172800004;0.201399997;0.187299997;0.215399995;0.080200002;0.100900002;0.132300004;0.102700002;0.122000001;0.123599999;0.115400001;0.103200004;0.105800003;0.078000002;0.482199997;0.500899971;0.49970001;0.506099999;0.497000009;0.485599995;0.560199976;0.489399999;0.084799998;0.166600004;0.229599997;0.145099998;0.193900004;0.178599998;0.203500003;0.190200001;0.216499999;0.080399998;0.103299998;0.140799999;0.103399999;0.105099998;0.100199997;0.104500003;0.104800001;0.111100003;0.079000004;0.493800014;0.512099981;0.505200028;0.511200011;0.509500027;0.506099999;0.535399973;0.529500008;0.084600002;0.173999995;0.232500002;0.144899994;0.196700007;0.178100005;0.208499998;0.198200002;0.229300007;0.079000004;0.089699998;0.103799999;0.093500003;0.102899998;0.099399999;0.104099996;0.107100002;0.110100001;0.082900003;0.117700003;0.1514;0.127399996;0.112599999;0.107199997;0.112999998;0.115099996;0.112400003;0.081200004;0.126599997;0.120099999;0.118799999;0.119999997;0.114699997;0.116499998
48606.5;0.542699993;0.522400022;0.517499983;0.523400009;0.505999982;0.5;0.497099996;0.504400015;0.085600004;0.178100005;0.247500002;0.151099995;0.202500001;0.177499995;0.204799995;0.190699995;0.218600005;0.080499999;0.101499997;0.133699998;0.1039;0.123400003;0.124499999;0.115999997;0.104000002;0.106600001;0.078500003;0.488900006;0.506399989;0.505100012;0.511900008;0.501800001;0.489300013;0.564499974;0.489899993;0.085600004;0.170300007;0.234899998;0.149000004;0.197799996;0.1831;0.207499996;0.193700001;0.219500005;0.081200004;0.102399997;0.135199994;0.104400001;0.106200002;0.101300001;0.105700001;0.1061;0.112300001;0.0801;0.49849999;0.514400005;0.5079;0.513999999;0.50999999;0.509299994;0.539099991;0.532700002;0.085900001;0.174999997;0.236699998;0.149100006;0.200599998;0.181299999;0.210299999;0.201900005;0.230599999;0.080200002;0.0911;0.1052;0.095299996;0.104199998;0.101099998;0.105499998;0.107500002;0.1109;0.081799999;0.119199999;0.150900006;0.129500002;0.114100002;0.108999997;0.114600003;0.116800003;0.114100002;0.082699999;0.128199995;0.121600002;0.119099997;0.120999999;0.115599997;0.118000001
49206.4;0.54610002;0.52640003;0.522099972;0.528100014;0.510299981;0.504700005;0.501600027;0.508599997;0.085600004;0.181799993;0.251599997;0.154100001;0.204899997;0.180500001;0.207200006;0.193000004;0.221499994;0.080600001;0.1017;0.134299994;0.104500003;0.124300003;0.125100002;0.116499998;0.104000002;0.106700003;0.078400001;0.492199987;0.510100007;0.50819999;0.516099989;0.505100012;0.492700011;0.568599999;0.492799997;0.085500002;0.172600001;0.239199996;0.1523;0.2007;0.186199993;0.209600002;0.1963;0.222499996;0.081100002;0.100400001;0.135600001;0.105099998;0.1061;0.101400003;0.105599999;0.105899997;0.112400003;0.079899997;0.503300011;0.519200027;0.510100007;0.515699983;0.511900008;0.514599979;0.541299999;0.53640002;0.085600004;0.177100003;0.239600003;0.151600003;0.202800006;0.183400005;0.210899994;0.193499997;0.219999999;0.079899997;0.090499997;0.104699999;0.094700001;0.104000002;0.100699998;0.105099998;0.1074;0.110100001;0.078100003;0.107600003;0.140300006;0.129299998;0.114;0.108400002;0.114100002;0.116300002;0.113899998;0.0823;0.127499998;0.121299997;0.121299997;0.120899998;0.115500003;0.118100002
49806.6;0.550599992;0.527400017;0.524699986;0.531700015;0.512499988;0.508000016;0.504999995;0.511300027;0.085699998;0.183799997;0.256000012;0.157100007;0.207300007;0.183400005;0.210199997;0.196199998;0.224099994;0.080600001;0.101899996;0.135199994;0.104800001;0.125200003;0.125699997;0.1171;0.104099996;0.106899999;0.078599997;0.496300012;0.513800025;0.511600018;0.519699991;0.507700026;0.495200008;0.574400008;0.496600002;0.085600004;0.173600003;0.242200002;0.1558;0.203700006;0.188999996;0.211999997;0.199100003;0.225600004;0.081200004;0.100699998;0.136299998;0.105700001;0.106200002;0.1017;0.105999999;0.106200002;0.112499997;0.079999998;0.507700026;0.523199975;0.513499975;0.521399975;0.515500009;0.51819998;0.545799971;0.540000021;0.085600004;0.180099994;0.244399995;0.155300006;0.205899999;0.187299997;0.2148;0.197300002;0.223700002;0.079999998;0.090599999;0.105099998;0.094999999;0.104099996;0.101099998;0.105499998;0.107500002;0.110699996;0.078500003;0.108099997;0.140900001;0.1303;0.113899998;0.108499996;0.114399999;0.116400003;0.122699998;0.0823;0.127599999;0.121299997;0.119599998;0.121399999;0.115699999;0.118600003
50406.7;0.557200015;0.53640002;0.531899989;0.539499998;0.519599974;0.514800012;0.510699987;0.517499983;0.085600004;0.185800001;0.260399997;0.160600007;0.208800003;0.185200006;0.211400002;0.197400004;0.225500003;0.080499999;0.101800002;0.136000007;0.105800003;0.125599995;0.126200005;0.117700003;0.1043;0.107000001;0.078599997;0.501600027;0.517799973;0.516600013;0.524999976;0.512300014;0.500999987;0.579699993;0.500699997;0.085699998;0.1752;0.245399997;0.159999996;0.206300005;0.190699995;0.214000002;0.200900003;0.2271;0.081299998;0.101199999;0.136999995;0.106399998;0.1065;0.101899996;0.106299996;0.1065;0.113499999;0.080200002;0.514199972;0.530099988;0.521300018;0.528199971;0.521899998;0.524800003;0.551699996;0.545799971;0.0858;0.182999998;0.248400003;0.159299999;0.208299994;0.189799994;0.217099994;0.200000003;0.226400003;0.080200002;0.090999998;0.105300002;0.095200002;0.1043;0.101199999;0.105800003;0.107699998;0.111000001;0.078500003;0.108199999;0.141100004;0.130500004;0.113899998;0.1087;0.114699997;0.116899997;0.139300004;0.082599998;0.127499998;0.121699996;0.1197;0.121600002;0.1162;0.122299999
51006.7;0.56190002;0.538900018;0.535300016;0.543099999;0.522499979;0.517400026;0.514100015;0.520900011;0.085600004;0.188199997;0.264699996;0.163900003;0.212200001;0.188800007;0.215100005;0.201299995;0.2289;0.080600001;0.1021;0.136299998;0.105899997;0.126599997;0.126800001;0.118299998;0.104400001;0.107199997;0.078500003;0.507099986;0.522599995;0.521799982;0.530499995;0.51789999;0.506099999;0.586600006;0.505500019;0.085699998;0.177499995;0.249599993;0.163900003;0.2095;0.194800004;0.217700005;0.204799995;0.230900005;0.0814;0.101499997;0.137799993;0.107100002;0.106600001;0.1021;0.106299996;0.106600001;0.113399997;0.080200002;0.517199993;0.532500029;0.523500025;0.529699981;0.522599995;0.527899981;0.553900003;0.548699975;0.086000003;0.184;0.2509;0.164100006;0.210899994;0.192599997;0.219899997;0.202900007;0.229599997;0.080200002;0.0911;0.105800003;0.0955;0.104500003;0.101499997;0.1061;0.108000003;0.111400001;0.0788;0.1087;0.141299993;0.131099999;0.114299998;0.108800001;0.114699997;0.1171;0.114500001;0.082699999;0.127900004;0.121799998;0.119900003;0.121600002;0.116499998;0.119000003
51606.8;0.565299988;0.543200016;0.539200008;0.548200011;0.526499987;0.521300018;0.517700016;0.524399996;0.085600004;0.190899998;0.268700004;0.166999996;0.214399993;0.190799996;0.216999993;0.203299999;0.231600001;0.080600001;0.102200001;0.136800006;0.106200002;0.126399994;0.127399996;0.118699998;0.104699999;0.107600003;0.078699999;0.510900021;0.526300013;0.525200009;0.534699976;0.521799982;0.510699987;0.592400014;0.509899974;0.0858;0.180000007;0.253600001;0.167199999;0.212099999;0.196700007;0.220100001;0.207599998;0.233400002;0.081500001;0.1017;0.138500005;0.107600003;0.106799997;0.102399997;0.106700003;0.106899999;0.113799997;0.080399998;0.522800028;0.53670001;0.528500021;0.535000026;0.527499974;0.533699989;0.560000002;0.554700017;0.086099997;0.187000006;0.255499989;0.168200001;0.213699996;0.195700005;0.222900003;0.205899999;0.231900007;0.080300003;0.091300003;0.105999999;0.0964;0.104699999;0.101599999;0.106399998;0.108199999;0.111699998;0.079000004;0.1087;0.141499996;0.131400004;0.1149;0.109200001;0.115400001;0.117600001;0.115400001;0.082900003;0.127900004;0.122400001;0.120700002;0.121699996;0.116700001;0.119099997
52206.7;0.57069999;0.546599984;0.542800009;0.5528;0.530399978;0.525099993;0.522000015;0.528800011;0.085699998;0.193499997;0.272899985;0.170100003;0.216900006;0.193599999;0.219400004;0.205799997;0.233700007;0.080600001;0.102499999;0.137199998;0.106299996;0.126900002;0.128000006;0.119400002;0.104800001;0.107600003;0.0788;0.515600026;0.528900027;0.529299974;0.538500011;0.524999976;0.513800025;0.597000003;0.513199985;0.085900001;0.1822;0.256900012;0.170599997;0.214499995;0.198699996;0.222299993;0.209199995;0.235499993;0.081500001;0.1021;0.139300004;0.108400002;0.107100002;0.102499999;0.106700003;0.107100002;0.114200003;0.080399998;0.528199971;0.541299999;0.533399999;0.540300012;0.532800019;0.537800014;0.563899994;0.558499992;0.086199999;0.189500004;0.25909999;0.171399996;0.216700003;0.197999999;0.225700006;0.209099993;0.235100001;0.080499999;0.091499999;0.106299996;0.096600004;0.104800001;0.101899996;0.1065;0.108499996;0.112000003;0.079300001;0.109300002;0.142299995;0.131799996;0.115099996;0.109499998;0.115599997;0.117299996;0.1153;0.082999997;0.128099993;0.1228;0.120200001;0.122100003;0.116899997;0.119499996
52806.7;0.575500011;0.551599979;0.546800017;0.557600021;0.534399986;0.528800011;0.525900006;0.532199979;0.085699998;0.194800004;0.276800007;0.173299998;0.219300002;0.196700007;0.222299993;0.208700001;0.2368;0.080700003;0.102899998;0.137099996;0.1065;0.127000004;0.128399998;0.119800001;0.104999997;0.107799999;0.0788;0.520600021;0.534099996;0.533800006;0.543799996;0.529999971;0.51819998;0.604399979;0.51730001;0.085900001;0.183500007;0.260399997;0.174199998;0.217500001;0.202399999;0.225500003;0.212500006;0.238900006;0.081500001;0.102499999;0.140000001;0.1087;0.107299998;0.102899998;0.107199997;0.1074;0.114500001;0.080499999;0.532899976;0.543500006;0.535700023;0.542299986;0.535099983;0.542100012;0.566600025;0.561100006;0.086300001;0.190599993;0.262199998;0.174799994;0.219099998;0.200800002;0.228100002;0.211300001;0.237100005;0.080499999;0.091700003;0.106399998;0.096799999;0.104900002;0.101999998;0.106799997;0.108599998;0.112300001;0.079499997;0.1096;0.142700002;0.132400006;0.115500003;0.109800003;0.115699999;0.117700003;0.115999997;0.083300002;0.128199995;0.122699998;0.120899998;0.122400001;0.116800003;0.120300002
53406.9;0.58069998;0.555599988;0.550599992;0.56309998;0.538800001;0.532899976;0.529999971;0.53640002;0.085699998;0.196899995;0.280900002;0.176699996;0.222200006;0.199300006;0.224999994;0.211199999;0.239399999;0.080600001;0.102899998;0.137999997;0.107600003;0.127900004;0.128999993;0.120399997;0.105099998;0.108000003;0.0788;0.524200022;0.53579998;0.536300004;0.546299994;0.531799972;0.519699991;0.607800007;0.519900024;0.085900001;0.186399996;0.263900012;0.177300006;0.219899997;0.203999996;0.227899998;0.214699998;0.2412;0.081600003;0.102600001;0.140599996;0.109200001;0.107600003;0.102899998;0.107100002;0.1074;0.114799999;0.080499999;0.537199974;0.548300028;0.540499985;0.547299981;0.539300025;0.546500027;0.574699998;0.567300022;0.086499996;0.194199994;0.266799986;0.178599998;0.222100005;0.203899994;0.2315;0.214900002;0.239999995;0.080600001;0.091799997;0.106600001;0.096900001;0.105099998;0.102200001;0.106799997;0.1087;0.112499997;0.079099998;0.109499998;0.142499998;0.132599995;0.115599997;0.109999999;0.115699999;0.118199997;0.1206;0.083400004;0.128600001;0.122900002;0.120999999;0.122500002;0.117200002;0.122100003
54006.8;0.585600019;0.559899986;0.555100024;0.567600012;0.542800009;0.537599981;0.533599973;0.540799975;0.085699998;0.199300006;0.284500003;0.179399997;0.224399999;0.201000005;0.226699993;0.213200003;0.2412;0.080700003;0.103100002;0.138600007;0.107699998;0.128199995;0.129700005;0.120999999;0.1052;0.108199999;0.078900002;0.529200017;0.540099978;0.541199982;0.550599992;0.536499977;0.525200009;0.614499986;0.524299979;0.086000003;0.188299999;0.268099993;0.180500001;0.2227;0.206900001;0.230399996;0.217099994;0.244200006;0.081600003;0.103;0.141200006;0.110100001;0.107699998;0.103100002;0.107299998;0.107600003;0.115099996;0.080600001;0.542100012;0.551400006;0.54430002;0.551900029;0.543799996;0.550499976;0.577600002;0.570299983;0.086499996;0.195800006;0.269699991;0.181400001;0.224999994;0.207000002;0.234799996;0.217800006;0.243200004;0.080700003;0.091899998;0.106700003;0.097000003;0.1052;0.102200001;0.107000001;0.108900003;0.1127;0.079499997;0.109899998;0.142900005;0.132799998;0.1153;0.109999999;0.115900002;0.118100002;0.117200002;0.083400004;0.128199995;0.123099998;0.121299997;0.123000003;0.117600001;0.119800001
54607;0.591600001;0.563300014;0.559199989;0.573199987;0.546599984;0.540899992;0.537999988;0.544700027;0.085500002;0.201499999;0.288399994;0.182500005;0.226699993;0.203099996;0.228799999;0.215200007;0.243399993;0.0801;0.102799997;0.138699993;0.107699998;0.128600001;0.129600003;0.121399999;0.104500003;0.107500002;0.078000002;0.533399999;0.542699993;0.54400003;0.553799987;0.539699972;0.528699994;0.619700015;0.530900002;0.084899999;0.190400004;0.271100014;0.182600006;0.2245;0.2086;0.231299996;0.2192;0.245700002;0.080600001;0.104400001;0.147;0.109300002;0.1065;0.101800002;0.105899997;0.106299996;0.114;0.079099998;0.547200024;0.555800021;0.550199986;0.557900012;0.550499976;0.5546;0.583000004;0.573599994;0.084700003;0.197400004;0.272000015;0.182899997;0.226400003;0.208100006;0.237900004;0.226600006;0.256099999;0.079099998;0.090599999;0.105599999;0.0955;0.104000002;0.100900002;0.105700001;0.108099997;0.1118;0.081799999;0.117899999;0.151700005;0.131200001;0.113899998;0.108499996;0.114;0.1162;0.113899998;0.081699997;0.127700001;0.1215;0.119099997;0.121399999;0.116599999;0.117899999
55206.9;0.595899999;0.565400004;0.561500013;0.576300025;0.550100029;0.54400003;0.541499972;0.548300028;0.085600004;0.203600004;0.291000009;0.184200004;0.231600001;0.207200006;0.232600003;0.218099996;0.246199995;0.080399998;0.103;0.139899999;0.1087;0.129899994;0.129999995;0.121699996;0.105099998;0.108199999;0.078500003;0.539200008;0.548699975;0.548500001;0.559000015;0.54400003;0.534600019;0.628899992;0.537100017;0.085500002;0.192499995;0.274800003;0.185299993;0.227899998;0.211700007;0.234599993;0.221799999;0.247899994;0.082400002;0.108999997;0.1558;0.109800003;0.107500002;0.102700002;0.106899999;0.107199997;0.1149;0.079899997;0.550599992;0.560800016;0.555999994;0.565599978;0.556900024;0.557500005;0.58829999;0.57980001;0.085699998;0.200100005;0.277999997;0.186199993;0.232500002;0.210099995;0.245900005;0.236499995;0.26910001;0.079899997;0.091399997;0.1065;0.096500002;0.104599997;0.101800002;0.107500002;0.113300003;0.115000002;0.087800004;0.126900002;0.160500005;0.131899998;0.115000002;0.109899998;0.114799999;0.1175;0.114799999;0.082800001;0.129700005;0.122400001;0.119999997;0.1219;0.116800003;0.121299997
55807;0.600899994;0.5704;0.565699995;0.581499994;0.55369997;0.546999991;0.54430002;0.551500022;0.085699998;0.205699995;0.294200003;0.186900005;0.234400004;0.209099993;0.234400004;0.220899999;0.248799995;0.080499999;0.103;0.140400007;0.109399997;0.130999997;0.130600005;0.122400001;0.105400003;0.108400002;0.078599997;0.542599976;0.549799979;0.550800025;0.561699986;0.54549998;0.533599973;0.626900017;0.533399999;0.085600004;0.194600001;0.279900014;0.188500002;0.231099993;0.213699996;0.236499995;0.223299995;0.250099987;0.081100002;0.102600001;0.143600002;0.1109;0.107600003;0.102899998;0.107100002;0.107500002;0.115199998;0.079899997;0.555800021;0.5625;0.555400014;0.56370002;0.555199981;0.563300014;0.590799987;0.582599998;0.085600004;0.201900005;0.281199992;0.187900007;0.2324;0.211400002;0.239399999;0.222599998;0.249599993;0.079999998;0.091899998;0.106299996;0.096699998;0.104699999;0.101899996;0.1065;0.108400002;0.112000003;0.0792;0.109200001;0.142399997;0.1329;0.115099996;0.109899998;0.115199998;0.117799997;0.114799999;0.082800001;0.129600003;0.122299999;0.121399999;0.122000001;0.116899997;0.119000003
56407.1;0.60619998;0.574500024;0.569800019;0.585600019;0.557200015;0.550400019;0.547200024;0.5546;0.085699998;0.207900003;0.298700005;0.190300003;0.2368;0.211899996;0.2368;0.223199993;0.251399994;0.080600001;0.103299998;0.141000003;0.110100001;0.131899998;0.131500006;0.123099998;0.105599999;0.108800001;0.078699999;0.547399998;0.554199994;0.555000007;0.567099988;0.550100029;0.538500011;0.632399976;0.538500011;0.085600004;0.1954;0.283199996;0.190400004;0.233700007;0.216199994;0.239600003;0.226400003;0.253100008;0.081200004;0.102799997;0.144899994;0.111500002;0.107799999;0.103200004;0.107299998;0.107600003;0.115599997;0.079999998;0.559700012;0.566100001;0.558399975;0.567200005;0.558799982;0.566500008;0.596099973;0.587899983;0.085699998;0.205799997;0.286300004;0.192399994;0.236100003;0.215800002;0.244499996;0.227500007;0.254799992;0.079999998;0.091799997;0.106600001;0.097000003;0.104999997;0.102200001;0.106799997;0.108800001;0.1127;0.079300001;0.109300002;0.143000007;0.133499995;0.115099996;0.109899998;0.115199998;0.117200002;0.115500003;0.082800001;0.1294;0.122500002;0.1215;0.122299999;0.116899997;0.1197
57007.3;0.609499991;0.579400003;0.574400008;0.589999974;0.561500013;0.554499984;0.551299989;0.557799995;0.085600004;0.211300001;0.304100007;0.193000004;0.238999993;0.214200005;0.239800006;0.226099998;0.254500002;0.080600001;0.103299998;0.142000005;0.111000001;0.132699996;0.132100001;0.1237;0.105700001;0.109099999;0.078699999;0.551100016;0.558099985;0.559199989;0.57160002;0.55309999;0.541599989;0.638199985;0.541800022;0.085699998;0.198799998;0.287699997;0.193700001;0.237200007;0.2192;0.242500007;0.229399994;0.255699992;0.081299998;0.103200004;0.145199999;0.112400003;0.108099997;0.103600003;0.107699998;0.108000003;0.116099998;0.080200002;0.564899981;0.57099998;0.5625;0.572899997;0.563799977;0.572099984;0.5995;0.592000008;0.0858;0.208000004;0.290300012;0.194700003;0.238600001;0.219099998;0.246800005;0.230599999;0.257699996;0.080200002;0.091799997;0.106899999;0.097199999;0.105400003;0.102600001;0.107299998;0.109200001;0.1131;0.079000004;0.109999999;0.143600002;0.134000003;0.117700003;0.110399999;0.115699999;0.117600001;0.115800001;0.083099999;0.129199997;0.122699998;0.122100003;0.122900002;0.117200002;0.120499998
57607.2;0.615499973;0.583100021;0.579900026;0.595000029;0.564999998;0.557799995;0.554700017;0.561500013;0.085699998;0.213400006;0.308899999;0.196199998;0.241699994;0.217199996;0.242599994;0.2289;0.257099986;0.080700003;0.103799999;0.143099993;0.111400001;0.133100003;0.133000001;0.124200001;0.1061;0.109300002;0.078699999;0.555700004;0.562300026;0.562699974;0.575900018;0.557399988;0.546299994;0.645299971;0.546999991;0.085900001;0.201299995;0.291299999;0.196700007;0.240199998;0.222100005;0.245800003;0.2324;0.260100007;0.0814;0.103699997;0.146200001;0.112999998;0.108099997;0.103799999;0.108000003;0.1083;0.116300002;0.080399998;0.568400025;0.574400008;0.566399992;0.577600002;0.567799985;0.576600015;0.603299975;0.595799983;0.086099997;0.211199999;0.294400007;0.197400004;0.2421;0.222399995;0.249699995;0.233400002;0.260100007;0.080399998;0.092200004;0.107299998;0.097499996;0.105599999;0.102899998;0.107699998;0.1096;0.113600001;0.079099998;0.110100001;0.144099995;0.134200007;0.115800001;0.110600002;0.1162;0.117899999;0.116099998;0.0836;0.129199997;0.123400003;0.122100003;0.123599999;0.117399998;0.120200001
58207.3;0.619199991;0.587000012;0.584200025;0.600700021;0.569599986;0.562699974;0.560000002;0.566600025;0.085600004;0.215499997;0.313300014;0.199200004;0.243900001;0.219099998;0.244599998;0.231000006;0.259000003;0.080600001;0.1039;0.144199997;0.111900002;0.1338;0.133900002;0.124799997;0.105899997;0.109499998;0.078900002;0.559800029;0.566100001;0.566600025;0.57980001;0.561699986;0.550300002;0.649999976;0.551400006;0.086199999;0.202099994;0.293799996;0.199100003;0.243499994;0.224399999;0.247899994;0.234400004;0.262800008;0.081600003;0.104099996;0.147200003;0.113899998;0.108400002;0.104099996;0.1083;0.108599998;0.116800003;0.080499999;0.573499978;0.578999996;0.570900023;0.582300007;0.571799994;0.580900013;0.608200014;0.600499988;0.086300001;0.213300005;0.296799988;0.200100005;0.244599998;0.225199997;0.252099991;0.236000001;0.262199998;0.080499999;0.092299998;0.107600003;0.097800002;0.105899997;0.103100002;0.107900001;0.109899998;0.114;0.079400003;0.110600002;0.144400001;0.134499997;0.116300002;0.1109;0.116400003;0.118500002;0.116400003;0.083800003;0.129999995;0.1237;0.122400001;0.123899996;0.117799997;0.1206
58807.4;0.623099983;0.591000021;0.589399993;0.606000006;0.574100018;0.568000019;0.564199984;0.571099997;0.085299999;0.216499999;0.316199988;0.201299995;0.245900005;0.221000001;0.246800005;0.2333;0.261700004;0.079899997;0.103500001;0.143999994;0.111699998;0.133900002;0.1338;0.124799997;0.104999997;0.108400002;0.077600002;0.564300001;0.569899976;0.571500003;0.583599985;0.565800011;0.5546;0.654600024;0.555199981;0.084600002;0.203500003;0.296499997;0.200399995;0.245199993;0.225600004;0.249500006;0.235100001;0.264299989;0.0801;0.102899998;0.146300003;0.1131;0.106899999;0.102399997;0.106600001;0.107000001;0.115400001;0.078699999;0.577600002;0.582099974;0.575500011;0.587100029;0.575800002;0.585300028;0.611199975;0.602999985;0.084299996;0.213400006;0.297899991;0.200599998;0.246199995;0.225999996;0.253100008;0.2368;0.263099998;0.078599997;0.090599999;0.105999999;0.095799997;0.1039;0.101099998;0.105899997;0.108000003;0.112099998;0.077500001;0.108599998;0.142499998;0.132699996;0.113700002;0.108800001;0.114;0.116300002;0.114399999;0.081600003;0.127700001;0.121600002;0.1197;0.1219;0.115800001;0.1184
59407.4;0.629700005;0.594900012;0.593400002;0.610599995;0.578499973;0.573099971;0.569199979;0.576300025;0.0854;0.218600005;0.317200005;0.202900007;0.250099987;0.224000007;0.249500006;0.236200005;0.264400005;0.0801;0.103600003;0.144899994;0.112300001;0.134900004;0.134499997;0.125400007;0.105400003;0.108900003;0.078000002;0.568099976;0.573199987;0.574500024;0.587599993;0.568099976;0.559099972;0.661300004;0.563499987;0.084799998;0.208299994;0.301200002;0.203999996;0.248799995;0.228100002;0.252099991;0.239399999;0.267699987;0.081;0.106899999;0.155499995;0.113600001;0.107299998;0.102899998;0.107000001;0.107299998;0.115500003;0.078900002;0.582199991;0.587199986;0.582499981;0.594699979;0.582899988;0.588699996;0.619499981;0.610400021;0.0845;0.216399997;0.303600013;0.203199998;0.25060001;0.227899998;0.2597;0.251899987;0.279599994;0.0788;0.090700001;0.106399998;0.096299998;0.104500003;0.101599999;0.1065;0.109999999;0.115800001;0.083400004;0.120399997;0.154599994;0.132699996;0.114500001;0.109200001;0.113899998;0.117200002;0.115099996;0.0823;0.129700005;0.122100003;0.1206;0.122000001;0.116099998;0.118299998
60007.6;0.6347;0.597299993;0.596099973;0.613499999;0.58099997;0.575600028;0.5722;0.5801;0.085600004;0.219999999;0.318899989;0.204799995;0.254200011;0.227300003;0.252400011;0.238600001;0.2667;0.080499999;0.1039;0.145899996;0.113700002;0.136500001;0.135000005;0.126000002;0.106200002;0.109800003;0.078599997;0.572000027;0.577700019;0.578400016;0.591199994;0.572099984;0.561399996;0.662899971;0.560100019;0.085699998;0.211700007;0.305799991;0.206699997;0.251399994;0.231600001;0.254799992;0.241799995;0.270099998;0.081299998;0.106700003;0.149700001;0.114600003;0.1087;0.104199998;0.108400002;0.108800001;0.116999999;0.080200002;0.587300003;0.591799974;0.587499976;0.600300014;0.587899983;0.594299972;0.625400007;0.615499973;0.085900001;0.2183;0.308400005;0.206100002;0.253699988;0.230800003;0.262300014;0.256700009;0.282299995;0.080300003;0.092399999;0.107600003;0.097900003;0.105800003;0.103100002;0.107699998;0.109700002;0.113700002;0.082699999;0.121600002;0.153799996;0.134499997;0.115999997;0.111000001;0.115599997;0.119099997;0.115999997;0.083700001;0.132300004;0.123800002;0.122900002;0.123499997;0.117299996;0.1197
60607.6;0.639199972;0.600700021;0.600899994;0.618200004;0.584999979;0.579400003;0.575299978;0.583100021;0.085600004;0.222000003;0.322600007;0.208900005;0.257299989;0.229599997;0.255100012;0.241600007;0.269400001;0.080700003;0.104199998;0.1461;0.114500001;0.136999995;0.135399997;0.126599997;0.106299996;0.109899998;0.078500003;0.576099992;0.580900013;0.58160001;0.595399976;0.575999975;0.564400017;0.666800022;0.564300001;0.085600004;0.211899996;0.309700012;0.208900005;0.254299998;0.233400002;0.257099986;0.243699998;0.272100002;0.081200004;0.1043;0.149900004;0.115400001;0.108499996;0.104199998;0.108499996;0.108800001;0.116899997;0.079999998;0.58920002;0.593299985;0.584299982;0.597599983;0.585600019;0.59740001;0.62559998;0.61589998;0.085699998;0.221100003;0.310499996;0.208199993;0.256599993;0.232299998;0.260899991;0.244299993;0.271699995;0.079999998;0.092200004;0.1074;0.097599998;0.105700001;0.102899998;0.107600003;0.1096;0.113700002;0.078900002;0.110600002;0.144600004;0.135399997;0.115800001;0.110600002;0.115400001;0.118299998;0.116400003;0.083499998;0.131400004;0.123400003;0.122699998;0.123199999;0.117200002;0.123000003
61207.8;0.642199993;0.60650003;0.605199993;0.622399986;0.59009999;0.582599998;0.578199983;0.586600006;0.085699998;0.225099996;0.326700002;0.212500006;0.259499997;0.232700005;0.258100003;0.244399995;0.272599995;0.080799997;0.104400001;0.146599993;0.1153;0.137500003;0.136199996;0.127200007;0.1065;0.110299997;0.078599997;0.58130002;0.586399972;0.586399972;0.601499975;0.580600023;0.570100009;0.673300028;0.570800006;0.086000003;0.213200003;0.3125;0.211700007;0.257499993;0.236300007;0.259499997;0.244800001;0.275099993;0.081600003;0.104900002;0.150900006;0.116499998;0.108900003;0.104599997;0.108900003;0.109300002;0.117600001;0.080399998;0.593500018;0.598100007;0.5898;0.603999972;0.591499984;0.602400005;0.630100012;0.619599998;0.086199999;0.224600002;0.314700007;0.212099999;0.260100007;0.236900002;0.265199989;0.248799995;0.2755;0.080499999;0.092399999;0.107799999;0.097800002;0.106200002;0.103600003;0.108400002;0.110399999;0.114600003;0.079099998;0.111500002;0.145400003;0.135900006;0.118100002;0.111400001;0.1162;0.119900003;0.117899999;0.084299996;0.131400004;0.1241;0.123300001;0.124399997;0.118100002;0.120800003
61808;0.646499991;0.610899985;0.609399974;0.626900017;0.593900025;0.586600006;0.582199991;0.590699971;0.085699998;0.227899998;0.331;0.215000004;0.261799991;0.234400004;0.25999999;0.246700004;0.275000006;0.080799997;0.1043;0.147200003;0.1162;0.138500005;0.136299998;0.127800003;0.106600001;0.1105;0.0788;0.584299982;0.58859998;0.588999987;0.604099989;0.582499981;0.57249999;0.678200006;0.573300004;0.086000003;0.216000006;0.316199988;0.214200005;0.261400014;0.239500001;0.262800008;0.25029999;0.278699994;0.081699997;0.104800001;0.151299998;0.117200002;0.109099999;0.104999997;0.109200001;0.1096;0.118199997;0.080600001;0.597800016;0.602299988;0.594200015;0.608200014;0.595899999;0.607299984;0.633099973;0.623399973;0.086499996;0.226500005;0.318300009;0.215200007;0.263799995;0.239099994;0.267500013;0.251899987;0.278899997;0.080799997;0.092799999;0.108499996;0.098399997;0.106700003;0.104099996;0.108900003;0.1109;0.115099996;0.079599999;0.112000003;0.145699993;0.136399999;0.116700001;0.111500002;0.116400003;0.119000003;0.1184;0.084799998;0.131799996;0.124700002;0.123000003;0.124700002;0.118500002;0.121399999
62407.9;0.651600003;0.6153;0.614600003;0.631299973;0.598699987;0.591199994;0.586300015;0.595000029;0.085500002;0.230900005;0.334800005;0.217700005;0.264800012;0.2377;0.263300002;0.249699995;0.278200001;0.080200002;0.104099996;0.147100002;0.115999997;0.137899995;0.136299998;0.127800003;0.105800003;0.109800003;0.0779;0.588199973;0.592400014;0.592100024;0.607500017;0.586399972;0.576399982;0.682500005;0.576699972;0.085100003;0.218700007;0.318300009;0.216299996;0.263300002;0.241400003;0.265500009;0.251700014;0.280999988;0.080499999;0.1039;0.150099993;0.116599999;0.107900001;0.103500001;0.107799999;0.1083;0.117200002;0.079300001;0.602900028;0.608399987;0.600000024;0.61500001;0.602599978;0.612200022;0.639699996;0.628099978;0.084899999;0.228599995;0.319400012;0.216900006;0.264999986;0.241400003;0.269800007;0.257699996;0.285600007;0.079400003;0.0911;0.1065;0.0964;0.104699999;0.1021;0.107000001;0.109099999;0.113300003;0.077600002;0.113499999;0.149299994;0.134200007;0.114500001;0.109499998;0.114100002;0.1175;0.116700001;0.082999997;0.129899994;0.123199999;0.1219;0.123199999;0.116599999;0.119199999
63008;0.657500029;0.619700015;0.619499981;0.635500014;0.602500021;0.595200002;0.590399981;0.59890002;0.0854;0.232199997;0.335900009;0.218199998;0.268400013;0.239399999;0.265399992;0.251399994;0.279599994;0.0801;0.104099996;0.148100004;0.116499998;0.138999999;0.136800006;0.128299996;0.105899997;0.109899998;0.0779;0.592599988;0.595899999;0.596400023;0.611299992;0.590699971;0.580900013;0.688000023;0.581099987;0.084899999;0.221000001;0.32069999;0.217800006;0.265399992;0.242899999;0.26820001;0.253899992;0.283699989;0.080600001;0.105599999;0.154899999;0.1162;0.107699998;0.103299998;0.107600003;0.108099997;0.116800003;0.079000004;0.604700029;0.608799994;0.601999998;0.618099988;0.604399979;0.613699973;0.645200014;0.632600009;0.084399998;0.228599995;0.323599994;0.218400002;0.267399997;0.242400005;0.274100006;0.265899986;0.292499989;0.078900002;0.090999998;0.106600001;0.096299998;0.104500003;0.101899996;0.106799997;0.108999997;0.1131;0.079899997;0.118600003;0.153999999;0.133699998;0.114100002;0.109399997;0.113399997;0.1171;0.115500003;0.082800001;0.129999995;0.122699998;0.122199997;0.122199997;0.115900002;0.1184
63608;0.66170001;0.622600019;0.621900022;0.639699996;0.606100023;0.600300014;0.596199989;0.604900002;0.085600004;0.233700007;0.336899996;0.220799997;0.272300005;0.242200002;0.267800003;0.254400015;0.282299995;0.080600001;0.104500003;0.148800001;0.117399998;0.139899999;0.137500003;0.128600001;0.106700003;0.110600002;0.078599997;0.594699979;0.600799978;0.601499975;0.61559999;0.594500005;0.586499989;0.690800011;0.586099982;0.085699998;0.225799993;0.327100009;0.222000003;0.270000011;0.246199995;0.273200005;0.257499993;0.287099987;0.0814;0.104699999;0.152400002;0.117799997;0.108999997;0.104599997;0.108900003;0.109300002;0.118000001;0.080200002;0.610700011;0.615999997;0.609099984;0.622399986;0.609799981;0.620800018;0.648500025;0.637300014;0.086000003;0.231600001;0.327899992;0.221399993;0.272300005;0.246399999;0.2764;0.259200007;0.286199987;0.080300003;0.092;0.107600003;0.097800002;0.1061;0.103200004;0.108099997;0.110100001;0.114200003;0.078900002;0.1118;0.145400003;0.134900004;0.1162;0.111299999;0.1153;0.119199999;0.1171;0.084399998;0.131799996;0.124300003;0.123499997;0.123800002;0.1175;0.121299997
64208.1;0.662199974;0.625400007;0.62650001;0.642499983;0.609499991;0.603900015;0.599600017;0.607599974;0.085600004;0.236399993;0.340200007;0.225500003;0.274899989;0.244900003;0.270700008;0.256799996;0.285299987;0.080600001;0.104599997;0.149599999;0.117700003;0.140499994;0.138300002;0.129199997;0.106700003;0.110699996;0.078599997;0.599399984;0.604399979;0.604300022;0.620100021;0.598100007;0.590799987;0.695200026;0.590300024;0.085699998;0.226600006;0.331200004;0.224800006;0.272399992;0.248199999;0.272599995;0.25940001;0.287999988;0.081299998;0.104800001;0.153600007;0.118600003;0.108900003;0.104599997;0.108900003;0.109300002;0.118100002;0.0801;0.614099979;0.620800018;0.613300025;0.627399981;0.614799976;0.62620002;0.654399991;0.64380002;0.085699998;0.235100001;0.332800001;0.224399999;0.275299996;0.248799995;0.278100014;0.261400014;0.289200008;0.0801;0.091899998;0.107600003;0.097599998;0.105999999;0.103200004;0.108199999;0.110200003;0.114299998;0.078699999;0.111299999;0.145799994;0.135499999;0.115800001;0.111000001;0.1153;0.118699998;0.117700003;0.084200002;0.131200001;0.1241;0.123300001;0.1241;0.1175;0.120800003
64808.1;0.666999996;0.630100012;0.630999982;0.646700025;0.613300025;0.607900023;0.602999985;0.611800015;0.085699998;0.241099998;0.344399989;0.2289;0.277399987;0.246800005;0.272700012;0.25940001;0.288300008;0.080700003;0.104800001;0.150000006;0.118199997;0.140900001;0.138799995;0.129800007;0.107000001;0.111100003;0.078900002;0.602699995;0.608299971;0.60769999;0.624199986;0.602100015;0.594699979;0.699500024;0.595499992;0.086000003;0.227899998;0.333700001;0.226799995;0.27669999;0.250200003;0.277500004;0.262699991;0.291900009;0.081600003;0.105599999;0.154699996;0.119800001;0.109399997;0.105099998;0.109399997;0.109899998;0.118900001;0.080799997;0.616299987;0.624100029;0.616900027;0.631099999;0.618300021;0.630200028;0.657400012;0.646200001;0.086400002;0.239600003;0.334600002;0.228400007;0.27790001;0.251300007;0.280800015;0.265399992;0.292100012;0.080600001;0.092500001;0.108199999;0.098200001;0.106600001;0.1039;0.108999997;0.111100003;0.115500003;0.079300001;0.112099998;0.146799996;0.136800006;0.116700001;0.111900002;0.116400003;0.1197;0.119000003;0.085000001;0.129700005;0.124799997;0.123999998;0.125200003;0.118100002;0.121699996
65408.2;0.671500027;0.632399976;0.6329;0.650200009;0.61680001;0.610800028;0.60680002;0.615199983;0.085500002;0.244200006;0.34830001;0.232299998;0.279700011;0.249500006;0.27579999;0.262499988;0.291500002;0.0801;0.104400001;0.149599999;0.117799997;0.140400007;0.1391;0.130099997;0.106299996;0.110600002;0.078100003;0.604499996;0.610300004;0.609600008;0.626100004;0.604300022;0.596499979;0.701499999;0.5977;0.084799998;0.228300005;0.334899992;0.228599995;0.2773;0.253399998;0.279799998;0.266000003;0.29519999;0.080399998;0.104500003;0.153400004;0.1193;0.108400002;0.1039;0.1083;0.108900003;0.118199997;0.079099998;0.619700015;0.629400015;0.621999979;0.636399984;0.62440002;0.636399984;0.661599994;0.649299979;0.084600002;0.241899997;0.336299986;0.230599999;0.278400004;0.253300011;0.282200009;0.26699999;0.29519999;0.079000004;0.091200002;0.106899999;0.096799999;0.104999997;0.102499999;0.107500002;0.1096;0.114399999;0.078299999;0.1105;0.145999998;0.135600001;0.1149;0.127800003;0.114299998;0.117299996;0.116800003;0.083300002;0.128999993;0.123400003;0.122400001;0.123599999;0.116300002;0.120200001
66008.3;0.675800025;0.636900008;0.636300027;0.654500008;0.621500015;0.61500001;0.610899985;0.619799972;0.085500002;0.248400003;0.350800008;0.234400004;0.282999992;0.252200007;0.278600007;0.265700012;0.294200003;0.080200002;0.104599997;0.1505;0.118900001;0.141499996;0.139500007;0.130799994;0.106700003;0.110799998;0.078000002;0.609600008;0.615400016;0.614000022;0.631299973;0.609499991;0.601800025;0.709200025;0.602599978;0.085000001;0.234699994;0.338200003;0.231199995;0.280800015;0.255299985;0.283100009;0.268999994;0.296900004;0.080499999;0.104999997;0.153999999;0.119800001;0.1087;0.104000002;0.1083;0.108900003;0.118199997;0.079000004;0.62349999;0.631699979;0.624000013;0.639299989;0.626999974;0.639299989;0.665099978;0.652800024;0.084600002;0.241500005;0.339100003;0.231700003;0.282099992;0.255899996;0.286000013;0.275200009;0.302399993;0.079000004;0.091499999;0.107299998;0.096900001;0.105099998;0.102600001;0.107600003;0.109800003;0.114500001;0.078000002;0.1153;0.151700005;0.134800002;0.114799999;0.1096;0.114;0.118199997;0.116300002;0.083400004;0.129500002;0.123400003;0.122199997;0.123599999;0.1162;0.119599998
66608.3;0.680400014;0.640900016;0.642199993;0.658399999;0.625400007;0.619300008;0.614700019;0.623700023;0.085500002;0.248699993;0.352400005;0.2359;0.286599994;0.254500002;0.280999988;0.267399997;0.29550001;0.080600001;0.104800001;0.151700005;0.120099999;0.142499998;0.140000001;0.131099999;0.106700003;0.111000001;0.078100003;0.612600029;0.61680001;0.616400003;0.633099973;0.611500025;0.604300022;0.712199986;0.604099989;0.085100003;0.237200007;0.342099994;0.233799994;0.283800006;0.2579;0.284200013;0.272199988;0.301099986;0.080600001;0.1065;0.155300006;0.119800001;0.1087;0.104000002;0.108499996;0.109099999;0.118500002;0.079099998;0.627399981;0.636799991;0.629999995;0.644900024;0.631799996;0.643899977;0.66869998;0.656599998;0.084600002;0.242899999;0.343100011;0.233400002;0.28549999;0.259000003;0.289200008;0.280099988;0.307099998;0.079099998;0.0911;0.107000001;0.096900001;0.1052;0.102499999;0.107500002;0.1096;0.114200003;0.077799998;0.1175;0.151600003;0.133900002;0.115199998;0.132499993;0.113799997;0.1171;0.115599997;0.083400004;0.130099997;0.123499997;0.122199997;0.123499997;0.115999997;0.119199999
67208.4;0.684499979;0.644599974;0.645600021;0.661800027;0.629199982;0.624499977;0.619599998;0.628400028;0.085699998;0.250699997;0.353599995;0.238700002;0.290199995;0.257499993;0.283300012;0.269600004;0.297600001;0.080600001;0.104999997;0.152500004;0.120700002;0.143299997;0.140699998;0.131999999;0.107199997;0.111599997;0.078599997;0.616100013;0.622200012;0.620899975;0.637399971;0.616699994;0.608799994;0.714600027;0.610199988;0.085699998;0.239600003;0.346500009;0.236300007;0.287600011;0.26030001;0.287;0.273900002;0.303499997;0.081299998;0.105999999;0.1567;0.120999999;0.109800003;0.105099998;0.1096;0.110200003;0.119599998;0.080200002;0.630200028;0.639100015;0.632200003;0.646200001;0.634000003;0.647599995;0.674600005;0.661800027;0.0858;0.246900007;0.347200006;0.237299994;0.288399994;0.262100011;0.291700006;0.274800003;0.301999986;0.080200002;0.092500001;0.108400002;0.098399997;0.106700003;0.104000002;0.108800001;0.111000001;0.115500003;0.079400003;0.112599999;0.147200003;0.136099994;0.116599999;0.110299997;0.115699999;0.119800001;0.117899999;0.085100003;0.131799996;0.125;0.123199999;0.125;0.117600001;0.120999999
67808.5;0.68690002;0.648400009;0.649500012;0.664900005;0.632499993;0.628000021;0.623600006;0.632000029;0.085699998;0.252799988;0.35800001;0.242799997;0.29370001;0.26030001;0.286599994;0.273999989;0.301499993;0.080899999;0.1052;0.152999997;0.121299997;0.143900007;0.141100004;0.132400006;0.107299998;0.111900002;0.078699999;0.619099975;0.626399994;0.625699997;0.643299997;0.621299982;0.614000022;0.719799995;0.6153;0.0858;0.241099998;0.351099998;0.239899993;0.291399986;0.263599992;0.292499989;0.279199988;0.308200002;0.081500001;0.106299996;0.157600001;0.122000001;0.109700002;0.1052;0.109800003;0.110399999;0.119900003;0.080300003;0.634299994;0.643599987;0.636900008;0.650300026;0.639400005;0.652499974;0.676400006;0.664699972;0.086099997;0.248500004;0.350499988;0.241099998;0.292499989;0.264099985;0.294400007;0.277799994;0.305299997;0.080399998;0.092299998;0.108199999;0.098200001;0.106700003;0.104000002;0.109200001;0.111299999;0.115999997;0.078900002;0.112800002;0.147699997;0.137199998;0.116700001;0.111699998;0.116099998;0.1197;0.118100002;0.0854;0.130999997;0.125400007;0.1237;0.125799999;0.117799997;0.122000001
68408.4;0.689999998;0.650099993;0.651799977;0.668299973;0.636399984;0.631900012;0.627399981;0.635900021;0.085299999;0.257200003;0.362199992;0.246299997;0.295700014;0.261700004;0.288500011;0.27579999;0.304199994;0.079999998;0.104599997;0.153099999;0.120700002;0.143800005;0.141499996;0.132799998;0.1065;0.111000001;0.077699997;0.621299982;0.628799975;0.627600014;0.644400001;0.62349999;0.616900027;0.721599996;0.618499994;0.084600002;0.240899995;0.351799995;0.241799995;0.292499989;0.265799999;0.295399994;0.281800002;0.310400009;0.0801;0.105400003;0.156399995;0.1215;0.1083;0.103600003;0.108400002;0.108999997;0.118699998;0.078699999;0.635699987;0.645900011;0.639699996;0.652499974;0.641600013;0.655700028;0.677600026;0.666000009;0.084200002;0.25;0.351000011;0.2421;0.293900013;0.265100002;0.294699997;0.280200005;0.307500005;0.078699999;0.090700001;0.106700003;0.096600004;0.105099998;0.102499999;0.107699998;0.109700002;0.114699997;0.077399999;0.111100003;0.1461;0.136000007;0.114500001;0.109099999;0.113899998;0.116899997;0.116300002;0.083400004;0.129299998;0.123499997;0.122100003;0.1241;0.115999997;0.120700002
69008.6;0.695900023;0.655700028;0.656199992;0.672800004;0.640999973;0.636900008;0.632799983;0.641499996;0.085500002;0.259900004;0.364399999;0.249300003;0.298099995;0.264400005;0.291399986;0.278899997;0.306899995;0.080200002;0.104999997;0.154300004;0.121399999;0.144700006;0.142199993;0.133200005;0.106799997;0.111599997;0.078100003;0.623099983;0.630900025;0.630100012;0.647400022;0.626299977;0.619700015;0.724600017;0.621100008;0.085000001;0.245900005;0.353899986;0.243499994;0.29519999;0.26789999;0.296000004;0.282999992;0.311300009;0.080499999;0.105899997;0.156900004;0.122299999;0.108999997;0.104199998;0.108900003;0.1096;0.1193;0.079099998;0.639299989;0.650200009;0.645099998;0.657100022;0.645799994;0.66109997;0.685899973;0.673500001;0.084799998;0.256700009;0.355100006;0.2456;0.296799988;0.269199997;0.298599988;0.28639999;0.31310001;0.079099998;0.091300003;0.107199997;0.096900001;0.105499998;0.102899998;0.108099997;0.110200003;0.115199998;0.0779;0.1118;0.148100004;0.135900006;0.1153;0.1087;0.114500001;0.117700003;0.116800003;0.083800003;0.129700005;0.123999998;0.1228;0.124499999;0.116499998;0.121200003
69608.7;0.698599994;0.658800006;0.658900023;0.675899982;0.643700004;0.639900029;0.636200011;0.644999981;0.085600004;0.261099994;0.365500003;0.250800014;0.302100003;0.267199993;0.294;0.281199992;0.309100002;0.080399998;0.1052;0.155000001;0.122199997;0.145600006;0.142900005;0.134000003;0.107299998;0.111900002;0.078100003;0.626699984;0.635299981;0.633300006;0.650399983;0.630299985;0.624000013;0.727800012;0.625;0.085100003;0.249599993;0.359600008;0.2465;0.297800004;0.271699995;0.300799996;0.2852;0.314700007;0.080700003;0.105999999;0.158399999;0.122599997;0.1096;0.104599997;0.109200001;0.109999999;0.119999997;0.079300001;0.643100023;0.654200017;0.649200022;0.66140002;0.649500012;0.665600002;0.691200018;0.676500022;0.084799998;0.256999999;0.359100014;0.247799993;0.299400002;0.272300005;0.301800013;0.289700001;0.314500004;0.079300001;0.091799997;0.107699998;0.097400002;0.105800003;0.103100002;0.108199999;0.1105;0.115500003;0.0779;0.1118;0.147100002;0.135800004;0.125799999;0.1096;0.114299998;0.117899999;0.116099998;0.083999999;0.130600005;0.124300003;0.123099998;0.124600001;0.116499998;0.119900003
70208.7;0.702300012;0.663299978;0.664300025;0.680599988;0.648400009;0.64410001;0.638899982;0.648599982;0.085600004;0.26730001;0.367399991;0.253800005;0.305799991;0.268700004;0.295899987;0.283499986;0.312099993;0.080399998;0.105400003;0.155399993;0.123899996;0.146799996;0.143000007;0.134299994;0.1074;0.112199999;0.078000002;0.630400002;0.638300002;0.636399984;0.653900027;0.632700026;0.626699984;0.73089999;0.627900004;0.085199997;0.253800005;0.362500012;0.248600006;0.300799996;0.274500012;0.301600009;0.289000005;0.317499995;0.080700003;0.105999999;0.158800006;0.122900002;0.1096;0.104800001;0.109499998;0.109999999;0.119999997;0.079300001;0.648000002;0.659600019;0.654100001;0.665700018;0.654600024;0.670300007;0.692099988;0.6796;0.084799998;0.256300002;0.361299992;0.248799995;0.301699996;0.274500012;0.3037;0.288300008;0.314399987;0.079300001;0.091600001;0.1074;0.097000003;0.105800003;0.103100002;0.108099997;0.110299997;0.115199998;0.077600002;0.111599997;0.145899996;0.135299996;0.119199999;0.109200001;0.114100002;0.1175;0.1162;0.084200002;0.130400002;0.124399997;0.122699998;0.124600001;0.116599999;0.120099999
70808.7;0.70450002;0.665600002;0.666299999;0.681999981;0.651199996;0.647199988;0.642700016;0.651899993;0.085699998;0.266799986;0.369700015;0.256799996;0.310000002;0.272399992;0.299299985;0.28670001;0.314999998;0.080700003;0.105400003;0.156499997;0.124300003;0.147699997;0.143600002;0.134800002;0.107699998;0.112599999;0.078299999;0.632600009;0.641600013;0.638999999;0.656899989;0.635100007;0.627900004;0.731400013;0.631099999;0.0858;0.254799992;0.36559999;0.252499998;0.304500014;0.27759999;0.306600004;0.292600006;0.32159999;0.0814;0.106700003;0.159600005;0.123899996;0.1105;0.105599999;0.1105;0.111000001;0.121299997;0.080300003;0.651000023;0.663900018;0.659099996;0.670000017;0.659500003;0.675400019;0.694800019;0.683200002;0.085900001;0.260399997;0.36590001;0.253699988;0.305299997;0.276600003;0.308200002;0.292100012;0.318800002;0.080399998;0.092699997;0.108400002;0.098499998;0.107100002;0.1043;0.109499998;0.111500002;0.116599999;0.078699999;0.1131;0.147300005;0.137400001;0.122500002;0.110299997;0.115800001;0.119900003;0.118000001;0.085600004;0.132400006;0.125699997;0.1237;0.126200005;0.117899999;0.122900002
71408.9;0.708500028;0.669200003;0.670799971;0.685199976;0.655499995;0.650900006;0.646300018;0.655099988;0.085699998;0.269300014;0.37439999;0.261299998;0.31220001;0.276300013;0.3028;0.290100008;0.319200009;0.080799997;0.105800003;0.156900004;0.124600001;0.148000002;0.144299999;0.135700002;0.107900001;0.112999998;0.0788;0.636399984;0.645299971;0.643400013;0.661800027;0.640299976;0.633700013;0.736400008;0.636900008;0.085900001;0.255899996;0.370099992;0.255100012;0.307300001;0.280200005;0.309300005;0.296400011;0.323799998;0.081600003;0.107000001;0.160600007;0.125100002;0.110600002;0.105899997;0.110799998;0.111299999;0.121600002;0.080499999;0.653699994;0.666100025;0.660700023;0.672699988;0.662699997;0.678600013;0.700699985;0.690500021;0.086300001;0.263700008;0.369700015;0.256900012;0.307799995;0.281599998;0.310699999;0.2958;0.321999997;0.080600001;0.092799999;0.108800001;0.098899998;0.107500002;0.104999997;0.110100001;0.112300001;0.117399998;0.079300001;0.113799997;0.148200005;0.139200002;0.1294;0.116400003;0.116499998;0.119599998;0.119199999;0.085900001;0.114;0.126200005;0.123300001;0.126900002;0.118199997;0.122599997
72009;0.711799979;0.671800017;0.674499989;0.688300014;0.659300029;0.655600011;0.651000023;0.6602;0.085600004;0.274100006;0.378699988;0.265199989;0.312700003;0.277200013;0.304399997;0.292699993;0.320100009;0.080200002;0.105099998;0.157299995;0.124700002;0.148399994;0.144500002;0.136000007;0.107299998;0.112400003;0.078000002;0.637700021;0.647199988;0.646600008;0.664200008;0.64380002;0.637399971;0.739700019;0.642499983;0.085299999;0.258100003;0.371699989;0.257800013;0.309199989;0.282799989;0.309100002;0.298200011;0.325100005;0.080700003;0.106600001;0.159999996;0.124899998;0.109399997;0.104900002;0.109899998;0.110299997;0.120800003;0.079400003;0.655900002;0.668200016;0.663800001;0.675199986;0.666299999;0.683300018;0.702600002;0.692300022;0.085000001;0.265199989;0.369199991;0.258599997;0.308699995;0.284099996;0.311300009;0.297300011;0.3222;0.079499997;0.091499999;0.107500002;0.097400002;0.106200002;0.103600003;0.108900003;0.111199997;0.116300002;0.0779;0.112499997;0.146899998;0.137899995;0.116599999;0.109399997;0.1149;0.118699998;0.117899999;0.0845;0.113200001;0.124799997;0.1228;0.125699997;0.116899997;0.120800003
72608.9;0.719699979;0.679099977;0.679499984;0.693499982;0.665099978;0.66109997;0.656300008;0.665400028;0.085699998;0.276499987;0.379299998;0.266299993;0.316100001;0.279199988;0.306300014;0.294499993;0.322600007;0.080399998;0.105499998;0.158500001;0.125200003;0.149299994;0.145300001;0.136399999;0.107500002;0.1127;0.078199998;0.642199993;0.651000023;0.651000023;0.667800009;0.647899985;0.641499996;0.74150002;0.644699991;0.0854;0.263099998;0.373800009;0.259600013;0.311500013;0.284999996;0.312900007;0.300300002;0.329299986;0.080799997;0.106700003;0.160699993;0.125100002;0.109800003;0.105099998;0.109899998;0.110600002;0.121100001;0.079499997;0.66049999;0.672800004;0.67019999;0.679899991;0.670700014;0.6875;0.707599998;0.697700024;0.085100003;0.268299997;0.371899992;0.259299994;0.311199993;0.286000013;0.314599991;0.300099999;0.324299991;0.079499997;0.091600001;0.107699998;0.097400002;0.1061;0.103399999;0.108800001;0.111000001;0.1162;0.077799998;0.112199999;0.146200001;0.137400001;0.116700001;0.108800001;0.114399999;0.117899999;0.117799997;0.0845;0.112999998;0.125100002;0.123499997;0.125599995;0.116800003;0.120800003
73209.1;0.721000016;0.680700004;0.681699991;0.696099997;0.667599976;0.664499998;0.65990001;0.668799996;0.085699998;0.280099988;0.380800009;0.269800007;0.318599999;0.282299995;0.310099989;0.298099995;0.325199991;0.080499999;0.105499998;0.158999994;0.125799999;0.150000006;0.145400003;0.136600003;0.107500002;0.112499997;0.0779;0.643700004;0.654299974;0.653100014;0.6699;0.651199996;0.644999981;0.743499994;0.648500025;0.0854;0.264699996;0.375499994;0.261599988;0.31279999;0.288300008;0.316700011;0.304199994;0.330599993;0.081;0.107100002;0.160899997;0.125300005;0.109800003;0.104800001;0.109700002;0.110399999;0.121200003;0.079499997;0.662;0.673699975;0.671199977;0.681100011;0.672200024;0.690500021;0.712100029;0.701600015;0.085100003;0.269600004;0.374599993;0.263099998;0.315200001;0.289400011;0.317799985;0.303600013;0.327699989;0.079599999;0.091700003;0.107500002;0.097199999;0.105899997;0.103399999;0.108800001;0.111100003;0.116400003;0.077799998;0.112400003;0.146400005;0.137400001;0.1175;0.109200001;0.114200003;0.117700003;0.116700001;0.084700003;0.115099996;0.125;0.123599999;0.125499994;0.116800003;0.121100001
73809.2;0.722899973;0.683700025;0.683799982;0.699000001;0.671299994;0.667299986;0.662599981;0.671899974;0.085699998;0.282700002;0.3829;0.273699999;0.322699994;0.285100013;0.311800003;0.300900012;0.328299999;0.080499999;0.105499998;0.158899993;0.126300007;0.1505;0.145999998;0.137199998;0.107600003;0.112599999;0.0779;0.645900011;0.657999992;0.657000005;0.673699975;0.654999971;0.648800015;0.744899988;0.653100014;0.085299999;0.26730001;0.379200011;0.264899999;0.315600008;0.291099995;0.317799985;0.307000011;0.334100008;0.081;0.106799997;0.161400005;0.126000002;0.109899998;0.104900002;0.109899998;0.110600002;0.1215;0.079499997;0.665700018;0.677299976;0.675199986;0.684700012;0.677299976;0.69599998;0.714900017;0.703599989;0.085100003;0.271699995;0.377900004;0.265899986;0.316599995;0.289799988;0.320100009;0.305900007;0.328999996;0.079499997;0.091700003;0.1074;0.0973;0.105999999;0.103500001;0.108800001;0.111000001;0.116499998;0.077799998;0.112499997;0.146500006;0.137999997;0.115900002;0.109300002;0.113799997;0.118799999;0.117700003;0.0845;0.111100003;0.125300005;0.123099998;0.125300005;0.116599999;0.120800003
74409.2;0.727100015;0.686600029;0.688000023;0.701699972;0.674499989;0.66960001;0.664300025;0.675100029;0.085699998;0.284799993;0.384499997;0.2773;0.326400012;0.288199991;0.314500004;0.303000003;0.330799997;0.080499999;0.105800003;0.159199998;0.126800001;0.150800005;0.146200001;0.137999997;0.108000003;0.1131;0.078299999;0.650399983;0.660899997;0.66109997;0.677299976;0.658200026;0.651300013;0.74879998;0.657199979;0.085500002;0.270599991;0.382999986;0.26820001;0.318100005;0.294699997;0.322400004;0.311800003;0.335399985;0.081;0.107100002;0.162;0.126399994;0.110200003;0.1052;0.110299997;0.1109;0.1219;0.079599999;0.66900003;0.681100011;0.677699983;0.688399971;0.680400014;0.699800014;0.717800021;0.707799971;0.085100003;0.273400009;0.380299985;0.268400013;0.318800002;0.294800013;0.321700007;0.308999985;0.331200004;0.079700001;0.091899998;0.107900001;0.097800002;0.106399998;0.103699997;0.109200001;0.111299999;0.116800003;0.078199998;0.112800002;0.147100002;0.138600007;0.121699996;0.1105;0.114;0.117899999;0.116700001;0.084700003;0.117299996;0.125100002;0.122199997;0.125499994;0.116599999;0.1228
75009.4;0.729799986;0.689800024;0.691900015;0.704900026;0.678200006;0.674300015;0.66900003;0.679400027;0.085699998;0.287099987;0.387300014;0.280400008;0.329600006;0.290199995;0.317099988;0.30309999;0.333499998;0.080499999;0.105700001;0.159799993;0.127299994;0.151500002;0.146899998;0.138300002;0.108000003;0.113300003;0.078199998;0.652999997;0.664300025;0.665199995;0.680700004;0.662199974;0.655499995;0.750699997;0.66079998;0.085600004;0.273699999;0.386400014;0.269800007;0.321099997;0.296700001;0.325700015;0.313499987;0.338699996;0.081;0.107299998;0.162900001;0.126699999;0.110399999;0.105400003;0.110299997;0.111100003;0.122000001;0.079700001;0.672599971;0.685199976;0.682299972;0.692900002;0.685800016;0.705299973;0.721300006;0.712100029;0.085299999;0.277399987;0.383700013;0.270200014;0.32069999;0.297600001;0.323599994;0.310200006;0.334699988;0.079700001;0.092;0.108000003;0.097800002;0.1065;0.103799999;0.109300002;0.111400001;0.116800003;0.078100003;0.112800002;0.146799996;0.138699993;0.117299996;0.132300004;0.114299998;0.118299998;0.121799998;0.085000001;0.110200003;0.125;0.122699998;0.125799999;0.116700001;0.120899998
75609.5;0.734000027;0.692799985;0.695500016;0.707300007;0.682500005;0.67930001;0.673399985;0.683499992;0.085699998;0.289900005;0.390500009;0.283899993;0.332599998;0.29339999;0.321099997;0.309300005;0.336100012;0.080700003;0.1061;0.160799995;0.127900004;0.152400002;0.147100002;0.138799995;0.108199999;0.113700002;0.078400001;0.654100001;0.664600015;0.667699993;0.682799995;0.664799988;0.656799972;0.751399994;0.663100004;0.085500002;0.273900002;0.388399988;0.272300005;0.323300004;0.298999995;0.327100009;0.314900011;0.341300011;0.081200004;0.1074;0.162799999;0.127100006;0.110299997;0.105599999;0.110600002;0.111299999;0.122299999;0.079800002;0.675400019;0.686699986;0.683600008;0.694299996;0.687300026;0.708700001;0.724799991;0.717299998;0.085299999;0.279199988;0.386299998;0.273900002;0.322899997;0.300700009;0.327499986;0.31400001;0.337099999;0.079800002;0.092;0.1083;0.098099999;0.106700003;0.104000002;0.109499998;0.111699998;0.117299996;0.078400001;0.113200001;0.147200003;0.139400005;0.117799997;0.1118;0.114399999;0.118799999;0.117899999;0.085000001;0.110100001;0.125400007;0.122400001;0.1259;0.116800003;0.121100001
76209.4;0.738399982;0.69599998;0.699999988;0.710500002;0.685699999;0.682200015;0.677699983;0.688000023;0.085699998;0.291999996;0.391299993;0.286599994;0.335399985;0.296900004;0.323199987;0.312700003;0.33919999;0.080600001;0.105700001;0.161400005;0.1285;0.153099999;0.147300005;0.139400005;0.108099997;0.113600001;0.078400001;0.657899976;0.669099987;0.673699975;0.687399983;0.670899987;0.662699997;0.755200028;0.66839999;0.085500002;0.278400004;0.393000007;0.274899989;0.326200008;0.304699987;0.330199987;0.319000006;0.345699996;0.081100002;0.1074;0.163000003;0.127399996;0.110399999;0.105700001;0.110699996;0.111199997;0.122199997;0.079700001;0.679400027;0.690500021;0.687099993;0.697899997;0.690900028;0.713100016;0.728600025;0.720000029;0.085199997;0.281300008;0.388900012;0.275900006;0.325500011;0.30219999;0.33039999;0.317299992;0.3389;0.079700001;0.091700003;0.108199999;0.097999997;0.106600001;0.1039;0.109499998;0.111599997;0.117299996;0.078199998;0.112999998;0.146699995;0.139300004;0.116099998;0.109999999;0.114200003;0.118600003;0.117299996;0.084799998;0.108599998;0.125499994;0.122299999;0.125799999;0.116499998;0.121600002
76809.6;0.74119997;0.699699998;0.702700019;0.713100016;0.688499987;0.686200023;0.680400014;0.690199971;0.0858;0.29519999;0.392800003;0.289799988;0.337199986;0.300199986;0.326000005;0.315600008;0.340799987;0.080499999;0.105400003;0.162;0.128800005;0.153600007;0.1479;0.140100002;0.108199999;0.113899998;0.078400001;0.660000026;0.671199977;0.675800025;0.688799977;0.672200024;0.663800001;0.754899979;0.669700027;0.085500002;0.280000001;0.395599991;0.278499991;0.328000009;0.305999994;0.331200004;0.3222;0.347600013;0.081;0.107100002;0.163399994;0.127900004;0.110600002;0.105800003;0.110799998;0.111400001;0.122699998;0.079700001;0.682699978;0.694700003;0.692799985;0.703000009;0.6972;0.717700005;0.73210001;0.724699974;0.085199997;0.284399986;0.390899986;0.279599994;0.326900005;0.305599988;0.333499998;0.320600003;0.342099994;0.079700001;0.091499999;0.108000003;0.097999997;0.1065;0.103799999;0.109300002;0.111400001;0.1171;0.078000002;0.112800002;0.146599993;0.139400005;0.115900002;0.112099998;0.114100002;0.118000001;0.117600001;0.084600002;0.107799999;0.125599995;0.122500002;0.125799999;0.116300002;0.120899998
77409.6;0.745100021;0.70389998;0.705600023;0.716799974;0.693400025;0.690699995;0.685400009;0.695100009;0.085699998;0.298799992;0.393400013;0.292299986;0.340999991;0.30309999;0.32949999;0.318300009;0.343899995;0.080600001;0.105800003;0.162400007;0.128999993;0.154300004;0.148300007;0.140599996;0.1083;0.114100002;0.078299999;0.662199974;0.674199998;0.679400027;0.692200005;0.676599979;0.668500006;0.756099999;0.673500001;0.085299999;0.280499995;0.397300005;0.279900014;0.329400003;0.306600004;0.335900009;0.324499995;0.34740001;0.081;0.107100002;0.164100006;0.128299996;0.1105;0.105800003;0.110799998;0.111299999;0.122900002;0.079599999;0.684700012;0.696399987;0.694700003;0.70389998;0.697700024;0.720200002;0.735599995;0.728100002;0.085100003;0.28639999;0.393000007;0.281699985;0.328999996;0.308400005;0.335200012;0.321700007;0.343899995;0.079599999;0.091399997;0.108000003;0.097800002;0.1065;0.103799999;0.109499998;0.111699998;0.117299996;0.078000002;0.112599999;0.146200001;0.139799997;0.1162;0.110699996;0.113899998;0.119000003;0.120200001;0.084700003;0.107500002;0.125799999;0.123400003;0.126000002;0.116400003;0.121799998
78009.6;0.749100029;0.706900001;0.709299982;0.718599975;0.696799994;0.692900002;0.68779999;0.697300017;0.085600004;0.302700013;0.396100014;0.295700014;0.34009999;0.304899991;0.32980001;0.318800002;0.345600009;0.080499999;0.105700001;0.163000003;0.128999993;0.155000001;0.148900002;0.140799999;0.1083;0.114100002;0.078299999;0.665799975;0.676100016;0.681500018;0.694299996;0.67869997;0.671199977;0.757799983;0.675999999;0.085299999;0.284500003;0.399300009;0.283300012;0.331200004;0.310200006;0.34040001;0.327699989;0.352699995;0.081;0.107600003;0.164199993;0.128999993;0.110600002;0.105800003;0.1109;0.111500002;0.123099998;0.079499997;0.6875;0.698499978;0.696399987;0.706200004;0.700299978;0.723800004;0.738200009;0.730400026;0.085100003;0.288300008;0.393299997;0.283399999;0.33129999;0.310400009;0.33829999;0.324699998;0.347799987;0.079599999;0.091399997;0.108000003;0.097800002;0.106600001;0.1039;0.1096;0.1118;0.1175;0.077799998;0.112599999;0.146500006;0.140300006;0.118600003;0.123599999;0.114;0.119599998;0.118299998;0.084700003;0.107699998;0.126100004;0.123300001;0.126000002;0.116499998;0.121200003
78609.6;0.751600027;0.709599972;0.711300015;0.720499992;0.699100018;0.696399987;0.691100001;0.700399995;0.085699998;0.304899991;0.398799986;0.298599988;0.345800012;0.308200002;0.333999991;0.321799994;0.348199993;0.080499999;0.105499998;0.163299993;0.129899994;0.155900002;0.149499997;0.141599998;0.1087;0.114399999;0.078400001;0.66839999;0.67900002;0.683899999;0.696699977;0.681400001;0.673600018;0.75849998;0.679199994;0.085500002;0.287;0.402700007;0.285899997;0.333799988;0.314599991;0.342500001;0.331800014;0.353399992;0.080899999;0.1074;0.164900005;0.129600003;0.1109;0.105999999;0.111000001;0.111699998;0.123300001;0.079499997;0.690999985;0.702099979;0.699899971;0.708899975;0.703800023;0.727599978;0.742200017;0.733799994;0.085000001;0.291299999;0.396100014;0.287200004;0.333799988;0.315200001;0.33950001;0.327800006;0.349099994;0.079599999;0.091499999;0.108199999;0.097999997;0.106700003;0.104000002;0.109800003;0.112000003;0.117799997;0.078100003;0.112599999;0.146699995;0.140699998;0.116099998;0.116400003;0.114100002;0.118199997;0.117700003;0.084600002;0.107500002;0.126200005;0.122900002;0.126300007;0.116599999;0.122299999
79209.6;0.754899979;0.711600006;0.714299977;0.72359997;0.702199996;0.699899971;0.694400012;0.70450002;0.085699998;0.307300001;0.4005;0.302399993;0.347000003;0.310000002;0.333999991;0.322899997;0.3495;0.080499999;0.105700001;0.163800001;0.1303;0.156100005;0.150000006;0.142000005;0.108800001;0.114500001;0.078400001;0.671599984;0.680999994;0.686999977;0.699500024;0.685699999;0.677699983;0.759800017;0.682799995;0.085699998;0.289999992;0.405000001;0.288599998;0.335399985;0.317600012;0.343600005;0.332599998;0.354999989;0.081;0.107699998;0.165900007;0.129899994;0.111000001;0.105999999;0.111199997;0.111900002;0.1237;0.079599999;0.693499982;0.70630002;0.702899992;0.712400019;0.706200004;0.731599987;0.745100021;0.737299979;0.085199997;0.29370001;0.398099989;0.290600002;0.335999995;0.319200009;0.342599988;0.330199987;0.349599987;0.079599999;0.091799997;0.108099997;0.097900003;0.106799997;0.104000002;0.109999999;0.112199999;0.118199997;0.0779;0.112999998;0.147;0.141100004;0.115900002;0.111699998;0.114100002;0.118500002;0.117600001;0.084799998;0.107699998;0.126599997;0.123499997;0.126399994;0.116400003;0.1215
79809.7;0.75819999;0.713999987;0.717199981;0.726599991;0.70599997;0.702899992;0.698599994;0.707499981;0.085699998;0.31099999;0.4023;0.305400014;0.349299997;0.312700003;0.336400002;0.326499999;0.351500005;0.080600001;0.1061;0.163800001;0.130600005;0.156499997;0.150600001;0.142700002;0.109099999;0.1149;0.078199998;0.674000025;0.684400022;0.690800011;0.703100026;0.688799977;0.680700004;0.760999978;0.685800016;0.085500002;0.291900009;0.406500012;0.290499985;0.3398;0.32100001;0.345699996;0.338499993;0.355399996;0.081100002;0.108000003;0.1664;0.130799994;0.111299999;0.106299996;0.111400001;0.112199999;0.124200001;0.079700001;0.696399987;0.707799971;0.704599977;0.713699996;0.708299994;0.734700024;0.748399973;0.740800023;0.085199997;0.296600014;0.400900006;0.293900013;0.339399993;0.319999993;0.343600005;0.333200008;0.354000002;0.079700001;0.092100002;0.1087;0.098399997;0.107199997;0.104500003;0.1105;0.112800002;0.118799999;0.078100003;0.112899996;0.147200003;0.141299993;0.116599999;0.116599999;0.114200003;0.118500002;0.118199997;0.085000001;0.107799999;0.126900002;0.122699998;0.126499996;0.116400003;0.121699996
80409.8;0.760299981;0.716600001;0.721499979;0.727900028;0.708500028;0.70569998;0.700699985;0.710900009;0.085699998;0.313300014;0.405000001;0.309100002;0.351000011;0.314599991;0.338499993;0.328200012;0.353599995;0.080600001;0.105899997;0.165000007;0.131400004;0.157700002;0.151199996;0.142900005;0.108999997;0.115099996;0.078500003;0.676800013;0.68629998;0.692499995;0.704599977;0.691100001;0.682200015;0.762499988;0.687699974;0.085600004;0.295100003;0.409299999;0.294699997;0.341899991;0.322699994;0.34889999;0.338699996;0.357600003;0.081100002;0.108000003;0.166299999;0.130700007;0.111599997;0.1065;0.111699998;0.112499997;0.124600001;0.079899997;0.701200008;0.713100016;0.710099995;0.720000029;0.714600027;0.740100026;0.749000013;0.742600024;0.0854;0.298700005;0.402500004;0.29460001;0.341199994;0.32159999;0.346700013;0.335299999;0.35769999;0.079899997;0.092100002;0.1087;0.098499998;0.107299998;0.104500003;0.110600002;0.112800002;0.118799999;0.078100003;0.113399997;0.147100002;0.141499996;0.116300002;0.123899996;0.114399999;0.119000003;0.128800005;0.085199997;0.107799999;0.127299994;0.123099998;0.127000004;0.116499998;0.122299999
81009.8;0.764800012;0.720600009;0.725099981;0.731299996;0.711600006;0.708899975;0.70450002;0.714299977;0.085699998;0.317400008;0.405800015;0.3134;0.353199989;0.318100005;0.340700001;0.331400007;0.355399996;0.080600001;0.105499998;0.164800003;0.131799996;0.158000007;0.151500002;0.143800005;0.109099999;0.115000002;0.078500003;0.67900002;0.688300014;0.694999993;0.707300007;0.694500029;0.685899973;0.764400005;0.691999972;0.085600004;0.297899991;0.411799997;0.296999991;0.344000012;0.325300008;0.348500013;0.341399997;0.360599995;0.081100002;0.108000003;0.1664;0.131300002;0.111699998;0.106600001;0.111900002;0.112599999;0.124799997;0.079800002;0.703800023;0.715799987;0.71329999;0.7227;0.717700005;0.743700027;0.752799988;0.746200025;0.085299999;0.301400006;0.403600007;0.298500001;0.342799991;0.327199996;0.349900007;0.337099999;0.359299988;0.079899997;0.091899998;0.1087;0.098399997;0.107299998;0.104500003;0.1105;0.112599999;0.118900001;0.078299999;0.113399997;0.147;0.142100006;0.1175;0.118000001;0.114399999;0.118699998;0.126800001;0.085100003;0.107600003;0.127599999;0.123000003;0.127200007;0.116400003;0.122599997
81610;0.765500009;0.721400023;0.726499975;0.732599974;0.71450001;0.710900009;0.706200004;0.715200007;0.085699998;0.320600003;0.406699985;0.316599995;0.354299992;0.320300013;0.344300002;0.333900005;0.357899994;0.080600001;0.105800003;0.164800003;0.131899998;0.157900006;0.151899993;0.144400001;0.109200001;0.1153;0.078400001;0.681900024;0.690400004;0.697700024;0.708899975;0.697099984;0.688899994;0.764199972;0.695299983;0.085500002;0.300199986;0.412499994;0.300500005;0.344900012;0.328500003;0.352600008;0.343300015;0.362800002;0.081200004;0.108499996;0.166600004;0.131799996;0.111599997;0.1065;0.112199999;0.1127;0.124899998;0.079800002;0.703800023;0.715300024;0.713100016;0.721800029;0.717400014;0.745100021;0.755100012;0.749199986;0.085299999;0.303499997;0.404599994;0.302599996;0.345400006;0.328500003;0.352100015;0.34040001;0.359800011;0.079800002;0.092299998;0.108800001;0.098700002;0.107600003;0.104699999;0.110799998;0.112999998;0.1193;0.078400001;0.113300003;0.147;0.142399997;0.116400003;0.113799997;0.114600003;0.118799999;0.118600003;0.085100003;0.107299998;0.127900004;0.123400003;0.127100006;0.116300002;0.122299999
82210;0.769800007;0.724600017;0.728699982;0.735199988;0.717899978;0.713199973;0.708999991;0.718599975;0.085699998;0.323500007;0.407200009;0.319000006;0.358200014;0.321099997;0.345099986;0.335500002;0.362300009;0.080700003;0.106299996;0.165000007;0.132200003;0.158299997;0.152199998;0.145099998;0.109700002;0.115699999;0.078599997;0.685800016;0.693499982;0.700399995;0.712000012;0.699899971;0.691200018;0.765500009;0.6972;0.085600004;0.30250001;0.415800005;0.30250001;0.34709999;0.33129999;0.35589999;0.344199985;0.364100009;0.081200004;0.108000003;0.167400002;0.132300004;0.112099998;0.107000001;0.112300001;0.113300003;0.125599995;0.079899997;0.707799971;0.719799995;0.716799974;0.725799978;0.721800029;0.750199974;0.760500014;0.755100012;0.085500002;0.305999994;0.407999992;0.304800004;0.347499996;0.330900013;0.353199989;0.342900008;0.359400004;0.079899997;0.092399999;0.109099999;0.098800004;0.107699998;0.104900002;0.111100003;0.113300003;0.1197;0.078400001;0.114;0.147499993;0.143299997;0.116800003;0.111000001;0.114600003;0.118799999;0.121299997;0.085199997;0.107299998;0.128199995;0.123199999;0.127399996;0.116300002;0.122599997
82810;0.771899998;0.727400005;0.7324;0.737200022;0.719600022;0.715399981;0.711300015;0.721899986;0.085699998;0.326900005;0.408899993;0.323100001;0.360700011;0.325399995;0.347200006;0.337500006;0.362699986;0.080600001;0.105899997;0.164900005;0.133000001;0.158800006;0.152799994;0.145699993;0.109700002;0.115900002;0.078500003;0.687600017;0.695500016;0.703199983;0.714100003;0.703199983;0.694500029;0.766600013;0.701099992;0.0858;0.305299997;0.416799992;0.305299997;0.3486;0.333900005;0.357899994;0.34830001;0.366100013;0.081299998;0.1083;0.167699993;0.1329;0.112400003;0.107100002;0.112599999;0.113499999;0.125799999;0.079999998;0.710500002;0.721199989;0.717899978;0.726999998;0.72329998;0.752600014;0.761799991;0.754999995;0.085500002;0.308600008;0.408499986;0.307900012;0.351300001;0.333600014;0.354699999;0.34740001;0.36469999;0.079999998;0.092500001;0.109200001;0.098899998;0.107900001;0.1052;0.111500002;0.113600001;0.119999997;0.078500003;0.114200003;0.147699997;0.143800005;0.116999999;0.1109;0.1149;0.118699998;0.1197;0.0854;0.107699998;0.128600001;0.123599999;0.127800003;0.116499998;0.122900002
83410.2;0.774500012;0.729399979;0.735199988;0.739300013;0.722599983;0.718500018;0.715699971;0.726100028;0.085699998;0.329600006;0.411300004;0.326700002;0.363200009;0.326900005;0.349999994;0.339599997;0.363599986;0.080600001;0.105899997;0.166099995;0.133499995;0.159799993;0.153500006;0.145899996;0.109899998;0.115999997;0.078699999;0.689899981;0.696399987;0.704599977;0.715799987;0.70480001;0.696200013;0.767700016;0.701600015;0.085600004;0.307500005;0.4199;0.308899999;0.351099998;0.336299986;0.360599995;0.352699995;0.369700015;0.081299998;0.1087;0.168200001;0.133200005;0.112300001;0.107299998;0.112800002;0.113499999;0.126100004;0.079999998;0.711799979;0.723399997;0.718599975;0.728200018;0.723800004;0.755100012;0.763700008;0.757099986;0.085500002;0.310699999;0.41080001;0.311300009;0.350600004;0.336100012;0.356900007;0.34799999;0.367199987;0.079999998;0.092799999;0.109499998;0.099200003;0.108099997;0.105400003;0.111699998;0.113799997;0.120300002;0.0788;0.114399999;0.147799999;0.144400001;0.1171;0.111900002;0.1149;0.120399997;0.125;0.0854;0.1074;0.128900006;0.123800002;0.127900004;0.116400003;0.122599997
84010.3;0.777499974;0.7324;0.738799989;0.740800023;0.725000024;0.720799983;0.717599988;0.728500009;0.085699998;0.332599998;0.412999988;0.32949999;0.363900006;0.32980001;0.351300001;0.341500014;0.365399987;0.080700003;0.1061;0.166199997;0.133699998;0.1602;0.153899997;0.146500006;0.109999999;0.116300002;0.078500003;0.691900015;0.699000001;0.706499994;0.717800021;0.70630002;0.697899997;0.768100023;0.703199983;0.085600004;0.309899986;0.418500006;0.310799986;0.352800012;0.337599993;0.361600012;0.354099989;0.370999992;0.081299998;0.108800001;0.168500006;0.1338;0.1127;0.107500002;0.112999998;0.113799997;0.126599997;0.079999998;0.71509999;0.726700008;0.72390002;0.733200014;0.729900002;0.759000003;0.765600026;0.75999999;0.085600004;0.313600004;0.411799997;0.314900011;0.353500009;0.339700013;0.359499991;0.349700004;0.368999988;0.079999998;0.092299998;0.109399997;0.098999999;0.108199999;0.105300002;0.1118;0.114;0.1206;0.078400001;0.114600003;0.147599995;0.144099995;0.1175;0.128099993;0.115000002;0.118799999;0.134299994;0.085500002;0.107799999;0.128999993;0.123199999;0.127900004;0.116400003;0.122900002
84610.4;0.780300021;0.734099984;0.740800023;0.743200004;0.728100002;0.724399984;0.721199989;0.731100023;0.085699998;0.334899992;0.415699989;0.333600014;0.367199987;0.333200008;0.354299992;0.344399989;0.367900014;0.080700003;0.106399998;0.166500002;0.134299994;0.160500005;0.153999999;0.147;0.110100001;0.116499998;0.078500003;0.695900023;0.702600002;0.710300028;0.721300006;0.711099982;0.702099979;0.770399988;0.708299994;0.085600004;0.31220001;0.423999995;0.31279999;0.354900002;0.341800004;0.362800002;0.357499987;0.372999996;0.081299998;0.108499996;0.169400007;0.1338;0.112499997;0.107299998;0.112899996;0.113700002;0.126599997;0.079899997;0.717499971;0.727999985;0.72359997;0.734200001;0.730499983;0.761600018;0.770399988;0.764699996;0.085500002;0.316100001;0.414200008;0.316399992;0.356700003;0.341600001;0.361999989;0.351500005;0.368299991;0.0801;0.092600003;0.109300002;0.099299997;0.108199999;0.105300002;0.111900002;0.114100002;0.120800003;0.0788;0.114799999;0.148000002;0.144500002;0.1171;0.116300002;0.114699997;0.118600003;0.118799999;0.085299999;0.108099997;0.129099995;0.122900002;0.127900004;0.116099998;0.123199999
85210.4;0.782899976;0.737100005;0.743900001;0.745400012;0.731700003;0.726700008;0.72359997;0.733200014;0.085699998;0.339100003;0.416599989;0.336600006;0.370200008;0.334899992;0.3565;0.346500009;0.371300012;0.080700003;0.106200002;0.167400002;0.135000005;0.161500007;0.154599994;0.147300005;0.110200003;0.116700001;0.078500003;0.697399974;0.703700006;0.711499989;0.721800029;0.711899996;0.703100026;0.770299971;0.709100008;0.085699998;0.314999998;0.426400006;0.315299988;0.356700003;0.344799995;0.366299987;0.360799998;0.373899996;0.081200004;0.108800001;0.169699997;0.134299994;0.1127;0.107600003;0.1131;0.113799997;0.126800001;0.079999998;0.719299972;0.729099989;0.726300001;0.736100018;0.731599987;0.763899982;0.771399975;0.766900003;0.085600004;0.317999989;0.416099995;0.319599986;0.357600003;0.345999986;0.363299996;0.35589999;0.370400012;0.0801;0.092200004;0.109300002;0.098999999;0.108199999;0.105099998;0.111900002;0.114;0.120499998;0.078500003;0.114500001;0.147300005;0.144500002;0.120800003;0.109800003;0.114699997;0.1184;0.1184;0.085500002;0.108000003;0.1294;0.123800002;0.128199995;0.116400003;0.123000003
85810.5;0.786599994;0.74119997;0.747799993;0.748600006;0.734499991;0.729300022;0.727599978;0.736599982;0.0858;0.343400002;0.417199999;0.3398;0.370400012;0.335999995;0.35800001;0.348199993;0.371100008;0.080700003;0.106399998;0.167300001;0.135299996;0.162400007;0.155000001;0.147499993;0.110299997;0.1171;0.078699999;0.699299991;0.70569998;0.713800013;0.724600017;0.714900017;0.70660001;0.772300005;0.712400019;0.085699998;0.317999989;0.427599996;0.319599986;0.358599991;0.348500013;0.365200013;0.361400008;0.373199999;0.081299998;0.108800001;0.170200005;0.1347;0.112899996;0.107900001;0.113399997;0.114100002;0.127200007;0.079999998;0.72299999;0.73299998;0.730300009;0.739199996;0.735499978;0.767400026;0.775099993;0.770399988;0.085500002;0.321099997;0.417400002;0.322400004;0.359400004;0.348500013;0.36469999;0.358999997;0.373199999;0.0801;0.092200004;0.109399997;0.099100001;0.1083;0.1052;0.112000003;0.114;0.120800003;0.078599997;0.114399999;0.147300005;0.144800007;0.117399998;0.116999999;0.114799999;0.118699998;0.137700006;0.085500002;0.108099997;0.129700005;0.123899996;0.128099993;0.116099998;0.122900002
86410.4;0.789300025;0.742900014;0.74879998;0.749899983;0.737200022;0.731899977;0.729700029;0.739300013;0.085699998;0.346399993;0.418500006;0.343699992;0.373100013;0.340999991;0.362500012;0.350899994;0.372900009;0.080700003;0.1065;0.167799994;0.135600001;0.162900001;0.155100003;0.148000002;0.1105;0.117200002;0.078699999;0.702099979;0.708000004;0.715699971;0.726400018;0.717199981;0.709500015;0.773199975;0.71420002;0.085699998;0.321099997;0.4296;0.32249999;0.360700011;0.353300005;0.367399991;0.364899993;0.372999996;0.081299998;0.108800001;0.170100003;0.135100007;0.112999998;0.108000003;0.113499999;0.114200003;0.127399996;0.079999998;0.723800004;0.734799981;0.731899977;0.740199983;0.736100018;0.76910001;0.7773;0.772400022;0.085600004;0.322899997;0.417699993;0.324099988;0.359899998;0.3486;0.368000001;0.360700011;0.376800001;0.0801;0.092500001;0.109499998;0.099200003;0.108499996;0.105400003;0.112300001;0.114299998;0.120999999;0.078699999;0.114399999;0.147599995;0.145400003;0.117299996;0.111299999;0.1149;0.118500002;0.119800001;0.085600004;0.108199999;0.130099997;0.123999998;0.128399998;0.1162;0.123400003
87010.5;0.792599976;0.743900001;0.750699997;0.750899971;0.738699973;0.73360002;0.730300009;0.740700006;0.085699998;0.349000007;0.419699997;0.34740001;0.373600006;0.343300015;0.362199992;0.351799995;0.373899996;0.080700003;0.106299996;0.167999998;0.135900006;0.162799999;0.155399993;0.148699999;0.110799998;0.117700003;0.078599997;0.704299986;0.709800005;0.716799974;0.727900028;0.719699979;0.710300028;0.772599995;0.715600014;0.0858;0.323399991;0.430599988;0.323799998;0.361799985;0.352899998;0.368000001;0.365399987;0.377700001;0.0814;0.108800001;0.170900002;0.135600001;0.113399997;0.1083;0.113899998;0.114699997;0.127900004;0.0801;0.726199985;0.737299979;0.733200014;0.742500007;0.739799976;0.773299992;0.778199971;0.773899972;0.085699998;0.325500011;0.418900013;0.327800006;0.360500008;0.351700008;0.368299991;0.363000005;0.378300011;0.080200002;0.092799999;0.109899998;0.0995;0.108800001;0.105800003;0.112499997;0.114699997;0.1215;0.078900002;0.114799999;0.1479;0.145999998;0.119000003;0.109899998;0.115000002;0.118600003;0.118000001;0.0858;0.108599998;0.130500004;0.123899996;0.128900006;0.1171;0.123999998
87610.7;0.79339999;0.745700002;0.751600027;0.752300024;0.741299987;0.736400008;0.733900011;0.744799972;0.0858;0.351799995;0.421700001;0.349799991;0.375699997;0.343400002;0.363799989;0.352600008;0.373299986;0.080700003;0.106399998;0.168099999;0.136399999;0.163399994;0.157000005;0.149000004;0.110699996;0.117799997;0.078699999;0.707000017;0.711799979;0.718699992;0.730099976;0.721499979;0.712599993;0.773899972;0.718800008;0.0858;0.326799989;0.430799991;0.325100005;0.363400012;0.353700012;0.371699989;0.3653;0.379400015;0.081500001;0.109499998;0.171299994;0.136000007;0.113799997;0.108599998;0.114299998;0.115099996;0.128399998;0.080300003;0.730400026;0.741599977;0.736999989;0.746500015;0.743399978;0.776899993;0.779100001;0.776300013;0.085900001;0.328200012;0.41929999;0.3292;0.361699998;0.355699986;0.369800001;0.364899993;0.377999991;0.080300003;0.0933;0.110200003;0.099799998;0.108999997;0.105999999;0.112999998;0.115099996;0.122100003;0.0788;0.115000002;0.148100004;0.146400005;0.117600001;0.112300001;0.1153;0.118500002;0.133100003;0.086000003;0.108599998;0.130600005;0.124300003;0.1294;0.117200002;0.124700002
88210.9;0.795899987;0.747300029;0.754299998;0.753199995;0.743399978;0.737299979;0.735700011;0.746399999;0.0858;0.354099989;0.421900004;0.352899998;0.378899992;0.346199989;0.368200004;0.357300013;0.37650001;0.080700003;0.106200002;0.168200001;0.136899993;0.163599998;0.156299993;0.149499997;0.111000001;0.118199997;0.078500003;0.708500028;0.714399993;0.721199989;0.731700003;0.723800004;0.714999974;0.775600016;0.720899999;0.0858;0.328200012;0.433499992;0.328700006;0.365200013;0.356700003;0.374000013;0.367399991;0.379400015;0.081500001;0.109399997;0.171399996;0.136199996;0.113700002;0.108499996;0.114200003;0.115099996;0.1285;0.080200002;0.73119998;0.741699994;0.736599982;0.746500015;0.743399978;0.777499974;0.783200026;0.779299974;0.085900001;0.330300003;0.421999991;0.332899988;0.363999993;0.358500004;0.371699989;0.36500001;0.379999995;0.080399998;0.093000002;0.109899998;0.099600002;0.108999997;0.105899997;0.112899996;0.115099996;0.122000001;0.078699999;0.115099996;0.148000002;0.146699995;0.122299999;0.1118;0.115400001;0.119099997;0.118699998;0.086300001;0.108800001;0.130899996;0.124700002;0.129500002;0.117299996;0.1241
88811;0.799199998;0.74940002;0.757399976;0.755900025;0.746100008;0.740199983;0.738600016;0.749199986;0.085699998;0.35679999;0.424299985;0.357300013;0.381500006;0.349099994;0.368000001;0.360700011;0.380499989;0.080799997;0.106700003;0.168699995;0.137500003;0.164700001;0.156800002;0.149499997;0.1109;0.118100002;0.078299999;0.709999979;0.714900017;0.722000003;0.73299998;0.724699974;0.715799987;0.7755;0.721499979;0.085900001;0.330900013;0.437700003;0.332500011;0.367300004;0.361200005;0.377200007;0.370700002;0.383899987;0.081500001;0.109200001;0.171700001;0.136299998;0.113600001;0.108599998;0.114299998;0.115099996;0.128900006;0.080300003;0.734799981;0.744199991;0.738699973;0.748600006;0.745599985;0.780399978;0.786599994;0.781700015;0.086000003;0.332300007;0.423799992;0.335299999;0.367199987;0.361900002;0.373299986;0.368699998;0.381500006;0.080399998;0.092699997;0.109800003;0.0995;0.108900003;0.105800003;0.112800002;0.115000002;0.122000001;0.0788;0.115099996;0.147599995;0.146599993;0.119900003;0.1096;0.1153;0.118600003;0.118299998;0.086099997;0.109300002;0.131099999;0.124399997;0.129600003;0.117200002;0.123999998
89410.9;0.802299976;0.751800001;0.759299994;0.756799996;0.748300016;0.742600024;0.741299987;0.751399994;0.0858;0.358999997;0.425599992;0.360199988;0.382999986;0.350400001;0.369700015;0.362800002;0.380800009;0.080700003;0.106299996;0.169699997;0.137999997;0.165299997;0.156900004;0.149900004;0.111000001;0.1184;0.078500003;0.712199986;0.717800021;0.724900007;0.735499978;0.727999985;0.720600009;0.777800024;0.726000011;0.085900001;0.332500011;0.439300001;0.334199995;0.368600011;0.362599999;0.378100008;0.372900009;0.385800004;0.081500001;0.109399997;0.172199994;0.136899993;0.113600001;0.108800001;0.114399999;0.115099996;0.128900006;0.080300003;0.735899985;0.745500028;0.741900027;0.750999987;0.747399986;0.783100009;0.788399994;0.783800006;0.086000003;0.333799988;0.424199998;0.3389;0.368000001;0.362500012;0.376300007;0.369599998;0.382499993;0.080399998;0.092699997;0.110100001;0.099699996;0.108999997;0.105899997;0.112999998;0.115099996;0.122299999;0.079000004;0.115400001;0.147799999;0.147;0.125200003;0.110100001;0.115400001;0.118500002;0.1184;0.086099997;0.108999997;0.130999997;0.123999998;0.129800007;0.1171;0.124399997
90011;0.804199994;0.754199982;0.761600018;0.759599984;0.751600027;0.745299995;0.744499981;0.754700005;0.0858;0.362300009;0.426400006;0.364399999;0.384000003;0.353300005;0.370799989;0.364399999;0.382600009;0.080700003;0.1061;0.170000002;0.138600007;0.166299999;0.157199994;0.150299996;0.1109;0.118699998;0.078699999;0.713400006;0.719099998;0.726199985;0.736899972;0.729700029;0.721899986;0.778299987;0.727800012;0.0858;0.335599989;0.441100001;0.336499989;0.372099996;0.364300013;0.379099995;0.372700006;0.384799987;0.081500001;0.108999997;0.172199994;0.137199998;0.113600001;0.108800001;0.114600003;0.1153;0.128999993;0.080300003;0.738900006;0.747600019;0.743399978;0.752600014;0.749599993;0.784200013;0.791999996;0.787599981;0.085900001;0.336199999;0.428299993;0.342400014;0.371100008;0.367599994;0.380499989;0.372700006;0.385899991;0.080499999;0.092500001;0.110200003;0.099799998;0.109099999;0.105899997;0.1131;0.1153;0.122599997;0.079300001;0.115699999;0.1479;0.147499993;0.121100001;0.109999999;0.115500003;0.118699998;0.118299998;0.086099997;0.109499998;0.131099999;0.1237;0.129999995;0.117200002;0.124499999
90611;0.808000028;0.756399989;0.763000011;0.760900021;0.753300011;0.747600019;0.746200025;0.757099986;0.085699998;0.364399999;0.428000003;0.367300004;0.38319999;0.354999989;0.37349999;0.365700006;0.383700013;0.080799997;0.1065;0.170399994;0.138699993;0.167400002;0.157700002;0.150900006;0.111100003;0.118799999;0.078699999;0.714999974;0.720700026;0.727100015;0.737600029;0.730700016;0.7227;0.779299974;0.728100002;0.085900001;0.338;0.440699995;0.341199994;0.373199999;0.365200013;0.381700009;0.373899996;0.386999995;0.081600003;0.109099999;0.171599999;0.137600005;0.113899998;0.108900003;0.114799999;0.115699999;0.129199997;0.080399998;0.740100026;0.74940002;0.744899988;0.754100025;0.750800014;0.786499977;0.792100012;0.787299991;0.086099997;0.33829999;0.42750001;0.345099986;0.373299986;0.366899997;0.380400002;0.374300003;0.386000007;0.080499999;0.092699997;0.110299997;0.099799998;0.109300002;0.105999999;0.113200001;0.115500003;0.1228;0.0792;0.115599997;0.1479;0.147599995;0.118900001;0.110699996;0.115599997;0.119000003;0.1184;0.086199999;0.1096;0.131300002;0.124399997;0.130500004;0.117600001;0.125100002
91211.2;0.810100019;0.757799983;0.764500022;0.762199998;0.755800009;0.749199986;0.748300016;0.759199977;0.0858;0.367799997;0.431499988;0.370799989;0.387100011;0.358200014;0.3759;0.366699994;0.3829;0.080799997;0.1065;0.170499995;0.1391;0.167300001;0.158199996;0.151500002;0.111199997;0.118900001;0.0788;0.717400014;0.722800016;0.728500009;0.739199996;0.732200027;0.724900007;0.779799998;0.731100023;0.085900001;0.340999991;0.441900015;0.342500001;0.37470001;0.368499994;0.384299994;0.3741;0.388000011;0.081600003;0.109300002;0.172399998;0.137999997;0.114100002;0.109099999;0.115099996;0.115599997;0.129800007;0.080499999;0.743900001;0.753000021;0.748099983;0.757099986;0.754800022;0.790300012;0.792699993;0.787599981;0.086099997;0.340900004;0.42809999;0.347900003;0.37349999;0.368699998;0.381900012;0.3759;0.390899986;0.080600001;0.093099996;0.110699996;0.100199997;0.109399997;0.106299996;0.113399997;0.115599997;0.122900002;0.079400003;0.115400001;0.147799999;0.148300007;0.123999998;0.114699997;0.115599997;0.118900001;0.119000003;0.086300001;0.109800003;0.131200001;0.124499999;0.130600005;0.117600001;0.124799997
91811.2;0.814199984;0.760800004;0.765799999;0.763800025;0.757399976;0.750899971;0.750199974;0.760900021;0.0858;0.370099992;0.431300014;0.373800009;0.390300006;0.360000014;0.379500002;0.369599998;0.386900008;0.080700003;0.1065;0.170300007;0.138999999;0.167199999;0.158399999;0.151899993;0.111400001;0.119000003;0.078699999;0.720700026;0.725899994;0.731400013;0.741999984;0.736100018;0.728500009;0.781899989;0.734799981;0.085900001;0.343600005;0.444099993;0.345400006;0.375400007;0.371800005;0.388599992;0.378899992;0.391600013;0.081600003;0.109200001;0.172900006;0.138300002;0.114100002;0.108900003;0.115000002;0.115699999;0.1303;0.080399998;0.743799984;0.753199995;0.746599972;0.755599976;0.754000008;0.791299999;0.798200011;0.792200029;0.086099997;0.343199998;0.429100007;0.350699991;0.375999987;0.372900009;0.38319999;0.378399998;0.389200002;0.080499999;0.092900001;0.1105;0.100100003;0.109399997;0.106200002;0.113700002;0.115999997;0.123499997;0.079300001;0.115999997;0.148300007;0.149000004;0.133399993;0.112300001;0.115599997;0.119000003;0.119599998;0.086400002;0.109700002;0.131300002;0.124200001;0.130899996;0.117799997;0.125400007
92411.2;0.817600012;0.762300014;0.768100023;0.765500009;0.759599984;0.753099978;0.752900004;0.763700008;0.0858;0.373100013;0.432200015;0.376700014;0.390199989;0.361200005;0.378100008;0.370900005;0.388300002;0.080700003;0.106399998;0.170699999;0.139500007;0.167899996;0.158999994;0.152500004;0.111400001;0.119199999;0.078699999;0.720700026;0.726599991;0.731000006;0.7421;0.736500025;0.728799999;0.781899989;0.734499991;0.085900001;0.345999986;0.444999993;0.347200006;0.376399994;0.372500002;0.389099985;0.377600014;0.394899994;0.081600003;0.109899998;0.172999993;0.138600007;0.114399999;0.109099999;0.1153;0.115999997;0.130500004;0.080399998;0.746699989;0.755699992;0.749599993;0.75849998;0.7579;0.7949;0.796800017;0.790300012;0.086000003;0.344700009;0.427700013;0.352999985;0.375499994;0.373600006;0.387400001;0.378899992;0.390100002;0.080499999;0.092799999;0.110399999;0.100000001;0.109399997;0.106200002;0.113700002;0.115800001;0.123499997;0.079300001;0.115599997;0.147499993;0.148499995;0.118100002;0.111500002;0.115599997;0.118900001;0.119599998;0.086400002;0.109800003;0.131300002;0.124200001;0.131099999;0.117899999;0.125499994
93011.2;0.820599973;0.763700008;0.76910001;0.76700002;0.761300027;0.754599988;0.754000008;0.765399992;0.0858;0.375200003;0.432599992;0.379299998;0.393400013;0.364399999;0.379099995;0.372299999;0.388200015;0.080799997;0.106600001;0.171200007;0.140200004;0.168400005;0.159099996;0.152899995;0.1118;0.1197;0.078699999;0.72390002;0.727900028;0.732299984;0.743499994;0.737800002;0.730000019;0.782899976;0.736299992;0.086000003;0.349099994;0.44659999;0.349799991;0.378600001;0.377499998;0.390500009;0.378899992;0.396400005;0.081600003;0.109499998;0.173500001;0.138999999;0.114500001;0.109300002;0.115400001;0.1162;0.130500004;0.080399998;0.747399986;0.755500019;0.748899996;0.75819999;0.757099986;0.795000017;0.797800004;0.791100025;0.086199999;0.34740001;0.430000007;0.355100006;0.377999991;0.376899987;0.386799991;0.381199986;0.390899986;0.080499999;0.092900001;0.1105;0.100100003;0.109499998;0.106299996;0.113799997;0.116099998;0.123599999;0.079300001;0.115800001;0.147300005;0.148699999;0.125100002;0.126200005;0.115699999;0.119000003;0.119800001;0.086499996;0.109800003;0.131400004;0.124200001;0.131200001;0.117799997;0.124899998
93611.3;0.822600007;0.764299989;0.769200027;0.767400026;0.761799991;0.755400002;0.755299985;0.766200006;0.0858;0.377400011;0.435600013;0.379799992;0.392800003;0.364100009;0.380400002;0.372799993;0.389200002;0.080799997;0.1061;0.171900004;0.141599998;0.1699;0.159899995;0.153099999;0.111900002;0.119999997;0.078500003;0.725000024;0.729499996;0.73269999;0.744300008;0.738699973;0.73089999;0.784099996;0.739000022;0.085900001;0.351300001;0.446999997;0.351999998;0.380199999;0.377299994;0.388599992;0.379900008;0.395500004;0.081600003;0.109700002;0.173500001;0.138999999;0.114500001;0.109399997;0.115599997;0.1162;0.130999997;0.080399998;0.750999987;0.760599971;0.752499998;0.762799978;0.761500001;0.798099995;0.800000012;0.793099999;0.086099997;0.3495;0.433200002;0.357499987;0.377600014;0.377999991;0.388500005;0.381399989;0.395500004;0.080499999;0.092600003;0.110600002;0.100199997;0.109499998;0.106200002;0.113600001;0.1162;0.123599999;0.0792;0.115800001;0.146899998;0.148599997;0.118500002;0.110799998;0.115699999;0.118799999;0.120499998;0.086599998;0.109499998;0.131500006;0.1241;0.131200001;0.118199997;0.125
94211.3;0.823400021;0.764299989;0.771399975;0.768700004;0.763000011;0.757399976;0.756799996;0.768999994;0.085699998;0.379900008;0.43599999;0.386200011;0.395399988;0.368200004;0.382499993;0.375200003;0.391400009;0.080600001;0.105999999;0.171800002;0.141800001;0.169699997;0.159600005;0.153500006;0.112000003;0.120300002;0.078500003;0.728200018;0.732299984;0.735199988;0.746299982;0.741699994;0.734399974;0.785899997;0.7421;0.0858;0.353399992;0.451499999;0.357199997;0.380499989;0.379099995;0.3926;0.379999995;0.394899994;0.0814;0.109099999;0.173199996;0.139400005;0.114600003;0.1096;0.115699999;0.116300002;0.130799994;0.080200002;0.750899971;0.759299994;0.752300024;0.761600018;0.761300027;0.798600018;0.80250001;0.79519999;0.085900001;0.351099998;0.432599992;0.361600012;0.380499989;0.379599988;0.389099985;0.382200003;0.395399988;0.080399998;0.092600003;0.110399999;0.0999;0.109499998;0.105999999;0.113700002;0.115900002;0.123499997;0.078900002;0.115800001;0.147;0.148800001;0.118199997;0.112300001;0.115599997;0.118799999;0.119499996;0.086300001;0.109899998;0.131500006;0.123899996;0.130999997;0.121299997;0.125100002
94811.4;0.828000009;0.768299997;0.774299979;0.770399988;0.765200019;0.758599997;0.75999999;0.771899998;0.0858;0.382699996;0.438600004;0.389299989;0.397399992;0.372000009;0.386799991;0.37650001;0.39289999;0.080700003;0.1065;0.172600001;0.142399997;0.170399994;0.160099998;0.154100001;0.112099998;0.120300002;0.078400001;0.730099976;0.733799994;0.736699998;0.748700023;0.743499994;0.736400008;0.787199974;0.744400024;0.0858;0.356099993;0.451499999;0.358500004;0.382200003;0.379700005;0.395000011;0.381399989;0.397799999;0.0814;0.109200001;0.1734;0.139899999;0.114299998;0.109399997;0.115699999;0.1162;0.131300002;0.080200002;0.752399981;0.760699987;0.752900004;0.763499975;0.762300014;0.800100029;0.805100024;0.796599984;0.0858;0.353100002;0.433400005;0.364499986;0.380600005;0.381500006;0.388599992;0.383899987;0.395500004;0.080300003;0.092799999;0.110699996;0.100100003;0.109499998;0.106200002;0.113799997;0.116099998;0.124200001;0.078900002;0.1162;0.147599995;0.148800001;0.123000003;0.112899996;0.115500003;0.118699998;0.121799998;0.086199999;0.109399997;0.131200001;0.123400003;0.130999997;0.118500002;0.124499999
95411.6;0.829599977;0.768299997;0.773899972;0.770399988;0.766099989;0.759500027;0.760800004;0.771399975;0.085699998;0.38530001;0.438199997;0.393299997;0.399399996;0.371499985;0.38530001;0.376700014;0.390799999;0.080499999;0.106299996;0.172199994;0.142399997;0.1708;0.160600007;0.154499993;0.111900002;0.120200001;0.078500003;0.731700003;0.735000014;0.737500012;0.748700023;0.744599998;0.737699986;0.787400007;0.746100008;0.085699998;0.358900011;0.452199996;0.360300004;0.382499993;0.380499989;0.393599987;0.382099986;0.396899998;0.081299998;0.109300002;0.173299998;0.139799997;0.114399999;0.109300002;0.115599997;0.116099998;0.130999997;0.079999998;0.755500019;0.762300014;0.755400002;0.764800012;0.764199972;0.800899982;0.8046;0.797399998;0.085600004;0.354400009;0.430500001;0.365200013;0.380899996;0.383300006;0.390300006;0.38530001;0.396400005;0.0801;0.092100002;0.110200003;0.099600002;0.109200001;0.105700001;0.113399997;0.115699999;0.123499997;0.0788;0.115400001;0.146400005;0.148699999;0.121299997;0.109399997;0.1153;0.118500002;0.122199997;0.086000003;0.109399997;0.131400004;0.124200001;0.130999997;0.116300002;0.124399997
96011.6;0.83160001;0.769299984;0.774299979;0.771399975;0.767099977;0.760699987;0.761500001;0.773999989;0.085699998;0.387699991;0.439099997;0.396499991;0.400700003;0.373899996;0.388399988;0.378300011;0.392699987;0.080600001;0.106299996;0.172499999;0.142800003;0.171000004;0.161200002;0.155399993;0.112400003;0.120800003;0.078500003;0.733799994;0.736199975;0.738200009;0.74940002;0.746200025;0.738200009;0.788399994;0.747200012;0.085699998;0.361799985;0.452800006;0.361999989;0.384200007;0.381599993;0.395500004;0.383399993;0.397799999;0.081200004;0.109300002;0.173199996;0.140300006;0.114600003;0.109499998;0.115900002;0.116499998;0.131500006;0.079899997;0.756900012;0.763800025;0.754899979;0.765299976;0.764800012;0.8028;0.805800021;0.796700001;0.085500002;0.356099993;0.433299989;0.369300008;0.384499997;0.386299998;0.3926;0.386700004;0.396600008;0.079999998;0.092399999;0.110399999;0.099799998;0.109399997;0.105899997;0.113799997;0.115999997;0.123999998;0.0788;0.115199998;0.146699995;0.149100006;0.130600005;0.109399997;0.115400001;0.118500002;0.123499997;0.086300001;0.109399997;0.131500006;0.123599999;0.130899996;0.123599999;0.124899998
96611.6;0.835300028;0.771399975;0.775300026;0.771399975;0.767700016;0.760500014;0.762799978;0.774200022;0.085699998;0.389899999;0.439300001;0.399399996;0.40169999;0.37560001;0.390899986;0.381099999;0.395700008;0.080600001;0.1061;0.172999993;0.143299997;0.171399996;0.160999998;0.155399993;0.112499997;0.121100001;0.078500003;0.735599995;0.737999976;0.739899993;0.751100004;0.747699976;0.740400016;0.789099991;0.748700023;0.085600004;0.363400012;0.453299999;0.365200013;0.384799987;0.38440001;0.397599995;0.386900008;0.397000015;0.081100002;0.108999997;0.173299998;0.140599996;0.114500001;0.1096;0.115800001;0.116400003;0.131699994;0.079800002;0.757700026;0.764999986;0.756500006;0.766300023;0.766799986;0.803900003;0.809499979;0.799499989;0.0854;0.358500004;0.434899986;0.372399986;0.385899991;0.387800008;0.394400001;0.390799999;0.397700012;0.079999998;0.092299998;0.110200003;0.099600002;0.109200001;0.105700001;0.113600001;0.115800001;0.123599999;0.078400001;0.115000002;0.146200001;0.148499995;0.128199995;0.109399997;0.115199998;0.118000001;0.124399997;0.085699998;0.108999997;0.131300002;0.123000003;0.130700007;0.116099998;0.125
97211.7;0.835200012;0.771000028;0.775099993;0.772099972;0.768999994;0.762600005;0.765200019;0.77579999;0.0858;0.392399997;0.439999998;0.4014;0.405000001;0.376899987;0.391900003;0.382800013;0.397000015;0.080600001;0.1061;0.173299998;0.143900007;0.171900004;0.161400005;0.155699998;0.112300001;0.120999999;0.078299999;0.737500012;0.7403;0.740700006;0.752499998;0.74879998;0.7421;0.790099978;0.751299977;0.085600004;0.365999997;0.45570001;0.367199987;0.386799991;0.385500014;0.397000015;0.386599988;0.398799986;0.081200004;0.108999997;0.173299998;0.140699998;0.114500001;0.109300002;0.115800001;0.116499998;0.131799996;0.079800002;0.761200011;0.767099977;0.75819999;0.768299997;0.768899977;0.805100024;0.810100019;0.799199998;0.0854;0.359600008;0.435699999;0.374599993;0.385899991;0.387499988;0.396499991;0.390100002;0.400200009;0.079899997;0.092;0.109899998;0.099299997;0.108999997;0.105499998;0.113600001;0.115900002;0.1237;0.078400001;0.1149;0.146500006;0.148599997;0.119400002;0.111000001;0.115099996;0.117899999;0.1241;0.0858;0.109700002;0.131200001;0.123300001;0.130700007;0.117700003;0.124200001
97811.7;0.839900017;0.773699999;0.778199971;0.773899972;0.770600021;0.764199972;0.766600013;0.77700001;0.086099997;0.394600004;0.444499999;0.403299987;0.407299995;0.378600001;0.392199993;0.3847;0.397899985;0.080399998;0.106200002;0.173500001;0.143999994;0.172499999;0.161699995;0.155900002;0.112000003;0.1206;0.078000002;0.737900019;0.739799976;0.74089998;0.751999974;0.74849999;0.7421;0.790300012;0.750100017;0.0854;0.368000001;0.455500007;0.368699998;0.388599992;0.386599988;0.397700012;0.386599988;0.399100006;0.081;0.109200001;0.1734;0.140400007;0.114299998;0.109099999;0.115800001;0.116400003;0.132200003;0.079700001;0.764400005;0.770799994;0.761300027;0.771499991;0.772400022;0.807600021;0.81279999;0.802100003;0.085100003;0.360399991;0.4366;0.377099991;0.386999995;0.389400005;0.395500004;0.3917;0.402099997;0.079800002;0.091600001;0.109700002;0.098999999;0.108499996;0.104999997;0.113399997;0.115699999;0.1237;0.077799998;0.114699997;0.146400005;0.148000002;0.118299998;0.109099999;0.114600003;0.1175;0.145099998;0.0854;0.109300002;0.130999997;0.123000003;0.130500004;0.119800001;0.124300003
98411.9;0.841300011;0.774200022;0.779500008;0.776300013;0.772000015;0.764800012;0.767099977;0.778100014;0.085900001;0.396800011;0.443899989;0.407700002;0.408100009;0.379500002;0.39199999;0.385399997;0.397300005;0.080399998;0.105599999;0.172600001;0.143800005;0.172199994;0.161500007;0.156299993;0.112300001;0.121200003;0.078299999;0.738699973;0.74000001;0.74089998;0.751999974;0.749100029;0.743900001;0.792200029;0.752799988;0.085299999;0.368499994;0.456699997;0.371199995;0.389099985;0.388200015;0.398499995;0.387199998;0.399399996;0.080899999;0.108800001;0.172999993;0.140799999;0.114200003;0.109300002;0.115800001;0.116400003;0.131799996;0.079599999;0.762799978;0.767700016;0.760500014;0.769500017;0.769900024;0.807600021;0.811200023;0.800599992;0.085000001;0.361799985;0.432000011;0.378800005;0.387199998;0.3917;0.399899989;0.395500004;0.403499991;0.079599999;0.091600001;0.109800003;0.099200003;0.108800001;0.1052;0.113399997;0.115800001;0.123599999;0.078299999;0.114600003;0.145699993;0.1479;0.120200001;0.139699996;0.1149;0.117700003;0.118699998;0.0854;0.109300002;0.131400004;0.123300001;0.130700007;0.119099997;0.124200001
99012;0.844099998;0.774600029;0.778900027;0.775300026;0.771700025;0.764500022;0.767199993;0.778699994;0.085699998;0.398900002;0.446399987;0.410600007;0.410699993;0.380199999;0.39379999;0.386500001;0.397300005;0.080499999;0.105999999;0.173500001;0.144400001;0.172700003;0.162400007;0.157199994;0.112599999;0.1215;0.078400001;0.74150002;0.7421;0.742799997;0.753099978;0.751299977;0.745400012;0.791999996;0.754400015;0.0854;0.371100008;0.45570001;0.373600006;0.389499992;0.389699996;0.398299992;0.387199998;0.404700011;0.081;0.108900003;0.173600003;0.141399994;0.114500001;0.109300002;0.115900002;0.116700001;0.132200003;0.079499997;0.765600026;0.769800007;0.761399984;0.770200014;0.771799982;0.809400022;0.814800024;0.802699983;0.085199997;0.363900006;0.43720001;0.379700005;0.388399988;0.391000003;0.399599999;0.394400001;0.402700007;0.079599999;0.091799997;0.109800003;0.099200003;0.108900003;0.105300002;0.113600001;0.115999997;0.1241;0.078199998;0.114500001;0.1461;0.148699999;0.116899997;0.110399999;0.1149;0.1175;0.120099999;0.085299999;0.1096;0.131500006;0.123300001;0.131099999;0.1171;0.124499999
99612;0.846599996;0.775600016;0.780700028;0.776799977;0.773100019;0.766300023;0.768700004;0.780099988;0.085699998;0.4014;0.446999997;0.413700014;0.41170001;0.3838;0.395099998;0.388000011;0.399899989;0.080499999;0.106200002;0.173899993;0.144999996;0.173299998;0.163200006;0.158099994;0.112800002;0.1219;0.078400001;0.743399978;0.743200004;0.743600011;0.754899979;0.752799988;0.746100008;0.79339999;0.755200028;0.0854;0.372200012;0.458600014;0.374500006;0.392100006;0.393000007;0.400299996;0.388000011;0.406699985;0.080899999;0.108800001;0.173899993;0.141900003;0.114699997;0.1096;0.116300002;0.116899997;0.132400006;0.079499997;0.76789999;0.771399975;0.762700021;0.770699978;0.773400009;0.810599983;0.815900028;0.80369997;0.085000001;0.36559999;0.43779999;0.380800009;0.389899999;0.394199997;0.401300013;0.394499987;0.404100001;0.079599999;0.091700003;0.109999999;0.099299997;0.108999997;0.105300002;0.113499999;0.115900002;0.1241;0.078199998;0.114200003;0.146300003;0.148699999;0.118000001;0.126100004;0.114699997;0.117399998;0.122900002;0.085299999;0.109399997;0.131500006;0.123000003;0.131099999;0.118000001;0.124600001
100212.1;0.84859997;0.777400017;0.781499982;0.777499974;0.773699999;0.767099977;0.771099985;0.782199979;0.085600004;0.403899997;0.448199987;0.416099995;0.412;0.386400014;0.395000011;0.388000011;0.4005;0.080499999;0.106200002;0.174899995;0.145799994;0.174400002;0.163900003;0.158999994;0.1127;0.122000001;0.078299999;0.744899988;0.744000018;0.744899988;0.756200016;0.753499985;0.747900009;0.793799996;0.756099999;0.085299999;0.374599993;0.470299989;0.376700014;0.394300014;0.395500004;0.40079999;0.389299989;0.404399991;0.080799997;0.108900003;0.173700005;0.142100006;0.114799999;0.109700002;0.116400003;0.1171;0.1329;0.079400003;0.772000015;0.774399996;0.766900003;0.774699986;0.77670002;0.812099993;0.815299988;0.80369997;0.084799998;0.367300004;0.437999994;0.385600001;0.390899986;0.394400001;0.402099997;0.396499991;0.406800002;0.079599999;0.091399997;0.109899998;0.099200003;0.108999997;0.105400003;0.113899998;0.1162;0.124399997;0.0779;0.114100002;0.145799994;0.148100004;0.124899998;0.117600001;0.114500001;0.117299996;0.119499996;0.0854;0.109700002;0.131500006;0.122900002;0.131099999;0.120099999;0.124499999
100812.2;0.850000024;0.777499974;0.782000005;0.778199971;0.774800003;0.767799973;0.773000002;0.782999992;0.085600004;0.406300008;0.448599994;0.42050001;0.414900005;0.388599992;0.398099989;0.390700012;0.404599994;0.080399998;0.106399998;0.175300002;0.146500006;0.1752;0.163800001;0.159400001;0.112800002;0.122400001;0.078100003;0.746100008;0.744899988;0.745899975;0.756699979;0.753899992;0.74849999;0.793600023;0.757399976;0.085199997;0.377799988;0.481000006;0.378699988;0.394800007;0.396699995;0.40200001;0.389200002;0.403299987;0.080700003;0.108599998;0.173800007;0.142299995;0.114799999;0.109700002;0.116499998;0.116999999;0.1329;0.079300001;0.774200022;0.776199996;0.767700016;0.77579999;0.778299987;0.814100027;0.815999985;0.803799987;0.084600002;0.368600011;0.445499986;0.383899987;0.393000007;0.39289999;0.403499991;0.396800011;0.409000009;0.079300001;0.0911;0.109899998;0.099100001;0.108800001;0.105099998;0.113600001;0.115999997;0.123999998;0.077699997;0.114399999;0.145400003;0.147300005;0.119000003;0.109200001;0.114500001;0.117200002;0.119599998;0.085100003;0.109700002;0.131200001;0.122100003;0.130899996;0.117299996;0.124300003
101412.3;0.853500009;0.778800011;0.783299983;0.779500008;0.775600016;0.768400013;0.773800015;0.783399999;0.085600004;0.408800006;0.44780001;0.421499997;0.419099987;0.390899986;0.398999989;0.392800003;0.405600011;0.080399998;0.105999999;0.175500005;0.147200003;0.175699994;0.163599998;0.159600005;0.112800002;0.122400001;0.078100003;0.748899996;0.746599972;0.747399986;0.757700026;0.755299985;0.74940002;0.79460001;0.759000003;0.085100003;0.380299985;0.485000014;0.380800009;0.396800011;0.396400005;0.403800011;0.390199989;0.405200005;0.080600001;0.108499996;0.172999993;0.142299995;0.114399999;0.1096;0.116300002;0.116700001;0.1329;0.0792;0.772899985;0.774500012;0.766499996;0.774999976;0.77670002;0.812900007;0.818199992;0.806500018;0.0845;0.370099992;0.465600014;0.387800008;0.394800007;0.396899998;0.403400004;0.397399992;0.408699989;0.079099998;0.090700001;0.109700002;0.098899998;0.1087;0.104900002;0.113600001;0.115900002;0.123899996;0.077299997;0.114299998;0.145300001;0.146799996;0.115900002;0.108499996;0.114100002;0.116800003;0.119199999;0.084700003;0.1096;0.131400004;0.122100003;0.130700007;0.119800001;0.123999998
102012.2;0.85619998;0.781099975;0.785399973;0.781300008;0.777199984;0.769400001;0.774699986;0.785300016;0.085600004;0.411900014;0.44690001;0.425999999;0.419999987;0.393099993;0.4023;0.39289999;0.407700002;0.080399998;0.1061;0.175500005;0.147400007;0.175999999;0.163900003;0.159999996;0.113200001;0.122900002;0.078199998;0.750699997;0.748099983;0.749100029;0.7597;0.757399976;0.752300024;0.79610002;0.760100007;0.085100003;0.382099986;0.482499987;0.383399993;0.397500008;0.396899998;0.404500008;0.392699987;0.406199992;0.080600001;0.1083;0.172900006;0.142900005;0.114799999;0.109800003;0.116599999;0.1171;0.133100003;0.079099998;0.775399983;0.775399983;0.768100023;0.7755;0.777400017;0.814899981;0.818400025;0.806599975;0.0845;0.370599985;0.468400002;0.390899986;0.394199997;0.396600008;0.404500008;0.399500012;0.409200013;0.079099998;0.0911;0.109999999;0.098999999;0.108900003;0.105099998;0.113600001;0.116099998;0.124200001;0.077399999;0.113799997;0.144800007;0.146799996;0.1162;0.108599998;0.114399999;0.116899997;0.120099999;0.084700003;0.109200001;0.131300002;0.122599997;0.131200001;0.118000001;0.124600001
102612.4;0.856299996;0.779999971;0.783699989;0.780900002;0.776000023;0.768000007;0.773899972;0.784799993;0.085699998;0.412999988;0.446799994;0.4278;0.420899987;0.394600004;0.403299987;0.395000011;0.405900002;0.080300003;0.105899997;0.175099999;0.147599995;0.175899997;0.164000005;0.160099998;0.113200001;0.123000003;0.078000002;0.753700018;0.749300003;0.749899983;0.760599971;0.758599997;0.753700018;0.797399998;0.763000011;0.085100003;0.384799987;0.48269999;0.384499997;0.399699986;0.397599995;0.404900014;0.392399997;0.408899993;0.080499999;0.108599998;0.172900006;0.143000007;0.114699997;0.1096;0.116700001;0.1171;0.133399993;0.079099998;0.775900006;0.776799977;0.768899977;0.77640003;0.778500021;0.815400004;0.818199992;0.806200027;0.084600002;0.373800009;0.465799987;0.392100006;0.395500004;0.396800011;0.404199988;0.399199992;0.424199998;0.0792;0.090999998;0.110100001;0.099100001;0.108999997;0.1052;0.114;0.116400003;0.124600001;0.077399999;0.113899998;0.145500004;0.147400007;0.115800001;0.108000003;0.114399999;0.116899997;0.120899998;0.084799998;0.109300002;0.131200001;0.122599997;0.130899996;0.128099993;0.124600001
103212.5;0.856100023;0.778800011;0.782199979;0.780099988;0.775600016;0.768100023;0.774299979;0.784799993;0.085600004;0.414999992;0.44749999;0.431100011;0.424600005;0.394499987;0.40200001;0.395399988;0.404399991;0.080399998;0.105700001;0.175799996;0.148100004;0.176300004;0.164499998;0.1611;0.113300003;0.123300001;0.078000002;0.754499972;0.74940002;0.750400007;0.761200011;0.759299994;0.753499985;0.797100008;0.764500022;0.085000001;0.386200011;0.480800003;0.387100011;0.400700003;0.397500008;0.407999992;0.391400009;0.408800006;0.080499999;0.108400002;0.172800004;0.143399999;0.115199998;0.109800003;0.116899997;0.117600001;0.133699998;0.079099998;0.77759999;0.778599977;0.770399988;0.778400004;0.782700002;0.817300022;0.819000006;0.806100011;0.084299996;0.375400007;0.464300007;0.393000007;0.396699995;0.399100006;0.405800015;0.400099993;0.432799995;0.079000004;0.090999998;0.109800003;0.098899998;0.108900003;0.104999997;0.114;0.1162;0.124700002;0.077200003;0.113799997;0.145199999;0.147300005;0.116800003;0.107600003;0.114399999;0.116899997;0.123000003;0.084700003;0.109300002;0.131300002;0.123099998;0.131200001;0.116099998;0.125699997
103812.5;0.860099971;0.781000018;0.783699989;0.782199979;0.77640003;0.768100023;0.775200009;0.786300004;0.085600004;0.416999996;0.449099988;0.432099998;0.422899991;0.397100002;0.405299991;0.398400009;0.40959999;0.080399998;0.105800003;0.175300002;0.148499995;0.176100001;0.164299995;0.160799995;0.113600001;0.123599999;0.0779;0.756600022;0.750400007;0.751299977;0.763100028;0.75999999;0.754499972;0.797999978;0.764100015;0.085000001;0.387699991;0.479299992;0.387600005;0.401600003;0.401800007;0.408399999;0.392399997;0.40990001;0.080499999;0.108199999;0.172700003;0.143700004;0.115199998;0.109999999;0.116999999;0.1175;0.1338;0.079000004;0.780200005;0.779200017;0.770200014;0.778400004;0.782199979;0.817499995;0.820599973;0.807900012;0.084299996;0.377000004;0.461299986;0.3935;0.398900002;0.399800003;0.407200009;0.401300013;0.439500004;0.079099998;0.091200002;0.110200003;0.098999999;0.109099999;0.105300002;0.114100002;0.116499998;0.124700002;0.077200003;0.113700002;0.144800007;0.147100002;0.115900002;0.108499996;0.114299998;0.116800003;0.122400001;0.084799998;0.110200003;0.130999997;0.122500002;0.130999997;0.116599999;0.124300003
104412.7;0.861999989;0.781599998;0.784600019;0.782999992;0.7773;0.769299984;0.77700001;0.787;0.085500002;0.419;0.46419999;0.434100002;0.426600009;0.396600008;0.406399995;0.395999998;0.407499999;0.080300003;0.105899997;0.175799996;0.148900002;0.177000001;0.164199993;0.161300004;0.113700002;0.1241;0.078100003;0.758400023;0.751299977;0.752300024;0.763499975;0.760599971;0.755299985;0.798799992;0.764400005;0.085000001;0.388399988;0.474799991;0.390500009;0.402399987;0.400400013;0.405099988;0.390300006;0.408800006;0.080499999;0.108199999;0.171700001;0.143800005;0.115500003;0.110299997;0.1175;0.117899999;0.134299994;0.079000004;0.783500016;0.782100022;0.773100019;0.781700015;0.784399986;0.818899989;0.819500029;0.806599975;0.084299996;0.378199995;0.458999991;0.394499987;0.398999989;0.400700003;0.406899989;0.400200009;0.437900007;0.079000004;0.0911;0.110200003;0.099100001;0.109200001;0.105300002;0.114299998;0.116599999;0.125100002;0.077399999;0.113899998;0.144400001;0.146899998;0.118000001;0.137199998;0.114500001;0.117299996;0.120899998;0.084799998;0.109700002;0.131400004;0.122400001;0.131200001;0.115900002;0.125400007
105012.7;0.861400008;0.780499995;0.783599973;0.782700002;0.776300013;0.76789999;0.775200009;0.786899984;0.085600004;0.4208;0.479799986;0.43810001;0.426200002;0.398799986;0.407400012;0.398000002;0.412;0.080700003;0.105899997;0.175899997;0.149000004;0.177200004;0.164499998;0.161500007;0.114100002;0.124600001;0.078500003;0.760699987;0.753300011;0.753300011;0.765200019;0.762499988;0.757499993;0.800700009;0.767700016;0.085900001;0.390500009;0.47389999;0.392100006;0.404399991;0.403100014;0.407099992;0.394499987;0.410899997;0.081500001;0.1096;0.173099995;0.145099998;0.116300002;0.111100003;0.118500002;0.119199999;0.135900006;0.080399998;0.783200026;0.781899989;0.772700012;0.782199979;0.786000013;0.819199979;0.82160002;0.808499992;0.086099997;0.382699996;0.460599989;0.398000002;0.401899993;0.403400004;0.408699989;0.404100001;0.43689999;0.080600001;0.092600003;0.111500002;0.100699998;0.111000001;0.107100002;0.116599999;0.118900001;0.127200007;0.079099998;0.115900002;0.147599995;0.149900004;0.1197;0.112599999;0.116700001;0.118900001;0.123499997;0.086900003;0.112099998;0.133599997;0.124399997;0.133499995;0.1184;0.126800001
105612.7;0.862600029;0.780799985;0.782500029;0.782299995;0.776600003;0.76849997;0.77670002;0.788399994;0.085600004;0.421900004;0.483200014;0.440499991;0.425799996;0.400700003;0.409500003;0.400700003;0.425000012;0.080700003;0.105999999;0.176100001;0.149399996;0.177499995;0.165600002;0.162599996;0.114299998;0.125100002;0.078599997;0.760999978;0.751699984;0.752300024;0.764100015;0.761600018;0.756500006;0.799099982;0.765500009;0.085900001;0.388000011;0.470999986;0.392800003;0.405499995;0.402399987;0.405900002;0.394499987;0.410400003;0.081600003;0.1096;0.1734;0.145899996;0.116499998;0.111400001;0.118900001;0.1197;0.136099994;0.080399998;0.784500003;0.782199979;0.772899985;0.781300008;0.784500003;0.819299996;0.8204;0.807900012;0.086099997;0.384200007;0.45570001;0.399199992;0.402700007;0.403400004;0.414600015;0.403899997;0.4366;0.080600001;0.092600003;0.111599997;0.1008;0.111199997;0.1074;0.116999999;0.119499996;0.127700001;0.079099998;0.1162;0.147799999;0.151600003;0.121200003;0.112099998;0.116999999;0.119000003;0.123599999;0.086900003;0.111000001;0.132699996;0.1241;0.133399993;0.117899999;0.127000004
106212.7;0.862800002;0.780200005;0.781799972;0.782700002;0.77640003;0.767799973;0.775900006;0.787699997;0.085600004;0.425999999;0.489199996;0.444099993;0.424699992;0.399800003;0.424299985;0.399500012;0.4384;0.080499999;0.105999999;0.176100001;0.148800001;0.177100003;0.165900007;0.162400007;0.114100002;0.125100002;0.078400001;0.763199985;0.754000008;0.753199995;0.765399992;0.762499988;0.7579;0.799000025;0.766200006;0.085500002;0.389999986;0.467200011;0.393999994;0.405200005;0.40259999;0.405299991;0.393700004;0.411900014;0.081200004;0.109399997;0.174199998;0.146200001;0.116300002;0.111400001;0.118799999;0.119499996;0.136000007;0.0801;0.785300016;0.781499982;0.772099972;0.781000018;0.783699989;0.818799973;0.82160002;0.806299984;0.0858;0.3847;0.454299986;0.400099993;0.400999993;0.400900006;0.430700004;0.405699998;0.434799999;0.080200002;0.092600003;0.111900002;0.1008;0.111100003;0.107799999;0.116999999;0.119599998;0.127499998;0.079099998;0.115699999;0.147799999;0.150900006;0.129099995;0.109999999;0.116700001;0.1184;0.123599999;0.086499996;0.111299999;0.132300004;0.124200001;0.132799998;0.119599998;0.127200007
106812.7;0.867500007;0.781899989;0.780900002;0.782100022;0.77579999;0.767400026;0.775900006;0.787599981;0.085500002;0.42719999;0.485300004;0.444499999;0.429399997;0.403200001;0.433099985;0.398400009;0.444400012;0.080399998;0.106200002;0.176100001;0.149299994;0.177300006;0.165999994;0.163200006;0.114500001;0.125400007;0.078299999;0.765200019;0.754800022;0.753000021;0.765200019;0.762300014;0.756699979;0.798300028;0.765100002;0.085100003;0.393000007;0.465299994;0.39199999;0.403499991;0.402500004;0.404599994;0.392399997;0.414400011;0.080600001;0.108400002;0.1743;0.1461;0.116099998;0.111000001;0.118500002;0.119099997;0.135299996;0.0792;0.78640002;0.781300008;0.770600021;0.778699994;0.782700002;0.817399979;0.822700024;0.806599975;0.084600002;0.383700013;0.450700015;0.399399996;0.399500012;0.400599986;0.43779999;0.40259999;0.432099998;0.079300001;0.091700003;0.1109;0.099699996;0.110100001;0.106299996;0.115999997;0.1184;0.126599997;0.078100003;0.114200003;0.146300003;0.149800003;0.121600002;0.111000001;0.115400001;0.1175;0.123499997;0.085199997;0.109999999;0.131799996;0.123000003;0.132100001;0.119800001;0.125799999
107412.9;0.867500007;0.781700015;0.780200005;0.782400012;0.774900019;0.766600013;0.77609998;0.787400007;0.085500002;0.427700013;0.483399987;0.44569999;0.430200011;0.403299987;0.4375;0.400700003;0.443500012;0.080200002;0.105800003;0.176499993;0.150600001;0.177300006;0.1664;0.164100006;0.114600003;0.1259;0.078100003;0.766099989;0.754299998;0.753400028;0.765600026;0.763199985;0.758400023;0.799499989;0.766600013;0.084899999;0.393900007;0.464100003;0.395500004;0.404700011;0.404000014;0.421400011;0.392399997;0.4278;0.080499999;0.108000003;0.1734;0.146200001;0.116400003;0.111299999;0.118799999;0.119400002;0.135499999;0.079099998;0.789499998;0.782400012;0.771399975;0.779999971;0.783900023;0.816399992;0.822300017;0.807200015;0.084399998;0.385500014;0.451000005;0.400099993;0.401499987;0.402200013;0.443300009;0.40290001;0.432500005;0.079099998;0.091700003;0.111000001;0.099799998;0.110100001;0.1061;0.115699999;0.118000001;0.126399994;0.077600002;0.113799997;0.145699993;0.149100006;0.116599999;0.108400002;0.1149;0.117200002;0.1215;0.084899999;0.109999999;0.131699994;0.122500002;0.131999999;0.117700003;0.125300005
108012.9;0.867399991;0.780700028;0.777800024;0.780099988;0.772700012;0.765999973;0.77609998;0.786499977;0.085500002;0.4296;0.481900007;0.446200013;0.433400005;0.405400008;0.439200014;0.400700003;0.440899998;0.080399998;0.105999999;0.176300004;0.151999995;0.178299993;0.166700006;0.165099993;0.114600003;0.126300007;0.078000002;0.768000007;0.755400002;0.754199982;0.76730001;0.763000011;0.759000003;0.799099982;0.76730001;0.084899999;0.396299988;0.466600001;0.395799994;0.407000005;0.404700011;0.424100012;0.390700012;0.436300009;0.080600001;0.108000003;0.173099995;0.145699993;0.116400003;0.111400001;0.119000003;0.1193;0.136000007;0.079099998;0.789799988;0.781599998;0.770399988;0.779699981;0.782999992;0.815599978;0.817900002;0.803200006;0.084200002;0.385800004;0.449600011;0.398699999;0.40200001;0.400000006;0.442400008;0.402099997;0.431100011;0.079000004;0.091300003;0.110699996;0.099299997;0.109999999;0.105899997;0.115599997;0.117799997;0.126200005;0.077100001;0.113600001;0.145099998;0.149100006;0.117899999;0.108199999;0.1149;0.1171;0.122500002;0.084700003;0.111500002;0.131999999;0.122699998;0.132200003;0.117700003;0.125400007
108612.9;0.869400024;0.782299995;0.780600011;0.783100009;0.774500012;0.766099989;0.775900006;0.787599981;0.085500002;0.430900007;0.477499992;0.448100001;0.434700012;0.407999992;0.439300001;0.400900006;0.43900001;0.080300003;0.105800003;0.176100001;0.152199998;0.1778;0.1664;0.165399998;0.115099996;0.126800001;0.078000002;0.769800007;0.756099999;0.754599988;0.767700016;0.764800012;0.760399997;0.801100016;0.769299984;0.084799998;0.398799986;0.469500005;0.399699986;0.406699985;0.405200005;0.434799999;0.3926;0.446399987;0.080399998;0.108099997;0.172399998;0.145899996;0.116599999;0.111599997;0.119199999;0.119599998;0.136099994;0.078900002;0.790600002;0.782199979;0.771600008;0.781199992;0.78549999;0.816299975;0.821099997;0.806500018;0.084200002;0.388799995;0.451099992;0.401600003;0.403800011;0.4023;0.442799985;0.402399987;0.431600004;0.079000004;0.091499999;0.111299999;0.099799998;0.110299997;0.106200002;0.116099998;0.118299998;0.126900002;0.077399999;0.113899998;0.145699993;0.149299994;0.1175;0.109099999;0.114799999;0.117399998;0.123199999;0.084799998;0.111199997;0.131699994;0.122000001;0.132200003;0.115400001;0.125499994
109213;0.869700015;0.780900002;0.777499974;0.780399978;0.771600008;0.764500022;0.774500012;0.785600007;0.085600004;0.432399988;0.47420001;0.451499999;0.436800003;0.407700002;0.437299997;0.40079999;0.43720001;0.080600001;0.106200002;0.176499993;0.153200001;0.178399995;0.166700006;0.166299999;0.115900002;0.127800003;0.0788;0.771099985;0.757300019;0.755100012;0.767799973;0.764800012;0.760900021;0.800599992;0.770299971;0.0858;0.397500008;0.467999995;0.399500012;0.407599986;0.405099988;0.439200014;0.392500013;0.448000014;0.0814;0.108900003;0.172199994;0.147400007;0.118100002;0.1131;0.120800003;0.121100001;0.137500003;0.080300003;0.792800009;0.783900023;0.773500025;0.782599986;0.786899984;0.817399979;0.8204;0.806999981;0.085900001;0.391400009;0.449200004;0.403600007;0.406100005;0.403699994;0.444200009;0.403600007;0.433499992;0.080499999;0.093000002;0.1127;0.101499997;0.112199999;0.108000003;0.117899999;0.120099999;0.128800005;0.079000004;0.115500003;0.147100002;0.151899993;0.120700002;0.112800002;0.1171;0.119400002;0.1237;0.087099999;0.113399997;0.133699998;0.124399997;0.134599999;0.125499994;0.128800005
109813.1;0.867900014;0.779200017;0.775300026;0.778400004;0.769699991;0.763400018;0.773500025;0.784799993;0.085600004;0.433099985;0.475800008;0.453399986;0.432300001;0.407599986;0.436100006;0.402999997;0.435799986;0.080700003;0.1065;0.176799998;0.153699994;0.178800002;0.167300001;0.166800007;0.115599997;0.128000006;0.078500003;0.772400022;0.757000029;0.755299985;0.768899977;0.765799999;0.762399971;0.801999986;0.772000015;0.085900001;0.397300005;0.46450001;0.40200001;0.408399999;0.404000014;0.438499987;0.394300014;0.449200004;0.081500001;0.109200001;0.1743;0.1479;0.1175;0.112899996;0.120899998;0.121299997;0.1382;0.080399998;0.79430002;0.784099996;0.772800028;0.783100009;0.78670001;0.816699982;0.819599986;0.805100024;0.086099997;0.392399997;0.447100013;0.40290001;0.405400008;0.402799994;0.441799998;0.402999997;0.434599996;0.080600001;0.093000002;0.1127;0.101300001;0.112300001;0.1083;0.118299998;0.120700002;0.129800007;0.0792;0.116300002;0.148499995;0.153300002;0.120200001;0.113700002;0.117600001;0.119499996;0.125100002;0.086999997;0.1131;0.133100003;0.124700002;0.134499997;0.117700003;0.127800003
110413.3;0.869000018;0.779299974;0.776000023;0.779999971;0.769999981;0.763599992;0.773899972;0.785300016;0.085500002;0.436100006;0.476900011;0.456200004;0.432799995;0.406300008;0.432999998;0.403899997;0.433699995;0.080499999;0.1065;0.177599996;0.152999997;0.179299995;0.169100001;0.167199999;0.1153;0.127700001;0.078400001;0.773100019;0.756699979;0.754199982;0.7676;0.764800012;0.760800004;0.800499976;0.769500017;0.0854;0.397599995;0.461899996;0.40079999;0.407799989;0.401899993;0.438800007;0.392800003;0.445199996;0.081100002;0.109099999;0.175099999;0.147400007;0.1175;0.112400003;0.120800003;0.121299997;0.137799993;0.079899997;0.796800017;0.785099983;0.773599982;0.783999979;0.78670001;0.816699982;0.820299983;0.804099977;0.085500002;0.392800003;0.444499999;0.404199988;0.404199988;0.403899997;0.439399987;0.406199992;0.434500009;0.0801;0.092600003;0.112199999;0.100900002;0.1118;0.107799999;0.118199997;0.1206;0.129199997;0.0788;0.115900002;0.148300007;0.152899995;0.122299999;0.1105;0.116899997;0.119099997;0.125100002;0.086499996;0.113399997;0.133200005;0.124200001;0.134000003;0.116800003;0.127800003
111013.3;0.869799972;0.779200017;0.776499987;0.780499995;0.769299984;0.762000024;0.772499979;0.784699976;0.0854;0.438800007;0.4727;0.457700014;0.437999994;0.410400003;0.434399992;0.40290001;0.437099993;0.080399998;0.106399998;0.1778;0.152600005;0.178900003;0.167799994;0.166500002;0.115199998;0.127599999;0.078100003;0.77609998;0.758099973;0.754999995;0.768100023;0.765299976;0.761699975;0.802200019;0.770399988;0.084899999;0.400700003;0.46329999;0.401199996;0.407799989;0.402200013;0.435900003;0.392100006;0.441500008;0.080399998;0.108499996;0.1743;0.146200001;0.116499998;0.111599997;0.119800001;0.120200001;0.136700004;0.078900002;0.79400003;0.781499982;0.770500004;0.782299995;0.783399999;0.812600017;0.817799985;0.801900029;0.084200002;0.390899986;0.445600003;0.401199996;0.403400004;0.403200001;0.438800007;0.426400006;0.43689999;0.078900002;0.091399997;0.111199997;0.099600002;0.110399999;0.106399998;0.116700001;0.118900001;0.127700001;0.077399999;0.117700003;0.150700003;0.150600001;0.117600001;0.108999997;0.115000002;0.1175;0.123199999;0.084799998;0.112000003;0.132499993;0.123199999;0.133599997;0.118500002;0.125499994
111613.4;0.871200025;0.779399991;0.775900006;0.779200017;0.768100023;0.761399984;0.771200001;0.783200026;0.085500002;0.439700007;0.468800008;0.457800001;0.446799994;0.4287;0.433499992;0.401199996;0.433400005;0.080300003;0.105999999;0.1778;0.153200001;0.179199994;0.168099999;0.167699993;0.115400001;0.127800003;0.078000002;0.775900006;0.757600009;0.755200028;0.76819998;0.764800012;0.762300014;0.802600026;0.769999981;0.084700003;0.403100014;0.464100003;0.403499991;0.408899993;0.401300013;0.432799995;0.391600013;0.439599991;0.080399998;0.109300002;0.174600005;0.145300001;0.116899997;0.111599997;0.119900003;0.120399997;0.137099996;0.078900002;0.79610002;0.782299995;0.772499979;0.783999979;0.785000026;0.813300014;0.818499982;0.803600013;0.084100001;0.390599996;0.44569999;0.401199996;0.404900014;0.401800007;0.439200014;0.439200014;0.43599999;0.078900002;0.0911;0.111100003;0.099399999;0.110399999;0.106200002;0.116499998;0.118799999;0.127800003;0.077399999;0.119599998;0.149399996;0.150399998;0.121299997;0.110699996;0.115800001;0.118100002;0.123499997;0.085199997;0.112999998;0.133399993;0.123800002;0.134599999;0.117200002;0.125699997
112213.5;0.869899988;0.77759999;0.772400022;0.77670002;0.765100002;0.758899987;0.76880002;0.780399978;0.085600004;0.43900001;0.466100007;0.461800009;0.459500015;0.433499992;0.432900012;0.401600003;0.433099985;0.080600001;0.106200002;0.177499995;0.153400004;0.179199994;0.168099999;0.168099999;0.116300002;0.128800005;0.078699999;0.778199971;0.75880003;0.755699992;0.768299997;0.765799999;0.763000011;0.802200019;0.769900024;0.085699998;0.403600007;0.46329999;0.406899989;0.410400003;0.403699994;0.432999998;0.393700004;0.43720001;0.081299998;0.108999997;0.173199996;0.146799996;0.118299998;0.113300003;0.121600002;0.122000001;0.138600007;0.080300003;0.798099995;0.782500029;0.772300005;0.781599998;0.783900023;0.813799977;0.819000006;0.804499984;0.0858;0.394800007;0.44600001;0.404900014;0.408100009;0.415800005;0.440299988;0.442600012;0.430999994;0.080399998;0.093500003;0.1127;0.101499997;0.112400003;0.108199999;0.118900001;0.121399999;0.130400002;0.0792;0.115699999;0.147799999;0.153200001;0.126399994;0.111100003;0.1175;0.119800001;0.124700002;0.086800002;0.114399999;0.134299994;0.125100002;0.136399999;0.119499996;0.127399996
112813.5;0.870899975;0.778100014;0.774800003;0.778999984;0.767199993;0.761399984;0.769999981;0.782400012;0.085500002;0.439999998;0.469399989;0.468699992;0.460599989;0.438300014;0.433699995;0.40110001;0.433400005;0.081100002;0.106700003;0.178000003;0.152899995;0.179199994;0.168400005;0.167999998;0.116499998;0.129199997;0.078699999;0.778800011;0.75819999;0.754299998;0.767499983;0.764699996;0.761300027;0.801500022;0.769400001;0.0858;0.40169999;0.458700001;0.407499999;0.409700006;0.405400008;0.42930001;0.39379999;0.434700012;0.0814;0.109499998;0.174199998;0.147699997;0.118299998;0.113200001;0.122000001;0.122400001;0.139200002;0.080300003;0.798099995;0.782500029;0.771399975;0.781199992;0.782899976;0.814499974;0.817499995;0.801699996;0.086199999;0.397000015;0.442600012;0.405900002;0.407200009;0.422399998;0.437900007;0.4472;0.433899999;0.080499999;0.093599997;0.112999998;0.101599999;0.112599999;0.108499996;0.119499996;0.121799998;0.130700007;0.079300001;0.115999997;0.148900002;0.154400006;0.122900002;0.112300001;0.117899999;0.1193;0.126000002;0.086900003;0.113799997;0.134000003;0.125;0.136099994;0.118299998;0.128000006
113413.6;0.871999979;0.776499987;0.771700025;0.776199996;0.764500022;0.758700013;0.768000007;0.779799998;0.085500002;0.442400008;0.472200006;0.469799995;0.456400007;0.439200014;0.433499992;0.408899993;0.434100002;0.080799997;0.106700003;0.178200006;0.152899995;0.178800002;0.169300005;0.168799996;0.116899997;0.129600003;0.0788;0.779299974;0.75819999;0.754499972;0.767499983;0.764500022;0.761099994;0.801100016;0.769699991;0.085900001;0.40290001;0.454699993;0.405400008;0.409999996;0.403400004;0.427300006;0.391799986;0.434500009;0.081600003;0.109399997;0.174700007;0.147599995;0.119000003;0.113799997;0.122500002;0.123199999;0.139400005;0.080499999;0.800100029;0.784500003;0.773400009;0.782999992;0.785000026;0.81400001;0.818300009;0.802200019;0.086099997;0.398600012;0.442200005;0.406500012;0.413899988;0.436100006;0.43900001;0.447400004;0.435000002;0.080700003;0.093900003;0.113399997;0.101899996;0.112999998;0.108900003;0.120200001;0.122400001;0.131099999;0.079300001;0.116099998;0.149100006;0.154599994;0.127200007;0.111900002;0.118299998;0.119900003;0.126000002;0.087200001;0.114200003;0.133900002;0.125400007;0.136299998;0.1193;0.127700001
114013.5;0.872600019;0.777400017;0.773299992;0.777899981;0.764900029;0.75880003;0.767799973;0.780099988;0.0854;0.445100009;0.474700004;0.471399993;0.457700014;0.43779999;0.433800012;0.418900013;0.430900007;0.080499999;0.106600001;0.178000003;0.152799994;0.178800002;0.169400007;0.168899998;0.116599999;0.129500002;0.078299999;0.781599998;0.758700013;0.754800022;0.768899977;0.765600026;0.762199998;0.8028;0.769800007;0.0854;0.402799994;0.451200008;0.406399995;0.413199991;0.405900002;0.425199986;0.392399997;0.435499996;0.081;0.108800001;0.174400002;0.146500006;0.118600003;0.113300003;0.122000001;0.122699998;0.138600007;0.079800002;0.800300002;0.784099996;0.772400022;0.782299995;0.783800006;0.8125;0.818599999;0.802100003;0.0854;0.398499995;0.442099988;0.407700002;0.423000008;0.442799985;0.437299997;0.44749999;0.436399996;0.079999998;0.093000002;0.112899996;0.101199999;0.112300001;0.1083;0.119599998;0.122100003;0.130600005;0.078400001;0.117799997;0.151899993;0.153300002;0.133399993;0.112300001;0.117200002;0.119099997;0.125599995;0.086400002;0.114;0.133699998;0.124700002;0.136000007;0.121299997;0.127200007
114613.7;0.872099996;0.776600003;0.772400022;0.777199984;0.763199985;0.7579;0.766300023;0.778500021;0.0854;0.44569999;0.470400006;0.468400002;0.458900005;0.438499987;0.431400001;0.42840001;0.432799995;0.080200002;0.106399998;0.177499995;0.152199998;0.178800002;0.169300005;0.169799998;0.116499998;0.129199997;0.077600002;0.782000005;0.758300006;0.754199982;0.7676;0.764400005;0.761900008;0.8028;0.769699991;0.084700003;0.406300008;0.454299986;0.405200005;0.423000008;0.416599989;0.425300002;0.390899986;0.432700008;0.080499999;0.110299997;0.177499995;0.144999996;0.118199997;0.112499997;0.121399999;0.122100003;0.137500003;0.078900002;0.801900029;0.784300029;0.774399996;0.7852;0.78640002;0.810800016;0.815199971;0.799199998;0.084100001;0.396699995;0.441000015;0.406300008;0.429199994;0.442699999;0.438199997;0.44749999;0.43900001;0.078900002;0.092100002;0.111699998;0.0999;0.110799998;0.106600001;0.118000001;0.120200001;0.129500002;0.079400003;0.1215;0.155900002;0.150800005;0.122199997;0.109200001;0.115500003;0.1175;0.123800002;0.084899999;0.113300003;0.133000001;0.123999998;0.135800004;0.1162;0.125499994
115213.8;0.871299982;0.774900019;0.770200014;0.774600029;0.760500014;0.755200028;0.764199972;0.775699973;0.085500002;0.444000006;0.46509999;0.468499988;0.459399998;0.439500004;0.431199998;0.436800003;0.432099998;0.080499999;0.106299996;0.177300006;0.152899995;0.178800002;0.168899998;0.170599997;0.117399998;0.130099997;0.078500003;0.783599973;0.759500027;0.754700005;0.76880002;0.765100002;0.763000011;0.8028;0.771000028;0.085600004;0.407999992;0.456900001;0.406699985;0.431600004;0.428799987;0.426699996;0.39289999;0.434500009;0.081299998;0.109399997;0.174199998;0.144400001;0.118900001;0.113499999;0.122500002;0.123099998;0.1391;0.0801;0.800599992;0.782000005;0.771700025;0.782800019;0.782999992;0.809499979;0.815699995;0.798900008;0.0858;0.398799986;0.439300001;0.408600003;0.43689999;0.441399992;0.43689999;0.447100013;0.432700008;0.080300003;0.093400002;0.113200001;0.101400003;0.112499997;0.108199999;0.119599998;0.122000001;0.131200001;0.079000004;0.1206;0.149100006;0.152400002;0.124499999;0.112999998;0.117700003;0.119199999;0.125499994;0.0867;0.115599997;0.135499999;0.125699997;0.137999997;0.118199997;0.127200007
115813.9;0.870899975;0.773999989;0.769200027;0.773500025;0.759500027;0.754599988;0.763400018;0.774800003;0.085500002;0.443699986;0.465900004;0.485000014;0.456999987;0.437700003;0.430299997;0.439300001;0.430099994;0.080700003;0.1065;0.177100003;0.153600007;0.1787;0.169;0.171499997;0.1175;0.130500004;0.078599997;0.784200013;0.758899987;0.754899979;0.768599987;0.764500022;0.762499988;0.802299976;0.771899998;0.085699998;0.404199988;0.454699993;0.407499999;0.437400013;0.439700007;0.425999999;0.408899993;0.433099985;0.081299998;0.109200001;0.173899993;0.145600006;0.119199999;0.113700002;0.1228;0.123400003;0.139799997;0.080200002;0.80250001;0.783399999;0.772599995;0.782199979;0.783999979;0.809400022;0.815699995;0.799300015;0.085699998;0.401499987;0.442099988;0.408100009;0.441900015;0.440299988;0.439200014;0.437299997;0.430400014;0.080300003;0.093199998;0.1127;0.101300001;0.112499997;0.108099997;0.119900003;0.122299999;0.131400004;0.079000004;0.1162;0.148800001;0.153400004;0.1206;0.1329;0.117700003;0.119400002;0.126200005;0.086800002;0.116099998;0.134599999;0.125100002;0.137799993;0.117299996;0.127299994
116414.1;0.870500028;0.772899985;0.76849997;0.773599982;0.757799983;0.754400015;0.763300002;0.774200022;0.085500002;0.444099993;0.468300015;0.495099992;0.4542;0.439399987;0.428499997;0.440600008;0.431400001;0.080700003;0.106600001;0.177599996;0.153099999;0.178800002;0.169;0.171499997;0.117399998;0.130700007;0.078500003;0.785000026;0.75849998;0.754100025;0.76789999;0.763599992;0.760900021;0.801199973;0.770600021;0.0858;0.403600007;0.452399999;0.405499995;0.439399987;0.442499995;0.426999986;0.418799996;0.432900012;0.0814;0.109300002;0.174999997;0.146500006;0.119400002;0.113799997;0.123300001;0.123999998;0.140300006;0.080399998;0.804400027;0.784699976;0.773899972;0.784500003;0.785300016;0.809499979;0.81370002;0.797500014;0.085900001;0.403699994;0.440499991;0.409000009;0.441599995;0.437599987;0.4384;0.439500004;0.431300014;0.080499999;0.0933;0.112800002;0.101300001;0.112599999;0.1083;0.120200001;0.122599997;0.131600007;0.078900002;0.116300002;0.149100006;0.154100001;0.124399997;0.111299999;0.118100002;0.119400002;0.1259;0.086900003;0.115800001;0.134399995;0.125200003;0.137600005;0.117700003;0.127499998
117014.2;0.871599972;0.774999976;0.772499979;0.776000023;0.761200011;0.755999982;0.764100015;0.776199996;0.085500002;0.44690001;0.471700013;0.506299973;0.4472;0.43720001;0.428299993;0.438300014;0.432500005;0.080799997;0.107000001;0.178299993;0.153799996;0.1796;0.169300005;0.171800002;0.117200002;0.130899996;0.078599997;0.785700023;0.759000003;0.754299998;0.76849997;0.764800012;0.762300014;0.80250001;0.771499991;0.085900001;0.403499991;0.453099996;0.41049999;0.439099997;0.444599986;0.426899999;0.432300001;0.433899999;0.081500001;0.109499998;0.175400004;0.146799996;0.119000003;0.113799997;0.123300001;0.123899996;0.140699998;0.080700003;0.804099977;0.783800006;0.772599995;0.782800019;0.783999979;0.808300018;0.814499974;0.797999978;0.086199999;0.403299987;0.437900007;0.407700002;0.440200001;0.437999994;0.438699991;0.442999989;0.432399988;0.080700003;0.093400002;0.1131;0.1017;0.112899996;0.108599998;0.120800003;0.123000003;0.132300004;0.079400003;0.117200002;0.150299996;0.154499993;0.122900002;0.111699998;0.118600003;0.119900003;0.127800003;0.087200001;0.115800001;0.134200007;0.125499994;0.137600005;0.1184;0.127800003
117614.2;0.872699976;0.774500012;0.770099998;0.773800015;0.7579;0.753600001;0.761500001;0.773100019;0.0854;0.449299991;0.4736;0.507399976;0.450700015;0.438499987;0.431499988;0.439700007;0.430799991;0.080399998;0.106299996;0.178800002;0.154100001;0.180299997;0.169400007;0.172299996;0.116999999;0.130799994;0.078400001;0.78640002;0.759299994;0.754599988;0.768700004;0.764900029;0.762499988;0.802999973;0.770500004;0.085299999;0.404000014;0.450700015;0.423200011;0.438300014;0.445499986;0.426800013;0.441799998;0.434199989;0.080899999;0.108900003;0.174799994;0.1461;0.118299998;0.113200001;0.122599997;0.123199999;0.140200004;0.079700001;0.802900016;0.782700002;0.771499991;0.782400012;0.782500029;0.805800021;0.813899994;0.797100008;0.085299999;0.40169999;0.439999998;0.41929999;0.439799994;0.436199993;0.439099997;0.443599999;0.434100002;0.079800002;0.092500001;0.112599999;0.100900002;0.112000003;0.107600003;0.119800001;0.122100003;0.131099999;0.078699999;0.117899999;0.1523;0.152899995;0.120800003;0.109999999;0.1175;0.119099997;0.128600001;0.086300001;0.115099996;0.1338;0.124799997;0.137400001;0.120200001;0.126599997
118214.1;0.871800005;0.774299979;0.772099972;0.775600016;0.759299994;0.754400015;0.761600018;0.773999989;0.085299999;0.449499995;0.465600014;0.505200028;0.455599993;0.438300014;0.429800004;0.435099989;0.428600013;0.080200002;0.106399998;0.178100005;0.154100001;0.180500001;0.168300003;0.172600001;0.117200002;0.130999997;0.078000002;0.786599994;0.759000003;0.753400028;0.76730001;0.763499975;0.761600018;0.804400027;0.771399975;0.084700003;0.406699985;0.450500011;0.427700013;0.437299997;0.441599995;0.426400006;0.443800002;0.431899995;0.080499999;0.109999999;0.177900001;0.143999994;0.118100002;0.1127;0.122100003;0.122400001;0.139200002;0.0788;0.802200019;0.781300008;0.772700012;0.783699989;0.783699989;0.805000007;0.812399983;0.795599997;0.083999999;0.400000006;0.43689999;0.428799987;0.435600013;0.430999994;0.435699999;0.449099988;0.4375;0.0788;0.091399997;0.1118;0.099699996;0.1109;0.106600001;0.118799999;0.121100001;0.131200001;0.080300003;0.123000003;0.157399997;0.150399998;0.130600005;0.110600002;0.115800001;0.117600001;0.123499997;0.084799998;0.114200003;0.133499995;0.123499997;0.137099996;0.116800003;0.125
118814.2;0.871200025;0.772499979;0.768400013;0.773000002;0.755699992;0.751699984;0.759299994;0.771499991;0.0854;0.44780001;0.457800001;0.503899992;0.458499998;0.436500013;0.426899999;0.43689999;0.425999999;0.080700003;0.106799997;0.178100005;0.154799998;0.180199996;0.168500006;0.173099995;0.118000001;0.131600007;0.078400001;0.787100017;0.758700013;0.753300011;0.766600013;0.763100028;0.761099994;0.802900016;0.770399988;0.085600004;0.409200013;0.449800014;0.434700012;0.43720001;0.442499995;0.426099986;0.44659999;0.432999998;0.081299998;0.109200001;0.173800007;0.144800007;0.1197;0.114100002;0.123599999;0.124200001;0.141100004;0.080200002;0.804099977;0.782000005;0.771899998;0.781000018;0.781700015;0.803300023;0.811500013;0.794700027;0.0858;0.40110001;0.435600013;0.437000006;0.43810001;0.434599996;0.435699999;0.443599999;0.42719999;0.080399998;0.093199998;0.113200001;0.101499997;0.112800002;0.1083;0.120499998;0.1228;0.132599995;0.079099998;0.116499998;0.148800001;0.152799994;0.120700002;0.111500002;0.118299998;0.1197;0.125300005;0.086900003;0.1171;0.136099994;0.126300007;0.139799997;0.117600001;0.127200007
119414.3;0.869300008;0.770799994;0.766499996;0.770500004;0.752799988;0.749300003;0.757499993;0.768999994;0.085500002;0.448199987;0.460500002;0.510800004;0.450599998;0.435499996;0.425799996;0.433899999;0.423799992;0.080600001;0.1065;0.177900001;0.155300006;0.180299997;0.168899998;0.173899993;0.118100002;0.131899998;0.0788;0.7852;0.757399976;0.751600027;0.765399992;0.760399997;0.759199977;0.801199973;0.76819998;0.085699998;0.407200009;0.449000001;0.437999994;0.436300009;0.438800007;0.427100003;0.44659999;0.431800008;0.081299998;0.108999997;0.173299998;0.146200001;0.1197;0.114;0.123899996;0.124399997;0.141499996;0.080200002;0.805400014;0.782899976;0.772899985;0.782199979;0.782400012;0.80309999;0.81099999;0.793500006;0.0858;0.404199988;0.434399992;0.4454;0.437099993;0.433600008;0.436300009;0.443300009;0.430099994;0.080300003;0.093099996;0.112999998;0.101300001;0.1127;0.108199999;0.1206;0.122900002;0.132599995;0.079000004;0.116099998;0.148599997;0.154899999;0.119099997;0.111699998;0.118299998;0.119499996;0.125100002;0.0867;0.116499998;0.134800002;0.125799999;0.139200002;0.118500002;0.127399996
120014.2;0.868399978;0.771399975;0.766900003;0.771200001;0.752799988;0.749300003;0.756299973;0.76880002;0.085500002;0.448799998;0.466399997;0.514199972;0.447400004;0.43779999;0.424299985;0.434399992;0.425300002;0.080700003;0.106700003;0.178299993;0.155200005;0.180399999;0.169;0.174099997;0.118100002;0.132300004;0.078900002;0.786000013;0.757399976;0.750500023;0.764100015;0.759500027;0.75880003;0.800899982;0.7676;0.0858;0.404000014;0.448199987;0.437599987;0.433600008;0.440100014;0.425199986;0.445499986;0.432700008;0.081500001;0.109399997;0.174600005;0.147400007;0.119800001;0.114399999;0.124200001;0.124700002;0.1417;0.080399998;0.80309999;0.780200005;0.770799994;0.779799998;0.780200005;0.801199973;0.810599983;0.792900026;0.086000003;0.406500012;0.432099998;0.443599999;0.434899986;0.436699986;0.437000006;0.443500012;0.431899995;0.080499999;0.093199998;0.113399997;0.101499997;0.112999998;0.108599998;0.120800003;0.123099998;0.132599995;0.079300001;0.116700001;0.148900002;0.155399993;0.132499993;0.111400001;0.118600003;0.119999997;0.126000002;0.086999997;0.116800003;0.1347;0.126100004;0.138799995;0.118199997;0.128199995
120614.4;0.867699981;0.770099998;0.766099989;0.770900011;0.751800001;0.74849999;0.755599976;0.768400013;0.0854;0.449400008;0.465999991;0.517199993;0.44690001;0.435000002;0.424100012;0.434599996;0.425900012;0.080700003;0.107100002;0.178900003;0.155300006;0.180999994;0.1699;0.174500003;0.1184;0.132499993;0.079000004;0.787100017;0.75819999;0.75059998;0.764199972;0.759500027;0.75880003;0.801400006;0.768000007;0.085900001;0.405999988;0.446099997;0.4366;0.431600004;0.43689999;0.426299989;0.444400012;0.430999994;0.081600003;0.109700002;0.175400004;0.148000002;0.1197;0.114500001;0.124499999;0.125;0.142199993;0.080399998;0.801900029;0.778900027;0.769800007;0.778299987;0.778800011;0.799799979;0.810100019;0.792400002;0.086099997;0.405999988;0.433200002;0.4454;0.433299989;0.434100002;0.435799986;0.443100005;0.430799991;0.080600001;0.093599997;0.113899998;0.1021;0.113499999;0.109099999;0.121799998;0.1241;0.133499995;0.079599999;0.117200002;0.150600001;0.156299993;0.119999997;0.115099996;0.118699998;0.120099999;0.127299994;0.087200001;0.116899997;0.134599999;0.126399994;0.138999999;0.1184;0.130500004
121214.4;0.867799997;0.76880002;0.764199972;0.76880002;0.74940002;0.746200025;0.753799975;0.766799986;0.085500002;0.451400012;0.466800004;0.516700029;0.449699998;0.435000002;0.424899995;0.430999994;0.428799987;0.080799997;0.107600003;0.179299995;0.154499993;0.180700004;0.170100003;0.174799994;0.118600003;0.132699996;0.078900002;0.786599994;0.757700026;0.749899983;0.763300002;0.758300006;0.757300019;0.799199998;0.766600013;0.086000003;0.417400002;0.441500008;0.435600013;0.431199998;0.439300001;0.425099999;0.443199992;0.429899991;0.081600003;0.109700002;0.175899997;0.148100004;0.120200001;0.114699997;0.124700002;0.125499994;0.142100006;0.080499999;0.800999999;0.778400004;0.768100023;0.777199984;0.777700007;0.798200011;0.810000002;0.791199982;0.086099997;0.407700002;0.433200002;0.442900002;0.431800008;0.435699999;0.434899986;0.441399992;0.429199994;0.080700003;0.093800001;0.114100002;0.101999998;0.113600001;0.109399997;0.122000001;0.124399997;0.133599997;0.079599999;0.1171;0.150600001;0.156499997;0.125300005;0.114699997;0.118600003;0.120200001;0.127399996;0.087499999;0.116800003;0.134800002;0.126399994;0.139200002;0.118799999;0.128999993
121814.4;0.867600024;0.769299984;0.764599979;0.769200027;0.748700023;0.745299995;0.753400028;0.765999973;0.085299999;0.454400003;0.467099994;0.512499988;0.449299991;0.432900012;0.422899991;0.432799995;0.426299989;0.080399998;0.107100002;0.179299995;0.154499993;0.180700004;0.169699997;0.174799994;0.118199997;0.132499993;0.078500003;0.78609997;0.757000029;0.748700023;0.762300014;0.757099986;0.757000029;0.799600005;0.765900016;0.085199997;0.424699992;0.43900001;0.434300005;0.430000007;0.43720001;0.426200002;0.442299992;0.429800004;0.080799997;0.109099999;0.175799996;0.146899998;0.119199999;0.114200003;0.123899996;0.124700002;0.141200006;0.079700001;0.800899982;0.77700001;0.767700016;0.777100027;0.777800024;0.797299981;0.807799995;0.788800001;0.085100003;0.415899992;0.434300005;0.440899998;0.430599988;0.435000002;0.433200002;0.444799989;0.433499992;0.079800002;0.092799999;0.113499999;0.101400003;0.112800002;0.108400002;0.121100001;0.1237;0.133300006;0.079700001;0.121200003;0.157499999;0.154899999;0.128199995;0.114;0.117399998;0.119099997;0.125400007;0.086000003;0.115800001;0.134399995;0.125100002;0.138600007;0.118299998;0.127800003
122414.5;0.86559999;0.767400026;0.762700021;0.767099977;0.746299982;0.743499994;0.751299977;0.764500022;0.085299999;0.4648;0.459300011;0.506600022;0.453799993;0.434199989;0.424100012;0.429899991;0.424400002;0.080200002;0.106799997;0.178100005;0.154799998;0.180199996;0.169400007;0.175099999;0.118299998;0.132400006;0.078000002;0.78549999;0.756299973;0.747399986;0.760800004;0.754999995;0.756799996;0.800999999;0.769500017;0.084600002;0.423500001;0.441300005;0.433299989;0.429500014;0.438199997;0.424699992;0.442499995;0.430000007;0.081;0.112000003;0.182500005;0.145799994;0.119000003;0.113399997;0.123300001;0.123999998;0.140499994;0.078699999;0.800599992;0.77759999;0.769900024;0.780600011;0.780099988;0.795300007;0.807099998;0.788100004;0.083999999;0.415499985;0.432799995;0.442499995;0.432900012;0.436300009;0.43689999;0.454600006;0.442200005;0.0788;0.091399997;0.112199999;0.0999;0.111900002;0.107100002;0.120200001;0.126000002;0.137700006;0.083300002;0.128199995;0.1664;0.151899993;0.125400007;0.118900001;0.115800001;0.117799997;0.128399998;0.0845;0.114799999;0.134200007;0.124300003;0.138799995;0.117200002;0.125599995
123014.6;0.864300013;0.765999973;0.760800004;0.765399992;0.743799984;0.74119997;0.749300003;0.762300014;0.085500002;0.47209999;0.456699997;0.506799996;0.452499986;0.435699999;0.423799992;0.430400014;0.419200003;0.080600001;0.107299998;0.178800002;0.155900002;0.180500001;0.169799998;0.175500005;0.118799999;0.133200005;0.078400001;0.785300016;0.755400002;0.746299982;0.75999999;0.753499985;0.754599988;0.798099995;0.764599979;0.085600004;0.421299994;0.444799989;0.435099989;0.42899999;0.436699986;0.425500005;0.440499991;0.429899991;0.081299998;0.109399997;0.174400002;0.147499993;0.120099999;0.114200003;0.124600001;0.125300005;0.142399997;0.080200002;0.800300002;0.774500012;0.766499996;0.774200022;0.775300026;0.794200003;0.806200027;0.786800027;0.0858;0.413199991;0.432399988;0.440100014;0.434300005;0.438300014;0.434899986;0.439799994;0.423700005;0.080399998;0.093000002;0.113200001;0.101199999;0.112800002;0.108199999;0.121600002;0.123999998;0.133900002;0.0788;0.116800003;0.149299994;0.154300004;0.119099997;0.114799999;0.118299998;0.1197;0.125599995;0.086599998;0.117700003;0.136399999;0.126900002;0.140900001;0.119599998;0.127599999
123614.8;0.861999989;0.764900029;0.759800017;0.764400005;0.742500007;0.739700019;0.748199999;0.761500001;0.085500002;0.467900008;0.460399985;0.511500001;0.449200004;0.435499996;0.424199998;0.429500014;0.420599997;0.080700003;0.107199997;0.178599998;0.156200007;0.180700004;0.170100003;0.176100001;0.118600003;0.133200005;0.078500003;0.783999979;0.754700005;0.744899988;0.75819999;0.751600027;0.753099978;0.796199977;0.762700021;0.085600004;0.415699989;0.443899989;0.435099989;0.428600013;0.435299993;0.424499989;0.437599987;0.427899987;0.081200004;0.109200001;0.174199998;0.1479;0.1197;0.114;0.124499999;0.125400007;0.142800003;0.0801;0.799199998;0.772599995;0.765200019;0.774800003;0.775200009;0.793500006;0.805899978;0.786199987;0.085600004;0.4102;0.429699987;0.441199988;0.432799995;0.436800003;0.435099989;0.438600004;0.426099986;0.080200002;0.092699997;0.112899996;0.100900002;0.1127;0.107799999;0.1215;0.123499997;0.1338;0.078400001;0.116099998;0.149200007;0.155300006;0.122400001;0.112599999;0.118299998;0.119199999;0.124399997;0.086300001;0.117200002;0.135499999;0.126399994;0.139799997;0.118799999;0.127599999
124214.8;0.860599995;0.764800012;0.759599984;0.765200019;0.74150002;0.738799989;0.747399986;0.760999978;0.085500002;0.463499993;0.463400006;0.513400018;0.44569999;0.435000002;0.421999991;0.431499988;0.421799988;0.080700003;0.107100002;0.179000005;0.156299993;0.180299997;0.170100003;0.176599994;0.118699998;0.133699998;0.0788;0.783599973;0.753199995;0.743200004;0.756500006;0.749499977;0.751399994;0.795700014;0.760399997;0.085699998;0.412600011;0.440299988;0.435200006;0.42719999;0.435400009;0.422500014;0.435699999;0.427899987;0.0814;0.109099999;0.174400002;0.148100004;0.120099999;0.114299998;0.124899998;0.125799999;0.143199995;0.080300003;0.799300015;0.772499979;0.765399992;0.773199975;0.773699999;0.792200029;0.802999973;0.783800006;0.0858;0.407200009;0.430799991;0.43810001;0.430299997;0.438199997;0.435200006;0.440600008;0.429500014;0.080399998;0.093000002;0.113399997;0.101300001;0.112999998;0.108599998;0.121699996;0.123999998;0.1338;0.079000004;0.116700001;0.149800003;0.155900002;0.120300002;0.112199999;0.118299998;0.1197;0.124700002;0.0911;0.116999999;0.135299996;0.126499996;0.139899999;0.1193;0.128900006
124814.8;0.860000014;0.765100002;0.7597;0.765200019;0.741100013;0.738300025;0.746399999;0.760800004;0.085500002;0.461699992;0.466300011;0.514299989;0.44659999;0.435000002;0.420300007;0.428299993;0.421600014;0.080799997;0.107199997;0.178800002;0.156200007;0.180500001;0.170499995;0.176799998;0.118900001;0.134100005;0.078900002;0.782999992;0.752300024;0.74119997;0.754400015;0.747200012;0.749599993;0.795400023;0.758700013;0.085900001;0.408600003;0.437999994;0.434399992;0.426200002;0.434599996;0.424299985;0.435000002;0.428200006;0.081500001;0.1096;0.175099999;0.148800001;0.120300002;0.114699997;0.125400007;0.126399994;0.143600002;0.080399998;0.797699988;0.770799994;0.764299989;0.771899998;0.772599995;0.791700006;0.805100024;0.785000026;0.086000003;0.404799998;0.431800008;0.439799994;0.430000007;0.435400009;0.434599996;0.441100001;0.430799991;0.080700003;0.093400002;0.113899998;0.101800002;0.113399997;0.108800001;0.122599997;0.124899998;0.134499997;0.079400003;0.116899997;0.150700003;0.157000005;0.119999997;0.111699998;0.118600003;0.119800001;0.125200003;0.087099999;0.117399998;0.135499999;0.127000004;0.139799997;0.120700002;0.130099997
125415;0.856899977;0.762899995;0.757499993;0.763000011;0.738900006;0.735400021;0.743799984;0.75880003;0.085600004;0.458600014;0.469000012;0.515299976;0.443500012;0.430500001;0.419200003;0.429100007;0.421799988;0.080700003;0.1074;0.178800002;0.155399993;0.180500001;0.170100003;0.176899999;0.119199999;0.134299994;0.0788;0.782800019;0.752699971;0.7403;0.753199995;0.745999992;0.748600006;0.794499993;0.758400023;0.085900001;0.407799989;0.435799986;0.430999994;0.423799992;0.432999998;0.421299994;0.432799995;0.425000012;0.081600003;0.109700002;0.175799996;0.149299994;0.120399997;0.115000002;0.125599995;0.126599997;0.1435;0.080600001;0.793799996;0.7676;0.761300027;0.768899977;0.769800007;0.789900005;0.801599979;0.780900002;0.086199999;0.40290001;0.4296;0.437400013;0.427399993;0.435600013;0.432700008;0.436500013;0.428000003;0.080700003;0.093699999;0.114299998;0.102300003;0.113799997;0.109300002;0.123000003;0.125400007;0.134800002;0.079499997;0.1175;0.151500002;0.157299995;0.128600001;0.114399999;0.119099997;0.119999997;0.127499998;0.087200001;0.117399998;0.135700002;0.126800001;0.139799997;0.120300002;0.128700003
126014.9;0.854399979;0.760299981;0.755200028;0.760500014;0.735700011;0.7324;0.741599977;0.756600022;0.085299999;0.455599993;0.468100011;0.511900008;0.442900002;0.42930001;0.417299986;0.425500005;0.418000013;0.080300003;0.107100002;0.178499997;0.154799998;0.180199996;0.170100003;0.176699996;0.118600003;0.133599997;0.078100003;0.780099988;0.749499977;0.737999976;0.75059998;0.743099988;0.745999992;0.793200016;0.755900025;0.085100003;0.408399999;0.433099985;0.431100011;0.423900008;0.433099985;0.422500014;0.431199998;0.425999999;0.080700003;0.1087;0.173899993;0.147400007;0.119599998;0.113899998;0.124600001;0.125699997;0.142499998;0.079400003;0.792100012;0.765299976;0.759199977;0.766099989;0.76730001;0.787699997;0.799899995;0.778699994;0.084899999;0.400900006;0.424600005;0.437099993;0.426999986;0.432900012;0.432500005;0.439099997;0.428299993;0.079599999;0.092799999;0.113300003;0.101099998;0.112599999;0.108000003;0.121699996;0.1241;0.133300006;0.078299999;0.118699998;0.154100001;0.155399993;0.125300005;0.1162;0.117299996;0.118699998;0.125200003;0.0876;0.1162;0.134900004;0.1259;0.138999999;0.119199999;0.127399996
126615;0.850000024;0.7579;0.751900017;0.757700026;0.732599974;0.730199993;0.739400029;0.754100025;0.0854;0.451700002;0.462000012;0.503700018;0.44780001;0.431699991;0.418199986;0.427599996;0.418000013;0.080200002;0.107500002;0.178399995;0.155499995;0.180399999;0.1708;0.177000001;0.118299998;0.133100003;0.077600002;0.778500021;0.747799993;0.735899985;0.748000026;0.74059999;0.744499981;0.79369998;0.758599997;0.084700003;0.409999996;0.434399992;0.431600004;0.422600001;0.431600004;0.41929999;0.42930001;0.423999995;0.080899999;0.111199997;0.181099996;0.147100002;0.118600003;0.1127;0.123599999;0.124700002;0.142299995;0.0788;0.788600028;0.763700008;0.75880003;0.769299984;0.769299984;0.784099996;0.79519999;0.774399996;0.083999999;0.399699986;0.428600013;0.437999994;0.428000003;0.434700012;0.431499988;0.44690001;0.436800003;0.0788;0.091499999;0.112000003;0.0995;0.111400001;0.106700003;0.121100001;0.124899998;0.137700006;0.082000002;0.127200007;0.165099993;0.153699994;0.119499996;0.108900003;0.115900002;0.117799997;0.122500002;0.084700003;0.116599999;0.134800002;0.125200003;0.139300004;0.118299998;0.123999998
127215;0.847199976;0.757700026;0.75150001;0.756500006;0.731400013;0.728100002;0.737699986;0.752099991;0.085500002;0.446999997;0.454699993;0.501699984;0.451400012;0.433299989;0.421000004;0.424600005;0.419200003;0.080600001;0.107199997;0.1787;0.157000005;0.180999994;0.170499995;0.176899999;0.119199999;0.133900002;0.078699999;0.777499974;0.746900022;0.734300017;0.746699989;0.739199996;0.742500007;0.790400028;0.752799988;0.085699998;0.410899997;0.438199997;0.432000011;0.424100012;0.432599992;0.423299998;0.429800004;0.424499989;0.081299998;0.109300002;0.174700007;0.148699999;0.119999997;0.113899998;0.125;0.126100004;0.144199997;0.080200002;0.785700023;0.760599971;0.755400002;0.762600005;0.763300002;0.783200026;0.796000004;0.775200009;0.0858;0.400999993;0.429800004;0.437599987;0.4296;0.433600008;0.431300014;0.435799986;0.424299985;0.080399998;0.092799999;0.113300003;0.101099998;0.1127;0.107900001;0.122100003;0.124200001;0.1347;0.078900002;0.1171;0.149800003;0.155200005;0.125799999;0.112000003;0.1184;0.1197;0.124499999;0.087200001;0.118799999;0.1373;0.127299994;0.1417;0.119800001;0.127499998
127815.1;0.841400027;0.755200028;0.74970001;0.754899979;0.729600012;0.726700008;0.735499978;0.75029999;0.085500002;0.446399987;0.456200004;0.510999978;0.445800006;0.430000007;0.419099987;0.427599996;0.416999996;0.080600001;0.106899999;0.177699998;0.157199994;0.180600002;0.170100003;0.177699998;0.119199999;0.134499997;0.078699999;0.776499987;0.745700002;0.733200014;0.744899988;0.737299979;0.741100013;0.790700018;0.750699997;0.085600004;0.406800002;0.436800003;0.431600004;0.423799992;0.431699991;0.422300011;0.42930001;0.425799996;0.081200004;0.1087;0.173500001;0.149299994;0.119999997;0.114;0.125100002;0.126300007;0.144299999;0.079999998;0.782599986;0.75940001;0.754100025;0.760900021;0.762499988;0.781799972;0.796599984;0.775200009;0.085500002;0.400599986;0.428299993;0.439999998;0.429899991;0.43599999;0.434799999;0.437900007;0.428200006;0.080200002;0.092500001;0.112999998;0.1008;0.112499997;0.107600003;0.1219;0.123999998;0.134900004;0.0788;0.116400003;0.149299994;0.156499997;0.119800001;0.108800001;0.118199997;0.1193;0.1241;0.086400002;0.118199997;0.136000007;0.126599997;0.140699998;0.119900003;0.125300005
128415.2;0.837400019;0.753499985;0.747799993;0.752799988;0.727500021;0.72390002;0.733299971;0.74879998;0.085500002;0.4454;0.460000008;0.511600018;0.444499999;0.430700004;0.418099999;0.424299985;0.416900009;0.080700003;0.106799997;0.178299993;0.157700002;0.180899993;0.171299994;0.178399995;0.1193;0.134599999;0.0788;0.773999989;0.743799984;0.730700016;0.742299974;0.734600008;0.738399982;0.788399994;0.748899996;0.085699998;0.404000014;0.434300005;0.430799991;0.421499997;0.430900007;0.42050001;0.427300006;0.422899991;0.081299998;0.108999997;0.174400002;0.150700003;0.119999997;0.114;0.125499994;0.126699999;0.144800007;0.080200002;0.778900027;0.757600009;0.752300024;0.759299994;0.761099994;0.779999971;0.794200003;0.772400022;0.085699998;0.397899985;0.42750001;0.437700003;0.427899987;0.434599996;0.434199989;0.435600013;0.42840001;0.080600001;0.092600003;0.1131;0.101000004;0.112800002;0.107900001;0.122199997;0.124499999;0.135000005;0.079000004;0.116899997;0.150099993;0.157600001;0.127800003;0.111900002;0.118699998;0.119400002;0.125599995;0.0867;0.118199997;0.135800004;0.126800001;0.140200004;0.119999997;0.125599995
129015.5;0.832499981;0.752799988;0.746999979;0.75150001;0.726700008;0.722599983;0.731700003;0.748000026;0.0858;0.445899993;0.462399989;0.511699975;0.443300009;0.427399993;0.418500006;0.423099995;0.415800005;0.080700003;0.107299998;0.178299993;0.156900004;0.180700004;0.170900002;0.178299993;0.119499996;0.134900004;0.0788;0.773699999;0.743200004;0.729099989;0.74119997;0.733799994;0.736999989;0.788800001;0.747799993;0.0858;0.403699994;0.433999985;0.4296;0.421299994;0.430200011;0.420599997;0.425700009;0.422699988;0.081500001;0.109300002;0.174700007;0.150099993;0.120300002;0.114500001;0.1259;0.127299994;0.144899994;0.080499999;0.775300026;0.757099986;0.751800001;0.758000016;0.760100007;0.779799998;0.79400003;0.771899998;0.086000003;0.398299992;0.428900003;0.436699986;0.426099986;0.432500005;0.434700012;0.436500013;0.428799987;0.080600001;0.093000002;0.113899998;0.1017;0.113300003;0.108599998;0.123199999;0.125499994;0.135399997;0.079300001;0.117700003;0.150999993;0.157600001;0.131200001;0.112199999;0.118900001;0.119599998;0.125200003;0.092299998;0.118100002;0.135800004;0.127399996;0.140300006;0.1197;0.126900002
129615.5;0.830200016;0.753799975;0.74849999;0.752399981;0.727299988;0.72299999;0.731100023;0.747399986;0.085500002;0.445600003;0.464300007;0.513199985;0.441300005;0.429899991;0.418000013;0.425000012;0.415300012;0.080799997;0.107299998;0.178299993;0.156800002;0.181199998;0.171100006;0.178200006;0.119400002;0.135199994;0.0788;0.771399975;0.742500007;0.728100002;0.739700019;0.73210001;0.735800028;0.788299978;0.746299982;0.085900001;0.399599999;0.430799991;0.427599996;0.419099987;0.428499997;0.420100003;0.425000012;0.421600014;0.081600003;0.1096;0.1752;0.150600001;0.120200001;0.114600003;0.126200005;0.127399996;0.144899994;0.080600001;0.769699991;0.753700018;0.748899996;0.754700005;0.757399976;0.776499987;0.793600023;0.770699978;0.086199999;0.397799999;0.431300014;0.437099993;0.426499993;0.433600008;0.433800012;0.435799986;0.42809999;0.080799997;0.0933;0.114299998;0.1021;0.113600001;0.108900003;0.123599999;0.126100004;0.135399997;0.079599999;0.118100002;0.151600003;0.157700002;0.124399997;0.117399998;0.118900001;0.119900003;0.146599993;0.087200001;0.118799999;0.135900006;0.127499998;0.140400007;0.120200001;0.127700001
130215.5;0.824699998;0.75150001;0.746800005;0.750400007;0.725700021;0.721300006;0.729499996;0.745800018;0.085500002;0.445199996;0.46419999;0.511300027;0.438199997;0.426099986;0.414299995;0.421600014;0.416200012;0.080499999;0.107000001;0.178599998;0.157100007;0.181500003;0.170900002;0.178399995;0.119400002;0.134900004;0.078500003;0.767499983;0.740100026;0.725199997;0.736500025;0.728500009;0.732599974;0.787199974;0.743099988;0.085199997;0.397500008;0.425900012;0.426200002;0.417600006;0.426600009;0.417499989;0.422300011;0.420300007;0.080600001;0.108599998;0.174899995;0.149900004;0.118799999;0.113399997;0.125;0.126000002;0.143199995;0.079000004;0.763199985;0.749499977;0.745199978;0.750699997;0.752900004;0.772899985;0.789699972;0.766300023;0.084100001;0.393999994;0.426899999;0.433600008;0.421900004;0.430000007;0.430099994;0.432300001;0.425500005;0.079000004;0.091200002;0.112199999;0.100199997;0.111599997;0.106600001;0.121200003;0.123599999;0.133200005;0.077500001;0.115800001;0.149200007;0.155100003;0.1197;0.110299997;0.116700001;0.117200002;0.1237;0.084799998;0.115999997;0.133699998;0.124399997;0.137899995;0.117899999;0.125
130815.4;0.817799985;0.747500002;0.742500007;0.745899975;0.721300006;0.717400014;0.725300014;0.74180001;0.0854;0.442000002;0.461299986;0.505500019;0.443300009;0.429399997;0.415499985;0.421999991;0.411199987;0.080300003;0.107100002;0.1787;0.157100007;0.181700006;0.171499997;0.178800002;0.119000003;0.134499997;0.078199998;0.763400018;0.736699998;0.722899973;0.732900023;0.726199985;0.730199993;0.787500024;0.744400024;0.084899999;0.40290001;0.426999986;0.426099986;0.41870001;0.426499993;0.417699993;0.422899991;0.421499997;0.080899999;0.111299999;0.180899993;0.149299994;0.119199999;0.113300003;0.125;0.126000002;0.143399999;0.0792;0.75940001;0.74879998;0.745800018;0.753799975;0.755800009;0.770299971;0.787699997;0.765299976;0.084399998;0.3935;0.424699992;0.435200006;0.423599988;0.430200011;0.432900012;0.444200009;0.434700012;0.0792;0.091499999;0.1127;0.100100003;0.111900002;0.107000001;0.1219;0.124799997;0.137400001;0.082099997;0.129700005;0.166099995;0.155100003;0.121799998;0.109499998;0.116899997;0.118199997;0.123800002;0.085199997;0.117299996;0.135700002;0.126200005;0.140200004;0.119599998;0.1237
131415.6;0.811200023;0.745800018;0.740400016;0.744000018;0.719799995;0.715499997;0.723699987;0.740199983;0.085500002;0.43779999;0.453999996;0.502600014;0.449200004;0.428799987;0.416299999;0.422500014;0.412600011;0.080600001;0.107000001;0.178200006;0.158000007;0.181600004;0.1708;0.1787;0.120099999;0.135399997;0.078699999;0.760200024;0.735300004;0.721099973;0.73089999;0.723999977;0.727800012;0.785000026;0.738499999;0.085600004;0.404799998;0.42899999;0.4287;0.418799996;0.427899987;0.4208;0.423299998;0.422899991;0.081600003;0.1127;0.180999994;0.150299996;0.120800003;0.114600003;0.126200005;0.127399996;0.144600004;0.0801;0.754999995;0.747500002;0.746200025;0.755100012;0.755599976;0.768599987;0.788699985;0.765600026;0.085699998;0.393400013;0.425999999;0.437900007;0.426499993;0.432799995;0.433499992;0.448500007;0.43900001;0.080300003;0.092799999;0.113899998;0.101400003;0.113300003;0.1083;0.123000003;0.125499994;0.1391;0.085199997;0.135700002;0.170900002;0.156000003;0.126599997;0.114500001;0.118600003;0.119999997;0.125200003;0.0867;0.119800001;0.138600007;0.127800003;0.1426;0.120499998;0.125200003
132015.6;0.807600021;0.744300008;0.740100026;0.742900014;0.717999995;0.714399993;0.722100019;0.738900006;0.085500002;0.435799986;0.4542;0.506900012;0.445199996;0.430299997;0.414600015;0.421099991;0.410899997;0.080600001;0.106700003;0.177300006;0.158399999;0.180600002;0.169499993;0.178800002;0.1206;0.136199996;0.078699999;0.756399989;0.733799994;0.719900012;0.729799986;0.722899973;0.726400018;0.784399986;0.737299979;0.085600004;0.402200013;0.429699987;0.426299989;0.420100003;0.427300006;0.420300007;0.422600001;0.421400011;0.081200004;0.108800001;0.173199996;0.150999993;0.120899998;0.114699997;0.126499996;0.127700001;0.144700006;0.0801;0.750500023;0.745599985;0.741100013;0.745000005;0.748300016;0.76700002;0.785300016;0.761900008;0.085600004;0.392800003;0.423900008;0.436399996;0.426099986;0.432599992;0.430400014;0.433400005;0.423900008;0.080200002;0.092699997;0.113700002;0.101300001;0.113399997;0.108199999;0.123099998;0.125400007;0.136099994;0.0792;0.116899997;0.149599999;0.1567;0.121200003;0.110399999;0.118600003;0.119499996;0.125699997;0.086599998;0.119000003;0.137500003;0.126900002;0.141900003;0.120200001;0.125300005
132615.8;0.802900016;0.743399978;0.739199996;0.7421;0.717199981;0.71329999;0.721300006;0.737800002;0.085500002;0.435299993;0.461400002;0.509800017;0.441100001;0.426699996;0.413899988;0.420300007;0.412600011;0.080700003;0.106799997;0.177599996;0.159199998;0.181500003;0.1699;0.179299995;0.120399997;0.136500001;0.078599997;0.75029999;0.731400013;0.716300011;0.726000011;0.719099998;0.72329998;0.782000005;0.734700024;0.085699998;0.396499991;0.430200011;0.427399993;0.417699993;0.425099999;0.417499989;0.420100003;0.419099987;0.0814;0.108999997;0.1734;0.151500002;0.120800003;0.114799999;0.127000004;0.128000006;0.145300001;0.080200002;0.745700002;0.744400024;0.740100026;0.743799984;0.747799993;0.765600026;0.783699989;0.760100007;0.085600004;0.390700012;0.423000008;0.434599996;0.424699992;0.430599988;0.430099994;0.434399992;0.425099999;0.080300003;0.092600003;0.114;0.101499997;0.113499999;0.108400002;0.123199999;0.125400007;0.136199996;0.078900002;0.117299996;0.150000006;0.157199994;0.119900003;0.114299998;0.118600003;0.119499996;0.124799997;0.086599998;0.119099997;0.136800006;0.126699999;0.141200006;0.120300002;0.125599995
133215.8;0.797800004;0.742500007;0.738099992;0.74089998;0.715399981;0.712199986;0.719299972;0.736199975;0.085500002;0.434799999;0.462500006;0.512199998;0.439599991;0.427899987;0.4102;0.419800013;0.409399986;0.080700003;0.107100002;0.177699998;0.159099996;0.181600004;0.171100006;0.180399999;0.1206;0.136700004;0.078900002;0.746299982;0.730400026;0.715300024;0.724699974;0.717899978;0.722199976;0.781899989;0.732800007;0.0858;0.392800003;0.427300006;0.422500014;0.416900009;0.425099999;0.417499989;0.420300007;0.421999991;0.081500001;0.109099999;0.174600005;0.152199998;0.120999999;0.115199998;0.127399996;0.128199995;0.145699993;0.080300003;0.740499973;0.742200017;0.737900019;0.74089998;0.745000005;0.762799978;0.783599973;0.759899974;0.085900001;0.389299989;0.42050001;0.434199989;0.423500001;0.430200011;0.428499997;0.432500005;0.426400006;0.080499999;0.092600003;0.114399999;0.101800002;0.113799997;0.108599998;0.1237;0.126100004;0.136500001;0.079499997;0.117700003;0.151099995;0.158099994;0.120999999;0.112000003;0.119099997;0.119999997;0.125799999;0.086900003;0.119599998;0.136700004;0.127000004;0.141100004;0.1206;0.125499994
133815.9;0.792900026;0.740999997;0.736500025;0.738399982;0.713199973;0.709599972;0.717000008;0.73360002;0.085500002;0.433600008;0.464300007;0.513999999;0.439399987;0.424699992;0.41080001;0.42019999;0.412200004;0.080799997;0.107199997;0.178000003;0.158800006;0.182500005;0.171200007;0.180199996;0.1206;0.136999995;0.078900002;0.743300021;0.729600012;0.714600027;0.723800004;0.717000008;0.721199989;0.781400025;0.731299996;0.085900001;0.392500013;0.425500005;0.425300002;0.416700006;0.425300002;0.417699993;0.419800013;0.420100003;0.081699997;0.1096;0.174899995;0.151600003;0.121200003;0.1153;0.128000006;0.128600001;0.145999998;0.080799997;0.736400008;0.741100013;0.736899972;0.739099979;0.743700027;0.760699987;0.781000018;0.757200003;0.086199999;0.387600005;0.419699997;0.432599992;0.422300011;0.4287;0.42930001;0.432900012;0.425900012;0.080700003;0.093400002;0.115000002;0.102399997;0.114299998;0.109300002;0.124200001;0.126699999;0.136600003;0.079700001;0.118100002;0.151999995;0.158600003;0.121200003;0.116899997;0.119000003;0.120200001;0.127000004;0.087200001;0.119599998;0.136700004;0.127200007;0.141000003;0.121100001;0.1259
134416;0.787100017;0.740199983;0.736500025;0.739099979;0.713400006;0.709299982;0.716400027;0.732900023;0.085500002;0.432599992;0.464599997;0.5097;0.439200014;0.427399993;0.411199987;0.418500006;0.41170001;0.080899999;0.107500002;0.178100005;0.158299997;0.182099998;0.171000004;0.180099994;0.121200003;0.1373;0.079000004;0.737699986;0.728799999;0.711399972;0.720600009;0.71390003;0.718200028;0.781199992;0.728600025;0.086000003;0.391200006;0.421799988;0.4208;0.415499985;0.423700005;0.415899992;0.418300003;0.419099987;0.081699997;0.108999997;0.174500003;0.151500002;0.121200003;0.115699999;0.127900004;0.128900006;0.146200001;0.080700003;0.730599999;0.738699973;0.734899998;0.736899972;0.741999984;0.759500027;0.781000018;0.756500006;0.086199999;0.386099994;0.423700005;0.431100011;0.421400011;0.427899987;0.426600009;0.430000007;0.423299998;0.080799997;0.093699999;0.115400001;0.102799997;0.114699997;0.109700002;0.124700002;0.127100006;0.136899993;0.079999998;0.118299998;0.152799994;0.158399999;0.123300001;0.143999994;0.119599998;0.120399997;0.127100006;0.087499999;0.119800001;0.136899993;0.127000004;0.141299993;0.121399999;0.126900002
135015.9;0.783699989;0.738799989;0.735300004;0.736999989;0.711700022;0.708800018;0.715399981;0.73210001;0.0854;0.430900007;0.46450001;0.510299981;0.437999994;0.423799992;0.41170001;0.416099995;0.409000009;0.080200002;0.107000001;0.178599998;0.158999994;0.182600006;0.171700001;0.180800006;0.120399997;0.136700004;0.078000002;0.731400013;0.725600004;0.709100008;0.717800021;0.711499989;0.716099977;0.779799998;0.726499975;0.085100003;0.3917;0.422899991;0.421900004;0.413899988;0.422500014;0.414799988;0.416700006;0.417800009;0.080700003;0.108000003;0.1743;0.150700003;0.120499998;0.114699997;0.126900002;0.127900004;0.144800007;0.079400003;0.725399971;0.736899972;0.733099997;0.735899985;0.74089998;0.756699979;0.779999971;0.755599976;0.084899999;0.385399997;0.422899991;0.431800008;0.420700014;0.42719999;0.426099986;0.4366;0.426099986;0.079599999;0.092200004;0.113899998;0.101099998;0.1131;0.108000003;0.123300001;0.1259;0.135700002;0.079000004;0.123099998;0.159199998;0.156499997;0.128399998;0.111299999;0.1175;0.118799999;0.127100006;0.086000003;0.118199997;0.136199996;0.125799999;0.140499994;0.120399997;0.124799997
135616;0.778199971;0.736299992;0.733200014;0.734600008;0.708899975;0.706900001;0.713500023;0.730400026;0.0854;0.426099986;0.456699997;0.502499998;0.444700003;0.425399989;0.41049999;0.416799992;0.408199996;0.080300003;0.106899999;0.177499995;0.159299999;0.181400001;0.170599997;0.180700004;0.1206;0.136500001;0.0779;0.728200018;0.725000024;0.709399998;0.717499971;0.711600006;0.715499997;0.782500029;0.730700016;0.084799998;0.395000011;0.424600005;0.418900013;0.413899988;0.422100008;0.414700001;0.416099995;0.416500002;0.081100002;0.111000001;0.181600004;0.150900006;0.120200001;0.114;0.126300007;0.127299994;0.144700006;0.078900002;0.720200002;0.736500025;0.733799994;0.738499999;0.741999984;0.753400028;0.777800024;0.753199995;0.084200002;0.385100007;0.41960001;0.432099998;0.422699988;0.427599996;0.429500014;0.441799998;0.434700012;0.078900002;0.091399997;0.113300003;0.100299999;0.112499997;0.107199997;0.1228;0.128000006;0.141000003;0.083099999;0.133699998;0.170300007;0.154599994;0.127000004;0.108800001;0.116499998;0.117899999;0.1237;0.085000001;0.118199997;0.136399999;0.125100002;0.140699998;0.119400002;0.1228
136216.2;0.773199975;0.735700011;0.73210001;0.732800007;0.707099974;0.704999983;0.711700022;0.727900028;0.085500002;0.423700005;0.451999992;0.502399981;0.443399996;0.428200006;0.409399986;0.416500002;0.408100009;0.080600001;0.106899999;0.178100005;0.160500005;0.181899995;0.169699997;0.180800006;0.120999999;0.137500003;0.078699999;0.722899973;0.723200023;0.706799984;0.714999974;0.708800018;0.712100029;0.778199971;0.72240001;0.085600004;0.393599987;0.426800013;0.422899991;0.414700001;0.422399998;0.416599989;0.417400002;0.419999987;0.081299998;0.108800001;0.173700005;0.152400002;0.121399999;0.115099996;0.127800003;0.128700003;0.146400005;0.0801;0.71509999;0.73299998;0.730099976;0.731000006;0.735899985;0.752099991;0.777800024;0.752900004;0.085699998;0.38530001;0.42809999;0.433999985;0.425199986;0.430000007;0.429699987;0.433999985;0.420899987;0.080300003;0.092600003;0.114100002;0.101499997;0.113499999;0.108099997;0.123999998;0.126200005;0.137600005;0.078900002;0.117399998;0.150299996;0.156900004;0.119400002;0.110799998;0.118799999;0.119800001;0.134299994;0.086800002;0.121100001;0.138500005;0.127000004;0.142800003;0.120899998;0.1303
136816.2;0.768899977;0.734899998;0.73150003;0.731700003;0.705799997;0.703299999;0.710300028;0.726499975;0.085699998;0.423000008;0.454400003;0.510599971;0.439900011;0.424299985;0.412299991;0.415800005;0.409299999;0.080700003;0.106799997;0.177699998;0.1611;0.181799993;0.169200003;0.181299999;0.121100001;0.137999997;0.078599997;0.718500018;0.722000003;0.705799997;0.713999987;0.707599998;0.710500002;0.7773;0.721300006;0.085600004;0.390500009;0.425700009;0.420300007;0.415199995;0.422300011;0.415499985;0.416200012;0.417899996;0.081200004;0.108499996;0.173099995;0.152500004;0.121200003;0.115000002;0.127800003;0.128800005;0.146699995;0.079999998;0.710300028;0.73119998;0.728100002;0.728999972;0.734499991;0.75;0.774600029;0.74970001;0.085500002;0.382200003;0.423500001;0.432000011;0.423900008;0.42899999;0.429500014;0.432300001;0.422399998;0.080200002;0.092500001;0.114299998;0.101599999;0.113600001;0.108199999;0.123999998;0.126200005;0.137500003;0.078900002;0.116899997;0.150900006;0.157299995;0.119800001;0.110100001;0.1184;0.1193;0.124899998;0.086499996;0.120300002;0.137099996;0.126300007;0.1417;0.120499998;0.130400002
137416.2;0.763400018;0.735099971;0.731299996;0.731999993;0.705200016;0.703700006;0.709500015;0.725899994;0.085500002;0.424199998;0.457700014;0.511300027;0.434899986;0.426299989;0.412499994;0.414700001;0.410600007;0.081100002;0.106799997;0.177100003;0.161200002;0.180899993;0.1699;0.181700006;0.121100001;0.138500005;0.0788;0.713100016;0.720000029;0.702700019;0.710500002;0.704599977;0.708299994;0.776499987;0.718299985;0.085699998;0.383899987;0.421499997;0.420100003;0.412900001;0.4208;0.414799988;0.415800005;0.418900013;0.0814;0.108599998;0.1743;0.152999997;0.1215;0.115500003;0.128299996;0.129099995;0.146699995;0.080300003;0.7051;0.729900002;0.727299988;0.726700008;0.7324;0.749000013;0.776799977;0.751600027;0.085699998;0.381799996;0.425700009;0.431300014;0.422600001;0.427700013;0.431699991;0.431300014;0.426600009;0.080399998;0.092600003;0.114500001;0.1021;0.113899998;0.108499996;0.124399997;0.126800001;0.137500003;0.079099998;0.1175;0.151099995;0.157800004;0.119900003;0.111500002;0.118799999;0.119599998;0.148100004;0.086800002;0.119900003;0.136899993;0.126399994;0.141399994;0.120800003;0.124399997
138016.4;0.759199977;0.735400021;0.73180002;0.731899977;0.705500007;0.703700006;0.709100008;0.725700021;0.085500002;0.424499989;0.460299999;0.512399971;0.434399992;0.420599997;0.411500007;0.413700014;0.408899993;0.080799997;0.106899999;0.177599996;0.160899997;0.182099998;0.170399994;0.182400003;0.1215;0.138600007;0.0788;0.708800018;0.719600022;0.701300025;0.709500015;0.703700006;0.707199991;0.776600003;0.716799974;0.085900001;0.3838;0.421799988;0.4199;0.412299991;0.421299994;0.413399994;0.414799988;0.415600002;0.081600003;0.108900003;0.174500003;0.152600005;0.1215;0.115500003;0.128600001;0.129299998;0.147;0.080399998;0.700100005;0.728799999;0.726100028;0.724399984;0.731100023;0.746800005;0.774900019;0.74940002;0.086000003;0.379000008;0.424899995;0.430200011;0.420700014;0.426800013;0.428600013;0.430900007;0.424899995;0.080600001;0.093199998;0.115400001;0.102499999;0.114399999;0.109200001;0.124899998;0.127399996;0.137799993;0.079700001;0.118199997;0.152199998;0.158299997;0.1241;0.115800001;0.119400002;0.119800001;0.123800002;0.087099999;0.119900003;0.136800006;0.126699999;0.140900001;0.120999999;0.126399994
138616.4;0.754499972;0.734000027;0.730099976;0.730700016;0.703100026;0.702300012;0.706900001;0.723500013;0.085500002;0.423400015;0.460700005;0.513999999;0.435600013;0.424800009;0.412400007;0.414400011;0.409200013;0.080799997;0.107199997;0.1778;0.160600007;0.181600004;0.170900002;0.182099998;0.121799998;0.138600007;0.079000004;0.70389998;0.718299985;0.700299978;0.707199991;0.703100026;0.704999983;0.776799977;0.71509999;0.085900001;0.381099999;0.4199;0.416500002;0.411000013;0.419699997;0.413500011;0.413599998;0.418300003;0.081600003;0.108800001;0.175300002;0.152999997;0.122100003;0.1162;0.128999993;0.129899994;0.146699995;0.080499999;0.694999993;0.727400005;0.724399984;0.723200023;0.728999972;0.745800018;0.77609998;0.750899971;0.086199999;0.378300011;0.423799992;0.430500001;0.42050001;0.4278;0.427399993;0.431499988;0.423700005;0.080799997;0.093199998;0.115500003;0.102700002;0.114600003;0.109399997;0.125300005;0.127900004;0.137799993;0.079499997;0.1184;0.152799994;0.157700002;0.121200003;0.115599997;0.119599998;0.119900003;0.126699999;0.087300003;0.119599998;0.136999995;0.126900002;0.141000003;0.1215;0.126100004
139216.5;0.75;0.73119998;0.728399992;0.727699995;0.700699985;0.701300025;0.70569998;0.720799983;0.085600004;0.421499997;0.458400011;0.515399992;0.432999998;0.423299998;0.409500003;0.413100004;0.408699989;0.080799997;0.1074;0.178000003;0.1602;0.181799993;0.171399996;0.182300001;0.121600002;0.138600007;0.078900002;0.698499978;0.715600014;0.697799981;0.70480001;0.700299978;0.702899992;0.774900019;0.712700009;0.086000003;0.381399989;0.418300003;0.418000013;0.411300004;0.418500006;0.412;0.412999988;0.415499985;0.081699997;0.1087;0.175600007;0.152099997;0.122000001;0.116099998;0.129299998;0.130099997;0.147100002;0.080700003;0.691100001;0.726300001;0.723200023;0.72240001;0.728600025;0.743799984;0.774900019;0.748700023;0.086300001;0.375999987;0.421000004;0.428900003;0.41960001;0.424600005;0.425000012;0.427300006;0.421200007;0.080799997;0.093699999;0.115800001;0.102899998;0.1149;0.109700002;0.125599995;0.128099993;0.137799993;0.079700001;0.118799999;0.152899995;0.157900006;0.1237;0.113600001;0.119999997;0.119999997;0.127900004;0.087499999;0.120499998;0.137400001;0.126900002;0.140900001;0.121799998;0.124899998
139816.4;0.745599985;0.731100023;0.728399992;0.727299988;0.700999975;0.700500011;0.704900026;0.718400002;0.0854;0.418599993;0.456999987;0.510399997;0.43599999;0.422100008;0.412499994;0.413100004;0.406699985;0.080300003;0.107199997;0.178000003;0.159500003;0.181500003;0.170300007;0.181700006;0.120999999;0.137899995;0.078299999;0.694800019;0.716099977;0.698099971;0.704400003;0.700299978;0.702600002;0.7755;0.711899996;0.085000001;0.380800009;0.415600002;0.415699989;0.409099996;0.416900009;0.410600007;0.411300004;0.413899988;0.080600001;0.108000003;0.176300004;0.151700005;0.120800003;0.114600003;0.127800003;0.128700003;0.145699993;0.079300001;0.685299993;0.724300027;0.721300006;0.722100019;0.728399992;0.741599977;0.770900011;0.744899988;0.084799998;0.3741;0.4208;0.428000003;0.418799996;0.424699992;0.426600009;0.435499996;0.426600009;0.079499997;0.092;0.114200003;0.101199999;0.113499999;0.108000003;0.124300003;0.127000004;0.137500003;0.0801;0.125499994;0.162400007;0.155499995;0.134399995;0.1197;0.117700003;0.118600003;0.129600003;0.0858;0.118900001;0.136800006;0.1259;0.140200004;0.120700002;0.128800005
140416.5;0.741900027;0.731899977;0.728600025;0.727299988;0.701600015;0.699999988;0.704100013;0.717400014;0.085299999;0.416099995;0.451999992;0.500400007;0.438800007;0.423400015;0.408899993;0.410899997;0.405999988;0.080200002;0.106600001;0.178299993;0.161500007;0.181700006;0.1699;0.181899995;0.120800003;0.138300002;0.078100003;0.68900001;0.713400006;0.694700003;0.700900018;0.6972;0.700299978;0.77759999;0.71450001;0.084799998;0.384200007;0.418599993;0.416299999;0.408899993;0.417499989;0.411500007;0.411900014;0.414499998;0.081200004;0.110699996;0.180399999;0.1523;0.120899998;0.114299998;0.127499998;0.128299996;0.145500004;0.078900002;0.680999994;0.725099981;0.72359997;0.725300014;0.730199993;0.739199996;0.771799982;0.745800018;0.084100001;0.373299986;0.419800013;0.429399997;0.421000004;0.425900012;0.430999994;0.442000002;0.435699999;0.078900002;0.090899996;0.113300003;0.100199997;0.1127;0.107000001;0.123400003;0.130099997;0.143099993;0.0845;0.134800002;0.171200007;0.153200001;0.118199997;0.110200003;0.116700001;0.118000001;0.122699998;0.084899999;0.1184;0.137999997;0.125300005;0.141000003;0.119599998;0.122199997
141016.6;0.737200022;0.732200027;0.728600025;0.727199972;0.701699972;0.699800014;0.704200029;0.716499984;0.085500002;0.413700014;0.453799993;0.505900025;0.437900007;0.421299994;0.407400012;0.4102;0.404300004;0.080700003;0.106700003;0.177900001;0.162300006;0.181999996;0.169;0.1822;0.122000001;0.139799997;0.0788;0.684599996;0.712400019;0.694599986;0.699899971;0.696399987;0.69749999;0.773100019;0.706499994;0.085600004;0.384600013;0.419800013;0.415899992;0.409999996;0.417800009;0.412;0.412;0.413599998;0.081299998;0.1074;0.169799998;0.153400004;0.122199997;0.115599997;0.129099995;0.129899994;0.147699997;0.0801;0.675899982;0.721199989;0.718400002;0.715799987;0.722100019;0.738099992;0.770399988;0.743799984;0.085699998;0.37349999;0.422199994;0.429500014;0.421499997;0.427399993;0.4278;0.430099994;0.419699997;0.080300003;0.092399999;0.114600003;0.101599999;0.114;0.108400002;0.125;0.127100006;0.138799995;0.079400003;0.1171;0.150399998;0.155599996;0.119900003;0.110399999;0.119199999;0.119900003;0.135000005;0.086800002;0.120499998;0.139899999;0.126900002;0.143099993;0.120999999;0.124399997
141616.7;0.733500004;0.731000006;0.727900028;0.726400018;0.700999975;0.696399987;0.701799989;0.714999974;0.085500002;0.413700014;0.455300003;0.509199977;0.433899999;0.42050001;0.411000013;0.410899997;0.407099992;0.080700003;0.1065;0.177399993;0.163200006;0.181899995;0.169100001;0.183200002;0.122100003;0.140000001;0.0788;0.680499971;0.711499989;0.694299996;0.699299991;0.6954;0.697099984;0.773500025;0.706499994;0.085600004;0.378800005;0.419;0.415899992;0.409200013;0.417499989;0.41170001;0.41139999;0.413800001;0.081299998;0.107600003;0.168699995;0.154899999;0.121799998;0.115500003;0.129199997;0.129999995;0.147599995;0.079999998;0.670700014;0.718699992;0.716099977;0.713;0.720300019;0.736000001;0.768400013;0.742399991;0.085500002;0.371699989;0.421499997;0.427599996;0.4199;0.425300002;0.426699996;0.42930001;0.423799992;0.080200002;0.092200004;0.114600003;0.101499997;0.114100002;0.108400002;0.124899998;0.127100006;0.138600007;0.079300001;0.116700001;0.150299996;0.156800002;0.1197;0.117799997;0.118900001;0.119599998;0.127599999;0.086599998;0.119499996;0.138699993;0.126499996;0.142199993;0.120399997;0.128900006
142216.9;0.728100002;0.729399979;0.726100028;0.723999977;0.698899984;0.693599999;0.699899971;0.713999987;0.085500002;0.415199995;0.458200008;0.512399971;0.430200011;0.420899987;0.406199992;0.410100013;0.406899989;0.080700003;0.106600001;0.177699998;0.163399994;0.182699993;0.1699;0.184100002;0.122100003;0.140200004;0.0788;0.674399972;0.708299994;0.690400004;0.695900023;0.691999972;0.693899989;0.772199988;0.704100013;0.085699998;0.377999991;0.418500006;0.415499985;0.408899993;0.416700006;0.4102;0.410600007;0.413399994;0.0814;0.107900001;0.168599993;0.154400006;0.122299999;0.115900002;0.129899994;0.130500004;0.147599995;0.080300003;0.667599976;0.719299972;0.717400014;0.71390003;0.721800029;0.736400008;0.770099998;0.744000018;0.085699998;0.370700002;0.42019999;0.427100003;0.418799996;0.424699992;0.428799987;0.428299993;0.422699988;0.080499999;0.092500001;0.115199998;0.1021;0.114600003;0.108900003;0.125400007;0.127700001;0.138699993;0.079400003;0.117399998;0.151099995;0.157600001;0.119599998;0.141900003;0.119199999;0.1197;0.124600001;0.086800002;0.119800001;0.138400003;0.127399996;0.141599998;0.120899998;0.125
142816.9;0.724699974;0.729600012;0.727199972;0.72329998;0.69749999;0.692200005;0.697899997;0.713699996;0.085500002;0.414600015;0.460000008;0.512199998;0.429699987;0.418099999;0.410600007;0.40990001;0.406699985;0.080799997;0.106600001;0.177900001;0.162799999;0.182899997;0.170399994;0.184200004;0.122299999;0.140499994;0.078900002;0.670400023;0.707799971;0.690699995;0.695299983;0.691900015;0.693799973;0.772499979;0.703599989;0.085900001;0.375;0.414900005;0.413100004;0.407700002;0.416099995;0.40959999;0.40990001;0.411900014;0.081600003;0.108199999;0.168799996;0.155900002;0.122299999;0.116099998;0.130099997;0.130899996;0.147799999;0.080499999;0.662400007;0.716799974;0.714699984;0.711899996;0.719399989;0.732900023;0.766900003;0.740800023;0.086000003;0.368699998;0.4199;0.425000012;0.417100012;0.423000008;0.424299985;0.425799996;0.41960001;0.080600001;0.092900001;0.115699999;0.102600001;0.1149;0.109399997;0.126000002;0.128199995;0.138999999;0.079999998;0.118199997;0.152099997;0.158700004;0.1303;0.114299998;0.119400002;0.119900003;0.124300003;0.087099999;0.120200001;0.138400003;0.126900002;0.1417;0.1215;0.127000004
143417;0.720700026;0.729099989;0.726499975;0.722299993;0.696099997;0.691699982;0.69690001;0.713699996;0.085600004;0.414499998;0.460200012;0.513899982;0.429100007;0.416000009;0.403400004;0.408699989;0.405200005;0.080799997;0.106899999;0.178800002;0.163000003;0.183200002;0.171399996;0.185000002;0.122100003;0.140499994;0.078900002;0.665499985;0.707199991;0.689899981;0.694500029;0.690900028;0.692799985;0.771600008;0.701799989;0.086000003;0.373400003;0.410600007;0.411500007;0.406300008;0.414900005;0.409000009;0.408699989;0.411599994;0.081699997;0.108099997;0.170000002;0.156000003;0.122400001;0.116099998;0.130099997;0.130999997;0.148000002;0.080600001;0.656799972;0.715900004;0.71329999;0.709999979;0.717299998;0.73180002;0.767799973;0.742200017;0.086099997;0.368099988;0.422300011;0.425599992;0.416500002;0.423700005;0.424699992;0.425500005;0.42050001;0.080799997;0.093199998;0.115699999;0.102700002;0.1149;0.109700002;0.126200005;0.128600001;0.139200002;0.079700001;0.118299998;0.152500004;0.158899993;0.133399993;0.112499997;0.119800001;0.120300002;0.1259;0.087399997;0.120300002;0.138699993;0.127399996;0.141399994;0.1219;0.124700002
144017.1;0.717899978;0.729499996;0.726599991;0.721700013;0.693300009;0.692399979;0.697300017;0.71329999;0.085500002;0.414600015;0.462399989;0.515799999;0.429500014;0.420300007;0.41080001;0.4102;0.406899989;0.080799997;0.107199997;0.178299993;0.162;0.182400003;0.171399996;0.184100002;0.122500002;0.140400007;0.079099998;0.661199987;0.705799997;0.689300001;0.693700016;0.690800011;0.690800011;0.773000002;0.700600028;0.086000003;0.372500002;0.41080001;0.412499994;0.406899989;0.414900005;0.408800006;0.408699989;0.412200004;0.081699997;0.107900001;0.170300007;0.155300006;0.122599997;0.116300002;0.1303;0.131099999;0.1479;0.080700003;0.652999997;0.715300024;0.711899996;0.708800018;0.715900004;0.732500017;0.767099977;0.740400016;0.086300001;0.367199987;0.419999987;0.425000012;0.416000009;0.422500014;0.422199994;0.424199998;0.418799996;0.080899999;0.0933;0.115900002;0.102799997;0.115000002;0.109700002;0.126499996;0.128999993;0.139200002;0.079899997;0.119099997;0.153400004;0.158999994;0.123599999;0.115900002;0.119999997;0.120200001;0.146200001;0.087499999;0.120200001;0.138699993;0.127499998;0.1417;0.122199997;0.125400007
144617.1;0.715699971;0.728999972;0.725799978;0.721199989;0.693099976;0.692300022;0.698899984;0.713999987;0.0854;0.413500011;0.460500002;0.512700021;0.429699987;0.415899992;0.402700007;0.407599986;0.403499991;0.080300003;0.106899999;0.178100005;0.161599994;0.182799995;0.171299994;0.184900001;0.121699996;0.139699996;0.078199998;0.656599998;0.703800023;0.687399983;0.691500008;0.689300001;0.689599991;0.772499979;0.699500024;0.085000001;0.374900013;0.411799997;0.409500003;0.405499995;0.413500011;0.405999988;0.407400012;0.409000009;0.080700003;0.107299998;0.170499995;0.153799996;0.1215;0.115099996;0.129199997;0.129800007;0.146500006;0.079300001;0.648500025;0.714999974;0.712199986;0.711399972;0.717700005;0.730700016;0.767499983;0.7403;0.084799998;0.3653;0.418799996;0.423200011;0.415699989;0.420700014;0.423099995;0.429500014;0.423299998;0.079499997;0.091700003;0.114500001;0.101300001;0.113600001;0.108099997;0.124899998;0.127800003;0.138099998;0.080200002;0.126000002;0.162200004;0.157000005;0.126599997;0.115500003;0.117899999;0.118699998;0.122699998;0.086000003;0.119400002;0.138099998;0.126300007;0.140699998;0.120800003;0.123599999
145217;0.711700022;0.726899981;0.72240001;0.718299985;0.691100001;0.690100014;0.697300017;0.711099982;0.0854;0.408600003;0.451900005;0.504299998;0.43599999;0.416500002;0.405999988;0.405999988;0.402999997;0.080200002;0.106600001;0.178000003;0.162599996;0.182899997;0.170000002;0.184300005;0.121699996;0.139899999;0.077799998;0.652100027;0.703299999;0.686399996;0.691200018;0.689100027;0.690299988;0.774999976;0.704599977;0.084700003;0.377400011;0.412600011;0.409799993;0.404199988;0.412499994;0.406100005;0.407799989;0.4111;0.081200004;0.1105;0.174400002;0.154699996;0.120999999;0.114200003;0.128600001;0.129299998;0.146400005;0.0788;0.643299997;0.715200007;0.713199973;0.71359998;0.718800008;0.727999985;0.764599979;0.737900019;0.084200002;0.36469999;0.418099999;0.423400015;0.417400002;0.421099991;0.422600001;0.43810001;0.42899999;0.078900002;0.090999998;0.114;0.100500003;0.113499999;0.107500002;0.124799997;0.132100001;0.144400001;0.084600002;0.136999995;0.172000006;0.154699996;0.116700001;0.115500003;0.116700001;0.118299998;0.144400001;0.085000001;0.119099997;0.138500005;0.1259;0.141200006;0.119900003;0.123800002
145817.1;0.707700014;0.727400005;0.722199976;0.718100011;0.690400004;0.690100014;0.697099984;0.711199999;0.085500002;0.406800002;0.449099988;0.504999995;0.433499992;0.41870001;0.404300004;0.405900002;0.401499987;0.080600001;0.1065;0.178399995;0.164199993;0.183500007;0.169;0.184699997;0.122400001;0.140900001;0.078599997;0.647499979;0.702400029;0.68599999;0.689599991;0.68809998;0.687099993;0.771200001;0.69690001;0.085600004;0.375400007;0.415699989;0.411599994;0.405800015;0.413800001;0.407599986;0.407900006;0.411199987;0.081299998;0.107500002;0.165800005;0.156299993;0.122400001;0.115699999;0.130099997;0.130700007;0.148200005;0.0801;0.638599992;0.711099982;0.707700014;0.7051;0.711700022;0.727100015;0.764999986;0.738200009;0.085600004;0.365799993;0.421400011;0.425700009;0.418500006;0.423599988;0.423900008;0.425399989;0.415300012;0.080300003;0.092200004;0.115000002;0.101800002;0.114100002;0.1083;0.126000002;0.128600001;0.140200004;0.079000004;0.117799997;0.150900006;0.157600001;0.127299994;0.110200003;0.118900001;0.119999997;0.123499997;0.0867;0.120800003;0.140400007;0.127599999;0.142800003;0.121299997;0.1241
146417.2;0.705500007;0.728699982;0.723100007;0.719099998;0.691900015;0.691999972;0.696399987;0.709399998;0.085500002;0.408199996;0.453099996;0.514900029;0.428799987;0.416200012;0.405299991;0.405000001;0.401300013;0.080700003;0.106700003;0.177100003;0.163599998;0.182799995;0.169499993;0.185100004;0.122500002;0.141399994;0.078599997;0.64319998;0.702199996;0.685100019;0.688499987;0.686500013;0.686399996;0.770699978;0.695800006;0.085600004;0.371899992;0.41170001;0.41080001;0.405099988;0.413199991;0.406599998;0.406699985;0.410100013;0.081299998;0.107500002;0.166199997;0.156499997;0.122100003;0.115599997;0.1303;0.131200001;0.149000004;0.0801;0.634500027;0.710600019;0.706700027;0.70389998;0.710200012;0.727100015;0.763400018;0.736400008;0.085600004;0.362800002;0.419400007;0.423099995;0.415800005;0.421499997;0.41929999;0.423999995;0.41839999;0.080200002;0.092200004;0.1153;0.101899996;0.114299998;0.108599998;0.126300007;0.128600001;0.140000001;0.079000004;0.117799997;0.151999995;0.158600003;0.119400002;0.109899998;0.119000003;0.1197;0.124499999;0.0867;0.120099999;0.139699996;0.127200007;0.141900003;0.121600002;0.123999998
147017.3;0.702499986;0.728399992;0.723800004;0.718200028;0.691799998;0.694700003;0.696399987;0.710500002;0.085500002;0.408300012;0.457599998;0.514699996;0.42719999;0.414299995;0.405099988;0.406300008;0.40259999;0.080799997;0.106899999;0.177200004;0.164199993;0.182999998;0.169699997;0.185299993;0.1228;0.1417;0.079099998;0.638800025;0.701399982;0.684199989;0.687900007;0.685599983;0.685000002;0.771499991;0.695299983;0.0858;0.367700011;0.407999992;0.409000009;0.404100001;0.41170001;0.405800015;0.405999988;0.409200013;0.081600003;0.107600003;0.166700006;0.157100007;0.122599997;0.116400003;0.130899996;0.131500006;0.148800001;0.080399998;0.631299973;0.710900009;0.706900001;0.704400003;0.711199999;0.728399992;0.764299989;0.736000001;0.086000003;0.361499995;0.417600006;0.421499997;0.414400011;0.42019999;0.422199994;0.423400015;0.417199999;0.080600001;0.092500001;0.115699999;0.102600001;0.114699997;0.108999997;0.126499996;0.128800005;0.139699996;0.079700001;0.118199997;0.152199998;0.159700006;0.120099999;0.115699999;0.119599998;0.120099999;0.124600001;0.087099999;0.120499998;0.139300004;0.127200007;0.1417;0.1219;0.125
147617.3;0.698499978;0.728500009;0.723200023;0.718500018;0.693000019;0.69660002;0.693599999;0.710399985;0.085500002;0.409000009;0.457199991;0.517199993;0.422699988;0.412499994;0.402399987;0.404799998;0.400900006;0.080799997;0.107100002;0.178299993;0.164800003;0.183699995;0.170100003;0.185800001;0.1228;0.142000005;0.079099998;0.63440001;0.700500011;0.683000028;0.68690002;0.684899986;0.684700012;0.771300018;0.693199992;0.086000003;0.3662;0.406399995;0.407400012;0.403200001;0.411300004;0.404700011;0.404700011;0.409299999;0.081699997;0.107500002;0.166999996;0.156599998;0.1228;0.116599999;0.131300002;0.131899998;0.149399996;0.080600001;0.627200007;0.710799992;0.706200004;0.703000009;0.709599972;0.726999998;0.764699996;0.737800002;0.086199999;0.360599995;0.418300003;0.421499997;0.413700014;0.42050001;0.418900013;0.422600001;0.417600006;0.080799997;0.092799999;0.1162;0.102799997;0.115199998;0.109499998;0.126800001;0.129299998;0.140000001;0.079999998;0.118600003;0.152500004;0.1602;0.127700001;0.130500004;0.119999997;0.1206;0.141499996;0.087499999;0.1206;0.139699996;0.127900004;0.142000005;0.122400001;0.125200003
148217.4;0.695200026;0.726300001;0.722299993;0.716400027;0.690199971;0.694800019;0.692399979;0.707799971;0.085199997;0.406800002;0.458900005;0.515699983;0.421099991;0.412099987;0.402399987;0.403400004;0.398400009;0.079899997;0.1065;0.1778;0.163599998;0.183699995;0.169699997;0.185900003;0.121600002;0.140900001;0.077600002;0.628199995;0.698400021;0.681200027;0.684599996;0.682299972;0.683099985;0.769599974;0.691200018;0.084299996;0.363099992;0.398299992;0.404500008;0.399500012;0.407799989;0.400900006;0.401600003;0.404599994;0.079899997;0.105999999;0.1655;0.155000001;0.120800003;0.114299998;0.129199997;0.129700005;0.146400005;0.078299999;0.621900022;0.709100008;0.704400003;0.700800002;0.708800018;0.725000024;0.762000024;0.735300004;0.083300002;0.35620001;0.410699993;0.418300003;0.409799993;0.415800005;0.419099987;0.418500006;0.412600011;0.078199998;0.090300001;0.113499999;0.100000001;0.112300001;0.106600001;0.123999998;0.126300007;0.136899993;0.076700002;0.1153;0.149900004;0.157100007;0.118100002;0.1197;0.116599999;0.117299996;0.122699998;0.084200002;0.117299996;0.136199996;0.124799997;0.138600007;0.119499996;0.122599997
148817.4;0.693000019;0.727800012;0.7227;0.717199981;0.691500008;0.695100009;0.693899989;0.709299982;0.0854;0.406500012;0.452100009;0.512799978;0.425099999;0.412600011;0.399800003;0.40290001;0.399800003;0.080399998;0.106600001;0.177599996;0.164399996;0.184400007;0.169200003;0.186299995;0.122299999;0.141599998;0.078100003;0.626600027;0.699899971;0.682799995;0.685800016;0.684000015;0.683899999;0.772000015;0.692799985;0.085000001;0.369500011;0.409000009;0.405999988;0.40110001;0.40959999;0.40290001;0.403600007;0.407599986;0.080600001;0.108199999;0.169599995;0.1558;0.122100003;0.115500003;0.130099997;0.130700007;0.147200003;0.079300001;0.619499981;0.709299982;0.706099987;0.704599977;0.710900009;0.724399984;0.763300002;0.736199975;0.084600002;0.356900007;0.412299991;0.419099987;0.410400003;0.416599989;0.416299999;0.427899987;0.421700001;0.079400003;0.091300003;0.114699997;0.101000004;0.113499999;0.107699998;0.125300005;0.127700001;0.139300004;0.080700003;0.128999993;0.163900003;0.157499999;0.121399999;0.125200003;0.117899999;0.118799999;0.123000003;0.085600004;0.119199999;0.138500005;0.127000004;0.141200006;0.121100001;0.126499996
149417.5;0.691299975;0.726899981;0.722500026;0.715900004;0.689199984;0.690900028;0.694100022;0.708400011;0.0854;0.403299987;0.451700002;0.507300019;0.428499997;0.412099987;0.403200001;0.40169999;0.393999994;0.080300003;0.106399998;0.177399993;0.165800005;0.184;0.168500006;0.187099993;0.122900002;0.141800001;0.078199998;0.622500002;0.698599994;0.682299972;0.684899986;0.683399975;0.681699991;0.771600008;0.690500021;0.084899999;0.370299995;0.409700006;0.405400008;0.4014;0.408800006;0.402999997;0.40290001;0.407000005;0.080600001;0.108400002;0.167999998;0.1567;0.122299999;0.115400001;0.129999995;0.130600005;0.147799999;0.079000004;0.614799976;0.708999991;0.705600023;0.70599997;0.711399972;0.724399984;0.764500022;0.737299979;0.084299996;0.356999993;0.414200008;0.419499993;0.412099987;0.417499989;0.421600014;0.433999985;0.426299989;0.079000004;0.0911;0.114600003;0.100699998;0.113200001;0.107299998;0.125100002;0.127599999;0.139899999;0.082199998;0.133399993;0.167999998;0.157100007;0.119199999;0.115199998;0.117700003;0.118600003;0.122000001;0.085199997;0.119999997;0.139300004;0.126800001;0.141299993;0.1206;0.126000002
150017.6;0.68720001;0.725499988;0.721099973;0.713199973;0.686399996;0.6875;0.691500008;0.704699993;0.085600004;0.400700003;0.448700011;0.510200024;0.431100011;0.414200008;0.398900002;0.403100014;0.398299992;0.080700003;0.106799997;0.177300006;0.166600004;0.183599994;0.167799994;0.1875;0.123199999;0.142900005;0.0788;0.617799997;0.697700024;0.681100011;0.684599996;0.682600021;0.682200015;0.770299971;0.689899981;0.085600004;0.371699989;0.410299987;0.406800002;0.402799994;0.410400003;0.405299991;0.404300004;0.407700002;0.0814;0.107000001;0.165700004;0.158399999;0.123400003;0.116499998;0.131600007;0.132200003;0.149499997;0.080300003;0.612100005;0.710600019;0.704100013;0.702300012;0.707799971;0.7245;0.762799978;0.735700011;0.0858;0.35769999;0.414299995;0.421799988;0.414600015;0.419499993;0.417400002;0.432500005;0.420700014;0.080499999;0.092600003;0.116300002;0.102200001;0.1149;0.108999997;0.127000004;0.1294;0.141499996;0.079599999;0.127700001;0.154699996;0.159099996;0.120999999;0.117200002;0.119599998;0.1206;0.124200001;0.086999997;0.121699996;0.1417;0.128199995;0.1435;0.122299999;0.1285
150617.7;0.684400022;0.725000024;0.721199989;0.711499989;0.6875;0.691399992;0.692200005;0.704100013;0.085600004;0.403299987;0.454699993;0.51700002;0.423999995;0.412600011;0.405000001;0.4023;0.400099993;0.080700003;0.106799997;0.177300006;0.167400002;0.183500007;0.168699995;0.189300001;0.123199999;0.143399999;0.0788;0.613799989;0.69749999;0.681200027;0.685100019;0.683000028;0.681800008;0.770200014;0.68900001;0.085600004;0.365099996;0.410299987;0.406100005;0.402799994;0.40990001;0.404599994;0.403299987;0.408199996;0.081299998;0.107100002;0.166199997;0.1602;0.123000003;0.116499998;0.131699994;0.132200003;0.149499997;0.0801;0.60799998;0.709200025;0.702799976;0.699299991;0.706200004;0.7245;0.765399992;0.738699973;0.085600004;0.35679999;0.41929999;0.422500014;0.414299995;0.42050001;0.421900004;0.422699988;0.417400002;0.080300003;0.092100002;0.115699999;0.101999998;0.1149;0.108900003;0.127000004;0.129099995;0.141000003;0.079300001;0.116999999;0.151099995;0.160699993;0.119800001;0.110299997;0.119400002;0.120200001;0.124499999;0.0867;0.120999999;0.140100002;0.127700001;0.142100006;0.122100003;0.125
151217.7;0.683200002;0.725899994;0.722800016;0.712000012;0.688499987;0.691999972;0.693700016;0.705600023;0.085500002;0.406199992;0.464899987;0.528900027;0.422899991;0.412200004;0.400200009;0.403600007;0.397799999;0.080799997;0.107199997;0.178299993;0.168200001;0.184900001;0.170399994;0.190400004;0.1237;0.143600002;0.079099998;0.610499978;0.697600007;0.680800021;0.685000002;0.681900024;0.680899978;0.769900024;0.688300014;0.085900001;0.362399995;0.406399995;0.404799998;0.401499987;0.409299999;0.404000014;0.40259999;0.407999992;0.081600003;0.107600003;0.167799994;0.1611;0.123300001;0.116899997;0.132300004;0.132799998;0.149499997;0.080399998;0.605000019;0.708899975;0.702700019;0.699000001;0.706200004;0.724699974;0.765999973;0.738900006;0.086000003;0.355800003;0.41870001;0.420100003;0.412600011;0.418500006;0.417800009;0.422199994;0.417400002;0.080600001;0.092699997;0.116300002;0.102600001;0.115599997;0.1096;0.127499998;0.129600003;0.140900001;0.0801;0.118000001;0.152400002;0.161899999;0.123599999;0.111500002;0.119999997;0.120499998;0.135399997;0.087300003;0.120999999;0.139400005;0.128600001;0.141399994;0.122599997;0.125300005
151817.8;0.680899978;0.725000024;0.722100019;0.711000025;0.687699974;0.690400004;0.693300009;0.70539999;0.085199997;0.407200009;0.461400002;0.530300021;0.419999987;0.408399999;0.402700007;0.401800007;0.398900002;0.079999998;0.106700003;0.178499997;0.168200001;0.185399994;0.171200007;0.190400004;0.122299999;0.142700002;0.077799998;0.60589999;0.69599998;0.680700004;0.685299993;0.681200027;0.681500018;0.769500017;0.688499987;0.0845;0.360500008;0.402099997;0.403100014;0.399899989;0.407499999;0.401800007;0.400599986;0.406199992;0.0801;0.106799997;0.168300003;0.159199998;0.1219;0.115199998;0.130799994;0.131300002;0.147599995;0.078699999;0.601599991;0.710300028;0.703199983;0.699500024;0.707099974;0.725199997;0.761399984;0.734700024;0.084100001;0.352100015;0.410600007;0.416000009;0.409000009;0.415199995;0.416200012;0.419499993;0.415199995;0.0788;0.090700001;0.114600003;0.100900002;0.113700002;0.107699998;0.125400007;0.127700001;0.1382;0.077699997;0.116499998;0.151299998;0.159600005;0.119199999;0.1105;0.1175;0.118299998;0.124899998;0.085199997;0.119099997;0.136700004;0.125499994;0.138799995;0.120499998;0.123300001
152417.9;0.679199994;0.726800025;0.723500013;0.711300015;0.689999998;0.689899981;0.694500029;0.703599989;0.085299999;0.407000005;0.459899992;0.522499979;0.425199986;0.410400003;0.398600012;0.401499987;0.396600008;0.080399998;0.107199997;0.179900005;0.168899998;0.186700001;0.170100003;0.190899998;0.1228;0.143000007;0.078299999;0.602299988;0.69660002;0.680700004;0.685899973;0.682299972;0.682200015;0.771600008;0.688199997;0.084899999;0.363200009;0.402700007;0.402999997;0.399500012;0.406800002;0.400900006;0.400299996;0.405900002;0.080600001;0.108199999;0.171000004;0.159799993;0.122199997;0.115500003;0.131099999;0.131699994;0.148399994;0.0792;0.59920001;0.710500002;0.705200016;0.703199983;0.710600019;0.725799978;0.765299976;0.738399982;0.084399998;0.352299988;0.409500003;0.417299986;0.410299987;0.416599989;0.418099999;0.426800013;0.421400011;0.0792;0.090999998;0.115000002;0.101099998;0.114;0.108000003;0.125699997;0.128199995;0.1391;0.079899997;0.126599997;0.162;0.159099996;0.128199995;0.110799998;0.117700003;0.118900001;0.1228;0.085600004;0.119599998;0.138600007;0.126000002;0.141000003;0.121600002;0.124799997
153018;0.678600013;0.727299988;0.723800004;0.71359998;0.692600012;0.693199992;0.69599998;0.705299973;0.0854;0.405699998;0.45570001;0.515299976;0.428600013;0.412999988;0.403600007;0.4014;0.398200005;0.080399998;0.106700003;0.179399997;0.170200005;0.185800001;0.166899994;0.190699995;0.123300001;0.143700004;0.078400001;0.600700021;0.698099971;0.683099985;0.688899994;0.684599996;0.684700012;0.774999976;0.691500008;0.085000001;0.3653;0.406699985;0.403899997;0.400099993;0.407200009;0.401499987;0.4005;0.406300008;0.080899999;0.108400002;0.170900002;0.159500003;0.122500002;0.115699999;0.131200001;0.131400004;0.148499995;0.079099998;0.595099986;0.709800005;0.70389998;0.703700006;0.709900022;0.724600017;0.764999986;0.738099992;0.084299996;0.353199989;0.416900009;0.420100003;0.412600011;0.419099987;0.417299986;0.432900012;0.425399989;0.0792;0.090800002;0.1149;0.100900002;0.113799997;0.1074;0.125799999;0.127900004;0.139500007;0.081600003;0.131600007;0.165999994;0.158299997;0.1237;0.136500001;0.1175;0.118900001;0.122500002;0.085199997;0.1197;0.139699996;0.125499994;0.141800001;0.121200003;0.125599995
153618.1;0.675499976;0.727199972;0.723100007;0.710600019;0.689599991;0.687699974;0.692300022;0.701399982;0.085500002;0.403299987;0.453900009;0.518100023;0.427300006;0.413899988;0.399500012;0.400999993;0.395099998;0.080700003;0.106700003;0.179100007;0.170599997;0.185499996;0.1655;0.190899998;0.123899996;0.144700006;0.078900002;0.596300006;0.69660002;0.682500005;0.687900007;0.683300018;0.683600008;0.771899998;0.688799977;0.085600004;0.364499986;0.407299995;0.404399991;0.400999993;0.407499999;0.402099997;0.400700003;0.406800002;0.081299998;0.106899999;0.166199997;0.160799995;0.123499997;0.116800003;0.132499993;0.1329;0.149299994;0.080200002;0.591899991;0.709299982;0.702099979;0.697799981;0.705900013;0.723999977;0.765600026;0.739000022;0.085600004;0.353599995;0.416599989;0.421299994;0.413599998;0.420100003;0.420300007;0.422399998;0.415199995;0.080300003;0.091899998;0.115800001;0.101899996;0.1149;0.108499996;0.127200007;0.1294;0.141499996;0.079499997;0.117299996;0.1505;0.160600007;0.120099999;0.111400001;0.1193;0.120499998;0.1382;0.086800002;0.120399997;0.140599996;0.128000006;0.142800003;0.122599997;0.125599995
154218.1;0.672599971;0.726700008;0.723399997;0.710300028;0.690900028;0.688899994;0.694199979;0.701699972;0.085600004;0.404799998;0.459800005;0.525399983;0.422699988;0.41170001;0.399599999;0.400299996;0.398400009;0.080799997;0.106799997;0.178599998;0.170699999;0.185499996;0.166299999;0.192900002;0.1241;0.145199999;0.079000004;0.592100024;0.696399987;0.682200015;0.687099993;0.682799995;0.683000028;0.770900011;0.688499987;0.0858;0.361499995;0.403600007;0.403100014;0.399599999;0.407499999;0.40079999;0.398999989;0.405999988;0.081600003;0.107100002;0.167300001;0.162100002;0.123999998;0.117200002;0.133200005;0.1338;0.150000006;0.080399998;0.590300024;0.711899996;0.703800023;0.700100005;0.707499981;0.726499975;0.765999973;0.738799989;0.085900001;0.352400005;0.416000009;0.4199;0.411799997;0.418599993;0.417499989;0.421499997;0.417499989;0.080600001;0.092299998;0.116499998;0.102499999;0.115699999;0.109499998;0.127700001;0.129800007;0.141299993;0.079999998;0.117700003;0.151600003;0.161699995;0.1237;0.112999998;0.119800001;0.120800003;0.125499994;0.087099999;0.120300002;0.140000001;0.128700003;0.142299995;0.1228;0.131099999
154818.1;0.670899987;0.726800025;0.724099994;0.711399972;0.692399979;0.68900001;0.69569999;0.705299973;0.085500002;0.407099992;0.463800013;0.527899981;0.420599997;0.411000013;0.40200001;0.40110001;0.397599995;0.080799997;0.106899999;0.178900003;0.1708;0.185299993;0.166800007;0.193299994;0.124399997;0.145500004;0.0792;0.590200007;0.697600007;0.684000015;0.688600004;0.684199989;0.683799982;0.773100019;0.688799977;0.086000003;0.358399987;0.405299991;0.402200013;0.398999989;0.407599986;0.401499987;0.399100006;0.405400008;0.081799999;0.107100002;0.168599993;0.163000003;0.124300003;0.117700003;0.133699998;0.134200007;0.150000006;0.080700003;0.587300003;0.710699975;0.702799976;0.699000001;0.706499994;0.726800025;0.766799986;0.74089998;0.086400002;0.351999998;0.417400002;0.419999987;0.41170001;0.419099987;0.419499993;0.421099991;0.418099999;0.081;0.093099996;0.117299996;0.103299998;0.116400003;0.110200003;0.128199995;0.130400002;0.141599998;0.080499999;0.1184;0.152600005;0.162599996;0.121699996;0.112099998;0.120399997;0.121200003;0.127299994;0.087700002;0.120499998;0.140000001;0.128800005;0.142399997;0.123499997;0.127200007
155418.5;0.670099974;0.726800025;0.725000024;0.710699975;0.692900002;0.693000019;0.696399987;0.70569998;0.085299999;0.406899989;0.46509999;0.527700007;0.423299998;0.41080001;0.397599995;0.400900006;0.395000011;0.080300003;0.106600001;0.179000005;0.170100003;0.186000004;0.167699993;0.193000004;0.123800002;0.144600004;0.078199998;0.585799992;0.696500003;0.682099998;0.686399996;0.681999981;0.682699978;0.772599995;0.688399971;0.085000001;0.359800011;0.403600007;0.400200009;0.397399992;0.405499995;0.400099993;0.398200005;0.404199988;0.080700003;0.106600001;0.168899998;0.1611;0.123099998;0.116300002;0.132300004;0.132599995;0.148200005;0.079400003;0.583800018;0.709100008;0.701600015;0.698700011;0.706900001;0.726499975;0.766799986;0.740700006;0.084700003;0.349799991;0.414299995;0.416299999;0.409399986;0.415499985;0.415899992;0.421299994;0.418799996;0.079599999;0.091399997;0.115699999;0.101599999;0.114799999;0.1087;0.126800001;0.128900006;0.139599994;0.078599997;0.122599997;0.159400001;0.159999996;0.117899999;0.126499996;0.118299998;0.1193;0.129500002;0.086099997;0.119400002;0.138699993;0.126300007;0.141299993;0.122100003;0.124799997
156018.5;0.66900003;0.727500021;0.726400018;0.711499989;0.691500008;0.691900015;0.696399987;0.70569998;0.0854;0.404100001;0.455799997;0.521300018;0.428200006;0.410699993;0.4014;0.399300009;0.396899998;0.080399998;0.106399998;0.1787;0.170499995;0.1866;0.165800005;0.193399996;0.123800002;0.144600004;0.078100003;0.583400011;0.696399987;0.684599996;0.68809998;0.683899999;0.683899999;0.773800015;0.689899981;0.084899999;0.365399987;0.404399991;0.401199996;0.397500008;0.405999988;0.399800003;0.398099989;0.404500008;0.080499999;0.107500002;0.170399994;0.159899995;0.123199999;0.115800001;0.131899998;0.132200003;0.147699997;0.079000004;0.582000017;0.710900009;0.703800023;0.703499973;0.708299994;0.726199985;0.7676;0.741400003;0.084200002;0.349000007;0.412499994;0.418000013;0.40959999;0.416099995;0.415300012;0.425500005;0.418799996;0.079099998;0.091200002;0.115400001;0.101099998;0.114100002;0.107799999;0.126300007;0.128399998;0.139500007;0.079300001;0.127000004;0.162699997;0.158899993;0.120999999;0.111699998;0.117399998;0.118900001;0.125400007;0.085299999;0.118900001;0.139300004;0.1259;0.141299993;0.121600002;0.125799999
156618.6;0.666499972;0.726199985;0.725799978;0.710600019;0.690599978;0.692499995;0.694800019;0.704599977;0.0854;0.40169999;0.451299995;0.514900029;0.431100011;0.412900001;0.399100006;0.399500012;0.396299988;0.080600001;0.106299996;0.178000003;0.170599997;0.185100004;0.163499996;0.192100003;0.124700002;0.145500004;0.078599997;0.580200016;0.694299996;0.683899999;0.68599999;0.682699978;0.684000015;0.773999989;0.689800024;0.085500002;0.3671;0.406699985;0.401800007;0.398400009;0.405800015;0.399800003;0.397100002;0.404599994;0.081299998;0.106399998;0.166700006;0.159199998;0.124600001;0.117299996;0.133300006;0.133599997;0.149299994;0.0801;0.579900026;0.710600019;0.703199983;0.700999975;0.707499981;0.727199972;0.769200027;0.74180001;0.085600004;0.350800008;0.413700014;0.41960001;0.412400007;0.41839999;0.417400002;0.424299985;0.413399994;0.080300003;0.092299998;0.116700001;0.102300003;0.115599997;0.109300002;0.128299996;0.130400002;0.141599998;0.079300001;0.118100002;0.151600003;0.159999996;0.129299998;0.119099997;0.119400002;0.120800003;0.125799999;0.087099999;0.120899998;0.141499996;0.127299994;0.143199995;0.122900002;0.127000004
157218.7;0.664200008;0.727500021;0.725399971;0.711300015;0.690599978;0.693300009;0.695599973;0.704900026;0.085500002;0.400299996;0.454899997;0.523500025;0.423999995;0.4111;0.397700012;0.398000002;0.392399997;0.080700003;0.106700003;0.178599998;0.171200007;0.185299993;0.163399994;0.193399996;0.124300003;0.145799994;0.078599997;0.578400016;0.694000006;0.684700012;0.686200023;0.683200002;0.683700025;0.773400009;0.689800024;0.085600004;0.361900002;0.406599998;0.40259999;0.398400009;0.405499995;0.400000006;0.397500008;0.405499995;0.081299998;0.106899999;0.166600004;0.160699993;0.123800002;0.116400003;0.133300006;0.133900002;0.149599999;0.0801;0.577700019;0.711000025;0.70389998;0.700999975;0.707300007;0.726000011;0.767700016;0.74150002;0.085600004;0.350400001;0.411599994;0.419699997;0.412699997;0.41960001;0.418199986;0.421700001;0.414600015;0.080300003;0.092;0.1162;0.1021;0.1153;0.108999997;0.128199995;0.130700007;0.142399997;0.079099998;0.117700003;0.151899993;0.161500007;0.121100001;0.111100003;0.119099997;0.120499998;0.131200001;0.086900003;0.120200001;0.140000001;0.128399998;0.1426;0.123099998;0.124300003
157818.8;0.662599981;0.728200018;0.726000011;0.712199986;0.694999993;0.693300009;0.6954;0.705299973;0.085500002;0.402999997;0.461800009;0.529299974;0.420599997;0.411000013;0.401199996;0.399300009;0.395999998;0.080799997;0.107100002;0.1787;0.171100006;0.185499996;0.163599998;0.194000006;0.124200001;0.145799994;0.079000004;0.575900018;0.694599986;0.684099972;0.686999977;0.683000028;0.683099985;0.774100006;0.688399971;0.085900001;0.3574;0.404799998;0.4023;0.398200005;0.405499995;0.400299996;0.397300005;0.405200005;0.081699997;0.106899999;0.168300003;0.161699995;0.124200001;0.116999999;0.134000003;0.134399995;0.150000006;0.080600001;0.575500011;0.712800026;0.704699993;0.701799989;0.708199978;0.729799986;0.766499996;0.741299987;0.086000003;0.349700004;0.414799988;0.419099987;0.412299991;0.419;0.419099987;0.421999991;0.415300012;0.080799997;0.092299998;0.116499998;0.102499999;0.115900002;0.1096;0.1285;0.130500004;0.142100006;0.079800002;0.118199997;0.152199998;0.162499994;0.122000001;0.1184;0.119900003;0.121100001;0.150800005;0.087399997;0.1206;0.139899999;0.128600001;0.142199993;0.123400003;0.125100002
158418.7;0.663699985;0.73089999;0.728900015;0.715799987;0.699299991;0.699000001;0.698499978;0.708100021;0.085500002;0.404700011;0.464899987;0.528999984;0.415399998;0.406699985;0.396200001;0.398000002;0.394800007;0.080300003;0.106399998;0.179100007;0.171200007;0.1866;0.164299995;0.194299996;0.123400003;0.145099998;0.078400001;0.575800002;0.698400021;0.685800016;0.690299988;0.685800016;0.685000002;0.777400017;0.690999985;0.085100003;0.354699999;0.402500004;0.400099993;0.396600008;0.403699994;0.398699999;0.395999998;0.404000014;0.080799997;0.106399998;0.168200001;0.160500005;0.122599997;0.115699999;0.132799998;0.133399993;0.149100006;0.079400003;0.574000001;0.71420002;0.70450002;0.702199996;0.708400011;0.731000006;0.771300018;0.744300008;0.084899999;0.34799999;0.412;0.416399986;0.409299999;0.416599989;0.415699989;0.419;0.41080001;0.079599999;0.090999998;0.115400001;0.101400003;0.114600003;0.1083;0.127499998;0.129600003;0.140699998;0.078699999;0.117200002;0.151500002;0.160799995;0.127299994;0.116400003;0.118299998;0.119800001;0.127000004;0.086199999;0.118699998;0.138799995;0.127700001;0.140799999;0.122199997;0.126800001
159018.7;0.661599994;0.730799973;0.727900028;0.716099977;0.698300004;0.697300017;0.699699998;0.707499981;0.0854;0.40169999;0.455500007;0.521399975;0.422399998;0.408399999;0.396400005;0.397599995;0.394199997;0.080300003;0.106700003;0.179800004;0.171000004;0.186700001;0.164000005;0.193299994;0.123099998;0.144899994;0.078199998;0.572399974;0.695800006;0.685299993;0.690400004;0.68720001;0.685000002;0.77640003;0.690400004;0.084899999;0.359800011;0.4005;0.400000006;0.395799994;0.403100014;0.398299992;0.394600004;0.402999997;0.080600001;0.106399998;0.168200001;0.159600005;0.122100003;0.1149;0.132300004;0.133000001;0.149200007;0.079099998;0.570800006;0.71420002;0.70569998;0.703700006;0.709100008;0.728699982;0.76819998;0.741599977;0.084399998;0.346500009;0.413300008;0.416200012;0.408499986;0.416000009;0.413899988;0.423000008;0.412900001;0.0792;0.090599999;0.1149;0.100699998;0.113799997;0.107799999;0.127100006;0.129199997;0.141100004;0.078100003;0.123199999;0.158600003;0.159700006;0.123099998;0.109700002;0.117200002;0.119199999;0.123300001;0.085600004;0.118299998;0.139699996;0.129299998;0.141399994;0.121699996;0.123000003
159618.8;0.659799993;0.731299996;0.727699995;0.714900017;0.699599981;0.6972;0.700500011;0.707799971;0.0854;0.401199996;0.452499986;0.520500004;0.426699996;0.408699989;0.397799999;0.397000015;0.392800003;0.080399998;0.106700003;0.178800002;0.171499997;0.186100006;0.162400007;0.191499993;0.123400003;0.145300001;0.078100003;0.569899976;0.698099971;0.686800003;0.692099988;0.688499987;0.686399996;0.777499974;0.692099988;0.085000001;0.362699986;0.40290001;0.40079999;0.396600008;0.404199988;0.398499995;0.395999998;0.403400004;0.080600001;0.107299998;0.166600004;0.157900006;0.122400001;0.115000002;0.132200003;0.133000001;0.149399996;0.079099998;0.569299996;0.714600027;0.704900026;0.704900026;0.708899975;0.729600012;0.769999981;0.743799984;0.084299996;0.347299993;0.413700014;0.418199986;0.410600007;0.417499989;0.416700006;0.426999986;0.417600006;0.0792;0.090999998;0.1149;0.100500003;0.113399997;0.107199997;0.127200007;0.129199997;0.141100004;0.0779;0.125100002;0.157199994;0.158700004;0.124499999;0.112300001;0.117200002;0.119199999;0.123400003;0.085500002;0.117799997;0.139699996;0.128700003;0.141200006;0.121399999;0.123599999
160218.9;0.655799985;0.729700029;0.727900028;0.715900004;0.701300025;0.695599973;0.703199983;0.708100021;0.0854;0.399599999;0.455799997;0.51789999;0.424199998;0.407599986;0.397300005;0.396600008;0.391400009;0.080700003;0.106200002;0.178200006;0.171499997;0.185900003;0.160999998;0.190300003;0.123999998;0.1461;0.078900002;0.567200005;0.698300004;0.685400009;0.690199971;0.685599983;0.684800029;0.777800024;0.689999998;0.085600004;0.359899998;0.402500004;0.399599999;0.396200001;0.403600007;0.398999989;0.395200014;0.404100001;0.081600003;0.1065;0.1655;0.157900006;0.123899996;0.116599999;0.133599997;0.134399995;0.150099993;0.080300003;0.568199992;0.717100024;0.70599997;0.705299973;0.710399985;0.732599974;0.771600008;0.745700002;0.085699998;0.3495;0.414200008;0.42050001;0.412299991;0.42019999;0.418099999;0.421099991;0.411599994;0.080499999;0.091899998;0.116099998;0.101899996;0.115199998;0.108599998;0.128600001;0.130500004;0.142900005;0.079300001;0.117200002;0.1505;0.160500005;0.121200003;0.141399994;0.119400002;0.120899998;0.127599999;0.087099999;0.119599998;0.141599998;0.129099995;0.143199995;0.123000003;0.127100006
160818.9;0.654500008;0.731899977;0.729799986;0.71509999;0.702199996;0.693400025;0.704699993;0.707700014;0.085500002;0.400000006;0.461199999;0.526899993;0.418900013;0.406599998;0.395700008;0.396899998;0.393000007;0.080799997;0.106700003;0.178299993;0.171900004;0.186199993;0.161899999;0.192200005;0.123999998;0.1461;0.078900002;0.564100027;0.698800027;0.685500026;0.689700007;0.685699999;0.685699999;0.777999997;0.690699995;0.085699998;0.355399996;0.405099988;0.400000006;0.395700008;0.403899997;0.398799986;0.395000011;0.403600007;0.081500001;0.107199997;0.166600004;0.160400003;0.123599999;0.116400003;0.133900002;0.134499997;0.150099993;0.080399998;0.565599978;0.714999974;0.70539999;0.703700006;0.710600019;0.732200027;0.771499991;0.745800018;0.0858;0.347900003;0.413899988;0.419099987;0.411599994;0.418199986;0.419699997;0.421499997;0.415600002;0.080600001;0.092;0.116300002;0.1021;0.115599997;0.108800001;0.128999993;0.131099999;0.142800003;0.079800002;0.117799997;0.151899993;0.161899999;0.120300002;0.109399997;0.119599998;0.120800003;0.130899996;0.087200001;0.119800001;0.140599996;0.129500002;0.142299995;0.123099998;0.126499996
161419;0.654600024;0.733099997;0.731100023;0.719500005;0.70539999;0.694100022;0.704699993;0.709699988;0.085299999;0.401800007;0.4648;0.533900023;0.415100008;0.405499995;0.396299988;0.396600008;0.393900007;0.080200002;0.106299996;0.179100007;0.171000004;0.186299995;0.162699997;0.193299994;0.123400003;0.144999996;0.078000002;0.562900007;0.699699998;0.687900007;0.690699995;0.687600017;0.686999977;0.779299974;0.691900015;0.0845;0.350100011;0.400000006;0.396400005;0.392800003;0.400700003;0.396100014;0.3917;0.401300013;0.080200002;0.105400003;0.167099997;0.159999996;0.122100003;0.1149;0.132200003;0.1329;0.148399994;0.078699999;0.562699974;0.714399993;0.704699993;0.702799976;0.709599972;0.73360002;0.771099985;0.744300008;0.083899997;0.344199985;0.409399986;0.414299995;0.406500012;0.414799988;0.414499998;0.416500002;0.411900014;0.078699999;0.0898;0.114200003;0.0999;0.113499999;0.107000001;0.126599997;0.128900006;0.140200004;0.0779;0.115699999;0.149900004;0.159799993;0.118900001;0.110699996;0.117299996;0.118500002;0.133499995;0.085000001;0.117399998;0.137899995;0.126699999;0.139699996;0.1206;0.123400003
162019;0.653800011;0.733699977;0.731299996;0.718400002;0.704100013;0.694800019;0.705500007;0.709800005;0.085299999;0.402399987;0.463999987;0.526899993;0.419400007;0.406599998;0.397199988;0.395500004;0.39230001;0.080300003;0.1065;0.179000005;0.172099993;0.187000006;0.163599998;0.1928;0.123499997;0.145400003;0.078299999;0.560599983;0.699999988;0.687900007;0.691100001;0.690500021;0.689199984;0.780399978;0.694000006;0.084899999;0.354699999;0.399899989;0.396600008;0.39289999;0.401600003;0.397100002;0.393099993;0.401300013;0.080600001;0.106200002;0.168099999;0.159999996;0.122599997;0.115199998;0.132699996;0.133399993;0.149000004;0.0792;0.562399983;0.716499984;0.708800018;0.706399977;0.712400019;0.734200001;0.773699999;0.747099996;0.0845;0.344300002;0.412099987;0.415399998;0.408699989;0.415499985;0.413800001;0.4208;0.414700001;0.079400003;0.090999998;0.115400001;0.101000004;0.114200003;0.107900001;0.127700001;0.129700005;0.141100004;0.078400001;0.122599997;0.159199998;0.159500003;0.119400002;0.110200003;0.117600001;0.119400002;0.127299994;0.085900001;0.118699998;0.140100002;0.126599997;0.141499996;0.1219;0.123300001
162619.1;0.652999997;0.734899998;0.73269999;0.720399976;0.705500007;0.699899971;0.707300007;0.712700009;0.085299999;0.401499987;0.453599989;0.523500025;0.421900004;0.407000005;0.395799994;0.394899994;0.392100006;0.080399998;0.1065;0.179000005;0.172399998;0.186299995;0.161500007;0.190300003;0.123899996;0.145999998;0.078199998;0.560500026;0.703000009;0.692399979;0.692399979;0.696200013;0.691799998;0.782599986;0.694800019;0.084799998;0.357600003;0.40259999;0.397500008;0.39379999;0.402200013;0.398200005;0.393099993;0.401899993;0.080600001;0.107199997;0.167400002;0.157700002;0.122699998;0.115500003;0.133000001;0.133499995;0.148800001;0.079099998;0.560199976;0.715799987;0.710300028;0.70660001;0.712199986;0.734499991;0.774800003;0.747699976;0.084299996;0.344199985;0.4111;0.416000009;0.408600003;0.415399998;0.413399994;0.423400015;0.414700001;0.079099998;0.090800002;0.115599997;0.1008;0.114;0.107600003;0.127800003;0.129800007;0.142100006;0.078199998;0.125699997;0.159299999;0.158800006;0.134000003;0.113700002;0.117399998;0.119199999;0.127599999;0.085500002;0.117700003;0.140400007;0.126300007;0.1417;0.121399999;0.124899998
163219.2;0.648800015;0.735000014;0.732900023;0.719200015;0.704999983;0.698800027;0.70630002;0.712899983;0.0854;0.398600012;0.456200004;0.51849997;0.422699988;0.406699985;0.393000007;0.39379999;0.390700012;0.080600001;0.106299996;0.179100007;0.172600001;0.186399996;0.160600007;0.187299997;0.124200001;0.146699995;0.0788;0.556599975;0.699800014;0.693599999;0.689899981;0.696399987;0.692700028;0.781700015;0.693799973;0.085500002;0.360700011;0.403899997;0.398600012;0.394800007;0.402700007;0.398499995;0.393299997;0.403100014;0.0814;0.1065;0.1664;0.157100007;0.123599999;0.1162;0.134100005;0.134599999;0.149599999;0.080200002;0.559099972;0.718500018;0.711899996;0.707400024;0.712599993;0.735099971;0.777499974;0.750500023;0.0858;0.346100003;0.412;0.417800009;0.410699993;0.417199999;0.416500002;0.418500006;0.409299999;0.080399998;0.091899998;0.116599999;0.101999998;0.1153;0.108800001;0.1294;0.131200001;0.143700004;0.079899997;0.117700003;0.1514;0.159899995;0.120899998;0.110299997;0.119400002;0.121200003;0.129299998;0.087200001;0.119800001;0.142700002;0.1285;0.143700004;0.1228;0.125100002
163819.3;0.647400022;0.735599995;0.73299998;0.720200002;0.707099974;0.702099979;0.70660001;0.71390003;0.085500002;0.400099993;0.457500011;0.526799977;0.417199999;0.404599994;0.394400001;0.393599987;0.391000003;0.080799997;0.106399998;0.178399995;0.172700003;0.186199993;0.160699993;0.188899994;0.124499999;0.147400007;0.078900002;0.555100024;0.700500011;0.693300009;0.690100014;0.695299983;0.694400012;0.780900002;0.692499995;0.085699998;0.355399996;0.40200001;0.397799999;0.3935;0.402500004;0.397899985;0.392500013;0.402200013;0.0814;0.106600001;0.1655;0.158800006;0.123899996;0.116499998;0.134499997;0.135100007;0.150099993;0.080300003;0.556999981;0.718599975;0.711799979;0.707300007;0.713100016;0.737100005;0.775300026;0.750500023;0.0858;0.345499992;0.411799997;0.417400002;0.409999996;0.416799992;0.417499989;0.41870001;0.413199991;0.080499999;0.091799997;0.116400003;0.101899996;0.115400001;0.108900003;0.129099995;0.131099999;0.143099993;0.079700001;0.1171;0.150800005;0.160999998;0.128700003;0.1131;0.119599998;0.121200003;0.130799994;0.087200001;0.119599998;0.141800001;0.128900006;0.143099993;0.122699998;0.125599995
164419.3;0.645299971;0.736500025;0.733500004;0.718699992;0.706200004;0.704200029;0.703400016;0.711700022;0.085500002;0.40169999;0.46509999;0.531700015;0.412699997;0.402200013;0.395000011;0.393700004;0.391200006;0.080600001;0.106700003;0.178599998;0.173099995;0.187099993;0.161899999;0.190799996;0.124499999;0.147;0.078599997;0.55339998;0.703000009;0.694400012;0.691900015;0.69630003;0.695900023;0.782000005;0.694100022;0.085299999;0.352100015;0.398200005;0.396100014;0.392199993;0.40169999;0.396600008;0.391400009;0.401499987;0.081;0.106600001;0.166899994;0.159999996;0.123099998;0.115999997;0.134000003;0.134599999;0.149599999;0.079499997;0.555100024;0.719799995;0.713199973;0.708100021;0.711799979;0.738499999;0.77579999;0.750100017;0.084799998;0.343400002;0.412099987;0.415300012;0.407499999;0.414400011;0.415399998;0.415399998;0.411000013;0.079700001;0.090899996;0.115800001;0.101300001;0.1149;0.108199999;0.128299996;0.1303;0.142000005;0.078900002;0.116499998;0.150900006;0.1602;0.120899998;0.114;0.1184;0.1197;0.130199999;0.085900001;0.118199997;0.139500007;0.127900004;0.140799999;0.121399999;0.126399994
165019.4;0.64410001;0.736899972;0.73299998;0.721599996;0.709200025;0.707499981;0.706200004;0.713400006;0.085299999;0.403100014;0.46450001;0.531199992;0.414499998;0.400900006;0.393400013;0.3917;0.389499992;0.080300003;0.1065;0.179000005;0.172800004;0.188099995;0.162699997;0.190799996;0.1237;0.146599993;0.078199998;0.551299989;0.704299986;0.6954;0.691299975;0.6954;0.69599998;0.782999992;0.694299996;0.084899999;0.353599995;0.397899985;0.394699991;0.390899986;0.40079999;0.396299988;0.390500009;0.400400013;0.080799997;0.1061;0.167500004;0.158099994;0.1228;0.115599997;0.133699998;0.134499997;0.149100006;0.079300001;0.554199994;0.721400023;0.713800013;0.709299982;0.713800013;0.740700006;0.778199971;0.752200007;0.084700003;0.342200011;0.410100013;0.414200008;0.405800015;0.413300008;0.412699997;0.414799988;0.410699993;0.079400003;0.090800002;0.115699999;0.101099998;0.114699997;0.1083;0.128299996;0.130099997;0.141599998;0.0788;0.1171;0.154300004;0.159700006;0.119900003;0.1096;0.118299998;0.119800001;0.124399997;0.086000003;0.118900001;0.140599996;0.126800001;0.141499996;0.121799998;0.125799999
165619.5;0.642499983;0.738600016;0.734300017;0.722500026;0.710200012;0.704999983;0.70539999;0.714900017;0.0854;0.399599999;0.460900009;0.524600029;0.421200007;0.403499991;0.393299997;0.391900003;0.388599992;0.080399998;0.1065;0.179100007;0.172600001;0.1884;0.162900001;0.189099997;0.123999998;0.146799996;0.078299999;0.549600005;0.704999983;0.69749999;0.691999972;0.698300004;0.698000014;0.783800006;0.695599973;0.085000001;0.358599991;0.395300001;0.395999998;0.39199999;0.401199996;0.396100014;0.389999986;0.400000006;0.080799997;0.106299996;0.166700006;0.157199994;0.123099998;0.115400001;0.133599997;0.134399995;0.149200007;0.079300001;0.552399993;0.722299993;0.715300024;0.709699988;0.713400006;0.739899993;0.778100014;0.751699984;0.084600002;0.341899991;0.409000009;0.414200008;0.406399995;0.412800014;0.41080001;0.415399998;0.407400012;0.079400003;0.090899996;0.115699999;0.1008;0.114399999;0.107900001;0.128399998;0.1303;0.142100006;0.078400001;0.1162;0.1505;0.159099996;0.121299997;0.108900003;0.117899999;0.119599998;0.127900004;0.085699998;0.118199997;0.141299993;0.127299994;0.142299995;0.121799998;0.124200001
166219.5;0.641200006;0.738399982;0.735499978;0.723200023;0.710300028;0.707599998;0.708400011;0.717899978;0.0854;0.398699999;0.457700014;0.521899998;0.422699988;0.404199988;0.391900003;0.391200006;0.387800008;0.080399998;0.106200002;0.179000005;0.173199996;0.187099993;0.162100002;0.186800003;0.124499999;0.146899998;0.078299999;0.548900008;0.705900013;0.698700011;0.693199992;0.698800027;0.698700011;0.785000026;0.697000027;0.085100003;0.358399987;0.40079999;0.395000011;0.39199999;0.40110001;0.396400005;0.390199989;0.400599986;0.080700003;0.105999999;0.165600002;0.155300006;0.123000003;0.115500003;0.133900002;0.134599999;0.148900002;0.079300001;0.551299989;0.722899973;0.71509999;0.710399985;0.715300024;0.74180001;0.782599986;0.755699992;0.0845;0.342900008;0.408899993;0.415399998;0.408100009;0.414600015;0.412499994;0.415399998;0.406500012;0.079400003;0.090800002;0.115999997;0.100900002;0.114500001;0.107900001;0.128700003;0.130799994;0.1426;0.078599997;0.1162;0.149700001;0.158700004;0.118600003;0.1241;0.117899999;0.1197;0.125699997;0.085699998;0.118500002;0.141599998;0.127200007;0.142399997;0.121399999;0.1241
166819.6;0.640399992;0.740499973;0.738499999;0.723800004;0.711700022;0.710399985;0.708299994;0.718400002;0.0854;0.398200005;0.45449999;0.521499991;0.423099995;0.403699994;0.391400009;0.390700012;0.388099998;0.080700003;0.106399998;0.178900003;0.173600003;0.187299997;0.161500007;0.185900003;0.125100002;0.148000002;0.078699999;0.546800017;0.706200004;0.699199975;0.693400025;0.698599994;0.699500024;0.78549999;0.697000027;0.085500002;0.359299988;0.403100014;0.396299988;0.3926;0.40110001;0.395900011;0.390399992;0.400599986;0.0814;0.106700003;0.1646;0.154400006;0.124300003;0.116499998;0.135199994;0.135600001;0.150199994;0.080200002;0.550000012;0.724699974;0.716000021;0.712400019;0.717299998;0.742999971;0.781199992;0.754599988;0.085699998;0.343800008;0.412299991;0.415300012;0.408199996;0.414499998;0.411300004;0.414600015;0.407000005;0.080399998;0.092;0.116700001;0.101899996;0.115699999;0.108999997;0.130199999;0.131799996;0.143800005;0.079499997;0.116899997;0.150099993;0.159999996;0.127399996;0.1127;0.119599998;0.121299997;0.126699999;0.087300003;0.119800001;0.142900005;0.128099993;0.143800005;0.1228;0.125300005
167419.7;0.637399971;0.741100013;0.739600003;0.725099981;0.712300003;0.711199999;0.707899988;0.719399989;0.085500002;0.398499995;0.459300011;0.531599998;0.416299999;0.401600003;0.391299993;0.391200006;0.388700008;0.080799997;0.106399998;0.179000005;0.174199998;0.187800005;0.161699995;0.187099993;0.125;0.148200005;0.079000004;0.545599997;0.70660001;0.699899971;0.693099976;0.698700011;0.698899984;0.78490001;0.697700024;0.0858;0.353199989;0.4005;0.394800007;0.391299993;0.399800003;0.394699991;0.388999999;0.399599999;0.081500001;0.106399998;0.164700001;0.1567;0.124300003;0.116999999;0.135199994;0.136000007;0.150399998;0.080399998;0.547800004;0.721700013;0.71359998;0.711099982;0.717499971;0.744000018;0.782500029;0.757000029;0.085900001;0.343800008;0.411799997;0.414799988;0.408100009;0.414099991;0.413700014;0.415899992;0.4102;0.080700003;0.092100002;0.116899997;0.102200001;0.116099998;0.109399997;0.1303;0.132100001;0.143999994;0.079899997;0.117399998;0.150800005;0.161400005;0.120399997;0.1228;0.120399997;0.121299997;0.142199993;0.087399997;0.119800001;0.142100006;0.129299998;0.143199995;0.123000003;0.1259
168019.9;0.637600005;0.744000018;0.742900014;0.727299988;0.715200007;0.713800013;0.709599972;0.721300006;0.085299999;0.4014;0.46450001;0.53549999;0.412400007;0.398799986;0.389699996;0.390399992;0.387400001;0.080300003;0.106200002;0.179299995;0.173899993;0.187600002;0.162499994;0.188800007;0.124499999;0.147499993;0.078299999;0.54430002;0.708899975;0.701900005;0.694800019;0.702000022;0.699599981;0.787199974;0.699500024;0.085100003;0.350300014;0.393999994;0.392800003;0.390199989;0.399100006;0.394400001;0.387899995;0.398699999;0.080799997;0.105800003;0.165600002;0.157000005;0.123099998;0.115900002;0.134499997;0.135499999;0.149399996;0.079499997;0.546700001;0.724399984;0.715200007;0.712800026;0.717599988;0.746800005;0.784500003;0.75819999;0.085000001;0.342599988;0.409700006;0.412900001;0.405499995;0.412299991;0.410899997;0.413800001;0.408499986;0.079700001;0.091300003;0.116599999;0.101599999;0.115400001;0.1087;0.129199997;0.131099999;0.142299995;0.079099998;0.116800003;0.151199996;0.160400003;0.119400002;0.109899998;0.119199999;0.120099999;0.126800001;0.086499996;0.118100002;0.140799999;0.128000006;0.1417;0.122100003;0.125
168620;0.637399971;0.744499981;0.744400024;0.730199993;0.716400027;0.715900004;0.712800026;0.722100019;0.0854;0.400099993;0.461699992;0.532299995;0.415899992;0.400099993;0.390399992;0.390500009;0.387499988;0.080399998;0.106399998;0.1796;0.174099997;0.188500002;0.163000003;0.187000006;0.124300003;0.147499993;0.078299999;0.542699993;0.710300028;0.703499973;0.69569999;0.702099979;0.701099992;0.787699997;0.701300025;0.085000001;0.354400009;0.395700008;0.3917;0.389999986;0.398299992;0.3935;0.388300002;0.397599995;0.080799997;0.105999999;0.166500002;0.155499995;0.123199999;0.115699999;0.134200007;0.135000005;0.149399996;0.079300001;0.54460001;0.725899994;0.717000008;0.71390003;0.718299985;0.746800005;0.785000026;0.757700026;0.084600002;0.341199994;0.408399999;0.41170001;0.405000001;0.410899997;0.408699989;0.4111;0.403899997;0.079700001;0.090999998;0.116300002;0.101199999;0.1149;0.108099997;0.129099995;0.131099999;0.142199993;0.078400001;0.116099998;0.150199994;0.159700006;0.124399997;0.109200001;0.118600003;0.119900003;0.125499994;0.086000003;0.119099997;0.141000003;0.127800003;0.142199993;0.121699996;0.1259
169220;0.635299981;0.744000018;0.745000005;0.729600012;0.716499984;0.713100016;0.713699996;0.7227;0.0854;0.397599995;0.457800001;0.527899981;0.419699997;0.400900006;0.391499996;0.390399992;0.387199998;0.080499999;0.106700003;0.180299997;0.174600005;0.188600004;0.162900001;0.183799997;0.124399997;0.147699997;0.078299999;0.541700006;0.711199999;0.704100013;0.696399987;0.700500011;0.701799989;0.787999988;0.702000022;0.085000001;0.355100006;0.396200001;0.392699987;0.390199989;0.398400009;0.39379999;0.388599992;0.398600012;0.080799997;0.1061;0.165700004;0.154400006;0.123199999;0.115400001;0.134399995;0.135100007;0.149499997;0.079400003;0.543299973;0.727699995;0.718599975;0.715499997;0.720200002;0.746999979;0.787199974;0.760399997;0.084600002;0.341699988;0.407099992;0.412900001;0.406199992;0.411900014;0.409399986;0.411900014;0.404900014;0.079499997;0.090999998;0.115900002;0.100900002;0.114600003;0.107900001;0.129299998;0.131200001;0.142900005;0.078400001;0.1162;0.150700003;0.159700006;0.119099997;0.108800001;0.118500002;0.1197;0.133499995;0.086000003;0.1184;0.141499996;0.127900004;0.142299995;0.121699996;0.126599997
169820.1;0.634500027;0.745999992;0.747399986;0.7324;0.719600022;0.715200007;0.716099977;0.724600017;0.0854;0.397700012;0.458400011;0.527100027;0.419699997;0.399800003;0.391499996;0.390100002;0.387400001;0.080499999;0.106600001;0.180099994;0.174600005;0.188899994;0.161300004;0.181099996;0.124399997;0.148300007;0.078500003;0.540300012;0.713100016;0.706900001;0.697399974;0.700800002;0.701799989;0.788600028;0.702799976;0.085100003;0.356299996;0.398799986;0.393700004;0.391099989;0.398999989;0.394300014;0.389200002;0.398600012;0.080899999;0.105999999;0.164399996;0.153200001;0.123199999;0.115400001;0.134599999;0.135299996;0.149299994;0.079300001;0.542699993;0.727400005;0.719799995;0.715799987;0.721199989;0.749100029;0.787100017;0.759599984;0.084600002;0.341399997;0.405800015;0.41139999;0.405900002;0.411199987;0.408800006;0.411500007;0.404300004;0.079499997;0.090700001;0.115900002;0.100900002;0.114699997;0.107900001;0.129600003;0.131400004;0.143099993;0.078699999;0.1162;0.149800003;0.159700006;0.124300003;0.109800003;0.118799999;0.119999997;0.126499996;0.086099997;0.118500002;0.1417;0.128000006;0.142399997;0.121600002;0.124399997
170420.2;0.633099973;0.747699976;0.74849999;0.733699977;0.721000016;0.716600001;0.719699979;0.725899994;0.0854;0.397100002;0.457300007;0.524999976;0.420300007;0.399300009;0.390799999;0.389999986;0.386700004;0.080600001;0.1065;0.179399997;0.174500003;0.188199997;0.161300004;0.180199996;0.124600001;0.148399994;0.078500003;0.538900018;0.713199973;0.706099987;0.697399974;0.699999988;0.701600015;0.789099991;0.703299999;0.085100003;0.356599987;0.398900002;0.3935;0.391099989;0.399300009;0.394300014;0.388300002;0.398999989;0.080799997;0.105499998;0.163399994;0.152999997;0.1237;0.115599997;0.134900004;0.135700002;0.149499997;0.079400003;0.541899979;0.730599999;0.722500026;0.719299972;0.723399997;0.752200007;0.788399994;0.760699987;0.084600002;0.341699988;0.408699989;0.412499994;0.406199992;0.412299991;0.409099996;0.412099987;0.406899989;0.079499997;0.090800002;0.115999997;0.1008;0.114699997;0.107799999;0.129700005;0.131300002;0.143099993;0.078500003;0.115500003;0.149299994;0.159899995;0.126399994;0.1096;0.118699998;0.119999997;0.125699997;0.0858;0.118900001;0.141399994;0.127900004;0.142499998;0.121600002;0.1237
171020.2;0.630900025;0.745899975;0.746500015;0.733099997;0.720300019;0.716199994;0.717999995;0.726300001;0.0854;0.395900011;0.458600014;0.525300026;0.419699997;0.399800003;0.389699996;0.389699996;0.386299998;0.080399998;0.106200002;0.179000005;0.174600005;0.187900007;0.161300004;0.180000007;0.124399997;0.148599997;0.078400001;0.537999988;0.714299977;0.70539999;0.697300017;0.700699985;0.701900005;0.788699985;0.703299999;0.085100003;0.356999993;0.398600012;0.39230001;0.390899986;0.398299992;0.393599987;0.387199998;0.397899985;0.080799997;0.105300002;0.163499996;0.153300002;0.123099998;0.115199998;0.1347;0.136000007;0.149499997;0.079300001;0.539600015;0.728299975;0.720499992;0.716700017;0.721800029;0.751299977;0.789300025;0.762600005;0.0845;0.342000008;0.41170001;0.412200004;0.405900002;0.411300004;0.409099996;0.412099987;0.405499995;0.079400003;0.090700001;0.115800001;0.100699998;0.114600003;0.107900001;0.129800007;0.131500006;0.143700004;0.078699999;0.115699999;0.149599999;0.159999996;0.119400002;0.108999997;0.119099997;0.119800001;0.129999995;0.0858;0.118500002;0.1417;0.128000006;0.142499998;0.121699996;0.126599997
171620.1;0.629700005;0.746200025;0.747900009;0.733099997;0.720099986;0.715499997;0.716600001;0.726599991;0.085500002;0.395000011;0.459500015;0.527899981;0.418900013;0.398600012;0.388799995;0.388799995;0.385800004;0.080799997;0.1065;0.178599998;0.174799994;0.187000006;0.162;0.181299999;0.125300005;0.149299994;0.078900002;0.536599994;0.715600014;0.706700027;0.69690001;0.700600028;0.702199996;0.789499998;0.703700006;0.085600004;0.355500013;0.398400009;0.392500013;0.390799999;0.397799999;0.3926;0.386599988;0.397799999;0.081500001;0.105999999;0.163900003;0.154899999;0.124600001;0.116499998;0.136099994;0.136999995;0.150800005;0.080399998;0.539099991;0.73089999;0.722800016;0.720700026;0.725099981;0.753300011;0.788999975;0.762399971;0.0858;0.342799991;0.4111;0.412800014;0.406399995;0.412499994;0.410299987;0.412800014;0.408600003;0.080600001;0.092100002;0.117200002;0.1021;0.116300002;0.109300002;0.131400004;0.133000001;0.144999996;0.079999998;0.116800003;0.150999993;0.162100002;0.124799997;0.119999997;0.120899998;0.121399999;0.126699999;0.087399997;0.119900003;0.143000007;0.130400002;0.143700004;0.1237;0.127599999
172220.2;0.629700005;0.749300003;0.75150001;0.737299979;0.722500026;0.718400002;0.718200028;0.728200018;0.0854;0.395399988;0.463099986;0.538500011;0.411300004;0.396699995;0.388099998;0.387499988;0.384799987;0.080600001;0.107000001;0.179299995;0.174899995;0.187800005;0.163800001;0.184300005;0.124700002;0.148399994;0.078400001;0.53549999;0.714600027;0.708400011;0.698099971;0.700999975;0.703000009;0.789200008;0.705200016;0.085299999;0.349099994;0.39410001;0.390899986;0.389299989;0.396200001;0.391299993;0.386400014;0.396200001;0.081;0.106200002;0.164900005;0.155699998;0.123199999;0.115400001;0.135199994;0.136099994;0.149700001;0.079599999;0.53640002;0.730099976;0.721300006;0.720000029;0.72420001;0.754100025;0.789399981;0.762799978;0.084799998;0.340900004;0.406500012;0.410299987;0.404700011;0.410100013;0.408499986;0.41139999;0.405499995;0.079700001;0.090800002;0.115900002;0.100900002;0.115099996;0.108199999;0.129800007;0.131799996;0.143199995;0.078400001;0.116499998;0.150299996;0.161500007;0.120200001;0.109399997;0.1197;0.119800001;0.1259;0.086099997;0.1184;0.140599996;0.1294;0.141599998;0.1228;0.124499999
172820.3;0.628000021;0.747600019;0.751600027;0.733900011;0.722599983;0.719200015;0.719200015;0.729300022;0.0854;0.397500008;0.4648;0.536199987;0.410299987;0.396200001;0.387100011;0.387100011;0.383899987;0.080399998;0.106899999;0.180399999;0.175699994;0.189600006;0.1646;0.184400007;0.123999998;0.1479;0.078299999;0.53549999;0.715799987;0.709599972;0.700800002;0.703499973;0.703800023;0.790099978;0.707199991;0.085100003;0.348500013;0.3917;0.389899999;0.387800008;0.395200014;0.390500009;0.384900004;0.395500004;0.080799997;0.106200002;0.165999994;0.155900002;0.122900002;0.115099996;0.134900004;0.136000007;0.149800003;0.079499997;0.536300004;0.73299998;0.724600017;0.723200023;0.726599991;0.756799996;0.791800022;0.764800012;0.084799998;0.340299994;0.403699994;0.409399986;0.402999997;0.409099996;0.407000005;0.40990001;0.404199988;0.079700001;0.090700001;0.115900002;0.101000004;0.115099996;0.108000003;0.129999995;0.131799996;0.143600002;0.078500003;0.116800003;0.150900006;0.1611;0.1219;0.112199999;0.119400002;0.119999997;0.127100006;0.086400002;0.118299998;0.140799999;0.128600001;0.142000005;0.123400003;0.124899998
173420.3;0.628700018;0.750500023;0.753799975;0.737100005;0.725600004;0.722500026;0.720899999;0.731599987;0.0854;0.396800011;0.459399998;0.532999992;0.414099991;0.397500008;0.388099998;0.386999995;0.384000003;0.080499999;0.106600001;0.180600002;0.175999999;0.189400002;0.163299993;0.181500003;0.124499999;0.148300007;0.078500003;0.536000013;0.719900012;0.713400006;0.704299986;0.708000004;0.706900001;0.792599976;0.709399998;0.085199997;0.34920001;0.396100014;0.390500009;0.388599992;0.396100014;0.391499996;0.38530001;0.396100014;0.080899999;0.106200002;0.165399998;0.155399993;0.123099998;0.1153;0.134900004;0.136000007;0.149800003;0.079499997;0.534799993;0.73180002;0.723100007;0.721899986;0.726199985;0.757300019;0.795300007;0.768000007;0.084899999;0.340600014;0.407400012;0.410400003;0.403200001;0.409500003;0.406899989;0.409200013;0.40169999;0.079700001;0.090599999;0.115999997;0.1008;0.114799999;0.107900001;0.129899994;0.131699994;0.143700004;0.078400001;0.116499998;0.149700001;0.160699993;0.121200003;0.110600002;0.119199999;0.119999997;0.126300007;0.086199999;0.117899999;0.141599998;0.128700003;0.142299995;0.123400003;0.123199999
174020.4;0.627600014;0.752699971;0.755400002;0.737100005;0.725899994;0.723500013;0.722100019;0.732299984;0.0854;0.394800007;0.462799996;0.531300008;0.415199995;0.397799999;0.388000011;0.386200011;0.3829;0.080499999;0.106700003;0.179499999;0.175699994;0.188099995;0.163399994;0.181099996;0.124499999;0.148800001;0.078400001;0.533800006;0.720000029;0.712300003;0.702600002;0.707099974;0.709100008;0.791199982;0.708000004;0.085100003;0.350400001;0.396899998;0.390399992;0.388200015;0.395799994;0.391000003;0.385699987;0.395900011;0.080899999;0.105999999;0.164499998;0.154799998;0.123199999;0.1153;0.135000005;0.136099994;0.149800003;0.079499997;0.533999979;0.732800007;0.723100007;0.721300006;0.726999998;0.758099973;0.796899974;0.770399988;0.084700003;0.340799987;0.410100013;0.410400003;0.404700011;0.409299999;0.408300012;0.409399986;0.403499991;0.079599999;0.090599999;0.116300002;0.100900002;0.114799999;0.107799999;0.130199999;0.132400006;0.144099995;0.078699999;0.115999997;0.149700001;0.160099998;0.137199998;0.1391;0.118900001;0.119900003;0.128600001;0.086000003;0.117899999;0.142000005;0.128900006;0.142399997;0.123499997;0.123899996
174620.5;0.626699984;0.755100012;0.75819999;0.735899985;0.726599991;0.723200023;0.723100007;0.734099984;0.085500002;0.396299988;0.463800013;0.530799985;0.41929999;0.398400009;0.389099985;0.386700004;0.384000003;0.080499999;0.106700003;0.179299995;0.175099999;0.187800005;0.163000003;0.180600002;0.124799997;0.148599997;0.078500003;0.532800019;0.720200002;0.713699996;0.704100013;0.709200025;0.710300028;0.792800009;0.709100008;0.085000001;0.351900011;0.397799999;0.390100002;0.387800008;0.395900011;0.390300006;0.384299994;0.395300001;0.080799997;0.105599999;0.163299993;0.154699996;0.123499997;0.1153;0.134900004;0.136099994;0.150099993;0.079300001;0.532800019;0.7324;0.723100007;0.721000016;0.726499975;0.759000003;0.796199977;0.770299971;0.0845;0.34040001;0.407599986;0.409799993;0.404199988;0.408899993;0.406800002;0.409000009;0.404500008;0.079400003;0.090400003;0.115900002;0.100699998;0.114699997;0.107699998;0.1303;0.132100001;0.144299999;0.078400001;0.116099998;0.149599999;0.160300002;0.119800001;0.1083;0.118900001;0.1197;0.134200007;0.0858;0.1175;0.142299995;0.128199995;0.1426;0.123599999;0.124899998
175220.4;0.625899971;0.753600001;0.75819999;0.734899998;0.727999985;0.726499975;0.725399971;0.734899998;0.0854;0.394199997;0.458700001;0.528299987;0.41870001;0.397700012;0.387800008;0.386099994;0.383100003;0.080499999;0.106799997;0.179100007;0.175699994;0.187800005;0.162400007;0.1796;0.124700002;0.149100006;0.078299999;0.531700015;0.721099973;0.714699984;0.705600023;0.710799992;0.708299994;0.793099999;0.711600006;0.085000001;0.352899998;0.399399996;0.390199989;0.389099985;0.395399988;0.391299993;0.38530001;0.395900011;0.080899999;0.105499998;0.163100004;0.154400006;0.123199999;0.115199998;0.135100007;0.136399999;0.1505;0.079300001;0.531300008;0.734399974;0.724600017;0.722100019;0.728399992;0.759800017;0.797100008;0.770600021;0.0845;0.340799987;0.406500012;0.409200013;0.404599994;0.409299999;0.406399995;0.40959999;0.402700007;0.079400003;0.090400003;0.115900002;0.100500003;0.114600003;0.107500002;0.130400002;0.132300004;0.144199997;0.078000002;0.115999997;0.148699999;0.1602;0.1219;0.109499998;0.118600003;0.119599998;0.125400007;0.085699998;0.117899999;0.142399997;0.128399998;0.142499998;0.1237;0.1228
175820.6;0.625899971;0.755299985;0.759800017;0.736000001;0.728399992;0.729700029;0.727800012;0.735499978;0.0854;0.395099998;0.458000004;0.529699981;0.419800013;0.397700012;0.387499988;0.385699987;0.382600009;0.080600001;0.106700003;0.178499997;0.175500005;0.187199995;0.161400005;0.178299993;0.125300005;0.149700001;0.078599997;0.531000018;0.720799983;0.715799987;0.707499981;0.712400019;0.713100016;0.79430002;0.713400006;0.085500002;0.352800012;0.400000006;0.389899999;0.388599992;0.395200014;0.390599996;0.384900004;0.395700008;0.081299998;0.105499998;0.161699995;0.153699994;0.1241;0.115999997;0.135900006;0.137099996;0.150600001;0.079999998;0.531599998;0.735199988;0.727100015;0.723999977;0.730199993;0.762099981;0.798600018;0.771799982;0.0854;0.341800004;0.408699989;0.41080001;0.405600011;0.40990001;0.406699985;0.4102;0.403800011;0.080200002;0.091300003;0.1171;0.101599999;0.115699999;0.108599998;0.131300002;0.133300006;0.145600006;0.079000004;0.116899997;0.149000004;0.160899997;0.123199999;0.109399997;0.119900003;0.120899998;0.133900002;0.086999997;0.118900001;0.143600002;0.128900006;0.143600002;0.125100002;0.123999998
176420.7;0.62559998;0.756399989;0.759500027;0.740199983;0.729799986;0.730099976;0.728200018;0.736699998;0.085500002;0.394499987;0.463099986;0.536499977;0.414600015;0.395200014;0.386400014;0.38499999;0.382699996;0.080799997;0.106600001;0.178800002;0.175799996;0.186700001;0.160999998;0.180800006;0.125300005;0.150000006;0.078599997;0.528599977;0.718999982;0.716000021;0.706900001;0.711799979;0.710600019;0.794200003;0.712800026;0.085699998;0.349599987;0.397700012;0.389499992;0.388099998;0.395399988;0.389999986;0.384299994;0.395500004;0.081500001;0.105800003;0.162200004;0.156299993;0.124200001;0.116400003;0.136299998;0.137600005;0.1514;0.080300003;0.530099988;0.734300017;0.727400005;0.723800004;0.730000019;0.763499975;0.798500001;0.771799982;0.0858;0.341699988;0.408600003;0.409399986;0.404799998;0.408499986;0.407099992;0.409500003;0.405099988;0.080600001;0.091700003;0.117600001;0.102200001;0.116099998;0.109099999;0.132100001;0.1338;0.145300001;0.079400003;0.117600001;0.1505;0.162;0.1206;0.111299999;0.118600003;0.120899998;0.1259;0.087300003;0.118900001;0.143099993;0.1303;0.143099993;0.125499994;0.126800001
177020.8;0.62440002;0.757300019;0.759800017;0.739199996;0.730599999;0.730799973;0.727199972;0.737600029;0.085299999;0.395700008;0.467000008;0.544799984;0.407299995;0.391400009;0.384299994;0.383700013;0.381099999;0.080600001;0.106799997;0.1796;0.175999999;0.188299999;0.163599998;0.183699995;0.124200001;0.148699999;0.078299999;0.526300013;0.719500005;0.715900004;0.707899988;0.711300015;0.712100029;0.793600023;0.713400006;0.085000001;0.346199989;0.393700004;0.388099998;0.386400014;0.393400013;0.387800008;0.383300006;0.394300014;0.080799997;0.105400003;0.163299993;0.156100005;0.122599997;0.114799999;0.135100007;0.136800006;0.150600001;0.079499997;0.528299987;0.735400021;0.729700029;0.725700021;0.731899977;0.766300023;0.800599992;0.772899985;0.084899999;0.34009999;0.407099992;0.407200009;0.402799994;0.407000005;0.405400008;0.408300012;0.403200001;0.079700001;0.090499997;0.116099998;0.100900002;0.114799999;0.107799999;0.130799994;0.132799998;0.144099995;0.078299999;0.117200002;0.150099993;0.161300004;0.120899998;0.120300002;0.117399998;0.121399999;0.124799997;0.086499996;0.117600001;0.141499996;0.129700005;0.141299993;0.124700002;0.1241
177620.8;0.625800014;0.761699975;0.763100028;0.742699981;0.73360002;0.733699977;0.729799986;0.739499986;0.0854;0.397199988;0.462500006;0.538600028;0.409299999;0.391799986;0.384299994;0.383300006;0.380699992;0.080399998;0.107000001;0.180800006;0.176599994;0.189300001;0.163900003;0.1831;0.124499999;0.149000004;0.078100003;0.524699986;0.722599983;0.716899991;0.707899988;0.711099982;0.712800026;0.794799984;0.714699984;0.085100003;0.347200006;0.394699991;0.387400001;0.385800004;0.393099993;0.388000011;0.382999986;0.393299997;0.080899999;0.105400003;0.164299995;0.156499997;0.1228;0.115000002;0.135100007;0.136500001;0.150600001;0.079499997;0.528199971;0.737200022;0.729900002;0.724699974;0.73180002;0.766799986;0.802100003;0.773699999;0.084899999;0.339300007;0.405299991;0.405400008;0.400200009;0.405600011;0.40259999;0.406199992;0.400700003;0.079599999;0.090400003;0.115800001;0.1008;0.114699997;0.107699998;0.1303;0.132200003;0.143999994;0.078299999;0.116800003;0.149900004;0.160699993;0.127800003;0.121600002;0.127900004;0.119900003;0.136099994;0.086199999;0.116999999;0.142100006;0.1285;0.141900003;0.125;0.123899996
178220.9;0.62620002;0.761300027;0.765299976;0.747799993;0.736000001;0.734899998;0.731999993;0.743200004;0.0854;0.396100014;0.4639;0.534300029;0.414400011;0.394499987;0.384799987;0.383599997;0.380299985;0.080499999;0.107100002;0.180000007;0.176300004;0.189099997;0.163599998;0.181400001;0.124799997;0.149499997;0.078500003;0.524500012;0.72359997;0.717800021;0.711000025;0.712899983;0.711700022;0.795599997;0.7148;0.085199997;0.349700004;0.397700012;0.388099998;0.386700004;0.393000007;0.388399988;0.383100003;0.39379999;0.081;0.105800003;0.163699999;0.155599996;0.123300001;0.1153;0.135499999;0.136800006;0.1505;0.079499997;0.527499974;0.738399982;0.728699982;0.722899973;0.731599987;0.76700002;0.801900029;0.774699986;0.084799998;0.338800013;0.40290001;0.405400008;0.400900006;0.405299991;0.402999997;0.406699985;0.399500012;0.079599999;0.090499997;0.115999997;0.100699998;0.114799999;0.1074;0.130400002;0.132400006;0.144199997;0.0788;0.116700001;0.149299994;0.160699993;0.134000003;0.110100001;0.123099998;0.119199999;0.1237;0.086099997;0.1171;0.142700002;0.128199995;0.142499998;0.125;0.123300001
178820.9;0.62440002;0.760100007;0.762799978;0.745299995;0.734899998;0.736199975;0.73119998;0.741999984;0.085500002;0.396200001;0.461600006;0.530700028;0.415600002;0.394699991;0.38499999;0.382999986;0.380299985;0.080600001;0.107100002;0.179100007;0.176400006;0.188700005;0.162799999;0.180800006;0.125100002;0.149700001;0.078500003;0.522700012;0.723200023;0.718599975;0.710500002;0.712800026;0.712199986;0.7949;0.716000021;0.085100003;0.349700004;0.395700008;0.387199998;0.38530001;0.391799986;0.386799991;0.381900012;0.3917;0.081;0.105099998;0.162;0.155599996;0.123800002;0.115699999;0.135800004;0.136800006;0.150199994;0.079499997;0.526000023;0.739899993;0.730799973;0.722299993;0.734000027;0.76819998;0.806100011;0.778599977;0.084799998;0.338800013;0.406800002;0.405999988;0.4014;0.405900002;0.403899997;0.406199992;0.400299996;0.079700001;0.090499997;0.116599999;0.101000004;0.1149;0.107699998;0.130899996;0.133000001;0.144999996;0.078900002;0.116599999;0.149100006;0.160600007;0.123999998;0.109300002;0.1215;0.120899998;0.123199999;0.086000003;0.117299996;0.143000007;0.128700003;0.142499998;0.125100002;0.123099998
179421;0.623199999;0.75940001;0.763800025;0.743200004;0.735000014;0.734799981;0.733299971;0.743799984;0.085500002;0.39379999;0.460599989;0.530099988;0.417400002;0.395000011;0.384900004;0.382499993;0.380100012;0.080499999;0.106899999;0.178599998;0.175699994;0.188099995;0.162400007;0.180800006;0.125300005;0.149900004;0.078500003;0.521300018;0.725399971;0.718699992;0.71509999;0.71420002;0.714299977;0.7949;0.716099977;0.085199997;0.351500005;0.396100014;0.387199998;0.385500014;0.39199999;0.386799991;0.381500006;0.39199999;0.080899999;0.1052;0.161899999;0.155699998;0.123800002;0.115400001;0.135600001;0.136899993;0.150399998;0.079499997;0.525099993;0.741699994;0.731599987;0.722100019;0.735800028;0.768000007;0.803200006;0.777199984;0.084700003;0.339300007;0.406100005;0.407099992;0.4023;0.406500012;0.403699994;0.407499999;0.401199996;0.079599999;0.090599999;0.116599999;0.100900002;0.1149;0.107600003;0.130999997;0.1329;0.145099998;0.0788;0.116800003;0.149299994;0.160699993;0.1197;0.108599998;0.116800003;0.119400002;0.124600001;0.085900001;0.116899997;0.143099993;0.1285;0.142800003;0.125200003;0.123400003
180021.1;0.624100029;0.761699975;0.766799986;0.745599985;0.735000014;0.735499978;0.733099997;0.744400024;0.085500002;0.394199997;0.461100012;0.528699994;0.417699993;0.39410001;0.383899987;0.382200003;0.379099995;0.080600001;0.106700003;0.178599998;0.176100001;0.187999994;0.162499994;0.180199996;0.125699997;0.150199994;0.078500003;0.520500004;0.726899981;0.717800021;0.716000021;0.718800008;0.71450001;0.796000004;0.718400002;0.085199997;0.350600004;0.395799994;0.387100011;0.386000007;0.39289999;0.387800008;0.381999999;0.392800003;0.081;0.105499998;0.161699995;0.154899999;0.1241;0.115800001;0.136199996;0.137199998;0.149900004;0.079599999;0.525300026;0.744599998;0.734499991;0.724099994;0.739199996;0.771600008;0.804799974;0.7773;0.084700003;0.339100003;0.407799989;0.405800015;0.40079999;0.405499995;0.402700007;0.406199992;0.401600003;0.079599999;0.090599999;0.116700001;0.100900002;0.115199998;0.107900001;0.130899996;0.1329;0.144500002;0.078699999;0.116599999;0.148599997;0.160300002;0.125300005;0.109200001;0.119999997;0.119000003;0.140000001;0.086000003;0.117200002;0.142800003;0.128199995;0.142299995;0.125300005;0.123499997
180621;0.625;0.763999999;0.768299997;0.746900022;0.736599982;0.737399995;0.736199975;0.746399999;0.085500002;0.393900007;0.458900005;0.530600011;0.414000005;0.391299993;0.381799996;0.380199999;0.377400011;0.080600001;0.106899999;0.178499997;0.176599994;0.187800005;0.161799997;0.180299997;0.125499994;0.150399998;0.078400001;0.518899977;0.727100015;0.717700005;0.716499984;0.719099998;0.71390003;0.795799971;0.718299985;0.085199997;0.349799991;0.393900007;0.386000007;0.385100007;0.3917;0.386799991;0.380899996;0.390899986;0.080899999;0.104500003;0.160099998;0.155000001;0.1237;0.115599997;0.136099994;0.137199998;0.150399998;0.079499997;0.523899972;0.743700027;0.731599987;0.722899973;0.739499986;0.772300005;0.806800008;0.779200017;0.084700003;0.339700013;0.402999997;0.406500012;0.401300013;0.405299991;0.40259999;0.405999988;0.401300013;0.079599999;0.090300001;0.116499998;0.100699998;0.115000002;0.107699998;0.131099999;0.133000001;0.144700006;0.078500003;0.116599999;0.148800001;0.1602;0.125100002;0.108499996;0.116099998;0.119400002;0.123599999;0.086000003;0.117200002;0.1435;0.127200007;0.142800003;0.125200003;0.123000003
181221.2;0.626100004;0.76639998;0.769500017;0.75;0.739300013;0.741100013;0.738099992;0.748399973;0.085500002;0.393299997;0.461100012;0.529399991;0.414499998;0.391299993;0.3829;0.380299985;0.377200007;0.080499999;0.106600001;0.178200006;0.176599994;0.187199995;0.160799995;0.179700002;0.125699997;0.150600001;0.078500003;0.51819998;0.730000019;0.719299972;0.716899991;0.718200028;0.715600014;0.797200024;0.720899999;0.085100003;0.350899994;0.396800011;0.386700004;0.385399997;0.39199999;0.386599988;0.381300002;0.391299993;0.080799997;0.104500003;0.159500003;0.154899999;0.123999998;0.115900002;0.136700004;0.137700006;0.150099993;0.079800002;0.522599995;0.745400012;0.732900023;0.726499975;0.739700019;0.772499979;0.809000015;0.781199992;0.085299999;0.340299994;0.407499999;0.406199992;0.401800007;0.406100005;0.402700007;0.406800002;0.402200013;0.079999998;0.091200002;0.117899999;0.101999998;0.116099998;0.1087;0.131799996;0.1338;0.145500004;0.079300001;0.1175;0.149700001;0.1611;0.120800003;0.1109;0.120700002;0.120800003;0.143600002;0.086999997;0.1175;0.143800005;0.1285;0.143399999;0.126499996;0.123999998
181821.3;0.624599993;0.766600013;0.768899977;0.753000021;0.738499999;0.738099992;0.738099992;0.747799993;0.085500002;0.392699987;0.460700005;0.536199987;0.412699997;0.392100006;0.38350001;0.381199986;0.378100008;0.080899999;0.106899999;0.178599998;0.176400006;0.188099995;0.161699995;0.182500005;0.1259;0.151199996;0.0788;0.51700002;0.730599999;0.720000029;0.71359998;0.716099977;0.715200007;0.796500027;0.719600022;0.085699998;0.348199993;0.397599995;0.386400014;0.385100007;0.391799986;0.386700004;0.381300002;0.391499996;0.081500001;0.104699999;0.159700006;0.157100007;0.124499999;0.116400003;0.137199998;0.1382;0.150900006;0.080399998;0.521799982;0.745800018;0.733500004;0.729099989;0.740999997;0.774399996;0.807799995;0.780300021;0.0858;0.339599997;0.400700003;0.405699998;0.400900006;0.405499995;0.402999997;0.406100005;0.402500004;0.080600001;0.0911;0.117799997;0.1021;0.116400003;0.108999997;0.132300004;0.134200007;0.145600006;0.079499997;0.117899999;0.152500004;0.162200004;0.126900002;0.1131;0.118100002;0.121100001;0.125599995;0.087399997;0.118000001;0.143399999;0.129299998;0.143000007;0.126699999;0.125200003
182421.4;0.625500023;0.76730001;0.769299984;0.755400002;0.74119997;0.742299974;0.7421;0.750999987;0.085299999;0.39379999;0.464300007;0.544700027;0.404700011;0.387699991;0.381799996;0.379799992;0.376899987;0.080399998;0.106899999;0.179499999;0.177399993;0.189400002;0.162599996;0.184100002;0.124799997;0.1505;0.078500003;0.515900016;0.731899977;0.721099973;0.716600001;0.717499971;0.717100024;0.796700001;0.720600009;0.084899999;0.342099994;0.390599996;0.384000003;0.382400006;0.389699996;0.384200007;0.379400015;0.389699996;0.080899999;0.104599997;0.1611;0.156800002;0.123099998;0.115400001;0.136399999;0.137600005;0.1505;0.079400003;0.520799994;0.747600019;0.734899998;0.732800007;0.740999997;0.7773;0.809199989;0.781599998;0.084799998;0.337799996;0.40079999;0.402700007;0.398299992;0.403100014;0.401899993;0.404900014;0.401499987;0.079599999;0.089699998;0.116899997;0.101300001;0.115400001;0.108099997;0.131200001;0.133000001;0.144500002;0.078500003;0.117700003;0.152700007;0.161400005;0.122900002;0.147400007;0.118799999;0.1206;0.126900002;0.086499996;0.116099998;0.141900003;0.128399998;0.141000003;0.125799999;0.124600001
183021.6;0.625400007;0.767199993;0.772199988;0.754499972;0.743300021;0.743200004;0.742999971;0.751800001;0.0854;0.395799994;0.46509999;0.543299973;0.405999988;0.388900012;0.380499989;0.378800005;0.3759;0.080499999;0.106799997;0.179900005;0.177900001;0.190699995;0.164100006;0.185499996;0.124799997;0.150600001;0.078500003;0.515500009;0.733500004;0.722100019;0.717899978;0.717999995;0.716700017;0.798099995;0.720899999;0.085100003;0.344500005;0.392199993;0.38409999;0.383100003;0.389499992;0.384200007;0.379200011;0.389400005;0.080899999;0.104500003;0.162;0.156900004;0.123300001;0.115500003;0.136399999;0.137600005;0.150800005;0.079599999;0.520500004;0.75059998;0.736599982;0.734600008;0.741900027;0.777400017;0.810699999;0.782100022;0.084799998;0.336800009;0.401899993;0.402399987;0.397700012;0.402799994;0.400599986;0.403800011;0.397899985;0.079700001;0.089699998;0.1171;0.101199999;0.115199998;0.107900001;0.131099999;0.1329;0.144500002;0.078400001;0.117200002;0.150999993;0.160799995;0.120800003;0.110799998;0.117399998;0.119499996;0.134499997;0.086300001;0.115699999;0.142399997;0.1294;0.1417;0.126200005;0.123899996
183621.6;0.625699997;0.768100023;0.773400009;0.755599976;0.744899988;0.744400024;0.743900001;0.752699971;0.085500002;0.394899994;0.462300003;0.536499977;0.410100013;0.390500009;0.380600005;0.378600001;0.375200003;0.080700003;0.107000001;0.179299995;0.1778;0.189999998;0.163399994;0.183699995;0.125100002;0.150600001;0.078400001;0.514900029;0.733299971;0.722199976;0.718699992;0.719200015;0.717299998;0.797999978;0.720600009;0.085100003;0.345400006;0.391900003;0.38409999;0.382600009;0.388900012;0.383300006;0.379200011;0.388300002;0.080799997;0.104599997;0.161500007;0.156599998;0.123499997;0.115500003;0.136399999;0.1373;0.150299996;0.079300001;0.518999994;0.749000013;0.735400021;0.73299998;0.74119997;0.777499974;0.811999977;0.783800006;0.084600002;0.336199999;0.400000006;0.40079999;0.396899998;0.401199996;0.399199992;0.402099997;0.396499991;0.079400003;0.089500003;0.1171;0.101000004;0.1149;0.107500002;0.130899996;0.1329;0.144600004;0.078599997;0.116499998;0.150000006;0.160500005;0.130199999;0.110200003;0.115999997;0.118900001;0.123099998;0.0858;0.1153;0.143000007;0.128199995;0.142100006;0.1259;0.123000003
184221.7;0.625500023;0.769699991;0.772099972;0.755999982;0.745700002;0.745100021;0.746100008;0.753799975;0.0854;0.393299997;0.460399985;0.532999992;0.415800005;0.392199993;0.381999999;0.378899992;0.37560001;0.080499999;0.107199997;0.178900003;0.1778;0.189400002;0.162699997;0.183200002;0.125599995;0.150900006;0.078500003;0.514100015;0.735800028;0.723200023;0.719500005;0.719200015;0.720300019;0.798500001;0.722000003;0.085000001;0.347000003;0.392800003;0.384299994;0.382600009;0.389499992;0.383300006;0.379000008;0.387600005;0.080700003;0.104199998;0.160500005;0.156599998;0.123800002;0.115599997;0.136500001;0.137099996;0.149900004;0.079099998;0.5176;0.749899983;0.735099971;0.733099997;0.740999997;0.777100027;0.81370002;0.7852;0.084299996;0.336299986;0.399500012;0.40200001;0.397899985;0.40200001;0.40110001;0.402999997;0.397799999;0.079300001;0.089199997;0.116999999;0.100699998;0.1149;0.1074;0.131300002;0.133000001;0.144800007;0.078400001;0.1162;0.149100006;0.159999996;0.120300002;0.110399999;0.115699999;0.119599998;0.153200001;0.085600004;0.115500003;0.143199995;0.128600001;0.142000005;0.125;0.123000003
184821.8;0.62470001;0.770200014;0.773899972;0.756699979;0.745299995;0.744599998;0.745000005;0.753600001;0.085500002;0.391600013;0.458900005;0.533599973;0.412999988;0.390100002;0.380299985;0.377799988;0.3741;0.080700003;0.107100002;0.179499999;0.177699998;0.189500004;0.162200004;0.183799997;0.1259;0.151700005;0.078900002;0.512499988;0.734700024;0.720899999;0.718599975;0.719699979;0.716799974;0.798200011;0.720700026;0.085699998;0.347600013;0.396299988;0.383700013;0.3829;0.388900012;0.3829;0.378600001;0.387300014;0.081600003;0.104699999;0.160500005;0.157900006;0.124799997;0.116599999;0.137799993;0.1391;0.151299998;0.080300003;0.51789999;0.749000013;0.736299992;0.733699977;0.7421;0.779600024;0.816100001;0.788200021;0.0858;0.338200003;0.404199988;0.403200001;0.399100006;0.403200001;0.400299996;0.402200013;0.398400009;0.080600001;0.090899996;0.118699998;0.102499999;0.116700001;0.109300002;0.133499995;0.135399997;0.147499993;0.080200002;0.1184;0.150800005;0.162699997;0.129999995;0.109899998;0.117600001;0.121200003;0.125100002;0.087499999;0.116999999;0.145099998;0.130600005;0.143999994;0.126399994;0.125300005
185421.8;0.625400007;0.772800028;0.776499987;0.758700013;0.747300029;0.746500015;0.746699989;0.757300019;0.085500002;0.393099993;0.466500014;0.542500019;0.407700002;0.388399988;0.379799992;0.377700001;0.373800009;0.080799997;0.107100002;0.179000005;0.177499995;0.188199997;0.163100004;0.186000004;0.126300007;0.151700005;0.079000004;0.512300014;0.734499991;0.720499992;0.717700005;0.721899986;0.716600001;0.797999978;0.720899999;0.0858;0.343800008;0.394899994;0.3829;0.382699996;0.388500005;0.382400006;0.377999991;0.387100011;0.081699997;0.104599997;0.161599994;0.159299999;0.125;0.1171;0.138099998;0.1391;0.1514;0.080499999;0.516900003;0.749499977;0.737200022;0.735000014;0.742699981;0.782500029;0.814499974;0.785899997;0.086000003;0.338;0.4023;0.401899993;0.397500008;0.40290001;0.400000006;0.401600003;0.399699986;0.080799997;0.090700001;0.118699998;0.102600001;0.1171;0.109499998;0.133200005;0.135000005;0.147100002;0.080300003;0.118100002;0.1514;0.163200006;0.1228;0.110200003;0.118199997;0.1241;0.127800003;0.0876;0.116300002;0.144199997;0.130099997;0.143299997;0.126499996;0.126699999
186021.8;0.625500023;0.773299992;0.778699994;0.75849998;0.748099983;0.746800005;0.749000013;0.75910002;0.085299999;0.395700008;0.469999999;0.546199977;0.402700007;0.385500014;0.377799988;0.37650001;0.372500002;0.080399998;0.107000001;0.179000005;0.177499995;0.189300001;0.164700001;0.187099993;0.125499994;0.150800005;0.078500003;0.510800004;0.736000001;0.720499992;0.718900025;0.723200023;0.718999982;0.798699975;0.72329998;0.085100003;0.339899987;0.389099985;0.380800009;0.380699992;0.386900008;0.380199999;0.376599997;0.385100007;0.080899999;0.104800001;0.162799999;0.157900006;0.1241;0.116400003;0.137400001;0.138300002;0.150399998;0.079599999;0.51639998;0.750899971;0.739000022;0.736299992;0.744099975;0.783599973;0.817600012;0.788100004;0.085000001;0.336199999;0.400400013;0.399599999;0.394800007;0.399899989;0.397899985;0.400200009;0.397000015;0.079800002;0.090000004;0.118199997;0.101899996;0.116400003;0.108800001;0.131999999;0.1338;0.145300001;0.079499997;0.118000001;0.151600003;0.162;0.1219;0.111900002;0.118000001;0.120099999;0.126900002;0.0867;0.115599997;0.142900005;0.129800007;0.142199993;0.125599995;0.126200005
186621.8;0.625800014;0.774600029;0.778699994;0.761600018;0.750199974;0.747099996;0.750199974;0.761099994;0.0854;0.394300014;0.461699992;0.539200008;0.408100009;0.386900008;0.378199995;0.375400007;0.371300012;0.080499999;0.1074;0.180399999;0.178200006;0.190899998;0.164399996;0.187099993;0.125699997;0.151199996;0.078500003;0.510500014;0.736400008;0.721099973;0.721099973;0.724699974;0.720000029;0.799600005;0.727400005;0.085000001;0.343699992;0.3917;0.380400002;0.379599988;0.385800004;0.379200011;0.375699997;0.383599997;0.080799997;0.104099996;0.162300006;0.158099994;0.124200001;0.116400003;0.137400001;0.137899995;0.150099993;0.079499997;0.514900029;0.753700018;0.740999997;0.74089998;0.745800018;0.783200026;0.82099998;0.790000021;0.084600002;0.333999991;0.396499991;0.397799999;0.393099993;0.397599995;0.395000011;0.40110001;0.397399992;0.079499997;0.089299999;0.117700003;0.101400003;0.115800001;0.108099997;0.131500006;0.133300006;0.145400003;0.0788;0.121200003;0.155100003;0.160899997;0.121399999;0.1162;0.1193;0.119900003;0.130799994;0.086000003;0.115199998;0.143199995;0.128999993;0.142700002;0.125100002;0.1237
187221.9;0.62440002;0.77579999;0.780600011;0.762399971;0.749499977;0.749599993;0.749899983;0.761600018;0.085600004;0.390399992;0.459800005;0.533399999;0.41139999;0.386999995;0.377999991;0.3741;0.369800001;0.080399998;0.107299998;0.179700002;0.178100005;0.190599993;0.163699999;0.186199993;0.125799999;0.151299998;0.078299999;0.510500014;0.737399995;0.724099994;0.721199989;0.725199997;0.720300019;0.800100029;0.726100028;0.084700003;0.346599996;0.392399997;0.381099999;0.379700005;0.385600001;0.378899992;0.375499994;0.383100003;0.080499999;0.104500003;0.1611;0.157199994;0.1237;0.115699999;0.137199998;0.138099998;0.149800003;0.079000004;0.513100028;0.750500023;0.738300025;0.738600016;0.744099975;0.782400012;0.818099976;0.788100004;0.084100001;0.334199995;0.399500012;0.397599995;0.393999994;0.398200005;0.396200001;0.403699994;0.397799999;0.079099998;0.088699996;0.117200002;0.1008;0.115000002;0.107100002;0.131500006;0.133399993;0.145699993;0.078000002;0.121399999;0.152700007;0.159999996;0.123000003;0.109800003;0.120099999;0.120200001;0.126900002;0.0854;0.114;0.143399999;0.1285;0.142499998;0.123899996;0.1228
187822;0.62349999;0.774900019;0.779699981;0.761699975;0.749800026;0.74940002;0.75150001;0.762099981;0.085500002;0.389099985;0.454299986;0.531199992;0.412099987;0.388000011;0.378199995;0.373800009;0.369899988;0.080799997;0.107299998;0.179299995;0.178200006;0.189999998;0.162799999;0.185900003;0.126699999;0.152400002;0.0792;0.510100007;0.738499999;0.725099981;0.720700026;0.720499992;0.720799983;0.800400019;0.726700008;0.085600004;0.345699996;0.395799994;0.381999999;0.380499989;0.386400014;0.379299998;0.375499994;0.3829;0.081500001;0.104900002;0.160300002;0.158299997;0.125400007;0.117399998;0.1391;0.139599994;0.151199996;0.080399998;0.513499975;0.752099991;0.739799976;0.739199996;0.741599977;0.785300016;0.82069999;0.791299999;0.0858;0.336299986;0.400400013;0.399599999;0.396200001;0.399699986;0.398099989;0.399699986;0.396100014;0.080600001;0.090599999;0.1193;0.102700002;0.117200002;0.109300002;0.134200007;0.135900006;0.1479;0.080399998;0.118199997;0.151199996;0.162499994;0.1215;0.111199997;0.119000003;0.125;0.125499994;0.087499999;0.116599999;0.145899996;0.131400004;0.144999996;0.126000002;0.125400007
188422;0.622600019;0.775200009;0.781499982;0.761300027;0.749899983;0.74970001;0.751999974;0.762899995;0.085500002;0.390500009;0.462700009;0.539499998;0.404399991;0.384900004;0.375999987;0.372500002;0.368200004;0.080799997;0.107699998;0.179100007;0.178299993;0.189999998;0.163599998;0.187399998;0.126699999;0.152500004;0.079099998;0.50880003;0.736999989;0.725499988;0.721099973;0.720700026;0.721199989;0.799399972;0.725600004;0.085699998;0.339899987;0.392699987;0.379999995;0.379299998;0.385500014;0.378600001;0.374500006;0.381799996;0.081600003;0.105300002;0.162;0.160799995;0.125400007;0.1175;0.139200002;0.140000001;0.150999993;0.080300003;0.511799991;0.749800026;0.739099979;0.737600029;0.740400016;0.785600007;0.818400025;0.790099978;0.0858;0.336299986;0.4005;0.398699999;0.394699991;0.398499995;0.398799986;0.399800003;0.396699995;0.080600001;0.090499997;0.1193;0.102600001;0.117200002;0.109499998;0.133900002;0.135700002;0.147799999;0.080200002;0.118600003;0.1523;0.163299993;0.121200003;0.1105;0.119499996;0.120399997;0.130199999;0.087399997;0.1162;0.145099998;0.131099999;0.144099995;0.126399994;0.126499996
189022.1;0.623700023;0.776600003;0.783599973;0.762399971;0.750999987;0.752200007;0.753899992;0.765100002;0.085500002;0.390899986;0.461800009;0.545400023;0.40259999;0.383599997;0.37529999;0.372500002;0.368699998;0.080899999;0.107799999;0.179900005;0.178399995;0.190500006;0.164100006;0.188999996;0.126800001;0.153200001;0.079099998;0.50819999;0.737999976;0.726599991;0.720899999;0.721599996;0.720399976;0.799000025;0.726199985;0.085900001;0.338800013;0.388999999;0.378100008;0.377600014;0.3847;0.377400011;0.373199999;0.380499989;0.081799999;0.105499998;0.162699997;0.160400003;0.125599995;0.117899999;0.139599994;0.140699998;0.151099995;0.080600001;0.510999978;0.74970001;0.739199996;0.736899972;0.742500007;0.787699997;0.82069999;0.791599989;0.086099997;0.334899992;0.399500012;0.396499991;0.392399997;0.396299988;0.395099998;0.396200001;0.393700004;0.080899999;0.090999998;0.119900003;0.103299998;0.118199997;0.110299997;0.134200007;0.135900006;0.147499993;0.080799997;0.1193;0.153400004;0.163800001;0.122500002;0.113899998;0.119800001;0.121600002;0.127000004;0.087800004;0.116300002;0.144700006;0.129999995;0.1435;0.126900002;0.127499998
189622.1;0.623099983;0.776600003;0.784200013;0.765299976;0.752900004;0.754000008;0.754800022;0.766900003;0.085199997;0.390899986;0.467200011;0.546500027;0.401899993;0.382499993;0.37439999;0.372200012;0.367500007;0.080399998;0.107699998;0.180600002;0.178299993;0.192000002;0.165099993;0.188600004;0.126200005;0.151999995;0.078400001;0.507300019;0.738699973;0.728399992;0.723699987;0.725000024;0.72359997;0.800999999;0.728200018;0.085000001;0.334300011;0.387199998;0.375699997;0.376300007;0.383300006;0.375999987;0.372399986;0.378699988;0.080799997;0.104800001;0.163499996;0.159400001;0.124300003;0.116999999;0.138600007;0.139400005;0.150199994;0.079800002;0.50940001;0.748899996;0.740700006;0.738600016;0.744000018;0.788600028;0.823599994;0.793200016;0.085000001;0.333400011;0.396499991;0.394800007;0.390700012;0.394699991;0.393299997;0.395599991;0.391499996;0.079800002;0.089699998;0.118600003;0.101999998;0.1171;0.109099999;0.132499993;0.134299994;0.145699993;0.079300001;0.118500002;0.152600005;0.162200004;0.119599998;0.109499998;0.119199999;0.122299999;0.129700005;0.086599998;0.1149;0.143399999;0.129999995;0.142399997;0.125699997;0.126100004
190222.2;0.622600019;0.779399991;0.783999979;0.768000007;0.753300011;0.751699984;0.754000008;0.765900016;0.085299999;0.390700012;0.456400007;0.535300016;0.408399999;0.383399993;0.374000013;0.370599985;0.3653;0.080399998;0.1074;0.180800006;0.178200006;0.191799998;0.165099993;0.1884;0.126300007;0.151999995;0.078199998;0.506500006;0.737699986;0.728399992;0.727400005;0.722800016;0.723500013;0.801500022;0.730400026;0.084899999;0.342400014;0.390899986;0.376300007;0.375800014;0.382400006;0.375099987;0.372099996;0.377799988;0.080600001;0.105700001;0.165700004;0.158500001;0.124200001;0.1162;0.138400003;0.139200002;0.149800003;0.079099998;0.508599997;0.748399973;0.743300021;0.743399978;0.748099983;0.787800014;0.822799981;0.792900026;0.084299996;0.331;0.393099993;0.39289999;0.389299989;0.392399997;0.391400009;0.399599999;0.396100014;0.079300001;0.089000002;0.118299998;0.101400003;0.1162;0.1083;0.132599995;0.1347;0.146200001;0.080399998;0.127700001;0.162300006;0.160899997;0.117799997;0.140300006;0.117299996;0.119400002;0.127200007;0.0858;0.114699997;0.143900007;0.129600003;0.143000007;0.125200003;0.123899996
190822.3;0.621999979;0.778199971;0.78490001;0.767499983;0.752900004;0.753000021;0.755599976;0.767499983;0.085500002;0.388399988;0.453399986;0.530399978;0.412299991;0.384299994;0.372599989;0.369399995;0.364100009;0.080700003;0.107600003;0.179900005;0.178399995;0.190799996;0.164199993;0.187399998;0.126699999;0.152899995;0.078699999;0.506299973;0.739400029;0.728500009;0.726100028;0.721800029;0.72420001;0.8028;0.730499983;0.0854;0.347299993;0.394499987;0.377299994;0.377000004;0.382699996;0.375499994;0.372799993;0.378399998;0.081600003;0.106899999;0.165999994;0.158099994;0.125400007;0.117200002;0.139500007;0.140200004;0.150800005;0.0801;0.508899987;0.751999974;0.748000026;0.747500002;0.751299977;0.790000021;0.823400021;0.792999983;0.085500002;0.332599998;0.396299988;0.394699991;0.391099989;0.393900007;0.394300014;0.406199992;0.401899993;0.080300003;0.090300001;0.1193;0.102399997;0.117200002;0.109200001;0.134100005;0.136099994;0.148200005;0.082099997;0.132799998;0.165700004;0.161599994;0.124899998;0.1171;0.120800003;0.121600002;0.1259;0.087099999;0.115999997;0.146400005;0.130700007;0.145300001;0.125699997;0.124300003
191422.4;0.622900009;0.778299987;0.786199987;0.766900003;0.754000008;0.755100012;0.757300019;0.770500004;0.085500002;0.388500005;0.455300003;0.532299995;0.406500012;0.382999986;0.371499985;0.367900014;0.362399995;0.080799997;0.107699998;0.179000005;0.178200006;0.191400006;0.162699997;0.1875;0.127100006;0.153600007;0.079000004;0.505400002;0.737800002;0.728900015;0.724699974;0.72299999;0.72240001;0.801900029;0.729600012;0.085600004;0.341800004;0.393400013;0.37650001;0.37650001;0.381599993;0.374500006;0.371600002;0.377400011;0.0814;0.104500003;0.159899995;0.158399999;0.125499994;0.117600001;0.140200004;0.140799999;0.151299998;0.080200002;0.507600009;0.75150001;0.745899975;0.741999984;0.747200012;0.792299986;0.822899997;0.79460001;0.085600004;0.332800001;0.397399992;0.394600004;0.390799999;0.393999994;0.393000007;0.394699991;0.391600013;0.080399998;0.090400003;0.119099997;0.102300003;0.117799997;0.109300002;0.134499997;0.136399999;0.148699999;0.079899997;0.118199997;0.151500002;0.162200004;0.120300002;0.112400003;0.118500002;0.121600002;0.128399998;0.087300003;0.115800001;0.145500004;0.131500006;0.144700006;0.125599995;0.125400007
192022.4;0.623099983;0.778800011;0.786300004;0.767700016;0.754899979;0.753000021;0.7579;0.771899998;0.085500002;0.389299989;0.461499989;0.542800009;0.400700003;0.381000012;0.371499985;0.367900014;0.363099992;0.080899999;0.107799999;0.179800004;0.1787;0.190899998;0.163499996;0.189500004;0.127100006;0.153699994;0.079000004;0.503799975;0.739300013;0.728200018;0.723800004;0.723200023;0.722199976;0.800599992;0.729200006;0.085900001;0.335799992;0.388900012;0.37439999;0.375;0.381300002;0.37349999;0.370799989;0.3759;0.081600003;0.1052;0.161799997;0.160600007;0.125599995;0.117899999;0.140599996;0.141599998;0.151700005;0.080399998;0.505900025;0.75150001;0.742799997;0.740400016;0.746299982;0.792900026;0.825800002;0.796700001;0.085900001;0.332800001;0.396800011;0.394199997;0.389600009;0.393000007;0.393599987;0.395200014;0.392100006;0.080600001;0.090400003;0.1193;0.102499999;0.117799997;0.109499998;0.135000005;0.136700004;0.148699999;0.080200002;0.119000003;0.152700007;0.163000003;0.120200001;0.112999998;0.122299999;0.1219;0.1382;0.087499999;0.115400001;0.145199999;0.131300002;0.143999994;0.126399994;0.126599997
192622.4;0.62379998;0.780200005;0.788299978;0.771499991;0.758099973;0.754599988;0.758700013;0.773800015;0.085299999;0.392699987;0.469300002;0.551999986;0.396299988;0.379000008;0.370599985;0.367599994;0.363299996;0.080399998;0.108000003;0.180399999;0.1787;0.192000002;0.165600002;0.191100001;0.126699999;0.152799994;0.078500003;0.502600014;0.740100026;0.728399992;0.723800004;0.725000024;0.723200023;0.801199973;0.729499996;0.085000001;0.333099991;0.386400014;0.372000009;0.372799993;0.379599988;0.372200012;0.369599998;0.374300003;0.080899999;0.104500003;0.162499994;0.1602;0.124799997;0.117399998;0.139799997;0.140699998;0.151099995;0.079599999;0.504400015;0.753700018;0.743700027;0.74119997;0.748199999;0.794499993;0.825900018;0.796000004;0.085000001;0.3301;0.392100006;0.390700012;0.385899991;0.390100002;0.389499992;0.391799986;0.388500005;0.079800002;0.089599997;0.119099997;0.1021;0.117399998;0.109099999;0.133699998;0.135499999;0.147200003;0.079499997;0.118600003;0.152500004;0.162200004;0.127100006;0.111199997;0.118100002;0.123999998;0.126399994;0.0867;0.114600003;0.143800005;0.130500004;0.142900005;0.125599995;0.126000002
193222.5;0.624300003;0.780300021;0.789699972;0.773000002;0.75910002;0.755299985;0.756799996;0.773999989;0.085299999;0.391900003;0.463999987;0.545000017;0.403499991;0.380299985;0.369399995;0.36680001;0.361299992;0.080300003;0.107900001;0.181600004;0.180000007;0.193499997;0.165900007;0.191699997;0.126800001;0.153600007;0.078299999;0.502099991;0.739899993;0.728999972;0.725300014;0.726300001;0.722100019;0.8028;0.730400026;0.084799998;0.338800013;0.387800008;0.371499985;0.372500002;0.378100008;0.370700002;0.368299991;0.373600006;0.080600001;0.105800003;0.165700004;0.159299999;0.124799997;0.116800003;0.139500007;0.140599996;0.150600001;0.079000004;0.503199995;0.754000008;0.745899975;0.745100021;0.75;0.79339999;0.826099992;0.795799971;0.084200002;0.328799993;0.391600013;0.389299989;0.384600013;0.388799995;0.389299989;0.397399992;0.394199997;0.079099998;0.089000002;0.118699998;0.101599999;0.116700001;0.108199999;0.133499995;0.135299996;0.147100002;0.080600001;0.128199995;0.162799999;0.160699993;0.119900003;0.110799998;0.116999999;0.119400002;0.125599995;0.085500002;0.114100002;0.144199997;0.128800005;0.143000007;0.124200001;0.1237
193822.6;0.624300003;0.781899989;0.790400028;0.772400022;0.760200024;0.756399989;0.759800017;0.774399996;0.0854;0.388799995;0.460099995;0.537100017;0.41080001;0.382999986;0.370400012;0.36590001;0.361400008;0.080700003;0.108499996;0.180500001;0.180000007;0.192699999;0.164900005;0.189500004;0.127599999;0.154200003;0.078900002;0.502300024;0.742699981;0.7324;0.723999977;0.726300001;0.724600017;0.802399993;0.730199993;0.085500002;0.343100011;0.390199989;0.372700006;0.374199986;0.379900008;0.371399999;0.369800001;0.374300003;0.0814;0.105400003;0.162699997;0.1602;0.126300007;0.118199997;0.140900001;0.1417;0.151800007;0.080200002;0.503400028;0.754999995;0.746100008;0.745899975;0.748300016;0.794700027;0.827700019;0.798500001;0.085699998;0.330199987;0.394899994;0.391400009;0.387300014;0.390599996;0.390599996;0.399500012;0.393700004;0.080399998;0.090499997;0.120300002;0.103100002;0.118500002;0.109899998;0.135399997;0.137400001;0.148800001;0.079999998;0.127100006;0.155300006;0.162300006;0.123899996;0.112099998;0.118500002;0.123300001;0.127299994;0.087399997;0.115999997;0.146899998;0.131699994;0.145300001;0.126000002;0.125400007
194422.7;0.624499977;0.782599986;0.790899992;0.775099993;0.760900021;0.758400023;0.764500022;0.777499974;0.0854;0.389200002;0.459300011;0.542299986;0.407400012;0.381799996;0.370200008;0.3662;0.360500008;0.080899999;0.108900003;0.180600002;0.179800004;0.192000002;0.163900003;0.190200001;0.128000006;0.155399993;0.079000004;0.501299977;0.742200017;0.733399987;0.728299975;0.727699995;0.725399971;0.80250001;0.730300009;0.085600004;0.338;0.389899999;0.372799993;0.37349999;0.378800005;0.370999992;0.369700015;0.373600006;0.0814;0.104900002;0.160899997;0.1602;0.126200005;0.118500002;0.141200006;0.141900003;0.151800007;0.080200002;0.502399981;0.755100012;0.745800018;0.744300008;0.75059998;0.797800004;0.828000009;0.798799992;0.085600004;0.33039999;0.392800003;0.390199989;0.387100011;0.390300006;0.389899999;0.391600013;0.388399988;0.080499999;0.0902;0.120200001;0.102799997;0.118299998;0.109800003;0.135000005;0.136800006;0.148399994;0.079700001;0.119099997;0.151500002;0.162499994;0.129199997;0.112899996;0.1206;0.121100001;0.125400007;0.087200001;0.115500003;0.145799994;0.130400002;0.144500002;0.125699997;0.1259
195022.9;0.622200012;0.782999992;0.791899979;0.775399983;0.760999978;0.757099986;0.764100015;0.77640003;0.085500002;0.390300006;0.461199999;0.550599992;0.401499987;0.379000008;0.368699998;0.364300013;0.359200001;0.080799997;0.108599998;0.181400001;0.180000007;0.193499997;0.165000007;0.191599995;0.127900004;0.155300006;0.079000004;0.499799997;0.742200017;0.73299998;0.727400005;0.726100028;0.723399997;0.801400006;0.728999972;0.085699998;0.334500015;0.387100011;0.370900005;0.371699989;0.376800001;0.369500011;0.3671;0.371800005;0.081600003;0.105300002;0.162100002;0.161200002;0.126200005;0.118600003;0.141499996;0.142399997;0.152400002;0.080399998;0.500999987;0.755599976;0.746500015;0.744099975;0.751600027;0.798200011;0.829200029;0.800000012;0.0858;0.329699993;0.392800003;0.389600009;0.385500014;0.389099985;0.389099985;0.390799999;0.387300014;0.080600001;0.090400003;0.120200001;0.103;0.1184;0.109999999;0.135199994;0.136600003;0.148300007;0.079999998;0.1193;0.153300002;0.163200006;0.127299994;0.135299996;0.119900003;0.120800003;0.129600003;0.087499999;0.115900002;0.144899994;0.130199999;0.1435;0.126599997;0.126399994
195622.8;0.624300003;0.784500003;0.792599976;0.7773;0.763999999;0.757200003;0.763300002;0.779200017;0.085500002;0.39199999;0.463200003;0.551100016;0.398799986;0.378500015;0.367500007;0.363299996;0.358399987;0.080799997;0.108900003;0.181099996;0.179800004;0.192699999;0.165600002;0.191799998;0.128199995;0.155300006;0.0792;0.49970001;0.742299974;0.733799994;0.727800012;0.727400005;0.725600004;0.802900016;0.729600012;0.0858;0.331200004;0.384799987;0.368999988;0.370200008;0.375499994;0.368400007;0.366299987;0.370000005;0.081699997;0.105499998;0.162900001;0.162499994;0.126200005;0.118799999;0.141800001;0.142800003;0.151999995;0.080600001;0.500199974;0.755500019;0.746399999;0.742200017;0.752099991;0.799000025;0.83039999;0.801999986;0.086099997;0.328900009;0.391200006;0.388300002;0.384900004;0.388200015;0.388500005;0.389699996;0.386200011;0.080799997;0.090800002;0.120700002;0.103399999;0.118699998;0.110399999;0.134900004;0.136600003;0.147799999;0.080399998;0.119900003;0.153500006;0.163100004;0.131400004;0.117899999;0.121799998;0.122500002;0.127800003;0.087700002;0.115400001;0.144600004;0.131200001;0.143700004;0.126300007;0.127000004
196223.1;0.624000013;0.784600019;0.79400003;0.776899993;0.765100002;0.758099973;0.765699983;0.779900014;0.085500002;0.392399997;0.464100003;0.551599979;0.397399992;0.377400011;0.366699994;0.362800002;0.3574;0.080899999;0.109099999;0.182400003;0.179800004;0.193800002;0.166299999;0.192599997;0.128099993;0.155699998;0.0792;0.498699993;0.741599977;0.733900011;0.726499975;0.727699995;0.724399984;0.802900016;0.729700029;0.085900001;0.329699993;0.383599997;0.368699998;0.370000005;0.3759;0.367799997;0.365700006;0.369500011;0.081799999;0.105700001;0.163900003;0.161500007;0.126300007;0.119000003;0.141800001;0.142700002;0.152099997;0.080700003;0.499300003;0.754899979;0.746500015;0.743499994;0.752900004;0.799700022;0.83039999;0.801800013;0.086199999;0.328200012;0.389800012;0.386500001;0.382699996;0.385500014;0.385899991;0.387199998;0.38409999;0.080899999;0.090800002;0.121100001;0.103699997;0.119099997;0.110699996;0.135000005;0.136800006;0.148000002;0.080799997;0.120499998;0.153999999;0.163000003;0.120200001;0.115000002;0.130199999;0.121699996;0.149000004;0.087899998;0.1153;0.144299999;0.131699994;0.143299997;0.126800001;0.127299994
196823.1;0.623399973;0.786199987;0.794399977;0.776499987;0.764900029;0.758000016;0.766600013;0.780300021;0.0854;0.391499996;0.46360001;0.550700009;0.398600012;0.376100004;0.36500001;0.360599995;0.356000006;0.080399998;0.108800001;0.182400003;0.179399997;0.193499997;0.166600004;0.192000002;0.127499998;0.154599994;0.078500003;0.497299999;0.742799997;0.734899998;0.726400018;0.728200018;0.725600004;0.80250001;0.729200006;0.085100003;0.331999987;0.382200003;0.366600007;0.3671;0.373899996;0.365399987;0.363900006;0.367199987;0.080899999;0.104500003;0.163399994;0.160099998;0.125599995;0.118000001;0.140499994;0.141299993;0.150999993;0.079599999;0.497599989;0.757799983;0.748600006;0.746599972;0.756699979;0.801100016;0.833299994;0.804099977;0.085100003;0.326999992;0.388799995;0.386000007;0.381599993;0.385500014;0.384200007;0.389299989;0.387100011;0.079800002;0.0898;0.119599998;0.102300003;0.117799997;0.109399997;0.134100005;0.135800004;0.147100002;0.079899997;0.125;0.160500005;0.161599994;0.120800003;0.114399999;0.121399999;0.123099998;0.126900002;0.0867;0.114100002;0.143700004;0.130400002;0.143000007;0.126000002;0.125599995
197423.2;0.624000013;0.785600007;0.794799984;0.777800024;0.764800012;0.7597;0.76819998;0.782199979;0.0854;0.390500009;0.456499994;0.539900005;0.406300008;0.377700001;0.364499986;0.359800011;0.354699999;0.080300003;0.108400002;0.181999996;0.1787;0.192599997;0.165199995;0.190899998;0.127499998;0.154400006;0.078299999;0.496699989;0.743099988;0.735700011;0.727400005;0.728399992;0.726000011;0.806200027;0.735199988;0.084600002;0.339399993;0.385500014;0.36649999;0.368099988;0.373400003;0.364899993;0.363499999;0.367799997;0.081200004;0.107199997;0.167999998;0.157800004;0.125300005;0.117399998;0.140300006;0.140799999;0.149800003;0.078900002;0.497000009;0.759299994;0.752300024;0.753400028;0.760900021;0.801100016;0.833899975;0.804700017;0.083999999;0.324900001;0.386999995;0.384000003;0.380499989;0.384200007;0.385100007;0.397000015;0.393400013;0.078900002;0.088699996;0.119000003;0.101400003;0.117299996;0.1083;0.133699998;0.137600005;0.151600003;0.083400004;0.135000005;0.169;0.159600005;0.1259;0.112300001;0.117299996;0.119999997;0.128999993;0.0854;0.1131;0.144600004;0.129500002;0.1435;0.123800002;0.123400003
198023.3;0.62379998;0.78490001;0.795000017;0.776799977;0.764100015;0.75880003;0.769400001;0.783800006;0.085500002;0.389499992;0.453099996;0.5352;0.407900006;0.377600014;0.364100009;0.359200001;0.352600008;0.081;0.108800001;0.180700004;0.178399995;0.192399994;0.163800001;0.189500004;0.128600001;0.156000003;0.079000004;0.495700002;0.742500007;0.735099971;0.728699982;0.729099989;0.726499975;0.8046;0.732800007;0.085600004;0.339899987;0.386599988;0.367900014;0.368600011;0.372500002;0.364899993;0.364499986;0.367500007;0.081500001;0.1043;0.160400003;0.158000007;0.126900002;0.118900001;0.142199993;0.142299995;0.151700005;0.080300003;0.497399986;0.759299994;0.750899971;0.747500002;0.758700013;0.80339998;0.833299994;0.805499971;0.085699998;0.327199996;0.389400005;0.385899991;0.383599997;0.385500014;0.383599997;0.385199994;0.382200003;0.080600001;0.090300001;0.1206;0.103;0.118500002;0.109800003;0.136000007;0.137999997;0.149800003;0.079800002;0.119499996;0.151600003;0.161300004;0.120300002;0.1118;0.119199999;0.123000003;0.133100003;0.087499999;0.115699999;0.147200003;0.132100001;0.145400003;0.125400007;0.125100002
198623.3;0.622399986;0.78609997;0.79610002;0.779100001;0.764199972;0.759199977;0.769900024;0.782899976;0.085500002;0.387800008;0.455300003;0.541999996;0.405099988;0.377099991;0.364499986;0.359100014;0.352699995;0.080700003;0.108800001;0.181500003;0.178200006;0.192000002;0.163900003;0.190599993;0.128399998;0.156299993;0.079000004;0.494899988;0.742799997;0.735599995;0.729600012;0.729200006;0.726599991;0.803600013;0.734000027;0.085500002;0.337500006;0.386200011;0.368299991;0.368999988;0.373400003;0.365399987;0.364399999;0.367300004;0.0814;0.104400001;0.160300002;0.158899993;0.126300007;0.118500002;0.142499998;0.142900005;0.151999995;0.080200002;0.495599985;0.760500014;0.751399994;0.74879998;0.756799996;0.804799974;0.834299982;0.805800021;0.085500002;0.326999992;0.390799999;0.386599988;0.38319999;0.386299998;0.384900004;0.386500001;0.382099986;0.080300003;0.090000004;0.120099999;0.102600001;0.118000001;0.109399997;0.135800004;0.137400001;0.149299994;0.079400003;0.1193;0.152199998;0.161300004;0.129500002;0.118600003;0.121600002;0.120800003;0.129299998;0.087099999;0.114699997;0.145600006;0.131699994;0.143700004;0.125799999;0.125200003
199223.3;0.622399986;0.787599981;0.796299994;0.779299974;0.766099989;0.7597;0.769200027;0.783800006;0.085500002;0.387100011;0.456;0.54339999;0.4005;0.37529999;0.363299996;0.35800001;0.351999998;0.080700003;0.1087;0.180600002;0.178299993;0.191799998;0.164000005;0.190300003;0.1285;0.156200007;0.078900002;0.493600011;0.741699994;0.735800028;0.728900015;0.728500009;0.726800025;0.80250001;0.734099984;0.085600004;0.334100008;0.383700013;0.365500003;0.3662;0.370999992;0.362800002;0.361799985;0.36469999;0.081500001;0.104400001;0.160500005;0.158800006;0.126499996;0.118900001;0.142399997;0.142900005;0.151899993;0.080200002;0.494100004;0.758899987;0.750999987;0.747399986;0.757700026;0.804700017;0.835600019;0.808200002;0.085500002;0.325300008;0.389499992;0.384900004;0.381099999;0.3838;0.383399993;0.385199994;0.381900012;0.080399998;0.0902;0.120499998;0.102799997;0.1184;0.109800003;0.135600001;0.137199998;0.148599997;0.079800002;0.119499996;0.152199998;0.161300004;0.121399999;0.111900002;0.119599998;0.128700003;0.127700001;0.087300003;0.114699997;0.145500004;0.131699994;0.143299997;0.125699997;0.125799999
199823.3;0.622600019;0.787500024;0.797100008;0.779100001;0.766900003;0.759599984;0.770299971;0.7852;0.085500002;0.388000011;0.458999991;0.546800017;0.400299996;0.373800009;0.361900002;0.357499987;0.351900011;0.080799997;0.108800001;0.180800006;0.177399993;0.191499993;0.163900003;0.190899998;0.128900006;0.156299993;0.0792;0.493400007;0.743099988;0.732299984;0.728799999;0.728900015;0.726899981;0.803499997;0.733900011;0.085699998;0.334199995;0.382999986;0.364899993;0.36559999;0.371600002;0.363099992;0.361799985;0.364399999;0.081600003;0.104599997;0.160799995;0.159099996;0.126499996;0.1193;0.1426;0.142900005;0.151800007;0.080399998;0.493299991;0.75849998;0.750999987;0.745599985;0.757700026;0.805100024;0.833800018;0.805899978;0.0858;0.324400008;0.388099998;0.383399993;0.379099995;0.381999999;0.381599993;0.38319999;0.380100012;0.080600001;0.090499997;0.120700002;0.103200004;0.118699998;0.110100001;0.135399997;0.136899993;0.148100004;0.079999998;0.1197;0.152899995;0.161500007;0.119999997;0.111100003;0.123499997;0.121600002;0.132599995;0.087499999;0.114500001;0.145899996;0.131699994;0.143299997;0.126100004;0.126100004
200423.3;0.621699989;0.787500024;0.797100008;0.779200017;0.768299997;0.7597;0.771899998;0.78579998;0.085500002;0.387300014;0.458900005;0.550000012;0.399500012;0.372900009;0.361299992;0.356900007;0.351000011;0.080799997;0.108999997;0.180999994;0.177399993;0.191300005;0.1646;0.190899998;0.128900006;0.155599996;0.0788;0.492399991;0.745400012;0.73269999;0.729900002;0.729499996;0.726300001;0.80250001;0.737399995;0.0858;0.331699997;0.379999995;0.363000005;0.364399999;0.370700002;0.362199992;0.360799998;0.363900006;0.081699997;0.104800001;0.161799997;0.158099994;0.126699999;0.119199999;0.142399997;0.142700002;0.151800007;0.080499999;0.492300004;0.760100007;0.752300024;0.745500028;0.758700013;0.807099998;0.835699975;0.807600021;0.086000003;0.323599994;0.385399997;0.381099999;0.377099991;0.380400002;0.379099995;0.381199986;0.378899992;0.080700003;0.090899996;0.120999999;0.103399999;0.119000003;0.110399999;0.135399997;0.136899993;0.147799999;0.079700001;0.120099999;0.153600007;0.160999998;0.125;0.121699996;0.124300003;0.122299999;0.128199995;0.087700002;0.1149;0.145999998;0.131799996;0.143199995;0.126599997;0.126300007
201023.3;0.624000013;0.791700006;0.797800004;0.782700002;0.770699978;0.765900016;0.774100006;0.788600028;0.085500002;0.387600005;0.458099991;0.548799992;0.397100002;0.370999992;0.360399991;0.355399996;0.349900007;0.080899999;0.109300002;0.181899995;0.177000001;0.1919;0.164199993;0.190400004;0.128700003;0.156200007;0.079099998;0.4921;0.746200025;0.733399987;0.730700016;0.730099976;0.727699995;0.804400027;0.7403;0.085900001;0.32949999;0.377400011;0.362300009;0.362699986;0.368999988;0.360799998;0.360300004;0.361699998;0.082000002;0.104599997;0.161500007;0.157900006;0.126300007;0.119199999;0.142800003;0.143000007;0.1523;0.080600001;0.492000014;0.760299981;0.752499998;0.745800018;0.759800017;0.808000028;0.834299982;0.807099998;0.086099997;0.322400004;0.382600009;0.379500002;0.376100004;0.378800005;0.377000004;0.379500002;0.376599997;0.080700003;0.090599999;0.120899998;0.103500001;0.119000003;0.110399999;0.135399997;0.136999995;0.148300007;0.0801;0.1206;0.156599998;0.160799995;0.121200003;0.111000001;0.119900003;0.121299997;0.129099995;0.087800004;0.114600003;0.146400005;0.131799996;0.143600002;0.126399994;0.126200005
201623.5;0.621599972;0.789099991;0.79549998;0.778699994;0.769500017;0.762000024;0.771899998;0.786599994;0.0854;0.387499988;0.45449999;0.548600018;0.394899994;0.370499998;0.358900011;0.354499996;0.347900003;0.080899999;0.109499998;0.182400003;0.177900001;0.193299994;0.163699999;0.190599993;0.128900006;0.156499997;0.0792;0.491400003;0.746900022;0.735800028;0.730000019;0.7324;0.726999998;0.80430001;0.740700006;0.085900001;0.328599989;0.377299994;0.361600012;0.362100005;0.367399991;0.359899998;0.358599991;0.361400008;0.081699997;0.104900002;0.160899997;0.157600001;0.126599997;0.119599998;0.143099993;0.143399999;0.152899995;0.080700003;0.490999997;0.760999978;0.753799975;0.745800018;0.762499988;0.809300005;0.836000025;0.809099972;0.086199999;0.321799994;0.382400006;0.379299998;0.37470001;0.377999991;0.375200003;0.378600001;0.375400007;0.080899999;0.090599999;0.121200003;0.103699997;0.119199999;0.110399999;0.136000007;0.137400001;0.148399994;0.0801;0.1206;0.153899997;0.160899997;0.136000007;0.112999998;0.119999997;0.123000003;0.128299996;0.088;0.114799999;0.146200001;0.131899998;0.143600002;0.126399994;0.126200005
202223.5;0.621900022;0.787699997;0.797500014;0.778699994;0.768700004;0.764299989;0.773199975;0.789399981;0.085900001;0.386700004;0.456699997;0.548799992;0.393999994;0.369899988;0.357600003;0.353199989;0.347200006;0.081699997;0.110600002;0.182999998;0.178200006;0.193399996;0.165099993;0.192300007;0.1294;0.156800002;0.079599999;0.490799993;0.748199999;0.736699998;0.727599978;0.734200001;0.727800012;0.804199994;0.741900027;0.086099997;0.327600002;0.3759;0.360000014;0.360700011;0.366299987;0.359100014;0.357600003;0.360100001;0.082000002;0.104800001;0.162100002;0.157700002;0.126699999;0.1197;0.142800003;0.143000007;0.152500004;0.080399998;0.490399987;0.761799991;0.754400015;0.747500002;0.763300002;0.81099999;0.837700009;0.811600029;0.0854;0.320899993;0.381300002;0.377700001;0.374599993;0.377000004;0.374599993;0.377099991;0.374000013;0.080399998;0.0898;0.1206;0.102899998;0.118199997;0.109399997;0.135199994;0.136800006;0.148300007;0.079300001;0.119900003;0.153200001;0.159700006;0.119800001;0.128900006;0.118600003;0.121299997;0.127299994;0.086499996;0.113700002;0.144899994;0.130700007;0.142399997;0.125599995;0.125699997
202823.6;0.620999992;0.788299978;0.797699988;0.779200017;0.76819998;0.763899982;0.773699999;0.789099991;0.085299999;0.3838;0.452100009;0.537999988;0.398799986;0.369399995;0.35589999;0.351099998;0.345099986;0.080300003;0.109399997;0.181700006;0.177000001;0.192100003;0.164199993;0.190099999;0.128199995;0.155399993;0.078299999;0.488400012;0.747799993;0.737100005;0.726700008;0.735899985;0.728900015;0.806200027;0.74849999;0.084799998;0.332100004;0.37650001;0.3583;0.358999997;0.364899993;0.3565;0.356900007;0.358500004;0.081299998;0.106600001;0.168200001;0.156200007;0.125699997;0.118299998;0.1417;0.142000005;0.151600003;0.0792;0.488999993;0.763499975;0.75819999;0.755100012;0.770399988;0.810500026;0.836700022;0.810800016;0.0845;0.318599999;0.380199999;0.376100004;0.372599989;0.374500006;0.376899987;0.386999995;0.386500001;0.079300001;0.089000002;0.119900003;0.101999998;0.118199997;0.108999997;0.135700002;0.138600007;0.152999997;0.083800003;0.135199994;0.169599995;0.158700004;0.122199997;0.110100001;0.118500002;0.121699996;0.148499995;0.086099997;0.113600001;0.145699993;0.129700005;0.143099993;0.125400007;0.123800002
203423.6;0.620599985;0.789099991;0.799399972;0.780799985;0.7676;0.763400018;0.773599982;0.788699985;0.085500002;0.379099995;0.445600003;0.530300021;0.408899993;0.371300012;0.355699986;0.350800008;0.344300002;0.080799997;0.1096;0.181600004;0.176300004;0.191599995;0.162200004;0.188500002;0.129299998;0.157000005;0.078900002;0.488599986;0.750500023;0.738699973;0.729799986;0.736599982;0.730300009;0.804499984;0.744300008;0.085600004;0.338200003;0.379000008;0.358599991;0.361099988;0.366400003;0.35769999;0.3565;0.358999997;0.081600003;0.107299998;0.164100006;0.158000007;0.127299994;0.1193;0.143399999;0.143800005;0.152899995;0.080300003;0.489300013;0.762899995;0.757799983;0.75819999;0.768400013;0.81099999;0.837000012;0.811999977;0.085699998;0.320899993;0.382800013;0.377299994;0.373899996;0.3759;0.376199991;0.389400005;0.388200015;0.080499999;0.090499997;0.121399999;0.103500001;0.119199999;0.109899998;0.137899995;0.139599994;0.1523;0.084700003;0.138500005;0.170599997;0.159199998;0.123899996;0.116599999;0.122199997;0.121799998;0.127800003;0.087700002;0.115699999;0.148200005;0.132499993;0.145699993;0.125200003;0.125400007
204023.6;0.617900014;0.78640002;0.799199998;0.777800024;0.768999994;0.761900008;0.773699999;0.788500011;0.085500002;0.379299998;0.44659999;0.534200013;0.404300004;0.370599985;0.355399996;0.350600004;0.343899995;0.080700003;0.109099999;0.180800006;0.176899999;0.190099999;0.161500007;0.189500004;0.129500002;0.1567;0.078699999;0.487300009;0.749499977;0.738099992;0.730499983;0.737600029;0.729799986;0.803300023;0.745100021;0.085500002;0.336699992;0.380299985;0.359499991;0.361499995;0.366400003;0.35769999;0.356099993;0.357899994;0.081299998;0.1043;0.1602;0.157700002;0.127200007;0.1193;0.143399999;0.143999994;0.153200001;0.079999998;0.487399995;0.760999978;0.756299973;0.753899992;0.765500009;0.813399971;0.835799992;0.811200023;0.085600004;0.32069999;0.382600009;0.376700014;0.373899996;0.375699997;0.375200003;0.377299994;0.376100004;0.080200002;0.089900002;0.120899998;0.102700002;0.118600003;0.109499998;0.137799993;0.139200002;0.151500002;0.079400003;0.119499996;0.151600003;0.159299999;0.122900002;0.111500002;0.123800002;0.1219;0.140100002;0.087200001;0.114799999;0.146799996;0.132100001;0.144500002;0.125100002;0.125300005
204623.7;0.618600011;0.787800014;0.800100029;0.7773;0.76910001;0.766799986;0.775200009;0.792200029;0.0854;0.381099999;0.453200012;0.542500019;0.397799999;0.367399991;0.353799999;0.349900007;0.342900008;0.080799997;0.108999997;0.180399999;0.176599994;0.190400004;0.161799997;0.190099999;0.129600003;0.157000005;0.078900002;0.486400008;0.749800026;0.737999976;0.7324;0.734099984;0.729399979;0.80430001;0.744000018;0.085500002;0.332599998;0.37650001;0.357600003;0.359899998;0.36469999;0.356000006;0.355800003;0.357300013;0.0814;0.104000002;0.159500003;0.157199994;0.127000004;0.119599998;0.143800005;0.144099995;0.153200001;0.080200002;0.487199992;0.762000024;0.755800009;0.752300024;0.766099989;0.813499987;0.836600006;0.812699974;0.085500002;0.320600003;0.3829;0.376199991;0.373400003;0.375;0.374300003;0.375800014;0.375800014;0.080300003;0.090099998;0.121200003;0.103;0.118900001;0.109800003;0.1373;0.138699993;0.1505;0.079400003;0.119999997;0.152600005;0.159500003;0.122299999;0.111400001;0.120300002;0.122599997;0.128800005;0.087399997;0.115199998;0.146500006;0.131899998;0.143800005;0.125499994;0.126100004
205223.9;0.617699981;0.790700018;0.802100003;0.782999992;0.769699991;0.769800007;0.77579999;0.790899992;0.0854;0.382200003;0.452800006;0.54610002;0.396899998;0.366899997;0.354600012;0.350100011;0.342599988;0.080799997;0.1096;0.181400001;0.176799998;0.192200005;0.161699995;0.189500004;0.129500002;0.157199994;0.078900002;0.485799998;0.750699997;0.74000001;0.732599974;0.731899977;0.731299996;0.80339998;0.744400024;0.085699998;0.328799993;0.374599993;0.356400013;0.358099997;0.362699986;0.355500013;0.354600012;0.356400013;0.081500001;0.104400001;0.160300002;0.158099994;0.126800001;0.119599998;0.143700004;0.144400001;0.153300002;0.080300003;0.486299992;0.758899987;0.756900012;0.752499998;0.765999973;0.813799977;0.836499989;0.812600017;0.085699998;0.319200009;0.379099995;0.374599993;0.371399999;0.372700006;0.372200012;0.374900013;0.373299986;0.080499999;0.090099998;0.121399999;0.103399999;0.119199999;0.110100001;0.137099996;0.138300002;0.149800003;0.079599999;0.120099999;0.153300002;0.159700006;0.119499996;0.116999999;0.122299999;0.121100001;0.128600001;0.0876;0.115400001;0.1461;0.131999999;0.143199995;0.126000002;0.126499996
205824;0.61559999;0.789900005;0.800999999;0.783500016;0.772199988;0.769299984;0.774999976;0.790000021;0.0854;0.380699992;0.454899997;0.547800004;0.393299997;0.365200013;0.352100015;0.3486;0.341500014;0.080799997;0.1096;0.181700006;0.177200004;0.192200005;0.162699997;0.191200003;0.1294;0.157299995;0.079099998;0.484899998;0.75120002;0.739000022;0.732800007;0.73210001;0.728900015;0.80309999;0.745299995;0.0858;0.328700006;0.372599989;0.355100006;0.357199997;0.362399995;0.354400009;0.353399992;0.355100006;0.081600003;0.104800001;0.160699993;0.158800006;0.126900002;0.119599998;0.143900007;0.144500002;0.153099999;0.080499999;0.485399991;0.760299981;0.75880003;0.752900004;0.767400026;0.814599991;0.837800026;0.813799977;0.085900001;0.318500012;0.378699988;0.374300003;0.369300008;0.371499985;0.371100008;0.373100013;0.372000009;0.080799997;0.090599999;0.1219;0.1039;0.119400002;0.110399999;0.137400001;0.138500005;0.150199994;0.080200002;0.120700002;0.154300004;0.160400003;0.120899998;0.112400003;0.121399999;0.1215;0.131200001;0.087700002;0.115000002;0.145899996;0.131799996;0.1435;0.126200005;0.127000004
206424;0.614700019;0.790400028;0.801400006;0.785099983;0.772199988;0.769599974;0.775600016;0.791499972;0.085500002;0.379900008;0.4551;0.551299989;0.394300014;0.364499986;0.350899994;0.34799999;0.340600014;0.080899999;0.110100001;0.182799995;0.177200004;0.192599997;0.163000003;0.191;0.1294;0.157399997;0.079000004;0.483999997;0.75059998;0.740499973;0.733500004;0.73269999;0.730300009;0.802900016;0.744000018;0.0858;0.327600002;0.370900005;0.352800012;0.3565;0.361299992;0.353599995;0.352499992;0.355100006;0.081699997;0.104599997;0.161500007;0.158299997;0.126900002;0.119800001;0.144199997;0.144899994;0.153699994;0.080600001;0.485000014;0.763300002;0.758000016;0.753300011;0.768000007;0.815699995;0.835699975;0.812099993;0.086000003;0.317200005;0.375200003;0.371300012;0.367000014;0.370099992;0.368299991;0.370799989;0.370599985;0.080799997;0.090400003;0.122000001;0.1039;0.1197;0.110600002;0.137500003;0.138600007;0.1505;0.080200002;0.121200003;0.154300004;0.160400003;0.134499997;0.112400003;0.121100001;0.124499999;0.1329;0.087899998;0.115099996;0.1461;0.132200003;0.143800005;0.126399994;0.126900002
207024;0.614300013;0.791700006;0.802699983;0.784500003;0.772000015;0.770799994;0.77700001;0.791899979;0.085500002;0.381199986;0.454600006;0.551800013;0.393299997;0.363700002;0.350300014;0.347600013;0.33950001;0.080899999;0.110600002;0.182699993;0.177599996;0.193000004;0.163499996;0.191400006;0.1294;0.157100007;0.079099998;0.482800007;0.750100017;0.740700006;0.734200001;0.733799994;0.730099976;0.8028;0.742799997;0.085900001;0.325599998;0.370099992;0.351999998;0.355300009;0.359600008;0.352299988;0.352100015;0.352899998;0.081900001;0.104999997;0.161500007;0.157800004;0.127399996;0.120200001;0.143700004;0.143999994;0.153099999;0.080700003;0.484499991;0.766200006;0.758400023;0.753700018;0.769999981;0.817700028;0.838500023;0.814800024;0.086199999;0.317000002;0.37470001;0.370900005;0.367399991;0.368299991;0.367199987;0.369800001;0.369899988;0.081;0.090599999;0.122299999;0.1043;0.119800001;0.110799998;0.137700006;0.138999999;0.150399998;0.080399998;0.121600002;0.154499993;0.160500005;0.121600002;0.112199999;0.120999999;0.122699998;0.129700005;0.088100001;0.115800001;0.146599993;0.132499993;0.144500002;0.126499996;0.127100006
207624.2;0.614000022;0.792500019;0.803799987;0.785700023;0.772499979;0.772400022;0.776799977;0.792400002;0.0854;0.379500002;0.450300008;0.548500001;0.392500013;0.363400012;0.351099998;0.346599996;0.33860001;0.080899999;0.111000001;0.184;0.178100005;0.192900002;0.163200006;0.191400006;0.129199997;0.157399997;0.0792;0.482800007;0.751800001;0.743399978;0.736100018;0.735800028;0.732900023;0.8028;0.745100021;0.085900001;0.323500007;0.369100004;0.352499992;0.354200006;0.358900011;0.351300001;0.351900011;0.351999998;0.081799999;0.104999997;0.162200004;0.158700004;0.127000004;0.119999997;0.144600004;0.144899994;0.153999999;0.080700003;0.483799994;0.765900016;0.759800017;0.754800022;0.770500004;0.818199992;0.83890003;0.815299988;0.086099997;0.316100001;0.373699993;0.370400012;0.3671;0.368400007;0.36680001;0.369500011;0.367700011;0.081;0.090300001;0.122000001;0.104099996;0.119599998;0.110399999;0.138300002;0.139500007;0.151600003;0.080200002;0.121799998;0.154400006;0.160400003;0.129199997;0.112499997;0.1193;0.122199997;0.133200005;0.088;0.115800001;0.146699995;0.131699994;0.144999996;0.126200005;0.126699999
208224.2;0.614300013;0.794399977;0.806299984;0.788800001;0.775200009;0.775099993;0.778599977;0.792900026;0.085199997;0.381199986;0.451000005;0.546599984;0.39230001;0.362100005;0.349000007;0.344399989;0.337300003;0.080300003;0.110600002;0.183300003;0.177000001;0.192100003;0.163299993;0.190899998;0.128299996;0.157000005;0.078299999;0.4815;0.751399994;0.742699981;0.735199988;0.735400021;0.732500017;0.80369997;0.745700002;0.084799998;0.325700015;0.368699998;0.350800008;0.353500009;0.357600003;0.350400001;0.351099998;0.351500005;0.080700003;0.103600003;0.160400003;0.1558;0.125799999;0.118699998;0.142900005;0.143299997;0.152099997;0.079300001;0.4824;0.768400013;0.760699987;0.7579;0.773800015;0.820100009;0.83859998;0.815199971;0.084600002;0.3134;0.370999992;0.368499994;0.36500001;0.366400003;0.364899993;0.371699989;0.371300012;0.079800002;0.088799998;0.120399997;0.102499999;0.118100002;0.108900003;0.136600003;0.137700006;0.149900004;0.079700001;0.126100004;0.158899993;0.158299997;0.122699998;0.109099999;0.116499998;0.121200003;0.127299994;0.086300001;0.113499999;0.145600006;0.130999997;0.144500002;0.124499999;0.124799997
208824.3;0.612399995;0.793799996;0.804700017;0.789099991;0.773199975;0.774399996;0.778299987;0.791700006;0.085199997;0.377799988;0.444599986;0.5352;0.4023;0.363900006;0.348500013;0.343400002;0.335999995;0.080300003;0.110100001;0.182099998;0.176699996;0.191699997;0.161699995;0.187999994;0.128600001;0.157100007;0.078100003;0.48120001;0.753199995;0.744099975;0.736299992;0.736199975;0.735099971;0.807099998;0.753899992;0.084700003;0.331900001;0.371800005;0.350499988;0.352699995;0.35710001;0.349900007;0.3495;0.350499988;0.081600003;0.108099997;0.169200003;0.155200005;0.1259;0.118199997;0.142800003;0.143199995;0.151600003;0.078900002;0.481599987;0.769500017;0.764500022;0.761600018;0.779100001;0.817499995;0.837400019;0.814800024;0.084200002;0.312599987;0.370200008;0.367000014;0.364899993;0.36469999;0.368000001;0.381199986;0.381900012;0.079000004;0.088200003;0.120200001;0.102300003;0.118699998;0.1087;0.137500003;0.143800005;0.157299995;0.085699998;0.140300006;0.172000006;0.157499999;0.120099999;0.129700005;0.117200002;0.119400002;0.127599999;0.085699998;0.113300003;0.145999998;0.130099997;0.144600004;0.123199999;0.123300001
209424.4;0.610599995;0.794099987;0.805800021;0.789099991;0.772599995;0.774699986;0.779299974;0.791899979;0.0854;0.374900013;0.439500004;0.530300021;0.403200001;0.364100009;0.348199993;0.342400014;0.334800005;0.080700003;0.110200003;0.181700006;0.177200004;0.191499993;0.1602;0.188099995;0.129800007;0.158000007;0.079000004;0.480100006;0.751999974;0.743600011;0.736800015;0.736199975;0.73299998;0.802600026;0.746800005;0.085500002;0.333799988;0.3741;0.351599991;0.353799999;0.357499987;0.349099994;0.3495;0.3495;0.0814;0.104199998;0.158800006;0.156200007;0.127700001;0.119800001;0.144700006;0.144700006;0.153099999;0.080200002;0.481099993;0.76880002;0.761200011;0.755100012;0.770900011;0.820100009;0.839299977;0.817600012;0.085500002;0.315299988;0.375999987;0.370900005;0.367799997;0.368200004;0.367500007;0.369399995;0.368999988;0.080399998;0.089900002;0.121600002;0.103100002;0.119199999;0.109800003;0.1391;0.140200004;0.152700007;0.079999998;0.119900003;0.150700003;0.159400001;0.119900003;0.1228;0.124399997;0.120999999;0.128099993;0.087399997;0.115099996;0.147599995;0.132400006;0.145999998;0.123999998;0.125400007
210024.6;0.60860002;0.79400003;0.806599975;0.787;0.773400009;0.775300026;0.778900027;0.792599976;0.0854;0.37650001;0.44569999;0.539600015;0.398799986;0.362300009;0.347600013;0.342599988;0.335500002;0.080700003;0.109999999;0.181400001;0.176899999;0.190899998;0.160500005;0.190200001;0.129899994;0.158299997;0.078900002;0.479400009;0.752900004;0.743499994;0.736599982;0.737600029;0.732900023;0.801900029;0.748000026;0.0854;0.330199987;0.371300012;0.349999994;0.353300005;0.357899994;0.349299997;0.348699987;0.349799991;0.081299998;0.103799999;0.158500001;0.157700002;0.127200007;0.119400002;0.144899994;0.145199999;0.152999997;0.079999998;0.479999989;0.767700016;0.760200024;0.756099999;0.770900011;0.819999993;0.838100016;0.815999985;0.085299999;0.315200001;0.37650001;0.370499998;0.366600007;0.368099988;0.366899997;0.369300008;0.368499994;0.080200002;0.089699998;0.121399999;0.102899998;0.119000003;0.109700002;0.138600007;0.139799997;0.152199998;0.079700001;0.119800001;0.150299996;0.1602;0.121600002;0.1105;0.119400002;0.122400001;0.136999995;0.087099999;0.114399999;0.146699995;0.131699994;0.145400003;0.124300003;0.125799999
210624.7;0.608500004;0.796500027;0.807200015;0.788800001;0.774900019;0.774399996;0.780399978;0.793600023;0.0854;0.376899987;0.449200004;0.543900013;0.395999998;0.361499995;0.346500009;0.342999995;0.335200012;0.080799997;0.109999999;0.181700006;0.176699996;0.190500006;0.160799995;0.190699995;0.129899994;0.158700004;0.079000004;0.479200006;0.753600001;0.744099975;0.737100005;0.738900006;0.734300017;0.801800013;0.75;0.085600004;0.328599989;0.369700015;0.349799991;0.353399992;0.35679999;0.348699987;0.34799999;0.34889999;0.0814;0.104000002;0.159299999;0.157800004;0.127100006;0.1197;0.145199999;0.145500004;0.153200001;0.080200002;0.479499996;0.76789999;0.760399997;0.756900012;0.773000002;0.820900023;0.837199986;0.814800024;0.085500002;0.314200014;0.373400003;0.368499994;0.364100009;0.366299987;0.365099996;0.368099988;0.367599994;0.080399998;0.089900002;0.121799998;0.103299998;0.119400002;0.109999999;0.138600007;0.139599994;0.1523;0.0801;0.1206;0.151299998;0.160999998;0.120700002;0.114100002;0.119499996;0.122199997;0.128399998;0.087300003;0.114799999;0.146699995;0.132100001;0.145400003;0.124799997;0.126200005
211224.7;0.60650003;0.795899987;0.807699978;0.789499998;0.772499979;0.775099993;0.781499982;0.791800022;0.0854;0.377900004;0.450599998;0.547900021;0.393900007;0.360399991;0.347600013;0.343100011;0.335000008;0.080799997;0.110600002;0.181899995;0.177300006;0.191699997;0.161599994;0.191100001;0.129600003;0.158800006;0.0788;0.478100002;0.753799975;0.744199991;0.738099992;0.738300025;0.734700024;0.801599979;0.750800014;0.085699998;0.327399999;0.367799997;0.349099994;0.352400005;0.356299996;0.348399997;0.348100007;0.348500013;0.081600003;0.104400001;0.159500003;0.157000005;0.127000004;0.1197;0.144999996;0.145300001;0.152999997;0.080399998;0.478700012;0.76789999;0.759899974;0.757099986;0.772300005;0.820299983;0.83859998;0.815599978;0.085699998;0.313199997;0.371800005;0.3671;0.364199996;0.365099996;0.363400012;0.3671;0.365999997;0.080600001;0.0902;0.121600002;0.103200004;0.119400002;0.109999999;0.137799993;0.139300004;0.151099995;0.079400003;0.121200003;0.151299998;0.160500005;0.1228;0.113799997;0.118600003;0.121200003;0.131600007;0.087499999;0.115000002;0.146899998;0.131899998;0.145300001;0.125;0.126000002
211824.8;0.607800007;0.799099982;0.811100006;0.790499985;0.775099993;0.778599977;0.784399986;0.793500006;0.085500002;0.378600001;0.448300004;0.547900021;0.39289999;0.358799994;0.346899986;0.342400014;0.334399998;0.080899999;0.110600002;0.182500005;0.177599996;0.1919;0.161500007;0.191400006;0.129600003;0.158800006;0.079099998;0.478399992;0.755800009;0.745299995;0.739300013;0.738499999;0.736100018;0.802600026;0.750899971;0.085699998;0.325899988;0.366600007;0.34889999;0.351799995;0.355599999;0.347600013;0.3477;0.348199993;0.081699997;0.104400001;0.159500003;0.156299993;0.127100006;0.119999997;0.144899994;0.144999996;0.153400004;0.080499999;0.478799999;0.770500004;0.762199998;0.75849998;0.774500012;0.823800027;0.840399981;0.817700028;0.085900001;0.311800003;0.370999992;0.36680001;0.363299996;0.364499986;0.362899989;0.3662;0.363900006;0.080700003;0.090300001;0.121799998;0.103500001;0.119400002;0.110200003;0.137700006;0.138999999;0.150800005;0.079899997;0.121200003;0.150800005;0.1602;0.125400007;0.111400001;0.118199997;0.123199999;0.153699994;0.087700002;0.114799999;0.146500006;0.133900002;0.144999996;0.124600001;0.126100004
212424.9;0.607500017;0.800300002;0.811200023;0.791199982;0.777199984;0.780300021;0.78549999;0.795400023;0.0854;0.378899992;0.450399995;0.550700009;0.3917;0.357899994;0.345099986;0.34040001;0.333299994;0.080899999;0.110799998;0.182699993;0.177000001;0.192100003;0.161400005;0.191100001;0.129700005;0.158399999;0.079099998;0.477600008;0.756299973;0.746999979;0.739499986;0.738099992;0.736500025;0.801900029;0.747799993;0.0858;0.321399987;0.363400012;0.345899999;0.348699987;0.353500009;0.345600009;0.345299989;0.346100003;0.081699997;0.1043;0.159999996;0.157399997;0.127000004;0.120099999;0.144500002;0.144899994;0.153099999;0.080499999;0.478199989;0.769299984;0.760900021;0.758000016;0.774100006;0.823599994;0.840200007;0.818899989;0.086000003;0.311199993;0.369599998;0.365200013;0.362599999;0.363799989;0.362500012;0.364899993;0.364499986;0.080799997;0.090400003;0.122000001;0.103799999;0.119599998;0.110399999;0.137700006;0.138899997;0.150600001;0.080200002;0.121200003;0.150999993;0.1602;0.121600002;0.112999998;0.117799997;0.121799998;0.130799994;0.087899998;0.114500001;0.147;0.130500004;0.144999996;0.124399997;0.126100004
213024.7;0.608399987;0.802399993;0.813600004;0.795099974;0.779999971;0.782100022;0.787599981;0.796000004;0.0854;0.379700005;0.449099988;0.549399972;0.389899999;0.357600003;0.344099998;0.339700013;0.332500011;0.080899999;0.110799998;0.182799995;0.177599996;0.192000002;0.161699995;0.191699997;0.129800007;0.158600003;0.0792;0.476500005;0.756500006;0.746900022;0.739099979;0.738399982;0.736400008;0.801800013;0.748000026;0.0858;0.323100001;0.363999993;0.346399993;0.3486;0.354200006;0.345499992;0.345400006;0.345899999;0.081799999;0.104400001;0.159600005;0.156100005;0.127100006;0.120099999;0.145099998;0.144999996;0.153500006;0.080700003;0.477800012;0.769999981;0.762199998;0.758700013;0.776000023;0.824299991;0.842999995;0.819899976;0.086099997;0.310600013;0.369100004;0.364600003;0.361400008;0.362399995;0.360900015;0.363200009;0.362399995;0.080799997;0.090499997;0.122199997;0.1039;0.1197;0.1105;0.137700006;0.1391;0.150800005;0.080499999;0.121200003;0.150600001;0.1602;0.121799998;0.112899996;0.118500002;0.125;0.134299994;0.088;0.114399999;0.147400007;0.140900001;0.144999996;0.124399997;0.126300007
213624.9;0.60619998;0.801999986;0.81279999;0.790400028;0.777999997;0.780399978;0.78609997;0.795599997;0.085500002;0.378300011;0.447299987;0.548900008;0.391299993;0.357600003;0.343800008;0.339300007;0.332100004;0.080899999;0.1109;0.1831;0.177000001;0.192000002;0.161500007;0.191599995;0.129800007;0.159299999;0.079099998;0.476200014;0.757499993;0.74849999;0.740100026;0.7403;0.738699973;0.801400006;0.75;0.085900001;0.3222;0.363299996;0.344999999;0.348199993;0.353399992;0.345499992;0.344799995;0.345299989;0.081799999;0.1043;0.160300002;0.157700002;0.127399996;0.120499998;0.144700006;0.144899994;0.153099999;0.080700003;0.476599991;0.771200001;0.763199985;0.759299994;0.7755;0.825699985;0.842499971;0.819199979;0.086099997;0.308800012;0.367900014;0.363599986;0.360000014;0.360700011;0.359499991;0.361200005;0.361999989;0.081;0.090400003;0.122299999;0.104000002;0.119900003;0.110699996;0.138400003;0.139400005;0.151299998;0.080600001;0.121200003;0.150399998;0.160400003;0.133900002;0.112400003;0.128399998;0.121799998;0.130999997;0.088100001;0.115000002;0.147400007;0.130500004;0.144999996;0.124499999;0.126599997
214224.9;0.606700003;0.801999986;0.814400017;0.796000004;0.779699981;0.783500016;0.787599981;0.797399998;0.085699998;0.377700001;0.450500011;0.552999973;0.391200006;0.356099993;0.342700005;0.338099986;0.331499994;0.081;0.111199997;0.183300003;0.177200004;0.1919;0.162;0.191799998;0.130199999;0.158700004;0.079099998;0.475100011;0.757799983;0.747900009;0.740499973;0.740100026;0.737800002;0.800999999;0.75059998;0.085600004;0.32190001;0.361299992;0.343699992;0.346799999;0.351799995;0.343800008;0.343100011;0.343400002;0.081299998;0.103699997;0.159700006;0.157399997;0.126599997;0.119800001;0.144199997;0.144199997;0.152199998;0.079700001;0.475499988;0.771799982;0.763300002;0.759599984;0.776000023;0.826099992;0.842999995;0.819800019;0.084399998;0.307999998;0.367000014;0.362300009;0.3583;0.359299988;0.357600003;0.359699994;0.360500008;0.079499997;0.088699996;0.1206;0.102200001;0.118199997;0.108800001;0.136199996;0.137199998;0.149000004;0.078400001;0.1193;0.148399994;0.157900006;0.129099995;0.110699996;0.115599997;0.119599998;0.128299996;0.085600004;0.112300001;0.145099998;0.128600001;0.142399997;0.122000001;0.124399997
214825;0.604600012;0.80309999;0.813799977;0.795799971;0.781199992;0.784600019;0.788399994;0.796899974;0.085199997;0.375200003;0.446200013;0.540499985;0.399300009;0.358099997;0.342700005;0.337399989;0.329899997;0.080300003;0.110299997;0.182799995;0.176300004;0.190200001;0.161500007;0.189300001;0.129600003;0.157800004;0.078299999;0.473800004;0.7579;0.746599972;0.74119997;0.740499973;0.739600003;0.804099977;0.757600009;0.084799998;0.327499986;0.363200009;0.342700005;0.346399993;0.350899994;0.343300015;0.342599988;0.343100011;0.081200004;0.1061;0.166199997;0.155499995;0.126499996;0.119099997;0.1435;0.1435;0.1514;0.0792;0.475100011;0.774399996;0.76789999;0.766099989;0.785000026;0.825900018;0.844200015;0.818899989;0.084399998;0.307099998;0.36559999;0.362300009;0.3583;0.358700007;0.359699994;0.371199995;0.372399986;0.079300001;0.089000002;0.120800003;0.102499999;0.119099997;0.109200001;0.137199998;0.140499994;0.155000001;0.084299996;0.136700004;0.167699993;0.157499999;0.119999997;0.135700002;0.1162;0.119999997;0.128700003;0.086099997;0.112999998;0.146799996;0.130500004;0.142399997;0.1228;0.123899996
215425.1;0.603399992;0.805100024;0.814300001;0.797699988;0.780600011;0.784399986;0.788999975;0.795799971;0.0854;0.373400003;0.439599991;0.533500016;0.404000014;0.35800001;0.341800004;0.336400002;0.328099996;0.080799997;0.1105;0.181199998;0.176599994;0.189999998;0.159999996;0.190500006;0.130600005;0.158899993;0.078900002;0.473800004;0.758700013;0.747900009;0.741599977;0.74119997;0.74000001;0.801699996;0.752699971;0.085500002;0.332399994;0.366299987;0.344199985;0.347499996;0.350899994;0.342799991;0.343400002;0.342400014;0.081500001;0.106299996;0.161200002;0.155399993;0.127499998;0.120300002;0.145199999;0.145099998;0.152999997;0.080300003;0.475800008;0.773599982;0.768700004;0.767499983;0.785099983;0.826799989;0.846499979;0.823099971;0.085699998;0.308899999;0.367399991;0.363499999;0.361099988;0.360000014;0.360100001;0.37470001;0.374199986;0.080499999;0.0902;0.122000001;0.103500001;0.119599998;0.109999999;0.139200002;0.140400007;0.152899995;0.084600002;0.139699996;0.167300001;0.157800004;0.1259;0.1109;0.117899999;0.120999999;0.140599996;0.087700002;0.115199998;0.148599997;0.139699996;0.143199995;0.122100003;0.125
216025.1;0.599300027;0.804199994;0.814999998;0.797100008;0.782299995;0.785700023;0.790700018;0.796599984;0.0854;0.371199995;0.437099993;0.53490001;0.398999989;0.35710001;0.341699988;0.336299986;0.327399999;0.080700003;0.110100001;0.181299999;0.176400006;0.190300003;0.158299997;0.191200003;0.130500004;0.160300002;0.078900002;0.472799987;0.75910002;0.747900009;0.742399991;0.743499994;0.74000001;0.800599992;0.753000021;0.0854;0.328900009;0.365399987;0.344700009;0.347600013;0.350499988;0.342500001;0.341199994;0.342500001;0.081200004;0.103500001;0.156499997;0.156299993;0.127299994;0.119999997;0.145799994;0.145799994;0.152500004;0.079899997;0.473399997;0.773000002;0.763999999;0.761399984;0.778599977;0.825600028;0.841000021;0.816900015;0.085199997;0.309500009;0.368200004;0.363299996;0.360100001;0.360199988;0.357600003;0.362399995;0.361000001;0.0801;0.089299999;0.121299997;0.102700002;0.118699998;0.109099999;0.139400005;0.140400007;0.153500006;0.079400003;0.119800001;0.147300005;0.158199996;0.121100001;0.110600002;0.119000003;0.120399997;0.131699994;0.087099999;0.113899998;0.147;0.138799995;0.1426;0.121600002;0.125
216625.2;0.598500013;0.804899991;0.815999985;0.800000012;0.783399999;0.787599981;0.793200016;0.800000012;0.0854;0.372900009;0.444200009;0.542900026;0.393299997;0.355599999;0.340600014;0.335900009;0.326999992;0.080700003;0.109999999;0.181199998;0.176499993;0.190599993;0.158600003;0.191599995;0.130400002;0.161200002;0.079000004;0.47209999;0.75940001;0.75029999;0.742699981;0.743499994;0.740400016;0.801400006;0.754299998;0.085500002;0.324800014;0.362800002;0.342999995;0.346599996;0.349299997;0.342900008;0.341199994;0.342000008;0.081299998;0.103699997;0.156900004;0.157499999;0.127299994;0.120099999;0.146200001;0.146699995;0.153200001;0.0801;0.472600013;0.772800028;0.763199985;0.762700021;0.778800011;0.826399982;0.843500018;0.819100022;0.085299999;0.309500009;0.366899997;0.363299996;0.359400004;0.359600008;0.357600003;0.361999989;0.361499995;0.080200002;0.089500003;0.121600002;0.103;0.119199999;0.109399997;0.139200002;0.140100002;0.152899995;0.079599999;0.119999997;0.148000002;0.159099996;0.122000001;0.1131;0.121699996;0.122400001;0.129299998;0.087099999;0.114399999;0.146200001;0.140499994;0.142499998;0.122400001;0.125799999
217225.3;0.598699987;0.805000007;0.816799998;0.801900029;0.787299991;0.788800001;0.79430002;0.802100003;0.0854;0.373400003;0.444499999;0.545799971;0.389899999;0.353500009;0.339700013;0.335299999;0.326499999;0.080799997;0.1105;0.1822;0.177699998;0.191;0.159299999;0.193000004;0.130700007;0.160999998;0.079000004;0.47209999;0.760500014;0.750699997;0.743399978;0.745199978;0.74150002;0.800999999;0.755200028;0.085600004;0.322600007;0.361299992;0.342700005;0.345800012;0.348500013;0.341899991;0.340799987;0.340799987;0.081500001;0.103500001;0.157700002;0.157800004;0.127399996;0.120300002;0.147;0.146899998;0.153799996;0.080300003;0.4727;0.774299979;0.764400005;0.763899982;0.779600024;0.827700019;0.846000016;0.820200026;0.085500002;0.308999985;0.366100013;0.362199992;0.358700007;0.359100014;0.3574;0.361000001;0.361299992;0.080399998;0.089599997;0.1219;0.103399999;0.1193;0.109700002;0.1391;0.140100002;0.152500004;0.0801;0.120200001;0.148699999;0.159400001;0.119900003;0.110200003;0.117600001;0.121100001;0.130199999;0.087399997;0.114299998;0.145899996;0.137600005;0.142499998;0.122599997;0.126200005
217825.3;0.598399997;0.805599988;0.816200018;0.801199973;0.790600002;0.790000021;0.794700027;0.802100003;0.0854;0.374500006;0.446399987;0.549600005;0.390300006;0.353799999;0.340000004;0.335599989;0.326700002;0.080899999;0.110799998;0.182400003;0.177300006;0.191699997;0.159799993;0.193700001;0.130700007;0.161300004;0.079099998;0.471300006;0.760200024;0.75;0.744400024;0.744300008;0.742699981;0.800000012;0.755200028;0.085699998;0.319799989;0.3583;0.340499997;0.343899995;0.347799987;0.341300011;0.339700013;0.340200007;0.081600003;0.104000002;0.158399999;0.158399999;0.127599999;0.1206;0.146500006;0.146799996;0.153600007;0.080300003;0.471399993;0.772199988;0.763599992;0.762899995;0.776899993;0.827700019;0.844600022;0.817700028;0.085699998;0.308099985;0.364800006;0.361299992;0.356999993;0.357600003;0.355199993;0.358900011;0.359299988;0.080499999;0.089900002;0.122299999;0.103699997;0.119800001;0.110100001;0.1391;0.140000001;0.152199998;0.080300003;0.120700002;0.149299994;0.159700006;0.121600002;0.111000001;0.120499998;0.122199997;0.130400002;0.087499999;0.114200003;0.145999998;0.136099994;0.142499998;0.1228;0.126300007
218425.4;0.596400023;0.80369997;0.815400004;0.801400006;0.791800022;0.790400028;0.794700027;0.801400006;0.0854;0.37470001;0.44690001;0.551599979;0.388099998;0.353399992;0.338400006;0.334500015;0.325500011;0.080799997;0.110399999;0.182699993;0.178299993;0.191799998;0.160099998;0.194600001;0.130600005;0.1611;0.079099998;0.469900012;0.759599984;0.749199986;0.743200004;0.743399978;0.74119997;0.799300015;0.754999995;0.085699998;0.320100009;0.358599991;0.339700013;0.343600005;0.34709999;0.340299994;0.338999987;0.339100003;0.081699997;0.104000002;0.158299997;0.157299995;0.127599999;0.120700002;0.146799996;0.146599993;0.153400004;0.080499999;0.471300006;0.774200022;0.766099989;0.764500022;0.780200005;0.828700006;0.845000029;0.819100022;0.0858;0.307200015;0.363700002;0.360100001;0.355300009;0.356299996;0.355599999;0.358599991;0.358399987;0.080700003;0.089900002;0.122400001;0.103799999;0.119999997;0.110399999;0.138999999;0.139699996;0.151700005;0.080399998;0.1206;0.149499997;0.160099998;0.120099999;0.119000003;0.118500002;0.121600002;0.132699996;0.087700002;0.114399999;0.145999998;0.126599997;0.1426;0.122900002;0.126399994
219025.5;0.594399989;0.803799987;0.814400017;0.801800013;0.790499985;0.789499998;0.793099999;0.80250001;0.0854;0.375400007;0.447100013;0.549700022;0.388700008;0.352800012;0.33860001;0.333900005;0.325599998;0.080899999;0.111199997;0.183300003;0.177900001;0.191499993;0.159799993;0.195299998;0.130600005;0.160999998;0.079099998;0.469599992;0.760500014;0.749899983;0.743300021;0.743600011;0.741699994;0.798699975;0.757700026;0.0858;0.318399996;0.356999993;0.33860001;0.341699988;0.346599996;0.34009999;0.338699996;0.338800013;0.081799999;0.104199998;0.158800006;0.158500001;0.127599999;0.120899998;0.146699995;0.146599993;0.152999997;0.080600001;0.470699996;0.772700012;0.764800012;0.763100028;0.778400004;0.828100026;0.846800029;0.819999993;0.085900001;0.305999994;0.363000005;0.359499991;0.354900002;0.355800003;0.354900002;0.356900007;0.356700003;0.080799997;0.0902;0.122599997;0.104099996;0.120200001;0.110600002;0.139300004;0.140200004;0.152199998;0.080399998;0.121200003;0.149399996;0.160400003;0.122599997;0.112599999;0.118900001;0.121799998;0.131600007;0.087899998;0.114600003;0.145899996;0.137600005;0.1426;0.122900002;0.126599997
219625.5;0.592700005;0.805700004;0.814599991;0.801299989;0.790199995;0.790700018;0.793500006;0.80369997;0.085500002;0.374799997;0.447899997;0.552999973;0.389699996;0.352499992;0.338200003;0.332800001;0.325700015;0.080899999;0.111000001;0.1831;0.1778;0.1919;0.160999998;0.196400002;0.130199999;0.160699993;0.079000004;0.469099998;0.761200011;0.750400007;0.743700027;0.743700027;0.742299974;0.799099982;0.758400023;0.085900001;0.319299996;0.35620001;0.337599993;0.341600001;0.346899986;0.34009999;0.337399989;0.338;0.081799999;0.104199998;0.159099996;0.158600003;0.127399996;0.1206;0.146300003;0.146599993;0.152700007;0.080600001;0.469999999;0.774399996;0.765500009;0.761699975;0.779699981;0.829200029;0.847800016;0.820500016;0.086000003;0.306100011;0.363200009;0.360199988;0.354600012;0.355800003;0.354600012;0.355699986;0.3574;0.080899999;0.090300001;0.122100003;0.1039;0.120099999;0.110399999;0.139200002;0.140100002;0.152199998;0.0801;0.120999999;0.149700001;0.1602;0.141399994;0.137600005;0.1197;0.122199997;0.131400004;0.088;0.114399999;0.145699993;0.141299993;0.142100006;0.123000003;0.126300007
220225.6;0.591199994;0.807799995;0.815400004;0.804899991;0.791400015;0.792400002;0.796500027;0.805899978;0.0854;0.372799993;0.447400004;0.553200006;0.390199989;0.352999985;0.337599993;0.332599998;0.325199991;0.080899999;0.111299999;0.183200002;0.177499995;0.191400006;0.160799995;0.195099995;0.130500004;0.159799993;0.079099998;0.468699992;0.761399984;0.750899971;0.744799972;0.745999992;0.742600024;0.800000012;0.7579;0.0858;0.317999989;0.355399996;0.336699992;0.340700001;0.345899999;0.338499993;0.336699992;0.337500006;0.081799999;0.104199998;0.159199998;0.157600001;0.127399996;0.120800003;0.145699993;0.145899996;0.152899995;0.080700003;0.469500005;0.774100006;0.765200019;0.762799978;0.779699981;0.82980001;0.848200023;0.820299983;0.086099997;0.305599988;0.361999989;0.358500004;0.353500009;0.354900002;0.353100002;0.355199993;0.356400013;0.080899999;0.090300001;0.122000001;0.1039;0.1197;0.110299997;0.138899997;0.140000001;0.151899993;0.0801;0.1215;0.150399998;0.160099998;0.123199999;0.113399997;0.118500002;0.121699996;0.130500004;0.088100001;0.114799999;0.145600006;0.137099996;0.142100006;0.122699998;0.126300007
220825.7;0.592499971;0.806800008;0.818700016;0.806599975;0.792200029;0.79430002;0.796599984;0.807299972;0.085500002;0.374500006;0.448500007;0.555400014;0.388799995;0.352100015;0.337799996;0.332199991;0.324499995;0.080899999;0.111500002;0.183599994;0.177200004;0.190899998;0.160600007;0.195500001;0.130099997;0.159799993;0.0792;0.468100011;0.762399971;0.75120002;0.745700002;0.747399986;0.742999971;0.800300002;0.758099973;0.085900001;0.317200005;0.354600012;0.337399989;0.340200007;0.344000012;0.337700009;0.335799992;0.336400002;0.081900001;0.104099996;0.159199998;0.156499997;0.127100006;0.120700002;0.145999998;0.146300003;0.152999997;0.080700003;0.469099998;0.773899972;0.765100002;0.763800025;0.780700028;0.829699993;0.84799999;0.819400012;0.086099997;0.304899991;0.359699994;0.3574;0.352400005;0.353799999;0.351399988;0.354499996;0.353599995;0.080899999;0.090300001;0.122199997;0.104099996;0.119900003;0.1105;0.138999999;0.140200004;0.152199998;0.0801;0.122199997;0.150800005;0.159899995;0.123099998;0.112800002;0.118299998;0.123300001;0.132400006;0.088;0.114200003;0.145699993;0.130899996;0.142700002;0.122299999;0.1259
221425.6;0.590799987;0.810800016;0.82069999;0.808399975;0.79519999;0.796199977;0.797900021;0.809099972;0.085500002;0.37439999;0.445100009;0.549199998;0.390199989;0.352499992;0.337399989;0.33160001;0.324000001;0.080899999;0.111299999;0.183599994;0.176799998;0.191699997;0.160999998;0.195800006;0.129800007;0.160500005;0.0792;0.467900008;0.763300002;0.752099991;0.747300029;0.747600019;0.744300008;0.800000012;0.759500027;0.085900001;0.319299996;0.35589999;0.338099986;0.340700001;0.344999999;0.338200003;0.336400002;0.337099999;0.081900001;0.104500003;0.159199998;0.1567;0.127000004;0.120399997;0.146200001;0.146599993;0.153500006;0.080700003;0.467799991;0.774900019;0.764900029;0.763400018;0.779299974;0.82889998;0.84740001;0.817799985;0.086099997;0.30340001;0.358099997;0.356299996;0.350600004;0.352499992;0.349900007;0.352699995;0.353199989;0.080899999;0.0902;0.121699996;0.103699997;0.119499996;0.110100001;0.139599994;0.140200004;0.152799994;0.079999998;0.121799998;0.151199996;0.159600005;0.131600007;0.112599999;0.120899998;0.123199999;0.130199999;0.088200003;0.114100002;0.145799994;0.133100003;0.141200006;0.122000001;0.1259
222025.8;0.5898;0.808700025;0.820100009;0.807900012;0.79549998;0.795400023;0.797999978;0.808099985;0.085299999;0.372799993;0.444999993;0.548799992;0.389499992;0.351099998;0.335700005;0.32980001;0.321799994;0.080300003;0.110799998;0.183300003;0.176499993;0.190300003;0.159899995;0.194999993;0.1294;0.160400003;0.078400001;0.466600001;0.762799978;0.750800014;0.746500015;0.747500002;0.744400024;0.799199998;0.759899974;0.084799998;0.318199992;0.353599995;0.335200012;0.338400006;0.343300015;0.336499989;0.334600002;0.334399998;0.080700003;0.1039;0.160400003;0.155699998;0.126399994;0.119400002;0.144600004;0.144600004;0.151600003;0.079400003;0.467099994;0.776300013;0.76910001;0.767799973;0.78490001;0.831200004;0.850099981;0.821200013;0.084600002;0.3028;0.3583;0.355100006;0.350600004;0.351200014;0.351999998;0.358099997;0.360300004;0.079499997;0.088699996;0.120300002;0.102200001;0.118199997;0.1087;0.138300002;0.139699996;0.153099999;0.080899999;0.129800007;0.160099998;0.157900006;0.121299997;0.111299999;0.117700003;0.120899998;0.141800001;0.086499996;0.112499997;0.144899994;0.134000003;0.139500007;0.120399997;0.124399997
222626;0.589999974;0.810400009;0.822399974;0.806599975;0.796500027;0.797500014;0.799099982;0.809499979;0.085299999;0.369800001;0.441300005;0.539499998;0.400200009;0.352299988;0.335000008;0.328799993;0.321399987;0.080300003;0.110200003;0.182099998;0.176300004;0.189999998;0.159199998;0.194999993;0.129700005;0.159600005;0.078100003;0.466699988;0.764800012;0.752399981;0.748000026;0.749199986;0.748199999;0.804899991;0.769400001;0.084700003;0.327100009;0.356999993;0.335599989;0.339599997;0.344199985;0.336199999;0.334399998;0.336400002;0.082900003;0.108199999;0.168099999;0.1558;0.126599997;0.1193;0.145099998;0.145600006;0.1523;0.079499997;0.469799995;0.780700028;0.774299979;0.773500025;0.792900026;0.832199991;0.851000011;0.823700011;0.0854;0.3037;0.359299988;0.356700003;0.353899986;0.352600008;0.358200014;0.370599985;0.372700006;0.079899997;0.089400001;0.120899998;0.103;0.120099999;0.109499998;0.142299995;0.148599997;0.162499994;0.088100001;0.145099998;0.175300002;0.158099994;0.129199997;0.110699996;0.1175;0.120800003;0.128600001;0.087300003;0.113399997;0.146799996;0.136099994;0.139400005;0.1206;0.124499999
223226.1;0.587000012;0.811500013;0.822799981;0.807099998;0.796599984;0.796999991;0.799799979;0.810000002;0.0854;0.366899997;0.437900007;0.538699985;0.402099997;0.353100002;0.335299999;0.328900009;0.320899993;0.080899999;0.110399999;0.181299999;0.176599994;0.188899994;0.158199996;0.195299998;0.130099997;0.161200002;0.078699999;0.466300011;0.764500022;0.751900017;0.747399986;0.74940002;0.745500028;0.798399985;0.757799983;0.0854;0.330300003;0.360199988;0.337500006;0.34040001;0.344700009;0.336899996;0.334899992;0.335200012;0.081200004;0.102899998;0.156900004;0.155699998;0.127100006;0.119599998;0.146300003;0.147;0.153600007;0.079899997;0.465900004;0.774600029;0.767099977;0.763499975;0.780900002;0.832700014;0.847899973;0.818700016;0.085299999;0.30430001;0.360900015;0.3574;0.352699995;0.353700012;0.351599991;0.353599995;0.354600012;0.080200002;0.089400001;0.1206;0.102700002;0.118600003;0.109099999;0.140400007;0.141299993;0.154300004;0.079300001;0.120300002;0.148800001;0.158899993;0.129099995;0.110699996;0.117700003;0.122299999;0.148300007;0.087300003;0.113200001;0.146899998;0.137500003;0.1417;0.120099999;0.124799997
223826.1;0.585900009;0.811800003;0.824199975;0.807699978;0.797800004;0.797399998;0.801299989;0.811699986;0.0854;0.368699998;0.442400008;0.545000017;0.395099998;0.351200014;0.334800005;0.328799993;0.321099997;0.080700003;0.110100001;0.180399999;0.176200002;0.187900007;0.158199996;0.196099997;0.130199999;0.1611;0.0788;0.465499997;0.763800025;0.751900017;0.747600019;0.74940002;0.745299995;0.798600018;0.758700013;0.085299999;0.325100005;0.357600003;0.336699992;0.340900004;0.344099998;0.336499989;0.334800005;0.334699988;0.081200004;0.103200004;0.157100007;0.156200007;0.127100006;0.119800001;0.146500006;0.146799996;0.153799996;0.079999998;0.465900004;0.774299979;0.767700016;0.765600026;0.780799985;0.832799971;0.848699987;0.819000006;0.085199997;0.304699987;0.360500008;0.356999993;0.352899998;0.353100002;0.351599991;0.354000002;0.356599987;0.080300003;0.089299999;0.120800003;0.102700002;0.118600003;0.108999997;0.139899999;0.140799999;0.153400004;0.0792;0.120099999;0.148200005;0.158999994;0.124600001;0.111500002;0.117299996;0.120499998;0.131899998;0.086999997;0.113499999;0.146400005;0.137400001;0.138600007;0.120200001;0.125300005
224426.2;0.585399985;0.809599996;0.824400008;0.807900012;0.799199998;0.799099982;0.801999986;0.81400001;0.0854;0.370099992;0.445899993;0.550100029;0.391900003;0.349400014;0.335299999;0.328999996;0.321200013;0.080700003;0.110600002;0.181400001;0.176300004;0.188899994;0.158800006;0.196400002;0.129999995;0.161500007;0.078900002;0.465700001;0.766300023;0.754199982;0.749599993;0.750199974;0.746200025;0.799600005;0.762199998;0.085500002;0.321200013;0.353799999;0.335999995;0.339399993;0.343100011;0.335900009;0.335099995;0.334100008;0.081299998;0.103699997;0.157499999;0.157000005;0.126599997;0.119599998;0.146599993;0.147499993;0.154100001;0.0801;0.465299994;0.774399996;0.765799999;0.765100002;0.781700015;0.832700014;0.849099994;0.818799973;0.085299999;0.30430001;0.358999997;0.35620001;0.351900011;0.352899998;0.351399988;0.354099989;0.355699986;0.080200002;0.089299999;0.120800003;0.102700002;0.118500002;0.109099999;0.139899999;0.140400007;0.153200001;0.079300001;0.120399997;0.149000004;0.159299999;0.121699996;0.112199999;0.1184;0.120999999;0.1294;0.087200001;0.1131;0.1461;0.1382;0.138899997;0.120399997;0.125200003
225026.3;0.585500002;0.809800029;0.825399995;0.810400009;0.801599979;0.80309999;0.802600026;0.815199971;0.0854;0.370200008;0.447100013;0.55339998;0.388900012;0.34889999;0.334300011;0.328500003;0.320199996;0.080799997;0.110600002;0.181299999;0.176699996;0.189300001;0.158999994;0.196899995;0.130099997;0.161599994;0.079000004;0.465000004;0.765900016;0.754000008;0.74849999;0.749599993;0.745999992;0.799099982;0.761699975;0.085500002;0.320100009;0.353300005;0.335099995;0.338499993;0.341899991;0.335200012;0.334100008;0.333799988;0.081500001;0.103500001;0.1567;0.156100005;0.126699999;0.119999997;0.146799996;0.147100002;0.153600007;0.080200002;0.46509999;0.775300026;0.767799973;0.766099989;0.782100022;0.833999991;0.850799978;0.820500016;0.085500002;0.3037;0.358200014;0.355800003;0.351200014;0.351999998;0.351399988;0.352699995;0.354699999;0.080399998;0.089400001;0.121100001;0.102899998;0.118799999;0.109399997;0.139300004;0.140200004;0.152500004;0.079599999;0.120700002;0.149399996;0.159600005;0.120099999;0.111900002;0.118100002;0.125799999;0.1338;0.087300003;0.113200001;0.146500006;0.137400001;0.1391;0.120700002;0.125499994
225626.1;0.582000017;0.807099998;0.825100005;0.811200023;0.80250001;0.80250001;0.802600026;0.814700007;0.0854;0.369899988;0.44780001;0.554499984;0.389699996;0.347900003;0.333099991;0.327600002;0.320199996;0.080799997;0.110600002;0.181400001;0.177100003;0.188999996;0.159400001;0.197099999;0.130099997;0.161200002;0.079000004;0.464100003;0.76639998;0.754199982;0.748899996;0.749199986;0.746599972;0.798500001;0.761900008;0.085600004;0.320899993;0.352699995;0.333799988;0.337599993;0.342299998;0.335200012;0.333200008;0.333299994;0.081500001;0.103399999;0.157100007;0.156399995;0.126699999;0.119999997;0.146500006;0.146899998;0.153099999;0.080300003;0.463499993;0.774299979;0.766900003;0.765799999;0.781400025;0.833700001;0.850099981;0.818899989;0.085500002;0.302100003;0.357800007;0.355399996;0.349999994;0.350699991;0.349900007;0.350300014;0.353100002;0.080399998;0.089699998;0.121200003;0.103100002;0.118900001;0.109499998;0.1391;0.139799997;0.151999995;0.079700001;0.1206;0.149700001;0.159700006;0.133000001;0.111400001;0.118600003;0.122699998;0.1303;0.087499999;0.113399997;0.146599993;0.140400007;0.1391;0.120700002;0.125400007
226226.2;0.582899988;0.811699986;0.827499986;0.8125;0.803300023;0.802399993;0.804199994;0.816799998;0.0854;0.372099996;0.448900014;0.555999994;0.388999999;0.3477;0.333200008;0.327800006;0.3204;0.080799997;0.110699996;0.181099996;0.176300004;0.188800007;0.159099996;0.195800006;0.130199999;0.160999998;0.079000004;0.464100003;0.76730001;0.754400015;0.749000013;0.748199999;0.746399999;0.798699975;0.760599971;0.085699998;0.318800002;0.349999994;0.332599998;0.336600006;0.341100007;0.333799988;0.332199991;0.332700014;0.081600003;0.103600003;0.157499999;0.156599998;0.126900002;0.120300002;0.146300003;0.146500006;0.152799994;0.080399998;0.463400006;0.774800003;0.766499996;0.766600013;0.783200026;0.834999979;0.850799978;0.819500029;0.085600004;0.302599996;0.356599987;0.354000002;0.349400014;0.350400001;0.3486;0.350400001;0.352400005;0.080499999;0.090000004;0.1215;0.103299998;0.1193;0.109899998;0.138899997;0.139599994;0.151600003;0.079999998;0.120899998;0.149800003;0.159600005;0.120399997;0.113600001;0.118000001;0.123899996;0.129899994;0.0876;0.113200001;0.147;0.1417;0.139400005;0.121200003;0.125599995
226826.3;0.581900001;0.814499974;0.827499986;0.814100027;0.80369997;0.802699983;0.806100011;0.816999972;0.0854;0.372000009;0.447899997;0.556699991;0.389200002;0.3477;0.332599998;0.326700002;0.319599986;0.080799997;0.110699996;0.180299997;0.175500005;0.189500004;0.159299999;0.196199998;0.130099997;0.161300004;0.079000004;0.463499993;0.768000007;0.755100012;0.750400007;0.750500023;0.748000026;0.798500001;0.761799991;0.085699998;0.319599986;0.350600004;0.333099991;0.336899996;0.341500014;0.334199995;0.332500011;0.332500011;0.081600003;0.104000002;0.157199994;0.156599998;0.126699999;0.120099999;0.146400005;0.146699995;0.152700007;0.080399998;0.462700009;0.774600029;0.767199993;0.766700029;0.783100009;0.836300015;0.850700021;0.817900002;0.0858;0.300900012;0.355300009;0.352899998;0.348100007;0.349000007;0.347900003;0.34889999;0.350800008;0.080600001;0.090099998;0.1215;0.103500001;0.1193;0.109999999;0.138799995;0.139400005;0.151299998;0.079999998;0.121100001;0.1505;0.159700006;0.131899998;0.112499997;0.1206;0.120899998;0.132599995;0.087800004;0.113300003;0.147200003;0.144299999;0.138999999;0.120899998;0.125699997
227426.4;0.58130002;0.815999985;0.827300012;0.815100014;0.803799987;0.802699983;0.806400001;0.817900002;0.0854;0.370999992;0.44749999;0.555700004;0.388799995;0.34709999;0.33160001;0.326700002;0.318800002;0.080799997;0.1109;0.180800006;0.175300002;0.188600004;0.158999994;0.195899993;0.129999995;0.160600007;0.079099998;0.462599993;0.767099977;0.753600001;0.749499977;0.75029999;0.748300016;0.798600018;0.762600005;0.085699998;0.317200005;0.34920001;0.331200004;0.335099995;0.33919999;0.332800001;0.330900013;0.331400007;0.081699997;0.1039;0.157299995;0.156499997;0.127200007;0.120399997;0.146200001;0.146400005;0.151999995;0.080499999;0.461899996;0.775699973;0.767799973;0.767099977;0.784699976;0.836799979;0.853500009;0.820599973;0.0858;0.300399989;0.354000002;0.352100015;0.346599996;0.348199993;0.346799999;0.347900003;0.349900007;0.080700003;0.0902;0.121600002;0.103600003;0.119599998;0.110100001;0.138899997;0.139599994;0.151700005;0.080200002;0.1215;0.150099993;0.159500003;0.129199997;0.125499994;0.118799999;0.1228;0.129999995;0.087800004;0.113799997;0.147499993;0.145400003;0.139200002;0.120999999;0.125799999
228026.5;0.581399977;0.818199992;0.828599989;0.818199992;0.803300023;0.805499971;0.808499992;0.818499982;0.0854;0.371300012;0.449099988;0.556800008;0.387699991;0.346199989;0.331099987;0.325899988;0.318100005;0.080799997;0.1109;0.180800006;0.174999997;0.188600004;0.158899993;0.195500001;0.130099997;0.160500005;0.0792;0.462300003;0.76819998;0.755900025;0.750400007;0.750800014;0.75;0.799300015;0.764999986;0.0858;0.317699999;0.3486;0.331200004;0.335599989;0.339899987;0.332700014;0.330799997;0.33129999;0.081699997;0.104099996;0.157399997;0.156399995;0.127200007;0.1206;0.146200001;0.146300003;0.1523;0.080499999;0.461699992;0.775699973;0.767499983;0.7676;0.783299983;0.838100016;0.853200018;0.82099998;0.086000003;0.301099986;0.355199993;0.352800012;0.3477;0.34920001;0.347000003;0.348100007;0.350600004;0.080799997;0.090300001;0.1219;0.103799999;0.119800001;0.110200003;0.138899997;0.139799997;0.151600003;0.080499999;0.121399999;0.150700003;0.159400001;0.122699998;0.1131;0.121600002;0.121100001;0.130700007;0.087899998;0.113399997;0.147799999;0.144800007;0.1391;0.121100001;0.1259
228626.5;0.579400003;0.818099976;0.828599989;0.818700016;0.80400002;0.806100011;0.809300005;0.819299996;0.085500002;0.370299995;0.448799998;0.559300005;0.387600005;0.346100003;0.331200004;0.325599998;0.317499995;0.080899999;0.111000001;0.180399999;0.175400004;0.188899994;0.159600005;0.195199996;0.130099997;0.1602;0.079099998;0.461299986;0.765999973;0.754599988;0.75059998;0.750699997;0.75029999;0.799000025;0.7676;0.0858;0.315699995;0.347299993;0.329899997;0.333499998;0.338699996;0.331699997;0.330000013;0.329600006;0.081699997;0.104199998;0.157600001;0.156200007;0.127000004;0.120499998;0.146699995;0.146799996;0.152799994;0.080600001;0.460999995;0.775699973;0.767700016;0.768100023;0.784399986;0.838;0.853500009;0.820299983;0.086000003;0.300199986;0.353599995;0.351399988;0.346799999;0.347799987;0.345800012;0.347299993;0.34889999;0.080799997;0.090400003;0.122000001;0.104000002;0.119800001;0.110200003;0.139300004;0.140100002;0.151600003;0.080200002;0.121600002;0.150700003;0.159299999;0.130500004;0.1206;0.118199997;0.122699998;0.132499993;0.088100001;0.114100002;0.148000002;0.143999994;0.138799995;0.120899998;0.125799999
229226.6;0.577700019;0.817799985;0.829999983;0.818400025;0.8046;0.805400014;0.809000015;0.819500029;0.085500002;0.370099992;0.445300013;0.556800008;0.387100011;0.346300006;0.330900013;0.325300008;0.316500008;0.080899999;0.111299999;0.181700006;0.175400004;0.189899996;0.159299999;0.1954;0.129800007;0.161200002;0.079300001;0.460799992;0.76700002;0.755800009;0.751600027;0.751299977;0.752200007;0.799799979;0.771200001;0.085900001;0.315600008;0.347900003;0.330599993;0.333900005;0.337700009;0.331400007;0.329899997;0.32980001;0.081799999;0.104000002;0.157199994;0.155200005;0.127100006;0.120499998;0.146899998;0.147100002;0.152700007;0.080600001;0.460299999;0.776899993;0.768299997;0.768599987;0.785300016;0.837800026;0.854300022;0.819999993;0.086000003;0.299199998;0.350800008;0.350600004;0.345800012;0.346700013;0.344599992;0.347600013;0.34799999;0.080799997;0.0902;0.121799998;0.1039;0.119800001;0.109999999;0.139500007;0.140300006;0.152700007;0.080200002;0.121799998;0.150700003;0.158899993;0.1219;0.1127;0.121299997;0.121799998;0.129899994;0.088;0.113799997;0.148100004;0.144500002;0.138999999;0.120800003;0.125799999
229826.7;0.576799989;0.820200026;0.831700027;0.820500016;0.808099985;0.807299972;0.811399996;0.821399987;0.0854;0.370200008;0.443899989;0.555000007;0.387499988;0.345600009;0.330900013;0.324999988;0.315899998;0.080899999;0.111199997;0.181999996;0.175799996;0.190400004;0.159199998;0.195500001;0.130199999;0.161400005;0.0792;0.460399985;0.76789999;0.756299973;0.751999974;0.752699971;0.751999974;0.800000012;0.770600021;0.0858;0.316700011;0.3495;0.331200004;0.334600002;0.338200003;0.331699997;0.329699993;0.329699993;0.081799999;0.104199998;0.157499999;0.155300006;0.127100006;0.1206;0.147499993;0.147499993;0.153099999;0.080700003;0.459399998;0.77609998;0.767700016;0.768000007;0.784300029;0.837400019;0.855499983;0.8204;0.085900001;0.298599988;0.351300001;0.350100011;0.344900012;0.345699996;0.343600005;0.346599996;0.346300006;0.080799997;0.090099998;0.121799998;0.103799999;0.1197;0.110100001;0.140000001;0.140699998;0.152999997;0.080499999;0.121699996;0.149700001;0.158899993;0.125100002;0.113200001;0.118199997;0.122599997;0.130500004;0.088;0.113499999;0.148200005;0.143600002;0.138799995;0.120700002;0.1259
230426.7;0.575800002;0.821099997;0.831200004;0.821500003;0.809199989;0.808099985;0.811800003;0.821399987;0.085500002;0.370499998;0.443399996;0.555199981;0.385100007;0.344900012;0.329100013;0.323199987;0.314399987;0.080899999;0.111199997;0.181999996;0.175899997;0.189899996;0.159199998;0.195800006;0.130199999;0.162599996;0.0792;0.459399998;0.768299997;0.756399989;0.751399994;0.753499985;0.751600027;0.799000025;0.766300023;0.085900001;0.315200001;0.347200006;0.329600006;0.332500011;0.336499989;0.330000013;0.328099996;0.328599989;0.081799999;0.104000002;0.157000005;0.155699998;0.127299994;0.120700002;0.147499993;0.148000002;0.153500006;0.080600001;0.458200008;0.778100014;0.768400013;0.768999994;0.784099996;0.838800013;0.856700003;0.822399974;0.086000003;0.297500014;0.350499988;0.349700004;0.344900012;0.345499992;0.344199985;0.345400006;0.346300006;0.080899999;0.0902;0.121799998;0.103699997;0.1197;0.109899998;0.140499994;0.141100004;0.153500006;0.080499999;0.121699996;0.149800003;0.158899993;0.126499996;0.114;0.1184;0.121699996;0.143000007;0.088100001;0.113300003;0.148399994;0.145999998;0.138699993;0.120800003;0.1259
231026.8;0.575200021;0.819899976;0.833100021;0.821200013;0.810699999;0.809099972;0.8125;0.823300004;0.0854;0.369599998;0.444099993;0.555000007;0.385100007;0.344999999;0.328999996;0.322600007;0.313899994;0.080899999;0.111199997;0.181999996;0.176200002;0.189899996;0.158399999;0.195199996;0.130400002;0.162300006;0.0792;0.458900005;0.768999994;0.756200016;0.751399994;0.751900017;0.751699984;0.799099982;0.767400026;0.0858;0.314399987;0.346899986;0.328299999;0.33160001;0.335599989;0.328900009;0.327699989;0.327399999;0.081799999;0.104099996;0.157100007;0.156499997;0.127599999;0.120899998;0.147200003;0.147400007;0.153200001;0.080600001;0.457700014;0.77759999;0.768000007;0.76819998;0.784500003;0.83950001;0.85619998;0.821500003;0.086000003;0.296799988;0.349400014;0.347799987;0.343800008;0.343899995;0.343100011;0.344799995;0.344799995;0.080899999;0.090099998;0.1219;0.103699997;0.1197;0.109999999;0.140599996;0.141200006;0.153999999;0.080600001;0.1219;0.149499997;0.158899993;0.131799996;0.114600003;0.118500002;0.120999999;0.145899996;0.088;0.113600001;0.148300007;0.146699995;0.138699993;0.120700002;0.126000002
231626.9;0.574999988;0.8222;0.834100008;0.819400012;0.81220001;0.807600021;0.81309998;0.823000014;0.0854;0.369300008;0.444999993;0.556800008;0.386599988;0.345600009;0.3292;0.323000014;0.314399987;0.080899999;0.111400001;0.181400001;0.175500005;0.189199999;0.158000007;0.194199994;0.1303;0.162100002;0.0792;0.458299994;0.770099998;0.756900012;0.752200007;0.752900004;0.751399994;0.799199998;0.76819998;0.085900001;0.314500004;0.345999986;0.327399999;0.331200004;0.335900009;0.328299999;0.326799989;0.327499986;0.081799999;0.104099996;0.157000005;0.1558;0.127399996;0.120899998;0.147799999;0.1479;0.154100001;0.080700003;0.457100004;0.779100001;0.769599974;0.76910001;0.786000013;0.840900004;0.858200014;0.822600007;0.086000003;0.296400011;0.3486;0.3477;0.343499988;0.342999995;0.341300011;0.343100011;0.344399989;0.080899999;0.0902;0.122199997;0.1039;0.119999997;0.110200003;0.140599996;0.141299993;0.153999999;0.080399998;0.121699996;0.149800003;0.159199998;0.125300005;0.127299994;0.118799999;0.122000001;0.144899994;0.088100001;0.113399997;0.148499995;0.146500006;0.138400003;0.120800003;0.1259
232226.9;0.573099971;0.825800002;0.835600019;0.8204;0.814300001;0.809199989;0.815299988;0.827000022;0.085500002;0.367799997;0.444499999;0.554899991;0.388200015;0.344799995;0.327899992;0.3222;0.3134;0.080899999;0.111299999;0.181899995;0.174899995;0.189300001;0.157900006;0.194700003;0.130600005;0.162699997;0.0792;0.458099991;0.770900011;0.757600009;0.752900004;0.753799975;0.751900017;0.799499989;0.771399975;0.0858;0.316100001;0.346500009;0.327100009;0.331800014;0.335999995;0.3292;0.327199996;0.327899992;0.081799999;0.104099996;0.157199994;0.156100005;0.127800003;0.121200003;0.147499993;0.147799999;0.153200001;0.080700003;0.456;0.779500008;0.767799973;0.76819998;0.78549999;0.840799987;0.858099997;0.82130003;0.086099997;0.296400011;0.347499996;0.34740001;0.342500001;0.343600005;0.340799987;0.342099994;0.343800008;0.080899999;0.090400003;0.122299999;0.1039;0.119999997;0.110100001;0.141200006;0.141599998;0.154499993;0.080600001;0.1219;0.149800003;0.159199998;0.126800001;0.114699997;0.124200001;0.124600001;0.134900004;0.088100001;0.113300003;0.148200005;0.147;0.138699993;0.120999999;0.126300007
232827;0.573700011;0.825900018;0.835300028;0.819700003;0.813499987;0.809700012;0.815400004;0.827300012;0.085500002;0.368200004;0.4454;0.556299984;0.386000007;0.343600005;0.327399999;0.322400004;0.312700003;0.080899999;0.111599997;0.181899995;0.174999997;0.189099997;0.157800004;0.194000006;0.130400002;0.161799997;0.0792;0.457300007;0.770299971;0.757399976;0.753400028;0.753199995;0.751900017;0.800199986;0.774299979;0.085900001;0.314999998;0.345499992;0.326599985;0.331699997;0.334899992;0.328599989;0.326599985;0.326700002;0.081900001;0.104400001;0.157299995;0.1558;0.127900004;0.121200003;0.147799999;0.148000002;0.153300002;0.080799997;0.455000013;0.780200005;0.768100023;0.768100023;0.7852;0.840300024;0.860300004;0.822000027;0.086199999;0.296499997;0.347600013;0.346300006;0.341899991;0.342200011;0.339700013;0.342099994;0.343800008;0.081;0.090700001;0.122500002;0.104199998;0.120399997;0.110699996;0.141200006;0.142000005;0.154499993;0.080700003;0.122400001;0.1505;0.159400001;0.122900002;0.128600001;0.120899998;0.123499997;0.137600005;0.088399999;0.114200003;0.147799999;0.148000002;0.138999999;0.121100001;0.126399994
233427.1;0.574500024;0.827799976;0.835900009;0.823099971;0.816500008;0.811399996;0.815800011;0.831099987;0.085199997;0.368000001;0.442999989;0.555299997;0.389400005;0.343899995;0.328000009;0.32159999;0.3125;0.080399998;0.1109;0.181199998;0.174600005;0.189099997;0.157499999;0.192699999;0.129299998;0.162100002;0.078400001;0.456400007;0.771799982;0.759000003;0.755299985;0.755699992;0.752900004;0.801699996;0.776000023;0.084799998;0.317299992;0.345899999;0.326900005;0.33070001;0.335299999;0.328299999;0.326299995;0.326000005;0.081100002;0.105300002;0.160600007;0.154400006;0.126100004;0.119400002;0.146500006;0.147100002;0.152999997;0.079300001;0.453500003;0.780300021;0.769400001;0.773100019;0.790600002;0.840499997;0.858799994;0.8204;0.0845;0.294699997;0.346199989;0.345600009;0.341699988;0.341899991;0.342099994;0.350499988;0.352800012;0.079400003;0.089000002;0.120700002;0.102300003;0.118600003;0.108599998;0.139799997;0.141000003;0.155000001;0.081600003;0.132499993;0.162499994;0.156599998;0.1228;0.113200001;0.119599998;0.120399997;0.139699996;0.086599998;0.111900002;0.145899996;0.146899998;0.136500001;0.119199999;0.124399997
234027.1;0.575600028;0.82889998;0.836399972;0.823400021;0.816200018;0.809400022;0.817200005;0.829900026;0.085199997;0.364399999;0.437400013;0.54430002;0.394699991;0.344099998;0.326200008;0.319999993;0.310799986;0.080300003;0.110399999;0.180700004;0.175600007;0.188199997;0.155300006;0.190200001;0.130099997;0.160400003;0.078400001;0.455900013;0.771799982;0.75940001;0.755400002;0.756299973;0.755500019;0.806200027;0.782100022;0.084600002;0.321799994;0.347600013;0.326000005;0.329400003;0.333400011;0.326599985;0.326000005;0.326599985;0.083899997;0.107799999;0.165299997;0.152500004;0.126699999;0.119400002;0.146599993;0.146699995;0.152500004;0.079000004;0.455799997;0.785099983;0.775600016;0.778999984;0.797399998;0.841300011;0.860300004;0.823099971;0.084399998;0.295599997;0.34709999;0.345899999;0.344500005;0.342999995;0.348399997;0.361099988;0.362699986;0.079000004;0.088100001;0.1206;0.101999998;0.1193;0.108099997;0.142700002;0.148399994;0.162699997;0.086800002;0.144700006;0.172999993;0.155000001;0.122400001;0.1127;0.118900001;0.119900003;0.140100002;0.086099997;0.111000001;0.146300003;0.144299999;0.135199994;0.118100002;0.123499997
234627.2;0.574400008;0.82950002;0.837300003;0.825800002;0.817399979;0.813300014;0.818099976;0.83099997;0.0854;0.363200009;0.4366;0.54460001;0.395500004;0.345099986;0.326499999;0.319700003;0.309899986;0.080799997;0.110399999;0.180299997;0.176100001;0.188199997;0.154300004;0.189999998;0.130899996;0.163299993;0.079000004;0.45539999;0.771399975;0.75910002;0.754299998;0.754400015;0.753099978;0.801500022;0.772599995;0.085500002;0.324900001;0.351000011;0.328999996;0.332300007;0.334600002;0.327600002;0.326799989;0.325899988;0.0814;0.103200004;0.154100001;0.153099999;0.128199995;0.120800003;0.148599997;0.148699999;0.154100001;0.080200002;0.453299999;0.781899989;0.769500017;0.770200014;0.787;0.842000008;0.858900011;0.822399974;0.085500002;0.297600001;0.349400014;0.34830001;0.345299989;0.344399989;0.343199998;0.345200002;0.344900012;0.080399998;0.089599997;0.1219;0.103299998;0.119499996;0.109499998;0.1426;0.1435;0.156399995;0.0801;0.121200003;0.148399994;0.156499997;0.123499997;0.1127;0.118699998;0.1206;0.140599996;0.0876;0.112599999;0.147599995;0.149200007;0.136800006;0.119800001;0.125400007
235227.3;0.571200013;0.831099987;0.838999987;0.827199996;0.817700028;0.815199971;0.819299996;0.832599998;0.0854;0.36649999;0.445499986;0.559499979;0.386200011;0.343300015;0.326900005;0.3204;0.311199993;0.080700003;0.110600002;0.179800004;0.176599994;0.188299999;0.154799998;0.192900002;0.130600005;0.164399996;0.078900002;0.454400003;0.772300005;0.759199977;0.755400002;0.755999982;0.752699971;0.801199973;0.772099972;0.085299999;0.318599999;0.347600013;0.328200012;0.332399994;0.335700005;0.328599989;0.327100009;0.326900005;0.0814;0.103799999;0.154599994;0.153899997;0.127399996;0.120499998;0.149299994;0.149499997;0.153899997;0.079999998;0.451999992;0.780600011;0.767799973;0.769400001;0.785600007;0.842400014;0.858799994;0.823099971;0.085199997;0.298700005;0.350100011;0.34830001;0.345299989;0.344799995;0.344700009;0.345999986;0.348800004;0.080200002;0.089299999;0.121699996;0.103100002;0.119400002;0.109099999;0.142000005;0.142299995;0.155100003;0.079800002;0.1206;0.148599997;0.157399997;0.123499997;0.119400002;0.122299999;0.120399997;0.139500007;0.087200001;0.111699998;0.146200001;0.148300007;0.136800006;0.119999997;0.125599995
235827.5;0.569100022;0.832599998;0.83890003;0.828999996;0.819500029;0.814800024;0.820800006;0.832099974;0.0854;0.368900001;0.451499999;0.569899976;0.382699996;0.342500001;0.327300012;0.32069999;0.312099993;0.080799997;0.111000001;0.181700006;0.178200006;0.190599993;0.157199994;0.195800006;0.130500004;0.164499998;0.079099998;0.453999996;0.773000002;0.759000003;0.754599988;0.756299973;0.753400028;0.80250001;0.773599982;0.085600004;0.315100014;0.344399989;0.326799989;0.33129999;0.335500002;0.328500003;0.326599985;0.326099992;0.081600003;0.103799999;0.155499995;0.155000001;0.127599999;0.120999999;0.149499997;0.149399996;0.154699996;0.080399998;0.451400012;0.781300008;0.767400026;0.769299984;0.785899997;0.842800021;0.861400008;0.823099971;0.085699998;0.298799992;0.351000011;0.348100007;0.344700009;0.344300002;0.344700009;0.344700009;0.348699987;0.080600001;0.089699998;0.122100003;0.103600003;0.119800001;0.109700002;0.141800001;0.142000005;0.154599994;0.080499999;0.121399999;0.1505;0.158299997;0.128900006;0.125699997;0.121100001;0.120200001;0.140400007;0.087800004;0.112300001;0.1461;0.148300007;0.137400001;0.1206;0.125799999
236427.6;0.569000006;0.833100021;0.840200007;0.829299986;0.821099997;0.815999985;0.821399987;0.832899988;0.0854;0.369300008;0.455000013;0.577700019;0.38350001;0.343400002;0.328299999;0.322299987;0.313199997;0.081;0.111500002;0.182899997;0.179100007;0.191400006;0.159299999;0.196700007;0.1303;0.1646;0.0792;0.453900009;0.774500012;0.759000003;0.756500006;0.7597;0.754400015;0.802299976;0.773500025;0.085900001;0.311300009;0.342900008;0.325500011;0.330799997;0.335500002;0.327899992;0.325399995;0.325899988;0.081900001;0.104400001;0.157000005;0.156000003;0.127399996;0.121200003;0.149000004;0.149700001;0.154899999;0.080700003;0.450599998;0.781099975;0.767400026;0.769699991;0.786199987;0.843699992;0.862299979;0.823199987;0.086199999;0.299199998;0.350199997;0.347900003;0.344099998;0.344399989;0.342700005;0.344000012;0.349000007;0.081100002;0.090300001;0.122599997;0.104199998;0.120300002;0.110200003;0.141399994;0.1417;0.154300004;0.080799997;0.122400001;0.151700005;0.159299999;0.122100003;0.113700002;0.120899998;0.120899998;0.140300006;0.088399999;0.112899996;0.146300003;0.147699997;0.1382;0.121299997;0.126300007
237027.6;0.571200013;0.833299994;0.838999987;0.828400016;0.821200013;0.816999972;0.82130003;0.831499994;0.085100003;0.371899992;0.456400007;0.578999996;0.381399989;0.342200011;0.326499999;0.320899993;0.312099993;0.080200002;0.111100003;0.182500005;0.178499997;0.191400006;0.159700006;0.196799994;0.129099995;0.162300006;0.078199998;0.451599985;0.771899998;0.757099986;0.754800022;0.756500006;0.753300011;0.801699996;0.774200022;0.0845;0.310099989;0.341500014;0.323799998;0.329400003;0.333099991;0.326900005;0.325100005;0.324299991;0.080399998;0.103200004;0.156299993;0.153200001;0.125599995;0.119499996;0.146699995;0.147400007;0.152700007;0.079000004;0.448900014;0.780600011;0.768400013;0.769999981;0.785899997;0.842299998;0.862999976;0.822399974;0.084100001;0.296400011;0.345499992;0.344399989;0.341800004;0.340999991;0.339700013;0.342000008;0.347299993;0.079099998;0.088299997;0.120700002;0.102200001;0.118500002;0.1083;0.138500005;0.1391;0.151299998;0.078500003;0.1219;0.152099997;0.156499997;0.126499996;0.109899998;0.1171;0.127900004;0.139300004;0.086099997;0.110799998;0.144400001;0.145600006;0.135900006;0.118900001;0.123999998
237627.7;0.573599994;0.834699988;0.838999987;0.828000009;0.821500003;0.816999972;0.82130003;0.832099974;0.085299999;0.370799989;0.450399995;0.566600025;0.389499992;0.342799991;0.326499999;0.319299996;0.310299993;0.080300003;0.111199997;0.1831;0.179700002;0.192599997;0.158899993;0.194299996;0.129299998;0.162799999;0.078400001;0.451200008;0.773899972;0.759899974;0.756699979;0.757300019;0.757200003;0.805499971;0.779200017;0.084700003;0.316300005;0.342700005;0.324200004;0.327899992;0.332300007;0.325800002;0.323199987;0.322400004;0.082199998;0.106700003;0.163399994;0.153799996;0.1259;0.119099997;0.147200003;0.147300005;0.152700007;0.079000004;0.448300004;0.783699989;0.774299979;0.777100027;0.793799996;0.842800021;0.865400016;0.824100018;0.084200002;0.295599997;0.345999986;0.345200002;0.342000008;0.341500014;0.343699992;0.353399992;0.356900007;0.079300001;0.088200003;0.1206;0.101899996;0.118500002;0.108000003;0.139300004;0.140599996;0.156200007;0.082999997;0.135600001;0.165299997;0.154300004;0.122699998;0.109899998;0.116700001;0.121299997;0.140599996;0.086000003;0.110200003;0.144899994;0.144600004;0.1347;0.118299998;0.1237
238227.8;0.572799981;0.833700001;0.837300003;0.825999975;0.8204;0.814599991;0.819199979;0.831499994;0.085299999;0.368099988;0.445300013;0.557399988;0.395999998;0.345800012;0.327100009;0.319599986;0.310299993;0.080700003;0.111000001;0.1822;0.179000005;0.191;0.157800004;0.191200003;0.130199999;0.164199993;0.079000004;0.450800002;0.775300026;0.760699987;0.757399976;0.758400023;0.758599997;0.8046;0.777199984;0.085500002;0.32280001;0.34889999;0.327499986;0.33070001;0.333900005;0.327499986;0.324299991;0.324299991;0.081500001;0.104099996;0.156200007;0.152500004;0.127399996;0.120300002;0.148499995;0.148699999;0.153999999;0.080300003;0.448000014;0.782599986;0.771099985;0.771300018;0.787800014;0.842899978;0.866299987;0.826399982;0.085600004;0.298200011;0.349900007;0.34830001;0.343600005;0.344300002;0.342599988;0.345600009;0.345800012;0.080499999;0.0898;0.121799998;0.103299998;0.119400002;0.109200001;0.141399994;0.141900003;0.154699996;0.079999998;0.1215;0.150199994;0.154699996;0.125699997;0.119400002;0.121600002;0.119800001;0.141399994;0.087700002;0.112199999;0.146400005;0.148699999;0.136500001;0.1197;0.125400007
238827.8;0.571699977;0.833199978;0.839699984;0.827899992;0.824899971;0.816500008;0.821500003;0.834699988;0.085299999;0.369100004;0.448100001;0.565699995;0.387899995;0.343800008;0.326000005;0.318500012;0.310499996;0.080700003;0.110600002;0.181199998;0.179299995;0.190500006;0.156800002;0.192699999;0.130099997;0.1655;0.078900002;0.449900001;0.775699973;0.760599971;0.757000029;0.758099973;0.75880003;0.805100024;0.776899993;0.0854;0.317699999;0.346399993;0.326299995;0.330500007;0.334600002;0.326799989;0.324699998;0.324499995;0.081299998;0.104000002;0.155000001;0.154400006;0.126900002;0.120300002;0.148800001;0.148900002;0.153999999;0.079999998;0.446799994;0.781899989;0.769599974;0.768899977;0.786599994;0.845600009;0.865199983;0.826600015;0.085199997;0.299699992;0.352299988;0.34920001;0.345400006;0.345499992;0.346100003;0.347299993;0.349299997;0.080200002;0.089299999;0.121600002;0.102899998;0.119000003;0.108900003;0.141100004;0.141399994;0.154100001;0.079800002;0.120700002;0.149900004;0.156299993;0.123400003;0.1347;0.1175;0.122000001;0.140400007;0.086999997;0.111100003;0.144999996;0.147400007;0.135900006;0.1197;0.124899998
239427.8;0.569000006;0.830500007;0.840300024;0.827700019;0.825900018;0.817799985;0.823099971;0.833800018;0.0854;0.369899988;0.452399999;0.573499978;0.385699987;0.342599988;0.326000005;0.319499999;0.310200006;0.080899999;0.110799998;0.181899995;0.179299995;0.189999998;0.158000007;0.194700003;0.130400002;0.165000007;0.079099998;0.448700011;0.773999989;0.759599984;0.756600022;0.757600009;0.758099973;0.804199994;0.776000023;0.0858;0.316199988;0.344399989;0.325500011;0.330599993;0.334500015;0.327600002;0.324000001;0.324699998;0.081699997;0.1039;0.155200005;0.154699996;0.127399996;0.120800003;0.149200007;0.149299994;0.153699994;0.080600001;0.445800006;0.782500029;0.769200027;0.771300018;0.787899971;0.846000016;0.865700006;0.825500011;0.085900001;0.300700009;0.351399988;0.349599987;0.344799995;0.345899999;0.345499992;0.346100003;0.349999994;0.080799997;0.089900002;0.122199997;0.103600003;0.119800001;0.109700002;0.141100004;0.1417;0.153999999;0.080399998;0.121299997;0.150600001;0.157700002;0.1228;0.127299994;0.119900003;0.122599997;0.142700002;0.087700002;0.111699998;0.145600006;0.148699999;0.136999995;0.1206;0.125699997
240028;0.569299996;0.830500007;0.841600001;0.827899992;0.826600015;0.819299996;0.82099998;0.832400024;0.085500002;0.372599989;0.455799997;0.579400003;0.382800013;0.341699988;0.326700002;0.319000006;0.310499996;0.081;0.111299999;0.182899997;0.179499999;0.190799996;0.159099996;0.194800004;0.130099997;0.1646;0.079300001;0.447699994;0.775099993;0.761300027;0.75849998;0.75940001;0.759199977;0.805899978;0.778299987;0.086000003;0.31400001;0.342599988;0.325700015;0.32949999;0.333900005;0.327100009;0.324699998;0.324400008;0.081900001;0.104699999;0.156200007;0.155100003;0.127399996;0.121100001;0.149100006;0.149000004;0.153999999;0.081;0.445800006;0.783999979;0.771200001;0.773500025;0.790499985;0.846899986;0.86680001;0.825900018;0.086400002;0.300099999;0.349799991;0.348199993;0.343699992;0.344099998;0.344300002;0.345800012;0.349299997;0.081200004;0.090499997;0.122599997;0.104400001;0.120399997;0.1105;0.140900001;0.141599998;0.153699994;0.080899999;0.122299999;0.152199998;0.158800006;0.123599999;0.114200003;0.127100006;0.1219;0.137199998;0.088399999;0.112599999;0.145600006;0.149000004;0.137500003;0.120999999;0.129600003
240627.9;0.567900002;0.829999983;0.843400002;0.83130002;0.825399995;0.820100009;0.821699977;0.82980001;0.085199997;0.372900009;0.454899997;0.579299986;0.380800009;0.340499997;0.325500011;0.318500012;0.309599996;0.080300003;0.110699996;0.182999998;0.1796;0.191599995;0.159299999;0.193700001;0.128900006;0.164000005;0.078299999;0.446099997;0.775600016;0.762099981;0.758400023;0.759299994;0.758000016;0.805400014;0.778400004;0.084700003;0.308999985;0.340900004;0.322899997;0.327100009;0.331699997;0.325399995;0.321799994;0.321799994;0.080499999;0.103299998;0.156100005;0.154200003;0.125300005;0.119000003;0.147300005;0.147599995;0.151999995;0.079099998;0.442900002;0.782400012;0.770399988;0.772099972;0.788399994;0.844399989;0.86680001;0.824999988;0.084299996;0.297100008;0.346599996;0.346399993;0.341300011;0.342400014;0.341500014;0.344399989;0.347900003;0.0792;0.088299997;0.120499998;0.101999998;0.118199997;0.108099997;0.138799995;0.1391;0.151800007;0.0788;0.122400001;0.153899997;0.155900002;0.121699996;0.112999998;0.117799997;0.120700002;0.140200004;0.086099997;0.110100001;0.143700004;0.145799994;0.135100007;0.118600003;0.125
241228;0.566999972;0.827899992;0.841099977;0.830200016;0.822600007;0.818300009;0.821699977;0.828599989;0.085299999;0.369899988;0.44749999;0.567200005;0.386999995;0.342000008;0.325199991;0.317099988;0.308099985;0.080399998;0.1105;0.182799995;0.179700002;0.191599995;0.158600003;0.190300003;0.129099995;0.164900005;0.078400001;0.444400012;0.775099993;0.761799991;0.757499993;0.758899987;0.757799983;0.806299984;0.779699981;0.084700003;0.317799985;0.344000012;0.323199987;0.327800006;0.332399994;0.326000005;0.322899997;0.32249999;0.081;0.104999997;0.159199998;0.152700007;0.125799999;0.119099997;0.147400007;0.147200003;0.151800007;0.079099998;0.442499995;0.784799993;0.774500012;0.778599977;0.79400003;0.844699979;0.866400003;0.825600028;0.084299996;0.296499997;0.346500009;0.345699996;0.340900004;0.341399997;0.343499988;0.350800008;0.352800012;0.079300001;0.088200003;0.1206;0.1017;0.118000001;0.107799999;0.139599994;0.140100002;0.152400002;0.081299998;0.130799994;0.160799995;0.153999999;0.1206;0.109399997;0.116899997;0.118199997;0.139200002;0.086000003;0.109999999;0.144700006;0.147100002;0.134499997;0.118199997;0.124200001
241828;0.568799973;0.827000022;0.841700017;0.83099997;0.823199987;0.819400012;0.823000014;0.829299986;0.085299999;0.366699994;0.444099993;0.558200002;0.389299989;0.343100011;0.324699998;0.316900015;0.307700008;0.080700003;0.110200003;0.181799993;0.179000005;0.190500006;0.156299993;0.186499998;0.129899994;0.165399998;0.079000004;0.444099993;0.775300026;0.762300014;0.75819999;0.75910002;0.757700026;0.806500018;0.780799985;0.085299999;0.3204;0.345899999;0.324499995;0.328399986;0.332100004;0.325599998;0.321999997;0.321500003;0.081500001;0.105599999;0.154699996;0.1523;0.127000004;0.120099999;0.149200007;0.148100004;0.1523;0.0801;0.442299992;0.783900023;0.776199996;0.779399991;0.794700027;0.844699979;0.868900001;0.82889998;0.085500002;0.299100012;0.350100011;0.34920001;0.344599992;0.345099986;0.346799999;0.3574;0.357800007;0.080399998;0.089299999;0.122000001;0.103;0.1193;0.109099999;0.141499996;0.141800001;0.154499993;0.081799999;0.134399995;0.159700006;0.154499993;0.124600001;0.117399998;0.120200001;0.120899998;0.138400003;0.087200001;0.111100003;0.147;0.147300005;0.135399997;0.119400002;0.124700002
242428.1;0.567200005;0.829599977;0.844299972;0.834900022;0.828000009;0.822099984;0.824999988;0.838699996;0.0854;0.367199987;0.447100013;0.566500008;0.386000007;0.342599988;0.324900001;0.317600012;0.308400005;0.080799997;0.110200003;0.181500003;0.178900003;0.190699995;0.155599996;0.187900007;0.1303;0.166800007;0.079000004;0.443599999;0.77670002;0.763400018;0.758300006;0.75910002;0.7579;0.806900024;0.779999971;0.0854;0.318199992;0.345099986;0.324600011;0.329600006;0.332899988;0.325500011;0.322600007;0.322400004;0.081500001;0.103600003;0.153200001;0.153899997;0.127399996;0.120499998;0.149900004;0.149100006;0.152799994;0.080200002;0.441199988;0.783200026;0.771600008;0.772499979;0.789099991;0.846400023;0.86680001;0.827600002;0.085500002;0.300000012;0.351300001;0.349000007;0.344799995;0.345299989;0.346500009;0.346599996;0.34920001;0.080399998;0.089299999;0.122199997;0.103100002;0.119400002;0.108999997;0.142000005;0.142199993;0.154599994;0.079999998;0.120300002;0.149399996;0.1567;0.122699998;0.111500002;0.1193;0.1193;0.137899995;0.087099999;0.111100003;0.145999998;0.148200005;0.135800004;0.119800001;0.125
243028.1;0.564599991;0.829100013;0.844900012;0.834699988;0.827499986;0.822799981;0.822899997;0.840699971;0.085100003;0.369199991;0.455599993;0.58160001;0.379299998;0.340299994;0.324000001;0.317900002;0.308299989;0.080200002;0.109800003;0.182099998;0.179299995;0.190699995;0.157900006;0.191400006;0.129099995;0.165600002;0.0779;0.441700011;0.775399983;0.762899995;0.756799996;0.757399976;0.756200016;0.805599988;0.776899993;0.084200002;0.310400009;0.340600014;0.321200013;0.327300012;0.331400007;0.324600011;0.320600003;0.321500003;0.079999998;0.1021;0.152899995;0.155100003;0.125300005;0.118799999;0.148000002;0.147300005;0.150700003;0.078299999;0.438300014;0.782199979;0.769999981;0.771099985;0.787999988;0.845300019;0.866299987;0.825800002;0.083400004;0.297699988;0.348399997;0.347600013;0.342400014;0.343499988;0.343699992;0.343899995;0.348399997;0.078500003;0.087499999;0.119900003;0.101099998;0.1175;0.107199997;0.139200002;0.139200002;0.151299998;0.0779;0.118000001;0.148200005;0.155900002;0.116899997;0.109700002;0.117200002;0.120300002;0.135199994;0.084700003;0.108599998;0.143000007;0.144999996;0.133699998;0.117899999;0.1228
243628.2;0.565800011;0.829100013;0.844600022;0.835200012;0.827700019;0.82249999;0.8222;0.841099977;0.085299999;0.372399986;0.457700014;0.578499973;0.383300006;0.342400014;0.325399995;0.319200009;0.308800012;0.080399998;0.110299997;0.183400005;0.180399999;0.192000002;0.159500003;0.190400004;0.129199997;0.166199997;0.078500003;0.441799998;0.777400017;0.764999986;0.7597;0.760900021;0.758400023;0.808300018;0.778900027;0.084799998;0.3125;0.343600005;0.323399991;0.32949999;0.332700014;0.326099992;0.322100013;0.323000014;0.080799997;0.103399999;0.155399993;0.155699998;0.1259;0.119499996;0.148499995;0.1479;0.150600001;0.079300001;0.439399987;0.784300029;0.770299971;0.773100019;0.789799988;0.845499992;0.870899975;0.829100013;0.0845;0.300000012;0.3495;0.34889999;0.344000012;0.345299989;0.344799995;0.347600013;0.351000011;0.079499997;0.088500001;0.121100001;0.102300003;0.118500002;0.108099997;0.139699996;0.140100002;0.1523;0.0792;0.120399997;0.1514;0.1567;0.137600005;0.1109;0.123899996;0.1193;0.139200002;0.086099997;0.110100001;0.144800007;0.145699993;0.134800002;0.119000003;0.126100004
244228.3;0.567499995;0.836099982;0.843299985;0.834999979;0.828000009;0.823199987;0.820299983;0.842700005;0.085299999;0.371699989;0.454100013;0.573800027;0.387300014;0.342700005;0.326099992;0.318500012;0.307599992;0.080499999;0.110299997;0.183400005;0.180000007;0.1928;0.158600003;0.187800005;0.129600003;0.165800005;0.078500003;0.441000015;0.777400017;0.763999999;0.759899974;0.761500001;0.75940001;0.809199989;0.779299974;0.084899999;0.317600012;0.344099998;0.324299991;0.328700006;0.332300007;0.326099992;0.322699994;0.322299987;0.080799997;0.104000002;0.154400006;0.154499993;0.126000002;0.1193;0.148699999;0.147699997;0.150900006;0.079300001;0.438699991;0.786199987;0.771300018;0.776199996;0.792699993;0.845300019;0.871399999;0.828299999;0.084299996;0.298799992;0.34889999;0.348100007;0.343899995;0.344300002;0.344000012;0.349999994;0.3495;0.079400003;0.088399999;0.120800003;0.101999998;0.118199997;0.107799999;0.139899999;0.140100002;0.152099997;0.0788;0.119800001;0.149499997;0.154899999;0.120700002;0.109899998;0.117200002;0.117799997;0.139500007;0.085699998;0.109899998;0.145099998;0.1435;0.134200007;0.118199997;0.123400003
244828.4;0.568400025;0.836499989;0.843500018;0.834999979;0.826099992;0.822600007;0.819000006;0.842100024;0.085299999;0.370700002;0.453599989;0.569299996;0.388700008;0.342500001;0.325199991;0.317799985;0.307799995;0.080499999;0.109899998;0.182500005;0.180199996;0.192599997;0.157499999;0.185100004;0.1294;0.166199997;0.078699999;0.440899998;0.777999997;0.764100015;0.75999999;0.762199998;0.760200024;0.809499979;0.780399978;0.084899999;0.319700003;0.347000003;0.325500011;0.330199987;0.333400011;0.327399999;0.322699994;0.323500007;0.080899999;0.103500001;0.153400004;0.153500006;0.126000002;0.119400002;0.148800001;0.1479;0.151099995;0.079300001;0.438300014;0.786199987;0.770799994;0.776000023;0.793099999;0.846300006;0.873399973;0.830299973;0.0845;0.300399989;0.351300001;0.351099998;0.345800012;0.34709999;0.346500009;0.349799991;0.349900007;0.079499997;0.088200003;0.120899998;0.101899996;0.118100002;0.107900001;0.140200004;0.140300006;0.1523;0.078699999;0.119099997;0.149100006;0.154200003;0.118500002;0.111599997;0.115999997;0.1193;0.140400007;0.085699998;0.109499998;0.144999996;0.143199995;0.134100005;0.118000001;0.124200001
245428.4;0.565900028;0.837499976;0.84009999;0.834200025;0.823899984;0.823300004;0.820299983;0.842899978;0.0854;0.369399995;0.452499986;0.573700011;0.386700004;0.343600005;0.325300008;0.317999989;0.307599992;0.080799997;0.110200003;0.182500005;0.180600002;0.192499995;0.157399997;0.186800003;0.129600003;0.167099997;0.079099998;0.438699991;0.77670002;0.763400018;0.759199977;0.761500001;0.758899987;0.809599996;0.778199971;0.085500002;0.317900002;0.347499996;0.325700015;0.330599993;0.333099991;0.326999992;0.322100013;0.323000014;0.081600003;0.1039;0.153600007;0.154899999;0.126399994;0.119999997;0.149800003;0.148900002;0.151099995;0.080300003;0.437099993;0.784600019;0.769900024;0.774600029;0.792299986;0.846700013;0.871100008;0.83039999;0.0858;0.302599996;0.352400005;0.352699995;0.347499996;0.34920001;0.34920001;0.349799991;0.351300001;0.080499999;0.089400001;0.121799998;0.102899998;0.119000003;0.108900003;0.141599998;0.1417;0.153999999;0.079899997;0.120499998;0.1505;0.156800002;0.123099998;0.111500002;0.121399999;0.127599999;0.141100004;0.087200001;0.1105;0.145899996;0.144800007;0.135199994;0.119599998;0.127200007
246028.5;0.565599978;0.838500023;0.8398;0.834599972;0.824199975;0.825399995;0.819599986;0.844399989;0.0854;0.372599989;0.457199991;0.582099974;0.380100012;0.341100007;0.325300008;0.317699999;0.308299989;0.080600001;0.110399999;0.183400005;0.181400001;0.192900002;0.158099994;0.189899996;0.1294;0.166700006;0.078900002;0.438499987;0.778299987;0.764800012;0.75999999;0.762099981;0.760500014;0.810000002;0.781599998;0.085100003;0.313899994;0.342500001;0.324200004;0.328999996;0.333299994;0.327199996;0.3213;0.32190001;0.081;0.103500001;0.154100001;0.157100007;0.125699997;0.119199999;0.149000004;0.148100004;0.150199994;0.079400003;0.434899986;0.783999979;0.76819998;0.773000002;0.791599989;0.846599996;0.873300016;0.83099997;0.084399998;0.301200002;0.352200001;0.351900011;0.345699996;0.347000003;0.34830001;0.347000003;0.351200014;0.079499997;0.088100001;0.120300002;0.101800002;0.117799997;0.107699998;0.139500007;0.139699996;0.151299998;0.0788;0.118799999;0.149100006;0.1567;0.122000001;0.113200001;0.117799997;0.117700003;0.140300006;0.085600004;0.108800001;0.143999994;0.145099998;0.134000003;0.1184;0.122599997
246628.6;0.567399979;0.83950001;0.840600014;0.832499981;0.824100018;0.827400029;0.817900002;0.844299972;0.085299999;0.374900013;0.460200012;0.584299982;0.381399989;0.341100007;0.324900001;0.317400008;0.308099985;0.080399998;0.109899998;0.182999998;0.181099996;0.193599999;0.158899993;0.189500004;0.129099995;0.165800005;0.078400001;0.438699991;0.779399991;0.764999986;0.760399997;0.763000011;0.760900021;0.811999977;0.782400012;0.084899999;0.31220001;0.341699988;0.3222;0.328299999;0.332800001;0.326299995;0.3213;0.321200013;0.080700003;0.1039;0.154599994;0.156599998;0.125300005;0.119000003;0.148900002;0.147599995;0.150000006;0.079400003;0.436199993;0.78579998;0.770699978;0.774900019;0.793799996;0.847800016;0.877099991;0.835300028;0.084700003;0.300399989;0.351700008;0.351000011;0.345800012;0.346599996;0.347200006;0.347200006;0.349999994;0.079599999;0.088600002;0.120499998;0.102200001;0.1184;0.1083;0.139200002;0.139799997;0.150999993;0.0792;0.119999997;0.149599999;0.156399995;0.128399998;0.124399997;0.116599999;0.118799999;0.140799999;0.086199999;0.109399997;0.144500002;0.143099993;0.134599999;0.118900001;0.127100006
247228.6;0.569199979;0.840600014;0.841099977;0.831099987;0.827700019;0.828000009;0.818099976;0.846400023;0.085299999;0.373800009;0.457500011;0.578100026;0.387699991;0.344099998;0.325599998;0.318399996;0.308400005;0.080600001;0.110100001;0.182899997;0.180899993;0.193000004;0.157499999;0.186299995;0.128999993;0.165600002;0.078699999;0.438600004;0.780099988;0.765799999;0.761699975;0.764199972;0.761799991;0.812399983;0.783100009;0.085000001;0.317799985;0.344500005;0.323199987;0.32949999;0.333099991;0.326299995;0.320600003;0.321500003;0.081;0.103600003;0.153500006;0.154599994;0.126000002;0.119499996;0.148100004;0.147200003;0.149900004;0.079599999;0.435699999;0.787199974;0.770799994;0.77670002;0.795300007;0.849300027;0.877900004;0.834699988;0.084799998;0.301400006;0.351399988;0.350899994;0.345899999;0.347200006;0.347299993;0.346700013;0.3486;0.079800002;0.088600002;0.120899998;0.102300003;0.118500002;0.1083;0.139200002;0.139300004;0.150600001;0.079099998;0.119499996;0.149100006;0.155200005;0.1197;0.110100001;0.116700001;0.121600002;0.141299993;0.086199999;0.110100001;0.145099998;0.142399997;0.134299994;0.118699998;0.123000003
247828.7;0.569199979;0.841799974;0.842899978;0.825800002;0.827899992;0.826399982;0.815900028;0.845099986;0.0854;0.373400003;0.455199987;0.579299986;0.388599992;0.344399989;0.326200008;0.317699999;0.307900012;0.080600001;0.110200003;0.182500005;0.180899993;0.192900002;0.1558;0.184900001;0.128999993;0.165299997;0.078500003;0.437599987;0.779100001;0.764699996;0.761500001;0.763100028;0.760599971;0.812699974;0.783500016;0.085100003;0.318399996;0.345099986;0.324000001;0.3292;0.332199991;0.326200008;0.3213;0.3213;0.081;0.103600003;0.152700007;0.153899997;0.125599995;0.119199999;0.148300007;0.147400007;0.150000006;0.079599999;0.435200006;0.786599994;0.770200014;0.7755;0.794200003;0.849099994;0.879199982;0.836499989;0.084600002;0.300900012;0.351500005;0.351599991;0.347499996;0.347000003;0.347200006;0.347499996;0.348399997;0.079899997;0.088399999;0.1206;0.1021;0.118299998;0.108000003;0.139500007;0.139500007;0.150999993;0.078599997;0.119499996;0.148300007;0.154499993;0.134599999;0.114600003;0.120300002;0.118500002;0.1417;0.086099997;0.1109;0.145500004;0.141900003;0.1338;0.118299998;0.123400003
248428.8;0.566100001;0.840499997;0.83950001;0.828199983;0.828299999;0.822099984;0.816399992;0.844799995;0.085299999;0.370400012;0.454400003;0.573800027;0.389699996;0.344300002;0.325300008;0.317400008;0.306800008;0.080600001;0.109700002;0.182699993;0.180399999;0.192900002;0.155200005;0.183699995;0.128700003;0.165800005;0.078500003;0.435799986;0.780200005;0.765500009;0.762099981;0.764299989;0.760999978;0.813300014;0.783699989;0.085000001;0.319599986;0.346500009;0.323799998;0.329600006;0.331999987;0.325700015;0.321200013;0.321099997;0.080899999;0.103399999;0.151800007;0.153099999;0.125200003;0.118699998;0.148300007;0.147499993;0.149499997;0.079300001;0.433400005;0.78640002;0.771099985;0.77579999;0.79430002;0.848100007;0.878099978;0.836499989;0.0845;0.302100003;0.352100015;0.352400005;0.347299993;0.347900003;0.347900003;0.349000007;0.349700004;0.079499997;0.088299997;0.120200001;0.101800002;0.118000001;0.107799999;0.139699996;0.139899999;0.1514;0.078400001;0.119499996;0.148399994;0.154499993;0.123800002;0.111500002;0.1215;0.127000004;0.142399997;0.086099997;0.112499997;0.145600006;0.141900003;0.133499995;0.118000001;0.123199999
249028.8;0.566999972;0.840699971;0.840499997;0.833100021;0.829100013;0.82069999;0.817900002;0.846000016;0.0854;0.368499994;0.452899992;0.571200013;0.391099989;0.344500005;0.325399995;0.317799985;0.307799995;0.080600001;0.109700002;0.181999996;0.180500001;0.191799998;0.154699996;0.184599996;0.129099995;0.166600004;0.078599997;0.436699986;0.781199992;0.766700029;0.762399971;0.764900029;0.760800004;0.81400001;0.783599973;0.084899999;0.3213;0.347799987;0.324999988;0.331099987;0.333999991;0.327300012;0.321399987;0.322699994;0.080799997;0.103399999;0.151099995;0.153500006;0.125300005;0.118799999;0.148300007;0.147400007;0.149200007;0.079300001;0.432099998;0.78640002;0.772099972;0.775099993;0.793799996;0.848500013;0.877600014;0.836499989;0.0845;0.302300006;0.354099989;0.352600008;0.348199993;0.3495;0.349299997;0.349000007;0.351200014;0.079499997;0.088299997;0.120300002;0.101800002;0.118000001;0.107699998;0.139599994;0.140200004;0.151500002;0.078699999;0.119099997;0.148100004;0.154599994;0.119900003;0.112599999;0.117299996;0.119000003;0.142199993;0.0858;0.111299999;0.145699993;0.142900005;0.133599997;0.118100002;0.125699997
249629;0.567200005;0.840900004;0.840300024;0.835500002;0.828400016;0.820599973;0.819500029;0.844600022;0.0854;0.368999988;0.453900009;0.573499978;0.390899986;0.344399989;0.325300008;0.318500012;0.307099998;0.080799997;0.1096;0.181500003;0.180299997;0.191699997;0.154300004;0.184799999;0.129500002;0.165700004;0.079099998;0.43599999;0.779500008;0.765600026;0.761699975;0.764400005;0.761300027;0.814999998;0.784699976;0.085500002;0.32159999;0.34830001;0.325399995;0.331999987;0.334300011;0.327600002;0.321500003;0.321999997;0.081600003;0.1043;0.152199998;0.153699994;0.126100004;0.1197;0.149599999;0.148300007;0.149700001;0.080399998;0.431600004;0.787299991;0.773299992;0.775900006;0.795799971;0.84890002;0.878899992;0.838199973;0.0858;0.304199994;0.354200006;0.354200006;0.348800004;0.350300014;0.349700004;0.350400001;0.352600008;0.080600001;0.089699998;0.1215;0.103;0.119400002;0.108999997;0.140900001;0.141100004;0.152700007;0.0801;0.120499998;0.1505;0.156200007;0.132400006;0.112599999;0.118799999;0.122100003;0.144700006;0.087399997;0.1127;0.147400007;0.144299999;0.135299996;0.1197;0.127700001
250229;0.566100001;0.841499984;0.845300019;0.838;0.82980001;0.824899971;0.816900015;0.846099973;0.085500002;0.372000009;0.459300011;0.583999991;0.382999986;0.342500001;0.325599998;0.318500012;0.308899999;0.080899999;0.110299997;0.181799993;0.180700004;0.1919;0.1558;0.187299997;0.129199997;0.165399998;0.079099998;0.435499996;0.780499995;0.766200006;0.763100028;0.764500022;0.761900008;0.815500021;0.784200013;0.085699998;0.316399992;0.345899999;0.325599998;0.33160001;0.334600002;0.327800006;0.323199987;0.32249999;0.081799999;0.104199998;0.152999997;0.154699996;0.126200005;0.120099999;0.149700001;0.148499995;0.150399998;0.080600001;0.432900012;0.788200021;0.77609998;0.77700001;0.796700001;0.850399971;0.878799975;0.83859998;0.086000003;0.30399999;0.353500009;0.353899986;0.350600004;0.350300014;0.350100011;0.349900007;0.354400009;0.080899999;0.090000004;0.122100003;0.103600003;0.119900003;0.109800003;0.140699998;0.141100004;0.152099997;0.080300003;0.121299997;0.150999993;0.157600001;0.122100003;0.117899999;0.1294;0.1241;0.145899996;0.0876;0.113700002;0.146799996;0.142000005;0.135800004;0.120499998;0.126000002
250829.2;0.565599978;0.844099998;0.847299993;0.839699984;0.8301;0.826699972;0.819999993;0.847199976;0.085299999;0.374900013;0.462700009;0.58920002;0.380800009;0.342099994;0.326200008;0.318699986;0.308899999;0.080499999;0.110299997;0.183599994;0.180999994;0.194600001;0.157299995;0.188800007;0.127700001;0.165099993;0.078400001;0.434599996;0.781099975;0.766700029;0.763999999;0.763599992;0.763000011;0.817200005;0.784799993;0.085000001;0.311399996;0.343300015;0.323900014;0.329299986;0.333499998;0.326900005;0.32100001;0.32100001;0.081;0.104099996;0.153899997;0.155599996;0.124499999;0.118699998;0.147699997;0.146899998;0.148800001;0.079599999;0.430500001;0.788200021;0.776199996;0.775900006;0.795899987;0.848200023;0.881600022;0.841099977;0.084799998;0.302599996;0.352800012;0.353199989;0.348800004;0.34889999;0.349400014;0.3495;0.353199989;0.079800002;0.0889;0.120399997;0.102200001;0.118299998;0.108400002;0.138699993;0.138999999;0.150000006;0.079000004;0.120399997;0.150299996;0.156100005;0.124399997;0.117299996;0.126300007;0.121399999;0.144099995;0.086499996;0.1127;0.145300001;0.141100004;0.134800002;0.119400002;0.127000004
251429.2;0.566999972;0.843200028;0.846800029;0.838199973;0.826900005;0.8222;0.819899976;0.843400002;0.085299999;0.37470001;0.459300011;0.583199978;0.384200007;0.343199998;0.325500011;0.317799985;0.307900012;0.080600001;0.110100001;0.183599994;0.181400001;0.194499999;0.158099994;0.188500002;0.127399996;0.164900005;0.078400001;0.433800012;0.781400025;0.7676;0.763800025;0.763800025;0.763400018;0.817499995;0.783399999;0.084899999;0.315699995;0.345699996;0.324099988;0.32949999;0.332700014;0.326400012;0.320899993;0.3213;0.080899999;0.103699997;0.153300002;0.154200003;0.124399997;0.118299998;0.147599995;0.146400005;0.148499995;0.079400003;0.430599988;0.788500011;0.77759999;0.776199996;0.79610002;0.848699987;0.879800022;0.839999974;0.0845;0.300300002;0.351000011;0.351300001;0.346799999;0.34709999;0.348100007;0.346799999;0.349400014;0.079499997;0.088399999;0.119999997;0.101599999;0.117799997;0.107900001;0.138500005;0.138899997;0.150299996;0.078599997;0.119800001;0.149900004;0.154899999;0.135399997;0.110200003;0.117700003;0.119000003;0.144299999;0.086000003;0.111900002;0.1461;0.141900003;0.134100005;0.1184;0.123400003
252029.3;0.569100022;0.846899986;0.847100019;0.839900017;0.826200008;0.825200021;0.819899976;0.844099998;0.085299999;0.37439999;0.456400007;0.577099979;0.389800012;0.345099986;0.326099992;0.317999989;0.308099985;0.080600001;0.109999999;0.182799995;0.181700006;0.194199994;0.156900004;0.186700001;0.127700001;0.1655;0.078599997;0.433800012;0.783100009;0.768400013;0.765100002;0.765100002;0.764400005;0.819400012;0.785300016;0.085000001;0.317299992;0.347000003;0.324499995;0.32980001;0.334300011;0.326900005;0.32100001;0.320800006;0.080899999;0.104000002;0.153600007;0.155000001;0.124799997;0.118299998;0.147300005;0.146500006;0.148900002;0.079499997;0.429399997;0.787899971;0.775399983;0.77609998;0.795400023;0.848999977;0.882000029;0.841799974;0.0845;0.300799996;0.352299988;0.351900011;0.34889999;0.34830001;0.34889999;0.348199993;0.349799991;0.079499997;0.088299997;0.119900003;0.101499997;0.117600001;0.107900001;0.1391;0.139400005;0.151199996;0.078699999;0.119900003;0.149599999;0.154200003;0.120300002;0.113399997;0.118199997;0.118799999;0.144500002;0.085900001;0.112199999;0.146200001;0.142000005;0.133900002;0.118199997;0.1228
252629.2;0.568700016;0.846300006;0.845499992;0.840200007;0.825600028;0.828299999;0.819999993;0.845099986;0.085299999;0.370799989;0.4542;0.573899984;0.390500009;0.343600005;0.324699998;0.317200005;0.307399988;0.080600001;0.1096;0.183200002;0.180399999;0.193499997;0.155900002;0.186399996;0.128000006;0.166099995;0.078599997;0.433200002;0.783500016;0.768599987;0.764800012;0.765900016;0.763999999;0.819500029;0.786599994;0.085000001;0.319499999;0.347000003;0.324200004;0.3301;0.334199995;0.326999992;0.320100009;0.321399987;0.080899999;0.103799999;0.152899995;0.154899999;0.125200003;0.118100002;0.1479;0.147300005;0.149100006;0.079400003;0.428900003;0.789300025;0.776199996;0.776199996;0.796599984;0.849399984;0.882799983;0.843500018;0.084399998;0.300399989;0.351799995;0.352200001;0.348399997;0.34889999;0.347600013;0.348100007;0.350199997;0.079599999;0.088299997;0.119999997;0.101400003;0.117700003;0.107699998;0.139599994;0.139699996;0.151999995;0.078900002;0.119499996;0.148399994;0.153999999;0.118199997;0.109999999;0.116899997;0.117899999;0.144199997;0.085900001;0.112199999;0.146599993;0.141800001;0.134200007;0.118000001;0.123899996
253229.3;0.568000019;0.844299972;0.844099998;0.839100003;0.824699998;0.828199983;0.822799981;0.845000029;0.085299999;0.370900005;0.45449999;0.572600007;0.391900003;0.344900012;0.325199991;0.317799985;0.307599992;0.080600001;0.1096;0.181899995;0.179900005;0.192200005;0.155599996;0.185499996;0.128299996;0.165800005;0.078699999;0.432200015;0.782700002;0.768299997;0.764999986;0.765500009;0.764400005;0.820900023;0.787699997;0.0854;0.320100009;0.3477;0.324200004;0.330300003;0.333900005;0.327199996;0.321099997;0.32100001;0.081200004;0.1039;0.152400002;0.154499993;0.125699997;0.118699998;0.148699999;0.147699997;0.148900002;0.079999998;0.429100007;0.789600015;0.77640003;0.776899993;0.797800004;0.850700021;0.883599997;0.843999982;0.085199997;0.30250001;0.353700012;0.353500009;0.350300014;0.350300014;0.349599987;0.349700004;0.352200001;0.080300003;0.089100003;0.120899998;0.102300003;0.118600003;0.108499996;0.140300006;0.140499994;0.151999995;0.0792;0.120200001;0.148699999;0.154400006;0.124200001;0.113499999;0.118500002;0.121399999;0.145199999;0.086999997;0.113700002;0.1479;0.143000007;0.135299996;0.119099997;0.1237
253829.4;0.566900015;0.845600009;0.844200015;0.83829999;0.826900005;0.83039999;0.825699985;0.847000003;0.0854;0.371699989;0.458099991;0.579599977;0.385600001;0.342500001;0.325500011;0.317099988;0.306400001;0.080899999;0.109899998;0.182799995;0.1796;0.193100005;0.155000001;0.188099995;0.128399998;0.166500002;0.0792;0.431499988;0.782999992;0.768000007;0.765200019;0.765999973;0.763999999;0.821500003;0.787699997;0.085600004;0.318599999;0.346300006;0.326099992;0.33070001;0.333000004;0.326799989;0.320800006;0.32100001;0.081600003;0.104400001;0.151899993;0.155300006;0.1259;0.119099997;0.149399996;0.148399994;0.149200007;0.080700003;0.4287;0.790700018;0.777400017;0.778800011;0.799099982;0.851499975;0.8829;0.842999995;0.085699998;0.302599996;0.352400005;0.353700012;0.350300014;0.350100011;0.349099994;0.350300014;0.353100002;0.080700003;0.089500003;0.121200003;0.102700002;0.118799999;0.108999997;0.141000003;0.141200006;0.152400002;0.079899997;0.121100001;0.149499997;0.155699998;0.128199995;0.112899996;0.121399999;0.121799998;0.145400003;0.087399997;0.114299998;0.147300005;0.1426;0.135800004;0.119999997;0.128299996
254429.4;0.566500008;0.848800004;0.843500018;0.838500023;0.827000022;0.832099974;0.827000022;0.848399997;0.085100003;0.374500006;0.462500006;0.588;0.379500002;0.340000004;0.324499995;0.316700011;0.306800008;0.080200002;0.109499998;0.182300001;0.180000007;0.193299994;0.156299993;0.189500004;0.127100006;0.165199995;0.078199998;0.430299997;0.783500016;0.76910001;0.765299976;0.765699983;0.764400005;0.822000027;0.786199987;0.0845;0.310799986;0.341800004;0.322699994;0.327600002;0.331699997;0.325399995;0.318899989;0.319200009;0.080300003;0.102899998;0.152400002;0.155900002;0.123899996;0.117200002;0.148100004;0.147100002;0.148000002;0.078900002;0.426899999;0.789300025;0.777199984;0.778100014;0.797900021;0.851800025;0.882399976;0.843100011;0.083999999;0.299699992;0.350199997;0.351500005;0.348199993;0.348500013;0.348100007;0.348100007;0.351700008;0.079000004;0.087899998;0.119499996;0.101099998;0.116899997;0.107299998;0.138400003;0.138799995;0.150299996;0.078299999;0.119599998;0.148699999;0.154899999;0.134100005;0.1118;0.1171;0.119000003;0.143900007;0.085699998;0.112300001;0.144899994;0.140300006;0.134399995;0.118600003;0.123499997
255029.5;0.565500021;0.847800016;0.840799987;0.836700022;0.826200008;0.831200004;0.830500007;0.848100007;0.085199997;0.374799997;0.460000008;0.585500002;0.381099999;0.340499997;0.324200004;0.316199988;0.307200015;0.080499999;0.109800003;0.184200004;0.181400001;0.195600003;0.157499999;0.191200003;0.127700001;0.1655;0.078599997;0.42930001;0.784300029;0.769299984;0.766099989;0.766499996;0.765699983;0.822099984;0.787100017;0.084899999;0.313300014;0.343100011;0.322400004;0.328200012;0.333299994;0.326299995;0.319299996;0.319400012;0.080899999;0.103699997;0.153500006;0.156299993;0.124700002;0.118000001;0.1479;0.147400007;0.148499995;0.079400003;0.426200002;0.789799988;0.778999984;0.778800011;0.798500001;0.851199985;0.88410002;0.845399976;0.084700003;0.300099999;0.351999998;0.352699995;0.34830001;0.348100007;0.348699987;0.346899986;0.350699991;0.079700001;0.088600002;0.119999997;0.101499997;0.117899999;0.108099997;0.139300004;0.1391;0.150800005;0.079099998;0.119900003;0.149700001;0.155000001;0.123599999;0.109999999;0.1206;0.120999999;0.144999996;0.086400002;0.112899996;0.146599993;0.141499996;0.135000005;0.119000003;0.124600001
255629.5;0.566399992;0.845700026;0.839900017;0.836700022;0.82889998;0.831200004;0.830600023;0.847500026;0.085299999;0.374000013;0.457300007;0.58039999;0.386799991;0.342099994;0.324099988;0.316000015;0.306400001;0.080600001;0.109700002;0.184200004;0.180800006;0.194199994;0.157199994;0.190699995;0.128000006;0.165600002;0.078699999;0.429399997;0.785000026;0.770299971;0.766300023;0.76700002;0.766799986;0.823199987;0.788100004;0.085100003;0.318500012;0.345800012;0.323700011;0.32949999;0.333400011;0.326299995;0.319700003;0.320100009;0.081;0.103600003;0.153500006;0.1558;0.125100002;0.118100002;0.148200005;0.147400007;0.148200005;0.079599999;0.427100003;0.792200029;0.781300008;0.780799985;0.799899995;0.851999998;0.886500001;0.846599996;0.084600002;0.300199986;0.351500005;0.351900011;0.348199993;0.34830001;0.348100007;0.347299993;0.349700004;0.079700001;0.088500001;0.119999997;0.101599999;0.1175;0.107900001;0.139699996;0.139799997;0.151500002;0.078900002;0.119599998;0.150099993;0.154200003;0.1237;0.109899998;0.120999999;0.1184;0.144899994;0.086300001;0.123499997;0.147100002;0.142900005;0.134800002;0.118900001;0.128000006
256229.6;0.568099976;0.847500026;0.840600014;0.841300011;0.829999983;0.831799984;0.832000017;0.84859997;0.085299999;0.373299986;0.456;0.575299978;0.390100002;0.342799991;0.324800014;0.315899998;0.305999994;0.080700003;0.110100001;0.183500007;0.180199996;0.194299996;0.156800002;0.189600006;0.127800003;0.1655;0.078500003;0.42930001;0.78579998;0.770299971;0.7676;0.767400026;0.767199993;0.824299991;0.789099991;0.085100003;0.319400012;0.3477;0.325199991;0.330199987;0.333499998;0.326599985;0.320600003;0.319799989;0.081;0.103500001;0.153200001;0.155000001;0.124700002;0.117799997;0.148000002;0.147400007;0.148499995;0.079599999;0.426600009;0.793099999;0.781799972;0.781899989;0.800899982;0.853799999;0.885999978;0.845600009;0.084600002;0.300199986;0.351099998;0.352200001;0.348800004;0.348699987;0.347000003;0.348399997;0.351000011;0.079700001;0.088500001;0.119599998;0.101300001;0.117299996;0.107799999;0.139599994;0.140000001;0.151700005;0.078599997;0.119999997;0.149599999;0.153400004;0.128099993;0.111000001;0.121200003;0.126399994;0.144700006;0.086099997;0.112800002;0.147100002;0.142100006;0.134599999;0.118199997;0.123599999
256829.7;0.568700016;0.84890002;0.840699971;0.845399976;0.831399977;0.833899975;0.831799984;0.849799991;0.0854;0.373100013;0.45539999;0.573400021;0.389600009;0.342299998;0.324699998;0.315699995;0.305999994;0.080700003;0.109700002;0.184100002;0.180600002;0.194600001;0.155599996;0.190200001;0.127800003;0.165900007;0.0788;0.42930001;0.78670001;0.771399975;0.768400013;0.766900003;0.768100023;0.825800002;0.790099978;0.085100003;0.319799989;0.34740001;0.325899988;0.33039999;0.333999991;0.326999992;0.320499986;0.319999993;0.081200004;0.1039;0.152500004;0.154599994;0.124899998;0.117700003;0.148100004;0.147699997;0.149100006;0.079700001;0.426499993;0.792699993;0.782000005;0.781700015;0.801599979;0.854499996;0.887600005;0.847800016;0.084799998;0.300799996;0.353799999;0.354499996;0.351399988;0.350400001;0.349900007;0.350699991;0.352699995;0.079899997;0.088500001;0.120099999;0.101400003;0.1171;0.107600003;0.140599996;0.140900001;0.152999997;0.078900002;0.120399997;0.149900004;0.153400004;0.120700002;0.111699998;0.118500002;0.118299998;0.145400003;0.086400002;0.113499999;0.146799996;0.143199995;0.134599999;0.118100002;0.125200003
257429.8;0.565599978;0.847800016;0.837499976;0.841799974;0.831200004;0.833700001;0.830500007;0.846300006;0.0854;0.370400012;0.453099996;0.570200026;0.389999986;0.342999995;0.324600011;0.315400004;0.305799991;0.080700003;0.109700002;0.1831;0.180500001;0.194000006;0.154899999;0.189600006;0.127800003;0.166299999;0.078699999;0.427300006;0.786499977;0.771300018;0.767700016;0.765799999;0.768400013;0.825600028;0.788800001;0.085199997;0.318599999;0.34830001;0.326099992;0.330599993;0.334199995;0.327399999;0.320300013;0.320100009;0.081100002;0.103600003;0.152199998;0.155100003;0.124799997;0.117700003;0.148300007;0.147599995;0.149299994;0.079700001;0.424499989;0.792100012;0.781300008;0.781799972;0.801299989;0.855000019;0.886799991;0.847899973;0.084899999;0.300199986;0.353500009;0.354499996;0.351099998;0.350300014;0.3495;0.350199997;0.352999985;0.079999998;0.088600002;0.119900003;0.101400003;0.117200002;0.107699998;0.140599996;0.140499994;0.152500004;0.078900002;0.119800001;0.149800003;0.153699994;0.122400001;0.109200001;0.117899999;0.118600003;0.145999998;0.086400002;0.113399997;0.147300005;0.143399999;0.134800002;0.118500002;0.123599999
258029.8;0.564400017;0.848999977;0.836399972;0.841300011;0.832899988;0.833999991;0.829900026;0.845000029;0.0854;0.370499998;0.452499986;0.575100005;0.388599992;0.342099994;0.324200004;0.315600008;0.305599988;0.080700003;0.109499998;0.183699995;0.181400001;0.194100007;0.154200003;0.190899998;0.127599999;0.166800007;0.078900002;0.426999986;0.787400007;0.771799982;0.76880002;0.766799986;0.768400013;0.825900018;0.789300025;0.085199997;0.320600003;0.347600013;0.325300008;0.330500007;0.333999991;0.326900005;0.319599986;0.319599986;0.081100002;0.103600003;0.151199996;0.154899999;0.124899998;0.1175;0.148300007;0.148000002;0.148800001;0.079599999;0.424499989;0.792100012;0.782100022;0.781199992;0.801400006;0.854399979;0.885999978;0.847899973;0.084700003;0.300700009;0.353199989;0.354000002;0.350800008;0.349299997;0.350899994;0.349999994;0.352999985;0.079800002;0.088500001;0.119999997;0.101300001;0.117200002;0.107699998;0.140599996;0.140799999;0.153099999;0.0788;0.119599998;0.149299994;0.153999999;0.121100001;0.109700002;0.121799998;0.118500002;0.146500006;0.086400002;0.113399997;0.147200003;0.144099995;0.134599999;0.118199997;0.124300003
258629.9;0.564800024;0.849600017;0.837899983;0.843299985;0.834500015;0.834999979;0.831099987;0.8495;0.085299999;0.370400012;0.453799993;0.574400008;0.386200011;0.339899987;0.323000014;0.314500004;0.304899991;0.080600001;0.109300002;0.183200002;0.180800006;0.193900004;0.152999997;0.191200003;0.127800003;0.166999996;0.078699999;0.426999986;0.787400007;0.772400022;0.768899977;0.766600013;0.76880002;0.826900005;0.790600002;0.085000001;0.319799989;0.34709999;0.325500011;0.331099987;0.334500015;0.327899992;0.320199996;0.3204;0.081;0.103500001;0.150700003;0.154799998;0.125;0.117600001;0.148100004;0.147499993;0.148499995;0.079499997;0.424400002;0.793600023;0.784500003;0.782700002;0.803600013;0.856400013;0.887600005;0.849399984;0.0845;0.300399989;0.352600008;0.354400009;0.350699991;0.350300014;0.349799991;0.34920001;0.352899998;0.079599999;0.088200003;0.120099999;0.101199999;0.117200002;0.107500002;0.140300006;0.140000001;0.1523;0.0788;0.119099997;0.149000004;0.153999999;0.1237;0.109099999;0.1184;0.119099997;0.145899996;0.086400002;0.113300003;0.147300005;0.143099993;0.1347;0.118100002;0.128999993
259230;0.563399971;0.847899973;0.843100011;0.842299998;0.834200025;0.833299994;0.829100013;0.849600017;0.0854;0.369599998;0.4542;0.574999988;0.387800008;0.342099994;0.323900014;0.315400004;0.305599988;0.080799997;0.109499998;0.1831;0.180500001;0.193700001;0.153300002;0.191799998;0.128399998;0.166800007;0.079099998;0.426600009;0.787299991;0.772099972;0.767799973;0.765399992;0.76880002;0.826699972;0.790600002;0.085500002;0.318800002;0.347000003;0.324900001;0.331;0.334399998;0.328200012;0.319599986;0.319799989;0.081600003;0.104199998;0.1514;0.156299993;0.126000002;0.118600003;0.148800001;0.148599997;0.149100006;0.080399998;0.423099995;0.791899979;0.782899976;0.781700015;0.80309999;0.855099976;0.888000011;0.849600017;0.0858;0.30219999;0.353899986;0.355599999;0.351399988;0.351500005;0.349999994;0.349799991;0.354200006;0.080700003;0.089699998;0.121600002;0.102600001;0.118600003;0.108900003;0.141800001;0.141599998;0.153600007;0.080499999;0.120800003;0.150299996;0.156100005;0.1219;0.117799997;0.1197;0.120999999;0.143900007;0.0876;0.114699997;0.149000004;0.144500002;0.136700004;0.120300002;0.127700001
259830;0.561399996;0.847000003;0.845099986;0.841199994;0.835099995;0.834399998;0.829699993;0.851999998;0.0854;0.370599985;0.458499998;0.585900009;0.380299985;0.339899987;0.323399991;0.315699995;0.305900007;0.081;0.110200003;0.183799997;0.181199998;0.193299994;0.155499995;0.194199994;0.128199995;0.166500002;0.0792;0.425900012;0.787400007;0.772000015;0.76880002;0.765399992;0.768299997;0.826799989;0.790099978;0.085699998;0.313300014;0.343600005;0.324499995;0.33039999;0.333799988;0.327300012;0.319299996;0.319799989;0.081799999;0.1043;0.152999997;0.158399999;0.126300007;0.119000003;0.149100006;0.148800001;0.149299994;0.080700003;0.423900008;0.793600023;0.784799993;0.782500029;0.806400001;0.858200014;0.888599992;0.850099981;0.086000003;0.300999999;0.352699995;0.354000002;0.351300001;0.351000011;0.349599987;0.349400014;0.355100006;0.081;0.090099998;0.122199997;0.103200004;0.1193;0.109700002;0.141599998;0.142299995;0.153500006;0.080799997;0.121699996;0.151099995;0.157000005;0.122599997;0.118000001;0.1197;0.123499997;0.143099993;0.087899998;0.115500003;0.148699999;0.144099995;0.137500003;0.121399999;0.130500004
260430.1;0.561600029;0.845200002;0.847800016;0.841600001;0.836099982;0.836700022;0.829299986;0.852699995;0.085299999;0.373400003;0.461299986;0.588500023;0.377400011;0.337700009;0.322699994;0.314799994;0.305799991;0.080600001;0.110399999;0.184400007;0.181500003;0.194999993;0.157100007;0.1954;0.127399996;0.165000007;0.078599997;0.425300002;0.787599981;0.772899985;0.768999994;0.765100002;0.769200027;0.827799976;0.791700006;0.085000001;0.309599996;0.342099994;0.323500007;0.329100013;0.333600014;0.326400012;0.319400012;0.318699986;0.081;0.104000002;0.153999999;0.158199996;0.125100002;0.117899999;0.148100004;0.147400007;0.148000002;0.079700001;0.423000008;0.793299973;0.78490001;0.782599986;0.807099998;0.856899977;0.889299989;0.849099994;0.085000001;0.299600005;0.349999994;0.351099998;0.349099994;0.3477;0.347200006;0.347499996;0.352699995;0.079999998;0.089000002;0.121100001;0.1021;0.118000001;0.108499996;0.140000001;0.140400007;0.151500002;0.079599999;0.121200003;0.150299996;0.155300006;0.126499996;0.114500001;0.119499996;0.121399999;0.141499996;0.086900003;0.1149;0.146799996;0.1435;0.136500001;0.120300002;0.126800001
261030.2;0.564999998;0.843500018;0.849699974;0.845700026;0.836499989;0.838100016;0.82950002;0.852800012;0.085299999;0.373699993;0.460799992;0.585300028;0.382999986;0.33950001;0.323599994;0.314500004;0.304500014;0.080600001;0.1105;0.184900001;0.180800006;0.195999995;0.156299993;0.194600001;0.127800003;0.164900005;0.078699999;0.425300002;0.788299978;0.773199975;0.769900024;0.765200019;0.770099998;0.829299986;0.792100012;0.085100003;0.314700007;0.342799991;0.324000001;0.328599989;0.332399994;0.325599998;0.318800002;0.317699999;0.081;0.104099996;0.153400004;0.156599998;0.125499994;0.118000001;0.147699997;0.147100002;0.148100004;0.079599999;0.423299998;0.794200003;0.78640002;0.783200026;0.809300005;0.8574;0.891700029;0.851100028;0.084700003;0.298799992;0.3486;0.350199997;0.34830001;0.346599996;0.345800012;0.346300006;0.350100011;0.079800002;0.088699996;0.120999999;0.101800002;0.117899999;0.108400002;0.140000001;0.140000001;0.151600003;0.0792;0.120800003;0.150000006;0.153899997;0.127399996;0.111100003;0.121799998;0.120099999;0.140499994;0.086599998;0.114299998;0.146899998;0.143999994;0.136099994;0.119499996;0.124799997
261630.2;0.566200018;0.841499984;0.848200023;0.846899986;0.835600019;0.83890003;0.828499973;0.853500009;0.085299999;0.372500002;0.456800014;0.57950002;0.386700004;0.340600014;0.323199987;0.313600004;0.304100007;0.080600001;0.110299997;0.184699997;0.181299999;0.194999993;0.156100005;0.192900002;0.127599999;0.165900007;0.078500003;0.425199986;0.788900018;0.774900019;0.771200001;0.76910001;0.772300005;0.830600023;0.792500019;0.085100003;0.316500008;0.345099986;0.324400008;0.328299999;0.333000004;0.326599985;0.319400012;0.318300009;0.081;0.104199998;0.153300002;0.156499997;0.125300005;0.1175;0.147499993;0.147200003;0.148000002;0.079599999;0.422699988;0.795099974;0.787400007;0.784399986;0.810299993;0.858500004;0.891799986;0.850499988;0.084700003;0.297300011;0.3495;0.351200014;0.349000007;0.34740001;0.346899986;0.347499996;0.350800008;0.079800002;0.088500001;0.1206;0.101499997;0.117299996;0.107799999;0.140400007;0.140300006;0.152400002;0.078599997;0.120200001;0.150000006;0.152600005;0.126200005;0.1175;0.119800001;0.119099997;0.139699996;0.086199999;0.113300003;0.146699995;0.144999996;0.135600001;0.118699998;0.125
262230.3;0.564599991;0.838400006;0.846800029;0.845499992;0.835200012;0.837199986;0.825999975;0.851300001;0.085299999;0.370799989;0.453900009;0.574199975;0.386500001;0.340900004;0.322100013;0.3134;0.3037;0.080700003;0.110299997;0.184699997;0.181799993;0.195199996;0.154899999;0.192599997;0.128199995;0.1664;0.0788;0.424499989;0.788999975;0.775399983;0.771700025;0.769200027;0.771499991;0.830799997;0.792999983;0.085100003;0.315400004;0.345899999;0.324600011;0.3292;0.333000004;0.326499999;0.318899989;0.318599999;0.081100002;0.104199998;0.153300002;0.157199994;0.125499994;0.1175;0.148399994;0.147400007;0.148300007;0.079599999;0.421499997;0.79369998;0.787100017;0.782700002;0.809300005;0.856700003;0.891799986;0.852500021;0.084700003;0.298500001;0.349799991;0.351799995;0.3495;0.348699987;0.349000007;0.34889999;0.351599991;0.079800002;0.088500001;0.120999999;0.101599999;0.1175;0.107900001;0.140900001;0.140599996;0.153200001;0.0792;0.119999997;0.149900004;0.152999997;0.1215;0.110399999;0.118000001;0.126599997;0.138600007;0.086400002;0.113200001;0.147200003;0.144800007;0.135499999;0.118500002;0.1237
262830.3;0.564100027;0.83950001;0.848500013;0.84740001;0.837700009;0.83829999;0.828000009;0.853600025;0.085299999;0.370700002;0.454299986;0.572300017;0.388500005;0.341500014;0.322899997;0.313699991;0.303900003;0.080700003;0.110399999;0.184200004;0.182099998;0.194399998;0.154400006;0.192599997;0.128299996;0.167500004;0.0788;0.423999995;0.789499998;0.775399983;0.771499991;0.769699991;0.772099972;0.83130002;0.792100012;0.085000001;0.318100005;0.347200006;0.325100005;0.32949999;0.333200008;0.326400012;0.318800002;0.318399996;0.080899999;0.103799999;0.1523;0.1558;0.125599995;0.117700003;0.148800001;0.147799999;0.148100004;0.079499997;0.421099991;0.79369998;0.787699997;0.782299995;0.809300005;0.856599987;0.89139998;0.851899981;0.084600002;0.298400015;0.350899994;0.352100015;0.350100011;0.348100007;0.349000007;0.348500013;0.351999998;0.079700001;0.088399999;0.121299997;0.101499997;0.1175;0.107900001;0.141299993;0.141499996;0.153600007;0.0792;0.119900003;0.149299994;0.152999997;0.123899996;0.118600003;0.119800001;0.120099999;0.138500005;0.086099997;0.112899996;0.147200003;0.145400003;0.135600001;0.118500002;0.128199995
263430.6;0.563399971;0.83859998;0.849099994;0.846000016;0.837899983;0.837899983;0.827099979;0.852699995;0.085299999;0.368699998;0.452100009;0.570500016;0.387100011;0.340499997;0.321999997;0.312999994;0.30309999;0.080600001;0.109899998;0.184;0.180800006;0.194100007;0.153400004;0.192200005;0.1285;0.167500004;0.078599997;0.423500001;0.789399981;0.775600016;0.771700025;0.770200014;0.771200001;0.831099987;0.791999996;0.084899999;0.316300005;0.346199989;0.324800014;0.329299986;0.332199991;0.326400012;0.318100005;0.317799985;0.080899999;0.103500001;0.1514;0.155499995;0.1259;0.117799997;0.148499995;0.147499993;0.148100004;0.079400003;0.42050001;0.794799984;0.788900018;0.783100009;0.809199989;0.856899977;0.892499983;0.852699995;0.084399998;0.298000008;0.351599991;0.352600008;0.350400001;0.34920001;0.348800004;0.3486;0.351900011;0.079499997;0.088100001;0.121100001;0.101199999;0.117200002;0.107600003;0.141000003;0.141299993;0.152500004;0.079000004;0.119499996;0.148599997;0.152500004;0.134200007;0.111699998;0.117700003;0.118500002;0.138500005;0.085900001;0.112899996;0.147;0.144800007;0.135700002;0.118600003;0.124499999
264030.5;0.564100027;0.83829999;0.850300014;0.846300006;0.841099977;0.838400006;0.826499999;0.855199993;0.085199997;0.367599994;0.451700002;0.5722;0.389600009;0.340200007;0.321799994;0.31310001;0.303600013;0.080700003;0.1096;0.1831;0.180199996;0.192900002;0.152700007;0.193399996;0.129099995;0.168099999;0.0788;0.423599988;0.790499985;0.776600003;0.772199988;0.770399988;0.772000015;0.83160001;0.792299986;0.085199997;0.32190001;0.347000003;0.325599998;0.330300003;0.333999991;0.327199996;0.318800002;0.319000006;0.081200004;0.103600003;0.151099995;0.156100005;0.126599997;0.1184;0.149499997;0.148300007;0.1479;0.079899997;0.421000004;0.795599997;0.789600015;0.783299983;0.810400009;0.85769999;0.894999981;0.854900002;0.085100003;0.298799992;0.352499992;0.353100002;0.350800008;0.350400001;0.349099994;0.349099994;0.352899998;0.080200002;0.089100003;0.122299999;0.102300003;0.118600003;0.108900003;0.142199993;0.141900003;0.153999999;0.079999998;0.120200001;0.149299994;0.153500006;0.120800003;0.114699997;0.119800001;0.124899998;0.139599994;0.087099999;0.114;0.148000002;0.145400003;0.136600003;0.119400002;0.125100002
264630.7;0.564300001;0.838;0.853799999;0.848100007;0.842800021;0.840200007;0.826099992;0.857900023;0.0854;0.370000005;0.457300007;0.584500015;0.385399997;0.340799987;0.323199987;0.314200014;0.304800004;0.080899999;0.109999999;0.183599994;0.181199998;0.193499997;0.152899995;0.194600001;0.1294;0.167799994;0.0792;0.424199998;0.790899992;0.77700001;0.773299992;0.771399975;0.772800028;0.833700001;0.793099999;0.085600004;0.316100001;0.344900012;0.325800002;0.330799997;0.334699988;0.327199996;0.319200009;0.318800002;0.081600003;0.104000002;0.151600003;0.157700002;0.126900002;0.119099997;0.149700001;0.148100004;0.148200005;0.080499999;0.421900004;0.796000004;0.790899992;0.784300029;0.813199997;0.860199988;0.895699978;0.856700003;0.085699998;0.299199998;0.351700008;0.353199989;0.352499992;0.350499988;0.349299997;0.34920001;0.355300009;0.080700003;0.090099998;0.123000003;0.103100002;0.119199999;0.1096;0.141900003;0.142399997;0.153099999;0.080499999;0.120700002;0.150099993;0.154200003;0.141100004;0.115800001;0.1206;0.120700002;0.140699998;0.087700002;0.115000002;0.148100004;0.143999994;0.137799993;0.121200003;0.1259
265230.8;0.563399971;0.84799999;0.855499983;0.848100007;0.844699979;0.842999995;0.826499999;0.860300004;0.085299999;0.37439999;0.462500006;0.594399989;0.378199995;0.337599993;0.322100013;0.31310001;0.303299993;0.080499999;0.109999999;0.184699997;0.181899995;0.195700005;0.154699996;0.196199998;0.1285;0.166199997;0.078599997;0.423500001;0.791299999;0.777700007;0.773800015;0.771700025;0.773299992;0.834500015;0.792699993;0.085000001;0.312599987;0.341899991;0.324400008;0.328799993;0.332899988;0.326400012;0.318300009;0.317999989;0.081;0.104099996;0.151999995;0.157800004;0.126000002;0.1184;0.148900002;0.147699997;0.147200003;0.079700001;0.420899987;0.796599984;0.791999996;0.7852;0.814100027;0.858699977;0.898000002;0.857599974;0.084899999;0.298200011;0.349400014;0.351900011;0.349900007;0.349299997;0.349299997;0.349400014;0.355399996;0.079999998;0.0889;0.122199997;0.102300003;0.118600003;0.108999997;0.140400007;0.140100002;0.151600003;0.079499997;0.120499998;0.149900004;0.152600005;0.120300002;0.111100003;0.120099999;0.121100001;0.139899999;0.086900003;0.114200003;0.146699995;0.1435;0.137199998;0.120800003;0.127700001
265830.8;0.565299988;0.84799999;0.854499996;0.842599988;0.843299985;0.8398;0.824999988;0.858500004;0.085299999;0.37470001;0.460999995;0.587000012;0.380899996;0.339300007;0.32159999;0.312900007;0.302399993;0.080600001;0.110200003;0.185000002;0.182099998;0.195700005;0.155000001;0.196199998;0.128800005;0.166700006;0.078699999;0.422399998;0.791499972;0.777999997;0.774299979;0.772300005;0.773400009;0.834699988;0.792500019;0.085000001;0.31279999;0.343600005;0.323799998;0.328399986;0.331499994;0.325500011;0.317600012;0.317600012;0.081100002;0.103799999;0.152899995;0.157399997;0.126100004;0.118600003;0.148399994;0.147;0.146400005;0.079700001;0.420599997;0.798600018;0.793799996;0.786499977;0.815199971;0.858500004;0.899399996;0.859200001;0.084799998;0.296400011;0.34709999;0.349999994;0.348100007;0.347600013;0.346599996;0.346700013;0.351200014;0.079899997;0.088699996;0.122199997;0.1021;0.118500002;0.108900003;0.139799997;0.140000001;0.151099995;0.079499997;0.120399997;0.149399996;0.151999995;0.127900004;0.115900002;0.125200003;0.120499998;0.138699993;0.086499996;0.113799997;0.146400005;0.145099998;0.1373;0.119900003;0.126399994
266430.9;0.565500021;0.850000024;0.852599978;0.840499997;0.842800021;0.838999987;0.821500003;0.858799994;0.085299999;0.372700006;0.45660001;0.58099997;0.386000007;0.3398;0.321999997;0.312099993;0.302300006;0.080600001;0.110100001;0.184599996;0.181999996;0.195600003;0.154100001;0.194600001;0.128999993;0.166999996;0.078699999;0.422300011;0.791800022;0.778400004;0.774100006;0.772599995;0.773800015;0.835699975;0.790499985;0.085000001;0.314799994;0.344000012;0.323799998;0.327699989;0.331999987;0.324999988;0.317200005;0.316900015;0.081;0.103699997;0.152199998;0.157000005;0.126300007;0.118600003;0.149000004;0.146899998;0.147100002;0.079700001;0.42050001;0.798900008;0.795099974;0.787299991;0.818799973;0.859399974;0.901899993;0.858900011;0.084600002;0.2958;0.349000007;0.350800008;0.34889999;0.347499996;0.347299993;0.346799999;0.350400001;0.079800002;0.088399999;0.122100003;0.101800002;0.118000001;0.108499996;0.140100002;0.140699998;0.151800007;0.079400003;0.1197;0.149000004;0.151199996;0.120700002;0.110399999;0.120300002;0.122199997;0.138500005;0.086300001;0.114200003;0.146899998;0.145400003;0.136700004;0.1193;0.127299994
267030.8;0.564899981;0.852299988;0.854099989;0.843100011;0.843699992;0.838400006;0.821799994;0.861199975;0.085299999;0.370700002;0.454600006;0.578499973;0.386500001;0.33919999;0.320800006;0.3116;0.302599996;0.080499999;0.109899998;0.184300005;0.181999996;0.194999993;0.152999997;0.195299998;0.129099995;0.167899996;0.078699999;0.421999991;0.793799996;0.780099988;0.775600016;0.773199975;0.774600029;0.836199999;0.790799975;0.084899999;0.317900002;0.345099986;0.324000001;0.328599989;0.332899988;0.326000005;0.317799985;0.317400008;0.080899999;0.103500001;0.151099995;0.156299993;0.126499996;0.118500002;0.149100006;0.147200003;0.147400007;0.079499997;0.42019999;0.798900008;0.796000004;0.787599981;0.820100009;0.860099971;0.901000023;0.858900011;0.084700003;0.295700014;0.349299997;0.350600004;0.348800004;0.34740001;0.347600013;0.347000003;0.351399988;0.079599999;0.088200003;0.122000001;0.101599999;0.118000001;0.108400002;0.141000003;0.140400007;0.151700005;0.079099998;0.119199999;0.148300007;0.150800005;0.131899998;0.120099999;0.117799997;0.120999999;0.139400005;0.086099997;0.113300003;0.147100002;0.145099998;0.136500001;0.119000003;0.127700001
267630.9;0.564599991;0.853500009;0.855099976;0.842700005;0.845000029;0.83859998;0.826900005;0.862200022;0.085299999;0.369599998;0.452100009;0.575699985;0.388300002;0.34040001;0.32069999;0.311399996;0.301699996;0.080499999;0.109399997;0.183400005;0.180800006;0.194499999;0.151899993;0.194499999;0.129600003;0.167899996;0.078599997;0.421700001;0.793500006;0.779699981;0.7755;0.772800028;0.774800003;0.837300003;0.790700018;0.084799998;0.319499999;0.346599996;0.324699998;0.328799993;0.333400011;0.325599998;0.317499995;0.317600012;0.080799997;0.103500001;0.150299996;0.156000003;0.126599997;0.118699998;0.149100006;0.147300005;0.146799996;0.079400003;0.419400007;0.799600005;0.796500027;0.788100004;0.820599973;0.860599995;0.901199996;0.859700024;0.084299996;0.295899987;0.349799991;0.350800008;0.349000007;0.347900003;0.347000003;0.34740001;0.351599991;0.079499997;0.088399999;0.122199997;0.1017;0.118100002;0.108499996;0.140799999;0.140400007;0.151800007;0.079099998;0.119499996;0.147400007;0.150700003;0.136500001;0.114299998;0.120099999;0.1237;0.137099996;0.085699998;0.114200003;0.147699997;0.157199994;0.136600003;0.118799999;0.126699999
268231;0.565500021;0.853500009;0.856999993;0.843999982;0.845399976;0.838699996;0.831499994;0.863600016;0.085199997;0.368600011;0.451700002;0.576699972;0.389499992;0.340200007;0.321200013;0.311300009;0.301600009;0.080700003;0.1096;0.182899997;0.179399997;0.192300007;0.151099995;0.194600001;0.130099997;0.167999998;0.078900002;0.421999991;0.793799996;0.779799998;0.775699973;0.773800015;0.774699986;0.838400006;0.791700006;0.085299999;0.3213;0.34709999;0.325599998;0.32980001;0.333799988;0.326200008;0.318100005;0.317699999;0.0814;0.103500001;0.149000004;0.156000003;0.127599999;0.1197;0.150099993;0.148200005;0.147799999;0.080200002;0.420399994;0.800400019;0.797299981;0.788699985;0.821399987;0.862500012;0.903900027;0.862600029;0.085500002;0.297699988;0.351900011;0.352400005;0.350699991;0.349900007;0.34799999;0.348199993;0.352299988;0.080499999;0.089699998;0.123899996;0.103200004;0.1197;0.109899998;0.142000005;0.141599998;0.153099999;0.080300003;0.120499998;0.148200005;0.151999995;0.1373;0.1118;0.1237;0.120800003;0.138799995;0.087399997;0.115000002;0.148900002;0.145699993;0.138099998;0.120300002;0.126100004
268831;0.562099993;0.851700008;0.85650003;0.841600001;0.844600022;0.838500023;0.834399998;0.864499986;0.085299999;0.369500011;0.454100013;0.584399998;0.3829;0.338499993;0.32100001;0.311699986;0.301899999;0.080799997;0.109800003;0.182899997;0.180299997;0.192900002;0.151999995;0.194199994;0.130199999;0.167600006;0.078900002;0.420899987;0.793500006;0.780700028;0.77670002;0.774800003;0.775600016;0.838400006;0.791999996;0.085500002;0.314300001;0.343699992;0.324200004;0.3292;0.332399994;0.325500011;0.317499995;0.316900015;0.081699997;0.103699997;0.150399998;0.157700002;0.127200007;0.1197;0.150600001;0.148599997;0.147100002;0.080499999;0.419400007;0.800000012;0.796899974;0.788500011;0.821799994;0.862999976;0.90170002;0.862399995;0.085699998;0.297199994;0.3495;0.351300001;0.350300014;0.348500013;0.347000003;0.3477;0.353399992;0.080600001;0.089599997;0.123800002;0.103100002;0.119599998;0.109899998;0.142199993;0.142299995;0.152999997;0.079800002;0.120800003;0.148599997;0.151999995;0.123899996;0.112300001;0.124700002;0.1219;0.1426;0.087499999;0.1149;0.148800001;0.154599994;0.138600007;0.121100001;0.127700001
269431.1;0.559800029;0.854399979;0.859200001;0.841000021;0.848699987;0.841600001;0.837499976;0.865999997;0.0854;0.373600006;0.460599989;0.593599975;0.378399998;0.336600006;0.3213;0.311800003;0.301999986;0.081;0.110600002;0.184699997;0.180899993;0.194499999;0.154300004;0.196700007;0.129600003;0.168400005;0.0792;0.421200007;0.79549998;0.782299995;0.778100014;0.775600016;0.77640003;0.84009999;0.792900026;0.0858;0.310699999;0.341600001;0.324600011;0.328999996;0.332599998;0.325800002;0.318100005;0.317499995;0.081900001;0.104699999;0.152099997;0.159600005;0.127200007;0.119900003;0.150800005;0.149200007;0.147699997;0.080799997;0.419699997;0.802200019;0.798600018;0.791000009;0.824299991;0.863699973;0.904600024;0.86619997;0.086099997;0.298000008;0.348399997;0.351300001;0.350600004;0.349400014;0.348399997;0.349099994;0.354099989;0.081100002;0.090300001;0.124300003;0.104000002;0.120399997;0.110699996;0.142299995;0.142000005;0.152600005;0.080499999;0.122100003;0.1505;0.151899993;0.136099994;0.117200002;0.126800001;0.130899996;0.139899999;0.088100001;0.115199998;0.148499995;0.145500004;0.139300004;0.122500002;0.127800003
270031.2;0.562300026;0.850899994;0.858299971;0.839900017;0.84799999;0.83859998;0.836000025;0.864099979;0.085299999;0.376100004;0.461600006;0.592400014;0.378500015;0.336100012;0.320600003;0.310799986;0.300300002;0.080600001;0.110200003;0.185399994;0.181099996;0.196600005;0.155399993;0.195800006;0.128900006;0.167099997;0.078599997;0.420599997;0.795099974;0.782199979;0.778199971;0.775600016;0.776899993;0.841099977;0.792800009;0.085100003;0.307399988;0.340799987;0.32249999;0.326599985;0.331200004;0.324499995;0.316700011;0.316100001;0.081;0.1039;0.152799994;0.158600003;0.126200005;0.118900001;0.148699999;0.147400007;0.147200003;0.079800002;0.419;0.80250001;0.799600005;0.792500019;0.824599981;0.862800002;0.907199979;0.865800023;0.084899999;0.296200007;0.347299993;0.350199997;0.34889999;0.347200006;0.345600009;0.347200006;0.351599991;0.080200002;0.089000002;0.122599997;0.102399997;0.118799999;0.109300002;0.140499994;0.140499994;0.151899993;0.0792;0.120899998;0.150000006;0.149700001;0.123999998;0.111299999;0.122000001;0.123000003;0.138099998;0.086800002;0.113899998;0.147499993;0.155599996;0.137799993;0.120499998;0.125100002
270631.1;0.561600029;0.848200023;0.85619998;0.83920002;0.845799983;0.840200007;0.834599972;0.863900006;0.085199997;0.372799993;0.45449999;0.583899975;0.384900004;0.337099999;0.319999993;0.309799999;0.300399989;0.080499999;0.110200003;0.185399994;0.180899993;0.196199998;0.154599994;0.195299998;0.128999993;0.167899996;0.078500003;0.419699997;0.795599997;0.783100009;0.777999997;0.776000023;0.777400017;0.841000021;0.792900026;0.084700003;0.31400001;0.343100011;0.322899997;0.326299995;0.33070001;0.323900014;0.316199988;0.315699995;0.080600001;0.103799999;0.152500004;0.157499999;0.1259;0.118199997;0.149000004;0.147400007;0.146699995;0.079099998;0.418000013;0.802200019;0.800300002;0.795000017;0.825999975;0.862900019;0.904699981;0.864499986;0.084100001;0.29370001;0.346399993;0.348399997;0.347499996;0.345600009;0.344799995;0.349599987;0.351500005;0.079300001;0.088100001;0.121699996;0.101300001;0.117600001;0.107900001;0.140200004;0.140499994;0.151500002;0.078100003;0.120899998;0.148699999;0.148100004;0.126599997;0.1184;0.121600002;0.118799999;0.136099994;0.085699998;0.112800002;0.147100002;0.147200003;0.136299998;0.117799997;0.1237
271231.3;0.564400017;0.845799983;0.85680002;0.845200002;0.847599983;0.842800021;0.835500002;0.86650002;0.085299999;0.371800005;0.452300012;0.580900013;0.386299998;0.338099986;0.318699986;0.308800012;0.298999995;0.080600001;0.109899998;0.184200004;0.180999994;0.195099995;0.152400002;0.194600001;0.129700005;0.167799994;0.078900002;0.420100003;0.796199977;0.783800006;0.778900027;0.776300013;0.776899993;0.842899978;0.793600023;0.085299999;0.318399996;0.345999986;0.324099988;0.327499986;0.33160001;0.324299991;0.317499995;0.316500008;0.081500001;0.1039;0.1514;0.1567;0.127200007;0.119099997;0.150199994;0.148200005;0.147200003;0.0801;0.419999987;0.803200006;0.801100016;0.793200016;0.826799989;0.864700019;0.908500016;0.869400024;0.085299999;0.29519999;0.349000007;0.350300014;0.349999994;0.347799987;0.348100007;0.34830001;0.350899994;0.080300003;0.089199997;0.123199999;0.102700002;0.119000003;0.109399997;0.142100006;0.142399997;0.153600007;0.079899997;0.120800003;0.149499997;0.149399996;0.1241;0.113300003;0.121600002;0.121399999;0.136899993;0.087200001;0.114399999;0.149100006;0.149000004;0.137799993;0.119099997;0.125300005
271831.4;0.560299993;0.845300019;0.855400026;0.84799999;0.846300006;0.841700017;0.834200025;0.8671;0.0854;0.370099992;0.451700002;0.582700014;0.3838;0.337799996;0.319099993;0.308699995;0.298700005;0.081;0.110200003;0.183899999;0.181400001;0.194999993;0.152199998;0.1954;0.129999995;0.168200001;0.079000004;0.418900013;0.796500027;0.783999979;0.778699994;0.77670002;0.777199984;0.843400002;0.793799996;0.0854;0.312999994;0.343699992;0.323100001;0.327100009;0.330199987;0.323100001;0.315800011;0.315100014;0.081500001;0.104099996;0.150600001;0.158000007;0.127599999;0.1197;0.1505;0.148499995;0.147599995;0.080300003;0.418000013;0.80400002;0.801299989;0.793799996;0.826300025;0.8653;0.905799985;0.86680001;0.085500002;0.296799988;0.349099994;0.350899994;0.349999994;0.347900003;0.34740001;0.347499996;0.351599991;0.080600001;0.089199997;0.123400003;0.102799997;0.119000003;0.109399997;0.142900005;0.143000007;0.153999999;0.079899997;0.120800003;0.149700001;0.149599999;0.122500002;0.115000002;0.121799998;0.123400003;0.136800006;0.087399997;0.114100002;0.149100006;0.146400005;0.138300002;0.120200001;0.127000004
272431.5;0.557600021;0.8477;0.854900002;0.851000011;0.846099973;0.842400014;0.833800018;0.867999971;0.085500002;0.371800005;0.45570001;0.588500023;0.377999991;0.336299986;0.318800002;0.309199989;0.299299985;0.080899999;0.110299997;0.184599996;0.181700006;0.195999995;0.153699994;0.196999997;0.129999995;0.169400007;0.079300001;0.418799996;0.796899974;0.784300029;0.778999984;0.77700001;0.777700007;0.844299972;0.794700027;0.085699998;0.309100002;0.340799987;0.322699994;0.326499999;0.330799997;0.323799998;0.315699995;0.315299988;0.081799999;0.104699999;0.152400002;0.1602;0.127599999;0.119800001;0.151600003;0.149599999;0.147400007;0.080600001;0.417499989;0.803900003;0.800800025;0.794700027;0.826600015;0.865100026;0.906000018;0.867600024;0.085900001;0.29550001;0.347499996;0.350100011;0.34889999;0.346899986;0.346599996;0.346199989;0.351399988;0.080899999;0.0898;0.1241;0.103399999;0.119900003;0.110399999;0.143199995;0.143000007;0.153600007;0.080600001;0.121299997;0.150199994;0.150299996;0.125100002;0.114799999;0.125400007;0.122400001;0.143800005;0.087899998;0.114699997;0.148499995;0.1461;0.138999999;0.121600002;0.128299996
273031.5;0.555999994;0.853799999;0.857800007;0.855000019;0.846099973;0.842599988;0.834299982;0.869799972;0.0854;0.373299986;0.458600014;0.590799987;0.373699993;0.333700001;0.317600012;0.308299989;0.298400015;0.080899999;0.110799998;0.186199993;0.182300001;0.196899995;0.155200005;0.198799998;0.1303;0.168200001;0.079400003;0.418099999;0.797599971;0.785300016;0.779699981;0.777100027;0.778299987;0.844900012;0.797699988;0.0858;0.305799991;0.338699996;0.321099997;0.325800002;0.329699993;0.323199987;0.315200001;0.314900011;0.082000002;0.105099998;0.153799996;0.160300002;0.127900004;0.120099999;0.151700005;0.149900004;0.148000002;0.080799997;0.417199999;0.804499984;0.801299989;0.796000004;0.827600002;0.865100026;0.906899989;0.867500007;0.086099997;0.29429999;0.345400006;0.3477;0.347200006;0.345400006;0.345200002;0.345699996;0.350300014;0.081100002;0.0902;0.124499999;0.1039;0.120399997;0.1109;0.142800003;0.143000007;0.153699994;0.081100002;0.122299999;0.150700003;0.1505;0.122400001;0.130600005;0.121399999;0.123000003;0.135700002;0.088100001;0.114600003;0.148599997;0.1479;0.139799997;0.122599997;0.128399998
273631.6;0.558300018;0.853200018;0.85799998;0.856000006;0.845200002;0.842800021;0.833700001;0.870999992;0.085199997;0.373199999;0.457599998;0.591099977;0.378199995;0.333799988;0.317099988;0.307799995;0.298799992;0.080499999;0.1105;0.186399996;0.182099998;0.196999997;0.155499995;0.197500005;0.129600003;0.168200001;0.078599997;0.418199986;0.799199998;0.78670001;0.780700028;0.778699994;0.779100001;0.845300019;0.799600005;0.085000001;0.306300014;0.338400006;0.319200009;0.323500007;0.328799993;0.321999997;0.313699991;0.313699991;0.080899999;0.104400001;0.153999999;0.160600007;0.126900002;0.118900001;0.1505;0.148800001;0.147400007;0.079599999;0.416799992;0.806200027;0.803300023;0.799600005;0.832099974;0.864300013;0.9102;0.869700015;0.084799998;0.292299986;0.345899999;0.346700013;0.345099986;0.344000012;0.344099998;0.348699987;0.355100006;0.079800002;0.088699996;0.123099998;0.102200001;0.118799999;0.109399997;0.1417;0.141900003;0.153300002;0.079800002;0.128199995;0.158700004;0.148100004;0.122699998;0.1109;0.1219;0.1215;0.143600002;0.086599998;0.113399997;0.147300005;0.146799996;0.138400003;0.120300002;0.125799999
274231.6;0.560000002;0.851300001;0.857900023;0.854600012;0.839100003;0.839299977;0.832599998;0.868399978;0.085199997;0.370700002;0.449999988;0.577799976;0.384900004;0.335500002;0.316900015;0.306400001;0.296700001;0.080399998;0.110299997;0.185699999;0.181799993;0.196700007;0.153999999;0.1972;0.129500002;0.167799994;0.078400001;0.417100012;0.798600018;0.78640002;0.781099975;0.778800011;0.779399991;0.848100007;0.800400019;0.0845;0.31400001;0.340999991;0.319900006;0.323700011;0.328000009;0.321799994;0.313800007;0.3134;0.081600003;0.105700001;0.156100005;0.157700002;0.126699999;0.118299998;0.149599999;0.147599995;0.145999998;0.078900002;0.416200012;0.807799995;0.805899978;0.802100003;0.833999991;0.863900006;0.909799993;0.870400012;0.083800003;0.291500002;0.345299989;0.346500009;0.344799995;0.342400014;0.345999986;0.353500009;0.3574;0.079000004;0.087700002;0.122199997;0.101199999;0.117899999;0.108199999;0.141599998;0.142299995;0.153200001;0.080499999;0.134000003;0.161899999;0.146300003;0.124399997;0.122900002;0.1171;0.120300002;0.132300004;0.085500002;0.1131;0.146799996;0.146699995;0.136800006;0.117899999;0.1259
274831.8;0.557500005;0.854399979;0.860499978;0.85589999;0.83950001;0.841400027;0.834299982;0.870400012;0.085299999;0.368600011;0.448500007;0.576099992;0.386200011;0.336199999;0.316500008;0.306199998;0.296400011;0.080799997;0.110299997;0.185399994;0.181500003;0.195500001;0.152099997;0.197099999;0.130400002;0.168500006;0.0792;0.418000013;0.799600005;0.787400007;0.781700015;0.779299974;0.780200005;0.8477;0.800599992;0.085500002;0.315800011;0.343899995;0.321700007;0.324999988;0.328999996;0.321500003;0.314200014;0.313899994;0.081500001;0.104800001;0.151199996;0.158000007;0.128099993;0.119800001;0.151600003;0.149900004;0.148100004;0.080300003;0.416700006;0.808300018;0.803799987;0.797500014;0.83039999;0.866699994;0.90990001;0.873399973;0.085500002;0.294099987;0.347200006;0.34740001;0.347299993;0.345299989;0.344900012;0.345200002;0.347000003;0.080499999;0.0898;0.124200001;0.103200004;0.119900003;0.110100001;0.144099995;0.144700006;0.156299993;0.080399998;0.121399999;0.150600001;0.148300007;0.127800003;0.112999998;0.1197;0.123099998;0.134800002;0.0876;0.116800003;0.148399994;0.147400007;0.138799995;0.120099999;0.127900004
275431.8;0.556699991;0.858200014;0.865999997;0.85680002;0.843100011;0.843900025;0.837599993;0.875199974;0.085299999;0.370400012;0.453000009;0.585500002;0.382400006;0.334500015;0.316599995;0.306600004;0.297399998;0.080799997;0.1105;0.186000004;0.181600004;0.195199996;0.152500004;0.196899995;0.130600005;0.168799996;0.0792;0.418300003;0.801199973;0.789300025;0.783200026;0.780600011;0.780900002;0.8495;0.802299976;0.085500002;0.309899986;0.339100003;0.32069999;0.324400008;0.328999996;0.32190001;0.314099997;0.313800007;0.081500001;0.104099996;0.1523;0.160300002;0.127800003;0.119800001;0.151999995;0.150600001;0.148800001;0.080300003;0.416999996;0.809499979;0.804499984;0.797900021;0.831200004;0.868600011;0.910099983;0.874300003;0.085600004;0.293300003;0.3477;0.347799987;0.347200006;0.344900012;0.345200002;0.344399989;0.34920001;0.080600001;0.089500003;0.123999998;0.103299998;0.1197;0.110100001;0.144099995;0.144500002;0.156200007;0.080200002;0.122000001;0.150999993;0.148499995;0.126599997;0.112599999;0.120499998;0.123000003;0.132699996;0.087499999;0.114600003;0.147699997;0.145999998;0.139300004;0.121299997;0.127900004
276031.9;0.555400014;0.857900023;0.86500001;0.855099976;0.843900025;0.844900012;0.837800026;0.876299977;0.085299999;0.372200012;0.453799993;0.589999974;0.377799988;0.333200008;0.316100001;0.306199998;0.297199994;0.080899999;0.1109;0.186299995;0.181500003;0.1954;0.153699994;0.197300002;0.130799994;0.168400005;0.0792;0.418000013;0.80250001;0.789699972;0.783500016;0.781300008;0.781199992;0.850399971;0.802699983;0.085699998;0.308200002;0.338200003;0.319999993;0.324400008;0.328900009;0.321700007;0.313499987;0.313600004;0.081799999;0.104900002;0.153600007;0.160799995;0.128000006;0.120300002;0.151999995;0.150900006;0.149299994;0.080600001;0.417100012;0.811100006;0.8046;0.800300002;0.832400024;0.868600011;0.912100017;0.875;0.085900001;0.294099987;0.34740001;0.347200006;0.346100003;0.344999999;0.344199985;0.344000012;0.349700004;0.081200004;0.090099998;0.124700002;0.1039;0.1206;0.1109;0.144199997;0.144299999;0.156000003;0.080899999;0.122900002;0.151800007;0.148800001;0.123899996;0.119099997;0.127700001;0.130999997;0.135399997;0.088;0.1149;0.147599995;0.145999998;0.139899999;0.122400001;0.127499998
276631.9;0.556800008;0.859300017;0.863699973;0.859000027;0.846199989;0.844299972;0.840900004;0.878499985;0.0854;0.37349999;0.456200004;0.593400002;0.37560001;0.332300007;0.315499991;0.306499988;0.296600014;0.081;0.111199997;0.187600002;0.181400001;0.1963;0.154599994;0.197500005;0.130999997;0.167799994;0.079400003;0.418799996;0.803600013;0.791199982;0.78490001;0.781799972;0.781899989;0.851999998;0.80400002;0.085900001;0.306199998;0.336600006;0.319099993;0.324000001;0.328200012;0.3213;0.312900007;0.31310001;0.081900001;0.104999997;0.153999999;0.160999998;0.128000006;0.120700002;0.151600003;0.150800005;0.149200007;0.080799997;0.417499989;0.812699974;0.806200027;0.801999986;0.833100021;0.869899988;0.914099991;0.876800001;0.086099997;0.293500006;0.346399993;0.346399993;0.345499992;0.344099998;0.342799991;0.342700005;0.347900003;0.081100002;0.090300001;0.125100002;0.104099996;0.120700002;0.111199997;0.143900007;0.144199997;0.156299993;0.080899999;0.122900002;0.151999995;0.148800001;0.127599999;0.114799999;0.119499996;0.124200001;0.132699996;0.088399999;0.114699997;0.147599995;0.1461;0.140300006;0.123000003;0.127299994
277232.1;0.558600008;0.861100018;0.863499999;0.861100018;0.846000016;0.845499992;0.842000008;0.876699984;0.085199997;0.373600006;0.456;0.592000008;0.378199995;0.332700014;0.315100014;0.305400014;0.295899987;0.080499999;0.1109;0.187099993;0.181999996;0.196099997;0.155100003;0.195700005;0.130199999;0.1664;0.078500003;0.418500006;0.804099977;0.791400015;0.785399973;0.782100022;0.783100009;0.852100015;0.806500018;0.084899999;0.306899995;0.336800009;0.317999989;0.322899997;0.327800006;0.3204;0.312400013;0.3125;0.080899999;0.104999997;0.155900002;0.160099998;0.127100006;0.119499996;0.149599999;0.148699999;0.147599995;0.079599999;0.417100012;0.814400017;0.808600008;0.806699991;0.838100016;0.870000005;0.916599989;0.878300011;0.084700003;0.291000009;0.342900008;0.344000012;0.342900008;0.341899991;0.342200011;0.347799987;0.354099989;0.079700001;0.088799998;0.123599999;0.102600001;0.1193;0.109700002;0.142299995;0.142800003;0.154599994;0.080600001;0.130799994;0.161400005;0.146400005;0.1215;0.114299998;0.117799997;0.123800002;0.132100001;0.0867;0.113499999;0.145999998;0.147400007;0.138600007;0.120499998;0.129099995
277832.2;0.560599983;0.861699998;0.864300013;0.861599982;0.847500026;0.847899973;0.843299985;0.878000021;0.085199997;0.370000005;0.450199991;0.580900013;0.386000007;0.334300011;0.314599991;0.3046;0.294400007;0.080399998;0.110699996;0.186700001;0.181500003;0.195800006;0.153600007;0.195999995;0.130400002;0.166600004;0.078400001;0.418099999;0.804799974;0.792800009;0.785899997;0.782800019;0.782999992;0.855400026;0.809000015;0.084399998;0.312999994;0.3389;0.316900015;0.32159999;0.325800002;0.319099993;0.311500013;0.3116;0.082000002;0.106200002;0.157600001;0.157299995;0.126800001;0.118900001;0.149599999;0.148399994;0.147200003;0.0788;0.416099995;0.815299988;0.81129998;0.810800016;0.840699971;0.870500028;0.916400015;0.875999987;0.083899997;0.291200012;0.344000012;0.343899995;0.342599988;0.341399997;0.344700009;0.353899986;0.358099997;0.079000004;0.087800004;0.123300001;0.101499997;0.118299998;0.108499996;0.142499998;0.1426;0.157100007;0.0823;0.137199998;0.165900007;0.144899994;0.126399994;0.112899996;0.1219;0.119999997;0.130999997;0.086000003;0.112800002;0.145199999;0.147200003;0.137400001;0.118500002;0.126200005
278432.3;0.559400022;0.862399995;0.864600003;0.862200022;0.850600004;0.846099973;0.843599975;0.879499972;0.085299999;0.367199987;0.447899997;0.578700006;0.386799991;0.334100008;0.314200014;0.303900003;0.29339999;0.080799997;0.110799998;0.186199993;0.180800006;0.194499999;0.152799994;0.196799994;0.130999997;0.168200001;0.078900002;0.41839999;0.805700004;0.793900013;0.786599994;0.783299983;0.783299983;0.854700029;0.807299972;0.0854;0.314500004;0.340499997;0.318899989;0.32280001;0.326900005;0.319799989;0.31310001;0.31189999;0.0814;0.104599997;0.152600005;0.158399999;0.128000006;0.120200001;0.151999995;0.1505;0.149100006;0.080200002;0.416799992;0.815199971;0.808200002;0.806100011;0.835300028;0.873700023;0.915499985;0.875699997;0.0854;0.292600006;0.344300002;0.344599992;0.344500005;0.342400014;0.341100007;0.342099994;0.345600009;0.080399998;0.089400001;0.124499999;0.103200004;0.119800001;0.110100001;0.145300001;0.145300001;0.157800004;0.0801;0.1219;0.151800007;0.146899998;0.124300003;0.118500002;0.120399997;0.121200003;0.131899998;0.0876;0.116700001;0.146400005;0.150399998;0.138899997;0.120499998;0.129800007
279032.3;0.557299972;0.864199996;0.867999971;0.862500012;0.852500021;0.845000029;0.847899973;0.8829;0.085299999;0.369899988;0.451700002;0.587400019;0.380199999;0.33129999;0.313499987;0.304199994;0.293599993;0.080899999;0.1109;0.186499998;0.181799993;0.195600003;0.153600007;0.197999999;0.131400004;0.168200001;0.0792;0.418300003;0.806500018;0.794700027;0.787500024;0.783900023;0.784300029;0.856000006;0.809300005;0.085500002;0.310499996;0.337900013;0.318399996;0.323000014;0.326400012;0.319700003;0.312299997;0.3116;0.081600003;0.104500003;0.153500006;0.159299999;0.128199995;0.1206;0.151899993;0.150900006;0.149800003;0.080399998;0.416799992;0.816200018;0.809300005;0.805800021;0.837300003;0.876100004;0.91839999;0.878099978;0.085600004;0.293300003;0.345400006;0.345999986;0.345400006;0.343600005;0.342999995;0.343199998;0.34799999;0.080600001;0.089500003;0.124600001;0.103500001;0.120200001;0.110399999;0.145099998;0.144800007;0.157000005;0.0801;0.1219;0.152700007;0.146799996;0.129099995;0.1131;0.118600003;0.126399994;0.130799994;0.0876;0.113300003;0.145400003;0.148300007;0.1391;0.121600002;0.127599999
279632.3;0.554799974;0.864899993;0.866999984;0.860700011;0.84890002;0.842400014;0.845600009;0.8829;0.0854;0.370400012;0.454100013;0.590799987;0.376800001;0.32949999;0.313699991;0.303000003;0.292899996;0.080899999;0.111299999;0.188199997;0.182099998;0.196500003;0.155100003;0.199200004;0.131300002;0.168699995;0.079099998;0.416999996;0.806800008;0.795700014;0.788600028;0.784399986;0.784300029;0.85650003;0.808399975;0.085699998;0.306400001;0.335200012;0.317900002;0.321099997;0.325599998;0.318699986;0.311300009;0.311500013;0.081699997;0.1052;0.154400006;0.160300002;0.128000006;0.120499998;0.152600005;0.151500002;0.150399998;0.080600001;0.416200012;0.817700028;0.809899986;0.806599975;0.838100016;0.876299977;0.917500019;0.874199986;0.0858;0.292299986;0.344300002;0.344700009;0.344000012;0.342299998;0.342299998;0.342999995;0.347200006;0.080899999;0.090000004;0.124799997;0.103799999;0.120399997;0.110600002;0.145099998;0.144600004;0.157100007;0.080300003;0.122699998;0.153300002;0.146599993;0.127499998;0.113600001;0.1193;0.122199997;0.134000003;0.088;0.1131;0.149200007;0.146899998;0.139300004;0.1219;0.128099993
280232.3;0.555400014;0.868499994;0.870700002;0.867600024;0.850099981;0.842599988;0.846199989;0.884899974;0.0854;0.371499985;0.456200004;0.593699992;0.373800009;0.328599989;0.312999994;0.302899987;0.293500006;0.080899999;0.111400001;0.1884;0.182500005;0.196999997;0.155399993;0.199300006;0.131400004;0.168200001;0.079300001;0.417199999;0.808600008;0.796899974;0.789300025;0.7852;0.785099983;0.85799998;0.808799982;0.0858;0.304899991;0.334199995;0.316900015;0.32100001;0.325300008;0.318899989;0.310900003;0.310400009;0.081799999;0.105099998;0.154599994;0.159899995;0.127900004;0.120700002;0.152600005;0.151199996;0.150000006;0.080700003;0.416200012;0.818300009;0.810299993;0.807099998;0.8398;0.876900017;0.919099987;0.876699984;0.086000003;0.291099995;0.343499988;0.344500005;0.343400002;0.341600001;0.341699988;0.341600001;0.346100003;0.081;0.090000004;0.125;0.1039;0.1206;0.111100003;0.144700006;0.143900007;0.156299993;0.080600001;0.123000003;0.153799996;0.146799996;0.135199994;0.134100005;0.119999997;0.122199997;0.134100005;0.088200003;0.113200001;0.145300001;0.142000005;0.139699996;0.122199997;0.129099995
280832.4;0.556400001;0.870000005;0.870700002;0.866699994;0.846700013;0.842499971;0.844399989;0.885200024;0.0854;0.373299986;0.455799997;0.593599975;0.371399999;0.328200012;0.312099993;0.301999986;0.292400002;0.080899999;0.111500002;0.188500002;0.182699993;0.196999997;0.155399993;0.199499995;0.131500006;0.168400005;0.079400003;0.417199999;0.809499979;0.797399998;0.789900005;0.78579998;0.785899997;0.858900011;0.809499979;0.0858;0.300399989;0.332300007;0.315499991;0.319700003;0.324000001;0.317799985;0.310000002;0.309500009;0.081799999;0.105099998;0.155100003;0.159999996;0.127900004;0.120899998;0.152199998;0.151199996;0.150000006;0.080700003;0.416299999;0.819400012;0.811399996;0.808000028;0.839999974;0.878400028;0.919799984;0.877699971;0.086099997;0.289700001;0.340799987;0.342099994;0.341600001;0.34009999;0.340600014;0.339599997;0.344999999;0.081;0.090099998;0.125400007;0.104400001;0.120800003;0.111199997;0.144299999;0.143800005;0.156000003;0.080700003;0.123000003;0.154400006;0.146599993;0.124300003;0.114200003;0.119000003;0.123000003;0.131600007;0.088200003;0.1131;0.144999996;0.137999997;0.140100002;0.122900002;0.127700001
281432.4;0.557099998;0.869300008;0.868300021;0.86650002;0.845600009;0.841700017;0.839999974;0.885900021;0.085199997;0.372099996;0.452800006;0.588699996;0.373400003;0.328399986;0.311300009;0.300999999;0.291500002;0.080499999;0.111199997;0.188299999;0.182500005;0.196899995;0.155000001;0.198599994;0.130400002;0.167199999;0.078599997;0.416900009;0.810199976;0.798500001;0.791000009;0.786800027;0.786000013;0.859399974;0.810400009;0.084799998;0.300399989;0.331699997;0.313699991;0.318399996;0.322600007;0.316300005;0.308699995;0.308800012;0.080899999;0.105300002;0.157100007;0.159299999;0.126699999;0.119599998;0.150399998;0.149299994;0.148300007;0.079599999;0.415499985;0.819000006;0.813199997;0.810800016;0.844399989;0.878499985;0.921500027;0.879400015;0.084799998;0.289299995;0.340600014;0.341399997;0.340200007;0.3389;0.340200007;0.344700009;0.350300014;0.079700001;0.088500001;0.123599999;0.102499999;0.119099997;0.109300002;0.143399999;0.143000007;0.155200005;0.080799997;0.131500006;0.163800001;0.144899994;0.128600001;0.119599998;0.119800001;0.122199997;0.130400002;0.086800002;0.111900002;0.1435;0.152099997;0.138400003;0.120700002;0.125400007
282032.4;0.559099972;0.873099983;0.870000005;0.868700027;0.847899973;0.842100024;0.842599988;0.888599992;0.085100003;0.367799997;0.446500003;0.577099979;0.3829;0.330199987;0.310900003;0.300399989;0.290399998;0.080300003;0.110600002;0.187600002;0.181899995;0.195600003;0.151800007;0.198799998;0.130400002;0.168300003;0.078199998;0.417199999;0.81220001;0.799700022;0.792100012;0.788100004;0.787;0.863699973;0.815199971;0.084299996;0.311300009;0.335900009;0.315200001;0.318500012;0.322600007;0.315600008;0.308499992;0.309599996;0.082900003;0.107000001;0.160300002;0.156399995;0.126499996;0.119000003;0.150399998;0.149100006;0.148000002;0.0788;0.416299999;0.82249999;0.818099976;0.815699995;0.849699974;0.878799975;0.922100008;0.879400015;0.083800003;0.287299991;0.338499993;0.33950001;0.338200003;0.336899996;0.342799991;0.352200001;0.355500013;0.0788;0.087700002;0.123199999;0.101400003;0.119099997;0.1087;0.1435;0.147200003;0.160899997;0.084299996;0.140799999;0.172299996;0.143000007;0.135399997;0.110200003;0.118199997;0.125599995;0.129500002;0.085500002;0.111100003;0.141800001;0.137600005;0.136899993;0.118199997;0.125799999
282632.6;0.556599975;0.872099996;0.867900014;0.868799984;0.846000016;0.840900004;0.840499997;0.887300014;0.085299999;0.364300013;0.443100005;0.574299991;0.384900004;0.33039999;0.310499996;0.299800009;0.289799988;0.080799997;0.1109;0.187800005;0.181899995;0.195899993;0.149700001;0.200499997;0.131600007;0.170399994;0.079000004;0.416799992;0.8125;0.799600005;0.792299986;0.787999988;0.78609997;0.860800028;0.81129998;0.0854;0.312999994;0.337199986;0.315699995;0.318899989;0.322600007;0.315699995;0.308299989;0.308800012;0.0814;0.104800001;0.152799994;0.157600001;0.128399998;0.1206;0.153200001;0.151800007;0.150199994;0.0801;0.415300012;0.820800006;0.81370002;0.809800029;0.842899978;0.881299973;0.920899987;0.880200028;0.0854;0.288800001;0.342099994;0.341600001;0.341300011;0.339700013;0.339300007;0.339100003;0.341100007;0.080399998;0.089199997;0.125;0.103299998;0.120099999;0.110100001;0.146300003;0.146200001;0.158500001;0.080300003;0.122100003;0.153899997;0.145699993;0.130099997;0.1149;0.122299999;0.122000001;0.131600007;0.087399997;0.112199999;0.1426;0.139599994;0.138699993;0.120099999;0.128000006
283232.7;0.555800021;0.873000026;0.868700027;0.870999992;0.849600017;0.842100024;0.842199981;0.888599992;0.085299999;0.36590001;0.4472;0.580600023;0.380899996;0.328700006;0.309899986;0.299400002;0.289799988;0.080799997;0.110699996;0.187000006;0.181299999;0.194900006;0.149299994;0.2007;0.131699994;0.170000002;0.079000004;0.416900009;0.813499987;0.800999999;0.793900013;0.789099991;0.78640002;0.862399995;0.813000023;0.085299999;0.310600013;0.335099995;0.315600008;0.319200009;0.323300004;0.315800011;0.308200002;0.308299989;0.0814;0.1043;0.153099999;0.158700004;0.128199995;0.120399997;0.153099999;0.151700005;0.149800003;0.0801;0.414900005;0.821099997;0.81400001;0.809899986;0.842999995;0.882499993;0.920400023;0.879800022;0.085299999;0.289499998;0.342700005;0.341500014;0.340900004;0.33950001;0.339599997;0.33919999;0.343800008;0.080300003;0.089199997;0.124700002;0.103200004;0.120099999;0.110200003;0.145799994;0.145199999;0.157600001;0.0801;0.1219;0.154400006;0.1461;0.135399997;0.112099998;0.118699998;0.123099998;0.131300002;0.087200001;0.111699998;0.142199993;0.136999995;0.138799995;0.120999999;0.126599997
283832.8;0.55430001;0.873300016;0.868700027;0.870800018;0.850199997;0.843800008;0.841099977;0.889400005;0.085299999;0.367399991;0.449299991;0.582599998;0.377900004;0.327199996;0.309500009;0.299299985;0.289600015;0.080799997;0.110799998;0.187099993;0.181600004;0.195199996;0.150099993;0.200499997;0.131799996;0.170100003;0.079099998;0.416500002;0.813499987;0.800899982;0.794200003;0.789600015;0.784600019;0.862699986;0.813799977;0.085500002;0.306899995;0.332300007;0.313899994;0.317999989;0.3222;0.316000015;0.307500005;0.308099985;0.081500001;0.1043;0.153099999;0.159400001;0.128199995;0.120800003;0.152899995;0.151500002;0.149800003;0.080300003;0.414299995;0.82249999;0.814800024;0.810899973;0.843999982;0.88349998;0.922900021;0.882099986;0.0854;0.289299995;0.342500001;0.341899991;0.340700001;0.339399993;0.338499993;0.338099986;0.343300015;0.080499999;0.089400001;0.125;0.103399999;0.120399997;0.110600002;0.145600006;0.144899994;0.157100007;0.0801;0.122299999;0.155200005;0.146300003;0.1215;0.113200001;0.119999997;0.122900002;0.131600007;0.087499999;0.111500002;0.142900005;0.138400003;0.139200002;0.121799998;0.127200007
284432.8;0.556299984;0.873899996;0.870199978;0.873300016;0.850499988;0.847299993;0.846199989;0.890299976;0.0854;0.369800001;0.451599985;0.589699984;0.37529999;0.326200008;0.308800012;0.299299985;0.289799988;0.080799997;0.110699996;0.187000006;0.181400001;0.194900006;0.150000006;0.200399995;0.131999999;0.168200001;0.0792;0.417400002;0.815400004;0.802100003;0.796000004;0.791100025;0.786000013;0.864400029;0.816799998;0.085600004;0.303000003;0.329899997;0.312000006;0.317699999;0.32190001;0.314999998;0.306600004;0.307399988;0.081699997;0.104699999;0.153600007;0.159400001;0.128399998;0.121100001;0.151999995;0.150999993;0.149599999;0.080499999;0.414900005;0.8222;0.814899981;0.811399996;0.844799995;0.885900021;0.923699975;0.882499993;0.085699998;0.289200008;0.340499997;0.340999991;0.338999987;0.3389;0.337900013;0.337099999;0.342700005;0.080700003;0.090099998;0.125599995;0.1039;0.121200003;0.111199997;0.144600004;0.143900007;0.156399995;0.080399998;0.122599997;0.155399993;0.146599993;0.126399994;0.113700002;0.120099999;0.1294;0.131200001;0.087800004;0.111900002;0.142800003;0.134399995;0.139400005;0.122500002;0.127200007
285032.9;0.554400027;0.875;0.871299982;0.874499977;0.851800025;0.846899986;0.848399997;0.893100023;0.085299999;0.370999992;0.453299999;0.592199981;0.373800009;0.325399995;0.309500009;0.298700005;0.288899988;0.080899999;0.111400001;0.187999994;0.181600004;0.195800006;0.151199996;0.2007;0.131600007;0.168699995;0.079300001;0.416399986;0.815900028;0.802200019;0.796700001;0.791499972;0.787500024;0.864899993;0.818300009;0.085600004;0.30219999;0.328799993;0.312999994;0.317099988;0.320800006;0.313699991;0.306699991;0.306499988;0.081799999;0.104800001;0.154200003;0.158500001;0.1285;0.121299997;0.152199998;0.151500002;0.150299996;0.080600001;0.414900005;0.823599994;0.816100001;0.812900007;0.846000016;0.887899995;0.924300015;0.88319999;0.085900001;0.287699997;0.337599993;0.338;0.337500006;0.335999995;0.335299999;0.335000008;0.341300011;0.080799997;0.089900002;0.125599995;0.104000002;0.121200003;0.111400001;0.144600004;0.144400001;0.1567;0.080600001;0.1228;0.156399995;0.146300003;0.127700001;0.131999999;0.126499996;0.1228;0.165299997;0.088;0.1184;0.1426;0.133000001;0.139400005;0.122699998;0.128700003
285632.9;0.555299997;0.87470001;0.870899975;0.877399981;0.85769999;0.849900007;0.848500013;0.893100023;0.085100003;0.373600006;0.456099987;0.596199989;0.368600011;0.323500007;0.308099985;0.297500014;0.287999988;0.080300003;0.111000001;0.189400002;0.182500005;0.197500005;0.151099995;0.2007;0.130600005;0.167600006;0.078400001;0.415800005;0.816500008;0.802600026;0.797599971;0.792200029;0.788900018;0.86559999;0.818799973;0.0845;0.298099995;0.327100009;0.311399996;0.315400004;0.319999993;0.313199997;0.305099994;0.305700004;0.080600001;0.104099996;0.154100001;0.158399999;0.127000004;0.1197;0.1514;0.150199994;0.149100006;0.0792;0.413500011;0.824000001;0.816699982;0.814300001;0.846599996;0.887399971;0.925100029;0.883599997;0.084299996;0.2852;0.336100012;0.337099999;0.334399998;0.334699988;0.334100008;0.334399998;0.340299994;0.079499997;0.088500001;0.124200001;0.102499999;0.119599998;0.109700002;0.142900005;0.142199993;0.154200003;0.0792;0.1215;0.154799998;0.144899994;0.121799998;0.136399999;0.117899999;0.121399999;0.130899996;0.086300001;0.113899998;0.139200002;0.130999997;0.137700006;0.120899998;0.126200005
286233;0.557299972;0.871599972;0.870700002;0.875800014;0.859300017;0.847299993;0.846899986;0.892099977;0.085100003;0.371800005;0.451000005;0.583899975;0.375999987;0.324800014;0.307700008;0.296400011;0.287200004;0.080300003;0.111100003;0.190200001;0.182099998;0.197500005;0.150099993;0.2016;0.130899996;0.168799996;0.078400001;0.415800005;0.817600012;0.803499997;0.798799992;0.79339999;0.790300012;0.869700015;0.825299978;0.084399998;0.303600013;0.329100013;0.310600013;0.314599991;0.318800002;0.31220001;0.304899991;0.305200011;0.0823;0.106899999;0.161500007;0.157399997;0.127200007;0.119499996;0.151299998;0.150600001;0.149499997;0.078900002;0.414499998;0.827099979;0.82249999;0.820800006;0.855700016;0.888199985;0.927299976;0.885800004;0.083800003;0.284200013;0.334899992;0.335799992;0.335299999;0.333299994;0.337900013;0.345099986;0.349900007;0.079099998;0.087700002;0.1237;0.1017;0.119999997;0.109200001;0.144299999;0.145099998;0.159899995;0.0836;0.136899993;0.171599999;0.143399999;0.127900004;0.113200001;0.118100002;0.120399997;0.130700007;0.085699998;0.114799999;0.138799995;0.130500004;0.136800006;0.118900001;0.124799997
286833.1;0.557299972;0.871100008;0.872399986;0.875800014;0.857900023;0.846599996;0.845899999;0.893000007;0.085299999;0.368000001;0.444700003;0.575600028;0.383700013;0.328200012;0.308600008;0.296900004;0.287400007;0.080799997;0.111299999;0.189199999;0.182400003;0.196600005;0.148699999;0.2007;0.131999999;0.170599997;0.079099998;0.416099995;0.818899989;0.804199994;0.799399972;0.794399977;0.790899992;0.867200017;0.820500016;0.0854;0.309700012;0.333099991;0.312299997;0.315400004;0.319900006;0.312400013;0.305299997;0.305799991;0.081500001;0.105099998;0.155000001;0.158099994;0.128999993;0.121100001;0.153500006;0.151999995;0.151099995;0.080300003;0.415100008;0.826399982;0.819599986;0.816299975;0.849799991;0.890699983;0.92869997;0.888300002;0.085500002;0.286599994;0.338699996;0.337799996;0.336800009;0.335599989;0.335500002;0.333499998;0.336600006;0.080600001;0.089500003;0.125400007;0.103500001;0.1206;0.1105;0.147499993;0.146699995;0.159400001;0.080200002;0.121799998;0.156900004;0.145199999;0.125799999;0.113899998;0.119800001;0.122100003;0.134000003;0.087700002;0.110600002;0.139699996;0.132400006;0.138400003;0.120700002;0.130199999
287433.1;0.555999994;0.873199999;0.872699976;0.878000021;0.858399987;0.850300014;0.847000003;0.89319998;0.085199997;0.368000001;0.446999997;0.582499981;0.378500015;0.326700002;0.307700008;0.296799988;0.286900014;0.080700003;0.111000001;0.188299999;0.181600004;0.194700003;0.149000004;0.201199993;0.132100001;0.170499995;0.079000004;0.416099995;0.818700016;0.80430001;0.799899995;0.79519999;0.791199982;0.867600024;0.820299983;0.085299999;0.305700004;0.33160001;0.31220001;0.316300005;0.320499986;0.312900007;0.305200011;0.305999994;0.081299998;0.104699999;0.154499993;0.159400001;0.1285;0.120899998;0.153099999;0.152199998;0.150600001;0.079999998;0.413399994;0.826600015;0.818799973;0.816200018;0.84890002;0.891900003;0.925999999;0.886799991;0.085100003;0.288800001;0.341100007;0.339700013;0.338499993;0.337900013;0.336800009;0.336499989;0.341399997;0.080200002;0.089199997;0.125;0.103;0.1206;0.110200003;0.146599993;0.145899996;0.158500001;0.079599999;0.121699996;0.156800002;0.145500004;0.125200003;0.112400003;0.121299997;0.1215;0.1329;0.087200001;0.110799998;0.140200004;0.132300004;0.1382;0.121100001;0.127499998
288033.2;0.5546;0.873099983;0.874800026;0.878899992;0.859200001;0.852999985;0.848200023;0.891600013;0.085199997;0.368699998;0.449200004;0.584699988;0.376599997;0.325199991;0.307300001;0.296799988;0.286300004;0.080799997;0.111299999;0.188299999;0.181500003;0.194700003;0.148800001;0.201499999;0.132200003;0.170900002;0.079099998;0.416000009;0.819899976;0.805700004;0.801800013;0.796700001;0.792999983;0.868900001;0.822000027;0.085299999;0.304100007;0.32980001;0.311699986;0.316199988;0.319000006;0.312599987;0.305200011;0.305200011;0.0814;0.104999997;0.155300006;0.159799993;0.128600001;0.120999999;0.153999999;0.1523;0.1505;0.080200002;0.413899988;0.826900005;0.819599986;0.816999972;0.850799978;0.892499983;0.925999999;0.886799991;0.085299999;0.287999988;0.33860001;0.338099986;0.337500006;0.335799992;0.335099995;0.335099995;0.340499997;0.080300003;0.089199997;0.125200003;0.103200004;0.120800003;0.1105;0.145999998;0.145400003;0.157199994;0.0801;0.122299999;0.157299995;0.1461;0.123999998;0.112400003;0.119999997;0.126800001;0.133300006;0.087300003;0.111199997;0.139500007;0.130400002;0.138500005;0.1219;0.129199997
288633.3;0.555000007;0.873700023;0.875999987;0.880100012;0.860800028;0.854200006;0.84859997;0.893299997;0.085299999;0.369399995;0.450700015;0.589900017;0.373600006;0.322699994;0.306600004;0.295399994;0.286000013;0.080899999;0.111699998;0.189799994;0.181899995;0.194900006;0.149000004;0.202000007;0.131999999;0.171000004;0.0792;0.415199995;0.82099998;0.805999994;0.802399993;0.797900021;0.793600023;0.869799972;0.822700024;0.0854;0.301699996;0.327399999;0.311399996;0.314799994;0.318899989;0.311399996;0.304500014;0.30430001;0.081500001;0.104999997;0.155200005;0.159899995;0.128600001;0.120899998;0.153899997;0.152899995;0.151500002;0.080300003;0.414099991;0.827600002;0.820100009;0.817900002;0.852100015;0.89410001;0.926999986;0.888599992;0.0854;0.286900014;0.337799996;0.337199986;0.336899996;0.334899992;0.334899992;0.334800005;0.339899987;0.080499999;0.089299999;0.125100002;0.103399999;0.120700002;0.110600002;0.1461;0.145300001;0.157800004;0.0801;0.122599997;0.157900006;0.146400005;0.124200001;0.1162;0.1215;0.126699999;0.134000003;0.087499999;0.1127;0.138999999;0.131400004;0.138300002;0.122000001;0.127399996
289233.3;0.55430001;0.872300029;0.874100029;0.878199995;0.859600008;0.852199972;0.849600017;0.893700004;0.085199997;0.370799989;0.450100005;0.587700009;0.372999996;0.323000014;0.306400001;0.295399994;0.28549999;0.080799997;0.111599997;0.190599993;0.182400003;0.194999993;0.149399996;0.201000005;0.131699994;0.172000006;0.079099998;0.415199995;0.821500003;0.806999981;0.803600013;0.798600018;0.795400023;0.870599985;0.823899984;0.085600004;0.299600005;0.327100009;0.310000002;0.314200014;0.318500012;0.311500013;0.303299993;0.304100007;0.081600003;0.105899997;0.156399995;0.160300002;0.128299996;0.120899998;0.153999999;0.153400004;0.151700005;0.080399998;0.412600011;0.828800023;0.82130003;0.819400012;0.852999985;0.89410001;0.92809999;0.889900029;0.085600004;0.286500007;0.335799992;0.336499989;0.335000008;0.334199995;0.333700001;0.333799988;0.337700009;0.080600001;0.089500003;0.125100002;0.103399999;0.120800003;0.110600002;0.146400005;0.145600006;0.157800004;0.079899997;0.122900002;0.158700004;0.145999998;0.123499997;0.141100004;0.1237;0.123099998;0.134599999;0.087700002;0.112499997;0.139300004;0.131400004;0.138500005;0.122400001;0.130799994
289833.4;0.552600026;0.874000013;0.870199978;0.875999987;0.858299971;0.852400005;0.848100007;0.894500017;0.085299999;0.368999988;0.448300004;0.584999979;0.369599998;0.322400004;0.305500001;0.29429999;0.28459999;0.080899999;0.111699998;0.189500004;0.182600006;0.193299994;0.149599999;0.2007;0.131899998;0.1708;0.0792;0.414099991;0.82160002;0.806800008;0.802699983;0.798399985;0.795599997;0.870400012;0.823400021;0.085600004;0.298200011;0.326099992;0.308800012;0.3125;0.317400008;0.309500009;0.301800013;0.302100003;0.081699997;0.105499998;0.155900002;0.159600005;0.128399998;0.121100001;0.153400004;0.152500004;0.151500002;0.080700003;0.412699997;0.828999996;0.821500003;0.819299996;0.852999985;0.894400001;0.929099977;0.891099989;0.085699998;0.285100013;0.335900009;0.334899992;0.334300011;0.332300007;0.333600014;0.332500011;0.335799992;0.080700003;0.089599997;0.125200003;0.103399999;0.121200003;0.111000001;0.145400003;0.145099998;0.157000005;0.0801;0.123199999;0.158899993;0.146400005;0.1259;0.114100002;0.119099997;0.123000003;0.136899993;0.087700002;0.112800002;0.139300004;0.129299998;0.1391;0.122699998;0.127399996
290433.5;0.55309999;0.874800026;0.869099975;0.872699976;0.856599987;0.850000024;0.848800004;0.895200014;0.085299999;0.368999988;0.447899997;0.584999979;0.368900001;0.322100013;0.304699987;0.293599993;0.28459999;0.080899999;0.112099998;0.189400002;0.181899995;0.191699997;0.149499997;0.199699998;0.131999999;0.170300007;0.0792;0.414499998;0.822700024;0.808099985;0.803499997;0.799799979;0.796899974;0.871800005;0.824599981;0.085600004;0.297100008;0.324999988;0.307200015;0.311399996;0.316300005;0.308999985;0.301099986;0.301200002;0.081699997;0.105499998;0.156800002;0.160400003;0.128399998;0.121100001;0.153500006;0.152500004;0.151299998;0.080499999;0.412499994;0.830200016;0.822600007;0.819700003;0.854099989;0.895600021;0.9296;0.89139998;0.085699998;0.28459999;0.335799992;0.335399985;0.333299994;0.332300007;0.332899988;0.330900013;0.335999995;0.080700003;0.090000004;0.125499994;0.103600003;0.1215;0.111100003;0.145600006;0.144899994;0.157199994;0.080600001;0.122900002;0.158700004;0.146599993;0.129299998;0.113399997;0.119400002;0.124799997;0.150199994;0.087899998;0.113300003;0.138300002;0.129299998;0.139200002;0.122699998;0.1285
291033.7;0.551800013;0.879299998;0.870100021;0.87650001;0.857299984;0.850700021;0.853200018;0.897300005;0.085299999;0.369599998;0.448399991;0.588999987;0.369399995;0.32190001;0.304100007;0.294;0.283699989;0.080899999;0.111900002;0.189700007;0.181299999;0.190899998;0.150299996;0.1998;0.131899998;0.170300007;0.079300001;0.414600015;0.822899997;0.808099985;0.80400002;0.800899982;0.797100008;0.872900009;0.824800014;0.085600004;0.298599988;0.325199991;0.307399988;0.31279999;0.315899998;0.308800012;0.300900012;0.301499993;0.081799999;0.105700001;0.155900002;0.158500001;0.128399998;0.121299997;0.153400004;0.152799994;0.1514;0.080600001;0.413100004;0.831399977;0.823599994;0.82130003;0.855300009;0.896499991;0.930800021;0.89139998;0.0858;0.284000009;0.332500011;0.333000004;0.331900001;0.330599993;0.330799997;0.3301;0.333900005;0.080799997;0.0898;0.125400007;0.103500001;0.121399999;0.111199997;0.145999998;0.145400003;0.157900006;0.080399998;0.123499997;0.158600003;0.146400005;0.123899996;0.113499999;0.120200001;0.124200001;0.153400004;0.087800004;0.113700002;0.139599994;0.129600003;0.139200002;0.122699998;0.128000006
291633.6;0.55339998;0.881500006;0.869899988;0.880699992;0.85710001;0.853399992;0.853699982;0.898999989;0.085199997;0.370999992;0.449099988;0.589399993;0.370900005;0.32159999;0.304699987;0.29339999;0.282400012;0.080899999;0.112199999;0.190699995;0.181199998;0.191100001;0.150399998;0.198599994;0.131899998;0.170000002;0.0792;0.415199995;0.824199975;0.809899986;0.805700004;0.801699996;0.798799992;0.874499977;0.826900005;0.085699998;0.297800004;0.324600011;0.307900012;0.311500013;0.315200001;0.308800012;0.301299989;0.301499993;0.081799999;0.106200002;0.157299995;0.159500003;0.128199995;0.121100001;0.153699994;0.152799994;0.151199996;0.080700003;0.413700014;0.832199991;0.824599981;0.822799981;0.855599999;0.898199975;0.932900012;0.893299997;0.085900001;0.283699989;0.332100004;0.332300007;0.331800014;0.330300003;0.329699993;0.3301;0.331999987;0.080899999;0.0902;0.125300005;0.103600003;0.1219;0.111199997;0.145999998;0.145300001;0.158000007;0.080399998;0.1241;0.158800006;0.146300003;0.1241;0.114200003;0.120200001;0.124899998;0.137600005;0.088;0.114100002;0.139699996;0.128399998;0.138999999;0.122400001;0.128299996
292233.8;0.552100003;0.878199995;0.871500015;0.879000008;0.85589999;0.852100015;0.854600012;0.899800003;0.085299999;0.368699998;0.445800006;0.584599972;0.369100004;0.320600003;0.3028;0.291399986;0.282200009;0.080899999;0.112000003;0.190799996;0.181299999;0.190400004;0.150099993;0.198899999;0.131699994;0.171399996;0.0792;0.414400011;0.825299978;0.810100019;0.805899978;0.802200019;0.800700009;0.874899983;0.826699972;0.085699998;0.298700005;0.323799998;0.306699991;0.310200006;0.315200001;0.307500005;0.299899995;0.300599992;0.081799999;0.105999999;0.156499997;0.158299997;0.128399998;0.121200003;0.153899997;0.153200001;0.1523;0.080700003;0.412699997;0.833000004;0.825800002;0.824000001;0.855799973;0.899100006;0.932299972;0.894299984;0.085900001;0.281899989;0.332399994;0.330599993;0.330599993;0.330000013;0.330300003;0.32949999;0.331900001;0.080899999;0.090000004;0.125200003;0.103399999;0.121799998;0.111100003;0.146200001;0.145400003;0.158199996;0.080600001;0.1237;0.157900006;0.146400005;0.123800002;0.116899997;0.125799999;0.128099993;0.155000001;0.088;0.113899998;0.139500007;0.128299996;0.1391;0.122400001;0.1285
292833.9;0.552200019;0.876100004;0.871999979;0.879899979;0.855799973;0.851300001;0.854600012;0.900399983;0.085600004;0.368099988;0.445300013;0.583800018;0.370000005;0.320800006;0.302700013;0.291599989;0.282499999;0.080899999;0.112099998;0.190599993;0.180600002;0.188800007;0.150099993;0.198599994;0.132100001;0.170499995;0.079300001;0.414999992;0.826399982;0.810800016;0.806599975;0.803900003;0.800700009;0.875699997;0.828400016;0.085699998;0.296799988;0.323000014;0.304899991;0.308999985;0.314200014;0.306499988;0.298900008;0.299600005;0.081799999;0.106200002;0.158099994;0.160500005;0.128700003;0.1215;0.153699994;0.153200001;0.152400002;0.080700003;0.412999988;0.833800018;0.825999975;0.823899984;0.85619998;0.899699986;0.932900012;0.894699991;0.085900001;0.280900002;0.331800014;0.3301;0.32980001;0.328500003;0.328399986;0.327899992;0.330500007;0.080899999;0.089900002;0.125400007;0.103600003;0.121600002;0.111100003;0.147200003;0.146500006;0.159700006;0.080799997;0.1237;0.157600001;0.146500006;0.1237;0.1153;0.120099999;0.124799997;0.138400003;0.088;0.113799997;0.139400005;0.128199995;0.1391;0.122500002;0.129199997
293433.8;0.552699983;0.876600027;0.872300029;0.880699992;0.856000006;0.854200006;0.856700003;0.902800024;0.085299999;0.366600007;0.444400012;0.587300003;0.371199995;0.321399987;0.302599996;0.291999996;0.282200009;0.080899999;0.112199999;0.190400004;0.179800004;0.187199995;0.150000006;0.198599994;0.132100001;0.169799998;0.0792;0.415199995;0.827099979;0.810800016;0.806800008;0.803900003;0.800700009;0.876299977;0.828800023;0.085699998;0.298299998;0.323799998;0.305599988;0.309700012;0.31400001;0.306400001;0.298599988;0.300300002;0.081799999;0.105800003;0.156900004;0.158700004;0.128600001;0.1215;0.153600007;0.153099999;0.152500004;0.080700003;0.413300008;0.835799992;0.827400029;0.825200021;0.857500017;0.90140003;0.934800029;0.895600021;0.085900001;0.281100005;0.331699997;0.329600006;0.328700006;0.328799993;0.327499986;0.326900005;0.32980001;0.080899999;0.090000004;0.125400007;0.103500001;0.122000001;0.111199997;0.146400005;0.145799994;0.159400001;0.080700003;0.123599999;0.157299995;0.146799996;0.123599999;0.122900002;0.122199997;0.123499997;0.137799993;0.088;0.113600001;0.139300004;0.1285;0.138999999;0.132400006;0.130099997
294033.9;0.550000012;0.873399973;0.872099996;0.878099978;0.85680002;0.85619998;0.857500017;0.902800024;0.0854;0.366400003;0.443899989;0.583100021;0.370000005;0.320300013;0.301499993;0.290699989;0.280999988;0.081;0.112199999;0.190799996;0.179900005;0.187199995;0.150199994;0.198200002;0.131999999;0.169799998;0.079300001;0.414499998;0.827499986;0.811600029;0.808200002;0.805000007;0.801999986;0.876900017;0.82980001;0.085699998;0.298999995;0.323000014;0.305000007;0.308800012;0.312999994;0.305400014;0.298500001;0.298999995;0.081799999;0.105700001;0.1567;0.157399997;0.128600001;0.1215;0.153899997;0.153500006;0.152600005;0.080700003;0.413100004;0.835799992;0.828400016;0.826200008;0.858200014;0.902400017;0.934400022;0.895500004;0.085900001;0.279799998;0.329400003;0.328299999;0.328900009;0.327600002;0.326499999;0.326200008;0.3301;0.081;0.089900002;0.125599995;0.103600003;0.122000001;0.111299999;0.147;0.146500006;0.159799993;0.080700003;0.123999998;0.157000005;0.146500006;0.122100003;0.117299996;0.120700002;0.129700005;0.139799997;0.088;0.114;0.138699993;0.128999993;0.138999999;0.130999997;0.127700001
294633.9;0.548600018;0.870400012;0.873099983;0.879400015;0.857599974;0.856000006;0.861299992;0.903999984;0.085299999;0.367599994;0.443599999;0.582499981;0.370999992;0.319700003;0.302100003;0.290199995;0.280099988;0.080899999;0.112199999;0.191400006;0.180600002;0.187700003;0.149499997;0.197899997;0.131999999;0.1708;0.079300001;0.414200008;0.828299999;0.812900007;0.809099972;0.806599975;0.803799987;0.878600001;0.830900013;0.085699998;0.298900008;0.322100013;0.305700004;0.308299989;0.312400013;0.305099994;0.298099995;0.298999995;0.081799999;0.1061;0.157199994;0.158299997;0.128700003;0.121799998;0.153699994;0.153200001;0.152799994;0.080600001;0.413399994;0.837199986;0.82950002;0.827499986;0.859600008;0.904500008;0.937099993;0.896799982;0.085900001;0.279900014;0.329299986;0.328299999;0.328399986;0.326599985;0.325199991;0.326200008;0.328500003;0.080899999;0.0898;0.125300005;0.103600003;0.1219;0.111100003;0.147300005;0.146599993;0.160099998;0.080700003;0.123800002;0.156800002;0.146400005;0.1228;0.113899998;0.119999997;0.123499997;0.141900003;0.088;0.113700002;0.137400001;0.126800001;0.138799995;0.120999999;0.132699996
295234;0.545899987;0.865999997;0.871299982;0.881600022;0.85710001;0.852800012;0.861299992;0.9023;0.085299999;0.365500003;0.442499995;0.58039999;0.370400012;0.319400012;0.301200002;0.289299995;0.279399991;0.080899999;0.112199999;0.191499993;0.180600002;0.187299997;0.149499997;0.197999999;0.132200003;0.170699999;0.079300001;0.413700014;0.829100013;0.813600004;0.809400022;0.806500018;0.80430001;0.878499985;0.83099997;0.085699998;0.297300011;0.3213;0.3037;0.306699991;0.3116;0.3037;0.296799988;0.297300011;0.081799999;0.105700001;0.157399997;0.158700004;0.128600001;0.121600002;0.154400006;0.153899997;0.153699994;0.080600001;0.412600011;0.837300003;0.830200016;0.827499986;0.859399974;0.904200017;0.936200023;0.897400022;0.085900001;0.278299987;0.328200012;0.326299995;0.326700002;0.325300008;0.325500011;0.324900001;0.326700002;0.080799997;0.0898;0.125699997;0.103500001;0.121799998;0.111100003;0.1479;0.147200003;0.1611;0.080600001;0.1237;0.156599998;0.146300003;0.123300001;0.1175;0.119900003;0.125100002;0.136500001;0.087899998;0.113499999;0.136600003;0.127299994;0.138699993;0.123199999;0.130999997
295834.1;0.546400011;0.869499981;0.873099983;0.885399997;0.859600008;0.854399979;0.863399982;0.903400004;0.085199997;0.366299987;0.442499995;0.584999979;0.372399986;0.319700003;0.301400006;0.289499998;0.279900014;0.080899999;0.112099998;0.190899998;0.179800004;0.186100006;0.149399996;0.197500005;0.132300004;0.170599997;0.079300001;0.414499998;0.829999983;0.814100027;0.810100019;0.807500005;0.805000007;0.879400015;0.831799984;0.085699998;0.299400002;0.321500003;0.303600013;0.306400001;0.311500013;0.303799987;0.296299994;0.297500014;0.081799999;0.105300002;0.156299993;0.157900006;0.1285;0.121699996;0.155000001;0.154200003;0.154100001;0.080600001;0.412600011;0.838699996;0.831900001;0.829400003;0.861400008;0.906899989;0.937900007;0.898400009;0.0858;0.277500004;0.327899992;0.326599985;0.325300008;0.324600011;0.323700011;0.323000014;0.326400012;0.080899999;0.090099998;0.125799999;0.103600003;0.122199997;0.111299999;0.147;0.146200001;0.160099998;0.080899999;0.123599999;0.155599996;0.147;0.123999998;0.113899998;0.121600002;0.127399996;0.138999999;0.088;0.113399997;0.135600001;0.126900002;0.138600007;0.1197;0.133699998
296434.2;0.545899987;0.8653;0.872500002;0.881900012;0.860199988;0.851000011;0.864000022;0.903299987;0.085299999;0.365399987;0.441799998;0.585399985;0.371100008;0.319000006;0.300399989;0.289000005;0.279199988;0.080899999;0.112099998;0.190200001;0.1787;0.184300005;0.149599999;0.1972;0.132499993;0.168699995;0.0792;0.414700001;0.830600023;0.814599991;0.810500026;0.808200002;0.805499971;0.879999995;0.832599998;0.085699998;0.298799992;0.320899993;0.303299993;0.306699991;0.311399996;0.303299993;0.296400011;0.296999991;0.081799999;0.105899997;0.157299995;0.157900006;0.128299996;0.121600002;0.154100001;0.153799996;0.153799996;0.080700003;0.412900001;0.838999987;0.831900001;0.830200016;0.861400008;0.906499982;0.938600004;0.899200022;0.085900001;0.277999997;0.328099996;0.326200008;0.325399995;0.324400008;0.323300004;0.323399991;0.326999992;0.080799997;0.0898;0.125200003;0.103399999;0.122000001;0.1109;0.147;0.146300003;0.159799993;0.080300003;0.1237;0.155399993;0.146400005;0.128299996;0.113399997;0.1206;0.123499997;0.136800006;0.088;0.1131;0.135399997;0.126399994;0.138799995;0.120399997;0.132799998
297034.2;0.545899987;0.867299974;0.873600006;0.879599988;0.861500025;0.855000019;0.8653;0.903500021;0.085100003;0.363599986;0.440800011;0.581099987;0.372900009;0.317999989;0.299699992;0.287099987;0.277099997;0.080499999;0.111699998;0.190599993;0.179100007;0.184200004;0.148499995;0.195500001;0.131099999;0.169;0.078500003;0.413700014;0.832099974;0.815599978;0.811699986;0.809700012;0.806500018;0.883099973;0.838400006;0.084700003;0.303600013;0.3213;0.303000003;0.305200011;0.309700012;0.302599996;0.295399994;0.296600014;0.082000002;0.107199997;0.160999998;0.155100003;0.127200007;0.120099999;0.152899995;0.1523;0.152500004;0.079300001;0.412299991;0.841700017;0.836899996;0.836399972;0.868399978;0.907100022;0.939599991;0.899299979;0.084399998;0.276800007;0.325800002;0.324600011;0.323799998;0.321799994;0.324600011;0.333000004;0.337000012;0.079499997;0.088399999;0.123599999;0.101800002;0.120899998;0.109499998;0.146699995;0.147100002;0.162400007;0.082699999;0.136600003;0.168500006;0.144099995;0.135299996;0.118600003;0.118799999;0.123400003;0.135100007;0.086599998;0.1118;0.132599995;0.123599999;0.136700004;0.118799999;0.126599997
297634.3;0.547900021;0.868200004;0.873600006;0.876100004;0.860800028;0.853500009;0.866699994;0.901199996;0.085199997;0.358900011;0.432799995;0.566799998;0.382200003;0.319700003;0.298700005;0.28580001;0.27579999;0.080700003;0.111199997;0.188999996;0.178900003;0.1831;0.147;0.195700005;0.131899998;0.170599997;0.079000004;0.414299995;0.833000004;0.817099988;0.813000023;0.81099999;0.809300005;0.887000024;0.842700005;0.085299999;0.31099999;0.324200004;0.3028;0.304500014;0.308999985;0.301499993;0.295300007;0.296600014;0.0858;0.111199997;0.168500006;0.1558;0.128299996;0.120700002;0.154499993;0.153500006;0.153999999;0.0801;0.415899992;0.846099973;0.843299985;0.841899991;0.875199974;0.907299995;0.942300022;0.90140003;0.0854;0.277999997;0.326700002;0.325700015;0.325899988;0.322600007;0.3301;0.344000012;0.345800012;0.080399998;0.089299999;0.124700002;0.102700002;0.121100001;0.110100001;0.149200007;0.154200003;0.169799998;0.088500001;0.148300007;0.179100007;0.144299999;0.124899998;0.1127;0.120899998;0.121699996;0.136399999;0.0876;0.1131;0.133100003;0.125200003;0.137199998;0.119099997;0.128099993
298234.3;0.5449;0.867399991;0.874199986;0.872399986;0.860099971;0.852599978;0.866100013;0.899699986;0.085199997;0.3565;0.431400001;0.569700003;0.380400002;0.319999993;0.298599988;0.285699993;0.275299996;0.080700003;0.111000001;0.187900007;0.179000005;0.182300001;0.1461;0.1963;0.132200003;0.170699999;0.079000004;0.413899988;0.832799971;0.816699982;0.81220001;0.809700012;0.807200015;0.881900012;0.835300028;0.085199997;0.308299989;0.325100005;0.303299993;0.305099994;0.308999985;0.301499993;0.294999987;0.295700014;0.081299998;0.104900002;0.155000001;0.155699998;0.128099993;0.120700002;0.154899999;0.153799996;0.153799996;0.079899997;0.412099987;0.840799987;0.834200025;0.831900001;0.861299992;0.906799972;0.939300001;0.900099993;0.085100003;0.279700011;0.328200012;0.327100009;0.326099992;0.324400008;0.324699998;0.324400008;0.326900005;0.080399998;0.088699996;0.124200001;0.102300003;0.120399997;0.109300002;0.149399996;0.148100004;0.161500007;0.079300001;0.1215;0.151999995;0.144400001;0.1338;0.112899996;0.119499996;0.122299999;0.137600005;0.087200001;0.112300001;0.131600007;0.123499997;0.136600003;0.1193;0.129800007
298834.4;0.541899979;0.868600011;0.87650001;0.875199974;0.861899972;0.854099989;0.869700015;0.90259999;0.085199997;0.356700003;0.433699995;0.576099992;0.374900013;0.317099988;0.296900004;0.285699993;0.2755;0.080700003;0.111000001;0.188299999;0.178599998;0.182300001;0.146400005;0.197300002;0.132200003;0.172199994;0.078900002;0.413599998;0.833500028;0.817099988;0.812300026;0.809899986;0.807500005;0.881900012;0.835799992;0.085199997;0.306800008;0.322400004;0.302300006;0.305299997;0.309300005;0.301699996;0.2949;0.295700014;0.081200004;0.104599997;0.154799998;0.157000005;0.128399998;0.120800003;0.155599996;0.154699996;0.154200003;0.079899997;0.411599994;0.841400027;0.834299982;0.832099974;0.861999989;0.907000005;0.93809998;0.900099993;0.085000001;0.280499995;0.32980001;0.328200012;0.326799989;0.325800002;0.324299991;0.325500011;0.33070001;0.0801;0.088699996;0.124499999;0.102399997;0.1206;0.109499998;0.149200007;0.147599995;0.160799995;0.079700001;0.121600002;0.150700003;0.145999998;0.122400001;0.112099998;0.1197;0.122400001;0.136999995;0.086999997;0.112199999;0.131200001;0.123899996;0.136899993;0.117700003;0.1303
299434.5;0.542400002;0.869099975;0.878300011;0.881500006;0.863399982;0.854399979;0.873399973;0.906000018;0.085199997;0.360300004;0.437400013;0.583100021;0.371300012;0.315600008;0.296799988;0.286300004;0.2755;0.080799997;0.111000001;0.188500002;0.179100007;0.182099998;0.147200003;0.196999997;0.132200003;0.172800004;0.079000004;0.414400011;0.835500002;0.818700016;0.814700007;0.811800003;0.808099985;0.88380003;0.838699996;0.085199997;0.303200006;0.319599986;0.301299989;0.305500001;0.308899999;0.300999999;0.294999987;0.294699997;0.081299998;0.104900002;0.155699998;0.158199996;0.128299996;0.120999999;0.155599996;0.154599994;0.154100001;0.079999998;0.412099987;0.842299998;0.835300028;0.833000004;0.862500012;0.906899989;0.940500021;0.902400017;0.085100003;0.280900002;0.327600002;0.328200012;0.326299995;0.324400008;0.323700011;0.324099988;0.330199987;0.080200002;0.088799998;0.124700002;0.102600001;0.120999999;0.109800003;0.148200005;0.146899998;0.159500003;0.079599999;0.121399999;0.150600001;0.146200001;0.135000005;0.111599997;0.1197;0.124700002;0.136399999;0.087200001;0.1127;0.131300002;0.123800002;0.136999995;0.122900002;0.128000006
300034.6;0.543500006;0.871800005;0.880200028;0.88499999;0.862900019;0.856100023;0.871900022;0.907999992;0.085299999;0.362300009;0.439399987;0.585399985;0.370999992;0.314999998;0.297500014;0.286199987;0.275200009;0.080799997;0.111500002;0.189600006;0.179499999;0.182799995;0.148100004;0.197699994;0.132100001;0.172299996;0.079099998;0.414000005;0.835500002;0.819299996;0.815100014;0.812300026;0.808000028;0.884000003;0.838800013;0.085299999;0.301299989;0.318100005;0.301699996;0.305000007;0.308499992;0.301099986;0.295300007;0.295100003;0.0814;0.104900002;0.155599996;0.157399997;0.128299996;0.121299997;0.155599996;0.154300004;0.153799996;0.0801;0.411799997;0.843299985;0.836499989;0.833999991;0.863499999;0.908699989;0.941299975;0.9023;0.085199997;0.280200005;0.326700002;0.326000005;0.325500011;0.323900014;0.323599994;0.324400008;0.329699993;0.080300003;0.089000002;0.125;0.102799997;0.121299997;0.110200003;0.147499993;0.1461;0.159099996;0.079899997;0.122299999;0.150299996;0.147100002;0.128299996;0.129999995;0.123099998;0.122500002;0.140400007;0.087300003;0.1127;0.131200001;0.123499997;0.137099996;0.120200001;0.128999993
300634.6;0.541999996;0.873700023;0.883000016;0.889400005;0.862200022;0.855099976;0.871999979;0.91109997;0.085199997;0.362699986;0.440400004;0.585699975;0.368999988;0.313899994;0.296900004;0.285600007;0.275400013;0.080799997;0.111199997;0.189500004;0.179000005;0.1831;0.1479;0.197600007;0.131999999;0.172499999;0.079099998;0.414099991;0.837300003;0.820599973;0.815999985;0.813399971;0.808700025;0.885200024;0.83920002;0.0854;0.301099986;0.316700011;0.300799996;0.303900003;0.307999998;0.300300002;0.294200003;0.294200003;0.0814;0.105400003;0.156000003;0.158000007;0.128399998;0.120999999;0.155499995;0.154300004;0.153899997;0.080200002;0.412200004;0.845000029;0.837599993;0.835799992;0.864400029;0.90990001;0.943700016;0.904399991;0.085199997;0.279399991;0.326900005;0.326200008;0.324900001;0.323000014;0.32249999;0.323799998;0.328099996;0.080300003;0.089299999;0.125;0.102899998;0.121299997;0.110299997;0.147;0.145899996;0.158399999;0.080200002;0.122100003;0.149299994;0.148200005;0.1303;0.113200001;0.122599997;0.1228;0.136899993;0.087300003;0.112800002;0.131200001;0.125699997;0.137400001;0.118799999;0.133100003
301234.7;0.541400015;0.873600006;0.883700013;0.888999999;0.861999989;0.855499983;0.871299982;0.910099983;0.085299999;0.361900002;0.438800007;0.583999991;0.3671;0.313699991;0.296400011;0.285400003;0.274599999;0.080899999;0.111199997;0.189700007;0.180000007;0.1831;0.149100006;0.197899997;0.132100001;0.172099993;0.079099998;0.413800001;0.836899996;0.82099998;0.816200018;0.81309998;0.809499979;0.885699987;0.839399993;0.0854;0.298500001;0.316100001;0.300000012;0.303299993;0.307300001;0.299199998;0.293000013;0.293199986;0.081500001;0.1052;0.156000003;0.158099994;0.1285;0.121399999;0.154499993;0.153200001;0.152700007;0.080200002;0.412200004;0.845000029;0.838500023;0.836099982;0.864700019;0.909600019;0.943199992;0.904299974;0.085299999;0.279100001;0.325700015;0.324800014;0.323799998;0.321700007;0.322400004;0.322600007;0.327699989;0.080399998;0.089199997;0.125400007;0.103100002;0.121399999;0.110600002;0.147;0.145999998;0.158399999;0.079999998;0.122100003;0.149100006;0.147499993;0.121100001;0.112199999;0.120300002;0.123599999;0.137099996;0.087399997;0.112599999;0.131999999;0.126300007;0.137799993;0.121699996;0.130400002
301834.8;0.541400015;0.874800026;0.883300006;0.886600018;0.862200022;0.854499996;0.870000005;0.909200013;0.085199997;0.363400012;0.4384;0.583100021;0.365799993;0.3134;0.29550001;0.284700006;0.274599999;0.080799997;0.111199997;0.188899994;0.179499999;0.182099998;0.149399996;0.197500005;0.132499993;0.170900002;0.079099998;0.413700014;0.837599993;0.82099998;0.816299975;0.813399971;0.809899986;0.885999978;0.840200007;0.0854;0.297100008;0.314599991;0.298999995;0.302599996;0.307399988;0.299600005;0.292800009;0.293000013;0.081500001;0.1052;0.1558;0.157900006;0.1285;0.121299997;0.154200003;0.153500006;0.152700007;0.080300003;0.411799997;0.845700026;0.83950001;0.836600006;0.865999997;0.911199987;0.945299983;0.905399978;0.085299999;0.278400004;0.325899988;0.325800002;0.323500007;0.32159999;0.321500003;0.320499986;0.327499986;0.080499999;0.089299999;0.125499994;0.103100002;0.1215;0.110600002;0.147;0.145400003;0.158299997;0.079999998;0.122000001;0.148699999;0.148100004;0.125400007;0.129600003;0.120399997;0.122299999;0.138699993;0.087499999;0.112499997;0.132100001;0.125400007;0.137899995;0.119900003;0.130600005
302434.8;0.541100025;0.875699997;0.882700026;0.886099994;0.863399982;0.85680002;0.870800018;0.909799993;0.085299999;0.362699986;0.439500004;0.586399972;0.3662;0.31400001;0.295399994;0.28490001;0.274399996;0.080899999;0.111299999;0.189600006;0.179499999;0.181999996;0.150000006;0.197699994;0.132200003;0.170200005;0.079099998;0.414400011;0.83890003;0.822399974;0.817900002;0.814700007;0.810599983;0.886699975;0.841099977;0.085500002;0.298299998;0.315100014;0.299199998;0.303600013;0.307099998;0.298900008;0.292100012;0.29339999;0.081600003;0.104999997;0.155499995;0.157399997;0.1285;0.121600002;0.153799996;0.153300002;0.152899995;0.080399998;0.412699997;0.847599983;0.840600014;0.838400006;0.867900014;0.913800001;0.945599973;0.905499995;0.085500002;0.27759999;0.324499995;0.323799998;0.322100013;0.32159999;0.320100009;0.320600003;0.326799989;0.080600001;0.089299999;0.125599995;0.103200004;0.122000001;0.1109;0.146300003;0.145300001;0.157900006;0.0801;0.122299999;0.148300007;0.148800001;0.127299994;0.123199999;0.121100001;0.124799997;0.141200006;0.087700002;0.112800002;0.132400006;0.124700002;0.137999997;0.122000001;0.1294
303034.9;0.540499985;0.87559998;0.88319999;0.886300027;0.864099979;0.855199993;0.871900022;0.909500003;0.085199997;0.361999989;0.439300001;0.585900009;0.366899997;0.313899994;0.296000004;0.284700006;0.273400009;0.080899999;0.111699998;0.189899996;0.178800002;0.182500005;0.150299996;0.197400004;0.131799996;0.1708;0.079099998;0.413399994;0.838999987;0.822600007;0.818499982;0.814899981;0.810899973;0.888199985;0.841499984;0.085500002;0.296099991;0.313699991;0.298999995;0.302300006;0.304800004;0.297800004;0.291900009;0.291900009;0.081600003;0.105400003;0.156200007;0.157800004;0.128399998;0.121399999;0.153699994;0.153400004;0.152500004;0.080399998;0.41170001;0.847500026;0.841099977;0.83859998;0.868200004;0.914499998;0.947000027;0.906700015;0.085500002;0.277500004;0.323100001;0.323199987;0.322600007;0.319999993;0.319000006;0.32100001;0.325599998;0.080600001;0.089299999;0.125400007;0.103100002;0.121699996;0.110600002;0.146899998;0.145899996;0.158899993;0.079999998;0.122299999;0.148300007;0.148399994;0.1241;0.1175;0.121699996;0.123300001;0.1391;0.087700002;0.113200001;0.132200003;0.1237;0.137799993;0.122299999;0.129099995
303634.9;0.541299999;0.877099991;0.88499999;0.884199977;0.866100013;0.85619998;0.873300016;0.910099983;0.085199997;0.361900002;0.437700003;0.583899975;0.365700006;0.313300014;0.295100003;0.283600003;0.273000002;0.080899999;0.111400001;0.190799996;0.179800004;0.1831;0.150900006;0.197400004;0.131799996;0.170699999;0.0792;0.413700014;0.840399981;0.824199975;0.819400012;0.816200018;0.812600017;0.888800025;0.842499971;0.085500002;0.29519999;0.314099997;0.298799992;0.301699996;0.305599988;0.298099995;0.291200012;0.291599989;0.081600003;0.105400003;0.157100007;0.158199996;0.128299996;0.121299997;0.154699996;0.153799996;0.153500006;0.080399998;0.41139999;0.84829998;0.841499984;0.839600027;0.868499994;0.915499985;0.947000027;0.907500029;0.085600004;0.276600003;0.323300004;0.323700011;0.321999997;0.320300013;0.319999993;0.3204;0.324000001;0.080600001;0.089400001;0.125699997;0.103100002;0.121699996;0.110600002;0.147200003;0.146300003;0.158999994;0.0801;0.122500002;0.148000002;0.148399994;0.123999998;0.114200003;0.1215;0.123199999;0.138899997;0.087700002;0.112899996;0.131999999;0.124700002;0.137700006;0.120300002;0.128800005
304235.2;0.541199982;0.878400028;0.889500022;0.884599984;0.866900027;0.855300009;0.874199986;0.909600019;0.085299999;0.362399995;0.439200014;0.584299982;0.36680001;0.313800007;0.295399994;0.284200013;0.272899985;0.080899999;0.111500002;0.190899998;0.178800002;0.181299999;0.150700003;0.196799994;0.131699994;0.172499999;0.0792;0.413700014;0.841700017;0.825600028;0.820800006;0.816799998;0.813300014;0.889500022;0.844399989;0.085600004;0.294699997;0.313699991;0.297800004;0.301400006;0.305099994;0.297600001;0.290899992;0.291900009;0.081799999;0.105599999;0.157600001;0.158700004;0.128099993;0.120999999;0.155300006;0.154499993;0.153999999;0.080499999;0.412;0.849399984;0.842400014;0.839999974;0.869199991;0.916000009;0.947799981;0.909300029;0.085699998;0.275900006;0.32280001;0.323199987;0.3213;0.320300013;0.319999993;0.318300009;0.323700011;0.080600001;0.089299999;0.125200003;0.103;0.121799998;0.110699996;0.147100002;0.145899996;0.159199998;0.080200002;0.121799998;0.147799999;0.148900002;0.123199999;0.114200003;0.122100003;0.123199999;0.138500005;0.087800004;0.112499997;0.131600007;0.124200001;0.137700006;0.118900001;0.129500002
304835.2;0.541800022;0.878400028;0.89349997;0.884500027;0.867399991;0.854099989;0.87440002;0.908399999;0.085299999;0.361900002;0.437400013;0.583899975;0.364899993;0.31310001;0.294499993;0.283399999;0.271499991;0.080899999;0.111699998;0.191599995;0.179700002;0.182699993;0.151500002;0.197300002;0.131699994;0.171800002;0.0792;0.413199991;0.841199994;0.825100005;0.82069999;0.816900015;0.813600004;0.890299976;0.844399989;0.085600004;0.295399994;0.313699991;0.297699988;0.300999999;0.303299993;0.296299994;0.290300012;0.290699989;0.081799999;0.105300002;0.1567;0.157800004;0.128399998;0.121299997;0.154599994;0.153899997;0.153200001;0.080499999;0.411900014;0.850300014;0.843900025;0.841600001;0.869899988;0.916700006;0.948499978;0.909600019;0.085600004;0.275599986;0.321999997;0.32190001;0.319900006;0.318500012;0.318699986;0.318500012;0.323000014;0.080700003;0.089299999;0.125400007;0.103;0.122000001;0.110600002;0.147200003;0.145899996;0.159099996;0.080499999;0.122400001;0.147699997;0.149100006;0.122900002;0.112499997;0.121799998;0.125499994;0.140400007;0.087700002;0.1127;0.131500006;0.123800002;0.137799993;0.123199999;0.129600003
305435.3;0.543200016;0.879800022;0.899399996;0.886200011;0.868900001;0.855099976;0.876900017;0.910899997;0.085299999;0.362399995;0.437099993;0.589999974;0.365700006;0.313600004;0.294699997;0.283600003;0.272399992;0.080899999;0.111500002;0.190599993;0.179100007;0.181899995;0.151500002;0.196799994;0.131600007;0.171200007;0.0792;0.413899988;0.843900025;0.826699972;0.822700024;0.818300009;0.814899981;0.891700029;0.846599996;0.085500002;0.297100008;0.314200014;0.298000008;0.300599992;0.304899991;0.296799988;0.290399998;0.290899992;0.081699997;0.105300002;0.156200007;0.157000005;0.128299996;0.121299997;0.154599994;0.154200003;0.153899997;0.080399998;0.412999988;0.851700008;0.845700026;0.843100011;0.871599972;0.91839999;0.950600028;0.911000013;0.085600004;0.274899989;0.323199987;0.321799994;0.320100009;0.318500012;0.318100005;0.318199992;0.322600007;0.080600001;0.089299999;0.125300005;0.103100002;0.121799998;0.110699996;0.147100002;0.145899996;0.159400001;0.080200002;0.122000001;0.147699997;0.149100006;0.128600001;0.112800002;0.121100001;0.123499997;0.138699993;0.0876;0.112400003;0.131200001;0.123499997;0.137799993;0.119400002;0.129700005
306035.4;0.542699993;0.880699992;0.899999976;0.887099981;0.866900027;0.853299975;0.876800001;0.9102;0.085199997;0.361400008;0.4366;0.58920002;0.365700006;0.313300014;0.294099987;0.282400012;0.271899998;0.080899999;0.111500002;0.190599993;0.178599998;0.181099996;0.151700005;0.196400002;0.132100001;0.170300007;0.0792;0.413599998;0.844699979;0.827099979;0.823300004;0.818799973;0.815699995;0.891600013;0.846199989;0.085600004;0.296999991;0.313899994;0.298400015;0.300399989;0.3046;0.296299994;0.289900005;0.289799988;0.081699997;0.104999997;0.156299993;0.157199994;0.128000006;0.121200003;0.154799998;0.153899997;0.154200003;0.080700003;0.412099987;0.851700008;0.846300006;0.842999995;0.872099996;0.917999983;0.951099992;0.912;0.085600004;0.274699986;0.321799994;0.32159999;0.319499999;0.317699999;0.318100005;0.317200005;0.321799994;0.080799997;0.089500003;0.125400007;0.103100002;0.1219;0.110600002;0.147;0.146400005;0.158800006;0.080399998;0.1228;0.147300005;0.149700001;0.1237;0.112999998;0.120800003;0.126399994;0.142499998;0.087700002;0.112199999;0.131099999;0.125799999;0.137799993;0.118799999;0.131899998
306635.2;0.542400002;0.882099986;0.902499974;0.886399984;0.86680001;0.854499996;0.876999974;0.9102;0.085199997;0.360799998;0.436699986;0.588100016;0.367000014;0.313499987;0.294499993;0.282799989;0.271600008;0.081;0.111500002;0.189899996;0.178000003;0.180700004;0.151500002;0.195999995;0.131899998;0.170399994;0.079300001;0.413700014;0.845899999;0.82889998;0.824100018;0.820500016;0.816999972;0.892700016;0.847500026;0.085600004;0.296499997;0.3134;0.296900004;0.299600005;0.303299993;0.295399994;0.288899988;0.289000005;0.081699997;0.105300002;0.156800002;0.157299995;0.128000006;0.121399999;0.154499993;0.154100001;0.153799996;0.080399998;0.412;0.852800012;0.846300006;0.843999982;0.872200012;0.917900026;0.952400029;0.913100004;0.085600004;0.273799986;0.320499986;0.319499999;0.318199992;0.316799998;0.317099988;0.316199988;0.321700007;0.080700003;0.089400001;0.125499994;0.103200004;0.121799998;0.110699996;0.147400007;0.146500006;0.159600005;0.080300003;0.122299999;0.147100002;0.149100006;0.121799998;0.115699999;0.120700002;0.123899996;0.138899997;0.087700002;0.112199999;0.131200001;0.123300001;0.137999997;0.120200001;0.1294
307235.5;0.542500019;0.883000016;0.903500021;0.889299989;0.866599977;0.863699973;0.874899983;0.910000026;0.085199997;0.359800011;0.435400009;0.584800005;0.366100013;0.313300014;0.293799996;0.282200009;0.270999998;0.080899999;0.111500002;0.190500006;0.178299993;0.180500001;0.1523;0.196500003;0.131799996;0.170900002;0.079300001;0.413199991;0.846400023;0.829400003;0.824400008;0.820500016;0.817700028;0.89319998;0.8477;0.085500002;0.298299998;0.314200014;0.297500014;0.299600005;0.303900003;0.295300007;0.288300008;0.288800001;0.081699997;0.1052;0.156299993;0.156900004;0.128000006;0.121299997;0.154899999;0.153999999;0.154200003;0.080399998;0.411599994;0.853200018;0.84799999;0.845000029;0.873899996;0.918099999;0.951799989;0.912699997;0.085600004;0.273699999;0.32069999;0.318699986;0.317699999;0.315499991;0.315800011;0.315400004;0.319599986;0.080700003;0.089199997;0.125400007;0.103100002;0.121799998;0.110699996;0.147200003;0.146400005;0.159799993;0.080200002;0.122599997;0.146899998;0.149000004;0.121299997;0.114100002;0.120899998;0.123899996;0.139200002;0.087700002;0.112199999;0.131099999;0.126699999;0.137999997;0.123000003;0.128900006
307835.6;0.541800022;0.880999982;0.905900002;0.892099977;0.867200017;0.867200017;0.875100017;0.91170001;0.085299999;0.361000001;0.435299993;0.58950001;0.365999997;0.31279999;0.294;0.282000005;0.270700008;0.080899999;0.111599997;0.189999998;0.177599996;0.180600002;0.152999997;0.196099997;0.131799996;0.170100003;0.0792;0.413800001;0.846899986;0.82980001;0.825699985;0.82130003;0.818899989;0.89410001;0.84890002;0.085500002;0.297300011;0.31310001;0.296799988;0.298599988;0.301999986;0.294;0.288300008;0.287900001;0.081600003;0.1052;0.156100005;0.156399995;0.127800003;0.120999999;0.154899999;0.153999999;0.153600007;0.080499999;0.412;0.853900015;0.848200023;0.845600009;0.875400007;0.918099999;0.952400029;0.913600028;0.085500002;0.273600012;0.319400012;0.319000006;0.317799985;0.315899998;0.316100001;0.315899998;0.319900006;0.080600001;0.089400001;0.125400007;0.103100002;0.122100003;0.110799998;0.146500006;0.145600006;0.158999994;0.080300003;0.122699998;0.146599993;0.155599996;0.121600002;0.112599999;0.120899998;0.125699997;0.139500007;0.0876;0.112199999;0.130700007;0.123300001;0.138099998;0.120200001;0.129199997
308435.5;0.542200029;0.881699979;0.907199979;0.895200014;0.869799972;0.867500007;0.87529999;0.912699997;0.085199997;0.361000001;0.435099989;0.586000025;0.365799993;0.312400013;0.292699993;0.281300008;0.270500004;0.080899999;0.111599997;0.190300003;0.177599996;0.180600002;0.152799994;0.196500003;0.132100001;0.1699;0.0792;0.413300008;0.848399997;0.830200016;0.826099992;0.821500003;0.818899989;0.894299984;0.84920001;0.085500002;0.296600014;0.311199993;0.295599997;0.297600001;0.301899999;0.293300003;0.287;0.287099987;0.081600003;0.105099998;0.156200007;0.157399997;0.128000006;0.121200003;0.154300004;0.154300004;0.154100001;0.080399998;0.411500007;0.853900015;0.84829998;0.845499992;0.87620002;0.920099974;0.953800023;0.914399981;0.085500002;0.273699999;0.3204;0.319000006;0.317600012;0.315400004;0.315800011;0.314900011;0.319599986;0.080600001;0.089400001;0.125499994;0.103200004;0.122100003;0.110699996;0.147300005;0.146200001;0.159899995;0.080600001;0.1228;0.146599993;0.148100004;0.125400007;0.112599999;0.120700002;0.123400003;0.140100002;0.087700002;0.112199999;0.130500004;0.123400003;0.137999997;0.118900001;0.129199997
309035.5;0.540600002;0.881299973;0.906000018;0.893000007;0.868200004;0.869300008;0.87529999;0.913100004;0.085199997;0.359400004;0.432900012;0.585500002;0.364800006;0.311699986;0.292199999;0.280299991;0.269300014;0.080899999;0.111599997;0.189400002;0.177599996;0.180000007;0.153200001;0.195500001;0.131899998;0.169599995;0.0792;0.412800014;0.848100007;0.830600023;0.825999975;0.821799994;0.819299996;0.894599974;0.850099981;0.085500002;0.297399998;0.312299997;0.295899987;0.298200011;0.300999999;0.292600006;0.286599994;0.28639999;0.081699997;0.105099998;0.156399995;0.156200007;0.128000006;0.121299997;0.154100001;0.153400004;0.153500006;0.080600001;0.4111;0.855499983;0.84920001;0.847199976;0.877499998;0.921700001;0.952700019;0.915000021;0.085600004;0.273099989;0.317400008;0.317699999;0.315899998;0.314200014;0.314700007;0.314200014;0.318899989;0.080700003;0.089299999;0.125400007;0.103;0.122000001;0.110799998;0.147100002;0.146400005;0.159899995;0.0801;0.122699998;0.146599993;0.148300007;0.126800001;0.118000001;0.121100001;0.123599999;0.138400003;0.087700002;0.112000003;0.130500004;0.123199999;0.137899995;0.121299997;0.1285
309635.7;0.539499998;0.881900012;0.906899989;0.895399988;0.869599998;0.871399999;0.875199974;0.912800014;0.085199997;0.358200014;0.432300001;0.581099987;0.365200013;0.311100006;0.291500002;0.280299991;0.26820001;0.080899999;0.111500002;0.189899996;0.177200004;0.1796;0.152899995;0.195600003;0.131799996;0.170900002;0.079300001;0.412999988;0.849099994;0.831700027;0.827199996;0.822799981;0.819800019;0.895699978;0.850700021;0.085500002;0.296200007;0.311300009;0.29519999;0.297500014;0.299699992;0.292499989;0.286599994;0.286500007;0.081699997;0.1052;0.1567;0.156200007;0.127800003;0.121100001;0.155000001;0.154400006;0.153999999;0.080499999;0.409999996;0.855599999;0.848999977;0.847500026;0.878400028;0.922599971;0.953199983;0.916299999;0.085600004;0.272799999;0.316900015;0.317499995;0.315299988;0.313699991;0.313300014;0.313600004;0.317900002;0.080600001;0.089299999;0.125499994;0.103;0.122100003;0.110600002;0.147100002;0.146599993;0.159799993;0.080399998;0.1228;0.146699995;0.150800005;0.127200007;0.112499997;0.122100003;0.124300003;0.138600007;0.087700002;0.111699998;0.1303;0.126599997;0.1382;0.119800001;0.131200001
310235.7;0.538999975;0.882600009;0.907500029;0.895900011;0.870599985;0.870199978;0.875500023;0.915600002;0.085199997;0.358599991;0.431499988;0.579200029;0.36500001;0.310499996;0.290600002;0.279700011;0.268900007;0.080899999;0.111500002;0.190099999;0.177100003;0.179499999;0.153899997;0.195700005;0.132100001;0.171499997;0.0792;0.412800014;0.851199985;0.833199978;0.828000009;0.824100018;0.820900023;0.895799994;0.851800025;0.085500002;0.2949;0.309799999;0.293799996;0.296200007;0.300700009;0.291799992;0.284999996;0.285400003;0.081699997;0.105300002;0.157199994;0.157299995;0.128000006;0.121299997;0.155100003;0.154799998;0.154799998;0.080399998;0.409999996;0.856599987;0.849699974;0.848100007;0.879700005;0.924300015;0.954299986;0.917200029;0.085600004;0.271499991;0.317099988;0.316900015;0.314099997;0.313300014;0.312700003;0.311800003;0.317200005;0.080700003;0.089299999;0.125499994;0.103100002;0.122000001;0.110600002;0.148200005;0.147200003;0.160999998;0.080300003;0.122500002;0.146799996;0.151199996;0.128600001;0.115000002;0.122199997;0.123099998;0.140300006;0.0876;0.111699998;0.130400002;0.126200005;0.138400003;0.120999999;0.129700005
310835.8;0.536599994;0.881200016;0.907400012;0.895600021;0.868300021;0.873199999;0.87559998;0.914799988;0.085199997;0.355800003;0.4296;0.576699972;0.36469999;0.309599996;0.290100008;0.278699994;0.268400013;0.080899999;0.111599997;0.189600006;0.177200004;0.180399999;0.153899997;0.1954;0.132100001;0.171100006;0.0792;0.411300004;0.850300014;0.832700014;0.827099979;0.823599994;0.821200013;0.896000028;0.851700008;0.085500002;0.2949;0.309100002;0.292899996;0.29550001;0.300099999;0.291000009;0.284200013;0.284500003;0.081699997;0.105099998;0.157100007;0.157299995;0.128099993;0.121299997;0.155499995;0.155200005;0.154899999;0.080399998;0.408800006;0.856999993;0.849799991;0.84799999;0.879100025;0.924600005;0.954200029;0.916899979;0.085500002;0.272000015;0.317999989;0.316399992;0.314099997;0.312400013;0.312400013;0.311500013;0.316599995;0.080600001;0.089199997;0.125499994;0.103;0.122100003;0.110600002;0.148200005;0.147300005;0.160899997;0.080399998;0.122699998;0.146599993;0.150099993;0.127100006;0.118299998;0.122100003;0.122699998;0.137400001;0.0876;0.111199997;0.130099997;0.123000003;0.138400003;0.121399999;0.130799994
311435.8;0.540199995;0.882300019;0.909300029;0.897899985;0.868600011;0.87470001;0.876900017;0.915499985;0.085199997;0.3574;0.430799991;0.581700027;0.363700002;0.309199989;0.289799988;0.278899997;0.26789999;0.080899999;0.111699998;0.189899996;0.177200004;0.179299995;0.154799998;0.195600003;0.131999999;0.171299994;0.0792;0.412;0.851999998;0.833999991;0.829400003;0.825800002;0.822099984;0.897499979;0.853600025;0.085600004;0.296400011;0.310000002;0.293500006;0.296400011;0.300199986;0.291099995;0.28459999;0.285299987;0.081699997;0.105300002;0.156800002;0.1567;0.128399998;0.1215;0.154599994;0.154300004;0.154300004;0.080499999;0.410400003;0.858900011;0.851599991;0.849699974;0.880500019;0.926699996;0.955299973;0.916400015;0.085600004;0.272199988;0.317200005;0.316199988;0.313600004;0.312999994;0.31189999;0.311300009;0.316799998;0.080700003;0.089400001;0.125799999;0.103;0.122299999;0.110799998;0.148399994;0.147699997;0.161500007;0.0801;0.122299999;0.146899998;0.1461;0.126599997;0.140200004;0.123199999;0.123099998;0.137099996;0.087700002;0.111699998;0.129700005;0.123199999;0.138699993;0.121399999;0.128700003
312035.9;0.540300012;0.882300019;0.912199974;0.900900006;0.869499981;0.875899971;0.880200028;0.916899979;0.085199997;0.358500004;0.430500001;0.583400011;0.365399987;0.309199989;0.289999992;0.279399991;0.267399997;0.080899999;0.111599997;0.189700007;0.176799998;0.179100007;0.154899999;0.194900006;0.132100001;0.171399996;0.0792;0.412900001;0.853699982;0.835799992;0.831900001;0.826699972;0.823800027;0.898800015;0.855799973;0.085600004;0.296099991;0.308999985;0.293099999;0.296299994;0.299699992;0.290600002;0.284299999;0.284399986;0.081699997;0.105400003;0.157100007;0.156499997;0.127900004;0.121200003;0.154899999;0.154499993;0.154899999;0.080399998;0.410600007;0.858799994;0.851400018;0.850600004;0.881799996;0.928200006;0.957300007;0.918099999;0.085600004;0.272399992;0.316700011;0.316300005;0.315499991;0.312700003;0.311800003;0.311800003;0.317000002;0.080600001;0.089199997;0.125499994;0.102899998;0.122199997;0.110600002;0.148300007;0.147499993;0.161400005;0.0801;0.122599997;0.147;0.145300001;0.127000004;0.112400003;0.123099998;0.123300001;0.136500001;0.0876;0.112099998;0.128900006;0.122900002;0.138500005;0.123499997;0.129099995
312636;0.539200008;0.882700026;0.911899984;0.898500025;0.870800018;0.873300016;0.881500006;0.916199982;0.085199997;0.357899994;0.430500001;0.580500007;0.365500003;0.308800012;0.289000005;0.278299987;0.267399997;0.080899999;0.111699998;0.190899998;0.176899999;0.179199994;0.155300006;0.194000006;0.131899998;0.170399994;0.0792;0.412;0.854399979;0.836700022;0.832199991;0.827899992;0.824699998;0.899699986;0.85589999;0.085500002;0.293799996;0.306699991;0.291599989;0.294499993;0.297800004;0.289799988;0.284500003;0.284099996;0.081600003;0.105599999;0.158199996;0.156599998;0.127599999;0.120700002;0.155399993;0.154899999;0.155399993;0.080399998;0.410299987;0.859799981;0.851499975;0.850799978;0.882600009;0.928900003;0.958500028;0.91930002;0.0854;0.271299988;0.314999998;0.314799994;0.313699991;0.311399996;0.309599996;0.310299993;0.315699995;0.080600001;0.089199997;0.125100002;0.102799997;0.122000001;0.110399999;0.148599997;0.1479;0.162;0.079899997;0.122500002;0.147;0.146500006;0.137600005;0.116800003;0.122400001;0.125599995;0.137099996;0.0876;0.1109;0.1285;0.122699998;0.1382;0.1193;0.128999993
313236;0.538699985;0.882799983;0.912199974;0.899699986;0.871699989;0.872399986;0.882000029;0.918099999;0.085199997;0.356599987;0.429899991;0.581700027;0.363700002;0.307599992;0.288500011;0.2773;0.265599996;0.080899999;0.111900002;0.190799996;0.176100001;0.178900003;0.155499995;0.194100007;0.131799996;0.172199994;0.0792;0.412299991;0.855300009;0.837300003;0.833100021;0.828800023;0.825100005;0.899999976;0.856100023;0.085500002;0.294800013;0.306699991;0.292299986;0.29519999;0.298599988;0.289999992;0.284700006;0.284200013;0.081600003;0.105499998;0.158199996;0.156800002;0.127599999;0.120700002;0.155599996;0.155300006;0.155900002;0.080300003;0.40990001;0.860499978;0.852100015;0.851300001;0.882000029;0.930599988;0.958500028;0.919399977;0.0854;0.271499991;0.315699995;0.315299988;0.314300001;0.311699986;0.310200006;0.311399996;0.314999998;0.080499999;0.089100003;0.125300005;0.102799997;0.1219;0.110399999;0.148300007;0.147300005;0.161400005;0.079999998;0.122699998;0.147;0.145500004;0.127399996;0.116400003;0.1228;0.122400001;0.136199996;0.087499999;0.110799998;0.128199995;0.122400001;0.138099998;0.119999997;0.130199999
313836.1;0.53670001;0.884199977;0.912899971;0.898299992;0.871699989;0.873700023;0.883899987;0.920000017;0.085199997;0.356000006;0.430200011;0.58069998;0.363299996;0.307700008;0.288100004;0.277099997;0.265700012;0.080799997;0.111599997;0.191;0.176400006;0.178599998;0.155399993;0.194399998;0.131899998;0.171599999;0.0792;0.411900014;0.855799973;0.837800026;0.833000004;0.828800023;0.825500011;0.9005;0.856700003;0.085500002;0.292600006;0.307099998;0.291999996;0.294099987;0.296999991;0.289600015;0.282599986;0.283300012;0.081600003;0.105400003;0.158000007;0.156100005;0.127700001;0.120800003;0.155900002;0.155200005;0.1558;0.080300003;0.409500003;0.861500025;0.852500021;0.851999998;0.883300006;0.931299984;0.959500015;0.920899987;0.085500002;0.270900011;0.314399987;0.315200001;0.312700003;0.311300009;0.310099989;0.310499996;0.314700007;0.080499999;0.089000002;0.125100002;0.102799997;0.121799998;0.110100001;0.148800001;0.147699997;0.161699995;0.080200002;0.122500002;0.147;0.145300001;0.124200001;0.133000001;0.121600002;0.124600001;0.143999994;0.0876;0.110100001;0.127800003;0.122699998;0.138300002;0.121399999;0.128800005
314436.2;0.538600028;0.885399997;0.912899971;0.897599995;0.871299982;0.876100004;0.88499999;0.92110002;0.085199997;0.356900007;0.429399997;0.579400003;0.363900006;0.307999998;0.288199991;0.276800007;0.265500009;0.080899999;0.111699998;0.190799996;0.175799996;0.177900001;0.155200005;0.194100007;0.132100001;0.171100006;0.079300001;0.412099987;0.8574;0.83920002;0.834900022;0.830299973;0.827400029;0.9023;0.858299971;0.085600004;0.293799996;0.307399988;0.291999996;0.294;0.297300011;0.288800001;0.282999992;0.282200009;0.081900001;0.105300002;0.158099994;0.156100005;0.127800003;0.120899998;0.156100005;0.155599996;0.156499997;0.080300003;0.41049999;0.862600029;0.853399992;0.853399992;0.884199977;0.931400001;0.959299982;0.920700014;0.085500002;0.270599991;0.314900011;0.314700007;0.312599987;0.310799986;0.310099989;0.310799986;0.314999998;0.080499999;0.089100003;0.125400007;0.102899998;0.121799998;0.110200003;0.148900002;0.147400007;0.161699995;0.080300003;0.122400001;0.146899998;0.144600004;0.124499999;0.114100002;0.122100003;0.123400003;0.135499999;0.0876;0.110600002;0.127800003;0.123999998;0.138400003;0.120800003;0.128999993
315036.2;0.536300004;0.886300027;0.912899971;0.89319998;0.871299982;0.874100029;0.88380003;0.920700014;0.085199997;0.3565;0.427599996;0.576900005;0.363099992;0.308299989;0.288199991;0.276499987;0.265500009;0.080899999;0.111599997;0.190899998;0.176400006;0.1778;0.155200005;0.193399996;0.132100001;0.171399996;0.079300001;0.411000013;0.856999993;0.838999987;0.834200025;0.830200016;0.827499986;0.901499987;0.858099997;0.085500002;0.294200003;0.307500005;0.291700006;0.293799996;0.297399998;0.288599998;0.282200009;0.282400012;0.081600003;0.105499998;0.158199996;0.156299993;0.127499998;0.120899998;0.156000003;0.154699996;0.155599996;0.080399998;0.409099996;0.862800002;0.853999972;0.853299975;0.882499993;0.931500018;0.958700001;0.920799971;0.085500002;0.270200014;0.314099997;0.314099997;0.312000006;0.309599996;0.309500009;0.309300005;0.312900007;0.080499999;0.089299999;0.125499994;0.102899998;0.122000001;0.110399999;0.148399994;0.147200003;0.1611;0.0801;0.122500002;0.146899998;0.147599995;0.130999997;0.115199998;0.122100003;0.123800002;0.135199994;0.0876;0.110399999;0.127499998;0.122100003;0.138300002;0.120999999;0.131600007
315636.3;0.536599994;0.887600005;0.914499998;0.895399988;0.872699976;0.876699984;0.886099994;0.923900008;0.085299999;0.35800001;0.427399993;0.57950002;0.363400012;0.307700008;0.287800014;0.276199996;0.264899999;0.080899999;0.111500002;0.190500006;0.176300004;0.1778;0.155200005;0.193800002;0.132200003;0.170499995;0.079099998;0.411300004;0.858299971;0.839999974;0.835099995;0.83160001;0.828299999;0.9023;0.858900011;0.085500002;0.292800009;0.306499988;0.290600002;0.292600006;0.296400011;0.287499994;0.281699985;0.281300008;0.081600003;0.105499998;0.158299997;0.156599998;0.127700001;0.120999999;0.155499995;0.154499993;0.155300006;0.080399998;0.409799993;0.864199996;0.855499983;0.854099989;0.882600009;0.932699978;0.960900009;0.922699988;0.085500002;0.270200014;0.315499991;0.314399987;0.312599987;0.310499996;0.311300009;0.310400009;0.314099997;0.080499999;0.089100003;0.125599995;0.102799997;0.1219;0.1105;0.148200005;0.146799996;0.161599994;0.0801;0.122299999;0.146799996;0.144400001;0.122199997;0.112599999;0.126100004;0.1259;0.135000005;0.087499999;0.110600002;0.127499998;0.1219;0.138400003;0.119999997;0.127499998
316236.4;0.535600007;0.888100028;0.913600028;0.896600008;0.870999992;0.876999974;0.885299981;0.922599971;0.085500002;0.358399987;0.426299989;0.5801;0.363299996;0.307500005;0.287400007;0.275599986;0.264899999;0.080899999;0.111599997;0.189300001;0.175600007;0.177499995;0.155300006;0.192699999;0.132100001;0.169499993;0.079300001;0.4111;0.858799994;0.840699971;0.835600019;0.832300007;0.829299986;0.903100014;0.859700024;0.085600004;0.292800009;0.306100011;0.289999992;0.292600006;0.296700001;0.287600011;0.281300008;0.281199992;0.081699997;0.105700001;0.158299997;0.156100005;0.127200007;0.120700002;0.155599996;0.154599994;0.155300006;0.080399998;0.408800006;0.864700019;0.856100023;0.855099976;0.883599997;0.933099985;0.959500015;0.921999991;0.085500002;0.269699991;0.313800007;0.312999994;0.310600013;0.309500009;0.308800012;0.308800012;0.313899994;0.080600001;0.089199997;0.125400007;0.102799997;0.1219;0.1105;0.1479;0.146799996;0.161400005;0.079999998;0.122400001;0.146799996;0.144999996;0.123199999;0.140599996;0.122100003;0.124600001;0.136700004;0.087899998;0.110299997;0.127499998;0.122500002;0.138300002;0.122100003;0.127100006
316836.6;0.53549999;0.889800012;0.917800009;0.901199996;0.87470001;0.879700005;0.889599979;0.925599992;0.085199997;0.360799998;0.428799987;0.584100008;0.362399995;0.307599992;0.287099987;0.276300013;0.265100002;0.080899999;0.111400001;0.189400002;0.175500005;0.177200004;0.155100003;0.193200007;0.131999999;0.169300005;0.0792;0.412499994;0.860700011;0.842100024;0.837300003;0.833700001;0.8301;0.903699994;0.861500025;0.085500002;0.293900013;0.305799991;0.290100008;0.292899996;0.296200007;0.287499994;0.281199992;0.281100005;0.081699997;0.105300002;0.157600001;0.156000003;0.127100006;0.120899998;0.154499993;0.154499993;0.154899999;0.080399998;0.4102;0.865700006;0.85710001;0.85589999;0.8847;0.934400022;0.963;0.924499989;0.085500002;0.270799994;0.315699995;0.314900011;0.311699986;0.310200006;0.309700012;0.308800012;0.315299988;0.080499999;0.089100003;0.125599995;0.102899998;0.122000001;0.1105;0.147599995;0.146300003;0.160699993;0.080200002;0.122199997;0.146500006;0.144199997;0.123199999;0.114299998;0.122599997;0.122500002;0.134299994;0.087499999;0.1105;0.127399996;0.122000001;0.1382;0.119199999;0.130400002
317436.5;0.535700023;0.888700008;0.916700006;0.90259999;0.873600006;0.881399989;0.888599992;0.925000012;0.085199997;0.360500008;0.42809999;0.583500028;0.362899989;0.307300001;0.286799997;0.27610001;0.264600009;0.080899999;0.111500002;0.189199999;0.174899995;0.176699996;0.155300006;0.193200007;0.131999999;0.169200003;0.0792;0.412;0.861800015;0.842700005;0.838500023;0.835300028;0.830799997;0.904799998;0.862500012;0.085500002;0.295300007;0.305799991;0.290300012;0.293099999;0.296600014;0.286900014;0.280999988;0.281199992;0.081600003;0.105099998;0.157199994;0.155499995;0.127200007;0.120899998;0.154899999;0.154599994;0.155399993;0.080399998;0.409999996;0.867799997;0.857200027;0.856899977;0.884299994;0.935500026;0.962000012;0.924600005;0.0854;0.270000011;0.313699991;0.312700003;0.310299993;0.309500009;0.308099985;0.308400005;0.314500004;0.080600001;0.089299999;0.125599995;0.103;0.122299999;0.110600002;0.147100002;0.146300003;0.160500005;0.080300003;0.122400001;0.146500006;0.144500002;0.122500002;0.112599999;0.122699998;0.122500002;0.136099994;0.087499999;0.1109;0.127499998;0.122000001;0.1382;0.120300002;0.129800007
318036.8;0.538200021;0.891799986;0.917200029;0.904900014;0.874100029;0.879899979;0.891799986;0.925300002;0.085199997;0.360599995;0.4287;0.581499994;0.362800002;0.306600004;0.286799997;0.275299996;0.263700008;0.080899999;0.111500002;0.189899996;0.1752;0.177300006;0.155900002;0.192900002;0.131899998;0.169100001;0.079099998;0.411000013;0.861699998;0.843699992;0.839600027;0.836000025;0.831399977;0.906099975;0.863099992;0.085600004;0.293300003;0.304699987;0.290300012;0.292400002;0.295300007;0.28670001;0.280699998;0.280400008;0.082000002;0.105599999;0.158199996;0.1558;0.127000004;0.120700002;0.154899999;0.154300004;0.155000001;0.080499999;0.409500003;0.867999971;0.857900023;0.857299984;0.885800004;0.935400009;0.962899983;0.924600005;0.085600004;0.269899994;0.312000006;0.312599987;0.310200006;0.308899999;0.307200015;0.308299989;0.313699991;0.080600001;0.089199997;0.125300005;0.102899998;0.122199997;0.1105;0.147599995;0.146200001;0.160999998;0.0801;0.122400001;0.146300003;0.143700004;0.1259;0.120200001;0.122699998;0.131500006;0.135399997;0.087700002;0.111400001;0.127399996;0.123000003;0.137899995;0.1193;0.131099999
318636.8;0.537999988;0.893299997;0.916999996;0.908200026;0.876100004;0.882200003;0.893599987;0.926900029;0.085199997;0.360300004;0.4287;0.583299994;0.363299996;0.306300014;0.286900014;0.2755;0.263700008;0.081;0.111400001;0.190099999;0.174999997;0.1778;0.1558;0.193399996;0.131699994;0.170599997;0.079300001;0.411900014;0.863200009;0.844799995;0.840900004;0.837100029;0.832199991;0.907599986;0.864600003;0.085699998;0.293799996;0.305099994;0.290300012;0.292400002;0.295899987;0.287200004;0.280600011;0.280400008;0.081799999;0.105700001;0.158399999;0.155499995;0.127200007;0.120899998;0.155599996;0.155499995;0.156200007;0.080600001;0.409000009;0.868700027;0.859000027;0.858500004;0.887300014;0.936100006;0.964999974;0.926800013;0.085699998;0.270099998;0.313199997;0.313699991;0.309899986;0.308699995;0.307200015;0.308600008;0.31400001;0.080799997;0.089299999;0.125599995;0.103100002;0.122000001;0.1105;0.148599997;0.147200003;0.161899999;0.080399998;0.122900002;0.146300003;0.143999994;0.122900002;0.112499997;0.122100003;0.123800002;0.132300004;0.087899998;0.111599997;0.127499998;0.122000001;0.138099998;0.125200003;0.128800005
319236.9;0.538699985;0.89289999;0.916499972;0.907100022;0.875899971;0.877200007;0.891499996;0.925100029;0.085299999;0.359200001;0.428900003;0.586600006;0.362599999;0.305900007;0.286500007;0.275200009;0.263999999;0.081;0.111699998;0.191;0.176100001;0.177900001;0.156100005;0.193000004;0.132300004;0.169599995;0.079499997;0.41170001;0.863499999;0.845700026;0.841700017;0.837499976;0.833299994;0.908100009;0.866100013;0.0858;0.292499989;0.30399999;0.289700001;0.291500002;0.294400007;0.2861;0.280000001;0.280099988;0.081900001;0.105400003;0.158700004;0.155300006;0.127399996;0.120999999;0.156200007;0.155699998;0.156800002;0.080799997;0.409700006;0.870000005;0.859600008;0.859200001;0.888499975;0.93599999;0.965200007;0.92900002;0.086000003;0.270099998;0.313699991;0.313800007;0.310799986;0.309399992;0.308499992;0.308499992;0.314599991;0.081100002;0.089699998;0.126000002;0.103500001;0.122500002;0.110799998;0.149000004;0.147499993;0.161899999;0.080899999;0.123000003;0.146500006;0.149499997;0.129999995;0.117700003;0.122500002;0.125200003;0.132300004;0.088200003;0.111900002;0.127700001;0.123400003;0.138400003;0.1206;0.127499998
319836.9;0.537699997;0.89319998;0.917800009;0.908800006;0.877099991;0.880200028;0.89200002;0.924799979;0.085299999;0.358200014;0.4278;0.586600006;0.360700011;0.305999994;0.28549999;0.274800003;0.262899995;0.081;0.111900002;0.191200003;0.176100001;0.178399995;0.156499997;0.194399998;0.131999999;0.170599997;0.079499997;0.411199987;0.864199996;0.845899999;0.842000008;0.838100016;0.834200025;0.908399999;0.86619997;0.0858;0.292199999;0.30430001;0.289000005;0.291599989;0.294200003;0.285299987;0.279500008;0.279300004;0.082099997;0.105899997;0.158700004;0.155300006;0.127599999;0.121200003;0.156599998;0.156100005;0.156900004;0.081;0.40959999;0.871100008;0.860899985;0.860400021;0.890200019;0.936699986;0.965399981;0.929099977;0.086199999;0.269600004;0.312900007;0.312900007;0.309199989;0.308600008;0.308699995;0.308600008;0.313600004;0.081200004;0.0898;0.126300007;0.103600003;0.122599997;0.111000001;0.149800003;0.148300007;0.163399994;0.081100002;0.123300001;0.146699995;0.150900006;0.122900002;0.112800002;0.1228;0.125499994;0.133200005;0.088500001;0.112300001;0.128000006;0.122400001;0.138799995;0.1215;0.127800003
320436.8;0.535700023;0.891600013;0.917999983;0.907999992;0.877600014;0.886200011;0.891799986;0.927699983;0.0854;0.358099997;0.428000003;0.591000021;0.358900011;0.305500001;0.28459999;0.274199992;0.263000011;0.081;0.1118;0.190799996;0.176200002;0.178200006;0.1567;0.194199994;0.131799996;0.170100003;0.079499997;0.410699993;0.864499986;0.846300006;0.841799974;0.83829999;0.834500015;0.908200026;0.866900027;0.085900001;0.291299999;0.30340001;0.287299991;0.290600002;0.294800013;0.28549999;0.278100014;0.279000014;0.082099997;0.1061;0.160300002;0.1567;0.127599999;0.121200003;0.156399995;0.156200007;0.157100007;0.081100002;0.408300012;0.870800018;0.860599995;0.860199988;0.890900016;0.936800003;0.966300011;0.930000007;0.086400002;0.269400001;0.314200014;0.31310001;0.308099985;0.308400005;0.307900012;0.307599992;0.313800007;0.081299998;0.090099998;0.126399994;0.103799999;0.123000003;0.111299999;0.150099993;0.148499995;0.163299993;0.081200004;0.123499997;0.146699995;0.149900004;0.124300003;0.114100002;0.123099998;0.123800002;0.134000003;0.088799998;0.112400003;0.128399998;0.1228;0.139200002;0.120099999;0.129800007
321036.9;0.535399973;0.892199993;0.917500019;0.907999992;0.877900004;0.879499972;0.891900003;0.926900029;0.085100003;0.35589999;0.425599992;0.583100021;0.361299992;0.305200011;0.284000009;0.272700012;0.262100011;0.080399998;0.111299999;0.189799994;0.175699994;0.177100003;0.156800002;0.193299994;0.131099999;0.169400007;0.078400001;0.409700006;0.865400016;0.846300006;0.842499971;0.838800013;0.835200012;0.90990001;0.869799972;0.084600002;0.296400011;0.303299993;0.287200004;0.289600015;0.293900013;0.284099996;0.277999997;0.278100014;0.081500001;0.106700003;0.163599998;0.154200003;0.126499996;0.119599998;0.154100001;0.153799996;0.154699996;0.079599999;0.408100009;0.871800005;0.865199983;0.864300013;0.897899985;0.938600004;0.967599988;0.930100024;0.084200002;0.2676;0.311500013;0.311199993;0.307500005;0.306699991;0.308600008;0.315800011;0.323799998;0.079400003;0.087899998;0.124300003;0.101599999;0.120999999;0.109099999;0.148100004;0.147;0.163100004;0.082500003;0.135100007;0.159199998;0.147499993;0.120800003;0.110799998;0.120999999;0.1219;0.133900002;0.086400002;0.110600002;0.126100004;0.121799998;0.136399999;0.119599998;0.128099993
321637;0.535000026;0.893000007;0.918200016;0.904799998;0.878700018;0.881399989;0.891700029;0.926800013;0.085100003;0.351500005;0.420399994;0.576499999;0.368400007;0.306499988;0.283399999;0.271899998;0.260800004;0.080399998;0.111100003;0.189999998;0.176499993;0.177100003;0.155599996;0.192300007;0.131300002;0.169699997;0.078400001;0.40990001;0.866299987;0.847500026;0.844200015;0.841199994;0.837100029;0.913600028;0.87440002;0.084399998;0.302599996;0.306499988;0.287099987;0.289299995;0.293799996;0.283800006;0.278600007;0.279000014;0.0836;0.109700002;0.168099999;0.153300002;0.126000002;0.1193;0.154300004;0.153500006;0.154799998;0.079000004;0.410299987;0.875999987;0.869499981;0.869099975;0.902700007;0.93870002;0.968400002;0.929499984;0.083899997;0.269300014;0.313300014;0.311699986;0.310099989;0.306800008;0.313699991;0.325300008;0.33160001;0.079099998;0.087499999;0.124200001;0.101099998;0.121299997;0.108900003;0.150000006;0.152899995;0.168300003;0.086099997;0.144299999;0.168300003;0.152099997;0.123400003;0.120899998;0.1197;0.123800002;0.129999995;0.086000003;0.110699996;0.125699997;0.119099997;0.135100007;0.1162;0.131300002
322237.1;0.534699976;0.893299997;0.920000017;0.904399991;0.880200028;0.881699979;0.89319998;0.928200006;0.085199997;0.350300014;0.420399994;0.580500007;0.370700002;0.307200015;0.282900006;0.271600008;0.260399997;0.080700003;0.111000001;0.190599993;0.177399993;0.177900001;0.154699996;0.192399994;0.132100001;0.172499999;0.079000004;0.410699993;0.867399991;0.84859997;0.845200002;0.842000008;0.837300003;0.911300004;0.869700015;0.085199997;0.303299993;0.307700008;0.287800014;0.289799988;0.293900013;0.284500003;0.279300004;0.278899997;0.081299998;0.105400003;0.158899993;0.154100001;0.127000004;0.120200001;0.156900004;0.1558;0.156800002;0.079999998;0.408699989;0.873300016;0.862299979;0.861500025;0.89289999;0.940500021;0.968900025;0.930599988;0.085000001;0.272300005;0.315899998;0.314799994;0.310900003;0.310099989;0.308499992;0.309300005;0.314200014;0.080200002;0.088699996;0.125;0.102499999;0.1215;0.109499998;0.151099995;0.149100006;0.163499996;0.079899997;0.121399999;0.144899994;0.147599995;0.1228;0.112000003;0.120800003;0.1241;0.130999997;0.087300003;0.112000003;0.126499996;0.122500002;0.136099994;0.1175;0.126000002
322837.1;0.534399986;0.893999994;0.920899987;0.906899989;0.881600022;0.880800009;0.897400022;0.9278;0.085199997;0.353799999;0.425599992;0.591000021;0.364399999;0.305500001;0.283199996;0.272399992;0.260899991;0.080899999;0.111500002;0.190799996;0.1778;0.178599998;0.155900002;0.193399996;0.131799996;0.173099995;0.079099998;0.4102;0.867999971;0.84920001;0.845899999;0.842599988;0.838100016;0.911899984;0.870700002;0.085600004;0.301499993;0.306300014;0.289499998;0.292100012;0.295399994;0.2861;0.280499995;0.279900014;0.081699997;0.105599999;0.159099996;0.154400006;0.127399996;0.1206;0.157299995;0.156299993;0.157499999;0.080499999;0.409799993;0.874300003;0.863099992;0.862999976;0.89380002;0.942499995;0.967899978;0.931900024;0.085699998;0.273799986;0.317600012;0.317299992;0.313199997;0.312400013;0.310799986;0.31189999;0.319000006;0.080700003;0.089199997;0.125200003;0.102899998;0.122000001;0.109999999;0.151199996;0.149000004;0.163200006;0.0801;0.121799998;0.145600006;0.149900004;0.124399997;0.1149;0.1215;0.123499997;0.131899998;0.088;0.112199999;0.127200007;0.122000001;0.137400001;0.1193;0.128000006
323437.2;0.532700002;0.895600021;0.923099995;0.910600007;0.885800004;0.881799996;0.899500012;0.930899978;0.085199997;0.356599987;0.428000003;0.595099986;0.359800011;0.3037;0.283300012;0.272199988;0.261400014;0.081;0.111699998;0.192499995;0.179100007;0.179700002;0.157499999;0.193700001;0.131899998;0.171800002;0.079400003;0.410100013;0.869300008;0.850300014;0.846300006;0.843400002;0.838800013;0.912599981;0.871599972;0.0858;0.296700001;0.30399999;0.288800001;0.291099995;0.2958;0.285899997;0.280000001;0.279300004;0.082000002;0.105999999;0.160799995;0.155300006;0.127499998;0.120999999;0.157600001;0.156499997;0.157700002;0.081;0.409700006;0.875500023;0.864499986;0.864000022;0.895200014;0.942499995;0.969200015;0.933000028;0.086300001;0.274100006;0.318699986;0.319099993;0.314799994;0.313899994;0.31310001;0.313600004;0.321500003;0.081299998;0.089900002;0.125799999;0.103500001;0.122500002;0.111100003;0.150900006;0.148800001;0.162900001;0.080899999;0.1228;0.146400005;0.149900004;0.122900002;0.130500004;0.124700002;0.125400007;0.1329;0.089100003;0.112899996;0.128099993;0.123999998;0.1382;0.120899998;0.1303
324037.3;0.533100009;0.898000002;0.921800017;0.910899997;0.886799991;0.8847;0.900600016;0.929099977;0.085000001;0.357800007;0.428600013;0.594099998;0.356900007;0.30219999;0.283199996;0.272100002;0.260399997;0.080300003;0.111000001;0.192499995;0.178900003;0.179499999;0.157299995;0.191599995;0.130600005;0.171200007;0.078299999;0.409299999;0.868600011;0.849399984;0.846099973;0.843200028;0.838500023;0.912199974;0.871500015;0.084600002;0.292899996;0.301600009;0.287099987;0.289299995;0.294;0.28490001;0.278299987;0.278499991;0.080600001;0.104900002;0.159899995;0.153400004;0.125699997;0.119000003;0.154799998;0.153799996;0.154899999;0.0792;0.408399999;0.875400007;0.864300013;0.864199996;0.894800007;0.941299975;0.969500005;0.932600021;0.084200002;0.272199988;0.316500008;0.316700011;0.31189999;0.311199993;0.310200006;0.313699991;0.321099997;0.079400003;0.087800004;0.123199999;0.101199999;0.120300002;0.108499996;0.147599995;0.145699993;0.159899995;0.078500003;0.1237;0.148100004;0.148499995;0.126000002;0.112899996;0.121399999;0.130600005;0.129800007;0.086400002;0.111699998;0.125499994;0.119599998;0.135700002;0.117700003;0.131699994
324637.3;0.534300029;0.900399983;0.921000004;0.910399973;0.887399971;0.887000024;0.9005;0.932600021;0.084899999;0.353599995;0.425000012;0.584500015;0.362899989;0.303000003;0.283399999;0.271499991;0.259600013;0.080300003;0.110699996;0.193399996;0.180099994;0.181500003;0.157600001;0.191100001;0.130400002;0.171499997;0.078299999;0.409500003;0.869400024;0.850300014;0.846899986;0.843699992;0.839100003;0.913399994;0.872399986;0.084399998;0.299100012;0.3046;0.287499994;0.289400011;0.293599993;0.284700006;0.27790001;0.278100014;0.080600001;0.106600001;0.162400007;0.151999995;0.125699997;0.1184;0.154899999;0.153699994;0.154699996;0.079000004;0.408199996;0.875699997;0.867500007;0.868499994;0.899299979;0.941600025;0.971800029;0.933899999;0.083899997;0.271600008;0.315699995;0.317099988;0.310799986;0.311100006;0.31189999;0.318800002;0.323399991;0.0792;0.087399997;0.122900002;0.100699998;0.119499996;0.108000003;0.147799999;0.145199999;0.159600005;0.079999998;0.129199997;0.153600007;0.144999996;0.133599997;0.111900002;0.1197;0.123000003;0.129099995;0.086000003;0.109099999;0.125400007;0.121600002;0.1347;0.116700001;0.126000002
325237.4;0.532199979;0.900300026;0.9199;0.908200026;0.885299981;0.887700021;0.899600029;0.932900012;0.085199997;0.350400001;0.420899987;0.580900013;0.367599994;0.305999994;0.283800006;0.271499991;0.2597;0.080799997;0.111199997;0.191599995;0.179800004;0.180600002;0.156000003;0.191499993;0.131400004;0.172700003;0.079000004;0.410100013;0.870700002;0.851499975;0.847500026;0.844399989;0.840399981;0.913900018;0.873899996;0.085299999;0.304100007;0.308099985;0.289400011;0.291500002;0.295700014;0.286199987;0.279399991;0.279900014;0.081500001;0.105800003;0.159799993;0.152400002;0.127000004;0.119800001;0.156399995;0.154499993;0.155399993;0.080399998;0.409500003;0.877600014;0.866599977;0.86589998;0.896300018;0.943599999;0.972100019;0.934400022;0.085500002;0.273600012;0.319400012;0.319599986;0.314200014;0.314200014;0.314200014;0.313499987;0.317900002;0.080600001;0.089100003;0.124799997;0.102600001;0.121600002;0.109899998;0.149900004;0.147699997;0.161599994;0.080300003;0.120999999;0.145699993;0.146200001;0.128000006;0.123099998;0.123800002;0.127000004;0.131300002;0.087899998;0.111400001;0.127200007;0.120700002;0.136299998;0.119199999;0.128800005
325837.4;0.534799993;0.9005;0.921899974;0.907800019;0.885200024;0.889900029;0.900900006;0.933499992;0.085100003;0.352800012;0.424899995;0.597100019;0.364499986;0.305200011;0.284299999;0.272899985;0.260899991;0.080799997;0.1109;0.191300005;0.179900005;0.180700004;0.156599998;0.192000002;0.131300002;0.171399996;0.0792;0.410299987;0.871299982;0.852299988;0.848800004;0.845300019;0.841600001;0.914799988;0.874499977;0.085199997;0.298999995;0.306400001;0.290199995;0.292600006;0.296400011;0.28639999;0.280000001;0.279599994;0.0814;0.105400003;0.158999994;0.153300002;0.126399994;0.119499996;0.156599998;0.154400006;0.155100003;0.0801;0.410100013;0.878000021;0.86619997;0.86619997;0.896600008;0.944899976;0.970700026;0.934700012;0.085199997;0.274800003;0.32100001;0.320600003;0.316799998;0.315800011;0.314700007;0.314799994;0.321200013;0.080300003;0.0889;0.1241;0.102300003;0.121299997;0.109700002;0.148599997;0.146899998;0.159700006;0.079899997;0.1206;0.144899994;0.150099993;0.128399998;0.119599998;0.123300001;0.122299999;0.131200001;0.087399997;0.111699998;0.126599997;0.120399997;0.136500001;0.1206;0.130199999
326437.5;0.534600019;0.900699973;0.920300007;0.907100022;0.887399971;0.890600026;0.9023;0.934000015;0.085199997;0.357300013;0.429399997;0.602599978;0.359400004;0.303900003;0.28459999;0.273900002;0.262400001;0.081;0.111500002;0.192000002;0.180399999;0.181600004;0.157700002;0.1928;0.131300002;0.172199994;0.0792;0.410100013;0.872900009;0.853299975;0.849900007;0.846700013;0.842599988;0.915400028;0.876600027;0.085699998;0.297800004;0.305000007;0.290499985;0.293099999;0.297699988;0.287499994;0.280999988;0.279500008;0.081900001;0.1061;0.160099998;0.153899997;0.126900002;0.120099999;0.156900004;0.155000001;0.155599996;0.080899999;0.411000013;0.879199982;0.868099988;0.867699981;0.897700012;0.94630003;0.971599996;0.936399996;0.086099997;0.275700003;0.321999997;0.32249999;0.318199992;0.316500008;0.316300005;0.316000015;0.324400008;0.081100002;0.089599997;0.125;0.103100002;0.122000001;0.1105;0.148699999;0.146899998;0.159999996;0.080499999;0.121799998;0.1461;0.147499993;0.1241;0.112999998;0.121200003;0.128000006;0.132200003;0.088500001;0.111400001;0.127499998;0.123099998;0.137700006;0.120399997;0.1303
327037.6;0.531599998;0.901199996;0.922100008;0.905600011;0.887799978;0.894800007;0.904200017;0.936500013;0.084899999;0.359499991;0.431600004;0.603999972;0.35710001;0.302599996;0.28459999;0.273400009;0.261999995;0.080200002;0.1109;0.191799998;0.179700002;0.182099998;0.157299995;0.191699997;0.129899994;0.169499993;0.078299999;0.40959999;0.873300016;0.853500009;0.850000024;0.846599996;0.842599988;0.916100025;0.876399994;0.084299996;0.290699989;0.301800013;0.288300008;0.290100008;0.2949;0.285899997;0.278699994;0.27790001;0.080300003;0.104800001;0.159700006;0.152999997;0.124799997;0.118199997;0.154599994;0.152700007;0.153200001;0.079000004;0.409000009;0.879400015;0.867600024;0.867600024;0.897300005;0.945200026;0.971800029;0.93629998;0.083999999;0.272700012;0.318100005;0.320600003;0.315299988;0.314300001;0.314200014;0.314500004;0.3222;0.079099998;0.0876;0.123000003;0.101099998;0.119900003;0.108599998;0.145500004;0.143199995;0.156499997;0.078400001;0.119599998;0.143999994;0.146200001;0.121799998;0.111599997;0.119199999;0.121699996;0.130099997;0.086199999;0.109200001;0.125300005;0.120200001;0.135800004;0.119599998;0.124700002
327637.6;0.529500008;0.90140003;0.921599984;0.907700002;0.886200011;0.891799986;0.902400017;0.933600008;0.085000001;0.360599995;0.429899991;0.595499992;0.361200005;0.304699987;0.284399986;0.273299992;0.261599988;0.080399998;0.1109;0.192599997;0.180299997;0.1831;0.157600001;0.191499993;0.130500004;0.169799998;0.078599997;0.409700006;0.874000013;0.854799986;0.850700021;0.8477;0.844099998;0.916899979;0.877900004;0.084600002;0.29370001;0.304399997;0.287999988;0.290600002;0.294699997;0.285600007;0.278600007;0.27790001;0.080700003;0.105300002;0.160699993;0.153200001;0.125499994;0.118600003;0.154599994;0.152999997;0.153200001;0.0792;0.409399986;0.880400002;0.868799984;0.869700015;0.898500025;0.945100009;0.974600017;0.93870002;0.084200002;0.273299992;0.318399996;0.3204;0.314900011;0.314399987;0.314399987;0.318100005;0.323300004;0.079400003;0.087899998;0.123599999;0.101499997;0.120499998;0.108800001;0.145799994;0.143900007;0.157100007;0.079099998;0.123999998;0.1479;0.147;0.123800002;0.111100003;0.119400002;0.122199997;0.130999997;0.086400002;0.108900003;0.125300005;0.122100003;0.135299996;0.118199997;0.127399996
328237.7;0.530399978;0.902499974;0.920599997;0.911599994;0.884899974;0.890699983;0.902400017;0.935899973;0.085199997;0.359200001;0.427599996;0.593400002;0.364199996;0.306699991;0.285299987;0.273299992;0.261700004;0.080600001;0.111100003;0.1919;0.180600002;0.183200002;0.157600001;0.191100001;0.130400002;0.170699999;0.078699999;0.409000009;0.87349999;0.854399979;0.851100028;0.847899973;0.843800008;0.916599989;0.877399981;0.084799998;0.299899995;0.307099998;0.289700001;0.291299999;0.295300007;0.2861;0.279100001;0.278200001;0.080799997;0.105400003;0.159799993;0.152700007;0.126200005;0.118799999;0.154699996;0.152400002;0.152700007;0.079400003;0.40990001;0.880999982;0.869799972;0.871500015;0.898599982;0.946799994;0.974600017;0.93809998;0.084200002;0.273099989;0.319700003;0.321200013;0.316300005;0.315499991;0.315699995;0.318500012;0.320600003;0.079499997;0.087700002;0.1237;0.101300001;0.120200001;0.108499996;0.147100002;0.145199999;0.158500001;0.0788;0.119499996;0.144400001;0.146200001;0.123800002;0.112800002;0.119400002;0.121699996;0.151700005;0.086300001;0.1087;0.125400007;0.1193;0.135100007;0.1184;0.126499996
328837.8;0.532299995;0.904399991;0.923099995;0.915300012;0.887899995;0.889100015;0.904500008;0.9375;0.085000001;0.359499991;0.4278;0.596499979;0.366400003;0.307099998;0.284999996;0.273799986;0.261900008;0.080499999;0.110799998;0.192200005;0.180500001;0.183300003;0.157000005;0.191100001;0.130700007;0.1708;0.078599997;0.410100013;0.87470001;0.854700029;0.851300001;0.84890002;0.844699979;0.917100012;0.877799988;0.084600002;0.30309999;0.309399992;0.291299999;0.293799996;0.297500014;0.287600011;0.280400008;0.279799998;0.080700003;0.105499998;0.158999994;0.152799994;0.126200005;0.118600003;0.155000001;0.152400002;0.152600005;0.0792;0.4102;0.882799983;0.870299995;0.871900022;0.899699986;0.948000014;0.974300027;0.937699974;0.084100001;0.273600012;0.319799989;0.321700007;0.316700011;0.317099988;0.315600008;0.319099993;0.321500003;0.079300001;0.087800004;0.1237;0.101199999;0.120300002;0.108499996;0.146799996;0.145199999;0.157499999;0.078699999;0.118900001;0.144199997;0.1479;0.138699993;0.111100003;0.129800007;0.122199997;0.130099997;0.086099997;0.108099997;0.125;0.119199999;0.134599999;0.118900001;0.125200003
329438;0.533800006;0.904900014;0.924300015;0.916400015;0.887700021;0.884000003;0.904500008;0.936500013;0.085199997;0.359200001;0.428600013;0.59920001;0.3662;0.308400005;0.286599994;0.275200009;0.263099998;0.080799997;0.111199997;0.192100003;0.180600002;0.183899999;0.157399997;0.192100003;0.131300002;0.171399996;0.0792;0.410299987;0.87529999;0.855300009;0.851899981;0.849300027;0.845600009;0.917999983;0.878600001;0.085199997;0.300199986;0.308899999;0.292800009;0.29519999;0.298099995;0.288300008;0.281300008;0.280600011;0.0814;0.105800003;0.159400001;0.153799996;0.127000004;0.119599998;0.155699998;0.153300002;0.152999997;0.080200002;0.410699993;0.882600009;0.870400012;0.871299982;0.899800003;0.948899984;0.973999977;0.938399971;0.085299999;0.27579999;0.32069999;0.322899997;0.318699986;0.319000006;0.317900002;0.318199992;0.323900014;0.080499999;0.0889;0.124799997;0.102499999;0.121799998;0.109899998;0.148000002;0.146400005;0.159099996;0.079999998;0.120899998;0.145699993;0.146300003;0.136000007;0.128999993;0.120099999;0.124799997;0.132200003;0.0876;0.109999999;0.126699999;0.1206;0.136800006;0.1193;0.127499998
330038.1;0.535600007;0.907700002;0.933000028;0.916499972;0.891200006;0.890299976;0.908500016;0.940299988;0.085199997;0.36590001;0.43599999;0.612200022;0.359899998;0.305799991;0.286799997;0.275900006;0.264200002;0.080899999;0.111500002;0.193100005;0.180800006;0.185000002;0.158600003;0.192499995;0.131099999;0.171399996;0.079300001;0.4111;0.877499998;0.856899977;0.853500009;0.850700021;0.847000003;0.920300007;0.880400002;0.085500002;0.297500014;0.307599992;0.294400007;0.296400011;0.299800009;0.290199995;0.282900006;0.281599998;0.081699997;0.106299996;0.160899997;0.154799998;0.127100006;0.119800001;0.156299993;0.153699994;0.153699994;0.080600001;0.412400007;0.884899974;0.871699989;0.873600006;0.902199984;0.951799989;0.975799978;0.940400004;0.085699998;0.276199996;0.321399987;0.324800014;0.32159999;0.320800006;0.319099993;0.319599986;0.326599985;0.081;0.089299999;0.125200003;0.103;0.122000001;0.1105;0.147499993;0.145999998;0.158399999;0.080399998;0.121299997;0.146799996;0.1479;0.133499995;0.113499999;0.120499998;0.124300003;0.133399993;0.088200003;0.1109;0.127299994;0.121799998;0.137600005;0.129099995;0.127100006
330638.2;0.533500016;0.907100022;0.936600029;0.917599976;0.892400026;0.893999994;0.908800006;0.940699995;0.084799998;0.369399995;0.437700003;0.610800028;0.355199993;0.305500001;0.287200004;0.275700003;0.264299989;0.0801;0.110799998;0.193200007;0.180099994;0.185200006;0.159700006;0.191400006;0.129800007;0.169400007;0.078199998;0.409999996;0.877699971;0.856899977;0.853900015;0.850899994;0.846700013;0.920000017;0.880299985;0.084299996;0.290199995;0.305200011;0.292199999;0.294400007;0.298299998;0.289499998;0.280999988;0.280099988;0.080200002;0.105499998;0.160799995;0.153999999;0.124799997;0.117600001;0.154400006;0.151500002;0.151099995;0.0788;0.409999996;0.884000003;0.871200025;0.872900009;0.901000023;0.949500024;0.9745;0.939800024;0.0836;0.274399996;0.319400012;0.323300004;0.319400012;0.318500012;0.317900002;0.318300009;0.325399995;0.078900002;0.087300003;0.123000003;0.100900002;0.119900003;0.108400002;0.144600004;0.143000007;0.155599996;0.078299999;0.119400002;0.144199997;0.145999998;0.120099999;0.110600002;0.118100002;0.123199999;0.1294;0.085900001;0.108499996;0.125100002;0.119599998;0.135399997;0.122599997;0.1241
331238.2;0.532999992;0.907500029;0.93900001;0.917999983;0.893100023;0.893000007;0.908299983;0.941999972;0.085000001;0.367599994;0.435299993;0.601199985;0.360799998;0.307799995;0.287499994;0.275999993;0.264499992;0.080399998;0.1109;0.194399998;0.180099994;0.186800003;0.160099998;0.191400006;0.130600005;0.170499995;0.078599997;0.410600007;0.879700005;0.858699977;0.855499983;0.852500021;0.84859997;0.921999991;0.882099986;0.084600002;0.291999996;0.307700008;0.292299986;0.29429999;0.297699988;0.289200008;0.280299991;0.280000001;0.080600001;0.105599999;0.162100002;0.153300002;0.125599995;0.118199997;0.154799998;0.152199998;0.151600003;0.0792;0.409799993;0.885699987;0.873399973;0.875999987;0.903800011;0.950100005;0.978900015;0.943499982;0.084200002;0.275000006;0.3204;0.324000001;0.319299996;0.318800002;0.317400008;0.322299987;0.328299999;0.079400003;0.0876;0.123800002;0.101199999;0.120099999;0.1087;0.145500004;0.143800005;0.156599998;0.079000004;0.1241;0.149000004;0.144099995;0.129500002;0.1105;0.119000003;0.1228;0.129899994;0.086300001;0.108800001;0.125400007;0.119400002;0.135499999;0.120999999;0.126000002
331838.3;0.53490001;0.906599998;0.938399971;0.921800017;0.894599974;0.89139998;0.908200026;0.939899981;0.085000001;0.364800006;0.430500001;0.594799995;0.36649999;0.308800012;0.287600011;0.274800003;0.264299989;0.080499999;0.111199997;0.193499997;0.179499999;0.186399996;0.158399999;0.190200001;0.130400002;0.172099993;0.078599997;0.410400003;0.880999982;0.859399974;0.856400013;0.853299975;0.849600017;0.922100008;0.882399976;0.084700003;0.301899999;0.312299997;0.294200003;0.29519999;0.299199998;0.289799988;0.280999988;0.280299991;0.080700003;0.106299996;0.161500007;0.152500004;0.125799999;0.118199997;0.154799998;0.1514;0.151700005;0.0792;0.410299987;0.886900008;0.876600027;0.877900004;0.904799998;0.950699985;0.978200018;0.943599999;0.083999999;0.274199992;0.320300013;0.323500007;0.319099993;0.318399996;0.317799985;0.323700011;0.325500011;0.079300001;0.087499999;0.123800002;0.101199999;0.120200001;0.108499996;0.145999998;0.143999994;0.156399995;0.078900002;0.123000003;0.144800007;0.142399997;0.123899996;0.124399997;0.118699998;0.124200001;0.129500002;0.086199999;0.108400002;0.125;0.119499996;0.134800002;0.118799999;0.124399997
332438.4;0.533500016;0.912;0.938499987;0.920000017;0.895200014;0.892199993;0.907899976;0.935899973;0.085100003;0.362100005;0.427599996;0.590300024;0.370799989;0.311500013;0.287999988;0.274800003;0.263900012;0.080799997;0.110799998;0.192599997;0.179299995;0.185200006;0.156900004;0.189400002;0.130899996;0.171900004;0.079099998;0.410100013;0.880699992;0.859499991;0.85619998;0.853900015;0.850300014;0.922399998;0.882499993;0.085299999;0.303799987;0.313899994;0.295300007;0.295399994;0.299499989;0.289900005;0.281199992;0.280400008;0.081500001;0.105700001;0.159299999;0.152199998;0.126900002;0.1193;0.156000003;0.152400002;0.152500004;0.080300003;0.41080001;0.887700021;0.876800001;0.876399994;0.903400004;0.951600015;0.980000019;0.945100009;0.085500002;0.27669999;0.323599994;0.326000005;0.32100001;0.32069999;0.320300013;0.319200009;0.323100001;0.080600001;0.089000002;0.125300005;0.102600001;0.121600002;0.110100001;0.147699997;0.1461;0.158700004;0.080200002;0.120700002;0.146200001;0.142499998;0.122500002;0.111599997;0.1206;0.123300001;0.130400002;0.087899998;0.110100001;0.126699999;0.120999999;0.136199996;0.121299997;0.127399996
333038.3;0.523500025;0.913800001;0.93809998;0.922399998;0.895600021;0.89289999;0.908399999;0.936399996;0.085199997;0.362500012;0.4296;0.601700008;0.363299996;0.308699995;0.28670001;0.274899989;0.263900012;0.080899999;0.110799998;0.192300007;0.178599998;0.185000002;0.156599998;0.191;0.130899996;0.171499997;0.079099998;0.409000009;0.879999995;0.859200001;0.856000006;0.853699982;0.849799991;0.921400011;0.881900012;0.0854;0.298799992;0.3116;0.294800013;0.296299994;0.299800009;0.290699989;0.281300008;0.281300008;0.081500001;0.105800003;0.159700006;0.154200003;0.127000004;0.1193;0.155499995;0.152700007;0.1514;0.080300003;0.410100013;0.887700021;0.87620002;0.876100004;0.903199971;0.952400029;0.977699995;0.943700016;0.085299999;0.277399987;0.323199987;0.326299995;0.321399987;0.32280001;0.3204;0.320100009;0.325300008;0.080499999;0.0889;0.125200003;0.102600001;0.121799998;0.110100001;0.147400007;0.145300001;0.158000007;0.080399998;0.120499998;0.146300003;0.141100004;0.130099997;0.1197;0.120700002;0.123300001;0.129899994;0.087700002;0.111900002;0.126499996;0.120999999;0.136800006;0.122599997;0.128800005
333638.5;0.523699999;0.917200029;0.941999972;0.925300002;0.898899972;0.895500004;0.911199987;0.93900001;0.085100003;0.367900014;0.433899999;0.614700019;0.362100005;0.308999985;0.288599998;0.2773;0.265799999;0.081;0.111299999;0.192300007;0.178399995;0.185299993;0.157399997;0.191200003;0.131099999;0.171499997;0.079400003;0.41049999;0.882399976;0.860899985;0.858500004;0.856000006;0.851999998;0.924300015;0.88410002;0.0858;0.29519999;0.310600013;0.295899987;0.297600001;0.301400006;0.291500002;0.282099992;0.282099992;0.081900001;0.1065;0.160999998;0.154799998;0.127100006;0.119900003;0.156200007;0.153300002;0.152500004;0.080899999;0.411500007;0.889299989;0.878000021;0.878199995;0.905399978;0.954100013;0.979499996;0.945299983;0.086199999;0.278299987;0.324400008;0.326400012;0.322299987;0.32280001;0.321399987;0.32100001;0.327199996;0.081200004;0.089699998;0.1259;0.103600003;0.122699998;0.111199997;0.147;0.145400003;0.157700002;0.081299998;0.121600002;0.147599995;0.143199995;0.124600001;0.114399999;0.121799998;0.124399997;0.136399999;0.088799998;0.111000001;0.127599999;0.122900002;0.138099998;0.120499998;0.1303
334238.4;0.525900006;0.91900003;0.941100001;0.921999991;0.900600016;0.89289999;0.911300004;0.943499982;0.085000001;0.368699998;0.434799999;0.606999993;0.358999997;0.307700008;0.287;0.275900006;0.264299989;0.080499999;0.1109;0.192599997;0.1787;0.186700001;0.158999994;0.189899996;0.129999995;0.169599995;0.078500003;0.409200013;0.882000029;0.860899985;0.859099984;0.856299996;0.851199985;0.924700022;0.884199977;0.084700003;0.292600006;0.308600008;0.29370001;0.295399994;0.298700005;0.289499998;0.281500012;0.280400008;0.080799997;0.105800003;0.161699995;0.153600007;0.125499994;0.1184;0.154100001;0.151299998;0.150099993;0.079400003;0.40990001;0.888999999;0.877300024;0.878000021;0.905900002;0.952199996;0.979900002;0.944800019;0.084299996;0.275400013;0.320199996;0.323900014;0.3213;0.320600003;0.317600012;0.319999993;0.326599985;0.079599999;0.087899998;0.1241;0.101499997;0.120700002;0.109200001;0.144700006;0.143600002;0.155399993;0.0788;0.120700002;0.1479;0.138799995;0.128700003;0.119400002;0.119900003;0.124399997;0.128700003;0.0867;0.113300003;0.125799999;0.121100001;0.136000007;0.119099997;0.124700002
334838.5;0.525099993;0.917400002;0.941600025;0.921700001;0.900600016;0.893100023;0.913500011;0.941699982;0.085000001;0.365700006;0.430299997;0.601000011;0.365999997;0.308200002;0.28639999;0.274899989;0.263700008;0.080499999;0.110600002;0.192900002;0.1778;0.186000004;0.157900006;0.188099995;0.129899994;0.169699997;0.078500003;0.409799993;0.883400023;0.862200022;0.859200001;0.857299984;0.852500021;0.925300002;0.884000003;0.084799998;0.299699992;0.311100006;0.294200003;0.29550001;0.299100012;0.289600015;0.282099992;0.280699998;0.080700003;0.105599999;0.160799995;0.152199998;0.125599995;0.118000001;0.154200003;0.151299998;0.150399998;0.079400003;0.409999996;0.890299976;0.879499972;0.881799996;0.908399999;0.953400016;0.982900023;0.946699977;0.084200002;0.275200009;0.318599999;0.322600007;0.3204;0.319599986;0.316799998;0.321999997;0.324600011;0.079400003;0.087399997;0.123300001;0.101000004;0.120300002;0.108499996;0.144700006;0.1435;0.155900002;0.078500003;0.123099998;0.147;0.136700004;0.123800002;0.1105;0.119800001;0.123400003;0.129199997;0.086300001;0.108400002;0.125400007;0.121299997;0.135100007;0.122400001;0.129299998
335438.5;0.527199984;0.923399985;0.945200026;0.923699975;0.903800011;0.895399988;0.918200016;0.942900002;0.085100003;0.363799989;0.429699987;0.597299993;0.370799989;0.310000002;0.287499994;0.275200009;0.263799995;0.080499999;0.110399999;0.192599997;0.177100003;0.185399994;0.156000003;0.1866;0.1303;0.170300007;0.078699999;0.411300004;0.885399997;0.863600016;0.861999989;0.859099984;0.854399979;0.927699983;0.887099981;0.084700003;0.301600009;0.3125;0.295599997;0.29550001;0.298500001;0.289999992;0.281199992;0.280400008;0.080799997;0.105899997;0.159999996;0.151099995;0.125699997;0.117899999;0.154599994;0.1514;0.150700003;0.079300001;0.411300004;0.891499996;0.880699992;0.883000016;0.908800006;0.95630002;0.984600008;0.948199987;0.084100001;0.274100006;0.318599999;0.323199987;0.319599986;0.320300013;0.316599995;0.324400008;0.323300004;0.079400003;0.087300003;0.123499997;0.101000004;0.119800001;0.108099997;0.145699993;0.144500002;0.157199994;0.078400001;0.119199999;0.145699993;0.136600003;0.120399997;0.113600001;0.119800001;0.125100002;0.127200007;0.086099997;0.108099997;0.125300005;0.119099997;0.134800002;0.118199997;0.124300003
336038.6;0.528400004;0.927399993;0.944000006;0.92110002;0.902700007;0.898899972;0.91839999;0.944199979;0.085100003;0.362899989;0.42840001;0.601000011;0.369899988;0.3116;0.288500011;0.275900006;0.264299989;0.080799997;0.110699996;0.191699997;0.176599994;0.185200006;0.155100003;0.186800003;0.130700007;0.172099993;0.079099998;0.41049999;0.885500014;0.863600016;0.862100005;0.859700024;0.854700029;0.92750001;0.886799991;0.085299999;0.303499997;0.315299988;0.298000008;0.298099995;0.300900012;0.291700006;0.282400012;0.282200009;0.0814;0.105700001;0.159299999;0.151899993;0.126499996;0.119000003;0.1558;0.1523;0.151500002;0.0801;0.41139999;0.892099977;0.879899979;0.882300019;0.907199979;0.956499994;0.981899977;0.947799981;0.085299999;0.275900006;0.320499986;0.324600011;0.321700007;0.322299987;0.319299996;0.320100009;0.323399991;0.080399998;0.088500001;0.124700002;0.102300003;0.1215;0.109499998;0.147;0.145600006;0.158299997;0.0801;0.119999997;0.147200003;0.140300006;0.122400001;0.112300001;0.121100001;0.125499994;0.133399993;0.087700002;0.109499998;0.126699999;0.122500002;0.136299998;0.120300002;0.131799996
336638.7;0.524200022;0.931500018;0.944899976;0.923799992;0.902499974;0.900900006;0.92019999;0.947000027;0.085199997;0.366100013;0.433400005;0.60710001;0.361699998;0.308499992;0.287699997;0.275599986;0.264699996;0.080899999;0.1109;0.1919;0.177399993;0.186100006;0.156200007;0.1884;0.130500004;0.171200007;0.079300001;0.4102;0.886600018;0.864300013;0.862600029;0.860700011;0.85619998;0.927999973;0.887199998;0.085600004;0.298799992;0.312599987;0.298400015;0.298900008;0.302300006;0.292299986;0.282599986;0.282700002;0.081900001;0.106200002;0.160600007;0.153300002;0.126599997;0.119400002;0.156399995;0.153099999;0.152099997;0.080700003;0.411900014;0.89319998;0.880999982;0.883099973;0.90990001;0.957899988;0.98210001;0.948899984;0.085900001;0.277099997;0.323000014;0.326099992;0.323100001;0.323799998;0.3222;0.321500003;0.326400012;0.081;0.089100003;0.125599995;0.103100002;0.122199997;0.110600002;0.146799996;0.1461;0.158199996;0.081;0.121200003;0.148200005;0.140400007;0.136500001;0.113700002;0.121699996;0.124300003;0.138099998;0.088399999;0.110299997;0.127299994;0.122500002;0.137400001;0.120300002;0.128000006
337238.7;0.525200009;0.935800016;0.947600007;0.928799987;0.904100001;0.900300026;0.920899987;0.950800002;0.085000001;0.369599998;0.435900003;0.615700006;0.359899998;0.307700008;0.287400007;0.27669999;0.265399992;0.080499999;0.110299997;0.192699999;0.176599994;0.186499998;0.157399997;0.188700005;0.129500002;0.170599997;0.078900002;0.40959999;0.887399971;0.8653;0.862800002;0.861199975;0.856400013;0.928200006;0.887499988;0.084600002;0.293900013;0.309500009;0.29550001;0.297100008;0.300999999;0.290699989;0.281199992;0.281500012;0.080799997;0.105099998;0.161200002;0.152799994;0.125200003;0.118100002;0.154599994;0.151700005;0.1505;0.079499997;0.411300004;0.894400001;0.881699979;0.883700013;0.910899997;0.959399998;0.984099984;0.950100005;0.084399998;0.275099993;0.321799994;0.324600011;0.321399987;0.32280001;0.320100009;0.320100009;0.326700002;0.079599999;0.087499999;0.1241;0.101599999;0.120700002;0.109399997;0.144500002;0.143399999;0.155699998;0.079400003;0.119599998;0.146899998;0.139899999;0.132200003;0.109899998;0.120200001;0.121699996;0.134499997;0.086800002;0.109099999;0.1259;0.1206;0.136099994;0.118799999;0.126200005
337838.8;0.532199979;0.93599999;0.9472;0.927699983;0.903500021;0.903800011;0.921999991;0.948499978;0.085100003;0.368499994;0.432599992;0.607900023;0.365200013;0.308999985;0.287600011;0.2755;0.264800012;0.080499999;0.110299997;0.191799998;0.177399993;0.186700001;0.156499997;0.187299997;0.130199999;0.169200003;0.078500003;0.409700006;0.887399971;0.8653;0.864000022;0.860899985;0.85680002;0.928499997;0.887199998;0.084600002;0.298700005;0.310600013;0.295300007;0.296200007;0.300099999;0.290300012;0.280600011;0.280000001;0.080799997;0.104800001;0.159999996;0.151899993;0.125699997;0.118199997;0.153200001;0.150700003;0.149399996;0.079400003;0.41080001;0.894599974;0.881500006;0.885699987;0.91109997;0.959500015;0.986199975;0.950399995;0.084200002;0.275700003;0.321700007;0.324299991;0.32190001;0.32069999;0.318399996;0.322100013;0.326599985;0.079499997;0.087300003;0.1237;0.101300001;0.120499998;0.108900003;0.144099995;0.143600002;0.155200005;0.079000004;0.121799998;0.146799996;0.139400005;0.1219;0.109999999;0.119599998;0.122900002;0.127000004;0.086499996;0.108999997;0.125300005;0.120499998;0.135199994;0.117799997;0.125
338438.8;0.533399999;0.937600017;0.949800014;0.925100029;0.905900002;0.903999984;0.922999978;0.951900005;0.085000001;0.365200013;0.430799991;0.59920001;0.370499998;0.310099989;0.287600011;0.275000006;0.263700008;0.080600001;0.110399999;0.192399994;0.176699996;0.185900003;0.155699998;0.185299993;0.129899994;0.170000002;0.078500003;0.409799993;0.888999999;0.866900027;0.864899993;0.862699986;0.857800007;0.929899991;0.888700008;0.084600002;0.3037;0.313300014;0.297199994;0.296999991;0.300500005;0.291000009;0.282299995;0.281399995;0.080700003;0.105099998;0.159799993;0.150800005;0.125499994;0.118100002;0.154100001;0.151099995;0.149299994;0.079300001;0.411199987;0.895399988;0.884299994;0.887000024;0.912299991;0.961099982;0.986699998;0.950699985;0.084100001;0.273499995;0.318899989;0.322600007;0.32069999;0.3204;0.317099988;0.32190001;0.324200004;0.079400003;0.087200001;0.123899996;0.101199999;0.120200001;0.108599998;0.144899994;0.143900007;0.156000003;0.078699999;0.118900001;0.146699995;0.139500007;0.1285;0.1105;0.119400002;0.122500002;0.127399996;0.086300001;0.109099999;0.125400007;0.121299997;0.135000005;0.116999999;0.125400007
