Plate;Well;Value;Measurement_wavelength;Condition
13;A1;0.181500003;600nm;Mu
13;A2;0.171700001;600nm;Mu
13;A3;0.175600007;600nm;Mu
13;A4;0.143900007;600nm;Mu
13;A5;0.147499993;600nm;Mu
13;A6;0.138400003;600nm;Mu
13;A7;0.129999995;600nm;Mu
13;A8;0.150600001;600nm;Mu
13;A9;0.150999993;600nm;Mu
13;A10;0.175099999;600nm;Mu
13;A11;0.159199998;600nm;Mu
13;A12;0.214000002;600nm;Mu
13;B1;0.150999993;600nm;Mu
13;B2;0.131200001;600nm;Mu
13;B3;0.127000004;600nm;Mu
13;B4;0.142900005;600nm;Mu
13;B5;0.116700001;600nm;Mu
13;B6;0.115699999;600nm;Mu
13;B7;0.114500001;600nm;Mu
13;B8;0.118000001;600nm;Mu
13;B9;0.144299999;600nm;Mu
13;B10;0.128399998;600nm;Mu
13;B11;0.156200007;600nm;Mu
13;B12;0.172600001;600nm;Mu
13;C1;0.144899994;600nm;Mu
13;C2;0.130799994;600nm;Mu
13;C3;0.128399998;600nm;Mu
13;C4;0.117200002;600nm;Mu
13;C5;0.130600005;600nm;Mu
13;C6;0.134399995;600nm;Mu
13;C7;0.142800003;600nm;Mu
13;C8;0.145099998;600nm;Mu
13;C9;0.140200004;600nm;Mu
13;C10;0.147799999;600nm;Mu
13;C11;0.160899997;600nm;Mu
13;C12;0.180500001;600nm;Mu
13;D1;0.148000002;600nm;Mu
13;D2;0.122900002;600nm;Mu
13;D3;0.117700003;600nm;Mu
13;D4;0.127000004;600nm;Mu
13;D5;0.136199996;600nm;Mu
13;D6;0.143299997;600nm;Mu
13;D7;0.143199995;600nm;Mu
13;D8;0.121699996;600nm;Mu
13;D9;0.119900003;600nm;Mu
13;D10;0.131099999;600nm;Mu
13;D11;0.130799994;600nm;Mu
13;D12;0.160799995;600nm;Mu
13;E1;0.154699996;600nm;Mu
13;E2;0.148399994;600nm;Mu
13;E3;0.127399996;600nm;Mu
13;E4;0.126100004;600nm;Mu
13;E5;0.138099998;600nm;Mu
13;E6;0.157199994;600nm;Mu
13;E7;0.135000005;600nm;Mu
13;E8;0.144999996;600nm;Mu
13;E9;0.147100002;600nm;Mu
13;E10;0.149499997;600nm;Mu
13;E11;0.1567;600nm;Mu
13;E12;0.222599998;600nm;Mu
13;F1;0.166700006;600nm;Mu
13;F2;0.137899995;600nm;Mu
13;F3;0.137799993;600nm;Mu
13;F4;0.1435;600nm;Mu
13;F5;0.138400003;600nm;Mu
13;F6;0.130500004;600nm;Mu
13;F7;0.134100005;600nm;Mu
13;F8;0.128999993;600nm;Mu
13;F9;0.137199998;600nm;Mu
13;F10;0.161300004;600nm;Mu
13;F11;0.165700004;600nm;Mu
13;F12;0.197400004;600nm;Mu
13;G1;0.186800003;600nm;Mu
13;G2;0.163699999;600nm;Mu
13;G3;0.163499996;600nm;Mu
13;G4;0.146400005;600nm;Mu
13;G5;0.146400005;600nm;Mu
13;G6;0.1435;600nm;Mu
13;G7;0.145300001;600nm;Mu
13;G8;0.140000001;600nm;Mu
13;G9;0.158399999;600nm;Mu
13;G10;0.171100006;600nm;Mu
13;G11;0.162;600nm;Mu
13;G12;0.1664;600nm;Mu
13;H1;0.1373;600nm;WT_F16
13;H2;0.144299999;600nm;WT_F16
13;H3;0.146200001;600nm;WT_F16
13;H4;0.158600003;600nm;WT_F16
13;H5;0.080799997;600nm;Mg_F16
13;H6;0.080499999;600nm;Mg_F16
13;H7;0.084399998;600nm;Mg_F16
13;H8;0.084299996;600nm;Mg_F16
13;H9;0.208900005;600nm;WT_noF16
13;H10;0.199399993;600nm;WT_noF16
13;H11;0.191499993;600nm;WT_noF16
13;H12;0.191699997;600nm;WT_noF16
13;A1;1147;475nm/510nm;Mu
13;A2;1085;475nm/510nm;Mu
13;A3;1146;475nm/510nm;Mu
13;A4;918;475nm/510nm;Mu
13;A5;815;475nm/510nm;Mu
13;A6;797;475nm/510nm;Mu
13;A7;772;475nm/510nm;Mu
13;A8;937;475nm/510nm;Mu
13;A9;1005;475nm/510nm;Mu
13;A10;1150;475nm/510nm;Mu
13;A11;1032;475nm/510nm;Mu
13;A12;1814;475nm/510nm;Mu
13;B1;963;475nm/510nm;Mu
13;B2;740;475nm/510nm;Mu
13;B3;759;475nm/510nm;Mu
13;B4;852;475nm/510nm;Mu
13;B5;702;475nm/510nm;Mu
13;B6;669;475nm/510nm;Mu
13;B7;633;475nm/510nm;Mu
13;B8;654;475nm/510nm;Mu
13;B9;795;475nm/510nm;Mu
13;B10;745;475nm/510nm;Mu
13;B11;1028;475nm/510nm;Mu
13;B12;1022;475nm/510nm;Mu
13;C1;912;475nm/510nm;Mu
13;C2;770;475nm/510nm;Mu
13;C3;918;475nm/510nm;Mu
13;C4;644;475nm/510nm;Mu
13;C5;770;475nm/510nm;Mu
13;C6;747;475nm/510nm;Mu
13;C7;994;475nm/510nm;Mu
13;C8;818;475nm/510nm;Mu
13;C9;812;475nm/510nm;Mu
13;C10;854;475nm/510nm;Mu
13;C11;886;475nm/510nm;Mu
13;C12;1214;475nm/510nm;Mu
13;D1;832;475nm/510nm;Mu
13;D2;751;475nm/510nm;Mu
13;D3;696;475nm/510nm;Mu
13;D4;729;475nm/510nm;Mu
13;D5;727;475nm/510nm;Mu
13;D6;975;475nm/510nm;Mu
13;D7;1354;475nm/510nm;Mu
13;D8;702;475nm/510nm;Mu
13;D9;683;475nm/510nm;Mu
13;D10;706;475nm/510nm;Mu
13;D11;712;475nm/510nm;Mu
13;D12;964;475nm/510nm;Mu
13;E1;866;475nm/510nm;Mu
13;E2;911;475nm/510nm;Mu
13;E3;749;475nm/510nm;Mu
13;E4;737;475nm/510nm;Mu
13;E5;919;475nm/510nm;Mu
13;E6;1125;475nm/510nm;Mu
13;E7;790;475nm/510nm;Mu
13;E8;875;475nm/510nm;Mu
13;E9;843;475nm/510nm;Mu
13;E10;767;475nm/510nm;Mu
13;E11;861;475nm/510nm;Mu
13;E12;1659;475nm/510nm;Mu
13;F1;890;475nm/510nm;Mu
13;F2;761;475nm/510nm;Mu
13;F3;767;475nm/510nm;Mu
13;F4;837;475nm/510nm;Mu
13;F5;815;475nm/510nm;Mu
13;F6;797;475nm/510nm;Mu
13;F7;836;475nm/510nm;Mu
13;F8;753;475nm/510nm;Mu
13;F9;747;475nm/510nm;Mu
13;F10;1337;475nm/510nm;Mu
13;F11;1201;475nm/510nm;Mu
13;F12;1396;475nm/510nm;Mu
13;G1;1225;475nm/510nm;Mu
13;G2;1003;475nm/510nm;Mu
13;G3;1122;475nm/510nm;Mu
13;G4;893;475nm/510nm;Mu
13;G5;1018;475nm/510nm;Mu
13;G6;953;475nm/510nm;Mu
13;G7;903;475nm/510nm;Mu
13;G8;837;475nm/510nm;Mu
13;G9;988;475nm/510nm;Mu
13;G10;1235;475nm/510nm;Mu
13;G11;1012;475nm/510nm;Mu
13;G12;1099;475nm/510nm;Mu
13;H1;1193;475nm/510nm;WT_F16
13;H2;833;475nm/510nm;WT_F16
13;H3;884;475nm/510nm;WT_F16
13;H4;922;475nm/510nm;WT_F16
13;H5;146;475nm/510nm;Mg_F16
13;H6;147;475nm/510nm;Mg_F16
13;H7;148;475nm/510nm;Mg_F16
13;H8;146;475nm/510nm;Mg_F16
13;H9;424;475nm/510nm;WT_noF16
13;H10;427;475nm/510nm;WT_noF16
13;H11;427;475nm/510nm;WT_noF16
13;H12;401;475nm/510nm;WT_noF16
14;A1;0.130400002;600nm;Mu
14;A2;0.1505;600nm;Mu
14;A3;0.156000003;600nm;Mu
14;A4;0.1426;600nm;Mu
14;A5;0.1523;600nm;Mu
14;A6;0.122000001;600nm;Mu
14;A7;0.156000003;600nm;Mu
14;A8;0.150900006;600nm;Mu
14;A9;0.148900002;600nm;Mu
14;A10;0.154699996;600nm;Mu
14;A11;0.140499994;600nm;Mu
14;A12;0.126399994;600nm;Mu
14;B1;0.138899997;600nm;Mu
14;B2;0.130999997;600nm;Mu
14;B3;0.1461;600nm;Mu
14;B4;0.141399994;600nm;Mu
14;B5;0.118000001;600nm;Mu
14;B6;0.140799999;600nm;Mu
14;B7;0.165099993;600nm;Mu
14;B8;0.135199994;600nm;Mu
14;B9;0.131799996;600nm;Mu
14;B10;0.151099995;600nm;Mu
14;B11;0.149900004;600nm;Mu
14;B12;0.167999998;600nm;Mu
14;C1;0.179000005;600nm;Mu
14;C2;0.176899999;600nm;Mu
14;C3;0.163800001;600nm;Mu
14;C4;0.158199996;600nm;Mu
14;C5;0.149000004;600nm;Mu
14;C6;0.130099997;600nm;Mu
14;C7;0.139599994;600nm;Mu
14;C8;0.142700002;600nm;Mu
14;C9;0.175999999;600nm;Mu
14;C10;0.137600005;600nm;Mu
14;C11;0.129099995;600nm;Mu
14;C12;0.167099997;600nm;Mu
14;D1;0.144800007;600nm;Mu
14;D2;0.134399995;600nm;Mu
14;D3;0.137799993;600nm;Mu
14;D4;0.126300007;600nm;Mu
14;D5;0.139200002;600nm;Mu
14;D6;0.135600001;600nm;Mu
14;D7;0.126100004;600nm;Mu
14;D8;0.121399999;600nm;Mu
14;D9;0.119599998;600nm;Mu
14;D10;0.1338;600nm;Mu
14;D11;0.147599995;600nm;Mu
14;D12;0.224800006;600nm;Mu
14;E1;0.165999994;600nm;Mu
14;E2;0.130899996;600nm;Mu
14;E3;0.132300004;600nm;Mu
14;E4;0.1382;600nm;Mu
14;E5;0.135299996;600nm;Mu
14;E6;0.149399996;600nm;Mu
14;E7;0.1655;600nm;Mu
14;E8;0.146200001;600nm;Mu
14;E9;0.152099997;600nm;Mu
14;E10;0.159299999;600nm;Mu
14;E11;0.191699997;600nm;Mu
14;E12;0.163800001;600nm;Mu
14;F1;0.111100003;600nm;Mu
14;F2;0.099799998;600nm;Mu
14;F3;0.121600002;600nm;Mu
14;F4;0.126499996;600nm;Mu
14;F5;0.129600003;600nm;Mu
14;F6;0.130099997;600nm;Mu
14;F7;0.155699998;600nm;Mu
14;F8;0.145199999;600nm;Mu
14;F9;0.130500004;600nm;Mu
14;F10;0.129299998;600nm;Mu
14;F11;0.162799999;600nm;Mu
14;F12;0.1435;600nm;Mu
14;G1;0.126200005;600nm;Mu
14;G2;0.139699996;600nm;Mu
14;G3;0.139899999;600nm;Mu
14;G4;0.136099994;600nm;Mu
14;G5;0.1426;600nm;Mu
14;G6;0.152500004;600nm;Mu
14;G7;0.155499995;600nm;Mu
14;G8;0.150000006;600nm;Mu
14;G9;0.158600003;600nm;Mu
14;G10;0.156800002;600nm;Mu
14;G11;0.143700004;600nm;Mu
14;G12;0.172299996;600nm;Mu
14;H1;0.133699998;600nm;WT_F16
14;H2;0.134100005;600nm;WT_F16
14;H3;0.136299998;600nm;WT_F16
14;H4;0.136899993;600nm;WT_F16
14;H5;0.081500001;600nm;Mg_F16
14;H6;0.083700001;600nm;Mg_F16
14;H7;0.085000001;600nm;Mg_F16
14;H8;0.156599998;600nm;Mg_F16
14;H9;0.163399994;600nm;WT_noF16
14;H10;0.167899996;600nm;WT_noF16
14;H11;0.171100006;600nm;WT_noF16
14;H12;0.163100004;600nm;WT_noF16
14;A1;878;475nm/510nm;Mu
14;A2;955;475nm/510nm;Mu
14;A3;1040;475nm/510nm;Mu
14;A4;912;475nm/510nm;Mu
14;A5;1030;475nm/510nm;Mu
14;A6;708;475nm/510nm;Mu
14;A7;941;475nm/510nm;Mu
14;A8;949;475nm/510nm;Mu
14;A9;1096;475nm/510nm;Mu
14;A10;951;475nm/510nm;Mu
14;A11;895;475nm/510nm;Mu
14;A12;847;475nm/510nm;Mu
14;B1;938;475nm/510nm;Mu
14;B2;840;475nm/510nm;Mu
14;B3;1393;475nm/510nm;Mu
14;B4;889;475nm/510nm;Mu
14;B5;719;475nm/510nm;Mu
14;B6;917;475nm/510nm;Mu
14;B7;816;475nm/510nm;Mu
14;B8;889;475nm/510nm;Mu
14;B9;846;475nm/510nm;Mu
14;B10;957;475nm/510nm;Mu
14;B11;1048;475nm/510nm;Mu
14;B12;1112;475nm/510nm;Mu
14;C1;1191;475nm/510nm;Mu
14;C2;1156;475nm/510nm;Mu
14;C3;1060;475nm/510nm;Mu
14;C4;1011;475nm/510nm;Mu
14;C5;1174;475nm/510nm;Mu
14;C6;854;475nm/510nm;Mu
14;C7;892;475nm/510nm;Mu
14;C8;935;475nm/510nm;Mu
14;C9;1081;475nm/510nm;Mu
14;C10;814;475nm/510nm;Mu
14;C11;855;475nm/510nm;Mu
14;C12;1080;475nm/510nm;Mu
14;D1;922;475nm/510nm;Mu
14;D2;907;475nm/510nm;Mu
14;D3;954;475nm/510nm;Mu
14;D4;830;475nm/510nm;Mu
14;D5;890;475nm/510nm;Mu
14;D6;909;475nm/510nm;Mu
14;D7;812;475nm/510nm;Mu
14;D8;825;475nm/510nm;Mu
14;D9;738;475nm/510nm;Mu
14;D10;885;475nm/510nm;Mu
14;D11;938;475nm/510nm;Mu
14;D12;1504;475nm/510nm;Mu
14;E1;963;475nm/510nm;Mu
14;E2;836;475nm/510nm;Mu
14;E3;836;475nm/510nm;Mu
14;E4;883;475nm/510nm;Mu
14;E5;895;475nm/510nm;Mu
14;E6;963;475nm/510nm;Mu
14;E7;1317;475nm/510nm;Mu
14;E8;909;475nm/510nm;Mu
14;E9;947;475nm/510nm;Mu
14;E10;909;475nm/510nm;Mu
14;E11;1147;475nm/510nm;Mu
14;E12;1084;475nm/510nm;Mu
14;F1;694;475nm/510nm;Mu
14;F2;498;475nm/510nm;Mu
14;F3;803;475nm/510nm;Mu
14;F4;783;475nm/510nm;Mu
14;F5;821;475nm/510nm;Mu
14;F6;822;475nm/510nm;Mu
14;F7;1487;475nm/510nm;Mu
14;F8;1052;475nm/510nm;Mu
14;F9;796;475nm/510nm;Mu
14;F10;827;475nm/510nm;Mu
14;F11;890;475nm/510nm;Mu
14;F12;1339;475nm/510nm;Mu
14;G1;840;475nm/510nm;Mu
14;G2;910;475nm/510nm;Mu
14;G3;827;475nm/510nm;Mu
14;G4;877;475nm/510nm;Mu
14;G5;898;475nm/510nm;Mu
14;G6;1019;475nm/510nm;Mu
14;G7;1201;475nm/510nm;Mu
14;G8;1001;475nm/510nm;Mu
14;G9;1011;475nm/510nm;Mu
14;G10;997;475nm/510nm;Mu
14;G11;973;475nm/510nm;Mu
14;G12;1309;475nm/510nm;Mu
14;H1;935;475nm/510nm;WT_F16
14;H2;877;475nm/510nm;WT_F16
14;H3;834;475nm/510nm;WT_F16
14;H4;914;475nm/510nm;WT_F16
14;H5;166;475nm/510nm;Mg_F16
14;H6;181;475nm/510nm;Mg_F16
14;H7;184;475nm/510nm;Mg_F16
14;H8;190;475nm/510nm;Mg_F16
14;H9;418;475nm/510nm;WT_noF16
14;H10;410;475nm/510nm;WT_noF16
14;H11;425;475nm/510nm;WT_noF16
14;H12;406;475nm/510nm;WT_noF16
15;A1;0.1417;600nm;Mu
15;A2;0.148699999;600nm;Mu
15;A3;0.148800001;600nm;Mu
15;A4;0.153200001;600nm;Mu
15;A5;0.144899994;600nm;Mu
15;A6;0.145699993;600nm;Mu
15;A7;0.142000005;600nm;Mu
15;A8;0.125100002;600nm;Mu
15;A9;0.120200001;600nm;Mu
15;A10;0.125300005;600nm;Mu
15;A11;0.133499995;600nm;Mu
15;A12;0.155000001;600nm;Mu
15;B1;0.157399997;600nm;Mu
15;B2;0.148399994;600nm;Mu
15;B3;0.136899993;600nm;Mu
15;B4;0.130999997;600nm;Mu
15;B5;0.131699994;600nm;Mu
15;B6;0.135000005;600nm;Mu
15;B7;0.136000007;600nm;Mu
15;B8;0.131799996;600nm;Mu
15;B9;0.1215;600nm;Mu
15;B10;0.132599995;600nm;Mu
15;B11;0.134499997;600nm;Mu
15;B12;0.166899994;600nm;Mu
15;C1;0.151600003;600nm;Mu
15;C2;0.138400003;600nm;Mu
15;C3;0.136999995;600nm;Mu
15;C4;0.1611;600nm;Mu
15;C5;0.126399994;600nm;Mu
15;C6;0.128299996;600nm;Mu
15;C7;0.128399998;600nm;Mu
15;C8;0.119400002;600nm;Mu
15;C9;0.119900003;600nm;Mu
15;C10;0.124399997;600nm;Mu
15;C11;0.1193;600nm;Mu
15;C12;0.138600007;600nm;Mu
15;D1;0.143999994;600nm;Mu
15;D2;0.128800005;600nm;Mu
15;D3;0.133300006;600nm;Mu
15;D4;0.126200005;600nm;Mu
15;D5;0.148900002;600nm;Mu
15;D6;0.125200003;600nm;Mu
15;D7;0.1219;600nm;Mu
15;D8;0.120700002;600nm;Mu
15;D9;0.130600005;600nm;Mu
15;D10;0.135299996;600nm;Mu
15;D11;0.128099993;600nm;Mu
15;D12;0.144400001;600nm;Mu
15;E1;0.147599995;600nm;Mu
15;E2;0.1382;600nm;Mu
15;E3;0.160699993;600nm;Mu
15;E4;0.130700007;600nm;Mu
15;E5;0.134299994;600nm;Mu
15;E6;0.143900007;600nm;Mu
15;E7;0.121600002;600nm;Mu
15;E8;0.125799999;600nm;Mu
15;E9;0.128700003;600nm;Mu
15;E10;0.135700002;600nm;Mu
15;E11;0.129099995;600nm;Mu
15;E12;0.150399998;600nm;Mu
15;F1;0.150299996;600nm;Mu
15;F2;0.1259;600nm;Mu
15;F3;0.129199997;600nm;Mu
15;F4;0.132499993;600nm;Mu
15;F5;0.130600005;600nm;Mu
15;F6;0.142299995;600nm;Mu
15;F7;0.121699996;600nm;Mu
15;F8;0.134499997;600nm;Mu
15;F9;0.159899995;600nm;Mu
15;F10;0.135499999;600nm;Mu
15;F11;0.151999995;600nm;Mu
15;F12;0.171900004;600nm;Mu
15;G1;0.158899993;600nm;Mu
15;G2;0.142800003;600nm;Mu
15;G3;0.127800003;600nm;Mu
15;G4;0.136899993;600nm;Mu
15;G5;0.128399998;600nm;Mu
15;G6;0.136999995;600nm;Mu
15;G7;0.142399997;600nm;Mu
15;G8;0.140100002;600nm;Mu
15;G9;0.148699999;600nm;Mu
15;G10;0.1505;600nm;Mu
15;G11;0.157499999;600nm;Mu
15;G12;0.197300002;600nm;Mu
15;H1;0.155000001;600nm;WT_F16
15;H2;0.136500001;600nm;WT_F16
15;H3;0.1417;600nm;WT_F16
15;H4;0.149700001;600nm;WT_F16
15;H5;0.081600003;600nm;Mg_F16
15;H6;0.081799999;600nm;Mg_F16
15;H7;0.082400002;600nm;Mg_F16
15;H8;0.081900001;600nm;Mg_F16
15;H9;0.123099998;600nm;WT_noF16
15;H10;0.160500005;600nm;WT_noF16
15;H11;0.162699997;600nm;WT_noF16
15;H12;0.159199998;600nm;WT_noF16
15;A1;849;475nm/510nm;Mu
15;A2;960;475nm/510nm;Mu
15;A3;968;475nm/510nm;Mu
15;A4;956;475nm/510nm;Mu
15;A5;904;475nm/510nm;Mu
15;A6;1088;475nm/510nm;Mu
15;A7;920;475nm/510nm;Mu
15;A8;786;475nm/510nm;Mu
15;A9;776;475nm/510nm;Mu
15;A10;785;475nm/510nm;Mu
15;A11;818;475nm/510nm;Mu
15;A12;1049;475nm/510nm;Mu
15;B1;990;475nm/510nm;Mu
15;B2;920;475nm/510nm;Mu
15;B3;889;475nm/510nm;Mu
15;B4;849;475nm/510nm;Mu
15;B5;871;475nm/510nm;Mu
15;B6;877;475nm/510nm;Mu
15;B7;879;475nm/510nm;Mu
15;B8;946;475nm/510nm;Mu
15;B9;751;475nm/510nm;Mu
15;B10;870;475nm/510nm;Mu
15;B11;815;475nm/510nm;Mu
15;B12;1090;475nm/510nm;Mu
15;C1;992;475nm/510nm;Mu
15;C2;880;475nm/510nm;Mu
15;C3;879;475nm/510nm;Mu
15;C4;1056;475nm/510nm;Mu
15;C5;828;475nm/510nm;Mu
15;C6;856;475nm/510nm;Mu
15;C7;791;475nm/510nm;Mu
15;C8;774;475nm/510nm;Mu
15;C9;740;475nm/510nm;Mu
15;C10;730;475nm/510nm;Mu
15;C11;688;475nm/510nm;Mu
15;C12;903;475nm/510nm;Mu
15;D1;812;475nm/510nm;Mu
15;D2;780;475nm/510nm;Mu
15;D3;822;475nm/510nm;Mu
15;D4;750;475nm/510nm;Mu
15;D5;932;475nm/510nm;Mu
15;D6;811;475nm/510nm;Mu
15;D7;655;475nm/510nm;Mu
15;D8;781;475nm/510nm;Mu
15;D9;777;475nm/510nm;Mu
15;D10;806;475nm/510nm;Mu
15;D11;822;475nm/510nm;Mu
15;D12;924;475nm/510nm;Mu
15;E1;898;475nm/510nm;Mu
15;E2;863;475nm/510nm;Mu
15;E3;1146;475nm/510nm;Mu
15;E4;840;475nm/510nm;Mu
15;E5;1081;475nm/510nm;Mu
15;E6;1032;475nm/510nm;Mu
15;E7;744;475nm/510nm;Mu
15;E8;785;475nm/510nm;Mu
15;E9;830;475nm/510nm;Mu
15;E10;778;475nm/510nm;Mu
15;E11;768;475nm/510nm;Mu
15;E12;865;475nm/510nm;Mu
15;F1;960;475nm/510nm;Mu
15;F2;816;475nm/510nm;Mu
15;F3;849;475nm/510nm;Mu
15;F4;787;475nm/510nm;Mu
15;F5;796;475nm/510nm;Mu
15;F6;850;475nm/510nm;Mu
15;F7;971;475nm/510nm;Mu
15;F8;832;475nm/510nm;Mu
15;F9;919;475nm/510nm;Mu
15;F10;846;475nm/510nm;Mu
15;F11;941;475nm/510nm;Mu
15;F12;1054;475nm/510nm;Mu
15;G1;1054;475nm/510nm;Mu
15;G2;899;475nm/510nm;Mu
15;G3;751;475nm/510nm;Mu
15;G4;909;475nm/510nm;Mu
15;G5;880;475nm/510nm;Mu
15;G6;833;475nm/510nm;Mu
15;G7;889;475nm/510nm;Mu
15;G8;952;475nm/510nm;Mu
15;G9;930;475nm/510nm;Mu
15;G10;1020;475nm/510nm;Mu
15;G11;1051;475nm/510nm;Mu
15;G12;1213;475nm/510nm;Mu
15;H1;1042;475nm/510nm;WT_F16
15;H2;895;475nm/510nm;WT_F16
15;H3;872;475nm/510nm;WT_F16
15;H4;868;475nm/510nm;WT_F16
15;H5;159;475nm/510nm;Mg_F16
15;H6;160;475nm/510nm;Mg_F16
15;H7;167;475nm/510nm;Mg_F16
15;H8;179;475nm/510nm;Mg_F16
15;H9;437;475nm/510nm;WT_noF16
15;H10;424;475nm/510nm;WT_noF16
15;H11;453;475nm/510nm;WT_noF16
15;H12;411;475nm/510nm;WT_noF16
16;A1;0.169200003;600nm;Mu
16;A2;0.156399995;600nm;Mu
16;A3;0.158199996;600nm;Mu
16;A4;0.159099996;600nm;Mu
16;A5;0.160799995;600nm;Mu
16;A6;0.166800007;600nm;Mu
16;A7;0.1602;600nm;Mu
16;A8;0.165000007;600nm;Mu
16;A9;0.1479;600nm;Mu
16;A10;0.176200002;600nm;Mu
16;A11;0.168300003;600nm;Mu
16;A12;0.179299995;600nm;Mu
16;B1;0.131600007;600nm;Mu
16;B2;0.124499999;600nm;Mu
16;B3;0.143600002;600nm;Mu
16;B4;0.1391;600nm;Mu
16;B5;0.131999999;600nm;Mu
16;B6;0.144299999;600nm;Mu
16;B7;0.139899999;600nm;Mu
16;B8;0.152199998;600nm;Mu
16;B9;0.157000005;600nm;Mu
16;B10;0.176899999;600nm;Mu
16;B11;0.169200003;600nm;Mu
16;B12;0.209299996;600nm;Mu
16;C1;0.171399996;600nm;Mu
16;C2;0.139899999;600nm;Mu
16;C3;0.133300006;600nm;Mu
16;C4;0.125200003;600nm;Mu
16;C5;0.112400003;600nm;Mu
16;C6;0.119400002;600nm;Mu
16;C7;0.129999995;600nm;Mu
16;C8;0.128900006;600nm;Mu
16;C9;0.128700003;600nm;Mu
16;C10;0.134399995;600nm;Mu
16;C11;0.138600007;600nm;Mu
16;C12;0.166299999;600nm;Mu
16;D1;0.150299996;600nm;Mu
16;D2;0.130199999;600nm;Mu
16;D3;0.155499995;600nm;Mu
16;D4;0.125100002;600nm;Mu
16;D5;0.129999995;600nm;Mu
16;D6;0.136899993;600nm;Mu
16;D7;0.128199995;600nm;Mu
16;D8;0.131799996;600nm;Mu
16;D9;0.136099994;600nm;Mu
16;D10;0.130799994;600nm;Mu
16;D11;0.123400003;600nm;Mu
16;D12;0.185800001;600nm;Mu
16;E1;0.154100001;600nm;Mu
16;E2;0.137099996;600nm;Mu
16;E3;0.133100003;600nm;Mu
16;E4;0.144700006;600nm;Mu
16;E5;0.161200002;600nm;Mu
16;E6;0.151099995;600nm;Mu
16;E7;0.133300006;600nm;Mu
16;E8;0.139400005;600nm;Mu
16;E9;0.1373;600nm;Mu
16;E10;0.141399994;600nm;Mu
16;E11;0.142800003;600nm;Mu
16;E12;0.207300007;600nm;Mu
16;F1;0.163800001;600nm;Mu
16;F2;0.153500006;600nm;Mu
16;F3;0.142399997;600nm;Mu
16;F4;0.154300004;600nm;Mu
16;F5;0.1479;600nm;Mu
16;F6;0.148000002;600nm;Mu
16;F7;0.141900003;600nm;Mu
16;F8;0.144999996;600nm;Mu
16;F9;0.153799996;600nm;Mu
16;F10;0.146599993;600nm;Mu
16;F11;0.151299998;600nm;Mu
16;F12;0.182999998;600nm;Mu
16;G1;0.161799997;600nm;Mu
16;G2;0.141900003;600nm;Mu
16;G3;0.145199999;600nm;Mu
16;G4;0.162300006;600nm;Mu
16;G5;0.166899994;600nm;Mu
16;G6;0.154499993;600nm;Mu
16;G7;0.175600007;600nm;Mu
16;G8;0.158999994;600nm;Mu
16;G9;0.154200003;600nm;Mu
16;G10;0.154599994;600nm;Mu
16;G11;0.106899999;600nm;Mu
16;G12;0.229300007;600nm;Mu
16;H1;0.149800003;600nm;WT_F16
16;H2;0.159400001;600nm;WT_F16
16;H3;0.157900006;600nm;WT_F16
16;H4;0.160899997;600nm;WT_F16
16;H5;0.083300002;600nm;Mg_F16
16;H6;0.082199998;600nm;Mg_F16
16;H7;0.082400002;600nm;Mg_F16
16;H8;0.083899997;600nm;Mg_F16
16;H9;0.131300002;600nm;WT_noF16
16;H10;0.150999993;600nm;WT_noF16
16;H11;0.150399998;600nm;WT_noF16
16;H12;0.151999995;600nm;WT_noF16
16;A1;2558;475nm/510nm;Mu
16;A2;1067;475nm/510nm;Mu
16;A3;953;475nm/510nm;Mu
16;A4;930;475nm/510nm;Mu
16;A5;1121;475nm/510nm;Mu
16;A6;1067;475nm/510nm;Mu
16;A7;1031;475nm/510nm;Mu
16;A8;1035;475nm/510nm;Mu
16;A9;896;475nm/510nm;Mu
16;A10;1250;475nm/510nm;Mu
16;A11;1044;475nm/510nm;Mu
16;A12;999;475nm/510nm;Mu
16;B1;831;475nm/510nm;Mu
16;B2;779;475nm/510nm;Mu
16;B3;1037;475nm/510nm;Mu
16;B4;919;475nm/510nm;Mu
16;B5;824;475nm/510nm;Mu
16;B6;892;475nm/510nm;Mu
16;B7;958;475nm/510nm;Mu
16;B8;1006;475nm/510nm;Mu
16;B9;1075;475nm/510nm;Mu
16;B10;1126;475nm/510nm;Mu
16;B11;1174;475nm/510nm;Mu
16;B12;1391;475nm/510nm;Mu
16;C1;1045;475nm/510nm;Mu
16;C2;1012;475nm/510nm;Mu
16;C3;880;475nm/510nm;Mu
16;C4;806;475nm/510nm;Mu
16;C5;740;475nm/510nm;Mu
16;C6;847;475nm/510nm;Mu
16;C7;845;475nm/510nm;Mu
16;C8;848;475nm/510nm;Mu
16;C9;820;475nm/510nm;Mu
16;C10;822;475nm/510nm;Mu
16;C11;889;475nm/510nm;Mu
16;C12;1016;475nm/510nm;Mu
16;D1;1016;475nm/510nm;Mu
16;D2;805;475nm/510nm;Mu
16;D3;959;475nm/510nm;Mu
16;D4;832;475nm/510nm;Mu
16;D5;800;475nm/510nm;Mu
16;D6;862;475nm/510nm;Mu
16;D7;841;475nm/510nm;Mu
16;D8;873;475nm/510nm;Mu
16;D9;886;475nm/510nm;Mu
16;D10;884;475nm/510nm;Mu
16;D11;802;475nm/510nm;Mu
16;D12;1088;475nm/510nm;Mu
16;E1;1716;475nm/510nm;Mu
16;E2;837;475nm/510nm;Mu
16;E3;844;475nm/510nm;Mu
16;E4;948;475nm/510nm;Mu
16;E5;1300;475nm/510nm;Mu
16;E6;1020;475nm/510nm;Mu
16;E7;913;475nm/510nm;Mu
16;E8;843;475nm/510nm;Mu
16;E9;941;475nm/510nm;Mu
16;E10;968;475nm/510nm;Mu
16;E11;889;475nm/510nm;Mu
16;E12;1318;475nm/510nm;Mu
16;F1;943;475nm/510nm;Mu
16;F2;919;475nm/510nm;Mu
16;F3;889;475nm/510nm;Mu
16;F4;1029;475nm/510nm;Mu
16;F5;893;475nm/510nm;Mu
16;F6;998;475nm/510nm;Mu
16;F7;909;475nm/510nm;Mu
16;F8;982;475nm/510nm;Mu
16;F9;1098;475nm/510nm;Mu
16;F10;1490;475nm/510nm;Mu
16;F11;929;475nm/510nm;Mu
16;F12;1066;475nm/510nm;Mu
16;G1;920;475nm/510nm;Mu
16;G2;917;475nm/510nm;Mu
16;G3;978;475nm/510nm;Mu
16;G4;1800;475nm/510nm;Mu
16;G5;1165;475nm/510nm;Mu
16;G6;1077;475nm/510nm;Mu
16;G7;1173;475nm/510nm;Mu
16;G8;958;475nm/510nm;Mu
16;G9;1048;475nm/510nm;Mu
16;G10;1005;475nm/510nm;Mu
16;G11;763;475nm/510nm;Mu
16;G12;1465;475nm/510nm;Mu
16;H1;888;475nm/510nm;WT_F16
16;H2;835;475nm/510nm;WT_F16
16;H3;874;475nm/510nm;WT_F16
16;H4;1517;475nm/510nm;WT_F16
16;H5;182;475nm/510nm;Mg_F16
16;H6;180;475nm/510nm;Mg_F16
16;H7;178;475nm/510nm;Mg_F16
16;H8;164;475nm/510nm;Mg_F16
16;H9;409;475nm/510nm;WT_noF16
16;H10;413;475nm/510nm;WT_noF16
16;H11;435;475nm/510nm;WT_noF16
16;H12;404;475nm/510nm;WT_noF16
17;A1;0.147;600nm;Mu
17;A2;0.1347;600nm;Mu
17;A3;0.149200007;600nm;Mu
17;A4;0.144099995;600nm;Mu
17;A5;0.137500003;600nm;Mu
17;A6;0.138600007;600nm;Mu
17;A7;0.132300004;600nm;Mu
17;A8;0.145699993;600nm;Mu
17;A9;0.142199993;600nm;Mu
17;A10;0.145400003;600nm;Mu
17;A11;0.145500004;600nm;Mu
17;A12;0.168500006;600nm;Mu
17;B1;0.170399994;600nm;Mu
17;B2;0.155499995;600nm;Mu
17;B3;0.145300001;600nm;Mu
17;B4;0.151700005;600nm;Mu
17;B5;0.134900004;600nm;Mu
17;B6;0.142199993;600nm;Mu
17;B7;0.130999997;600nm;Mu
17;B8;0.128399998;600nm;Mu
17;B9;0.134900004;600nm;Mu
17;B10;0.117899999;600nm;Mu
17;B11;0.138799995;600nm;Mu
17;B12;0.150000006;600nm;Mu
17;C1;0.167300001;600nm;Mu
17;C2;0.130600005;600nm;Mu
17;C3;0.135100007;600nm;Mu
17;C4;0.132100001;600nm;Mu
17;C5;0.125200003;600nm;Mu
17;C6;0.123899996;600nm;Mu
17;C7;0.118799999;600nm;Mu
17;C8;0.127100006;600nm;Mu
17;C9;0.116800003;600nm;Mu
17;C10;0.121699996;600nm;Mu
17;C11;0.114299998;600nm;Mu
17;C12;0.1479;600nm;Mu
17;D1;0.161300004;600nm;Mu
17;D2;0.142900005;600nm;Mu
17;D3;0.114299998;600nm;Mu
17;D4;0.120499998;600nm;Mu
17;D5;0.130600005;600nm;Mu
17;D6;0.113700002;600nm;Mu
17;D7;0.127299994;600nm;Mu
17;D8;0.127399996;600nm;Mu
17;D9;0.125300005;600nm;Mu
17;D10;0.124399997;600nm;Mu
17;D11;0.135199994;600nm;Mu
17;D12;0.151700005;600nm;Mu
17;E1;0.156900004;600nm;Mu
17;E2;0.128999993;600nm;Mu
17;E3;0.132499993;600nm;Mu
17;E4;0.130999997;600nm;Mu
17;E5;0.158500001;600nm;Mu
17;E6;0.120300002;600nm;Mu
17;E7;0.144500002;600nm;Mu
17;E8;0.129800007;600nm;Mu
17;E9;0.160899997;600nm;Mu
17;E10;0.132599995;600nm;Mu
17;E11;0.152899995;600nm;Mu
17;E12;0.182799995;600nm;Mu
17;F1;0.144400001;600nm;Mu
17;F2;0.118699998;600nm;Mu
17;F3;0.124399997;600nm;Mu
17;F4;0.126100004;600nm;Mu
17;F5;0.127200007;600nm;Mu
17;F6;0.139500007;600nm;Mu
17;F7;0.125599995;600nm;Mu
17;F8;0.136700004;600nm;Mu
17;F9;0.139899999;600nm;Mu
17;F10;0.140200004;600nm;Mu
17;F11;0.1206;600nm;Mu
17;F12;0.151700005;600nm;Mu
17;G1;0.169699997;600nm;Mu
17;G2;0.157000005;600nm;Mu
17;G3;0.159199998;600nm;Mu
17;G4;0.130199999;600nm;Mu
17;G5;0.128000006;600nm;Mu
17;G6;0.140000001;600nm;Mu
17;G7;0.134800002;600nm;Mu
17;G8;0.118500002;600nm;Mu
17;G9;0.136199996;600nm;Mu
17;G10;0.132200003;600nm;Mu
17;G11;0.127000004;600nm;Mu
17;G12;0.152199998;600nm;Mu
17;H1;0.153099999;600nm;WT_F16
17;H2;0.162799999;600nm;WT_F16
17;H3;0.149599999;600nm;WT_F16
17;H4;0.150299996;600nm;WT_F16
17;H5;0.082099997;600nm;Mg_F16
17;H6;0.082099997;600nm;Mg_F16
17;H7;0.0814;600nm;Mg_F16
17;H8;0.083099999;600nm;Mg_F16
17;H9;0.121699996;600nm;WT_noF16
17;H10;0.145699993;600nm;WT_noF16
17;H11;0.148699999;600nm;WT_noF16
17;H12;0.166800007;600nm;WT_noF16
17;A1;982;475nm/510nm;Mu
17;A2;996;475nm/510nm;Mu
17;A3;979;475nm/510nm;Mu
17;A4;1079;475nm/510nm;Mu
17;A5;865;475nm/510nm;Mu
17;A6;869;475nm/510nm;Mu
17;A7;928;475nm/510nm;Mu
17;A8;1070;475nm/510nm;Mu
17;A9;831;475nm/510nm;Mu
17;A10;924;475nm/510nm;Mu
17;A11;966;475nm/510nm;Mu
17;A12;1456;475nm/510nm;Mu
17;B1;1197;475nm/510nm;Mu
17;B2;984;475nm/510nm;Mu
17;B3;918;475nm/510nm;Mu
17;B4;1173;475nm/510nm;Mu
17;B5;953;475nm/510nm;Mu
17;B6;907;475nm/510nm;Mu
17;B7;904;475nm/510nm;Mu
17;B8;866;475nm/510nm;Mu
17;B9;839;475nm/510nm;Mu
17;B10;748;475nm/510nm;Mu
17;B11;818;475nm/510nm;Mu
17;B12;1077;475nm/510nm;Mu
17;C1;1095;475nm/510nm;Mu
17;C2;820;475nm/510nm;Mu
17;C3;925;475nm/510nm;Mu
17;C4;912;475nm/510nm;Mu
17;C5;840;475nm/510nm;Mu
17;C6;804;475nm/510nm;Mu
17;C7;830;475nm/510nm;Mu
17;C8;950;475nm/510nm;Mu
17;C9;783;475nm/510nm;Mu
17;C10;771;475nm/510nm;Mu
17;C11;712;475nm/510nm;Mu
17;C12;1082;475nm/510nm;Mu
17;D1;969;475nm/510nm;Mu
17;D2;936;475nm/510nm;Mu
17;D3;774;475nm/510nm;Mu
17;D4;854;475nm/510nm;Mu
17;D5;921;475nm/510nm;Mu
17;D6;803;475nm/510nm;Mu
17;D7;1094;475nm/510nm;Mu
17;D8;835;475nm/510nm;Mu
17;D9;762;475nm/510nm;Mu
17;D10;791;475nm/510nm;Mu
17;D11;906;475nm/510nm;Mu
17;D12;1100;475nm/510nm;Mu
17;E1;971;475nm/510nm;Mu
17;E2;813;475nm/510nm;Mu
17;E3;879;475nm/510nm;Mu
17;E4;884;475nm/510nm;Mu
17;E5;1217;475nm/510nm;Mu
17;E6;827;475nm/510nm;Mu
17;E7;893;475nm/510nm;Mu
17;E8;859;475nm/510nm;Mu
17;E9;2635;475nm/510nm;Mu
17;E10;1108;475nm/510nm;Mu
17;E11;1009;475nm/510nm;Mu
17;E12;1244;475nm/510nm;Mu
17;F1;902;475nm/510nm;Mu
17;F2;769;475nm/510nm;Mu
17;F3;842;475nm/510nm;Mu
17;F4;906;475nm/510nm;Mu
17;F5;800;475nm/510nm;Mu
17;F6;1331;475nm/510nm;Mu
17;F7;953;475nm/510nm;Mu
17;F8;1249;475nm/510nm;Mu
17;F9;1042;475nm/510nm;Mu
17;F10;911;475nm/510nm;Mu
17;F11;812;475nm/510nm;Mu
17;F12;1009;475nm/510nm;Mu
17;G1;1055;475nm/510nm;Mu
17;G2;940;475nm/510nm;Mu
17;G3;1696;475nm/510nm;Mu
17;G4;849;475nm/510nm;Mu
17;G5;864;475nm/510nm;Mu
17;G6;973;475nm/510nm;Mu
17;G7;885;475nm/510nm;Mu
17;G8;845;475nm/510nm;Mu
17;G9;904;475nm/510nm;Mu
17;G10;897;475nm/510nm;Mu
17;G11;879;475nm/510nm;Mu
17;G12;994;475nm/510nm;Mu
17;H1;890;475nm/510nm;WT_F16
17;H2;909;475nm/510nm;WT_F16
17;H3;891;475nm/510nm;WT_F16
17;H4;986;475nm/510nm;WT_F16
17;H5;166;475nm/510nm;Mg_F16
17;H6;175;475nm/510nm;Mg_F16
17;H7;168;475nm/510nm;Mg_F16
17;H8;171;475nm/510nm;Mg_F16
17;H9;412;475nm/510nm;WT_noF16
17;H10;401;475nm/510nm;WT_noF16
17;H11;427;475nm/510nm;WT_noF16
17;H12;410;475nm/510nm;WT_noF16
18;A1;0.190300003;600nm;Mu
18;A2;0.193599999;600nm;Mu
18;A3;0.154100001;600nm;Mu
18;A4;0.179499999;600nm;Mu
18;A5;0.152400002;600nm;Mu
18;A6;0.156599998;600nm;Mu
18;A7;0.203799993;600nm;Mu
18;A8;0.164100006;600nm;Mu
18;A9;0.197899997;600nm;Mu
18;A10;0.200499997;600nm;Mu
18;A11;0.174899995;600nm;Mu
18;A12;0.159600005;600nm;Mu
18;B1;0.148300007;600nm;Mu
18;B2;0.148699999;600nm;Mu
18;B3;0.1426;600nm;Mu
18;B4;0.133699998;600nm;Mu
18;B5;0.146599993;600nm;Mu
18;B6;0.136000007;600nm;Mu
18;B7;0.132799998;600nm;Mu
18;B8;0.1426;600nm;Mu
18;B9;0.143900007;600nm;Mu
18;B10;0.146799996;600nm;Mu
18;B11;0.144800007;600nm;Mu
18;B12;0.166899994;600nm;Mu
18;C1;0.1708;600nm;Mu
18;C2;0.131600007;600nm;Mu
18;C3;0.153600007;600nm;Mu
18;C4;0.156299993;600nm;Mu
18;C5;0.127299994;600nm;Mu
18;C6;0.128099993;600nm;Mu
18;C7;0.128299996;600nm;Mu
18;C8;0.139599994;600nm;Mu
18;C9;0.152899995;600nm;Mu
18;C10;0.1435;600nm;Mu
18;C11;0.142900005;600nm;Mu
18;C12;0.202999994;600nm;Mu
18;D1;0.143399999;600nm;Mu
18;D2;0.128999993;600nm;Mu
18;D3;0.126300007;600nm;Mu
18;D4;0.122500002;600nm;Mu
18;D5;0.130600005;600nm;Mu
18;D6;0.140699998;600nm;Mu
18;D7;0.125699997;600nm;Mu
18;D8;0.127299994;600nm;Mu
18;D9;0.124600001;600nm;Mu
18;D10;0.129099995;600nm;Mu
18;D11;0.131799996;600nm;Mu
18;D12;0.159700006;600nm;Mu
18;E1;0.150600001;600nm;Mu
18;E2;0.1241;600nm;Mu
18;E3;0.140599996;600nm;Mu
18;E4;0.136199996;600nm;Mu
18;E5;0.125100002;600nm;Mu
18;E6;0.124499999;600nm;Mu
18;E7;0.132799998;600nm;Mu
18;E8;0.124499999;600nm;Mu
18;E9;0.1228;600nm;Mu
18;E10;0.122599997;600nm;Mu
18;E11;0.130500004;600nm;Mu
18;E12;0.164000005;600nm;Mu
18;F1;0.159500003;600nm;Mu
18;F2;0.136999995;600nm;Mu
18;F3;0.1373;600nm;Mu
18;F4;0.128399998;600nm;Mu
18;F5;0.134800002;600nm;Mu
18;F6;0.136500001;600nm;Mu
18;F7;0.125499994;600nm;Mu
18;F8;0.1259;600nm;Mu
18;F9;0.135600001;600nm;Mu
18;F10;0.130199999;600nm;Mu
18;F11;0.134299994;600nm;Mu
18;F12;0.148499995;600nm;Mu
18;G1;0.158600003;600nm;Mu
18;G2;0.128600001;600nm;Mu
18;G3;0.1285;600nm;Mu
18;G4;0.136099994;600nm;Mu
18;G5;0.162;600nm;Mu
18;G6;0.143800005;600nm;Mu
18;G7;0.154699996;600nm;Mu
18;G8;0.146599993;600nm;Mu
18;G9;0.139799997;600nm;Mu
18;G10;0.140200004;600nm;Mu
18;G11;0.138699993;600nm;Mu
18;G12;0.152400002;600nm;Mu
18;H1;0.155900002;600nm;WT_F16
18;H2;0.156499997;600nm;WT_F16
18;H3;0.156200007;600nm;WT_F16
18;H4;0.167300001;600nm;WT_F16
18;H5;0.084899999;600nm;Mg_F16
18;H6;0.092799999;600nm;Mg_F16
18;H7;0.084100001;600nm;Mg_F16
18;H8;0.082900003;600nm;Mg_F16
18;H9;0.108000003;600nm;WT_noF16
18;H10;0.134100005;600nm;WT_noF16
18;H11;0.153899997;600nm;WT_noF16
18;H12;0.167899996;600nm;WT_noF16
18;A1;1287;475nm/510nm;Mu
18;A2;1400;475nm/510nm;Mu
18;A3;1063;475nm/510nm;Mu
18;A4;1217;475nm/510nm;Mu
18;A5;1053;475nm/510nm;Mu
18;A6;1443;475nm/510nm;Mu
18;A7;1335;475nm/510nm;Mu
18;A8;1185;475nm/510nm;Mu
18;A9;1299;475nm/510nm;Mu
18;A10;1322;475nm/510nm;Mu
18;A11;1163;475nm/510nm;Mu
18;A12;1103;475nm/510nm;Mu
18;B1;958;475nm/510nm;Mu
18;B2;960;475nm/510nm;Mu
18;B3;929;475nm/510nm;Mu
18;B4;873;475nm/510nm;Mu
18;B5;1008;475nm/510nm;Mu
18;B6;1040;475nm/510nm;Mu
18;B7;913;475nm/510nm;Mu
18;B8;1003;475nm/510nm;Mu
18;B9;1029;475nm/510nm;Mu
18;B10;971;475nm/510nm;Mu
18;B11;1056;475nm/510nm;Mu
18;B12;1077;475nm/510nm;Mu
18;C1;1075;475nm/510nm;Mu
18;C2;797;475nm/510nm;Mu
18;C3;1243;475nm/510nm;Mu
18;C4;1082;475nm/510nm;Mu
18;C5;887;475nm/510nm;Mu
18;C6;869;475nm/510nm;Mu
18;C7;893;475nm/510nm;Mu
18;C8;943;475nm/510nm;Mu
18;C9;1278;475nm/510nm;Mu
18;C10;967;475nm/510nm;Mu
18;C11;994;475nm/510nm;Mu
18;C12;1402;475nm/510nm;Mu
18;D1;917;475nm/510nm;Mu
18;D2;896;475nm/510nm;Mu
18;D3;833;475nm/510nm;Mu
18;D4;806;475nm/510nm;Mu
18;D5;872;475nm/510nm;Mu
18;D6;959;475nm/510nm;Mu
18;D7;817;475nm/510nm;Mu
18;D8;864;475nm/510nm;Mu
18;D9;825;475nm/510nm;Mu
18;D10;897;475nm/510nm;Mu
18;D11;945;475nm/510nm;Mu
18;D12;955;475nm/510nm;Mu
18;E1;910;475nm/510nm;Mu
18;E2;840;475nm/510nm;Mu
18;E3;888;475nm/510nm;Mu
18;E4;857;475nm/510nm;Mu
18;E5;889;475nm/510nm;Mu
18;E6;832;475nm/510nm;Mu
18;E7;930;475nm/510nm;Mu
18;E8;824;475nm/510nm;Mu
18;E9;891;475nm/510nm;Mu
18;E10;875;475nm/510nm;Mu
18;E11;935;475nm/510nm;Mu
18;E12;1261;475nm/510nm;Mu
18;F1;993;475nm/510nm;Mu
18;F2;808;475nm/510nm;Mu
18;F3;986;475nm/510nm;Mu
18;F4;910;475nm/510nm;Mu
18;F5;957;475nm/510nm;Mu
18;F6;934;475nm/510nm;Mu
18;F7;839;475nm/510nm;Mu
18;F8;877;475nm/510nm;Mu
18;F9;942;475nm/510nm;Mu
18;F10;902;475nm/510nm;Mu
18;F11;881;475nm/510nm;Mu
18;F12;950;475nm/510nm;Mu
18;G1;917;475nm/510nm;Mu
18;G2;813;475nm/510nm;Mu
18;G3;867;475nm/510nm;Mu
18;G4;963;475nm/510nm;Mu
18;G5;1058;475nm/510nm;Mu
18;G6;1020;475nm/510nm;Mu
18;G7;1008;475nm/510nm;Mu
18;G8;948;475nm/510nm;Mu
18;G9;1100;475nm/510nm;Mu
18;G10;1078;475nm/510nm;Mu
18;G11;939;475nm/510nm;Mu
18;G12;937;475nm/510nm;Mu
18;H1;947;475nm/510nm;WT_F16
18;H2;960;475nm/510nm;WT_F16
18;H3;906;475nm/510nm;WT_F16
18;H4;1021;475nm/510nm;WT_F16
18;H5;177;475nm/510nm;Mg_F16
18;H6;235;475nm/510nm;Mg_F16
18;H7;189;475nm/510nm;Mg_F16
18;H8;183;475nm/510nm;Mg_F16
18;H9;462;475nm/510nm;WT_noF16
18;H10;450;475nm/510nm;WT_noF16
18;H11;466;475nm/510nm;WT_noF16
18;H12;419;475nm/510nm;WT_noF16
19;A1;0.149100006;600nm;Mu
19;A2;0.136399999;600nm;Mu
19;A3;0.161300004;600nm;Mu
19;A4;0.140900001;600nm;Mu
19;A5;0.140699998;600nm;Mu
19;A6;0.154599994;600nm;Mu
19;A7;0.165099993;600nm;Mu
19;A8;0.187199995;600nm;Mu
19;A9;0.143900007;600nm;Mu
19;A10;0.1435;600nm;Mu
19;A11;0.163399994;600nm;Mu
19;A12;0.165700004;600nm;Mu
19;B1;0.1514;600nm;Mu
19;B2;0.148200005;600nm;Mu
19;B3;0.144199997;600nm;Mu
19;B4;0.142000005;600nm;Mu
19;B5;0.150999993;600nm;Mu
19;B6;0.1285;600nm;Mu
19;B7;0.130999997;600nm;Mu
19;B8;0.128700003;600nm;Mu
19;B9;0.117200002;600nm;Mu
19;B10;0.118500002;600nm;Mu
19;B11;0.125599995;600nm;Mu
19;B12;0.1435;600nm;Mu
19;C1;0.172800004;600nm;Mu
19;C2;0.140100002;600nm;Mu
19;C3;0.138699993;600nm;Mu
19;C4;0.141399994;600nm;Mu
19;C5;0.128199995;600nm;Mu
19;C6;0.143000007;600nm;Mu
19;C7;0.157900006;600nm;Mu
19;C8;0.145500004;600nm;Mu
19;C9;0.154699996;600nm;Mu
19;C10;0.150000006;600nm;Mu
19;C11;0.147699997;600nm;Mu
19;C12;0.188199997;600nm;Mu
19;D1;0.147699997;600nm;Mu
19;D2;0.176599994;600nm;Mu
19;D3;0.138699993;600nm;Mu
19;D4;0.1228;600nm;Mu
19;D5;0.128999993;600nm;Mu
19;D6;0.1193;600nm;Mu
19;D7;0.126599997;600nm;Mu
19;D8;0.130600005;600nm;Mu
19;D9;0.125100002;600nm;Mu
19;D10;0.122000001;600nm;Mu
19;D11;0.121699996;600nm;Mu
19;D12;0.144099995;600nm;Mu
19;E1;0.1699;600nm;Mu
19;E2;0.141900003;600nm;Mu
19;E3;0.146300003;600nm;Mu
19;E4;0.133900002;600nm;Mu
19;E5;0.130899996;600nm;Mu
19;E6;0.1131;600nm;Mu
19;E7;0.118699998;600nm;Mu
19;E8;0.121200003;600nm;Mu
19;E9;0.124200001;600nm;Mu
19;E10;0.124899998;600nm;Mu
19;E11;0.139599994;600nm;Mu
19;E12;0.158500001;600nm;Mu
19;F1;0.147300005;600nm;Mu
19;F2;0.133599997;600nm;Mu
19;F3;0.169499993;600nm;Mu
19;F4;0.169300005;600nm;Mu
19;F5;0.138500005;600nm;Mu
19;F6;0.133599997;600nm;Mu
19;F7;0.164399996;600nm;Mu
19;F8;0.1338;600nm;Mu
19;F9;0.139899999;600nm;Mu
19;F10;0.139300004;600nm;Mu
19;F11;0.134900004;600nm;Mu
19;F12;0.1523;600nm;Mu
19;G1;0.1523;600nm;Mu
19;G2;0.145899996;600nm;Mu
19;G3;0.151700005;600nm;Mu
19;G4;0.152400002;600nm;Mu
19;G5;0.145400003;600nm;Mu
19;G6;0.139500007;600nm;Mu
19;G7;0.135399997;600nm;Mu
19;G8;0.142900005;600nm;Mu
19;G9;0.113200001;600nm;Mu
19;G10;0.129899994;600nm;Mu
19;G11;0.1461;600nm;Mu
19;G12;0.147300005;600nm;Mu
19;H1;0.164700001;600nm;WT_F16
19;H2;0.167899996;600nm;WT_F16
19;H3;0.181099996;600nm;WT_F16
19;H4;0.169100001;600nm;WT_F16
19;H5;0.081699997;600nm;Mg_F16
19;H6;0.083300002;600nm;Mg_F16
19;H7;0.084100001;600nm;Mg_F16
19;H8;0.085100003;600nm;Mg_F16
19;H9;0.0977;600nm;WT_noF16
19;H10;0.128099993;600nm;WT_noF16
19;H11;0.145899996;600nm;WT_noF16
19;H12;0.156399995;600nm;WT_noF16
19;A1;1140;475nm/510nm;Mu
19;A2;868;475nm/510nm;Mu
19;A3;1019;475nm/510nm;Mu
19;A4;952;475nm/510nm;Mu
19;A5;938;475nm/510nm;Mu
19;A6;996;475nm/510nm;Mu
19;A7;1251;475nm/510nm;Mu
19;A8;1193;475nm/510nm;Mu
19;A9;1037;475nm/510nm;Mu
19;A10;930;475nm/510nm;Mu
19;A11;1109;475nm/510nm;Mu
19;A12;1042;475nm/510nm;Mu
19;B1;1076;475nm/510nm;Mu
19;B2;982;475nm/510nm;Mu
19;B3;1093;475nm/510nm;Mu
19;B4;1026;475nm/510nm;Mu
19;B5;1211;475nm/510nm;Mu
19;B6;874;475nm/510nm;Mu
19;B7;956;475nm/510nm;Mu
19;B8;883;475nm/510nm;Mu
19;B9;817;475nm/510nm;Mu
19;B10;812;475nm/510nm;Mu
19;B11;834;475nm/510nm;Mu
19;B12;929;475nm/510nm;Mu
19;C1;1131;475nm/510nm;Mu
19;C2;908;475nm/510nm;Mu
19;C3;1081;475nm/510nm;Mu
19;C4;895;475nm/510nm;Mu
19;C5;1004;475nm/510nm;Mu
19;C6;1225;475nm/510nm;Mu
19;C7;1058;475nm/510nm;Mu
19;C8;1113;475nm/510nm;Mu
19;C9;1065;475nm/510nm;Mu
19;C10;1066;475nm/510nm;Mu
19;C11;1018;475nm/510nm;Mu
19;C12;1168;475nm/510nm;Mu
19;D1;875;475nm/510nm;Mu
19;D2;907;475nm/510nm;Mu
19;D3;930;475nm/510nm;Mu
19;D4;911;475nm/510nm;Mu
19;D5;880;475nm/510nm;Mu
19;D6;888;475nm/510nm;Mu
19;D7;913;475nm/510nm;Mu
19;D8;935;475nm/510nm;Mu
19;D9;877;475nm/510nm;Mu
19;D10;860;475nm/510nm;Mu
19;D11;915;475nm/510nm;Mu
19;D12;824;475nm/510nm;Mu
19;E1;1064;475nm/510nm;Mu
19;E2;947;475nm/510nm;Mu
19;E3;853;475nm/510nm;Mu
19;E4;908;475nm/510nm;Mu
19;E5;896;475nm/510nm;Mu
19;E6;863;475nm/510nm;Mu
19;E7;902;475nm/510nm;Mu
19;E8;919;475nm/510nm;Mu
19;E9;958;475nm/510nm;Mu
19;E10;908;475nm/510nm;Mu
19;E11;1835;475nm/510nm;Mu
19;E12;1035;475nm/510nm;Mu
19;F1;841;475nm/510nm;Mu
19;F2;945;475nm/510nm;Mu
19;F3;924;475nm/510nm;Mu
19;F4;919;475nm/510nm;Mu
19;F5;925;475nm/510nm;Mu
19;F6;917;475nm/510nm;Mu
19;F7;1141;475nm/510nm;Mu
19;F8;958;475nm/510nm;Mu
19;F9;1021;475nm/510nm;Mu
19;F10;971;475nm/510nm;Mu
19;F11;914;475nm/510nm;Mu
19;F12;895;475nm/510nm;Mu
19;G1;1014;475nm/510nm;Mu
19;G2;969;475nm/510nm;Mu
19;G3;999;475nm/510nm;Mu
19;G4;1315;475nm/510nm;Mu
19;G5;1015;475nm/510nm;Mu
19;G6;1097;475nm/510nm;Mu
19;G7;992;475nm/510nm;Mu
19;G8;1024;475nm/510nm;Mu
19;G9;877;475nm/510nm;Mu
19;G10;877;475nm/510nm;Mu
19;G11;1068;475nm/510nm;Mu
19;G12;862;475nm/510nm;Mu
19;H1;1051;475nm/510nm;WT_F16
19;H2;991;475nm/510nm;WT_F16
19;H3;2038;475nm/510nm;WT_F16
19;H4;1036;475nm/510nm;WT_F16
19;H5;165;475nm/510nm;Mg_F16
19;H6;184;475nm/510nm;Mg_F16
19;H7;187;475nm/510nm;Mg_F16
19;H8;205;475nm/510nm;Mg_F16
19;H9;449;475nm/510nm;WT_noF16
19;H10;434;475nm/510nm;WT_noF16
19;H11;460;475nm/510nm;WT_noF16
19;H12;433;475nm/510nm;WT_noF16
20;A1;0.151299998;600nm;Mu
20;A2;0.166899994;600nm;Mu
20;A3;0.150800005;600nm;Mu
20;A4;0.138500005;600nm;Mu
20;A5;0.140300006;600nm;Mu
20;A6;0.139200002;600nm;Mu
20;A7;0.143900007;600nm;Mu
20;A8;0.142800003;600nm;Mu
20;A9;0.1514;600nm;Mu
20;A10;0.148900002;600nm;Mu
20;A11;0.158000007;600nm;Mu
20;A12;0.154400006;600nm;Mu
20;B1;0.178299993;600nm;Mu
20;B2;0.145999998;600nm;Mu
20;B3;0.140200004;600nm;Mu
20;B4;0.136099994;600nm;Mu
20;B5;0.136199996;600nm;Mu
20;B6;0.136700004;600nm;Mu
20;B7;0.134200007;600nm;Mu
20;B8;0.135700002;600nm;Mu
20;B9;0.141499996;600nm;Mu
20;B10;0.142100006;600nm;Mu
20;B11;0.170900002;600nm;Mu
20;B12;0.158700004;600nm;Mu
20;C1;0.183400005;600nm;Mu
20;C2;0.1435;600nm;Mu
20;C3;0.144299999;600nm;Mu
20;C4;0.107000001;600nm;Mu
20;C5;0.144400001;600nm;Mu
20;C6;0.142900005;600nm;Mu
20;C7;0.135100007;600nm;Mu
20;C8;0.138899997;600nm;Mu
20;C9;0.147400007;600nm;Mu
20;C10;0.157700002;600nm;Mu
20;C11;0.157499999;600nm;Mu
20;C12;0.212300003;600nm;Mu
20;D1;0.148300007;600nm;Mu
20;D2;0.136299998;600nm;Mu
20;D3;0.135499999;600nm;Mu
20;D4;0.134399995;600nm;Mu
20;D5;0.140699998;600nm;Mu
20;D6;0.146899998;600nm;Mu
20;D7;0.134599999;600nm;Mu
20;D8;0.140000001;600nm;Mu
20;D9;0.142399997;600nm;Mu
20;D10;0.151600003;600nm;Mu
20;D11;0.165399998;600nm;Mu
20;D12;0.1778;600nm;Mu
20;E1;0.149399996;600nm;Mu
20;E2;0.139300004;600nm;Mu
20;E3;0.146400005;600nm;Mu
20;E4;0.135100007;600nm;Mu
20;E5;0.138400003;600nm;Mu
20;E6;0.136500001;600nm;Mu
20;E7;0.163299993;600nm;Mu
20;E8;0.138600007;600nm;Mu
20;E9;0.141900003;600nm;Mu
20;E10;0.150399998;600nm;Mu
20;E11;0.147499993;600nm;Mu
20;E12;0.175899997;600nm;Mu
20;F1;0.194999993;600nm;Mu
20;F2;0.173899993;600nm;Mu
20;F3;0.1373;600nm;Mu
20;F4;0.170499995;600nm;Mu
20;F5;0.138899997;600nm;Mu
20;F6;0.141900003;600nm;Mu
20;F7;0.1294;600nm;Mu
20;F8;0.1373;600nm;Mu
20;F9;0.143299997;600nm;Mu
20;F10;0.145500004;600nm;Mu
20;F11;0.149599999;600nm;Mu
20;F12;0.181500003;600nm;Mu
20;G1;0.215399995;600nm;Mu
20;G2;0.167799994;600nm;Mu
20;G3;0.154400006;600nm;Mu
20;G4;0.159999996;600nm;Mu
20;G5;0.157600001;600nm;Mu
20;G6;0.162699997;600nm;Mu
20;G7;0.161200002;600nm;Mu
20;G8;0.1523;600nm;Mu
20;G9;0.145699993;600nm;Mu
20;G10;0.160300002;600nm;Mu
20;G11;0.131200001;600nm;Mu
20;G12;0.176799998;600nm;Mu
20;H1;0.164700001;600nm;WT_F16
20;H2;0.162599996;600nm;WT_F16
20;H3;0.167500004;600nm;WT_F16
20;H4;0.181899995;600nm;WT_F16
20;H5;0.083899997;600nm;Mg_F16
20;H6;0.0845;600nm;Mg_F16
20;H7;0.083499998;600nm;Mg_F16
20;H8;0.0836;600nm;Mg_F16
20;H9;0.1206;600nm;WT_noF16
20;H10;0.138099998;600nm;WT_noF16
20;H11;0.155300006;600nm;WT_noF16
20;H12;0.176300004;600nm;WT_noF16
20;A1;961;475nm/510nm;Mu
20;A2;1049;475nm/510nm;Mu
20;A3;1030;475nm/510nm;Mu
20;A4;920;475nm/510nm;Mu
20;A5;968;475nm/510nm;Mu
20;A6;913;475nm/510nm;Mu
20;A7;1002;475nm/510nm;Mu
20;A8;963;475nm/510nm;Mu
20;A9;971;475nm/510nm;Mu
20;A10;952;475nm/510nm;Mu
20;A11;1013;475nm/510nm;Mu
20;A12;961;475nm/510nm;Mu
20;B1;1134;475nm/510nm;Mu
20;B2;811;475nm/510nm;Mu
20;B3;954;475nm/510nm;Mu
20;B4;953;475nm/510nm;Mu
20;B5;967;475nm/510nm;Mu
20;B6;972;475nm/510nm;Mu
20;B7;985;475nm/510nm;Mu
20;B8;1028;475nm/510nm;Mu
20;B9;973;475nm/510nm;Mu
20;B10;998;475nm/510nm;Mu
20;B11;1648;475nm/510nm;Mu
20;B12;1015;475nm/510nm;Mu
20;C1;1219;475nm/510nm;Mu
20;C2;867;475nm/510nm;Mu
20;C3;996;475nm/510nm;Mu
20;C4;668;475nm/510nm;Mu
20;C5;1020;475nm/510nm;Mu
20;C6;1019;475nm/510nm;Mu
20;C7;1010;475nm/510nm;Mu
20;C8;976;475nm/510nm;Mu
20;C9;1051;475nm/510nm;Mu
20;C10;1126;475nm/510nm;Mu
20;C11;1092;475nm/510nm;Mu
20;C12;1427;475nm/510nm;Mu
20;D1;898;475nm/510nm;Mu
20;D2;974;475nm/510nm;Mu
20;D3;896;475nm/510nm;Mu
20;D4;951;475nm/510nm;Mu
20;D5;965;475nm/510nm;Mu
20;D6;1021;475nm/510nm;Mu
20;D7;1052;475nm/510nm;Mu
20;D8;1004;475nm/510nm;Mu
20;D9;912;475nm/510nm;Mu
20;D10;1034;475nm/510nm;Mu
20;D11;1514;475nm/510nm;Mu
20;D12;1046;475nm/510nm;Mu
20;E1;1031;475nm/510nm;Mu
20;E2;870;475nm/510nm;Mu
20;E3;941;475nm/510nm;Mu
20;E4;933;475nm/510nm;Mu
20;E5;943;475nm/510nm;Mu
20;E6;964;475nm/510nm;Mu
20;E7;1458;475nm/510nm;Mu
20;E8;994;475nm/510nm;Mu
20;E9;1028;475nm/510nm;Mu
20;E10;1013;475nm/510nm;Mu
20;E11;967;475nm/510nm;Mu
20;E12;1171;475nm/510nm;Mu
20;F1;1183;475nm/510nm;Mu
20;F2;1221;475nm/510nm;Mu
20;F3;890;475nm/510nm;Mu
20;F4;1485;475nm/510nm;Mu
20;F5;996;475nm/510nm;Mu
20;F6;1025;475nm/510nm;Mu
20;F7;943;475nm/510nm;Mu
20;F8;978;475nm/510nm;Mu
20;F9;1078;475nm/510nm;Mu
20;F10;1018;475nm/510nm;Mu
20;F11;960;475nm/510nm;Mu
20;F12;1055;475nm/510nm;Mu
20;G1;2703;475nm/510nm;Mu
20;G2;1022;475nm/510nm;Mu
20;G3;968;475nm/510nm;Mu
20;G4;1014;475nm/510nm;Mu
20;G5;1094;475nm/510nm;Mu
20;G6;1234;475nm/510nm;Mu
20;G7;1165;475nm/510nm;Mu
20;G8;1115;475nm/510nm;Mu
20;G9;1079;475nm/510nm;Mu
20;G10;1124;475nm/510nm;Mu
20;G11;1079;475nm/510nm;Mu
20;G12;1133;475nm/510nm;Mu
20;H1;1107;475nm/510nm;WT_F16
20;H2;1040;475nm/510nm;WT_F16
20;H3;987;475nm/510nm;WT_F16
20;H4;1070;475nm/510nm;WT_F16
20;H5;167;475nm/510nm;Mg_F16
20;H6;165;475nm/510nm;Mg_F16
20;H7;164;475nm/510nm;Mg_F16
20;H8;185;475nm/510nm;Mg_F16
20;H9;465;475nm/510nm;WT_noF16
20;H10;455;475nm/510nm;WT_noF16
20;H11;464;475nm/510nm;WT_noF16
20;H12;446;475nm/510nm;WT_noF16
21;A1;0.168300003;600nm;Mu
21;A2;0.145500004;600nm;Mu
21;A3;0.149100006;600nm;Mu
21;A4;0.143700004;600nm;Mu
21;A5;0.152799994;600nm;Mu
21;A6;0.157900006;600nm;Mu
21;A7;0.152799994;600nm;Mu
21;A8;0.1743;600nm;Mu
21;A9;0.204799995;600nm;Mu
21;A10;0.171000004;600nm;Mu
21;A11;0.188700005;600nm;Mu
21;A12;0.154899999;600nm;Mu
21;B1;0.162499994;600nm;Mu
21;B2;0.149700001;600nm;Mu
21;B3;0.160300002;600nm;Mu
21;B4;0.141900003;600nm;Mu
21;B5;0.135299996;600nm;Mu
21;B6;0.136800006;600nm;Mu
21;B7;0.137500003;600nm;Mu
21;B8;0.134399995;600nm;Mu
21;B9;0.151700005;600nm;Mu
21;B10;0.135399997;600nm;Mu
21;B11;0.147300005;600nm;Mu
21;B12;0.154799998;600nm;Mu
21;C1;0.156399995;600nm;Mu
21;C2;0.146500006;600nm;Mu
21;C3;0.152500004;600nm;Mu
21;C4;0.135600001;600nm;Mu
21;C5;0.148599997;600nm;Mu
21;C6;0.144800007;600nm;Mu
21;C7;0.137199998;600nm;Mu
21;C8;0.139599994;600nm;Mu
21;C9;0.148699999;600nm;Mu
21;C10;0.142299995;600nm;Mu
21;C11;0.138600007;600nm;Mu
21;C12;0.168799996;600nm;Mu
21;D1;0.156599998;600nm;Mu
21;D2;0.149200007;600nm;Mu
21;D3;0.133100003;600nm;Mu
21;D4;0.123800002;600nm;Mu
21;D5;0.123499997;600nm;Mu
21;D6;0.123000003;600nm;Mu
21;D7;0.125;600nm;Mu
21;D8;0.128999993;600nm;Mu
21;D9;0.140200004;600nm;Mu
21;D10;0.132200003;600nm;Mu
21;D11;0.132499993;600nm;Mu
21;D12;0.158899993;600nm;Mu
21;E1;0.151899993;600nm;Mu
21;E2;0.141399994;600nm;Mu
21;E3;0.126699999;600nm;Mu
21;E4;0.129199997;600nm;Mu
21;E5;0.126499996;600nm;Mu
21;E6;0.135700002;600nm;Mu
21;E7;0.133100003;600nm;Mu
21;E8;0.130400002;600nm;Mu
21;E9;0.148100004;600nm;Mu
21;E10;0.151999995;600nm;Mu
21;E11;0.147200003;600nm;Mu
21;E12;0.163599998;600nm;Mu
21;F1;0.157100007;600nm;Mu
21;F2;0.1514;600nm;Mu
21;F3;0.137500003;600nm;Mu
21;F4;0.1294;600nm;Mu
21;F5;0.133599997;600nm;Mu
21;F6;0.130199999;600nm;Mu
21;F7;0.136000007;600nm;Mu
21;F8;0.135800004;600nm;Mu
21;F9;0.138500005;600nm;Mu
21;F10;0.144500002;600nm;Mu
21;F11;0.133000001;600nm;Mu
21;F12;0.197500005;600nm;Mu
21;G1;0.149299994;600nm;Mu
21;G2;0.142700002;600nm;Mu
21;G3;0.1391;600nm;Mu
21;G4;0.140300006;600nm;Mu
21;G5;0.153600007;600nm;Mu
21;G6;0.163900003;600nm;Mu
21;G7;0.150900006;600nm;Mu
21;G8;0.153300002;600nm;Mu
21;G9;0.161400005;600nm;Mu
21;G10;0.161599994;600nm;Mu
21;G11;0.163499996;600nm;Mu
21;G12;0.187199995;600nm;Mu
21;H1;0.161500007;600nm;WT_F16
21;H2;0.163200006;600nm;WT_F16
21;H3;0.164299995;600nm;WT_F16
21;H4;0.166099995;600nm;WT_F16
21;H5;0.087399997;600nm;Mg_F16
21;H6;0.082999997;600nm;Mg_F16
21;H7;0.0832;600nm;Mg_F16
21;H8;0.084899999;600nm;Mg_F16
21;H9;0.115400001;600nm;WT_noF16
21;H10;0.134100005;600nm;WT_noF16
21;H11;0.145099998;600nm;WT_noF16
21;H12;0.185599998;600nm;WT_noF16
21;A1;940;475nm/510nm;Mu
21;A2;885;475nm/510nm;Mu
21;A3;913;475nm/510nm;Mu
21;A4;888;475nm/510nm;Mu
21;A5;972;475nm/510nm;Mu
21;A6;1013;475nm/510nm;Mu
21;A7;1024;475nm/510nm;Mu
21;A8;1069;475nm/510nm;Mu
21;A9;1424;475nm/510nm;Mu
21;A10;1134;475nm/510nm;Mu
21;A11;1241;475nm/510nm;Mu
21;A12;994;475nm/510nm;Mu
21;B1;963;475nm/510nm;Mu
21;B2;908;475nm/510nm;Mu
21;B3;1122;475nm/510nm;Mu
21;B4;910;475nm/510nm;Mu
21;B5;940;475nm/510nm;Mu
21;B6;951;475nm/510nm;Mu
21;B7;980;475nm/510nm;Mu
21;B8;990;475nm/510nm;Mu
21;B9;976;475nm/510nm;Mu
21;B10;908;475nm/510nm;Mu
21;B11;969;475nm/510nm;Mu
21;B12;931;475nm/510nm;Mu
21;C1;987;475nm/510nm;Mu
21;C2;962;475nm/510nm;Mu
21;C3;902;475nm/510nm;Mu
21;C4;963;475nm/510nm;Mu
21;C5;973;475nm/510nm;Mu
21;C6;914;475nm/510nm;Mu
21;C7;910;475nm/510nm;Mu
21;C8;936;475nm/510nm;Mu
21;C9;971;475nm/510nm;Mu
21;C10;1058;475nm/510nm;Mu
21;C11;935;475nm/510nm;Mu
21;C12;905;475nm/510nm;Mu
21;D1;958;475nm/510nm;Mu
21;D2;1021;475nm/510nm;Mu
21;D3;960;475nm/510nm;Mu
21;D4;862;475nm/510nm;Mu
21;D5;838;475nm/510nm;Mu
21;D6;872;475nm/510nm;Mu
21;D7;832;475nm/510nm;Mu
21;D8;933;475nm/510nm;Mu
21;D9;988;475nm/510nm;Mu
21;D10;889;475nm/510nm;Mu
21;D11;929;475nm/510nm;Mu
21;D12;967;475nm/510nm;Mu
21;E1;1029;475nm/510nm;Mu
21;E2;956;475nm/510nm;Mu
21;E3;831;475nm/510nm;Mu
21;E4;877;475nm/510nm;Mu
21;E5;751;475nm/510nm;Mu
21;E6;884;475nm/510nm;Mu
21;E7;866;475nm/510nm;Mu
21;E8;841;475nm/510nm;Mu
21;E9;973;475nm/510nm;Mu
21;E10;860;475nm/510nm;Mu
21;E11;892;475nm/510nm;Mu
21;E12;914;475nm/510nm;Mu
21;F1;999;475nm/510nm;Mu
21;F2;967;475nm/510nm;Mu
21;F3;887;475nm/510nm;Mu
21;F4;887;475nm/510nm;Mu
21;F5;939;475nm/510nm;Mu
21;F6;934;475nm/510nm;Mu
21;F7;944;475nm/510nm;Mu
21;F8;1000;475nm/510nm;Mu
21;F9;901;475nm/510nm;Mu
21;F10;907;475nm/510nm;Mu
21;F11;866;475nm/510nm;Mu
21;F12;1157;475nm/510nm;Mu
21;G1;895;475nm/510nm;Mu
21;G2;855;475nm/510nm;Mu
21;G3;892;475nm/510nm;Mu
21;G4;892;475nm/510nm;Mu
21;G5;1083;475nm/510nm;Mu
21;G6;1087;475nm/510nm;Mu
21;G7;1087;475nm/510nm;Mu
21;G8;1016;475nm/510nm;Mu
21;G9;1132;475nm/510nm;Mu
21;G10;1041;475nm/510nm;Mu
21;G11;1025;475nm/510nm;Mu
21;G12;1165;475nm/510nm;Mu
21;H1;929;475nm/510nm;WT_F16
21;H2;964;475nm/510nm;WT_F16
21;H3;968;475nm/510nm;WT_F16
21;H4;996;475nm/510nm;WT_F16
21;H5;175;475nm/510nm;Mg_F16
21;H6;162;475nm/510nm;Mg_F16
21;H7;162;475nm/510nm;Mg_F16
21;H8;166;475nm/510nm;Mg_F16
21;H9;459;475nm/510nm;WT_noF16
21;H10;442;475nm/510nm;WT_noF16
21;H11;444;475nm/510nm;WT_noF16
21;H12;462;475nm/510nm;WT_noF16
22;A1;0.182500005;600nm;Mu
22;A2;0.179900005;600nm;Mu
22;A3;0.173999995;600nm;Mu
22;A4;0.190599993;600nm;Mu
22;A5;0.168699995;600nm;Mu
22;A6;0.170599997;600nm;Mu
22;A7;0.160899997;600nm;Mu
22;A8;0.162599996;600nm;Mu
22;A9;0.180000007;600nm;Mu
22;A10;0.188700005;600nm;Mu
22;A11;0.194499999;600nm;Mu
22;A12;0.194299996;600nm;Mu
22;B1;0.171399996;600nm;Mu
22;B2;0.165700004;600nm;Mu
22;B3;0.172999993;600nm;Mu
22;B4;0.188700005;600nm;Mu
22;B5;0.1417;600nm;Mu
22;B6;0.178200006;600nm;Mu
22;B7;0.160999998;600nm;Mu
22;B8;0.160699993;600nm;Mu
22;B9;0.192399994;600nm;Mu
22;B10;0.189999998;600nm;Mu
22;B11;0.179499999;600nm;Mu
22;B12;0.214699998;600nm;Mu
22;C1;0.2377;600nm;Mu
22;C2;0.174899995;600nm;Mu
22;C3;0.165800005;600nm;Mu
22;C4;0.159600005;600nm;Mu
22;C5;0.150900006;600nm;Mu
22;C6;0.199000001;600nm;Mu
22;C7;0.146899998;600nm;Mu
22;C8;0.177900001;600nm;Mu
22;C9;0.158600003;600nm;Mu
22;C10;0.1567;600nm;Mu
22;C11;0.169;600nm;Mu
22;C12;0.234799996;600nm;Mu
22;D1;0.168699995;600nm;Mu
22;D2;0.141800001;600nm;Mu
22;D3;0.1338;600nm;Mu
22;D4;0.129299998;600nm;Mu
22;D5;0.130099997;600nm;Mu
22;D6;0.129500002;600nm;Mu
22;D7;0.132699996;600nm;Mu
22;D8;0.130600005;600nm;Mu
22;D9;0.140300006;600nm;Mu
22;D10;0.132200003;600nm;Mu
22;D11;0.140499994;600nm;Mu
22;D12;0.168500006;600nm;Mu
22;E1;0.175600007;600nm;Mu
22;E2;0.160799995;600nm;Mu
22;E3;0.167500004;600nm;Mu
22;E4;0.142100006;600nm;Mu
22;E5;0.133599997;600nm;Mu
22;E6;0.151099995;600nm;Mu
22;E7;0.137799993;600nm;Mu
22;E8;0.145300001;600nm;Mu
22;E9;0.177000001;600nm;Mu
22;E10;0.183200002;600nm;Mu
22;E11;0.180199996;600nm;Mu
22;E12;0.229900002;600nm;Mu
22;F1;0.163100004;600nm;Mu
22;F2;0.139200002;600nm;Mu
22;F3;0.141000003;600nm;Mu
22;F4;0.1294;600nm;Mu
22;F5;0.132300004;600nm;Mu
22;F6;0.128000006;600nm;Mu
22;F7;0.134399995;600nm;Mu
22;F8;0.130999997;600nm;Mu
22;F9;0.134000003;600nm;Mu
22;F10;0.128999993;600nm;Mu
22;F11;0.145300001;600nm;Mu
22;F12;0.162100002;600nm;Mu
22;G1;0.182600006;600nm;Mu
22;G2;0.165700004;600nm;Mu
22;G3;0.160799995;600nm;Mu
22;G4;0.164800003;600nm;Mu
22;G5;0.167199999;600nm;Mu
22;G6;0.171800002;600nm;Mu
22;G7;0.163599998;600nm;Mu
22;G8;0.161200002;600nm;Mu
22;G9;0.163299993;600nm;Mu
22;G10;0.176599994;600nm;Mu
22;G11;0.1822;600nm;Mu
22;G12;0.207699999;600nm;Mu
22;H1;0.174099997;600nm;WT_F16
22;H2;0.166800007;600nm;WT_F16
22;H3;0.168899998;600nm;WT_F16
22;H4;0.178299993;600nm;WT_F16
22;H5;0.083400004;600nm;Mg_F16
22;H6;0.0836;600nm;Mg_F16
22;H7;0.082199998;600nm;Mg_F16
22;H8;0.0832;600nm;Mg_F16
22;H9;0.150999993;600nm;WT_noF16
22;H10;0.166600004;600nm;WT_noF16
22;H11;0.165000007;600nm;WT_noF16
22;H12;0.1831;600nm;WT_noF16
22;A1;1171;475nm/510nm;Mu
22;A2;1107;475nm/510nm;Mu
22;A3;1109;475nm/510nm;Mu
22;A4;1342;475nm/510nm;Mu
22;A5;1096;475nm/510nm;Mu
22;A6;1146;475nm/510nm;Mu
22;A7;1055;475nm/510nm;Mu
22;A8;1158;475nm/510nm;Mu
22;A9;1300;475nm/510nm;Mu
22;A10;1285;475nm/510nm;Mu
22;A11;1356;475nm/510nm;Mu
22;A12;1402;475nm/510nm;Mu
22;B1;953;475nm/510nm;Mu
22;B2;1139;475nm/510nm;Mu
22;B3;1079;475nm/510nm;Mu
22;B4;1341;475nm/510nm;Mu
22;B5;1022;475nm/510nm;Mu
22;B6;1250;475nm/510nm;Mu
22;B7;1156;475nm/510nm;Mu
22;B8;1160;475nm/510nm;Mu
22;B9;1348;475nm/510nm;Mu
22;B10;1327;475nm/510nm;Mu
22;B11;1373;475nm/510nm;Mu
22;B12;1317;475nm/510nm;Mu
22;C1;1491;475nm/510nm;Mu
22;C2;1173;475nm/510nm;Mu
22;C3;1125;475nm/510nm;Mu
22;C4;1083;475nm/510nm;Mu
22;C5;1107;475nm/510nm;Mu
22;C6;1485;475nm/510nm;Mu
22;C7;1142;475nm/510nm;Mu
22;C8;1337;475nm/510nm;Mu
22;C9;1235;475nm/510nm;Mu
22;C10;1144;475nm/510nm;Mu
22;C11;1125;475nm/510nm;Mu
22;C12;1757;475nm/510nm;Mu
22;D1;912;475nm/510nm;Mu
22;D2;858;475nm/510nm;Mu
22;D3;869;475nm/510nm;Mu
22;D4;777;475nm/510nm;Mu
22;D5;893;475nm/510nm;Mu
22;D6;903;475nm/510nm;Mu
22;D7;927;475nm/510nm;Mu
22;D8;998;475nm/510nm;Mu
22;D9;1033;475nm/510nm;Mu
22;D10;928;475nm/510nm;Mu
22;D11;975;475nm/510nm;Mu
22;D12;1118;475nm/510nm;Mu
22;E1;1073;475nm/510nm;Mu
22;E2;1047;475nm/510nm;Mu
22;E3;1502;475nm/510nm;Mu
22;E4;945;475nm/510nm;Mu
22;E5;915;475nm/510nm;Mu
22;E6;1024;475nm/510nm;Mu
22;E7;983;475nm/510nm;Mu
22;E8;1041;475nm/510nm;Mu
22;E9;1241;475nm/510nm;Mu
22;E10;1203;475nm/510nm;Mu
22;E11;1174;475nm/510nm;Mu
22;E12;1492;475nm/510nm;Mu
22;F1;998;475nm/510nm;Mu
22;F2;877;475nm/510nm;Mu
22;F3;913;475nm/510nm;Mu
22;F4;889;475nm/510nm;Mu
22;F5;853;475nm/510nm;Mu
22;F6;937;475nm/510nm;Mu
22;F7;965;475nm/510nm;Mu
22;F8;899;475nm/510nm;Mu
22;F9;902;475nm/510nm;Mu
22;F10;890;475nm/510nm;Mu
22;F11;935;475nm/510nm;Mu
22;F12;1014;475nm/510nm;Mu
22;G1;1256;475nm/510nm;Mu
22;G2;1099;475nm/510nm;Mu
22;G3;1131;475nm/510nm;Mu
22;G4;1146;475nm/510nm;Mu
22;G5;1146;475nm/510nm;Mu
22;G6;1180;475nm/510nm;Mu
22;G7;1245;475nm/510nm;Mu
22;G8;1196;475nm/510nm;Mu
22;G9;1303;475nm/510nm;Mu
22;G10;1227;475nm/510nm;Mu
22;G11;1291;475nm/510nm;Mu
22;G12;1498;475nm/510nm;Mu
22;H1;1030;475nm/510nm;WT_F16
22;H2;1003;475nm/510nm;WT_F16
22;H3;1022;475nm/510nm;WT_F16
22;H4;1090;475nm/510nm;WT_F16
22;H5;191;475nm/510nm;Mg_F16
22;H6;171;475nm/510nm;Mg_F16
22;H7;175;475nm/510nm;Mg_F16
22;H8;170;475nm/510nm;Mg_F16
22;H9;475;475nm/510nm;WT_noF16
22;H10;467;475nm/510nm;WT_noF16
22;H11;470;475nm/510nm;WT_noF16
22;H12;448;475nm/510nm;WT_noF16
23;A1;0.172600001;600nm;Mu
23;A2;0.171299994;600nm;Mu
23;A3;0.177000001;600nm;Mu
23;A4;0.187600002;600nm;Mu
23;A5;0.186199993;600nm;Mu
23;A6;0.204999998;600nm;Mu
23;A7;0.217700005;600nm;Mu
23;A8;0.200399995;600nm;Mu
23;A9;0.241500005;600nm;Mu
23;A10;0.223900005;600nm;Mu
23;A11;0.234200001;600nm;Mu
23;A12;0.296000004;600nm;Mu
23;B1;0.178800002;600nm;Mu
23;B2;0.160099998;600nm;Mu
23;B3;0.158299997;600nm;Mu
23;B4;0.153099999;600nm;Mu
23;B5;0.152999997;600nm;Mu
23;B6;0.171900004;600nm;Mu
23;B7;0.160500005;600nm;Mu
23;B8;0.154100001;600nm;Mu
23;B9;0.174199998;600nm;Mu
23;B10;0.168899998;600nm;Mu
23;B11;0.162200004;600nm;Mu
23;B12;0.201800004;600nm;Mu
23;C1;0.168200001;600nm;Mu
23;C2;0.156299993;600nm;Mu
23;C3;0.145199999;600nm;Mu
23;C4;0.139699996;600nm;Mu
23;C5;0.143099993;600nm;Mu
23;C6;0.1039;600nm;Mu
23;C7;0.146200001;600nm;Mu
23;C8;0.146400005;600nm;Mu
23;C9;0.153699994;600nm;Mu
23;C10;0.151800007;600nm;Mu
23;C11;0.152400002;600nm;Mu
23;C12;0.190200001;600nm;Mu
23;D1;0.192200005;600nm;Mu
23;D2;0.161200002;600nm;Mu
23;D3;0.159600005;600nm;Mu
23;D4;0.155100003;600nm;Mu
23;D5;0.171399996;600nm;Mu
23;D6;0.165000007;600nm;Mu
23;D7;0.170200005;600nm;Mu
23;D8;0.167500004;600nm;Mu
23;D9;0.162499994;600nm;Mu
23;D10;0.154300004;600nm;Mu
23;D11;0.159700006;600nm;Mu
23;D12;0.190799996;600nm;Mu
23;E1;0.158999994;600nm;Mu
23;E2;0.147100002;600nm;Mu
23;E3;0.148200005;600nm;Mu
23;E4;0.147599995;600nm;Mu
23;E5;0.144299999;600nm;Mu
23;E6;0.148800001;600nm;Mu
23;E7;0.1426;600nm;Mu
23;E8;0.1558;600nm;Mu
23;E9;0.170000002;600nm;Mu
23;E10;0.165800005;600nm;Mu
23;E11;0.193800002;600nm;Mu
23;E12;0.193599999;600nm;Mu
23;F1;0.191400006;600nm;Mu
23;F2;0.158500001;600nm;Mu
23;F3;0.169;600nm;Mu
23;F4;0.157399997;600nm;Mu
23;F5;0.155200005;600nm;Mu
23;F6;0.163000003;600nm;Mu
23;F7;0.155599996;600nm;Mu
23;F8;0.157499999;600nm;Mu
23;F9;0.159500003;600nm;Mu
23;F10;0.167199999;600nm;Mu
23;F11;0.170699999;600nm;Mu
23;F12;0.197899997;600nm;Mu
23;G1;0.171499997;600nm;Mu
23;G2;0.1796;600nm;Mu
23;G3;0.164100006;600nm;Mu
23;G4;0.188299999;600nm;Mu
23;G5;0.176100001;600nm;Mu
23;G6;0.180099994;600nm;Mu
23;G7;0.158899993;600nm;Mu
23;G8;0.174700007;600nm;Mu
23;G9;0.1796;600nm;Mu
23;G10;0.168400005;600nm;Mu
23;G11;0.190300003;600nm;Mu
23;G12;0.222499996;600nm;Mu
23;H1;0.165800005;600nm;WT_F16
23;H2;0.167799994;600nm;WT_F16
23;H3;0.159299999;600nm;WT_F16
23;H4;0.181700006;600nm;WT_F16
23;H5;0.082999997;600nm;Mg_F16
23;H6;0.084399998;600nm;Mg_F16
23;H7;0.083899997;600nm;Mg_F16
23;H8;0.083999999;600nm;Mg_F16
23;H9;0.103;600nm;WT_noF16
23;H10;0.1206;600nm;WT_noF16
23;H11;0.175099999;600nm;WT_noF16
23;H12;0.186100006;600nm;WT_noF16
23;A1;1083;475nm/510nm;Mu
23;A2;1053;475nm/510nm;Mu
23;A3;1095;475nm/510nm;Mu
23;A4;1165;475nm/510nm;Mu
23;A5;1166;475nm/510nm;Mu
23;A6;1293;475nm/510nm;Mu
23;A7;1540;475nm/510nm;Mu
23;A8;1540;475nm/510nm;Mu
23;A9;1759;475nm/510nm;Mu
23;A10;1514;475nm/510nm;Mu
23;A11;1671;475nm/510nm;Mu
23;A12;2718;475nm/510nm;Mu
23;B1;1076;475nm/510nm;Mu
23;B2;1016;475nm/510nm;Mu
23;B3;1008;475nm/510nm;Mu
23;B4;950;475nm/510nm;Mu
23;B5;991;475nm/510nm;Mu
23;B6;1060;475nm/510nm;Mu
23;B7;1070;475nm/510nm;Mu
23;B8;1006;475nm/510nm;Mu
23;B9;1063;475nm/510nm;Mu
23;B10;1058;475nm/510nm;Mu
23;B11;1020;475nm/510nm;Mu
23;B12;1034;475nm/510nm;Mu
23;C1;1055;475nm/510nm;Mu
23;C2;982;475nm/510nm;Mu
23;C3;941;475nm/510nm;Mu
23;C4;914;475nm/510nm;Mu
23;C5;928;475nm/510nm;Mu
23;C6;679;475nm/510nm;Mu
23;C7;948;475nm/510nm;Mu
23;C8;970;475nm/510nm;Mu
23;C9;1024;475nm/510nm;Mu
23;C10;1023;475nm/510nm;Mu
23;C11;983;475nm/510nm;Mu
23;C12;1171;475nm/510nm;Mu
23;D1;1223;475nm/510nm;Mu
23;D2;1091;475nm/510nm;Mu
23;D3;1062;475nm/510nm;Mu
23;D4;1083;475nm/510nm;Mu
23;D5;1143;475nm/510nm;Mu
23;D6;1135;475nm/510nm;Mu
23;D7;1100;475nm/510nm;Mu
23;D8;1079;475nm/510nm;Mu
23;D9;1144;475nm/510nm;Mu
23;D10;1084;475nm/510nm;Mu
23;D11;1081;475nm/510nm;Mu
23;D12;1221;475nm/510nm;Mu
23;E1;958;475nm/510nm;Mu
23;E2;953;475nm/510nm;Mu
23;E3;984;475nm/510nm;Mu
23;E4;998;475nm/510nm;Mu
23;E5;1011;475nm/510nm;Mu
23;E6;1023;475nm/510nm;Mu
23;E7;1009;475nm/510nm;Mu
23;E8;1121;475nm/510nm;Mu
23;E9;1354;475nm/510nm;Mu
23;E10;1136;475nm/510nm;Mu
23;E11;1217;475nm/510nm;Mu
23;E12;1264;475nm/510nm;Mu
23;F1;1294;475nm/510nm;Mu
23;F2;1008;475nm/510nm;Mu
23;F3;1875;475nm/510nm;Mu
23;F4;1050;475nm/510nm;Mu
23;F5;1064;475nm/510nm;Mu
23;F6;1114;475nm/510nm;Mu
23;F7;1058;475nm/510nm;Mu
23;F8;1102;475nm/510nm;Mu
23;F9;1230;475nm/510nm;Mu
23;F10;1204;475nm/510nm;Mu
23;F11;1220;475nm/510nm;Mu
23;F12;1280;475nm/510nm;Mu
23;G1;1139;475nm/510nm;Mu
23;G2;1201;475nm/510nm;Mu
23;G3;1103;475nm/510nm;Mu
23;G4;1331;475nm/510nm;Mu
23;G5;1269;475nm/510nm;Mu
23;G6;1265;475nm/510nm;Mu
23;G7;1203;475nm/510nm;Mu
23;G8;1202;475nm/510nm;Mu
23;G9;1206;475nm/510nm;Mu
23;G10;1093;475nm/510nm;Mu
23;G11;1359;475nm/510nm;Mu
23;G12;1522;475nm/510nm;Mu
23;H1;1017;475nm/510nm;WT_F16
23;H2;1041;475nm/510nm;WT_F16
23;H3;1014;475nm/510nm;WT_F16
23;H4;1275;475nm/510nm;WT_F16
23;H5;167;475nm/510nm;Mg_F16
23;H6;166;475nm/510nm;Mg_F16
23;H7;157;475nm/510nm;Mg_F16
23;H8;165;475nm/510nm;Mg_F16
23;H9;485;475nm/510nm;WT_noF16
23;H10;471;475nm/510nm;WT_noF16
23;H11;468;475nm/510nm;WT_noF16
23;H12;451;475nm/510nm;WT_noF16
24;A1;0.127900004;600nm;Mu
24;A2;0.178499997;600nm;Mu
24;A3;0.174999997;600nm;Mu
24;A4;0.171299994;600nm;Mu
24;A5;0.181500003;600nm;Mu
24;A6;0.169699997;600nm;Mu
24;A7;0.157900006;600nm;Mu
24;A8;0.174799994;600nm;Mu
24;A9;0.167899996;600nm;Mu
24;A10;0.172600001;600nm;Mu
24;A11;0.168899998;600nm;Mu
24;A12;0.1743;600nm;Mu
24;B1;0.183300003;600nm;Mu
24;B2;0.149599999;600nm;Mu
24;B3;0.143600002;600nm;Mu
24;B4;0.158700004;600nm;Mu
24;B5;0.1646;600nm;Mu
24;B6;0.156499997;600nm;Mu
24;B7;0.150600001;600nm;Mu
24;B8;0.158700004;600nm;Mu
24;B9;0.155699998;600nm;Mu
24;B10;0.166899994;600nm;Mu
24;B11;0.175999999;600nm;Mu
24;B12;0.190200001;600nm;Mu
24;C1;0.161500007;600nm;Mu
24;C2;0.149900004;600nm;Mu
24;C3;0.146300003;600nm;Mu
24;C4;0.147200003;600nm;Mu
24;C5;0.149399996;600nm;Mu
24;C6;0.151299998;600nm;Mu
24;C7;0.150099993;600nm;Mu
24;C8;0.148499995;600nm;Mu
24;C9;0.1479;600nm;Mu
24;C10;0.134100005;600nm;Mu
24;C11;0.144999996;600nm;Mu
24;C12;0.175500005;600nm;Mu
24;D1;0.135199994;600nm;Mu
24;D2;0.126800001;600nm;Mu
24;D3;0.136999995;600nm;Mu
24;D4;0.146200001;600nm;Mu
24;D5;0.135600001;600nm;Mu
24;D6;0.143000007;600nm;Mu
24;D7;0.159899995;600nm;Mu
24;D8;0.134800002;600nm;Mu
24;D9;0.132599995;600nm;Mu
24;D10;0.136700004;600nm;Mu
24;D11;0.136299998;600nm;Mu
24;D12;0.149800003;600nm;Mu
24;E1;0.152999997;600nm;Mu
24;E2;0.136600003;600nm;Mu
24;E3;0.138099998;600nm;Mu
24;E4;0.149299994;600nm;Mu
24;E5;0.153300002;600nm;Mu
24;E6;0.161300004;600nm;Mu
24;E7;0.1426;600nm;Mu
24;E8;0.1417;600nm;Mu
24;E9;0.175799996;600nm;Mu
24;E10;0.143099993;600nm;Mu
24;E11;0.158199996;600nm;Mu
24;E12;0.160300002;600nm;Mu
24;F1;0.162799999;600nm;Mu
24;F2;0.196199998;600nm;Mu
24;F3;0.155399993;600nm;Mu
24;F4;0.143999994;600nm;Mu
24;F5;0.143800005;600nm;Mu
24;F6;0.144199997;600nm;Mu
24;F7;0.152600005;600nm;Mu
24;F8;0.153600007;600nm;Mu
24;F9;0.157600001;600nm;Mu
24;F10;0.164100006;600nm;Mu
24;F11;0.186000004;600nm;Mu
24;F12;0.170599997;600nm;Mu
24;G1;0.2042;600nm;Mu
24;G2;0.2007;600nm;Mu
24;G3;0.196199998;600nm;Mu
24;G4;0.160600007;600nm;Mu
24;G5;0.185200006;600nm;Mu
24;G6;0.170499995;600nm;Mu
24;G7;0.164000005;600nm;Mu
24;G8;0.166800007;600nm;Mu
24;G9;0.159799993;600nm;Mu
24;G10;0.148200005;600nm;Mu
24;G11;0.155200005;600nm;Mu
24;G12;0.181400001;600nm;Mu
24;H1;0.1655;600nm;WT_F16
24;H2;0.164000005;600nm;WT_F16
24;H3;0.161699995;600nm;WT_F16
24;H4;0.176699996;600nm;WT_F16
24;H5;0.084299996;600nm;Mg_F16
24;H6;0.084700003;600nm;Mg_F16
24;H7;0.085900001;600nm;Mg_F16
24;H8;0.087099999;600nm;Mg_F16
24;H9;0.116300002;600nm;WT_noF16
24;H10;0.1171;600nm;WT_noF16
24;H11;0.148599997;600nm;WT_noF16
24;H12;0.189700007;600nm;WT_noF16
24;A1;957;475nm/510nm;Mu
24;A2;1082;475nm/510nm;Mu
24;A3;1207;475nm/510nm;Mu
24;A4;1101;475nm/510nm;Mu
24;A5;1054;475nm/510nm;Mu
24;A6;1017;475nm/510nm;Mu
24;A7;1027;475nm/510nm;Mu
24;A8;1293;475nm/510nm;Mu
24;A9;1078;475nm/510nm;Mu
24;A10;1217;475nm/510nm;Mu
24;A11;1080;475nm/510nm;Mu
24;A12;1248;475nm/510nm;Mu
24;B1;1095;475nm/510nm;Mu
24;B2;942;475nm/510nm;Mu
24;B3;916;475nm/510nm;Mu
24;B4;1004;475nm/510nm;Mu
24;B5;985;475nm/510nm;Mu
24;B6;1028;475nm/510nm;Mu
24;B7;978;475nm/510nm;Mu
24;B8;981;475nm/510nm;Mu
24;B9;1021;475nm/510nm;Mu
24;B10;1087;475nm/510nm;Mu
24;B11;1072;475nm/510nm;Mu
24;B12;1250;475nm/510nm;Mu
24;C1;936;475nm/510nm;Mu
24;C2;923;475nm/510nm;Mu
24;C3;918;475nm/510nm;Mu
24;C4;939;475nm/510nm;Mu
24;C5;960;475nm/510nm;Mu
24;C6;947;475nm/510nm;Mu
24;C7;983;475nm/510nm;Mu
24;C8;1001;475nm/510nm;Mu
24;C9;988;475nm/510nm;Mu
24;C10;917;475nm/510nm;Mu
24;C11;903;475nm/510nm;Mu
24;C12;1094;475nm/510nm;Mu
24;D1;684;475nm/510nm;Mu
24;D2;776;475nm/510nm;Mu
24;D3;832;475nm/510nm;Mu
24;D4;845;475nm/510nm;Mu
24;D5;863;475nm/510nm;Mu
24;D6;870;475nm/510nm;Mu
24;D7;1040;475nm/510nm;Mu
24;D8;849;475nm/510nm;Mu
24;D9;875;475nm/510nm;Mu
24;D10;887;475nm/510nm;Mu
24;D11;1064;475nm/510nm;Mu
24;D12;1033;475nm/510nm;Mu
24;E1;968;475nm/510nm;Mu
24;E2;883;475nm/510nm;Mu
24;E3;887;475nm/510nm;Mu
24;E4;1083;475nm/510nm;Mu
24;E5;943;475nm/510nm;Mu
24;E6;972;475nm/510nm;Mu
24;E7;940;475nm/510nm;Mu
24;E8;922;475nm/510nm;Mu
24;E9;1205;475nm/510nm;Mu
24;E10;975;475nm/510nm;Mu
24;E11;1347;475nm/510nm;Mu
24;E12;1034;475nm/510nm;Mu
24;F1;970;475nm/510nm;Mu
24;F2;1224;475nm/510nm;Mu
24;F3;985;475nm/510nm;Mu
24;F4;1004;475nm/510nm;Mu
24;F5;999;475nm/510nm;Mu
24;F6;978;475nm/510nm;Mu
24;F7;1173;475nm/510nm;Mu
24;F8;1162;475nm/510nm;Mu
24;F9;1030;475nm/510nm;Mu
24;F10;1123;475nm/510nm;Mu
24;F11;1163;475nm/510nm;Mu
24;F12;1099;475nm/510nm;Mu
24;G1;1407;475nm/510nm;Mu
24;G2;1206;475nm/510nm;Mu
24;G3;1250;475nm/510nm;Mu
24;G4;1151;475nm/510nm;Mu
24;G5;1245;475nm/510nm;Mu
24;G6;1144;475nm/510nm;Mu
24;G7;1070;475nm/510nm;Mu
24;G8;1149;475nm/510nm;Mu
24;G9;1079;475nm/510nm;Mu
24;G10;1024;475nm/510nm;Mu
24;G11;1042;475nm/510nm;Mu
24;G12;1317;475nm/510nm;Mu
24;H1;997;475nm/510nm;WT_F16
24;H2;1031;475nm/510nm;WT_F16
24;H3;990;475nm/510nm;WT_F16
24;H4;1043;475nm/510nm;WT_F16
24;H5;162;475nm/510nm;Mg_F16
24;H6;169;475nm/510nm;Mg_F16
24;H7;177;475nm/510nm;Mg_F16
24;H8;176;475nm/510nm;Mg_F16
24;H9;456;475nm/510nm;WT_noF16
24;H10;453;475nm/510nm;WT_noF16
24;H11;462;475nm/510nm;WT_noF16
24;H12;438;475nm/510nm;WT_noF16
25;A1;0.251899987;600nm;Mu
25;A2;0.66839999;600nm;Mu
25;A3;0.232999995;600nm;Mu
25;A4;0.2377;600nm;Mu
25;A5;0.164499998;600nm;Mu
25;A6;0.193399996;600nm;Mu
25;A7;0.209800005;600nm;Mu
25;A8;0.195199996;600nm;Mu
25;A9;0.231299996;600nm;Mu
25;A10;0.216199994;600nm;Mu
25;A11;0.274199992;600nm;Mu
25;A12;0.206;600nm;Mu
25;B1;0.551900029;600nm;Mu
25;B2;0.211600006;600nm;Mu
25;B3;0.186399996;600nm;Mu
25;B4;0.208100006;600nm;Mu
25;B5;0.2104;600nm;Mu
25;B6;0.184;600nm;Mu
25;B7;0.180500001;600nm;Mu
25;B8;0.207900003;600nm;Mu
25;B9;0.246800005;600nm;Mu
25;B10;0.187900007;600nm;Mu
25;B11;0.171499997;600nm;Mu
25;B12;0.216999993;600nm;Mu
25;C1;0.326299995;600nm;Mu
25;C2;0.184200004;600nm;Mu
25;C3;0.189400002;600nm;Mu
25;C4;0.192100003;600nm;Mu
25;C5;0.167099997;600nm;Mu
25;C6;0.183300003;600nm;Mu
25;C7;0.178399995;600nm;Mu
25;C8;0.181299999;600nm;Mu
25;C9;0.177599996;600nm;Mu
25;C10;0.165199995;600nm;Mu
25;C11;0.168099999;600nm;Mu
25;C12;0.161899999;600nm;Mu
25;D1;0.160300002;600nm;Mu
25;D2;0.142499998;600nm;Mu
25;D3;0.2042;600nm;Mu
25;D4;0.191599995;600nm;Mu
25;D5;0.169499993;600nm;Mu
25;D6;0.192399994;600nm;Mu
25;D7;0.193100005;600nm;Mu
25;D8;0.187399998;600nm;Mu
25;D9;0.205799997;600nm;Mu
25;D10;0.199900001;600nm;Mu
25;D11;0.155200005;600nm;Mu
25;D12;0.167999998;600nm;Mu
25;E1;0.176400006;600nm;Mu
25;E2;0.156800002;600nm;Mu
25;E3;0.196500003;600nm;Mu
25;E4;0.175600007;600nm;Mu
25;E5;0.168099999;600nm;Mu
25;E6;0.195700005;600nm;Mu
25;E7;0.190400004;600nm;Mu
25;E8;0.164199993;600nm;Mu
25;E9;0.184200004;600nm;Mu
25;E10;0.193200007;600nm;Mu
25;E11;0.181999996;600nm;Mu
25;E12;0.220500007;600nm;Mu
25;F1;0.172600001;600nm;Mu
25;F2;0.163399994;600nm;Mu
25;F3;0.151099995;600nm;Mu
25;F4;0.1778;600nm;Mu
25;F5;0.179100007;600nm;Mu
25;F6;0.201299995;600nm;Mu
25;F7;0.155499995;600nm;Mu
25;F8;0.162100002;600nm;Mu
25;F9;0.158000007;600nm;Mu
25;F10;0.136500001;600nm;Mu
25;F11;0.175400004;600nm;Mu
25;F12;0.180299997;600nm;Mu
25;G1;0.199599996;600nm;Mu
25;G2;0.176300004;600nm;Mu
25;G3;0.168599993;600nm;Mu
25;G4;0.166999996;600nm;Mu
25;G5;0.172900006;600nm;Mu
25;G6;0.184300005;600nm;Mu
25;G7;0.170900002;600nm;Mu
25;G8;0.157900006;600nm;Mu
25;G9;0.154899999;600nm;Mu
25;G10;0.163699999;600nm;Mu
25;G11;0.154300004;600nm;Mu
25;G12;0.210600004;600nm;Mu
25;H1;0.157000005;600nm;WT_F16
25;H2;0.162599996;600nm;WT_F16
25;H3;0.170499995;600nm;WT_F16
25;H4;0.172600001;600nm;WT_F16
25;H5;0.081900001;600nm;Mg_F16
25;H6;0.094499998;600nm;Mg_F16
25;H7;0.083300002;600nm;Mg_F16
25;H8;0.085299999;600nm;Mg_F16
25;H9;0.177100003;600nm;WT_noF16
25;H10;0.202600002;600nm;WT_noF16
25;H11;0.204799995;600nm;WT_noF16
25;H12;0.203600004;600nm;WT_noF16
25;A1;1597;475nm/510nm;Mu
25;A2;952;475nm/510nm;Mu
25;A3;1434;475nm/510nm;Mu
25;A4;1593;475nm/510nm;Mu
25;A5;1584;475nm/510nm;Mu
25;A6;1265;475nm/510nm;Mu
25;A7;1462;475nm/510nm;Mu
25;A8;1355;475nm/510nm;Mu
25;A9;1524;475nm/510nm;Mu
25;A10;1493;475nm/510nm;Mu
25;A11;1779;475nm/510nm;Mu
25;A12;1316;475nm/510nm;Mu
25;B1;1277;475nm/510nm;Mu
25;B2;1259;475nm/510nm;Mu
25;B3;1071;475nm/510nm;Mu
25;B4;1291;475nm/510nm;Mu
25;B5;1285;475nm/510nm;Mu
25;B6;1252;475nm/510nm;Mu
25;B7;1085;475nm/510nm;Mu
25;B8;1285;475nm/510nm;Mu
25;B9;1805;475nm/510nm;Mu
25;B10;1347;475nm/510nm;Mu
25;B11;1069;475nm/510nm;Mu
25;B12;1318;475nm/510nm;Mu
25;C1;838;475nm/510nm;Mu
25;C2;1094;475nm/510nm;Mu
25;C3;994;475nm/510nm;Mu
25;C4;1283;475nm/510nm;Mu
25;C5;760;475nm/510nm;Mu
25;C6;875;475nm/510nm;Mu
25;C7;945;475nm/510nm;Mu
25;C8;963;475nm/510nm;Mu
25;C9;1093;475nm/510nm;Mu
25;C10;1093;475nm/510nm;Mu
25;C11;1048;475nm/510nm;Mu
25;C12;1048;475nm/510nm;Mu
25;D1;804;475nm/510nm;Mu
25;D2;847;475nm/510nm;Mu
25;D3;808;475nm/510nm;Mu
25;D4;848;475nm/510nm;Mu
25;D5;769;475nm/510nm;Mu
25;D6;895;475nm/510nm;Mu
25;D7;850;475nm/510nm;Mu
25;D8;859;475nm/510nm;Mu
25;D9;982;475nm/510nm;Mu
25;D10;1105;475nm/510nm;Mu
25;D11;935;475nm/510nm;Mu
25;D12;1155;475nm/510nm;Mu
25;E1;936;475nm/510nm;Mu
25;E2;1013;475nm/510nm;Mu
25;E3;744;475nm/510nm;Mu
25;E4;748;475nm/510nm;Mu
25;E5;762;475nm/510nm;Mu
25;E6;842;475nm/510nm;Mu
25;E7;815;475nm/510nm;Mu
25;E8;812;475nm/510nm;Mu
25;E9;875;475nm/510nm;Mu
25;E10;916;475nm/510nm;Mu
25;E11;1135;475nm/510nm;Mu
25;E12;1567;475nm/510nm;Mu
25;F1;1194;475nm/510nm;Mu
25;F2;1096;475nm/510nm;Mu
25;F3;954;475nm/510nm;Mu
25;F4;1492;475nm/510nm;Mu
25;F5;851;475nm/510nm;Mu
25;F6;2686;475nm/510nm;Mu
25;F7;837;475nm/510nm;Mu
25;F8;939;475nm/510nm;Mu
25;F9;953;475nm/510nm;Mu
25;F10;829;475nm/510nm;Mu
25;F11;1612;475nm/510nm;Mu
25;F12;1169;475nm/510nm;Mu
25;G1;1411;475nm/510nm;Mu
25;G2;1115;475nm/510nm;Mu
25;G3;1048;475nm/510nm;Mu
25;G4;1162;475nm/510nm;Mu
25;G5;1112;475nm/510nm;Mu
25;G6;1145;475nm/510nm;Mu
25;G7;1103;475nm/510nm;Mu
25;G8;1016;475nm/510nm;Mu
25;G9;932;475nm/510nm;Mu
25;G10;1025;475nm/510nm;Mu
25;G11;989;475nm/510nm;Mu
25;G12;1443;475nm/510nm;Mu
25;H1;1254;475nm/510nm;WT_F16
25;H2;986;475nm/510nm;WT_F16
25;H3;991;475nm/510nm;WT_F16
25;H4;1069;475nm/510nm;WT_F16
25;H5;159;475nm/510nm;Mg_F16
25;H6;162;475nm/510nm;Mg_F16
25;H7;162;475nm/510nm;Mg_F16
25;H8;157;475nm/510nm;Mg_F16
25;H9;456;475nm/510nm;WT_noF16
25;H10;446;475nm/510nm;WT_noF16
25;H11;474;475nm/510nm;WT_noF16
25;H12;437;475nm/510nm;WT_noF16
26;A1;0.142100006;600nm;Mu
26;A2;0.171800002;600nm;Mu
26;A3;0.150999993;600nm;Mu
26;A4;0.151500002;600nm;Mu
26;A5;0.153999999;600nm;Mu
26;A6;0.142199993;600nm;Mu
26;A7;0.1646;600nm;Mu
26;A8;0.148599997;600nm;Mu
26;A9;0.143099993;600nm;Mu
26;A10;0.150000006;600nm;Mu
26;A11;0.135299996;600nm;Mu
26;A12;0.152400002;600nm;Mu
26;B1;0.147499993;600nm;Mu
26;B2;0.155200005;600nm;Mu
26;B3;0.130600005;600nm;Mu
26;B4;0.119999997;600nm;Mu
26;B5;0.143600002;600nm;Mu
26;B6;0.115000002;600nm;Mu
26;B7;0.117700003;600nm;Mu
26;B8;0.126599997;600nm;Mu
26;B9;0.130600005;600nm;Mu
26;B10;0.131600007;600nm;Mu
26;B11;0.123999998;600nm;Mu
26;B12;0.133599997;600nm;Mu
26;C1;0.126800001;600nm;Mu
26;C2;0.154799998;600nm;Mu
26;C3;0.145699993;600nm;Mu
26;C4;0.185800001;600nm;Mu
26;C5;0.180500001;600nm;Mu
26;C6;0.188899994;600nm;Mu
26;C7;0.162400007;600nm;Mu
26;C8;0.166199997;600nm;Mu
26;C9;0.1884;600nm;Mu
26;C10;0.1778;600nm;Mu
26;C11;0.131400004;600nm;Mu
26;C12;0.139500007;600nm;Mu
26;D1;0.150600001;600nm;Mu
26;D2;0.136899993;600nm;Mu
26;D3;0.155000001;600nm;Mu
26;D4;0.212799996;600nm;Mu
26;D5;0.174099997;600nm;Mu
26;D6;0.144400001;600nm;Mu
26;D7;0.178599998;600nm;Mu
26;D8;0.172299996;600nm;Mu
26;D9;0.175799996;600nm;Mu
26;D10;0.167400002;600nm;Mu
26;D11;0.133100003;600nm;Mu
26;D12;0.149399996;600nm;Mu
26;E1;0.176200002;600nm;Mu
26;E2;0.151700005;600nm;Mu
26;E3;0.161799997;600nm;Mu
26;E4;0.173099995;600nm;Mu
26;E5;0.193200007;600nm;Mu
26;E6;0.178499997;600nm;Mu
26;E7;0.177399993;600nm;Mu
26;E8;0.176400006;600nm;Mu
26;E9;0.182600006;600nm;Mu
26;E10;0.220899999;600nm;Mu
26;E11;0.147499993;600nm;Mu
26;E12;0.132599995;600nm;Mu
26;F1;0.153699994;600nm;Mu
26;F2;0.130700007;600nm;Mu
26;F3;0.146500006;600nm;Mu
26;F4;0.144099995;600nm;Mu
26;F5;0.155599996;600nm;Mu
26;F6;0.144600004;600nm;Mu
26;F7;0.157700002;600nm;Mu
26;F8;0.156800002;600nm;Mu
26;F9;0.190099999;600nm;Mu
26;F10;0.181099996;600nm;Mu
26;F11;0.131400004;600nm;Mu
26;F12;0.135000005;600nm;Mu
26;G1;0.174199998;600nm;Mu
26;G2;0.139400005;600nm;Mu
26;G3;0.139699996;600nm;Mu
26;G4;0.137899995;600nm;Mu
26;G5;0.139500007;600nm;Mu
26;G6;0.161699995;600nm;Mu
26;G7;0.163399994;600nm;Mu
26;G8;0.1514;600nm;Mu
26;G9;0.146599993;600nm;Mu
26;G10;0.134200007;600nm;Mu
26;G11;0.1391;600nm;Mu
26;G12;0.144400001;600nm;Mu
26;H1;0.127299994;600nm;WT_F16
26;H2;0.131400004;600nm;WT_F16
26;H3;0.151899993;600nm;WT_F16
26;H4;0.143999994;600nm;WT_F16
26;H5;0.082599998;600nm;Mg_F16
26;H6;0.083800003;600nm;Mg_F16
26;H7;0.083300002;600nm;Mg_F16
26;H8;0.088699996;600nm;Mg_F16
26;H9;0.145199999;600nm;WT_noF16
26;H10;0.1228;600nm;WT_noF16
26;H11;0.128000006;600nm;WT_noF16
26;H12;0.184100002;600nm;WT_noF16
26;A1;925;475nm/510nm;Mu
26;A2;971;475nm/510nm;Mu
26;A3;890;475nm/510nm;Mu
26;A4;863;475nm/510nm;Mu
26;A5;920;475nm/510nm;Mu
26;A6;842;475nm/510nm;Mu
26;A7;894;475nm/510nm;Mu
26;A8;858;475nm/510nm;Mu
26;A9;844;475nm/510nm;Mu
26;A10;859;475nm/510nm;Mu
26;A11;765;475nm/510nm;Mu
26;A12;1460;475nm/510nm;Mu
26;B1;812;475nm/510nm;Mu
26;B2;855;475nm/510nm;Mu
26;B3;739;475nm/510nm;Mu
26;B4;632;475nm/510nm;Mu
26;B5;1075;475nm/510nm;Mu
26;B6;611;475nm/510nm;Mu
26;B7;673;475nm/510nm;Mu
26;B8;672;475nm/510nm;Mu
26;B9;808;475nm/510nm;Mu
26;B10;897;475nm/510nm;Mu
26;B11;680;475nm/510nm;Mu
26;B12;749;475nm/510nm;Mu
26;C1;796;475nm/510nm;Mu
26;C2;948;475nm/510nm;Mu
26;C3;718;475nm/510nm;Mu
26;C4;1053;475nm/510nm;Mu
26;C5;736;475nm/510nm;Mu
26;C6;759;475nm/510nm;Mu
26;C7;715;475nm/510nm;Mu
26;C8;722;475nm/510nm;Mu
26;C9;648;475nm/510nm;Mu
26;C10;764;475nm/510nm;Mu
26;C11;780;475nm/510nm;Mu
26;C12;794;475nm/510nm;Mu
26;D1;872;475nm/510nm;Mu
26;D2;801;475nm/510nm;Mu
26;D3;711;475nm/510nm;Mu
26;D4;855;475nm/510nm;Mu
26;D5;733;475nm/510nm;Mu
26;D6;716;475nm/510nm;Mu
26;D7;722;475nm/510nm;Mu
26;D8;687;475nm/510nm;Mu
26;D9;644;475nm/510nm;Mu
26;D10;738;475nm/510nm;Mu
26;D11;782;475nm/510nm;Mu
26;D12;935;475nm/510nm;Mu
26;E1;767;475nm/510nm;Mu
26;E2;798;475nm/510nm;Mu
26;E3;830;475nm/510nm;Mu
26;E4;724;475nm/510nm;Mu
26;E5;864;475nm/510nm;Mu
26;E6;756;475nm/510nm;Mu
26;E7;1109;475nm/510nm;Mu
26;E8;725;475nm/510nm;Mu
26;E9;682;475nm/510nm;Mu
26;E10;712;475nm/510nm;Mu
26;E11;1023;475nm/510nm;Mu
26;E12;744;475nm/510nm;Mu
26;F1;808;475nm/510nm;Mu
26;F2;754;475nm/510nm;Mu
26;F3;744;475nm/510nm;Mu
26;F4;676;475nm/510nm;Mu
26;F5;671;475nm/510nm;Mu
26;F6;632;475nm/510nm;Mu
26;F7;641;475nm/510nm;Mu
26;F8;555;475nm/510nm;Mu
26;F9;601;475nm/510nm;Mu
26;F10;653;475nm/510nm;Mu
26;F11;734;475nm/510nm;Mu
26;F12;731;475nm/510nm;Mu
26;G1;2296;475nm/510nm;Mu
26;G2;776;475nm/510nm;Mu
26;G3;810;475nm/510nm;Mu
26;G4;797;475nm/510nm;Mu
26;G5;874;475nm/510nm;Mu
26;G6;808;475nm/510nm;Mu
26;G7;838;475nm/510nm;Mu
26;G8;833;475nm/510nm;Mu
26;G9;1389;475nm/510nm;Mu
26;G10;761;475nm/510nm;Mu
26;G11;775;475nm/510nm;Mu
26;G12;855;475nm/510nm;Mu
26;H1;684;475nm/510nm;WT_F16
26;H2;617;475nm/510nm;WT_F16
26;H3;770;475nm/510nm;WT_F16
26;H4;788;475nm/510nm;WT_F16
26;H5;155;475nm/510nm;Mg_F16
26;H6;161;475nm/510nm;Mg_F16
26;H7;165;475nm/510nm;Mg_F16
26;H8;171;475nm/510nm;Mg_F16
26;H9;417;475nm/510nm;WT_noF16
26;H10;414;475nm/510nm;WT_noF16
26;H11;420;475nm/510nm;WT_noF16
26;H12;424;475nm/510nm;WT_noF16
27;A1;0.178200006;600nm;Mu
27;A2;0.148599997;600nm;Mu
27;A3;0.161699995;600nm;Mu
27;A4;0.159999996;600nm;Mu
27;A5;0.150999993;600nm;Mu
27;A6;0.138400003;600nm;Mu
27;A7;0.131099999;600nm;Mu
27;A8;0.132300004;600nm;Mu
27;A9;0.1435;600nm;Mu
27;A10;0.143999994;600nm;Mu
27;A11;0.158999994;600nm;Mu
27;A12;0.152700007;600nm;Mu
27;B1;0.1391;600nm;Mu
27;B2;0.136000007;600nm;Mu
27;B3;0.137799993;600nm;Mu
27;B4;0.130199999;600nm;Mu
27;B5;0.129899994;600nm;Mu
27;B6;0.125200003;600nm;Mu
27;B7;0.125699997;600nm;Mu
27;B8;0.124600001;600nm;Mu
27;B9;0.1285;600nm;Mu
27;B10;0.092500001;600nm;Mu
27;B11;0.139200002;600nm;Mu
27;B12;0.155499995;600nm;Mu
27;C1;0.164199993;600nm;Mu
27;C2;0.140000001;600nm;Mu
27;C3;0.137899995;600nm;Mu
27;C4;0.132300004;600nm;Mu
27;C5;0.125599995;600nm;Mu
27;C6;0.126499996;600nm;Mu
27;C7;0.127100006;600nm;Mu
27;C8;0.142499998;600nm;Mu
27;C9;0.132200003;600nm;Mu
27;C10;0.143000007;600nm;Mu
27;C11;0.133699998;600nm;Mu
27;C12;0.145799994;600nm;Mu
27;D1;0.165800005;600nm;Mu
27;D2;0.156499997;600nm;Mu
27;D3;0.146899998;600nm;Mu
27;D4;0.144800007;600nm;Mu
27;D5;0.162400007;600nm;Mu
27;D6;0.132699996;600nm;Mu
27;D7;0.142199993;600nm;Mu
27;D8;0.145600006;600nm;Mu
27;D9;0.133100003;600nm;Mu
27;D10;0.134100005;600nm;Mu
27;D11;0.149900004;600nm;Mu
27;D12;0.139200002;600nm;Mu
27;E1;0.1998;600nm;Mu
27;E2;0.156000003;600nm;Mu
27;E3;0.136099994;600nm;Mu
27;E4;0.135299996;600nm;Mu
27;E5;0.135800004;600nm;Mu
27;E6;0.149000004;600nm;Mu
27;E7;0.148699999;600nm;Mu
27;E8;0.143900007;600nm;Mu
27;E9;0.1391;600nm;Mu
27;E10;0.127299994;600nm;Mu
27;E11;0.129600003;600nm;Mu
27;E12;0.138699993;600nm;Mu
27;F1;0.155300006;600nm;Mu
27;F2;0.138799995;600nm;Mu
27;F3;0.163399994;600nm;Mu
27;F4;0.133000001;600nm;Mu
27;F5;0.142199993;600nm;Mu
27;F6;0.132400006;600nm;Mu
27;F7;0.138500005;600nm;Mu
27;F8;0.139899999;600nm;Mu
27;F9;0.137199998;600nm;Mu
27;F10;0.128700003;600nm;Mu
27;F11;0.128999993;600nm;Mu
27;F12;0.148800001;600nm;Mu
27;G1;0.196600005;600nm;Mu
27;G2;0.177200004;600nm;Mu
27;G3;0.1646;600nm;Mu
27;G4;0.151800007;600nm;Mu
27;G5;0.145500004;600nm;Mu
27;G6;0.144500002;600nm;Mu
27;G7;0.159899995;600nm;Mu
27;G8;0.149000004;600nm;Mu
27;G9;0.142399997;600nm;Mu
27;G10;0.136800006;600nm;Mu
27;G11;0.131400004;600nm;Mu
27;G12;0.137500003;600nm;Mu
27;H1;0.133300006;600nm;WT_F16
27;H2;0.136999995;600nm;WT_F16
27;H3;0.142100006;600nm;WT_F16
27;H4;0.148900002;600nm;WT_F16
27;H5;0.081799999;600nm;Mg_F16
27;H6;0.081799999;600nm;Mg_F16
27;H7;0.082599998;600nm;Mg_F16
27;H8;0.082000002;600nm;Mg_F16
27;H9;0.092500001;600nm;WT_noF16
27;H10;0.089199997;600nm;WT_noF16
27;H11;0.088699996;600nm;WT_noF16
27;H12;0.156599998;600nm;WT_noF16
27;A1;1152;475nm/510nm;Mu
27;A2;934;475nm/510nm;Mu
27;A3;1044;475nm/510nm;Mu
27;A4;1003;475nm/510nm;Mu
27;A5;932;475nm/510nm;Mu
27;A6;898;475nm/510nm;Mu
27;A7;864;475nm/510nm;Mu
27;A8;889;475nm/510nm;Mu
27;A9;909;475nm/510nm;Mu
27;A10;961;475nm/510nm;Mu
27;A11;1083;475nm/510nm;Mu
27;A12;1118;475nm/510nm;Mu
27;B1;780;475nm/510nm;Mu
27;B2;846;475nm/510nm;Mu
27;B3;852;475nm/510nm;Mu
27;B4;798;475nm/510nm;Mu
27;B5;814;475nm/510nm;Mu
27;B6;786;475nm/510nm;Mu
27;B7;814;475nm/510nm;Mu
27;B8;1076;475nm/510nm;Mu
27;B9;878;475nm/510nm;Mu
27;B10;542;475nm/510nm;Mu
27;B11;1003;475nm/510nm;Mu
27;B12;1177;475nm/510nm;Mu
27;C1;1058;475nm/510nm;Mu
27;C2;878;475nm/510nm;Mu
27;C3;883;475nm/510nm;Mu
27;C4;812;475nm/510nm;Mu
27;C5;785;475nm/510nm;Mu
27;C6;817;475nm/510nm;Mu
27;C7;829;475nm/510nm;Mu
27;C8;1457;475nm/510nm;Mu
27;C9;861;475nm/510nm;Mu
27;C10;939;475nm/510nm;Mu
27;C11;889;475nm/510nm;Mu
27;C12;971;475nm/510nm;Mu
27;D1;1042;475nm/510nm;Mu
27;D2;959;475nm/510nm;Mu
27;D3;920;475nm/510nm;Mu
27;D4;912;475nm/510nm;Mu
27;D5;1034;475nm/510nm;Mu
27;D6;875;475nm/510nm;Mu
27;D7;939;475nm/510nm;Mu
27;D8;998;475nm/510nm;Mu
27;D9;831;475nm/510nm;Mu
27;D10;920;475nm/510nm;Mu
27;D11;976;475nm/510nm;Mu
27;D12;926;475nm/510nm;Mu
27;E1;1684;475nm/510nm;Mu
27;E2;952;475nm/510nm;Mu
27;E3;872;475nm/510nm;Mu
27;E4;857;475nm/510nm;Mu
27;E5;877;475nm/510nm;Mu
27;E6;917;475nm/510nm;Mu
27;E7;875;475nm/510nm;Mu
27;E8;899;475nm/510nm;Mu
27;E9;822;475nm/510nm;Mu
27;E10;717;475nm/510nm;Mu
27;E11;855;475nm/510nm;Mu
27;E12;858;475nm/510nm;Mu
27;F1;1063;475nm/510nm;Mu
27;F2;895;475nm/510nm;Mu
27;F3;1020;475nm/510nm;Mu
27;F4;862;475nm/510nm;Mu
27;F5;997;475nm/510nm;Mu
27;F6;925;475nm/510nm;Mu
27;F7;878;475nm/510nm;Mu
27;F8;920;475nm/510nm;Mu
27;F9;937;475nm/510nm;Mu
27;F10;872;475nm/510nm;Mu
27;F11;829;475nm/510nm;Mu
27;F12;1083;475nm/510nm;Mu
27;G1;1584;475nm/510nm;Mu
27;G2;1108;475nm/510nm;Mu
27;G3;1031;475nm/510nm;Mu
27;G4;1008;475nm/510nm;Mu
27;G5;983;475nm/510nm;Mu
27;G6;934;475nm/510nm;Mu
27;G7;1213;475nm/510nm;Mu
27;G8;1056;475nm/510nm;Mu
27;G9;972;475nm/510nm;Mu
27;G10;874;475nm/510nm;Mu
27;G11;854;475nm/510nm;Mu
27;G12;938;475nm/510nm;Mu
27;H1;740;475nm/510nm;WT_F16
27;H2;1152;475nm/510nm;WT_F16
27;H3;766;475nm/510nm;WT_F16
27;H4;866;475nm/510nm;WT_F16
27;H5;153;475nm/510nm;Mg_F16
27;H6;161;475nm/510nm;Mg_F16
27;H7;157;475nm/510nm;Mg_F16
27;H8;153;475nm/510nm;Mg_F16
27;H9;461;475nm/510nm;WT_noF16
27;H10;443;475nm/510nm;WT_noF16
27;H11;447;475nm/510nm;WT_noF16
27;H12;451;475nm/510nm;WT_noF16
28;A1;0.210099995;600nm;Mu
28;A2;0.165999994;600nm;Mu
28;A3;0.218500003;600nm;Mu
28;A4;0.166800007;600nm;Mu
28;A5;0.163699999;600nm;Mu
28;A6;0.173600003;600nm;Mu
28;A7;0.145400003;600nm;Mu
28;A8;0.170399994;600nm;Mu
28;A9;0.151500002;600nm;Mu
28;A10;0.163399994;600nm;Mu
28;A11;0.149000004;600nm;Mu
28;A12;0.173700005;600nm;Mu
28;B1;0.1479;600nm;Mu
28;B2;0.137899995;600nm;Mu
28;B3;0.126499996;600nm;Mu
28;B4;0.131699994;600nm;Mu
28;B5;0.134299994;600nm;Mu
28;B6;0.130600005;600nm;Mu
28;B7;0.137600005;600nm;Mu
28;B8;0.129500002;600nm;Mu
28;B9;0.133100003;600nm;Mu
28;B10;0.133100003;600nm;Mu
28;B11;0.138799995;600nm;Mu
28;B12;0.135600001;600nm;Mu
28;C1;0.1505;600nm;Mu
28;C2;0.144199997;600nm;Mu
28;C3;0.135700002;600nm;Mu
28;C4;0.144400001;600nm;Mu
28;C5;0.127499998;600nm;Mu
28;C6;0.129700005;600nm;Mu
28;C7;0.1241;600nm;Mu
28;C8;0.124899998;600nm;Mu
28;C9;0.141599998;600nm;Mu
28;C10;0.129199997;600nm;Mu
28;C11;0.129299998;600nm;Mu
28;C12;0.147400007;600nm;Mu
28;D1;0.146799996;600nm;Mu
28;D2;0.199300006;600nm;Mu
28;D3;0.123599999;600nm;Mu
28;D4;0.135000005;600nm;Mu
28;D5;0.153799996;600nm;Mu
28;D6;0.127499998;600nm;Mu
28;D7;0.130700007;600nm;Mu
28;D8;0.119800001;600nm;Mu
28;D9;0.133000001;600nm;Mu
28;D10;0.140000001;600nm;Mu
28;D11;0.124499999;600nm;Mu
28;D12;0.135100007;600nm;Mu
28;E1;0.150199994;600nm;Mu
28;E2;0.160899997;600nm;Mu
28;E3;0.147499993;600nm;Mu
28;E4;0.128199995;600nm;Mu
28;E5;0.167400002;600nm;Mu
28;E6;0.136000007;600nm;Mu
28;E7;0.134399995;600nm;Mu
28;E8;0.201399997;600nm;Mu
28;E9;0.1505;600nm;Mu
28;E10;0.129800007;600nm;Mu
28;E11;0.128000006;600nm;Mu
28;E12;0.1285;600nm;Mu
28;F1;0.159799993;600nm;Mu
28;F2;0.153400004;600nm;Mu
28;F3;0.159600005;600nm;Mu
28;F4;0.157700002;600nm;Mu
28;F5;0.138799995;600nm;Mu
28;F6;0.170100003;600nm;Mu
28;F7;0.207399994;600nm;Mu
28;F8;0.205699995;600nm;Mu
28;F9;0.137099996;600nm;Mu
28;F10;0.132100001;600nm;Mu
28;F11;0.1435;600nm;Mu
28;F12;0.1347;600nm;Mu
28;G1;0.166199997;600nm;Mu
28;G2;0.146899998;600nm;Mu
28;G3;0.148800001;600nm;Mu
28;G4;0.179199994;600nm;Mu
28;G5;0.135100007;600nm;Mu
28;G6;0.134100005;600nm;Mu
28;G7;0.136399999;600nm;Mu
28;G8;0.146400005;600nm;Mu
28;G9;0.129700005;600nm;Mu
28;G10;0.143299997;600nm;Mu
28;G11;0.180999994;600nm;Mu
28;G12;0.135399997;600nm;Mu
28;H1;0.122900002;600nm;WT_F16
28;H2;0.131099999;600nm;WT_F16
28;H3;0.121600002;600nm;WT_F16
28;H4;0.190200001;600nm;WT_F16
28;H5;0.287699997;600nm;Mg_F16
28;H6;0.091399997;600nm;Mg_F16
28;H7;0.083300002;600nm;Mg_F16
28;H8;0.088299997;600nm;Mg_F16
28;H9;0.086400002;600nm;WT_noF16
28;H10;0.086900003;600nm;WT_noF16
28;H11;0.085699998;600nm;WT_noF16
28;H12;0.091700003;600nm;WT_noF16
28;A1;1190;475nm/510nm;Mu
28;A2;1042;475nm/510nm;Mu
28;A3;1282;475nm/510nm;Mu
28;A4;1825;475nm/510nm;Mu
28;A5;1059;475nm/510nm;Mu
28;A6;1044;475nm/510nm;Mu
28;A7;975;475nm/510nm;Mu
28;A8;1163;475nm/510nm;Mu
28;A9;950;475nm/510nm;Mu
28;A10;1131;475nm/510nm;Mu
28;A11;1016;475nm/510nm;Mu
28;A12;1288;475nm/510nm;Mu
28;B1;856;475nm/510nm;Mu
28;B2;800;475nm/510nm;Mu
28;B3;753;475nm/510nm;Mu
28;B4;850;475nm/510nm;Mu
28;B5;762;475nm/510nm;Mu
28;B6;804;475nm/510nm;Mu
28;B7;843;475nm/510nm;Mu
28;B8;835;475nm/510nm;Mu
28;B9;874;475nm/510nm;Mu
28;B10;763;475nm/510nm;Mu
28;B11;849;475nm/510nm;Mu
28;B12;1044;475nm/510nm;Mu
28;C1;965;475nm/510nm;Mu
28;C2;886;475nm/510nm;Mu
28;C3;806;475nm/510nm;Mu
28;C4;840;475nm/510nm;Mu
28;C5;743;475nm/510nm;Mu
28;C6;827;475nm/510nm;Mu
28;C7;799;475nm/510nm;Mu
28;C8;786;475nm/510nm;Mu
28;C9;832;475nm/510nm;Mu
28;C10;769;475nm/510nm;Mu
28;C11;859;475nm/510nm;Mu
28;C12;953;475nm/510nm;Mu
28;D1;777;475nm/510nm;Mu
28;D2;840;475nm/510nm;Mu
28;D3;695;475nm/510nm;Mu
28;D4;874;475nm/510nm;Mu
28;D5;1123;475nm/510nm;Mu
28;D6;944;475nm/510nm;Mu
28;D7;779;475nm/510nm;Mu
28;D8;818;475nm/510nm;Mu
28;D9;804;475nm/510nm;Mu
28;D10;794;475nm/510nm;Mu
28;D11;692;475nm/510nm;Mu
28;D12;845;475nm/510nm;Mu
28;E1;880;475nm/510nm;Mu
28;E2;943;475nm/510nm;Mu
28;E3;788;475nm/510nm;Mu
28;E4;775;475nm/510nm;Mu
28;E5;1675;475nm/510nm;Mu
28;E6;753;475nm/510nm;Mu
28;E7;751;475nm/510nm;Mu
28;E8;987;475nm/510nm;Mu
28;E9;763;475nm/510nm;Mu
28;E10;813;475nm/510nm;Mu
28;E11;798;475nm/510nm;Mu
28;E12;792;475nm/510nm;Mu
28;F1;860;475nm/510nm;Mu
28;F2;1028;475nm/510nm;Mu
28;F3;847;475nm/510nm;Mu
28;F4;999;475nm/510nm;Mu
28;F5;910;475nm/510nm;Mu
28;F6;812;475nm/510nm;Mu
28;F7;848;475nm/510nm;Mu
28;F8;899;475nm/510nm;Mu
28;F9;817;475nm/510nm;Mu
28;F10;833;475nm/510nm;Mu
28;F11;843;475nm/510nm;Mu
28;F12;850;475nm/510nm;Mu
28;G1;1026;475nm/510nm;Mu
28;G2;879;475nm/510nm;Mu
28;G3;909;475nm/510nm;Mu
28;G4;1043;475nm/510nm;Mu
28;G5;902;475nm/510nm;Mu
28;G6;877;475nm/510nm;Mu
28;G7;894;475nm/510nm;Mu
28;G8;945;475nm/510nm;Mu
28;G9;1003;475nm/510nm;Mu
28;G10;912;475nm/510nm;Mu
28;G11;4434;475nm/510nm;Mu
28;G12;916;475nm/510nm;Mu
28;H1;813;475nm/510nm;WT_F16
28;H2;690;475nm/510nm;WT_F16
28;H3;624;475nm/510nm;WT_F16
28;H4;778;475nm/510nm;WT_F16
28;H5;141;475nm/510nm;Mg_F16
28;H6;167;475nm/510nm;Mg_F16
28;H7;161;475nm/510nm;Mg_F16
28;H8;161;475nm/510nm;Mg_F16
28;H9;438;475nm/510nm;WT_noF16
28;H10;401;475nm/510nm;WT_noF16
28;H11;414;475nm/510nm;WT_noF16
28;H12;424;475nm/510nm;WT_noF16
29;A1;0.148000002;600nm;Mu
29;A2;0.151899993;600nm;Mu
29;A3;0.163299993;600nm;Mu
29;A4;0.161599994;600nm;Mu
29;A5;0.1655;600nm;Mu
29;A6;0.165399998;600nm;Mu
29;A7;0.153300002;600nm;Mu
29;A8;0.139699996;600nm;Mu
29;A9;0.142299995;600nm;Mu
29;A10;0.145799994;600nm;Mu
29;A11;0.148000002;600nm;Mu
29;A12;0.164000005;600nm;Mu
29;B1;0.159700006;600nm;Mu
29;B2;0.142900005;600nm;Mu
29;B3;0.127700001;600nm;Mu
29;B4;0.144700006;600nm;Mu
29;B5;0.142399997;600nm;Mu
29;B6;0.150299996;600nm;Mu
29;B7;0.167699993;600nm;Mu
29;B8;0.137400001;600nm;Mu
29;B9;0.140200004;600nm;Mu
29;B10;0.135000005;600nm;Mu
29;B11;0.135800004;600nm;Mu
29;B12;0.173899993;600nm;Mu
29;C1;0.137999997;600nm;Mu
29;C2;0.132699996;600nm;Mu
29;C3;0.170699999;600nm;Mu
29;C4;0.1237;600nm;Mu
29;C5;0.1228;600nm;Mu
29;C6;0.124799997;600nm;Mu
29;C7;0.151500002;600nm;Mu
29;C8;0.125300005;600nm;Mu
29;C9;0.1219;600nm;Mu
29;C10;0.123099998;600nm;Mu
29;C11;0.125200003;600nm;Mu
29;C12;0.136800006;600nm;Mu
29;D1;0.153500006;600nm;Mu
29;D2;0.142499998;600nm;Mu
29;D3;0.128700003;600nm;Mu
29;D4;0.136600003;600nm;Mu
29;D5;0.162799999;600nm;Mu
29;D6;0.149299994;600nm;Mu
29;D7;0.147499993;600nm;Mu
29;D8;0.140100002;600nm;Mu
29;D9;0.136600003;600nm;Mu
29;D10;0.135900006;600nm;Mu
29;D11;0.126300007;600nm;Mu
29;D12;0.127499998;600nm;Mu
29;E1;0.141800001;600nm;Mu
29;E2;0.160600007;600nm;Mu
29;E3;0.172600001;600nm;Mu
29;E4;0.146899998;600nm;Mu
29;E5;0.147799999;600nm;Mu
29;E6;0.164399996;600nm;Mu
29;E7;0.161500007;600nm;Mu
29;E8;0.151600003;600nm;Mu
29;E9;0.149800003;600nm;Mu
29;E10;0.135900006;600nm;Mu
29;E11;0.135700002;600nm;Mu
29;E12;0.171700001;600nm;Mu
29;F1;0.157299995;600nm;Mu
29;F2;0.146200001;600nm;Mu
29;F3;0.136099994;600nm;Mu
29;F4;0.163100004;600nm;Mu
29;F5;0.145699993;600nm;Mu
29;F6;0.146400005;600nm;Mu
29;F7;0.135499999;600nm;Mu
29;F8;0.127000004;600nm;Mu
29;F9;0.1382;600nm;Mu
29;F10;0.159600005;600nm;Mu
29;F11;0.126599997;600nm;Mu
29;F12;0.129500002;600nm;Mu
29;G1;0.145199999;600nm;Mu
29;G2;0.1426;600nm;Mu
29;G3;0.144899994;600nm;Mu
29;G4;0.147300005;600nm;Mu
29;G5;0.130199999;600nm;Mu
29;G6;0.138799995;600nm;Mu
29;G7;0.135499999;600nm;Mu
29;G8;0.125;600nm;Mu
29;G9;0.137400001;600nm;Mu
29;G10;0.126800001;600nm;Mu
29;G11;0.121100001;600nm;Mu
29;G12;0.135900006;600nm;Mu
29;H1;0.110200003;600nm;WT_F16
29;H2;0.128399998;600nm;WT_F16
29;H3;0.126499996;600nm;WT_F16
29;H4;0.133300006;600nm;WT_F16
29;H5;0.081200004;600nm;Mg_F16
29;H6;0.080799997;600nm;Mg_F16
29;H7;0.081900001;600nm;Mg_F16
29;H8;0.081200004;600nm;Mg_F16
29;H9;0.093599997;600nm;WT_noF16
29;H10;0.093500003;600nm;WT_noF16
29;H11;0.090899996;600nm;WT_noF16
29;H12;0.097000003;600nm;WT_noF16
29;A1;851;475nm/510nm;Mu
29;A2;886;475nm/510nm;Mu
29;A3;895;475nm/510nm;Mu
29;A4;995;475nm/510nm;Mu
29;A5;1067;475nm/510nm;Mu
29;A6;1016;475nm/510nm;Mu
29;A7;953;475nm/510nm;Mu
29;A8;1001;475nm/510nm;Mu
29;A9;843;475nm/510nm;Mu
29;A10;915;475nm/510nm;Mu
29;A11;967;475nm/510nm;Mu
29;A12;1216;475nm/510nm;Mu
29;B1;923;475nm/510nm;Mu
29;B2;950;475nm/510nm;Mu
29;B3;744;475nm/510nm;Mu
29;B4;1604;475nm/510nm;Mu
29;B5;888;475nm/510nm;Mu
29;B6;900;475nm/510nm;Mu
29;B7;1237;475nm/510nm;Mu
29;B8;863;475nm/510nm;Mu
29;B9;849;475nm/510nm;Mu
29;B10;822;475nm/510nm;Mu
29;B11;832;475nm/510nm;Mu
29;B12;996;475nm/510nm;Mu
29;C1;765;475nm/510nm;Mu
29;C2;762;475nm/510nm;Mu
29;C3;1002;475nm/510nm;Mu
29;C4;712;475nm/510nm;Mu
29;C5;704;475nm/510nm;Mu
29;C6;764;475nm/510nm;Mu
29;C7;1613;475nm/510nm;Mu
29;C8;779;475nm/510nm;Mu
29;C9;732;475nm/510nm;Mu
29;C10;720;475nm/510nm;Mu
29;C11;705;475nm/510nm;Mu
29;C12;856;475nm/510nm;Mu
29;D1;883;475nm/510nm;Mu
29;D2;854;475nm/510nm;Mu
29;D3;730;475nm/510nm;Mu
29;D4;774;475nm/510nm;Mu
29;D5;1015;475nm/510nm;Mu
29;D6;908;475nm/510nm;Mu
29;D7;888;475nm/510nm;Mu
29;D8;1215;475nm/510nm;Mu
29;D9;802;475nm/510nm;Mu
29;D10;803;475nm/510nm;Mu
29;D11;738;475nm/510nm;Mu
29;D12;758;475nm/510nm;Mu
29;E1;1455;475nm/510nm;Mu
29;E2;1057;475nm/510nm;Mu
29;E3;1072;475nm/510nm;Mu
29;E4;848;475nm/510nm;Mu
29;E5;866;475nm/510nm;Mu
29;E6;1030;475nm/510nm;Mu
29;E7;998;475nm/510nm;Mu
29;E8;942;475nm/510nm;Mu
29;E9;985;475nm/510nm;Mu
29;E10;801;475nm/510nm;Mu
29;E11;868;475nm/510nm;Mu
29;E12;1023;475nm/510nm;Mu
29;F1;953;475nm/510nm;Mu
29;F2;880;475nm/510nm;Mu
29;F3;1042;475nm/510nm;Mu
29;F4;952;475nm/510nm;Mu
29;F5;973;475nm/510nm;Mu
29;F6;871;475nm/510nm;Mu
29;F7;806;475nm/510nm;Mu
29;F8;715;475nm/510nm;Mu
29;F9;800;475nm/510nm;Mu
29;F10;1492;475nm/510nm;Mu
29;F11;788;475nm/510nm;Mu
29;F12;781;475nm/510nm;Mu
29;G1;822;475nm/510nm;Mu
29;G2;814;475nm/510nm;Mu
29;G3;948;475nm/510nm;Mu
29;G4;944;475nm/510nm;Mu
29;G5;771;475nm/510nm;Mu
29;G6;894;475nm/510nm;Mu
29;G7;855;475nm/510nm;Mu
29;G8;794;475nm/510nm;Mu
29;G9;829;475nm/510nm;Mu
29;G10;747;475nm/510nm;Mu
29;G11;739;475nm/510nm;Mu
29;G12;868;475nm/510nm;Mu
29;H1;346;475nm/510nm;WT_F16
29;H2;707;475nm/510nm;WT_F16
29;H3;615;475nm/510nm;WT_F16
29;H4;661;475nm/510nm;WT_F16
29;H5;169;475nm/510nm;Mg_F16
29;H6;166;475nm/510nm;Mg_F16
29;H7;170;475nm/510nm;Mg_F16
29;H8;164;475nm/510nm;Mg_F16
29;H9;422;475nm/510nm;WT_noF16
29;H10;425;475nm/510nm;WT_noF16
29;H11;420;475nm/510nm;WT_noF16
29;H12;443;475nm/510nm;WT_noF16
30;A1;0.157199994;600nm;Mu
30;A2;0.144899994;600nm;Mu
30;A3;0.151299998;600nm;Mu
30;A4;0.153099999;600nm;Mu
30;A5;0.1567;600nm;Mu
30;A6;0.164199993;600nm;Mu
30;A7;0.155300006;600nm;Mu
30;A8;0.146200001;600nm;Mu
30;A9;0.173299998;600nm;Mu
30;A10;0.1373;600nm;Mu
30;A11;0.185200006;600nm;Mu
30;A12;0.171800002;600nm;Mu
30;B1;0.178299993;600nm;Mu
30;B2;0.153899997;600nm;Mu
30;B3;0.150600001;600nm;Mu
30;B4;0.143000007;600nm;Mu
30;B5;0.184900001;600nm;Mu
30;B6;0.146799996;600nm;Mu
30;B7;0.136800006;600nm;Mu
30;B8;0.137500003;600nm;Mu
30;B9;0.127200007;600nm;Mu
30;B10;0.136199996;600nm;Mu
30;B11;0.136500001;600nm;Mu
30;B12;0.140799999;600nm;Mu
30;C1;0.145699993;600nm;Mu
30;C2;0.137999997;600nm;Mu
30;C3;0.1303;600nm;Mu
30;C4;0.138999999;600nm;Mu
30;C5;0.140400007;600nm;Mu
30;C6;0.140400007;600nm;Mu
30;C7;0.132400006;600nm;Mu
30;C8;0.128999993;600nm;Mu
30;C9;0.130600005;600nm;Mu
30;C10;0.128600001;600nm;Mu
30;C11;0.144899994;600nm;Mu
30;C12;0.145899996;600nm;Mu
30;D1;0.144299999;600nm;Mu
30;D2;0.135800004;600nm;Mu
30;D3;0.130500004;600nm;Mu
30;D4;0.133699998;600nm;Mu
30;D5;0.1294;600nm;Mu
30;D6;0.122199997;600nm;Mu
30;D7;0.144299999;600nm;Mu
30;D8;0.132599995;600nm;Mu
30;D9;0.127100006;600nm;Mu
30;D10;0.146699995;600nm;Mu
30;D11;0.139799997;600nm;Mu
30;D12;0.124200001;600nm;Mu
30;E1;0.191200003;600nm;Mu
30;E2;0.154499993;600nm;Mu
30;E3;0.147699997;600nm;Mu
30;E4;0.146699995;600nm;Mu
30;E5;0.156299993;600nm;Mu
30;E6;0.1417;600nm;Mu
30;E7;0.143700004;600nm;Mu
30;E8;0.153600007;600nm;Mu
30;E9;0.147699997;600nm;Mu
30;E10;0.143299997;600nm;Mu
30;E11;0.127800003;600nm;Mu
30;E12;0.135299996;600nm;Mu
30;F1;0.161200002;600nm;Mu
30;F2;0.145400003;600nm;Mu
30;F3;0.150299996;600nm;Mu
30;F4;0.136800006;600nm;Mu
30;F5;0.128399998;600nm;Mu
30;F6;0.125599995;600nm;Mu
30;F7;0.132699996;600nm;Mu
30;F8;0.127599999;600nm;Mu
30;F9;0.123099998;600nm;Mu
30;F10;0.1294;600nm;Mu
30;F11;0.129199997;600nm;Mu
30;F12;0.126699999;600nm;Mu
30;G1;0.153300002;600nm;Mu
30;G2;0.148200005;600nm;Mu
30;G3;0.161400005;600nm;Mu
30;G4;0.142199993;600nm;Mu
30;G5;0.153099999;600nm;Mu
30;G6;0.1655;600nm;Mu
30;G7;0.152899995;600nm;Mu
30;G8;0.142900005;600nm;Mu
30;G9;0.157600001;600nm;Mu
30;G10;0.128299996;600nm;Mu
30;G11;0.128999993;600nm;Mu
30;G12;0.140200004;600nm;Mu
30;H1;0.140799999;600nm;WT_F16
30;H2;0.134499997;600nm;WT_F16
30;H3;0.122599997;600nm;WT_F16
30;H4;0.137199998;600nm;WT_F16
30;H5;0.081699997;600nm;Mg_F16
30;H6;0.085900001;600nm;Mg_F16
30;H7;0.082000002;600nm;Mg_F16
30;H8;0.083499998;600nm;Mg_F16
30;H9;0.085600004;600nm;WT_noF16
30;H10;0.085699998;600nm;WT_noF16
30;H11;0.084799998;600nm;WT_noF16
30;H12;0.085699998;600nm;WT_noF16
30;A1;875;475nm/510nm;Mu
30;A2;869;475nm/510nm;Mu
30;A3;875;475nm/510nm;Mu
30;A4;1020;475nm/510nm;Mu
30;A5;1085;475nm/510nm;Mu
30;A6;1211;475nm/510nm;Mu
30;A7;1030;475nm/510nm;Mu
30;A8;1065;475nm/510nm;Mu
30;A9;1221;475nm/510nm;Mu
30;A10;906;475nm/510nm;Mu
30;A11;1238;475nm/510nm;Mu
30;A12;986;475nm/510nm;Mu
30;B1;1073;475nm/510nm;Mu
30;B2;882;475nm/510nm;Mu
30;B3;1012;475nm/510nm;Mu
30;B4;977;475nm/510nm;Mu
30;B5;1206;475nm/510nm;Mu
30;B6;977;475nm/510nm;Mu
30;B7;958;475nm/510nm;Mu
30;B8;922;475nm/510nm;Mu
30;B9;825;475nm/510nm;Mu
30;B10;900;475nm/510nm;Mu
30;B11;962;475nm/510nm;Mu
30;B12;861;475nm/510nm;Mu
30;C1;893;475nm/510nm;Mu
30;C2;870;475nm/510nm;Mu
30;C3;869;475nm/510nm;Mu
30;C4;863;475nm/510nm;Mu
30;C5;1074;475nm/510nm;Mu
30;C6;896;475nm/510nm;Mu
30;C7;890;475nm/510nm;Mu
30;C8;872;475nm/510nm;Mu
30;C9;879;475nm/510nm;Mu
30;C10;836;475nm/510nm;Mu
30;C11;1055;475nm/510nm;Mu
30;C12;1094;475nm/510nm;Mu
30;D1;859;475nm/510nm;Mu
30;D2;857;475nm/510nm;Mu
30;D3;848;475nm/510nm;Mu
30;D4;842;475nm/510nm;Mu
30;D5;882;475nm/510nm;Mu
30;D6;818;475nm/510nm;Mu
30;D7;1063;475nm/510nm;Mu
30;D8;855;475nm/510nm;Mu
30;D9;799;475nm/510nm;Mu
30;D10;1517;475nm/510nm;Mu
30;D11;1144;475nm/510nm;Mu
30;D12;809;475nm/510nm;Mu
30;E1;1413;475nm/510nm;Mu
30;E2;1035;475nm/510nm;Mu
30;E3;911;475nm/510nm;Mu
30;E4;944;475nm/510nm;Mu
30;E5;929;475nm/510nm;Mu
30;E6;980;475nm/510nm;Mu
30;E7;1080;475nm/510nm;Mu
30;E8;1071;475nm/510nm;Mu
30;E9;1136;475nm/510nm;Mu
30;E10;992;475nm/510nm;Mu
30;E11;813;475nm/510nm;Mu
30;E12;881;475nm/510nm;Mu
30;F1;1249;475nm/510nm;Mu
30;F2;859;475nm/510nm;Mu
30;F3;946;475nm/510nm;Mu
30;F4;946;475nm/510nm;Mu
30;F5;833;475nm/510nm;Mu
30;F6;885;475nm/510nm;Mu
30;F7;871;475nm/510nm;Mu
30;F8;908;475nm/510nm;Mu
30;F9;819;475nm/510nm;Mu
30;F10;915;475nm/510nm;Mu
30;F11;838;475nm/510nm;Mu
30;F12;1050;475nm/510nm;Mu
30;G1;895;475nm/510nm;Mu
30;G2;974;475nm/510nm;Mu
30;G3;1150;475nm/510nm;Mu
30;G4;914;475nm/510nm;Mu
30;G5;1063;475nm/510nm;Mu
30;G6;1100;475nm/510nm;Mu
30;G7;1085;475nm/510nm;Mu
30;G8;1022;475nm/510nm;Mu
30;G9;1423;475nm/510nm;Mu
30;G10;826;475nm/510nm;Mu
30;G11;896;475nm/510nm;Mu
30;G12;923;475nm/510nm;Mu
30;H1;792;475nm/510nm;WT_F16
30;H2;809;475nm/510nm;WT_F16
30;H3;700;475nm/510nm;WT_F16
30;H4;819;475nm/510nm;WT_F16
30;H5;192;475nm/510nm;Mg_F16
30;H6;182;475nm/510nm;Mg_F16
30;H7;170;475nm/510nm;Mg_F16
30;H8;175;475nm/510nm;Mg_F16
30;H9;426;475nm/510nm;WT_noF16
30;H10;432;475nm/510nm;WT_noF16
30;H11;441;475nm/510nm;WT_noF16
30;H12;459;475nm/510nm;WT_noF16
31;A1;0.140000001;600nm;Mu
31;A2;0.146799996;600nm;Mu
31;A3;0.151199996;600nm;Mu
31;A4;0.144199997;600nm;Mu
31;A5;0.1303;600nm;Mu
31;A6;0.147100002;600nm;Mu
31;A7;0.134399995;600nm;Mu
31;A8;0.136000007;600nm;Mu
31;A9;0.138699993;600nm;Mu
31;A10;0.1435;600nm;Mu
31;A11;0.133200005;600nm;Mu
31;A12;0.138799995;600nm;Mu
31;B1;0.149599999;600nm;Mu
31;B2;0.1602;600nm;Mu
31;B3;0.126300007;600nm;Mu
31;B4;0.128000006;600nm;Mu
31;B5;0.124600001;600nm;Mu
31;B6;0.119800001;600nm;Mu
31;B7;0.122599997;600nm;Mu
31;B8;0.122299999;600nm;Mu
31;B9;0.120099999;600nm;Mu
31;B10;0.119499996;600nm;Mu
31;B11;0.133000001;600nm;Mu
31;B12;0.124700002;600nm;Mu
31;C1;0.148599997;600nm;Mu
31;C2;0.136500001;600nm;Mu
31;C3;0.127299994;600nm;Mu
31;C4;0.128099993;600nm;Mu
31;C5;0.125400007;600nm;Mu
31;C6;0.118600003;600nm;Mu
31;C7;0.121200003;600nm;Mu
31;C8;0.123000003;600nm;Mu
31;C9;0.1197;600nm;Mu
31;C10;0.124499999;600nm;Mu
31;C11;0.132499993;600nm;Mu
31;C12;0.133000001;600nm;Mu
31;D1;0.146899998;600nm;Mu
31;D2;0.169400007;600nm;Mu
31;D3;0.127299994;600nm;Mu
31;D4;0.123599999;600nm;Mu
31;D5;0.122000001;600nm;Mu
31;D6;0.124200001;600nm;Mu
31;D7;0.118299998;600nm;Mu
31;D8;0.1215;600nm;Mu
31;D9;0.137500003;600nm;Mu
31;D10;0.118500002;600nm;Mu
31;D11;0.161799997;600nm;Mu
31;D12;0.135499999;600nm;Mu
31;E1;0.150800005;600nm;Mu
31;E2;0.142700002;600nm;Mu
31;E3;0.138999999;600nm;Mu
31;E4;0.1417;600nm;Mu
31;E5;0.134900004;600nm;Mu
31;E6;0.135000005;600nm;Mu
31;E7;0.136999995;600nm;Mu
31;E8;0.136500001;600nm;Mu
31;E9;0.136399999;600nm;Mu
31;E10;0.128800005;600nm;Mu
31;E11;0.155699998;600nm;Mu
31;E12;0.138300002;600nm;Mu
31;F1;0.140900001;600nm;Mu
31;F2;0.144500002;600nm;Mu
31;F3;0.164800003;600nm;Mu
31;F4;0.145899996;600nm;Mu
31;F5;0.149399996;600nm;Mu
31;F6;0.146400005;600nm;Mu
31;F7;0.148200005;600nm;Mu
31;F8;0.128800005;600nm;Mu
31;F9;0.135199994;600nm;Mu
31;F10;0.142000005;600nm;Mu
31;F11;0.140100002;600nm;Mu
31;F12;0.166099995;600nm;Mu
31;G1;0.168099999;600nm;Mu
31;G2;0.135299996;600nm;Mu
31;G3;0.157600001;600nm;Mu
31;G4;0.131500006;600nm;Mu
31;G5;0.145099998;600nm;Mu
31;G6;0.129899994;600nm;Mu
31;G7;0.136399999;600nm;Mu
31;G8;0.135299996;600nm;Mu
31;G9;0.127800003;600nm;Mu
31;G10;0.130600005;600nm;Mu
31;G11;0.131799996;600nm;Mu
31;G12;0.141200006;600nm;Mu
31;H1;0.144099995;600nm;WT_F16
31;H2;0.142700002;600nm;WT_F16
31;H3;0.134800002;600nm;WT_F16
31;H4;0.140599996;600nm;WT_F16
31;H5;0.083800003;600nm;Mg_F16
31;H6;0.082400002;600nm;Mg_F16
31;H7;0.101999998;600nm;Mg_F16
31;H8;0.082199998;600nm;Mg_F16
31;H9;0.086400002;600nm;WT_noF16
31;H10;0.093800001;600nm;WT_noF16
31;H11;0.092900001;600nm;WT_noF16
31;H12;0.108800001;600nm;WT_noF16
31;A1;796;475nm/510nm;Mu
31;A2;892;475nm/510nm;Mu
31;A3;854;475nm/510nm;Mu
31;A4;821;475nm/510nm;Mu
31;A5;779;475nm/510nm;Mu
31;A6;883;475nm/510nm;Mu
31;A7;884;475nm/510nm;Mu
31;A8;875;475nm/510nm;Mu
31;A9;790;475nm/510nm;Mu
31;A10;935;475nm/510nm;Mu
31;A11;879;475nm/510nm;Mu
31;A12;1035;475nm/510nm;Mu
31;B1;783;475nm/510nm;Mu
31;B2;1032;475nm/510nm;Mu
31;B3;784;475nm/510nm;Mu
31;B4;779;475nm/510nm;Mu
31;B5;784;475nm/510nm;Mu
31;B6;738;475nm/510nm;Mu
31;B7;781;475nm/510nm;Mu
31;B8;792;475nm/510nm;Mu
31;B9;739;475nm/510nm;Mu
31;B10;794;475nm/510nm;Mu
31;B11;1249;475nm/510nm;Mu
31;B12;841;475nm/510nm;Mu
31;C1;777;475nm/510nm;Mu
31;C2;823;475nm/510nm;Mu
31;C3;744;475nm/510nm;Mu
31;C4;783;475nm/510nm;Mu
31;C5;814;475nm/510nm;Mu
31;C6;731;475nm/510nm;Mu
31;C7;758;475nm/510nm;Mu
31;C8;782;475nm/510nm;Mu
31;C9;736;475nm/510nm;Mu
31;C10;810;475nm/510nm;Mu
31;C11;806;475nm/510nm;Mu
31;C12;806;475nm/510nm;Mu
31;D1;792;475nm/510nm;Mu
31;D2;2118;475nm/510nm;Mu
31;D3;743;475nm/510nm;Mu
31;D4;714;475nm/510nm;Mu
31;D5;790;475nm/510nm;Mu
31;D6;947;475nm/510nm;Mu
31;D7;744;475nm/510nm;Mu
31;D8;759;475nm/510nm;Mu
31;D9;983;475nm/510nm;Mu
31;D10;765;475nm/510nm;Mu
31;D11;2587;475nm/510nm;Mu
31;D12;865;475nm/510nm;Mu
31;E1;914;475nm/510nm;Mu
31;E2;839;475nm/510nm;Mu
31;E3;853;475nm/510nm;Mu
31;E4;913;475nm/510nm;Mu
31;E5;837;475nm/510nm;Mu
31;E6;823;475nm/510nm;Mu
31;E7;877;475nm/510nm;Mu
31;E8;868;475nm/510nm;Mu
31;E9;843;475nm/510nm;Mu
31;E10;913;475nm/510nm;Mu
31;E11;1051;475nm/510nm;Mu
31;E12;916;475nm/510nm;Mu
31;F1;874;475nm/510nm;Mu
31;F2;979;475nm/510nm;Mu
31;F3;1129;475nm/510nm;Mu
31;F4;909;475nm/510nm;Mu
31;F5;1022;475nm/510nm;Mu
31;F6;908;475nm/510nm;Mu
31;F7;1301;475nm/510nm;Mu
31;F8;863;475nm/510nm;Mu
31;F9;862;475nm/510nm;Mu
31;F10;955;475nm/510nm;Mu
31;F11;919;475nm/510nm;Mu
31;F12;1112;475nm/510nm;Mu
31;G1;922;475nm/510nm;Mu
31;G2;808;475nm/510nm;Mu
31;G3;1490;475nm/510nm;Mu
31;G4;823;475nm/510nm;Mu
31;G5;836;475nm/510nm;Mu
31;G6;856;475nm/510nm;Mu
31;G7;908;475nm/510nm;Mu
31;G8;907;475nm/510nm;Mu
31;G9;851;475nm/510nm;Mu
31;G10;849;475nm/510nm;Mu
31;G11;862;475nm/510nm;Mu
31;G12;874;475nm/510nm;Mu
31;H1;753;475nm/510nm;WT_F16
31;H2;763;475nm/510nm;WT_F16
31;H3;769;475nm/510nm;WT_F16
31;H4;763;475nm/510nm;WT_F16
31;H5;165;475nm/510nm;Mg_F16
31;H6;169;475nm/510nm;Mg_F16
31;H7;160;475nm/510nm;Mg_F16
31;H8;164;475nm/510nm;Mg_F16
31;H9;458;475nm/510nm;WT_noF16
31;H10;441;475nm/510nm;WT_noF16
31;H11;437;475nm/510nm;WT_noF16
31;H12;447;475nm/510nm;WT_noF16
32;A1;0.189700007;600nm;Mu
32;A2;0.172299996;600nm;Mu
32;A3;0.182600006;600nm;Mu
32;A4;0.1602;600nm;Mu
32;A5;0.158099994;600nm;Mu
32;A6;0.143900007;600nm;Mu
32;A7;0.155000001;600nm;Mu
32;A8;0.150900006;600nm;Mu
32;A9;0.163599998;600nm;Mu
32;A10;0.165600002;600nm;Mu
32;A11;0.164299995;600nm;Mu
32;A12;0.134599999;600nm;Mu
32;B1;0.168599993;600nm;Mu
32;B2;0.129700005;600nm;Mu
32;B3;0.167199999;600nm;Mu
32;B4;0.1347;600nm;Mu
32;B5;0.133699998;600nm;Mu
32;B6;0.156599998;600nm;Mu
32;B7;0.122000001;600nm;Mu
32;B8;0.128700003;600nm;Mu
32;B9;0.131099999;600nm;Mu
32;B10;0.128999993;600nm;Mu
32;B11;0.135700002;600nm;Mu
32;B12;0.151199996;600nm;Mu
32;C1;0.1373;600nm;Mu
32;C2;0.137500003;600nm;Mu
32;C3;0.132200003;600nm;Mu
32;C4;0.130400002;600nm;Mu
32;C5;0.131999999;600nm;Mu
32;C6;0.1259;600nm;Mu
32;C7;0.1338;600nm;Mu
32;C8;0.123999998;600nm;Mu
32;C9;0.122000001;600nm;Mu
32;C10;0.123400003;600nm;Mu
32;C11;0.126100004;600nm;Mu
32;C12;0.143600002;600nm;Mu
32;D1;0.170499995;600nm;Mu
32;D2;0.135499999;600nm;Mu
32;D3;0.137099996;600nm;Mu
32;D4;0.130700007;600nm;Mu
32;D5;0.128399998;600nm;Mu
32;D6;0.132499993;600nm;Mu
32;D7;0.132100001;600nm;Mu
32;D8;0.139300004;600nm;Mu
32;D9;0.135600001;600nm;Mu
32;D10;0.132200003;600nm;Mu
32;D11;0.140300006;600nm;Mu
32;D12;0.174799994;600nm;Mu
32;E1;0.154499993;600nm;Mu
32;E2;0.151199996;600nm;Mu
32;E3;0.132499993;600nm;Mu
32;E4;0.154499993;600nm;Mu
32;E5;0.136299998;600nm;Mu
32;E6;0.137999997;600nm;Mu
32;E7;0.1382;600nm;Mu
32;E8;0.137600005;600nm;Mu
32;E9;0.135100007;600nm;Mu
32;E10;0.132699996;600nm;Mu
32;E11;0.135100007;600nm;Mu
32;E12;0.129600003;600nm;Mu
32;F1;0.1567;600nm;Mu
32;F2;0.125699997;600nm;Mu
32;F3;0.126100004;600nm;Mu
32;F4;0.123899996;600nm;Mu
32;F5;0.126300007;600nm;Mu
32;F6;0.124799997;600nm;Mu
32;F7;0.1347;600nm;Mu
32;F8;0.136999995;600nm;Mu
32;F9;0.133300006;600nm;Mu
32;F10;0.123099998;600nm;Mu
32;F11;0.123599999;600nm;Mu
32;F12;0.137500003;600nm;Mu
32;G1;0.144299999;600nm;Mu
32;G2;0.145099998;600nm;Mu
32;G3;0.151999995;600nm;Mu
32;G4;0.135000005;600nm;Mu
32;G5;0.136899993;600nm;Mu
32;G6;0.131500006;600nm;Mu
32;G7;0.133900002;600nm;Mu
32;G8;0.128199995;600nm;Mu
32;G9;0.135399997;600nm;Mu
32;G10;0.135199994;600nm;Mu
32;G11;0.139500007;600nm;Mu
32;G12;0.152700007;600nm;Mu
32;H1;0.136800006;600nm;WT_F16
32;H2;0.132100001;600nm;WT_F16
32;H3;0.121299997;600nm;WT_F16
32;H4;0.133900002;600nm;WT_F16
32;H5;0.0814;600nm;Mg_F16
32;H6;0.081699997;600nm;Mg_F16
32;H7;0.080399998;600nm;Mg_F16
32;H8;0.086800002;600nm;Mg_F16
32;H9;0.087200001;600nm;WT_noF16
32;H10;0.086400002;600nm;WT_noF16
32;H11;0.085699998;600nm;WT_noF16
32;H12;0.088;600nm;WT_noF16
32;A1;1317;475nm/510nm;Mu
32;A2;1118;475nm/510nm;Mu
32;A3;1355;475nm/510nm;Mu
32;A4;1020;475nm/510nm;Mu
32;A5;1012;475nm/510nm;Mu
32;A6;883;475nm/510nm;Mu
32;A7;1053;475nm/510nm;Mu
32;A8;979;475nm/510nm;Mu
32;A9;1080;475nm/510nm;Mu
32;A10;1063;475nm/510nm;Mu
32;A11;1176;475nm/510nm;Mu
32;A12;700;475nm/510nm;Mu
32;B1;1095;475nm/510nm;Mu
32;B2;757;475nm/510nm;Mu
32;B3;1758;475nm/510nm;Mu
32;B4;836;475nm/510nm;Mu
32;B5;793;475nm/510nm;Mu
32;B6;1178;475nm/510nm;Mu
32;B7;763;475nm/510nm;Mu
32;B8;847;475nm/510nm;Mu
32;B9;795;475nm/510nm;Mu
32;B10;850;475nm/510nm;Mu
32;B11;991;475nm/510nm;Mu
32;B12;982;475nm/510nm;Mu
32;C1;783;475nm/510nm;Mu
32;C2;893;475nm/510nm;Mu
32;C3;766;475nm/510nm;Mu
32;C4;773;475nm/510nm;Mu
32;C5;812;475nm/510nm;Mu
32;C6;784;475nm/510nm;Mu
32;C7;862;475nm/510nm;Mu
32;C8;799;475nm/510nm;Mu
32;C9;803;475nm/510nm;Mu
32;C10;840;475nm/510nm;Mu
32;C11;793;475nm/510nm;Mu
32;C12;993;475nm/510nm;Mu
32;D1;881;475nm/510nm;Mu
32;D2;747;475nm/510nm;Mu
32;D3;832;475nm/510nm;Mu
32;D4;813;475nm/510nm;Mu
32;D5;1043;475nm/510nm;Mu
32;D6;792;475nm/510nm;Mu
32;D7;1074;475nm/510nm;Mu
32;D8;1200;475nm/510nm;Mu
32;D9;823;475nm/510nm;Mu
32;D10;900;475nm/510nm;Mu
32;D11;898;475nm/510nm;Mu
32;D12;1156;475nm/510nm;Mu
32;E1;911;475nm/510nm;Mu
32;E2;924;475nm/510nm;Mu
32;E3;740;475nm/510nm;Mu
32;E4;688;475nm/510nm;Mu
32;E5;791;475nm/510nm;Mu
32;E6;825;475nm/510nm;Mu
32;E7;734;475nm/510nm;Mu
32;E8;721;475nm/510nm;Mu
32;E9;703;475nm/510nm;Mu
32;E10;774;475nm/510nm;Mu
32;E11;819;475nm/510nm;Mu
32;E12;941;475nm/510nm;Mu
32;F1;888;475nm/510nm;Mu
32;F2;704;475nm/510nm;Mu
32;F3;721;475nm/510nm;Mu
32;F4;746;475nm/510nm;Mu
32;F5;751;475nm/510nm;Mu
32;F6;825;475nm/510nm;Mu
32;F7;944;475nm/510nm;Mu
32;F8;807;475nm/510nm;Mu
32;F9;763;475nm/510nm;Mu
32;F10;772;475nm/510nm;Mu
32;F11;790;475nm/510nm;Mu
32;F12;809;475nm/510nm;Mu
32;G1;1054;475nm/510nm;Mu
32;G2;917;475nm/510nm;Mu
32;G3;1076;475nm/510nm;Mu
32;G4;833;475nm/510nm;Mu
32;G5;885;475nm/510nm;Mu
32;G6;869;475nm/510nm;Mu
32;G7;926;475nm/510nm;Mu
32;G8;794;475nm/510nm;Mu
32;G9;900;475nm/510nm;Mu
32;G10;934;475nm/510nm;Mu
32;G11;947;475nm/510nm;Mu
32;G12;1060;475nm/510nm;Mu
32;H1;768;475nm/510nm;WT_F16
32;H2;836;475nm/510nm;WT_F16
32;H3;634;475nm/510nm;WT_F16
32;H4;718;475nm/510nm;WT_F16
32;H5;176;475nm/510nm;Mg_F16
32;H6;180;475nm/510nm;Mg_F16
32;H7;173;475nm/510nm;Mg_F16
32;H8;190;475nm/510nm;Mg_F16
32;H9;448;475nm/510nm;WT_noF16
32;H10;441;475nm/510nm;WT_noF16
32;H11;470;475nm/510nm;WT_noF16
32;H12;462;475nm/510nm;WT_noF16
33;A1;0.173299998;600nm;Mu
33;A2;0.147400007;600nm;Mu
33;A3;0.179900005;600nm;Mu
33;A4;0.172600001;600nm;Mu
33;A5;0.192900002;600nm;Mu
33;A6;0.171800002;600nm;Mu
33;A7;0.193599999;600nm;Mu
33;A8;0.156800002;600nm;Mu
33;A9;0.192000002;600nm;Mu
33;A10;0.158199996;600nm;Mu
33;A11;0.167699993;600nm;Mu
33;A12;0.144400001;600nm;Mu
33;B1;0.179199994;600nm;Mu
33;B2;0.147499993;600nm;Mu
33;B3;0.146500006;600nm;Mu
33;B4;0.1479;600nm;Mu
33;B5;0.134499997;600nm;Mu
33;B6;0.148900002;600nm;Mu
33;B7;0.132400006;600nm;Mu
33;B8;0.140599996;600nm;Mu
33;B9;0.142399997;600nm;Mu
33;B10;0.149200007;600nm;Mu
33;B11;0.154499993;600nm;Mu
33;B12;0.192499995;600nm;Mu
33;C1;0.152899995;600nm;Mu
33;C2;0.126100004;600nm;Mu
33;C3;0.123199999;600nm;Mu
33;C4;0.117600001;600nm;Mu
33;C5;0.1611;600nm;Mu
33;C6;0.120399997;600nm;Mu
33;C7;0.118799999;600nm;Mu
33;C8;0.122900002;600nm;Mu
33;C9;0.203999996;600nm;Mu
33;C10;0.1206;600nm;Mu
33;C11;0.126599997;600nm;Mu
33;C12;0.135199994;600nm;Mu
33;D1;0.139500007;600nm;Mu
33;D2;0.123999998;600nm;Mu
33;D3;0.127299994;600nm;Mu
33;D4;0.240600005;600nm;Mu
33;D5;0.129700005;600nm;Mu
33;D6;0.289099991;600nm;Mu
33;D7;0.166600004;600nm;Mu
33;D8;0.131300002;600nm;Mu
33;D9;0.137999997;600nm;Mu
33;D10;0.126699999;600nm;Mu
33;D11;0.143299997;600nm;Mu
33;D12;0.151700005;600nm;Mu
33;E1;0.144199997;600nm;Mu
33;E2;0.183500007;600nm;Mu
33;E3;0.133100003;600nm;Mu
33;E4;0.132699996;600nm;Mu
33;E5;0.126499996;600nm;Mu
33;E6;0.132599995;600nm;Mu
33;E7;0.135199994;600nm;Mu
33;E8;0.139799997;600nm;Mu
33;E9;0.128199995;600nm;Mu
33;E10;0.139699996;600nm;Mu
33;E11;0.133900002;600nm;Mu
33;E12;0.1505;600nm;Mu
33;F1;0.159099996;600nm;Mu
33;F2;0.1417;600nm;Mu
33;F3;0.149399996;600nm;Mu
33;F4;0.148200005;600nm;Mu
33;F5;0.165199995;600nm;Mu
33;F6;0.1426;600nm;Mu
33;F7;0.145400003;600nm;Mu
33;F8;0.139200002;600nm;Mu
33;F9;0.1347;600nm;Mu
33;F10;0.145899996;600nm;Mu
33;F11;0.1426;600nm;Mu
33;F12;0.166199997;600nm;Mu
33;G1;0.125499994;600nm;Mu
33;G2;0.202999994;600nm;Mu
33;G3;0.149299994;600nm;Mu
33;G4;0.141000003;600nm;Mu
33;G5;0.151299998;600nm;Mu
33;G6;0.165399998;600nm;Mu
33;G7;0.166299999;600nm;Mu
33;G8;0.186299995;600nm;Mu
33;G9;0.148300007;600nm;Mu
33;G10;0.160099998;600nm;Mu
33;G11;0.1435;600nm;Mu
33;G12;0.159799993;600nm;Mu
33;H1;0.150299996;600nm;WT_F16
33;H2;0.131400004;600nm;WT_F16
33;H3;0.132400006;600nm;WT_F16
33;H4;0.139300004;600nm;WT_F16
33;H5;0.082599998;600nm;Mg_F16
33;H6;0.134800002;600nm;Mg_F16
33;H7;0.247999996;600nm;Mg_F16
33;H8;0.082500003;600nm;Mg_F16
33;H9;0.086099997;600nm;WT_noF16
33;H10;0.089199997;600nm;WT_noF16
33;H11;0.087300003;600nm;WT_noF16
33;H12;0.094800003;600nm;WT_noF16
33;A1;1300;475nm/510nm;Mu
33;A2;1030;475nm/510nm;Mu
33;A3;1165;475nm/510nm;Mu
33;A4;937;475nm/510nm;Mu
33;A5;1225;475nm/510nm;Mu
33;A6;1064;475nm/510nm;Mu
33;A7;1137;475nm/510nm;Mu
33;A8;1086;475nm/510nm;Mu
33;A9;1314;475nm/510nm;Mu
33;A10;1080;475nm/510nm;Mu
33;A11;1193;475nm/510nm;Mu
33;A12;1109;475nm/510nm;Mu
33;B1;1386;475nm/510nm;Mu
33;B2;986;475nm/510nm;Mu
33;B3;1012;475nm/510nm;Mu
33;B4;904;475nm/510nm;Mu
33;B5;841;475nm/510nm;Mu
33;B6;1027;475nm/510nm;Mu
33;B7;924;475nm/510nm;Mu
33;B8;1002;475nm/510nm;Mu
33;B9;934;475nm/510nm;Mu
33;B10;990;475nm/510nm;Mu
33;B11;1021;475nm/510nm;Mu
33;B12;1258;475nm/510nm;Mu
33;C1;944;475nm/510nm;Mu
33;C2;713;475nm/510nm;Mu
33;C3;744;475nm/510nm;Mu
33;C4;727;475nm/510nm;Mu
33;C5;874;475nm/510nm;Mu
33;C6;803;475nm/510nm;Mu
33;C7;718;475nm/510nm;Mu
33;C8;777;475nm/510nm;Mu
33;C9;892;475nm/510nm;Mu
33;C10;973;475nm/510nm;Mu
33;C11;823;475nm/510nm;Mu
33;C12;924;475nm/510nm;Mu
33;D1;775;475nm/510nm;Mu
33;D2;745;475nm/510nm;Mu
33;D3;786;475nm/510nm;Mu
33;D4;839;475nm/510nm;Mu
33;D5;933;475nm/510nm;Mu
33;D6;871;475nm/510nm;Mu
33;D7;880;475nm/510nm;Mu
33;D8;968;475nm/510nm;Mu
33;D9;1021;475nm/510nm;Mu
33;D10;840;475nm/510nm;Mu
33;D11;1003;475nm/510nm;Mu
33;D12;1021;475nm/510nm;Mu
33;E1;1077;475nm/510nm;Mu
33;E2;1483;475nm/510nm;Mu
33;E3;799;475nm/510nm;Mu
33;E4;830;475nm/510nm;Mu
33;E5;826;475nm/510nm;Mu
33;E6;816;475nm/510nm;Mu
33;E7;796;475nm/510nm;Mu
33;E8;974;475nm/510nm;Mu
33;E9;809;475nm/510nm;Mu
33;E10;864;475nm/510nm;Mu
33;E11;860;475nm/510nm;Mu
33;E12;1116;475nm/510nm;Mu
33;F1;978;475nm/510nm;Mu
33;F2;853;475nm/510nm;Mu
33;F3;856;475nm/510nm;Mu
33;F4;910;475nm/510nm;Mu
33;F5;1322;475nm/510nm;Mu
33;F6;1058;475nm/510nm;Mu
33;F7;986;475nm/510nm;Mu
33;F8;950;475nm/510nm;Mu
33;F9;965;475nm/510nm;Mu
33;F10;1046;475nm/510nm;Mu
33;F11;1267;475nm/510nm;Mu
33;F12;1242;475nm/510nm;Mu
33;G1;797;475nm/510nm;Mu
33;G2;1103;475nm/510nm;Mu
33;G3;935;475nm/510nm;Mu
33;G4;926;475nm/510nm;Mu
33;G5;1098;475nm/510nm;Mu
33;G6;1144;475nm/510nm;Mu
33;G7;1204;475nm/510nm;Mu
33;G8;1108;475nm/510nm;Mu
33;G9;1105;475nm/510nm;Mu
33;G10;1123;475nm/510nm;Mu
33;G11;1146;475nm/510nm;Mu
33;G12;1289;475nm/510nm;Mu
33;H1;868;475nm/510nm;WT_F16
33;H2;738;475nm/510nm;WT_F16
33;H3;894;475nm/510nm;WT_F16
33;H4;767;475nm/510nm;WT_F16
33;H5;169;475nm/510nm;Mg_F16
33;H6;181;475nm/510nm;Mg_F16
33;H7;148;475nm/510nm;Mg_F16
33;H8;199;475nm/510nm;Mg_F16
33;H9;429;475nm/510nm;WT_noF16
33;H10;422;475nm/510nm;WT_noF16
33;H11;422;475nm/510nm;WT_noF16
33;H12;446;475nm/510nm;WT_noF16
34;A1;0.147699997;600nm;Mu
34;A2;0.156000003;600nm;Mu
34;A3;0.150299996;600nm;Mu
34;A4;0.154300004;600nm;Mu
34;A5;0.129800007;600nm;Mu
34;A6;0.121200003;600nm;Mu
34;A7;0.129999995;600nm;Mu
34;A8;0.123300001;600nm;Mu
34;A9;0.134800002;600nm;Mu
34;A10;0.132599995;600nm;Mu
34;A11;0.143999994;600nm;Mu
34;A12;0.145199999;600nm;Mu
34;B1;0.158199996;600nm;Mu
34;B2;0.137199998;600nm;Mu
34;B3;0.145300001;600nm;Mu
34;B4;0.145899996;600nm;Mu
34;B5;0.134399995;600nm;Mu
34;B6;0.128999993;600nm;Mu
34;B7;0.137199998;600nm;Mu
34;B8;0.130099997;600nm;Mu
34;B9;0.146500006;600nm;Mu
34;B10;0.144800007;600nm;Mu
34;B11;0.143000007;600nm;Mu
34;B12;0.125499994;600nm;Mu
34;C1;0.1391;600nm;Mu
34;C2;0.1391;600nm;Mu
34;C3;0.123499997;600nm;Mu
34;C4;0.126900002;600nm;Mu
34;C5;0.123999998;600nm;Mu
34;C6;0.158999994;600nm;Mu
34;C7;0.143600002;600nm;Mu
34;C8;0.140200004;600nm;Mu
34;C9;0.142100006;600nm;Mu
34;C10;0.147300005;600nm;Mu
34;C11;0.143600002;600nm;Mu
34;C12;0.162;600nm;Mu
34;D1;0.133900002;600nm;Mu
34;D2;0.117299996;600nm;Mu
34;D3;0.118600003;600nm;Mu
34;D4;0.106899999;600nm;Mu
34;D5;0.137899995;600nm;Mu
34;D6;0.150099993;600nm;Mu
34;D7;0.128299996;600nm;Mu
34;D8;0.145899996;600nm;Mu
34;D9;0.145899996;600nm;Mu
34;D10;0.142700002;600nm;Mu
34;D11;0.135399997;600nm;Mu
34;D12;0.137799993;600nm;Mu
34;E1;0.135800004;600nm;Mu
34;E2;0.128600001;600nm;Mu
34;E3;0.1435;600nm;Mu
34;E4;0.127299994;600nm;Mu
34;E5;0.116800003;600nm;Mu
34;E6;0.133100003;600nm;Mu
34;E7;0.128299996;600nm;Mu
34;E8;0.140200004;600nm;Mu
34;E9;0.131099999;600nm;Mu
34;E10;0.1175;600nm;Mu
34;E11;0.1259;600nm;Mu
34;E12;0.1373;600nm;Mu
34;F1;0.1479;600nm;Mu
34;F2;0.132499993;600nm;Mu
34;F3;0.116599999;600nm;Mu
34;F4;0.120200001;600nm;Mu
34;F5;0.131500006;600nm;Mu
34;F6;0.132100001;600nm;Mu
34;F7;0.128600001;600nm;Mu
34;F8;0.137999997;600nm;Mu
34;F9;0.135100007;600nm;Mu
34;F10;0.155699998;600nm;Mu
34;F11;0.138099998;600nm;Mu
34;F12;0.141100004;600nm;Mu
34;G1;0.139200002;600nm;Mu
34;G2;0.129199997;600nm;Mu
34;G3;0.128299996;600nm;Mu
34;G4;0.132499993;600nm;Mu
34;G5;0.145099998;600nm;Mu
34;G6;0.150900006;600nm;Mu
34;G7;0.144999996;600nm;Mu
34;G8;0.143199995;600nm;Mu
34;G9;0.142199993;600nm;Mu
34;G10;0.156200007;600nm;Mu
34;G11;0.147300005;600nm;Mu
34;G12;0.1523;600nm;Mu
34;H1;0.120399997;600nm;WT_F16
34;H2;0.135100007;600nm;WT_F16
34;H3;0.128700003;600nm;WT_F16
34;H4;0.135000005;600nm;WT_F16
34;H5;0.081200004;600nm;Mg_F16
34;H6;0.081200004;600nm;Mg_F16
34;H7;0.081200004;600nm;Mg_F16
34;H8;0.0933;600nm;Mg_F16
34;H9;0.0876;600nm;WT_noF16
34;H10;0.138699993;600nm;WT_noF16
34;H11;0.121699996;600nm;WT_noF16
34;H12;0.152999997;600nm;WT_noF16
34;A1;906;475nm/510nm;Mu
34;A2;997;475nm/510nm;Mu
34;A3;935;475nm/510nm;Mu
34;A4;983;475nm/510nm;Mu
34;A5;767;475nm/510nm;Mu
34;A6;763;475nm/510nm;Mu
34;A7;1003;475nm/510nm;Mu
34;A8;748;475nm/510nm;Mu
34;A9;870;475nm/510nm;Mu
34;A10;851;475nm/510nm;Mu
34;A11;1162;475nm/510nm;Mu
34;A12;1333;475nm/510nm;Mu
34;B1;855;475nm/510nm;Mu
34;B2;845;475nm/510nm;Mu
34;B3;831;475nm/510nm;Mu
34;B4;856;475nm/510nm;Mu
34;B5;825;475nm/510nm;Mu
34;B6;792;475nm/510nm;Mu
34;B7;881;475nm/510nm;Mu
34;B8;848;475nm/510nm;Mu
34;B9;953;475nm/510nm;Mu
34;B10;931;475nm/510nm;Mu
34;B11;903;475nm/510nm;Mu
34;B12;811;475nm/510nm;Mu
34;C1;828;475nm/510nm;Mu
34;C2;1069;475nm/510nm;Mu
34;C3;722;475nm/510nm;Mu
34;C4;704;475nm/510nm;Mu
34;C5;698;475nm/510nm;Mu
34;C6;1525;475nm/510nm;Mu
34;C7;862;475nm/510nm;Mu
34;C8;900;475nm/510nm;Mu
34;C9;914;475nm/510nm;Mu
34;C10;872;475nm/510nm;Mu
34;C11;948;475nm/510nm;Mu
34;C12;1113;475nm/510nm;Mu
34;D1;813;475nm/510nm;Mu
34;D2;607;475nm/510nm;Mu
34;D3;666;475nm/510nm;Mu
34;D4;754;475nm/510nm;Mu
34;D5;856;475nm/510nm;Mu
34;D6;909;475nm/510nm;Mu
34;D7;805;475nm/510nm;Mu
34;D8;942;475nm/510nm;Mu
34;D9;925;475nm/510nm;Mu
34;D10;865;475nm/510nm;Mu
34;D11;869;475nm/510nm;Mu
34;D12;845;475nm/510nm;Mu
34;E1;776;475nm/510nm;Mu
34;E2;736;475nm/510nm;Mu
34;E3;671;475nm/510nm;Mu
34;E4;728;475nm/510nm;Mu
34;E5;651;475nm/510nm;Mu
34;E6;723;475nm/510nm;Mu
34;E7;648;475nm/510nm;Mu
34;E8;756;475nm/510nm;Mu
34;E9;753;475nm/510nm;Mu
34;E10;653;475nm/510nm;Mu
34;E11;790;475nm/510nm;Mu
34;E12;860;475nm/510nm;Mu
34;F1;794;475nm/510nm;Mu
34;F2;717;475nm/510nm;Mu
34;F3;691;475nm/510nm;Mu
34;F4;679;475nm/510nm;Mu
34;F5;818;475nm/510nm;Mu
34;F6;850;475nm/510nm;Mu
34;F7;777;475nm/510nm;Mu
34;F8;853;475nm/510nm;Mu
34;F9;843;475nm/510nm;Mu
34;F10;1382;475nm/510nm;Mu
34;F11;842;475nm/510nm;Mu
34;F12;916;475nm/510nm;Mu
34;G1;805;475nm/510nm;Mu
34;G2;795;475nm/510nm;Mu
34;G3;774;475nm/510nm;Mu
34;G4;769;475nm/510nm;Mu
34;G5;899;475nm/510nm;Mu
34;G6;939;475nm/510nm;Mu
34;G7;951;475nm/510nm;Mu
34;G8;951;475nm/510nm;Mu
34;G9;896;475nm/510nm;Mu
34;G10;1081;475nm/510nm;Mu
34;G11;902;475nm/510nm;Mu
34;G12;1010;475nm/510nm;Mu
34;H1;740;475nm/510nm;WT_F16
34;H2;744;475nm/510nm;WT_F16
34;H3;779;475nm/510nm;WT_F16
34;H4;740;475nm/510nm;WT_F16
34;H5;167;475nm/510nm;Mg_F16
34;H6;176;475nm/510nm;Mg_F16
34;H7;166;475nm/510nm;Mg_F16
34;H8;176;475nm/510nm;Mg_F16
34;H9;430;475nm/510nm;WT_noF16
34;H10;418;475nm/510nm;WT_noF16
34;H11;426;475nm/510nm;WT_noF16
34;H12;439;475nm/510nm;WT_noF16
35;A1;0.157800004;600nm;Mu
35;A2;0.150299996;600nm;Mu
35;A3;0.142499998;600nm;Mu
35;A4;0.145400003;600nm;Mu
35;A5;0.139599994;600nm;Mu
35;A6;0.126499996;600nm;Mu
35;A7;0.121100001;600nm;Mu
35;A8;0.142499998;600nm;Mu
35;A9;0.132499993;600nm;Mu
35;A10;0.138699993;600nm;Mu
35;A11;0.147100002;600nm;Mu
35;A12;0.167199999;600nm;Mu
35;B1;0.159400001;600nm;Mu
35;B2;0.137999997;600nm;Mu
35;B3;0.136000007;600nm;Mu
35;B4;0.134000003;600nm;Mu
35;B5;0.127700001;600nm;Mu
35;B6;0.127599999;600nm;Mu
35;B7;0.227599993;600nm;Mu
35;B8;0.217199996;600nm;Mu
35;B9;0.271499991;600nm;Mu
35;B10;0.298700005;600nm;Mu
35;B11;0.138999999;600nm;Mu
35;B12;0.139699996;600nm;Mu
35;C1;0.158899993;600nm;Mu
35;C2;0.142399997;600nm;Mu
35;C3;0.139599994;600nm;Mu
35;C4;0.1391;600nm;Mu
35;C5;0.169499993;600nm;Mu
35;C6;0.147699997;600nm;Mu
35;C7;0.168200001;600nm;Mu
35;C8;0.163900003;600nm;Mu
35;C9;0.408699989;600nm;Mu
35;C10;0.167899996;600nm;Mu
35;C11;0.140499994;600nm;Mu
35;C12;0.133100003;600nm;Mu
35;D1;0.144400001;600nm;Mu
35;D2;0.134299994;600nm;Mu
35;D3;0.134000003;600nm;Mu
35;D4;0.1417;600nm;Mu
35;D5;0.150800005;600nm;Mu
35;D6;0.139599994;600nm;Mu
35;D7;0.136099994;600nm;Mu
35;D8;0.132699996;600nm;Mu
35;D9;0.129700005;600nm;Mu
35;D10;0.244299993;600nm;Mu
35;D11;0.126599997;600nm;Mu
35;D12;0.187999994;600nm;Mu
35;E1;0.145099998;600nm;Mu
35;E2;0.129700005;600nm;Mu
35;E3;0.120399997;600nm;Mu
35;E4;0.132100001;600nm;Mu
35;E5;0.130400002;600nm;Mu
35;E6;0.145699993;600nm;Mu
35;E7;0.143800005;600nm;Mu
35;E8;0.180000007;600nm;Mu
35;E9;0.142900005;600nm;Mu
35;E10;0.126200005;600nm;Mu
35;E11;0.142399997;600nm;Mu
35;E12;0.136700004;600nm;Mu
35;F1;0.153099999;600nm;Mu
35;F2;0.159500003;600nm;Mu
35;F3;0.168200001;600nm;Mu
35;F4;0.153999999;600nm;Mu
35;F5;0.132200003;600nm;Mu
35;F6;0.206400007;600nm;Mu
35;F7;0.141100004;600nm;Mu
35;F8;0.149700001;600nm;Mu
35;F9;0.135399997;600nm;Mu
35;F10;0.161300004;600nm;Mu
35;F11;0.158700004;600nm;Mu
35;F12;0.163299993;600nm;Mu
35;G1;0.157700002;600nm;Mu
35;G2;0.182999998;600nm;Mu
35;G3;0.185599998;600nm;Mu
35;G4;0.172999993;600nm;Mu
35;G5;0.196899995;600nm;Mu
35;G6;0.194199994;600nm;Mu
35;G7;0.184100002;600nm;Mu
35;G8;0.166299999;600nm;Mu
35;G9;0.168200001;600nm;Mu
35;G10;0.169300005;600nm;Mu
35;G11;0.172199994;600nm;Mu
35;G12;0.176400006;600nm;Mu
35;H1;0.415100008;600nm;WT_F16
35;H2;0.136899993;600nm;WT_F16
35;H3;0.147100002;600nm;WT_F16
35;H4;0.162;600nm;WT_F16
35;H5;0.085600004;600nm;Mg_F16
35;H6;0.249899998;600nm;Mg_F16
35;H7;0.086000003;600nm;Mg_F16
35;H8;0.087300003;600nm;Mg_F16
35;H9;0.111000001;600nm;WT_noF16
35;H10;0.133200005;600nm;WT_noF16
35;H11;0.144099995;600nm;WT_noF16
35;H12;0.168799996;600nm;WT_noF16
35;A1;973;475nm/510nm;Mu
35;A2;1002;475nm/510nm;Mu
35;A3;904;475nm/510nm;Mu
35;A4;884;475nm/510nm;Mu
35;A5;846;475nm/510nm;Mu
35;A6;867;475nm/510nm;Mu
35;A7;786;475nm/510nm;Mu
35;A8;938;475nm/510nm;Mu
35;A9;780;475nm/510nm;Mu
35;A10;921;475nm/510nm;Mu
35;A11;905;475nm/510nm;Mu
35;A12;1236;475nm/510nm;Mu
35;B1;931;475nm/510nm;Mu
35;B2;836;475nm/510nm;Mu
35;B3;845;475nm/510nm;Mu
35;B4;810;475nm/510nm;Mu
35;B5;743;475nm/510nm;Mu
35;B6;1165;475nm/510nm;Mu
35;B7;966;475nm/510nm;Mu
35;B8;668;475nm/510nm;Mu
35;B9;860;475nm/510nm;Mu
35;B10;989;475nm/510nm;Mu
35;B11;875;475nm/510nm;Mu
35;B12;884;475nm/510nm;Mu
35;C1;1019;475nm/510nm;Mu
35;C2;857;475nm/510nm;Mu
35;C3;880;475nm/510nm;Mu
35;C4;869;475nm/510nm;Mu
35;C5;1186;475nm/510nm;Mu
35;C6;954;475nm/510nm;Mu
35;C7;1173;475nm/510nm;Mu
35;C8;1075;475nm/510nm;Mu
35;C9;764;475nm/510nm;Mu
35;C10;999;475nm/510nm;Mu
35;C11;857;475nm/510nm;Mu
35;C12;821;475nm/510nm;Mu
35;D1;1041;475nm/510nm;Mu
35;D2;830;475nm/510nm;Mu
35;D3;741;475nm/510nm;Mu
35;D4;788;475nm/510nm;Mu
35;D5;967;475nm/510nm;Mu
35;D6;804;475nm/510nm;Mu
35;D7;882;475nm/510nm;Mu
35;D8;923;475nm/510nm;Mu
35;D9;728;475nm/510nm;Mu
35;D10;836;475nm/510nm;Mu
35;D11;723;475nm/510nm;Mu
35;D12;910;475nm/510nm;Mu
35;E1;905;475nm/510nm;Mu
35;E2;766;475nm/510nm;Mu
35;E3;677;475nm/510nm;Mu
35;E4;742;475nm/510nm;Mu
35;E5;786;475nm/510nm;Mu
35;E6;938;475nm/510nm;Mu
35;E7;897;475nm/510nm;Mu
35;E8;968;475nm/510nm;Mu
35;E9;823;475nm/510nm;Mu
35;E10;766;475nm/510nm;Mu
35;E11;841;475nm/510nm;Mu
35;E12;831;475nm/510nm;Mu
35;F1;1007;475nm/510nm;Mu
35;F2;1138;475nm/510nm;Mu
35;F3;1080;475nm/510nm;Mu
35;F4;1093;475nm/510nm;Mu
35;F5;970;475nm/510nm;Mu
35;F6;1036;475nm/510nm;Mu
35;F7;966;475nm/510nm;Mu
35;F8;919;475nm/510nm;Mu
35;F9;996;475nm/510nm;Mu
35;F10;985;475nm/510nm;Mu
35;F11;1026;475nm/510nm;Mu
35;F12;1121;475nm/510nm;Mu
35;G1;1116;475nm/510nm;Mu
35;G2;1238;475nm/510nm;Mu
35;G3;1251;475nm/510nm;Mu
35;G4;1220;475nm/510nm;Mu
35;G5;1250;475nm/510nm;Mu
35;G6;1287;475nm/510nm;Mu
35;G7;1191;475nm/510nm;Mu
35;G8;1390;475nm/510nm;Mu
35;G9;1086;475nm/510nm;Mu
35;G10;1148;475nm/510nm;Mu
35;G11;1092;475nm/510nm;Mu
35;G12;1272;475nm/510nm;Mu
35;H1;968;475nm/510nm;WT_F16
35;H2;884;475nm/510nm;WT_F16
35;H3;742;475nm/510nm;WT_F16
35;H4;908;475nm/510nm;WT_F16
35;H5;161;475nm/510nm;Mg_F16
35;H6;145;475nm/510nm;Mg_F16
35;H7;163;475nm/510nm;Mg_F16
35;H8;166;475nm/510nm;Mg_F16
35;H9;411;475nm/510nm;WT_noF16
35;H10;408;475nm/510nm;WT_noF16
35;H11;411;475nm/510nm;WT_noF16
35;H12;421;475nm/510nm;WT_noF16
36;A1;0.152099997;600nm;Mu
36;A2;0.143099993;600nm;Mu
36;A3;0.146200001;600nm;Mu
36;A4;0.161699995;600nm;Mu
36;A5;0.143800005;600nm;Mu
36;A6;0.175099999;600nm;Mu
36;A7;0.187900007;600nm;Mu
36;A8;0.137099996;600nm;Mu
36;A9;0.149499997;600nm;Mu
36;A10;0.160699993;600nm;Mu
36;A11;0.147499993;600nm;Mu
36;A12;0.148300007;600nm;Mu
36;B1;0.138799995;600nm;Mu
36;B2;0.151600003;600nm;Mu
36;B3;0.146200001;600nm;Mu
36;B4;0.145400003;600nm;Mu
36;B5;0.181700006;600nm;Mu
36;B6;0.159899995;600nm;Mu
36;B7;0.164800003;600nm;Mu
36;B8;0.181500003;600nm;Mu
36;B9;0.125200003;600nm;Mu
36;B10;0.127700001;600nm;Mu
36;B11;0.123499997;600nm;Mu
36;B12;0.148699999;600nm;Mu
36;C1;0.139500007;600nm;Mu
36;C2;0.1241;600nm;Mu
36;C3;0.126900002;600nm;Mu
36;C4;0.119800001;600nm;Mu
36;C5;0.124499999;600nm;Mu
36;C6;0.122500002;600nm;Mu
36;C7;0.131500006;600nm;Mu
36;C8;0.129899994;600nm;Mu
36;C9;0.132699996;600nm;Mu
36;C10;0.119800001;600nm;Mu
36;C11;0.147599995;600nm;Mu
36;C12;0.150099993;600nm;Mu
36;D1;0.149900004;600nm;Mu
36;D2;0.141499996;600nm;Mu
36;D3;0.122599997;600nm;Mu
36;D4;0.113600001;600nm;Mu
36;D5;0.114299998;600nm;Mu
36;D6;0.113799997;600nm;Mu
36;D7;0.124600001;600nm;Mu
36;D8;0.122699998;600nm;Mu
36;D9;0.1215;600nm;Mu
36;D10;0.116400003;600nm;Mu
36;D11;0.136399999;600nm;Mu
36;D12;0.1884;600nm;Mu
36;E1;0.139899999;600nm;Mu
36;E2;0.112899996;600nm;Mu
36;E3;0.118100002;600nm;Mu
36;E4;0.118299998;600nm;Mu
36;E5;0.120200001;600nm;Mu
36;E6;0.134200007;600nm;Mu
36;E7;0.126900002;600nm;Mu
36;E8;0.116499998;600nm;Mu
36;E9;0.115599997;600nm;Mu
36;E10;0.107699998;600nm;Mu
36;E11;0.118900001;600nm;Mu
36;E12;0.142399997;600nm;Mu
36;F1;0.134599999;600nm;Mu
36;F2;0.124799997;600nm;Mu
36;F3;0.124799997;600nm;Mu
36;F4;0.102300003;600nm;Mu
36;F5;0.1206;600nm;Mu
36;F6;0.123800002;600nm;Mu
36;F7;0.115099996;600nm;Mu
36;F8;0.107699998;600nm;Mu
36;F9;0.115800001;600nm;Mu
36;F10;0.123199999;600nm;Mu
36;F11;0.120399997;600nm;Mu
36;F12;0.150099993;600nm;Mu
36;G1;0.167999998;600nm;Mu
36;G2;0.124300003;600nm;Mu
36;G3;0.127700001;600nm;Mu
36;G4;0.120700002;600nm;Mu
36;G5;0.119599998;600nm;Mu
36;G6;0.135299996;600nm;Mu
36;G7;0.155100003;600nm;Mu
36;G8;0.131600007;600nm;Mu
36;G9;0.125699997;600nm;Mu
36;G10;0.121399999;600nm;Mu
36;G11;0.126100004;600nm;Mu
36;G12;0.1752;600nm;Mu
36;H1;0.139799997;600nm;WT_F16
36;H2;0.131500006;600nm;WT_F16
36;H3;0.140200004;600nm;WT_F16
36;H4;0.150900006;600nm;WT_F16
36;H5;0.082400002;600nm;Mg_F16
36;H6;0.0832;600nm;Mg_F16
36;H7;0.083400004;600nm;Mg_F16
36;H8;0.0889;600nm;Mg_F16
36;H9;0.1008;600nm;WT_noF16
36;H10;0.111599997;600nm;WT_noF16
36;H11;0.105599999;600nm;WT_noF16
36;H12;0.189700007;600nm;WT_noF16
36;A1;1261;475nm/510nm;Mu
36;A2;1304;475nm/510nm;Mu
36;A3;1438;475nm/510nm;Mu
36;A4;1698;475nm/510nm;Mu
36;A5;1198;475nm/510nm;Mu
36;A6;1219;475nm/510nm;Mu
36;A7;1256;475nm/510nm;Mu
36;A8;1237;475nm/510nm;Mu
36;A9;1775;475nm/510nm;Mu
36;A10;1828;475nm/510nm;Mu
36;A11;1516;475nm/510nm;Mu
36;A12;1083;475nm/510nm;Mu
36;B1;1130;475nm/510nm;Mu
36;B2;2668;475nm/510nm;Mu
36;B3;1104;475nm/510nm;Mu
36;B4;1027;475nm/510nm;Mu
36;B5;1280;475nm/510nm;Mu
36;B6;1204;475nm/510nm;Mu
36;B7;1117;475nm/510nm;Mu
36;B8;1290;475nm/510nm;Mu
36;B9;1183;475nm/510nm;Mu
36;B10;1067;475nm/510nm;Mu
36;B11;1129;475nm/510nm;Mu
36;B12;1091;475nm/510nm;Mu
36;C1;1007;475nm/510nm;Mu
36;C2;865;475nm/510nm;Mu
36;C3;860;475nm/510nm;Mu
36;C4;830;475nm/510nm;Mu
36;C5;916;475nm/510nm;Mu
36;C6;1280;475nm/510nm;Mu
36;C7;930;475nm/510nm;Mu
36;C8;1092;475nm/510nm;Mu
36;C9;1147;475nm/510nm;Mu
36;C10;917;475nm/510nm;Mu
36;C11;1141;475nm/510nm;Mu
36;C12;1198;475nm/510nm;Mu
36;D1;1062;475nm/510nm;Mu
36;D2;969;475nm/510nm;Mu
36;D3;797;475nm/510nm;Mu
36;D4;817;475nm/510nm;Mu
36;D5;840;475nm/510nm;Mu
36;D6;812;475nm/510nm;Mu
36;D7;880;475nm/510nm;Mu
36;D8;982;475nm/510nm;Mu
36;D9;986;475nm/510nm;Mu
36;D10;923;475nm/510nm;Mu
36;D11;1074;475nm/510nm;Mu
36;D12;1317;475nm/510nm;Mu
36;E1;946;475nm/510nm;Mu
36;E2;798;475nm/510nm;Mu
36;E3;844;475nm/510nm;Mu
36;E4;877;475nm/510nm;Mu
36;E5;885;475nm/510nm;Mu
36;E6;883;475nm/510nm;Mu
36;E7;881;475nm/510nm;Mu
36;E8;838;475nm/510nm;Mu
36;E9;845;475nm/510nm;Mu
36;E10;825;475nm/510nm;Mu
36;E11;864;475nm/510nm;Mu
36;E12;991;475nm/510nm;Mu
36;F1;1150;475nm/510nm;Mu
36;F2;951;475nm/510nm;Mu
36;F3;969;475nm/510nm;Mu
36;F4;849;475nm/510nm;Mu
36;F5;983;475nm/510nm;Mu
36;F6;1010;475nm/510nm;Mu
36;F7;900;475nm/510nm;Mu
36;F8;782;475nm/510nm;Mu
36;F9;897;475nm/510nm;Mu
36;F10;890;475nm/510nm;Mu
36;F11;928;475nm/510nm;Mu
36;F12;1054;475nm/510nm;Mu
36;G1;1235;475nm/510nm;Mu
36;G2;913;475nm/510nm;Mu
36;G3;960;475nm/510nm;Mu
36;G4;1096;475nm/510nm;Mu
36;G5;1083;475nm/510nm;Mu
36;G6;1177;475nm/510nm;Mu
36;G7;1261;475nm/510nm;Mu
36;G8;1128;475nm/510nm;Mu
36;G9;1163;475nm/510nm;Mu
36;G10;1054;475nm/510nm;Mu
36;G11;1091;475nm/510nm;Mu
36;G12;1341;475nm/510nm;Mu
36;H1;894;475nm/510nm;WT_F16
36;H2;853;475nm/510nm;WT_F16
36;H3;895;475nm/510nm;WT_F16
36;H4;1099;475nm/510nm;WT_F16
36;H5;169;475nm/510nm;Mg_F16
36;H6;174;475nm/510nm;Mg_F16
36;H7;173;475nm/510nm;Mg_F16
36;H8;171;475nm/510nm;Mg_F16
36;H9;426;475nm/510nm;WT_noF16
36;H10;436;475nm/510nm;WT_noF16
36;H11;444;475nm/510nm;WT_noF16
36;H12;421;475nm/510nm;WT_noF16
37;A1;0.135199994;600nm;Mu
37;A2;0.132200003;600nm;Mu
37;A3;0.144899994;600nm;Mu
37;A4;0.1347;600nm;Mu
37;A5;0.127700001;600nm;Mu
37;A6;0.132499993;600nm;Mu
37;A7;0.120899998;600nm;Mu
37;A8;0.121699996;600nm;Mu
37;A9;0.1219;600nm;Mu
37;A10;0.127000004;600nm;Mu
37;A11;0.132200003;600nm;Mu
37;A12;0.124499999;600nm;Mu
37;B1;0.131799996;600nm;Mu
37;B2;0.117700003;600nm;Mu
37;B3;0.117600001;600nm;Mu
37;B4;0.1184;600nm;Mu
37;B5;0.118100002;600nm;Mu
37;B6;0.116300002;600nm;Mu
37;B7;0.114799999;600nm;Mu
37;B8;0.116400003;600nm;Mu
37;B9;0.119800001;600nm;Mu
37;B10;0.125;600nm;Mu
37;B11;0.140900001;600nm;Mu
37;B12;0.1743;600nm;Mu
37;C1;0.132200003;600nm;Mu
37;C2;0.131500006;600nm;Mu
37;C3;0.142199993;600nm;Mu
37;C4;0.135199994;600nm;Mu
37;C5;0.133699998;600nm;Mu
37;C6;0.127100006;600nm;Mu
37;C7;0.121200003;600nm;Mu
37;C8;0.1294;600nm;Mu
37;C9;0.127299994;600nm;Mu
37;C10;0.112199999;600nm;Mu
37;C11;0.1215;600nm;Mu
37;C12;0.140900001;600nm;Mu
37;D1;0.1285;600nm;Mu
37;D2;0.147400007;600nm;Mu
37;D3;0.148499995;600nm;Mu
37;D4;0.137899995;600nm;Mu
37;D5;0.135399997;600nm;Mu
37;D6;0.128900006;600nm;Mu
37;D7;0.1285;600nm;Mu
37;D8;0.121200003;600nm;Mu
37;D9;0.123899996;600nm;Mu
37;D10;0.1184;600nm;Mu
37;D11;0.127000004;600nm;Mu
37;D12;0.133599997;600nm;Mu
37;E1;0.151700005;600nm;Mu
37;E2;0.128199995;600nm;Mu
37;E3;0.119800001;600nm;Mu
37;E4;0.119599998;600nm;Mu
37;E5;0.117700003;600nm;Mu
37;E6;0.123599999;600nm;Mu
37;E7;0.115400001;600nm;Mu
37;E8;0.118500002;600nm;Mu
37;E9;0.114799999;600nm;Mu
37;E10;0.112899996;600nm;Mu
37;E11;0.116999999;600nm;Mu
37;E12;0.135499999;600nm;Mu
37;F1;0.124700002;600nm;Mu
37;F2;0.133399993;600nm;Mu
37;F3;0.126100004;600nm;Mu
37;F4;0.126599997;600nm;Mu
37;F5;0.127100006;600nm;Mu
37;F6;0.126499996;600nm;Mu
37;F7;0.136099994;600nm;Mu
37;F8;0.135000005;600nm;Mu
37;F9;0.134900004;600nm;Mu
37;F10;0.122500002;600nm;Mu
37;F11;0.127100006;600nm;Mu
37;F12;0.139200002;600nm;Mu
37;G1;0.129800007;600nm;Mu
37;G2;0.118699998;600nm;Mu
37;G3;0.132499993;600nm;Mu
37;G4;0.141399994;600nm;Mu
37;G5;0.128399998;600nm;Mu
37;G6;0.142700002;600nm;Mu
37;G7;0.138099998;600nm;Mu
37;G8;0.134100005;600nm;Mu
37;G9;0.143399999;600nm;Mu
37;G10;0.147200003;600nm;Mu
37;G11;0.141299993;600nm;Mu
37;G12;0.182699993;600nm;Mu
37;H1;0.122400001;600nm;WT_F16
37;H2;0.1206;600nm;WT_F16
37;H3;0.1294;600nm;WT_F16
37;H4;0.125400007;600nm;WT_F16
37;H5;0.084399998;600nm;Mg_F16
37;H6;0.083400004;600nm;Mg_F16
37;H7;0.0845;600nm;Mg_F16
37;H8;0.086000003;600nm;Mg_F16
37;H9;0.095100001;600nm;WT_noF16
37;H10;0.094099998;600nm;WT_noF16
37;H11;0.098099999;600nm;WT_noF16
37;H12;0.104199998;600nm;WT_noF16
37;A1;830;475nm/510nm;Mu
37;A2;820;475nm/510nm;Mu
37;A3;998;475nm/510nm;Mu
37;A4;898;475nm/510nm;Mu
37;A5;987;475nm/510nm;Mu
37;A6;808;475nm/510nm;Mu
37;A7;743;475nm/510nm;Mu
37;A8;796;475nm/510nm;Mu
37;A9;871;475nm/510nm;Mu
37;A10;943;475nm/510nm;Mu
37;A11;915;475nm/510nm;Mu
37;A12;945;475nm/510nm;Mu
37;B1;828;475nm/510nm;Mu
37;B2;724;475nm/510nm;Mu
37;B3;759;475nm/510nm;Mu
37;B4;777;475nm/510nm;Mu
37;B5;819;475nm/510nm;Mu
37;B6;822;475nm/510nm;Mu
37;B7;769;475nm/510nm;Mu
37;B8;823;475nm/510nm;Mu
37;B9;825;475nm/510nm;Mu
37;B10;892;475nm/510nm;Mu
37;B11;1005;475nm/510nm;Mu
37;B12;1164;475nm/510nm;Mu
37;C1;798;475nm/510nm;Mu
37;C2;878;475nm/510nm;Mu
37;C3;844;475nm/510nm;Mu
37;C4;861;475nm/510nm;Mu
37;C5;902;475nm/510nm;Mu
37;C6;893;475nm/510nm;Mu
37;C7;868;475nm/510nm;Mu
37;C8;874;475nm/510nm;Mu
37;C9;842;475nm/510nm;Mu
37;C10;730;475nm/510nm;Mu
37;C11;852;475nm/510nm;Mu
37;C12;994;475nm/510nm;Mu
37;D1;821;475nm/510nm;Mu
37;D2;931;475nm/510nm;Mu
37;D3;897;475nm/510nm;Mu
37;D4;845;475nm/510nm;Mu
37;D5;896;475nm/510nm;Mu
37;D6;868;475nm/510nm;Mu
37;D7;858;475nm/510nm;Mu
37;D8;787;475nm/510nm;Mu
37;D9;830;475nm/510nm;Mu
37;D10;799;475nm/510nm;Mu
37;D11;762;475nm/510nm;Mu
37;D12;867;475nm/510nm;Mu
37;E1;952;475nm/510nm;Mu
37;E2;772;475nm/510nm;Mu
37;E3;716;475nm/510nm;Mu
37;E4;793;475nm/510nm;Mu
37;E5;802;475nm/510nm;Mu
37;E6;853;475nm/510nm;Mu
37;E7;802;475nm/510nm;Mu
37;E8;750;475nm/510nm;Mu
37;E9;723;475nm/510nm;Mu
37;E10;688;475nm/510nm;Mu
37;E11;833;475nm/510nm;Mu
37;E12;907;475nm/510nm;Mu
37;F1;758;475nm/510nm;Mu
37;F2;1011;475nm/510nm;Mu
37;F3;865;475nm/510nm;Mu
37;F4;814;475nm/510nm;Mu
37;F5;796;475nm/510nm;Mu
37;F6;820;475nm/510nm;Mu
37;F7;923;475nm/510nm;Mu
37;F8;920;475nm/510nm;Mu
37;F9;911;475nm/510nm;Mu
37;F10;841;475nm/510nm;Mu
37;F11;926;475nm/510nm;Mu
37;F12;991;475nm/510nm;Mu
37;G1;825;475nm/510nm;Mu
37;G2;725;475nm/510nm;Mu
37;G3;944;475nm/510nm;Mu
37;G4;921;475nm/510nm;Mu
37;G5;872;475nm/510nm;Mu
37;G6;869;475nm/510nm;Mu
37;G7;980;475nm/510nm;Mu
37;G8;1022;475nm/510nm;Mu
37;G9;1004;475nm/510nm;Mu
37;G10;983;475nm/510nm;Mu
37;G11;1040;475nm/510nm;Mu
37;G12;1159;475nm/510nm;Mu
37;H1;710;475nm/510nm;WT_F16
37;H2;712;475nm/510nm;WT_F16
37;H3;751;475nm/510nm;WT_F16
37;H4;694;475nm/510nm;WT_F16
37;H5;163;475nm/510nm;Mg_F16
37;H6;166;475nm/510nm;Mg_F16
37;H7;166;475nm/510nm;Mg_F16
37;H8;161;475nm/510nm;Mg_F16
37;H9;426;475nm/510nm;WT_noF16
37;H10;429;475nm/510nm;WT_noF16
37;H11;445;475nm/510nm;WT_noF16
37;H12;430;475nm/510nm;WT_noF16
38;A1;0.139200002;600nm;Mu
38;A2;0.160500005;600nm;Mu
38;A3;0.138899997;600nm;Mu
38;A4;0.131699994;600nm;Mu
38;A5;0.161200002;600nm;Mu
38;A6;0.178399995;600nm;Mu
38;A7;0.145500004;600nm;Mu
38;A8;0.135900006;600nm;Mu
38;A9;0.137799993;600nm;Mu
38;A10;0.130600005;600nm;Mu
38;A11;0.146400005;600nm;Mu
38;A12;0.155599996;600nm;Mu
38;B1;0.131600007;600nm;Mu
38;B2;0.130199999;600nm;Mu
38;B3;0.120200001;600nm;Mu
38;B4;0.119000003;600nm;Mu
38;B5;0.114699997;600nm;Mu
38;B6;0.118299998;600nm;Mu
38;B7;0.116999999;600nm;Mu
38;B8;0.116700001;600nm;Mu
38;B9;0.120499998;600nm;Mu
38;B10;0.121600002;600nm;Mu
38;B11;0.148699999;600nm;Mu
38;B12;0.139599994;600nm;Mu
38;C1;0.138899997;600nm;Mu
38;C2;0.128000006;600nm;Mu
38;C3;0.126399994;600nm;Mu
38;C4;0.1329;600nm;Mu
38;C5;0.119599998;600nm;Mu
38;C6;0.121100001;600nm;Mu
38;C7;0.131699994;600nm;Mu
38;C8;0.122699998;600nm;Mu
38;C9;0.127299994;600nm;Mu
38;C10;0.126300007;600nm;Mu
38;C11;0.132799998;600nm;Mu
38;C12;0.158399999;600nm;Mu
38;D1;0.131400004;600nm;Mu
38;D2;0.124200001;600nm;Mu
38;D3;0.124200001;600nm;Mu
38;D4;0.116599999;600nm;Mu
38;D5;0.119199999;600nm;Mu
38;D6;0.121299997;600nm;Mu
38;D7;0.114600003;600nm;Mu
38;D8;0.112000003;600nm;Mu
38;D9;0.116800003;600nm;Mu
38;D10;0.126900002;600nm;Mu
38;D11;0.1523;600nm;Mu
38;D12;0.149700001;600nm;Mu
38;E1;0.129899994;600nm;Mu
38;E2;0.123999998;600nm;Mu
38;E3;0.110399999;600nm;Mu
38;E4;0.097000003;600nm;Mu
38;E5;0.129299998;600nm;Mu
38;E6;0.123000003;600nm;Mu
38;E7;0.115800001;600nm;Mu
38;E8;0.122299999;600nm;Mu
38;E9;0.119199999;600nm;Mu
38;E10;0.123999998;600nm;Mu
38;E11;0.127499998;600nm;Mu
38;E12;0.150399998;600nm;Mu
38;F1;0.128299996;600nm;Mu
38;F2;0.118100002;600nm;Mu
38;F3;0.125;600nm;Mu
38;F4;0.123599999;600nm;Mu
38;F5;0.126599997;600nm;Mu
38;F6;0.125;600nm;Mu
38;F7;0.127900004;600nm;Mu
38;F8;0.121799998;600nm;Mu
38;F9;0.122199997;600nm;Mu
38;F10;0.142900005;600nm;Mu
38;F11;0.157700002;600nm;Mu
38;F12;0.136299998;600nm;Mu
38;G1;0.147699997;600nm;Mu
38;G2;0.118100002;600nm;Mu
38;G3;0.128700003;600nm;Mu
38;G4;0.125599995;600nm;Mu
38;G5;0.124200001;600nm;Mu
38;G6;0.123000003;600nm;Mu
38;G7;0.124899998;600nm;Mu
38;G8;0.126000002;600nm;Mu
38;G9;0.125100002;600nm;Mu
38;G10;0.150999993;600nm;Mu
38;G11;0.121299997;600nm;Mu
38;G12;0.148100004;600nm;Mu
38;H1;0.138999999;600nm;WT_F16
38;H2;0.121399999;600nm;WT_F16
38;H3;0.131400004;600nm;WT_F16
38;H4;0.125100002;600nm;WT_F16
38;H5;0.080399998;600nm;Mg_F16
38;H6;0.084200002;600nm;Mg_F16
38;H7;0.080200002;600nm;Mg_F16
38;H8;0.080700003;600nm;Mg_F16
38;H9;0.094400004;600nm;WT_noF16
38;H10;0.103799999;600nm;WT_noF16
38;H11;0.115400001;600nm;WT_noF16
38;H12;0.140300006;600nm;WT_noF16
38;A1;856;475nm/510nm;Mu
38;A2;990;475nm/510nm;Mu
38;A3;979;475nm/510nm;Mu
38;A4;940;475nm/510nm;Mu
38;A5;1033;475nm/510nm;Mu
38;A6;1608;475nm/510nm;Mu
38;A7;987;475nm/510nm;Mu
38;A8;916;475nm/510nm;Mu
38;A9;901;475nm/510nm;Mu
38;A10;904;475nm/510nm;Mu
38;A11;917;475nm/510nm;Mu
38;A12;1061;475nm/510nm;Mu
38;B1;769;475nm/510nm;Mu
38;B2;772;475nm/510nm;Mu
38;B3;745;475nm/510nm;Mu
38;B4;736;475nm/510nm;Mu
38;B5;725;475nm/510nm;Mu
38;B6;868;475nm/510nm;Mu
38;B7;774;475nm/510nm;Mu
38;B8;763;475nm/510nm;Mu
38;B9;771;475nm/510nm;Mu
38;B10;799;475nm/510nm;Mu
38;B11;949;475nm/510nm;Mu
38;B12;915;475nm/510nm;Mu
38;C1;860;475nm/510nm;Mu
38;C2;822;475nm/510nm;Mu
38;C3;816;475nm/510nm;Mu
38;C4;880;475nm/510nm;Mu
38;C5;764;475nm/510nm;Mu
38;C6;897;475nm/510nm;Mu
38;C7;922;475nm/510nm;Mu
38;C8;826;475nm/510nm;Mu
38;C9;847;475nm/510nm;Mu
38;C10;859;475nm/510nm;Mu
38;C11;1058;475nm/510nm;Mu
38;C12;1082;475nm/510nm;Mu
38;D1;869;475nm/510nm;Mu
38;D2;728;475nm/510nm;Mu
38;D3;805;475nm/510nm;Mu
38;D4;747;475nm/510nm;Mu
38;D5;758;475nm/510nm;Mu
38;D6;759;475nm/510nm;Mu
38;D7;754;475nm/510nm;Mu
38;D8;759;475nm/510nm;Mu
38;D9;821;475nm/510nm;Mu
38;D10;1141;475nm/510nm;Mu
38;D11;1003;475nm/510nm;Mu
38;D12;1052;475nm/510nm;Mu
38;E1;819;475nm/510nm;Mu
38;E2;746;475nm/510nm;Mu
38;E3;432;475nm/510nm;Mu
38;E4;552;475nm/510nm;Mu
38;E5;860;475nm/510nm;Mu
38;E6;828;475nm/510nm;Mu
38;E7;782;475nm/510nm;Mu
38;E8;775;475nm/510nm;Mu
38;E9;767;475nm/510nm;Mu
38;E10;789;475nm/510nm;Mu
38;E11;818;475nm/510nm;Mu
38;E12;967;475nm/510nm;Mu
38;F1;786;475nm/510nm;Mu
38;F2;718;475nm/510nm;Mu
38;F3;775;475nm/510nm;Mu
38;F4;812;475nm/510nm;Mu
38;F5;816;475nm/510nm;Mu
38;F6;880;475nm/510nm;Mu
38;F7;785;475nm/510nm;Mu
38;F8;826;475nm/510nm;Mu
38;F9;802;475nm/510nm;Mu
38;F10;1575;475nm/510nm;Mu
38;F11;1137;475nm/510nm;Mu
38;F12;907;475nm/510nm;Mu
38;G1;888;475nm/510nm;Mu
38;G2;750;475nm/510nm;Mu
38;G3;828;475nm/510nm;Mu
38;G4;837;475nm/510nm;Mu
38;G5;817;475nm/510nm;Mu
38;G6;820;475nm/510nm;Mu
38;G7;828;475nm/510nm;Mu
38;G8;841;475nm/510nm;Mu
38;G9;876;475nm/510nm;Mu
38;G10;1367;475nm/510nm;Mu
38;G11;843;475nm/510nm;Mu
38;G12;1271;475nm/510nm;Mu
38;H1;806;475nm/510nm;WT_F16
38;H2;697;475nm/510nm;WT_F16
38;H3;765;475nm/510nm;WT_F16
38;H4;734;475nm/510nm;WT_F16
38;H5;175;475nm/510nm;Mg_F16
38;H6;169;475nm/510nm;Mg_F16
38;H7;164;475nm/510nm;Mg_F16
38;H8;164;475nm/510nm;Mg_F16
38;H9;453;475nm/510nm;WT_noF16
38;H10;453;475nm/510nm;WT_noF16
38;H11;457;475nm/510nm;WT_noF16
38;H12;451;475nm/510nm;WT_noF16
39;A1;0.154400006;600nm;Mu
39;A2;0.164299995;600nm;Mu
39;A3;0.166299999;600nm;Mu
39;A4;0.162799999;600nm;Mu
39;A5;0.167799994;600nm;Mu
39;A6;0.157299995;600nm;Mu
39;A7;0.141399994;600nm;Mu
39;A8;0.151700005;600nm;Mu
39;A9;0.159600005;600nm;Mu
39;A10;0.164399996;600nm;Mu
39;A11;0.157199994;600nm;Mu
39;A12;0.157600001;600nm;Mu
39;B1;0.1611;600nm;Mu
39;B2;0.156800002;600nm;Mu
39;B3;0.142700002;600nm;Mu
39;B4;0.140499994;600nm;Mu
39;B5;0.132499993;600nm;Mu
39;B6;0.133300006;600nm;Mu
39;B7;0.122599997;600nm;Mu
39;B8;0.1241;600nm;Mu
39;B9;0.139899999;600nm;Mu
39;B10;0.135499999;600nm;Mu
39;B11;0.134200007;600nm;Mu
39;B12;0.150399998;600nm;Mu
39;C1;0.185599998;600nm;Mu
39;C2;0.157700002;600nm;Mu
39;C3;0.134000003;600nm;Mu
39;C4;0.148000002;600nm;Mu
39;C5;0.135600001;600nm;Mu
39;C6;0.127100006;600nm;Mu
39;C7;0.117399998;600nm;Mu
39;C8;0.126399994;600nm;Mu
39;C9;0.1237;600nm;Mu
39;C10;0.134900004;600nm;Mu
39;C11;0.127800003;600nm;Mu
39;C12;0.150800005;600nm;Mu
39;D1;0.167999998;600nm;Mu
39;D2;0.141000003;600nm;Mu
39;D3;0.157600001;600nm;Mu
39;D4;0.131200001;600nm;Mu
39;D5;0.134100005;600nm;Mu
39;D6;0.122900002;600nm;Mu
39;D7;0.119099997;600nm;Mu
39;D8;0.124399997;600nm;Mu
39;D9;0.122000001;600nm;Mu
39;D10;0.118000001;600nm;Mu
39;D11;0.119000003;600nm;Mu
39;D12;0.1391;600nm;Mu
39;E1;0.140599996;600nm;Mu
39;E2;0.133300006;600nm;Mu
39;E3;0.134800002;600nm;Mu
39;E4;0.125200003;600nm;Mu
39;E5;0.130999997;600nm;Mu
39;E6;0.1373;600nm;Mu
39;E7;0.128999993;600nm;Mu
39;E8;0.119199999;600nm;Mu
39;E9;0.126200005;600nm;Mu
39;E10;0.124300003;600nm;Mu
39;E11;0.125100002;600nm;Mu
39;E12;0.166099995;600nm;Mu
39;F1;0.158700004;600nm;Mu
39;F2;0.136099994;600nm;Mu
39;F3;0.135499999;600nm;Mu
39;F4;0.130400002;600nm;Mu
39;F5;0.130500004;600nm;Mu
39;F6;0.135499999;600nm;Mu
39;F7;0.124700002;600nm;Mu
39;F8;0.130700007;600nm;Mu
39;F9;0.127000004;600nm;Mu
39;F10;0.123899996;600nm;Mu
39;F11;0.125799999;600nm;Mu
39;F12;0.143600002;600nm;Mu
39;G1;0.140699998;600nm;Mu
39;G2;0.138899997;600nm;Mu
39;G3;0.145799994;600nm;Mu
39;G4;0.156299993;600nm;Mu
39;G5;0.137700006;600nm;Mu
39;G6;0.145799994;600nm;Mu
39;G7;0.153200001;600nm;Mu
39;G8;0.147499993;600nm;Mu
39;G9;0.141299993;600nm;Mu
39;G10;0.134399995;600nm;Mu
39;G11;0.148699999;600nm;Mu
39;G12;0.153999999;600nm;Mu
39;H1;0.136199996;600nm;WT_F16
39;H2;0.136899993;600nm;WT_F16
39;H3;0.135600001;600nm;WT_F16
39;H4;0.187999994;600nm;WT_F16
39;H5;0.082699999;600nm;Mg_F16
39;H6;0.081200004;600nm;Mg_F16
39;H7;0.079999998;600nm;Mg_F16
39;H8;0.080399998;600nm;Mg_F16
39;H9;0.0955;600nm;WT_noF16
39;H10;0.1052;600nm;WT_noF16
39;H11;0.109800003;600nm;WT_noF16
39;H12;0.1505;600nm;WT_noF16
39;A1;1079;475nm/510nm;Mu
39;A2;1180;475nm/510nm;Mu
39;A3;1374;475nm/510nm;Mu
39;A4;1343;475nm/510nm;Mu
39;A5;1165;475nm/510nm;Mu
39;A6;1135;475nm/510nm;Mu
39;A7;970;475nm/510nm;Mu
39;A8;1096;475nm/510nm;Mu
39;A9;1503;475nm/510nm;Mu
39;A10;1683;475nm/510nm;Mu
39;A11;1245;475nm/510nm;Mu
39;A12;1100;475nm/510nm;Mu
39;B1;975;475nm/510nm;Mu
39;B2;987;475nm/510nm;Mu
39;B3;913;475nm/510nm;Mu
39;B4;947;475nm/510nm;Mu
39;B5;978;475nm/510nm;Mu
39;B6;913;475nm/510nm;Mu
39;B7;868;475nm/510nm;Mu
39;B8;898;475nm/510nm;Mu
39;B9;1025;475nm/510nm;Mu
39;B10;968;475nm/510nm;Mu
39;B11;1015;475nm/510nm;Mu
39;B12;973;475nm/510nm;Mu
39;C1;1173;475nm/510nm;Mu
39;C2;1042;475nm/510nm;Mu
39;C3;878;475nm/510nm;Mu
39;C4;1015;475nm/510nm;Mu
39;C5;959;475nm/510nm;Mu
39;C6;876;475nm/510nm;Mu
39;C7;851;475nm/510nm;Mu
39;C8;934;475nm/510nm;Mu
39;C9;865;475nm/510nm;Mu
39;C10;1155;475nm/510nm;Mu
39;C11;884;475nm/510nm;Mu
39;C12;955;475nm/510nm;Mu
39;D1;1055;475nm/510nm;Mu
39;D2;912;475nm/510nm;Mu
39;D3;1006;475nm/510nm;Mu
39;D4;949;475nm/510nm;Mu
39;D5;911;475nm/510nm;Mu
39;D6;901;475nm/510nm;Mu
39;D7;931;475nm/510nm;Mu
39;D8;830;475nm/510nm;Mu
39;D9;822;475nm/510nm;Mu
39;D10;827;475nm/510nm;Mu
39;D11;814;475nm/510nm;Mu
39;D12;867;475nm/510nm;Mu
39;E1;858;475nm/510nm;Mu
39;E2;848;475nm/510nm;Mu
39;E3;996;475nm/510nm;Mu
39;E4;868;475nm/510nm;Mu
39;E5;893;475nm/510nm;Mu
39;E6;1002;475nm/510nm;Mu
39;E7;942;475nm/510nm;Mu
39;E8;829;475nm/510nm;Mu
39;E9;994;475nm/510nm;Mu
39;E10;838;475nm/510nm;Mu
39;E11;830;475nm/510nm;Mu
39;E12;1087;475nm/510nm;Mu
39;F1;966;475nm/510nm;Mu
39;F2;903;475nm/510nm;Mu
39;F3;901;475nm/510nm;Mu
39;F4;938;475nm/510nm;Mu
39;F5;1014;475nm/510nm;Mu
39;F6;1028;475nm/510nm;Mu
39;F7;892;475nm/510nm;Mu
39;F8;955;475nm/510nm;Mu
39;F9;905;475nm/510nm;Mu
39;F10;913;475nm/510nm;Mu
39;F11;873;475nm/510nm;Mu
39;F12;1057;475nm/510nm;Mu
39;G1;836;475nm/510nm;Mu
39;G2;907;475nm/510nm;Mu
39;G3;921;475nm/510nm;Mu
39;G4;962;475nm/510nm;Mu
39;G5;985;475nm/510nm;Mu
39;G6;1129;475nm/510nm;Mu
39;G7;1149;475nm/510nm;Mu
39;G8;1060;475nm/510nm;Mu
39;G9;1010;475nm/510nm;Mu
39;G10;957;475nm/510nm;Mu
39;G11;1029;475nm/510nm;Mu
39;G12;1101;475nm/510nm;Mu
39;H1;849;475nm/510nm;WT_F16
39;H2;1091;475nm/510nm;WT_F16
39;H3;1013;475nm/510nm;WT_F16
39;H4;2462;475nm/510nm;WT_F16
39;H5;175;475nm/510nm;Mg_F16
39;H6;179;475nm/510nm;Mg_F16
39;H7;177;475nm/510nm;Mg_F16
39;H8;174;475nm/510nm;Mg_F16
39;H9;457;475nm/510nm;WT_noF16
39;H10;454;475nm/510nm;WT_noF16
39;H11;474;475nm/510nm;WT_noF16
39;H12;444;475nm/510nm;WT_noF16
40;A1;0.186299995;600nm;Mu
40;A2;0.158399999;600nm;Mu
40;A3;0.157600001;600nm;Mu
40;A4;0.154799998;600nm;Mu
40;A5;0.1655;600nm;Mu
40;A6;0.161599994;600nm;Mu
40;A7;0.161899999;600nm;Mu
40;A8;0.149700001;600nm;Mu
40;A9;0.138500005;600nm;Mu
40;A10;0.155200005;600nm;Mu
40;A11;0.149399996;600nm;Mu
40;A12;0.149700001;600nm;Mu
40;B1;0.157499999;600nm;Mu
40;B2;0.140100002;600nm;Mu
40;B3;0.127599999;600nm;Mu
40;B4;0.1294;600nm;Mu
40;B5;0.1184;600nm;Mu
40;B6;0.123000003;600nm;Mu
40;B7;0.116499998;600nm;Mu
40;B8;0.1193;600nm;Mu
40;B9;0.114;600nm;Mu
40;B10;0.1184;600nm;Mu
40;B11;0.123000003;600nm;Mu
40;B12;0.137700006;600nm;Mu
40;C1;0.140499994;600nm;Mu
40;C2;0.133100003;600nm;Mu
40;C3;0.124799997;600nm;Mu
40;C4;0.118199997;600nm;Mu
40;C5;0.120399997;600nm;Mu
40;C6;0.116899997;600nm;Mu
40;C7;0.1162;600nm;Mu
40;C8;0.115699999;600nm;Mu
40;C9;0.1184;600nm;Mu
40;C10;0.112000003;600nm;Mu
40;C11;0.118699998;600nm;Mu
40;C12;0.133000001;600nm;Mu
40;D1;0.144500002;600nm;Mu
40;D2;0.131600007;600nm;Mu
40;D3;0.114500001;600nm;Mu
40;D4;0.116300002;600nm;Mu
40;D5;0.1215;600nm;Mu
40;D6;0.115999997;600nm;Mu
40;D7;0.115000002;600nm;Mu
40;D8;0.117899999;600nm;Mu
40;D9;0.112499997;600nm;Mu
40;D10;0.142299995;600nm;Mu
40;D11;0.120999999;600nm;Mu
40;D12;0.128900006;600nm;Mu
40;E1;0.144899994;600nm;Mu
40;E2;0.135800004;600nm;Mu
40;E3;0.128800005;600nm;Mu
40;E4;0.126300007;600nm;Mu
40;E5;0.123599999;600nm;Mu
40;E6;0.149399996;600nm;Mu
40;E7;0.120099999;600nm;Mu
40;E8;0.119900003;600nm;Mu
40;E9;0.121200003;600nm;Mu
40;E10;0.118000001;600nm;Mu
40;E11;0.133900002;600nm;Mu
40;E12;0.130799994;600nm;Mu
40;F1;0.1655;600nm;Mu
40;F2;0.144600004;600nm;Mu
40;F3;0.147;600nm;Mu
40;F4;0.138500005;600nm;Mu
40;F5;0.130600005;600nm;Mu
40;F6;0.124799997;600nm;Mu
40;F7;0.1285;600nm;Mu
40;F8;0.121799998;600nm;Mu
40;F9;0.130099997;600nm;Mu
40;F10;0.1241;600nm;Mu
40;F11;0.124799997;600nm;Mu
40;F12;0.145899996;600nm;Mu
40;G1;0.145300001;600nm;Mu
40;G2;0.140499994;600nm;Mu
40;G3;0.134900004;600nm;Mu
40;G4;0.126000002;600nm;Mu
40;G5;0.127800003;600nm;Mu
40;G6;0.118100002;600nm;Mu
40;G7;0.118299998;600nm;Mu
40;G8;0.120499998;600nm;Mu
40;G9;0.120700002;600nm;Mu
40;G10;0.120200001;600nm;Mu
40;G11;0.118600003;600nm;Mu
40;G12;0.131300002;600nm;Mu
40;H1;0.132400006;600nm;WT_F16
40;H2;0.1149;600nm;WT_F16
40;H3;0.116899997;600nm;WT_F16
40;H4;0.116999999;600nm;WT_F16
40;H5;0.080200002;600nm;Mg_F16
40;H6;0.080499999;600nm;Mg_F16
40;H7;0.081;600nm;Mg_F16
40;H8;0.081100002;600nm;Mg_F16
40;H9;0.087499999;600nm;WT_noF16
40;H10;0.100599997;600nm;WT_noF16
40;H11;0.1171;600nm;WT_noF16
40;H12;0.156100005;600nm;WT_noF16
40;A1;1115;475nm/510nm;Mu
40;A2;1033;475nm/510nm;Mu
40;A3;1068;475nm/510nm;Mu
40;A4;996;475nm/510nm;Mu
40;A5;970;475nm/510nm;Mu
40;A6;1016;475nm/510nm;Mu
40;A7;941;475nm/510nm;Mu
40;A8;909;475nm/510nm;Mu
40;A9;1046;475nm/510nm;Mu
40;A10;1162;475nm/510nm;Mu
40;A11;968;475nm/510nm;Mu
40;A12;1041;475nm/510nm;Mu
40;B1;938;475nm/510nm;Mu
40;B2;799;475nm/510nm;Mu
40;B3;755;475nm/510nm;Mu
40;B4;896;475nm/510nm;Mu
40;B5;734;475nm/510nm;Mu
40;B6;736;475nm/510nm;Mu
40;B7;766;475nm/510nm;Mu
40;B8;791;475nm/510nm;Mu
40;B9;730;475nm/510nm;Mu
40;B10;769;475nm/510nm;Mu
40;B11;776;475nm/510nm;Mu
40;B12;863;475nm/510nm;Mu
40;C1;812;475nm/510nm;Mu
40;C2;789;475nm/510nm;Mu
40;C3;742;475nm/510nm;Mu
40;C4;700;475nm/510nm;Mu
40;C5;718;475nm/510nm;Mu
40;C6;732;475nm/510nm;Mu
40;C7;753;475nm/510nm;Mu
40;C8;774;475nm/510nm;Mu
40;C9;780;475nm/510nm;Mu
40;C10;708;475nm/510nm;Mu
40;C11;725;475nm/510nm;Mu
40;C12;799;475nm/510nm;Mu
40;D1;806;475nm/510nm;Mu
40;D2;775;475nm/510nm;Mu
40;D3;760;475nm/510nm;Mu
40;D4;744;475nm/510nm;Mu
40;D5;876;475nm/510nm;Mu
40;D6;741;475nm/510nm;Mu
40;D7;758;475nm/510nm;Mu
40;D8;783;475nm/510nm;Mu
40;D9;714;475nm/510nm;Mu
40;D10;1013;475nm/510nm;Mu
40;D11;785;475nm/510nm;Mu
40;D12;848;475nm/510nm;Mu
40;E1;859;475nm/510nm;Mu
40;E2;808;475nm/510nm;Mu
40;E3;880;475nm/510nm;Mu
40;E4;798;475nm/510nm;Mu
40;E5;837;475nm/510nm;Mu
40;E6;2369;475nm/510nm;Mu
40;E7;827;475nm/510nm;Mu
40;E8;795;475nm/510nm;Mu
40;E9;783;475nm/510nm;Mu
40;E10;733;475nm/510nm;Mu
40;E11;908;475nm/510nm;Mu
40;E12;821;475nm/510nm;Mu
40;F1;1053;475nm/510nm;Mu
40;F2;950;475nm/510nm;Mu
40;F3;924;475nm/510nm;Mu
40;F4;895;475nm/510nm;Mu
40;F5;852;475nm/510nm;Mu
40;F6;827;475nm/510nm;Mu
40;F7;928;475nm/510nm;Mu
40;F8;863;475nm/510nm;Mu
40;F9;865;475nm/510nm;Mu
40;F10;828;475nm/510nm;Mu
40;F11;909;475nm/510nm;Mu
40;F12;980;475nm/510nm;Mu
40;G1;853;475nm/510nm;Mu
40;G2;823;475nm/510nm;Mu
40;G3;847;475nm/510nm;Mu
40;G4;887;475nm/510nm;Mu
40;G5;835;475nm/510nm;Mu
40;G6;776;475nm/510nm;Mu
40;G7;797;475nm/510nm;Mu
40;G8;883;475nm/510nm;Mu
40;G9;850;475nm/510nm;Mu
40;G10;845;475nm/510nm;Mu
40;G11;875;475nm/510nm;Mu
40;G12;869;475nm/510nm;Mu
40;H1;729;475nm/510nm;WT_F16
40;H2;704;475nm/510nm;WT_F16
40;H3;718;475nm/510nm;WT_F16
40;H4;925;475nm/510nm;WT_F16
40;H5;170;475nm/510nm;Mg_F16
40;H6;162;475nm/510nm;Mg_F16
40;H7;167;475nm/510nm;Mg_F16
40;H8;167;475nm/510nm;Mg_F16
40;H9;444;475nm/510nm;WT_noF16
40;H10;457;475nm/510nm;WT_noF16
40;H11;460;475nm/510nm;WT_noF16
40;H12;430;475nm/510nm;WT_noF16
41;A1;0.194800004;600nm;Mu
41;A2;0.1708;600nm;Mu
41;A3;0.153699994;600nm;Mu
41;A4;0.146599993;600nm;Mu
41;A5;0.187000006;600nm;Mu
41;A6;0.177699998;600nm;Mu
41;A7;0.171499997;600nm;Mu
41;A8;0.150700003;600nm;Mu
41;A9;0.163499996;600nm;Mu
41;A10;0.154499993;600nm;Mu
41;A11;0.150399998;600nm;Mu
41;A12;0.164700001;600nm;Mu
41;B1;0.152600005;600nm;Mu
41;B2;0.136800006;600nm;Mu
41;B3;0.135399997;600nm;Mu
41;B4;0.1417;600nm;Mu
41;B5;0.139400005;600nm;Mu
41;B6;0.133399993;600nm;Mu
41;B7;0.136500001;600nm;Mu
41;B8;0.138500005;600nm;Mu
41;B9;0.140900001;600nm;Mu
41;B10;0.152600005;600nm;Mu
41;B11;0.162599996;600nm;Mu
41;B12;0.1708;600nm;Mu
41;C1;0.142199993;600nm;Mu
41;C2;0.129800007;600nm;Mu
41;C3;0.130099997;600nm;Mu
41;C4;0.125400007;600nm;Mu
41;C5;0.121399999;600nm;Mu
41;C6;0.123300001;600nm;Mu
41;C7;0.115599997;600nm;Mu
41;C8;0.116099998;600nm;Mu
41;C9;0.132599995;600nm;Mu
41;C10;0.124300003;600nm;Mu
41;C11;0.128399998;600nm;Mu
41;C12;0.145199999;600nm;Mu
41;D1;0.153099999;600nm;Mu
41;D2;0.125599995;600nm;Mu
41;D3;0.131600007;600nm;Mu
41;D4;0.155100003;600nm;Mu
41;D5;0.130799994;600nm;Mu
41;D6;0.124799997;600nm;Mu
41;D7;0.132799998;600nm;Mu
41;D8;0.122199997;600nm;Mu
41;D9;0.138500005;600nm;Mu
41;D10;0.131999999;600nm;Mu
41;D11;0.133599997;600nm;Mu
41;D12;0.174199998;600nm;Mu
41;E1;0.171299994;600nm;Mu
41;E2;0.145500004;600nm;Mu
41;E3;0.126599997;600nm;Mu
41;E4;0.143299997;600nm;Mu
41;E5;0.135299996;600nm;Mu
41;E6;0.123800002;600nm;Mu
41;E7;0.121699996;600nm;Mu
41;E8;0.129099995;600nm;Mu
41;E9;0.133599997;600nm;Mu
41;E10;0.1285;600nm;Mu
41;E11;0.1219;600nm;Mu
41;E12;0.153500006;600nm;Mu
41;F1;0.153699994;600nm;Mu
41;F2;0.137999997;600nm;Mu
41;F3;0.136700004;600nm;Mu
41;F4;0.133399993;600nm;Mu
41;F5;0.131099999;600nm;Mu
41;F6;0.123400003;600nm;Mu
41;F7;0.140000001;600nm;Mu
41;F8;0.125599995;600nm;Mu
41;F9;0.130899996;600nm;Mu
41;F10;0.140000001;600nm;Mu
41;F11;0.140300006;600nm;Mu
41;F12;0.161500007;600nm;Mu
41;G1;0.161699995;600nm;Mu
41;G2;0.151099995;600nm;Mu
41;G3;0.149599999;600nm;Mu
41;G4;0.149700001;600nm;Mu
41;G5;0.141299993;600nm;Mu
41;G6;0.138500005;600nm;Mu
41;G7;0.149399996;600nm;Mu
41;G8;0.142800003;600nm;Mu
41;G9;0.163699999;600nm;Mu
41;G10;0.152999997;600nm;Mu
41;G11;0.173500001;600nm;Mu
41;G12;0.1796;600nm;Mu
41;H1;0.083700001;600nm;WT_F16
41;H2;0.080700003;600nm;WT_F16
41;H3;0.091200002;600nm;WT_F16
41;H4;0.083899997;600nm;WT_F16
41;H5;0.080600001;600nm;Mg_F16
41;H6;0.080799997;600nm;Mg_F16
41;H7;0.084100001;600nm;Mg_F16
41;H8;0.083099999;600nm;Mg_F16
41;H9;0.082099997;600nm;WT_noF16
41;H10;0.084700003;600nm;WT_noF16
41;H11;0.082900003;600nm;WT_noF16
41;H12;0.075499997;600nm;WT_noF16
41;A1;1215;475nm/510nm;Mu
41;A2;1336;475nm/510nm;Mu
41;A3;1150;475nm/510nm;Mu
41;A4;1126;475nm/510nm;Mu
41;A5;1226;475nm/510nm;Mu
41;A6;1194;475nm/510nm;Mu
41;A7;1176;475nm/510nm;Mu
41;A8;1123;475nm/510nm;Mu
41;A9;1295;475nm/510nm;Mu
41;A10;1342;475nm/510nm;Mu
41;A11;1096;475nm/510nm;Mu
41;A12;1428;475nm/510nm;Mu
41;B1;943;475nm/510nm;Mu
41;B2;1003;475nm/510nm;Mu
41;B3;983;475nm/510nm;Mu
41;B4;928;475nm/510nm;Mu
41;B5;946;475nm/510nm;Mu
41;B6;936;475nm/510nm;Mu
41;B7;1109;475nm/510nm;Mu
41;B8;983;475nm/510nm;Mu
41;B9;978;475nm/510nm;Mu
41;B10;1055;475nm/510nm;Mu
41;B11;1096;475nm/510nm;Mu
41;B12;1200;475nm/510nm;Mu
41;C1;842;475nm/510nm;Mu
41;C2;820;475nm/510nm;Mu
41;C3;869;475nm/510nm;Mu
41;C4;810;475nm/510nm;Mu
41;C5;794;475nm/510nm;Mu
41;C6;854;475nm/510nm;Mu
41;C7;769;475nm/510nm;Mu
41;C8;794;475nm/510nm;Mu
41;C9;884;475nm/510nm;Mu
41;C10;864;475nm/510nm;Mu
41;C11;817;475nm/510nm;Mu
41;C12;1011;475nm/510nm;Mu
41;D1;981;475nm/510nm;Mu
41;D2;821;475nm/510nm;Mu
41;D3;806;475nm/510nm;Mu
41;D4;1001;475nm/510nm;Mu
41;D5;856;475nm/510nm;Mu
41;D6;804;475nm/510nm;Mu
41;D7;1333;475nm/510nm;Mu
41;D8;795;475nm/510nm;Mu
41;D9;901;475nm/510nm;Mu
41;D10;836;475nm/510nm;Mu
41;D11;909;475nm/510nm;Mu
41;D12;1178;475nm/510nm;Mu
41;E1;1065;475nm/510nm;Mu
41;E2;869;475nm/510nm;Mu
41;E3;789;475nm/510nm;Mu
41;E4;892;475nm/510nm;Mu
41;E5;813;475nm/510nm;Mu
41;E6;811;475nm/510nm;Mu
41;E7;798;475nm/510nm;Mu
41;E8;795;475nm/510nm;Mu
41;E9;811;475nm/510nm;Mu
41;E10;791;475nm/510nm;Mu
41;E11;792;475nm/510nm;Mu
41;E12;1080;475nm/510nm;Mu
41;F1;952;475nm/510nm;Mu
41;F2;949;475nm/510nm;Mu
41;F3;899;475nm/510nm;Mu
41;F4;879;475nm/510nm;Mu
41;F5;835;475nm/510nm;Mu
41;F6;798;475nm/510nm;Mu
41;F7;900;475nm/510nm;Mu
41;F8;825;475nm/510nm;Mu
41;F9;921;475nm/510nm;Mu
41;F10;913;475nm/510nm;Mu
41;F11;969;475nm/510nm;Mu
41;F12;1039;475nm/510nm;Mu
41;G1;972;475nm/510nm;Mu
41;G2;943;475nm/510nm;Mu
41;G3;924;475nm/510nm;Mu
41;G4;949;475nm/510nm;Mu
41;G5;935;475nm/510nm;Mu
41;G6;911;475nm/510nm;Mu
41;G7;1014;475nm/510nm;Mu
41;G8;1009;475nm/510nm;Mu
41;G9;1206;475nm/510nm;Mu
41;G10;1068;475nm/510nm;Mu
41;G11;1168;475nm/510nm;Mu
41;G12;1258;475nm/510nm;Mu
41;H1;182;475nm/510nm;WT_F16
41;H2;198;475nm/510nm;WT_F16
41;H3;216;475nm/510nm;WT_F16
41;H4;214;475nm/510nm;WT_F16
41;H5;177;475nm/510nm;Mg_F16
41;H6;181;475nm/510nm;Mg_F16
41;H7;191;475nm/510nm;Mg_F16
41;H8;181;475nm/510nm;Mg_F16
41;H9;147;475nm/510nm;WT_noF16
41;H10;144;475nm/510nm;WT_noF16
41;H11;151;475nm/510nm;WT_noF16
41;H12;154;475nm/510nm;WT_noF16
42;A1;0.145899996;600nm;Mu
42;A2;0.105999999;600nm;Mu
42;A3;0.1505;600nm;Mu
42;A4;0.145099998;600nm;Mu
42;A5;0.142700002;600nm;Mu
42;A6;0.134599999;600nm;Mu
42;A7;0.130400002;600nm;Mu
42;A8;0.135000005;600nm;Mu
42;A9;0.159099996;600nm;Mu
42;A10;0.148000002;600nm;Mu
42;A11;0.146300003;600nm;Mu
42;A12;0.150099993;600nm;Mu
42;B1;0.1461;600nm;Mu
42;B2;0.148100004;600nm;Mu
42;B3;0.130600005;600nm;Mu
42;B4;0.127800003;600nm;Mu
42;B5;0.129800007;600nm;Mu
42;B6;0.1206;600nm;Mu
42;B7;0.1228;600nm;Mu
42;B8;0.122199997;600nm;Mu
42;B9;0.153500006;600nm;Mu
42;B10;0.119499996;600nm;Mu
42;B11;0.125599995;600nm;Mu
42;B12;0.137500003;600nm;Mu
42;C1;0.144700006;600nm;Mu
42;C2;0.129500002;600nm;Mu
42;C3;0.127299994;600nm;Mu
42;C4;0.146599993;600nm;Mu
42;C5;0.1461;600nm;Mu
42;C6;0.144800007;600nm;Mu
42;C7;0.158899993;600nm;Mu
42;C8;0.158299997;600nm;Mu
42;C9;0.132799998;600nm;Mu
42;C10;0.119900003;600nm;Mu
42;C11;0.128199995;600nm;Mu
42;C12;0.139200002;600nm;Mu
42;D1;0.172000006;600nm;Mu
42;D2;0.143399999;600nm;Mu
42;D3;0.1479;600nm;Mu
42;D4;0.151099995;600nm;Mu
42;D5;0.1523;600nm;Mu
42;D6;0.145699993;600nm;Mu
42;D7;0.158999994;600nm;Mu
42;D8;0.139400005;600nm;Mu
42;D9;0.145400003;600nm;Mu
42;D10;0.147699997;600nm;Mu
42;D11;0.128099993;600nm;Mu
42;D12;0.165800005;600nm;Mu
42;E1;0.1567;600nm;Mu
42;E2;0.160799995;600nm;Mu
42;E3;0.148900002;600nm;Mu
42;E4;0.133300006;600nm;Mu
42;E5;0.123099998;600nm;Mu
42;E6;0.125300005;600nm;Mu
42;E7;0.126200005;600nm;Mu
42;E8;0.137799993;600nm;Mu
42;E9;0.126699999;600nm;Mu
42;E10;0.131300002;600nm;Mu
42;E11;0.146799996;600nm;Mu
42;E12;0.164000005;600nm;Mu
42;F1;0.146500006;600nm;Mu
42;F2;0.135399997;600nm;Mu
42;F3;0.132599995;600nm;Mu
42;F4;0.141599998;600nm;Mu
42;F5;0.133900002;600nm;Mu
42;F6;0.156800002;600nm;Mu
42;F7;0.139599994;600nm;Mu
42;F8;0.139799997;600nm;Mu
42;F9;0.135499999;600nm;Mu
42;F10;0.1329;600nm;Mu
42;F11;0.140499994;600nm;Mu
42;F12;0.1611;600nm;Mu
42;G1;0.186199993;600nm;Mu
42;G2;0.182500005;600nm;Mu
42;G3;0.165999994;600nm;Mu
42;G4;0.167500004;600nm;Mu
42;G5;0.162100002;600nm;Mu
42;G6;0.161500007;600nm;Mu
42;G7;0.137500003;600nm;Mu
42;G8;0.1241;600nm;Mu
42;G9;0.149299994;600nm;Mu
42;G10;0.1294;600nm;Mu
42;G11;0.125499994;600nm;Mu
42;G12;0.130600005;600nm;Mu
42;H1;0.136099994;600nm;WT_F16
42;H2;0.129299998;600nm;WT_F16
42;H3;0.132799998;600nm;WT_F16
42;H4;0.139200002;600nm;WT_F16
42;H5;0.080200002;600nm;Mg_F16
42;H6;0.080499999;600nm;Mg_F16
42;H7;0.080200002;600nm;Mg_F16
42;H8;0.081900001;600nm;Mg_F16
42;H9;0.105400003;600nm;WT_noF16
42;H10;0.1193;600nm;WT_noF16
42;H11;0.141100004;600nm;WT_noF16
42;H12;0.169400007;600nm;WT_noF16
42;A1;1008;475nm/510nm;Mu
42;A2;771;475nm/510nm;Mu
42;A3;1014;475nm/510nm;Mu
42;A4;993;475nm/510nm;Mu
42;A5;960;475nm/510nm;Mu
42;A6;949;475nm/510nm;Mu
42;A7;874;475nm/510nm;Mu
42;A8;938;475nm/510nm;Mu
42;A9;1607;475nm/510nm;Mu
42;A10;1158;475nm/510nm;Mu
42;A11;1118;475nm/510nm;Mu
42;A12;1270;475nm/510nm;Mu
42;B1;908;475nm/510nm;Mu
42;B2;965;475nm/510nm;Mu
42;B3;1416;475nm/510nm;Mu
42;B4;812;475nm/510nm;Mu
42;B5;770;475nm/510nm;Mu
42;B6;763;475nm/510nm;Mu
42;B7;805;475nm/510nm;Mu
42;B8;830;475nm/510nm;Mu
42;B9;1087;475nm/510nm;Mu
42;B10;816;475nm/510nm;Mu
42;B11;835;475nm/510nm;Mu
42;B12;1044;475nm/510nm;Mu
42;C1;925;475nm/510nm;Mu
42;C2;846;475nm/510nm;Mu
42;C3;825;475nm/510nm;Mu
42;C4;954;475nm/510nm;Mu
42;C5;935;475nm/510nm;Mu
42;C6;989;475nm/510nm;Mu
42;C7;1037;475nm/510nm;Mu
42;C8;1099;475nm/510nm;Mu
42;C9;940;475nm/510nm;Mu
42;C10;802;475nm/510nm;Mu
42;C11;868;475nm/510nm;Mu
42;C12;1120;475nm/510nm;Mu
42;D1;1072;475nm/510nm;Mu
42;D2;913;475nm/510nm;Mu
42;D3;951;475nm/510nm;Mu
42;D4;957;475nm/510nm;Mu
42;D5;998;475nm/510nm;Mu
42;D6;915;475nm/510nm;Mu
42;D7;1060;475nm/510nm;Mu
42;D8;906;475nm/510nm;Mu
42;D9;978;475nm/510nm;Mu
42;D10;984;475nm/510nm;Mu
42;D11;843;475nm/510nm;Mu
42;D12;1052;475nm/510nm;Mu
42;E1;873;475nm/510nm;Mu
42;E2;867;475nm/510nm;Mu
42;E3;834;475nm/510nm;Mu
42;E4;908;475nm/510nm;Mu
42;E5;832;475nm/510nm;Mu
42;E6;841;475nm/510nm;Mu
42;E7;839;475nm/510nm;Mu
42;E8;916;475nm/510nm;Mu
42;E9;805;475nm/510nm;Mu
42;E10;776;475nm/510nm;Mu
42;E11;885;475nm/510nm;Mu
42;E12;1160;475nm/510nm;Mu
42;F1;925;475nm/510nm;Mu
42;F2;910;475nm/510nm;Mu
42;F3;921;475nm/510nm;Mu
42;F4;917;475nm/510nm;Mu
42;F5;934;475nm/510nm;Mu
42;F6;891;475nm/510nm;Mu
42;F7;884;475nm/510nm;Mu
42;F8;1038;475nm/510nm;Mu
42;F9;1017;475nm/510nm;Mu
42;F10;890;475nm/510nm;Mu
42;F11;901;475nm/510nm;Mu
42;F12;1052;475nm/510nm;Mu
42;G1;1277;475nm/510nm;Mu
42;G2;1117;475nm/510nm;Mu
42;G3;1034;475nm/510nm;Mu
42;G4;1097;475nm/510nm;Mu
42;G5;1093;475nm/510nm;Mu
42;G6;1098;475nm/510nm;Mu
42;G7;1013;475nm/510nm;Mu
42;G8;743;475nm/510nm;Mu
42;G9;1000;475nm/510nm;Mu
42;G10;935;475nm/510nm;Mu
42;G11;898;475nm/510nm;Mu
42;G12;914;475nm/510nm;Mu
42;H1;791;475nm/510nm;WT_F16
42;H2;765;475nm/510nm;WT_F16
42;H3;782;475nm/510nm;WT_F16
42;H4;886;475nm/510nm;WT_F16
42;H5;163;475nm/510nm;Mg_F16
42;H6;159;475nm/510nm;Mg_F16
42;H7;163;475nm/510nm;Mg_F16
42;H8;163;475nm/510nm;Mg_F16
42;H9;451;475nm/510nm;WT_noF16
42;H10;435;475nm/510nm;WT_noF16
42;H11;458;475nm/510nm;WT_noF16
42;H12;440;475nm/510nm;WT_noF16
43;A1;0.146400005;600nm;Mu
43;A2;0.132799998;600nm;Mu
43;A3;0.142399997;600nm;Mu
43;A4;0.167500004;600nm;Mu
43;A5;0.167699993;600nm;Mu
43;A6;0.169;600nm;Mu
43;A7;0.185800001;600nm;Mu
43;A8;0.171700001;600nm;Mu
43;A9;0.156599998;600nm;Mu
43;A10;0.171100006;600nm;Mu
43;A11;0.152600005;600nm;Mu
43;A12;0.176599994;600nm;Mu
43;B1;0.144800007;600nm;Mu
43;B2;0.137500003;600nm;Mu
43;B3;0.1197;600nm;Mu
43;B4;0.128700003;600nm;Mu
43;B5;0.127299994;600nm;Mu
43;B6;0.118699998;600nm;Mu
43;B7;0.119400002;600nm;Mu
43;B8;0.124200001;600nm;Mu
43;B9;0.123199999;600nm;Mu
43;B10;0.128099993;600nm;Mu
43;B11;0.1303;600nm;Mu
43;B12;0.148599997;600nm;Mu
43;C1;0.164000005;600nm;Mu
43;C2;0.138500005;600nm;Mu
43;C3;0.137099996;600nm;Mu
43;C4;0.133300006;600nm;Mu
43;C5;0.132599995;600nm;Mu
43;C6;0.137400001;600nm;Mu
43;C7;0.135100007;600nm;Mu
43;C8;0.152700007;600nm;Mu
43;C9;0.140200004;600nm;Mu
43;C10;0.132599995;600nm;Mu
43;C11;0.144600004;600nm;Mu
43;C12;0.144500002;600nm;Mu
43;D1;0.145600006;600nm;Mu
43;D2;0.131099999;600nm;Mu
43;D3;0.127299994;600nm;Mu
43;D4;0.133000001;600nm;Mu
43;D5;0.148399994;600nm;Mu
43;D6;0.150999993;600nm;Mu
43;D7;0.142199993;600nm;Mu
43;D8;0.123400003;600nm;Mu
43;D9;0.128700003;600nm;Mu
43;D10;0.128000006;600nm;Mu
43;D11;0.150900006;600nm;Mu
43;D12;0.164100006;600nm;Mu
43;E1;0.150099993;600nm;Mu
43;E2;0.1382;600nm;Mu
43;E3;0.136099994;600nm;Mu
43;E4;0.155399993;600nm;Mu
43;E5;0.135199994;600nm;Mu
43;E6;0.138300002;600nm;Mu
43;E7;0.1285;600nm;Mu
43;E8;0.127700001;600nm;Mu
43;E9;0.126100004;600nm;Mu
43;E10;0.117799997;600nm;Mu
43;E11;0.126200005;600nm;Mu
43;E12;0.128000006;600nm;Mu
43;F1;0.158199996;600nm;Mu
43;F2;0.169699997;600nm;Mu
43;F3;0.1417;600nm;Mu
43;F4;0.150999993;600nm;Mu
43;F5;0.144899994;600nm;Mu
43;F6;0.144400001;600nm;Mu
43;F7;0.162100002;600nm;Mu
43;F8;0.1426;600nm;Mu
43;F9;0.1373;600nm;Mu
43;F10;0.157600001;600nm;Mu
43;F11;0.137400001;600nm;Mu
43;F12;0.1752;600nm;Mu
43;G1;0.148900002;600nm;Mu
43;G2;0.131699994;600nm;Mu
43;G3;0.1294;600nm;Mu
43;G4;0.144400001;600nm;Mu
43;G5;0.141599998;600nm;Mu
43;G6;0.140100002;600nm;Mu
43;G7;0.141100004;600nm;Mu
43;G8;0.149100006;600nm;Mu
43;G9;0.144099995;600nm;Mu
43;G10;0.157600001;600nm;Mu
43;G11;0.159500003;600nm;Mu
43;G12;0.156200007;600nm;Mu
43;H1;0.134200007;600nm;WT_F16
43;H2;0.140499994;600nm;WT_F16
43;H3;0.131600007;600nm;WT_F16
43;H4;0.143199995;600nm;WT_F16
43;H5;0.080799997;600nm;Mg_F16
43;H6;0.081100002;600nm;Mg_F16
43;H7;0.081200004;600nm;Mg_F16
43;H8;0.081600003;600nm;Mg_F16
43;H9;0.1237;600nm;WT_noF16
43;H10;0.138699993;600nm;WT_noF16
43;H11;0.147799999;600nm;WT_noF16
43;H12;0.179000005;600nm;WT_noF16
43;A1;874;475nm/510nm;Mu
43;A2;815;475nm/510nm;Mu
43;A3;861;475nm/510nm;Mu
43;A4;1050;475nm/510nm;Mu
43;A5;1075;475nm/510nm;Mu
43;A6;1059;475nm/510nm;Mu
43;A7;1180;475nm/510nm;Mu
43;A8;1104;475nm/510nm;Mu
43;A9;1057;475nm/510nm;Mu
43;A10;1141;475nm/510nm;Mu
43;A11;1000;475nm/510nm;Mu
43;A12;1428;475nm/510nm;Mu
43;B1;868;475nm/510nm;Mu
43;B2;829;475nm/510nm;Mu
43;B3;735;475nm/510nm;Mu
43;B4;757;475nm/510nm;Mu
43;B5;769;475nm/510nm;Mu
43;B6;701;475nm/510nm;Mu
43;B7;738;475nm/510nm;Mu
43;B8;823;475nm/510nm;Mu
43;B9;783;475nm/510nm;Mu
43;B10;832;475nm/510nm;Mu
43;B11;883;475nm/510nm;Mu
43;B12;1048;475nm/510nm;Mu
43;C1;1051;475nm/510nm;Mu
43;C2;867;475nm/510nm;Mu
43;C3;884;475nm/510nm;Mu
43;C4;861;475nm/510nm;Mu
43;C5;867;475nm/510nm;Mu
43;C6;865;475nm/510nm;Mu
43;C7;905;475nm/510nm;Mu
43;C8;978;475nm/510nm;Mu
43;C9;839;475nm/510nm;Mu
43;C10;793;475nm/510nm;Mu
43;C11;913;475nm/510nm;Mu
43;C12;1270;475nm/510nm;Mu
43;D1;894;475nm/510nm;Mu
43;D2;832;475nm/510nm;Mu
43;D3;779;475nm/510nm;Mu
43;D4;797;475nm/510nm;Mu
43;D5;956;475nm/510nm;Mu
43;D6;936;475nm/510nm;Mu
43;D7;822;475nm/510nm;Mu
43;D8;802;475nm/510nm;Mu
43;D9;838;475nm/510nm;Mu
43;D10;797;475nm/510nm;Mu
43;D11;916;475nm/510nm;Mu
43;D12;1090;475nm/510nm;Mu
43;E1;930;475nm/510nm;Mu
43;E2;834;475nm/510nm;Mu
43;E3;897;475nm/510nm;Mu
43;E4;1133;475nm/510nm;Mu
43;E5;875;475nm/510nm;Mu
43;E6;866;475nm/510nm;Mu
43;E7;829;475nm/510nm;Mu
43;E8;913;475nm/510nm;Mu
43;E9;834;475nm/510nm;Mu
43;E10;757;475nm/510nm;Mu
43;E11;904;475nm/510nm;Mu
43;E12;915;475nm/510nm;Mu
43;F1;901;475nm/510nm;Mu
43;F2;1107;475nm/510nm;Mu
43;F3;813;475nm/510nm;Mu
43;F4;951;475nm/510nm;Mu
43;F5;892;475nm/510nm;Mu
43;F6;933;475nm/510nm;Mu
43;F7;1215;475nm/510nm;Mu
43;F8;947;475nm/510nm;Mu
43;F9;928;475nm/510nm;Mu
43;F10;1258;475nm/510nm;Mu
43;F11;853;475nm/510nm;Mu
43;F12;1127;475nm/510nm;Mu
43;G1;959;475nm/510nm;Mu
43;G2;801;475nm/510nm;Mu
43;G3;795;475nm/510nm;Mu
43;G4;968;475nm/510nm;Mu
43;G5;1009;475nm/510nm;Mu
43;G6;947;475nm/510nm;Mu
43;G7;924;475nm/510nm;Mu
43;G8;989;475nm/510nm;Mu
43;G9;976;475nm/510nm;Mu
43;G10;1072;475nm/510nm;Mu
43;G11;992;475nm/510nm;Mu
43;G12;1137;475nm/510nm;Mu
43;H1;831;475nm/510nm;WT_F16
43;H2;770;475nm/510nm;WT_F16
43;H3;758;475nm/510nm;WT_F16
43;H4;822;475nm/510nm;WT_F16
43;H5;166;475nm/510nm;Mg_F16
43;H6;172;475nm/510nm;Mg_F16
43;H7;167;475nm/510nm;Mg_F16
43;H8;172;475nm/510nm;Mg_F16
43;H9;440;475nm/510nm;WT_noF16
43;H10;433;475nm/510nm;WT_noF16
43;H11;455;475nm/510nm;WT_noF16
43;H12;432;475nm/510nm;WT_noF16
44;A1;0.140599996;600nm;Mu
44;A2;0.127200007;600nm;Mu
44;A3;0.138500005;600nm;Mu
44;A4;0.129299998;600nm;Mu
44;A5;0.132799998;600nm;Mu
44;A6;0.129800007;600nm;Mu
44;A7;0.126300007;600nm;Mu
44;A8;0.1514;600nm;Mu
44;A9;0.164399996;600nm;Mu
44;A10;0.140799999;600nm;Mu
44;A11;0.142000005;600nm;Mu
44;A12;0.162100002;600nm;Mu
44;B1;0.166099995;600nm;Mu
44;B2;0.158700004;600nm;Mu
44;B3;0.149900004;600nm;Mu
44;B4;0.154200003;600nm;Mu
44;B5;0.154400006;600nm;Mu
44;B6;0.168899998;600nm;Mu
44;B7;0.144500002;600nm;Mu
44;B8;0.128399998;600nm;Mu
44;B9;0.1219;600nm;Mu
44;B10;0.1171;600nm;Mu
44;B11;0.142499998;600nm;Mu
44;B12;0.129600003;600nm;Mu
44;C1;0.129299998;600nm;Mu
44;C2;0.117600001;600nm;Mu
44;C3;0.122599997;600nm;Mu
44;C4;0.110200003;600nm;Mu
44;C5;0.141200006;600nm;Mu
44;C6;0.113600001;600nm;Mu
44;C7;0.110399999;600nm;Mu
44;C8;0.108000003;600nm;Mu
44;C9;0.113399997;600nm;Mu
44;C10;0.109999999;600nm;Mu
44;C11;0.124399997;600nm;Mu
44;C12;0.131500006;600nm;Mu
44;D1;0.127399996;600nm;Mu
44;D2;0.1118;600nm;Mu
44;D3;0.119199999;600nm;Mu
44;D4;0.129199997;600nm;Mu
44;D5;0.116700001;600nm;Mu
44;D6;0.139500007;600nm;Mu
44;D7;0.1206;600nm;Mu
44;D8;0.122599997;600nm;Mu
44;D9;0.118699998;600nm;Mu
44;D10;0.1206;600nm;Mu
44;D11;0.115800001;600nm;Mu
44;D12;0.135000005;600nm;Mu
44;E1;0.115099996;600nm;Mu
44;E2;0.1127;600nm;Mu
44;E3;0.113600001;600nm;Mu
44;E4;0.1153;600nm;Mu
44;E5;0.112000003;600nm;Mu
44;E6;0.113899998;600nm;Mu
44;E7;0.133100003;600nm;Mu
44;E8;0.114299998;600nm;Mu
44;E9;0.113700002;600nm;Mu
44;E10;0.122000001;600nm;Mu
44;E11;0.124799997;600nm;Mu
44;E12;0.144299999;600nm;Mu
44;F1;0.169799998;600nm;Mu
44;F2;0.134900004;600nm;Mu
44;F3;0.120099999;600nm;Mu
44;F4;0.135700002;600nm;Mu
44;F5;0.115599997;600nm;Mu
44;F6;0.109300002;600nm;Mu
44;F7;0.105700001;600nm;Mu
44;F8;0.107900001;600nm;Mu
44;F9;0.117399998;600nm;Mu
44;F10;0.114;600nm;Mu
44;F11;0.126499996;600nm;Mu
44;F12;0.1329;600nm;Mu
44;G1;0.127399996;600nm;Mu
44;G2;0.120099999;600nm;Mu
44;G3;0.125499994;600nm;Mu
44;G4;0.130099997;600nm;Mu
44;G5;0.150999993;600nm;Mu
44;G6;0.124799997;600nm;Mu
44;G7;0.125699997;600nm;Mu
44;G8;0.126699999;600nm;Mu
44;G9;0.141000003;600nm;Mu
44;G10;0.124300003;600nm;Mu
44;G11;0.140300006;600nm;Mu
44;G12;0.141100004;600nm;Mu
44;H1;0.116700001;600nm;WT_F16
44;H2;0.115800001;600nm;WT_F16
44;H3;0.132300004;600nm;WT_F16
44;H4;0.122900002;600nm;WT_F16
44;H5;0.082699999;600nm;Mg_F16
44;H6;0.082800001;600nm;Mg_F16
44;H7;0.0823;600nm;Mg_F16
44;H8;0.082699999;600nm;Mg_F16
44;H9;0.114;600nm;WT_noF16
44;H10;0.1259;600nm;WT_noF16
44;H11;0.140900001;600nm;WT_noF16
44;H12;0.157199994;600nm;WT_noF16
44;A1;889;475nm/510nm;Mu
44;A2;801;475nm/510nm;Mu
44;A3;1184;475nm/510nm;Mu
44;A4;817;475nm/510nm;Mu
44;A5;829;475nm/510nm;Mu
44;A6;841;475nm/510nm;Mu
44;A7;747;475nm/510nm;Mu
44;A8;959;475nm/510nm;Mu
44;A9;994;475nm/510nm;Mu
44;A10;948;475nm/510nm;Mu
44;A11;893;475nm/510nm;Mu
44;A12;1291;475nm/510nm;Mu
44;B1;997;475nm/510nm;Mu
44;B2;878;475nm/510nm;Mu
44;B3;819;475nm/510nm;Mu
44;B4;1054;475nm/510nm;Mu
44;B5;885;475nm/510nm;Mu
44;B6;1116;475nm/510nm;Mu
44;B7;902;475nm/510nm;Mu
44;B8;733;475nm/510nm;Mu
44;B9;754;475nm/510nm;Mu
44;B10;917;475nm/510nm;Mu
44;B11;862;475nm/510nm;Mu
44;B12;804;475nm/510nm;Mu
44;C1;726;475nm/510nm;Mu
44;C2;678;475nm/510nm;Mu
44;C3;767;475nm/510nm;Mu
44;C4;647;475nm/510nm;Mu
44;C5;1170;475nm/510nm;Mu
44;C6;695;475nm/510nm;Mu
44;C7;722;475nm/510nm;Mu
44;C8;682;475nm/510nm;Mu
44;C9;693;475nm/510nm;Mu
44;C10;666;475nm/510nm;Mu
44;C11;827;475nm/510nm;Mu
44;C12;884;475nm/510nm;Mu
44;D1;739;475nm/510nm;Mu
44;D2;651;475nm/510nm;Mu
44;D3;684;475nm/510nm;Mu
44;D4;725;475nm/510nm;Mu
44;D5;714;475nm/510nm;Mu
44;D6;809;475nm/510nm;Mu
44;D7;725;475nm/510nm;Mu
44;D8;774;475nm/510nm;Mu
44;D9;698;475nm/510nm;Mu
44;D10;716;475nm/510nm;Mu
44;D11;705;475nm/510nm;Mu
44;D12;877;475nm/510nm;Mu
44;E1;676;475nm/510nm;Mu
44;E2;653;475nm/510nm;Mu
44;E3;672;475nm/510nm;Mu
44;E4;681;475nm/510nm;Mu
44;E5;663;475nm/510nm;Mu
44;E6;738;475nm/510nm;Mu
44;E7;981;475nm/510nm;Mu
44;E8;674;475nm/510nm;Mu
44;E9;673;475nm/510nm;Mu
44;E10;715;475nm/510nm;Mu
44;E11;736;475nm/510nm;Mu
44;E12;900;475nm/510nm;Mu
44;F1;1087;475nm/510nm;Mu
44;F2;740;475nm/510nm;Mu
44;F3;684;475nm/510nm;Mu
44;F4;791;475nm/510nm;Mu
44;F5;701;475nm/510nm;Mu
44;F6;636;475nm/510nm;Mu
44;F7;628;475nm/510nm;Mu
44;F8;633;475nm/510nm;Mu
44;F9;761;475nm/510nm;Mu
44;F10;656;475nm/510nm;Mu
44;F11;737;475nm/510nm;Mu
44;F12;822;475nm/510nm;Mu
44;G1;886;475nm/510nm;Mu
44;G2;780;475nm/510nm;Mu
44;G3;779;475nm/510nm;Mu
44;G4;770;475nm/510nm;Mu
44;G5;914;475nm/510nm;Mu
44;G6;778;475nm/510nm;Mu
44;G7;733;475nm/510nm;Mu
44;G8;764;475nm/510nm;Mu
44;G9;849;475nm/510nm;Mu
44;G10;720;475nm/510nm;Mu
44;G11;856;475nm/510nm;Mu
44;G12;1016;475nm/510nm;Mu
44;H1;657;475nm/510nm;WT_F16
44;H2;628;475nm/510nm;WT_F16
44;H3;939;475nm/510nm;WT_F16
44;H4;677;475nm/510nm;WT_F16
44;H5;155;475nm/510nm;Mg_F16
44;H6;157;475nm/510nm;Mg_F16
44;H7;155;475nm/510nm;Mg_F16
44;H8;160;475nm/510nm;Mg_F16
44;H9;401;475nm/510nm;WT_noF16
44;H10;406;475nm/510nm;WT_noF16
44;H11;422;475nm/510nm;WT_noF16
44;H12;401;475nm/510nm;WT_noF16
45;A1;0.163499996;600nm;Mu
45;A2;0.163299993;600nm;Mu
45;A3;0.136899993;600nm;Mu
45;A4;0.142199993;600nm;Mu
45;A5;0.176599994;600nm;Mu
45;A6;0.133200005;600nm;Mu
45;A7;0.1338;600nm;Mu
45;A8;0.117200002;600nm;Mu
45;A9;0.137099996;600nm;Mu
45;A10;0.131699994;600nm;Mu
45;A11;0.137799993;600nm;Mu
45;A12;0.158999994;600nm;Mu
45;B1;0.138799995;600nm;Mu
45;B2;0.127000004;600nm;Mu
45;B3;0.135100007;600nm;Mu
45;B4;0.1303;600nm;Mu
45;B5;0.149200007;600nm;Mu
45;B6;0.134599999;600nm;Mu
45;B7;0.130500004;600nm;Mu
45;B8;0.118299998;600nm;Mu
45;B9;0.127100006;600nm;Mu
45;B10;0.120399997;600nm;Mu
45;B11;0.111199997;600nm;Mu
45;B12;0.139300004;600nm;Mu
45;C1;0.163000003;600nm;Mu
45;C2;0.166500002;600nm;Mu
45;C3;0.138400003;600nm;Mu
45;C4;0.161799997;600nm;Mu
45;C5;0.136199996;600nm;Mu
45;C6;0.155599996;600nm;Mu
45;C7;0.152700007;600nm;Mu
45;C8;0.130899996;600nm;Mu
45;C9;0.143099993;600nm;Mu
45;C10;0.140100002;600nm;Mu
45;C11;0.155699998;600nm;Mu
45;C12;0.129999995;600nm;Mu
45;D1;0.156200007;600nm;Mu
45;D2;0.157600001;600nm;Mu
45;D3;0.160600007;600nm;Mu
45;D4;0.157199994;600nm;Mu
45;D5;0.140000001;600nm;Mu
45;D6;0.155499995;600nm;Mu
45;D7;0.130899996;600nm;Mu
45;D8;0.105599999;600nm;Mu
45;D9;0.1021;600nm;Mu
45;D10;0.112099998;600nm;Mu
45;D11;0.108499996;600nm;Mu
45;D12;0.124700002;600nm;Mu
45;E1;0.136099994;600nm;Mu
45;E2;0.127900004;600nm;Mu
45;E3;0.1096;600nm;Mu
45;E4;0.120200001;600nm;Mu
45;E5;0.156900004;600nm;Mu
45;E6;0.142299995;600nm;Mu
45;E7;0.144899994;600nm;Mu
45;E8;0.146699995;600nm;Mu
45;E9;0.136199996;600nm;Mu
45;E10;0.130799994;600nm;Mu
45;E11;0.154400006;600nm;Mu
45;E12;0.187199995;600nm;Mu
45;F1;0.124600001;600nm;Mu
45;F2;0.115800001;600nm;Mu
45;F3;0.114;600nm;Mu
45;F4;0.123999998;600nm;Mu
45;F5;0.153500006;600nm;Mu
45;F6;0.151700005;600nm;Mu
45;F7;0.136700004;600nm;Mu
45;F8;0.130400002;600nm;Mu
45;F9;0.150399998;600nm;Mu
45;F10;0.135600001;600nm;Mu
45;F11;0.136500001;600nm;Mu
45;F12;0.200499997;600nm;Mu
45;G1;0.117399998;600nm;Mu
45;G2;0.131999999;600nm;Mu
45;G3;0.137099996;600nm;Mu
45;G4;0.140100002;600nm;Mu
45;G5;0.1373;600nm;Mu
45;G6;0.1435;600nm;Mu
45;G7;0.142199993;600nm;Mu
45;G8;0.148000002;600nm;Mu
45;G9;0.146899998;600nm;Mu
45;G10;0.142100006;600nm;Mu
45;G11;0.142199993;600nm;Mu
45;G12;0.160799995;600nm;Mu
45;H1;0.120300002;600nm;WT_F16
45;H2;0.133100003;600nm;WT_F16
45;H3;0.133599997;600nm;WT_F16
45;H4;0.139500007;600nm;WT_F16
45;H5;0.101099998;600nm;Mg_F16
45;H6;0.0845;600nm;Mg_F16
45;H7;0.098499998;600nm;Mg_F16
45;H8;0.0964;600nm;Mg_F16
45;H9;0.193800002;600nm;WT_noF16
45;H10;0.200299993;600nm;WT_noF16
45;H11;0.1919;600nm;WT_noF16
45;H12;0.216000006;600nm;WT_noF16
45;A1;1160;475nm/510nm;Mu
45;A2;1100;475nm/510nm;Mu
45;A3;943;475nm/510nm;Mu
45;A4;951;475nm/510nm;Mu
45;A5;1091;475nm/510nm;Mu
45;A6;848;475nm/510nm;Mu
45;A7;808;475nm/510nm;Mu
45;A8;857;475nm/510nm;Mu
45;A9;901;475nm/510nm;Mu
45;A10;950;475nm/510nm;Mu
45;A11;958;475nm/510nm;Mu
45;A12;1252;475nm/510nm;Mu
45;B1;832;475nm/510nm;Mu
45;B2;742;475nm/510nm;Mu
45;B3;776;475nm/510nm;Mu
45;B4;766;475nm/510nm;Mu
45;B5;953;475nm/510nm;Mu
45;B6;791;475nm/510nm;Mu
45;B7;747;475nm/510nm;Mu
45;B8;759;475nm/510nm;Mu
45;B9;829;475nm/510nm;Mu
45;B10;808;475nm/510nm;Mu
45;B11;754;475nm/510nm;Mu
45;B12;1038;475nm/510nm;Mu
45;C1;1033;475nm/510nm;Mu
45;C2;1340;475nm/510nm;Mu
45;C3;757;475nm/510nm;Mu
45;C4;978;475nm/510nm;Mu
45;C5;765;475nm/510nm;Mu
45;C6;834;475nm/510nm;Mu
45;C7;832;475nm/510nm;Mu
45;C8;748;475nm/510nm;Mu
45;C9;850;475nm/510nm;Mu
45;C10;853;475nm/510nm;Mu
45;C11;960;475nm/510nm;Mu
45;C12;1007;475nm/510nm;Mu
45;D1;858;475nm/510nm;Mu
45;D2;1116;475nm/510nm;Mu
45;D3;898;475nm/510nm;Mu
45;D4;951;475nm/510nm;Mu
45;D5;776;475nm/510nm;Mu
45;D6;880;475nm/510nm;Mu
45;D7;583;475nm/510nm;Mu
45;D8;589;475nm/510nm;Mu
45;D9;610;475nm/510nm;Mu
45;D10;678;475nm/510nm;Mu
45;D11;665;475nm/510nm;Mu
45;D12;983;475nm/510nm;Mu
45;E1;902;475nm/510nm;Mu
45;E2;758;475nm/510nm;Mu
45;E3;662;475nm/510nm;Mu
45;E4;758;475nm/510nm;Mu
45;E5;835;475nm/510nm;Mu
45;E6;1171;475nm/510nm;Mu
45;E7;866;475nm/510nm;Mu
45;E8;809;475nm/510nm;Mu
45;E9;779;475nm/510nm;Mu
45;E10;751;475nm/510nm;Mu
45;E11;925;475nm/510nm;Mu
45;E12;1275;475nm/510nm;Mu
45;F1;816;475nm/510nm;Mu
45;F2;765;475nm/510nm;Mu
45;F3;705;475nm/510nm;Mu
45;F4;880;475nm/510nm;Mu
45;F5;845;475nm/510nm;Mu
45;F6;882;475nm/510nm;Mu
45;F7;952;475nm/510nm;Mu
45;F8;809;475nm/510nm;Mu
45;F9;909;475nm/510nm;Mu
45;F10;862;475nm/510nm;Mu
45;F11;853;475nm/510nm;Mu
45;F12;1300;475nm/510nm;Mu
45;G1;780;475nm/510nm;Mu
45;G2;827;475nm/510nm;Mu
45;G3;740;475nm/510nm;Mu
45;G4;801;475nm/510nm;Mu
45;G5;835;475nm/510nm;Mu
45;G6;824;475nm/510nm;Mu
45;G7;1217;475nm/510nm;Mu
45;G8;811;475nm/510nm;Mu
45;G9;885;475nm/510nm;Mu
45;G10;820;475nm/510nm;Mu
45;G11;938;475nm/510nm;Mu
45;G12;1081;475nm/510nm;Mu
45;H1;708;475nm/510nm;WT_F16
45;H2;665;475nm/510nm;WT_F16
45;H3;732;475nm/510nm;WT_F16
45;H4;732;475nm/510nm;WT_F16
45;H5;165;475nm/510nm;Mg_F16
45;H6;160;475nm/510nm;Mg_F16
45;H7;152;475nm/510nm;Mg_F16
45;H8;194;475nm/510nm;Mg_F16
45;H9;415;475nm/510nm;WT_noF16
45;H10;408;475nm/510nm;WT_noF16
45;H11;419;475nm/510nm;WT_noF16
45;H12;403;475nm/510nm;WT_noF16
46;A1;0.173700005;600nm;Mu
46;A2;0.152700007;600nm;Mu
46;A3;0.151199996;600nm;Mu
46;A4;0.147599995;600nm;Mu
46;A5;0.149599999;600nm;Mu
46;A6;0.144400001;600nm;Mu
46;A7;0.144700006;600nm;Mu
46;A8;0.153600007;600nm;Mu
46;A9;0.149200007;600nm;Mu
46;A10;0.157199994;600nm;Mu
46;A11;0.150399998;600nm;Mu
46;A12;0.160899997;600nm;Mu
46;B1;0.164299995;600nm;Mu
46;B2;0.161300004;600nm;Mu
46;B3;0.1435;600nm;Mu
46;B4;0.161400005;600nm;Mu
46;B5;0.158000007;600nm;Mu
46;B6;0.155399993;600nm;Mu
46;B7;0.146599993;600nm;Mu
46;B8;0.136500001;600nm;Mu
46;B9;0.145500004;600nm;Mu
46;B10;0.130700007;600nm;Mu
46;B11;0.153099999;600nm;Mu
46;B12;0.151800007;600nm;Mu
46;C1;0.165000007;600nm;Mu
46;C2;0.156299993;600nm;Mu
46;C3;0.175899997;600nm;Mu
46;C4;0.148499995;600nm;Mu
46;C5;0.140799999;600nm;Mu
46;C6;0.1567;600nm;Mu
46;C7;0.158600003;600nm;Mu
46;C8;0.157100007;600nm;Mu
46;C9;0.180199996;600nm;Mu
46;C10;0.149100006;600nm;Mu
46;C11;0.179000005;600nm;Mu
46;C12;0.164199993;600nm;Mu
46;D1;0.164100006;600nm;Mu
46;D2;0.153400004;600nm;Mu
46;D3;0.180899993;600nm;Mu
46;D4;0.146200001;600nm;Mu
46;D5;0.140699998;600nm;Mu
46;D6;0.146300003;600nm;Mu
46;D7;0.140599996;600nm;Mu
46;D8;0.149000004;600nm;Mu
46;D9;0.155100003;600nm;Mu
46;D10;0.132699996;600nm;Mu
46;D11;0.164900005;600nm;Mu
46;D12;0.177000001;600nm;Mu
46;E1;0.195899993;600nm;Mu
46;E2;0.155599996;600nm;Mu
46;E3;0.149700001;600nm;Mu
46;E4;0.167300001;600nm;Mu
46;E5;0.1426;600nm;Mu
46;E6;0.145999998;600nm;Mu
46;E7;0.1417;600nm;Mu
46;E8;0.144899994;600nm;Mu
46;E9;0.156000003;600nm;Mu
46;E10;0.148900002;600nm;Mu
46;E11;0.135900006;600nm;Mu
46;E12;0.179299995;600nm;Mu
46;F1;0.171399996;600nm;Mu
46;F2;0.146500006;600nm;Mu
46;F3;0.178399995;600nm;Mu
46;F4;0.150700003;600nm;Mu
46;F5;0.135199994;600nm;Mu
46;F6;0.138099998;600nm;Mu
46;F7;0.122500002;600nm;Mu
46;F8;0.120700002;600nm;Mu
46;F9;0.154899999;600nm;Mu
46;F10;0.131500006;600nm;Mu
46;F11;0.138999999;600nm;Mu
46;F12;0.188199997;600nm;Mu
46;G1;0.1743;600nm;Mu
46;G2;0.179399997;600nm;Mu
46;G3;0.207900003;600nm;Mu
46;G4;0.2245;600nm;Mu
46;G5;0.161699995;600nm;Mu
46;G6;0.142299995;600nm;Mu
46;G7;0.163699999;600nm;Mu
46;G8;0.167699993;600nm;Mu
46;G9;0.155900002;600nm;Mu
46;G10;0.144600004;600nm;Mu
46;G11;0.152600005;600nm;Mu
46;G12;0.226400003;600nm;Mu
46;H1;0.152199998;600nm;WT_F16
46;H2;0.156599998;600nm;WT_F16
46;H3;0.140799999;600nm;WT_F16
46;H4;0.142199993;600nm;WT_F16
46;H5;0.0876;600nm;Mg_F16
46;H6;0.082199998;600nm;Mg_F16
46;H7;0.083099999;600nm;Mg_F16
46;H8;0.083099999;600nm;Mg_F16
46;H9;0.096000001;600nm;WT_noF16
46;H10;0.100900002;600nm;WT_noF16
46;H11;0.1131;600nm;WT_noF16
46;H12;0.166199997;600nm;WT_noF16
46;A1;980;475nm/510nm;Mu
46;A2;982;475nm/510nm;Mu
46;A3;980;475nm/510nm;Mu
46;A4;908;475nm/510nm;Mu
46;A5;928;475nm/510nm;Mu
46;A6;954;475nm/510nm;Mu
46;A7;915;475nm/510nm;Mu
46;A8;982;475nm/510nm;Mu
46;A9;935;475nm/510nm;Mu
46;A10;932;475nm/510nm;Mu
46;A11;919;475nm/510nm;Mu
46;A12;1133;475nm/510nm;Mu
46;B1;1031;475nm/510nm;Mu
46;B2;881;475nm/510nm;Mu
46;B3;855;475nm/510nm;Mu
46;B4;984;475nm/510nm;Mu
46;B5;948;475nm/510nm;Mu
46;B6;971;475nm/510nm;Mu
46;B7;911;475nm/510nm;Mu
46;B8;864;475nm/510nm;Mu
46;B9;913;475nm/510nm;Mu
46;B10;904;475nm/510nm;Mu
46;B11;1004;475nm/510nm;Mu
46;B12;891;475nm/510nm;Mu
46;C1;1184;475nm/510nm;Mu
46;C2;939;475nm/510nm;Mu
46;C3;1052;475nm/510nm;Mu
46;C4;987;475nm/510nm;Mu
46;C5;900;475nm/510nm;Mu
46;C6;969;475nm/510nm;Mu
46;C7;1042;475nm/510nm;Mu
46;C8;1005;475nm/510nm;Mu
46;C9;1080;475nm/510nm;Mu
46;C10;931;475nm/510nm;Mu
46;C11;1325;475nm/510nm;Mu
46;C12;1143;475nm/510nm;Mu
46;D1;1061;475nm/510nm;Mu
46;D2;949;475nm/510nm;Mu
46;D3;1074;475nm/510nm;Mu
46;D4;920;475nm/510nm;Mu
46;D5;1070;475nm/510nm;Mu
46;D6;1014;475nm/510nm;Mu
46;D7;966;475nm/510nm;Mu
46;D8;954;475nm/510nm;Mu
46;D9;994;475nm/510nm;Mu
46;D10;889;475nm/510nm;Mu
46;D11;1383;475nm/510nm;Mu
46;D12;1249;475nm/510nm;Mu
46;E1;1213;475nm/510nm;Mu
46;E2;942;475nm/510nm;Mu
46;E3;960;475nm/510nm;Mu
46;E4;1599;475nm/510nm;Mu
46;E5;877;475nm/510nm;Mu
46;E6;955;475nm/510nm;Mu
46;E7;930;475nm/510nm;Mu
46;E8;933;475nm/510nm;Mu
46;E9;1029;475nm/510nm;Mu
46;E10;1199;475nm/510nm;Mu
46;E11;897;475nm/510nm;Mu
46;E12;1452;475nm/510nm;Mu
46;F1;1248;475nm/510nm;Mu
46;F2;970;475nm/510nm;Mu
46;F3;1050;475nm/510nm;Mu
46;F4;1088;475nm/510nm;Mu
46;F5;1448;475nm/510nm;Mu
46;F6;948;475nm/510nm;Mu
46;F7;823;475nm/510nm;Mu
46;F8;938;475nm/510nm;Mu
46;F9;1508;475nm/510nm;Mu
46;F10;992;475nm/510nm;Mu
46;F11;989;475nm/510nm;Mu
46;F12;1767;475nm/510nm;Mu
46;G1;1444;475nm/510nm;Mu
46;G2;1634;475nm/510nm;Mu
46;G3;2573;475nm/510nm;Mu
46;G4;2253;475nm/510nm;Mu
46;G5;1323;475nm/510nm;Mu
46;G6;1090;475nm/510nm;Mu
46;G7;1995;475nm/510nm;Mu
46;G8;1596;475nm/510nm;Mu
46;G9;1337;475nm/510nm;Mu
46;G10;1284;475nm/510nm;Mu
46;G11;1085;475nm/510nm;Mu
46;G12;2118;475nm/510nm;Mu
46;H1;890;475nm/510nm;WT_F16
46;H2;1276;475nm/510nm;WT_F16
46;H3;830;475nm/510nm;WT_F16
46;H4;850;475nm/510nm;WT_F16
46;H5;161;475nm/510nm;Mg_F16
46;H6;176;475nm/510nm;Mg_F16
46;H7;166;475nm/510nm;Mg_F16
46;H8;175;475nm/510nm;Mg_F16
46;H9;424;475nm/510nm;WT_noF16
46;H10;429;475nm/510nm;WT_noF16
46;H11;443;475nm/510nm;WT_noF16
46;H12;456;475nm/510nm;WT_noF16
47;A1;0.147499993;600nm;Mu
47;A2;0.147;600nm;Mu
47;A3;0.166899994;600nm;Mu
47;A4;0.143700004;600nm;Mu
47;A5;0.162599996;600nm;Mu
47;A6;0.159899995;600nm;Mu
47;A7;0.150999993;600nm;Mu
47;A8;0.179499999;600nm;Mu
47;A9;0.135000005;600nm;Mu
47;A10;0.194999993;600nm;Mu
47;A11;0.198300004;600nm;Mu
47;A12;0.193499997;600nm;Mu
47;B1;0.174799994;600nm;Mu
47;B2;0.156000003;600nm;Mu
47;B3;0.151999995;600nm;Mu
47;B4;0.150900006;600nm;Mu
47;B5;0.146500006;600nm;Mu
47;B6;0.160899997;600nm;Mu
47;B7;0.159700006;600nm;Mu
47;B8;0.180899993;600nm;Mu
47;B9;0.1567;600nm;Mu
47;B10;0.157499999;600nm;Mu
47;B11;0.174799994;600nm;Mu
47;B12;0.200800002;600nm;Mu
47;C1;0.144600004;600nm;Mu
47;C2;0.161799997;600nm;Mu
47;C3;0.144899994;600nm;Mu
47;C4;0.140400007;600nm;Mu
47;C5;0.1373;600nm;Mu
47;C6;0.156100005;600nm;Mu
47;C7;0.1338;600nm;Mu
47;C8;0.117799997;600nm;Mu
47;C9;0.150099993;600nm;Mu
47;C10;0.139699996;600nm;Mu
47;C11;0.149900004;600nm;Mu
47;C12;0.1734;600nm;Mu
47;D1;0.152199998;600nm;Mu
47;D2;0.159400001;600nm;Mu
47;D3;0.155300006;600nm;Mu
47;D4;0.147799999;600nm;Mu
47;D5;0.1787;600nm;Mu
47;D6;0.180999994;600nm;Mu
47;D7;0.137899995;600nm;Mu
47;D8;0.152899995;600nm;Mu
47;D9;0.163699999;600nm;Mu
47;D10;0.142700002;600nm;Mu
47;D11;0.142100006;600nm;Mu
47;D12;0.229300007;600nm;Mu
47;E1;0.160099998;600nm;Mu
47;E2;0.148800001;600nm;Mu
47;E3;0.150099993;600nm;Mu
47;E4;0.163599998;600nm;Mu
47;E5;0.1567;600nm;Mu
47;E6;0.145699993;600nm;Mu
47;E7;0.163900003;600nm;Mu
47;E8;0.210199997;600nm;Mu
47;E9;0.1646;600nm;Mu
47;E10;0.155900002;600nm;Mu
47;E11;0.186100006;600nm;Mu
47;E12;0.1998;600nm;Mu
47;F1;0.155699998;600nm;Mu
47;F2;0.128700003;600nm;Mu
47;F3;0.133900002;600nm;Mu
47;F4;0.140200004;600nm;Mu
47;F5;0.137600005;600nm;Mu
47;F6;0.136299998;600nm;Mu
47;F7;0.142000005;600nm;Mu
47;F8;0.143800005;600nm;Mu
47;F9;0.144099995;600nm;Mu
47;F10;0.148200005;600nm;Mu
47;F11;0.142000005;600nm;Mu
47;F12;0.1875;600nm;Mu
47;G1;0.156499997;600nm;Mu
47;G2;0.142499998;600nm;Mu
47;G3;0.141399994;600nm;Mu
47;G4;0.141900003;600nm;Mu
47;G5;0.142000005;600nm;Mu
47;G6;0.148499995;600nm;Mu
47;G7;0.1664;600nm;Mu
47;G8;0.149200007;600nm;Mu
47;G9;0.153200001;600nm;Mu
47;G10;0.136899993;600nm;Mu
47;G11;0.158000007;600nm;Mu
47;G12;0.185000002;600nm;Mu
47;H1;0.1479;600nm;WT_F16
47;H2;0.127900004;600nm;WT_F16
47;H3;0.125599995;600nm;WT_F16
47;H4;0.130600005;600nm;WT_F16
47;H5;0.089100003;600nm;Mg_F16
47;H6;0.087200001;600nm;Mg_F16
47;H7;0.086000003;600nm;Mg_F16
47;H8;0.090700001;600nm;Mg_F16
47;H9;0.116499998;600nm;WT_noF16
47;H10;0.110299997;600nm;WT_noF16
47;H11;0.135800004;600nm;WT_noF16
47;H12;0.192000002;600nm;WT_noF16
47;A1;1321;475nm/510nm;Mu
47;A2;1326;475nm/510nm;Mu
47;A3;1556;475nm/510nm;Mu
47;A4;1369;475nm/510nm;Mu
47;A5;1548;475nm/510nm;Mu
47;A6;1318;475nm/510nm;Mu
47;A7;1554;475nm/510nm;Mu
47;A8;1706;475nm/510nm;Mu
47;A9;1377;475nm/510nm;Mu
47;A10;1509;475nm/510nm;Mu
47;A11;2005;475nm/510nm;Mu
47;A12;1857;475nm/510nm;Mu
47;B1;1688;475nm/510nm;Mu
47;B2;1336;475nm/510nm;Mu
47;B3;1392;475nm/510nm;Mu
47;B4;1512;475nm/510nm;Mu
47;B5;1294;475nm/510nm;Mu
47;B6;1515;475nm/510nm;Mu
47;B7;1375;475nm/510nm;Mu
47;B8;1603;475nm/510nm;Mu
47;B9;1532;475nm/510nm;Mu
47;B10;1455;475nm/510nm;Mu
47;B11;1598;475nm/510nm;Mu
47;B12;1992;475nm/510nm;Mu
47;C1;1379;475nm/510nm;Mu
47;C2;1438;475nm/510nm;Mu
47;C3;1324;475nm/510nm;Mu
47;C4;1158;475nm/510nm;Mu
47;C5;1344;475nm/510nm;Mu
47;C6;1478;475nm/510nm;Mu
47;C7;1385;475nm/510nm;Mu
47;C8;1113;475nm/510nm;Mu
47;C9;1442;475nm/510nm;Mu
47;C10;1301;475nm/510nm;Mu
47;C11;1193;475nm/510nm;Mu
47;C12;1456;475nm/510nm;Mu
47;D1;1359;475nm/510nm;Mu
47;D2;1487;475nm/510nm;Mu
47;D3;1316;475nm/510nm;Mu
47;D4;1421;475nm/510nm;Mu
47;D5;1391;475nm/510nm;Mu
47;D6;1604;475nm/510nm;Mu
47;D7;1267;475nm/510nm;Mu
47;D8;1548;475nm/510nm;Mu
47;D9;1450;475nm/510nm;Mu
47;D10;1227;475nm/510nm;Mu
47;D11;1223;475nm/510nm;Mu
47;D12;2181;475nm/510nm;Mu
47;E1;1421;475nm/510nm;Mu
47;E2;1334;475nm/510nm;Mu
47;E3;1317;475nm/510nm;Mu
47;E4;1492;475nm/510nm;Mu
47;E5;1340;475nm/510nm;Mu
47;E6;1335;475nm/510nm;Mu
47;E7;1459;475nm/510nm;Mu
47;E8;1880;475nm/510nm;Mu
47;E9;1510;475nm/510nm;Mu
47;E10;1377;475nm/510nm;Mu
47;E11;1424;475nm/510nm;Mu
47;E12;1856;475nm/510nm;Mu
47;F1;1386;475nm/510nm;Mu
47;F2;1198;475nm/510nm;Mu
47;F3;1353;475nm/510nm;Mu
47;F4;1315;475nm/510nm;Mu
47;F5;1240;475nm/510nm;Mu
47;F6;1296;475nm/510nm;Mu
47;F7;1248;475nm/510nm;Mu
47;F8;1487;475nm/510nm;Mu
47;F9;1284;475nm/510nm;Mu
47;F10;1381;475nm/510nm;Mu
47;F11;1029;475nm/510nm;Mu
47;F12;1681;475nm/510nm;Mu
47;G1;1471;475nm/510nm;Mu
47;G2;1419;475nm/510nm;Mu
47;G3;1774;475nm/510nm;Mu
47;G4;1376;475nm/510nm;Mu
47;G5;1387;475nm/510nm;Mu
47;G6;1405;475nm/510nm;Mu
47;G7;1475;475nm/510nm;Mu
47;G8;1386;475nm/510nm;Mu
47;G9;1453;475nm/510nm;Mu
47;G10;1286;475nm/510nm;Mu
47;G11;1369;475nm/510nm;Mu
47;G12;1641;475nm/510nm;Mu
47;H1;1259;475nm/510nm;WT_F16
47;H2;1116;475nm/510nm;WT_F16
47;H3;1261;475nm/510nm;WT_F16
47;H4;1219;475nm/510nm;WT_F16
47;H5;463;475nm/510nm;Mg_F16
47;H6;419;475nm/510nm;Mg_F16
47;H7;428;475nm/510nm;Mg_F16
47;H8;474;475nm/510nm;Mg_F16
47;H9;670;475nm/510nm;WT_noF16
47;H10;679;475nm/510nm;WT_noF16
47;H11;671;475nm/510nm;WT_noF16
47;H12;691;475nm/510nm;WT_noF16
48;A1;0.1928;600nm;Mu
48;A2;0.161300004;600nm;Mu
48;A3;0.161599994;600nm;Mu
48;A4;0.171100006;600nm;Mu
48;A5;0.198200002;600nm;Mu
48;A6;0.195099995;600nm;Mu
48;A7;0.179299995;600nm;Mu
48;A8;0.199399993;600nm;Mu
48;A9;0.208299994;600nm;Mu
48;A10;0.184400007;600nm;Mu
48;A11;0.195299998;600nm;Mu
48;A12;0.2236;600nm;Mu
48;B1;0.149000004;600nm;Mu
48;B2;0.158099994;600nm;Mu
48;B3;0.143900007;600nm;Mu
48;B4;0.143800005;600nm;Mu
48;B5;0.143299997;600nm;Mu
48;B6;0.155200005;600nm;Mu
48;B7;0.152600005;600nm;Mu
48;B8;0.159700006;600nm;Mu
48;B9;0.158999994;600nm;Mu
48;B10;0.1435;600nm;Mu
48;B11;0.156499997;600nm;Mu
48;B12;0.189300001;600nm;Mu
48;C1;0.159500003;600nm;Mu
48;C2;0.141399994;600nm;Mu
48;C3;0.1426;600nm;Mu
48;C4;0.141800001;600nm;Mu
48;C5;0.130199999;600nm;Mu
48;C6;0.163000003;600nm;Mu
48;C7;0.134100005;600nm;Mu
48;C8;0.137099996;600nm;Mu
48;C9;0.149900004;600nm;Mu
48;C10;0.133200005;600nm;Mu
48;C11;0.149000004;600nm;Mu
48;C12;0.185499996;600nm;Mu
48;D1;0.184499994;600nm;Mu
48;D2;0.160899997;600nm;Mu
48;D3;0.162499994;600nm;Mu
48;D4;0.177200004;600nm;Mu
48;D5;0.159799993;600nm;Mu
48;D6;0.162100002;600nm;Mu
48;D7;0.150700003;600nm;Mu
48;D8;0.148200005;600nm;Mu
48;D9;0.1479;600nm;Mu
48;D10;0.149599999;600nm;Mu
48;D11;0.182999998;600nm;Mu
48;D12;0.198100001;600nm;Mu
48;E1;0.176599994;600nm;Mu
48;E2;0.157700002;600nm;Mu
48;E3;0.167600006;600nm;Mu
48;E4;0.158800006;600nm;Mu
48;E5;0.165900007;600nm;Mu
48;E6;0.159600005;600nm;Mu
48;E7;0.165600002;600nm;Mu
48;E8;0.160699993;600nm;Mu
48;E9;0.147499993;600nm;Mu
48;E10;0.154400006;600nm;Mu
48;E11;0.157600001;600nm;Mu
48;E12;0.202399999;600nm;Mu
48;F1;0.180899993;600nm;Mu
48;F2;0.148900002;600nm;Mu
48;F3;0.169799998;600nm;Mu
48;F4;0.159899995;600nm;Mu
48;F5;0.138400003;600nm;Mu
48;F6;0.136700004;600nm;Mu
48;F7;0.166199997;600nm;Mu
48;F8;0.153099999;600nm;Mu
48;F9;0.157100007;600nm;Mu
48;F10;0.153799996;600nm;Mu
48;F11;0.157100007;600nm;Mu
48;F12;0.184100002;600nm;Mu
48;G1;0.200499997;600nm;Mu
48;G2;0.157000005;600nm;Mu
48;G3;0.172099993;600nm;Mu
48;G4;0.211799994;600nm;Mu
48;G5;0.175400004;600nm;Mu
48;G6;0.172900006;600nm;Mu
48;G7;0.167500004;600nm;Mu
48;G8;0.188199997;600nm;Mu
48;G9;0.161500007;600nm;Mu
48;G10;0.145600006;600nm;Mu
48;G11;0.1611;600nm;Mu
48;G12;0.225700006;600nm;Mu
48;H1;0.151099995;600nm;WT_F16
48;H2;0.150399998;600nm;WT_F16
48;H3;0.129999995;600nm;WT_F16
48;H4;0.136000007;600nm;WT_F16
48;H5;0.084700003;600nm;Mg_F16
48;H6;0.086000003;600nm;Mg_F16
48;H7;0.087300003;600nm;Mg_F16
48;H8;0.085900001;600nm;Mg_F16
48;H9;0.1435;600nm;WT_noF16
48;H10;0.142000005;600nm;WT_noF16
48;H11;0.169;600nm;WT_noF16
48;H12;0.194600001;600nm;WT_noF16
48;A1;1674;475nm/510nm;Mu
48;A2;1422;475nm/510nm;Mu
48;A3;1573;475nm/510nm;Mu
48;A4;1559;475nm/510nm;Mu
48;A5;1899;475nm/510nm;Mu
48;A6;1721;475nm/510nm;Mu
48;A7;1538;475nm/510nm;Mu
48;A8;1741;475nm/510nm;Mu
48;A9;1680;475nm/510nm;Mu
48;A10;1543;475nm/510nm;Mu
48;A11;1985;475nm/510nm;Mu
48;A12;2107;475nm/510nm;Mu
48;B1;1324;475nm/510nm;Mu
48;B2;1338;475nm/510nm;Mu
48;B3;1254;475nm/510nm;Mu
48;B4;1273;475nm/510nm;Mu
48;B5;1354;475nm/510nm;Mu
48;B6;1434;475nm/510nm;Mu
48;B7;1369;475nm/510nm;Mu
48;B8;1442;475nm/510nm;Mu
48;B9;1403;475nm/510nm;Mu
48;B10;1372;475nm/510nm;Mu
48;B11;1492;475nm/510nm;Mu
48;B12;1862;475nm/510nm;Mu
48;C1;1446;475nm/510nm;Mu
48;C2;1227;475nm/510nm;Mu
48;C3;1444;475nm/510nm;Mu
48;C4;1224;475nm/510nm;Mu
48;C5;1299;475nm/510nm;Mu
48;C6;1280;475nm/510nm;Mu
48;C7;1463;475nm/510nm;Mu
48;C8;1429;475nm/510nm;Mu
48;C9;1508;475nm/510nm;Mu
48;C10;1273;475nm/510nm;Mu
48;C11;1347;475nm/510nm;Mu
48;C12;1890;475nm/510nm;Mu
48;D1;1523;475nm/510nm;Mu
48;D2;1421;475nm/510nm;Mu
48;D3;1405;475nm/510nm;Mu
48;D4;2060;475nm/510nm;Mu
48;D5;1447;475nm/510nm;Mu
48;D6;1455;475nm/510nm;Mu
48;D7;1439;475nm/510nm;Mu
48;D8;1520;475nm/510nm;Mu
48;D9;1399;475nm/510nm;Mu
48;D10;1432;475nm/510nm;Mu
48;D11;1583;475nm/510nm;Mu
48;D12;1996;475nm/510nm;Mu
48;E1;1550;475nm/510nm;Mu
48;E2;1385;475nm/510nm;Mu
48;E3;1515;475nm/510nm;Mu
48;E4;1469;475nm/510nm;Mu
48;E5;1422;475nm/510nm;Mu
48;E6;1484;475nm/510nm;Mu
48;E7;1477;475nm/510nm;Mu
48;E8;1435;475nm/510nm;Mu
48;E9;1235;475nm/510nm;Mu
48;E10;1334;475nm/510nm;Mu
48;E11;1419;475nm/510nm;Mu
48;E12;1811;475nm/510nm;Mu
48;F1;1477;475nm/510nm;Mu
48;F2;1234;475nm/510nm;Mu
48;F3;1597;475nm/510nm;Mu
48;F4;1512;475nm/510nm;Mu
48;F5;1353;475nm/510nm;Mu
48;F6;1366;475nm/510nm;Mu
48;F7;1504;475nm/510nm;Mu
48;F8;1651;475nm/510nm;Mu
48;F9;1443;475nm/510nm;Mu
48;F10;1576;475nm/510nm;Mu
48;F11;1599;475nm/510nm;Mu
48;F12;1733;475nm/510nm;Mu
48;G1;1766;475nm/510nm;Mu
48;G2;1402;475nm/510nm;Mu
48;G3;1328;475nm/510nm;Mu
48;G4;1801;475nm/510nm;Mu
48;G5;1865;475nm/510nm;Mu
48;G6;1801;475nm/510nm;Mu
48;G7;1503;475nm/510nm;Mu
48;G8;1822;475nm/510nm;Mu
48;G9;1567;475nm/510nm;Mu
48;G10;1224;475nm/510nm;Mu
48;G11;1439;475nm/510nm;Mu
48;G12;1916;475nm/510nm;Mu
48;H1;1418;475nm/510nm;WT_F16
48;H2;1319;475nm/510nm;WT_F16
48;H3;1274;475nm/510nm;WT_F16
48;H4;1144;475nm/510nm;WT_F16
48;H5;472;475nm/510nm;Mg_F16
48;H6;422;475nm/510nm;Mg_F16
48;H7;423;475nm/510nm;Mg_F16
48;H8;445;475nm/510nm;Mg_F16
48;H9;659;475nm/510nm;WT_noF16
48;H10;663;475nm/510nm;WT_noF16
48;H11;671;475nm/510nm;WT_noF16
48;H12;677;475nm/510nm;WT_noF16
49;A1;0.190300003;600nm;Mu
49;A2;0.158199996;600nm;Mu
49;A3;0.172099993;600nm;Mu
49;A4;0.164499998;600nm;Mu
49;A5;0.157900006;600nm;Mu
49;A6;0.176599994;600nm;Mu
49;A7;0.170699999;600nm;Mu
49;A8;0.1505;600nm;Mu
49;A9;0.186800003;600nm;Mu
49;A10;0.165000007;600nm;Mu
49;A11;0.188999996;600nm;Mu
49;A12;0.180999994;600nm;Mu
49;B1;0.141800001;600nm;Mu
49;B2;0.155100003;600nm;Mu
49;B3;0.181799993;600nm;Mu
49;B4;0.169200003;600nm;Mu
49;B5;0.1373;600nm;Mu
49;B6;0.145199999;600nm;Mu
49;B7;0.108900003;600nm;Mu
49;B8;0.150199994;600nm;Mu
49;B9;0.146699995;600nm;Mu
49;B10;0.151600003;600nm;Mu
49;B11;0.123400003;600nm;Mu
49;B12;0.169;600nm;Mu
49;C1;0.162300006;600nm;Mu
49;C2;0.164700001;600nm;Mu
49;C3;0.185699999;600nm;Mu
49;C4;0.183899999;600nm;Mu
49;C5;0.178900003;600nm;Mu
49;C6;0.229900002;600nm;Mu
49;C7;0.174400002;600nm;Mu
49;C8;0.159899995;600nm;Mu
49;C9;0.188500002;600nm;Mu
49;C10;0.138099998;600nm;Mu
49;C11;0.164299995;600nm;Mu
49;C12;0.179100007;600nm;Mu
49;D1;0.169400007;600nm;Mu
49;D2;0.165900007;600nm;Mu
49;D3;0.175699994;600nm;Mu
49;D4;0.170900002;600nm;Mu
49;D5;0.171000004;600nm;Mu
49;D6;0.157700002;600nm;Mu
49;D7;0.143700004;600nm;Mu
49;D8;0.1602;600nm;Mu
49;D9;0.150000006;600nm;Mu
49;D10;0.160899997;600nm;Mu
49;D11;0.169499993;600nm;Mu
49;D12;0.1752;600nm;Mu
49;E1;0.161300004;600nm;Mu
49;E2;0.155000001;600nm;Mu
49;E3;0.203400001;600nm;Mu
49;E4;0.182400003;600nm;Mu
49;E5;0.220300004;600nm;Mu
49;E6;0.179199994;600nm;Mu
49;E7;0.191699997;600nm;Mu
49;E8;0.162200004;600nm;Mu
49;E9;0.202299997;600nm;Mu
49;E10;0.147599995;600nm;Mu
49;E11;0.186399996;600nm;Mu
49;E12;0.198200002;600nm;Mu
49;F1;0.149900004;600nm;Mu
49;F2;0.142900005;600nm;Mu
49;F3;0.152500004;600nm;Mu
49;F4;0.170399994;600nm;Mu
49;F5;0.145300001;600nm;Mu
49;F6;0.128900006;600nm;Mu
49;F7;0.171599999;600nm;Mu
49;F8;0.178800002;600nm;Mu
49;F9;0.150900006;600nm;Mu
49;F10;0.129600003;600nm;Mu
49;F11;0.141599998;600nm;Mu
49;F12;0.173999995;600nm;Mu
49;G1;0.162499994;600nm;Mu
49;G2;0.163399994;600nm;Mu
49;G3;0.141399994;600nm;Mu
49;G4;0.158299997;600nm;Mu
49;G5;0.164299995;600nm;Mu
49;G6;0.172299996;600nm;Mu
49;G7;0.1743;600nm;Mu
49;G8;0.175799996;600nm;Mu
49;G9;0.191400006;600nm;Mu
49;G10;0.189999998;600nm;Mu
49;G11;0.201000005;600nm;Mu
49;G12;0.220200002;600nm;Mu
49;H1;0.174500003;600nm;WT_F16
49;H2;0.149299994;600nm;WT_F16
49;H3;0.149499997;600nm;WT_F16
49;H4;0.167899996;600nm;WT_F16
49;H5;0.097400002;600nm;Mg_F16
49;H6;0.086099997;600nm;Mg_F16
49;H7;0.089900002;600nm;Mg_F16
49;H8;0.092699997;600nm;Mg_F16
49;H9;0.119400002;600nm;WT_noF16
49;H10;0.128399998;600nm;WT_noF16
49;H11;0.117299996;600nm;WT_noF16
49;H12;0.180399999;600nm;WT_noF16
49;A1;1947;475nm/510nm;Mu
49;A2;1361;475nm/510nm;Mu
49;A3;1515;475nm/510nm;Mu
49;A4;1432;475nm/510nm;Mu
49;A5;1407;475nm/510nm;Mu
49;A6;1427;475nm/510nm;Mu
49;A7;1454;475nm/510nm;Mu
49;A8;1487;475nm/510nm;Mu
49;A9;1600;475nm/510nm;Mu
49;A10;1370;475nm/510nm;Mu
49;A11;1857;475nm/510nm;Mu
49;A12;1593;475nm/510nm;Mu
49;B1;1159;475nm/510nm;Mu
49;B2;1490;475nm/510nm;Mu
49;B3;1673;475nm/510nm;Mu
49;B4;1714;475nm/510nm;Mu
49;B5;1566;475nm/510nm;Mu
49;B6;1348;475nm/510nm;Mu
49;B7;930;475nm/510nm;Mu
49;B8;1466;475nm/510nm;Mu
49;B9;1441;475nm/510nm;Mu
49;B10;1460;475nm/510nm;Mu
49;B11;1193;475nm/510nm;Mu
49;B12;1531;475nm/510nm;Mu
49;C1;1530;475nm/510nm;Mu
49;C2;1715;475nm/510nm;Mu
49;C3;1819;475nm/510nm;Mu
49;C4;1697;475nm/510nm;Mu
49;C5;1856;475nm/510nm;Mu
49;C6;2565;475nm/510nm;Mu
49;C7;1703;475nm/510nm;Mu
49;C8;1553;475nm/510nm;Mu
49;C9;1788;475nm/510nm;Mu
49;C10;1436;475nm/510nm;Mu
49;C11;1466;475nm/510nm;Mu
49;C12;4249;475nm/510nm;Mu
49;D1;1437;475nm/510nm;Mu
49;D2;1447;475nm/510nm;Mu
49;D3;1479;475nm/510nm;Mu
49;D4;1597;475nm/510nm;Mu
49;D5;1557;475nm/510nm;Mu
49;D6;1567;475nm/510nm;Mu
49;D7;1403;475nm/510nm;Mu
49;D8;1552;475nm/510nm;Mu
49;D9;1400;475nm/510nm;Mu
49;D10;1599;475nm/510nm;Mu
49;D11;1679;475nm/510nm;Mu
49;D12;1577;475nm/510nm;Mu
49;E1;1437;475nm/510nm;Mu
49;E2;1481;475nm/510nm;Mu
49;E3;1803;475nm/510nm;Mu
49;E4;1792;475nm/510nm;Mu
49;E5;1987;475nm/510nm;Mu
49;E6;1701;475nm/510nm;Mu
49;E7;1662;475nm/510nm;Mu
49;E8;1575;475nm/510nm;Mu
49;E9;1739;475nm/510nm;Mu
49;E10;1410;475nm/510nm;Mu
49;E11;2184;475nm/510nm;Mu
49;E12;1473;475nm/510nm;Mu
49;F1;1401;475nm/510nm;Mu
49;F2;1408;475nm/510nm;Mu
49;F3;1779;475nm/510nm;Mu
49;F4;1604;475nm/510nm;Mu
49;F5;1540;475nm/510nm;Mu
49;F6;1476;475nm/510nm;Mu
49;F7;1397;475nm/510nm;Mu
49;F8;2464;475nm/510nm;Mu
49;F9;1495;475nm/510nm;Mu
49;F10;1258;475nm/510nm;Mu
49;F11;1283;475nm/510nm;Mu
49;F12;2283;475nm/510nm;Mu
49;G1;1546;475nm/510nm;Mu
49;G2;2270;475nm/510nm;Mu
49;G3;1501;475nm/510nm;Mu
49;G4;1685;475nm/510nm;Mu
49;G5;1652;475nm/510nm;Mu
49;G6;1549;475nm/510nm;Mu
49;G7;1648;475nm/510nm;Mu
49;G8;1584;475nm/510nm;Mu
49;G9;1976;475nm/510nm;Mu
49;G10;2051;475nm/510nm;Mu
49;G11;2464;475nm/510nm;Mu
49;G12;3007;475nm/510nm;Mu
49;H1;1241;475nm/510nm;WT_F16
49;H2;1230;475nm/510nm;WT_F16
49;H3;1242;475nm/510nm;WT_F16
49;H4;1246;475nm/510nm;WT_F16
49;H5;465;475nm/510nm;Mg_F16
49;H6;440;475nm/510nm;Mg_F16
49;H7;465;475nm/510nm;Mg_F16
49;H8;438;475nm/510nm;Mg_F16
49;H9;684;475nm/510nm;WT_noF16
49;H10;685;475nm/510nm;WT_noF16
49;H11;694;475nm/510nm;WT_noF16
49;H12;686;475nm/510nm;WT_noF16
50;A1;0.167099997;600nm;Mu
50;A2;0.162100002;600nm;Mu
50;A3;0.1602;600nm;Mu
50;A4;0.196500003;600nm;Mu
50;A5;0.163000003;600nm;Mu
50;A6;0.146200001;600nm;Mu
50;A7;0.148599997;600nm;Mu
50;A8;0.143700004;600nm;Mu
50;A9;0.141200006;600nm;Mu
50;A10;0.158099994;600nm;Mu
50;A11;0.171900004;600nm;Mu
50;A12;0.192499995;600nm;Mu
50;B1;0.147100002;600nm;Mu
50;B2;0.145300001;600nm;Mu
50;B3;0.146599993;600nm;Mu
50;B4;0.145999998;600nm;Mu
50;B5;0.123099998;600nm;Mu
50;B6;0.146599993;600nm;Mu
50;B7;0.141800001;600nm;Mu
50;B8;0.141599998;600nm;Mu
50;B9;0.170900002;600nm;Mu
50;B10;0.147400007;600nm;Mu
50;B11;0.162100002;600nm;Mu
50;B12;0.191400006;600nm;Mu
50;C1;0.170300007;600nm;Mu
50;C2;0.162;600nm;Mu
50;C3;0.150199994;600nm;Mu
50;C4;0.155699998;600nm;Mu
50;C5;0.149700001;600nm;Mu
50;C6;0.144700006;600nm;Mu
50;C7;0.138300002;600nm;Mu
50;C8;0.141499996;600nm;Mu
50;C9;0.140699998;600nm;Mu
50;C10;0.145999998;600nm;Mu
50;C11;0.153999999;600nm;Mu
50;C12;0.158199996;600nm;Mu
50;D1;0.1505;600nm;Mu
50;D2;0.137700006;600nm;Mu
50;D3;0.135600001;600nm;Mu
50;D4;0.155000001;600nm;Mu
50;D5;0.143000007;600nm;Mu
50;D6;0.133200005;600nm;Mu
50;D7;0.138699993;600nm;Mu
50;D8;0.1426;600nm;Mu
50;D9;0.140599996;600nm;Mu
50;D10;0.134900004;600nm;Mu
50;D11;0.181299999;600nm;Mu
50;D12;0.176899999;600nm;Mu
50;E1;0.145099998;600nm;Mu
50;E2;0.149399996;600nm;Mu
50;E3;0.135700002;600nm;Mu
50;E4;0.149700001;600nm;Mu
50;E5;0.1391;600nm;Mu
50;E6;0.144999996;600nm;Mu
50;E7;0.143399999;600nm;Mu
50;E8;0.151199996;600nm;Mu
50;E9;0.150800005;600nm;Mu
50;E10;0.1514;600nm;Mu
50;E11;0.158700004;600nm;Mu
50;E12;0.196600005;600nm;Mu
50;F1;0.139699996;600nm;Mu
50;F2;0.150800005;600nm;Mu
50;F3;0.143199995;600nm;Mu
50;F4;0.141900003;600nm;Mu
50;F5;0.151600003;600nm;Mu
50;F6;0.143999994;600nm;Mu
50;F7;0.148300007;600nm;Mu
50;F8;0.144600004;600nm;Mu
50;F9;0.143399999;600nm;Mu
50;F10;0.146400005;600nm;Mu
50;F11;0.139699996;600nm;Mu
50;F12;0.168599993;600nm;Mu
50;G1;0.150000006;600nm;Mu
50;G2;0.153600007;600nm;Mu
50;G3;0.144099995;600nm;Mu
50;G4;0.147799999;600nm;Mu
50;G5;0.137899995;600nm;Mu
50;G6;0.152099997;600nm;Mu
50;G7;0.152099997;600nm;Mu
50;G8;0.153400004;600nm;Mu
50;G9;0.152799994;600nm;Mu
50;G10;0.166899994;600nm;Mu
50;G11;0.143800005;600nm;Mu
50;G12;0.159500003;600nm;Mu
50;H1;0.143000007;600nm;WT_F16
50;H2;0.136500001;600nm;WT_F16
50;H3;0.140000001;600nm;WT_F16
50;H4;0.134900004;600nm;WT_F16
50;H5;0.087800004;600nm;Mg_F16
50;H6;0.083099999;600nm;Mg_F16
50;H7;0.104699999;600nm;Mg_F16
50;H8;0.081799999;600nm;Mg_F16
50;H9;0.0876;600nm;WT_noF16
50;H10;0.089500003;600nm;WT_noF16
50;H11;0.092200004;600nm;WT_noF16
50;H12;0.106899999;600nm;WT_noF16
50;A1;1092;475nm/510nm;Mu
50;A2;1056;475nm/510nm;Mu
50;A3;1067;475nm/510nm;Mu
50;A4;1262;475nm/510nm;Mu
50;A5;1210;475nm/510nm;Mu
50;A6;1017;475nm/510nm;Mu
50;A7;1033;475nm/510nm;Mu
50;A8;931;475nm/510nm;Mu
50;A9;786;475nm/510nm;Mu
50;A10;1000;475nm/510nm;Mu
50;A11;1074;475nm/510nm;Mu
50;A12;1173;475nm/510nm;Mu
50;B1;1134;475nm/510nm;Mu
50;B2;1100;475nm/510nm;Mu
50;B3;956;475nm/510nm;Mu
50;B4;913;475nm/510nm;Mu
50;B5;816;475nm/510nm;Mu
50;B6;961;475nm/510nm;Mu
50;B7;957;475nm/510nm;Mu
50;B8;925;475nm/510nm;Mu
50;B9;1193;475nm/510nm;Mu
50;B10;971;475nm/510nm;Mu
50;B11;1230;475nm/510nm;Mu
50;B12;1144;475nm/510nm;Mu
50;C1;1219;475nm/510nm;Mu
50;C2;1055;475nm/510nm;Mu
50;C3;955;475nm/510nm;Mu
50;C4;1049;475nm/510nm;Mu
50;C5;927;475nm/510nm;Mu
50;C6;1037;475nm/510nm;Mu
50;C7;911;475nm/510nm;Mu
50;C8;924;475nm/510nm;Mu
50;C9;903;475nm/510nm;Mu
50;C10;978;475nm/510nm;Mu
50;C11;1045;475nm/510nm;Mu
50;C12;919;475nm/510nm;Mu
50;D1;1043;475nm/510nm;Mu
50;D2;925;475nm/510nm;Mu
50;D3;849;475nm/510nm;Mu
50;D4;1009;475nm/510nm;Mu
50;D5;936;475nm/510nm;Mu
50;D6;884;475nm/510nm;Mu
50;D7;1028;475nm/510nm;Mu
50;D8;978;475nm/510nm;Mu
50;D9;919;475nm/510nm;Mu
50;D10;855;475nm/510nm;Mu
50;D11;1604;475nm/510nm;Mu
50;D12;1062;475nm/510nm;Mu
50;E1;973;475nm/510nm;Mu
50;E2;989;475nm/510nm;Mu
50;E3;916;475nm/510nm;Mu
50;E4;957;475nm/510nm;Mu
50;E5;979;475nm/510nm;Mu
50;E6;973;475nm/510nm;Mu
50;E7;966;475nm/510nm;Mu
50;E8;1007;475nm/510nm;Mu
50;E9;984;475nm/510nm;Mu
50;E10;1041;475nm/510nm;Mu
50;E11;989;475nm/510nm;Mu
50;E12;1109;475nm/510nm;Mu
50;F1;1052;475nm/510nm;Mu
50;F2;1029;475nm/510nm;Mu
50;F3;965;475nm/510nm;Mu
50;F4;958;475nm/510nm;Mu
50;F5;1015;475nm/510nm;Mu
50;F6;912;475nm/510nm;Mu
50;F7;980;475nm/510nm;Mu
50;F8;1007;475nm/510nm;Mu
50;F9;930;475nm/510nm;Mu
50;F10;995;475nm/510nm;Mu
50;F11;852;475nm/510nm;Mu
50;F12;1149;475nm/510nm;Mu
50;G1;1071;475nm/510nm;Mu
50;G2;1026;475nm/510nm;Mu
50;G3;910;475nm/510nm;Mu
50;G4;954;475nm/510nm;Mu
50;G5;851;475nm/510nm;Mu
50;G6;1001;475nm/510nm;Mu
50;G7;1187;475nm/510nm;Mu
50;G8;995;475nm/510nm;Mu
50;G9;978;475nm/510nm;Mu
50;G10;1070;475nm/510nm;Mu
50;G11;865;475nm/510nm;Mu
50;G12;876;475nm/510nm;Mu
50;H1;955;475nm/510nm;WT_F16
50;H2;798;475nm/510nm;WT_F16
50;H3;771;475nm/510nm;WT_F16
50;H4;770;475nm/510nm;WT_F16
50;H5;188;475nm/510nm;Mg_F16
50;H6;173;475nm/510nm;Mg_F16
50;H7;222;475nm/510nm;Mg_F16
50;H8;172;475nm/510nm;Mg_F16
50;H9;420;475nm/510nm;WT_noF16
50;H10;420;475nm/510nm;WT_noF16
50;H11;427;475nm/510nm;WT_noF16
50;H12;407;475nm/510nm;WT_noF16
51;A1;0.172499999;600nm;Mu
51;A2;0.155499995;600nm;Mu
51;A3;0.157700002;600nm;Mu
51;A4;0.152400002;600nm;Mu
51;A5;0.147699997;600nm;Mu
51;A6;0.146300003;600nm;Mu
51;A7;0.131600007;600nm;Mu
51;A8;0.139599994;600nm;Mu
51;A9;0.144600004;600nm;Mu
51;A10;0.148699999;600nm;Mu
51;A11;0.160899997;600nm;Mu
51;A12;0.168799996;600nm;Mu
51;B1;0.143199995;600nm;Mu
51;B2;0.159500003;600nm;Mu
51;B3;0.145600006;600nm;Mu
51;B4;0.171499997;600nm;Mu
51;B5;0.1417;600nm;Mu
51;B6;0.1417;600nm;Mu
51;B7;0.145799994;600nm;Mu
51;B8;0.143000007;600nm;Mu
51;B9;0.146699995;600nm;Mu
51;B10;0.153500006;600nm;Mu
51;B11;0.158600003;600nm;Mu
51;B12;0.180800006;600nm;Mu
51;C1;0.162300006;600nm;Mu
51;C2;0.155599996;600nm;Mu
51;C3;0.1514;600nm;Mu
51;C4;0.155699998;600nm;Mu
51;C5;0.180700004;600nm;Mu
51;C6;0.158099994;600nm;Mu
51;C7;0.150900006;600nm;Mu
51;C8;0.148599997;600nm;Mu
51;C9;0.148200005;600nm;Mu
51;C10;0.183799997;600nm;Mu
51;C11;0.144500002;600nm;Mu
51;C12;0.172299996;600nm;Mu
51;D1;0.150800005;600nm;Mu
51;D2;0.139799997;600nm;Mu
51;D3;0.138099998;600nm;Mu
51;D4;0.140599996;600nm;Mu
51;D5;0.134800002;600nm;Mu
51;D6;0.1391;600nm;Mu
51;D7;0.136199996;600nm;Mu
51;D8;0.136800006;600nm;Mu
51;D9;0.142499998;600nm;Mu
51;D10;0.141100004;600nm;Mu
51;D11;0.134000003;600nm;Mu
51;D12;0.167600006;600nm;Mu
51;E1;0.157100007;600nm;Mu
51;E2;0.150900006;600nm;Mu
51;E3;0.147300005;600nm;Mu
51;E4;0.141299993;600nm;Mu
51;E5;0.141499996;600nm;Mu
51;E6;0.174999997;600nm;Mu
51;E7;0.152500004;600nm;Mu
51;E8;0.153699994;600nm;Mu
51;E9;0.147599995;600nm;Mu
51;E10;0.146200001;600nm;Mu
51;E11;0.176200002;600nm;Mu
51;E12;0.151999995;600nm;Mu
51;F1;0.173700005;600nm;Mu
51;F2;0.131400004;600nm;Mu
51;F3;0.150199994;600nm;Mu
51;F4;0.152600005;600nm;Mu
51;F5;0.141100004;600nm;Mu
51;F6;0.1461;600nm;Mu
51;F7;0.1514;600nm;Mu
51;F8;0.146200001;600nm;Mu
51;F9;0.143399999;600nm;Mu
51;F10;0.143999994;600nm;Mu
51;F11;0.164399996;600nm;Mu
51;F12;0.158299997;600nm;Mu
51;G1;0.147599995;600nm;Mu
51;G2;0.143299997;600nm;Mu
51;G3;0.172900006;600nm;Mu
51;G4;0.154300004;600nm;Mu
51;G5;0.139799997;600nm;Mu
51;G6;0.153500006;600nm;Mu
51;G7;0.150700003;600nm;Mu
51;G8;0.141800001;600nm;Mu
51;G9;0.149700001;600nm;Mu
51;G10;0.170100003;600nm;Mu
51;G11;0.1505;600nm;Mu
51;G12;0.168899998;600nm;Mu
51;H1;0.135000005;600nm;WT_F16
51;H2;0.125799999;600nm;WT_F16
51;H3;0.130799994;600nm;WT_F16
51;H4;0.146599993;600nm;WT_F16
51;H5;0.080799997;600nm;Mg_F16
51;H6;0.089199997;600nm;Mg_F16
51;H7;0.079899997;600nm;Mg_F16
51;H8;0.081600003;600nm;Mg_F16
51;H9;0.088399999;600nm;WT_noF16
51;H10;0.089599997;600nm;WT_noF16
51;H11;0.090800002;600nm;WT_noF16
51;H12;0.1021;600nm;WT_noF16
51;A1;1087;475nm/510nm;Mu
51;A2;1026;475nm/510nm;Mu
51;A3;980;475nm/510nm;Mu
51;A4;926;475nm/510nm;Mu
51;A5;919;475nm/510nm;Mu
51;A6;901;475nm/510nm;Mu
51;A7;838;475nm/510nm;Mu
51;A8;875;475nm/510nm;Mu
51;A9;878;475nm/510nm;Mu
51;A10;940;475nm/510nm;Mu
51;A11;1119;475nm/510nm;Mu
51;A12;985;475nm/510nm;Mu
51;B1;878;475nm/510nm;Mu
51;B2;974;475nm/510nm;Mu
51;B3;828;475nm/510nm;Mu
51;B4;1236;475nm/510nm;Mu
51;B5;884;475nm/510nm;Mu
51;B6;896;475nm/510nm;Mu
51;B7;943;475nm/510nm;Mu
51;B8;980;475nm/510nm;Mu
51;B9;987;475nm/510nm;Mu
51;B10;1007;475nm/510nm;Mu
51;B11;1052;475nm/510nm;Mu
51;B12;1129;475nm/510nm;Mu
51;C1;1071;475nm/510nm;Mu
51;C2;1049;475nm/510nm;Mu
51;C3;1022;475nm/510nm;Mu
51;C4;1106;475nm/510nm;Mu
51;C5;1540;475nm/510nm;Mu
51;C6;1041;475nm/510nm;Mu
51;C7;963;475nm/510nm;Mu
51;C8;1000;475nm/510nm;Mu
51;C9;892;475nm/510nm;Mu
51;C10;1227;475nm/510nm;Mu
51;C11;925;475nm/510nm;Mu
51;C12;1101;475nm/510nm;Mu
51;D1;933;475nm/510nm;Mu
51;D2;872;475nm/510nm;Mu
51;D3;839;475nm/510nm;Mu
51;D4;922;475nm/510nm;Mu
51;D5;827;475nm/510nm;Mu
51;D6;892;475nm/510nm;Mu
51;D7;895;475nm/510nm;Mu
51;D8;848;475nm/510nm;Mu
51;D9;992;475nm/510nm;Mu
51;D10;1089;475nm/510nm;Mu
51;D11;827;475nm/510nm;Mu
51;D12;1204;475nm/510nm;Mu
51;E1;1027;475nm/510nm;Mu
51;E2;940;475nm/510nm;Mu
51;E3;932;475nm/510nm;Mu
51;E4;874;475nm/510nm;Mu
51;E5;854;475nm/510nm;Mu
51;E6;1003;475nm/510nm;Mu
51;E7;946;475nm/510nm;Mu
51;E8;937;475nm/510nm;Mu
51;E9;906;475nm/510nm;Mu
51;E10;888;475nm/510nm;Mu
51;E11;1482;475nm/510nm;Mu
51;E12;946;475nm/510nm;Mu
51;F1;1193;475nm/510nm;Mu
51;F2;867;475nm/510nm;Mu
51;F3;1101;475nm/510nm;Mu
51;F4;868;475nm/510nm;Mu
51;F5;875;475nm/510nm;Mu
51;F6;867;475nm/510nm;Mu
51;F7;931;475nm/510nm;Mu
51;F8;1072;475nm/510nm;Mu
51;F9;893;475nm/510nm;Mu
51;F10;844;475nm/510nm;Mu
51;F11;983;475nm/510nm;Mu
51;F12;911;475nm/510nm;Mu
51;G1;1090;475nm/510nm;Mu
51;G2;885;475nm/510nm;Mu
51;G3;1061;475nm/510nm;Mu
51;G4;1006;475nm/510nm;Mu
51;G5;925;475nm/510nm;Mu
51;G6;998;475nm/510nm;Mu
51;G7;971;475nm/510nm;Mu
51;G8;918;475nm/510nm;Mu
51;G9;1011;475nm/510nm;Mu
51;G10;1099;475nm/510nm;Mu
51;G11;882;475nm/510nm;Mu
51;G12;919;475nm/510nm;Mu
51;H1;764;475nm/510nm;WT_F16
51;H2;744;475nm/510nm;WT_F16
51;H3;723;475nm/510nm;WT_F16
51;H4;865;475nm/510nm;WT_F16
51;H5;180;475nm/510nm;Mg_F16
51;H6;193;475nm/510nm;Mg_F16
51;H7;173;475nm/510nm;Mg_F16
51;H8;168;475nm/510nm;Mg_F16
51;H9;421;475nm/510nm;WT_noF16
51;H10;419;475nm/510nm;WT_noF16
51;H11;412;475nm/510nm;WT_noF16
51;H12;395;475nm/510nm;WT_noF16
52;A1;0.159299999;600nm;Mu
52;A2;0.158399999;600nm;Mu
52;A3;0.147599995;600nm;Mu
52;A4;0.156599998;600nm;Mu
52;A5;0.155599996;600nm;Mu
52;A6;0.167500004;600nm;Mu
52;A7;0.160300002;600nm;Mu
52;A8;0.155399993;600nm;Mu
52;A9;0.165199995;600nm;Mu
52;A10;0.142800003;600nm;Mu
52;A11;0.153400004;600nm;Mu
52;A12;0.172700003;600nm;Mu
52;B1;0.155499995;600nm;Mu
52;B2;0.148900002;600nm;Mu
52;B3;0.150600001;600nm;Mu
52;B4;0.154200003;600nm;Mu
52;B5;0.148800001;600nm;Mu
52;B6;0.142900005;600nm;Mu
52;B7;0.145999998;600nm;Mu
52;B8;0.152099997;600nm;Mu
52;B9;0.156200007;600nm;Mu
52;B10;0.151199996;600nm;Mu
52;B11;0.161599994;600nm;Mu
52;B12;0.191300005;600nm;Mu
52;C1;0.158199996;600nm;Mu
52;C2;0.152400002;600nm;Mu
52;C3;0.149000004;600nm;Mu
52;C4;0.179499999;600nm;Mu
52;C5;0.150199994;600nm;Mu
52;C6;0.159400001;600nm;Mu
52;C7;0.142299995;600nm;Mu
52;C8;0.147799999;600nm;Mu
52;C9;0.140100002;600nm;Mu
52;C10;0.140400007;600nm;Mu
52;C11;0.129299998;600nm;Mu
52;C12;0.158399999;600nm;Mu
52;D1;0.168799996;600nm;Mu
52;D2;0.144099995;600nm;Mu
52;D3;0.1391;600nm;Mu
52;D4;0.139500007;600nm;Mu
52;D5;0.152700007;600nm;Mu
52;D6;0.137199998;600nm;Mu
52;D7;0.171800002;600nm;Mu
52;D8;0.149499997;600nm;Mu
52;D9;0.186800003;600nm;Mu
52;D10;0.198400006;600nm;Mu
52;D11;0.139899999;600nm;Mu
52;D12;0.150099993;600nm;Mu
52;E1;0.148200005;600nm;Mu
52;E2;0.146899998;600nm;Mu
52;E3;0.142199993;600nm;Mu
52;E4;0.156200007;600nm;Mu
52;E5;0.150299996;600nm;Mu
52;E6;0.263999999;600nm;Mu
52;E7;0.138799995;600nm;Mu
52;E8;0.138799995;600nm;Mu
52;E9;0.1285;600nm;Mu
52;E10;0.129899994;600nm;Mu
52;E11;0.130899996;600nm;Mu
52;E12;0.152500004;600nm;Mu
52;F1;0.193399996;600nm;Mu
52;F2;0.148399994;600nm;Mu
52;F3;0.145099998;600nm;Mu
52;F4;0.141800001;600nm;Mu
52;F5;0.162300006;600nm;Mu
52;F6;0.167300001;600nm;Mu
52;F7;0.155499995;600nm;Mu
52;F8;0.156100005;600nm;Mu
52;F9;0.151500002;600nm;Mu
52;F10;0.172199994;600nm;Mu
52;F11;0.222000003;600nm;Mu
52;F12;0.168200001;600nm;Mu
52;G1;0.216800004;600nm;Mu
52;G2;0.157000005;600nm;Mu
52;G3;0.184400007;600nm;Mu
52;G4;0.223800004;600nm;Mu
52;G5;0.158899993;600nm;Mu
52;G6;0.242699996;600nm;Mu
52;G7;0.230499998;600nm;Mu
52;G8;0.187700003;600nm;Mu
52;G9;0.154899999;600nm;Mu
52;G10;0.152600005;600nm;Mu
52;G11;0.1435;600nm;Mu
52;G12;0.194999993;600nm;Mu
52;H1;0.139599994;600nm;WT_F16
52;H2;0.136800006;600nm;WT_F16
52;H3;0.129199997;600nm;WT_F16
52;H4;0.133200005;600nm;WT_F16
52;H5;0.503600001;600nm;Mg_F16
52;H6;0.081500001;600nm;Mg_F16
52;H7;0.082999997;600nm;Mg_F16
52;H8;0.080899999;600nm;Mg_F16
52;H9;0.089500003;600nm;WT_noF16
52;H10;0.118299998;600nm;WT_noF16
52;H11;0.091200002;600nm;WT_noF16
52;H12;0.101300001;600nm;WT_noF16
52;A1;1413;475nm/510nm;Mu
52;A2;989;475nm/510nm;Mu
52;A3;985;475nm/510nm;Mu
52;A4;964;475nm/510nm;Mu
52;A5;969;475nm/510nm;Mu
52;A6;1243;475nm/510nm;Mu
52;A7;974;475nm/510nm;Mu
52;A8;1013;475nm/510nm;Mu
52;A9;1044;475nm/510nm;Mu
52;A10;859;475nm/510nm;Mu
52;A11;955;475nm/510nm;Mu
52;A12;1193;475nm/510nm;Mu
52;B1;1166;475nm/510nm;Mu
52;B2;923;475nm/510nm;Mu
52;B3;967;475nm/510nm;Mu
52;B4;975;475nm/510nm;Mu
52;B5;1009;475nm/510nm;Mu
52;B6;931;475nm/510nm;Mu
52;B7;991;475nm/510nm;Mu
52;B8;1027;475nm/510nm;Mu
52;B9;1066;475nm/510nm;Mu
52;B10;1414;475nm/510nm;Mu
52;B11;1116;475nm/510nm;Mu
52;B12;1182;475nm/510nm;Mu
52;C1;1039;475nm/510nm;Mu
52;C2;974;475nm/510nm;Mu
52;C3;976;475nm/510nm;Mu
52;C4;875;475nm/510nm;Mu
52;C5;1026;475nm/510nm;Mu
52;C6;1063;475nm/510nm;Mu
52;C7;883;475nm/510nm;Mu
52;C8;984;475nm/510nm;Mu
52;C9;898;475nm/510nm;Mu
52;C10;899;475nm/510nm;Mu
52;C11;803;475nm/510nm;Mu
52;C12;950;475nm/510nm;Mu
52;D1;1112;475nm/510nm;Mu
52;D2;913;475nm/510nm;Mu
52;D3;1153;475nm/510nm;Mu
52;D4;994;475nm/510nm;Mu
52;D5;1115;475nm/510nm;Mu
52;D6;932;475nm/510nm;Mu
52;D7;957;475nm/510nm;Mu
52;D8;1084;475nm/510nm;Mu
52;D9;1017;475nm/510nm;Mu
52;D10;1084;475nm/510nm;Mu
52;D11;972;475nm/510nm;Mu
52;D12;972;475nm/510nm;Mu
52;E1;998;475nm/510nm;Mu
52;E2;948;475nm/510nm;Mu
52;E3;920;475nm/510nm;Mu
52;E4;1057;475nm/510nm;Mu
52;E5;986;475nm/510nm;Mu
52;E6;876;475nm/510nm;Mu
52;E7;851;475nm/510nm;Mu
52;E8;830;475nm/510nm;Mu
52;E9;795;475nm/510nm;Mu
52;E10;773;475nm/510nm;Mu
52;E11;795;475nm/510nm;Mu
52;E12;990;475nm/510nm;Mu
52;F1;1359;475nm/510nm;Mu
52;F2;980;475nm/510nm;Mu
52;F3;883;475nm/510nm;Mu
52;F4;979;475nm/510nm;Mu
52;F5;1210;475nm/510nm;Mu
52;F6;1198;475nm/510nm;Mu
52;F7;1081;475nm/510nm;Mu
52;F8;1066;475nm/510nm;Mu
52;F9;991;475nm/510nm;Mu
52;F10;1028;475nm/510nm;Mu
52;F11;1242;475nm/510nm;Mu
52;F12;953;475nm/510nm;Mu
52;G1;1691;475nm/510nm;Mu
52;G2;1349;475nm/510nm;Mu
52;G3;1494;475nm/510nm;Mu
52;G4;1399;475nm/510nm;Mu
52;G5;1138;475nm/510nm;Mu
52;G6;1597;475nm/510nm;Mu
52;G7;1461;475nm/510nm;Mu
52;G8;1308;475nm/510nm;Mu
52;G9;1041;475nm/510nm;Mu
52;G10;1067;475nm/510nm;Mu
52;G11;1025;475nm/510nm;Mu
52;G12;1238;475nm/510nm;Mu
52;H1;765;475nm/510nm;WT_F16
52;H2;767;475nm/510nm;WT_F16
52;H3;658;475nm/510nm;WT_F16
52;H4;689;475nm/510nm;WT_F16
52;H5;123;475nm/510nm;Mg_F16
52;H6;173;475nm/510nm;Mg_F16
52;H7;173;475nm/510nm;Mg_F16
52;H8;164;475nm/510nm;Mg_F16
52;H9;435;475nm/510nm;WT_noF16
52;H10;426;475nm/510nm;WT_noF16
52;H11;432;475nm/510nm;WT_noF16
52;H12;411;475nm/510nm;WT_noF16
53;A1;0.135900006;600nm;Mu
53;A2;0.149000004;600nm;Mu
53;A3;0.1567;600nm;Mu
53;A4;0.152099997;600nm;Mu
53;A5;0.149800003;600nm;Mu
53;A6;0.144299999;600nm;Mu
53;A7;0.154899999;600nm;Mu
53;A8;0.164700001;600nm;Mu
53;A9;0.167799994;600nm;Mu
53;A10;0.1743;600nm;Mu
53;A11;0.164000005;600nm;Mu
53;A12;0.202199996;600nm;Mu
53;B1;0.143900007;600nm;Mu
53;B2;0.147499993;600nm;Mu
53;B3;0.147400007;600nm;Mu
53;B4;0.146899998;600nm;Mu
53;B5;0.149200007;600nm;Mu
53;B6;0.156499997;600nm;Mu
53;B7;0.145999998;600nm;Mu
53;B8;0.151999995;600nm;Mu
53;B9;0.149900004;600nm;Mu
53;B10;0.139300004;600nm;Mu
53;B11;0.151600003;600nm;Mu
53;B12;0.1752;600nm;Mu
53;C1;0.152700007;600nm;Mu
53;C2;0.148200005;600nm;Mu
53;C3;0.141299993;600nm;Mu
53;C4;0.1347;600nm;Mu
53;C5;0.127800003;600nm;Mu
53;C6;0.140200004;600nm;Mu
53;C7;0.142700002;600nm;Mu
53;C8;0.138999999;600nm;Mu
53;C9;0.183899999;600nm;Mu
53;C10;0.142700002;600nm;Mu
53;C11;0.145899996;600nm;Mu
53;C12;0.153999999;600nm;Mu
53;D1;0.148399994;600nm;Mu
53;D2;0.142399997;600nm;Mu
53;D3;0.149299994;600nm;Mu
53;D4;0.1611;600nm;Mu
53;D5;0.141200006;600nm;Mu
53;D6;0.157399997;600nm;Mu
53;D7;0.151099995;600nm;Mu
53;D8;0.1505;600nm;Mu
53;D9;0.141000003;600nm;Mu
53;D10;0.1479;600nm;Mu
53;D11;0.148399994;600nm;Mu
53;D12;0.150600001;600nm;Mu
53;E1;0.161400005;600nm;Mu
53;E2;0.153799996;600nm;Mu
53;E3;0.154300004;600nm;Mu
53;E4;0.143900007;600nm;Mu
53;E5;0.147100002;600nm;Mu
53;E6;0.133300006;600nm;Mu
53;E7;0.150099993;600nm;Mu
53;E8;0.146799996;600nm;Mu
53;E9;0.144400001;600nm;Mu
53;E10;0.149000004;600nm;Mu
53;E11;0.160600007;600nm;Mu
53;E12;0.147400007;600nm;Mu
53;F1;0.137500003;600nm;Mu
53;F2;0.132300004;600nm;Mu
53;F3;0.130999997;600nm;Mu
53;F4;0.137099996;600nm;Mu
53;F5;0.139500007;600nm;Mu
53;F6;0.144899994;600nm;Mu
53;F7;0.135199994;600nm;Mu
53;F8;0.142000005;600nm;Mu
53;F9;0.141399994;600nm;Mu
53;F10;0.136099994;600nm;Mu
53;F11;0.143900007;600nm;Mu
53;F12;0.160799995;600nm;Mu
53;G1;0.243000001;600nm;Mu
53;G2;0.133000001;600nm;Mu
53;G3;0.139300004;600nm;Mu
53;G4;0.148800001;600nm;Mu
53;G5;0.135600001;600nm;Mu
53;G6;0.139500007;600nm;Mu
53;G7;0.152400002;600nm;Mu
53;G8;0.164800003;600nm;Mu
53;G9;0.171700001;600nm;Mu
53;G10;0.165399998;600nm;Mu
53;G11;0.169200003;600nm;Mu
53;G12;0.2227;600nm;Mu
53;H1;0.131600007;600nm;WT_F16
53;H2;0.1197;600nm;WT_F16
53;H3;0.122400001;600nm;WT_F16
53;H4;0.124899998;600nm;WT_F16
53;H5;0.079999998;600nm;Mg_F16
53;H6;0.081799999;600nm;Mg_F16
53;H7;0.079800002;600nm;Mg_F16
53;H8;0.081100002;600nm;Mg_F16
53;H9;0.088299997;600nm;WT_noF16
53;H10;0.086499996;600nm;WT_noF16
53;H11;0.0902;600nm;WT_noF16
53;H12;0.100599997;600nm;WT_noF16
53;A1;752;475nm/510nm;Mu
53;A2;854;475nm/510nm;Mu
53;A3;862;475nm/510nm;Mu
53;A4;887;475nm/510nm;Mu
53;A5;933;475nm/510nm;Mu
53;A6;855;475nm/510nm;Mu
53;A7;980;475nm/510nm;Mu
53;A8;999;475nm/510nm;Mu
53;A9;945;475nm/510nm;Mu
53;A10;963;475nm/510nm;Mu
53;A11;1006;475nm/510nm;Mu
53;A12;1334;475nm/510nm;Mu
53;B1;822;475nm/510nm;Mu
53;B2;886;475nm/510nm;Mu
53;B3;893;475nm/510nm;Mu
53;B4;993;475nm/510nm;Mu
53;B5;972;475nm/510nm;Mu
53;B6;1073;475nm/510nm;Mu
53;B7;1013;475nm/510nm;Mu
53;B8;1378;475nm/510nm;Mu
53;B9;930;475nm/510nm;Mu
53;B10;984;475nm/510nm;Mu
53;B11;946;475nm/510nm;Mu
53;B12;1116;475nm/510nm;Mu
53;C1;1094;475nm/510nm;Mu
53;C2;910;475nm/510nm;Mu
53;C3;850;475nm/510nm;Mu
53;C4;856;475nm/510nm;Mu
53;C5;789;475nm/510nm;Mu
53;C6;970;475nm/510nm;Mu
53;C7;1230;475nm/510nm;Mu
53;C8;994;475nm/510nm;Mu
53;C9;1208;475nm/510nm;Mu
53;C10;907;475nm/510nm;Mu
53;C11;860;475nm/510nm;Mu
53;C12;867;475nm/510nm;Mu
53;D1;957;475nm/510nm;Mu
53;D2;834;475nm/510nm;Mu
53;D3;967;475nm/510nm;Mu
53;D4;1059;475nm/510nm;Mu
53;D5;937;475nm/510nm;Mu
53;D6;1089;475nm/510nm;Mu
53;D7;1043;475nm/510nm;Mu
53;D8;1066;475nm/510nm;Mu
53;D9;929;475nm/510nm;Mu
53;D10;1018;475nm/510nm;Mu
53;D11;999;475nm/510nm;Mu
53;D12;961;475nm/510nm;Mu
53;E1;887;475nm/510nm;Mu
53;E2;980;475nm/510nm;Mu
53;E3;969;475nm/510nm;Mu
53;E4;925;475nm/510nm;Mu
53;E5;975;475nm/510nm;Mu
53;E6;879;475nm/510nm;Mu
53;E7;1223;475nm/510nm;Mu
53;E8;939;475nm/510nm;Mu
53;E9;894;475nm/510nm;Mu
53;E10;904;475nm/510nm;Mu
53;E11;1497;475nm/510nm;Mu
53;E12;962;475nm/510nm;Mu
53;F1;846;475nm/510nm;Mu
53;F2;810;475nm/510nm;Mu
53;F3;768;475nm/510nm;Mu
53;F4;819;475nm/510nm;Mu
53;F5;1151;475nm/510nm;Mu
53;F6;1233;475nm/510nm;Mu
53;F7;832;475nm/510nm;Mu
53;F8;936;475nm/510nm;Mu
53;F9;905;475nm/510nm;Mu
53;F10;799;475nm/510nm;Mu
53;F11;881;475nm/510nm;Mu
53;F12;1018;475nm/510nm;Mu
53;G1;971;475nm/510nm;Mu
53;G2;805;475nm/510nm;Mu
53;G3;976;475nm/510nm;Mu
53;G4;989;475nm/510nm;Mu
53;G5;911;475nm/510nm;Mu
53;G6;953;475nm/510nm;Mu
53;G7;1080;475nm/510nm;Mu
53;G8;1221;475nm/510nm;Mu
53;G9;1179;475nm/510nm;Mu
53;G10;1102;475nm/510nm;Mu
53;G11;1155;475nm/510nm;Mu
53;G12;1551;475nm/510nm;Mu
53;H1;643;475nm/510nm;WT_F16
53;H2;631;475nm/510nm;WT_F16
53;H3;663;475nm/510nm;WT_F16
53;H4;657;475nm/510nm;WT_F16
53;H5;163;475nm/510nm;Mg_F16
53;H6;173;475nm/510nm;Mg_F16
53;H7;173;475nm/510nm;Mg_F16
53;H8;171;475nm/510nm;Mg_F16
53;H9;447;475nm/510nm;WT_noF16
53;H10;408;475nm/510nm;WT_noF16
53;H11;423;475nm/510nm;WT_noF16
53;H12;421;475nm/510nm;WT_noF16
54;A1;0.152500004;600nm;Mu
54;A2;0.1558;600nm;Mu
54;A3;0.151800007;600nm;Mu
54;A4;0.142700002;600nm;Mu
54;A5;0.151500002;600nm;Mu
54;A6;0.155900002;600nm;Mu
54;A7;0.161500007;600nm;Mu
54;A8;0.139500007;600nm;Mu
54;A9;0.151800007;600nm;Mu
54;A10;0.134299994;600nm;Mu
54;A11;0.139300004;600nm;Mu
54;A12;0.121299997;600nm;Mu
54;B1;0.156299993;600nm;Mu
54;B2;0.165900007;600nm;Mu
54;B3;0.136000007;600nm;Mu
54;B4;0.143199995;600nm;Mu
54;B5;0.159299999;600nm;Mu
54;B6;0.149599999;600nm;Mu
54;B7;0.127299994;600nm;Mu
54;B8;0.117700003;600nm;Mu
54;B9;0.127599999;600nm;Mu
54;B10;0.139799997;600nm;Mu
54;B11;0.144899994;600nm;Mu
54;B12;0.130700007;600nm;Mu
54;C1;0.161400005;600nm;Mu
54;C2;0.156599998;600nm;Mu
54;C3;0.151700005;600nm;Mu
54;C4;0.150099993;600nm;Mu
54;C5;0.166199997;600nm;Mu
54;C6;0.157499999;600nm;Mu
54;C7;0.1778;600nm;Mu
54;C8;0.159500003;600nm;Mu
54;C9;0.148800001;600nm;Mu
54;C10;0.153300002;600nm;Mu
54;C11;0.141399994;600nm;Mu
54;C12;0.138699993;600nm;Mu
54;D1;0.165399998;600nm;Mu
54;D2;0.137999997;600nm;Mu
54;D3;0.130400002;600nm;Mu
54;D4;0.135900006;600nm;Mu
54;D5;0.164800003;600nm;Mu
54;D6;0.131300002;600nm;Mu
54;D7;0.1602;600nm;Mu
54;D8;0.129500002;600nm;Mu
54;D9;0.125499994;600nm;Mu
54;D10;0.132499993;600nm;Mu
54;D11;0.125300005;600nm;Mu
54;D12;0.151800007;600nm;Mu
54;E1;0.1602;600nm;Mu
54;E2;0.1426;600nm;Mu
54;E3;0.143700004;600nm;Mu
54;E4;0.131400004;600nm;Mu
54;E5;0.123000003;600nm;Mu
54;E6;0.108900003;600nm;Mu
54;E7;0.160899997;600nm;Mu
54;E8;0.132400006;600nm;Mu
54;E9;0.122000001;600nm;Mu
54;E10;0.134299994;600nm;Mu
54;E11;0.148200005;600nm;Mu
54;E12;0.169699997;600nm;Mu
54;F1;0.113799997;600nm;Mu
54;F2;0.154699996;600nm;Mu
54;F3;0.148100004;600nm;Mu
54;F4;0.139599994;600nm;Mu
54;F5;0.133900002;600nm;Mu
54;F6;0.129299998;600nm;Mu
54;F7;0.119999997;600nm;Mu
54;F8;0.125300005;600nm;Mu
54;F9;0.140300006;600nm;Mu
54;F10;0.131699994;600nm;Mu
54;F11;0.145099998;600nm;Mu
54;F12;0.158000007;600nm;Mu
54;G1;0.170000002;600nm;Mu
54;G2;0.158199996;600nm;Mu
54;G3;0.166899994;600nm;Mu
54;G4;0.138899997;600nm;Mu
54;G5;0.138500005;600nm;Mu
54;G6;0.130199999;600nm;Mu
54;G7;0.130799994;600nm;Mu
54;G8;0.146300003;600nm;Mu
54;G9;0.144600004;600nm;Mu
54;G10;0.150900006;600nm;Mu
54;G11;0.154799998;600nm;Mu
54;G12;0.138999999;600nm;Mu
54;H1;0.122599997;600nm;WT_F16
54;H2;0.1193;600nm;WT_F16
54;H3;0.116800003;600nm;WT_F16
54;H4;0.119900003;600nm;WT_F16
54;H5;0.082599998;600nm;Mg_F16
54;H6;0.081500001;600nm;Mg_F16
54;H7;0.082599998;600nm;Mg_F16
54;H8;0.083999999;600nm;Mg_F16
54;H9;0.0876;600nm;WT_noF16
54;H10;0.092500001;600nm;WT_noF16
54;H11;0.090999998;600nm;WT_noF16
54;H12;0.104199998;600nm;WT_noF16
54;A1;894;475nm/510nm;Mu
54;A2;949;475nm/510nm;Mu
54;A3;898;475nm/510nm;Mu
54;A4;854;475nm/510nm;Mu
54;A5;845;475nm/510nm;Mu
54;A6;856;475nm/510nm;Mu
54;A7;926;475nm/510nm;Mu
54;A8;881;475nm/510nm;Mu
54;A9;902;475nm/510nm;Mu
54;A10;873;475nm/510nm;Mu
54;A11;1002;475nm/510nm;Mu
54;A12;814;475nm/510nm;Mu
54;B1;909;475nm/510nm;Mu
54;B2;1047;475nm/510nm;Mu
54;B3;734;475nm/510nm;Mu
54;B4;822;475nm/510nm;Mu
54;B5;960;475nm/510nm;Mu
54;B6;922;475nm/510nm;Mu
54;B7;924;475nm/510nm;Mu
54;B8;695;475nm/510nm;Mu
54;B9;732;475nm/510nm;Mu
54;B10;887;475nm/510nm;Mu
54;B11;830;475nm/510nm;Mu
54;B12;690;475nm/510nm;Mu
54;C1;963;475nm/510nm;Mu
54;C2;949;475nm/510nm;Mu
54;C3;860;475nm/510nm;Mu
54;C4;911;475nm/510nm;Mu
54;C5;1412;475nm/510nm;Mu
54;C6;1030;475nm/510nm;Mu
54;C7;1077;475nm/510nm;Mu
54;C8;965;475nm/510nm;Mu
54;C9;865;475nm/510nm;Mu
54;C10;950;475nm/510nm;Mu
54;C11;1016;475nm/510nm;Mu
54;C12;924;475nm/510nm;Mu
54;D1;1088;475nm/510nm;Mu
54;D2;729;475nm/510nm;Mu
54;D3;691;475nm/510nm;Mu
54;D4;748;475nm/510nm;Mu
54;D5;808;475nm/510nm;Mu
54;D6;763;475nm/510nm;Mu
54;D7;1796;475nm/510nm;Mu
54;D8;782;475nm/510nm;Mu
54;D9;712;475nm/510nm;Mu
54;D10;782;475nm/510nm;Mu
54;D11;692;475nm/510nm;Mu
54;D12;826;475nm/510nm;Mu
54;E1;1023;475nm/510nm;Mu
54;E2;724;475nm/510nm;Mu
54;E3;803;475nm/510nm;Mu
54;E4;736;475nm/510nm;Mu
54;E5;687;475nm/510nm;Mu
54;E6;566;475nm/510nm;Mu
54;E7;1461;475nm/510nm;Mu
54;E8;720;475nm/510nm;Mu
54;E9;599;475nm/510nm;Mu
54;E10;763;475nm/510nm;Mu
54;E11;878;475nm/510nm;Mu
54;E12;990;475nm/510nm;Mu
54;F1;661;475nm/510nm;Mu
54;F2;677;475nm/510nm;Mu
54;F3;874;475nm/510nm;Mu
54;F4;747;475nm/510nm;Mu
54;F5;732;475nm/510nm;Mu
54;F6;694;475nm/510nm;Mu
54;F7;682;475nm/510nm;Mu
54;F8;704;475nm/510nm;Mu
54;F9;800;475nm/510nm;Mu
54;F10;775;475nm/510nm;Mu
54;F11;831;475nm/510nm;Mu
54;F12;953;475nm/510nm;Mu
54;G1;1027;475nm/510nm;Mu
54;G2;925;475nm/510nm;Mu
54;G3;1052;475nm/510nm;Mu
54;G4;858;475nm/510nm;Mu
54;G5;904;475nm/510nm;Mu
54;G6;1102;475nm/510nm;Mu
54;G7;735;475nm/510nm;Mu
54;G8;928;475nm/510nm;Mu
54;G9;879;475nm/510nm;Mu
54;G10;899;475nm/510nm;Mu
54;G11;965;475nm/510nm;Mu
54;G12;787;475nm/510nm;Mu
54;H1;659;475nm/510nm;WT_F16
54;H2;656;475nm/510nm;WT_F16
54;H3;597;475nm/510nm;WT_F16
54;H4;600;475nm/510nm;WT_F16
54;H5;166;475nm/510nm;Mg_F16
54;H6;161;475nm/510nm;Mg_F16
54;H7;173;475nm/510nm;Mg_F16
54;H8;161;475nm/510nm;Mg_F16
54;H9;392;475nm/510nm;WT_noF16
54;H10;395;475nm/510nm;WT_noF16
54;H11;402;475nm/510nm;WT_noF16
54;H12;416;475nm/510nm;WT_noF16
55;A1;0.145400003;600nm;Mu
55;A2;0.162799999;600nm;Mu
55;A3;0.171399996;600nm;Mu
55;A4;0.155200005;600nm;Mu
55;A5;0.143099993;600nm;Mu
55;A6;0.134299994;600nm;Mu
55;A7;0.141800001;600nm;Mu
55;A8;0.1602;600nm;Mu
55;A9;0.123199999;600nm;Mu
55;A10;0.138400003;600nm;Mu
55;A11;0.143199995;600nm;Mu
55;A12;0.150000006;600nm;Mu
55;B1;0.157499999;600nm;Mu
55;B2;0.152500004;600nm;Mu
55;B3;0.140400007;600nm;Mu
55;B4;0.127900004;600nm;Mu
55;B5;0.115599997;600nm;Mu
55;B6;0.123999998;600nm;Mu
55;B7;0.1043;600nm;Mu
55;B8;0.113300003;600nm;Mu
55;B9;0.125599995;600nm;Mu
55;B10;0.117200002;600nm;Mu
55;B11;0.1109;600nm;Mu
55;B12;0.128900006;600nm;Mu
55;C1;0.164499998;600nm;Mu
55;C2;0.159500003;600nm;Mu
55;C3;0.143600002;600nm;Mu
55;C4;0.147699997;600nm;Mu
55;C5;0.146400005;600nm;Mu
55;C6;0.136500001;600nm;Mu
55;C7;0.108599998;600nm;Mu
55;C8;0.111100003;600nm;Mu
55;C9;0.116400003;600nm;Mu
55;C10;0.104999997;600nm;Mu
55;C11;0.107000001;600nm;Mu
55;C12;0.146400005;600nm;Mu
55;D1;0.148900002;600nm;Mu
55;D2;0.141000003;600nm;Mu
55;D3;0.149599999;600nm;Mu
55;D4;0.158000007;600nm;Mu
55;D5;0.123000003;600nm;Mu
55;D6;0.109800003;600nm;Mu
55;D7;0.1153;600nm;Mu
55;D8;0.120800003;600nm;Mu
55;D9;0.122699998;600nm;Mu
55;D10;0.112300001;600nm;Mu
55;D11;0.132699996;600nm;Mu
55;D12;0.145699993;600nm;Mu
55;E1;0.176400006;600nm;Mu
55;E2;0.128900006;600nm;Mu
55;E3;0.123000003;600nm;Mu
55;E4;0.126399994;600nm;Mu
55;E5;0.144500002;600nm;Mu
55;E6;0.125699997;600nm;Mu
55;E7;0.115199998;600nm;Mu
55;E8;0.122900002;600nm;Mu
55;E9;0.106899999;600nm;Mu
55;E10;0.112099998;600nm;Mu
55;E11;0.109899998;600nm;Mu
55;E12;0.127399996;600nm;Mu
55;F1;0.184400007;600nm;Mu
55;F2;0.151800007;600nm;Mu
55;F3;0.149599999;600nm;Mu
55;F4;0.155900002;600nm;Mu
55;F5;0.148800001;600nm;Mu
55;F6;0.1237;600nm;Mu
55;F7;0.132300004;600nm;Mu
55;F8;0.164299995;600nm;Mu
55;F9;0.155300006;600nm;Mu
55;F10;0.141299993;600nm;Mu
55;F11;0.144299999;600nm;Mu
55;F12;0.1699;600nm;Mu
55;G1;0.168799996;600nm;Mu
55;G2;0.156900004;600nm;Mu
55;G3;0.156000003;600nm;Mu
55;G4;0.152500004;600nm;Mu
55;G5;0.158800006;600nm;Mu
55;G6;0.169699997;600nm;Mu
55;G7;0.169499993;600nm;Mu
55;G8;0.153600007;600nm;Mu
55;G9;0.126800001;600nm;Mu
55;G10;0.159400001;600nm;Mu
55;G11;0.153500006;600nm;Mu
55;G12;0.187900007;600nm;Mu
55;H1;0.119800001;600nm;WT_F16
55;H2;0.112599999;600nm;WT_F16
55;H3;0.120099999;600nm;WT_F16
55;H4;0.130799994;600nm;WT_F16
55;H5;0.082599998;600nm;Mg_F16
55;H6;0.081500001;600nm;Mg_F16
55;H7;0.083400004;600nm;Mg_F16
55;H8;0.083499998;600nm;Mg_F16
55;H9;0.115000002;600nm;WT_noF16
55;H10;0.116999999;600nm;WT_noF16
55;H11;0.113799997;600nm;WT_noF16
55;H12;0.176499993;600nm;WT_noF16
55;A1;1026;475nm/510nm;Mu
55;A2;1042;475nm/510nm;Mu
55;A3;1139;475nm/510nm;Mu
55;A4;1058;475nm/510nm;Mu
55;A5;917;475nm/510nm;Mu
55;A6;954;475nm/510nm;Mu
55;A7;927;475nm/510nm;Mu
55;A8;1055;475nm/510nm;Mu
55;A9;864;475nm/510nm;Mu
55;A10;915;475nm/510nm;Mu
55;A11;1031;475nm/510nm;Mu
55;A12;1047;475nm/510nm;Mu
55;B1;997;475nm/510nm;Mu
55;B2;970;475nm/510nm;Mu
55;B3;825;475nm/510nm;Mu
55;B4;1181;475nm/510nm;Mu
55;B5;677;475nm/510nm;Mu
55;B6;707;475nm/510nm;Mu
55;B7;637;475nm/510nm;Mu
55;B8;699;475nm/510nm;Mu
55;B9;701;475nm/510nm;Mu
55;B10;692;475nm/510nm;Mu
55;B11;655;475nm/510nm;Mu
55;B12;733;475nm/510nm;Mu
55;C1;1103;475nm/510nm;Mu
55;C2;1045;475nm/510nm;Mu
55;C3;851;475nm/510nm;Mu
55;C4;899;475nm/510nm;Mu
55;C5;899;475nm/510nm;Mu
55;C6;868;475nm/510nm;Mu
55;C7;624;475nm/510nm;Mu
55;C8;650;475nm/510nm;Mu
55;C9;592;475nm/510nm;Mu
55;C10;628;475nm/510nm;Mu
55;C11;572;475nm/510nm;Mu
55;C12;873;475nm/510nm;Mu
55;D1;931;475nm/510nm;Mu
55;D2;816;475nm/510nm;Mu
55;D3;1058;475nm/510nm;Mu
55;D4;889;475nm/510nm;Mu
55;D5;634;475nm/510nm;Mu
55;D6;624;475nm/510nm;Mu
55;D7;686;475nm/510nm;Mu
55;D8;707;475nm/510nm;Mu
55;D9;658;475nm/510nm;Mu
55;D10;622;475nm/510nm;Mu
55;D11;778;475nm/510nm;Mu
55;D12;895;475nm/510nm;Mu
55;E1;1842;475nm/510nm;Mu
55;E2;710;475nm/510nm;Mu
55;E3;682;475nm/510nm;Mu
55;E4;673;475nm/510nm;Mu
55;E5;881;475nm/510nm;Mu
55;E6;643;475nm/510nm;Mu
55;E7;618;475nm/510nm;Mu
55;E8;898;475nm/510nm;Mu
55;E9;583;475nm/510nm;Mu
55;E10;582;475nm/510nm;Mu
55;E11;631;475nm/510nm;Mu
55;E12;883;475nm/510nm;Mu
55;F1;1263;475nm/510nm;Mu
55;F2;1064;475nm/510nm;Mu
55;F3;967;475nm/510nm;Mu
55;F4;937;475nm/510nm;Mu
55;F5;861;475nm/510nm;Mu
55;F6;730;475nm/510nm;Mu
55;F7;737;475nm/510nm;Mu
55;F8;1077;475nm/510nm;Mu
55;F9;846;475nm/510nm;Mu
55;F10;1074;475nm/510nm;Mu
55;F11;831;475nm/510nm;Mu
55;F12;976;475nm/510nm;Mu
55;G1;1150;475nm/510nm;Mu
55;G2;980;475nm/510nm;Mu
55;G3;1074;475nm/510nm;Mu
55;G4;1005;475nm/510nm;Mu
55;G5;1063;475nm/510nm;Mu
55;G6;1764;475nm/510nm;Mu
55;G7;1108;475nm/510nm;Mu
55;G8;969;475nm/510nm;Mu
55;G9;773;475nm/510nm;Mu
55;G10;1065;475nm/510nm;Mu
55;G11;954;475nm/510nm;Mu
55;G12;1350;475nm/510nm;Mu
55;H1;759;475nm/510nm;WT_F16
55;H2;632;475nm/510nm;WT_F16
55;H3;606;475nm/510nm;WT_F16
55;H4;1132;475nm/510nm;WT_F16
55;H5;163;475nm/510nm;Mg_F16
55;H6;158;475nm/510nm;Mg_F16
55;H7;164;475nm/510nm;Mg_F16
55;H8;153;475nm/510nm;Mg_F16
55;H9;406;475nm/510nm;WT_noF16
55;H10;393;475nm/510nm;WT_noF16
55;H11;405;475nm/510nm;WT_noF16
55;H12;425;475nm/510nm;WT_noF16
56;A1;0.145899996;600nm;Mu
56;A2;0.144899994;600nm;Mu
56;A3;0.143099993;600nm;Mu
56;A4;0.156599998;600nm;Mu
56;A5;0.141599998;600nm;Mu
56;A6;0.146400005;600nm;Mu
56;A7;0.150600001;600nm;Mu
56;A8;0.162699997;600nm;Mu
56;A9;0.173099995;600nm;Mu
56;A10;0.172199994;600nm;Mu
56;A11;0.180099994;600nm;Mu
56;A12;0.207499996;600nm;Mu
56;B1;0.144500002;600nm;Mu
56;B2;0.151800007;600nm;Mu
56;B3;0.175899997;600nm;Mu
56;B4;0.168300003;600nm;Mu
56;B5;0.155499995;600nm;Mu
56;B6;0.144700006;600nm;Mu
56;B7;0.152999997;600nm;Mu
56;B8;0.156800002;600nm;Mu
56;B9;0.155699998;600nm;Mu
56;B10;0.160899997;600nm;Mu
56;B11;0.162200004;600nm;Mu
56;B12;0.171800002;600nm;Mu
56;C1;0.161400005;600nm;Mu
56;C2;0.241300002;600nm;Mu
56;C3;0.196999997;600nm;Mu
56;C4;0.207000002;600nm;Mu
56;C5;0.159500003;600nm;Mu
56;C6;0.190599993;600nm;Mu
56;C7;0.168699995;600nm;Mu
56;C8;0.181500003;600nm;Mu
56;C9;0.206200004;600nm;Mu
56;C10;0.171900004;600nm;Mu
56;C11;0.160999998;600nm;Mu
56;C12;0.1567;600nm;Mu
56;D1;0.146899998;600nm;Mu
56;D2;0.216800004;600nm;Mu
56;D3;0.178499997;600nm;Mu
56;D4;0.179399997;600nm;Mu
56;D5;0.174400002;600nm;Mu
56;D6;0.158299997;600nm;Mu
56;D7;0.148200005;600nm;Mu
56;D8;0.175899997;600nm;Mu
56;D9;0.185399994;600nm;Mu
56;D10;0.172299996;600nm;Mu
56;D11;0.146799996;600nm;Mu
56;D12;0.198500007;600nm;Mu
56;E1;0.138600007;600nm;Mu
56;E2;0.224800006;600nm;Mu
56;E3;0.173600003;600nm;Mu
56;E4;0.153099999;600nm;Mu
56;E5;0.180800006;600nm;Mu
56;E6;0.189700007;600nm;Mu
56;E7;0.191499993;600nm;Mu
56;E8;0.202500001;600nm;Mu
56;E9;0.192399994;600nm;Mu
56;E10;0.190699995;600nm;Mu
56;E11;0.177200004;600nm;Mu
56;E12;0.197099999;600nm;Mu
56;F1;0.140000001;600nm;Mu
56;F2;0.141599998;600nm;Mu
56;F3;0.144999996;600nm;Mu
56;F4;0.144099995;600nm;Mu
56;F5;0.1602;600nm;Mu
56;F6;0.161899999;600nm;Mu
56;F7;0.167799994;600nm;Mu
56;F8;0.178399995;600nm;Mu
56;F9;0.172800004;600nm;Mu
56;F10;0.185900003;600nm;Mu
56;F11;0.169100001;600nm;Mu
56;F12;0.201800004;600nm;Mu
56;G1;0.156000003;600nm;Mu
56;G2;0.158899993;600nm;Mu
56;G3;0.1778;600nm;Mu
56;G4;0.174099997;600nm;Mu
56;G5;0.155000001;600nm;Mu
56;G6;0.164299995;600nm;Mu
56;G7;0.159999996;600nm;Mu
56;G8;0.163900003;600nm;Mu
56;G9;0.177599996;600nm;Mu
56;G10;0.165399998;600nm;Mu
56;G11;0.168200001;600nm;Mu
56;G12;0.216499999;600nm;Mu
56;H1;0.167699993;600nm;WT_F16
56;H2;0.142800003;600nm;WT_F16
56;H3;0.142199993;600nm;WT_F16
56;H4;0.137099996;600nm;WT_F16
56;H5;0.082599998;600nm;Mg_F16
56;H6;0.082400002;600nm;Mg_F16
56;H7;0.082000002;600nm;Mg_F16
56;H8;0.083800003;600nm;Mg_F16
56;H9;0.1087;600nm;WT_noF16
56;H10;0.104199998;600nm;WT_noF16
56;H11;0.091300003;600nm;WT_noF16
56;H12;0.137999997;600nm;WT_noF16
56;A1;965;475nm/510nm;Mu
56;A2;982;475nm/510nm;Mu
56;A3;911;475nm/510nm;Mu
56;A4;1036;475nm/510nm;Mu
56;A5;883;475nm/510nm;Mu
56;A6;943;475nm/510nm;Mu
56;A7;957;475nm/510nm;Mu
56;A8;1004;475nm/510nm;Mu
56;A9;1080;475nm/510nm;Mu
56;A10;1466;475nm/510nm;Mu
56;A11;1117;475nm/510nm;Mu
56;A12;1241;475nm/510nm;Mu
56;B1;956;475nm/510nm;Mu
56;B2;948;475nm/510nm;Mu
56;B3;1062;475nm/510nm;Mu
56;B4;976;475nm/510nm;Mu
56;B5;906;475nm/510nm;Mu
56;B6;873;475nm/510nm;Mu
56;B7;932;475nm/510nm;Mu
56;B8;892;475nm/510nm;Mu
56;B9;915;475nm/510nm;Mu
56;B10;925;475nm/510nm;Mu
56;B11;964;475nm/510nm;Mu
56;B12;1002;475nm/510nm;Mu
56;C1;1314;475nm/510nm;Mu
56;C2;812;475nm/510nm;Mu
56;C3;737;475nm/510nm;Mu
56;C4;807;475nm/510nm;Mu
56;C5;960;475nm/510nm;Mu
56;C6;813;475nm/510nm;Mu
56;C7;827;475nm/510nm;Mu
56;C8;811;475nm/510nm;Mu
56;C9;938;475nm/510nm;Mu
56;C10;910;475nm/510nm;Mu
56;C11;957;475nm/510nm;Mu
56;C12;921;475nm/510nm;Mu
56;D1;986;475nm/510nm;Mu
56;D2;884;475nm/510nm;Mu
56;D3;808;475nm/510nm;Mu
56;D4;878;475nm/510nm;Mu
56;D5;831;475nm/510nm;Mu
56;D6;781;475nm/510nm;Mu
56;D7;840;475nm/510nm;Mu
56;D8;788;475nm/510nm;Mu
56;D9;820;475nm/510nm;Mu
56;D10;873;475nm/510nm;Mu
56;D11;892;475nm/510nm;Mu
56;D12;1226;475nm/510nm;Mu
56;E1;971;475nm/510nm;Mu
56;E2;782;475nm/510nm;Mu
56;E3;887;475nm/510nm;Mu
56;E4;921;475nm/510nm;Mu
56;E5;879;475nm/510nm;Mu
56;E6;947;475nm/510nm;Mu
56;E7;907;475nm/510nm;Mu
56;E8;919;475nm/510nm;Mu
56;E9;1025;475nm/510nm;Mu
56;E10;983;475nm/510nm;Mu
56;E11;982;475nm/510nm;Mu
56;E12;1221;475nm/510nm;Mu
56;F1;907;475nm/510nm;Mu
56;F2;876;475nm/510nm;Mu
56;F3;850;475nm/510nm;Mu
56;F4;859;475nm/510nm;Mu
56;F5;926;475nm/510nm;Mu
56;F6;825;475nm/510nm;Mu
56;F7;811;475nm/510nm;Mu
56;F8;970;475nm/510nm;Mu
56;F9;907;475nm/510nm;Mu
56;F10;1011;475nm/510nm;Mu
56;F11;993;475nm/510nm;Mu
56;F12;1228;475nm/510nm;Mu
56;G1;1111;475nm/510nm;Mu
56;G2;1086;475nm/510nm;Mu
56;G3;1042;475nm/510nm;Mu
56;G4;1057;475nm/510nm;Mu
56;G5;989;475nm/510nm;Mu
56;G6;1117;475nm/510nm;Mu
56;G7;1057;475nm/510nm;Mu
56;G8;1025;475nm/510nm;Mu
56;G9;1037;475nm/510nm;Mu
56;G10;934;475nm/510nm;Mu
56;G11;943;475nm/510nm;Mu
56;G12;1298;475nm/510nm;Mu
56;H1;1245;475nm/510nm;WT_F16
56;H2;849;475nm/510nm;WT_F16
56;H3;850;475nm/510nm;WT_F16
56;H4;864;475nm/510nm;WT_F16
56;H5;172;475nm/510nm;Mg_F16
56;H6;170;475nm/510nm;Mg_F16
56;H7;157;475nm/510nm;Mg_F16
56;H8;161;475nm/510nm;Mg_F16
56;H9;430;475nm/510nm;WT_noF16
56;H10;428;475nm/510nm;WT_noF16
56;H11;438;475nm/510nm;WT_noF16
56;H12;428;475nm/510nm;WT_noF16
57;A1;0.158700004;600nm;Mu
57;A2;0.152899995;600nm;Mu
57;A3;0.165800005;600nm;Mu
57;A4;0.157600001;600nm;Mu
57;A5;0.186100006;600nm;Mu
57;A6;0.160799995;600nm;Mu
57;A7;0.167099997;600nm;Mu
57;A8;0.169799998;600nm;Mu
57;A9;0.179199994;600nm;Mu
57;A10;0.191;600nm;Mu
57;A11;0.164299995;600nm;Mu
57;A12;0.181700006;600nm;Mu
57;B1;0.178000003;600nm;Mu
57;B2;0.167600006;600nm;Mu
57;B3;0.152500004;600nm;Mu
57;B4;0.153899997;600nm;Mu
57;B5;0.148499995;600nm;Mu
57;B6;0.153099999;600nm;Mu
57;B7;0.152999997;600nm;Mu
57;B8;0.151700005;600nm;Mu
57;B9;0.155000001;600nm;Mu
57;B10;0.138500005;600nm;Mu
57;B11;0.178499997;600nm;Mu
57;B12;0.175400004;600nm;Mu
57;C1;0.159400001;600nm;Mu
57;C2;0.139500007;600nm;Mu
57;C3;0.158399999;600nm;Mu
57;C4;0.149299994;600nm;Mu
57;C5;0.156000003;600nm;Mu
57;C6;0.156299993;600nm;Mu
57;C7;0.145300001;600nm;Mu
57;C8;0.164199993;600nm;Mu
57;C9;0.145300001;600nm;Mu
57;C10;0.146899998;600nm;Mu
57;C11;0.1479;600nm;Mu
57;C12;0.185800001;600nm;Mu
57;D1;0.160999998;600nm;Mu
57;D2;0.138400003;600nm;Mu
57;D3;0.152099997;600nm;Mu
57;D4;0.139699996;600nm;Mu
57;D5;0.177000001;600nm;Mu
57;D6;0.161599994;600nm;Mu
57;D7;0.123999998;600nm;Mu
57;D8;0.101999998;600nm;Mu
57;D9;0.263799995;600nm;Mu
57;D10;0.186800003;600nm;Mu
57;D11;0.150199994;600nm;Mu
57;D12;0.160799995;600nm;Mu
57;E1;0.137700006;600nm;Mu
57;E2;0.147200003;600nm;Mu
57;E3;0.151899993;600nm;Mu
57;E4;0.148000002;600nm;Mu
57;E5;0.150999993;600nm;Mu
57;E6;0.153799996;600nm;Mu
57;E7;0.1373;600nm;Mu
57;E8;0.155000001;600nm;Mu
57;E9;0.141800001;600nm;Mu
57;E10;0.143299997;600nm;Mu
57;E11;0.159700006;600nm;Mu
57;E12;0.186299995;600nm;Mu
57;F1;0.156399995;600nm;Mu
57;F2;0.1479;600nm;Mu
57;F3;0.1708;600nm;Mu
57;F4;0.170000002;600nm;Mu
57;F5;0.161699995;600nm;Mu
57;F6;0.143299997;600nm;Mu
57;F7;0.153200001;600nm;Mu
57;F8;0.152700007;600nm;Mu
57;F9;0.170000002;600nm;Mu
57;F10;0.160500005;600nm;Mu
57;F11;0.167999998;600nm;Mu
57;F12;0.192499995;600nm;Mu
57;G1;0.158899993;600nm;Mu
57;G2;0.148100004;600nm;Mu
57;G3;0.173800007;600nm;Mu
57;G4;0.158999994;600nm;Mu
57;G5;0.152600005;600nm;Mu
57;G6;0.171200007;600nm;Mu
57;G7;0.179100007;600nm;Mu
57;G8;0.155599996;600nm;Mu
57;G9;0.1866;600nm;Mu
57;G10;0.209700003;600nm;Mu
57;G11;0.159999996;600nm;Mu
57;G12;0.171599999;600nm;Mu
57;H1;0.137099996;600nm;WT_F16
57;H2;0.123400003;600nm;WT_F16
57;H3;0.1206;600nm;WT_F16
57;H4;0.128399998;600nm;WT_F16
57;H5;0.085000001;600nm;Mg_F16
57;H6;0.087200001;600nm;Mg_F16
57;H7;0.082699999;600nm;Mg_F16
57;H8;0.083899997;600nm;Mg_F16
57;H9;0.098099999;600nm;WT_noF16
57;H10;0.105499998;600nm;WT_noF16
57;H11;0.099600002;600nm;WT_noF16
57;H12;0.114500001;600nm;WT_noF16
57;A1;892;475nm/510nm;Mu
57;A2;912;475nm/510nm;Mu
57;A3;1031;475nm/510nm;Mu
57;A4;999;475nm/510nm;Mu
57;A5;1083;475nm/510nm;Mu
57;A6;1021;475nm/510nm;Mu
57;A7;1047;475nm/510nm;Mu
57;A8;1066;475nm/510nm;Mu
57;A9;1138;475nm/510nm;Mu
57;A10;1103;475nm/510nm;Mu
57;A11;1009;475nm/510nm;Mu
57;A12;987;475nm/510nm;Mu
57;B1;1051;475nm/510nm;Mu
57;B2;1031;475nm/510nm;Mu
57;B3;922;475nm/510nm;Mu
57;B4;875;475nm/510nm;Mu
57;B5;942;475nm/510nm;Mu
57;B6;842;475nm/510nm;Mu
57;B7;834;475nm/510nm;Mu
57;B8;954;475nm/510nm;Mu
57;B9;893;475nm/510nm;Mu
57;B10;844;475nm/510nm;Mu
57;B11;1105;475nm/510nm;Mu
57;B12;1101;475nm/510nm;Mu
57;C1;987;475nm/510nm;Mu
57;C2;892;475nm/510nm;Mu
57;C3;939;475nm/510nm;Mu
57;C4;977;475nm/510nm;Mu
57;C5;961;475nm/510nm;Mu
57;C6;865;475nm/510nm;Mu
57;C7;945;475nm/510nm;Mu
57;C8;1026;475nm/510nm;Mu
57;C9;946;475nm/510nm;Mu
57;C10;881;475nm/510nm;Mu
57;C11;890;475nm/510nm;Mu
57;C12;1100;475nm/510nm;Mu
57;D1;1051;475nm/510nm;Mu
57;D2;849;475nm/510nm;Mu
57;D3;850;475nm/510nm;Mu
57;D4;887;475nm/510nm;Mu
57;D5;882;475nm/510nm;Mu
57;D6;1006;475nm/510nm;Mu
57;D7;744;475nm/510nm;Mu
57;D8;453;475nm/510nm;Mu
57;D9;910;475nm/510nm;Mu
57;D10;868;475nm/510nm;Mu
57;D11;905;475nm/510nm;Mu
57;D12;950;475nm/510nm;Mu
57;E1;860;475nm/510nm;Mu
57;E2;1195;475nm/510nm;Mu
57;E3;780;475nm/510nm;Mu
57;E4;812;475nm/510nm;Mu
57;E5;823;475nm/510nm;Mu
57;E6;855;475nm/510nm;Mu
57;E7;792;475nm/510nm;Mu
57;E8;927;475nm/510nm;Mu
57;E9;882;475nm/510nm;Mu
57;E10;891;475nm/510nm;Mu
57;E11;937;475nm/510nm;Mu
57;E12;1145;475nm/510nm;Mu
57;F1;965;475nm/510nm;Mu
57;F2;850;475nm/510nm;Mu
57;F3;788;475nm/510nm;Mu
57;F4;811;475nm/510nm;Mu
57;F5;909;475nm/510nm;Mu
57;F6;838;475nm/510nm;Mu
57;F7;956;475nm/510nm;Mu
57;F8;893;475nm/510nm;Mu
57;F9;990;475nm/510nm;Mu
57;F10;996;475nm/510nm;Mu
57;F11;1002;475nm/510nm;Mu
57;F12;1135;475nm/510nm;Mu
57;G1;1017;475nm/510nm;Mu
57;G2;933;475nm/510nm;Mu
57;G3;971;475nm/510nm;Mu
57;G4;853;475nm/510nm;Mu
57;G5;922;475nm/510nm;Mu
57;G6;1100;475nm/510nm;Mu
57;G7;1042;475nm/510nm;Mu
57;G8;987;475nm/510nm;Mu
57;G9;1124;475nm/510nm;Mu
57;G10;1245;475nm/510nm;Mu
57;G11;974;475nm/510nm;Mu
57;G12;1017;475nm/510nm;Mu
57;H1;833;475nm/510nm;WT_F16
57;H2;737;475nm/510nm;WT_F16
57;H3;772;475nm/510nm;WT_F16
57;H4;758;475nm/510nm;WT_F16
57;H5;162;475nm/510nm;Mg_F16
57;H6;178;475nm/510nm;Mg_F16
57;H7;170;475nm/510nm;Mg_F16
57;H8;179;475nm/510nm;Mg_F16
57;H9;454;475nm/510nm;WT_noF16
57;H10;456;475nm/510nm;WT_noF16
57;H11;458;475nm/510nm;WT_noF16
57;H12;432;475nm/510nm;WT_noF16
58;A1;0.354499996;600nm;Mu
58;A2;0.323900014;600nm;Mu
58;A3;0.294;600nm;Mu
58;A4;0.239600003;600nm;Mu
58;A5;0.187000006;600nm;Mu
58;A6;0.179000005;600nm;Mu
58;A7;0.175699994;600nm;Mu
58;A8;0.172800004;600nm;Mu
58;A9;0.169599995;600nm;Mu
58;A10;0.167300001;600nm;Mu
58;A11;0.166999996;600nm;Mu
58;A12;0.192499995;600nm;Mu
58;B1;0.255199999;600nm;Mu
58;B2;0.173800007;600nm;Mu
58;B3;0.159799993;600nm;Mu
58;B4;0.157100007;600nm;Mu
58;B5;0.155399993;600nm;Mu
58;B6;0.155900002;600nm;Mu
58;B7;0.159600005;600nm;Mu
58;B8;0.1514;600nm;Mu
58;B9;0.159799993;600nm;Mu
58;B10;0.147799999;600nm;Mu
58;B11;0.153500006;600nm;Mu
58;B12;0.180600002;600nm;Mu
58;C1;0.262300014;600nm;Mu
58;C2;0.168400005;600nm;Mu
58;C3;0.159600005;600nm;Mu
58;C4;0.163399994;600nm;Mu
58;C5;0.147799999;600nm;Mu
58;C6;0.139599994;600nm;Mu
58;C7;0.144199997;600nm;Mu
58;C8;0.141499996;600nm;Mu
58;C9;0.145899996;600nm;Mu
58;C10;0.148200005;600nm;Mu
58;C11;0.151099995;600nm;Mu
58;C12;0.157700002;600nm;Mu
58;D1;0.204300001;600nm;Mu
58;D2;0.190599993;600nm;Mu
58;D3;0.1708;600nm;Mu
58;D4;0.169200003;600nm;Mu
58;D5;0.177300006;600nm;Mu
58;D6;0.142900005;600nm;Mu
58;D7;0.1567;600nm;Mu
58;D8;0.144800007;600nm;Mu
58;D9;0.151800007;600nm;Mu
58;D10;0.147799999;600nm;Mu
58;D11;0.145099998;600nm;Mu
58;D12;0.169200003;600nm;Mu
58;E1;0.208900005;600nm;Mu
58;E2;0.171599999;600nm;Mu
58;E3;0.177300006;600nm;Mu
58;E4;0.165000007;600nm;Mu
58;E5;0.160500005;600nm;Mu
58;E6;0.158999994;600nm;Mu
58;E7;0.151500002;600nm;Mu
58;E8;0.153300002;600nm;Mu
58;E9;0.171399996;600nm;Mu
58;E10;0.1461;600nm;Mu
58;E11;0.150800005;600nm;Mu
58;E12;0.188500002;600nm;Mu
58;F1;0.184200004;600nm;Mu
58;F2;0.173800007;600nm;Mu
58;F3;0.167199999;600nm;Mu
58;F4;0.150399998;600nm;Mu
58;F5;0.157700002;600nm;Mu
58;F6;0.140900001;600nm;Mu
58;F7;0.139899999;600nm;Mu
58;F8;0.148000002;600nm;Mu
58;F9;0.170599997;600nm;Mu
58;F10;0.141200006;600nm;Mu
58;F11;0.143399999;600nm;Mu
58;F12;0.142900005;600nm;Mu
58;G1;0.177000001;600nm;Mu
58;G2;0.188899994;600nm;Mu
58;G3;0.152099997;600nm;Mu
58;G4;0.154200003;600nm;Mu
58;G5;0.149700001;600nm;Mu
58;G6;0.147599995;600nm;Mu
58;G7;0.155599996;600nm;Mu
58;G8;0.148399994;600nm;Mu
58;G9;0.140499994;600nm;Mu
58;G10;0.148000002;600nm;Mu
58;G11;0.140200004;600nm;Mu
58;G12;0.155900002;600nm;Mu
58;H1;0.170200005;600nm;WT_F16
58;H2;0.141499996;600nm;WT_F16
58;H3;0.179499999;600nm;WT_F16
58;H4;0.141499996;600nm;WT_F16
58;H5;0.080799997;600nm;Mg_F16
58;H6;0.080799997;600nm;Mg_F16
58;H7;0.0814;600nm;Mg_F16
58;H8;0.083800003;600nm;Mg_F16
58;H9;0.094700001;600nm;WT_noF16
58;H10;0.098700002;600nm;WT_noF16
58;H11;0.107299998;600nm;WT_noF16
58;H12;0.142499998;600nm;WT_noF16
58;A1;804;475nm/510nm;Mu
58;A2;821;475nm/510nm;Mu
58;A3;888;475nm/510nm;Mu
58;A4;879;475nm/510nm;Mu
58;A5;877;475nm/510nm;Mu
58;A6;895;475nm/510nm;Mu
58;A7;836;475nm/510nm;Mu
58;A8;896;475nm/510nm;Mu
58;A9;883;475nm/510nm;Mu
58;A10;871;475nm/510nm;Mu
58;A11;913;475nm/510nm;Mu
58;A12;1132;475nm/510nm;Mu
58;B1;845;475nm/510nm;Mu
58;B2;836;475nm/510nm;Mu
58;B3;829;475nm/510nm;Mu
58;B4;893;475nm/510nm;Mu
58;B5;785;475nm/510nm;Mu
58;B6;832;475nm/510nm;Mu
58;B7;914;475nm/510nm;Mu
58;B8;818;475nm/510nm;Mu
58;B9;888;475nm/510nm;Mu
58;B10;815;475nm/510nm;Mu
58;B11;869;475nm/510nm;Mu
58;B12;900;475nm/510nm;Mu
58;C1;974;475nm/510nm;Mu
58;C2;881;475nm/510nm;Mu
58;C3;860;475nm/510nm;Mu
58;C4;1004;475nm/510nm;Mu
58;C5;863;475nm/510nm;Mu
58;C6;908;475nm/510nm;Mu
58;C7;923;475nm/510nm;Mu
58;C8;896;475nm/510nm;Mu
58;C9;879;475nm/510nm;Mu
58;C10;911;475nm/510nm;Mu
58;C11;892;475nm/510nm;Mu
58;C12;831;475nm/510nm;Mu
58;D1;889;475nm/510nm;Mu
58;D2;995;475nm/510nm;Mu
58;D3;969;475nm/510nm;Mu
58;D4;1021;475nm/510nm;Mu
58;D5;1877;475nm/510nm;Mu
58;D6;842;475nm/510nm;Mu
58;D7;967;475nm/510nm;Mu
58;D8;863;475nm/510nm;Mu
58;D9;960;475nm/510nm;Mu
58;D10;871;475nm/510nm;Mu
58;D11;791;475nm/510nm;Mu
58;D12;951;475nm/510nm;Mu
58;E1;1020;475nm/510nm;Mu
58;E2;928;475nm/510nm;Mu
58;E3;956;475nm/510nm;Mu
58;E4;985;475nm/510nm;Mu
58;E5;963;475nm/510nm;Mu
58;E6;996;475nm/510nm;Mu
58;E7;958;475nm/510nm;Mu
58;E8;921;475nm/510nm;Mu
58;E9;940;475nm/510nm;Mu
58;E10;921;475nm/510nm;Mu
58;E11;898;475nm/510nm;Mu
58;E12;1021;475nm/510nm;Mu
58;F1;952;475nm/510nm;Mu
58;F2;995;475nm/510nm;Mu
58;F3;916;475nm/510nm;Mu
58;F4;857;475nm/510nm;Mu
58;F5;925;475nm/510nm;Mu
58;F6;881;475nm/510nm;Mu
58;F7;917;475nm/510nm;Mu
58;F8;1361;475nm/510nm;Mu
58;F9;966;475nm/510nm;Mu
58;F10;1041;475nm/510nm;Mu
58;F11;877;475nm/510nm;Mu
58;F12;818;475nm/510nm;Mu
58;G1;895;475nm/510nm;Mu
58;G2;991;475nm/510nm;Mu
58;G3;866;475nm/510nm;Mu
58;G4;873;475nm/510nm;Mu
58;G5;932;475nm/510nm;Mu
58;G6;945;475nm/510nm;Mu
58;G7;951;475nm/510nm;Mu
58;G8;902;475nm/510nm;Mu
58;G9;843;475nm/510nm;Mu
58;G10;892;475nm/510nm;Mu
58;G11;805;475nm/510nm;Mu
58;G12;898;475nm/510nm;Mu
58;H1;797;475nm/510nm;WT_F16
58;H2;742;475nm/510nm;WT_F16
58;H3;840;475nm/510nm;WT_F16
58;H4;770;475nm/510nm;WT_F16
58;H5;167;475nm/510nm;Mg_F16
58;H6;175;475nm/510nm;Mg_F16
58;H7;182;475nm/510nm;Mg_F16
58;H8;184;475nm/510nm;Mg_F16
58;H9;448;475nm/510nm;WT_noF16
58;H10;441;475nm/510nm;WT_noF16
58;H11;463;475nm/510nm;WT_noF16
58;H12;432;475nm/510nm;WT_noF16
59;A1;0.176499993;600nm;Mu
59;A2;0.172999993;600nm;Mu
59;A3;0.164800003;600nm;Mu
59;A4;0.161400005;600nm;Mu
59;A5;0.158500001;600nm;Mu
59;A6;0.157199994;600nm;Mu
59;A7;0.161699995;600nm;Mu
59;A8;0.155300006;600nm;Mu
59;A9;0.187000006;600nm;Mu
59;A10;0.159799993;600nm;Mu
59;A11;0.1611;600nm;Mu
59;A12;0.191300005;600nm;Mu
59;B1;0.149100006;600nm;Mu
59;B2;0.143900007;600nm;Mu
59;B3;0.141800001;600nm;Mu
59;B4;0.145799994;600nm;Mu
59;B5;0.145600006;600nm;Mu
59;B6;0.146699995;600nm;Mu
59;B7;0.139500007;600nm;Mu
59;B8;0.138600007;600nm;Mu
59;B9;0.143800005;600nm;Mu
59;B10;0.143299997;600nm;Mu
59;B11;0.147100002;600nm;Mu
59;B12;0.159799993;600nm;Mu
59;C1;0.142100006;600nm;Mu
59;C2;0.140400007;600nm;Mu
59;C3;0.136800006;600nm;Mu
59;C4;0.147699997;600nm;Mu
59;C5;0.147699997;600nm;Mu
59;C6;0.154699996;600nm;Mu
59;C7;0.150000006;600nm;Mu
59;C8;0.1558;600nm;Mu
59;C9;0.153999999;600nm;Mu
59;C10;0.149700001;600nm;Mu
59;C11;0.153899997;600nm;Mu
59;C12;0.166999996;600nm;Mu
59;D1;0.160799995;600nm;Mu
59;D2;0.148800001;600nm;Mu
59;D3;0.149499997;600nm;Mu
59;D4;0.150999993;600nm;Mu
59;D5;0.160699993;600nm;Mu
59;D6;0.157600001;600nm;Mu
59;D7;0.1567;600nm;Mu
59;D8;0.144199997;600nm;Mu
59;D9;0.1523;600nm;Mu
59;D10;0.155200005;600nm;Mu
59;D11;0.155200005;600nm;Mu
59;D12;0.168200001;600nm;Mu
59;E1;0.146200001;600nm;Mu
59;E2;0.140100002;600nm;Mu
59;E3;0.133300006;600nm;Mu
59;E4;0.136800006;600nm;Mu
59;E5;0.139699996;600nm;Mu
59;E6;0.142900005;600nm;Mu
59;E7;0.151500002;600nm;Mu
59;E8;0.150999993;600nm;Mu
59;E9;0.140300006;600nm;Mu
59;E10;0.1523;600nm;Mu
59;E11;0.160899997;600nm;Mu
59;E12;0.164000005;600nm;Mu
59;F1;0.146400005;600nm;Mu
59;F2;0.137899995;600nm;Mu
59;F3;0.160699993;600nm;Mu
59;F4;0.140000001;600nm;Mu
59;F5;0.155399993;600nm;Mu
59;F6;0.144600004;600nm;Mu
59;F7;0.140200004;600nm;Mu
59;F8;0.142800003;600nm;Mu
59;F9;0.152500004;600nm;Mu
59;F10;0.148300007;600nm;Mu
59;F11;0.143800005;600nm;Mu
59;F12;0.174600005;600nm;Mu
59;G1;0.165700004;600nm;Mu
59;G2;0.143700004;600nm;Mu
59;G3;0.150399998;600nm;Mu
59;G4;0.171800002;600nm;Mu
59;G5;0.159500003;600nm;Mu
59;G6;0.170100003;600nm;Mu
59;G7;0.175099999;600nm;Mu
59;G8;0.170200005;600nm;Mu
59;G9;0.153699994;600nm;Mu
59;G10;0.1734;600nm;Mu
59;G11;0.152600005;600nm;Mu
59;G12;0.193499997;600nm;Mu
59;H1;0.1131;600nm;WT_F16
59;H2;0.108000003;600nm;WT_F16
59;H3;0.122699998;600nm;WT_F16
59;H4;0.138999999;600nm;WT_F16
59;H5;0.080799997;600nm;Mg_F16
59;H6;0.0814;600nm;Mg_F16
59;H7;0.082099997;600nm;Mg_F16
59;H8;0.0801;600nm;Mg_F16
59;H9;0.098999999;600nm;WT_noF16
59;H10;0.092500001;600nm;WT_noF16
59;H11;0.088699996;600nm;WT_noF16
59;H12;0.1259;600nm;WT_noF16
59;A1;1159;475nm/510nm;Mu
59;A2;990;475nm/510nm;Mu
59;A3;997;475nm/510nm;Mu
59;A4;1057;475nm/510nm;Mu
59;A5;964;475nm/510nm;Mu
59;A6;868;475nm/510nm;Mu
59;A7;974;475nm/510nm;Mu
59;A8;880;475nm/510nm;Mu
59;A9;1204;475nm/510nm;Mu
59;A10;885;475nm/510nm;Mu
59;A11;883;475nm/510nm;Mu
59;A12;2019;475nm/510nm;Mu
59;B1;877;475nm/510nm;Mu
59;B2;838;475nm/510nm;Mu
59;B3;863;475nm/510nm;Mu
59;B4;881;475nm/510nm;Mu
59;B5;888;475nm/510nm;Mu
59;B6;926;475nm/510nm;Mu
59;B7;841;475nm/510nm;Mu
59;B8;795;475nm/510nm;Mu
59;B9;830;475nm/510nm;Mu
59;B10;823;475nm/510nm;Mu
59;B11;1085;475nm/510nm;Mu
59;B12;897;475nm/510nm;Mu
59;C1;856;475nm/510nm;Mu
59;C2;844;475nm/510nm;Mu
59;C3;801;475nm/510nm;Mu
59;C4;888;475nm/510nm;Mu
59;C5;919;475nm/510nm;Mu
59;C6;955;475nm/510nm;Mu
59;C7;854;475nm/510nm;Mu
59;C8;885;475nm/510nm;Mu
59;C9;870;475nm/510nm;Mu
59;C10;853;475nm/510nm;Mu
59;C11;878;475nm/510nm;Mu
59;C12;941;475nm/510nm;Mu
59;D1;969;475nm/510nm;Mu
59;D2;924;475nm/510nm;Mu
59;D3;951;475nm/510nm;Mu
59;D4;968;475nm/510nm;Mu
59;D5;935;475nm/510nm;Mu
59;D6;1091;475nm/510nm;Mu
59;D7;927;475nm/510nm;Mu
59;D8;835;475nm/510nm;Mu
59;D9;881;475nm/510nm;Mu
59;D10;861;475nm/510nm;Mu
59;D11;875;475nm/510nm;Mu
59;D12;934;475nm/510nm;Mu
59;E1;887;475nm/510nm;Mu
59;E2;742;475nm/510nm;Mu
59;E3;793;475nm/510nm;Mu
59;E4;850;475nm/510nm;Mu
59;E5;852;475nm/510nm;Mu
59;E6;833;475nm/510nm;Mu
59;E7;931;475nm/510nm;Mu
59;E8;892;475nm/510nm;Mu
59;E9;836;475nm/510nm;Mu
59;E10;819;475nm/510nm;Mu
59;E11;820;475nm/510nm;Mu
59;E12;940;475nm/510nm;Mu
59;F1;893;475nm/510nm;Mu
59;F2;850;475nm/510nm;Mu
59;F3;919;475nm/510nm;Mu
59;F4;835;475nm/510nm;Mu
59;F5;1005;475nm/510nm;Mu
59;F6;901;475nm/510nm;Mu
59;F7;873;475nm/510nm;Mu
59;F8;846;475nm/510nm;Mu
59;F9;890;475nm/510nm;Mu
59;F10;870;475nm/510nm;Mu
59;F11;827;475nm/510nm;Mu
59;F12;929;475nm/510nm;Mu
59;G1;1361;475nm/510nm;Mu
59;G2;903;475nm/510nm;Mu
59;G3;926;475nm/510nm;Mu
59;G4;1048;475nm/510nm;Mu
59;G5;1022;475nm/510nm;Mu
59;G6;1066;475nm/510nm;Mu
59;G7;1089;475nm/510nm;Mu
59;G8;1065;475nm/510nm;Mu
59;G9;900;475nm/510nm;Mu
59;G10;1026;475nm/510nm;Mu
59;G11;905;475nm/510nm;Mu
59;G12;1230;475nm/510nm;Mu
59;H1;736;475nm/510nm;WT_F16
59;H2;690;475nm/510nm;WT_F16
59;H3;703;475nm/510nm;WT_F16
59;H4;801;475nm/510nm;WT_F16
59;H5;166;475nm/510nm;Mg_F16
59;H6;174;475nm/510nm;Mg_F16
59;H7;163;475nm/510nm;Mg_F16
59;H8;165;475nm/510nm;Mg_F16
59;H9;426;475nm/510nm;WT_noF16
59;H10;431;475nm/510nm;WT_noF16
59;H11;450;475nm/510nm;WT_noF16
59;H12;429;475nm/510nm;WT_noF16
60;A1;0.128000006;600nm;Mu
60;A2;0.128199995;600nm;Mu
60;A3;0.131400004;600nm;Mu
60;A4;0.133900002;600nm;Mu
60;A5;0.137500003;600nm;Mu
60;A6;0.145799994;600nm;Mu
60;A7;0.150600001;600nm;Mu
60;A8;0.151899993;600nm;Mu
60;A9;0.162400007;600nm;Mu
60;A10;0.178100005;600nm;Mu
60;A11;0.157100007;600nm;Mu
60;A12;0.157299995;600nm;Mu
60;B1;0.153300002;600nm;Mu
60;B2;0.134000003;600nm;Mu
60;B3;0.134100005;600nm;Mu
60;B4;0.137700006;600nm;Mu
60;B5;0.136999995;600nm;Mu
60;B6;0.158600003;600nm;Mu
60;B7;0.136600003;600nm;Mu
60;B8;0.152199998;600nm;Mu
60;B9;0.184499994;600nm;Mu
60;B10;0.160899997;600nm;Mu
60;B11;0.171100006;600nm;Mu
60;B12;0.160799995;600nm;Mu
60;C1;0.127599999;600nm;Mu
60;C2;0.142700002;600nm;Mu
60;C3;0.137199998;600nm;Mu
60;C4;0.131999999;600nm;Mu
60;C5;0.140200004;600nm;Mu
60;C6;0.143299997;600nm;Mu
60;C7;0.143099993;600nm;Mu
60;C8;0.135100007;600nm;Mu
60;C9;0.139699996;600nm;Mu
60;C10;0.143700004;600nm;Mu
60;C11;0.176200002;600nm;Mu
60;C12;0.1426;600nm;Mu
60;D1;0.170000002;600nm;Mu
60;D2;0.137700006;600nm;Mu
60;D3;0.159500003;600nm;Mu
60;D4;0.137899995;600nm;Mu
60;D5;0.196099997;600nm;Mu
60;D6;0.171100006;600nm;Mu
60;D7;0.164800003;600nm;Mu
60;D8;0.151800007;600nm;Mu
60;D9;0.199399993;600nm;Mu
60;D10;0.135700002;600nm;Mu
60;D11;0.1373;600nm;Mu
60;D12;0.156299993;600nm;Mu
60;E1;0.174099997;600nm;Mu
60;E2;0.162599996;600nm;Mu
60;E3;0.165600002;600nm;Mu
60;E4;0.155599996;600nm;Mu
60;E5;0.148699999;600nm;Mu
60;E6;0.156800002;600nm;Mu
60;E7;0.157900006;600nm;Mu
60;E8;0.164100006;600nm;Mu
60;E9;0.170300007;600nm;Mu
60;E10;0.151299998;600nm;Mu
60;E11;0.143700004;600nm;Mu
60;E12;0.168799996;600nm;Mu
60;F1;0.129899994;600nm;Mu
60;F2;0.162100002;600nm;Mu
60;F3;0.159799993;600nm;Mu
60;F4;0.174899995;600nm;Mu
60;F5;0.154200003;600nm;Mu
60;F6;0.153300002;600nm;Mu
60;F7;0.1558;600nm;Mu
60;F8;0.148499995;600nm;Mu
60;F9;0.160699993;600nm;Mu
60;F10;0.159799993;600nm;Mu
60;F11;0.156100005;600nm;Mu
60;F12;0.200000003;600nm;Mu
60;G1;0.158299997;600nm;Mu
60;G2;0.159899995;600nm;Mu
60;G3;0.1743;600nm;Mu
60;G4;0.155599996;600nm;Mu
60;G5;0.157100007;600nm;Mu
60;G6;0.145699993;600nm;Mu
60;G7;0.149399996;600nm;Mu
60;G8;0.160699993;600nm;Mu
60;G9;0.158500001;600nm;Mu
60;G10;0.154300004;600nm;Mu
60;G11;0.159899995;600nm;Mu
60;G12;0.182500005;600nm;Mu
60;H1;0.315100014;600nm;WT_F16
60;H2;0.119199999;600nm;WT_F16
60;H3;0.1219;600nm;WT_F16
60;H4;0.115800001;600nm;WT_F16
60;H5;0.0836;600nm;Mg_F16
60;H6;0.087399997;600nm;Mg_F16
60;H7;0.0832;600nm;Mg_F16
60;H8;0.083099999;600nm;Mg_F16
60;H9;0.094899997;600nm;WT_noF16
60;H10;0.0995;600nm;WT_noF16
60;H11;0.1052;600nm;WT_noF16
60;H12;0.1479;600nm;WT_noF16
60;A1;816;475nm/510nm;Mu
60;A2;808;475nm/510nm;Mu
60;A3;830;475nm/510nm;Mu
60;A4;798;475nm/510nm;Mu
60;A5;822;475nm/510nm;Mu
60;A6;879;475nm/510nm;Mu
60;A7;946;475nm/510nm;Mu
60;A8;936;475nm/510nm;Mu
60;A9;1019;475nm/510nm;Mu
60;A10;1137;475nm/510nm;Mu
60;A11;917;475nm/510nm;Mu
60;A12;919;475nm/510nm;Mu
60;B1;817;475nm/510nm;Mu
60;B2;796;475nm/510nm;Mu
60;B3;798;475nm/510nm;Mu
60;B4;834;475nm/510nm;Mu
60;B5;774;475nm/510nm;Mu
60;B6;900;475nm/510nm;Mu
60;B7;773;475nm/510nm;Mu
60;B8;779;475nm/510nm;Mu
60;B9;838;475nm/510nm;Mu
60;B10;866;475nm/510nm;Mu
60;B11;926;475nm/510nm;Mu
60;B12;891;475nm/510nm;Mu
60;C1;780;475nm/510nm;Mu
60;C2;869;475nm/510nm;Mu
60;C3;822;475nm/510nm;Mu
60;C4;791;475nm/510nm;Mu
60;C5;829;475nm/510nm;Mu
60;C6;838;475nm/510nm;Mu
60;C7;838;475nm/510nm;Mu
60;C8;786;475nm/510nm;Mu
60;C9;810;475nm/510nm;Mu
60;C10;804;475nm/510nm;Mu
60;C11;852;475nm/510nm;Mu
60;C12;795;475nm/510nm;Mu
60;D1;828;475nm/510nm;Mu
60;D2;818;475nm/510nm;Mu
60;D3;905;475nm/510nm;Mu
60;D4;812;475nm/510nm;Mu
60;D5;840;475nm/510nm;Mu
60;D6;837;475nm/510nm;Mu
60;D7;869;475nm/510nm;Mu
60;D8;908;475nm/510nm;Mu
60;D9;892;475nm/510nm;Mu
60;D10;788;475nm/510nm;Mu
60;D11;807;475nm/510nm;Mu
60;D12;861;475nm/510nm;Mu
60;E1;1129;475nm/510nm;Mu
60;E2;977;475nm/510nm;Mu
60;E3;981;475nm/510nm;Mu
60;E4;948;475nm/510nm;Mu
60;E5;865;475nm/510nm;Mu
60;E6;996;475nm/510nm;Mu
60;E7;983;475nm/510nm;Mu
60;E8;1022;475nm/510nm;Mu
60;E9;929;475nm/510nm;Mu
60;E10;882;475nm/510nm;Mu
60;E11;820;475nm/510nm;Mu
60;E12;794;475nm/510nm;Mu
60;F1;829;475nm/510nm;Mu
60;F2;985;475nm/510nm;Mu
60;F3;931;475nm/510nm;Mu
60;F4;1086;475nm/510nm;Mu
60;F5;920;475nm/510nm;Mu
60;F6;881;475nm/510nm;Mu
60;F7;949;475nm/510nm;Mu
60;F8;919;475nm/510nm;Mu
60;F9;926;475nm/510nm;Mu
60;F10;968;475nm/510nm;Mu
60;F11;877;475nm/510nm;Mu
60;F12;1232;475nm/510nm;Mu
60;G1;1068;475nm/510nm;Mu
60;G2;902;475nm/510nm;Mu
60;G3;1059;475nm/510nm;Mu
60;G4;953;475nm/510nm;Mu
60;G5;984;475nm/510nm;Mu
60;G6;918;475nm/510nm;Mu
60;G7;958;475nm/510nm;Mu
60;G8;1000;475nm/510nm;Mu
60;G9;951;475nm/510nm;Mu
60;G10;915;475nm/510nm;Mu
60;G11;985;475nm/510nm;Mu
60;G12;1158;475nm/510nm;Mu
60;H1;742;475nm/510nm;WT_F16
60;H2;710;475nm/510nm;WT_F16
60;H3;757;475nm/510nm;WT_F16
60;H4;757;475nm/510nm;WT_F16
60;H5;173;475nm/510nm;Mg_F16
60;H6;185;475nm/510nm;Mg_F16
60;H7;170;475nm/510nm;Mg_F16
60;H8;167;475nm/510nm;Mg_F16
60;H9;461;475nm/510nm;WT_noF16
60;H10;466;475nm/510nm;WT_noF16
60;H11;463;475nm/510nm;WT_noF16
60;H12;460;475nm/510nm;WT_noF16
61;A1;0.138699993;600nm;Mu
61;A2;0.135900006;600nm;Mu
61;A3;0.135399997;600nm;Mu
61;A4;0.143099993;600nm;Mu
61;A5;0.145300001;600nm;Mu
61;A6;0.166199997;600nm;Mu
61;A7;0.134599999;600nm;Mu
61;A8;0.139899999;600nm;Mu
61;A9;0.150999993;600nm;Mu
61;A10;0.144500002;600nm;Mu
61;A11;0.157199994;600nm;Mu
61;A12;0.155000001;600nm;Mu
61;B1;0.144500002;600nm;Mu
61;B2;0.149599999;600nm;Mu
61;B3;0.140900001;600nm;Mu
61;B4;0.153099999;600nm;Mu
61;B5;0.1567;600nm;Mu
61;B6;0.135700002;600nm;Mu
61;B7;0.141299993;600nm;Mu
61;B8;0.148800001;600nm;Mu
61;B9;0.154699996;600nm;Mu
61;B10;0.146500006;600nm;Mu
61;B11;0.170499995;600nm;Mu
61;B12;0.144299999;600nm;Mu
61;C1;0.159199998;600nm;Mu
61;C2;0.145099998;600nm;Mu
61;C3;0.174899995;600nm;Mu
61;C4;0.1391;600nm;Mu
61;C5;0.1523;600nm;Mu
61;C6;0.144199997;600nm;Mu
61;C7;0.140100002;600nm;Mu
61;C8;0.148699999;600nm;Mu
61;C9;0.146200001;600nm;Mu
61;C10;0.152799994;600nm;Mu
61;C11;0.1514;600nm;Mu
61;C12;0.153799996;600nm;Mu
61;D1;0.137799993;600nm;Mu
61;D2;0.124200001;600nm;Mu
61;D3;0.135000005;600nm;Mu
61;D4;0.144299999;600nm;Mu
61;D5;0.144999996;600nm;Mu
61;D6;0.149200007;600nm;Mu
61;D7;0.136000007;600nm;Mu
61;D8;0.151099995;600nm;Mu
61;D9;0.147100002;600nm;Mu
61;D10;0.157399997;600nm;Mu
61;D11;0.172099993;600nm;Mu
61;D12;0.163000003;600nm;Mu
61;E1;0.156599998;600nm;Mu
61;E2;0.144400001;600nm;Mu
61;E3;0.157199994;600nm;Mu
61;E4;0.145799994;600nm;Mu
61;E5;0.140699998;600nm;Mu
61;E6;0.143800005;600nm;Mu
61;E7;0.143900007;600nm;Mu
61;E8;0.144600004;600nm;Mu
61;E9;0.150099993;600nm;Mu
61;E10;0.146599993;600nm;Mu
61;E11;0.151099995;600nm;Mu
61;E12;0.152700007;600nm;Mu
61;F1;0.163599998;600nm;Mu
61;F2;0.155200005;600nm;Mu
61;F3;0.1558;600nm;Mu
61;F4;0.158399999;600nm;Mu
61;F5;0.147200003;600nm;Mu
61;F6;0.162499994;600nm;Mu
61;F7;0.153899997;600nm;Mu
61;F8;0.166199997;600nm;Mu
61;F9;0.170000002;600nm;Mu
61;F10;0.179199994;600nm;Mu
61;F11;0.171200007;600nm;Mu
61;F12;0.167300001;600nm;Mu
61;G1;0.129600003;600nm;Mu
61;G2;0.1391;600nm;Mu
61;G3;0.137799993;600nm;Mu
61;G4;0.153999999;600nm;Mu
61;G5;0.128299996;600nm;Mu
61;G6;0.1373;600nm;Mu
61;G7;0.174500003;600nm;Mu
61;G8;0.138999999;600nm;Mu
61;G9;0.141900003;600nm;Mu
61;G10;0.146500006;600nm;Mu
61;G11;0.144600004;600nm;Mu
61;G12;0.1479;600nm;Mu
61;H1;0.125100002;600nm;WT_F16
61;H2;0.112999998;600nm;WT_F16
61;H3;0.118100002;600nm;WT_F16
61;H4;0.127299994;600nm;WT_F16
61;H5;0.081699997;600nm;Mg_F16
61;H6;0.081600003;600nm;Mg_F16
61;H7;0.083899997;600nm;Mg_F16
61;H8;0.083899997;600nm;Mg_F16
61;H9;0.097499996;600nm;WT_noF16
61;H10;0.104099996;600nm;WT_noF16
61;H11;0.098899998;600nm;WT_noF16
61;H12;0.146899998;600nm;WT_noF16
61;A1;839;475nm/510nm;Mu
61;A2;824;475nm/510nm;Mu
61;A3;780;475nm/510nm;Mu
61;A4;851;475nm/510nm;Mu
61;A5;822;475nm/510nm;Mu
61;A6;1694;475nm/510nm;Mu
61;A7;864;475nm/510nm;Mu
61;A8;882;475nm/510nm;Mu
61;A9;915;475nm/510nm;Mu
61;A10;863;475nm/510nm;Mu
61;A11;889;475nm/510nm;Mu
61;A12;945;475nm/510nm;Mu
61;B1;866;475nm/510nm;Mu
61;B2;849;475nm/510nm;Mu
61;B3;772;475nm/510nm;Mu
61;B4;858;475nm/510nm;Mu
61;B5;913;475nm/510nm;Mu
61;B6;701;475nm/510nm;Mu
61;B7;828;475nm/510nm;Mu
61;B8;881;475nm/510nm;Mu
61;B9;920;475nm/510nm;Mu
61;B10;814;475nm/510nm;Mu
61;B11;1064;475nm/510nm;Mu
61;B12;846;475nm/510nm;Mu
61;C1;991;475nm/510nm;Mu
61;C2;821;475nm/510nm;Mu
61;C3;1013;475nm/510nm;Mu
61;C4;801;475nm/510nm;Mu
61;C5;923;475nm/510nm;Mu
61;C6;873;475nm/510nm;Mu
61;C7;847;475nm/510nm;Mu
61;C8;900;475nm/510nm;Mu
61;C9;808;475nm/510nm;Mu
61;C10;867;475nm/510nm;Mu
61;C11;818;475nm/510nm;Mu
61;C12;880;475nm/510nm;Mu
61;D1;832;475nm/510nm;Mu
61;D2;761;475nm/510nm;Mu
61;D3;811;475nm/510nm;Mu
61;D4;834;475nm/510nm;Mu
61;D5;820;475nm/510nm;Mu
61;D6;868;475nm/510nm;Mu
61;D7;776;475nm/510nm;Mu
61;D8;868;475nm/510nm;Mu
61;D9;827;475nm/510nm;Mu
61;D10;870;475nm/510nm;Mu
61;D11;969;475nm/510nm;Mu
61;D12;940;475nm/510nm;Mu
61;E1;889;475nm/510nm;Mu
61;E2;847;475nm/510nm;Mu
61;E3;890;475nm/510nm;Mu
61;E4;840;475nm/510nm;Mu
61;E5;857;475nm/510nm;Mu
61;E6;833;475nm/510nm;Mu
61;E7;866;475nm/510nm;Mu
61;E8;822;475nm/510nm;Mu
61;E9;824;475nm/510nm;Mu
61;E10;899;475nm/510nm;Mu
61;E11;822;475nm/510nm;Mu
61;E12;834;475nm/510nm;Mu
61;F1;975;475nm/510nm;Mu
61;F2;901;475nm/510nm;Mu
61;F3;891;475nm/510nm;Mu
61;F4;923;475nm/510nm;Mu
61;F5;870;475nm/510nm;Mu
61;F6;938;475nm/510nm;Mu
61;F7;905;475nm/510nm;Mu
61;F8;996;475nm/510nm;Mu
61;F9;1023;475nm/510nm;Mu
61;F10;998;475nm/510nm;Mu
61;F11;983;475nm/510nm;Mu
61;F12;1022;475nm/510nm;Mu
61;G1;771;475nm/510nm;Mu
61;G2;798;475nm/510nm;Mu
61;G3;788;475nm/510nm;Mu
61;G4;925;475nm/510nm;Mu
61;G5;769;475nm/510nm;Mu
61;G6;829;475nm/510nm;Mu
61;G7;1394;475nm/510nm;Mu
61;G8;817;475nm/510nm;Mu
61;G9;830;475nm/510nm;Mu
61;G10;850;475nm/510nm;Mu
61;G11;828;475nm/510nm;Mu
61;G12;822;475nm/510nm;Mu
61;H1;812;475nm/510nm;WT_F16
61;H2;685;475nm/510nm;WT_F16
61;H3;735;475nm/510nm;WT_F16
61;H4;915;475nm/510nm;WT_F16
61;H5;164;475nm/510nm;Mg_F16
61;H6;167;475nm/510nm;Mg_F16
61;H7;163;475nm/510nm;Mg_F16
61;H8;165;475nm/510nm;Mg_F16
61;H9;463;475nm/510nm;WT_noF16
61;H10;462;475nm/510nm;WT_noF16
61;H11;472;475nm/510nm;WT_noF16
61;H12;459;475nm/510nm;WT_noF16
62;A1;0.134800002;600nm;Mu
62;A2;0.135399997;600nm;Mu
62;A3;0.145999998;600nm;Mu
62;A4;0.140599996;600nm;Mu
62;A5;0.136999995;600nm;Mu
62;A6;0.145300001;600nm;Mu
62;A7;0.1329;600nm;Mu
62;A8;0.138300002;600nm;Mu
62;A9;0.148100004;600nm;Mu
62;A10;0.144400001;600nm;Mu
62;A11;0.143800005;600nm;Mu
62;A12;0.157499999;600nm;Mu
62;B1;0.142499998;600nm;Mu
62;B2;0.145400003;600nm;Mu
62;B3;0.147;600nm;Mu
62;B4;0.1523;600nm;Mu
62;B5;0.150800005;600nm;Mu
62;B6;0.145500004;600nm;Mu
62;B7;0.143399999;600nm;Mu
62;B8;0.151999995;600nm;Mu
62;B9;0.165399998;600nm;Mu
62;B10;0.150700003;600nm;Mu
62;B11;0.177200004;600nm;Mu
62;B12;0.179499999;600nm;Mu
62;C1;0.109700002;600nm;Mu
62;C2;0.135900006;600nm;Mu
62;C3;0.160600007;600nm;Mu
62;C4;0.142399997;600nm;Mu
62;C5;0.134800002;600nm;Mu
62;C6;0.137099996;600nm;Mu
62;C7;0.143099993;600nm;Mu
62;C8;0.140900001;600nm;Mu
62;C9;0.150199994;600nm;Mu
62;C10;0.140699998;600nm;Mu
62;C11;0.144899994;600nm;Mu
62;C12;0.149299994;600nm;Mu
62;D1;0.154799998;600nm;Mu
62;D2;0.146699995;600nm;Mu
62;D3;0.140400007;600nm;Mu
62;D4;0.140499994;600nm;Mu
62;D5;0.141000003;600nm;Mu
62;D6;0.149700001;600nm;Mu
62;D7;0.148200005;600nm;Mu
62;D8;0.161300004;600nm;Mu
62;D9;0.155100003;600nm;Mu
62;D10;0.146300003;600nm;Mu
62;D11;0.151800007;600nm;Mu
62;D12;0.163599998;600nm;Mu
62;E1;0.151199996;600nm;Mu
62;E2;0.156299993;600nm;Mu
62;E3;0.149200007;600nm;Mu
62;E4;0.149299994;600nm;Mu
62;E5;0.141000003;600nm;Mu
62;E6;0.150199994;600nm;Mu
62;E7;0.142900005;600nm;Mu
62;E8;0.135700002;600nm;Mu
62;E9;0.144099995;600nm;Mu
62;E10;0.152500004;600nm;Mu
62;E11;0.151600003;600nm;Mu
62;E12;0.162100002;600nm;Mu
62;F1;0.167699993;600nm;Mu
62;F2;0.141499996;600nm;Mu
62;F3;0.150800005;600nm;Mu
62;F4;0.1391;600nm;Mu
62;F5;0.149399996;600nm;Mu
62;F6;0.142100006;600nm;Mu
62;F7;0.1391;600nm;Mu
62;F8;0.136199996;600nm;Mu
62;F9;0.136199996;600nm;Mu
62;F10;0.138600007;600nm;Mu
62;F11;0.141200006;600nm;Mu
62;F12;0.156299993;600nm;Mu
62;G1;0.147799999;600nm;Mu
62;G2;0.147799999;600nm;Mu
62;G3;0.155599996;600nm;Mu
62;G4;0.156499997;600nm;Mu
62;G5;0.165999994;600nm;Mu
62;G6;0.169699997;600nm;Mu
62;G7;0.156200007;600nm;Mu
62;G8;0.163000003;600nm;Mu
62;G9;0.158399999;600nm;Mu
62;G10;0.1611;600nm;Mu
62;G11;0.165800005;600nm;Mu
62;G12;0.166700006;600nm;Mu
62;H1;0.120200001;600nm;WT_F16
62;H2;0.117200002;600nm;WT_F16
62;H3;0.121399999;600nm;WT_F16
62;H4;0.129899994;600nm;WT_F16
62;H5;0.080799997;600nm;Mg_F16
62;H6;0.080899999;600nm;Mg_F16
62;H7;0.081900001;600nm;Mg_F16
62;H8;0.256700009;600nm;Mg_F16
62;H9;0.106700003;600nm;WT_noF16
62;H10;0.105899997;600nm;WT_noF16
62;H11;0.114500001;600nm;WT_noF16
62;H12;0.154499993;600nm;WT_noF16
62;A1;858;475nm/510nm;Mu
62;A2;802;475nm/510nm;Mu
62;A3;820;475nm/510nm;Mu
62;A4;798;475nm/510nm;Mu
62;A5;778;475nm/510nm;Mu
62;A6;824;475nm/510nm;Mu
62;A7;789;475nm/510nm;Mu
62;A8;830;475nm/510nm;Mu
62;A9;833;475nm/510nm;Mu
62;A10;837;475nm/510nm;Mu
62;A11;839;475nm/510nm;Mu
62;A12;1028;475nm/510nm;Mu
62;B1;882;475nm/510nm;Mu
62;B2;879;475nm/510nm;Mu
62;B3;901;475nm/510nm;Mu
62;B4;1001;475nm/510nm;Mu
62;B5;911;475nm/510nm;Mu
62;B6;836;475nm/510nm;Mu
62;B7;850;475nm/510nm;Mu
62;B8;876;475nm/510nm;Mu
62;B9;979;475nm/510nm;Mu
62;B10;902;475nm/510nm;Mu
62;B11;1044;475nm/510nm;Mu
62;B12;1119;475nm/510nm;Mu
62;C1;563;475nm/510nm;Mu
62;C2;787;475nm/510nm;Mu
62;C3;1054;475nm/510nm;Mu
62;C4;809;475nm/510nm;Mu
62;C5;810;475nm/510nm;Mu
62;C6;806;475nm/510nm;Mu
62;C7;791;475nm/510nm;Mu
62;C8;1053;475nm/510nm;Mu
62;C9;897;475nm/510nm;Mu
62;C10;795;475nm/510nm;Mu
62;C11;826;475nm/510nm;Mu
62;C12;883;475nm/510nm;Mu
62;D1;916;475nm/510nm;Mu
62;D2;867;475nm/510nm;Mu
62;D3;830;475nm/510nm;Mu
62;D4;844;475nm/510nm;Mu
62;D5;857;475nm/510nm;Mu
62;D6;861;475nm/510nm;Mu
62;D7;886;475nm/510nm;Mu
62;D8;977;475nm/510nm;Mu
62;D9;910;475nm/510nm;Mu
62;D10;893;475nm/510nm;Mu
62;D11;867;475nm/510nm;Mu
62;D12;931;475nm/510nm;Mu
62;E1;898;475nm/510nm;Mu
62;E2;854;475nm/510nm;Mu
62;E3;871;475nm/510nm;Mu
62;E4;904;475nm/510nm;Mu
62;E5;829;475nm/510nm;Mu
62;E6;911;475nm/510nm;Mu
62;E7;821;475nm/510nm;Mu
62;E8;836;475nm/510nm;Mu
62;E9;841;475nm/510nm;Mu
62;E10;897;475nm/510nm;Mu
62;E11;868;475nm/510nm;Mu
62;E12;970;475nm/510nm;Mu
62;F1;1051;475nm/510nm;Mu
62;F2;842;475nm/510nm;Mu
62;F3;987;475nm/510nm;Mu
62;F4;799;475nm/510nm;Mu
62;F5;873;475nm/510nm;Mu
62;F6;818;475nm/510nm;Mu
62;F7;835;475nm/510nm;Mu
62;F8;809;475nm/510nm;Mu
62;F9;801;475nm/510nm;Mu
62;F10;773;475nm/510nm;Mu
62;F11;876;475nm/510nm;Mu
62;F12;845;475nm/510nm;Mu
62;G1;939;475nm/510nm;Mu
62;G2;877;475nm/510nm;Mu
62;G3;921;475nm/510nm;Mu
62;G4;1007;475nm/510nm;Mu
62;G5;1058;475nm/510nm;Mu
62;G6;983;475nm/510nm;Mu
62;G7;949;475nm/510nm;Mu
62;G8;1047;475nm/510nm;Mu
62;G9;987;475nm/510nm;Mu
62;G10;1042;475nm/510nm;Mu
62;G11;983;475nm/510nm;Mu
62;G12;1025;475nm/510nm;Mu
62;H1;725;475nm/510nm;WT_F16
62;H2;711;475nm/510nm;WT_F16
62;H3;690;475nm/510nm;WT_F16
62;H4;755;475nm/510nm;WT_F16
62;H5;168;475nm/510nm;Mg_F16
62;H6;168;475nm/510nm;Mg_F16
62;H7;172;475nm/510nm;Mg_F16
62;H8;161;475nm/510nm;Mg_F16
62;H9;459;475nm/510nm;WT_noF16
62;H10;465;475nm/510nm;WT_noF16
62;H11;456;475nm/510nm;WT_noF16
62;H12;453;475nm/510nm;WT_noF16
63;A1;0.086800002;600nm;Mu
63;A2;0.141800001;600nm;Mu
63;A3;0.130099997;600nm;Mu
63;A4;0.132100001;600nm;Mu
63;A5;0.202999994;600nm;Mu
63;A6;0.1373;600nm;Mu
63;A7;0.195999995;600nm;Mu
63;A8;0.148499995;600nm;Mu
63;A9;0.158199996;600nm;Mu
63;A10;0.176899999;600nm;Mu
63;A11;0.181600004;600nm;Mu
63;A12;0.171499997;600nm;Mu
63;B1;0.166700006;600nm;Mu
63;B2;0.1664;600nm;Mu
63;B3;0.160899997;600nm;Mu
63;B4;0.154200003;600nm;Mu
63;B5;0.158600003;600nm;Mu
63;B6;0.155399993;600nm;Mu
63;B7;0.155000001;600nm;Mu
63;B8;0.153699994;600nm;Mu
63;B9;0.158399999;600nm;Mu
63;B10;0.157399997;600nm;Mu
63;B11;0.158399999;600nm;Mu
63;B12;0.181500003;600nm;Mu
63;C1;0.098700002;600nm;Mu
63;C2;0.144299999;600nm;Mu
63;C3;0.148599997;600nm;Mu
63;C4;0.155699998;600nm;Mu
63;C5;0.133900002;600nm;Mu
63;C6;0.141800001;600nm;Mu
63;C7;0.144999996;600nm;Mu
63;C8;0.151999995;600nm;Mu
63;C9;0.198300004;600nm;Mu
63;C10;0.139400005;600nm;Mu
63;C11;0.153899997;600nm;Mu
63;C12;0.150199994;600nm;Mu
63;D1;0.1602;600nm;Mu
63;D2;0.171700001;600nm;Mu
63;D3;0.163599998;600nm;Mu
63;D4;0.168599993;600nm;Mu
63;D5;0.149499997;600nm;Mu
63;D6;0.163100004;600nm;Mu
63;D7;0.162499994;600nm;Mu
63;D8;0.255699992;600nm;Mu
63;D9;0.158199996;600nm;Mu
63;D10;0.165800005;600nm;Mu
63;D11;0.176899999;600nm;Mu
63;D12;0.176699996;600nm;Mu
63;E1;0.167199999;600nm;Mu
63;E2;0.1602;600nm;Mu
63;E3;0.1505;600nm;Mu
63;E4;0.149700001;600nm;Mu
63;E5;0.141000003;600nm;Mu
63;E6;0.145799994;600nm;Mu
63;E7;0.145999998;600nm;Mu
63;E8;0.174600005;600nm;Mu
63;E9;0.146500006;600nm;Mu
63;E10;0.151700005;600nm;Mu
63;E11;0.143299997;600nm;Mu
63;E12;0.157199994;600nm;Mu
63;F1;0.140900001;600nm;Mu
63;F2;0.136700004;600nm;Mu
63;F3;0.141299993;600nm;Mu
63;F4;0.147100002;600nm;Mu
63;F5;0.148200005;600nm;Mu
63;F6;0.159799993;600nm;Mu
63;F7;0.136899993;600nm;Mu
63;F8;0.144800007;600nm;Mu
63;F9;0.176499993;600nm;Mu
63;F10;0.157900006;600nm;Mu
63;F11;0.154499993;600nm;Mu
63;F12;0.195099995;600nm;Mu
63;G1;0.191;600nm;Mu
63;G2;0.146400005;600nm;Mu
63;G3;0.156200007;600nm;Mu
63;G4;0.142100006;600nm;Mu
63;G5;0.143000007;600nm;Mu
63;G6;0.213799998;600nm;Mu
63;G7;0.149000004;600nm;Mu
63;G8;0.211400002;600nm;Mu
63;G9;0.155100003;600nm;Mu
63;G10;0.161799997;600nm;Mu
63;G11;0.163399994;600nm;Mu
63;G12;0.177100003;600nm;Mu
63;H1;0.120999999;600nm;WT_F16
63;H2;0.131600007;600nm;WT_F16
63;H3;0.116400003;600nm;WT_F16
63;H4;0.122900002;600nm;WT_F16
63;H5;0.488599986;600nm;Mg_F16
63;H6;0.0867;600nm;Mg_F16
63;H7;0.090000004;600nm;Mg_F16
63;H8;0.253800005;600nm;Mg_F16
63;H9;0.1087;600nm;WT_noF16
63;H10;0.1039;600nm;WT_noF16
63;H11;0.108800001;600nm;WT_noF16
63;H12;0.114799999;600nm;WT_noF16
63;A1;165;475nm/510nm;Mu
63;A2;807;475nm/510nm;Mu
63;A3;805;475nm/510nm;Mu
63;A4;782;475nm/510nm;Mu
63;A5;1000;475nm/510nm;Mu
63;A6;801;475nm/510nm;Mu
63;A7;848;475nm/510nm;Mu
63;A8;889;475nm/510nm;Mu
63;A9;882;475nm/510nm;Mu
63;A10;1042;475nm/510nm;Mu
63;A11;1137;475nm/510nm;Mu
63;A12;1070;475nm/510nm;Mu
63;B1;979;475nm/510nm;Mu
63;B2;951;475nm/510nm;Mu
63;B3;928;475nm/510nm;Mu
63;B4;865;475nm/510nm;Mu
63;B5;859;475nm/510nm;Mu
63;B6;909;475nm/510nm;Mu
63;B7;894;475nm/510nm;Mu
63;B8;818;475nm/510nm;Mu
63;B9;888;475nm/510nm;Mu
63;B10;845;475nm/510nm;Mu
63;B11;925;475nm/510nm;Mu
63;B12;1020;475nm/510nm;Mu
63;C1;619;475nm/510nm;Mu
63;C2;803;475nm/510nm;Mu
63;C3;815;475nm/510nm;Mu
63;C4;851;475nm/510nm;Mu
63;C5;707;475nm/510nm;Mu
63;C6;751;475nm/510nm;Mu
63;C7;823;475nm/510nm;Mu
63;C8;829;475nm/510nm;Mu
63;C9;833;475nm/510nm;Mu
63;C10;728;475nm/510nm;Mu
63;C11;849;475nm/510nm;Mu
63;C12;866;475nm/510nm;Mu
63;D1;1000;475nm/510nm;Mu
63;D2;1071;475nm/510nm;Mu
63;D3;907;475nm/510nm;Mu
63;D4;1278;475nm/510nm;Mu
63;D5;824;475nm/510nm;Mu
63;D6;896;475nm/510nm;Mu
63;D7;980;475nm/510nm;Mu
63;D8;927;475nm/510nm;Mu
63;D9;882;475nm/510nm;Mu
63;D10;927;475nm/510nm;Mu
63;D11;1048;475nm/510nm;Mu
63;D12;1079;475nm/510nm;Mu
63;E1;929;475nm/510nm;Mu
63;E2;921;475nm/510nm;Mu
63;E3;823;475nm/510nm;Mu
63;E4;799;475nm/510nm;Mu
63;E5;783;475nm/510nm;Mu
63;E6;804;475nm/510nm;Mu
63;E7;805;475nm/510nm;Mu
63;E8;771;475nm/510nm;Mu
63;E9;804;475nm/510nm;Mu
63;E10;837;475nm/510nm;Mu
63;E11;756;475nm/510nm;Mu
63;E12;931;475nm/510nm;Mu
63;F1;795;475nm/510nm;Mu
63;F2;751;475nm/510nm;Mu
63;F3;768;475nm/510nm;Mu
63;F4;764;475nm/510nm;Mu
63;F5;781;475nm/510nm;Mu
63;F6;943;475nm/510nm;Mu
63;F7;763;475nm/510nm;Mu
63;F8;853;475nm/510nm;Mu
63;F9;1002;475nm/510nm;Mu
63;F10;909;475nm/510nm;Mu
63;F11;869;475nm/510nm;Mu
63;F12;903;475nm/510nm;Mu
63;G1;1299;475nm/510nm;Mu
63;G2;793;475nm/510nm;Mu
63;G3;880;475nm/510nm;Mu
63;G4;769;475nm/510nm;Mu
63;G5;799;475nm/510nm;Mu
63;G6;945;475nm/510nm;Mu
63;G7;842;475nm/510nm;Mu
63;G8;1029;475nm/510nm;Mu
63;G9;913;475nm/510nm;Mu
63;G10;887;475nm/510nm;Mu
63;G11;975;475nm/510nm;Mu
63;G12;1080;475nm/510nm;Mu
63;H1;758;475nm/510nm;WT_F16
63;H2;788;475nm/510nm;WT_F16
63;H3;687;475nm/510nm;WT_F16
63;H4;743;475nm/510nm;WT_F16
63;H5;131;475nm/510nm;Mg_F16
63;H6;171;475nm/510nm;Mg_F16
63;H7;169;475nm/510nm;Mg_F16
63;H8;150;475nm/510nm;Mg_F16
63;H9;472;475nm/510nm;WT_noF16
63;H10;453;475nm/510nm;WT_noF16
63;H11;465;475nm/510nm;WT_noF16
63;H12;446;475nm/510nm;WT_noF16
64;A1;0.163699999;600nm;Mu
64;A2;0.172199994;600nm;Mu
64;A3;0.153699994;600nm;Mu
64;A4;0.148800001;600nm;Mu
64;A5;0.155599996;600nm;Mu
64;A6;0.157299995;600nm;Mu
64;A7;0.186900005;600nm;Mu
64;A8;0.173800007;600nm;Mu
64;A9;0.1822;600nm;Mu
64;A10;0.197600007;600nm;Mu
64;A11;0.193200007;600nm;Mu
64;A12;0.180800006;600nm;Mu
64;B1;0.142199993;600nm;Mu
64;B2;0.145300001;600nm;Mu
64;B3;0.139500007;600nm;Mu
64;B4;0.160799995;600nm;Mu
64;B5;0.139400005;600nm;Mu
64;B6;0.148599997;600nm;Mu
64;B7;0.154100001;600nm;Mu
64;B8;0.141399994;600nm;Mu
64;B9;0.146799996;600nm;Mu
64;B10;0.155699998;600nm;Mu
64;B11;0.164700001;600nm;Mu
64;B12;0.160500005;600nm;Mu
64;C1;0.161200002;600nm;Mu
64;C2;0.161599994;600nm;Mu
64;C3;0.166700006;600nm;Mu
64;C4;0.158999994;600nm;Mu
64;C5;0.096100003;600nm;Mu
64;C6;0.153200001;600nm;Mu
64;C7;0.164399996;600nm;Mu
64;C8;0.157000005;600nm;Mu
64;C9;0.167500004;600nm;Mu
64;C10;0.163699999;600nm;Mu
64;C11;0.168599993;600nm;Mu
64;C12;0.190099999;600nm;Mu
64;D1;0.164000005;600nm;Mu
64;D2;0.1558;600nm;Mu
64;D3;0.199200004;600nm;Mu
64;D4;0.152899995;600nm;Mu
64;D5;0.138099998;600nm;Mu
64;D6;0.140699998;600nm;Mu
64;D7;0.152799994;600nm;Mu
64;D8;0.152099997;600nm;Mu
64;D9;0.160699993;600nm;Mu
64;D10;0.158500001;600nm;Mu
64;D11;0.156599998;600nm;Mu
64;D12;0.151800007;600nm;Mu
64;E1;0.157000005;600nm;Mu
64;E2;0.161200002;600nm;Mu
64;E3;0.155900002;600nm;Mu
64;E4;0.152099997;600nm;Mu
64;E5;0.142000005;600nm;Mu
64;E6;0.158000007;600nm;Mu
64;E7;0.166600004;600nm;Mu
64;E8;0.176300004;600nm;Mu
64;E9;0.189400002;600nm;Mu
64;E10;0.200100005;600nm;Mu
64;E11;0.202700004;600nm;Mu
64;E12;0.231600001;600nm;Mu
64;F1;0.138099998;600nm;Mu
64;F2;0.152199998;600nm;Mu
64;F3;0.156200007;600nm;Mu
64;F4;0.158500001;600nm;Mu
64;F5;0.163900003;600nm;Mu
64;F6;0.186100006;600nm;Mu
64;F7;0.180199996;600nm;Mu
64;F8;0.178900003;600nm;Mu
64;F9;0.187099993;600nm;Mu
64;F10;0.201900005;600nm;Mu
64;F11;0.198599994;600nm;Mu
64;F12;0.180999994;600nm;Mu
64;G1;0.164499998;600nm;Mu
64;G2;0.149800003;600nm;Mu
64;G3;0.167600006;600nm;Mu
64;G4;0.156200007;600nm;Mu
64;G5;0.165299997;600nm;Mu
64;G6;0.163699999;600nm;Mu
64;G7;0.156399995;600nm;Mu
64;G8;0.167500004;600nm;Mu
64;G9;0.162100002;600nm;Mu
64;G10;0.176200002;600nm;Mu
64;G11;0.166700006;600nm;Mu
64;G12;0.184100002;600nm;Mu
64;H1;0.143999994;600nm;WT_F16
64;H2;0.1382;600nm;WT_F16
64;H3;0.153799996;600nm;WT_F16
64;H4;0.144099995;600nm;WT_F16
64;H5;0.090700001;600nm;Mg_F16
64;H6;0.083300002;600nm;Mg_F16
64;H7;0.083099999;600nm;Mg_F16
64;H8;0.086000003;600nm;Mg_F16
64;H9;0.124399997;600nm;WT_noF16
64;H10;0.127299994;600nm;WT_noF16
64;H11;0.130199999;600nm;WT_noF16
64;H12;0.157900006;600nm;WT_noF16
64;A1;989;475nm/510nm;Mu
64;A2;955;475nm/510nm;Mu
64;A3;942;475nm/510nm;Mu
64;A4;997;475nm/510nm;Mu
64;A5;1088;475nm/510nm;Mu
64;A6;955;475nm/510nm;Mu
64;A7;1091;475nm/510nm;Mu
64;A8;1102;475nm/510nm;Mu
64;A9;1172;475nm/510nm;Mu
64;A10;1179;475nm/510nm;Mu
64;A11;1216;475nm/510nm;Mu
64;A12;1155;475nm/510nm;Mu
64;B1;769;475nm/510nm;Mu
64;B2;817;475nm/510nm;Mu
64;B3;792;475nm/510nm;Mu
64;B4;844;475nm/510nm;Mu
64;B5;748;475nm/510nm;Mu
64;B6;825;475nm/510nm;Mu
64;B7;892;475nm/510nm;Mu
64;B8;806;475nm/510nm;Mu
64;B9;795;475nm/510nm;Mu
64;B10;794;475nm/510nm;Mu
64;B11;856;475nm/510nm;Mu
64;B12;998;475nm/510nm;Mu
64;C1;919;475nm/510nm;Mu
64;C2;959;475nm/510nm;Mu
64;C3;908;475nm/510nm;Mu
64;C4;887;475nm/510nm;Mu
64;C5;496;475nm/510nm;Mu
64;C6;904;475nm/510nm;Mu
64;C7;891;475nm/510nm;Mu
64;C8;962;475nm/510nm;Mu
64;C9;890;475nm/510nm;Mu
64;C10;844;475nm/510nm;Mu
64;C11;919;475nm/510nm;Mu
64;C12;1076;475nm/510nm;Mu
64;D1;1137;475nm/510nm;Mu
64;D2;941;475nm/510nm;Mu
64;D3;1034;475nm/510nm;Mu
64;D4;986;475nm/510nm;Mu
64;D5;760;475nm/510nm;Mu
64;D6;772;475nm/510nm;Mu
64;D7;890;475nm/510nm;Mu
64;D8;840;475nm/510nm;Mu
64;D9;851;475nm/510nm;Mu
64;D10;834;475nm/510nm;Mu
64;D11;864;475nm/510nm;Mu
64;D12;899;475nm/510nm;Mu
64;E1;800;475nm/510nm;Mu
64;E2;784;475nm/510nm;Mu
64;E3;909;475nm/510nm;Mu
64;E4;871;475nm/510nm;Mu
64;E5;728;475nm/510nm;Mu
64;E6;882;475nm/510nm;Mu
64;E7;895;475nm/510nm;Mu
64;E8;1040;475nm/510nm;Mu
64;E9;1092;475nm/510nm;Mu
64;E10;1112;475nm/510nm;Mu
64;E11;1194;475nm/510nm;Mu
64;E12;1527;475nm/510nm;Mu
64;F1;921;475nm/510nm;Mu
64;F2;875;475nm/510nm;Mu
64;F3;885;475nm/510nm;Mu
64;F4;850;475nm/510nm;Mu
64;F5;938;475nm/510nm;Mu
64;F6;1062;475nm/510nm;Mu
64;F7;1028;475nm/510nm;Mu
64;F8;1103;475nm/510nm;Mu
64;F9;1084;475nm/510nm;Mu
64;F10;1248;475nm/510nm;Mu
64;F11;1183;475nm/510nm;Mu
64;F12;1199;475nm/510nm;Mu
64;G1;1089;475nm/510nm;Mu
64;G2;883;475nm/510nm;Mu
64;G3;949;475nm/510nm;Mu
64;G4;884;475nm/510nm;Mu
64;G5;1063;475nm/510nm;Mu
64;G6;984;475nm/510nm;Mu
64;G7;917;475nm/510nm;Mu
64;G8;1023;475nm/510nm;Mu
64;G9;990;475nm/510nm;Mu
64;G10;1072;475nm/510nm;Mu
64;G11;1006;475nm/510nm;Mu
64;G12;1112;475nm/510nm;Mu
64;H1;837;475nm/510nm;WT_F16
64;H2;813;475nm/510nm;WT_F16
64;H3;977;475nm/510nm;WT_F16
64;H4;826;475nm/510nm;WT_F16
64;H5;206;475nm/510nm;Mg_F16
64;H6;165;475nm/510nm;Mg_F16
64;H7;166;475nm/510nm;Mg_F16
64;H8;162;475nm/510nm;Mg_F16
64;H9;462;475nm/510nm;WT_noF16
64;H10;463;475nm/510nm;WT_noF16
64;H11;464;475nm/510nm;WT_noF16
64;H12;461;475nm/510nm;WT_noF16
12;A1;0.178;600nm;Mu
12;A2;0.1193;600nm;Mu
12;A3;0.131;600nm;Mu
12;A4;0.1309;600nm;Mu
12;A5;0.12;600nm;Mu
12;A6;0.0968;600nm;Mu
12;A7;0.1262;600nm;Mu
12;A8;0.1364;600nm;Mu
12;A9;0.1698;600nm;Mu
12;A10;0.1809;600nm;Mu
12;A11;0.1829;600nm;Mu
12;A12;0.2122;600nm;Mu
12;B1;0.1525;600nm;Mu
12;B2;0.1576;600nm;Mu
12;B3;0.1639;600nm;Mu
12;B4;0.1418;600nm;Mu
12;B5;0.1394;600nm;Mu
12;B6;0.1524;600nm;Mu
12;B7;0.1429;600nm;Mu
12;B8;0.1612;600nm;Mu
12;B9;0.1452;600nm;Mu
12;B10;0.1391;600nm;Mu
12;B11;0.1495;600nm;Mu
12;B12;0.1906;600nm;Mu
12;C1;0.1929;600nm;Mu
12;C2;0.1395;600nm;Mu
12;C3;0.148;600nm;Mu
12;C4;0.147;600nm;Mu
12;C5;0.1404;600nm;Mu
12;C6;0.1225;600nm;Mu
12;C7;0.1377;600nm;Mu
12;C8;0.1299;600nm;Mu
12;C9;0.1317;600nm;Mu
12;C10;0.1374;600nm;Mu
12;C11;0.1548;600nm;Mu
12;C12;0.1576;600nm;Mu
12;D1;0.1423;600nm;Mu
12;D2;0.1673;600nm;Mu
12;D3;0.137;600nm;Mu
12;D4;0.1657;600nm;Mu
12;D5;0.1358;600nm;Mu
12;D6;0.1406;600nm;Mu
12;D7;0.1199;600nm;Mu
12;D8;0.1809;600nm;Mu
12;D9;0.133;600nm;Mu
12;D10;0.1469;600nm;Mu
12;D11;0.1467;600nm;Mu
12;D12;0.1582;600nm;Mu
12;E1;0.199;600nm;Mu
12;E2;0.1537;600nm;Mu
12;E3;0.1298;600nm;Mu
12;E4;0.13;600nm;Mu
12;E5;0.1392;600nm;Mu
12;E6;0.1406;600nm;Mu
12;E7;0.1292;600nm;Mu
12;E8;0.1258;600nm;Mu
12;E9;0.1403;600nm;Mu
12;E10;0.1624;600nm;Mu
12;E11;0.1424;600nm;Mu
12;E12;0.1854;600nm;Mu
12;F1;0.1798;600nm;Mu
12;F2;0.1573;600nm;Mu
12;F3;0.1786;600nm;Mu
12;F4;0.1797;600nm;Mu
12;F5;0.1703;600nm;Mu
12;F6;0.1584;600nm;Mu
12;F7;0.1396;600nm;Mu
12;F8;0.1446;600nm;Mu
12;F9;0.1584;600nm;Mu
12;F10;0.1661;600nm;Mu
12;F11;0.165;600nm;Mu
12;F12;0.1632;600nm;Mu
12;G1;0.167;600nm;Mu
12;G2;0.1774;600nm;Mu
12;G3;0.1935;600nm;Mu
12;G4;0.1991;600nm;Mu
12;G5;0.1641;600nm;Mu
12;G6;0.1966;600nm;Mu
12;G7;0.1592;600nm;Mu
12;G8;0.1632;600nm;Mu
12;G9;0.1682;600nm;Mu
12;G10;0.1873;600nm;Mu
12;G11;0.1624;600nm;Mu
12;G12;0.1726;600nm;Mu
12;H1;0.1444;600nm;WT_F16
12;H2;0.1409;600nm;WT_F16
12;H3;0.1449;600nm;WT_F16
12;H4;0.1486;600nm;WT_F16
12;H5;0.1144;600nm;Mg_F16
12;H6;0.0891;600nm;Mg_F16
12;H7;0.09;600nm;Mg_F16
12;H8;0.0876;600nm;Mg_F16
12;H9;0.1851;600nm;WT_noF16
12;H10;0.1862;600nm;WT_noF16
12;H11;0.1966;600nm;WT_noF16
12;H12;0.1947;600nm;WT_noF16
12;A1;1029;475nm/510nm;Mu
12;A2;667;475nm/510nm;Mu
12;A3;909;475nm/510nm;Mu
12;A4;718;475nm/510nm;Mu
12;A5;665;475nm/510nm;Mu
12;A6;582;475nm/510nm;Mu
12;A7;703;475nm/510nm;Mu
12;A8;912;475nm/510nm;Mu
12;A9;928;475nm/510nm;Mu
12;A10;985;475nm/510nm;Mu
12;A11;998;475nm/510nm;Mu
12;A12;1409;475nm/510nm;Mu
12;B1;804;475nm/510nm;Mu
12;B2;1038;475nm/510nm;Mu
12;B3;944;475nm/510nm;Mu
12;B4;753;475nm/510nm;Mu
12;B5;871;475nm/510nm;Mu
12;B6;853;475nm/510nm;Mu
12;B7;869;475nm/510nm;Mu
12;B8;1068;475nm/510nm;Mu
12;B9;794;475nm/510nm;Mu
12;B10;759;475nm/510nm;Mu
12;B11;829;475nm/510nm;Mu
12;B12;1060;475nm/510nm;Mu
12;C1;1067;475nm/510nm;Mu
12;C2;958;475nm/510nm;Mu
12;C3;649;475nm/510nm;Mu
12;C4;725;475nm/510nm;Mu
12;C5;679;475nm/510nm;Mu
12;C6;634;475nm/510nm;Mu
12;C7;815;475nm/510nm;Mu
12;C8;724;475nm/510nm;Mu
12;C9;807;475nm/510nm;Mu
12;C10;710;475nm/510nm;Mu
12;C11;827;475nm/510nm;Mu
12;C12;838;475nm/510nm;Mu
12;D1;707;475nm/510nm;Mu
12;D2;1077;475nm/510nm;Mu
12;D3;713;475nm/510nm;Mu
12;D4;795;475nm/510nm;Mu
12;D5;696;475nm/510nm;Mu
12;D6;946;475nm/510nm;Mu
12;D7;725;475nm/510nm;Mu
12;D8;1309;475nm/510nm;Mu
12;D9;682;475nm/510nm;Mu
12;D10;710;475nm/510nm;Mu
12;D11;1403;475nm/510nm;Mu
12;D12;933;475nm/510nm;Mu
12;E1;1297;475nm/510nm;Mu
12;E2;866;475nm/510nm;Mu
12;E3;682;475nm/510nm;Mu
12;E4;716;475nm/510nm;Mu
12;E5;716;475nm/510nm;Mu
12;E6;804;475nm/510nm;Mu
12;E7;627;475nm/510nm;Mu
12;E8;744;475nm/510nm;Mu
12;E9;708;475nm/510nm;Mu
12;E10;882;475nm/510nm;Mu
12;E11;684;475nm/510nm;Mu
12;E12;1344;475nm/510nm;Mu
12;F1;1055;475nm/510nm;Mu
12;F2;834;475nm/510nm;Mu
12;F3;966;475nm/510nm;Mu
12;F4;941;475nm/510nm;Mu
12;F5;857;475nm/510nm;Mu
12;F6;883;475nm/510nm;Mu
12;F7;875;475nm/510nm;Mu
12;F8;752;475nm/510nm;Mu
12;F9;928;475nm/510nm;Mu
12;F10;986;475nm/510nm;Mu
12;F11;954;475nm/510nm;Mu
12;F12;873;475nm/510nm;Mu
12;G1;992;475nm/510nm;Mu
12;G2;959;475nm/510nm;Mu
12;G3;997;475nm/510nm;Mu
12;G4;1252;475nm/510nm;Mu
12;G5;882;475nm/510nm;Mu
12;G6;1156;475nm/510nm;Mu
12;G7;860;475nm/510nm;Mu
12;G8;913;475nm/510nm;Mu
12;G9;963;475nm/510nm;Mu
12;G10;937;475nm/510nm;Mu
12;G11;898;475nm/510nm;Mu
12;G12;934;475nm/510nm;Mu
12;H1;752;475nm/510nm;WT_F16
12;H2;939;475nm/510nm;WT_F16
12;H3;827;475nm/510nm;WT_F16
12;H4;923;475nm/510nm;WT_F16
12;H5;259;475nm/510nm;Mg_F16
12;H6;187;475nm/510nm;Mg_F16
12;H7;186;475nm/510nm;Mg_F16
12;H8;207;475nm/510nm;Mg_F16
12;H9;389;475nm/510nm;WT_noF16
12;H10;383;475nm/510nm;WT_noF16
12;H11;400;475nm/510nm;WT_noF16
12;H12;404;475nm/510nm;WT_noF16
11;A1;0.1402;600nm;Mu
11;A2;0.1597;600nm;Mu
11;A3;0.1359;600nm;Mu
11;A4;0.1245;600nm;Mu
11;A5;0.1177;600nm;Mu
11;A6;0.1157;600nm;Mu
11;A7;0.111;600nm;Mu
11;A8;0.1175;600nm;Mu
11;A9;0.1218;600nm;Mu
11;A10;0.1287;600nm;Mu
11;A11;0.1465;600nm;Mu
11;A12;0.1582;600nm;Mu
11;B1;0.1366;600nm;Mu
11;B2;0.1482;600nm;Mu
11;B3;0.1298;600nm;Mu
11;B4;0.1598;600nm;Mu
11;B5;0.1236;600nm;Mu
11;B6;0.1202;600nm;Mu
11;B7;0.1172;600nm;Mu
11;B8;0.1194;600nm;Mu
11;B9;0.139;600nm;Mu
11;B10;0.1422;600nm;Mu
11;B11;0.1649;600nm;Mu
11;B12;0.183;600nm;Mu
11;C1;0.1273;600nm;Mu
11;C2;0.1445;600nm;Mu
11;C3;0.1572;600nm;Mu
11;C4;0.1824;600nm;Mu
11;C5;0.1305;600nm;Mu
11;C6;0.1009;600nm;Mu
11;C7;0.1032;600nm;Mu
11;C8;0.1146;600nm;Mu
11;C9;0.1202;600nm;Mu
11;C10;0.1396;600nm;Mu
11;C11;0.1334;600nm;Mu
11;C12;0.1492;600nm;Mu
11;D1;0.1306;600nm;Mu
11;D2;0.1219;600nm;Mu
11;D3;0.1016;600nm;Mu
11;D4;0.1093;600nm;Mu
11;D5;0.1088;600nm;Mu
11;D6;0.1111;600nm;Mu
11;D7;0.106;600nm;Mu
11;D8;0.1291;600nm;Mu
11;D9;0.1355;600nm;Mu
11;D10;0.1453;600nm;Mu
11;D11;0.1482;600nm;Mu
11;D12;0.1635;600nm;Mu
11;E1;0.1806;600nm;Mu
11;E2;0.1657;600nm;Mu
11;E3;0.1682;600nm;Mu
11;E4;0.1686;600nm;Mu
11;E5;0.1421;600nm;Mu
11;E6;0.1261;600nm;Mu
11;E7;0.1319;600nm;Mu
11;E8;0.1313;600nm;Mu
11;E9;0.1422;600nm;Mu
11;E10;0.1427;600nm;Mu
11;E11;0.1492;600nm;Mu
11;E12;0.0932;600nm;Mu
11;F1;0.1494;600nm;Mu
11;F2;0.1334;600nm;Mu
11;F3;0.1322;600nm;Mu
11;F4;0.1632;600nm;Mu
11;F5;0.1347;600nm;Mu
11;F6;0.1258;600nm;Mu
11;F7;0.1319;600nm;Mu
11;F8;0.1352;600nm;Mu
11;F9;0.1351;600nm;Mu
11;F10;0.1446;600nm;Mu
11;F11;0.1445;600nm;Mu
11;F12;0.1475;600nm;Mu
11;G1;0.1606;600nm;Mu
11;G2;0.1613;600nm;Mu
11;G3;0.1575;600nm;Mu
11;G4;0.1604;600nm;Mu
11;G5;0.1422;600nm;Mu
11;G6;0.1307;600nm;Mu
11;G7;0.1423;600nm;Mu
11;G8;0.1441;600nm;Mu
11;G9;0.1507;600nm;Mu
11;G10;0.1456;600nm;Mu
11;G11;0.1536;600nm;Mu
11;G12;0.1842;600nm;Mu
11;H1;0.1451;600nm;WT_F16
11;H2;0.1377;600nm;WT_F16
11;H3;0.1394;600nm;WT_F16
11;H4;0.1439;600nm;WT_F16
11;H5;0.2377;600nm;Mg_F16
11;H6;0.0878;600nm;Mg_F16
11;H7;0.0858;600nm;Mg_F16
11;H8;0.0912;600nm;Mg_F16
11;H9;0.127;600nm;WT_noF16
11;H10;0.1927;600nm;WT_noF16
11;H11;0.1644;600nm;WT_noF16
11;H12;0.1634;600nm;WT_noF16
11;A1;725;475nm/510nm;Mu
11;A2;812;475nm/510nm;Mu
11;A3;735;475nm/510nm;Mu
11;A4;693;475nm/510nm;Mu
11;A5;605;475nm/510nm;Mu
11;A6;573;475nm/510nm;Mu
11;A7;566;475nm/510nm;Mu
11;A8;669;475nm/510nm;Mu
11;A9;637;475nm/510nm;Mu
11;A10;698;475nm/510nm;Mu
11;A11;716;475nm/510nm;Mu
11;A12;779;475nm/510nm;Mu
11;B1;669;475nm/510nm;Mu
11;B2;742;475nm/510nm;Mu
11;B3;654;475nm/510nm;Mu
11;B4;939;475nm/510nm;Mu
11;B5;610;475nm/510nm;Mu
11;B6;629;475nm/510nm;Mu
11;B7;594;475nm/510nm;Mu
11;B8;598;475nm/510nm;Mu
11;B9;699;475nm/510nm;Mu
11;B10;730;475nm/510nm;Mu
11;B11;873;475nm/510nm;Mu
11;B12;932;475nm/510nm;Mu
11;C1;628;475nm/510nm;Mu
11;C2;684;475nm/510nm;Mu
11;C3;1121;475nm/510nm;Mu
11;C4;834;475nm/510nm;Mu
11;C5;607;475nm/510nm;Mu
11;C6;535;475nm/510nm;Mu
11;C7;525;475nm/510nm;Mu
11;C8;532;475nm/510nm;Mu
11;C9;733;475nm/510nm;Mu
11;C10;696;475nm/510nm;Mu
11;C11;636;475nm/510nm;Mu
11;C12;773;475nm/510nm;Mu
11;D1;650;475nm/510nm;Mu
11;D2;588;475nm/510nm;Mu
11;D3;538;475nm/510nm;Mu
11;D4;571;475nm/510nm;Mu
11;D5;556;475nm/510nm;Mu
11;D6;616;475nm/510nm;Mu
11;D7;578;475nm/510nm;Mu
11;D8;714;475nm/510nm;Mu
11;D9;711;475nm/510nm;Mu
11;D10;677;475nm/510nm;Mu
11;D11;738;475nm/510nm;Mu
11;D12;893;475nm/510nm;Mu
11;E1;819;475nm/510nm;Mu
11;E2;816;475nm/510nm;Mu
11;E3;802;475nm/510nm;Mu
11;E4;802;475nm/510nm;Mu
11;E5;727;475nm/510nm;Mu
11;E6;636;475nm/510nm;Mu
11;E7;749;475nm/510nm;Mu
11;E8;656;475nm/510nm;Mu
11;E9;761;475nm/510nm;Mu
11;E10;688;475nm/510nm;Mu
11;E11;792;475nm/510nm;Mu
11;E12;456;475nm/510nm;Mu
11;F1;983;475nm/510nm;Mu
11;F2;702;475nm/510nm;Mu
11;F3;637;475nm/510nm;Mu
11;F4;884;475nm/510nm;Mu
11;F5;644;475nm/510nm;Mu
11;F6;638;475nm/510nm;Mu
11;F7;715;475nm/510nm;Mu
11;F8;681;475nm/510nm;Mu
11;F9;657;475nm/510nm;Mu
11;F10;715;475nm/510nm;Mu
11;F11;744;475nm/510nm;Mu
11;F12;775;475nm/510nm;Mu
11;G1;780;475nm/510nm;Mu
11;G2;837;475nm/510nm;Mu
11;G3;744;475nm/510nm;Mu
11;G4;784;475nm/510nm;Mu
11;G5;735;475nm/510nm;Mu
11;G6;718;475nm/510nm;Mu
11;G7;755;475nm/510nm;Mu
11;G8;723;475nm/510nm;Mu
11;G9;787;475nm/510nm;Mu
11;G10;751;475nm/510nm;Mu
11;G11;825;475nm/510nm;Mu
11;G12;975;475nm/510nm;Mu
11;H1;715;475nm/510nm;WT_F16
11;H2;780;475nm/510nm;WT_F16
11;H3;700;475nm/510nm;WT_F16
11;H4;752;475nm/510nm;WT_F16
11;H5;197;475nm/510nm;Mg_F16
11;H6;177;475nm/510nm;Mg_F16
11;H7;179;475nm/510nm;Mg_F16
11;H8;171;475nm/510nm;Mg_F16
11;H9;394;475nm/510nm;WT_noF16
11;H10;410;475nm/510nm;WT_noF16
11;H11;396;475nm/510nm;WT_noF16
11;H12;408;475nm/510nm;WT_noF16
10;A1;0.1363;600nm;Mu
10;A2;0.1344;600nm;Mu
10;A3;0.1471;600nm;Mu
10;A4;0.1721;600nm;Mu
10;A5;0.1447;600nm;Mu
10;A6;0.1285;600nm;Mu
10;A7;0.1388;600nm;Mu
10;A8;0.1552;600nm;Mu
10;A9;0.1541;600nm;Mu
10;A10;0.1406;600nm;Mu
10;A11;0.1662;600nm;Mu
10;A12;0.19;600nm;Mu
10;B1;0.1738;600nm;Mu
10;B2;0.1471;600nm;Mu
10;B3;0.1613;600nm;Mu
10;B4;0.2201;600nm;Mu
10;B5;0.1655;600nm;Mu
10;B6;0.1394;600nm;Mu
10;B7;0.1303;600nm;Mu
10;B8;0.1134;600nm;Mu
10;B9;0.128;600nm;Mu
10;B10;0.1181;600nm;Mu
10;B11;0.1258;600nm;Mu
10;B12;0.1481;600nm;Mu
10;C1;0.1555;600nm;Mu
10;C2;0.1344;600nm;Mu
10;C3;0.1245;600nm;Mu
10;C4;0.1323;600nm;Mu
10;C5;0.1363;600nm;Mu
10;C6;0.1381;600nm;Mu
10;C7;0.1183;600nm;Mu
10;C8;0.1398;600nm;Mu
10;C9;0.1451;600nm;Mu
10;C10;0.1337;600nm;Mu
10;C11;0.1392;600nm;Mu
10;C12;0.1469;600nm;Mu
10;D1;0.1857;600nm;Mu
10;D2;0.1446;600nm;Mu
10;D3;0.1368;600nm;Mu
10;D4;0.1362;600nm;Mu
10;D5;0.1588;600nm;Mu
10;D6;0.1152;600nm;Mu
10;D7;0.1369;600nm;Mu
10;D8;0.1401;600nm;Mu
10;D9;0.1333;600nm;Mu
10;D10;0.1344;600nm;Mu
10;D11;0.1332;600nm;Mu
10;D12;0.1492;600nm;Mu
10;E1;0.1778;600nm;Mu
10;E2;0.1442;600nm;Mu
10;E3;0.1565;600nm;Mu
10;E4;0.1553;600nm;Mu
10;E5;0.1614;600nm;Mu
10;E6;0.166;600nm;Mu
10;E7;0.1454;600nm;Mu
10;E8;0.1438;600nm;Mu
10;E9;0.1471;600nm;Mu
10;E10;0.1373;600nm;Mu
10;E11;0.1372;600nm;Mu
10;E12;0.1504;600nm;Mu
10;F1;0.1629;600nm;Mu
10;F2;0.1445;600nm;Mu
10;F3;0.1421;600nm;Mu
10;F4;0.1556;600nm;Mu
10;F5;0.1378;600nm;Mu
10;F6;0.1485;600nm;Mu
10;F7;0.1543;600nm;Mu
10;F8;0.133;600nm;Mu
10;F9;0.1348;600nm;Mu
10;F10;0.1517;600nm;Mu
10;F11;0.1426;600nm;Mu
10;F12;0.1781;600nm;Mu
10;G1;0.1631;600nm;Mu
10;G2;0.1595;600nm;Mu
10;G3;0.15;600nm;Mu
10;G4;0.153;600nm;Mu
10;G5;0.1644;600nm;Mu
10;G6;0.1679;600nm;Mu
10;G7;0.1616;600nm;Mu
10;G8;0.1566;600nm;Mu
10;G9;0.147;600nm;Mu
10;G10;0.1607;600nm;Mu
10;G11;0.1857;600nm;Mu
10;G12;0.1551;600nm;Mu
10;H1;0.1425;600nm;WT_F16
10;H2;0.1467;600nm;WT_F16
10;H3;0.1333;600nm;WT_F16
10;H4;0.1458;600nm;WT_F16
10;H5;0.094;600nm;Mg_F16
10;H6;0.1231;600nm;Mg_F16
10;H7;0.1897;600nm;Mg_F16
10;H8;0.2551;600nm;Mg_F16
10;H9;0.1446;600nm;WT_noF16
10;H10;0.1377;600nm;WT_noF16
10;H11;0.131;600nm;WT_noF16
10;H12;0.1805;600nm;WT_noF16
10;A1;762;475nm/510nm;Mu
10;A2;736;475nm/510nm;Mu
10;A3;810;475nm/510nm;Mu
10;A4;959;475nm/510nm;Mu
10;A5;776;475nm/510nm;Mu
10;A6;707;475nm/510nm;Mu
10;A7;761;475nm/510nm;Mu
10;A8;805;475nm/510nm;Mu
10;A9;894;475nm/510nm;Mu
10;A10;736;475nm/510nm;Mu
10;A11;992;475nm/510nm;Mu
10;A12;1109;475nm/510nm;Mu
10;B1;864;475nm/510nm;Mu
10;B2;792;475nm/510nm;Mu
10;B3;857;475nm/510nm;Mu
10;B4;1250;475nm/510nm;Mu
10;B5;984;475nm/510nm;Mu
10;B6;736;475nm/510nm;Mu
10;B7;1124;475nm/510nm;Mu
10;B8;612;475nm/510nm;Mu
10;B9;697;475nm/510nm;Mu
10;B10;619;475nm/510nm;Mu
10;B11;666;475nm/510nm;Mu
10;B12;763;475nm/510nm;Mu
10;C1;849;475nm/510nm;Mu
10;C2;748;475nm/510nm;Mu
10;C3;727;475nm/510nm;Mu
10;C4;656;475nm/510nm;Mu
10;C5;793;475nm/510nm;Mu
10;C6;718;475nm/510nm;Mu
10;C7;707;475nm/510nm;Mu
10;C8;728;475nm/510nm;Mu
10;C9;766;475nm/510nm;Mu
10;C10;732;475nm/510nm;Mu
10;C11;841;475nm/510nm;Mu
10;C12;817;475nm/510nm;Mu
10;D1;918;475nm/510nm;Mu
10;D2;808;475nm/510nm;Mu
10;D3;748;475nm/510nm;Mu
10;D4;714;475nm/510nm;Mu
10;D5;836;475nm/510nm;Mu
10;D6;640;475nm/510nm;Mu
10;D7;660;475nm/510nm;Mu
10;D8;714;475nm/510nm;Mu
10;D9;722;475nm/510nm;Mu
10;D10;672;475nm/510nm;Mu
10;D11;701;475nm/510nm;Mu
10;D12;901;475nm/510nm;Mu
10;E1;856;475nm/510nm;Mu
10;E2;764;475nm/510nm;Mu
10;E3;801;475nm/510nm;Mu
10;E4;855;475nm/510nm;Mu
10;E5;814;475nm/510nm;Mu
10;E6;788;475nm/510nm;Mu
10;E7;720;475nm/510nm;Mu
10;E8;698;475nm/510nm;Mu
10;E9;742;475nm/510nm;Mu
10;E10;702;475nm/510nm;Mu
10;E11;674;475nm/510nm;Mu
10;E12;748;475nm/510nm;Mu
10;F1;989;475nm/510nm;Mu
10;F2;712;475nm/510nm;Mu
10;F3;837;475nm/510nm;Mu
10;F4;789;475nm/510nm;Mu
10;F5;710;475nm/510nm;Mu
10;F6;778;475nm/510nm;Mu
10;F7;854;475nm/510nm;Mu
10;F8;692;475nm/510nm;Mu
10;F9;688;475nm/510nm;Mu
10;F10;1068;475nm/510nm;Mu
10;F11;720;475nm/510nm;Mu
10;F12;958;475nm/510nm;Mu
10;G1;822;475nm/510nm;Mu
10;G2;815;475nm/510nm;Mu
10;G3;832;475nm/510nm;Mu
10;G4;747;475nm/510nm;Mu
10;G5;856;475nm/510nm;Mu
10;G6;967;475nm/510nm;Mu
10;G7;823;475nm/510nm;Mu
10;G8;858;475nm/510nm;Mu
10;G9;782;475nm/510nm;Mu
10;G10;827;475nm/510nm;Mu
10;G11;885;475nm/510nm;Mu
10;G12;741;475nm/510nm;Mu
10;H1;751;475nm/510nm;WT_F16
10;H2;808;475nm/510nm;WT_F16
10;H3;735;475nm/510nm;WT_F16
10;H4;876;475nm/510nm;WT_F16
10;H5;200;475nm/510nm;Mg_F16
10;H6;193;475nm/510nm;Mg_F16
10;H7;206;475nm/510nm;Mg_F16
10;H8;179;475nm/510nm;Mg_F16
10;H9;422;475nm/510nm;WT_noF16
10;H10;692;475nm/510nm;WT_noF16
10;H11;409;475nm/510nm;WT_noF16
10;H12;419;475nm/510nm;WT_noF16
9;A1;0.1364;600nm;Mu
9;A2;0.1589;600nm;Mu
9;A3;0.1177;600nm;Mu
9;A4;0.1362;600nm;Mu
9;A5;0.1606;600nm;Mu
9;A6;0.1897;600nm;Mu
9;A7;0.1605;600nm;Mu
9;A8;0.1705;600nm;Mu
9;A9;0.1486;600nm;Mu
9;A10;0.1398;600nm;Mu
9;A11;0.1491;600nm;Mu
9;A12;0.1993;600nm;Mu
9;B1;0.156;600nm;Mu
9;B2;0.1658;600nm;Mu
9;B3;0.1874;600nm;Mu
9;B4;0.1462;600nm;Mu
9;B5;0.1401;600nm;Mu
9;B6;0.1507;600nm;Mu
9;B7;0.1447;600nm;Mu
9;B8;0.1524;600nm;Mu
9;B9;0.1012;600nm;Mu
9;B10;0.1545;600nm;Mu
9;B11;0.1501;600nm;Mu
9;B12;0.1636;600nm;Mu
9;C1;0.1703;600nm;Mu
9;C2;0.1549;600nm;Mu
9;C3;0.1513;600nm;Mu
9;C4;0.1554;600nm;Mu
9;C5;0.1603;600nm;Mu
9;C6;0.1544;600nm;Mu
9;C7;0.1495;600nm;Mu
9;C8;0.1579;600nm;Mu
9;C9;0.1664;600nm;Mu
9;C10;0.1535;600nm;Mu
9;C11;0.1495;600nm;Mu
9;C12;0.1636;600nm;Mu
9;D1;0.1484;600nm;Mu
9;D2;0.1373;600nm;Mu
9;D3;0.1303;600nm;Mu
9;D4;0.1333;600nm;Mu
9;D5;0.1329;600nm;Mu
9;D6;0.1309;600nm;Mu
9;D7;0.1394;600nm;Mu
9;D8;0.13;600nm;Mu
9;D9;0.1319;600nm;Mu
9;D10;0.128;600nm;Mu
9;D11;0.1293;600nm;Mu
9;D12;0.1518;600nm;Mu
9;E1;0.1667;600nm;Mu
9;E2;0.1539;600nm;Mu
9;E3;0.1397;600nm;Mu
9;E4;0.1372;600nm;Mu
9;E5;0.133;600nm;Mu
9;E6;0.1632;600nm;Mu
9;E7;0.1358;600nm;Mu
9;E8;0.1386;600nm;Mu
9;E9;0.1458;600nm;Mu
9;E10;0.1363;600nm;Mu
9;E11;0.1435;600nm;Mu
9;E12;0.1647;600nm;Mu
9;F1;0.1586;600nm;Mu
9;F2;0.1455;600nm;Mu
9;F3;0.1435;600nm;Mu
9;F4;0.1381;600nm;Mu
9;F5;0.1401;600nm;Mu
9;F6;0.1501;600nm;Mu
9;F7;0.1437;600nm;Mu
9;F8;0.1401;600nm;Mu
9;F9;0.1246;600nm;Mu
9;F10;0.1313;600nm;Mu
9;F11;0.1418;600nm;Mu
9;F12;0.1581;600nm;Mu
9;G1;0.1662;600nm;Mu
9;G2;0.1835;600nm;Mu
9;G3;0.1613;600nm;Mu
9;G4;0.1733;600nm;Mu
9;G5;0.1656;600nm;Mu
9;G6;0.1616;600nm;Mu
9;G7;0.1575;600nm;Mu
9;G8;0.1417;600nm;Mu
9;G9;0.1275;600nm;Mu
9;G10;0.1362;600nm;Mu
9;G11;0.1468;600nm;Mu
9;G12;0.1665;600nm;Mu
9;H1;0.1512;600nm;WT_F16
9;H2;0.1401;600nm;WT_F16
9;H3;0.1432;600nm;WT_F16
9;H4;0.1562;600nm;WT_F16
9;H5;0.0845;600nm;Mg_F16
9;H6;0.0831;600nm;Mg_F16
9;H7;0.083;600nm;Mg_F16
9;H8;0.0844;600nm;Mg_F16
9;H9;0.1466;600nm;WT_noF16
9;H10;0.1151;600nm;WT_noF16
9;H11;0.1196;600nm;WT_noF16
9;H12;0.1842;600nm;WT_noF16
9;A1;789;475nm/510nm;Mu
9;A2;721;475nm/510nm;Mu
9;A3;654;475nm/510nm;Mu
9;A4;662;475nm/510nm;Mu
9;A5;866;475nm/510nm;Mu
9;A6;1004;475nm/510nm;Mu
9;A7;814;475nm/510nm;Mu
9;A8;965;475nm/510nm;Mu
9;A9;758;475nm/510nm;Mu
9;A10;698;475nm/510nm;Mu
9;A11;769;475nm/510nm;Mu
9;A12;1093;475nm/510nm;Mu
9;B1;769;475nm/510nm;Mu
9;B2;870;475nm/510nm;Mu
9;B3;1110;475nm/510nm;Mu
9;B4;730;475nm/510nm;Mu
9;B5;686;475nm/510nm;Mu
9;B6;749;475nm/510nm;Mu
9;B7;753;475nm/510nm;Mu
9;B8;757;475nm/510nm;Mu
9;B9;528;475nm/510nm;Mu
9;B10;832;475nm/510nm;Mu
9;B11;1020;475nm/510nm;Mu
9;B12;794;475nm/510nm;Mu
9;C1;729;475nm/510nm;Mu
9;C2;725;475nm/510nm;Mu
9;C3;720;475nm/510nm;Mu
9;C4;746;475nm/510nm;Mu
9;C5;798;475nm/510nm;Mu
9;C6;816;475nm/510nm;Mu
9;C7;774;475nm/510nm;Mu
9;C8;1112;475nm/510nm;Mu
9;C9;851;475nm/510nm;Mu
9;C10;747;475nm/510nm;Mu
9;C11;774;475nm/510nm;Mu
9;C12;753;475nm/510nm;Mu
9;D1;709;475nm/510nm;Mu
9;D2;674;475nm/510nm;Mu
9;D3;658;475nm/510nm;Mu
9;D4;709;475nm/510nm;Mu
9;D5;682;475nm/510nm;Mu
9;D6;692;475nm/510nm;Mu
9;D7;764;475nm/510nm;Mu
9;D8;661;475nm/510nm;Mu
9;D9;737;475nm/510nm;Mu
9;D10;649;475nm/510nm;Mu
9;D11;727;475nm/510nm;Mu
9;D12;731;475nm/510nm;Mu
9;E1;751;475nm/510nm;Mu
9;E2;765;475nm/510nm;Mu
9;E3;730;475nm/510nm;Mu
9;E4;699;475nm/510nm;Mu
9;E5;653;475nm/510nm;Mu
9;E6;723;475nm/510nm;Mu
9;E7;738;475nm/510nm;Mu
9;E8;748;475nm/510nm;Mu
9;E9;782;475nm/510nm;Mu
9;E10;724;475nm/510nm;Mu
9;E11;711;475nm/510nm;Mu
9;E12;741;475nm/510nm;Mu
9;F1;826;475nm/510nm;Mu
9;F2;769;475nm/510nm;Mu
9;F3;766;475nm/510nm;Mu
9;F4;686;475nm/510nm;Mu
9;F5;753;475nm/510nm;Mu
9;F6;793;475nm/510nm;Mu
9;F7;727;475nm/510nm;Mu
9;F8;723;475nm/510nm;Mu
9;F9;666;475nm/510nm;Mu
9;F10;678;475nm/510nm;Mu
9;F11;697;475nm/510nm;Mu
9;F12;791;475nm/510nm;Mu
9;G1;849;475nm/510nm;Mu
9;G2;901;475nm/510nm;Mu
9;G3;847;475nm/510nm;Mu
9;G4;882;475nm/510nm;Mu
9;G5;834;475nm/510nm;Mu
9;G6;819;475nm/510nm;Mu
9;G7;773;475nm/510nm;Mu
9;G8;692;475nm/510nm;Mu
9;G9;618;475nm/510nm;Mu
9;G10;667;475nm/510nm;Mu
9;G11;710;475nm/510nm;Mu
9;G12;817;475nm/510nm;Mu
9;H1;803;475nm/510nm;WT_F16
9;H2;763;475nm/510nm;WT_F16
9;H3;769;475nm/510nm;WT_F16
9;H4;858;475nm/510nm;WT_F16
9;H5;183;475nm/510nm;Mg_F16
9;H6;185;475nm/510nm;Mg_F16
9;H7;186;475nm/510nm;Mg_F16
9;H8;180;475nm/510nm;Mg_F16
9;H9;441;475nm/510nm;WT_noF16
9;H10;431;475nm/510nm;WT_noF16
9;H11;431;475nm/510nm;WT_noF16
9;H12;407;475nm/510nm;WT_noF16
8;A1;0.1351;600nm;Mu
8;A2;0.1295;600nm;Mu
8;A3;0.117;600nm;Mu
8;A4;0.1238;600nm;Mu
8;A5;0.1312;600nm;Mu
8;A6;0.1311;600nm;Mu
8;A7;0.1228;600nm;Mu
8;A8;0.1268;600nm;Mu
8;A9;0.1334;600nm;Mu
8;A10;0.1399;600nm;Mu
8;A11;0.1854;600nm;Mu
8;A12;0.1523;600nm;Mu
8;B1;0.1669;600nm;Mu
8;B2;0.1489;600nm;Mu
8;B3;0.1543;600nm;Mu
8;B4;0.1531;600nm;Mu
8;B5;0.163;600nm;Mu
8;B6;0.1487;600nm;Mu
8;B7;0.1352;600nm;Mu
8;B8;0.1679;600nm;Mu
8;B9;0.1415;600nm;Mu
8;B10;0.1596;600nm;Mu
8;B11;0.1811;600nm;Mu
8;B12;0.207;600nm;Mu
8;C1;0.1837;600nm;Mu
8;C2;0.1653;600nm;Mu
8;C3;0.1523;600nm;Mu
8;C4;0.1318;600nm;Mu
8;C5;0.1245;600nm;Mu
8;C6;0.1258;600nm;Mu
8;C7;0.1271;600nm;Mu
8;C8;0.1296;600nm;Mu
8;C9;0.1345;600nm;Mu
8;C10;0.1357;600nm;Mu
8;C11;0.1361;600nm;Mu
8;C12;0.1648;600nm;Mu
8;D1;0.149;600nm;Mu
8;D2;0.1365;600nm;Mu
8;D3;0.1356;600nm;Mu
8;D4;0.1286;600nm;Mu
8;D5;0.1826;600nm;Mu
8;D6;0.2092;600nm;Mu
8;D7;0.2243;600nm;Mu
8;D8;0.1945;600nm;Mu
8;D9;0.1669;600nm;Mu
8;D10;0.1594;600nm;Mu
8;D11;0.1783;600nm;Mu
8;D12;0.2086;600nm;Mu
8;E1;0.1496;600nm;Mu
8;E2;0.1299;600nm;Mu
8;E3;0.1296;600nm;Mu
8;E4;0.1309;600nm;Mu
8;E5;0.1261;600nm;Mu
8;E6;0.1412;600nm;Mu
8;E7;0.1332;600nm;Mu
8;E8;0.1325;600nm;Mu
8;E9;0.1451;600nm;Mu
8;E10;0.122;600nm;Mu
8;E11;0.1328;600nm;Mu
8;E12;0.1574;600nm;Mu
8;F1;0.1771;600nm;Mu
8;F2;0.1431;600nm;Mu
8;F3;0.1437;600nm;Mu
8;F4;0.1438;600nm;Mu
8;F5;0.1422;600nm;Mu
8;F6;0.1374;600nm;Mu
8;F7;0.1288;600nm;Mu
8;F8;0.1339;600nm;Mu
8;F9;0.1357;600nm;Mu
8;F10;0.1341;600nm;Mu
8;F11;0.1319;600nm;Mu
8;F12;0.1611;600nm;Mu
8;G1;0.1906;600nm;Mu
8;G2;0.1623;600nm;Mu
8;G3;0.1477;600nm;Mu
8;G4;0.1564;600nm;Mu
8;G5;0.1492;600nm;Mu
8;G6;0.1693;600nm;Mu
8;G7;0.1687;600nm;Mu
8;G8;0.167;600nm;Mu
8;G9;0.1802;600nm;Mu
8;G10;0.1812;600nm;Mu
8;G11;0.1813;600nm;Mu
8;G12;0.1881;600nm;Mu
8;H1;0.148;600nm;WT_F16
8;H2;0.1408;600nm;WT_F16
8;H3;0.1677;600nm;WT_F16
8;H4;0.1568;600nm;WT_F16
8;H5;0.0917;600nm;Mg_F16
8;H6;0.0821;600nm;Mg_F16
8;H7;0.0826;600nm;Mg_F16
8;H8;0.0845;600nm;Mg_F16
8;H9;0.1023;600nm;WT_noF16
8;H10;0.1071;600nm;WT_noF16
8;H11;0.1181;600nm;WT_noF16
8;H12;0.2011;600nm;WT_noF16
8;A1;878;475nm/510nm;Mu
8;A2;733;475nm/510nm;Mu
8;A3;736;475nm/510nm;Mu
8;A4;782;475nm/510nm;Mu
8;A5;676;475nm/510nm;Mu
8;A6;777;475nm/510nm;Mu
8;A7;732;475nm/510nm;Mu
8;A8;724;475nm/510nm;Mu
8;A9;721;475nm/510nm;Mu
8;A10;782;475nm/510nm;Mu
8;A11;1191;475nm/510nm;Mu
8;A12;746;475nm/510nm;Mu
8;B1;932;475nm/510nm;Mu
8;B2;791;475nm/510nm;Mu
8;B3;696;475nm/510nm;Mu
8;B4;789;475nm/510nm;Mu
8;B5;885;475nm/510nm;Mu
8;B6;1234;475nm/510nm;Mu
8;B7;761;475nm/510nm;Mu
8;B8;1001;475nm/510nm;Mu
8;B9;766;475nm/510nm;Mu
8;B10;1123;475nm/510nm;Mu
8;B11;954;475nm/510nm;Mu
8;B12;991;475nm/510nm;Mu
8;C1;914;475nm/510nm;Mu
8;C2;831;475nm/510nm;Mu
8;C3;709;475nm/510nm;Mu
8;C4;707;475nm/510nm;Mu
8;C5;658;475nm/510nm;Mu
8;C6;728;475nm/510nm;Mu
8;C7;732;475nm/510nm;Mu
8;C8;728;475nm/510nm;Mu
8;C9;711;475nm/510nm;Mu
8;C10;728;475nm/510nm;Mu
8;C11;755;475nm/510nm;Mu
8;C12;700;475nm/510nm;Mu
8;D1;813;475nm/510nm;Mu
8;D2;699;475nm/510nm;Mu
8;D3;753;475nm/510nm;Mu
8;D4;665;475nm/510nm;Mu
8;D5;980;475nm/510nm;Mu
8;D6;1109;475nm/510nm;Mu
8;D7;1374;475nm/510nm;Mu
8;D8;967;475nm/510nm;Mu
8;D9;888;475nm/510nm;Mu
8;D10;841;475nm/510nm;Mu
8;D11;1026;475nm/510nm;Mu
8;D12;1177;475nm/510nm;Mu
8;E1;867;475nm/510nm;Mu
8;E2;709;475nm/510nm;Mu
8;E3;736;475nm/510nm;Mu
8;E4;697;475nm/510nm;Mu
8;E5;680;475nm/510nm;Mu
8;E6;798;475nm/510nm;Mu
8;E7;726;475nm/510nm;Mu
8;E8;701;475nm/510nm;Mu
8;E9;856;475nm/510nm;Mu
8;E10;686;475nm/510nm;Mu
8;E11;674;475nm/510nm;Mu
8;E12;757;475nm/510nm;Mu
8;F1;898;475nm/510nm;Mu
8;F2;796;475nm/510nm;Mu
8;F3;774;475nm/510nm;Mu
8;F4;787;475nm/510nm;Mu
8;F5;746;475nm/510nm;Mu
8;F6;845;475nm/510nm;Mu
8;F7;714;475nm/510nm;Mu
8;F8;736;475nm/510nm;Mu
8;F9;744;475nm/510nm;Mu
8;F10;712;475nm/510nm;Mu
8;F11;676;475nm/510nm;Mu
8;F12;772;475nm/510nm;Mu
8;G1;881;475nm/510nm;Mu
8;G2;902;475nm/510nm;Mu
8;G3;862;475nm/510nm;Mu
8;G4;869;475nm/510nm;Mu
8;G5;854;475nm/510nm;Mu
8;G6;918;475nm/510nm;Mu
8;G7;942;475nm/510nm;Mu
8;G8;874;475nm/510nm;Mu
8;G9;965;475nm/510nm;Mu
8;G10;1000;475nm/510nm;Mu
8;G11;939;475nm/510nm;Mu
8;G12;1049;475nm/510nm;Mu
8;H1;798;475nm/510nm;WT_F16
8;H2;804;475nm/510nm;WT_F16
8;H3;1031;475nm/510nm;WT_F16
8;H4;945;475nm/510nm;WT_F16
8;H5;231;475nm/510nm;Mg_F16
8;H6;195;475nm/510nm;Mg_F16
8;H7;194;475nm/510nm;Mg_F16
8;H8;201;475nm/510nm;Mg_F16
8;H9;439;475nm/510nm;WT_noF16
8;H10;430;475nm/510nm;WT_noF16
8;H11;426;475nm/510nm;WT_noF16
8;H12;422;475nm/510nm;WT_noF16
7;A1;0.1856;600nm;Mu
7;A2;0.143;600nm;Mu
7;A3;0.1784;600nm;Mu
7;A4;0.1449;600nm;Mu
7;A5;0.157;600nm;Mu
7;A6;0.1353;600nm;Mu
7;A7;0.1466;600nm;Mu
7;A8;0.1569;600nm;Mu
7;A9;0.1497;600nm;Mu
7;A10;0.1621;600nm;Mu
7;A11;0.2007;600nm;Mu
7;A12;0.2111;600nm;Mu
7;B1;0.1656;600nm;Mu
7;B2;0.1431;600nm;Mu
7;B3;0.1441;600nm;Mu
7;B4;0.141;600nm;Mu
7;B5;0.1285;600nm;Mu
7;B6;0.1316;600nm;Mu
7;B7;0.1304;600nm;Mu
7;B8;0.1332;600nm;Mu
7;B9;0.122;600nm;Mu
7;B10;0.1349;600nm;Mu
7;B11;0.1481;600nm;Mu
7;B12;0.166;600nm;Mu
7;C1;0.1474;600nm;Mu
7;C2;0.1548;600nm;Mu
7;C3;0.1464;600nm;Mu
7;C4;0.1516;600nm;Mu
7;C5;0.1542;600nm;Mu
7;C6;0.1564;600nm;Mu
7;C7;0.1569;600nm;Mu
7;C8;0.156;600nm;Mu
7;C9;0.1638;600nm;Mu
7;C10;0.1366;600nm;Mu
7;C11;0.1679;600nm;Mu
7;C12;0.161;600nm;Mu
7;D1;0.1329;600nm;Mu
7;D2;0.1388;600nm;Mu
7;D3;0.1349;600nm;Mu
7;D4;0.1443;600nm;Mu
7;D5;0.154;600nm;Mu
7;D6;0.1372;600nm;Mu
7;D7;0.1376;600nm;Mu
7;D8;0.1353;600nm;Mu
7;D9;0.1418;600nm;Mu
7;D10;0.14;600nm;Mu
7;D11;0.1524;600nm;Mu
7;D12;0.1799;600nm;Mu
7;E1;0.1489;600nm;Mu
7;E2;0.1415;600nm;Mu
7;E3;0.1395;600nm;Mu
7;E4;0.1394;600nm;Mu
7;E5;0.1301;600nm;Mu
7;E6;0.1426;600nm;Mu
7;E7;0.1326;600nm;Mu
7;E8;0.1407;600nm;Mu
7;E9;0.142;600nm;Mu
7;E10;0.1498;600nm;Mu
7;E11;0.1623;600nm;Mu
7;E12;0.182;600nm;Mu
7;F1;0.1603;600nm;Mu
7;F2;0.1407;600nm;Mu
7;F3;0.1514;600nm;Mu
7;F4;0.1506;600nm;Mu
7;F5;0.1585;600nm;Mu
7;F6;0.1634;600nm;Mu
7;F7;0.1522;600nm;Mu
7;F8;0.1466;600nm;Mu
7;F9;0.1581;600nm;Mu
7;F10;0.1699;600nm;Mu
7;F11;0.1734;600nm;Mu
7;F12;0.1854;600nm;Mu
7;G1;0.1538;600nm;Mu
7;G2;0.1388;600nm;Mu
7;G3;0.1424;600nm;Mu
7;G4;0.1452;600nm;Mu
7;G5;0.1527;600nm;Mu
7;G6;0.1564;600nm;Mu
7;G7;0.1556;600nm;Mu
7;G8;0.1529;600nm;Mu
7;G9;0.1551;600nm;Mu
7;G10;0.1502;600nm;Mu
7;G11;0.1611;600nm;Mu
7;G12;0.1771;600nm;Mu
7;H1;0.1667;600nm;WT_F16
7;H2;0.1487;600nm;WT_F16
7;H3;0.1496;600nm;WT_F16
7;H4;0.1559;600nm;WT_F16
7;H5;0.0935;600nm;Mg_F16
7;H6;0.0823;600nm;Mg_F16
7;H7;0.0858;600nm;Mg_F16
7;H8;0.0895;600nm;Mg_F16
7;H9;0.1187;600nm;WT_noF16
7;H10;0.1005;600nm;WT_noF16
7;H11;0.1129;600nm;WT_noF16
7;H12;0.2041;600nm;WT_noF16
7;A1;1094;475nm/510nm;Mu
7;A2;800;475nm/510nm;Mu
7;A3;1113;475nm/510nm;Mu
7;A4;853;475nm/510nm;Mu
7;A5;899;475nm/510nm;Mu
7;A6;737;475nm/510nm;Mu
7;A7;818;475nm/510nm;Mu
7;A8;849;475nm/510nm;Mu
7;A9;890;475nm/510nm;Mu
7;A10;862;475nm/510nm;Mu
7;A11;1164;475nm/510nm;Mu
7;A12;1171;475nm/510nm;Mu
7;B1;872;475nm/510nm;Mu
7;B2;773;475nm/510nm;Mu
7;B3;748;475nm/510nm;Mu
7;B4;752;475nm/510nm;Mu
7;B5;679;475nm/510nm;Mu
7;B6;709;475nm/510nm;Mu
7;B7;704;475nm/510nm;Mu
7;B8;701;475nm/510nm;Mu
7;B9;639;475nm/510nm;Mu
7;B10;700;475nm/510nm;Mu
7;B11;844;475nm/510nm;Mu
7;B12;995;475nm/510nm;Mu
7;C1;864;475nm/510nm;Mu
7;C2;785;475nm/510nm;Mu
7;C3;773;475nm/510nm;Mu
7;C4;805;475nm/510nm;Mu
7;C5;837;475nm/510nm;Mu
7;C6;834;475nm/510nm;Mu
7;C7;812;475nm/510nm;Mu
7;C8;844;475nm/510nm;Mu
7;C9;815;475nm/510nm;Mu
7;C10;713;475nm/510nm;Mu
7;C11;853;475nm/510nm;Mu
7;C12;829;475nm/510nm;Mu
7;D1;789;475nm/510nm;Mu
7;D2;786;475nm/510nm;Mu
7;D3;779;475nm/510nm;Mu
7;D4;867;475nm/510nm;Mu
7;D5;818;475nm/510nm;Mu
7;D6;777;475nm/510nm;Mu
7;D7;781;475nm/510nm;Mu
7;D8;738;475nm/510nm;Mu
7;D9;796;475nm/510nm;Mu
7;D10;752;475nm/510nm;Mu
7;D11;772;475nm/510nm;Mu
7;D12;862;475nm/510nm;Mu
7;E1;817;475nm/510nm;Mu
7;E2;744;475nm/510nm;Mu
7;E3;742;475nm/510nm;Mu
7;E4;820;475nm/510nm;Mu
7;E5;722;475nm/510nm;Mu
7;E6;782;475nm/510nm;Mu
7;E7;759;475nm/510nm;Mu
7;E8;732;475nm/510nm;Mu
7;E9;744;475nm/510nm;Mu
7;E10;749;475nm/510nm;Mu
7;E11;856;475nm/510nm;Mu
7;E12;917;475nm/510nm;Mu
7;F1;831;475nm/510nm;Mu
7;F2;780;475nm/510nm;Mu
7;F3;881;475nm/510nm;Mu
7;F4;801;475nm/510nm;Mu
7;F5;911;475nm/510nm;Mu
7;F6;913;475nm/510nm;Mu
7;F7;825;475nm/510nm;Mu
7;F8;825;475nm/510nm;Mu
7;F9;820;475nm/510nm;Mu
7;F10;859;475nm/510nm;Mu
7;F11;899;475nm/510nm;Mu
7;F12;955;475nm/510nm;Mu
7;G1;823;475nm/510nm;Mu
7;G2;762;475nm/510nm;Mu
7;G3;787;475nm/510nm;Mu
7;G4;803;475nm/510nm;Mu
7;G5;821;475nm/510nm;Mu
7;G6;854;475nm/510nm;Mu
7;G7;824;475nm/510nm;Mu
7;G8;824;475nm/510nm;Mu
7;G9;809;475nm/510nm;Mu
7;G10;761;475nm/510nm;Mu
7;G11;841;475nm/510nm;Mu
7;G12;905;475nm/510nm;Mu
7;H1;1021;475nm/510nm;WT_F16
7;H2;928;475nm/510nm;WT_F16
7;H3;888;475nm/510nm;WT_F16
7;H4;918;475nm/510nm;WT_F16
7;H5;242;475nm/510nm;Mg_F16
7;H6;197;475nm/510nm;Mg_F16
7;H7;196;475nm/510nm;Mg_F16
7;H8;195;475nm/510nm;Mg_F16
7;H9;446;475nm/510nm;WT_noF16
7;H10;423;475nm/510nm;WT_noF16
7;H11;419;475nm/510nm;WT_noF16
7;H12;411;475nm/510nm;WT_noF16
6;A1;0.1724;600nm;Mu
6;A2;0.1525;600nm;Mu
6;A3;0.1688;600nm;Mu
6;A4;0.156;600nm;Mu
6;A5;0.1713;600nm;Mu
6;A6;0.1482;600nm;Mu
6;A7;0.145;600nm;Mu
6;A8;0.1803;600nm;Mu
6;A9;0.1573;600nm;Mu
6;A10;0.1682;600nm;Mu
6;A11;0.1699;600nm;Mu
6;A12;0.1751;600nm;Mu
6;B1;0.1611;600nm;Mu
6;B2;0.155;600nm;Mu
6;B3;0.1471;600nm;Mu
6;B4;0.1287;600nm;Mu
6;B5;0.1308;600nm;Mu
6;B6;0.1389;600nm;Mu
6;B7;0.1393;600nm;Mu
6;B8;0.1427;600nm;Mu
6;B9;0.1446;600nm;Mu
6;B10;0.149;600nm;Mu
6;B11;0.1516;600nm;Mu
6;B12;0.2095;600nm;Mu
6;C1;0.154;600nm;Mu
6;C2;0.1429;600nm;Mu
6;C3;0.1407;600nm;Mu
6;C4;0.132;600nm;Mu
6;C5;0.1342;600nm;Mu
6;C6;0.1416;600nm;Mu
6;C7;0.1338;600nm;Mu
6;C8;0.1322;600nm;Mu
6;C9;0.1343;600nm;Mu
6;C10;0.1481;600nm;Mu
6;C11;0.1544;600nm;Mu
6;C12;0.171;600nm;Mu
6;D1;0.1532;600nm;Mu
6;D2;0.1341;600nm;Mu
6;D3;0.1605;600nm;Mu
6;D4;0.1299;600nm;Mu
6;D5;0.1404;600nm;Mu
6;D6;0.1635;600nm;Mu
6;D7;0.1378;600nm;Mu
6;D8;0.1377;600nm;Mu
6;D9;0.1433;600nm;Mu
6;D10;0.1464;600nm;Mu
6;D11;0.1535;600nm;Mu
6;D12;0.1728;600nm;Mu
6;E1;0.1473;600nm;Mu
6;E2;0.1382;600nm;Mu
6;E3;0.1559;600nm;Mu
6;E4;0.1594;600nm;Mu
6;E5;0.1792;600nm;Mu
6;E6;0.1777;600nm;Mu
6;E7;0.1468;600nm;Mu
6;E8;0.121;600nm;Mu
6;E9;0.1563;600nm;Mu
6;E10;0.1525;600nm;Mu
6;E11;0.148;600nm;Mu
6;E12;0.1709;600nm;Mu
6;F1;0.1876;600nm;Mu
6;F2;0.1681;600nm;Mu
6;F3;0.1842;600nm;Mu
6;F4;0.1611;600nm;Mu
6;F5;0.1639;600nm;Mu
6;F6;0.1602;600nm;Mu
6;F7;0.1392;600nm;Mu
6;F8;0.1411;600nm;Mu
6;F9;0.1388;600nm;Mu
6;F10;0.1505;600nm;Mu
6;F11;0.1544;600nm;Mu
6;F12;0.1786;600nm;Mu
6;G1;0.1661;600nm;Mu
6;G2;0.1352;600nm;Mu
6;G3;0.1447;600nm;Mu
6;G4;0.1457;600nm;Mu
6;G5;0.162;600nm;Mu
6;G6;0.1572;600nm;Mu
6;G7;0.1604;600nm;Mu
6;G8;0.1486;600nm;Mu
6;G9;0.145;600nm;Mu
6;G10;0.1728;600nm;Mu
6;G11;0.1558;600nm;Mu
6;G12;0.1838;600nm;Mu
6;H1;0.1501;600nm;WT_F16
6;H2;0.1521;600nm;WT_F16
6;H3;0.1653;600nm;WT_F16
6;H4;0.1452;600nm;WT_F16
6;H5;0.0855;600nm;Mg_F16
6;H6;0.0836;600nm;Mg_F16
6;H7;0.0898;600nm;Mg_F16
6;H8;0.0951;600nm;Mg_F16
6;H9;0.0966;600nm;WT_noF16
6;H10;0.1012;600nm;WT_noF16
6;H11;0.1886;600nm;WT_noF16
6;H12;0.2171;600nm;WT_noF16
6;A1;986;475nm/510nm;Mu
6;A2;974;475nm/510nm;Mu
6;A3;988;475nm/510nm;Mu
6;A4;984;475nm/510nm;Mu
6;A5;1033;475nm/510nm;Mu
6;A6;842;475nm/510nm;Mu
6;A7;908;475nm/510nm;Mu
6;A8;969;475nm/510nm;Mu
6;A9;968;475nm/510nm;Mu
6;A10;945;475nm/510nm;Mu
6;A11;1032;475nm/510nm;Mu
6;A12;1122;475nm/510nm;Mu
6;B1;955;475nm/510nm;Mu
6;B2;859;475nm/510nm;Mu
6;B3;894;475nm/510nm;Mu
6;B4;779;475nm/510nm;Mu
6;B5;793;475nm/510nm;Mu
6;B6;764;475nm/510nm;Mu
6;B7;800;475nm/510nm;Mu
6;B8;787;475nm/510nm;Mu
6;B9;886;475nm/510nm;Mu
6;B10;877;475nm/510nm;Mu
6;B11;868;475nm/510nm;Mu
6;B12;1325;475nm/510nm;Mu
6;C1;875;475nm/510nm;Mu
6;C2;873;475nm/510nm;Mu
6;C3;822;475nm/510nm;Mu
6;C4;912;475nm/510nm;Mu
6;C5;824;475nm/510nm;Mu
6;C6;837;475nm/510nm;Mu
6;C7;1376;475nm/510nm;Mu
6;C8;791;475nm/510nm;Mu
6;C9;707;475nm/510nm;Mu
6;C10;748;475nm/510nm;Mu
6;C11;800;475nm/510nm;Mu
6;C12;928;475nm/510nm;Mu
6;D1;818;475nm/510nm;Mu
6;D2;744;475nm/510nm;Mu
6;D3;816;475nm/510nm;Mu
6;D4;862;475nm/510nm;Mu
6;D5;894;475nm/510nm;Mu
6;D6;945;475nm/510nm;Mu
6;D7;809;475nm/510nm;Mu
6;D8;808;475nm/510nm;Mu
6;D9;789;475nm/510nm;Mu
6;D10;878;475nm/510nm;Mu
6;D11;909;475nm/510nm;Mu
6;D12;947;475nm/510nm;Mu
6;E1;838;475nm/510nm;Mu
6;E2;831;475nm/510nm;Mu
6;E3;979;475nm/510nm;Mu
6;E4;960;475nm/510nm;Mu
6;E5;1041;475nm/510nm;Mu
6;E6;925;475nm/510nm;Mu
6;E7;795;475nm/510nm;Mu
6;E8;627;475nm/510nm;Mu
6;E9;822;475nm/510nm;Mu
6;E10;821;475nm/510nm;Mu
6;E11;833;475nm/510nm;Mu
6;E12;864;475nm/510nm;Mu
6;F1;979;475nm/510nm;Mu
6;F2;992;475nm/510nm;Mu
6;F3;1013;475nm/510nm;Mu
6;F4;972;475nm/510nm;Mu
6;F5;1117;475nm/510nm;Mu
6;F6;1053;475nm/510nm;Mu
6;F7;966;475nm/510nm;Mu
6;F8;797;475nm/510nm;Mu
6;F9;914;475nm/510nm;Mu
6;F10;846;475nm/510nm;Mu
6;F11;882;475nm/510nm;Mu
6;F12;978;475nm/510nm;Mu
6;G1;900;475nm/510nm;Mu
6;G2;849;475nm/510nm;Mu
6;G3;860;475nm/510nm;Mu
6;G4;856;475nm/510nm;Mu
6;G5;919;475nm/510nm;Mu
6;G6;828;475nm/510nm;Mu
6;G7;858;475nm/510nm;Mu
6;G8;852;475nm/510nm;Mu
6;G9;802;475nm/510nm;Mu
6;G10;964;475nm/510nm;Mu
6;G11;876;475nm/510nm;Mu
6;G12;1020;475nm/510nm;Mu
6;H1;867;475nm/510nm;WT_F16
6;H2;880;475nm/510nm;WT_F16
6;H3;1007;475nm/510nm;WT_F16
6;H4;928;475nm/510nm;WT_F16
6;H5;199;475nm/510nm;Mg_F16
6;H6;208;475nm/510nm;Mg_F16
6;H7;212;475nm/510nm;Mg_F16
6;H8;209;475nm/510nm;Mg_F16
6;H9;508;475nm/510nm;WT_noF16
6;H10;458;475nm/510nm;WT_noF16
6;H11;434;475nm/510nm;WT_noF16
6;H12;499;475nm/510nm;WT_noF16
5;A1;0.1495;600nm;Mu
5;A2;0.1441;600nm;Mu
5;A3;0.1401;600nm;Mu
5;A4;0.1329;600nm;Mu
5;A5;0.1413;600nm;Mu
5;A6;0.1435;600nm;Mu
5;A7;0.1403;600nm;Mu
5;A8;0.1506;600nm;Mu
5;A9;0.1575;600nm;Mu
5;A10;0.1519;600nm;Mu
5;A11;0.1679;600nm;Mu
5;A12;0.1735;600nm;Mu
5;B1;0.1631;600nm;Mu
5;B2;0.1585;600nm;Mu
5;B3;0.1533;600nm;Mu
5;B4;0.1375;600nm;Mu
5;B5;0.1339;600nm;Mu
5;B6;0.1262;600nm;Mu
5;B7;0.1268;600nm;Mu
5;B8;0.1224;600nm;Mu
5;B9;0.1306;600nm;Mu
5;B10;0.1324;600nm;Mu
5;B11;0.1658;600nm;Mu
5;B12;0.1769;600nm;Mu
5;C1;0.1598;600nm;Mu
5;C2;0.1626;600nm;Mu
5;C3;0.1626;600nm;Mu
5;C4;0.1538;600nm;Mu
5;C5;0.1455;600nm;Mu
5;C6;0.1562;600nm;Mu
5;C7;0.1636;600nm;Mu
5;C8;0.1509;600nm;Mu
5;C9;0.156;600nm;Mu
5;C10;0.1561;600nm;Mu
5;C11;0.173;600nm;Mu
5;C12;0.2001;600nm;Mu
5;D1;0.1663;600nm;Mu
5;D2;0.1532;600nm;Mu
5;D3;0.1516;600nm;Mu
5;D4;0.1426;600nm;Mu
5;D5;0.1487;600nm;Mu
5;D6;0.14;600nm;Mu
5;D7;0.1484;600nm;Mu
5;D8;0.1312;600nm;Mu
5;D9;0.1318;600nm;Mu
5;D10;0.1312;600nm;Mu
5;D11;0.1319;600nm;Mu
5;D12;0.1713;600nm;Mu
5;E1;0.147;600nm;Mu
5;E2;0.1282;600nm;Mu
5;E3;0.1273;600nm;Mu
5;E4;0.1316;600nm;Mu
5;E5;0.1311;600nm;Mu
5;E6;0.1371;600nm;Mu
5;E7;0.19;600nm;Mu
5;E8;0.1394;600nm;Mu
5;E9;0.1304;600nm;Mu
5;E10;0.1422;600nm;Mu
5;E11;0.139;600nm;Mu
5;E12;0.1638;600nm;Mu
5;F1;0.1807;600nm;Mu
5;F2;0.147;600nm;Mu
5;F3;0.1524;600nm;Mu
5;F4;0.1693;600nm;Mu
5;F5;0.1762;600nm;Mu
5;F6;0.1907;600nm;Mu
5;F7;0.1767;600nm;Mu
5;F8;0.1645;600nm;Mu
5;F9;0.1497;600nm;Mu
5;F10;0.1414;600nm;Mu
5;F11;0.1504;600nm;Mu
5;F12;0.2096;600nm;Mu
5;G1;0.1689;600nm;Mu
5;G2;0.1424;600nm;Mu
5;G3;0.1429;600nm;Mu
5;G4;0.147;600nm;Mu
5;G5;0.1463;600nm;Mu
5;G6;0.1491;600nm;Mu
5;G7;0.1449;600nm;Mu
5;G8;0.146;600nm;Mu
5;G9;0.1351;600nm;Mu
5;G10;0.1443;600nm;Mu
5;G11;0.1545;600nm;Mu
5;G12;0.1847;600nm;Mu
5;H1;0.1446;600nm;WT_F16
5;H2;0.136;600nm;WT_F16
5;H3;0.1467;600nm;WT_F16
5;H4;0.1524;600nm;WT_F16
5;H5;0.0832;600nm;Mg_F16
5;H6;0.0829;600nm;Mg_F16
5;H7;0.0818;600nm;Mg_F16
5;H8;0.0837;600nm;Mg_F16
5;H9;0.0986;600nm;WT_noF16
5;H10;0.1209;600nm;WT_noF16
5;H11;0.1053;600nm;WT_noF16
5;H12;0.1724;600nm;WT_noF16
5;A1;1112;475nm/510nm;Mu
5;A2;819;475nm/510nm;Mu
5;A3;863;475nm/510nm;Mu
5;A4;765;475nm/510nm;Mu
5;A5;865;475nm/510nm;Mu
5;A6;824;475nm/510nm;Mu
5;A7;804;475nm/510nm;Mu
5;A8;878;475nm/510nm;Mu
5;A9;909;475nm/510nm;Mu
5;A10;890;475nm/510nm;Mu
5;A11;1134;475nm/510nm;Mu
5;A12;1148;475nm/510nm;Mu
5;B1;933;475nm/510nm;Mu
5;B2;923;475nm/510nm;Mu
5;B3;940;475nm/510nm;Mu
5;B4;766;475nm/510nm;Mu
5;B5;793;475nm/510nm;Mu
5;B6;690;475nm/510nm;Mu
5;B7;715;475nm/510nm;Mu
5;B8;664;475nm/510nm;Mu
5;B9;745;475nm/510nm;Mu
5;B10;732;475nm/510nm;Mu
5;B11;895;475nm/510nm;Mu
5;B12;977;475nm/510nm;Mu
5;C1;916;475nm/510nm;Mu
5;C2;960;475nm/510nm;Mu
5;C3;1000;475nm/510nm;Mu
5;C4;804;475nm/510nm;Mu
5;C5;846;475nm/510nm;Mu
5;C6;848;475nm/510nm;Mu
5;C7;910;475nm/510nm;Mu
5;C8;825;475nm/510nm;Mu
5;C9;871;475nm/510nm;Mu
5;C10;855;475nm/510nm;Mu
5;C11;896;475nm/510nm;Mu
5;C12;1499;475nm/510nm;Mu
5;D1;924;475nm/510nm;Mu
5;D2;819;475nm/510nm;Mu
5;D3;827;475nm/510nm;Mu
5;D4;779;475nm/510nm;Mu
5;D5;899;475nm/510nm;Mu
5;D6;842;475nm/510nm;Mu
5;D7;1045;475nm/510nm;Mu
5;D8;744;475nm/510nm;Mu
5;D9;751;475nm/510nm;Mu
5;D10;723;475nm/510nm;Mu
5;D11;722;475nm/510nm;Mu
5;D12;852;475nm/510nm;Mu
5;E1;825;475nm/510nm;Mu
5;E2;740;475nm/510nm;Mu
5;E3;706;475nm/510nm;Mu
5;E4;746;475nm/510nm;Mu
5;E5;802;475nm/510nm;Mu
5;E6;914;475nm/510nm;Mu
5;E7;1101;475nm/510nm;Mu
5;E8;774;475nm/510nm;Mu
5;E9;737;475nm/510nm;Mu
5;E10;795;475nm/510nm;Mu
5;E11;726;475nm/510nm;Mu
5;E12;752;475nm/510nm;Mu
5;F1;1041;475nm/510nm;Mu
5;F2;823;475nm/510nm;Mu
5;F3;868;475nm/510nm;Mu
5;F4;913;475nm/510nm;Mu
5;F5;1008;475nm/510nm;Mu
5;F6;1048;475nm/510nm;Mu
5;F7;1001;475nm/510nm;Mu
5;F8;882;475nm/510nm;Mu
5;F9;837;475nm/510nm;Mu
5;F10;782;475nm/510nm;Mu
5;F11;812;475nm/510nm;Mu
5;F12;1242;475nm/510nm;Mu
5;G1;954;475nm/510nm;Mu
5;G2;769;475nm/510nm;Mu
5;G3;817;475nm/510nm;Mu
5;G4;818;475nm/510nm;Mu
5;G5;819;475nm/510nm;Mu
5;G6;815;475nm/510nm;Mu
5;G7;805;475nm/510nm;Mu
5;G8;776;475nm/510nm;Mu
5;G9;747;475nm/510nm;Mu
5;G10;760;475nm/510nm;Mu
5;G11;784;475nm/510nm;Mu
5;G12;1025;475nm/510nm;Mu
5;H1;778;475nm/510nm;WT_F16
5;H2;782;475nm/510nm;WT_F16
5;H3;818;475nm/510nm;WT_F16
5;H4;865;475nm/510nm;WT_F16
5;H5;198;475nm/510nm;Mg_F16
5;H6;195;475nm/510nm;Mg_F16
5;H7;200;475nm/510nm;Mg_F16
5;H8;199;475nm/510nm;Mg_F16
5;H9;480;475nm/510nm;WT_noF16
5;H10;449;475nm/510nm;WT_noF16
5;H11;447;475nm/510nm;WT_noF16
5;H12;452;475nm/510nm;WT_noF16
4;A1;0.1492;600nm;Mu
4;A2;0.1433;600nm;Mu
4;A3;0.1447;600nm;Mu
4;A4;0.153;600nm;Mu
4;A5;0.1536;600nm;Mu
4;A6;0.1385;600nm;Mu
4;A7;0.1235;600nm;Mu
4;A8;0.1331;600nm;Mu
4;A9;0.1493;600nm;Mu
4;A10;0.1418;600nm;Mu
4;A11;0.1589;600nm;Mu
4;A12;0.1434;600nm;Mu
4;B1;0.1801;600nm;Mu
4;B2;0.1418;600nm;Mu
4;B3;0.1369;600nm;Mu
4;B4;0.1327;600nm;Mu
4;B5;0.1477;600nm;Mu
4;B6;0.1214;600nm;Mu
4;B7;0.1178;600nm;Mu
4;B8;0.1491;600nm;Mu
4;B9;0.1306;600nm;Mu
4;B10;0.1255;600nm;Mu
4;B11;0.1483;600nm;Mu
4;B12;0.1611;600nm;Mu
4;C1;0.1397;600nm;Mu
4;C2;0.1329;600nm;Mu
4;C3;0.132;600nm;Mu
4;C4;0.1285;600nm;Mu
4;C5;0.1313;600nm;Mu
4;C6;0.122;600nm;Mu
4;C7;0.1256;600nm;Mu
4;C8;0.1279;600nm;Mu
4;C9;0.123;600nm;Mu
4;C10;0.1248;600nm;Mu
4;C11;0.139;600nm;Mu
4;C12;0.1535;600nm;Mu
4;D1;0.1543;600nm;Mu
4;D2;0.1325;600nm;Mu
4;D3;0.1323;600nm;Mu
4;D4;0.1475;600nm;Mu
4;D5;0.1397;600nm;Mu
4;D6;0.1643;600nm;Mu
4;D7;0.1454;600nm;Mu
4;D8;0.1408;600nm;Mu
4;D9;0.1324;600nm;Mu
4;D10;0.1317;600nm;Mu
4;D11;0.1391;600nm;Mu
4;D12;0.1637;600nm;Mu
4;E1;0.1648;600nm;Mu
4;E2;0.1546;600nm;Mu
4;E3;0.1322;600nm;Mu
4;E4;0.1507;600nm;Mu
4;E5;0.1613;600nm;Mu
4;E6;0.1576;600nm;Mu
4;E7;0.1582;600nm;Mu
4;E8;0.1444;600nm;Mu
4;E9;0.1377;600nm;Mu
4;E10;0.1376;600nm;Mu
4;E11;0.1425;600nm;Mu
4;E12;0.1662;600nm;Mu
4;F1;0.1597;600nm;Mu
4;F2;0.142;600nm;Mu
4;F3;0.1571;600nm;Mu
4;F4;0.1493;600nm;Mu
4;F5;0.151;600nm;Mu
4;F6;0.1567;600nm;Mu
4;F7;0.1489;600nm;Mu
4;F8;0.1467;600nm;Mu
4;F9;0.1428;600nm;Mu
4;F10;0.1416;600nm;Mu
4;F11;0.1409;600nm;Mu
4;F12;0.1713;600nm;Mu
4;G1;0.1618;600nm;Mu
4;G2;0.1341;600nm;Mu
4;G3;0.1486;600nm;Mu
4;G4;0.1489;600nm;Mu
4;G5;0.1453;600nm;Mu
4;G6;0.1545;600nm;Mu
4;G7;0.1546;600nm;Mu
4;G8;0.1446;600nm;Mu
4;G9;0.1401;600nm;Mu
4;G10;0.1458;600nm;Mu
4;G11;0.1486;600nm;Mu
4;G12;0.1889;600nm;Mu
4;H1;0.1543;600nm;WT_F16
4;H2;0.148;600nm;WT_F16
4;H3;0.1586;600nm;WT_F16
4;H4;0.164;600nm;WT_F16
4;H5;0.0925;600nm;Mg_F16
4;H6;0.0815;600nm;Mg_F16
4;H7;0.0813;600nm;Mg_F16
4;H8;0.0829;600nm;Mg_F16
4;H9;0.1126;600nm;WT_noF16
4;H10;0.161;600nm;WT_noF16
4;H11;0.1313;600nm;WT_noF16
4;H12;0.1907;600nm;WT_noF16
4;A1;985;475nm/510nm;Mu
4;A2;799;475nm/510nm;Mu
4;A3;884;475nm/510nm;Mu
4;A4;988;475nm/510nm;Mu
4;A5;1010;475nm/510nm;Mu
4;A6;777;475nm/510nm;Mu
4;A7;707;475nm/510nm;Mu
4;A8;744;475nm/510nm;Mu
4;A9;841;475nm/510nm;Mu
4;A10;777;475nm/510nm;Mu
4;A11;963;475nm/510nm;Mu
4;A12;606;475nm/510nm;Mu
4;B1;1017;475nm/510nm;Mu
4;B2;767;475nm/510nm;Mu
4;B3;771;475nm/510nm;Mu
4;B4;736;475nm/510nm;Mu
4;B5;1095;475nm/510nm;Mu
4;B6;701;475nm/510nm;Mu
4;B7;673;475nm/510nm;Mu
4;B8;949;475nm/510nm;Mu
4;B9;742;475nm/510nm;Mu
4;B10;675;475nm/510nm;Mu
4;B11;888;475nm/510nm;Mu
4;B12;827;475nm/510nm;Mu
4;C1;747;475nm/510nm;Mu
4;C2;736;475nm/510nm;Mu
4;C3;724;475nm/510nm;Mu
4;C4;713;475nm/510nm;Mu
4;C5;791;475nm/510nm;Mu
4;C6;722;475nm/510nm;Mu
4;C7;714;475nm/510nm;Mu
4;C8;693;475nm/510nm;Mu
4;C9;782;475nm/510nm;Mu
4;C10;667;475nm/510nm;Mu
4;C11;846;475nm/510nm;Mu
4;C12;797;475nm/510nm;Mu
4;D1;871;475nm/510nm;Mu
4;D2;732;475nm/510nm;Mu
4;D3;822;475nm/510nm;Mu
4;D4;865;475nm/510nm;Mu
4;D5;830;475nm/510nm;Mu
4;D6;994;475nm/510nm;Mu
4;D7;985;475nm/510nm;Mu
4;D8;775;475nm/510nm;Mu
4;D9;749;475nm/510nm;Mu
4;D10;745;475nm/510nm;Mu
4;D11;772;475nm/510nm;Mu
4;D12;862;475nm/510nm;Mu
4;E1;909;475nm/510nm;Mu
4;E2;859;475nm/510nm;Mu
4;E3;752;475nm/510nm;Mu
4;E4;789;475nm/510nm;Mu
4;E5;971;475nm/510nm;Mu
4;E6;971;475nm/510nm;Mu
4;E7;919;475nm/510nm;Mu
4;E8;769;475nm/510nm;Mu
4;E9;746;475nm/510nm;Mu
4;E10;772;475nm/510nm;Mu
4;E11;745;475nm/510nm;Mu
4;E12;859;475nm/510nm;Mu
4;F1;873;475nm/510nm;Mu
4;F2;769;475nm/510nm;Mu
4;F3;961;475nm/510nm;Mu
4;F4;834;475nm/510nm;Mu
4;F5;915;475nm/510nm;Mu
4;F6;869;475nm/510nm;Mu
4;F7;814;475nm/510nm;Mu
4;F8;810;475nm/510nm;Mu
4;F9;770;475nm/510nm;Mu
4;F10;754;475nm/510nm;Mu
4;F11;735;475nm/510nm;Mu
4;F12;917;475nm/510nm;Mu
4;G1;905;475nm/510nm;Mu
4;G2;760;475nm/510nm;Mu
4;G3;884;475nm/510nm;Mu
4;G4;832;475nm/510nm;Mu
4;G5;800;475nm/510nm;Mu
4;G6;825;475nm/510nm;Mu
4;G7;875;475nm/510nm;Mu
4;G8;785;475nm/510nm;Mu
4;G9;743;475nm/510nm;Mu
4;G10;778;475nm/510nm;Mu
4;G11;770;475nm/510nm;Mu
4;G12;915;475nm/510nm;Mu
4;H1;1121;475nm/510nm;WT_F16
4;H2;1115;475nm/510nm;WT_F16
4;H3;1121;475nm/510nm;WT_F16
4;H4;1262;475nm/510nm;WT_F16
4;H5;231;475nm/510nm;Mg_F16
4;H6;194;475nm/510nm;Mg_F16
4;H7;192;475nm/510nm;Mg_F16
4;H8;193;475nm/510nm;Mg_F16
4;H9;786;475nm/510nm;WT_noF16
4;H10;739;475nm/510nm;WT_noF16
4;H11;676;475nm/510nm;WT_noF16
4;H12;584;475nm/510nm;WT_noF16
3;A1;0.208;600nm;Mu
3;A2;0.177;600nm;Mu
3;A3;0.1758;600nm;Mu
3;A4;0.1504;600nm;Mu
3;A5;0.1526;600nm;Mu
3;A6;0.1411;600nm;Mu
3;A7;0.147;600nm;Mu
3;A8;0.1523;600nm;Mu
3;A9;0.1418;600nm;Mu
3;A10;0.1503;600nm;Mu
3;A11;0.1514;600nm;Mu
3;A12;0.1928;600nm;Mu
3;B1;0.1663;600nm;Mu
3;B2;0.1304;600nm;Mu
3;B3;0.1345;600nm;Mu
3;B4;0.1237;600nm;Mu
3;B5;0.131;600nm;Mu
3;B6;0.1283;600nm;Mu
3;B7;0.1225;600nm;Mu
3;B8;0.1203;600nm;Mu
3;B9;0.1238;600nm;Mu
3;B10;0.1272;600nm;Mu
3;B11;0.1413;600nm;Mu
3;B12;0.1521;600nm;Mu
3;C1;0.1514;600nm;Mu
3;C2;0.133;600nm;Mu
3;C3;0.1268;600nm;Mu
3;C4;0.1301;600nm;Mu
3;C5;0.1302;600nm;Mu
3;C6;0.1376;600nm;Mu
3;C7;0.1516;600nm;Mu
3;C8;0.1447;600nm;Mu
3;C9;0.1422;600nm;Mu
3;C10;0.1367;600nm;Mu
3;C11;0.1308;600nm;Mu
3;C12;0.1629;600nm;Mu
3;D1;0.1552;600nm;Mu
3;D2;0.1334;600nm;Mu
3;D3;0.143;600nm;Mu
3;D4;0.1395;600nm;Mu
3;D5;0.1422;600nm;Mu
3;D6;0.1372;600nm;Mu
3;D7;0.1298;600nm;Mu
3;D8;0.1331;600nm;Mu
3;D9;0.1346;600nm;Mu
3;D10;0.1372;600nm;Mu
3;D11;0.1336;600nm;Mu
3;D12;0.1597;600nm;Mu
3;E1;0.1827;600nm;Mu
3;E2;0.1353;600nm;Mu
3;E3;0.1497;600nm;Mu
3;E4;0.1379;600nm;Mu
3;E5;0.138;600nm;Mu
3;E6;0.1399;600nm;Mu
3;E7;0.1365;600nm;Mu
3;E8;0.1356;600nm;Mu
3;E9;0.1369;600nm;Mu
3;E10;0.131;600nm;Mu
3;E11;0.1541;600nm;Mu
3;E12;0.1695;600nm;Mu
3;F1;0.167;600nm;Mu
3;F2;0.1354;600nm;Mu
3;F3;0.1365;600nm;Mu
3;F4;0.1346;600nm;Mu
3;F5;0.1495;600nm;Mu
3;F6;0.1444;600nm;Mu
3;F7;0.1454;600nm;Mu
3;F8;0.1495;600nm;Mu
3;F9;0.1303;600nm;Mu
3;F10;0.1393;600nm;Mu
3;F11;0.1448;600nm;Mu
3;F12;0.1556;600nm;Mu
3;G1;0.1722;600nm;Mu
3;G2;0.1351;600nm;Mu
3;G3;0.1384;600nm;Mu
3;G4;0.1438;600nm;Mu
3;G5;0.1488;600nm;Mu
3;G6;0.1512;600nm;Mu
3;G7;0.1481;600nm;Mu
3;G8;0.144;600nm;Mu
3;G9;0.1364;600nm;Mu
3;G10;0.1371;600nm;Mu
3;G11;0.1367;600nm;Mu
3;G12;0.1683;600nm;Mu
3;H1;0.1593;600nm;WT_F16
3;H2;0.1393;600nm;WT_F16
3;H3;0.1445;600nm;WT_F16
3;H4;0.1482;600nm;WT_F16
3;H5;0.0904;600nm;Mg_F16
3;H6;0.084;600nm;Mg_F16
3;H7;0.0826;600nm;Mg_F16
3;H8;0.0835;600nm;Mg_F16
3;H9;0.1144;600nm;WT_noF16
3;H10;0.1144;600nm;WT_noF16
3;H11;0.1117;600nm;WT_noF16
3;H12;0.1947;600nm;WT_noF16
3;A1;1320;475nm/510nm;Mu
3;A2;993;475nm/510nm;Mu
3;A3;1011;475nm/510nm;Mu
3;A4;848;475nm/510nm;Mu
3;A5;861;475nm/510nm;Mu
3;A6;826;475nm/510nm;Mu
3;A7;839;475nm/510nm;Mu
3;A8;854;475nm/510nm;Mu
3;A9;761;475nm/510nm;Mu
3;A10;1140;475nm/510nm;Mu
3;A11;819;475nm/510nm;Mu
3;A12;1352;475nm/510nm;Mu
3;B1;938;475nm/510nm;Mu
3;B2;731;475nm/510nm;Mu
3;B3;753;475nm/510nm;Mu
3;B4;678;475nm/510nm;Mu
3;B5;750;475nm/510nm;Mu
3;B6;726;475nm/510nm;Mu
3;B7;665;475nm/510nm;Mu
3;B8;738;475nm/510nm;Mu
3;B9;699;475nm/510nm;Mu
3;B10;736;475nm/510nm;Mu
3;B11;752;475nm/510nm;Mu
3;B12;778;475nm/510nm;Mu
3;C1;863;475nm/510nm;Mu
3;C2;758;475nm/510nm;Mu
3;C3;742;475nm/510nm;Mu
3;C4;750;475nm/510nm;Mu
3;C5;768;475nm/510nm;Mu
3;C6;769;475nm/510nm;Mu
3;C7;814;475nm/510nm;Mu
3;C8;866;475nm/510nm;Mu
3;C9;792;475nm/510nm;Mu
3;C10;732;475nm/510nm;Mu
3;C11;668;475nm/510nm;Mu
3;C12;854;475nm/510nm;Mu
3;D1;843;475nm/510nm;Mu
3;D2;763;475nm/510nm;Mu
3;D3;805;475nm/510nm;Mu
3;D4;753;475nm/510nm;Mu
3;D5;787;475nm/510nm;Mu
3;D6;752;475nm/510nm;Mu
3;D7;754;475nm/510nm;Mu
3;D8;819;475nm/510nm;Mu
3;D9;756;475nm/510nm;Mu
3;D10;773;475nm/510nm;Mu
3;D11;748;475nm/510nm;Mu
3;D12;829;475nm/510nm;Mu
3;E1;1026;475nm/510nm;Mu
3;E2;773;475nm/510nm;Mu
3;E3;852;475nm/510nm;Mu
3;E4;754;475nm/510nm;Mu
3;E5;787;475nm/510nm;Mu
3;E6;823;475nm/510nm;Mu
3;E7;825;475nm/510nm;Mu
3;E8;741;475nm/510nm;Mu
3;E9;764;475nm/510nm;Mu
3;E10;733;475nm/510nm;Mu
3;E11;875;475nm/510nm;Mu
3;E12;920;475nm/510nm;Mu
3;F1;926;475nm/510nm;Mu
3;F2;763;475nm/510nm;Mu
3;F3;808;475nm/510nm;Mu
3;F4;761;475nm/510nm;Mu
3;F5;887;475nm/510nm;Mu
3;F6;789;475nm/510nm;Mu
3;F7;799;475nm/510nm;Mu
3;F8;828;475nm/510nm;Mu
3;F9;704;475nm/510nm;Mu
3;F10;766;475nm/510nm;Mu
3;F11;778;475nm/510nm;Mu
3;F12;781;475nm/510nm;Mu
3;G1;962;475nm/510nm;Mu
3;G2;769;475nm/510nm;Mu
3;G3;785;475nm/510nm;Mu
3;G4;799;475nm/510nm;Mu
3;G5;799;475nm/510nm;Mu
3;G6;789;475nm/510nm;Mu
3;G7;789;475nm/510nm;Mu
3;G8;772;475nm/510nm;Mu
3;G9;756;475nm/510nm;Mu
3;G10;734;475nm/510nm;Mu
3;G11;719;475nm/510nm;Mu
3;G12;802;475nm/510nm;Mu
3;H1;1006;475nm/510nm;WT_F16
3;H2;808;475nm/510nm;WT_F16
3;H3;825;475nm/510nm;WT_F16
3;H4;919;475nm/510nm;WT_F16
3;H5;209;475nm/510nm;Mg_F16
3;H6;195;475nm/510nm;Mg_F16
3;H7;192;475nm/510nm;Mg_F16
3;H8;196;475nm/510nm;Mg_F16
3;H9;452;475nm/510nm;WT_noF16
3;H10;462;475nm/510nm;WT_noF16
3;H11;437;475nm/510nm;WT_noF16
3;H12;391;475nm/510nm;WT_noF16
74;A1;0.1529;600nm;Mu
74;A2;0.1483;600nm;Mu
74;A3;0.0942;600nm;Mu
74;A4;0.1662;600nm;Mu
74;A5;0.1416;600nm;Mu
74;A6;0.1341;600nm;Mu
74;A7;0.1351;600nm;Mu
74;A8;0.1729;600nm;Mu
74;A9;0.0917;600nm;Mu
74;A10;0.0934;600nm;Mu
74;A11;0.149;600nm;Mu
74;A12;0.1588;600nm;Mu
74;B1;0.1822;600nm;Mu
74;B2;0.1488;600nm;Mu
74;B3;0.147;600nm;Mu
74;B4;0.1481;600nm;Mu
74;B5;0.1437;600nm;Mu
74;B6;0.1333;600nm;Mu
74;B7;0.1444;600nm;Mu
74;B8;0.1213;600nm;Mu
74;B9;0.121;600nm;Mu
74;B10;0.1311;600nm;Mu
74;B11;0.126;600nm;Mu
74;B12;0.1486;600nm;Mu
74;C1;0.158;600nm;Mu
74;C2;0.1653;600nm;Mu
74;C3;0.1763;600nm;Mu
74;C4;0.1974;600nm;Mu
74;C5;0.1931;600nm;Mu
74;C6;0.159;600nm;Mu
74;C7;0.1747;600nm;Mu
74;C8;0.1515;600nm;Mu
74;C9;0.1447;600nm;Mu
74;C10;0.1614;600nm;Mu
74;C11;0.1808;600nm;Mu
74;C12;0.1805;600nm;Mu
74;D1;0.1519;600nm;Mu
74;D2;0.135;600nm;Mu
74;D3;0.1448;600nm;Mu
74;D4;0.1568;600nm;Mu
74;D5;0.147;600nm;Mu
74;D6;0.1488;600nm;Mu
74;D7;0.1831;600nm;Mu
74;D8;0.148;600nm;Mu
74;D9;0.1525;600nm;Mu
74;D10;0.1361;600nm;Mu
74;D11;0.136;600nm;Mu
74;D12;0.1345;600nm;Mu
74;E1;0.134;600nm;Mu
74;E2;0.1308;600nm;Mu
74;E3;0.1231;600nm;Mu
74;E4;0.1308;600nm;Mu
74;E5;0.1355;600nm;Mu
74;E6;0.1402;600nm;Mu
74;E7;0.1454;600nm;Mu
74;E8;0.1212;600nm;Mu
74;E9;0.1388;600nm;Mu
74;E10;0.1418;600nm;Mu
74;E11;0.1723;600nm;Mu
74;E12;0.2029;600nm;Mu
74;F1;0.1498;600nm;Mu
74;F2;0.1513;600nm;Mu
74;F3;0.1584;600nm;Mu
74;F4;0.1639;600nm;Mu
74;F5;0.162;600nm;Mu
74;F6;0.1676;600nm;Mu
74;F7;0.1703;600nm;Mu
74;F8;0.139;600nm;Mu
74;F9;0.1529;600nm;Mu
74;F10;0.1637;600nm;Mu
74;F11;0.16;600nm;Mu
74;F12;0.1445;600nm;Mu
74;G1;0.145;600nm;Mu
74;G2;0.1583;600nm;Mu
74;G3;0.1591;600nm;Mu
74;G4;0.1733;600nm;Mu
74;G5;0.1589;600nm;Mu
74;G6;0.1653;600nm;Mu
74;G7;0.1784;600nm;Mu
74;G8;0.1818;600nm;Mu
74;G9;0.1669;600nm;Mu
74;G10;0.1683;600nm;Mu
74;G11;0.1829;600nm;Mu
74;G12;0.2991;600nm;Mu
74;H1;0.1349;600nm;WT_F16
74;H2;0.1277;600nm;WT_F16
74;H3;0.1325;600nm;WT_F16
74;H4;0.1431;600nm;WT_F16
74;H5;0.0973;600nm;Mg_F16
74;H6;0.0849;600nm;Mg_F16
74;H7;0.0857;600nm;Mg_F16
74;H8;0.0844;600nm;Mg_F16
74;H9;0.1434;600nm;WT_noF16
74;H10;0.156;600nm;WT_noF16
74;H11;0.171;600nm;WT_noF16
74;H12;0.2389;600nm;WT_noF16
74;A1;820;475nm/510nm;Mu
74;A2;811;475nm/510nm;Mu
74;A3;737;475nm/510nm;Mu
74;A4;981;475nm/510nm;Mu
74;A5;824;475nm/510nm;Mu
74;A6;719;475nm/510nm;Mu
74;A7;784;475nm/510nm;Mu
74;A8;668;475nm/510nm;Mu
74;A9;588;475nm/510nm;Mu
74;A10;624;475nm/510nm;Mu
74;A11;762;475nm/510nm;Mu
74;A12;868;475nm/510nm;Mu
74;B1;868;475nm/510nm;Mu
74;B2;720;475nm/510nm;Mu
74;B3;747;475nm/510nm;Mu
74;B4;816;475nm/510nm;Mu
74;B5;690;475nm/510nm;Mu
74;B6;680;475nm/510nm;Mu
74;B7;778;475nm/510nm;Mu
74;B8;640;475nm/510nm;Mu
74;B9;662;475nm/510nm;Mu
74;B10;805;475nm/510nm;Mu
74;B11;720;475nm/510nm;Mu
74;B12;782;475nm/510nm;Mu
74;C1;792;475nm/510nm;Mu
74;C2;823;475nm/510nm;Mu
74;C3;982;475nm/510nm;Mu
74;C4;1328;475nm/510nm;Mu
74;C5;934;475nm/510nm;Mu
74;C6;845;475nm/510nm;Mu
74;C7;989;475nm/510nm;Mu
74;C8;871;475nm/510nm;Mu
74;C9;818;475nm/510nm;Mu
74;C10;840;475nm/510nm;Mu
74;C11;963;475nm/510nm;Mu
74;C12;1010;475nm/510nm;Mu
74;D1;676;475nm/510nm;Mu
74;D2;683;475nm/510nm;Mu
74;D3;763;475nm/510nm;Mu
74;D4;918;475nm/510nm;Mu
74;D5;758;475nm/510nm;Mu
74;D6;893;475nm/510nm;Mu
74;D7;1116;475nm/510nm;Mu
74;D8;853;475nm/510nm;Mu
74;D9;847;475nm/510nm;Mu
74;D10;773;475nm/510nm;Mu
74;D11;782;475nm/510nm;Mu
74;D12;829;475nm/510nm;Mu
74;E1;702;475nm/510nm;Mu
74;E2;810;475nm/510nm;Mu
74;E3;601;475nm/510nm;Mu
74;E4;705;475nm/510nm;Mu
74;E5;690;475nm/510nm;Mu
74;E6;758;475nm/510nm;Mu
74;E7;808;475nm/510nm;Mu
74;E8;654;475nm/510nm;Mu
74;E9;895;475nm/510nm;Mu
74;E10;707;475nm/510nm;Mu
74;E11;898;475nm/510nm;Mu
74;E12;1013;475nm/510nm;Mu
74;F1;773;475nm/510nm;Mu
74;F2;772;475nm/510nm;Mu
74;F3;809;475nm/510nm;Mu
74;F4;858;475nm/510nm;Mu
74;F5;815;475nm/510nm;Mu
74;F6;1056;475nm/510nm;Mu
74;F7;890;475nm/510nm;Mu
74;F8;722;475nm/510nm;Mu
74;F9;781;475nm/510nm;Mu
74;F10;827;475nm/510nm;Mu
74;F11;918;475nm/510nm;Mu
74;F12;804;475nm/510nm;Mu
74;G1;756;475nm/510nm;Mu
74;G2;807;475nm/510nm;Mu
74;G3;844;475nm/510nm;Mu
74;G4;1025;475nm/510nm;Mu
74;G5;817;475nm/510nm;Mu
74;G6;891;475nm/510nm;Mu
74;G7;1023;475nm/510nm;Mu
74;G8;1237;475nm/510nm;Mu
74;G9;917;475nm/510nm;Mu
74;G10;887;475nm/510nm;Mu
74;G11;964;475nm/510nm;Mu
74;G12;584;475nm/510nm;Mu
74;H1;680;475nm/510nm;WT_F16
74;H2;669;475nm/510nm;WT_F16
74;H3;710;475nm/510nm;WT_F16
74;H4;771;475nm/510nm;WT_F16
74;H5;207;475nm/510nm;Mg_F16
74;H6;181;475nm/510nm;Mg_F16
74;H7;177;475nm/510nm;Mg_F16
74;H8;179;475nm/510nm;Mg_F16
74;H9;418;475nm/510nm;WT_noF16
74;H10;400;475nm/510nm;WT_noF16
74;H11;418;475nm/510nm;WT_noF16
74;H12;408;475nm/510nm;WT_noF16
73;A1;0.1366;600nm;Mu
73;A2;0.1608;600nm;Mu
73;A3;0.0907;600nm;Mu
73;A4;0.1681;600nm;Mu
73;A5;0.1194;600nm;Mu
73;A6;0.1087;600nm;Mu
73;A7;0.1156;600nm;Mu
73;A8;0.1322;600nm;Mu
73;A9;0.0905;600nm;Mu
73;A10;0.0913;600nm;Mu
73;A11;0.1565;600nm;Mu
73;A12;0.173;600nm;Mu
73;B1;0.172;600nm;Mu
73;B2;0.1533;600nm;Mu
73;B3;0.152;600nm;Mu
73;B4;0.1289;600nm;Mu
73;B5;0.1216;600nm;Mu
73;B6;0.1259;600nm;Mu
73;B7;0.115;600nm;Mu
73;B8;0.1269;600nm;Mu
73;B9;0.1254;600nm;Mu
73;B10;0.1418;600nm;Mu
73;B11;0.1338;600nm;Mu
73;B12;0.1867;600nm;Mu
73;C1;0.1622;600nm;Mu
73;C2;0.1517;600nm;Mu
73;C3;0.1528;600nm;Mu
73;C4;0.1409;600nm;Mu
73;C5;0.1341;600nm;Mu
73;C6;0.1416;600nm;Mu
73;C7;0.1556;600nm;Mu
73;C8;0.1834;600nm;Mu
73;C9;0.1796;600nm;Mu
73;C10;0.1744;600nm;Mu
73;C11;0.1656;600nm;Mu
73;C12;0.2053;600nm;Mu
73;D1;0.1489;600nm;Mu
73;D2;0.1735;600nm;Mu
73;D3;0.1539;600nm;Mu
73;D4;0.1467;600nm;Mu
73;D5;0.1399;600nm;Mu
73;D6;0.1627;600nm;Mu
73;D7;0.1398;600nm;Mu
73;D8;0.1395;600nm;Mu
73;D9;0.1442;600nm;Mu
73;D10;0.1483;600nm;Mu
73;D11;0.1499;600nm;Mu
73;D12;0.1667;600nm;Mu
73;E1;0.1481;600nm;Mu
73;E2;0.1319;600nm;Mu
73;E3;0.1331;600nm;Mu
73;E4;0.1287;600nm;Mu
73;E5;0.1405;600nm;Mu
73;E6;0.1291;600nm;Mu
73;E7;0.1239;600nm;Mu
73;E8;0.1171;600nm;Mu
73;E9;0.1309;600nm;Mu
73;E10;0.1296;600nm;Mu
73;E11;0.1283;600nm;Mu
73;E12;0.1442;600nm;Mu
73;F1;0.1741;600nm;Mu
73;F2;0.1379;600nm;Mu
73;F3;0.1564;600nm;Mu
73;F4;0.1421;600nm;Mu
73;F5;0.1385;600nm;Mu
73;F6;0.1531;600nm;Mu
73;F7;0.1383;600nm;Mu
73;F8;0.1407;600nm;Mu
73;F9;0.1472;600nm;Mu
73;F10;0.1247;600nm;Mu
73;F11;0.1674;600nm;Mu
73;F12;0.1656;600nm;Mu
73;G1;0.2088;600nm;Mu
73;G2;0.2123;600nm;Mu
73;G3;0.188;600nm;Mu
73;G4;0.1679;600nm;Mu
73;G5;0.1717;600nm;Mu
73;G6;0.1578;600nm;Mu
73;G7;0.1553;600nm;Mu
73;G8;0.1836;600nm;Mu
73;G9;0.1569;600nm;Mu
73;G10;0.1712;600nm;Mu
73;G11;0.1858;600nm;Mu
73;G12;0.2106;600nm;Mu
73;H1;0.085100003;600nm;WT_F16
73;H2;0.086400002;600nm;WT_F16
73;H3;0.091899998;600nm;WT_F16
73;H4;0.109099999;600nm;WT_F16
73;H5;0.086;600nm;Mg_F16
73;H6;0.0921;600nm;Mg_F16
73;H7;0.0871;600nm;Mg_F16
73;H8;0.0857;600nm;Mg_F16
73;H9;0.1062;600nm;WT_noF16
73;H10;0.0889;600nm;WT_noF16
73;H11;0.093900003;600nm;WT_noF16
73;H12;0.1329;600nm;WT_noF16
73;A1;764;475nm/510nm;Mu
73;A2;885;475nm/510nm;Mu
73;A3;819;475nm/510nm;Mu
73;A4;1158;475nm/510nm;Mu
73;A5;689;475nm/510nm;Mu
73;A6;679;475nm/510nm;Mu
73;A7;638;475nm/510nm;Mu
73;A8;774;475nm/510nm;Mu
73;A9;646;475nm/510nm;Mu
73;A10;667;475nm/510nm;Mu
73;A11;897;475nm/510nm;Mu
73;A12;931;475nm/510nm;Mu
73;B1;953;475nm/510nm;Mu
73;B2;874;475nm/510nm;Mu
73;B3;783;475nm/510nm;Mu
73;B4;745;475nm/510nm;Mu
73;B5;657;475nm/510nm;Mu
73;B6;777;475nm/510nm;Mu
73;B7;634;475nm/510nm;Mu
73;B8;765;475nm/510nm;Mu
73;B9;752;475nm/510nm;Mu
73;B10;792;475nm/510nm;Mu
73;B11;811;475nm/510nm;Mu
73;B12;1444;475nm/510nm;Mu
73;C1;976;475nm/510nm;Mu
73;C2;861;475nm/510nm;Mu
73;C3;1098;475nm/510nm;Mu
73;C4;956;475nm/510nm;Mu
73;C5;825;475nm/510nm;Mu
73;C6;791;475nm/510nm;Mu
73;C7;857;475nm/510nm;Mu
73;C8;1602;475nm/510nm;Mu
73;C9;963;475nm/510nm;Mu
73;C10;913;475nm/510nm;Mu
73;C11;945;475nm/510nm;Mu
73;C12;1175;475nm/510nm;Mu
73;D1;843;475nm/510nm;Mu
73;D2;1128;475nm/510nm;Mu
73;D3;903;475nm/510nm;Mu
73;D4;767;475nm/510nm;Mu
73;D5;955;475nm/510nm;Mu
73;D6;1011;475nm/510nm;Mu
73;D7;759;475nm/510nm;Mu
73;D8;791;475nm/510nm;Mu
73;D9;741;475nm/510nm;Mu
73;D10;770;475nm/510nm;Mu
73;D11;821;475nm/510nm;Mu
73;D12;897;475nm/510nm;Mu
73;E1;844;475nm/510nm;Mu
73;E2;774;475nm/510nm;Mu
73;E3;786;475nm/510nm;Mu
73;E4;752;475nm/510nm;Mu
73;E5;921;475nm/510nm;Mu
73;E6;809;475nm/510nm;Mu
73;E7;722;475nm/510nm;Mu
73;E8;634;475nm/510nm;Mu
73;E9;830;475nm/510nm;Mu
73;E10;773;475nm/510nm;Mu
73;E11;683;475nm/510nm;Mu
73;E12;816;475nm/510nm;Mu
73;F1;935;475nm/510nm;Mu
73;F2;802;475nm/510nm;Mu
73;F3;865;475nm/510nm;Mu
73;F4;815;475nm/510nm;Mu
73;F5;824;475nm/510nm;Mu
73;F6;886;475nm/510nm;Mu
73;F7;755;475nm/510nm;Mu
73;F8;769;475nm/510nm;Mu
73;F9;798;475nm/510nm;Mu
73;F10;768;475nm/510nm;Mu
73;F11;889;475nm/510nm;Mu
73;F12;971;475nm/510nm;Mu
73;G1;1195;475nm/510nm;Mu
73;G2;1211;475nm/510nm;Mu
73;G3;1036;475nm/510nm;Mu
73;G4;914;475nm/510nm;Mu
73;G5;1060;475nm/510nm;Mu
73;G6;895;475nm/510nm;Mu
73;G7;877;475nm/510nm;Mu
73;G8;992;475nm/510nm;Mu
73;G9;913;475nm/510nm;Mu
73;G10;953;475nm/510nm;Mu
73;G11;1009;475nm/510nm;Mu
73;G12;1170;475nm/510nm;Mu
73;H1;179;475nm/510nm;WT_F16
73;H2;201;475nm/510nm;WT_F16
73;H3;195;475nm/510nm;WT_F16
73;H4;203;475nm/510nm;WT_F16
73;H5;208;475nm/510nm;Mg_F16
73;H6;190;475nm/510nm;Mg_F16
73;H7;189;475nm/510nm;Mg_F16
73;H8;185;475nm/510nm;Mg_F16
73;H9;405;475nm/510nm;WT_noF16
73;H10;298;475nm/510nm;WT_noF16
73;H11;285;475nm/510nm;WT_noF16
73;H12;435;475nm/510nm;WT_noF16
72;A1;0.1404;600nm;Mu
72;A2;0.1278;600nm;Mu
72;A3;0.1632;600nm;Mu
72;A4;0.1251;600nm;Mu
72;A5;0.1271;600nm;Mu
72;A6;0.139;600nm;Mu
72;A7;0.1284;600nm;Mu
72;A8;0.1283;600nm;Mu
72;A9;0.1395;600nm;Mu
72;A10;0.0902;600nm;Mu
72;A11;0.0915;600nm;Mu
72;A12;0.1941;600nm;Mu
72;B1;0.1448;600nm;Mu
72;B2;0.135;600nm;Mu
72;B3;0.1256;600nm;Mu
72;B4;0.1333;600nm;Mu
72;B5;0.1469;600nm;Mu
72;B6;0.1214;600nm;Mu
72;B7;0.1411;600nm;Mu
72;B8;0.1239;600nm;Mu
72;B9;0.1401;600nm;Mu
72;B10;0.1197;600nm;Mu
72;B11;0.1405;600nm;Mu
72;B12;0.1525;600nm;Mu
72;C1;0.1493;600nm;Mu
72;C2;0.1288;600nm;Mu
72;C3;0.1261;600nm;Mu
72;C4;0.1219;600nm;Mu
72;C5;0.1361;600nm;Mu
72;C6;0.1206;600nm;Mu
72;C7;0.139;600nm;Mu
72;C8;0.1231;600nm;Mu
72;C9;0.1311;600nm;Mu
72;C10;0.1493;600nm;Mu
72;C11;0.1416;600nm;Mu
72;C12;0.1883;600nm;Mu
72;D1;0.1549;600nm;Mu
72;D2;0.1311;600nm;Mu
72;D3;0.1606;600nm;Mu
72;D4;0.1481;600nm;Mu
72;D5;0.1436;600nm;Mu
72;D6;0.1496;600nm;Mu
72;D7;0.1393;600nm;Mu
72;D8;0.1339;600nm;Mu
72;D9;0.1333;600nm;Mu
72;D10;0.1288;600nm;Mu
72;D11;0.1415;600nm;Mu
72;D12;0.142;600nm;Mu
72;E1;0.1644;600nm;Mu
72;E2;0.1337;600nm;Mu
72;E3;0.1277;600nm;Mu
72;E4;0.133;600nm;Mu
72;E5;0.1528;600nm;Mu
72;E6;0.1262;600nm;Mu
72;E7;0.1415;600nm;Mu
72;E8;0.1374;600nm;Mu
72;E9;0.1347;600nm;Mu
72;E10;0.1362;600nm;Mu
72;E11;0.1346;600nm;Mu
72;E12;0.1522;600nm;Mu
72;F1;0.1545;600nm;Mu
72;F2;0.1306;600nm;Mu
72;F3;0.1299;600nm;Mu
72;F4;0.1328;600nm;Mu
72;F5;0.1408;600nm;Mu
72;F6;0.1321;600nm;Mu
72;F7;0.1426;600nm;Mu
72;F8;0.1573;600nm;Mu
72;F9;0.1442;600nm;Mu
72;F10;0.1478;600nm;Mu
72;F11;0.1528;600nm;Mu
72;F12;0.1568;600nm;Mu
72;G1;0.1832;600nm;Mu
72;G2;0.151;600nm;Mu
72;G3;0.1612;600nm;Mu
72;G4;0.1378;600nm;Mu
72;G5;0.1523;600nm;Mu
72;G6;0.1608;600nm;Mu
72;G7;0.1623;600nm;Mu
72;G8;0.1613;600nm;Mu
72;G9;0.1451;600nm;Mu
72;G10;0.144;600nm;Mu
72;G11;0.1528;600nm;Mu
72;G12;0.1675;600nm;Mu
72;H1;0.1602;600nm;WT_F16
72;H2;0.1398;600nm;WT_F16
72;H3;0.143;600nm;WT_F16
72;H4;0.1423;600nm;WT_F16
72;H5;0.0921;600nm;Mg_F16
72;H6;0.0851;600nm;Mg_F16
72;H7;0.0843;600nm;Mg_F16
72;H8;0.0862;600nm;Mg_F16
72;H9;0.1209;600nm;WT_noF16
72;H10;0.1236;600nm;WT_noF16
72;H11;0.1391;600nm;WT_noF16
72;H12;0.2211;600nm;WT_noF16
72;A1;985;475nm/510nm;Mu
72;A2;759;475nm/510nm;Mu
72;A3;1555;475nm/510nm;Mu
72;A4;767;475nm/510nm;Mu
72;A5;769;475nm/510nm;Mu
72;A6;900;475nm/510nm;Mu
72;A7;978;475nm/510nm;Mu
72;A8;852;475nm/510nm;Mu
72;A9;844;475nm/510nm;Mu
72;A10;671;475nm/510nm;Mu
72;A11;563;475nm/510nm;Mu
72;A12;756;475nm/510nm;Mu
72;B1;831;475nm/510nm;Mu
72;B2;775;475nm/510nm;Mu
72;B3;718;475nm/510nm;Mu
72;B4;758;475nm/510nm;Mu
72;B5;846;475nm/510nm;Mu
72;B6;732;475nm/510nm;Mu
72;B7;1422;475nm/510nm;Mu
72;B8;783;475nm/510nm;Mu
72;B9;808;475nm/510nm;Mu
72;B10;794;475nm/510nm;Mu
72;B11;811;475nm/510nm;Mu
72;B12;1005;475nm/510nm;Mu
72;C1;873;475nm/510nm;Mu
72;C2;726;475nm/510nm;Mu
72;C3;882;475nm/510nm;Mu
72;C4;688;475nm/510nm;Mu
72;C5;918;475nm/510nm;Mu
72;C6;714;475nm/510nm;Mu
72;C7;961;475nm/510nm;Mu
72;C8;715;475nm/510nm;Mu
72;C9;743;475nm/510nm;Mu
72;C10;819;475nm/510nm;Mu
72;C11;841;475nm/510nm;Mu
72;C12;1219;475nm/510nm;Mu
72;D1;916;475nm/510nm;Mu
72;D2;750;475nm/510nm;Mu
72;D3;830;475nm/510nm;Mu
72;D4;832;475nm/510nm;Mu
72;D5;898;475nm/510nm;Mu
72;D6;858;475nm/510nm;Mu
72;D7;796;475nm/510nm;Mu
72;D8;811;475nm/510nm;Mu
72;D9;778;475nm/510nm;Mu
72;D10;769;475nm/510nm;Mu
72;D11;779;475nm/510nm;Mu
72;D12;838;475nm/510nm;Mu
72;E1;930;475nm/510nm;Mu
72;E2;750;475nm/510nm;Mu
72;E3;727;475nm/510nm;Mu
72;E4;698;475nm/510nm;Mu
72;E5;882;475nm/510nm;Mu
72;E6;776;475nm/510nm;Mu
72;E7;792;475nm/510nm;Mu
72;E8;811;475nm/510nm;Mu
72;E9;777;475nm/510nm;Mu
72;E10;787;475nm/510nm;Mu
72;E11;762;475nm/510nm;Mu
72;E12;917;475nm/510nm;Mu
72;F1;929;475nm/510nm;Mu
72;F2;754;475nm/510nm;Mu
72;F3;731;475nm/510nm;Mu
72;F4;823;475nm/510nm;Mu
72;F5;880;475nm/510nm;Mu
72;F6;821;475nm/510nm;Mu
72;F7;858;475nm/510nm;Mu
72;F8;1047;475nm/510nm;Mu
72;F9;874;475nm/510nm;Mu
72;F10;892;475nm/510nm;Mu
72;F11;810;475nm/510nm;Mu
72;F12;902;475nm/510nm;Mu
72;G1;1064;475nm/510nm;Mu
72;G2;884;475nm/510nm;Mu
72;G3;978;475nm/510nm;Mu
72;G4;816;475nm/510nm;Mu
72;G5;911;475nm/510nm;Mu
72;G6;1014;475nm/510nm;Mu
72;G7;892;475nm/510nm;Mu
72;G8;888;475nm/510nm;Mu
72;G9;882;475nm/510nm;Mu
72;G10;784;475nm/510nm;Mu
72;G11;845;475nm/510nm;Mu
72;G12;966;475nm/510nm;Mu
72;H1;931;475nm/510nm;WT_F16
72;H2;789;475nm/510nm;WT_F16
72;H3;816;475nm/510nm;WT_F16
72;H4;841;475nm/510nm;WT_F16
72;H5;213;475nm/510nm;Mg_F16
72;H6;189;475nm/510nm;Mg_F16
72;H7;197;475nm/510nm;Mg_F16
72;H8;189;475nm/510nm;Mg_F16
72;H9;447;475nm/510nm;WT_noF16
72;H10;425;475nm/510nm;WT_noF16
72;H11;429;475nm/510nm;WT_noF16
72;H12;432;475nm/510nm;WT_noF16
71;A1;0.1391;600nm;Mu
71;A2;0.1404;600nm;Mu
71;A3;0.1551;600nm;Mu
71;A4;0.1381;600nm;Mu
71;A5;0.1571;600nm;Mu
71;A6;0.1206;600nm;Mu
71;A7;0.1355;600nm;Mu
71;A8;0.1291;600nm;Mu
71;A9;0.1392;600nm;Mu
71;A10;0.1436;600nm;Mu
71;A11;0.1491;600nm;Mu
71;A12;0.1552;600nm;Mu
71;B1;0.1785;600nm;Mu
71;B2;0.1785;600nm;Mu
71;B3;0.167;600nm;Mu
71;B4;0.1374;600nm;Mu
71;B5;0.1272;600nm;Mu
71;B6;0.133;600nm;Mu
71;B7;0.125;600nm;Mu
71;B8;0.1481;600nm;Mu
71;B9;0.1404;600nm;Mu
71;B10;0.1365;600nm;Mu
71;B11;0.1359;600nm;Mu
71;B12;0.1677;600nm;Mu
71;C1;0.1588;600nm;Mu
71;C2;0.1272;600nm;Mu
71;C3;0.1242;600nm;Mu
71;C4;0.1278;600nm;Mu
71;C5;0.1389;600nm;Mu
71;C6;0.1379;600nm;Mu
71;C7;0.1274;600nm;Mu
71;C8;0.1255;600nm;Mu
71;C9;0.128;600nm;Mu
71;C10;0.1263;600nm;Mu
71;C11;0.1364;600nm;Mu
71;C12;0.1767;600nm;Mu
71;D1;0.2088;600nm;Mu
71;D2;0.1651;600nm;Mu
71;D3;0.1734;600nm;Mu
71;D4;0.1799;600nm;Mu
71;D5;0.1928;600nm;Mu
71;D6;0.1888;600nm;Mu
71;D7;0.1863;600nm;Mu
71;D8;0.1933;600nm;Mu
71;D9;0.1784;600nm;Mu
71;D10;0.2067;600nm;Mu
71;D11;0.1863;600nm;Mu
71;D12;0.2161;600nm;Mu
71;E1;0.1511;600nm;Mu
71;E2;0.1343;600nm;Mu
71;E3;0.1346;600nm;Mu
71;E4;0.1525;600nm;Mu
71;E5;0.1448;600nm;Mu
71;E6;0.2965;600nm;Mu
71;E7;0.1481;600nm;Mu
71;E8;0.1358;600nm;Mu
71;E9;0.1368;600nm;Mu
71;E10;0.1338;600nm;Mu
71;E11;0.1499;600nm;Mu
71;E12;0.1579;600nm;Mu
71;F1;0.1662;600nm;Mu
71;F2;0.1305;600nm;Mu
71;F3;0.1341;600nm;Mu
71;F4;0.2051;600nm;Mu
71;F5;0.138;600nm;Mu
71;F6;0.1262;600nm;Mu
71;F7;0.1379;600nm;Mu
71;F8;0.1349;600nm;Mu
71;F9;0.1324;600nm;Mu
71;F10;0.1356;600nm;Mu
71;F11;0.1406;600nm;Mu
71;F12;0.1516;600nm;Mu
71;G1;0.1991;600nm;Mu
71;G2;0.2095;600nm;Mu
71;G3;0.1816;600nm;Mu
71;G4;0.177;600nm;Mu
71;G5;0.1696;600nm;Mu
71;G6;0.157;600nm;Mu
71;G7;0.1335;600nm;Mu
71;G8;0.168;600nm;Mu
71;G9;0.1484;600nm;Mu
71;G10;0.1526;600nm;Mu
71;G11;0.1632;600nm;Mu
71;G12;0.1622;600nm;Mu
71;H1;0.1408;600nm;WT_F16
71;H2;0.138;600nm;WT_F16
71;H3;0.1368;600nm;WT_F16
71;H4;0.1401;600nm;WT_F16
71;H5;0.0887;600nm;Mg_F16
71;H6;0.0825;600nm;Mg_F16
71;H7;0.0826;600nm;Mg_F16
71;H8;0.0835;600nm;Mg_F16
71;H9;0.1139;600nm;WT_noF16
71;H10;0.1115;600nm;WT_noF16
71;H11;0.1168;600nm;WT_noF16
71;H12;0.089000002;600nm;WT_noF16
71;A1;829;475nm/510nm;Mu
71;A2;872;475nm/510nm;Mu
71;A3;1139;475nm/510nm;Mu
71;A4;880;475nm/510nm;Mu
71;A5;916;475nm/510nm;Mu
71;A6;743;475nm/510nm;Mu
71;A7;813;475nm/510nm;Mu
71;A8;812;475nm/510nm;Mu
71;A9;937;475nm/510nm;Mu
71;A10;872;475nm/510nm;Mu
71;A11;797;475nm/510nm;Mu
71;A12;1161;475nm/510nm;Mu
71;B1;1167;475nm/510nm;Mu
71;B2;1094;475nm/510nm;Mu
71;B3;970;475nm/510nm;Mu
71;B4;808;475nm/510nm;Mu
71;B5;689;475nm/510nm;Mu
71;B6;784;475nm/510nm;Mu
71;B7;734;475nm/510nm;Mu
71;B8;875;475nm/510nm;Mu
71;B9;849;475nm/510nm;Mu
71;B10;779;475nm/510nm;Mu
71;B11;754;475nm/510nm;Mu
71;B12;1161;475nm/510nm;Mu
71;C1;874;475nm/510nm;Mu
71;C2;708;475nm/510nm;Mu
71;C3;757;475nm/510nm;Mu
71;C4;758;475nm/510nm;Mu
71;C5;791;475nm/510nm;Mu
71;C6;807;475nm/510nm;Mu
71;C7;733;475nm/510nm;Mu
71;C8;773;475nm/510nm;Mu
71;C9;759;475nm/510nm;Mu
71;C10;762;475nm/510nm;Mu
71;C11;790;475nm/510nm;Mu
71;C12;1202;475nm/510nm;Mu
71;D1;1289;475nm/510nm;Mu
71;D2;969;475nm/510nm;Mu
71;D3;979;475nm/510nm;Mu
71;D4;1073;475nm/510nm;Mu
71;D5;1124;475nm/510nm;Mu
71;D6;1214;475nm/510nm;Mu
71;D7;1211;475nm/510nm;Mu
71;D8;1201;475nm/510nm;Mu
71;D9;994;475nm/510nm;Mu
71;D10;1324;475nm/510nm;Mu
71;D11;1040;475nm/510nm;Mu
71;D12;1305;475nm/510nm;Mu
71;E1;899;475nm/510nm;Mu
71;E2;820;475nm/510nm;Mu
71;E3;795;475nm/510nm;Mu
71;E4;910;475nm/510nm;Mu
71;E5;846;475nm/510nm;Mu
71;E6;856;475nm/510nm;Mu
71;E7;812;475nm/510nm;Mu
71;E8;852;475nm/510nm;Mu
71;E9;792;475nm/510nm;Mu
71;E10;948;475nm/510nm;Mu
71;E11;821;475nm/510nm;Mu
71;E12;956;475nm/510nm;Mu
71;F1;1052;475nm/510nm;Mu
71;F2;771;475nm/510nm;Mu
71;F3;758;475nm/510nm;Mu
71;F4;745;475nm/510nm;Mu
71;F5;895;475nm/510nm;Mu
71;F6;751;475nm/510nm;Mu
71;F7;847;475nm/510nm;Mu
71;F8;816;475nm/510nm;Mu
71;F9;788;475nm/510nm;Mu
71;F10;784;475nm/510nm;Mu
71;F11;779;475nm/510nm;Mu
71;F12;917;475nm/510nm;Mu
71;G1;1282;475nm/510nm;Mu
71;G2;1231;475nm/510nm;Mu
71;G3;1099;475nm/510nm;Mu
71;G4;1006;475nm/510nm;Mu
71;G5;961;475nm/510nm;Mu
71;G6;922;475nm/510nm;Mu
71;G7;924;475nm/510nm;Mu
71;G8;982;475nm/510nm;Mu
71;G9;883;475nm/510nm;Mu
71;G10;906;475nm/510nm;Mu
71;G11;1360;475nm/510nm;Mu
71;G12;1050;475nm/510nm;Mu
71;H1;871;475nm/510nm;WT_F16
71;H2;844;475nm/510nm;WT_F16
71;H3;867;475nm/510nm;WT_F16
71;H4;864;475nm/510nm;WT_F16
71;H5;211;475nm/510nm;Mg_F16
71;H6;188;475nm/510nm;Mg_F16
71;H7;188;475nm/510nm;Mg_F16
71;H8;188;475nm/510nm;Mg_F16
71;H9;454;475nm/510nm;WT_noF16
71;H10;438;475nm/510nm;WT_noF16
71;H11;449;475nm/510nm;WT_noF16
71;H12;176;475nm/510nm;WT_noF16
70;A1;0.1514;600nm;Mu
70;A2;0.1418;600nm;Mu
70;A3;0.143;600nm;Mu
70;A4;0.1338;600nm;Mu
70;A5;0.1397;600nm;Mu
70;A6;0.1304;600nm;Mu
70;A7;0.1325;600nm;Mu
70;A8;0.1334;600nm;Mu
70;A9;0.1507;600nm;Mu
70;A10;0.1442;600nm;Mu
70;A11;0.1613;600nm;Mu
70;A12;0.1654;600nm;Mu
70;B1;0.1633;600nm;Mu
70;B2;0.1411;600nm;Mu
70;B3;0.1403;600nm;Mu
70;B4;0.1358;600nm;Mu
70;B5;0.1393;600nm;Mu
70;B6;0.1286;600nm;Mu
70;B7;0.1283;600nm;Mu
70;B8;0.1136;600nm;Mu
70;B9;0.1275;600nm;Mu
70;B10;0.1414;600nm;Mu
70;B11;0.1308;600nm;Mu
70;B12;0.2305;600nm;Mu
70;C1;0.2198;600nm;Mu
70;C2;0.1667;600nm;Mu
70;C3;0.1749;600nm;Mu
70;C4;0.1584;600nm;Mu
70;C5;0.187;600nm;Mu
70;C6;0.1426;600nm;Mu
70;C7;0.1316;600nm;Mu
70;C8;0.1279;600nm;Mu
70;C9;0.1337;600nm;Mu
70;C10;0.1222;600nm;Mu
70;C11;0.1281;600nm;Mu
70;C12;0.1729;600nm;Mu
70;D1;0.1407;600nm;Mu
70;D2;0.1349;600nm;Mu
70;D3;0.1339;600nm;Mu
70;D4;0.145;600nm;Mu
70;D5;0.1503;600nm;Mu
70;D6;0.1466;600nm;Mu
70;D7;0.1327;600nm;Mu
70;D8;0.148;600nm;Mu
70;D9;0.1303;600nm;Mu
70;D10;0.1403;600nm;Mu
70;D11;0.154;600nm;Mu
70;D12;0.1694;600nm;Mu
70;E1;0.1689;600nm;Mu
70;E2;0.1452;600nm;Mu
70;E3;0.1473;600nm;Mu
70;E4;0.1752;600nm;Mu
70;E5;0.1628;600nm;Mu
70;E6;0.1388;600nm;Mu
70;E7;0.1474;600nm;Mu
70;E8;0.1507;600nm;Mu
70;E9;0.1313;600nm;Mu
70;E10;0.1366;600nm;Mu
70;E11;0.1502;600nm;Mu
70;E12;0.1849;600nm;Mu
70;F1;0.1417;600nm;Mu
70;F2;0.149;600nm;Mu
70;F3;0.1215;600nm;Mu
70;F4;0.124;600nm;Mu
70;F5;0.1251;600nm;Mu
70;F6;0.1339;600nm;Mu
70;F7;0.1381;600nm;Mu
70;F8;0.1364;600nm;Mu
70;F9;0.1483;600nm;Mu
70;F10;0.1711;600nm;Mu
70;F11;0.1572;600nm;Mu
70;F12;0.2094;600nm;Mu
70;G1;0.1971;600nm;Mu
70;G2;0.175;600nm;Mu
70;G3;0.1811;600nm;Mu
70;G4;0.1612;600nm;Mu
70;G5;0.1935;600nm;Mu
70;G6;0.2004;600nm;Mu
70;G7;0.1979;600nm;Mu
70;G8;0.1782;600nm;Mu
70;G9;0.1878;600nm;Mu
70;G10;0.1996;600nm;Mu
70;G11;0.188;600nm;Mu
70;G12;0.25;600nm;Mu
70;H1;0.1381;600nm;WT_F16
70;H2;0.1315;600nm;WT_F16
70;H3;0.1359;600nm;WT_F16
70;H4;0.14;600nm;WT_F16
70;H5;0.0888;600nm;Mg_F16
70;H6;0.0829;600nm;Mg_F16
70;H7;0.0834;600nm;Mg_F16
70;H8;0.0834;600nm;Mg_F16
70;H9;0.1062;600nm;WT_noF16
70;H10;0.108;600nm;WT_noF16
70;H11;0.1163;600nm;WT_noF16
70;H12;0.2124;600nm;WT_noF16
70;A1;1010;475nm/510nm;Mu
70;A2;834;475nm/510nm;Mu
70;A3;974;475nm/510nm;Mu
70;A4;864;475nm/510nm;Mu
70;A5;927;475nm/510nm;Mu
70;A6;833;475nm/510nm;Mu
70;A7;861;475nm/510nm;Mu
70;A8;871;475nm/510nm;Mu
70;A9;927;475nm/510nm;Mu
70;A10;903;475nm/510nm;Mu
70;A11;1019;475nm/510nm;Mu
70;A12;1150;475nm/510nm;Mu
70;B1;1021;475nm/510nm;Mu
70;B2;840;475nm/510nm;Mu
70;B3;860;475nm/510nm;Mu
70;B4;867;475nm/510nm;Mu
70;B5;966;475nm/510nm;Mu
70;B6;845;475nm/510nm;Mu
70;B7;898;475nm/510nm;Mu
70;B8;781;475nm/510nm;Mu
70;B9;819;475nm/510nm;Mu
70;B10;813;475nm/510nm;Mu
70;B11;806;475nm/510nm;Mu
70;B12;1846;475nm/510nm;Mu
70;C1;1436;475nm/510nm;Mu
70;C2;969;475nm/510nm;Mu
70;C3;905;475nm/510nm;Mu
70;C4;919;475nm/510nm;Mu
70;C5;1465;475nm/510nm;Mu
70;C6;884;475nm/510nm;Mu
70;C7;781;475nm/510nm;Mu
70;C8;805;475nm/510nm;Mu
70;C9;792;475nm/510nm;Mu
70;C10;805;475nm/510nm;Mu
70;C11;761;475nm/510nm;Mu
70;C12;1019;475nm/510nm;Mu
70;D1;867;475nm/510nm;Mu
70;D2;872;475nm/510nm;Mu
70;D3;810;475nm/510nm;Mu
70;D4;852;475nm/510nm;Mu
70;D5;890;475nm/510nm;Mu
70;D6;1188;475nm/510nm;Mu
70;D7;973;475nm/510nm;Mu
70;D8;917;475nm/510nm;Mu
70;D9;1029;475nm/510nm;Mu
70;D10;801;475nm/510nm;Mu
70;D11;1017;475nm/510nm;Mu
70;D12;962;475nm/510nm;Mu
70;E1;945;475nm/510nm;Mu
70;E2;813;475nm/510nm;Mu
70;E3;853;475nm/510nm;Mu
70;E4;1123;475nm/510nm;Mu
70;E5;948;475nm/510nm;Mu
70;E6;951;475nm/510nm;Mu
70;E7;890;475nm/510nm;Mu
70;E8;833;475nm/510nm;Mu
70;E9;814;475nm/510nm;Mu
70;E10;832;475nm/510nm;Mu
70;E11;839;475nm/510nm;Mu
70;E12;1097;475nm/510nm;Mu
70;F1;897;475nm/510nm;Mu
70;F2;873;475nm/510nm;Mu
70;F3;812;475nm/510nm;Mu
70;F4;784;475nm/510nm;Mu
70;F5;841;475nm/510nm;Mu
70;F6;839;475nm/510nm;Mu
70;F7;857;475nm/510nm;Mu
70;F8;903;475nm/510nm;Mu
70;F9;925;475nm/510nm;Mu
70;F10;1491;475nm/510nm;Mu
70;F11;909;475nm/510nm;Mu
70;F12;1464;475nm/510nm;Mu
70;G1;1397;475nm/510nm;Mu
70;G2;1063;475nm/510nm;Mu
70;G3;1290;475nm/510nm;Mu
70;G4;938;475nm/510nm;Mu
70;G5;1174;475nm/510nm;Mu
70;G6;1333;475nm/510nm;Mu
70;G7;1193;475nm/510nm;Mu
70;G8;1124;475nm/510nm;Mu
70;G9;1147;475nm/510nm;Mu
70;G10;1263;475nm/510nm;Mu
70;G11;1256;475nm/510nm;Mu
70;G12;1654;475nm/510nm;Mu
70;H1;792;475nm/510nm;WT_F16
70;H2;820;475nm/510nm;WT_F16
70;H3;846;475nm/510nm;WT_F16
70;H4;895;475nm/510nm;WT_F16
70;H5;232;475nm/510nm;Mg_F16
70;H6;193;475nm/510nm;Mg_F16
70;H7;191;475nm/510nm;Mg_F16
70;H8;187;475nm/510nm;Mg_F16
70;H9;459;475nm/510nm;WT_noF16
70;H10;434;475nm/510nm;WT_noF16
70;H11;452;475nm/510nm;WT_noF16
70;H12;433;475nm/510nm;WT_noF16
69;A1;0.1672;600nm;Mu
69;A2;0.217;600nm;Mu
69;A3;0.2188;600nm;Mu
69;A4;0.1685;600nm;Mu
69;A5;0.159;600nm;Mu
69;A6;0.1379;600nm;Mu
69;A7;0.1471;600nm;Mu
69;A8;0.1584;600nm;Mu
69;A9;0.1838;600nm;Mu
69;A10;0.1905;600nm;Mu
69;A11;0.2341;600nm;Mu
69;A12;0.2466;600nm;Mu
69;B1;0.2014;600nm;Mu
69;B2;0.1514;600nm;Mu
69;B3;0.1476;600nm;Mu
69;B4;0.1536;600nm;Mu
69;B5;0.1323;600nm;Mu
69;B6;0.1243;600nm;Mu
69;B7;0.1501;600nm;Mu
69;B8;0.1291;600nm;Mu
69;B9;0.1293;600nm;Mu
69;B10;0.1305;600nm;Mu
69;B11;0.1389;600nm;Mu
69;B12;0.1611;600nm;Mu
69;C1;0.1702;600nm;Mu
69;C2;0.1673;600nm;Mu
69;C3;0.1403;600nm;Mu
69;C4;0.1536;600nm;Mu
69;C5;0.1411;600nm;Mu
69;C6;0.1315;600nm;Mu
69;C7;0.1224;600nm;Mu
69;C8;0.1317;600nm;Mu
69;C9;0.1237;600nm;Mu
69;C10;0.1277;600nm;Mu
69;C11;0.1365;600nm;Mu
69;C12;0.169;600nm;Mu
69;D1;0.1794;600nm;Mu
69;D2;0.1388;600nm;Mu
69;D3;0.1492;600nm;Mu
69;D4;0.1335;600nm;Mu
69;D5;0.1358;600nm;Mu
69;D6;0.1473;600nm;Mu
69;D7;0.1484;600nm;Mu
69;D8;0.1417;600nm;Mu
69;D9;0.1437;600nm;Mu
69;D10;0.1448;600nm;Mu
69;D11;0.1502;600nm;Mu
69;D12;0.1888;600nm;Mu
69;E1;0.1483;600nm;Mu
69;E2;0.1372;600nm;Mu
69;E3;0.14;600nm;Mu
69;E4;0.134;600nm;Mu
69;E5;0.1437;600nm;Mu
69;E6;0.1589;600nm;Mu
69;E7;0.1629;600nm;Mu
69;E8;0.1669;600nm;Mu
69;E9;0.1495;600nm;Mu
69;E10;0.1414;600nm;Mu
69;E11;0.1579;600nm;Mu
69;E12;0.2276;600nm;Mu
69;F1;0.2502;600nm;Mu
69;F2;0.1706;600nm;Mu
69;F3;0.176;600nm;Mu
69;F4;0.1472;600nm;Mu
69;F5;0.1552;600nm;Mu
69;F6;0.1581;600nm;Mu
69;F7;0.1506;600nm;Mu
69;F8;0.1393;600nm;Mu
69;F9;0.1426;600nm;Mu
69;F10;0.1334;600nm;Mu
69;F11;0.1384;600nm;Mu
69;F12;0.157;600nm;Mu
69;G1;0.1485;600nm;Mu
69;G2;0.1323;600nm;Mu
69;G3;0.1245;600nm;Mu
69;G4;0.1391;600nm;Mu
69;G5;0.145;600nm;Mu
69;G6;0.1684;600nm;Mu
69;G7;0.186;600nm;Mu
69;G8;0.1687;600nm;Mu
69;G9;0.1592;600nm;Mu
69;G10;0.182;600nm;Mu
69;G11;0.1764;600nm;Mu
69;G12;0.1815;600nm;Mu
69;H1;0.1392;600nm;WT_F16
69;H2;0.1308;600nm;WT_F16
69;H3;0.1351;600nm;WT_F16
69;H4;0.1326;600nm;WT_F16
69;H5;0.086;600nm;Mg_F16
69;H6;0.0828;600nm;Mg_F16
69;H7;0.0811;600nm;Mg_F16
69;H8;0.0824;600nm;Mg_F16
69;H9;0.1168;600nm;WT_noF16
69;H10;0.1254;600nm;WT_noF16
69;H11;0.1353;600nm;WT_noF16
69;H12;0.206;600nm;WT_noF16
69;A1;993;475nm/510nm;Mu
69;A2;4265;475nm/510nm;Mu
69;A3;1761;475nm/510nm;Mu
69;A4;984;475nm/510nm;Mu
69;A5;903;475nm/510nm;Mu
69;A6;819;475nm/510nm;Mu
69;A7;861;475nm/510nm;Mu
69;A8;908;475nm/510nm;Mu
69;A9;1083;475nm/510nm;Mu
69;A10;1218;475nm/510nm;Mu
69;A11;1883;475nm/510nm;Mu
69;A12;1339;475nm/510nm;Mu
69;B1;1536;475nm/510nm;Mu
69;B2;861;475nm/510nm;Mu
69;B3;1061;475nm/510nm;Mu
69;B4;952;475nm/510nm;Mu
69;B5;868;475nm/510nm;Mu
69;B6;776;475nm/510nm;Mu
69;B7;924;475nm/510nm;Mu
69;B8;813;475nm/510nm;Mu
69;B9;838;475nm/510nm;Mu
69;B10;788;475nm/510nm;Mu
69;B11;837;475nm/510nm;Mu
69;B12;1014;475nm/510nm;Mu
69;C1;1140;475nm/510nm;Mu
69;C2;961;475nm/510nm;Mu
69;C3;880;475nm/510nm;Mu
69;C4;932;475nm/510nm;Mu
69;C5;962;475nm/510nm;Mu
69;C6;808;475nm/510nm;Mu
69;C7;765;475nm/510nm;Mu
69;C8;874;475nm/510nm;Mu
69;C9;761;475nm/510nm;Mu
69;C10;762;475nm/510nm;Mu
69;C11;784;475nm/510nm;Mu
69;C12;1113;475nm/510nm;Mu
69;D1;1325;475nm/510nm;Mu
69;D2;793;475nm/510nm;Mu
69;D3;890;475nm/510nm;Mu
69;D4;928;475nm/510nm;Mu
69;D5;953;475nm/510nm;Mu
69;D6;1076;475nm/510nm;Mu
69;D7;922;475nm/510nm;Mu
69;D8;925;475nm/510nm;Mu
69;D9;979;475nm/510nm;Mu
69;D10;945;475nm/510nm;Mu
69;D11;1009;475nm/510nm;Mu
69;D12;1275;475nm/510nm;Mu
69;E1;835;475nm/510nm;Mu
69;E2;801;475nm/510nm;Mu
69;E3;777;475nm/510nm;Mu
69;E4;800;475nm/510nm;Mu
69;E5;888;475nm/510nm;Mu
69;E6;1007;475nm/510nm;Mu
69;E7;1097;475nm/510nm;Mu
69;E8;1039;475nm/510nm;Mu
69;E9;999;475nm/510nm;Mu
69;E10;860;475nm/510nm;Mu
69;E11;977;475nm/510nm;Mu
69;E12;1593;475nm/510nm;Mu
69;F1;1991;475nm/510nm;Mu
69;F2;1059;475nm/510nm;Mu
69;F3;1043;475nm/510nm;Mu
69;F4;917;475nm/510nm;Mu
69;F5;1007;475nm/510nm;Mu
69;F6;1006;475nm/510nm;Mu
69;F7;981;475nm/510nm;Mu
69;F8;962;475nm/510nm;Mu
69;F9;1083;475nm/510nm;Mu
69;F10;831;475nm/510nm;Mu
69;F11;854;475nm/510nm;Mu
69;F12;1090;475nm/510nm;Mu
69;G1;955;475nm/510nm;Mu
69;G2;773;475nm/510nm;Mu
69;G3;795;475nm/510nm;Mu
69;G4;828;475nm/510nm;Mu
69;G5;929;475nm/510nm;Mu
69;G6;1084;475nm/510nm;Mu
69;G7;1180;475nm/510nm;Mu
69;G8;1017;475nm/510nm;Mu
69;G9;1013;475nm/510nm;Mu
69;G10;1411;475nm/510nm;Mu
69;G11;987;475nm/510nm;Mu
69;G12;1112;475nm/510nm;Mu
69;H1;777;475nm/510nm;WT_F16
69;H2;749;475nm/510nm;WT_F16
69;H3;786;475nm/510nm;WT_F16
69;H4;841;475nm/510nm;WT_F16
69;H5;199;475nm/510nm;Mg_F16
69;H6;193;475nm/510nm;Mg_F16
69;H7;183;475nm/510nm;Mg_F16
69;H8;186;475nm/510nm;Mg_F16
69;H9;453;475nm/510nm;WT_noF16
69;H10;437;475nm/510nm;WT_noF16
69;H11;436;475nm/510nm;WT_noF16
69;H12;431;475nm/510nm;WT_noF16
68;A1;0.1607;600nm;Mu
68;A2;0.1466;600nm;Mu
68;A3;0.1446;600nm;Mu
68;A4;0.1398;600nm;Mu
68;A5;0.1418;600nm;Mu
68;A6;0.1312;600nm;Mu
68;A7;0.1334;600nm;Mu
68;A8;0.1292;600nm;Mu
68;A9;0.1408;600nm;Mu
68;A10;0.1443;600nm;Mu
68;A11;0.1734;600nm;Mu
68;A12;0.1791;600nm;Mu
68;B1;0.1507;600nm;Mu
68;B2;0.1354;600nm;Mu
68;B3;0.1288;600nm;Mu
68;B4;0.1317;600nm;Mu
68;B5;0.1299;600nm;Mu
68;B6;0.1253;600nm;Mu
68;B7;0.129;600nm;Mu
68;B8;0.2162;600nm;Mu
68;B9;0.1321;600nm;Mu
68;B10;0.1266;600nm;Mu
68;B11;0.1254;600nm;Mu
68;B12;0.1804;600nm;Mu
68;C1;0.1488;600nm;Mu
68;C2;0.1905;600nm;Mu
68;C3;0.1726;600nm;Mu
68;C4;0.1358;600nm;Mu
68;C5;0.1352;600nm;Mu
68;C6;0.1261;600nm;Mu
68;C7;0.1611;600nm;Mu
68;C8;0.1349;600nm;Mu
68;C9;0.1328;600nm;Mu
68;C10;0.1366;600nm;Mu
68;C11;0.1491;600nm;Mu
68;C12;0.1664;600nm;Mu
68;D1;0.1685;600nm;Mu
68;D2;0.1406;600nm;Mu
68;D3;0.1281;600nm;Mu
68;D4;0.1368;600nm;Mu
68;D5;0.14;600nm;Mu
68;D6;0.1415;600nm;Mu
68;D7;0.1313;600nm;Mu
68;D8;0.1238;600nm;Mu
68;D9;0.1281;600nm;Mu
68;D10;0.129;600nm;Mu
68;D11;0.1277;600nm;Mu
68;D12;0.1597;600nm;Mu
68;E1;0.2295;600nm;Mu
68;E2;0.2106;600nm;Mu
68;E3;0.2006;600nm;Mu
68;E4;0.1967;600nm;Mu
68;E5;0.2398;600nm;Mu
68;E6;0.2237;600nm;Mu
68;E7;0.1859;600nm;Mu
68;E8;0.1392;600nm;Mu
68;E9;0.1357;600nm;Mu
68;E10;0.1449;600nm;Mu
68;E11;0.1347;600nm;Mu
68;E12;0.1686;600nm;Mu
68;F1;0.1433;600nm;Mu
68;F2;0.1398;600nm;Mu
68;F3;0.1361;600nm;Mu
68;F4;0.1331;600nm;Mu
68;F5;0.1285;600nm;Mu
68;F6;0.1323;600nm;Mu
68;F7;0.1267;600nm;Mu
68;F8;0.1288;600nm;Mu
68;F9;0.1513;600nm;Mu
68;F10;0.1305;600nm;Mu
68;F11;0.1284;600nm;Mu
68;F12;0.1851;600nm;Mu
68;G1;0.1412;600nm;Mu
68;G2;0.1292;600nm;Mu
68;G3;0.1033;600nm;Mu
68;G4;0.1422;600nm;Mu
68;G5;0.1457;600nm;Mu
68;G6;0.1472;600nm;Mu
68;G7;0.1382;600nm;Mu
68;G8;0.1616;600nm;Mu
68;G9;0.1432;600nm;Mu
68;G10;0.1409;600nm;Mu
68;G11;0.1546;600nm;Mu
68;G12;0.1882;600nm;Mu
68;H1;0.1537;600nm;WT_F16
68;H2;0.141;600nm;WT_F16
68;H3;0.1427;600nm;WT_F16
68;H4;0.1387;600nm;WT_F16
68;H5;0.0902;600nm;Mg_F16
68;H6;0.0828;600nm;Mg_F16
68;H7;0.09;600nm;Mg_F16
68;H8;0.0955;600nm;Mg_F16
68;H9;0.1097;600nm;WT_noF16
68;H10;0.1247;600nm;WT_noF16
68;H11;0.1304;600nm;WT_noF16
68;H12;0.2008;600nm;WT_noF16
68;A1;1016;475nm/510nm;Mu
68;A2;837;475nm/510nm;Mu
68;A3;948;475nm/510nm;Mu
68;A4;854;475nm/510nm;Mu
68;A5;937;475nm/510nm;Mu
68;A6;791;475nm/510nm;Mu
68;A7;818;475nm/510nm;Mu
68;A8;813;475nm/510nm;Mu
68;A9;855;475nm/510nm;Mu
68;A10;880;475nm/510nm;Mu
68;A11;1083;475nm/510nm;Mu
68;A12;737;475nm/510nm;Mu
68;B1;974;475nm/510nm;Mu
68;B2;784;475nm/510nm;Mu
68;B3;768;475nm/510nm;Mu
68;B4;751;475nm/510nm;Mu
68;B5;789;475nm/510nm;Mu
68;B6;773;475nm/510nm;Mu
68;B7;828;475nm/510nm;Mu
68;B8;519;475nm/510nm;Mu
68;B9;812;475nm/510nm;Mu
68;B10;801;475nm/510nm;Mu
68;B11;817;475nm/510nm;Mu
68;B12;1562;475nm/510nm;Mu
68;C1;973;475nm/510nm;Mu
68;C2;1159;475nm/510nm;Mu
68;C3;885;475nm/510nm;Mu
68;C4;802;475nm/510nm;Mu
68;C5;797;475nm/510nm;Mu
68;C6;763;475nm/510nm;Mu
68;C7;1096;475nm/510nm;Mu
68;C8;812;475nm/510nm;Mu
68;C9;781;475nm/510nm;Mu
68;C10;845;475nm/510nm;Mu
68;C11;1199;475nm/510nm;Mu
68;C12;1171;475nm/510nm;Mu
68;D1;983;475nm/510nm;Mu
68;D2;832;475nm/510nm;Mu
68;D3;784;475nm/510nm;Mu
68;D4;784;475nm/510nm;Mu
68;D5;910;475nm/510nm;Mu
68;D6;923;475nm/510nm;Mu
68;D7;903;475nm/510nm;Mu
68;D8;822;475nm/510nm;Mu
68;D9;803;475nm/510nm;Mu
68;D10;762;475nm/510nm;Mu
68;D11;772;475nm/510nm;Mu
68;D12;948;475nm/510nm;Mu
68;E1;1383;475nm/510nm;Mu
68;E2;1288;475nm/510nm;Mu
68;E3;1165;475nm/510nm;Mu
68;E4;1162;475nm/510nm;Mu
68;E5;1179;475nm/510nm;Mu
68;E6;1546;475nm/510nm;Mu
68;E7;1200;475nm/510nm;Mu
68;E8;882;475nm/510nm;Mu
68;E9;861;475nm/510nm;Mu
68;E10;946;475nm/510nm;Mu
68;E11;826;475nm/510nm;Mu
68;E12;1160;475nm/510nm;Mu
68;F1;891;475nm/510nm;Mu
68;F2;840;475nm/510nm;Mu
68;F3;756;475nm/510nm;Mu
68;F4;839;475nm/510nm;Mu
68;F5;851;475nm/510nm;Mu
68;F6;823;475nm/510nm;Mu
68;F7;832;475nm/510nm;Mu
68;F8;850;475nm/510nm;Mu
68;F9;756;475nm/510nm;Mu
68;F10;793;475nm/510nm;Mu
68;F11;797;475nm/510nm;Mu
68;F12;1171;475nm/510nm;Mu
68;G1;936;475nm/510nm;Mu
68;G2;827;475nm/510nm;Mu
68;G3;616;475nm/510nm;Mu
68;G4;867;475nm/510nm;Mu
68;G5;883;475nm/510nm;Mu
68;G6;914;475nm/510nm;Mu
68;G7;845;475nm/510nm;Mu
68;G8;764;475nm/510nm;Mu
68;G9;825;475nm/510nm;Mu
68;G10;862;475nm/510nm;Mu
68;G11;971;475nm/510nm;Mu
68;G12;1059;475nm/510nm;Mu
68;H1;862;475nm/510nm;WT_F16
68;H2;825;475nm/510nm;WT_F16
68;H3;846;475nm/510nm;WT_F16
68;H4;855;475nm/510nm;WT_F16
68;H5;214;475nm/510nm;Mg_F16
68;H6;178;475nm/510nm;Mg_F16
68;H7;183;475nm/510nm;Mg_F16
68;H8;176;475nm/510nm;Mg_F16
68;H9;450;475nm/510nm;WT_noF16
68;H10;455;475nm/510nm;WT_noF16
68;H11;463;475nm/510nm;WT_noF16
68;H12;453;475nm/510nm;WT_noF16
67;A1;0.1562;600nm;Mu
67;A2;0.1403;600nm;Mu
67;A3;0.1563;600nm;Mu
67;A4;0.1312;600nm;Mu
67;A5;0.1404;600nm;Mu
67;A6;0.1434;600nm;Mu
67;A7;0.1317;600nm;Mu
67;A8;0.1808;600nm;Mu
67;A9;0.1709;600nm;Mu
67;A10;0.2157;600nm;Mu
67;A11;0.2223;600nm;Mu
67;A12;0.1914;600nm;Mu
67;B1;0.1666;600nm;Mu
67;B2;0.1437;600nm;Mu
67;B3;0.1499;600nm;Mu
67;B4;0.1442;600nm;Mu
67;B5;0.1392;600nm;Mu
67;B6;0.1667;600nm;Mu
67;B7;0.1389;600nm;Mu
67;B8;0.1469;600nm;Mu
67;B9;0.1346;600nm;Mu
67;B10;0.1322;600nm;Mu
67;B11;0.1474;600nm;Mu
67;B12;0.168;600nm;Mu
67;C1;0.1483;600nm;Mu
67;C2;0.1258;600nm;Mu
67;C3;0.1347;600nm;Mu
67;C4;0.1243;600nm;Mu
67;C5;0.1336;600nm;Mu
67;C6;0.1308;600nm;Mu
67;C7;0.1363;600nm;Mu
67;C8;0.1462;600nm;Mu
67;C9;0.1846;600nm;Mu
67;C10;0.1432;600nm;Mu
67;C11;0.1458;600nm;Mu
67;C12;0.1954;600nm;Mu
67;D1;0.1292;600nm;Mu
67;D2;0.1303;600nm;Mu
67;D3;0.1293;600nm;Mu
67;D4;0.1272;600nm;Mu
67;D5;0.1566;600nm;Mu
67;D6;0.1634;600nm;Mu
67;D7;0.1596;600nm;Mu
67;D8;0.1352;600nm;Mu
67;D9;0.1395;600nm;Mu
67;D10;0.1238;600nm;Mu
67;D11;0.1352;600nm;Mu
67;D12;0.1697;600nm;Mu
67;E1;0.1439;600nm;Mu
67;E2;0.1317;600nm;Mu
67;E3;0.1173;600nm;Mu
67;E4;0.1251;600nm;Mu
67;E5;0.1427;600nm;Mu
67;E6;0.1336;600nm;Mu
67;E7;0.1486;600nm;Mu
67;E8;0.1326;600nm;Mu
67;E9;0.1508;600nm;Mu
67;E10;0.1319;600nm;Mu
67;E11;0.1363;600nm;Mu
67;E12;0.1716;600nm;Mu
67;F1;0.1423;600nm;Mu
67;F2;0.1307;600nm;Mu
67;F3;0.1005;600nm;Mu
67;F4;0.1237;600nm;Mu
67;F5;0.1403;600nm;Mu
67;F6;0.1268;600nm;Mu
67;F7;0.1428;600nm;Mu
67;F8;0.1582;600nm;Mu
67;F9;0.139;600nm;Mu
67;F10;0.1353;600nm;Mu
67;F11;0.1482;600nm;Mu
67;F12;0.1778;600nm;Mu
67;G1;0.1606;600nm;Mu
67;G2;0.1517;600nm;Mu
67;G3;0.1473;600nm;Mu
67;G4;0.1472;600nm;Mu
67;G5;0.1539;600nm;Mu
67;G6;0.1657;600nm;Mu
67;G7;0.1756;600nm;Mu
67;G8;0.1904;600nm;Mu
67;G9;0.1731;600nm;Mu
67;G10;0.19;600nm;Mu
67;G11;0.2128;600nm;Mu
67;G12;0.2472;600nm;Mu
67;H1;0.1479;600nm;WT_F16
67;H2;0.1353;600nm;WT_F16
67;H3;0.1424;600nm;WT_F16
67;H4;0.141;600nm;WT_F16
67;H5;0.0908;600nm;Mg_F16
67;H6;0.0838;600nm;Mg_F16
67;H7;0.0828;600nm;Mg_F16
67;H8;0.0843;600nm;Mg_F16
67;H9;0.1176;600nm;WT_noF16
67;H10;0.1502;600nm;WT_noF16
67;H11;0.1338;600nm;WT_noF16
67;H12;0.2002;600nm;WT_noF16
67;A1;1030;475nm/510nm;Mu
67;A2;868;475nm/510nm;Mu
67;A3;970;475nm/510nm;Mu
67;A4;818;475nm/510nm;Mu
67;A5;836;475nm/510nm;Mu
67;A6;891;475nm/510nm;Mu
67;A7;832;475nm/510nm;Mu
67;A8;1056;475nm/510nm;Mu
67;A9;1045;475nm/510nm;Mu
67;A10;1223;475nm/510nm;Mu
67;A11;1348;475nm/510nm;Mu
67;A12;795;475nm/510nm;Mu
67;B1;1053;475nm/510nm;Mu
67;B2;859;475nm/510nm;Mu
67;B3;950;475nm/510nm;Mu
67;B4;827;475nm/510nm;Mu
67;B5;943;475nm/510nm;Mu
67;B6;1258;475nm/510nm;Mu
67;B7;813;475nm/510nm;Mu
67;B8;891;475nm/510nm;Mu
67;B9;846;475nm/510nm;Mu
67;B10;820;475nm/510nm;Mu
67;B11;831;475nm/510nm;Mu
67;B12;1079;475nm/510nm;Mu
67;C1;965;475nm/510nm;Mu
67;C2;751;475nm/510nm;Mu
67;C3;840;475nm/510nm;Mu
67;C4;752;475nm/510nm;Mu
67;C5;813;475nm/510nm;Mu
67;C6;856;475nm/510nm;Mu
67;C7;821;475nm/510nm;Mu
67;C8;947;475nm/510nm;Mu
67;C9;931;475nm/510nm;Mu
67;C10;836;475nm/510nm;Mu
67;C11;850;475nm/510nm;Mu
67;C12;1271;475nm/510nm;Mu
67;D1;829;475nm/510nm;Mu
67;D2;776;475nm/510nm;Mu
67;D3;787;475nm/510nm;Mu
67;D4;764;475nm/510nm;Mu
67;D5;1033;475nm/510nm;Mu
67;D6;1094;475nm/510nm;Mu
67;D7;916;475nm/510nm;Mu
67;D8;840;475nm/510nm;Mu
67;D9;881;475nm/510nm;Mu
67;D10;1044;475nm/510nm;Mu
67;D11;832;475nm/510nm;Mu
67;D12;976;475nm/510nm;Mu
67;E1;902;475nm/510nm;Mu
67;E2;771;475nm/510nm;Mu
67;E3;732;475nm/510nm;Mu
67;E4;783;475nm/510nm;Mu
67;E5;888;475nm/510nm;Mu
67;E6;805;475nm/510nm;Mu
67;E7;855;475nm/510nm;Mu
67;E8;816;475nm/510nm;Mu
67;E9;990;475nm/510nm;Mu
67;E10;789;475nm/510nm;Mu
67;E11;804;475nm/510nm;Mu
67;E12;1190;475nm/510nm;Mu
67;F1;868;475nm/510nm;Mu
67;F2;768;475nm/510nm;Mu
67;F3;692;475nm/510nm;Mu
67;F4;767;475nm/510nm;Mu
67;F5;880;475nm/510nm;Mu
67;F6;768;475nm/510nm;Mu
67;F7;846;475nm/510nm;Mu
67;F8;917;475nm/510nm;Mu
67;F9;868;475nm/510nm;Mu
67;F10;837;475nm/510nm;Mu
67;F11;887;475nm/510nm;Mu
67;F12;1141;475nm/510nm;Mu
67;G1;974;475nm/510nm;Mu
67;G2;984;475nm/510nm;Mu
67;G3;877;475nm/510nm;Mu
67;G4;884;475nm/510nm;Mu
67;G5;921;475nm/510nm;Mu
67;G6;934;475nm/510nm;Mu
67;G7;1098;475nm/510nm;Mu
67;G8;1105;475nm/510nm;Mu
67;G9;1016;475nm/510nm;Mu
67;G10;1007;475nm/510nm;Mu
67;G11;1644;475nm/510nm;Mu
67;G12;1608;475nm/510nm;Mu
67;H1;821;475nm/510nm;WT_F16
67;H2;798;475nm/510nm;WT_F16
67;H3;822;475nm/510nm;WT_F16
67;H4;863;475nm/510nm;WT_F16
67;H5;219;475nm/510nm;Mg_F16
67;H6;193;475nm/510nm;Mg_F16
67;H7;185;475nm/510nm;Mg_F16
67;H8;178;475nm/510nm;Mg_F16
67;H9;457;475nm/510nm;WT_noF16
67;H10;439;475nm/510nm;WT_noF16
67;H11;453;475nm/510nm;WT_noF16
67;H12;457;475nm/510nm;WT_noF16
66;A1;0.1705;600nm;Mu
66;A2;0.1608;600nm;Mu
66;A3;0.1594;600nm;Mu
66;A4;0.1442;600nm;Mu
66;A5;0.1381;600nm;Mu
66;A6;0.143;600nm;Mu
66;A7;0.1251;600nm;Mu
66;A8;0.1304;600nm;Mu
66;A9;0.1543;600nm;Mu
66;A10;0.1513;600nm;Mu
66;A11;0.1915;600nm;Mu
66;A12;0.1555;600nm;Mu
66;B1;0.145;600nm;Mu
66;B2;0.1266;600nm;Mu
66;B3;0.1201;600nm;Mu
66;B4;0.1233;600nm;Mu
66;B5;0.1167;600nm;Mu
66;B6;0.1217;600nm;Mu
66;B7;0.1162;600nm;Mu
66;B8;0.1236;600nm;Mu
66;B9;0.1276;600nm;Mu
66;B10;0.1291;600nm;Mu
66;B11;0.1027;600nm;Mu
66;B12;0.1606;600nm;Mu
66;C1;0.1693;600nm;Mu
66;C2;0.1291;600nm;Mu
66;C3;0.1308;600nm;Mu
66;C4;0.1506;600nm;Mu
66;C5;0.1342;600nm;Mu
66;C6;0.1303;600nm;Mu
66;C7;0.1332;600nm;Mu
66;C8;0.1447;600nm;Mu
66;C9;0.1275;600nm;Mu
66;C10;0.1259;600nm;Mu
66;C11;0.1669;600nm;Mu
66;C12;0.1839;600nm;Mu
66;D1;0.1628;600nm;Mu
66;D2;0.1293;600nm;Mu
66;D3;0.1361;600nm;Mu
66;D4;0.1289;600nm;Mu
66;D5;0.141;600nm;Mu
66;D6;0.1379;600nm;Mu
66;D7;0.1176;600nm;Mu
66;D8;0.1296;600nm;Mu
66;D9;0.1326;600nm;Mu
66;D10;0.1214;600nm;Mu
66;D11;0.1523;600nm;Mu
66;D12;0.1538;600nm;Mu
66;E1;0.1992;600nm;Mu
66;E2;0.1815;600nm;Mu
66;E3;0.1547;600nm;Mu
66;E4;0.1695;600nm;Mu
66;E5;0.1685;600nm;Mu
66;E6;0.1493;600nm;Mu
66;E7;0.1415;600nm;Mu
66;E8;0.133;600nm;Mu
66;E9;0.1255;600nm;Mu
66;E10;0.1305;600nm;Mu
66;E11;0.1379;600nm;Mu
66;E12;0.1884;600nm;Mu
66;F1;0.1509;600nm;Mu
66;F2;0.1253;600nm;Mu
66;F3;0.1256;600nm;Mu
66;F4;0.1278;600nm;Mu
66;F5;0.141;600nm;Mu
66;F6;0.1406;600nm;Mu
66;F7;0.1248;600nm;Mu
66;F8;0.1244;600nm;Mu
66;F9;0.1248;600nm;Mu
66;F10;0.1238;600nm;Mu
66;F11;0.1328;600nm;Mu
66;F12;0.1673;600nm;Mu
66;G1;0.2023;600nm;Mu
66;G2;0.1779;600nm;Mu
66;G3;0.1392;600nm;Mu
66;G4;0.1732;600nm;Mu
66;G5;0.1587;600nm;Mu
66;G6;0.1751;600nm;Mu
66;G7;0.1616;600nm;Mu
66;G8;0.1577;600nm;Mu
66;G9;0.1487;600nm;Mu
66;G10;0.1524;600nm;Mu
66;G11;0.1556;600nm;Mu
66;G12;0.2071;600nm;Mu
66;H1;0.1381;600nm;WT_F16
66;H2;0.1394;600nm;WT_F16
66;H3;0.1484;600nm;WT_F16
66;H4;0.144;600nm;WT_F16
66;H5;0.0936;600nm;Mg_F16
66;H6;0.0837;600nm;Mg_F16
66;H7;0.0857;600nm;Mg_F16
66;H8;0.0846;600nm;Mg_F16
66;H9;0.1268;600nm;WT_noF16
66;H10;0.1426;600nm;WT_noF16
66;H11;0.1333;600nm;WT_noF16
66;H12;0.2055;600nm;WT_noF16
66;A1;1210;475nm/510nm;Mu
66;A2;1060;475nm/510nm;Mu
66;A3;997;475nm/510nm;Mu
66;A4;913;475nm/510nm;Mu
66;A5;955;475nm/510nm;Mu
66;A6;998;475nm/510nm;Mu
66;A7;822;475nm/510nm;Mu
66;A8;876;475nm/510nm;Mu
66;A9;1049;475nm/510nm;Mu
66;A10;950;475nm/510nm;Mu
66;A11;1222;475nm/510nm;Mu
66;A12;801;475nm/510nm;Mu
66;B1;976;475nm/510nm;Mu
66;B2;846;475nm/510nm;Mu
66;B3;773;475nm/510nm;Mu
66;B4;826;475nm/510nm;Mu
66;B5;725;475nm/510nm;Mu
66;B6;883;475nm/510nm;Mu
66;B7;802;475nm/510nm;Mu
66;B8;729;475nm/510nm;Mu
66;B9;926;475nm/510nm;Mu
66;B10;821;475nm/510nm;Mu
66;B11;624;475nm/510nm;Mu
66;B12;1079;475nm/510nm;Mu
66;C1;1103;475nm/510nm;Mu
66;C2;779;475nm/510nm;Mu
66;C3;810;475nm/510nm;Mu
66;C4;896;475nm/510nm;Mu
66;C5;954;475nm/510nm;Mu
66;C6;884;475nm/510nm;Mu
66;C7;980;475nm/510nm;Mu
66;C8;827;475nm/510nm;Mu
66;C9;876;475nm/510nm;Mu
66;C10;813;475nm/510nm;Mu
66;C11;1161;475nm/510nm;Mu
66;C12;1151;475nm/510nm;Mu
66;D1;987;475nm/510nm;Mu
66;D2;787;475nm/510nm;Mu
66;D3;892;475nm/510nm;Mu
66;D4;840;475nm/510nm;Mu
66;D5;1006;475nm/510nm;Mu
66;D6;1010;475nm/510nm;Mu
66;D7;920;475nm/510nm;Mu
66;D8;888;475nm/510nm;Mu
66;D9;941;475nm/510nm;Mu
66;D10;792;475nm/510nm;Mu
66;D11;1142;475nm/510nm;Mu
66;D12;1077;475nm/510nm;Mu
66;E1;1258;475nm/510nm;Mu
66;E2;1076;475nm/510nm;Mu
66;E3;921;475nm/510nm;Mu
66;E4;989;475nm/510nm;Mu
66;E5;1122;475nm/510nm;Mu
66;E6;1006;475nm/510nm;Mu
66;E7;955;475nm/510nm;Mu
66;E8;878;475nm/510nm;Mu
66;E9;830;475nm/510nm;Mu
66;E10;799;475nm/510nm;Mu
66;E11;976;475nm/510nm;Mu
66;E12;1275;475nm/510nm;Mu
66;F1;973;475nm/510nm;Mu
66;F2;812;475nm/510nm;Mu
66;F3;788;475nm/510nm;Mu
66;F4;804;475nm/510nm;Mu
66;F5;1092;475nm/510nm;Mu
66;F6;958;475nm/510nm;Mu
66;F7;775;475nm/510nm;Mu
66;F8;813;475nm/510nm;Mu
66;F9;833;475nm/510nm;Mu
66;F10;792;475nm/510nm;Mu
66;F11;934;475nm/510nm;Mu
66;F12;1053;475nm/510nm;Mu
66;G1;1370;475nm/510nm;Mu
66;G2;1055;475nm/510nm;Mu
66;G3;876;475nm/510nm;Mu
66;G4;1052;475nm/510nm;Mu
66;G5;1067;475nm/510nm;Mu
66;G6;1043;475nm/510nm;Mu
66;G7;1011;475nm/510nm;Mu
66;G8;992;475nm/510nm;Mu
66;G9;951;475nm/510nm;Mu
66;G10;956;475nm/510nm;Mu
66;G11;1003;475nm/510nm;Mu
66;G12;1281;475nm/510nm;Mu
66;H1;838;475nm/510nm;WT_F16
66;H2;866;475nm/510nm;WT_F16
66;H3;917;475nm/510nm;WT_F16
66;H4;891;475nm/510nm;WT_F16
66;H5;229;475nm/510nm;Mg_F16
66;H6;195;475nm/510nm;Mg_F16
66;H7;202;475nm/510nm;Mg_F16
66;H8;187;475nm/510nm;Mg_F16
66;H9;466;475nm/510nm;WT_noF16
66;H10;453;475nm/510nm;WT_noF16
66;H11;457;475nm/510nm;WT_noF16
66;H12;460;475nm/510nm;WT_noF16
87;A1;0.2716;600nm;Mu
87;A2;0.249;600nm;Mu
87;A3;0.1755;600nm;Mu
87;A4;0.1904;600nm;Mu
87;A5;0.1651;600nm;Mu
87;A6;0.1881;600nm;Mu
87;A7;0.21;600nm;Mu
87;A8;0.2345;600nm;Mu
87;A9;0.2423;600nm;Mu
87;A10;0.2605;600nm;Mu
87;A11;0.2005;600nm;Mu
87;A12;0.261;600nm;Mu
87;B1;0.3196;600nm;Mu
87;B2;0.1578;600nm;Mu
87;B3;0.1638;600nm;Mu
87;B4;0.1851;600nm;Mu
87;B5;0.1355;600nm;Mu
87;B6;0.1958;600nm;Mu
87;B7;0.1565;600nm;Mu
87;B8;0.2231;600nm;Mu
87;B9;0.1723;600nm;Mu
87;B10;0.1549;600nm;Mu
87;B11;0.1869;600nm;Mu
87;B12;0.1706;600nm;Mu
87;C1;0.183;600nm;Mu
87;C2;0.1939;600nm;Mu
87;C3;0.1794;600nm;Mu
87;C4;0.1797;600nm;Mu
87;C5;0.1401;600nm;Mu
87;C6;0.1614;600nm;Mu
87;C7;0.1594;600nm;Mu
87;C8;0.1699;600nm;Mu
87;C9;0.1077;600nm;Mu
87;C10;0.2021;600nm;Mu
87;C11;0.1509;600nm;Mu
87;C12;0.1422;600nm;Mu
87;D1;0.1507;600nm;Mu
87;D2;0.1774;600nm;Mu
87;D3;0.1404;600nm;Mu
87;D4;0.1536;600nm;Mu
87;D5;0.2077;600nm;Mu
87;D6;0.2499;600nm;Mu
87;D7;0.1541;600nm;Mu
87;D8;0.1291;600nm;Mu
87;D9;0.2347;600nm;Mu
87;D10;0.1372;600nm;Mu
87;D11;0.1345;600nm;Mu
87;D12;0.1402;600nm;Mu
87;E1;0.2513;600nm;Mu
87;E2;0.1527;600nm;Mu
87;E3;0.1474;600nm;Mu
87;E4;0.2656;600nm;Mu
87;E5;0.2811;600nm;Mu
87;E6;0.1597;600nm;Mu
87;E7;0.188;600nm;Mu
87;E8;0.147;600nm;Mu
87;E9;0.1784;600nm;Mu
87;E10;0.158;600nm;Mu
87;E11;0.1843;600nm;Mu
87;E12;0.1508;600nm;Mu
87;F1;0.2114;600nm;Mu
87;F2;0.2115;600nm;Mu
87;F3;0.1889;600nm;Mu
87;F4;0.2297;600nm;Mu
87;F5;0.242;600nm;Mu
87;F6;0.3313;600nm;Mu
87;F7;0.1754;600nm;Mu
87;F8;0.1482;600nm;Mu
87;F9;0.1442;600nm;Mu
87;F10;0.1757;600nm;Mu
87;F11;0.1715;600nm;Mu
87;F12;0.1455;600nm;Mu
87;G1;0.1754;600nm;Mu
87;G2;0.2105;600nm;Mu
87;G3;0.159;600nm;Mu
87;G4;0.1547;600nm;Mu
87;G5;0.1693;600nm;Mu
87;G6;0.1681;600nm;Mu
87;G7;0.1975;600nm;Mu
87;G8;0.1505;600nm;Mu
87;G9;0.1654;600nm;Mu
87;G10;0.148;600nm;Mu
87;G11;0.1484;600nm;Mu
87;G12;0.1486;600nm;Mu
87;H1;;600nm;WT_F16
87;H2;;600nm;WT_F16
87;H3;;600nm;WT_F16
87;H4;;600nm;WT_F16
87;H5;;600nm;Mg_F16
87;H6;;600nm;Mg_F16
87;H7;;600nm;Mg_F16
87;H8;;600nm;Mg_F16
87;H9;;600nm;WT_noF16
87;H10;;600nm;WT_noF16
87;H11;;600nm;WT_noF16
87;H12;;600nm;WT_noF16
87;A1;2227;475nm/510nm;Mu
87;A2;1601;475nm/510nm;Mu
87;A3;1536;475nm/510nm;Mu
87;A4;1636;475nm/510nm;Mu
87;A5;1534;475nm/510nm;Mu
87;A6;1443;475nm/510nm;Mu
87;A7;1392;475nm/510nm;Mu
87;A8;2068;475nm/510nm;Mu
87;A9;2138;475nm/510nm;Mu
87;A10;1838;475nm/510nm;Mu
87;A11;1653;475nm/510nm;Mu
87;A12;2262;475nm/510nm;Mu
87;B1;2558;475nm/510nm;Mu
87;B2;1413;475nm/510nm;Mu
87;B3;1362;475nm/510nm;Mu
87;B4;1836;475nm/510nm;Mu
87;B5;1361;475nm/510nm;Mu
87;B6;1669;475nm/510nm;Mu
87;B7;1281;475nm/510nm;Mu
87;B8;1510;475nm/510nm;Mu
87;B9;1446;475nm/510nm;Mu
87;B10;1273;475nm/510nm;Mu
87;B11;1634;475nm/510nm;Mu
87;B12;1669;475nm/510nm;Mu
87;C1;1605;475nm/510nm;Mu
87;C2;1340;475nm/510nm;Mu
87;C3;1370;475nm/510nm;Mu
87;C4;1660;475nm/510nm;Mu
87;C5;1091;475nm/510nm;Mu
87;C6;1285;475nm/510nm;Mu
87;C7;1473;475nm/510nm;Mu
87;C8;1495;475nm/510nm;Mu
87;C9;1528;475nm/510nm;Mu
87;C10;1487;475nm/510nm;Mu
87;C11;1275;475nm/510nm;Mu
87;C12;1412;475nm/510nm;Mu
87;D1;1510;475nm/510nm;Mu
87;D2;1496;475nm/510nm;Mu
87;D3;1183;475nm/510nm;Mu
87;D4;1306;475nm/510nm;Mu
87;D5;1682;475nm/510nm;Mu
87;D6;1652;475nm/510nm;Mu
87;D7;1246;475nm/510nm;Mu
87;D8;1231;475nm/510nm;Mu
87;D9;2134;475nm/510nm;Mu
87;D10;1127;475nm/510nm;Mu
87;D11;1416;475nm/510nm;Mu
87;D12;1913;475nm/510nm;Mu
87;E1;2039;475nm/510nm;Mu
87;E2;1158;475nm/510nm;Mu
87;E3;1331;475nm/510nm;Mu
87;E4;1910;475nm/510nm;Mu
87;E5;2031;475nm/510nm;Mu
87;E6;1401;475nm/510nm;Mu
87;E7;1437;475nm/510nm;Mu
87;E8;1480;475nm/510nm;Mu
87;E9;1428;475nm/510nm;Mu
87;E10;1187;475nm/510nm;Mu
87;E11;1631;475nm/510nm;Mu
87;E12;1628;475nm/510nm;Mu
87;F1;1877;475nm/510nm;Mu
87;F2;1475;475nm/510nm;Mu
87;F3;1496;475nm/510nm;Mu
87;F4;1722;475nm/510nm;Mu
87;F5;1844;475nm/510nm;Mu
87;F6;2208;475nm/510nm;Mu
87;F7;1288;475nm/510nm;Mu
87;F8;1384;475nm/510nm;Mu
87;F9;1479;475nm/510nm;Mu
87;F10;2023;475nm/510nm;Mu
87;F11;1158;475nm/510nm;Mu
87;F12;1522;475nm/510nm;Mu
87;G1;1503;475nm/510nm;Mu
87;G2;1494;475nm/510nm;Mu
87;G3;1162;475nm/510nm;Mu
87;G4;1477;475nm/510nm;Mu
87;G5;1755;475nm/510nm;Mu
87;G6;1329;475nm/510nm;Mu
87;G7;1599;475nm/510nm;Mu
87;G8;1473;475nm/510nm;Mu
87;G9;1430;475nm/510nm;Mu
87;G10;1400;475nm/510nm;Mu
87;G11;1375;475nm/510nm;Mu
87;G12;1624;475nm/510nm;Mu
87;H1;;475nm/510nm;WT_F16
87;H2;;475nm/510nm;WT_F16
87;H3;;475nm/510nm;WT_F16
87;H4;;475nm/510nm;WT_F16
87;H5;;475nm/510nm;Mg_F16
87;H6;;475nm/510nm;Mg_F16
87;H7;;475nm/510nm;Mg_F16
87;H8;;475nm/510nm;Mg_F16
87;H9;;475nm/510nm;WT_noF16
87;H10;;475nm/510nm;WT_noF16
87;H11;;475nm/510nm;WT_noF16
87;H12;;475nm/510nm;WT_noF16
86;A1;0.1694;600nm;Mu
86;A2;0.1544;600nm;Mu
86;A3;0.1324;600nm;Mu
86;A4;0.1408;600nm;Mu
86;A5;0.1278;600nm;Mu
86;A6;0.1466;600nm;Mu
86;A7;0.119;600nm;Mu
86;A8;0.1106;600nm;Mu
86;A9;0.1188;600nm;Mu
86;A10;0.1165;600nm;Mu
86;A11;0.1512;600nm;Mu
86;A12;0.1295;600nm;Mu
86;B1;0.1411;600nm;Mu
86;B2;0.1497;600nm;Mu
86;B3;0.1596;600nm;Mu
86;B4;0.1359;600nm;Mu
86;B5;0.1305;600nm;Mu
86;B6;0.1155;600nm;Mu
86;B7;0.1197;600nm;Mu
86;B8;0.1196;600nm;Mu
86;B9;0.1212;600nm;Mu
86;B10;0.1182;600nm;Mu
86;B11;0.1151;600nm;Mu
86;B12;0.1403;600nm;Mu
86;C1;0.1093;600nm;Mu
86;C2;0.114;600nm;Mu
86;C3;0.1285;600nm;Mu
86;C4;0.1141;600nm;Mu
86;C5;0.1237;600nm;Mu
86;C6;0.1115;600nm;Mu
86;C7;0.1053;600nm;Mu
86;C8;0.1112;600nm;Mu
86;C9;0.1081;600nm;Mu
86;C10;0.1089;600nm;Mu
86;C11;0.1128;600nm;Mu
86;C12;0.136;600nm;Mu
86;D1;0.1186;600nm;Mu
86;D2;0.1252;600nm;Mu
86;D3;0.1282;600nm;Mu
86;D4;0.1365;600nm;Mu
86;D5;0.1275;600nm;Mu
86;D6;0.1248;600nm;Mu
86;D7;0.1259;600nm;Mu
86;D8;0.1191;600nm;Mu
86;D9;0.1287;600nm;Mu
86;D10;0.1326;600nm;Mu
86;D11;0.1287;600nm;Mu
86;D12;0.1815;600nm;Mu
86;E1;0.13;600nm;Mu
86;E2;0.1242;600nm;Mu
86;E3;0.1341;600nm;Mu
86;E4;0.144;600nm;Mu
86;E5;0.1155;600nm;Mu
86;E6;0.1193;600nm;Mu
86;E7;0.1225;600nm;Mu
86;E8;0.1295;600nm;Mu
86;E9;0.1226;600nm;Mu
86;E10;0.1299;600nm;Mu
86;E11;0.1266;600nm;Mu
86;E12;0.1404;600nm;Mu
86;F1;0.1258;600nm;Mu
86;F2;0.1304;600nm;Mu
86;F3;0.1195;600nm;Mu
86;F4;0.132;600nm;Mu
86;F5;0.1325;600nm;Mu
86;F6;0.1158;600nm;Mu
86;F7;0.1128;600nm;Mu
86;F8;0.1245;600nm;Mu
86;F9;0.1359;600nm;Mu
86;F10;0.1361;600nm;Mu
86;F11;0.1491;600nm;Mu
86;F12;0.1597;600nm;Mu
86;G1;0.1254;600nm;Mu
86;G2;0.1303;600nm;Mu
86;G3;0.1494;600nm;Mu
86;G4;0.1339;600nm;Mu
86;G5;0.1639;600nm;Mu
86;G6;0.1337;600nm;Mu
86;G7;0.1282;600nm;Mu
86;G8;0.1348;600nm;Mu
86;G9;0.138;600nm;Mu
86;G10;0.143;600nm;Mu
86;G11;0.1433;600nm;Mu
86;G12;0.136;600nm;Mu
86;H1;0.1389;600nm;WT_F16
86;H2;0.1261;600nm;WT_F16
86;H3;0.1222;600nm;WT_F16
86;H4;0.1225;600nm;WT_F16
86;H5;0.0913;600nm;Mg_F16
86;H6;0.0838;600nm;Mg_F16
86;H7;0.0856;600nm;Mg_F16
86;H8;0.0848;600nm;Mg_F16
86;H9;0.2308;600nm;WT_noF16
86;H10;0.2204;600nm;WT_noF16
86;H11;0.2175;600nm;WT_noF16
86;H12;0.2306;600nm;WT_noF16
86;A1;807;475nm/510nm;Mu
86;A2;749;475nm/510nm;Mu
86;A3;712;475nm/510nm;Mu
86;A4;799;475nm/510nm;Mu
86;A5;644;475nm/510nm;Mu
86;A6;731;475nm/510nm;Mu
86;A7;620;475nm/510nm;Mu
86;A8;580;475nm/510nm;Mu
86;A9;609;475nm/510nm;Mu
86;A10;625;475nm/510nm;Mu
86;A11;734;475nm/510nm;Mu
86;A12;629;475nm/510nm;Mu
86;B1;708;475nm/510nm;Mu
86;B2;676;475nm/510nm;Mu
86;B3;1070;475nm/510nm;Mu
86;B4;639;475nm/510nm;Mu
86;B5;608;475nm/510nm;Mu
86;B6;552;475nm/510nm;Mu
86;B7;549;475nm/510nm;Mu
86;B8;543;475nm/510nm;Mu
86;B9;559;475nm/510nm;Mu
86;B10;591;475nm/510nm;Mu
86;B11;561;475nm/510nm;Mu
86;B12;779;475nm/510nm;Mu
86;C1;585;475nm/510nm;Mu
86;C2;650;475nm/510nm;Mu
86;C3;761;475nm/510nm;Mu
86;C4;591;475nm/510nm;Mu
86;C5;640;475nm/510nm;Mu
86;C6;552;475nm/510nm;Mu
86;C7;493;475nm/510nm;Mu
86;C8;524;475nm/510nm;Mu
86;C9;603;475nm/510nm;Mu
86;C10;555;475nm/510nm;Mu
86;C11;567;475nm/510nm;Mu
86;C12;647;475nm/510nm;Mu
86;D1;636;475nm/510nm;Mu
86;D2;680;475nm/510nm;Mu
86;D3;599;475nm/510nm;Mu
86;D4;860;475nm/510nm;Mu
86;D5;586;475nm/510nm;Mu
86;D6;632;475nm/510nm;Mu
86;D7;674;475nm/510nm;Mu
86;D8;552;475nm/510nm;Mu
86;D9;934;475nm/510nm;Mu
86;D10;590;475nm/510nm;Mu
86;D11;616;475nm/510nm;Mu
86;D12;1907;475nm/510nm;Mu
86;E1;752;475nm/510nm;Mu
86;E2;613;475nm/510nm;Mu
86;E3;721;475nm/510nm;Mu
86;E4;788;475nm/510nm;Mu
86;E5;552;475nm/510nm;Mu
86;E6;545;475nm/510nm;Mu
86;E7;607;475nm/510nm;Mu
86;E8;593;475nm/510nm;Mu
86;E9;548;475nm/510nm;Mu
86;E10;626;475nm/510nm;Mu
86;E11;597;475nm/510nm;Mu
86;E12;709;475nm/510nm;Mu
86;F1;594;475nm/510nm;Mu
86;F2;625;475nm/510nm;Mu
86;F3;570;475nm/510nm;Mu
86;F4;571;475nm/510nm;Mu
86;F5;586;475nm/510nm;Mu
86;F6;547;475nm/510nm;Mu
86;F7;466;475nm/510nm;Mu
86;F8;544;475nm/510nm;Mu
86;F9;596;475nm/510nm;Mu
86;F10;614;475nm/510nm;Mu
86;F11;703;475nm/510nm;Mu
86;F12;868;475nm/510nm;Mu
86;G1;677;475nm/510nm;Mu
86;G2;585;475nm/510nm;Mu
86;G3;703;475nm/510nm;Mu
86;G4;604;475nm/510nm;Mu
86;G5;853;475nm/510nm;Mu
86;G6;607;475nm/510nm;Mu
86;G7;614;475nm/510nm;Mu
86;G8;602;475nm/510nm;Mu
86;G9;599;475nm/510nm;Mu
86;G10;649;475nm/510nm;Mu
86;G11;720;475nm/510nm;Mu
86;G12;642;475nm/510nm;Mu
86;H1;971;475nm/510nm;WT_F16
86;H2;902;475nm/510nm;WT_F16
86;H3;850;475nm/510nm;WT_F16
86;H4;903;475nm/510nm;WT_F16
86;H5;184;475nm/510nm;Mg_F16
86;H6;175;475nm/510nm;Mg_F16
86;H7;174;475nm/510nm;Mg_F16
86;H8;167;475nm/510nm;Mg_F16
86;H9;562;475nm/510nm;WT_noF16
86;H10;566;475nm/510nm;WT_noF16
86;H11;573;475nm/510nm;WT_noF16
86;H12;556;475nm/510nm;WT_noF16
85;A1;0.1532;600nm;Mu
85;A2;0.1424;600nm;Mu
85;A3;0.1316;600nm;Mu
85;A4;0.1558;600nm;Mu
85;A5;0.1357;600nm;Mu
85;A6;0.1482;600nm;Mu
85;A7;0.1398;600nm;Mu
85;A8;0.1592;600nm;Mu
85;A9;0.1567;600nm;Mu
85;A10;0.1508;600nm;Mu
85;A11;0.1538;600nm;Mu
85;A12;0.1686;600nm;Mu
85;B1;0.1602;600nm;Mu
85;B2;0.143;600nm;Mu
85;B3;0.1377;600nm;Mu
85;B4;0.1266;600nm;Mu
85;B5;0.1333;600nm;Mu
85;B6;0.1335;600nm;Mu
85;B7;0.1297;600nm;Mu
85;B8;0.1404;600nm;Mu
85;B9;0.1508;600nm;Mu
85;B10;0.1389;600nm;Mu
85;B11;0.124;600nm;Mu
85;B12;0.1483;600nm;Mu
85;C1;0.1131;600nm;Mu
85;C2;0.1295;600nm;Mu
85;C3;0.1259;600nm;Mu
85;C4;0.1583;600nm;Mu
85;C5;0.15;600nm;Mu
85;C6;0.1474;600nm;Mu
85;C7;0.1213;600nm;Mu
85;C8;0.1248;600nm;Mu
85;C9;0.1311;600nm;Mu
85;C10;0.1343;600nm;Mu
85;C11;0.1394;600nm;Mu
85;C12;0.1387;600nm;Mu
85;D1;0.1542;600nm;Mu
85;D2;0.1431;600nm;Mu
85;D3;0.124;600nm;Mu
85;D4;0.138;600nm;Mu
85;D5;0.1452;600nm;Mu
85;D6;0.1402;600nm;Mu
85;D7;0.1479;600nm;Mu
85;D8;0.1298;600nm;Mu
85;D9;0.1368;600nm;Mu
85;D10;0.1252;600nm;Mu
85;D11;0.1288;600nm;Mu
85;D12;0.1253;600nm;Mu
85;E1;0.1392;600nm;Mu
85;E2;0.1357;600nm;Mu
85;E3;0.1361;600nm;Mu
85;E4;0.1317;600nm;Mu
85;E5;0.1292;600nm;Mu
85;E6;0.1382;600nm;Mu
85;E7;0.1348;600nm;Mu
85;E8;0.1424;600nm;Mu
85;E9;0.1241;600nm;Mu
85;E10;0.1389;600nm;Mu
85;E11;0.1293;600nm;Mu
85;E12;0.1314;600nm;Mu
85;F1;0.1252;600nm;Mu
85;F2;0.1443;600nm;Mu
85;F3;0.1435;600nm;Mu
85;F4;0.1239;600nm;Mu
85;F5;0.1378;600nm;Mu
85;F6;0.137;600nm;Mu
85;F7;0.1341;600nm;Mu
85;F8;0.1346;600nm;Mu
85;F9;0.1334;600nm;Mu
85;F10;0.139;600nm;Mu
85;F11;0.1313;600nm;Mu
85;F12;0.1487;600nm;Mu
85;G1;0.1377;600nm;Mu
85;G2;0.1426;600nm;Mu
85;G3;0.1315;600nm;Mu
85;G4;0.1518;600nm;Mu
85;G5;0.1627;600nm;Mu
85;G6;0.1567;600nm;Mu
85;G7;0.1455;600nm;Mu
85;G8;0.1445;600nm;Mu
85;G9;0.1412;600nm;Mu
85;G10;0.1364;600nm;Mu
85;G11;0.1473;600nm;Mu
85;G12;0.1403;600nm;Mu
85;H1;0.119;600nm;WT_F16
85;H2;0.1424;600nm;WT_F16
85;H3;0.1436;600nm;WT_F16
85;H4;0.1388;600nm;WT_F16
85;H5;0.0958;600nm;Mg_F16
85;H6;0.0846;600nm;Mg_F16
85;H7;0.0861;600nm;Mg_F16
85;H8;0.0843;600nm;Mg_F16
85;H9;0.2136;600nm;WT_noF16
85;H10;0.2258;600nm;WT_noF16
85;H11;0.2222;600nm;WT_noF16
85;H12;0.2564;600nm;WT_noF16
85;A1;806;475nm/510nm;Mu
85;A2;727;475nm/510nm;Mu
85;A3;705;475nm/510nm;Mu
85;A4;737;475nm/510nm;Mu
85;A5;685;475nm/510nm;Mu
85;A6;728;475nm/510nm;Mu
85;A7;711;475nm/510nm;Mu
85;A8;820;475nm/510nm;Mu
85;A9;823;475nm/510nm;Mu
85;A10;775;475nm/510nm;Mu
85;A11;725;475nm/510nm;Mu
85;A12;974;475nm/510nm;Mu
85;B1;734;475nm/510nm;Mu
85;B2;664;475nm/510nm;Mu
85;B3;612;475nm/510nm;Mu
85;B4;572;475nm/510nm;Mu
85;B5;608;475nm/510nm;Mu
85;B6;625;475nm/510nm;Mu
85;B7;623;475nm/510nm;Mu
85;B8;763;475nm/510nm;Mu
85;B9;734;475nm/510nm;Mu
85;B10;695;475nm/510nm;Mu
85;B11;582;475nm/510nm;Mu
85;B12;801;475nm/510nm;Mu
85;C1;588;475nm/510nm;Mu
85;C2;618;475nm/510nm;Mu
85;C3;569;475nm/510nm;Mu
85;C4;1139;475nm/510nm;Mu
85;C5;726;475nm/510nm;Mu
85;C6;750;475nm/510nm;Mu
85;C7;581;475nm/510nm;Mu
85;C8;600;475nm/510nm;Mu
85;C9;659;475nm/510nm;Mu
85;C10;691;475nm/510nm;Mu
85;C11;680;475nm/510nm;Mu
85;C12;680;475nm/510nm;Mu
85;D1;728;475nm/510nm;Mu
85;D2;667;475nm/510nm;Mu
85;D3;625;475nm/510nm;Mu
85;D4;604;475nm/510nm;Mu
85;D5;659;475nm/510nm;Mu
85;D6;620;475nm/510nm;Mu
85;D7;947;475nm/510nm;Mu
85;D8;573;475nm/510nm;Mu
85;D9;595;475nm/510nm;Mu
85;D10;578;475nm/510nm;Mu
85;D11;600;475nm/510nm;Mu
85;D12;650;475nm/510nm;Mu
85;E1;751;475nm/510nm;Mu
85;E2;675;475nm/510nm;Mu
85;E3;777;475nm/510nm;Mu
85;E4;641;475nm/510nm;Mu
85;E5;612;475nm/510nm;Mu
85;E6;606;475nm/510nm;Mu
85;E7;587;475nm/510nm;Mu
85;E8;634;475nm/510nm;Mu
85;E9;638;475nm/510nm;Mu
85;E10;630;475nm/510nm;Mu
85;E11;614;475nm/510nm;Mu
85;E12;698;475nm/510nm;Mu
85;F1;664;475nm/510nm;Mu
85;F2;683;475nm/510nm;Mu
85;F3;557;475nm/510nm;Mu
85;F4;652;475nm/510nm;Mu
85;F5;631;475nm/510nm;Mu
85;F6;610;475nm/510nm;Mu
85;F7;614;475nm/510nm;Mu
85;F8;649;475nm/510nm;Mu
85;F9;612;475nm/510nm;Mu
85;F10;785;475nm/510nm;Mu
85;F11;634;475nm/510nm;Mu
85;F12;713;475nm/510nm;Mu
85;G1;713;475nm/510nm;Mu
85;G2;712;475nm/510nm;Mu
85;G3;683;475nm/510nm;Mu
85;G4;731;475nm/510nm;Mu
85;G5;798;475nm/510nm;Mu
85;G6;698;475nm/510nm;Mu
85;G7;716;475nm/510nm;Mu
85;G8;670;475nm/510nm;Mu
85;G9;662;475nm/510nm;Mu
85;G10;645;475nm/510nm;Mu
85;G11;850;475nm/510nm;Mu
85;G12;752;475nm/510nm;Mu
85;H1;902;475nm/510nm;WT_F16
85;H2;986;475nm/510nm;WT_F16
85;H3;995;475nm/510nm;WT_F16
85;H4;999;475nm/510nm;WT_F16
85;H5;190;475nm/510nm;Mg_F16
85;H6;169;475nm/510nm;Mg_F16
85;H7;174;475nm/510nm;Mg_F16
85;H8;173;475nm/510nm;Mg_F16
85;H9;641;475nm/510nm;WT_noF16
85;H10;654;475nm/510nm;WT_noF16
85;H11;587;475nm/510nm;WT_noF16
85;H12;663;475nm/510nm;WT_noF16
84;A1;0.2118;600nm;Mu
84;A2;0.1614;600nm;Mu
84;A3;0.1733;600nm;Mu
84;A4;0.1743;600nm;Mu
84;A5;0.1517;600nm;Mu
84;A6;0.1544;600nm;Mu
84;A7;0.126;600nm;Mu
84;A8;0.1392;600nm;Mu
84;A9;0.1281;600nm;Mu
84;A10;0.1552;600nm;Mu
84;A11;0.1219;600nm;Mu
84;A12;0.1652;600nm;Mu
84;B1;0.1458;600nm;Mu
84;B2;0.1413;600nm;Mu
84;B3;0.1404;600nm;Mu
84;B4;0.1282;600nm;Mu
84;B5;0.1456;600nm;Mu
84;B6;0.129;600nm;Mu
84;B7;0.1238;600nm;Mu
84;B8;0.1386;600nm;Mu
84;B9;0.1207;600nm;Mu
84;B10;0.1381;600nm;Mu
84;B11;0.1337;600nm;Mu
84;B12;0.1264;600nm;Mu
84;C1;0.1219;600nm;Mu
84;C2;0.0948;600nm;Mu
84;C3;0.128;600nm;Mu
84;C4;0.1244;600nm;Mu
84;C5;0.1312;600nm;Mu
84;C6;0.1246;600nm;Mu
84;C7;0.1406;600nm;Mu
84;C8;0.1321;600nm;Mu
84;C9;0.1291;600nm;Mu
84;C10;0.1323;600nm;Mu
84;C11;0.1383;600nm;Mu
84;C12;0.1468;600nm;Mu
84;D1;0.1336;600nm;Mu
84;D2;0.1345;600nm;Mu
84;D3;0.1299;600nm;Mu
84;D4;0.1474;600nm;Mu
84;D5;0.13;600nm;Mu
84;D6;0.1442;600nm;Mu
84;D7;0.1245;600nm;Mu
84;D8;0.1306;600nm;Mu
84;D9;0.1295;600nm;Mu
84;D10;0.1281;600nm;Mu
84;D11;0.1317;600nm;Mu
84;D12;0.1358;600nm;Mu
84;E1;0.1457;600nm;Mu
84;E2;0.1345;600nm;Mu
84;E3;0.1725;600nm;Mu
84;E4;0.1417;600nm;Mu
84;E5;0.1517;600nm;Mu
84;E6;0.1285;600nm;Mu
84;E7;0.1521;600nm;Mu
84;E8;0.1403;600nm;Mu
84;E9;0.1355;600nm;Mu
84;E10;0.1318;600nm;Mu
84;E11;0.1459;600nm;Mu
84;E12;0.1636;600nm;Mu
84;F1;0.14;600nm;Mu
84;F2;0.1368;600nm;Mu
84;F3;0.1344;600nm;Mu
84;F4;0.1362;600nm;Mu
84;F5;0.1353;600nm;Mu
84;F6;0.1396;600nm;Mu
84;F7;0.1389;600nm;Mu
84;F8;0.1463;600nm;Mu
84;F9;0.1438;600nm;Mu
84;F10;0.1414;600nm;Mu
84;F11;0.1567;600nm;Mu
84;F12;0.1519;600nm;Mu
84;G1;0.144;600nm;Mu
84;G2;0.1339;600nm;Mu
84;G3;0.1558;600nm;Mu
84;G4;0.1598;600nm;Mu
84;G5;0.151;600nm;Mu
84;G6;0.1358;600nm;Mu
84;G7;0.1452;600nm;Mu
84;G8;0.1494;600nm;Mu
84;G9;0.1542;600nm;Mu
84;G10;0.1369;600nm;Mu
84;G11;0.1623;600nm;Mu
84;G12;0.174;600nm;Mu
84;H1;0.1392;600nm;WT_F16
84;H2;0.1336;600nm;WT_F16
84;H3;0.1592;600nm;WT_F16
84;H4;0.1535;600nm;WT_F16
84;H5;0.0907;600nm;Mg_F16
84;H6;0.083;600nm;Mg_F16
84;H7;0.0852;600nm;Mg_F16
84;H8;0.084;600nm;Mg_F16
84;H9;0.2033;600nm;WT_noF16
84;H10;0.1992;600nm;WT_noF16
84;H11;0.1892;600nm;WT_noF16
84;H12;0.24;600nm;WT_noF16
84;A1;1079;475nm/510nm;Mu
84;A2;810;475nm/510nm;Mu
84;A3;823;475nm/510nm;Mu
84;A4;835;475nm/510nm;Mu
84;A5;734;475nm/510nm;Mu
84;A6;788;475nm/510nm;Mu
84;A7;613;475nm/510nm;Mu
84;A8;725;475nm/510nm;Mu
84;A9;612;475nm/510nm;Mu
84;A10;795;475nm/510nm;Mu
84;A11;652;475nm/510nm;Mu
84;A12;854;475nm/510nm;Mu
84;B1;807;475nm/510nm;Mu
84;B2;623;475nm/510nm;Mu
84;B3;653;475nm/510nm;Mu
84;B4;602;475nm/510nm;Mu
84;B5;681;475nm/510nm;Mu
84;B6;592;475nm/510nm;Mu
84;B7;597;475nm/510nm;Mu
84;B8;682;475nm/510nm;Mu
84;B9;578;475nm/510nm;Mu
84;B10;680;475nm/510nm;Mu
84;B11;620;475nm/510nm;Mu
84;B12;659;475nm/510nm;Mu
84;C1;624;475nm/510nm;Mu
84;C2;491;475nm/510nm;Mu
84;C3;614;475nm/510nm;Mu
84;C4;607;475nm/510nm;Mu
84;C5;627;475nm/510nm;Mu
84;C6;604;475nm/510nm;Mu
84;C7;862;475nm/510nm;Mu
84;C8;656;475nm/510nm;Mu
84;C9;581;475nm/510nm;Mu
84;C10;654;475nm/510nm;Mu
84;C11;737;475nm/510nm;Mu
84;C12;756;475nm/510nm;Mu
84;D1;658;475nm/510nm;Mu
84;D2;654;475nm/510nm;Mu
84;D3;618;475nm/510nm;Mu
84;D4;903;475nm/510nm;Mu
84;D5;694;475nm/510nm;Mu
84;D6;748;475nm/510nm;Mu
84;D7;621;475nm/510nm;Mu
84;D8;593;475nm/510nm;Mu
84;D9;642;475nm/510nm;Mu
84;D10;590;475nm/510nm;Mu
84;D11;632;475nm/510nm;Mu
84;D12;716;475nm/510nm;Mu
84;E1;733;475nm/510nm;Mu
84;E2;679;475nm/510nm;Mu
84;E3;1896;475nm/510nm;Mu
84;E4;663;475nm/510nm;Mu
84;E5;980;475nm/510nm;Mu
84;E6;554;475nm/510nm;Mu
84;E7;719;475nm/510nm;Mu
84;E8;633;475nm/510nm;Mu
84;E9;644;475nm/510nm;Mu
84;E10;647;475nm/510nm;Mu
84;E11;730;475nm/510nm;Mu
84;E12;879;475nm/510nm;Mu
84;F1;670;475nm/510nm;Mu
84;F2;656;475nm/510nm;Mu
84;F3;641;475nm/510nm;Mu
84;F4;626;475nm/510nm;Mu
84;F5;643;475nm/510nm;Mu
84;F6;699;475nm/510nm;Mu
84;F7;671;475nm/510nm;Mu
84;F8;714;475nm/510nm;Mu
84;F9;692;475nm/510nm;Mu
84;F10;663;475nm/510nm;Mu
84;F11;787;475nm/510nm;Mu
84;F12;806;475nm/510nm;Mu
84;G1;720;475nm/510nm;Mu
84;G2;655;475nm/510nm;Mu
84;G3;730;475nm/510nm;Mu
84;G4;778;475nm/510nm;Mu
84;G5;702;475nm/510nm;Mu
84;G6;625;475nm/510nm;Mu
84;G7;706;475nm/510nm;Mu
84;G8;712;475nm/510nm;Mu
84;G9;714;475nm/510nm;Mu
84;G10;666;475nm/510nm;Mu
84;G11;790;475nm/510nm;Mu
84;G12;937;475nm/510nm;Mu
84;H1;978;475nm/510nm;WT_F16
84;H2;996;475nm/510nm;WT_F16
84;H3;1089;475nm/510nm;WT_F16
84;H4;1095;475nm/510nm;WT_F16
84;H5;197;475nm/510nm;Mg_F16
84;H6;180;475nm/510nm;Mg_F16
84;H7;186;475nm/510nm;Mg_F16
84;H8;183;475nm/510nm;Mg_F16
84;H9;632;475nm/510nm;WT_noF16
84;H10;594;475nm/510nm;WT_noF16
84;H11;603;475nm/510nm;WT_noF16
84;H12;599;475nm/510nm;WT_noF16
83;A1;0.174;600nm;Mu
83;A2;0.1665;600nm;Mu
83;A3;0.1708;600nm;Mu
83;A4;0.1798;600nm;Mu
83;A5;0.1638;600nm;Mu
83;A6;0.1432;600nm;Mu
83;A7;0.1742;600nm;Mu
83;A8;0.1614;600nm;Mu
83;A9;0.1528;600nm;Mu
83;A10;0.1706;600nm;Mu
83;A11;0.1706;600nm;Mu
83;A12;0.1754;600nm;Mu
83;B1;0.2259;600nm;Mu
83;B2;0.1605;600nm;Mu
83;B3;0.1528;600nm;Mu
83;B4;0.1519;600nm;Mu
83;B5;0.1348;600nm;Mu
83;B6;0.1334;600nm;Mu
83;B7;0.1327;600nm;Mu
83;B8;0.1354;600nm;Mu
83;B9;0.1344;600nm;Mu
83;B10;0.145;600nm;Mu
83;B11;0.1314;600nm;Mu
83;B12;0.1657;600nm;Mu
83;C1;0.1963;600nm;Mu
83;C2;0.1802;600nm;Mu
83;C3;0.1536;600nm;Mu
83;C4;0.1432;600nm;Mu
83;C5;0.1361;600nm;Mu
83;C6;0.1385;600nm;Mu
83;C7;0.1481;600nm;Mu
83;C8;0.1374;600nm;Mu
83;C9;0.1551;600nm;Mu
83;C10;0.1379;600nm;Mu
83;C11;0.1441;600nm;Mu
83;C12;0.1634;600nm;Mu
83;D1;0.1855;600nm;Mu
83;D2;0.174;600nm;Mu
83;D3;0.1636;600nm;Mu
83;D4;0.1669;600nm;Mu
83;D5;0.1495;600nm;Mu
83;D6;0.1411;600nm;Mu
83;D7;0.1382;600nm;Mu
83;D8;0.151;600nm;Mu
83;D9;0.1702;600nm;Mu
83;D10;0.1464;600nm;Mu
83;D11;0.1479;600nm;Mu
83;D12;0.1511;600nm;Mu
83;E1;0.179;600nm;Mu
83;E2;0.2165;600nm;Mu
83;E3;0.1581;600nm;Mu
83;E4;0.1445;600nm;Mu
83;E5;0.1486;600nm;Mu
83;E6;0.1642;600nm;Mu
83;E7;0.1547;600nm;Mu
83;E8;0.1496;600nm;Mu
83;E9;0.1604;600nm;Mu
83;E10;0.1569;600nm;Mu
83;E11;0.1703;600nm;Mu
83;E12;0.1646;600nm;Mu
83;F1;0.1079;600nm;Mu
83;F2;0.1608;600nm;Mu
83;F3;0.1623;600nm;Mu
83;F4;0.1662;600nm;Mu
83;F5;0.1663;600nm;Mu
83;F6;0.1596;600nm;Mu
83;F7;0.156;600nm;Mu
83;F8;0.1577;600nm;Mu
83;F9;0.1619;600nm;Mu
83;F10;0.1555;600nm;Mu
83;F11;0.1762;600nm;Mu
83;F12;0.1861;600nm;Mu
83;G1;0.1643;600nm;Mu
83;G2;0.1801;600nm;Mu
83;G3;0.1669;600nm;Mu
83;G4;0.1871;600nm;Mu
83;G5;0.1655;600nm;Mu
83;G6;0.1864;600nm;Mu
83;G7;0.1832;600nm;Mu
83;G8;0.1743;600nm;Mu
83;G9;0.1949;600nm;Mu
83;G10;0.1742;600nm;Mu
83;G11;0.1589;600nm;Mu
83;G12;0.1795;600nm;Mu
83;H1;0.2114;600nm;WT_F16
83;H2;0.1881;600nm;WT_F16
83;H3;0.203;600nm;WT_F16
83;H4;0.2365;600nm;WT_F16
83;H5;0.0981;600nm;Mg_F16
83;H6;0.0933;600nm;Mg_F16
83;H7;0.0932;600nm;Mg_F16
83;H8;0.0866;600nm;Mg_F16
83;H9;0.2046;600nm;WT_noF16
83;H10;0.1978;600nm;WT_noF16
83;H11;0.2024;600nm;WT_noF16
83;H12;0.2467;600nm;WT_noF16
83;A1;861;475nm/510nm;Mu
83;A2;775;475nm/510nm;Mu
83;A3;931;475nm/510nm;Mu
83;A4;924;475nm/510nm;Mu
83;A5;855;475nm/510nm;Mu
83;A6;749;475nm/510nm;Mu
83;A7;927;475nm/510nm;Mu
83;A8;892;475nm/510nm;Mu
83;A9;748;475nm/510nm;Mu
83;A10;840;475nm/510nm;Mu
83;A11;875;475nm/510nm;Mu
83;A12;845;475nm/510nm;Mu
83;B1;1276;475nm/510nm;Mu
83;B2;842;475nm/510nm;Mu
83;B3;734;475nm/510nm;Mu
83;B4;777;475nm/510nm;Mu
83;B5;719;475nm/510nm;Mu
83;B6;637;475nm/510nm;Mu
83;B7;662;475nm/510nm;Mu
83;B8;677;475nm/510nm;Mu
83;B9;735;475nm/510nm;Mu
83;B10;810;475nm/510nm;Mu
83;B11;698;475nm/510nm;Mu
83;B12;829;475nm/510nm;Mu
83;C1;989;475nm/510nm;Mu
83;C2;834;475nm/510nm;Mu
83;C3;768;475nm/510nm;Mu
83;C4;725;475nm/510nm;Mu
83;C5;715;475nm/510nm;Mu
83;C6;708;475nm/510nm;Mu
83;C7;851;475nm/510nm;Mu
83;C8;690;475nm/510nm;Mu
83;C9;809;475nm/510nm;Mu
83;C10;752;475nm/510nm;Mu
83;C11;753;475nm/510nm;Mu
83;C12;868;475nm/510nm;Mu
83;D1;994;475nm/510nm;Mu
83;D2;1085;475nm/510nm;Mu
83;D3;978;475nm/510nm;Mu
83;D4;885;475nm/510nm;Mu
83;D5;783;475nm/510nm;Mu
83;D6;702;475nm/510nm;Mu
83;D7;717;475nm/510nm;Mu
83;D8;703;475nm/510nm;Mu
83;D9;824;475nm/510nm;Mu
83;D10;712;475nm/510nm;Mu
83;D11;707;475nm/510nm;Mu
83;D12;768;475nm/510nm;Mu
83;E1;959;475nm/510nm;Mu
83;E2;1308;475nm/510nm;Mu
83;E3;804;475nm/510nm;Mu
83;E4;681;475nm/510nm;Mu
83;E5;727;475nm/510nm;Mu
83;E6;771;475nm/510nm;Mu
83;E7;781;475nm/510nm;Mu
83;E8;710;475nm/510nm;Mu
83;E9;738;475nm/510nm;Mu
83;E10;757;475nm/510nm;Mu
83;E11;794;475nm/510nm;Mu
83;E12;835;475nm/510nm;Mu
83;F1;627;475nm/510nm;Mu
83;F2;1069;475nm/510nm;Mu
83;F3;829;475nm/510nm;Mu
83;F4;820;475nm/510nm;Mu
83;F5;769;475nm/510nm;Mu
83;F6;816;475nm/510nm;Mu
83;F7;759;475nm/510nm;Mu
83;F8;799;475nm/510nm;Mu
83;F9;783;475nm/510nm;Mu
83;F10;796;475nm/510nm;Mu
83;F11;938;475nm/510nm;Mu
83;F12;1035;475nm/510nm;Mu
83;G1;1049;475nm/510nm;Mu
83;G2;828;475nm/510nm;Mu
83;G3;833;475nm/510nm;Mu
83;G4;877;475nm/510nm;Mu
83;G5;803;475nm/510nm;Mu
83;G6;866;475nm/510nm;Mu
83;G7;874;475nm/510nm;Mu
83;G8;891;475nm/510nm;Mu
83;G9;916;475nm/510nm;Mu
83;G10;874;475nm/510nm;Mu
83;G11;887;475nm/510nm;Mu
83;G12;869;475nm/510nm;Mu
83;H1;1310;475nm/510nm;WT_F16
83;H2;1228;475nm/510nm;WT_F16
83;H3;1334;475nm/510nm;WT_F16
83;H4;1385;475nm/510nm;WT_F16
83;H5;276;475nm/510nm;Mg_F16
83;H6;198;475nm/510nm;Mg_F16
83;H7;205;475nm/510nm;Mg_F16
83;H8;187;475nm/510nm;Mg_F16
83;H9;625;475nm/510nm;WT_noF16
83;H10;611;475nm/510nm;WT_noF16
83;H11;623;475nm/510nm;WT_noF16
83;H12;620;475nm/510nm;WT_noF16
82;A1;0.1488;600nm;Mu
82;A2;0.1396;600nm;Mu
82;A3;0.1182;600nm;Mu
82;A4;0.1407;600nm;Mu
82;A5;0.1252;600nm;Mu
82;A6;0.1237;600nm;Mu
82;A7;0.1254;600nm;Mu
82;A8;0.138;600nm;Mu
82;A9;0.1351;600nm;Mu
82;A10;0.1427;600nm;Mu
82;A11;0.1562;600nm;Mu
82;A12;0.1582;600nm;Mu
82;B1;0.1534;600nm;Mu
82;B2;0.1385;600nm;Mu
82;B3;0.141;600nm;Mu
82;B4;0.1388;600nm;Mu
82;B5;0.1404;600nm;Mu
82;B6;0.1398;600nm;Mu
82;B7;0.123;600nm;Mu
82;B8;0.1275;600nm;Mu
82;B9;0.1331;600nm;Mu
82;B10;0.1268;600nm;Mu
82;B11;0.128;600nm;Mu
82;B12;0.1449;600nm;Mu
82;C1;0.14;600nm;Mu
82;C2;0.1407;600nm;Mu
82;C3;0.1302;600nm;Mu
82;C4;0.1256;600nm;Mu
82;C5;0.1262;600nm;Mu
82;C6;0.1257;600nm;Mu
82;C7;0.121;600nm;Mu
82;C8;0.1258;600nm;Mu
82;C9;0.1263;600nm;Mu
82;C10;0.1141;600nm;Mu
82;C11;0.1349;600nm;Mu
82;C12;0.134;600nm;Mu
82;D1;0.1405;600nm;Mu
82;D2;0.1386;600nm;Mu
82;D3;0.129;600nm;Mu
82;D4;0.1277;600nm;Mu
82;D5;0.1183;600nm;Mu
82;D6;0.1289;600nm;Mu
82;D7;0.1258;600nm;Mu
82;D8;0.1294;600nm;Mu
82;D9;0.1295;600nm;Mu
82;D10;0.1287;600nm;Mu
82;D11;0.1327;600nm;Mu
82;D12;0.19;600nm;Mu
82;E1;0.157;600nm;Mu
82;E2;0.1329;600nm;Mu
82;E3;0.1297;600nm;Mu
82;E4;0.1365;600nm;Mu
82;E5;0.142;600nm;Mu
82;E6;0.1531;600nm;Mu
82;E7;0.146;600nm;Mu
82;E8;0.1506;600nm;Mu
82;E9;0.1481;600nm;Mu
82;E10;0.1486;600nm;Mu
82;E11;0.1476;600nm;Mu
82;E12;0.1814;600nm;Mu
82;F1;0.157;600nm;Mu
82;F2;0.1323;600nm;Mu
82;F3;0.1303;600nm;Mu
82;F4;0.128;600nm;Mu
82;F5;0.1366;600nm;Mu
82;F6;0.1402;600nm;Mu
82;F7;0.1436;600nm;Mu
82;F8;0.1353;600nm;Mu
82;F9;0.1472;600nm;Mu
82;F10;0.1361;600nm;Mu
82;F11;0.1405;600nm;Mu
82;F12;0.1507;600nm;Mu
82;G1;0.1538;600nm;Mu
82;G2;0.1383;600nm;Mu
82;G3;0.1364;600nm;Mu
82;G4;0.1402;600nm;Mu
82;G5;0.1408;600nm;Mu
82;G6;0.15;600nm;Mu
82;G7;0.142;600nm;Mu
82;G8;0.1469;600nm;Mu
82;G9;0.1448;600nm;Mu
82;G10;0.1481;600nm;Mu
82;G11;0.1372;600nm;Mu
82;G12;0.1754;600nm;Mu
82;H1;0.1338;600nm;WT_F16
82;H2;0.1232;600nm;WT_F16
82;H3;0.1364;600nm;WT_F16
82;H4;0.1351;600nm;WT_F16
82;H5;0.0895;600nm;Mg_F16
82;H6;0.0829;600nm;Mg_F16
82;H7;0.0829;600nm;Mg_F16
82;H8;0.0837;600nm;Mg_F16
82;H9;0.1031;600nm;WT_noF16
82;H10;0.1236;600nm;WT_noF16
82;H11;0.1229;600nm;WT_noF16
82;H12;0.1806;600nm;WT_noF16
82;A1;718;475nm/510nm;Mu
82;A2;686;475nm/510nm;Mu
82;A3;603;475nm/510nm;Mu
82;A4;691;475nm/510nm;Mu
82;A5;604;475nm/510nm;Mu
82;A6;616;475nm/510nm;Mu
82;A7;642;475nm/510nm;Mu
82;A8;687;475nm/510nm;Mu
82;A9;643;475nm/510nm;Mu
82;A10;702;475nm/510nm;Mu
82;A11;734;475nm/510nm;Mu
82;A12;698;475nm/510nm;Mu
82;B1;763;475nm/510nm;Mu
82;B2;680;475nm/510nm;Mu
82;B3;764;475nm/510nm;Mu
82;B4;701;475nm/510nm;Mu
82;B5;703;475nm/510nm;Mu
82;B6;696;475nm/510nm;Mu
82;B7;607;475nm/510nm;Mu
82;B8;636;475nm/510nm;Mu
82;B9;671;475nm/510nm;Mu
82;B10;606;475nm/510nm;Mu
82;B11;636;475nm/510nm;Mu
82;B12;699;475nm/510nm;Mu
82;C1;751;475nm/510nm;Mu
82;C2;721;475nm/510nm;Mu
82;C3;668;475nm/510nm;Mu
82;C4;736;475nm/510nm;Mu
82;C5;610;475nm/510nm;Mu
82;C6;655;475nm/510nm;Mu
82;C7;615;475nm/510nm;Mu
82;C8;668;475nm/510nm;Mu
82;C9;622;475nm/510nm;Mu
82;C10;599;475nm/510nm;Mu
82;C11;872;475nm/510nm;Mu
82;C12;600;475nm/510nm;Mu
82;D1;739;475nm/510nm;Mu
82;D2;666;475nm/510nm;Mu
82;D3;658;475nm/510nm;Mu
82;D4;635;475nm/510nm;Mu
82;D5;614;475nm/510nm;Mu
82;D6;639;475nm/510nm;Mu
82;D7;619;475nm/510nm;Mu
82;D8;640;475nm/510nm;Mu
82;D9;626;475nm/510nm;Mu
82;D10;655;475nm/510nm;Mu
82;D11;644;475nm/510nm;Mu
82;D12;636;475nm/510nm;Mu
82;E1;805;475nm/510nm;Mu
82;E2;674;475nm/510nm;Mu
82;E3;652;475nm/510nm;Mu
82;E4;670;475nm/510nm;Mu
82;E5;675;475nm/510nm;Mu
82;E6;729;475nm/510nm;Mu
82;E7;704;475nm/510nm;Mu
82;E8;711;475nm/510nm;Mu
82;E9;741;475nm/510nm;Mu
82;E10;694;475nm/510nm;Mu
82;E11;716;475nm/510nm;Mu
82;E12;793;475nm/510nm;Mu
82;F1;623;475nm/510nm;Mu
82;F2;575;475nm/510nm;Mu
82;F3;638;475nm/510nm;Mu
82;F4;607;475nm/510nm;Mu
82;F5;676;475nm/510nm;Mu
82;F6;698;475nm/510nm;Mu
82;F7;667;475nm/510nm;Mu
82;F8;672;475nm/510nm;Mu
82;F9;738;475nm/510nm;Mu
82;F10;664;475nm/510nm;Mu
82;F11;687;475nm/510nm;Mu
82;F12;715;475nm/510nm;Mu
82;G1;710;475nm/510nm;Mu
82;G2;692;475nm/510nm;Mu
82;G3;680;475nm/510nm;Mu
82;G4;696;475nm/510nm;Mu
82;G5;706;475nm/510nm;Mu
82;G6;727;475nm/510nm;Mu
82;G7;698;475nm/510nm;Mu
82;G8;697;475nm/510nm;Mu
82;G9;690;475nm/510nm;Mu
82;G10;728;475nm/510nm;Mu
82;G11;660;475nm/510nm;Mu
82;G12;836;475nm/510nm;Mu
82;H1;719;475nm/510nm;WT_F16
82;H2;672;475nm/510nm;WT_F16
82;H3;692;475nm/510nm;WT_F16
82;H4;738;475nm/510nm;WT_F16
82;H5;211;475nm/510nm;Mg_F16
82;H6;183;475nm/510nm;Mg_F16
82;H7;183;475nm/510nm;Mg_F16
82;H8;179;475nm/510nm;Mg_F16
82;H9;392;475nm/510nm;WT_noF16
82;H10;376;475nm/510nm;WT_noF16
82;H11;370;475nm/510nm;WT_noF16
82;H12;363;475nm/510nm;WT_noF16
81;A1;0.1794;600nm;Mu
81;A2;0.1568;600nm;Mu
81;A3;0.1596;600nm;Mu
81;A4;0.1249;600nm;Mu
81;A5;0.1311;600nm;Mu
81;A6;0.1306;600nm;Mu
81;A7;0.1259;600nm;Mu
81;A8;0.1259;600nm;Mu
81;A9;0.1327;600nm;Mu
81;A10;0.1418;600nm;Mu
81;A11;0.1579;600nm;Mu
81;A12;0.1855;600nm;Mu
81;B1;0.1353;600nm;Mu
81;B2;0.1358;600nm;Mu
81;B3;0.1398;600nm;Mu
81;B4;0.123;600nm;Mu
81;B5;0.136;600nm;Mu
81;B6;0.1284;600nm;Mu
81;B7;0.1266;600nm;Mu
81;B8;0.1255;600nm;Mu
81;B9;0.136;600nm;Mu
81;B10;0.1328;600nm;Mu
81;B11;0.1357;600nm;Mu
81;B12;0.1531;600nm;Mu
81;C1;0.136;600nm;Mu
81;C2;0.1364;600nm;Mu
81;C3;0.1318;600nm;Mu
81;C4;0.1409;600nm;Mu
81;C5;0.1319;600nm;Mu
81;C6;0.1329;600nm;Mu
81;C7;0.1228;600nm;Mu
81;C8;0.1366;600nm;Mu
81;C9;0.1323;600nm;Mu
81;C10;0.1303;600nm;Mu
81;C11;0.1297;600nm;Mu
81;C12;0.1422;600nm;Mu
81;D1;0.1432;600nm;Mu
81;D2;0.1506;600nm;Mu
81;D3;0.1241;600nm;Mu
81;D4;0.1385;600nm;Mu
81;D5;0.131;600nm;Mu
81;D6;0.1262;600nm;Mu
81;D7;0.1286;600nm;Mu
81;D8;0.126;600nm;Mu
81;D9;0.1321;600nm;Mu
81;D10;0.1508;600nm;Mu
81;D11;0.1368;600nm;Mu
81;D12;0.1508;600nm;Mu
81;E1;0.1601;600nm;Mu
81;E2;0.1565;600nm;Mu
81;E3;0.1486;600nm;Mu
81;E4;0.1318;600nm;Mu
81;E5;0.1363;600nm;Mu
81;E6;0.1448;600nm;Mu
81;E7;0.1366;600nm;Mu
81;E8;0.1367;600nm;Mu
81;E9;0.1317;600nm;Mu
81;E10;0.1309;600nm;Mu
81;E11;0.137;600nm;Mu
81;E12;0.1494;600nm;Mu
81;F1;0.1794;600nm;Mu
81;F2;0.1656;600nm;Mu
81;F3;0.134;600nm;Mu
81;F4;0.1525;600nm;Mu
81;F5;0.1376;600nm;Mu
81;F6;0.1385;600nm;Mu
81;F7;0.1541;600nm;Mu
81;F8;0.155;600nm;Mu
81;F9;0.1369;600nm;Mu
81;F10;0.1579;600nm;Mu
81;F11;0.1543;600nm;Mu
81;F12;0.1631;600nm;Mu
81;G1;0.1655;600nm;Mu
81;G2;0.159;600nm;Mu
81;G3;0.1346;600nm;Mu
81;G4;0.1435;600nm;Mu
81;G5;0.1456;600nm;Mu
81;G6;0.15;600nm;Mu
81;G7;0.1467;600nm;Mu
81;G8;0.1437;600nm;Mu
81;G9;0.1462;600nm;Mu
81;G10;0.1534;600nm;Mu
81;G11;0.1535;600nm;Mu
81;G12;0.1654;600nm;Mu
81;H1;0.1231;600nm;WT_F16
81;H2;0.1139;600nm;WT_F16
81;H3;0.1276;600nm;WT_F16
81;H4;0.1323;600nm;WT_F16
81;H5;0.0916;600nm;Mg_F16
81;H6;0.084;600nm;Mg_F16
81;H7;0.0852;600nm;Mg_F16
81;H8;0.0844;600nm;Mg_F16
81;H9;0.1209;600nm;WT_noF16
81;H10;0.1322;600nm;WT_noF16
81;H11;0.1408;600nm;WT_noF16
81;H12;0.2015;600nm;WT_noF16
81;A1;1177;475nm/510nm;Mu
81;A2;765;475nm/510nm;Mu
81;A3;843;475nm/510nm;Mu
81;A4;704;475nm/510nm;Mu
81;A5;698;475nm/510nm;Mu
81;A6;646;475nm/510nm;Mu
81;A7;650;475nm/510nm;Mu
81;A8;622;475nm/510nm;Mu
81;A9;717;475nm/510nm;Mu
81;A10;699;475nm/510nm;Mu
81;A11;806;475nm/510nm;Mu
81;A12;963;475nm/510nm;Mu
81;B1;686;475nm/510nm;Mu
81;B2;677;475nm/510nm;Mu
81;B3;730;475nm/510nm;Mu
81;B4;632;475nm/510nm;Mu
81;B5;683;475nm/510nm;Mu
81;B6;667;475nm/510nm;Mu
81;B7;644;475nm/510nm;Mu
81;B8;683;475nm/510nm;Mu
81;B9;701;475nm/510nm;Mu
81;B10;666;475nm/510nm;Mu
81;B11;935;475nm/510nm;Mu
81;B12;781;475nm/510nm;Mu
81;C1;701;475nm/510nm;Mu
81;C2;688;475nm/510nm;Mu
81;C3;656;475nm/510nm;Mu
81;C4;699;475nm/510nm;Mu
81;C5;714;475nm/510nm;Mu
81;C6;681;475nm/510nm;Mu
81;C7;636;475nm/510nm;Mu
81;C8;692;475nm/510nm;Mu
81;C9;681;475nm/510nm;Mu
81;C10;651;475nm/510nm;Mu
81;C11;678;475nm/510nm;Mu
81;C12;719;475nm/510nm;Mu
81;D1;823;475nm/510nm;Mu
81;D2;643;475nm/510nm;Mu
81;D3;657;475nm/510nm;Mu
81;D4;668;475nm/510nm;Mu
81;D5;759;475nm/510nm;Mu
81;D6;643;475nm/510nm;Mu
81;D7;741;475nm/510nm;Mu
81;D8;674;475nm/510nm;Mu
81;D9;709;475nm/510nm;Mu
81;D10;892;475nm/510nm;Mu
81;D11;683;475nm/510nm;Mu
81;D12;736;475nm/510nm;Mu
81;E1;787;475nm/510nm;Mu
81;E2;903;475nm/510nm;Mu
81;E3;1252;475nm/510nm;Mu
81;E4;639;475nm/510nm;Mu
81;E5;666;475nm/510nm;Mu
81;E6;669;475nm/510nm;Mu
81;E7;691;475nm/510nm;Mu
81;E8;678;475nm/510nm;Mu
81;E9;769;475nm/510nm;Mu
81;E10;635;475nm/510nm;Mu
81;E11;705;475nm/510nm;Mu
81;E12;760;475nm/510nm;Mu
81;F1;796;475nm/510nm;Mu
81;F2;784;475nm/510nm;Mu
81;F3;672;475nm/510nm;Mu
81;F4;859;475nm/510nm;Mu
81;F5;701;475nm/510nm;Mu
81;F6;681;475nm/510nm;Mu
81;F7;754;475nm/510nm;Mu
81;F8;804;475nm/510nm;Mu
81;F9;698;475nm/510nm;Mu
81;F10;842;475nm/510nm;Mu
81;F11;791;475nm/510nm;Mu
81;F12;781;475nm/510nm;Mu
81;G1;849;475nm/510nm;Mu
81;G2;687;475nm/510nm;Mu
81;G3;661;475nm/510nm;Mu
81;G4;686;475nm/510nm;Mu
81;G5;749;475nm/510nm;Mu
81;G6;748;475nm/510nm;Mu
81;G7;729;475nm/510nm;Mu
81;G8;745;475nm/510nm;Mu
81;G9;732;475nm/510nm;Mu
81;G10;726;475nm/510nm;Mu
81;G11;726;475nm/510nm;Mu
81;G12;766;475nm/510nm;Mu
81;H1;693;475nm/510nm;WT_F16
81;H2;694;475nm/510nm;WT_F16
81;H3;732;475nm/510nm;WT_F16
81;H4;729;475nm/510nm;WT_F16
81;H5;194;475nm/510nm;Mg_F16
81;H6;191;475nm/510nm;Mg_F16
81;H7;200;475nm/510nm;Mg_F16
81;H8;182;475nm/510nm;Mg_F16
81;H9;410;475nm/510nm;WT_noF16
81;H10;408;475nm/510nm;WT_noF16
81;H11;408;475nm/510nm;WT_noF16
81;H12;417;475nm/510nm;WT_noF16
80;A1;0.1456;600nm;Mu
80;A2;0.0868;600nm;Mu
80;A3;0.0898;600nm;Mu
80;A4;0.0891;600nm;Mu
80;A5;0.1447;600nm;Mu
80;A6;0.127;600nm;Mu
80;A7;0.149;600nm;Mu
80;A8;0.1829;600nm;Mu
80;A9;0.0913;600nm;Mu
80;A10;0.0913;600nm;Mu
80;A11;0.1842;600nm;Mu
80;A12;0.2054;600nm;Mu
80;B1;0.1337;600nm;Mu
80;B2;0.1329;600nm;Mu
80;B3;0.1528;600nm;Mu
80;B4;0.1511;600nm;Mu
80;B5;0.1281;600nm;Mu
80;B6;0.1262;600nm;Mu
80;B7;0.1436;600nm;Mu
80;B8;0.1275;600nm;Mu
80;B9;0.1416;600nm;Mu
80;B10;0.1426;600nm;Mu
80;B11;0.1483;600nm;Mu
80;B12;0.1705;600nm;Mu
80;C1;0.1127;600nm;Mu
80;C2;0.145;600nm;Mu
80;C3;0.1294;600nm;Mu
80;C4;0.1265;600nm;Mu
80;C5;0.1184;600nm;Mu
80;C6;0.1201;600nm;Mu
80;C7;0.1196;600nm;Mu
80;C8;0.118;600nm;Mu
80;C9;0.1265;600nm;Mu
80;C10;0.126;600nm;Mu
80;C11;0.1355;600nm;Mu
80;C12;0.1434;600nm;Mu
80;D1;0.1117;600nm;Mu
80;D2;0.1312;600nm;Mu
80;D3;0.1364;600nm;Mu
80;D4;0.1292;600nm;Mu
80;D5;0.1311;600nm;Mu
80;D6;0.1276;600nm;Mu
80;D7;0.137;600nm;Mu
80;D8;0.1279;600nm;Mu
80;D9;0.1367;600nm;Mu
80;D10;0.1334;600nm;Mu
80;D11;0.133;600nm;Mu
80;D12;0.1662;600nm;Mu
80;E1;0.157;600nm;Mu
80;E2;0.1281;600nm;Mu
80;E3;0.1249;600nm;Mu
80;E4;0.1262;600nm;Mu
80;E5;0.1277;600nm;Mu
80;E6;0.1272;600nm;Mu
80;E7;0.154;600nm;Mu
80;E8;0.1384;600nm;Mu
80;E9;0.1396;600nm;Mu
80;E10;0.1542;600nm;Mu
80;E11;0.1557;600nm;Mu
80;E12;0.1584;600nm;Mu
80;F1;0.1474;600nm;Mu
80;F2;0.1323;600nm;Mu
80;F3;0.1345;600nm;Mu
80;F4;0.1329;600nm;Mu
80;F5;0.1291;600nm;Mu
80;F6;0.1422;600nm;Mu
80;F7;0.145;600nm;Mu
80;F8;0.1344;600nm;Mu
80;F9;0.1606;600nm;Mu
80;F10;0.1411;600nm;Mu
80;F11;0.1407;600nm;Mu
80;F12;0.1666;600nm;Mu
80;G1;0.1593;600nm;Mu
80;G2;0.1604;600nm;Mu
80;G3;0.1526;600nm;Mu
80;G4;0.1127;600nm;Mu
80;G5;0.1541;600nm;Mu
80;G6;0.15;600nm;Mu
80;G7;0.1523;600nm;Mu
80;G8;0.1541;600nm;Mu
80;G9;0.1501;600nm;Mu
80;G10;0.1657;600nm;Mu
80;G11;0.1551;600nm;Mu
80;G12;0.1688;600nm;Mu
80;H1;0.1291;600nm;WT_F16
80;H2;0.1197;600nm;WT_F16
80;H3;0.1341;600nm;WT_F16
80;H4;0.1379;600nm;WT_F16
80;H5;0.0944;600nm;Mg_F16
80;H6;0.0843;600nm;Mg_F16
80;H7;0.0857;600nm;Mg_F16
80;H8;0.0861;600nm;Mg_F16
80;H9;0.1225;600nm;WT_noF16
80;H10;0.1527;600nm;WT_noF16
80;H11;0.1378;600nm;WT_noF16
80;H12;0.2428;600nm;WT_noF16
80;A1;730;475nm/510nm;Mu
80;A2;510;475nm/510nm;Mu
80;A3;693;475nm/510nm;Mu
80;A4;666;475nm/510nm;Mu
80;A5;833;475nm/510nm;Mu
80;A6;778;475nm/510nm;Mu
80;A7;779;475nm/510nm;Mu
80;A8;999;475nm/510nm;Mu
80;A9;872;475nm/510nm;Mu
80;A10;940;475nm/510nm;Mu
80;A11;1008;475nm/510nm;Mu
80;A12;673;475nm/510nm;Mu
80;B1;740;475nm/510nm;Mu
80;B2;639;475nm/510nm;Mu
80;B3;745;475nm/510nm;Mu
80;B4;731;475nm/510nm;Mu
80;B5;621;475nm/510nm;Mu
80;B6;611;475nm/510nm;Mu
80;B7;689;475nm/510nm;Mu
80;B8;682;475nm/510nm;Mu
80;B9;781;475nm/510nm;Mu
80;B10;758;475nm/510nm;Mu
80;B11;739;475nm/510nm;Mu
80;B12;829;475nm/510nm;Mu
80;C1;712;475nm/510nm;Mu
80;C2;751;475nm/510nm;Mu
80;C3;737;475nm/510nm;Mu
80;C4;616;475nm/510nm;Mu
80;C5;571;475nm/510nm;Mu
80;C6;591;475nm/510nm;Mu
80;C7;591;475nm/510nm;Mu
80;C8;607;475nm/510nm;Mu
80;C9;619;475nm/510nm;Mu
80;C10;632;475nm/510nm;Mu
80;C11;691;475nm/510nm;Mu
80;C12;699;475nm/510nm;Mu
80;D1;618;475nm/510nm;Mu
80;D2;691;475nm/510nm;Mu
80;D3;782;475nm/510nm;Mu
80;D4;641;475nm/510nm;Mu
80;D5;660;475nm/510nm;Mu
80;D6;672;475nm/510nm;Mu
80;D7;703;475nm/510nm;Mu
80;D8;666;475nm/510nm;Mu
80;D9;697;475nm/510nm;Mu
80;D10;674;475nm/510nm;Mu
80;D11;688;475nm/510nm;Mu
80;D12;806;475nm/510nm;Mu
80;E1;958;475nm/510nm;Mu
80;E2;626;475nm/510nm;Mu
80;E3;612;475nm/510nm;Mu
80;E4;612;475nm/510nm;Mu
80;E5;638;475nm/510nm;Mu
80;E6;615;475nm/510nm;Mu
80;E7;915;475nm/510nm;Mu
80;E8;695;475nm/510nm;Mu
80;E9;692;475nm/510nm;Mu
80;E10;650;475nm/510nm;Mu
80;E11;688;475nm/510nm;Mu
80;E12;704;475nm/510nm;Mu
80;F1;793;475nm/510nm;Mu
80;F2;678;475nm/510nm;Mu
80;F3;694;475nm/510nm;Mu
80;F4;653;475nm/510nm;Mu
80;F5;635;475nm/510nm;Mu
80;F6;758;475nm/510nm;Mu
80;F7;707;475nm/510nm;Mu
80;F8;762;475nm/510nm;Mu
80;F9;741;475nm/510nm;Mu
80;F10;716;475nm/510nm;Mu
80;F11;674;475nm/510nm;Mu
80;F12;792;475nm/510nm;Mu
80;G1;805;475nm/510nm;Mu
80;G2;872;475nm/510nm;Mu
80;G3;763;475nm/510nm;Mu
80;G4;564;475nm/510nm;Mu
80;G5;768;475nm/510nm;Mu
80;G6;699;475nm/510nm;Mu
80;G7;701;475nm/510nm;Mu
80;G8;757;475nm/510nm;Mu
80;G9;708;475nm/510nm;Mu
80;G10;747;475nm/510nm;Mu
80;G11;771;475nm/510nm;Mu
80;G12;757;475nm/510nm;Mu
80;H1;666;475nm/510nm;WT_F16
80;H2;662;475nm/510nm;WT_F16
80;H3;688;475nm/510nm;WT_F16
80;H4;702;475nm/510nm;WT_F16
80;H5;206;475nm/510nm;Mg_F16
80;H6;186;475nm/510nm;Mg_F16
80;H7;175;475nm/510nm;Mg_F16
80;H8;180;475nm/510nm;Mg_F16
80;H9;392;475nm/510nm;WT_noF16
80;H10;433;475nm/510nm;WT_noF16
80;H11;434;475nm/510nm;WT_noF16
80;H12;485;475nm/510nm;WT_noF16
79;A1;0.2198;600nm;Mu
79;A2;0.2069;600nm;Mu
79;A3;0.088;600nm;Mu
79;A4;0.0873;600nm;Mu
79;A5;0.1539;600nm;Mu
79;A6;0.0875;600nm;Mu
79;A7;0.1331;600nm;Mu
79;A8;0.1325;600nm;Mu
79;A9;0.0932;600nm;Mu
79;A10;0.0878;600nm;Mu
79;A11;0.1446;600nm;Mu
79;A12;0.1434;600nm;Mu
79;B1;0.2022;600nm;Mu
79;B2;0.1915;600nm;Mu
79;B3;0.1933;600nm;Mu
79;B4;0.1839;600nm;Mu
79;B5;0.1946;600nm;Mu
79;B6;0.1717;600nm;Mu
79;B7;0.1498;600nm;Mu
79;B8;0.1509;600nm;Mu
79;B9;0.1491;600nm;Mu
79;B10;0.1386;600nm;Mu
79;B11;0.1341;600nm;Mu
79;B12;0.1613;600nm;Mu
79;C1;0.1938;600nm;Mu
79;C2;0.1617;600nm;Mu
79;C3;0.1576;600nm;Mu
79;C4;0.1547;600nm;Mu
79;C5;0.137;600nm;Mu
79;C6;0.1423;600nm;Mu
79;C7;0.1441;600nm;Mu
79;C8;0.1371;600nm;Mu
79;C9;0.1287;600nm;Mu
79;C10;0.1308;600nm;Mu
79;C11;0.1428;600nm;Mu
79;C12;0.165;600nm;Mu
79;D1;0.195;600nm;Mu
79;D2;0.2249;600nm;Mu
79;D3;0.2194;600nm;Mu
79;D4;0.2054;600nm;Mu
79;D5;0.1764;600nm;Mu
79;D6;0.1821;600nm;Mu
79;D7;0.162;600nm;Mu
79;D8;0.1531;600nm;Mu
79;D9;0.1389;600nm;Mu
79;D10;0.1348;600nm;Mu
79;D11;0.138;600nm;Mu
79;D12;0.1533;600nm;Mu
79;E1;0.1895;600nm;Mu
79;E2;0.181;600nm;Mu
79;E3;0.18;600nm;Mu
79;E4;0.179;600nm;Mu
79;E5;0.1825;600nm;Mu
79;E6;0.1696;600nm;Mu
79;E7;0.1721;600nm;Mu
79;E8;0.1826;600nm;Mu
79;E9;0.1417;600nm;Mu
79;E10;0.1373;600nm;Mu
79;E11;0.1368;600nm;Mu
79;E12;0.1603;600nm;Mu
79;F1;0.1642;600nm;Mu
79;F2;0.1496;600nm;Mu
79;F3;0.1555;600nm;Mu
79;F4;0.1596;600nm;Mu
79;F5;0.1629;600nm;Mu
79;F6;0.1561;600nm;Mu
79;F7;0.1719;600nm;Mu
79;F8;0.156;600nm;Mu
79;F9;0.1544;600nm;Mu
79;F10;0.1805;600nm;Mu
79;F11;0.1499;600nm;Mu
79;F12;0.1703;600nm;Mu
79;G1;0.1752;600nm;Mu
79;G2;0.1754;600nm;Mu
79;G3;0.1586;600nm;Mu
79;G4;0.1634;600nm;Mu
79;G5;0.1896;600nm;Mu
79;G6;0.1802;600nm;Mu
79;G7;0.1742;600nm;Mu
79;G8;0.1677;600nm;Mu
79;G9;0.1612;600nm;Mu
79;G10;0.1665;600nm;Mu
79;G11;0.1637;600nm;Mu
79;G12;0.2116;600nm;Mu
79;H1;0.1614;600nm;WT_F16
79;H2;0.145;600nm;WT_F16
79;H3;0.169;600nm;WT_F16
79;H4;0.1705;600nm;WT_F16
79;H5;0.0944;600nm;Mg_F16
79;H6;0.0876;600nm;Mg_F16
79;H7;0.1107;600nm;Mg_F16
79;H8;0.0847;600nm;Mg_F16
79;H9;0.1391;600nm;WT_noF16
79;H10;0.1456;600nm;WT_noF16
79;H11;0.1446;600nm;WT_noF16
79;H12;0.2035;600nm;WT_noF16
79;A1;849;475nm/510nm;Mu
79;A2;859;475nm/510nm;Mu
79;A3;460;475nm/510nm;Mu
79;A4;589;475nm/510nm;Mu
79;A5;670;475nm/510nm;Mu
79;A6;424;475nm/510nm;Mu
79;A7;655;475nm/510nm;Mu
79;A8;629;475nm/510nm;Mu
79;A9;735;475nm/510nm;Mu
79;A10;603;475nm/510nm;Mu
79;A11;743;475nm/510nm;Mu
79;A12;758;475nm/510nm;Mu
79;B1;928;475nm/510nm;Mu
79;B2;786;475nm/510nm;Mu
79;B3;865;475nm/510nm;Mu
79;B4;882;475nm/510nm;Mu
79;B5;852;475nm/510nm;Mu
79;B6;803;475nm/510nm;Mu
79;B7;851;475nm/510nm;Mu
79;B8;814;475nm/510nm;Mu
79;B9;739;475nm/510nm;Mu
79;B10;867;475nm/510nm;Mu
79;B11;757;475nm/510nm;Mu
79;B12;784;475nm/510nm;Mu
79;C1;817;475nm/510nm;Mu
79;C2;789;475nm/510nm;Mu
79;C3;692;475nm/510nm;Mu
79;C4;720;475nm/510nm;Mu
79;C5;650;475nm/510nm;Mu
79;C6;673;475nm/510nm;Mu
79;C7;779;475nm/510nm;Mu
79;C8;618;475nm/510nm;Mu
79;C9;607;475nm/510nm;Mu
79;C10;631;475nm/510nm;Mu
79;C11;804;475nm/510nm;Mu
79;C12;779;475nm/510nm;Mu
79;D1;832;475nm/510nm;Mu
79;D2;1052;475nm/510nm;Mu
79;D3;1307;475nm/510nm;Mu
79;D4;946;475nm/510nm;Mu
79;D5;854;475nm/510nm;Mu
79;D6;902;475nm/510nm;Mu
79;D7;785;475nm/510nm;Mu
79;D8;735;475nm/510nm;Mu
79;D9;761;475nm/510nm;Mu
79;D10;760;475nm/510nm;Mu
79;D11;738;475nm/510nm;Mu
79;D12;729;475nm/510nm;Mu
79;E1;859;475nm/510nm;Mu
79;E2;751;475nm/510nm;Mu
79;E3;807;475nm/510nm;Mu
79;E4;860;475nm/510nm;Mu
79;E5;835;475nm/510nm;Mu
79;E6;835;475nm/510nm;Mu
79;E7;950;475nm/510nm;Mu
79;E8;837;475nm/510nm;Mu
79;E9;664;475nm/510nm;Mu
79;E10;679;475nm/510nm;Mu
79;E11;699;475nm/510nm;Mu
79;E12;724;475nm/510nm;Mu
79;F1;735;475nm/510nm;Mu
79;F2;672;475nm/510nm;Mu
79;F3;697;475nm/510nm;Mu
79;F4;726;475nm/510nm;Mu
79;F5;737;475nm/510nm;Mu
79;F6;749;475nm/510nm;Mu
79;F7;838;475nm/510nm;Mu
79;F8;811;475nm/510nm;Mu
79;F9;830;475nm/510nm;Mu
79;F10;1288;475nm/510nm;Mu
79;F11;742;475nm/510nm;Mu
79;F12;849;475nm/510nm;Mu
79;G1;870;475nm/510nm;Mu
79;G2;796;475nm/510nm;Mu
79;G3;761;475nm/510nm;Mu
79;G4;760;475nm/510nm;Mu
79;G5;899;475nm/510nm;Mu
79;G6;852;475nm/510nm;Mu
79;G7;887;475nm/510nm;Mu
79;G8;869;475nm/510nm;Mu
79;G9;787;475nm/510nm;Mu
79;G10;911;475nm/510nm;Mu
79;G11;850;475nm/510nm;Mu
79;G12;1004;475nm/510nm;Mu
79;H1;756;475nm/510nm;WT_F16
79;H2;712;475nm/510nm;WT_F16
79;H3;781;475nm/510nm;WT_F16
79;H4;850;475nm/510nm;WT_F16
79;H5;227;475nm/510nm;Mg_F16
79;H6;214;475nm/510nm;Mg_F16
79;H7;302;475nm/510nm;Mg_F16
79;H8;195;475nm/510nm;Mg_F16
79;H9;400;475nm/510nm;WT_noF16
79;H10;400;475nm/510nm;WT_noF16
79;H11;395;475nm/510nm;WT_noF16
79;H12;391;475nm/510nm;WT_noF16
78;A1;0.1397;600nm;Mu
78;A2;0.1212;600nm;Mu
78;A3;0.0876;600nm;Mu
78;A4;0.0908;600nm;Mu
78;A5;0.1139;600nm;Mu
78;A6;0.1039;600nm;Mu
78;A7;0.1105;600nm;Mu
78;A8;0.0879;600nm;Mu
78;A9;0.0966;600nm;Mu
78;A10;0.0942;600nm;Mu
78;A11;0.0963;600nm;Mu
78;A12;0.0908;600nm;Mu
78;B1;0.1213;600nm;Mu
78;B2;0.1082;600nm;Mu
78;B3;0.1223;600nm;Mu
78;B4;0.1541;600nm;Mu
78;B5;0.105;600nm;Mu
78;B6;0.1019;600nm;Mu
78;B7;0.1013;600nm;Mu
78;B8;0.1089;600nm;Mu
78;B9;0.1149;600nm;Mu
78;B10;0.1333;600nm;Mu
78;B11;0.1243;600nm;Mu
78;B12;0.1708;600nm;Mu
78;C1;0.1097;600nm;Mu
78;C2;0.1006;600nm;Mu
78;C3;0.1421;600nm;Mu
78;C4;0.1658;600nm;Mu
78;C5;0.1064;600nm;Mu
78;C6;0.1316;600nm;Mu
78;C7;0.1309;600nm;Mu
78;C8;0.1446;600nm;Mu
78;C9;0.1217;600nm;Mu
78;C10;0.1118;600nm;Mu
78;C11;0.1699;600nm;Mu
78;C12;0.1282;600nm;Mu
78;D1;0.1153;600nm;Mu
78;D2;0.1098;600nm;Mu
78;D3;0.1189;600nm;Mu
78;D4;0.0999;600nm;Mu
78;D5;0.1173;600nm;Mu
78;D6;0.1284;600nm;Mu
78;D7;0.1106;600nm;Mu
78;D8;0.1369;600nm;Mu
78;D9;0.1006;600nm;Mu
78;D10;0.1166;600nm;Mu
78;D11;0.1181;600nm;Mu
78;D12;0.1421;600nm;Mu
78;E1;0.117;600nm;Mu
78;E2;0.1062;600nm;Mu
78;E3;0.107;600nm;Mu
78;E4;0.1487;600nm;Mu
78;E5;0.158;600nm;Mu
78;E6;0.1199;600nm;Mu
78;E7;0.1147;600nm;Mu
78;E8;0.1024;600nm;Mu
78;E9;0.1296;600nm;Mu
78;E10;0.1135;600nm;Mu
78;E11;0.1007;600nm;Mu
78;E12;0.1561;600nm;Mu
78;F1;0.111;600nm;Mu
78;F2;0.112;600nm;Mu
78;F3;0.116;600nm;Mu
78;F4;0.1315;600nm;Mu
78;F5;0.1235;600nm;Mu
78;F6;0.1255;600nm;Mu
78;F7;0.1117;600nm;Mu
78;F8;0.1074;600nm;Mu
78;F9;0.1072;600nm;Mu
78;F10;0.1123;600nm;Mu
78;F11;0.13;600nm;Mu
78;F12;0.1553;600nm;Mu
78;G1;0.1299;600nm;Mu
78;G2;0.1184;600nm;Mu
78;G3;0.1245;600nm;Mu
78;G4;0.1389;600nm;Mu
78;G5;0.129;600nm;Mu
78;G6;0.1302;600nm;Mu
78;G7;0.1246;600nm;Mu
78;G8;0.1307;600nm;Mu
78;G9;0.1311;600nm;Mu
78;G10;0.1359;600nm;Mu
78;G11;0.1424;600nm;Mu
78;G12;0.1422;600nm;Mu
78;H1;0.1341;600nm;WT_F16
78;H2;0.1149;600nm;WT_F16
78;H3;0.1332;600nm;WT_F16
78;H4;0.1361;600nm;WT_F16
78;H5;0.0881;600nm;Mg_F16
78;H6;0.0837;600nm;Mg_F16
78;H7;0.0842;600nm;Mg_F16
78;H8;0.0882;600nm;Mg_F16
78;H9;0.1184;600nm;WT_noF16
78;H10;0.1248;600nm;WT_noF16
78;H11;0.1315;600nm;WT_noF16
78;H12;0.2065;600nm;WT_noF16
78;A1;789;475nm/510nm;Mu
78;A2;707;475nm/510nm;Mu
78;A3;484;475nm/510nm;Mu
78;A4;741;475nm/510nm;Mu
78;A5;657;475nm/510nm;Mu
78;A6;594;475nm/510nm;Mu
78;A7;658;475nm/510nm;Mu
78;A8;645;475nm/510nm;Mu
78;A9;854;475nm/510nm;Mu
78;A10;894;475nm/510nm;Mu
78;A11;1108;475nm/510nm;Mu
78;A12;606;475nm/510nm;Mu
78;B1;636;475nm/510nm;Mu
78;B2;693;475nm/510nm;Mu
78;B3;705;475nm/510nm;Mu
78;B4;1097;475nm/510nm;Mu
78;B5;629;475nm/510nm;Mu
78;B6;620;475nm/510nm;Mu
78;B7;599;475nm/510nm;Mu
78;B8;641;475nm/510nm;Mu
78;B9;644;475nm/510nm;Mu
78;B10;716;475nm/510nm;Mu
78;B11;666;475nm/510nm;Mu
78;B12;889;475nm/510nm;Mu
78;C1;567;475nm/510nm;Mu
78;C2;639;475nm/510nm;Mu
78;C3;849;475nm/510nm;Mu
78;C4;996;475nm/510nm;Mu
78;C5;663;475nm/510nm;Mu
78;C6;983;475nm/510nm;Mu
78;C7;777;475nm/510nm;Mu
78;C8;796;475nm/510nm;Mu
78;C9;740;475nm/510nm;Mu
78;C10;710;475nm/510nm;Mu
78;C11;854;475nm/510nm;Mu
78;C12;606;475nm/510nm;Mu
78;D1;631;475nm/510nm;Mu
78;D2;656;475nm/510nm;Mu
78;D3;886;475nm/510nm;Mu
78;D4;621;475nm/510nm;Mu
78;D5;891;475nm/510nm;Mu
78;D6;970;475nm/510nm;Mu
78;D7;721;475nm/510nm;Mu
78;D8;823;475nm/510nm;Mu
78;D9;545;475nm/510nm;Mu
78;D10;692;475nm/510nm;Mu
78;D11;633;475nm/510nm;Mu
78;D12;714;475nm/510nm;Mu
78;E1;707;475nm/510nm;Mu
78;E2;631;475nm/510nm;Mu
78;E3;583;475nm/510nm;Mu
78;E4;1003;475nm/510nm;Mu
78;E5;1314;475nm/510nm;Mu
78;E6;847;475nm/510nm;Mu
78;E7;648;475nm/510nm;Mu
78;E8;533;475nm/510nm;Mu
78;E9;801;475nm/510nm;Mu
78;E10;584;475nm/510nm;Mu
78;E11;577;475nm/510nm;Mu
78;E12;899;475nm/510nm;Mu
78;F1;778;475nm/510nm;Mu
78;F2;694;475nm/510nm;Mu
78;F3;689;475nm/510nm;Mu
78;F4;759;475nm/510nm;Mu
78;F5;714;475nm/510nm;Mu
78;F6;780;475nm/510nm;Mu
78;F7;605;475nm/510nm;Mu
78;F8;599;475nm/510nm;Mu
78;F9;587;475nm/510nm;Mu
78;F10;606;475nm/510nm;Mu
78;F11;676;475nm/510nm;Mu
78;F12;717;475nm/510nm;Mu
78;G1;789;475nm/510nm;Mu
78;G2;792;475nm/510nm;Mu
78;G3;705;475nm/510nm;Mu
78;G4;845;475nm/510nm;Mu
78;G5;815;475nm/510nm;Mu
78;G6;720;475nm/510nm;Mu
78;G7;666;475nm/510nm;Mu
78;G8;824;475nm/510nm;Mu
78;G9;640;475nm/510nm;Mu
78;G10;674;475nm/510nm;Mu
78;G11;746;475nm/510nm;Mu
78;G12;686;475nm/510nm;Mu
78;H1;585;475nm/510nm;WT_F16
78;H2;617;475nm/510nm;WT_F16
78;H3;704;475nm/510nm;WT_F16
78;H4;730;475nm/510nm;WT_F16
78;H5;203;475nm/510nm;Mg_F16
78;H6;177;475nm/510nm;Mg_F16
78;H7;179;475nm/510nm;Mg_F16
78;H8;172;475nm/510nm;Mg_F16
78;H9;423;475nm/510nm;WT_noF16
78;H10;400;475nm/510nm;WT_noF16
78;H11;415;475nm/510nm;WT_noF16
78;H12;406;475nm/510nm;WT_noF16
77;A1;0.1106;600nm;Mu
77;A2;0.1075;600nm;Mu
77;A3;0.1033;600nm;Mu
77;A4;0.1033;600nm;Mu
77;A5;0.1005;600nm;Mu
77;A6;0.0978;600nm;Mu
77;A7;0.099;600nm;Mu
77;A8;0.0994;600nm;Mu
77;A9;0.1441;600nm;Mu
77;A10;0.0901;600nm;Mu
77;A11;0.1073;600nm;Mu
77;A12;0.1247;600nm;Mu
77;B1;0.1152;600nm;Mu
77;B2;0.1073;600nm;Mu
77;B3;0.1003;600nm;Mu
77;B4;0.1037;600nm;Mu
77;B5;0.0986;600nm;Mu
77;B6;0.101;600nm;Mu
77;B7;0.0974;600nm;Mu
77;B8;0.097;600nm;Mu
77;B9;0.1231;600nm;Mu
77;B10;0.0979;600nm;Mu
77;B11;0.1051;600nm;Mu
77;B12;0.1138;600nm;Mu
77;C1;0.1107;600nm;Mu
77;C2;0.0995;600nm;Mu
77;C3;0.0965;600nm;Mu
77;C4;0.0999;600nm;Mu
77;C5;0.0951;600nm;Mu
77;C6;0.0985;600nm;Mu
77;C7;0.0934;600nm;Mu
77;C8;0.0937;600nm;Mu
77;C9;0.0989;600nm;Mu
77;C10;0.0995;600nm;Mu
77;C11;0.1037;600nm;Mu
77;C12;0.1283;600nm;Mu
77;D1;0.1281;600nm;Mu
77;D2;0.1028;600nm;Mu
77;D3;0.098;600nm;Mu
77;D4;0.0974;600nm;Mu
77;D5;0.0966;600nm;Mu
77;D6;0.0965;600nm;Mu
77;D7;0.0992;600nm;Mu
77;D8;0.0984;600nm;Mu
77;D9;0.099;600nm;Mu
77;D10;0.102;600nm;Mu
77;D11;0.1097;600nm;Mu
77;D12;0.1205;600nm;Mu
77;E1;0.1065;600nm;Mu
77;E2;0.1009;600nm;Mu
77;E3;0.0952;600nm;Mu
77;E4;0.1078;600nm;Mu
77;E5;0.0945;600nm;Mu
77;E6;0.1059;600nm;Mu
77;E7;0.1118;600nm;Mu
77;E8;0.0985;600nm;Mu
77;E9;0.0986;600nm;Mu
77;E10;0.101;600nm;Mu
77;E11;0.1087;600nm;Mu
77;E12;0.1203;600nm;Mu
77;F1;0.1099;600nm;Mu
77;F2;0.1078;600nm;Mu
77;F3;0.1095;600nm;Mu
77;F4;0.14;600nm;Mu
77;F5;0.0976;600nm;Mu
77;F6;0.0936;600nm;Mu
77;F7;0.1122;600nm;Mu
77;F8;0.0986;600nm;Mu
77;F9;0.1022;600nm;Mu
77;F10;0.1207;600nm;Mu
77;F11;0.1351;600nm;Mu
77;F12;0.1283;600nm;Mu
77;G1;0.1133;600nm;Mu
77;G2;0.1056;600nm;Mu
77;G3;0.105;600nm;Mu
77;G4;0.1199;600nm;Mu
77;G5;0.1108;600nm;Mu
77;G6;0.1217;600nm;Mu
77;G7;0.1112;600nm;Mu
77;G8;0.1493;600nm;Mu
77;G9;0.1278;600nm;Mu
77;G10;0.1342;600nm;Mu
77;G11;0.1349;600nm;Mu
77;G12;0.1492;600nm;Mu
77;H1;0.119;600nm;WT_F16
77;H2;0.1112;600nm;WT_F16
77;H3;0.1271;600nm;WT_F16
77;H4;0.1199;600nm;WT_F16
77;H5;0.093;600nm;Mg_F16
77;H6;0.0851;600nm;Mg_F16
77;H7;0.0857;600nm;Mg_F16
77;H8;0.0869;600nm;Mg_F16
77;H9;0.133;600nm;WT_noF16
77;H10;0.1448;600nm;WT_noF16
77;H11;0.1455;600nm;WT_noF16
77;H12;0.2041;600nm;WT_noF16
77;A1;632;475nm/510nm;Mu
77;A2;518;475nm/510nm;Mu
77;A3;492;475nm/510nm;Mu
77;A4;560;475nm/510nm;Mu
77;A5;500;475nm/510nm;Mu
77;A6;518;475nm/510nm;Mu
77;A7;535;475nm/510nm;Mu
77;A8;542;475nm/510nm;Mu
77;A9;796;475nm/510nm;Mu
77;A10;674;475nm/510nm;Mu
77;A11;642;475nm/510nm;Mu
77;A12;817;475nm/510nm;Mu
77;B1;692;475nm/510nm;Mu
77;B2;615;475nm/510nm;Mu
77;B3;575;475nm/510nm;Mu
77;B4;653;475nm/510nm;Mu
77;B5;466;475nm/510nm;Mu
77;B6;483;475nm/510nm;Mu
77;B7;498;475nm/510nm;Mu
77;B8;490;475nm/510nm;Mu
77;B9;672;475nm/510nm;Mu
77;B10;507;475nm/510nm;Mu
77;B11;534;475nm/510nm;Mu
77;B12;674;475nm/510nm;Mu
77;C1;541;475nm/510nm;Mu
77;C2;495;475nm/510nm;Mu
77;C3;472;475nm/510nm;Mu
77;C4;528;475nm/510nm;Mu
77;C5;450;475nm/510nm;Mu
77;C6;460;475nm/510nm;Mu
77;C7;434;475nm/510nm;Mu
77;C8;441;475nm/510nm;Mu
77;C9;524;475nm/510nm;Mu
77;C10;469;475nm/510nm;Mu
77;C11;535;475nm/510nm;Mu
77;C12;852;475nm/510nm;Mu
77;D1;802;475nm/510nm;Mu
77;D2;558;475nm/510nm;Mu
77;D3;518;475nm/510nm;Mu
77;D4;541;475nm/510nm;Mu
77;D5;522;475nm/510nm;Mu
77;D6;566;475nm/510nm;Mu
77;D7;587;475nm/510nm;Mu
77;D8;539;475nm/510nm;Mu
77;D9;529;475nm/510nm;Mu
77;D10;567;475nm/510nm;Mu
77;D11;630;475nm/510nm;Mu
77;D12;710;475nm/510nm;Mu
77;E1;555;475nm/510nm;Mu
77;E2;513;475nm/510nm;Mu
77;E3;469;475nm/510nm;Mu
77;E4;691;475nm/510nm;Mu
77;E5;517;475nm/510nm;Mu
77;E6;714;475nm/510nm;Mu
77;E7;740;475nm/510nm;Mu
77;E8;515;475nm/510nm;Mu
77;E9;490;475nm/510nm;Mu
77;E10;517;475nm/510nm;Mu
77;E11;567;475nm/510nm;Mu
77;E12;635;475nm/510nm;Mu
77;F1;596;475nm/510nm;Mu
77;F2;574;475nm/510nm;Mu
77;F3;583;475nm/510nm;Mu
77;F4;810;475nm/510nm;Mu
77;F5;516;475nm/510nm;Mu
77;F6;497;475nm/510nm;Mu
77;F7;646;475nm/510nm;Mu
77;F8;496;475nm/510nm;Mu
77;F9;539;475nm/510nm;Mu
77;F10;655;475nm/510nm;Mu
77;F11;866;475nm/510nm;Mu
77;F12;678;475nm/510nm;Mu
77;G1;592;475nm/510nm;Mu
77;G2;540;475nm/510nm;Mu
77;G3;545;475nm/510nm;Mu
77;G4;663;475nm/510nm;Mu
77;G5;565;475nm/510nm;Mu
77;G6;717;475nm/510nm;Mu
77;G7;626;475nm/510nm;Mu
77;G8;1076;475nm/510nm;Mu
77;G9;661;475nm/510nm;Mu
77;G10;648;475nm/510nm;Mu
77;G11;674;475nm/510nm;Mu
77;G12;726;475nm/510nm;Mu
77;H1;620;475nm/510nm;WT_F16
77;H2;567;475nm/510nm;WT_F16
77;H3;638;475nm/510nm;WT_F16
77;H4;652;475nm/510nm;WT_F16
77;H5;199;475nm/510nm;Mg_F16
77;H6;174;475nm/510nm;Mg_F16
77;H7;176;475nm/510nm;Mg_F16
77;H8;188;475nm/510nm;Mg_F16
77;H9;424;475nm/510nm;WT_noF16
77;H10;410;475nm/510nm;WT_noF16
77;H11;431;475nm/510nm;WT_noF16
77;H12;417;475nm/510nm;WT_noF16
100;A1;0.1348;600nm;Mu
100;A2;0.1538;600nm;Mu
100;A3;0.152;600nm;Mu
100;A4;0.148;600nm;Mu
100;A5;0.1498;600nm;Mu
100;A6;0.1602;600nm;Mu
100;A7;0.1563;600nm;Mu
100;A8;0.1557;600nm;Mu
100;A9;0.1799;600nm;Mu
100;A10;0.2247;600nm;Mu
100;A11;0.1779;600nm;Mu
100;A12;0.1636;600nm;Mu
100;B1;0.1477;600nm;Mu
100;B2;0.1438;600nm;Mu
100;B3;0.1154;600nm;Mu
100;B4;0.1368;600nm;Mu
100;B5;0.1654;600nm;Mu
100;B6;0.1311;600nm;Mu
100;B7;0.1367;600nm;Mu
100;B8;0.1066;600nm;Mu
100;B9;0.1354;600nm;Mu
100;B10;0.1362;600nm;Mu
100;B11;0.151;600nm;Mu
100;B12;0.1807;600nm;Mu
100;C1;0.1758;600nm;Mu
100;C2;0.1375;600nm;Mu
100;C3;0.1529;600nm;Mu
100;C4;0.1427;600nm;Mu
100;C5;0.1454;600nm;Mu
100;C6;0.1401;600nm;Mu
100;C7;0.191;600nm;Mu
100;C8;0.1303;600nm;Mu
100;C9;0.1515;600nm;Mu
100;C10;0.1351;600nm;Mu
100;C11;0.138;600nm;Mu
100;C12;0.1914;600nm;Mu
100;D1;0.1302;600nm;Mu
100;D2;0.1284;600nm;Mu
100;D3;0.1235;600nm;Mu
100;D4;0.1531;600nm;Mu
100;D5;0.1331;600nm;Mu
100;D6;0.1755;600nm;Mu
100;D7;0.1445;600nm;Mu
100;D8;0.1236;600nm;Mu
100;D9;0.1248;600nm;Mu
100;D10;0.1272;600nm;Mu
100;D11;0.1307;600nm;Mu
100;D12;0.15;600nm;Mu
100;E1;0.1402;600nm;Mu
100;E2;0.1236;600nm;Mu
100;E3;0.1343;600nm;Mu
100;E4;0.1555;600nm;Mu
100;E5;0.1319;600nm;Mu
100;E6;0.1576;600nm;Mu
100;E7;0.1403;600nm;Mu
100;E8;0.1357;600nm;Mu
100;E9;0.1303;600nm;Mu
100;E10;0.1325;600nm;Mu
100;E11;0.1182;600nm;Mu
100;E12;0.1588;600nm;Mu
100;F1;0.1222;600nm;Mu
100;F2;0.1255;600nm;Mu
100;F3;0.1287;600nm;Mu
100;F4;0.1303;600nm;Mu
100;F5;0.126;600nm;Mu
100;F6;0.1296;600nm;Mu
100;F7;0.1355;600nm;Mu
100;F8;0.1332;600nm;Mu
100;F9;0.1366;600nm;Mu
100;F10;0.1294;600nm;Mu
100;F11;0.1455;600nm;Mu
100;F12;0.1012;600nm;Mu
100;G1;0.1289;600nm;Mu
100;G2;0.1405;600nm;Mu
100;G3;0.1578;600nm;Mu
100;G4;0.1407;600nm;Mu
100;G5;0.1244;600nm;Mu
100;G6;0.1665;600nm;Mu
100;G7;0.1503;600nm;Mu
100;G8;0.1887;600nm;Mu
100;G9;0.1999;600nm;Mu
100;G10;0.1415;600nm;Mu
100;G11;0.1605;600nm;Mu
100;G12;0.104;600nm;Mu
100;H1;0.1191;600nm;WT_F16
100;H2;0.1229;600nm;WT_F16
100;H3;0.1197;600nm;WT_F16
100;H4;0.1207;600nm;WT_F16
100;H5;0.0843;600nm;Mg_F16
100;H6;0.0858;600nm;Mg_F16
100;H7;0.0848;600nm;Mg_F16
100;H8;0.0866;600nm;Mg_F16
100;H9;0.2184;600nm;WT_noF16
100;H10;0.2015;600nm;WT_noF16
100;H11;0.2014;600nm;WT_noF16
100;H12;0.1942;600nm;WT_noF16
100;A1;716;475nm/510nm;Mu
100;A2;735;475nm/510nm;Mu
100;A3;726;475nm/510nm;Mu
100;A4;716;475nm/510nm;Mu
100;A5;759;475nm/510nm;Mu
100;A6;698;475nm/510nm;Mu
100;A7;811;475nm/510nm;Mu
100;A8;764;475nm/510nm;Mu
100;A9;880;475nm/510nm;Mu
100;A10;937;475nm/510nm;Mu
100;A11;944;475nm/510nm;Mu
100;A12;866;475nm/510nm;Mu
100;B1;732;475nm/510nm;Mu
100;B2;656;475nm/510nm;Mu
100;B3;519;475nm/510nm;Mu
100;B4;624;475nm/510nm;Mu
100;B5;771;475nm/510nm;Mu
100;B6;635;475nm/510nm;Mu
100;B7;655;475nm/510nm;Mu
100;B8;443;475nm/510nm;Mu
100;B9;611;475nm/510nm;Mu
100;B10;620;475nm/510nm;Mu
100;B11;688;475nm/510nm;Mu
100;B12;933;475nm/510nm;Mu
100;C1;850;475nm/510nm;Mu
100;C2;653;475nm/510nm;Mu
100;C3;646;475nm/510nm;Mu
100;C4;611;475nm/510nm;Mu
100;C5;682;475nm/510nm;Mu
100;C6;608;475nm/510nm;Mu
100;C7;944;475nm/510nm;Mu
100;C8;597;475nm/510nm;Mu
100;C9;678;475nm/510nm;Mu
100;C10;592;475nm/510nm;Mu
100;C11;646;475nm/510nm;Mu
100;C12;1038;475nm/510nm;Mu
100;D1;733;475nm/510nm;Mu
100;D2;592;475nm/510nm;Mu
100;D3;548;475nm/510nm;Mu
100;D4;715;475nm/510nm;Mu
100;D5;647;475nm/510nm;Mu
100;D6;1035;475nm/510nm;Mu
100;D7;624;475nm/510nm;Mu
100;D8;564;475nm/510nm;Mu
100;D9;551;475nm/510nm;Mu
100;D10;543;475nm/510nm;Mu
100;D11;615;475nm/510nm;Mu
100;D12;722;475nm/510nm;Mu
100;E1;643;475nm/510nm;Mu
100;E2;541;475nm/510nm;Mu
100;E3;594;475nm/510nm;Mu
100;E4;895;475nm/510nm;Mu
100;E5;679;475nm/510nm;Mu
100;E6;587;475nm/510nm;Mu
100;E7;585;475nm/510nm;Mu
100;E8;578;475nm/510nm;Mu
100;E9;585;475nm/510nm;Mu
100;E10;603;475nm/510nm;Mu
100;E11;589;475nm/510nm;Mu
100;E12;704;475nm/510nm;Mu
100;F1;605;475nm/510nm;Mu
100;F2;579;475nm/510nm;Mu
100;F3;580;475nm/510nm;Mu
100;F4;579;475nm/510nm;Mu
100;F5;569;475nm/510nm;Mu
100;F6;553;475nm/510nm;Mu
100;F7;587;475nm/510nm;Mu
100;F8;618;475nm/510nm;Mu
100;F9;616;475nm/510nm;Mu
100;F10;608;475nm/510nm;Mu
100;F11;676;475nm/510nm;Mu
100;F12;1066;475nm/510nm;Mu
100;G1;636;475nm/510nm;Mu
100;G2;683;475nm/510nm;Mu
100;G3;779;475nm/510nm;Mu
100;G4;722;475nm/510nm;Mu
100;G5;602;475nm/510nm;Mu
100;G6;703;475nm/510nm;Mu
100;G7;695;475nm/510nm;Mu
100;G8;936;475nm/510nm;Mu
100;G9;1056;475nm/510nm;Mu
100;G10;717;475nm/510nm;Mu
100;G11;794;475nm/510nm;Mu
100;G12;1145;475nm/510nm;Mu
100;H1;574;475nm/510nm;WT_F16
100;H2;822;475nm/510nm;WT_F16
100;H3;562;475nm/510nm;WT_F16
100;H4;607;475nm/510nm;WT_F16
100;H5;168;475nm/510nm;Mg_F16
100;H6;162;475nm/510nm;Mg_F16
100;H7;171;475nm/510nm;Mg_F16
100;H8;167;475nm/510nm;Mg_F16
100;H9;321;475nm/510nm;WT_noF16
100;H10;310;475nm/510nm;WT_noF16
100;H11;321;475nm/510nm;WT_noF16
100;H12;319;475nm/510nm;WT_noF16
99;A1;0.1542;600nm;Mu
99;A2;0.152;600nm;Mu
99;A3;0.1296;600nm;Mu
99;A4;0.133;600nm;Mu
99;A5;0.1423;600nm;Mu
99;A6;0.1414;600nm;Mu
99;A7;0.1621;600nm;Mu
99;A8;0.128;600nm;Mu
99;A9;0.1254;600nm;Mu
99;A10;0.1282;600nm;Mu
99;A11;0.1215;600nm;Mu
99;A12;0.1265;600nm;Mu
99;B1;0.1781;600nm;Mu
99;B2;0.1315;600nm;Mu
99;B3;0.1511;600nm;Mu
99;B4;0.1209;600nm;Mu
99;B5;0.1268;600nm;Mu
99;B6;0.1256;600nm;Mu
99;B7;0.1298;600nm;Mu
99;B8;0.1224;600nm;Mu
99;B9;0.1361;600nm;Mu
99;B10;0.1372;600nm;Mu
99;B11;0.1328;600nm;Mu
99;B12;0.1338;600nm;Mu
99;C1;0.126;600nm;Mu
99;C2;0.125;600nm;Mu
99;C3;0.1231;600nm;Mu
99;C4;0.1255;600nm;Mu
99;C5;0.1776;600nm;Mu
99;C6;0.1251;600nm;Mu
99;C7;0.1216;600nm;Mu
99;C8;0.124;600nm;Mu
99;C9;0.1236;600nm;Mu
99;C10;0.1209;600nm;Mu
99;C11;0.1176;600nm;Mu
99;C12;0.1295;600nm;Mu
99;D1;0.1645;600nm;Mu
99;D2;0.1696;600nm;Mu
99;D3;0.1396;600nm;Mu
99;D4;0.1302;600nm;Mu
99;D5;0.133;600nm;Mu
99;D6;0.1546;600nm;Mu
99;D7;0.1151;600nm;Mu
99;D8;0.1427;600nm;Mu
99;D9;0.146;600nm;Mu
99;D10;0.139;600nm;Mu
99;D11;0.1428;600nm;Mu
99;D12;0.1384;600nm;Mu
99;E1;0.2074;600nm;Mu
99;E2;0.1603;600nm;Mu
99;E3;0.1461;600nm;Mu
99;E4;0.1511;600nm;Mu
99;E5;0.1506;600nm;Mu
99;E6;0.1816;600nm;Mu
99;E7;0.1421;600nm;Mu
99;E8;0.127;600nm;Mu
99;E9;0.1289;600nm;Mu
99;E10;0.1479;600nm;Mu
99;E11;0.1257;600nm;Mu
99;E12;0.1463;600nm;Mu
99;F1;0.1494;600nm;Mu
99;F2;0.1305;600nm;Mu
99;F3;0.149;600nm;Mu
99;F4;0.1433;600nm;Mu
99;F5;0.1468;600nm;Mu
99;F6;0.1346;600nm;Mu
99;F7;0.1593;600nm;Mu
99;F8;0.1312;600nm;Mu
99;F9;0.1602;600nm;Mu
99;F10;0.1385;600nm;Mu
99;F11;0.1322;600nm;Mu
99;F12;0.1981;600nm;Mu
99;G1;0.2104;600nm;Mu
99;G2;0.1558;600nm;Mu
99;G3;0.1727;600nm;Mu
99;G4;0.1621;600nm;Mu
99;G5;0.1691;600nm;Mu
99;G6;0.173;600nm;Mu
99;G7;0.1648;600nm;Mu
99;G8;0.1566;600nm;Mu
99;G9;0.1475;600nm;Mu
99;G10;0.1347;600nm;Mu
99;G11;0.1438;600nm;Mu
99;G12;0.128;600nm;Mu
99;H1;0.1241;600nm;WT_F16
99;H2;0.123;600nm;WT_F16
99;H3;0.1248;600nm;WT_F16
99;H4;0.1201;600nm;WT_F16
99;H5;0.0901;600nm;Mg_F16
99;H6;0.0855;600nm;Mg_F16
99;H7;0.0908;600nm;Mg_F16
99;H8;0.0956;600nm;Mg_F16
99;H9;0.2004;600nm;WT_noF16
99;H10;0.1869;600nm;WT_noF16
99;H11;0.1867;600nm;WT_noF16
99;H12;0.1935;600nm;WT_noF16
99;A1;792;475nm/510nm;Mu
99;A2;773;475nm/510nm;Mu
99;A3;644;475nm/510nm;Mu
99;A4;651;475nm/510nm;Mu
99;A5;728;475nm/510nm;Mu
99;A6;691;475nm/510nm;Mu
99;A7;748;475nm/510nm;Mu
99;A8;635;475nm/510nm;Mu
99;A9;644;475nm/510nm;Mu
99;A10;626;475nm/510nm;Mu
99;A11;615;475nm/510nm;Mu
99;A12;634;475nm/510nm;Mu
99;B1;855;475nm/510nm;Mu
99;B2;632;475nm/510nm;Mu
99;B3;636;475nm/510nm;Mu
99;B4;604;475nm/510nm;Mu
99;B5;642;475nm/510nm;Mu
99;B6;648;475nm/510nm;Mu
99;B7;602;475nm/510nm;Mu
99;B8;611;475nm/510nm;Mu
99;B9;646;475nm/510nm;Mu
99;B10;641;475nm/510nm;Mu
99;B11;628;475nm/510nm;Mu
99;B12;681;475nm/510nm;Mu
99;C1;625;475nm/510nm;Mu
99;C2;614;475nm/510nm;Mu
99;C3;569;475nm/510nm;Mu
99;C4;589;475nm/510nm;Mu
99;C5;624;475nm/510nm;Mu
99;C6;600;475nm/510nm;Mu
99;C7;566;475nm/510nm;Mu
99;C8;559;475nm/510nm;Mu
99;C9;558;475nm/510nm;Mu
99;C10;574;475nm/510nm;Mu
99;C11;560;475nm/510nm;Mu
99;C12;640;475nm/510nm;Mu
99;D1;770;475nm/510nm;Mu
99;D2;395;475nm/510nm;Mu
99;D3;605;475nm/510nm;Mu
99;D4;579;475nm/510nm;Mu
99;D5;621;475nm/510nm;Mu
99;D6;715;475nm/510nm;Mu
99;D7;592;475nm/510nm;Mu
99;D8;724;475nm/510nm;Mu
99;D9;709;475nm/510nm;Mu
99;D10;621;475nm/510nm;Mu
99;D11;866;475nm/510nm;Mu
99;D12;653;475nm/510nm;Mu
99;E1;1052;475nm/510nm;Mu
99;E2;816;475nm/510nm;Mu
99;E3;720;475nm/510nm;Mu
99;E4;812;475nm/510nm;Mu
99;E5;710;475nm/510nm;Mu
99;E6;837;475nm/510nm;Mu
99;E7;620;475nm/510nm;Mu
99;E8;620;475nm/510nm;Mu
99;E9;581;475nm/510nm;Mu
99;E10;610;475nm/510nm;Mu
99;E11;689;475nm/510nm;Mu
99;E12;682;475nm/510nm;Mu
99;F1;729;475nm/510nm;Mu
99;F2;617;475nm/510nm;Mu
99;F3;648;475nm/510nm;Mu
99;F4;670;475nm/510nm;Mu
99;F5;807;475nm/510nm;Mu
99;F6;632;475nm/510nm;Mu
99;F7;903;475nm/510nm;Mu
99;F8;637;475nm/510nm;Mu
99;F9;715;475nm/510nm;Mu
99;F10;630;475nm/510nm;Mu
99;F11;629;475nm/510nm;Mu
99;F12;1022;475nm/510nm;Mu
99;G1;989;475nm/510nm;Mu
99;G2;731;475nm/510nm;Mu
99;G3;850;475nm/510nm;Mu
99;G4;761;475nm/510nm;Mu
99;G5;811;475nm/510nm;Mu
99;G6;904;475nm/510nm;Mu
99;G7;952;475nm/510nm;Mu
99;G8;906;475nm/510nm;Mu
99;G9;667;475nm/510nm;Mu
99;G10;617;475nm/510nm;Mu
99;G11;731;475nm/510nm;Mu
99;G12;606;475nm/510nm;Mu
99;H1;705;475nm/510nm;WT_F16
99;H2;680;475nm/510nm;WT_F16
99;H3;699;475nm/510nm;WT_F16
99;H4;653;475nm/510nm;WT_F16
99;H5;177;475nm/510nm;Mg_F16
99;H6;174;475nm/510nm;Mg_F16
99;H7;171;475nm/510nm;Mg_F16
99;H8;164;475nm/510nm;Mg_F16
99;H9;328;475nm/510nm;WT_noF16
99;H10;314;475nm/510nm;WT_noF16
99;H11;328;475nm/510nm;WT_noF16
99;H12;316;475nm/510nm;WT_noF16
98;A1;0.1947;600nm;Mu
98;A2;0.1211;600nm;Mu
98;A3;0.1987;600nm;Mu
98;A4;0.1965;600nm;Mu
98;A5;0.2171;600nm;Mu
98;A6;0.1806;600nm;Mu
98;A7;0.143;600nm;Mu
98;A8;0.1934;600nm;Mu
98;A9;0.179;600nm;Mu
98;A10;0.1769;600nm;Mu
98;A11;0.1643;600nm;Mu
98;A12;0.1406;600nm;Mu
98;B1;0.1313;600nm;Mu
98;B2;0.1129;600nm;Mu
98;B3;0.1176;600nm;Mu
98;B4;0.123;600nm;Mu
98;B5;0.1166;600nm;Mu
98;B6;0.1351;600nm;Mu
98;B7;0.1101;600nm;Mu
98;B8;0.1225;600nm;Mu
98;B9;0.1438;600nm;Mu
98;B10;0.1221;600nm;Mu
98;B11;0.1394;600nm;Mu
98;B12;0.1386;600nm;Mu
98;C1;0.1355;600nm;Mu
98;C2;0.13;600nm;Mu
98;C3;0.1275;600nm;Mu
98;C4;0.1252;600nm;Mu
98;C5;0.1271;600nm;Mu
98;C6;0.1234;600nm;Mu
98;C7;0.1128;600nm;Mu
98;C8;0.1537;600nm;Mu
98;C9;0.1242;600nm;Mu
98;C10;0.1301;600nm;Mu
98;C11;0.1303;600nm;Mu
98;C12;0.1282;600nm;Mu
98;D1;0.1227;600nm;Mu
98;D2;0.1301;600nm;Mu
98;D3;0.1172;600nm;Mu
98;D4;0.1105;600nm;Mu
98;D5;0.111;600nm;Mu
98;D6;0.1525;600nm;Mu
98;D7;0.1444;600nm;Mu
98;D8;0.1154;600nm;Mu
98;D9;0.1161;600nm;Mu
98;D10;0.1242;600nm;Mu
98;D11;0.1263;600nm;Mu
98;D12;0.129;600nm;Mu
98;E1;0.1444;600nm;Mu
98;E2;0.1345;600nm;Mu
98;E3;0.1249;600nm;Mu
98;E4;0.127;600nm;Mu
98;E5;0.1667;600nm;Mu
98;E6;0.1642;600nm;Mu
98;E7;0.1531;600nm;Mu
98;E8;0.2246;600nm;Mu
98;E9;0.1394;600nm;Mu
98;E10;0.1307;600nm;Mu
98;E11;0.1419;600nm;Mu
98;E12;0.1536;600nm;Mu
98;F1;0.1339;600nm;Mu
98;F2;0.131;600nm;Mu
98;F3;0.116;600nm;Mu
98;F4;0.2818;600nm;Mu
98;F5;0.1296;600nm;Mu
98;F6;0.1287;600nm;Mu
98;F7;0.1325;600nm;Mu
98;F8;0.1306;600nm;Mu
98;F9;0.1361;600nm;Mu
98;F10;0.1401;600nm;Mu
98;F11;0.1403;600nm;Mu
98;F12;0.212;600nm;Mu
98;G1;0.1547;600nm;Mu
98;G2;0.1387;600nm;Mu
98;G3;0.215;600nm;Mu
98;G4;0.1364;600nm;Mu
98;G5;0.138;600nm;Mu
98;G6;0.1431;600nm;Mu
98;G7;0.1402;600nm;Mu
98;G8;0.1324;600nm;Mu
98;G9;0.1898;600nm;Mu
98;G10;0.1333;600nm;Mu
98;G11;0.1394;600nm;Mu
98;G12;0.1573;600nm;Mu
98;H1;0.1183;600nm;WT_F16
98;H2;0.1075;600nm;WT_F16
98;H3;0.1124;600nm;WT_F16
98;H4;0.1063;600nm;WT_F16
98;H5;0.0843;600nm;Mg_F16
98;H6;0.0842;600nm;Mg_F16
98;H7;0.0839;600nm;Mg_F16
98;H8;0.0863;600nm;Mg_F16
98;H9;0.1705;600nm;WT_noF16
98;H10;0.1687;600nm;WT_noF16
98;H11;0.1625;600nm;WT_noF16
98;H12;0.1864;600nm;WT_noF16
98;A1;1108;475nm/510nm;Mu
98;A2;647;475nm/510nm;Mu
98;A3;1278;475nm/510nm;Mu
98;A4;1078;475nm/510nm;Mu
98;A5;1001;475nm/510nm;Mu
98;A6;907;475nm/510nm;Mu
98;A7;722;475nm/510nm;Mu
98;A8;852;475nm/510nm;Mu
98;A9;1136;475nm/510nm;Mu
98;A10;832;475nm/510nm;Mu
98;A11;784;475nm/510nm;Mu
98;A12;690;475nm/510nm;Mu
98;B1;613;475nm/510nm;Mu
98;B2;528;475nm/510nm;Mu
98;B3;534;475nm/510nm;Mu
98;B4;565;475nm/510nm;Mu
98;B5;516;475nm/510nm;Mu
98;B6;572;475nm/510nm;Mu
98;B7;497;475nm/510nm;Mu
98;B8;611;475nm/510nm;Mu
98;B9;649;475nm/510nm;Mu
98;B10;591;475nm/510nm;Mu
98;B11;672;475nm/510nm;Mu
98;B12;657;475nm/510nm;Mu
98;C1;667;475nm/510nm;Mu
98;C2;619;475nm/510nm;Mu
98;C3;607;475nm/510nm;Mu
98;C4;554;475nm/510nm;Mu
98;C5;664;475nm/510nm;Mu
98;C6;655;475nm/510nm;Mu
98;C7;538;475nm/510nm;Mu
98;C8;715;475nm/510nm;Mu
98;C9;573;475nm/510nm;Mu
98;C10;633;475nm/510nm;Mu
98;C11;581;475nm/510nm;Mu
98;C12;611;475nm/510nm;Mu
98;D1;615;475nm/510nm;Mu
98;D2;579;475nm/510nm;Mu
98;D3;573;475nm/510nm;Mu
98;D4;536;475nm/510nm;Mu
98;D5;644;475nm/510nm;Mu
98;D6;649;475nm/510nm;Mu
98;D7;719;475nm/510nm;Mu
98;D8;547;475nm/510nm;Mu
98;D9;564;475nm/510nm;Mu
98;D10;617;475nm/510nm;Mu
98;D11;637;475nm/510nm;Mu
98;D12;593;475nm/510nm;Mu
98;E1;838;475nm/510nm;Mu
98;E2;660;475nm/510nm;Mu
98;E3;587;475nm/510nm;Mu
98;E4;626;475nm/510nm;Mu
98;E5;877;475nm/510nm;Mu
98;E6;800;475nm/510nm;Mu
98;E7;730;475nm/510nm;Mu
98;E8;653;475nm/510nm;Mu
98;E9;688;475nm/510nm;Mu
98;E10;606;475nm/510nm;Mu
98;E11;637;475nm/510nm;Mu
98;E12;792;475nm/510nm;Mu
98;F1;802;475nm/510nm;Mu
98;F2;592;475nm/510nm;Mu
98;F3;552;475nm/510nm;Mu
98;F4;656;475nm/510nm;Mu
98;F5;660;475nm/510nm;Mu
98;F6;594;475nm/510nm;Mu
98;F7;606;475nm/510nm;Mu
98;F8;611;475nm/510nm;Mu
98;F9;781;475nm/510nm;Mu
98;F10;636;475nm/510nm;Mu
98;F11;636;475nm/510nm;Mu
98;F12;994;475nm/510nm;Mu
98;G1;764;475nm/510nm;Mu
98;G2;682;475nm/510nm;Mu
98;G3;670;475nm/510nm;Mu
98;G4;636;475nm/510nm;Mu
98;G5;640;475nm/510nm;Mu
98;G6;693;475nm/510nm;Mu
98;G7;670;475nm/510nm;Mu
98;G8;621;475nm/510nm;Mu
98;G9;676;475nm/510nm;Mu
98;G10;627;475nm/510nm;Mu
98;G11;648;475nm/510nm;Mu
98;G12;746;475nm/510nm;Mu
98;H1;635;475nm/510nm;WT_F16
98;H2;560;475nm/510nm;WT_F16
98;H3;575;475nm/510nm;WT_F16
98;H4;608;475nm/510nm;WT_F16
98;H5;170;475nm/510nm;Mg_F16
98;H6;164;475nm/510nm;Mg_F16
98;H7;165;475nm/510nm;Mg_F16
98;H8;167;475nm/510nm;Mg_F16
98;H9;340;475nm/510nm;WT_noF16
98;H10;344;475nm/510nm;WT_noF16
98;H11;341;475nm/510nm;WT_noF16
98;H12;325;475nm/510nm;WT_noF16
97;A1;0.1416;600nm;Mu
97;A2;0.1238;600nm;Mu
97;A3;0.1872;600nm;Mu
97;A4;0.125;600nm;Mu
97;A5;0.1242;600nm;Mu
97;A6;0.1775;600nm;Mu
97;A7;0.1541;600nm;Mu
97;A8;0.1553;600nm;Mu
97;A9;0.1219;600nm;Mu
97;A10;0.1312;600nm;Mu
97;A11;0.1193;600nm;Mu
97;A12;0.152;600nm;Mu
97;B1;0.1256;600nm;Mu
97;B2;0.1325;600nm;Mu
97;B3;0.1164;600nm;Mu
97;B4;0.1255;600nm;Mu
97;B5;0.1131;600nm;Mu
97;B6;0.0989;600nm;Mu
97;B7;0.1151;600nm;Mu
97;B8;0.1144;600nm;Mu
97;B9;0.1181;600nm;Mu
97;B10;0.1188;600nm;Mu
97;B11;0.1313;600nm;Mu
97;B12;0.1711;600nm;Mu
97;C1;0.1186;600nm;Mu
97;C2;0.1086;600nm;Mu
97;C3;0.1195;600nm;Mu
97;C4;0.1361;600nm;Mu
97;C5;0.1181;600nm;Mu
97;C6;0.1371;600nm;Mu
97;C7;0.2277;600nm;Mu
97;C8;0.1237;600nm;Mu
97;C9;0.1214;600nm;Mu
97;C10;0.126;600nm;Mu
97;C11;0.1344;600nm;Mu
97;C12;0.1507;600nm;Mu
97;D1;0.1204;600nm;Mu
97;D2;0.1111;600nm;Mu
97;D3;0.1103;600nm;Mu
97;D4;0.1175;600nm;Mu
97;D5;0.1189;600nm;Mu
97;D6;0.1287;600nm;Mu
97;D7;0.1226;600nm;Mu
97;D8;0.1239;600nm;Mu
97;D9;0.1282;600nm;Mu
97;D10;0.1265;600nm;Mu
97;D11;0.112;600nm;Mu
97;D12;0.1383;600nm;Mu
97;E1;0.1379;600nm;Mu
97;E2;0.124;600nm;Mu
97;E3;0.1448;600nm;Mu
97;E4;0.179;600nm;Mu
97;E5;0.1341;600nm;Mu
97;E6;0.1314;600nm;Mu
97;E7;0.1906;600nm;Mu
97;E8;0.122;600nm;Mu
97;E9;0.1329;600nm;Mu
97;E10;0.1314;600nm;Mu
97;E11;0.162;600nm;Mu
97;E12;0.2339;600nm;Mu
97;F1;0.1367;600nm;Mu
97;F2;0.1371;600nm;Mu
97;F3;0.1948;600nm;Mu
97;F4;0.1901;600nm;Mu
97;F5;0.159;600nm;Mu
97;F6;0.1176;600nm;Mu
97;F7;0.129;600nm;Mu
97;F8;0.1359;600nm;Mu
97;F9;0.1327;600nm;Mu
97;F10;0.1317;600nm;Mu
97;F11;0.142;600nm;Mu
97;F12;0.1551;600nm;Mu
97;G1;0.1845;600nm;Mu
97;G2;0.1375;600nm;Mu
97;G3;0.1149;600nm;Mu
97;G4;0.1424;600nm;Mu
97;G5;0.2883;600nm;Mu
97;G6;0.1308;600nm;Mu
97;G7;0.1418;600nm;Mu
97;G8;0.1467;600nm;Mu
97;G9;0.1507;600nm;Mu
97;G10;0.1456;600nm;Mu
97;G11;0.1704;600nm;Mu
97;G12;0.193;600nm;Mu
97;H1;0.1154;600nm;WT_F16
97;H2;0.1256;600nm;WT_F16
97;H3;0.1233;600nm;WT_F16
97;H4;0.1138;600nm;WT_F16
97;H5;0.0841;600nm;Mg_F16
97;H6;0.083;600nm;Mg_F16
97;H7;0.0873;600nm;Mg_F16
97;H8;0.0836;600nm;Mg_F16
97;H9;0.1682;600nm;WT_noF16
97;H10;0.1658;600nm;WT_noF16
97;H11;0.1526;600nm;WT_noF16
97;H12;0.2021;600nm;WT_noF16
97;A1;715;475nm/510nm;Mu
97;A2;596;475nm/510nm;Mu
97;A3;930;475nm/510nm;Mu
97;A4;673;475nm/510nm;Mu
97;A5;625;475nm/510nm;Mu
97;A6;750;475nm/510nm;Mu
97;A7;627;475nm/510nm;Mu
97;A8;710;475nm/510nm;Mu
97;A9;676;475nm/510nm;Mu
97;A10;622;475nm/510nm;Mu
97;A11;607;475nm/510nm;Mu
97;A12;776;475nm/510nm;Mu
97;B1;606;475nm/510nm;Mu
97;B2;626;475nm/510nm;Mu
97;B3;577;475nm/510nm;Mu
97;B4;588;475nm/510nm;Mu
97;B5;577;475nm/510nm;Mu
97;B6;511;475nm/510nm;Mu
97;B7;589;475nm/510nm;Mu
97;B8;641;475nm/510nm;Mu
97;B9;586;475nm/510nm;Mu
97;B10;647;475nm/510nm;Mu
97;B11;674;475nm/510nm;Mu
97;B12;849;475nm/510nm;Mu
97;C1;741;475nm/510nm;Mu
97;C2;559;475nm/510nm;Mu
97;C3;627;475nm/510nm;Mu
97;C4;665;475nm/510nm;Mu
97;C5;597;475nm/510nm;Mu
97;C6;679;475nm/510nm;Mu
97;C7;728;475nm/510nm;Mu
97;C8;623;475nm/510nm;Mu
97;C9;581;475nm/510nm;Mu
97;C10;596;475nm/510nm;Mu
97;C11;661;475nm/510nm;Mu
97;C12;694;475nm/510nm;Mu
97;D1;577;475nm/510nm;Mu
97;D2;561;475nm/510nm;Mu
97;D3;501;475nm/510nm;Mu
97;D4;544;475nm/510nm;Mu
97;D5;516;475nm/510nm;Mu
97;D6;618;475nm/510nm;Mu
97;D7;607;475nm/510nm;Mu
97;D8;614;475nm/510nm;Mu
97;D9;622;475nm/510nm;Mu
97;D10;566;475nm/510nm;Mu
97;D11;530;475nm/510nm;Mu
97;D12;702;475nm/510nm;Mu
97;E1;649;475nm/510nm;Mu
97;E2;591;475nm/510nm;Mu
97;E3;595;475nm/510nm;Mu
97;E4;625;475nm/510nm;Mu
97;E5;677;475nm/510nm;Mu
97;E6;670;475nm/510nm;Mu
97;E7;681;475nm/510nm;Mu
97;E8;606;475nm/510nm;Mu
97;E9;660;475nm/510nm;Mu
97;E10;667;475nm/510nm;Mu
97;E11;637;475nm/510nm;Mu
97;E12;1047;475nm/510nm;Mu
97;F1;748;475nm/510nm;Mu
97;F2;685;475nm/510nm;Mu
97;F3;683;475nm/510nm;Mu
97;F4;644;475nm/510nm;Mu
97;F5;843;475nm/510nm;Mu
97;F6;551;475nm/510nm;Mu
97;F7;705;475nm/510nm;Mu
97;F8;705;475nm/510nm;Mu
97;F9;640;475nm/510nm;Mu
97;F10;639;475nm/510nm;Mu
97;F11;702;475nm/510nm;Mu
97;F12;706;475nm/510nm;Mu
97;G1;1041;475nm/510nm;Mu
97;G2;672;475nm/510nm;Mu
97;G3;523;475nm/510nm;Mu
97;G4;737;475nm/510nm;Mu
97;G5;681;475nm/510nm;Mu
97;G6;620;475nm/510nm;Mu
97;G7;728;475nm/510nm;Mu
97;G8;738;475nm/510nm;Mu
97;G9;687;475nm/510nm;Mu
97;G10;687;475nm/510nm;Mu
97;G11;754;475nm/510nm;Mu
97;G12;907;475nm/510nm;Mu
97;H1;641;475nm/510nm;WT_F16
97;H2;600;475nm/510nm;WT_F16
97;H3;830;475nm/510nm;WT_F16
97;H4;595;475nm/510nm;WT_F16
97;H5;162;475nm/510nm;Mg_F16
97;H6;166;475nm/510nm;Mg_F16
97;H7;165;475nm/510nm;Mg_F16
97;H8;168;475nm/510nm;Mg_F16
97;H9;337;475nm/510nm;WT_noF16
97;H10;332;475nm/510nm;WT_noF16
97;H11;338;475nm/510nm;WT_noF16
97;H12;329;475nm/510nm;WT_noF16
96;A1;0.1781;600nm;Mu
96;A2;0.1568;600nm;Mu
96;A3;0.1504;600nm;Mu
96;A4;0.1622;600nm;Mu
96;A5;0.1564;600nm;Mu
96;A6;0.191;600nm;Mu
96;A7;0.1606;600nm;Mu
96;A8;0.1281;600nm;Mu
96;A9;0.1655;600nm;Mu
96;A10;0.1721;600nm;Mu
96;A11;0.1274;600nm;Mu
96;A12;0.1319;600nm;Mu
96;B1;0.1313;600nm;Mu
96;B2;0.114;600nm;Mu
96;B3;0.1331;600nm;Mu
96;B4;0.1144;600nm;Mu
96;B5;0.122;600nm;Mu
96;B6;0.1289;600nm;Mu
96;B7;0.1133;600nm;Mu
96;B8;0.1237;600nm;Mu
96;B9;0.1165;600nm;Mu
96;B10;0.1263;600nm;Mu
96;B11;0.1137;600nm;Mu
96;B12;0.1691;600nm;Mu
96;C1;0.1463;600nm;Mu
96;C2;0.1182;600nm;Mu
96;C3;0.1237;600nm;Mu
96;C4;0.1271;600nm;Mu
96;C5;0.1291;600nm;Mu
96;C6;0.1495;600nm;Mu
96;C7;0.1294;600nm;Mu
96;C8;0.1337;600nm;Mu
96;C9;0.1566;600nm;Mu
96;C10;0.1209;600nm;Mu
96;C11;0.1164;600nm;Mu
96;C12;0.1529;600nm;Mu
96;D1;0.1363;600nm;Mu
96;D2;0.1144;600nm;Mu
96;D3;0.1192;600nm;Mu
96;D4;0.116;600nm;Mu
96;D5;0.1261;600nm;Mu
96;D6;0.1228;600nm;Mu
96;D7;0.1244;600nm;Mu
96;D8;0.1319;600nm;Mu
96;D9;0.1437;600nm;Mu
96;D10;0.1411;600nm;Mu
96;D11;0.1338;600nm;Mu
96;D12;0.1636;600nm;Mu
96;E1;0.1467;600nm;Mu
96;E2;0.1414;600nm;Mu
96;E3;0.127;600nm;Mu
96;E4;0.1174;600nm;Mu
96;E5;0.1328;600nm;Mu
96;E6;0.1467;600nm;Mu
96;E7;0.1098;600nm;Mu
96;E8;0.1357;600nm;Mu
96;E9;0.1342;600nm;Mu
96;E10;0.1323;600nm;Mu
96;E11;0.1399;600nm;Mu
96;E12;0.1455;600nm;Mu
96;F1;0.1138;600nm;Mu
96;F2;0.116;600nm;Mu
96;F3;0.1469;600nm;Mu
96;F4;0.144;600nm;Mu
96;F5;0.1407;600nm;Mu
96;F6;0.1373;600nm;Mu
96;F7;0.1444;600nm;Mu
96;F8;0.1453;600nm;Mu
96;F9;0.1409;600nm;Mu
96;F10;0.1339;600nm;Mu
96;F11;0.1522;600nm;Mu
96;F12;0.1653;600nm;Mu
96;G1;0.128;600nm;Mu
96;G2;0.1427;600nm;Mu
96;G3;0.1328;600nm;Mu
96;G4;0.1153;600nm;Mu
96;G5;0.1306;600nm;Mu
96;G6;0.1327;600nm;Mu
96;G7;0.1531;600nm;Mu
96;G8;0.1408;600nm;Mu
96;G9;0.1352;600nm;Mu
96;G10;0.1315;600nm;Mu
96;G11;0.1318;600nm;Mu
96;G12;0.1508;600nm;Mu
96;H1;0.1103;600nm;WT_F16
96;H2;0.1037;600nm;WT_F16
96;H3;0.1142;600nm;WT_F16
96;H4;0.1097;600nm;WT_F16
96;H5;0.0836;600nm;Mg_F16
96;H6;0.0844;600nm;Mg_F16
96;H7;0.0832;600nm;Mg_F16
96;H8;0.0972;600nm;Mg_F16
96;H9;0.1507;600nm;WT_noF16
96;H10;0.1504;600nm;WT_noF16
96;H11;0.1448;600nm;WT_noF16
96;H12;0.2037;600nm;WT_noF16
96;A1;757;475nm/510nm;Mu
96;A2;734;475nm/510nm;Mu
96;A3;770;475nm/510nm;Mu
96;A4;717;475nm/510nm;Mu
96;A5;810;475nm/510nm;Mu
96;A6;1146;475nm/510nm;Mu
96;A7;807;475nm/510nm;Mu
96;A8;631;475nm/510nm;Mu
96;A9;953;475nm/510nm;Mu
96;A10;786;475nm/510nm;Mu
96;A11;663;475nm/510nm;Mu
96;A12;685;475nm/510nm;Mu
96;B1;649;475nm/510nm;Mu
96;B2;522;475nm/510nm;Mu
96;B3;923;475nm/510nm;Mu
96;B4;550;475nm/510nm;Mu
96;B5;592;475nm/510nm;Mu
96;B6;1183;475nm/510nm;Mu
96;B7;592;475nm/510nm;Mu
96;B8;589;475nm/510nm;Mu
96;B9;573;475nm/510nm;Mu
96;B10;630;475nm/510nm;Mu
96;B11;533;475nm/510nm;Mu
96;B12;830;475nm/510nm;Mu
96;C1;749;475nm/510nm;Mu
96;C2;646;475nm/510nm;Mu
96;C3;729;475nm/510nm;Mu
96;C4;648;475nm/510nm;Mu
96;C5;657;475nm/510nm;Mu
96;C6;820;475nm/510nm;Mu
96;C7;677;475nm/510nm;Mu
96;C8;701;475nm/510nm;Mu
96;C9;730;475nm/510nm;Mu
96;C10;618;475nm/510nm;Mu
96;C11;573;475nm/510nm;Mu
96;C12;735;475nm/510nm;Mu
96;D1;719;475nm/510nm;Mu
96;D2;603;475nm/510nm;Mu
96;D3;618;475nm/510nm;Mu
96;D4;604;475nm/510nm;Mu
96;D5;650;475nm/510nm;Mu
96;D6;675;475nm/510nm;Mu
96;D7;668;475nm/510nm;Mu
96;D8;702;475nm/510nm;Mu
96;D9;811;475nm/510nm;Mu
96;D10;746;475nm/510nm;Mu
96;D11;676;475nm/510nm;Mu
96;D12;801;475nm/510nm;Mu
96;E1;641;475nm/510nm;Mu
96;E2;748;475nm/510nm;Mu
96;E3;702;475nm/510nm;Mu
96;E4;611;475nm/510nm;Mu
96;E5;707;475nm/510nm;Mu
96;E6;823;475nm/510nm;Mu
96;E7;576;475nm/510nm;Mu
96;E8;745;475nm/510nm;Mu
96;E9;649;475nm/510nm;Mu
96;E10;670;475nm/510nm;Mu
96;E11;720;475nm/510nm;Mu
96;E12;697;475nm/510nm;Mu
96;F1;590;475nm/510nm;Mu
96;F2;612;475nm/510nm;Mu
96;F3;697;475nm/510nm;Mu
96;F4;688;475nm/510nm;Mu
96;F5;769;475nm/510nm;Mu
96;F6;690;475nm/510nm;Mu
96;F7;739;475nm/510nm;Mu
96;F8;745;475nm/510nm;Mu
96;F9;703;475nm/510nm;Mu
96;F10;707;475nm/510nm;Mu
96;F11;789;475nm/510nm;Mu
96;F12;800;475nm/510nm;Mu
96;G1;688;475nm/510nm;Mu
96;G2;693;475nm/510nm;Mu
96;G3;662;475nm/510nm;Mu
96;G4;578;475nm/510nm;Mu
96;G5;703;475nm/510nm;Mu
96;G6;654;475nm/510nm;Mu
96;G7;733;475nm/510nm;Mu
96;G8;748;475nm/510nm;Mu
96;G9;673;475nm/510nm;Mu
96;G10;651;475nm/510nm;Mu
96;G11;684;475nm/510nm;Mu
96;G12;717;475nm/510nm;Mu
96;H1;650;475nm/510nm;WT_F16
96;H2;556;475nm/510nm;WT_F16
96;H3;624;475nm/510nm;WT_F16
96;H4;674;475nm/510nm;WT_F16
96;H5;174;475nm/510nm;Mg_F16
96;H6;183;475nm/510nm;Mg_F16
96;H7;172;475nm/510nm;Mg_F16
96;H8;203;475nm/510nm;Mg_F16
96;H9;345;475nm/510nm;WT_noF16
96;H10;329;475nm/510nm;WT_noF16
96;H11;362;475nm/510nm;WT_noF16
96;H12;343;475nm/510nm;WT_noF16
95;A1;0.203;600nm;Mu
95;A2;0.1568;600nm;Mu
95;A3;0.1927;600nm;Mu
95;A4;0.1787;600nm;Mu
95;A5;0.1916;600nm;Mu
95;A6;0.1966;600nm;Mu
95;A7;0.1585;600nm;Mu
95;A8;0.1755;600nm;Mu
95;A9;0.1695;600nm;Mu
95;A10;0.1654;600nm;Mu
95;A11;0.1696;600nm;Mu
95;A12;0.1971;600nm;Mu
95;B1;0.1595;600nm;Mu
95;B2;0.1485;600nm;Mu
95;B3;0.1772;600nm;Mu
95;B4;0.1436;600nm;Mu
95;B5;0.1457;600nm;Mu
95;B6;0.1351;600nm;Mu
95;B7;0.1341;600nm;Mu
95;B8;0.1798;600nm;Mu
95;B9;0.1277;600nm;Mu
95;B10;0.1816;600nm;Mu
95;B11;0.1475;600nm;Mu
95;B12;0.1374;600nm;Mu
95;C1;0.1773;600nm;Mu
95;C2;0.1261;600nm;Mu
95;C3;0.1218;600nm;Mu
95;C4;0.1343;600nm;Mu
95;C5;0.1263;600nm;Mu
95;C6;0.1248;600nm;Mu
95;C7;0.1235;600nm;Mu
95;C8;0.1381;600nm;Mu
95;C9;0.1108;600nm;Mu
95;C10;0.128;600nm;Mu
95;C11;0.1165;600nm;Mu
95;C12;0.1755;600nm;Mu
95;D1;0.1451;600nm;Mu
95;D2;0.1376;600nm;Mu
95;D3;0.1401;600nm;Mu
95;D4;0.1699;600nm;Mu
95;D5;0.1418;600nm;Mu
95;D6;0.1416;600nm;Mu
95;D7;0.1934;600nm;Mu
95;D8;0.1796;600nm;Mu
95;D9;0.1326;600nm;Mu
95;D10;0.1295;600nm;Mu
95;D11;0.1426;600nm;Mu
95;D12;0.1546;600nm;Mu
95;E1;0.185;600nm;Mu
95;E2;0.1402;600nm;Mu
95;E3;0.1425;600nm;Mu
95;E4;0.1559;600nm;Mu
95;E5;0.1494;600nm;Mu
95;E6;0.1556;600nm;Mu
95;E7;0.1498;600nm;Mu
95;E8;0.1462;600nm;Mu
95;E9;0.1492;600nm;Mu
95;E10;0.1362;600nm;Mu
95;E11;0.1953;600nm;Mu
95;E12;0.1785;600nm;Mu
95;F1;0.1852;600nm;Mu
95;F2;0.1384;600nm;Mu
95;F3;0.1352;600nm;Mu
95;F4;0.1614;600nm;Mu
95;F5;0.2074;600nm;Mu
95;F6;0.1847;600nm;Mu
95;F7;0.1404;600nm;Mu
95;F8;0.1327;600nm;Mu
95;F9;0.1382;600nm;Mu
95;F10;0.1541;600nm;Mu
95;F11;0.1477;600nm;Mu
95;F12;0.1934;600nm;Mu
95;G1;0.1616;600nm;Mu
95;G2;0.1393;600nm;Mu
95;G3;0.1536;600nm;Mu
95;G4;0.1305;600nm;Mu
95;G5;0.1829;600nm;Mu
95;G6;0.1365;600nm;Mu
95;G7;0.1439;600nm;Mu
95;G8;0.1615;600nm;Mu
95;G9;0.1407;600nm;Mu
95;G10;0.1559;600nm;Mu
95;G11;0.143;600nm;Mu
95;G12;0.1852;600nm;Mu
95;H1;0.1551;600nm;WT_F16
95;H2;0.1191;600nm;WT_F16
95;H3;0.1953;600nm;WT_F16
95;H4;0.1073;600nm;WT_F16
95;H5;0.0956;600nm;Mg_F16
95;H6;0.0929;600nm;Mg_F16
95;H7;0.0841;600nm;Mg_F16
95;H8;0.0846;600nm;Mg_F16
95;H9;0.1375;600nm;WT_noF16
95;H10;0.1534;600nm;WT_noF16
95;H11;0.1526;600nm;WT_noF16
95;H12;0.196;600nm;WT_noF16
95;A1;1025;475nm/510nm;Mu
95;A2;825;475nm/510nm;Mu
95;A3;867;475nm/510nm;Mu
95;A4;983;475nm/510nm;Mu
95;A5;935;475nm/510nm;Mu
95;A6;776;475nm/510nm;Mu
95;A7;736;475nm/510nm;Mu
95;A8;718;475nm/510nm;Mu
95;A9;843;475nm/510nm;Mu
95;A10;783;475nm/510nm;Mu
95;A11;783;475nm/510nm;Mu
95;A12;904;475nm/510nm;Mu
95;B1;799;475nm/510nm;Mu
95;B2;719;475nm/510nm;Mu
95;B3;693;475nm/510nm;Mu
95;B4;646;475nm/510nm;Mu
95;B5;700;475nm/510nm;Mu
95;B6;686;475nm/510nm;Mu
95;B7;684;475nm/510nm;Mu
95;B8;950;475nm/510nm;Mu
95;B9;699;475nm/510nm;Mu
95;B10;1049;475nm/510nm;Mu
95;B11;741;475nm/510nm;Mu
95;B12;638;475nm/510nm;Mu
95;C1;856;475nm/510nm;Mu
95;C2;648;475nm/510nm;Mu
95;C3;665;475nm/510nm;Mu
95;C4;820;475nm/510nm;Mu
95;C5;654;475nm/510nm;Mu
95;C6;569;475nm/510nm;Mu
95;C7;639;475nm/510nm;Mu
95;C8;663;475nm/510nm;Mu
95;C9;652;475nm/510nm;Mu
95;C10;684;475nm/510nm;Mu
95;C11;568;475nm/510nm;Mu
95;C12;1089;475nm/510nm;Mu
95;D1;736;475nm/510nm;Mu
95;D2;666;475nm/510nm;Mu
95;D3;698;475nm/510nm;Mu
95;D4;652;475nm/510nm;Mu
95;D5;678;475nm/510nm;Mu
95;D6;661;475nm/510nm;Mu
95;D7;819;475nm/510nm;Mu
95;D8;695;475nm/510nm;Mu
95;D9;692;475nm/510nm;Mu
95;D10;728;475nm/510nm;Mu
95;D11;697;475nm/510nm;Mu
95;D12;751;475nm/510nm;Mu
95;E1;999;475nm/510nm;Mu
95;E2;715;475nm/510nm;Mu
95;E3;664;475nm/510nm;Mu
95;E4;665;475nm/510nm;Mu
95;E5;786;475nm/510nm;Mu
95;E6;856;475nm/510nm;Mu
95;E7;818;475nm/510nm;Mu
95;E8;784;475nm/510nm;Mu
95;E9;753;475nm/510nm;Mu
95;E10;774;475nm/510nm;Mu
95;E11;1115;475nm/510nm;Mu
95;E12;824;475nm/510nm;Mu
95;F1;901;475nm/510nm;Mu
95;F2;713;475nm/510nm;Mu
95;F3;638;475nm/510nm;Mu
95;F4;857;475nm/510nm;Mu
95;F5;685;475nm/510nm;Mu
95;F6;711;475nm/510nm;Mu
95;F7;737;475nm/510nm;Mu
95;F8;739;475nm/510nm;Mu
95;F9;691;475nm/510nm;Mu
95;F10;785;475nm/510nm;Mu
95;F11;771;475nm/510nm;Mu
95;F12;834;475nm/510nm;Mu
95;G1;858;475nm/510nm;Mu
95;G2;739;475nm/510nm;Mu
95;G3;777;475nm/510nm;Mu
95;G4;713;475nm/510nm;Mu
95;G5;814;475nm/510nm;Mu
95;G6;676;475nm/510nm;Mu
95;G7;723;475nm/510nm;Mu
95;G8;759;475nm/510nm;Mu
95;G9;745;475nm/510nm;Mu
95;G10;771;475nm/510nm;Mu
95;G11;698;475nm/510nm;Mu
95;G12;885;475nm/510nm;Mu
95;H1;1433;475nm/510nm;WT_F16
95;H2;628;475nm/510nm;WT_F16
95;H3;973;475nm/510nm;WT_F16
95;H4;720;475nm/510nm;WT_F16
95;H5;211;475nm/510nm;Mg_F16
95;H6;230;475nm/510nm;Mg_F16
95;H7;175;475nm/510nm;Mg_F16
95;H8;190;475nm/510nm;Mg_F16
95;H9;341;475nm/510nm;WT_noF16
95;H10;335;475nm/510nm;WT_noF16
95;H11;348;475nm/510nm;WT_noF16
95;H12;334;475nm/510nm;WT_noF16
94;A1;0.1683;600nm;Mu
94;A2;0.1605;600nm;Mu
94;A3;0.1497;600nm;Mu
94;A4;0.1406;600nm;Mu
94;A5;0.1397;600nm;Mu
94;A6;0.1436;600nm;Mu
94;A7;0.1431;600nm;Mu
94;A8;0.1461;600nm;Mu
94;A9;0.1711;600nm;Mu
94;A10;0.1778;600nm;Mu
94;A11;0.171;600nm;Mu
94;A12;0.1963;600nm;Mu
94;B1;0.1657;600nm;Mu
94;B2;0.123;600nm;Mu
94;B3;0.1388;600nm;Mu
94;B4;0.1333;600nm;Mu
94;B5;0.1195;600nm;Mu
94;B6;0.1231;600nm;Mu
94;B7;0.1295;600nm;Mu
94;B8;0.1177;600nm;Mu
94;B9;0.127;600nm;Mu
94;B10;0.137;600nm;Mu
94;B11;0.1416;600nm;Mu
94;B12;0.1618;600nm;Mu
94;C1;0.1106;600nm;Mu
94;C2;0.1225;600nm;Mu
94;C3;0.1192;600nm;Mu
94;C4;0.1255;600nm;Mu
94;C5;0.1203;600nm;Mu
94;C6;0.1101;600nm;Mu
94;C7;0.107;600nm;Mu
94;C8;0.1344;600nm;Mu
94;C9;0.12;600nm;Mu
94;C10;0.1206;600nm;Mu
94;C11;0.1334;600nm;Mu
94;C12;0.1721;600nm;Mu
94;D1;0.2243;600nm;Mu
94;D2;0.1495;600nm;Mu
94;D3;0.1594;600nm;Mu
94;D4;0.1841;600nm;Mu
94;D5;0.1653;600nm;Mu
94;D6;0.1736;600nm;Mu
94;D7;0.1887;600nm;Mu
94;D8;0.1459;600nm;Mu
94;D9;0.1475;600nm;Mu
94;D10;0.1403;600nm;Mu
94;D11;0.1476;600nm;Mu
94;D12;0.1582;600nm;Mu
94;E1;0.1605;600nm;Mu
94;E2;0.1289;600nm;Mu
94;E3;0.1303;600nm;Mu
94;E4;0.1259;600nm;Mu
94;E5;0.1604;600nm;Mu
94;E6;0.1479;600nm;Mu
94;E7;0.1693;600nm;Mu
94;E8;0.145;600nm;Mu
94;E9;0.1384;600nm;Mu
94;E10;0.1445;600nm;Mu
94;E11;0.1553;600nm;Mu
94;E12;0.1865;600nm;Mu
94;F1;0.1473;600nm;Mu
94;F2;0.1551;600nm;Mu
94;F3;0.148;600nm;Mu
94;F4;0.1653;600nm;Mu
94;F5;0.1705;600nm;Mu
94;F6;0.1753;600nm;Mu
94;F7;0.1629;600nm;Mu
94;F8;0.1375;600nm;Mu
94;F9;0.1424;600nm;Mu
94;F10;0.1442;600nm;Mu
94;F11;0.1652;600nm;Mu
94;F12;0.1875;600nm;Mu
94;G1;0.1674;600nm;Mu
94;G2;0.1543;600nm;Mu
94;G3;0.1736;600nm;Mu
94;G4;0.1628;600nm;Mu
94;G5;0.1787;600nm;Mu
94;G6;0.171;600nm;Mu
94;G7;0.1655;600nm;Mu
94;G8;0.1579;600nm;Mu
94;G9;0.1444;600nm;Mu
94;G10;0.1678;600nm;Mu
94;G11;0.1494;600nm;Mu
94;G12;0.1638;600nm;Mu
94;H1;0.11;600nm;WT_F16
94;H2;0.1104;600nm;WT_F16
94;H3;0.1101;600nm;WT_F16
94;H4;0.114;600nm;WT_F16
94;H5;0.0831;600nm;Mg_F16
94;H6;0.0828;600nm;Mg_F16
94;H7;0.084;600nm;Mg_F16
94;H8;0.0841;600nm;Mg_F16
94;H9;0.1518;600nm;WT_noF16
94;H10;0.1421;600nm;WT_noF16
94;H11;0.15;600nm;WT_noF16
94;H12;0.1858;600nm;WT_noF16
94;A1;843;475nm/510nm;Mu
94;A2;890;475nm/510nm;Mu
94;A3;802;475nm/510nm;Mu
94;A4;774;475nm/510nm;Mu
94;A5;779;475nm/510nm;Mu
94;A6;780;475nm/510nm;Mu
94;A7;778;475nm/510nm;Mu
94;A8;776;475nm/510nm;Mu
94;A9;871;475nm/510nm;Mu
94;A10;868;475nm/510nm;Mu
94;A11;875;475nm/510nm;Mu
94;A12;962;475nm/510nm;Mu
94;B1;839;475nm/510nm;Mu
94;B2;586;475nm/510nm;Mu
94;B3;684;475nm/510nm;Mu
94;B4;634;475nm/510nm;Mu
94;B5;592;475nm/510nm;Mu
94;B6;604;475nm/510nm;Mu
94;B7;620;475nm/510nm;Mu
94;B8;599;475nm/510nm;Mu
94;B9;614;475nm/510nm;Mu
94;B10;1238;475nm/510nm;Mu
94;B11;717;475nm/510nm;Mu
94;B12;825;475nm/510nm;Mu
94;C1;540;475nm/510nm;Mu
94;C2;698;475nm/510nm;Mu
94;C3;1294;475nm/510nm;Mu
94;C4;627;475nm/510nm;Mu
94;C5;584;475nm/510nm;Mu
94;C6;576;475nm/510nm;Mu
94;C7;568;475nm/510nm;Mu
94;C8;751;475nm/510nm;Mu
94;C9;583;475nm/510nm;Mu
94;C10;583;475nm/510nm;Mu
94;C11;675;475nm/510nm;Mu
94;C12;884;475nm/510nm;Mu
94;D1;1115;475nm/510nm;Mu
94;D2;731;475nm/510nm;Mu
94;D3;888;475nm/510nm;Mu
94;D4;912;475nm/510nm;Mu
94;D5;785;475nm/510nm;Mu
94;D6;921;475nm/510nm;Mu
94;D7;1151;475nm/510nm;Mu
94;D8;747;475nm/510nm;Mu
94;D9;754;475nm/510nm;Mu
94;D10;676;475nm/510nm;Mu
94;D11;764;475nm/510nm;Mu
94;D12;815;475nm/510nm;Mu
94;E1;799;475nm/510nm;Mu
94;E2;651;475nm/510nm;Mu
94;E3;732;475nm/510nm;Mu
94;E4;639;475nm/510nm;Mu
94;E5;782;475nm/510nm;Mu
94;E6;765;475nm/510nm;Mu
94;E7;858;475nm/510nm;Mu
94;E8;705;475nm/510nm;Mu
94;E9;750;475nm/510nm;Mu
94;E10;734;475nm/510nm;Mu
94;E11;784;475nm/510nm;Mu
94;E12;942;475nm/510nm;Mu
94;F1;838;475nm/510nm;Mu
94;F2;789;475nm/510nm;Mu
94;F3;775;475nm/510nm;Mu
94;F4;835;475nm/510nm;Mu
94;F5;932;475nm/510nm;Mu
94;F6;881;475nm/510nm;Mu
94;F7;908;475nm/510nm;Mu
94;F8;728;475nm/510nm;Mu
94;F9;737;475nm/510nm;Mu
94;F10;768;475nm/510nm;Mu
94;F11;807;475nm/510nm;Mu
94;F12;972;475nm/510nm;Mu
94;G1;857;475nm/510nm;Mu
94;G2;728;475nm/510nm;Mu
94;G3;1109;475nm/510nm;Mu
94;G4;774;475nm/510nm;Mu
94;G5;887;475nm/510nm;Mu
94;G6;862;475nm/510nm;Mu
94;G7;887;475nm/510nm;Mu
94;G8;810;475nm/510nm;Mu
94;G9;710;475nm/510nm;Mu
94;G10;810;475nm/510nm;Mu
94;G11;772;475nm/510nm;Mu
94;G12;816;475nm/510nm;Mu
94;H1;612;475nm/510nm;WT_F16
94;H2;550;475nm/510nm;WT_F16
94;H3;595;475nm/510nm;WT_F16
94;H4;688;475nm/510nm;WT_F16
94;H5;171;475nm/510nm;Mg_F16
94;H6;179;475nm/510nm;Mg_F16
94;H7;165;475nm/510nm;Mg_F16
94;H8;168;475nm/510nm;Mg_F16
94;H9;351;475nm/510nm;WT_noF16
94;H10;352;475nm/510nm;WT_noF16
94;H11;357;475nm/510nm;WT_noF16
94;H12;350;475nm/510nm;WT_noF16
93;A1;0.2015;600nm;Mu
93;A2;0.1545;600nm;Mu
93;A3;0.1754;600nm;Mu
93;A4;0.1491;600nm;Mu
93;A5;0.1511;600nm;Mu
93;A6;0.1412;600nm;Mu
93;A7;0.1361;600nm;Mu
93;A8;0.1256;600nm;Mu
93;A9;0.1467;600nm;Mu
93;A10;0.1577;600nm;Mu
93;A11;0.1684;600nm;Mu
93;A12;0.1816;600nm;Mu
93;B1;0.1672;600nm;Mu
93;B2;0.141;600nm;Mu
93;B3;0.1382;600nm;Mu
93;B4;0.1448;600nm;Mu
93;B5;0.1384;600nm;Mu
93;B6;0.1368;600nm;Mu
93;B7;0.1674;600nm;Mu
93;B8;0.1335;600nm;Mu
93;B9;0.1505;600nm;Mu
93;B10;0.153;600nm;Mu
93;B11;0.1471;600nm;Mu
93;B12;0.194;600nm;Mu
93;C1;0.1597;600nm;Mu
93;C2;0.1452;600nm;Mu
93;C3;0.1398;600nm;Mu
93;C4;0.1379;600nm;Mu
93;C5;0.1327;600nm;Mu
93;C6;0.1436;600nm;Mu
93;C7;0.1336;600nm;Mu
93;C8;0.132;600nm;Mu
93;C9;0.157;600nm;Mu
93;C10;0.1348;600nm;Mu
93;C11;0.1314;600nm;Mu
93;C12;0.1863;600nm;Mu
93;D1;0.1652;600nm;Mu
93;D2;0.1449;600nm;Mu
93;D3;0.1318;600nm;Mu
93;D4;0.1377;600nm;Mu
93;D5;0.1291;600nm;Mu
93;D6;0.1396;600nm;Mu
93;D7;0.1252;600nm;Mu
93;D8;0.1287;600nm;Mu
93;D9;0.1363;600nm;Mu
93;D10;0.137;600nm;Mu
93;D11;0.1391;600nm;Mu
93;D12;0.1393;600nm;Mu
93;E1;0.1571;600nm;Mu
93;E2;0.137;600nm;Mu
93;E3;0.132;600nm;Mu
93;E4;0.1402;600nm;Mu
93;E5;0.1306;600nm;Mu
93;E6;0.1744;600nm;Mu
93;E7;0.1509;600nm;Mu
93;E8;0.1268;600nm;Mu
93;E9;0.1444;600nm;Mu
93;E10;0.1608;600nm;Mu
93;E11;0.1329;600nm;Mu
93;E12;0.1567;600nm;Mu
93;F1;0.1688;600nm;Mu
93;F2;0.1326;600nm;Mu
93;F3;0.1316;600nm;Mu
93;F4;0.1395;600nm;Mu
93;F5;0.1373;600nm;Mu
93;F6;0.1391;600nm;Mu
93;F7;0.1432;600nm;Mu
93;F8;0.1346;600nm;Mu
93;F9;0.1328;600nm;Mu
93;F10;0.1289;600nm;Mu
93;F11;0.1313;600nm;Mu
93;F12;0.1653;600nm;Mu
93;G1;0.1648;600nm;Mu
93;G2;0.1413;600nm;Mu
93;G3;0.1449;600nm;Mu
93;G4;0.144;600nm;Mu
93;G5;0.1239;600nm;Mu
93;G6;0.1476;600nm;Mu
93;G7;0.133;600nm;Mu
93;G8;0.1301;600nm;Mu
93;G9;0.1302;600nm;Mu
93;G10;0.133;600nm;Mu
93;G11;0.1323;600nm;Mu
93;G12;0.1292;600nm;Mu
93;H1;0.1272;600nm;WT_F16
93;H2;0.1282;600nm;WT_F16
93;H3;0.1158;600nm;WT_F16
93;H4;0.1204;600nm;WT_F16
93;H5;0.0891;600nm;Mg_F16
93;H6;0.0832;600nm;Mg_F16
93;H7;0.084;600nm;Mg_F16
93;H8;0.0851;600nm;Mg_F16
93;H9;0.1091;600nm;WT_noF16
93;H10;0.1095;600nm;WT_noF16
93;H11;0.0982;600nm;WT_noF16
93;H12;0.1669;600nm;WT_noF16
93;A1;1120;475nm/510nm;Mu
93;A2;803;475nm/510nm;Mu
93;A3;849;475nm/510nm;Mu
93;A4;789;475nm/510nm;Mu
93;A5;797;475nm/510nm;Mu
93;A6;974;475nm/510nm;Mu
93;A7;734;475nm/510nm;Mu
93;A8;685;475nm/510nm;Mu
93;A9;736;475nm/510nm;Mu
93;A10;746;475nm/510nm;Mu
93;A11;727;475nm/510nm;Mu
93;A12;808;475nm/510nm;Mu
93;B1;785;475nm/510nm;Mu
93;B2;753;475nm/510nm;Mu
93;B3;697;475nm/510nm;Mu
93;B4;719;475nm/510nm;Mu
93;B5;720;475nm/510nm;Mu
93;B6;750;475nm/510nm;Mu
93;B7;1148;475nm/510nm;Mu
93;B8;741;475nm/510nm;Mu
93;B9;745;475nm/510nm;Mu
93;B10;756;475nm/510nm;Mu
93;B11;746;475nm/510nm;Mu
93;B12;905;475nm/510nm;Mu
93;C1;803;475nm/510nm;Mu
93;C2;753;475nm/510nm;Mu
93;C3;750;475nm/510nm;Mu
93;C4;916;475nm/510nm;Mu
93;C5;765;475nm/510nm;Mu
93;C6;930;475nm/510nm;Mu
93;C7;731;475nm/510nm;Mu
93;C8;735;475nm/510nm;Mu
93;C9;922;475nm/510nm;Mu
93;C10;702;475nm/510nm;Mu
93;C11;775;475nm/510nm;Mu
93;C12;888;475nm/510nm;Mu
93;D1;795;475nm/510nm;Mu
93;D2;819;475nm/510nm;Mu
93;D3;689;475nm/510nm;Mu
93;D4;735;475nm/510nm;Mu
93;D5;694;475nm/510nm;Mu
93;D6;861;475nm/510nm;Mu
93;D7;719;475nm/510nm;Mu
93;D8;679;475nm/510nm;Mu
93;D9;748;475nm/510nm;Mu
93;D10;715;475nm/510nm;Mu
93;D11;710;475nm/510nm;Mu
93;D12;720;475nm/510nm;Mu
93;E1;801;475nm/510nm;Mu
93;E2;707;475nm/510nm;Mu
93;E3;680;475nm/510nm;Mu
93;E4;763;475nm/510nm;Mu
93;E5;663;475nm/510nm;Mu
93;E6;997;475nm/510nm;Mu
93;E7;906;475nm/510nm;Mu
93;E8;632;475nm/510nm;Mu
93;E9;706;475nm/510nm;Mu
93;E10;940;475nm/510nm;Mu
93;E11;658;475nm/510nm;Mu
93;E12;728;475nm/510nm;Mu
93;F1;993;475nm/510nm;Mu
93;F2;703;475nm/510nm;Mu
93;F3;714;475nm/510nm;Mu
93;F4;776;475nm/510nm;Mu
93;F5;729;475nm/510nm;Mu
93;F6;860;475nm/510nm;Mu
93;F7;795;475nm/510nm;Mu
93;F8;784;475nm/510nm;Mu
93;F9;730;475nm/510nm;Mu
93;F10;738;475nm/510nm;Mu
93;F11;693;475nm/510nm;Mu
93;F12;825;475nm/510nm;Mu
93;G1;857;475nm/510nm;Mu
93;G2;723;475nm/510nm;Mu
93;G3;921;475nm/510nm;Mu
93;G4;799;475nm/510nm;Mu
93;G5;695;475nm/510nm;Mu
93;G6;798;475nm/510nm;Mu
93;G7;712;475nm/510nm;Mu
93;G8;703;475nm/510nm;Mu
93;G9;785;475nm/510nm;Mu
93;G10;681;475nm/510nm;Mu
93;G11;670;475nm/510nm;Mu
93;G12;645;475nm/510nm;Mu
93;H1;668;475nm/510nm;WT_F16
93;H2;721;475nm/510nm;WT_F16
93;H3;697;475nm/510nm;WT_F16
93;H4;669;475nm/510nm;WT_F16
93;H5;186;475nm/510nm;Mg_F16
93;H6;187;475nm/510nm;Mg_F16
93;H7;174;475nm/510nm;Mg_F16
93;H8;169;475nm/510nm;Mg_F16
93;H9;358;475nm/510nm;WT_noF16
93;H10;342;475nm/510nm;WT_noF16
93;H11;362;475nm/510nm;WT_noF16
93;H12;361;475nm/510nm;WT_noF16
92;A1;0.1516;600nm;Mu
92;A2;0.1571;600nm;Mu
92;A3;0.1485;600nm;Mu
92;A4;0.128;600nm;Mu
92;A5;0.1232;600nm;Mu
92;A6;0.1202;600nm;Mu
92;A7;0.1177;600nm;Mu
92;A8;0.127;600nm;Mu
92;A9;0.1253;600nm;Mu
92;A10;0.134;600nm;Mu
92;A11;0.1202;600nm;Mu
92;A12;0.136;600nm;Mu
92;B1;0.2066;600nm;Mu
92;B2;0.1852;600nm;Mu
92;B3;0.1703;600nm;Mu
92;B4;0.1787;600nm;Mu
92;B5;0.1925;600nm;Mu
92;B6;0.1434;600nm;Mu
92;B7;0.1609;600nm;Mu
92;B8;0.1458;600nm;Mu
92;B9;0.1498;600nm;Mu
92;B10;0.1435;600nm;Mu
92;B11;0.1458;600nm;Mu
92;B12;0.1384;600nm;Mu
92;C1;0.1623;600nm;Mu
92;C2;0.1533;600nm;Mu
92;C3;0.1662;600nm;Mu
92;C4;0.1942;600nm;Mu
92;C5;0.1519;600nm;Mu
92;C6;0.1541;600nm;Mu
92;C7;0.1281;600nm;Mu
92;C8;0.1342;600nm;Mu
92;C9;0.1369;600nm;Mu
92;C10;0.1533;600nm;Mu
92;C11;0.1292;600nm;Mu
92;C12;0.1414;600nm;Mu
92;D1;;600nm;Mu
92;D2;;600nm;Mu
92;D3;;600nm;Mu
92;D4;;600nm;Mu
92;D5;;600nm;Mu
92;D6;;600nm;Mu
92;D7;;600nm;Mu
92;D8;;600nm;Mu
92;D9;;600nm;Mu
92;D10;;600nm;Mu
92;D11;;600nm;Mu
92;D12;;600nm;Mu
92;E1;0.1454;600nm;Mu
92;E2;0.1335;600nm;Mu
92;E3;0.1232;600nm;Mu
92;E4;0.1228;600nm;Mu
92;E5;0.1168;600nm;Mu
92;E6;0.1358;600nm;Mu
92;E7;0.1281;600nm;Mu
92;E8;0.1225;600nm;Mu
92;E9;0.1552;600nm;Mu
92;E10;0.1323;600nm;Mu
92;E11;0.1458;600nm;Mu
92;E12;0.1346;600nm;Mu
92;F1;0.151;600nm;Mu
92;F2;0.1267;600nm;Mu
92;F3;0.13;600nm;Mu
92;F4;0.12;600nm;Mu
92;F5;0.1252;600nm;Mu
92;F6;0.1348;600nm;Mu
92;F7;0.1242;600nm;Mu
92;F8;0.1156;600nm;Mu
92;F9;0.1517;600nm;Mu
92;F10;0.1168;600nm;Mu
92;F11;0.1293;600nm;Mu
92;F12;0.1334;600nm;Mu
92;G1;0.1314;600nm;Mu
92;G2;0.1449;600nm;Mu
92;G3;0.1506;600nm;Mu
92;G4;0.137;600nm;Mu
92;G5;0.1352;600nm;Mu
92;G6;0.155;600nm;Mu
92;G7;0.1442;600nm;Mu
92;G8;0.1596;600nm;Mu
92;G9;0.168;600nm;Mu
92;G10;0.1259;600nm;Mu
92;G11;0.129;600nm;Mu
92;G12;0.1625;600nm;Mu
92;H1;0.1342;600nm;WT_F16
92;H2;0.1248;600nm;WT_F16
92;H3;0.1412;600nm;WT_F16
92;H4;0.1319;600nm;WT_F16
92;H5;0.0835;600nm;Mg_F16
92;H6;0.0849;600nm;Mg_F16
92;H7;0.0835;600nm;Mg_F16
92;H8;0.0841;600nm;Mg_F16
92;H9;0.1094;600nm;WT_noF16
92;H10;0.1205;600nm;WT_noF16
92;H11;0.1011;600nm;WT_noF16
92;H12;0.1746;600nm;WT_noF16
92;A1;758;475nm/510nm;Mu
92;A2;866;475nm/510nm;Mu
92;A3;784;475nm/510nm;Mu
92;A4;736;475nm/510nm;Mu
92;A5;673;475nm/510nm;Mu
92;A6;802;475nm/510nm;Mu
92;A7;727;475nm/510nm;Mu
92;A8;718;475nm/510nm;Mu
92;A9;704;475nm/510nm;Mu
92;A10;752;475nm/510nm;Mu
92;A11;682;475nm/510nm;Mu
92;A12;779;475nm/510nm;Mu
92;B1;1060;475nm/510nm;Mu
92;B2;942;475nm/510nm;Mu
92;B3;921;475nm/510nm;Mu
92;B4;992;475nm/510nm;Mu
92;B5;881;475nm/510nm;Mu
92;B6;870;475nm/510nm;Mu
92;B7;908;475nm/510nm;Mu
92;B8;853;475nm/510nm;Mu
92;B9;947;475nm/510nm;Mu
92;B10;830;475nm/510nm;Mu
92;B11;822;475nm/510nm;Mu
92;B12;745;475nm/510nm;Mu
92;C1;912;475nm/510nm;Mu
92;C2;873;475nm/510nm;Mu
92;C3;990;475nm/510nm;Mu
92;C4;1115;475nm/510nm;Mu
92;C5;958;475nm/510nm;Mu
92;C6;857;475nm/510nm;Mu
92;C7;781;475nm/510nm;Mu
92;C8;747;475nm/510nm;Mu
92;C9;725;475nm/510nm;Mu
92;C10;834;475nm/510nm;Mu
92;C11;792;475nm/510nm;Mu
92;C12;623;475nm/510nm;Mu
92;D1;;475nm/510nm;Mu
92;D2;;475nm/510nm;Mu
92;D3;;475nm/510nm;Mu
92;D4;;475nm/510nm;Mu
92;D5;;475nm/510nm;Mu
92;D6;;475nm/510nm;Mu
92;D7;;475nm/510nm;Mu
92;D8;;475nm/510nm;Mu
92;D9;;475nm/510nm;Mu
92;D10;;475nm/510nm;Mu
92;D11;;475nm/510nm;Mu
92;D12;;475nm/510nm;Mu
92;E1;788;475nm/510nm;Mu
92;E2;744;475nm/510nm;Mu
92;E3;716;475nm/510nm;Mu
92;E4;701;475nm/510nm;Mu
92;E5;664;475nm/510nm;Mu
92;E6;824;475nm/510nm;Mu
92;E7;715;475nm/510nm;Mu
92;E8;689;475nm/510nm;Mu
92;E9;866;475nm/510nm;Mu
92;E10;777;475nm/510nm;Mu
92;E11;790;475nm/510nm;Mu
92;E12;738;475nm/510nm;Mu
92;F1;917;475nm/510nm;Mu
92;F2;723;475nm/510nm;Mu
92;F3;713;475nm/510nm;Mu
92;F4;652;475nm/510nm;Mu
92;F5;684;475nm/510nm;Mu
92;F6;768;475nm/510nm;Mu
92;F7;728;475nm/510nm;Mu
92;F8;630;475nm/510nm;Mu
92;F9;849;475nm/510nm;Mu
92;F10;670;475nm/510nm;Mu
92;F11;722;475nm/510nm;Mu
92;F12;787;475nm/510nm;Mu
92;G1;745;475nm/510nm;Mu
92;G2;795;475nm/510nm;Mu
92;G3;899;475nm/510nm;Mu
92;G4;780;475nm/510nm;Mu
92;G5;765;475nm/510nm;Mu
92;G6;877;475nm/510nm;Mu
92;G7;841;475nm/510nm;Mu
92;G8;933;475nm/510nm;Mu
92;G9;842;475nm/510nm;Mu
92;G10;716;475nm/510nm;Mu
92;G11;688;475nm/510nm;Mu
92;G12;876;475nm/510nm;Mu
92;H1;843;475nm/510nm;WT_F16
92;H2;748;475nm/510nm;WT_F16
92;H3;823;475nm/510nm;WT_F16
92;H4;746;475nm/510nm;WT_F16
92;H5;176;475nm/510nm;Mg_F16
92;H6;186;475nm/510nm;Mg_F16
92;H7;189;475nm/510nm;Mg_F16
92;H8;178;475nm/510nm;Mg_F16
92;H9;382;475nm/510nm;WT_noF16
92;H10;358;475nm/510nm;WT_noF16
92;H11;362;475nm/510nm;WT_noF16
92;H12;374;475nm/510nm;WT_noF16
91;A1;0.1252;600nm;Mu
91;A2;0.1154;600nm;Mu
91;A3;0.1129;600nm;Mu
91;A4;0.1012;600nm;Mu
91;A5;0.1078;600nm;Mu
91;A6;0.1017;600nm;Mu
91;A7;0.1038;600nm;Mu
91;A8;0.116;600nm;Mu
91;A9;0.1216;600nm;Mu
91;A10;0.1295;600nm;Mu
91;A11;0.124;600nm;Mu
91;A12;0.1805;600nm;Mu
91;B1;0.1341;600nm;Mu
91;B2;0.1005;600nm;Mu
91;B3;0.1008;600nm;Mu
91;B4;0.099;600nm;Mu
91;B5;0.1075;600nm;Mu
91;B6;0.0993;600nm;Mu
91;B7;0.1116;600nm;Mu
91;B8;0.1002;600nm;Mu
91;B9;0.1038;600nm;Mu
91;B10;0.1155;600nm;Mu
91;B11;0.1049;600nm;Mu
91;B12;0.1632;600nm;Mu
91;C1;0.1214;600nm;Mu
91;C2;0.1045;600nm;Mu
91;C3;0.1033;600nm;Mu
91;C4;0.1069;600nm;Mu
91;C5;0.1148;600nm;Mu
91;C6;0.094;600nm;Mu
91;C7;0.0945;600nm;Mu
91;C8;0.0985;600nm;Mu
91;C9;0.1039;600nm;Mu
91;C10;0.1049;600nm;Mu
91;C11;0.1028;600nm;Mu
91;C12;0.2123;600nm;Mu
91;D1;0.1194;600nm;Mu
91;D2;0.1019;600nm;Mu
91;D3;0.1111;600nm;Mu
91;D4;0.1285;600nm;Mu
91;D5;0.1042;600nm;Mu
91;D6;0.1292;600nm;Mu
91;D7;0.1549;600nm;Mu
91;D8;0.1229;600nm;Mu
91;D9;0.1253;600nm;Mu
91;D10;0.1106;600nm;Mu
91;D11;0.1564;600nm;Mu
91;D12;0.1373;600nm;Mu
91;E1;0.1206;600nm;Mu
91;E2;0.1041;600nm;Mu
91;E3;0.1039;600nm;Mu
91;E4;0.1012;600nm;Mu
91;E5;0.1046;600nm;Mu
91;E6;0.1194;600nm;Mu
91;E7;0.1115;600nm;Mu
91;E8;0.1021;600nm;Mu
91;E9;0.1275;600nm;Mu
91;E10;0.1646;600nm;Mu
91;E11;0.2052;600nm;Mu
91;E12;0.2402;600nm;Mu
91;F1;0.1261;600nm;Mu
91;F2;0.1164;600nm;Mu
91;F3;0.1127;600nm;Mu
91;F4;0.1226;600nm;Mu
91;F5;0.1479;600nm;Mu
91;F6;0.1741;600nm;Mu
91;F7;0.1943;600nm;Mu
91;F8;0.147;600nm;Mu
91;F9;0.18;600nm;Mu
91;F10;0.1794;600nm;Mu
91;F11;0.2157;600nm;Mu
91;F12;0.1635;600nm;Mu
91;G1;0.1392;600nm;Mu
91;G2;0.1209;600nm;Mu
91;G3;0.1671;600nm;Mu
91;G4;0.1782;600nm;Mu
91;G5;0.1592;600nm;Mu
91;G6;0.1674;600nm;Mu
91;G7;0.1879;600nm;Mu
91;G8;0.1653;600nm;Mu
91;G9;0.1707;600nm;Mu
91;G10;0.1736;600nm;Mu
91;G11;0.166;600nm;Mu
91;G12;0.1838;600nm;Mu
91;H1;0.1371;600nm;WT_F16
91;H2;0.1222;600nm;WT_F16
91;H3;0.1347;600nm;WT_F16
91;H4;0.1368;600nm;WT_F16
91;H5;0.0903;600nm;Mg_F16
91;H6;0.0855;600nm;Mg_F16
91;H7;0.0836;600nm;Mg_F16
91;H8;0.0854;600nm;Mg_F16
91;H9;0.1482;600nm;WT_noF16
91;H10;0.143;600nm;WT_noF16
91;H11;0.1361;600nm;WT_noF16
91;H12;0.17;600nm;WT_noF16
91;A1;696;475nm/510nm;Mu
91;A2;627;475nm/510nm;Mu
91;A3;580;475nm/510nm;Mu
91;A4;613;475nm/510nm;Mu
91;A5;596;475nm/510nm;Mu
91;A6;590;475nm/510nm;Mu
91;A7;655;475nm/510nm;Mu
91;A8;650;475nm/510nm;Mu
91;A9;691;475nm/510nm;Mu
91;A10;682;475nm/510nm;Mu
91;A11;730;475nm/510nm;Mu
91;A12;861;475nm/510nm;Mu
91;B1;788;475nm/510nm;Mu
91;B2;552;475nm/510nm;Mu
91;B3;529;475nm/510nm;Mu
91;B4;537;475nm/510nm;Mu
91;B5;599;475nm/510nm;Mu
91;B6;552;475nm/510nm;Mu
91;B7;1044;475nm/510nm;Mu
91;B8;554;475nm/510nm;Mu
91;B9;703;475nm/510nm;Mu
91;B10;607;475nm/510nm;Mu
91;B11;588;475nm/510nm;Mu
91;B12;832;475nm/510nm;Mu
91;C1;639;475nm/510nm;Mu
91;C2;629;475nm/510nm;Mu
91;C3;580;475nm/510nm;Mu
91;C4;589;475nm/510nm;Mu
91;C5;556;475nm/510nm;Mu
91;C6;538;475nm/510nm;Mu
91;C7;525;475nm/510nm;Mu
91;C8;528;475nm/510nm;Mu
91;C9;567;475nm/510nm;Mu
91;C10;566;475nm/510nm;Mu
91;C11;588;475nm/510nm;Mu
91;C12;1066;475nm/510nm;Mu
91;D1;629;475nm/510nm;Mu
91;D2;542;475nm/510nm;Mu
91;D3;555;475nm/510nm;Mu
91;D4;713;475nm/510nm;Mu
91;D5;537;475nm/510nm;Mu
91;D6;683;475nm/510nm;Mu
91;D7;786;475nm/510nm;Mu
91;D8;660;475nm/510nm;Mu
91;D9;636;475nm/510nm;Mu
91;D10;537;475nm/510nm;Mu
91;D11;828;475nm/510nm;Mu
91;D12;762;475nm/510nm;Mu
91;E1;674;475nm/510nm;Mu
91;E2;570;475nm/510nm;Mu
91;E3;516;475nm/510nm;Mu
91;E4;546;475nm/510nm;Mu
91;E5;595;475nm/510nm;Mu
91;E6;678;475nm/510nm;Mu
91;E7;616;475nm/510nm;Mu
91;E8;548;475nm/510nm;Mu
91;E9;725;475nm/510nm;Mu
91;E10;860;475nm/510nm;Mu
91;E11;1141;475nm/510nm;Mu
91;E12;1270;475nm/510nm;Mu
91;F1;707;475nm/510nm;Mu
91;F2;606;475nm/510nm;Mu
91;F3;601;475nm/510nm;Mu
91;F4;630;475nm/510nm;Mu
91;F5;942;475nm/510nm;Mu
91;F6;1777;475nm/510nm;Mu
91;F7;1152;475nm/510nm;Mu
91;F8;806;475nm/510nm;Mu
91;F9;927;475nm/510nm;Mu
91;F10;912;475nm/510nm;Mu
91;F11;1041;475nm/510nm;Mu
91;F12;860;475nm/510nm;Mu
91;G1;768;475nm/510nm;Mu
91;G2;659;475nm/510nm;Mu
91;G3;874;475nm/510nm;Mu
91;G4;1043;475nm/510nm;Mu
91;G5;844;475nm/510nm;Mu
91;G6;893;475nm/510nm;Mu
91;G7;1032;475nm/510nm;Mu
91;G8;862;475nm/510nm;Mu
91;G9;899;475nm/510nm;Mu
91;G10;896;475nm/510nm;Mu
91;G11;906;475nm/510nm;Mu
91;G12;916;475nm/510nm;Mu
91;H1;746;475nm/510nm;WT_F16
91;H2;664;475nm/510nm;WT_F16
91;H3;994;475nm/510nm;WT_F16
91;H4;864;475nm/510nm;WT_F16
91;H5;193;475nm/510nm;Mg_F16
91;H6;180;475nm/510nm;Mg_F16
91;H7;174;475nm/510nm;Mg_F16
91;H8;172;475nm/510nm;Mg_F16
91;H9;375;475nm/510nm;WT_noF16
91;H10;372;475nm/510nm;WT_noF16
91;H11;372;475nm/510nm;WT_noF16
91;H12;368;475nm/510nm;WT_noF16
90;A1;0.1615;600nm;Mu
90;A2;0.1445;600nm;Mu
90;A3;0.155;600nm;Mu
90;A4;0.1556;600nm;Mu
90;A5;0.1623;600nm;Mu
90;A6;0.1319;600nm;Mu
90;A7;0.1644;600nm;Mu
90;A8;0.1424;600nm;Mu
90;A9;0.1125;600nm;Mu
90;A10;0.1352;600nm;Mu
90;A11;0.1029;600nm;Mu
90;A12;0.1274;600nm;Mu
90;B1;0.1679;600nm;Mu
90;B2;0.1444;600nm;Mu
90;B3;0.1413;600nm;Mu
90;B4;0.1494;600nm;Mu
90;B5;0.1577;600nm;Mu
90;B6;0.1432;600nm;Mu
90;B7;0.1498;600nm;Mu
90;B8;0.1066;600nm;Mu
90;B9;0.1275;600nm;Mu
90;B10;0.1112;600nm;Mu
90;B11;0.1451;600nm;Mu
90;B12;0.1235;600nm;Mu
90;C1;0.1542;600nm;Mu
90;C2;0.1358;600nm;Mu
90;C3;0.1438;600nm;Mu
90;C4;0.1429;600nm;Mu
90;C5;0.1401;600nm;Mu
90;C6;0.1375;600nm;Mu
90;C7;0.1396;600nm;Mu
90;C8;0.1198;600nm;Mu
90;C9;0.1242;600nm;Mu
90;C10;0.1143;600nm;Mu
90;C11;0.1031;600nm;Mu
90;C12;0.1101;600nm;Mu
90;D1;0.1565;600nm;Mu
90;D2;0.1362;600nm;Mu
90;D3;0.1605;600nm;Mu
90;D4;0.1384;600nm;Mu
90;D5;0.1505;600nm;Mu
90;D6;0.1365;600nm;Mu
90;D7;0.1355;600nm;Mu
90;D8;0.1288;600nm;Mu
90;D9;0.1492;600nm;Mu
90;D10;0.1439;600nm;Mu
90;D11;0.1144;600nm;Mu
90;D12;0.1192;600nm;Mu
90;E1;0.1528;600nm;Mu
90;E2;0.1344;600nm;Mu
90;E3;0.134;600nm;Mu
90;E4;0.1411;600nm;Mu
90;E5;0.1592;600nm;Mu
90;E6;0.1766;600nm;Mu
90;E7;0.1423;600nm;Mu
90;E8;0.1344;600nm;Mu
90;E9;0.1479;600nm;Mu
90;E10;0.1642;600nm;Mu
90;E11;0.1397;600nm;Mu
90;E12;0.1163;600nm;Mu
90;F1;0.1423;600nm;Mu
90;F2;0.1383;600nm;Mu
90;F3;0.1392;600nm;Mu
90;F4;0.1298;600nm;Mu
90;F5;0.1389;600nm;Mu
90;F6;0.1459;600nm;Mu
90;F7;0.1286;600nm;Mu
90;F8;0.1405;600nm;Mu
90;F9;0.1256;600nm;Mu
90;F10;0.1769;600nm;Mu
90;F11;0.1357;600nm;Mu
90;F12;0.1335;600nm;Mu
90;G1;0.1682;600nm;Mu
90;G2;0.1671;600nm;Mu
90;G3;0.1356;600nm;Mu
90;G4;0.1524;600nm;Mu
90;G5;0.1453;600nm;Mu
90;G6;0.1364;600nm;Mu
90;G7;0.1445;600nm;Mu
90;G8;0.1893;600nm;Mu
90;G9;0.1403;600nm;Mu
90;G10;0.1203;600nm;Mu
90;G11;0.1202;600nm;Mu
90;G12;0.1388;600nm;Mu
90;H1;0.1343;600nm;WT_F16
90;H2;0.1579;600nm;WT_F16
90;H3;0.158;600nm;WT_F16
90;H4;0.141;600nm;WT_F16
90;H5;0.0902;600nm;Mg_F16
90;H6;0.094;600nm;Mg_F16
90;H7;0.0842;600nm;Mg_F16
90;H8;0.0855;600nm;Mg_F16
90;H9;0.1428;600nm;WT_noF16
90;H10;0.141;600nm;WT_noF16
90;H11;0.1187;600nm;WT_noF16
90;H12;0.1912;600nm;WT_noF16
90;A1;943;475nm/510nm;Mu
90;A2;819;475nm/510nm;Mu
90;A3;844;475nm/510nm;Mu
90;A4;879;475nm/510nm;Mu
90;A5;980;475nm/510nm;Mu
90;A6;720;475nm/510nm;Mu
90;A7;1041;475nm/510nm;Mu
90;A8;859;475nm/510nm;Mu
90;A9;754;475nm/510nm;Mu
90;A10;800;475nm/510nm;Mu
90;A11;613;475nm/510nm;Mu
90;A12;833;475nm/510nm;Mu
90;B1;903;475nm/510nm;Mu
90;B2;762;475nm/510nm;Mu
90;B3;836;475nm/510nm;Mu
90;B4;748;475nm/510nm;Mu
90;B5;1114;475nm/510nm;Mu
90;B6;783;475nm/510nm;Mu
90;B7;1333;475nm/510nm;Mu
90;B8;689;475nm/510nm;Mu
90;B9;710;475nm/510nm;Mu
90;B10;682;475nm/510nm;Mu
90;B11;910;475nm/510nm;Mu
90;B12;652;475nm/510nm;Mu
90;C1;850;475nm/510nm;Mu
90;C2;733;475nm/510nm;Mu
90;C3;786;475nm/510nm;Mu
90;C4;704;475nm/510nm;Mu
90;C5;814;475nm/510nm;Mu
90;C6;664;475nm/510nm;Mu
90;C7;766;475nm/510nm;Mu
90;C8;738;475nm/510nm;Mu
90;C9;670;475nm/510nm;Mu
90;C10;648;475nm/510nm;Mu
90;C11;582;475nm/510nm;Mu
90;C12;648;475nm/510nm;Mu
90;D1;825;475nm/510nm;Mu
90;D2;694;475nm/510nm;Mu
90;D3;846;475nm/510nm;Mu
90;D4;749;475nm/510nm;Mu
90;D5;841;475nm/510nm;Mu
90;D6;719;475nm/510nm;Mu
90;D7;735;475nm/510nm;Mu
90;D8;785;475nm/510nm;Mu
90;D9;896;475nm/510nm;Mu
90;D10;726;475nm/510nm;Mu
90;D11;655;475nm/510nm;Mu
90;D12;651;475nm/510nm;Mu
90;E1;800;475nm/510nm;Mu
90;E2;700;475nm/510nm;Mu
90;E3;737;475nm/510nm;Mu
90;E4;768;475nm/510nm;Mu
90;E5;770;475nm/510nm;Mu
90;E6;890;475nm/510nm;Mu
90;E7;813;475nm/510nm;Mu
90;E8;673;475nm/510nm;Mu
90;E9;878;475nm/510nm;Mu
90;E10;1064;475nm/510nm;Mu
90;E11;861;475nm/510nm;Mu
90;E12;660;475nm/510nm;Mu
90;F1;744;475nm/510nm;Mu
90;F2;731;475nm/510nm;Mu
90;F3;702;475nm/510nm;Mu
90;F4;709;475nm/510nm;Mu
90;F5;804;475nm/510nm;Mu
90;F6;819;475nm/510nm;Mu
90;F7;690;475nm/510nm;Mu
90;F8;684;475nm/510nm;Mu
90;F9;678;475nm/510nm;Mu
90;F10;923;475nm/510nm;Mu
90;F11;739;475nm/510nm;Mu
90;F12;980;475nm/510nm;Mu
90;G1;1417;475nm/510nm;Mu
90;G2;922;475nm/510nm;Mu
90;G3;809;475nm/510nm;Mu
90;G4;897;475nm/510nm;Mu
90;G5;733;475nm/510nm;Mu
90;G6;766;475nm/510nm;Mu
90;G7;866;475nm/510nm;Mu
90;G8;951;475nm/510nm;Mu
90;G9;801;475nm/510nm;Mu
90;G10;668;475nm/510nm;Mu
90;G11;703;475nm/510nm;Mu
90;G12;885;475nm/510nm;Mu
90;H1;816;475nm/510nm;WT_F16
90;H2;1022;475nm/510nm;WT_F16
90;H3;1020;475nm/510nm;WT_F16
90;H4;806;475nm/510nm;WT_F16
90;H5;221;475nm/510nm;Mg_F16
90;H6;246;475nm/510nm;Mg_F16
90;H7;203;475nm/510nm;Mg_F16
90;H8;192;475nm/510nm;Mg_F16
90;H9;404;475nm/510nm;WT_noF16
90;H10;385;475nm/510nm;WT_noF16
90;H11;405;475nm/510nm;WT_noF16
90;H12;387;475nm/510nm;WT_noF16
89;A1;0.1598;600nm;Mu
89;A2;0.1335;600nm;Mu
89;A3;0.1197;600nm;Mu
89;A4;0.1288;600nm;Mu
89;A5;0.1439;600nm;Mu
89;A6;0.1073;600nm;Mu
89;A7;0.1095;600nm;Mu
89;A8;0.1092;600nm;Mu
89;A9;0.1158;600nm;Mu
89;A10;0.1214;600nm;Mu
89;A11;0.1257;600nm;Mu
89;A12;0.1206;600nm;Mu
89;B1;0.1387;600nm;Mu
89;B2;0.1189;600nm;Mu
89;B3;0.1186;600nm;Mu
89;B4;0.121;600nm;Mu
89;B5;0.1123;600nm;Mu
89;B6;0.1138;600nm;Mu
89;B7;0.1508;600nm;Mu
89;B8;0.1533;600nm;Mu
89;B9;0.1331;600nm;Mu
89;B10;0.1202;600nm;Mu
89;B11;0.1082;600nm;Mu
89;B12;0.1182;600nm;Mu
89;C1;0.1365;600nm;Mu
89;C2;0.1281;600nm;Mu
89;C3;0.1125;600nm;Mu
89;C4;0.1186;600nm;Mu
89;C5;0.1287;600nm;Mu
89;C6;0.1486;600nm;Mu
89;C7;0.1175;600nm;Mu
89;C8;0.1454;600nm;Mu
89;C9;0.1185;600nm;Mu
89;C10;0.136;600nm;Mu
89;C11;0.1323;600nm;Mu
89;C12;0.1074;600nm;Mu
89;D1;0.1542;600nm;Mu
89;D2;0.1205;600nm;Mu
89;D3;0.121;600nm;Mu
89;D4;0.1293;600nm;Mu
89;D5;0.1224;600nm;Mu
89;D6;0.1266;600nm;Mu
89;D7;0.1575;600nm;Mu
89;D8;0.2012;600nm;Mu
89;D9;0.3256;600nm;Mu
89;D10;0.2349;600nm;Mu
89;D11;0.1908;600nm;Mu
89;D12;0.2193;600nm;Mu
89;E1;0.1388;600nm;Mu
89;E2;0.1456;600nm;Mu
89;E3;0.1235;600nm;Mu
89;E4;0.1204;600nm;Mu
89;E5;0.1671;600nm;Mu
89;E6;0.1263;600nm;Mu
89;E7;0.1383;600nm;Mu
89;E8;0.1465;600nm;Mu
89;E9;0.156;600nm;Mu
89;E10;0.1415;600nm;Mu
89;E11;0.1224;600nm;Mu
89;E12;0.1169;600nm;Mu
89;F1;0.1463;600nm;Mu
89;F2;0.1296;600nm;Mu
89;F3;0.1316;600nm;Mu
89;F4;0.143;600nm;Mu
89;F5;0.1302;600nm;Mu
89;F6;0.128;600nm;Mu
89;F7;0.1368;600nm;Mu
89;F8;0.1364;600nm;Mu
89;F9;0.123;600nm;Mu
89;F10;0.1231;600nm;Mu
89;F11;0.1698;600nm;Mu
89;F12;0.135;600nm;Mu
89;G1;0.1542;600nm;Mu
89;G2;0.1674;600nm;Mu
89;G3;0.1365;600nm;Mu
89;G4;0.1384;600nm;Mu
89;G5;0.1468;600nm;Mu
89;G6;0.143;600nm;Mu
89;G7;0.1555;600nm;Mu
89;G8;0.1615;600nm;Mu
89;G9;0.1574;600nm;Mu
89;G10;0.1574;600nm;Mu
89;G11;0.1348;600nm;Mu
89;G12;0.1464;600nm;Mu
89;H1;0.1237;600nm;WT_F16
89;H2;0.1215;600nm;WT_F16
89;H3;0.1289;600nm;WT_F16
89;H4;0.1358;600nm;WT_F16
89;H5;0.0899;600nm;Mg_F16
89;H6;0.0871;600nm;Mg_F16
89;H7;0.0838;600nm;Mg_F16
89;H8;0.0837;600nm;Mg_F16
89;H9;0.1569;600nm;WT_noF16
89;H10;0.1706;600nm;WT_noF16
89;H11;0.1337;600nm;WT_noF16
89;H12;0.2474;600nm;WT_noF16
89;A1;970;475nm/510nm;Mu
89;A2;813;475nm/510nm;Mu
89;A3;710;475nm/510nm;Mu
89;A4;824;475nm/510nm;Mu
89;A5;796;475nm/510nm;Mu
89;A6;641;475nm/510nm;Mu
89;A7;644;475nm/510nm;Mu
89;A8;663;475nm/510nm;Mu
89;A9;677;475nm/510nm;Mu
89;A10;657;475nm/510nm;Mu
89;A11;1245;475nm/510nm;Mu
89;A12;853;475nm/510nm;Mu
89;B1;699;475nm/510nm;Mu
89;B2;646;475nm/510nm;Mu
89;B3;630;475nm/510nm;Mu
89;B4;664;475nm/510nm;Mu
89;B5;594;475nm/510nm;Mu
89;B6;610;475nm/510nm;Mu
89;B7;577;475nm/510nm;Mu
89;B8;784;475nm/510nm;Mu
89;B9;682;475nm/510nm;Mu
89;B10;661;475nm/510nm;Mu
89;B11;575;475nm/510nm;Mu
89;B12;672;475nm/510nm;Mu
89;C1;721;475nm/510nm;Mu
89;C2;733;475nm/510nm;Mu
89;C3;623;475nm/510nm;Mu
89;C4;616;475nm/510nm;Mu
89;C5;602;475nm/510nm;Mu
89;C6;800;475nm/510nm;Mu
89;C7;567;475nm/510nm;Mu
89;C8;561;475nm/510nm;Mu
89;C9;550;475nm/510nm;Mu
89;C10;532;475nm/510nm;Mu
89;C11;821;475nm/510nm;Mu
89;C12;654;475nm/510nm;Mu
89;D1;858;475nm/510nm;Mu
89;D2;630;475nm/510nm;Mu
89;D3;650;475nm/510nm;Mu
89;D4;689;475nm/510nm;Mu
89;D5;570;475nm/510nm;Mu
89;D6;558;475nm/510nm;Mu
89;D7;612;475nm/510nm;Mu
89;D8;655;475nm/510nm;Mu
89;D9;1083;475nm/510nm;Mu
89;D10;609;475nm/510nm;Mu
89;D11;982;475nm/510nm;Mu
89;D12;976;475nm/510nm;Mu
89;E1;722;475nm/510nm;Mu
89;E2;793;475nm/510nm;Mu
89;E3;627;475nm/510nm;Mu
89;E4;613;475nm/510nm;Mu
89;E5;851;475nm/510nm;Mu
89;E6;587;475nm/510nm;Mu
89;E7;1296;475nm/510nm;Mu
89;E8;602;475nm/510nm;Mu
89;E9;557;475nm/510nm;Mu
89;E10;550;475nm/510nm;Mu
89;E11;693;475nm/510nm;Mu
89;E12;663;475nm/510nm;Mu
89;F1;737;475nm/510nm;Mu
89;F2;639;475nm/510nm;Mu
89;F3;662;475nm/510nm;Mu
89;F4;740;475nm/510nm;Mu
89;F5;654;475nm/510nm;Mu
89;F6;622;475nm/510nm;Mu
89;F7;710;475nm/510nm;Mu
89;F8;693;475nm/510nm;Mu
89;F9;605;475nm/510nm;Mu
89;F10;630;475nm/510nm;Mu
89;F11;888;475nm/510nm;Mu
89;F12;775;475nm/510nm;Mu
89;G1;799;475nm/510nm;Mu
89;G2;869;475nm/510nm;Mu
89;G3;806;475nm/510nm;Mu
89;G4;717;475nm/510nm;Mu
89;G5;762;475nm/510nm;Mu
89;G6;695;475nm/510nm;Mu
89;G7;818;475nm/510nm;Mu
89;G8;839;475nm/510nm;Mu
89;G9;900;475nm/510nm;Mu
89;G10;925;475nm/510nm;Mu
89;G11;730;475nm/510nm;Mu
89;G12;899;475nm/510nm;Mu
89;H1;795;475nm/510nm;WT_F16
89;H2;698;475nm/510nm;WT_F16
89;H3;769;475nm/510nm;WT_F16
89;H4;838;475nm/510nm;WT_F16
89;H5;190;475nm/510nm;Mg_F16
89;H6;173;475nm/510nm;Mg_F16
89;H7;179;475nm/510nm;Mg_F16
89;H8;175;475nm/510nm;Mg_F16
89;H9;407;475nm/510nm;WT_noF16
89;H10;396;475nm/510nm;WT_noF16
89;H11;396;475nm/510nm;WT_noF16
89;H12;384;475nm/510nm;WT_noF16
2;A1;0.1727;600nm;Mu
2;A2;0.1651;600nm;Mu
2;A3;0.1512;600nm;Mu
2;A4;0.1483;600nm;Mu
2;A5;0.1397;600nm;Mu
2;A6;0.13;600nm;Mu
2;A7;0.1435;600nm;Mu
2;A8;0.1355;600nm;Mu
2;A9;0.1349;600nm;Mu
2;A10;0.1604;600nm;Mu
2;A11;0.1625;600nm;Mu
2;A12;0.1645;600nm;Mu
2;B1;0.1985;600nm;Mu
2;B2;0.1544;600nm;Mu
2;B3;0.1572;600nm;Mu
2;B4;0.1343;600nm;Mu
2;B5;0.1355;600nm;Mu
2;B6;0.1412;600nm;Mu
2;B7;0.128;600nm;Mu
2;B8;0.1359;600nm;Mu
2;B9;0.1265;600nm;Mu
2;B10;0.128;600nm;Mu
2;B11;0.1453;600nm;Mu
2;B12;0.1877;600nm;Mu
2;C1;0.1406;600nm;Mu
2;C2;0.1233;600nm;Mu
2;C3;0.1301;600nm;Mu
2;C4;0.1519;600nm;Mu
2;C5;0.2108;600nm;Mu
2;C6;0.2256;600nm;Mu
2;C7;0.1742;600nm;Mu
2;C8;0.1488;600nm;Mu
2;C9;0.1257;600nm;Mu
2;C10;0.1281;600nm;Mu
2;C11;0.1297;600nm;Mu
2;C12;0.1487;600nm;Mu
2;D1;0.1534;600nm;Mu
2;D2;0.1585;600nm;Mu
2;D3;0.1441;600nm;Mu
2;D4;0.2531;600nm;Mu
2;D5;0.2409;600nm;Mu
2;D6;0.2295;600nm;Mu
2;D7;0.1812;600nm;Mu
2;D8;0.183;600nm;Mu
2;D9;0.1564;600nm;Mu
2;D10;0.1435;600nm;Mu
2;D11;0.1617;600nm;Mu
2;D12;0.1578;600nm;Mu
2;E1;0.2319;600nm;Mu
2;E2;0.1479;600nm;Mu
2;E3;0.1414;600nm;Mu
2;E4;0.3042;600nm;Mu
2;E5;0.2605;600nm;Mu
2;E6;0.2731;600nm;Mu
2;E7;0.2312;600nm;Mu
2;E8;0.2114;600nm;Mu
2;E9;0.1429;600nm;Mu
2;E10;0.1476;600nm;Mu
2;E11;0.1555;600nm;Mu
2;E12;0.1633;600nm;Mu
2;F1;0.1657;600nm;Mu
2;F2;0.1428;600nm;Mu
2;F3;0.1305;600nm;Mu
2;F4;0.1683;600nm;Mu
2;F5;0.205;600nm;Mu
2;F6;0.2045;600nm;Mu
2;F7;0.2077;600nm;Mu
2;F8;0.172;600nm;Mu
2;F9;0.1385;600nm;Mu
2;F10;0.1399;600nm;Mu
2;F11;0.1433;600nm;Mu
2;F12;0.1592;600nm;Mu
2;G1;0.1685;600nm;Mu
2;G2;0.1397;600nm;Mu
2;G3;0.1415;600nm;Mu
2;G4;0.1572;600nm;Mu
2;G5;0.1514;600nm;Mu
2;G6;0.1587;600nm;Mu
2;G7;0.153;600nm;Mu
2;G8;0.1539;600nm;Mu
2;G9;0.1471;600nm;Mu
2;G10;0.1415;600nm;Mu
2;G11;0.15;600nm;Mu
2;G12;0.1748;600nm;Mu
2;H1;0.1569;600nm;WT_F16
2;H2;0.1752;600nm;WT_F16
2;H3;0.1566;600nm;WT_F16
2;H4;0.1557;600nm;WT_F16
2;H5;0.0955;600nm;Mg_F16
2;H6;0.0842;600nm;Mg_F16
2;H7;0.0837;600nm;Mg_F16
2;H8;0.0864;600nm;Mg_F16
2;H9;0.1257;600nm;WT_noF16
2;H10;0.1825;600nm;WT_noF16
2;H11;;600nm;WT_noF16
2;H12;0.2093;600nm;WT_noF16
2;A1;995;475nm/510nm;Mu
2;A2;954;475nm/510nm;Mu
2;A3;898;475nm/510nm;Mu
2;A4;851;475nm/510nm;Mu
2;A5;786;475nm/510nm;Mu
2;A6;687;475nm/510nm;Mu
2;A7;852;475nm/510nm;Mu
2;A8;731;475nm/510nm;Mu
2;A9;721;475nm/510nm;Mu
2;A10;794;475nm/510nm;Mu
2;A11;824;475nm/510nm;Mu
2;A12;946;475nm/510nm;Mu
2;B1;1162;475nm/510nm;Mu
2;B2;849;475nm/510nm;Mu
2;B3;903;475nm/510nm;Mu
2;B4;748;475nm/510nm;Mu
2;B5;757;475nm/510nm;Mu
2;B6;786;475nm/510nm;Mu
2;B7;703;475nm/510nm;Mu
2;B8;765;475nm/510nm;Mu
2;B9;802;475nm/510nm;Mu
2;B10;721;475nm/510nm;Mu
2;B11;833;475nm/510nm;Mu
2;B12;1034;475nm/510nm;Mu
2;C1;740;475nm/510nm;Mu
2;C2;644;475nm/510nm;Mu
2;C3;695;475nm/510nm;Mu
2;C4;626;475nm/510nm;Mu
2;C5;565;475nm/510nm;Mu
2;C6;604;475nm/510nm;Mu
2;C7;652;475nm/510nm;Mu
2;C8;669;475nm/510nm;Mu
2;C9;674;475nm/510nm;Mu
2;C10;680;475nm/510nm;Mu
2;C11;657;475nm/510nm;Mu
2;C12;758;475nm/510nm;Mu
2;D1;896;475nm/510nm;Mu
2;D2;832;475nm/510nm;Mu
2;D3;730;475nm/510nm;Mu
2;D4;717;475nm/510nm;Mu
2;D5;780;475nm/510nm;Mu
2;D6;948;475nm/510nm;Mu
2;D7;804;475nm/510nm;Mu
2;D8;850;475nm/510nm;Mu
2;D9;795;475nm/510nm;Mu
2;D10;773;475nm/510nm;Mu
2;D11;973;475nm/510nm;Mu
2;D12;837;475nm/510nm;Mu
2;E1;1541;475nm/510nm;Mu
2;E2;773;475nm/510nm;Mu
2;E3;737;475nm/510nm;Mu
2;E4;620;475nm/510nm;Mu
2;E5;753;475nm/510nm;Mu
2;E6;1052;475nm/510nm;Mu
2;E7;805;475nm/510nm;Mu
2;E8;653;475nm/510nm;Mu
2;E9;712;475nm/510nm;Mu
2;E10;808;475nm/510nm;Mu
2;E11;727;475nm/510nm;Mu
2;E12;825;475nm/510nm;Mu
2;F1;958;475nm/510nm;Mu
2;F2;725;475nm/510nm;Mu
2;F3;693;475nm/510nm;Mu
2;F4;686;475nm/510nm;Mu
2;F5;690;475nm/510nm;Mu
2;F6;707;475nm/510nm;Mu
2;F7;733;475nm/510nm;Mu
2;F8;774;475nm/510nm;Mu
2;F9;756;475nm/510nm;Mu
2;F10;793;475nm/510nm;Mu
2;F11;805;475nm/510nm;Mu
2;F12;779;475nm/510nm;Mu
2;G1;880;475nm/510nm;Mu
2;G2;747;475nm/510nm;Mu
2;G3;784;475nm/510nm;Mu
2;G4;833;475nm/510nm;Mu
2;G5;826;475nm/510nm;Mu
2;G6;822;475nm/510nm;Mu
2;G7;805;475nm/510nm;Mu
2;G8;812;475nm/510nm;Mu
2;G9;818;475nm/510nm;Mu
2;G10;757;475nm/510nm;Mu
2;G11;794;475nm/510nm;Mu
2;G12;829;475nm/510nm;Mu
2;H1;1008;475nm/510nm;WT_F16
2;H2;1261;475nm/510nm;WT_F16
2;H3;849;475nm/510nm;WT_F16
2;H4;865;475nm/510nm;WT_F16
2;H5;221;475nm/510nm;Mg_F16
2;H6;188;475nm/510nm;Mg_F16
2;H7;184;475nm/510nm;Mg_F16
2;H8;194;475nm/510nm;Mg_F16
2;H9;475;475nm/510nm;WT_noF16
2;H10;440;475nm/510nm;WT_noF16
2;H11;;475nm/510nm;WT_noF16
2;H12;422;475nm/510nm;WT_noF16
65;A1;0.1593;600nm;Mu
65;A2;0.1471;600nm;Mu
65;A3;0.1444;600nm;Mu
65;A4;0.1647;600nm;Mu
65;A5;0.1659;600nm;Mu
65;A6;0.1871;600nm;Mu
65;A7;0.1389;600nm;Mu
65;A8;0.1497;600nm;Mu
65;A9;0.1869;600nm;Mu
65;A10;0.8827;600nm;Mu
65;A11;0.5348;600nm;Mu
65;A12;0.1679;600nm;Mu
65;B1;0.2081;600nm;Mu
65;B2;0.223;600nm;Mu
65;B3;0.2105;600nm;Mu
65;B4;0.1661;600nm;Mu
65;B5;0.1922;600nm;Mu
65;B6;0.155;600nm;Mu
65;B7;0.1354;600nm;Mu
65;B8;0.1371;600nm;Mu
65;B9;0.1251;600nm;Mu
65;B10;0.1388;600nm;Mu
65;B11;0.1351;600nm;Mu
65;B12;0.1493;600nm;Mu
65;C1;0.1735;600nm;Mu
65;C2;0.147;600nm;Mu
65;C3;0.295;600nm;Mu
65;C4;0.3237;600nm;Mu
65;C5;0.2114;600nm;Mu
65;C6;0.1918;600nm;Mu
65;C7;0.1436;600nm;Mu
65;C8;0.1925;600nm;Mu
65;C9;0.1577;600nm;Mu
65;C10;0.1417;600nm;Mu
65;C11;0.1442;600nm;Mu
65;C12;0.2071;600nm;Mu
65;D1;0.1542;600nm;Mu
65;D2;0.1244;600nm;Mu
65;D3;0.2104;600nm;Mu
65;D4;0.2881;600nm;Mu
65;D5;0.2008;600nm;Mu
65;D6;0.209;600nm;Mu
65;D7;0.1507;600nm;Mu
65;D8;0.2376;600nm;Mu
65;D9;0.1448;600nm;Mu
65;D10;0.1341;600nm;Mu
65;D11;0.1406;600nm;Mu
65;D12;0.1564;600nm;Mu
65;E1;0.1587;600nm;Mu
65;E2;0.1391;600nm;Mu
65;E3;0.1358;600nm;Mu
65;E4;0.1876;600nm;Mu
65;E5;0.1469;600nm;Mu
65;E6;0.1418;600nm;Mu
65;E7;0.1382;600nm;Mu
65;E8;0.1372;600nm;Mu
65;E9;0.1423;600nm;Mu
65;E10;0.1357;600nm;Mu
65;E11;0.1619;600nm;Mu
65;E12;0.18;600nm;Mu
65;F1;0.1662;600nm;Mu
65;F2;0.1707;600nm;Mu
65;F3;0.1677;600nm;Mu
65;F4;0.176;600nm;Mu
65;F5;0.1949;600nm;Mu
65;F6;0.2009;600nm;Mu
65;F7;0.1834;600nm;Mu
65;F8;0.1912;600nm;Mu
65;F9;0.1591;600nm;Mu
65;F10;0.1581;600nm;Mu
65;F11;0.1674;600nm;Mu
65;F12;0.1881;600nm;Mu
65;G1;0.1531;600nm;Mu
65;G2;0.1975;600nm;Mu
65;G3;0.1622;600nm;Mu
65;G4;0.1858;600nm;Mu
65;G5;0.1728;600nm;Mu
65;G6;0.1784;600nm;Mu
65;G7;0.1807;600nm;Mu
65;G8;0.1805;600nm;Mu
65;G9;0.1798;600nm;Mu
65;G10;0.1788;600nm;Mu
65;G11;0.1885;600nm;Mu
65;G12;0.2774;600nm;Mu
65;H1;0.1671;600nm;WT_F16
65;H2;0.158;600nm;WT_F16
65;H3;0.1538;600nm;WT_F16
65;H4;0.1483;600nm;WT_F16
65;H5;0.115;600nm;Mg_F16
65;H6;0.0893;600nm;Mg_F16
65;H7;0.0846;600nm;Mg_F16
65;H8;0.0869;600nm;Mg_F16
65;H9;0.2267;600nm;WT_noF16
65;H10;0.2335;600nm;WT_noF16
65;H11;0.2012;600nm;WT_noF16
65;H12;0.2652;600nm;WT_noF16
65;A1;1333;475nm/510nm;Mu
65;A2;1110;475nm/510nm;Mu
65;A3;997;475nm/510nm;Mu
65;A4;1091;475nm/510nm;Mu
65;A5;1171;475nm/510nm;Mu
65;A6;1101;475nm/510nm;Mu
65;A7;991;475nm/510nm;Mu
65;A8;1013;475nm/510nm;Mu
65;A9;1154;475nm/510nm;Mu
65;A10;945;475nm/510nm;Mu
65;A11;709;475nm/510nm;Mu
65;A12;1022;475nm/510nm;Mu
65;B1;1355;475nm/510nm;Mu
65;B2;1296;475nm/510nm;Mu
65;B3;1401;475nm/510nm;Mu
65;B4;1067;475nm/510nm;Mu
65;B5;1292;475nm/510nm;Mu
65;B6;985;475nm/510nm;Mu
65;B7;863;475nm/510nm;Mu
65;B8;911;475nm/510nm;Mu
65;B9;899;475nm/510nm;Mu
65;B10;972;475nm/510nm;Mu
65;B11;875;475nm/510nm;Mu
65;B12;869;475nm/510nm;Mu
65;C1;1148;475nm/510nm;Mu
65;C2;1172;475nm/510nm;Mu
65;C3;857;475nm/510nm;Mu
65;C4;577;475nm/510nm;Mu
65;C5;746;475nm/510nm;Mu
65;C6;662;475nm/510nm;Mu
65;C7;790;475nm/510nm;Mu
65;C8;778;475nm/510nm;Mu
65;C9;1087;475nm/510nm;Mu
65;C10;761;475nm/510nm;Mu
65;C11;863;475nm/510nm;Mu
65;C12;1280;475nm/510nm;Mu
65;D1;1037;475nm/510nm;Mu
65;D2;818;475nm/510nm;Mu
65;D3;680;475nm/510nm;Mu
65;D4;702;475nm/510nm;Mu
65;D5;929;475nm/510nm;Mu
65;D6;1051;475nm/510nm;Mu
65;D7;942;475nm/510nm;Mu
65;D8;1401;475nm/510nm;Mu
65;D9;825;475nm/510nm;Mu
65;D10;823;475nm/510nm;Mu
65;D11;939;475nm/510nm;Mu
65;D12;1056;475nm/510nm;Mu
65;E1;1066;475nm/510nm;Mu
65;E2;866;475nm/510nm;Mu
65;E3;939;475nm/510nm;Mu
65;E4;842;475nm/510nm;Mu
65;E5;966;475nm/510nm;Mu
65;E6;973;475nm/510nm;Mu
65;E7;858;475nm/510nm;Mu
65;E8;836;475nm/510nm;Mu
65;E9;816;475nm/510nm;Mu
65;E10;881;475nm/510nm;Mu
65;E11;1006;475nm/510nm;Mu
65;E12;1267;475nm/510nm;Mu
65;F1;1177;475nm/510nm;Mu
65;F2;1114;475nm/510nm;Mu
65;F3;1019;475nm/510nm;Mu
65;F4;1164;475nm/510nm;Mu
65;F5;1534;475nm/510nm;Mu
65;F6;1268;475nm/510nm;Mu
65;F7;1121;475nm/510nm;Mu
65;F8;1091;475nm/510nm;Mu
65;F9;1027;475nm/510nm;Mu
65;F10;955;475nm/510nm;Mu
65;F11;1181;475nm/510nm;Mu
65;F12;1365;475nm/510nm;Mu
65;G1;1048;475nm/510nm;Mu
65;G2;1197;475nm/510nm;Mu
65;G3;1233;475nm/510nm;Mu
65;G4;1041;475nm/510nm;Mu
65;G5;1197;475nm/510nm;Mu
65;G6;1163;475nm/510nm;Mu
65;G7;1177;475nm/510nm;Mu
65;G8;1072;475nm/510nm;Mu
65;G9;1140;475nm/510nm;Mu
65;G10;1159;475nm/510nm;Mu
65;G11;1088;475nm/510nm;Mu
65;G12;1887;475nm/510nm;Mu
65;H1;992;475nm/510nm;WT_F16
65;H2;935;475nm/510nm;WT_F16
65;H3;887;475nm/510nm;WT_F16
65;H4;1038;475nm/510nm;WT_F16
65;H5;324;475nm/510nm;Mg_F16
65;H6;306;475nm/510nm;Mg_F16
65;H7;232;475nm/510nm;Mg_F16
65;H8;215;475nm/510nm;Mg_F16
65;H9;448;475nm/510nm;WT_noF16
65;H10;466;475nm/510nm;WT_noF16
65;H11;480;475nm/510nm;WT_noF16
65;H12;483;475nm/510nm;WT_noF16
1;A1;0.1723;600nm;Mu
1;A2;0.1554;600nm;Mu
1;A3;0.1677;600nm;Mu
1;A4;0.1613;600nm;Mu
1;A5;0.1665;600nm;Mu
1;A6;0.1415;600nm;Mu
1;A7;0.1449;600nm;Mu
1;A8;0.1523;600nm;Mu
1;A9;0.1474;600nm;Mu
1;A10;0.1807;600nm;Mu
1;A11;0.1878;600nm;Mu
1;A12;0.1721;600nm;Mu
1;B1;0.1655;600nm;Mu
1;B2;0.1586;600nm;Mu
1;B3;0.1356;600nm;Mu
1;B4;0.1542;600nm;Mu
1;B5;0.2084;600nm;Mu
1;B6;0.1613;600nm;Mu
1;B7;0.1317;600nm;Mu
1;B8;0.1309;600nm;Mu
1;B9;0.1548;600nm;Mu
1;B10;0.1301;600nm;Mu
1;B11;0.1567;600nm;Mu
1;B12;0.1991;600nm;Mu
1;C1;0.1596;600nm;Mu
1;C2;0.1291;600nm;Mu
1;C3;0.1163;600nm;Mu
1;C4;0.1277;600nm;Mu
1;C5;0.1288;600nm;Mu
1;C6;0.1257;600nm;Mu
1;C7;0.1294;600nm;Mu
1;C8;0.1244;600nm;Mu
1;C9;0.1304;600nm;Mu
1;C10;0.1399;600nm;Mu
1;C11;0.1425;600nm;Mu
1;C12;0.1509;600nm;Mu
1;D1;0.1583;600nm;Mu
1;D2;0.1162;600nm;Mu
1;D3;0.1489;600nm;Mu
1;D4;0.1269;600nm;Mu
1;D5;0.1516;600nm;Mu
1;D6;0.1409;600nm;Mu
1;D7;0.1478;600nm;Mu
1;D8;0.1407;600nm;Mu
1;D9;0.1427;600nm;Mu
1;D10;0.152;600nm;Mu
1;D11;0.1573;600nm;Mu
1;D12;0.1732;600nm;Mu
1;E1;0.159;600nm;Mu
1;E2;0.1379;600nm;Mu
1;E3;0.1235;600nm;Mu
1;E4;0.136;600nm;Mu
1;E5;0.1304;600nm;Mu
1;E6;0.1659;600nm;Mu
1;E7;0.1352;600nm;Mu
1;E8;0.131;600nm;Mu
1;E9;0.1332;600nm;Mu
1;E10;0.1362;600nm;Mu
1;E11;0.1585;600nm;Mu
1;E12;0.1581;600nm;Mu
1;F1;0.1656;600nm;Mu
1;F2;0.1288;600nm;Mu
1;F3;0.1423;600nm;Mu
1;F4;0.1325;600nm;Mu
1;F5;0.1383;600nm;Mu
1;F6;0.1309;600nm;Mu
1;F7;0.1453;600nm;Mu
1;F8;0.1398;600nm;Mu
1;F9;0.1478;600nm;Mu
1;F10;0.1479;600nm;Mu
1;F11;0.1685;600nm;Mu
1;F12;0.1648;600nm;Mu
1;G1;0.1788;600nm;Mu
1;G2;0.1355;600nm;Mu
1;G3;0.1576;600nm;Mu
1;G4;0.1453;600nm;Mu
1;G5;0.1497;600nm;Mu
1;G6;0.1632;600nm;Mu
1;G7;0.1736;600nm;Mu
1;G8;0.1798;600nm;Mu
1;G9;0.166;600nm;Mu
1;G10;0.1564;600nm;Mu
1;G11;0.1553;600nm;Mu
1;G12;0.1713;600nm;Mu
1;H1;0.1534;600nm;WT_F16
1;H2;0.1483;600nm;WT_F16
1;H3;0.1668;600nm;WT_F16
1;H4;0.1777;600nm;WT_F16
1;H5;0.0976;600nm;Mg_F16
1;H6;0.0849;600nm;Mg_F16
1;H7;0.1053;600nm;Mg_F16
1;H8;0.0888;600nm;Mg_F16
1;H9;0.1826;600nm;WT_noF16
1;H10;0.1757;600nm;WT_noF16
1;H11;0.1812;600nm;WT_noF16
1;H12;0.2142;600nm;WT_noF16
1;A1;999;475nm/510nm;Mu
1;A2;860;475nm/510nm;Mu
1;A3;957;475nm/510nm;Mu
1;A4;894;475nm/510nm;Mu
1;A5;919;475nm/510nm;Mu
1;A6;768;475nm/510nm;Mu
1;A7;859;475nm/510nm;Mu
1;A8;933;475nm/510nm;Mu
1;A9;915;475nm/510nm;Mu
1;A10;1194;475nm/510nm;Mu
1;A11;1319;475nm/510nm;Mu
1;A12;838;475nm/510nm;Mu
1;B1;878;475nm/510nm;Mu
1;B2;950;475nm/510nm;Mu
1;B3;702;475nm/510nm;Mu
1;B4;854;475nm/510nm;Mu
1;B5;1256;475nm/510nm;Mu
1;B6;924;475nm/510nm;Mu
1;B7;806;475nm/510nm;Mu
1;B8;736;475nm/510nm;Mu
1;B9;991;475nm/510nm;Mu
1;B10;809;475nm/510nm;Mu
1;B11;1052;475nm/510nm;Mu
1;B12;1245;475nm/510nm;Mu
1;C1;879;475nm/510nm;Mu
1;C2;629;475nm/510nm;Mu
1;C3;595;475nm/510nm;Mu
1;C4;903;475nm/510nm;Mu
1;C5;668;475nm/510nm;Mu
1;C6;816;475nm/510nm;Mu
1;C7;776;475nm/510nm;Mu
1;C8;703;475nm/510nm;Mu
1;C9;870;475nm/510nm;Mu
1;C10;2008;475nm/510nm;Mu
1;C11;966;475nm/510nm;Mu
1;C12;889;475nm/510nm;Mu
1;D1;906;475nm/510nm;Mu
1;D2;662;475nm/510nm;Mu
1;D3;1006;475nm/510nm;Mu
1;D4;792;475nm/510nm;Mu
1;D5;955;475nm/510nm;Mu
1;D6;880;475nm/510nm;Mu
1;D7;979;475nm/510nm;Mu
1;D8;825;475nm/510nm;Mu
1;D9;833;475nm/510nm;Mu
1;D10;905;475nm/510nm;Mu
1;D11;891;475nm/510nm;Mu
1;D12;1078;475nm/510nm;Mu
1;E1;831;475nm/510nm;Mu
1;E2;715;475nm/510nm;Mu
1;E3;712;475nm/510nm;Mu
1;E4;826;475nm/510nm;Mu
1;E5;822;475nm/510nm;Mu
1;E6;947;475nm/510nm;Mu
1;E7;853;475nm/510nm;Mu
1;E8;810;475nm/510nm;Mu
1;E9;786;475nm/510nm;Mu
1;E10;841;475nm/510nm;Mu
1;E11;964;475nm/510nm;Mu
1;E12;877;475nm/510nm;Mu
1;F1;869;475nm/510nm;Mu
1;F2;747;475nm/510nm;Mu
1;F3;823;475nm/510nm;Mu
1;F4;717;475nm/510nm;Mu
1;F5;981;475nm/510nm;Mu
1;F6;733;475nm/510nm;Mu
1;F7;973;475nm/510nm;Mu
1;F8;783;475nm/510nm;Mu
1;F9;1379;475nm/510nm;Mu
1;F10;857;475nm/510nm;Mu
1;F11;1001;475nm/510nm;Mu
1;F12;923;475nm/510nm;Mu
1;G1;1140;475nm/510nm;Mu
1;G2;816;475nm/510nm;Mu
1;G3;826;475nm/510nm;Mu
1;G4;1051;475nm/510nm;Mu
1;G5;811;475nm/510nm;Mu
1;G6;921;475nm/510nm;Mu
1;G7;885;475nm/510nm;Mu
1;G8;1057;475nm/510nm;Mu
1;G9;957;475nm/510nm;Mu
1;G10;972;475nm/510nm;Mu
1;G11;1003;475nm/510nm;Mu
1;G12;1007;475nm/510nm;Mu
1;H1;896;475nm/510nm;WT_F16
1;H2;847;475nm/510nm;WT_F16
1;H3;1245;475nm/510nm;WT_F16
1;H4;1060;475nm/510nm;WT_F16
1;H5;204;475nm/510nm;Mg_F16
1;H6;189;475nm/510nm;Mg_F16
1;H7;329;475nm/510nm;Mg_F16
1;H8;214;475nm/510nm;Mg_F16
1;H9;425;475nm/510nm;WT_noF16
1;H10;433;475nm/510nm;WT_noF16
1;H11;420;475nm/510nm;WT_noF16
1;H12;411;475nm/510nm;WT_noF16
76;A1;0.1295;600nm;Mu
76;A2;0.1297;600nm;Mu
76;A3;0.1097;600nm;Mu
76;A4;0.1111;600nm;Mu
76;A5;0.1028;600nm;Mu
76;A6;0.1031;600nm;Mu
76;A7;0.1038;600nm;Mu
76;A8;0.1031;600nm;Mu
76;A9;0.1114;600nm;Mu
76;A10;0.1074;600nm;Mu
76;A11;0.1081;600nm;Mu
76;A12;0.1095;600nm;Mu
76;B1;0.1093;600nm;Mu
76;B2;0.1181;600nm;Mu
76;B3;0.1027;600nm;Mu
76;B4;0.1132;600nm;Mu
76;B5;0.1086;600nm;Mu
76;B6;0.1105;600nm;Mu
76;B7;0.1075;600nm;Mu
76;B8;0.0999;600nm;Mu
76;B9;0.1253;600nm;Mu
76;B10;0.1107;600nm;Mu
76;B11;0.1092;600nm;Mu
76;B12;0.1022;600nm;Mu
76;C1;0.1154;600nm;Mu
76;C2;0.1001;600nm;Mu
76;C3;0.1085;600nm;Mu
76;C4;0.1097;600nm;Mu
76;C5;0.106;600nm;Mu
76;C6;0.0982;600nm;Mu
76;C7;0.0964;600nm;Mu
76;C8;0.0977;600nm;Mu
76;C9;0.1014;600nm;Mu
76;C10;0.1159;600nm;Mu
76;C11;0.1098;600nm;Mu
76;C12;0.1335;600nm;Mu
76;D1;0.1052;600nm;Mu
76;D2;0.1002;600nm;Mu
76;D3;0.0981;600nm;Mu
76;D4;0.1227;600nm;Mu
76;D5;0.0978;600nm;Mu
76;D6;0.1076;600nm;Mu
76;D7;0.1013;600nm;Mu
76;D8;0.0946;600nm;Mu
76;D9;0.1048;600nm;Mu
76;D10;0.1019;600nm;Mu
76;D11;0.1009;600nm;Mu
76;D12;0.1117;600nm;Mu
76;E1;0.135;600nm;Mu
76;E2;0.1035;600nm;Mu
76;E3;0.1045;600nm;Mu
76;E4;0.1014;600nm;Mu
76;E5;0.1059;600nm;Mu
76;E6;0.1028;600nm;Mu
76;E7;0.0992;600nm;Mu
76;E8;0.0974;600nm;Mu
76;E9;0.1051;600nm;Mu
76;E10;0.1421;600nm;Mu
76;E11;0.1155;600nm;Mu
76;E12;0.1193;600nm;Mu
76;F1;0.1154;600nm;Mu
76;F2;0.0994;600nm;Mu
76;F3;0.1051;600nm;Mu
76;F4;0.109;600nm;Mu
76;F5;0.1311;600nm;Mu
76;F6;0.1076;600nm;Mu
76;F7;0.1025;600nm;Mu
76;F8;0.1094;600nm;Mu
76;F9;0.1142;600nm;Mu
76;F10;0.1379;600nm;Mu
76;F11;0.1318;600nm;Mu
76;F12;0.1313;600nm;Mu
76;G1;0.1162;600nm;Mu
76;G2;0.105;600nm;Mu
76;G3;0.1133;600nm;Mu
76;G4;0.1329;600nm;Mu
76;G5;0.102;600nm;Mu
76;G6;0.1129;600nm;Mu
76;G7;0.1171;600nm;Mu
76;G8;0.1342;600nm;Mu
76;G9;0.1382;600nm;Mu
76;G10;0.1397;600nm;Mu
76;G11;0.1362;600nm;Mu
76;G12;0.1366;600nm;Mu
76;H1;0.1236;600nm;WT_F16
76;H2;0.1227;600nm;WT_F16
76;H3;0.126;600nm;WT_F16
76;H4;0.1428;600nm;WT_F16
76;H5;0.0895;600nm;Mg_F16
76;H6;0.0847;600nm;Mg_F16
76;H7;0.0848;600nm;Mg_F16
76;H8;0.0842;600nm;Mg_F16
76;H9;0.1479;600nm;WT_noF16
76;H10;0.3166;600nm;WT_noF16
76;H11;0.3548;600nm;WT_noF16
76;H12;0.1798;600nm;WT_noF16
76;A1;521;475nm/510nm;Mu
76;A2;529;475nm/510nm;Mu
76;A3;586;475nm/510nm;Mu
76;A4;603;475nm/510nm;Mu
76;A5;509;475nm/510nm;Mu
76;A6;475;475nm/510nm;Mu
76;A7;514;475nm/510nm;Mu
76;A8;525;475nm/510nm;Mu
76;A9;735;475nm/510nm;Mu
76;A10;528;475nm/510nm;Mu
76;A11;520;475nm/510nm;Mu
76;A12;678;475nm/510nm;Mu
76;B1;502;475nm/510nm;Mu
76;B2;596;475nm/510nm;Mu
76;B3;525;475nm/510nm;Mu
76;B4;607;475nm/510nm;Mu
76;B5;535;475nm/510nm;Mu
76;B6;598;475nm/510nm;Mu
76;B7;552;475nm/510nm;Mu
76;B8;536;475nm/510nm;Mu
76;B9;688;475nm/510nm;Mu
76;B10;584;475nm/510nm;Mu
76;B11;604;475nm/510nm;Mu
76;B12;523;475nm/510nm;Mu
76;C1;534;475nm/510nm;Mu
76;C2;526;475nm/510nm;Mu
76;C3;549;475nm/510nm;Mu
76;C4;567;475nm/510nm;Mu
76;C5;516;475nm/510nm;Mu
76;C6;480;475nm/510nm;Mu
76;C7;472;475nm/510nm;Mu
76;C8;469;475nm/510nm;Mu
76;C9;471;475nm/510nm;Mu
76;C10;599;475nm/510nm;Mu
76;C11;539;475nm/510nm;Mu
76;C12;814;475nm/510nm;Mu
76;D1;523;475nm/510nm;Mu
76;D2;530;475nm/510nm;Mu
76;D3;501;475nm/510nm;Mu
76;D4;803;475nm/510nm;Mu
76;D5;462;475nm/510nm;Mu
76;D6;777;475nm/510nm;Mu
76;D7;669;475nm/510nm;Mu
76;D8;453;475nm/510nm;Mu
76;D9;579;475nm/510nm;Mu
76;D10;510;475nm/510nm;Mu
76;D11;454;475nm/510nm;Mu
76;D12;612;475nm/510nm;Mu
76;E1;647;475nm/510nm;Mu
76;E2;547;475nm/510nm;Mu
76;E3;523;475nm/510nm;Mu
76;E4;557;475nm/510nm;Mu
76;E5;582;475nm/510nm;Mu
76;E6;573;475nm/510nm;Mu
76;E7;594;475nm/510nm;Mu
76;E8;500;475nm/510nm;Mu
76;E9;528;475nm/510nm;Mu
76;E10;384;475nm/510nm;Mu
76;E11;474;475nm/510nm;Mu
76;E12;604;475nm/510nm;Mu
76;F1;573;475nm/510nm;Mu
76;F2;563;475nm/510nm;Mu
76;F3;573;475nm/510nm;Mu
76;F4;657;475nm/510nm;Mu
76;F5;824;475nm/510nm;Mu
76;F6;572;475nm/510nm;Mu
76;F7;563;475nm/510nm;Mu
76;F8;530;475nm/510nm;Mu
76;F9;564;475nm/510nm;Mu
76;F10;697;475nm/510nm;Mu
76;F11;639;475nm/510nm;Mu
76;F12;677;475nm/510nm;Mu
76;G1;576;475nm/510nm;Mu
76;G2;539;475nm/510nm;Mu
76;G3;593;475nm/510nm;Mu
76;G4;678;475nm/510nm;Mu
76;G5;526;475nm/510nm;Mu
76;G6;620;475nm/510nm;Mu
76;G7;584;475nm/510nm;Mu
76;G8;696;475nm/510nm;Mu
76;G9;742;475nm/510nm;Mu
76;G10;664;475nm/510nm;Mu
76;G11;657;475nm/510nm;Mu
76;G12;808;475nm/510nm;Mu
76;H1;598;475nm/510nm;WT_F16
76;H2;546;475nm/510nm;WT_F16
76;H3;618;475nm/510nm;WT_F16
76;H4;680;475nm/510nm;WT_F16
76;H5;174;475nm/510nm;Mg_F16
76;H6;168;475nm/510nm;Mg_F16
76;H7;170;475nm/510nm;Mg_F16
76;H8;165;475nm/510nm;Mg_F16
76;H9;349;475nm/510nm;WT_noF16
76;H10;267;475nm/510nm;WT_noF16
76;H11;264;475nm/510nm;WT_noF16
76;H12;371;475nm/510nm;WT_noF16
88;A1;0.1281;600nm;Mu
88;A2;0.1115;600nm;Mu
88;A3;0.1211;600nm;Mu
88;A4;0.1182;600nm;Mu
88;A5;0.121;600nm;Mu
88;A6;0.1151;600nm;Mu
88;A7;0.1099;600nm;Mu
88;A8;0.1207;600nm;Mu
88;A9;0.1179;600nm;Mu
88;A10;0.1161;600nm;Mu
88;A11;0.1201;600nm;Mu
88;A12;0.1697;600nm;Mu
88;B1;0.1247;600nm;Mu
88;B2;0.1132;600nm;Mu
88;B3;0.1185;600nm;Mu
88;B4;0.1233;600nm;Mu
88;B5;0.111;600nm;Mu
88;B6;0.1173;600nm;Mu
88;B7;0.1057;600nm;Mu
88;B8;0.11;600nm;Mu
88;B9;0.1203;600nm;Mu
88;B10;0.1102;600nm;Mu
88;B11;0.1135;600nm;Mu
88;B12;0.113;600nm;Mu
88;C1;0.1297;600nm;Mu
88;C2;0.1107;600nm;Mu
88;C3;0.1243;600nm;Mu
88;C4;0.1251;600nm;Mu
88;C5;0.1302;600nm;Mu
88;C6;0.1261;600nm;Mu
88;C7;0.1327;600nm;Mu
88;C8;0.1135;600nm;Mu
88;C9;0.1073;600nm;Mu
88;C10;0.1061;600nm;Mu
88;C11;0.1082;600nm;Mu
88;C12;0.1124;600nm;Mu
88;D1;0.1435;600nm;Mu
88;D2;0.1274;600nm;Mu
88;D3;0.1139;600nm;Mu
88;D4;0.1258;600nm;Mu
88;D5;0.1076;600nm;Mu
88;D6;0.1224;600nm;Mu
88;D7;0.1179;600nm;Mu
88;D8;0.1272;600nm;Mu
88;D9;0.1106;600nm;Mu
88;D10;0.1389;600nm;Mu
88;D11;0.1053;600nm;Mu
88;D12;0.118;600nm;Mu
88;E1;0.1445;600nm;Mu
88;E2;0.1532;600nm;Mu
88;E3;0.1147;600nm;Mu
88;E4;0.1118;600nm;Mu
88;E5;0.1105;600nm;Mu
88;E6;0.1131;600nm;Mu
88;E7;0.1233;600nm;Mu
88;E8;0.1103;600nm;Mu
88;E9;0.1069;600nm;Mu
88;E10;0.1113;600nm;Mu
88;E11;0.1052;600nm;Mu
88;E12;0.1167;600nm;Mu
88;F1;0.1532;600nm;Mu
88;F2;0.1318;600nm;Mu
88;F3;0.1315;600nm;Mu
88;F4;0.1309;600nm;Mu
88;F5;0.1287;600nm;Mu
88;F6;0.1286;600nm;Mu
88;F7;0.148;600nm;Mu
88;F8;0.1283;600nm;Mu
88;F9;0.1253;600nm;Mu
88;F10;0.129;600nm;Mu
88;F11;0.1329;600nm;Mu
88;F12;0.1315;600nm;Mu
88;G1;0.1407;600nm;Mu
88;G2;0.1278;600nm;Mu
88;G3;0.1319;600nm;Mu
88;G4;0.1237;600nm;Mu
88;G5;0.1249;600nm;Mu
88;G6;0.1334;600nm;Mu
88;G7;0.1351;600nm;Mu
88;G8;0.1261;600nm;Mu
88;G9;0.1336;600nm;Mu
88;G10;0.1803;600nm;Mu
88;G11;0.1497;600nm;Mu
88;G12;0.1347;600nm;Mu
88;H1;0.1444;600nm;WT_F16
88;H2;0.1216;600nm;WT_F16
88;H3;0.129;600nm;WT_F16
88;H4;0.1309;600nm;WT_F16
88;H5;0.0951;600nm;Mg_F16
88;H6;0.084;600nm;Mg_F16
88;H7;0.0837;600nm;Mg_F16
88;H8;0.0856;600nm;Mg_F16
88;H9;0.1849;600nm;WT_noF16
88;H10;0.1629;600nm;WT_noF16
88;H11;0.1799;600nm;WT_noF16
88;H12;0.2339;600nm;WT_noF16
88;A1;672;475nm/510nm;Mu
88;A2;609;475nm/510nm;Mu
88;A3;643;475nm/510nm;Mu
88;A4;629;475nm/510nm;Mu
88;A5;632;475nm/510nm;Mu
88;A6;612;475nm/510nm;Mu
88;A7;571;475nm/510nm;Mu
88;A8;741;475nm/510nm;Mu
88;A9;740;475nm/510nm;Mu
88;A10;693;475nm/510nm;Mu
88;A11;690;475nm/510nm;Mu
88;A12;768;475nm/510nm;Mu
88;B1;625;475nm/510nm;Mu
88;B2;569;475nm/510nm;Mu
88;B3;696;475nm/510nm;Mu
88;B4;621;475nm/510nm;Mu
88;B5;564;475nm/510nm;Mu
88;B6;562;475nm/510nm;Mu
88;B7;513;475nm/510nm;Mu
88;B8;543;475nm/510nm;Mu
88;B9;613;475nm/510nm;Mu
88;B10;535;475nm/510nm;Mu
88;B11;638;475nm/510nm;Mu
88;B12;659;475nm/510nm;Mu
88;C1;670;475nm/510nm;Mu
88;C2;582;475nm/510nm;Mu
88;C3;610;475nm/510nm;Mu
88;C4;624;475nm/510nm;Mu
88;C5;689;475nm/510nm;Mu
88;C6;597;475nm/510nm;Mu
88;C7;645;475nm/510nm;Mu
88;C8;569;475nm/510nm;Mu
88;C9;523;475nm/510nm;Mu
88;C10;509;475nm/510nm;Mu
88;C11;582;475nm/510nm;Mu
88;C12;613;475nm/510nm;Mu
88;D1;731;475nm/510nm;Mu
88;D2;652;475nm/510nm;Mu
88;D3;571;475nm/510nm;Mu
88;D4;593;475nm/510nm;Mu
88;D5;537;475nm/510nm;Mu
88;D6;583;475nm/510nm;Mu
88;D7;717;475nm/510nm;Mu
88;D8;624;475nm/510nm;Mu
88;D9;555;475nm/510nm;Mu
88;D10;752;475nm/510nm;Mu
88;D11;542;475nm/510nm;Mu
88;D12;633;475nm/510nm;Mu
88;E1;683;475nm/510nm;Mu
88;E2;802;475nm/510nm;Mu
88;E3;586;475nm/510nm;Mu
88;E4;565;475nm/510nm;Mu
88;E5;553;475nm/510nm;Mu
88;E6;538;475nm/510nm;Mu
88;E7;588;475nm/510nm;Mu
88;E8;549;475nm/510nm;Mu
88;E9;536;475nm/510nm;Mu
88;E10;538;475nm/510nm;Mu
88;E11;513;475nm/510nm;Mu
88;E12;622;475nm/510nm;Mu
88;F1;787;475nm/510nm;Mu
88;F2;683;475nm/510nm;Mu
88;F3;645;475nm/510nm;Mu
88;F4;579;475nm/510nm;Mu
88;F5;609;475nm/510nm;Mu
88;F6;663;475nm/510nm;Mu
88;F7;707;475nm/510nm;Mu
88;F8;656;475nm/510nm;Mu
88;F9;700;475nm/510nm;Mu
88;F10;620;475nm/510nm;Mu
88;F11;692;475nm/510nm;Mu
88;F12;730;475nm/510nm;Mu
88;G1;745;475nm/510nm;Mu
88;G2;622;475nm/510nm;Mu
88;G3;656;475nm/510nm;Mu
88;G4;612;475nm/510nm;Mu
88;G5;656;475nm/510nm;Mu
88;G6;666;475nm/510nm;Mu
88;G7;664;475nm/510nm;Mu
88;G8;627;475nm/510nm;Mu
88;G9;678;475nm/510nm;Mu
88;G10;1200;475nm/510nm;Mu
88;G11;847;475nm/510nm;Mu
88;G12;691;475nm/510nm;Mu
88;H1;863;475nm/510nm;WT_F16
88;H2;718;475nm/510nm;WT_F16
88;H3;680;475nm/510nm;WT_F16
88;H4;729;475nm/510nm;WT_F16
88;H5;187;475nm/510nm;Mg_F16
88;H6;170;475nm/510nm;Mg_F16
88;H7;169;475nm/510nm;Mg_F16
88;H8;176;475nm/510nm;Mg_F16
88;H9;402;475nm/510nm;WT_noF16
88;H10;385;475nm/510nm;WT_noF16
88;H11;394;475nm/510nm;WT_noF16
88;H12;390;475nm/510nm;WT_noF16
75;A1;0.1564;600nm;Mu
75;A2;0.134;600nm;Mu
75;A3;0.0945;600nm;Mu
75;A4;0.1409;600nm;Mu
75;A5;0.1185;600nm;Mu
75;A6;0.102;600nm;Mu
75;A7;0.1102;600nm;Mu
75;A8;0.1183;600nm;Mu
75;A9;0.1046;600nm;Mu
75;A10;0.1301;600nm;Mu
75;A11;0.1159;600nm;Mu
75;A12;0.1219;600nm;Mu
75;B1;0.161;600nm;Mu
75;B2;0.1537;600nm;Mu
75;B3;0.1317;600nm;Mu
75;B4;0.1602;600nm;Mu
75;B5;0.1064;600nm;Mu
75;B6;0.1196;600nm;Mu
75;B7;0.1304;600nm;Mu
75;B8;0.1264;600nm;Mu
75;B9;0.19;600nm;Mu
75;B10;0.1133;600nm;Mu
75;B11;0.1123;600nm;Mu
75;B12;0.1258;600nm;Mu
75;C1;0.1298;600nm;Mu
75;C2;0.1076;600nm;Mu
75;C3;0.1049;600nm;Mu
75;C4;0.1339;600nm;Mu
75;C5;0.1022;600nm;Mu
75;C6;0.1055;600nm;Mu
75;C7;0.1108;600nm;Mu
75;C8;0.1075;600nm;Mu
75;C9;0.143;600nm;Mu
75;C10;0.1081;600nm;Mu
75;C11;0.1442;600nm;Mu
75;C12;0.1331;600nm;Mu
75;D1;0.1632;600nm;Mu
75;D2;0.1626;600nm;Mu
75;D3;0.1317;600nm;Mu
75;D4;0.1238;600nm;Mu
75;D5;0.1398;600nm;Mu
75;D6;0.1079;600nm;Mu
75;D7;0.1089;600nm;Mu
75;D8;0.1083;600nm;Mu
75;D9;0.1406;600nm;Mu
75;D10;0.1232;600nm;Mu
75;D11;0.1112;600nm;Mu
75;D12;0.1254;600nm;Mu
75;E1;0.139;600nm;Mu
75;E2;0.122;600nm;Mu
75;E3;0.1175;600nm;Mu
75;E4;0.1156;600nm;Mu
75;E5;0.1056;600nm;Mu
75;E6;0.1092;600nm;Mu
75;E7;0.1196;600nm;Mu
75;E8;0.0924;600nm;Mu
75;E9;0.12;600nm;Mu
75;E10;0.1229;600nm;Mu
75;E11;0.1177;600nm;Mu
75;E12;0.1398;600nm;Mu
75;F1;0.183;600nm;Mu
75;F2;0.2028;600nm;Mu
75;F3;0.1618;600nm;Mu
75;F4;0.1564;600nm;Mu
75;F5;0.1555;600nm;Mu
75;F6;0.1941;600nm;Mu
75;F7;0.1347;600nm;Mu
75;F8;0.0916;600nm;Mu
75;F9;0.2277;600nm;Mu
75;F10;0.1476;600nm;Mu
75;F11;0.1308;600nm;Mu
75;F12;0.1674;600nm;Mu
75;G1;0.1604;600nm;Mu
75;G2;0.5254;600nm;Mu
75;G3;0.1302;600nm;Mu
75;G4;0.1492;600nm;Mu
75;G5;0.1283;600nm;Mu
75;G6;0.1385;600nm;Mu
75;G7;0.1399;600nm;Mu
75;G8;0.14;600nm;Mu
75;G9;0.2326;600nm;Mu
75;G10;0.1491;600nm;Mu
75;G11;0.1465;600nm;Mu
75;G12;0.1534;600nm;Mu
75;H1;0.1643;600nm;WT_F16
75;H2;0.1661;600nm;WT_F16
75;H3;0.143;600nm;WT_F16
75;H4;0.1551;600nm;WT_F16
75;H5;0.0967;600nm;Mg_F16
75;H6;0.0854;600nm;Mg_F16
75;H7;0.086;600nm;Mg_F16
75;H8;0.0872;600nm;Mg_F16
75;H9;0.1845;600nm;WT_noF16
75;H10;0.2502;600nm;WT_noF16
75;H11;0.1572;600nm;WT_noF16
75;H12;0.1983;600nm;WT_noF16
75;A1;845;475nm/510nm;Mu
75;A2;666;475nm/510nm;Mu
75;A3;406;475nm/510nm;Mu
75;A4;611;475nm/510nm;Mu
75;A5;524;475nm/510nm;Mu
75;A6;131;475nm/510nm;Mu
75;A7;580;475nm/510nm;Mu
75;A8;600;475nm/510nm;Mu
75;A9;546;475nm/510nm;Mu
75;A10;745;475nm/510nm;Mu
75;A11;590;475nm/510nm;Mu
75;A12;642;475nm/510nm;Mu
75;B1;816;475nm/510nm;Mu
75;B2;780;475nm/510nm;Mu
75;B3;633;475nm/510nm;Mu
75;B4;909;475nm/510nm;Mu
75;B5;582;475nm/510nm;Mu
75;B6;652;475nm/510nm;Mu
75;B7;736;475nm/510nm;Mu
75;B8;707;475nm/510nm;Mu
75;B9;609;475nm/510nm;Mu
75;B10;627;475nm/510nm;Mu
75;B11;632;475nm/510nm;Mu
75;B12;672;475nm/510nm;Mu
75;C1;662;475nm/510nm;Mu
75;C2;574;475nm/510nm;Mu
75;C3;594;475nm/510nm;Mu
75;C4;830;475nm/510nm;Mu
75;C5;579;475nm/510nm;Mu
75;C6;565;475nm/510nm;Mu
75;C7;663;475nm/510nm;Mu
75;C8;541;475nm/510nm;Mu
75;C9;781;475nm/510nm;Mu
75;C10;572;475nm/510nm;Mu
75;C11;840;475nm/510nm;Mu
75;C12;766;475nm/510nm;Mu
75;D1;783;475nm/510nm;Mu
75;D2;764;475nm/510nm;Mu
75;D3;625;475nm/510nm;Mu
75;D4;633;475nm/510nm;Mu
75;D5;660;475nm/510nm;Mu
75;D6;527;475nm/510nm;Mu
75;D7;629;475nm/510nm;Mu
75;D8;530;475nm/510nm;Mu
75;D9;473;475nm/510nm;Mu
75;D10;594;475nm/510nm;Mu
75;D11;556;475nm/510nm;Mu
75;D12;659;475nm/510nm;Mu
75;E1;787;475nm/510nm;Mu
75;E2;685;475nm/510nm;Mu
75;E3;652;475nm/510nm;Mu
75;E4;662;475nm/510nm;Mu
75;E5;465;475nm/510nm;Mu
75;E6;667;475nm/510nm;Mu
75;E7;614;475nm/510nm;Mu
75;E8;353;475nm/510nm;Mu
75;E9;519;475nm/510nm;Mu
75;E10;583;475nm/510nm;Mu
75;E11;555;475nm/510nm;Mu
75;E12;647;475nm/510nm;Mu
75;F1;899;475nm/510nm;Mu
75;F2;1085;475nm/510nm;Mu
75;F3;787;475nm/510nm;Mu
75;F4;825;475nm/510nm;Mu
75;F5;719;475nm/510nm;Mu
75;F6;1057;475nm/510nm;Mu
75;F7;638;475nm/510nm;Mu
75;F8;376;475nm/510nm;Mu
75;F9;628;475nm/510nm;Mu
75;F10;672;475nm/510nm;Mu
75;F11;859;475nm/510nm;Mu
75;F12;916;475nm/510nm;Mu
75;G1;889;475nm/510nm;Mu
75;G2;702;475nm/510nm;Mu
75;G3;675;475nm/510nm;Mu
75;G4;875;475nm/510nm;Mu
75;G5;682;475nm/510nm;Mu
75;G6;709;475nm/510nm;Mu
75;G7;710;475nm/510nm;Mu
75;G8;622;475nm/510nm;Mu
75;G9;786;475nm/510nm;Mu
75;G10;746;475nm/510nm;Mu
75;G11;735;475nm/510nm;Mu
75;G12;822;475nm/510nm;Mu
75;H1;858;475nm/510nm;WT_F16
75;H2;841;475nm/510nm;WT_F16
75;H3;916;475nm/510nm;WT_F16
75;H4;753;475nm/510nm;WT_F16
75;H5;188;475nm/510nm;Mg_F16
75;H6;175;475nm/510nm;Mg_F16
75;H7;172;475nm/510nm;Mg_F16
75;H8;170;475nm/510nm;Mg_F16
75;H9;406;475nm/510nm;WT_noF16
75;H10;373;475nm/510nm;WT_noF16
75;H11;384;475nm/510nm;WT_noF16
75;H12;357;475nm/510nm;WT_noF16
